original_filing_date,period_end_date,total_interest_income,total_interest_expense,net_interest_income,total_noninterest_revenue,revenue,credit_losses_provision,net_interest_income_after_credit_losses_provision,total_noninterest_expense,special_charges,pretax_income,income_tax,income_allocated_to_minority_interest,net_income_continuing,net_income_discontinued,net_income,preferred_dividends,net_income_available_to_shareholders,eps_basic,eps_diluted,shares_basic,shares_diluted,da_income_statement_supplemental,cash_and_equiv,total_investments,loans_gross,allowance_for_loan_losses,unearned_income,loans_net,ppe_net,intangible_assets,goodwill,other_lt_assets,total_assets,deposits_liability,st_debt,lt_debt,other_lt_liabilities,total_liabilities,common_stock,preferred_stock,retained_earnings,aoci,apic,treasury_stock,minority_interest_liability,other_equity,total_equity,total_liabilities_and_equity,cfo_net_income,cfo_da,cfo_receivables,cfo_inventory,cfo_prepaid_expenses,cfo_other_working_capital,cfo_change_in_working_capital,cfo_deferred_tax,cfo_stock_comp,cfo_other_noncash_items,cf_cfo,cfi_ppe_purchases,cfi_ppe_sales,cfi_ppe_net,cfi_acquisitions,cfi_divestitures,cfi_acquisitions_net,cfi_investment_purchases,cfi_investment_sales,cfi_investment_net,cfi_intangibles_net,cfi_other,cf_cfi,cff_common_stock_issued,cff_common_stock_repurchased,cff_common_stock_net,cff_pfd_net,cff_debt_net,cff_dividend_paid,cff_other,cf_cff,cf_forex,cf_net_change_in_cash,capex,cff_pfd_issued,cff_pfd_repurchased,cff_debt_issued,cff_debt_repaid,ebitda,earning_assets,fcf,income_tax_rate,book_value,tangible_book_value,roa,roe,roic,roic_legacy,roce,ebitda_margin,pretax_margin,net_income_margin,net_interest_margin,fcf_margin,assets_to_equity,equity_to_assets,debt_to_equity,earning_assets_to_equity,loans_to_deposits,loan_loss_reserve_to_loans,revenue_per_share,ebitda_per_share,pretax_income_per_share,book_value_per_share,tangible_book_per_share,fcf_per_share,market_cap,enterprise_value,price_to_earnings,price_to_book,price_to_tangible_book,price_to_sales,price_to_fcf,enterprise_value_to_earnings,enterprise_value_to_book,enterprise_value_to_tangible_book,enterprise_value_to_sales,enterprise_value_to_fcf,payout_ratio,net_interest_income_growth,revenue_growth,ebitda_growth,pretax_income_growth,net_income_growth,eps_diluted_growth,shares_diluted_growth,cash_and_equiv_growth,loans_gross_growth,loans_net_growth,total_assets_growth,deposits_growth,total_equity_growth,earning_assets_growth,fcf_growth,dividends_per_share_growth,shares_eop_growth,nim_median,pretax_margin_median,roa_median,roe_median,roic_median,assets_to_equity_median,debt_to_equity_median,earning_assets_to_equity_median,equity_to_assets_median,loans_to_deposits_median,loan_loss_reserve_to_loans_median,net_interest_income_cagr_10,revenue_cagr_10,loans_gross_cagr_10,earning_assets_cagr_10,deposits_cagr_10,eps_diluted_cagr_10,total_assets_cagr_10,total_equity_cagr_10,dividends_per_share_cagr_10,cf_cfo_cagr_10,fcf_cagr_10,shares_eop_change,peg_ratio,net_debt,shares_eop,dividends,period_end_price,roic_5yr_avg,fiscal_quarter_number,fiscal_quarter_key
2001-05-15,2001-03,19320000,10019000,9301000,2035000,11336000,0,9301000,9129000,0,2207000,-540000,0,1667000,0,1667000,0,1667000,0.1,0.1,15876000,16670000,669000,39430000,664123000,418648000,-5598000,0,413050000,14670000,23663000,0,14795000.0,1169731000,1053993000,0,13778000,8075000.0,1075846000,8000000,0,46602000,1677000,25533000,-18000,12000000,12091000.0,93885000,1169731000,1667000,669000,0,0,0,676000,676000,0,0,1275000.0,4287000,-778000,0,-778000.0,0,0,0,-190525000,115622000,-74903000.0,0,-7445000.0,-83126000,0,210000,210000,0,-153000,-731000,19780000,19106000,0,-59733000,-778000.0,0,0,0,-153000,2876000,1122201000,3509000,0.2446,93885000,70222000,0.0055,0.0689,0.06,0.0932,0.0075,0.2537,0.1946,0.147,0.0184,0.3095,12.4591,0.0802,0.1467,11.9529,0.3972,0.0133,0.68,0.1725,0.1323,5.6319,4.2124,0.2104,157647750,131995750,24.5595,1.6791,2.2449,6.3332,17.4061,20.5632,1.4059,1.8796,5.3027,14.5738,0.45,0.6683,0.6614,-0.1169,-0.2058,-0.1525,-0.4444,0.5254,1.4804,0.8565,0.8551,0.9545,0.9854,0.6837,1.0016,0.3064,0.0,0.5336,0.0366,0.4149,0.0121,0.13,0.1139,10.8263,0.102,10.0663,0.0923,0.4256,0.0124,0.1125,0.1154,0.1098,0.133,0.1319,-0.0258,0.1327,0.1294,0.0,0.0,0.0,5626000.0,-9.4841,-25652000,16169000,0.045,9.75,0.038707629331205,1,FY2001.FQ1
2001-08-13,2001-06,19143000,9407000,9736000,2058000,11794000,0,9736000,6737000,0,5057000,-1487000,0,3570000,0,3570000,0,3570000,0.22,0.21,16227000,16605000,944000,28296000,646981000,430135000,-5593000,0,424542000,14334000,23322000,0,28305000.0,1165780000,1050370000,0,13623000,6707000.0000001,1070700000,8000000,0,49361000,258000,25380000,-18000,12000000,12099000.0,95080000,1165780000,3570000,944000,0,0,0,1785000,1785000,0,0,-934000.0,5365000,-250000,0,-250000.0,0,0,0,-41921000,56134000,14213000.0,0,-10930000.0,3033000,0,37000,37000,0,-155000,-811000,-3803000,-4732000,0,3666000,-250000.0,0,0,0,-155000,6001000,1105412000,5115000,0.294,95080000,71758000,0.0068,0.0847,0.074,0.1077,0.0094,0.5088,0.4287,0.3026,0.0217,0.4336,12.261,0.0815,0.1432,11.6261,0.4095,0.013,0.7102,0.3613,0.3045,5.7259,4.3214,0.308,193818240,179145240,24.2091,2.0384,2.7009,6.478,15.7383,22.3763,1.8841,2.4965,5.9876,14.5469,0.2325,0.7815,0.7428,0.8245,0.8243,0.8003,0.1621,0.5491,0.7461,0.8606,0.8599,0.9699,1.0311,0.6642,0.9896,1.7544,0.1111,0.0014,0.0357,0.4149,0.0118,0.1275,0.1125,10.9634,0.1446,10.2583,0.0912,0.4214,0.0125,0.0958,0.0987,0.0969,0.1025,0.1039,0.0476,0.1032,0.0866,0.0717,0.0,0.0,23000.0,5.082,-14673000,16192000,0.05,11.97,0.038707629331205,2,FY2001.FQ2
2001-11-13,2001-09,19101000,8841000,10260000,2187000,12447000,50000,10210000,7068000,0,5329000,-1598000,0,3731000,0,3731000,0,3731000,0.23,0.22,16222000,16582000,1057000,28458000,725034000,419557000,-5518000,0,414039000,14884000,22981000,0,26587000.0,1231983000,1091661000,0,13465000,10854000.0,1115980000,8000000,0,52283000,3702000,24933000,-18000,27000000,27103000.0,116003000,1231983000,3731000,1057000,0,0,0,1695000,1695000,0,0,50000.0,6533000,-1059000,0,-1059000.0,0,0,0,-123688000,50609000,-73079000.0,0,10578000.0,-63560000,0,15031000,15031000,0,-158000,-808000,40815000,54880000,0,-2147000,-1059000.0,0,0,0,-158000,6386000,1173049000,5474000,0.2998,116003000,93022000,0.0075,0.0853,0.0756,0.0993,0.0103,0.513,0.4281,0.2997,0.0226,0.4397,10.6202,0.0941,0.116,10.1122,0.3843,0.0131,0.7506,0.3851,0.3213,6.9957,5.6098,0.3301,207540350,192547350,23.0267,1.789,2.231,6.543,15.5892,21.3632,1.6598,2.0699,6.0704,14.4631,0.2222,0.1886,0.169,0.3048,0.3632,0.3696,0.3636,0.0094,-0.6455,0.7404,0.7391,0.7775,0.7369,0.9236,0.7975,0.2229,0.0,-0.0025,0.0357,0.4149,0.0118,0.1275,0.108,10.8701,0.1446,10.0922,0.092,0.4138,0.0126,0.096,0.0999,0.0895,0.1025,0.1009,0.0524,0.103,0.1061,0.0717,0.1256,0.1176,-41000.0,4.3936,-14993000,16151000,0.05,12.85,0.038707629331205,3,FY2001.FQ3
2002-03-08,2001-12,18956000,7518000,11438000,2310000,13748000,650000,10788000,7361000,0,5737000,-1747000,0,3990000,0,3990000,0,3990000,0.24,0.24,16314000,16314000,1245000,41203000,752322000,424400000,-5985000,0,418415000,15077000,22641000,0,12667000.0,1262325000,1123397000,0,18080000,5123000.0,1146600000,8000000,0,55462000,217000,24955000,-18000,27000000,27109000.0,115725000,1262325000,3990000,1245000,0,0,0,-1975000,-1975000,0,0,396000.0,3656000,-986000,0,-986000.0,0,0,0,-115817000,82636000,-33181000.0,0,-3201000.0,-37368000,0,-16295000,-16295000,0,19615000,-811000,33059000,35568000,0,1856000,-986000.0,0,0,19615000,0,6982000,1217925000,2670000,0.3045,115725000,93084000,0.0103,0.1118,0.0984,0.1338,0.0147,0.5078,0.4172,0.2902,0.034,0.1942,10.9079,0.0916,0.1562,10.5243,0.3777,0.0141,0.8427,0.4279,0.3516,7.0936,5.7057,0.1636,218848500,195725500,16.889,1.8911,2.351,4.4368,13.0515,15.1046,1.6912,2.1026,3.968,11.6725,0.204,4.2801,4.5635,19.6186,24.7066,87.6666,60.25,0.5473,0.1198,0.032,0.0313,0.1013,0.0869,0.2533,0.1767,4.4012,0.0,0.0037,0.0348,0.4134,0.011,0.1195,0.1016,10.9576,0.1464,10.3182,0.0912,0.4036,0.0128,0.1027,0.1064,0.0848,0.1117,0.1091,0.0575,0.1104,0.1061,0.0717,0.1178,0.0927,59999.999999998,2.9343,-23123000,16211000,0.05,13.5,0.038707629331205,4,FY2001.FQ4
2002-05-15,2002-03,18380000,6356000,12024000,2161000,14185000,120000,11904000,7662000,0,6403000,-1912000,0,4491000,0,4491000,0,4491000,0.27,0.27,16331000,16633000,1158000,26329000,797519000,420916000,-6126000,0,414790000,15415000,22641000,0,12943000.0,1289637000,1142361000,0,19142000,8352999.9999998,1169856000,8000000,0,59060000,610000,25005000,-18000,27000000,27124000.0,119781000,1289637000,4491000,1158000,0,0,0,2721000,2721000,0,0,89000.0,8459000,-863000,0,-863000.0,0,0,0,-108250000,62874000,-45376000.0,0,3686000.0,-42553000,0,65000,65000,0,1062000,-893000,18964000,19198000,0,-14896000,-863000.0,0,0,1062000,0,7561000,1244764000,7596000,0.2986,119781000,97140000,0.0123,0.134,0.1157,0.1538,0.0177,0.533,0.4513,0.3166,0.0352,0.5354,10.7666,0.0928,0.1598,10.3919,0.3684,0.0145,0.8528,0.4545,0.3849,7.2014,5.8401,0.4566,264387200,257200200,16.7524,2.2072,2.7217,5.0674,12.6774,16.297,2.1472,2.6477,4.9296,12.3327,0.2037,0.2927,0.2513,1.6289,1.9012,1.694,1.7,-0.0022,-0.3322,0.0054,0.0042,0.1025,0.0838,0.2758,0.1092,1.1647,0.1,0.0017,0.0346,0.4134,0.011,0.1195,0.1016,10.9576,0.1488,10.4581,0.0912,0.3975,0.013,0.1057,0.1055,0.0786,0.1137,0.1106,0.0641,0.1124,0.1081,0.082,0.139,0.1269,29000.0,2.6117,-7187000,16240000,0.055,16.28,0.038707629331205,1,FY2002.FQ1
2002-08-14,2002-06,19106000,6283000,12823000,2326000,15149000,120000,12703000,8125000,0,6904000,-2109000,0,4795000,0,4795000,0,4795000,0.3,0.29,15983000,16534000,1218000,29409000,785859000,478935000,-6869000,0,472066000,16250000,26225000,0,30547000.0,1360356000,1211933000,0,15477000,8566000.0,1235976000,16000000,0,62959000,1228000,16953000,-37000,27000000,27277000.0,124380000,1360356000,4795000,1218000,0,0,0,-4226000,-4226000,0,0,90000.0,1877000,-146000,0,-146000.0,0,0,0,-28975000,57325000,28350000.0,0,-15229000.0,12975000,0,82000,82000,0,-6165000,-896000,7738000,759000,0,15611000,-146000.0,0,0,0,-6165000,8122000,1294203000,1731000,0.3054,124380000,98155000,0.0128,0.1393,0.122,0.1525,0.0185,0.5361,0.4557,0.3165,0.0366,0.1142,10.937,0.0914,0.1244,10.4052,0.3951,0.0143,0.9162,0.4912,0.4175,7.5226,5.9365,0.1046,296439400,282507400,17.4304,2.3833,3.0201,5.3384,16.9675,16.6112,2.2713,2.8781,5.0875,16.17,0.1896,0.317,0.2844,0.3534,0.3652,0.3431,0.3488,-0.0042,0.0393,0.1134,0.1119,0.1669,0.1538,0.3081,0.1707,-0.6615,0.0,0.0018,0.0346,0.4134,0.011,0.1195,0.1016,10.9225,0.1464,10.4647,0.0915,0.3961,0.0132,0.0863,0.0818,0.0791,0.0879,0.0852,0.0646,0.0837,0.0844,0.082,-0.0063,-0.0092,30000.000000002,2.6961,-13932000,16270000,0.055,18.22,0.038707629331205,2,FY2002.FQ2
2002-11-14,2002-09,20419000,6464000,13955000,2893000,16848000,120000,13835000,8506000,0,8222000,-2569000,0,5653000,0,5653000,0,5653000,0.33,0.32,17130000,17666000,-1116000,51137000,885559000,647715000,-8173000,0,639542000,23847000,63129000,0,26895000.0,1690109000,1467559000,0,28309000,11669000.0,1507537000,19000000,0,67575000,2868000,60273000,-37000,33000000,32893000.0,182572000,1690109000,5653000,-1116000,0,0,0,-871000,-871000,0,0,2670000.0,6336000,-101000,0,-101000.0,0,0,0,-115192000,59107000,-56085000.0,0,31347000.0,-24839000,0,65000,65000,0,9532000,-1037000,23251000,31811000,0,13308000,-101000.0,0,0,9532000,0,7106000,1584411000,6235000,0.3124,182572000,119443000,0.0124,0.1233,0.1079,0.1401,0.0179,0.4217,0.488,0.3355,0.0349,0.37,9.2572,0.108,0.155,8.6782,0.4413,0.0126,0.9536,0.4022,0.4654,10.3346,6.7611,0.3529,321628580,298800580,16.9913,1.7616,2.6927,5.3667,17.6408,15.7853,1.6366,2.5016,4.9858,16.3887,0.1718,0.3601,0.3535,0.1127,0.5428,0.5151,0.4222,0.0653,0.7969,0.5438,0.5446,0.3718,0.3443,0.5738,0.3506,0.139,0.0,0.1607,0.0344,0.4227,0.0113,0.1175,0.1031,10.9225,0.1488,10.4647,0.0915,0.3961,0.0132,0.096,0.0946,0.1112,0.1094,0.107,0.0592,0.1094,0.1259,0.0202,0.0853,0.0878,2616000.0,2.8689,-22828000,18886000,0.055,17.03,0.038707629331205,3,FY2002.FQ3
2003-03-07,2002-12,22837000,8998000,13839000,4214000,18053000,650000,13189000,8056000,0,9347000,-2965000,0,6382000,0,6382000,0,6382000,0.35,0.33,18431000,19549000,5079000,67304000,950317000,679559000,-9580000,0,669979000,27010000,72410000,0,35236000.0,1822256000,1586611000,0,37939000,9966999.9999999,1634517000,19000000,0,72917000,2644000,60312000,-37000,33000000,32903000.0,187739000,1822256000,6382000,5079000,0,0,0,-137000,-137000,0,0,-1878000.0,9446000,-1061000,0,-1061000.0,0,0,0,-167926000,161067000,-6859000.0,0,28502000.0,20582000,0,48000,48000,0,9630000,-1040000,-13610000,-4972000,0,25056000,-1061000.0,0,0,9630000,0,14426000,1697180000,8385000,0.3172,187739000,115329000,0.0121,0.1151,0.0976,0.134,0.0176,0.799,0.5177,0.3535,0.032,0.4644,9.7063,0.103,0.202,9.0401,0.4283,0.014,0.9234,0.7379,0.4781,9.6035,5.8994,0.4289,359024000,329659000,16.8389,1.9123,3.113,5.5892,14.9924,15.4617,1.7559,2.8584,5.132,13.7661,0.1666,0.2099,0.3131,1.0661,0.6292,0.5994,0.3469,0.1982,0.6334,0.6012,0.6012,0.4435,0.4123,0.6222,0.3935,2.1404,0.0,0.0005,0.033,0.4284,0.0112,0.1134,0.098,10.9225,0.1488,10.4647,0.0915,0.3961,0.0134,0.0973,0.1031,0.1138,0.1181,0.1186,0.0595,0.119,0.1263,0.0202,0.1678,0.1627,10000.0,2.8262,-29365000,18896000,0.055,19.0,0.038707629331205,4,FY2002.FQ4
2003-05-14,2003-03,22212000,6081000,16131000,3821000,19952000,120000,16011000,10500000,0,9332000,-2943000,0,6389000,0,6389000,0,6389000,0.34,0.33,18791000,19361000,3045000,52859000,1056349000,656568000,-9318000,0,647250000,27469000,72225000,0,23234000.0,1879386000,1634265000,0,39966000,11891000.0,1686122000,19000000,0,78123000,2763000,60464000,-37000,33000000,32951000.0,193264000,1879386000,6389000,3045000,0,0,0,3304000,3304000,0,0,115000.0,12853000,-1065000,0,-1065000.0,0,0,0,-232875000,124812000,-108063000.0,0,22376000.0,-86752000,0,200000,200000,0,2027000,-1183000,47654000,48698000,0,-25201000,-1065000.0,0,0,2027000,0,12377000,1765776000,11788000,0.3153,193264000,121039000,0.0125,0.1218,0.1011,0.137,0.0183,0.6203,0.4677,0.3202,0.0327,0.5908,9.7244,0.1028,0.2067,9.1366,0.4017,0.0141,1.0305,0.6392,0.4819,9.9821,6.2516,0.6088,313295680,300402680,13.493,1.621,2.5883,4.4755,11.1338,12.9377,1.5543,2.4818,4.2913,10.6756,0.1909,0.3415,0.4065,0.6369,0.4574,0.4226,0.2222,0.164,1.0076,0.5598,0.5604,0.4572,0.4306,0.6134,0.4185,0.5518,0.1454,0.0,0.0324,0.44,0.0112,0.1134,0.098,10.8372,0.1529,10.3986,0.0922,0.3975,0.0137,0.0645,0.0648,0.1053,0.1046,0.1002,0.0717,0.1049,0.1235,0.0342,0.0943,0.1016,0.0,1.8799,-12893000,18896000,0.063,16.58,0.038707629331205,1,FY2003.FQ1
2003-08-14,2003-06,22214000,6075000,16139000,3988000,20127000,120000,16019000,10486000,0,9521000,-3024000,0,6497000,0,6497000,0,6497000,0.34,0.34,19109000,19109000,3463000,67016000,1088507000,699525000,-9228000,0,690297000,29228000,82009000,0,26220000.0,1983277000,1746548000,0,28992000,8146999.9999999,1783687000,19000000,0,83433000,3670000,60545000,-37000,33000000,32979000.0,199590000,1983277000,6497000,3463000,0,0,0,-4671000,-4671000,0,0,78000.0,5367000,-1743000,0,-1743000.0,0,0,0,-159780000,153998000,-5782000.0,0,36193000.0,28668000,0,96000,96000,0,-28311000,-1187000,11391000,-18011000,0,16024000,-1743000.0,0,0,0,-28311000,12984000,1855048000,3624000,0.3176,199590000,117581000,0.0129,0.1268,0.1079,0.1457,0.0189,0.6451,0.473,0.3228,0.0331,0.18,9.9367,0.1006,0.1452,9.2942,0.4005,0.0131,1.0532,0.6794,0.4982,10.4448,6.1531,0.1896,365211000,327187000,14.6547,1.8298,3.106,4.8707,12.1607,13.1289,1.6392,2.7826,4.3636,10.8946,0.1852,0.2585,0.3286,0.5986,0.379,0.3549,0.1724,0.1557,1.2787,0.4605,0.4622,0.4579,0.4411,0.6046,0.4333,1.0935,0.0,0.004,0.0329,0.4535,0.0122,0.1185,0.0998,10.6934,0.1509,10.2521,0.0935,0.3988,0.0137,0.0,0.0,0.0545,0.06,0.0538,0.5593,0.0563,0.0801,0.0342,0.0,0.0,76000.0,0.2619,-38024000,18972000,0.063,19.25,0.038707629331205,2,FY2003.FQ2
2003-11-14,2003-09,21365000,6375000,14990000,4326000,19316000,120000,14870000,9707000,0,9489000,-3019000,0,6470000,0,6470000,0,6470000,0.34,0.34,19029000,19029000,4147000,51958000,1150893000,700221000,-9061000,0,691160000,28278000,81256000,0,74987000.0,2078532000,1827278000,0,31074000,5701000.0,1864053000,19000000,0,88721000,1373000,60491000,-607000,45500000,45501000.0,214479000,2078532000,6469000,4147000,0,0,0,-3124000,-3124000,0,0,-99000.000000001,7393000,-311000,0,-311000.0,0,0,0,-318205000,248331000,-69874000.0,0,947000.0,-69238000,0,76000,76000,0,2082000,-1181000,93101000,94078000,0,32233000,-311000.0,0,0,0,2082000,13636000,1903072000,7082000,0.3181,214479000,133223000,0.0126,0.1243,0.1085,0.1449,0.0186,0.7059,0.4912,0.3349,0.0325,0.3666,9.691,0.1031,0.1448,8.8729,0.3832,0.0129,1.015,0.7165,0.4986,11.2711,7.001,0.3721,404122840,383238840,15.7014,1.8842,3.0334,5.2179,13.0873,14.89,1.7868,2.8766,4.9483,12.4109,0.1852,0.0741,0.1464,0.9189,0.154,0.1445,0.0625,0.0771,0.016,0.081,0.0807,0.2298,0.2451,0.1747,0.2011,0.1358,0.0,-0.0004,0.0329,0.4617,0.0123,0.1226,0.1045,10.2785,0.1501,9.7032,0.0973,0.3978,0.0136,0.0488,0.0547,0.0527,0.0542,0.0565,0.1301,0.0591,0.0861,0.0342,0.056,0.0727,-8000.0,1.2061,-20884000,18964000,0.063,21.31,0.038707629331205,3,FY2003.FQ3
2004-03-12,2003-12,25053000,6650000,18403000,4796000,23199000,123000,18280000,12456000,0,10620000,-3427000,0,7193000,0,7193000,0,7193000,0.36,0.35,20024000,20592000,2405000,72245000,1376880000,770053000,-10345000,0,759708000,34299000,124755000,0,32600000.0,2400487000,2083748000,0,71733000,25418000.0,2180899000,21000000,0,94610000,2024000,102594000,-607000,0,-33000.000000015,219588000,2400487000,7193000,2405000,0,0,0,4297000,4297000,0,0,11000.000000003,13906000,-366000,0,-366000.0,0,0,0,-274569000,123413000,-151156000.0,0,52877000.0,-98645000,0,44203000,44203000,0,24862000,-1304000,-3164000,64597000,0,-20142000,-366000.0,0,0,25000000,-138000,13025000,2219178000,13540000,0.3226,219588000,94833000,0.0118,0.1223,0.0989,0.1286,0.0175,0.5614,0.4577,0.31,0.0318,0.5836,10.9317,0.0914,0.3266,10.106,0.3695,0.0134,1.1266,0.6325,0.5157,10.6637,4.6053,0.6575,473855200,473343200,17.8483,2.1579,4.9967,5.7371,13.1502,17.829,2.1555,4.9913,5.7309,13.136,0.18,0.3297,0.285,-0.0971,0.1361,0.127,0.0606,0.0533,0.0734,0.1331,0.1339,0.3173,0.3133,0.1696,0.3075,0.6147,0.0,0.1036,0.0329,0.4627,0.0123,0.1228,0.1045,10.2785,0.1556,9.7001,0.0973,0.3897,0.0137,0.0657,0.0699,0.0599,0.0721,0.0709,0.0499,0.0749,0.0873,0.0233,0.0999,0.1022,1966000.0,3.5742,-512000,20930000,0.063,22.64,0.038707629331205,4,FY2003.FQ4
2004-05-07,2004-03,26372000,7025000,19347000,5272000,24619000,120000,19227000,12459000,0,12040000,-3977000,0,8063000,0,8063000,0,8063000,0.39,0.38,20674000,21218000,2343000,55524000,1426636000,770223000,-10460000,0,759763000,33651000,124584000,0,49395000.0,2449553000,2122861000,0,71550000,29215000.0,2223626000,21000000,0,101101000,1809000,102642000,-607000,0,-18000.000000001,225927000,2449553000,8063000,2343000,0,0,0,3720000,3720000,0,0,66999.999999998,14193000,-272000,0,-272000.0,0,0,0,-132668000,81321000,-51347000.0,0,163000.0,-51456000,0,63000,63000,0,-358000,-1571000,39113000,37247000,0,-16000,-272000.0,0,0,0,-358000,14383000,2252383000,13921000,0.3303,225927000,101343000,0.0116,0.1266,0.0958,0.1224,0.0173,0.5842,0.489,0.3275,0.0308,0.5654,10.8422,0.0922,0.3166,9.9695,0.3628,0.0135,1.1602,0.6778,0.5674,10.6478,4.7762,0.656,495768150,511794150,17.5661,2.1943,4.8919,5.6814,12.9894,18.1339,2.2653,5.0501,5.865,13.4093,0.1973,0.1993,0.2339,0.162,0.2901,0.262,0.1515,0.0959,0.0504,0.1731,0.1738,0.3033,0.2989,0.169,0.2755,0.1809,0.1904,0.0007,0.0329,0.4703,0.0123,0.1238,0.1045,10.3516,0.158,9.6319,0.0967,0.3891,0.0138,0.0654,0.0705,0.0626,0.0674,0.0687,0.0538,0.0711,0.0689,0.0413,0.0806,0.0978,15000.0,3.2647,16026000,20945000,0.075,23.67,0.038707629331205,1,FY2004.FQ1
2004-08-06,2004-06,26313000,6962000,19351000,5455000,24806000,120000,19231000,12067000,0,12619000,-4257000,0,8362000,0,8362000,0,8362000,0.4,0.39,20905000,21441000,2487000,48882000,1418364000,790920000,-10371000,0,780549000,32762000,124637000,0,29150000.0,2434344000,2079917000,0,100451000,25750000.0,2206118000,21000000,0,107890000,-2914000,102830000,-607000,0,27000.000000015,228226000,2434344000,8362000,2487000,0,0,0,-1489000,-1489000,0,0,63000.000000001,9423000,-273000,0,-273000.0,0,0,0,-116626000,116216000,-410000.00000001,0,-19983000.0,-20666000,0,233000,233000,0,28362000,-1574000,-42944000,-15923000,0,-27166000,-273000.0,0,0,28362000,0,15106000,2258166000,9150000,0.3373,228226000,103589000,0.0123,0.1325,0.0961,0.1153,0.0185,0.6089,0.5087,0.337,0.0319,0.3688,10.6663,0.0937,0.4401,9.8944,0.3802,0.0131,1.1569,0.7045,0.5885,10.6443,4.8313,0.4267,511106500,562675500,16.987,2.2394,4.9339,5.5591,11.6976,18.7009,2.4654,5.4318,6.12,12.8779,0.1923,0.199,0.2324,0.1634,0.3253,0.287,0.147,0.122,-0.2705,0.1306,0.1307,0.2274,0.1908,0.1434,0.2173,1.5248,0.0,0.0021,0.0326,0.4805,0.0123,0.1255,0.1045,10.3015,0.1809,9.5943,0.0971,0.3891,0.0135,0.0539,0.0607,0.0642,0.0636,0.0635,0.0475,0.0678,0.0702,0.0413,0.0993,0.131,45000.0,3.5697,51569000,20990000,0.075,24.35,0.038707629331205,2,FY2004.FQ2
2004-11-09,2004-09,28763000,7696000,21067000,6111000,27178000,420000,20647000,13194000,0,13564000,-4618000,0,8946000,0,8946000,0,8946000,0.41,0.4,21820000,22365000,2356000,61474000,1353578000,1007420000,-12861000,0,994559000,36331000,163885000,0,103487000.0,2713314000,2327279000,0,73119000,43651000.0,2444049000,22000000,0,115157000,-1861000,134160000,-607000,0,416000.0,269265000,2713314000,8946000,2356000,0,0,0,1989000,1989000,0,0,268000.0,13559000,-356000,0,-356000.0,0,0,0,-1984000,79428000,77444000.0,0,17326000.0,94414000,0,716000,716000,0,-20088000,-1678000,-10585000,-31635000,0,76338000,-356000.0,0,0,0,-20088000,15920000,2422472000,13203000,0.3404,269265000,105380000,0.0126,0.1309,0.097,0.1161,0.0192,0.5857,0.499,0.3291,0.0334,0.4857,10.0767,0.0992,0.2715,8.9966,0.4328,0.0127,1.2152,0.7118,0.6064,12.0395,4.7118,0.5903,597966880,609611880,18.3628,2.2207,5.6743,5.9915,12.0039,18.7204,2.2639,5.7848,6.1082,12.2377,0.1875,0.4054,0.407,0.1674,0.4294,0.3826,0.1764,0.1753,0.1831,0.4387,0.4389,0.3053,0.2736,0.2554,0.2729,0.8643,0.0,0.0661,0.0326,0.4885,0.0124,0.1255,0.1,10.0067,0.2044,9.2154,0.0999,0.3978,0.0133,0.0576,0.0671,0.0911,0.0688,0.0737,0.04,0.0772,0.0843,0.0315,0.0483,0.0568,1389000.0,4.5807,11645000,22379000,0.075,26.72,0.038707629331205,3,FY2004.FQ3
2005-03-14,2004-12,30308000,8106000,22202000,6233000,28435000,220000,21982000,13987000,0,14228000,-4892000,0,9336000,0,9336000,0,9336000,0.42,0.41,22268000,22811000,2805000,58960000,1302792000,1035513000,-13105000,0,1022408000,35793000,164672000,0,112603000.0,2697228000,2317076000,0,60540000,43965000.0,2421581000,22000000,0,122647000,-3099000,134288000,-607000,0,418000.00000001,275647000,2697228000,9336000,2805000,0,0,0,-627000,-627000,0,0,234000.0,11748000,0,0,0.0,0,0,0,-19876000,67737000,47861000.0,0,-27258000.0,20603000,0,34000,34000,0,-15294000,-1847000,-10203000,-27310000,0,5041000,0.0,0,0,0,-15294000,17033000,2397265000,11748000,0.3438,275647000,110975000,0.0128,0.1273,0.1022,0.1243,0.0197,0.599,0.5003,0.3283,0.034,0.4131,9.785,0.1021,0.2196,8.6968,0.4469,0.0126,1.2465,0.7467,0.6237,12.0839,4.8649,0.515,653749010,655329010,18.8362,2.3716,5.8909,6.2239,13.6135,18.8817,2.3774,5.9051,6.2389,13.6464,0.2024,0.2064,0.2256,0.3077,0.3397,0.2979,0.1714,0.1077,-0.1838,0.3447,0.3457,0.1236,0.1119,0.2552,0.0802,-0.1323,0.1066,0.0001,0.0326,0.4901,0.0124,0.1255,0.1,9.8609,0.2132,9.0883,0.1014,0.4011,0.0131,0.0564,0.0649,0.0801,0.0635,0.0669,0.0352,0.0708,0.0828,0.042,0.2012,0.211,2000.0,5.346,1580000,22381000,0.083,29.21,0.038707629331205,4,FY2004.FQ4
2005-05-10,2005-03,34033000,9556000,24477000,6533000,31010000,120000,24357000,15834000,0,15056000,-4502000,0,10554000,0,10554000,0,10554000,0.44,0.43,23986000,24544000,2590000,71891000,1486463000,1500138000,-16934000,0,1483204000,49996000,270139000,0,118054000.0,3479747000,2893681000,0,119318000,41019000.0,3054018000,28000000,0,130903000,-3996000,271916000,-607000,0,-486999.99999997,425729000,3479747000,10554000,2590000,0,0,0,3248000,3248000,0,0,197000.0,16589000,-338000,0,-338000.0,0,0,0,-113952000,69090000,-44862000.0,0,60622000.0,15422000,0,76000,76000,0,338000,-2298000,-40546000,-42430000,0,-10419000,-338000.0,0,0,668000,-330000,17646000,3058492000,16251000,0.299,425729000,155590000,0.012,0.106,0.0844,0.0991,0.0182,0.569,0.4855,0.3403,0.0319,0.524,8.1736,0.1223,0.2802,7.1841,0.5184,0.0112,1.2634,0.7189,0.6134,17.3455,6.3392,0.6621,727839240,775266240,19.5666,1.7096,4.6779,6.5318,14.455,20.8416,1.821,4.9827,6.9574,15.3969,0.193,0.2651,0.2595,0.2268,0.2504,0.3089,0.1315,0.1567,0.2947,0.9476,0.9521,0.4205,0.3631,0.8843,0.3578,0.1673,0.0,0.2276,0.0322,0.4901,0.0124,0.1255,0.0982,9.8609,0.2455,9.0883,0.1014,0.4011,0.0131,0.0577,0.0629,0.0876,0.0679,0.0702,0.0299,0.0748,0.0883,0.042,0.101,0.1005,5095000.0,6.5249,47427000,27476000,0.083,26.49,0.038707629331205,1,FY2005.FQ1
2005-08-09,2005-06,41106000,12627000,28479000,7881000,36360000,120000,28359000,17812000,0,18428000,-6220000,0,12208000,0,12208000,0,12208000,0.44,0.44,27745000,27745000,2993000,72580000,1478350000,1520175000,-16939000,0,1503236000,48707000,270918000,0,73025000.0,3446816000,2847770000,0,119108000,43635000.0,3010513000,28000000,0,140840000,-3962000,272459000,-607000,0,-426999.99999996,436303000,3446816000,12208000,2993000,0,0,0,-1661000,-1661000,0,0,174000.0,13714000,-436000,0,-436000.0,0,0,0,-80037000,87467000,7430000.0,0,-21373000.0,-14379000,0,429000,429000,0,8691000,-2271000,-45911000,-39062000,0,-39727000,-436000.0,0,0,8901000,-210000,21421000,3071105000,13278000,0.3375,436303000,165385000,0.0118,0.0952,0.0745,0.0858,0.0179,0.5891,0.5068,0.3357,0.0313,0.3651,7.9,0.1265,0.2729,7.0389,0.5338,0.0111,1.3105,0.772,0.6641,15.7254,5.9608,0.4785,786978880,833506880,19.174,1.8037,4.7584,6.399,14.4452,20.3076,1.9103,5.0397,6.7774,15.2993,0.1886,0.4717,0.4657,0.418,0.4603,0.4599,0.1282,0.294,0.4848,0.922,0.9258,0.4159,0.3691,0.9117,0.3599,0.4511,0.0,0.0021,0.0322,0.4901,0.0124,0.1255,0.0979,9.8609,0.2722,9.0666,0.1014,0.4011,0.013,0.0748,0.0725,0.0838,0.0611,0.0602,0.0291,0.0658,0.0879,0.042,0.0379,0.047,60000.0,6.5695,46528000,27536000,0.083,28.58,0.038707629331205,2,FY2005.FQ2
2005-11-04,2005-09,42707000,13787000,28920000,8092000,37012000,120000,28800000,18070000,0,18822000,-6351000,0,12471000,0,12471000,0,12471000,0.45,0.45,27713000,27713000,2878000,77268000,1488340000,1514227000,-16970000,0,1497257000,47913000,270004000,0,113190000.0,3493972000,2879316000,0,118895000,49026000.0,3047237000,28000000,0,151035000,-4265000,272972000,-607000,0,-399999.99999992,446735000,3493972000,12471000,2878000,0,0,0,4457000,4457000,0,0,407000.0,20213000,-226000,0,-226000.0,0,0,0,-108407000,97307000,-11100000.0,0,5791000.0,-5535000,0,230000,230000,0,2268000,-2276000,31546000,31768000,0,46446000,-226000.0,0,0,2481000,-213000,21700000,3079835000,19987000,0.3374,446735000,176731000,0.0128,0.1009,0.0795,0.0917,0.0194,0.5862,0.5085,0.3369,0.0338,0.54,7.8211,0.1278,0.2661,6.894,0.5258,0.0112,1.3355,0.783,0.6791,16.12,6.3771,0.7212,833780750,875407750,18.7076,1.8663,4.7177,6.2776,13.6096,19.6416,1.9595,4.9533,6.591,14.2891,0.1844,0.3727,0.3618,0.363,0.3876,0.394,0.125,0.2391,0.2569,0.503,0.5054,0.2877,0.2372,0.659,0.2713,0.5138,0.0,0.0009,0.0322,0.4951,0.0124,0.1255,0.0965,9.8609,0.2722,8.9348,0.1014,0.4166,0.0128,0.0601,0.0637,0.0871,0.0572,0.0582,0.0315,0.0639,0.0874,0.0279,0.0463,0.0542,27000.0,5.9386,41627000,27563000,0.083,30.25,0.038707629331205,3,FY2005.FQ3
2006-03-15,2005-12,44277000,15256000,29021000,7515000,36536000,120000,28901000,17241000,0,19175000,-6548000,0,12627000,0,12627000,0,12627000,0.45,0.45,28070000,28083000,2694000,91815000,1572602000,1542125000,-17203000,0,1524922000,49244000,284425000,0,62974000.0,3585982000,2920318000,0,131179000,69768000.0,3121265000,28000000,0,160883000,-3942000,280525000,-607000,0,-142000.0,464717000,3585982000,12627000,2694000,0,0,0,-599000,-599000,0,0,464000.0,15186000,-745000,0,-745000.0,0,0,0,-176283000,92018000,-84265000.0,0,20818000.0,-64192000,0,350000,350000,0,22160000,-2779000,-7571000,12160000,0,-36846000,-745000.0,0,0,22160000,0,21869000,3206542000,14441000,0.3414,464717000,180292000,0.0135,0.105,0.0824,0.0964,0.0205,0.5985,0.5248,0.3456,0.0352,0.3952,7.7164,0.1295,0.2822,6.8999,0.528,0.0111,1.301,0.7787,0.6827,16.5479,6.4199,0.5142,799575540,838939540,16.7065,1.7205,4.4348,5.674,12.5017,17.529,1.8052,4.6532,5.9533,13.1172,0.2222,0.3071,0.2848,0.2839,0.3476,0.3525,0.0975,0.2311,0.5572,0.4892,0.4915,0.3295,0.2603,0.6859,0.3375,0.2292,0.2048,0.0093,0.0322,0.4997,0.0124,0.1233,0.0959,9.738,0.2766,8.7849,0.1026,0.4398,0.0127,0.0604,0.0614,0.0822,0.0562,0.0527,0.0284,0.061,0.0881,0.0472,0.1096,0.1482,258000.0,5.877,39364000,27821000,0.1,28.74,0.038707629331205,4,FY2005.FQ4
2006-05-10,2006-03,45684000,16494000,29190000,7667000,36857000,120000,29070000,17249000,0,19488000,-6624000,0,12864000,0,12864000,0,12864000,0.46,0.46,27965000,27965000,2550000,77353000,1555028000,1561467000,-17312000,0,1544155000,48316000,284506000,0,62255000.0,3571613000,2915342000,0,107773000,73041000.0,3096156000,28000000,0,170960000,-4140000,281338000,-607000,0,-93999.999999994,475457000,3571613000,12864000,2550000,0,0,0,2730000,2730000,0,0,282000.0,18426000,-273000,0,-273000.0,0,0,0,-54166000,71126000,16960000.0,0,-19150000.0,-2463000,0,689000,689000,0,-17248000,-2787000,-10976000,-30322000,0,-14359000,-273000.0,0,0,-28000,-17220000,22038000,3193848000,18153000,0.3399,475457000,190951000,0.014,0.1067,0.085,0.0993,0.0216,0.5979,0.5287,0.349,0.0361,0.4925,7.5119,0.1331,0.2266,6.7174,0.5356,0.011,1.3179,0.788,0.6968,17.0018,6.8282,0.6491,841922490,872342490,16.7813,1.7707,4.4091,5.7365,12.7837,17.3877,1.8347,4.5684,5.9438,13.2456,0.2173,0.1925,0.1885,0.2488,0.2943,0.2188,0.0697,0.1393,0.0759,0.0408,0.041,0.0264,0.0074,0.1168,0.0442,0.117,0.0,0.0017,0.0326,0.5035,0.0124,0.1145,0.0904,8.9793,0.2766,7.9404,0.1122,0.4826,0.0119,0.0689,0.0667,0.0835,0.0531,0.0478,0.0306,0.0556,0.0828,0.0472,0.0956,0.0987,48000.0,5.4681,30420000,27869000,0.1,30.21,0.038707629331205,1,FY2006.FQ1
2006-08-09,2006-06,61012000,24430000,36582000,9156000,45738000,120000,36462000,21399000,0,24219000,-8324000,0,15895000,0,15895000,0,15895000,0.49,0.48,32439000,33115000,2409000,103218000,1643412000,2204792000,-24280000,0,2180512000,64242000,449010000,0,91557000.0,4531951000,3640000000,0,178230000,78348000.0,3896578000,33000000,0,183581000,-5101000,424699000,-607000,0,-198999.99999996,635373000,4531951000,15895000,2409000,0,0,0,2629000,2629000,0,0,-105000.0,20828000,0,1096000,1096000.0,0,0,0,0,135612000,135612000.0,0,-121009000.0,15699000,0,6684000,6684000,0,19564000,-3274000,-19263000,3711000,0,40238000,1096000.0,0,0,19564000,0,26628000,3951422000,21924000,0.3436,635373000,186363000,0.0132,0.0969,0.0771,0.0885,0.0205,0.5821,0.5295,0.3475,0.0346,0.4793,7.1327,0.1401,0.2805,6.219,0.6057,0.011,1.3811,0.8041,0.7313,19.1868,5.6277,0.662,1077607960,1152619960,20.0086,1.696,5.7823,6.9014,14.4635,21.4014,1.814,6.1848,7.3818,15.4703,0.2083,0.2845,0.2579,0.243,0.3142,0.302,0.0909,0.1935,0.4221,0.4503,0.4505,0.3148,0.2781,0.4562,0.2866,0.6511,0.0,0.1756,0.0336,0.5076,0.0127,0.1063,0.0847,8.0368,0.2766,7.1115,0.1244,0.5221,0.0112,0.0711,0.0702,0.1109,0.0593,0.0573,0.032,0.0656,0.112,0.0472,0.0412,0.0493,4895000.0,6.2352,75012000,32764000,0.1,32.89,0.038707629331205,2,FY2006.FQ2
2006-11-09,2006-09,62150000,26183000,35967000,8918000,44885000,120000,35847000,19829000,0,24936000,-8572000,0,16364000,0,16364000,0,16364000,0.5,0.49,32728000,33396000,2167000,85503000,1566478000,2214401000,-24093000,0,2190308000,63118000,449358000,0,100951000.0,4455716000,3593145000,0,132003000,80415000.0,3805563000,33000000,0,196668000,-4032000,425300000,-607000,0,-176000.00000004,650153000,4455716000,16364000,2167000,0,0,0,1295000,1295000,0,0,212000.0,20038000,-1050000,0,-1050000.0,0,0,0,-496000,79365000,78869000.0,0,-9926000.0,67893000,0,400000,400000,0,-45262000,-3277000,-46855000,-94994000,0,-7063000,-1050000.0,0,0,0,-45262000,27103000,3866382000,18988000,0.3437,650153000,200795000,0.0128,0.0898,0.0723,0.082,0.0198,0.6038,0.5555,0.3645,0.0334,0.423,6.8533,0.1459,0.203,5.9468,0.6162,0.0108,1.344,0.8115,0.7466,19.4679,6.0125,0.5685,1116069480,1162569480,19.3258,1.7166,5.5582,6.8046,15.1833,20.131,1.7881,5.7898,7.0881,15.8159,0.204,0.2436,0.2127,0.2489,0.3248,0.3121,0.0888,0.205,0.1065,0.4623,0.4628,0.2752,0.2479,0.4553,0.2553,-0.0499,0.0,0.0007,0.0336,0.5086,0.0128,0.1055,0.0834,7.8605,0.2722,6.9694,0.1272,0.5269,0.0111,0.0639,0.0618,0.1113,0.0555,0.054,0.0257,0.0616,0.1114,0.0291,0.035,0.0315,22999.999999996,7.5053,46500000,32787000,0.1,34.04,0.038707629331205,3,FY2006.FQ3
2007-03-01,2006-12,62893000,26487000,36406000,8241000,44647000,144000,36262000,19192000,0,25311000,-8709000,0,16602000,0,16602000,0,16602000,0.51,0.51,32611000,32611000,2055000,116475000,1590303000,2176507000,-23990000,0,2152517000,63197000,447371000,0,216906000.0,4586769000,3725678000,0,126927000,69753000.0,3922358000,33000000,0,209581000,-2950000,425557000,-607000,0,-170000.00000007,664411000,4586769000,16602000,2055000,0,0,0,-3058000,-3058000,0,0,343000.0,15942000,-704000,0,-704000.0,0,0,0,-1764968000,1743597000,-21371000.0,0,37121000.0,15046000,0,19000,19000,0,-12310000,-3689000,138533000,122553000,0,153541000,-704000.0,0,0,0,-12310000,27366000,3883285000,15238000,0.344,664411000,217040000,0.0136,0.0939,0.0784,0.09,0.0211,0.6129,0.5669,0.3718,0.0356,0.3412,6.9035,0.1448,0.191,5.8447,0.5841,0.011,1.369,0.8391,0.7761,20.3738,6.6554,0.4672,1131686430,1142138430,18.3343,1.7032,5.2141,6.5747,15.2306,18.5036,1.719,5.2623,6.6354,15.3713,0.2215,0.2544,0.222,0.2513,0.32,0.3148,0.1333,0.1612,0.2685,0.4113,0.4115,0.279,0.2757,0.4297,0.211,0.0551,0.13,0.0001,0.0339,0.5166,0.0128,0.1029,0.0809,7.7688,0.2688,6.897,0.1287,0.5309,0.0111,0.0652,0.0605,0.1065,0.0557,0.06,0.0271,0.0653,0.1127,0.0418,0.0539,0.0523,6000.0,6.7431,10452000,32793000,0.113,34.51,0.038707629331205,4,FY2006.FQ4
2007-05-10,2007-03,79863000,33775000,46088000,11671000,57759000,245000,45843000,27271000,0,30243000,-10014000,0,20229000,0,20229000,0,20229000,0.51,0.5,39665000,40458000,1404000,135794000,1886294000,3247708000,-36341000,0,3211367000,118287000,791211000,0,183746000.0,6326699000,4928240000,0,210981000,120909000.0,5260130000,44000000,0,224894000,-1583000,800062000,-607000,0,-197000.00000012,1066569000,6326699000,20229000,1404000,0,0,0,107017000,107017000,0,0,58999.999999997,128709000,-1001000,0,-1001000.0,0,0,0,-361441000,316584000,-44857000.0,0,155983000.0,110125000,0,1799000,1799000,0,-178132000,-4916000,-125649000,-306898000,0,-68064000,-1001000.0,0,0,10495000,-188627000,31647000,5269796000,127708000,0.3311,1066569000,275358000,0.0126,0.0798,0.0667,0.076,0.0195,0.5479,0.5236,0.3502,0.0338,2.211,5.9318,0.1685,0.1978,4.9408,0.6589,0.0111,1.4276,0.7822,0.7475,26.3623,6.806,3.1565,1521681480,1596868480,22.0246,1.4267,5.5261,7.8831,8.2763,23.1128,1.4972,5.7992,8.2726,8.6853,0.226,0.5788,0.5671,0.436,0.5518,0.5725,0.0869,0.4467,0.7555,1.0799,1.0796,0.7713,0.6904,1.2432,0.6499,6.035,0.0,0.3357,0.0339,0.5242,0.0128,0.0989,0.0789,7.6142,0.2464,6.8057,0.1313,0.5347,0.0111,0.0814,0.0783,0.1241,0.0808,0.0779,0.0225,0.0883,0.1475,0.0418,0.2523,0.2547,11009000.0,9.7604,75187000,43802000,0.113,34.74,0.038707629331205,1,FY2007.FQ1
2007-08-09,2007-06,87300000,35956000,51344000,13845000,65189000,320000,51024000,30072000,0,34797000,-11804000,0,22993000,0,22993000,0,22993000,0.53,0.52,43383000,44217000,2796000,154151000,1818723000,3181176000,-36129000,0,3145047000,124447000,785941000,0,156605000.0,6184914000,4776382000,0,180116000,146840000.0,5103338000,44000000,0,242959000,-3322000,798698000,-607000,0,-152000.00000004,1081576000,6184914000,22993000,2796000,0,0,0,6488000,6488000,0,0,453000.0,32730000,0,154000,154000.0,0,0,0,-170349000,236758000,66409000.0,0,59864000.0,126427000,0,518000,518000,0,-18746000,-4928000,-151858000,-175014000,0,-15857000,154000.0,0,0,0,-18746000,37593000,5154050000,32884000,0.3392,1081576000,295635000,0.0121,0.0709,0.06,0.0677,0.0188,0.5766,0.5337,0.3527,0.0325,0.5044,5.7184,0.1748,0.1665,4.7653,0.666,0.0113,1.4742,0.8501,0.7869,24.4606,6.686,0.7436,1435444920,1461409920,18.8408,1.3271,4.8554,6.7556,7.3681,19.1816,1.3511,4.9432,6.8778,7.5014,0.2173,0.4035,0.4252,0.4117,0.4367,0.4465,0.0833,0.3352,0.4934,0.4428,0.4423,0.3647,0.3121,0.7022,0.3043,0.4999,0.0,0.0003,0.0338,0.5267,0.0128,0.096,0.0777,7.3223,0.2464,6.4682,0.1366,0.5598,0.0111,0.0874,0.0865,0.1187,0.0795,0.075,0.024,0.0865,0.1464,0.0313,0.1078,0.1084,15000.0,7.8334,25965000,43817000,0.113,32.76,0.038707629331205,2,FY2007.FQ2
2007-11-09,2007-09,88004000,36635000,51369000,14159000,65528000,75000,51294000,30087000,0,35366000,-11518000,0,23848000,0,23848000,0,23848000,0.54,0.54,44163000,44163000,8753000,141959000,1804326000,3127555000,-35536000,0,3092019000,120794000,794339000,0,217087000.0,6170524000,4784014000,0,144873000,130392000.0,5059279000,44000000,0,261846000,-1901000,807760000,-607000,0,146999.99999993,1111245000,6170524000,23849000,8753000,0,0,0,6618000,6618000,0,0,-6495000.0,32725000,0,2623000,2623000.0,0,0,0,-811356000,851015000,39659000.0,0,83657000.0,125939000,0,338000,338000,0,-41794000,-4962000,-55508000,-101926000,0,56738000,2623000.0,0,0,0,-41794000,44119000,5073840000,35348000,0.3256,1111245000,316906000,0.0135,0.0763,0.0664,0.0753,0.0208,0.6732,0.5397,0.3639,0.0362,0.5394,5.5528,0.18,0.1303,4.5659,0.6537,0.0113,1.4837,0.999,0.8008,25.1623,7.1758,0.8003,1463218160,1466132160,17.4875,1.3167,4.6171,6.2765,6.9288,17.5223,1.3193,4.6263,6.289,6.9426,0.2092,0.4282,0.4599,0.6278,0.4182,0.4573,0.102,0.3224,0.6602,0.4123,0.4116,0.3848,0.3314,0.7092,0.3122,0.8615,0.0,0.007,0.0342,0.5291,0.013,0.0945,0.0758,7.0181,0.2148,6.0829,0.1425,0.5949,0.0111,0.0769,0.0776,0.0762,0.0519,0.0515,0.023,0.0589,0.1006,0.0313,0.0703,0.0808,309000.0,7.5901,2914000,44126000,0.113,33.16,0.038707629331205,3,FY2007.FQ3
2008-02-29,2007-12,85440000,33807000,51633000,13248000,64881000,120000,51513000,39413000,0,25348000,-8268000,0,17080000,0,17080000,0,17080000,0.38,0.38,44387000,44525000,-3968000,178447000,1857606000,3142971000,-32543000,0,3110428000,120044000,799978000,0,305840000.0,6372343000,4966407000,0,144351000,134154000.0,5244912000,44000000,0,273407000,1417000,809026000,-607000,0,188000.0000001,1127431000,6372343000,17080000,-3968000,0,0,0,12353000,12353000,0,0,16447000.0,41912000,0,181000,181000.0,0,0,0,-695412000,638463000,-56949000.0,0,-38871000.0,-95639000,0,830000,830000,0,4575000,-5519000,182393000,182279000,0,128552000,181000.0,0,0,0,4575000,21380000,5179024000,42093000,0.3261,1127431000,327453000,0.0134,0.0751,0.0665,0.0762,0.0204,0.3295,0.3906,0.2632,0.039,0.6487,5.652,0.1769,0.128,4.5936,0.6328,0.0103,1.4571,0.4801,0.5692,25.3213,7.3543,0.9453,1298685320,1264589320,15.4329,1.1518,3.966,5.1259,5.4559,15.0277,1.1216,3.8618,4.9913,5.3126,0.3289,0.4182,0.4531,-0.2187,0.0014,0.0287,-0.2549,0.3653,0.532,0.444,0.445,0.3892,0.333,0.6968,0.3336,1.7623,0.1061,0.0014,0.0349,0.5291,0.0133,0.0918,0.0747,6.8784,0.2004,5.8957,0.1453,0.6109,0.0111,0.0613,0.0596,0.0753,0.0536,0.0571,-0.0145,0.0633,0.0995,0.0417,0.1181,0.1222,62000.0,-10.6043,-34096000,44188000,0.125,29.39,0.038707629331205,4,FY2007.FQ4
2008-05-09,2008-03,84465000,32470000,51995000,12679000,64674000,1167000,50828000,29120000,0,34387000,-11449000,0,22938000,0,22938000,0,22938000,0.52,0.52,44112000,44112000,2721000,159954000,2086382000,3161627000,-32067000,0,3129560000,123806000,812590000,0,152441000.0,6464733000,4948718000,0,238245000,131705000.0,5318668000,44000000,0,288647000,2537000,811172000,-607000,0,316000.00000003,1146065000,6464733000,22938000,2721000,0,0,0,6291000,6291000,0,0,1299000.0,33249000,-1535000,0,-1535000.0,0,0,0,-453439000,227553000,-225886000.0,0,81175000.0,-146246000,0,2027000,2027000,0,80255000,-5524000,-143029000,-66271000,0,-179268000,-1535000.0,0,0,93894000,-13639000,37108000,5407963000,31714000,0.3329,1146065000,333475000,0.0135,0.0764,0.0654,0.0749,0.0206,0.5737,0.5316,0.3546,0.0389,0.4903,5.6408,0.1772,0.2078,4.7187,0.6388,0.0101,1.4661,0.8412,0.7795,25.9807,7.5597,0.7189,1269036140,1347327140,14.6103,1.1072,3.8054,4.8758,8.9344,15.5116,1.1756,4.0402,5.1766,9.4856,0.2403,0.1281,0.1197,0.1725,0.137,0.1339,0.04,0.0903,0.1779,-0.0265,-0.0254,0.0218,0.0041,0.0745,0.0262,-0.7516,0.0,0.002,0.0354,0.5306,0.0134,0.0848,0.0695,6.3925,0.2004,5.3927,0.1572,0.6245,0.011,0.0604,0.0573,0.0763,0.0579,0.0556,0.0145,0.0634,0.0987,0.0417,0.051,0.0472,91000.0,10.0323,78291000,44279000,0.125,28.66,0.038707629331205,1,FY2008.FQ1
2008-08-08,2008-06,81979000,28008000,53971000,13066000,67037000,1000000,52971000,30860000,0,35177000,-11740000,0,23437000,0,23437000,0,23437000,0.52,0.52,44852000,45039000,3279000,171501000,2235703000,3313328000,-34085000,0,3279243000,131655000,858927000,0,116705000.0,6793734000,5296634000,0,134354000,145141000.0,5576129000,46000000,0,306326000,-411000,866201000,-607000,0,96000.000000004,1217605000,6793734000,23437000,3279000,0,0,0,554000,554000,0,0,1085000.0,28355000,0,7129000,7129000.0,0,0,0,-374712000,254600000,-120112000.0,0,95884000.0,-17099000,0,273000,273000,0,-75608000,-5758000,62676000,-18417000,0,-7161000,7129000.0,0,0,-75608000,0,38456000,5720532000,35484000,0.3337,1217605000,358678000,0.0131,0.0738,0.0638,0.0726,0.02,0.5736,0.5247,0.3496,0.0375,0.5293,5.5795,0.1792,0.1103,4.6981,0.6255,0.0102,1.4884,0.8538,0.781,27.0344,7.9637,0.7878,1231183800,1194036800,14.1024,1.0111,3.4325,4.697,8.5121,13.6769,0.9806,3.3289,4.5553,8.2552,0.2403,0.0511,0.0283,0.0229,0.0109,0.0193,0.0,0.0185,0.1125,0.0415,0.0426,0.0984,0.1089,0.1257,0.1099,0.079,0.0,0.0402,0.0358,0.5306,0.0133,0.0781,0.0666,5.8251,0.1944,4.8531,0.1717,0.6291,0.011,0.064,0.0625,0.0794,0.0595,0.0613,0.0145,0.0659,0.1011,0.0225,0.0644,0.094,1781000.0,9.6836,-37147000,46060000,0.125,26.73,0.038707629331205,2,FY2008.FQ2
2008-11-06,2008-09,84846000,27040000,57806000,13117000,70923000,1700000,56106000,46230000,0,22993000,-7546000,0,15447000,0,15447000,0,15447000,0.34,0.33,46065000,46302000,7325000,159590000,2294403000,3248617000,-33981000,0,3214636000,123823000,856890000,0,138567000.0,6787909000,5104842000,0,311936000,141951000.0,5558729000,46000000,0,316014000,793000,866871000,-607000,0,109000.00000015,1229180000,6787909000,15447000,7325000,0,0,0,-480000,-480000,0,0,11099000.0,33391000,0,2525000,2525000.0,0,0,0,-606858000,536500000,-70358000.0,0,54470000.0,-13363000,0,213000,213000,0,178667000,-5759000,-192880000,-19759000,0,269000,2525000.0,0,0,178667000,0,30318000,5702610000,35916000,0.3281,1229180000,372290000,0.0116,0.0644,0.0545,0.0615,0.0177,0.4274,0.3241,0.2177,0.0377,0.5064,5.5223,0.181,0.2537,4.6393,0.6363,0.0104,1.5317,0.6547,0.4965,26.547,8.0404,0.7756,1566191220,1718537220,19.8498,1.2741,4.2069,5.8545,10.7859,21.7806,1.3981,4.6161,6.424,11.835,0.3787,0.1253,0.0823,-0.3128,-0.3498,-0.3522,-0.3888,0.0484,0.1241,0.0387,0.0396,0.1,0.067,0.1061,0.1239,0.016,0.0,0.0003,0.0359,0.5306,0.0132,0.0763,0.0665,5.6852,0.1944,4.742,0.1758,0.6346,0.0109,0.0707,0.0676,0.076,0.0596,0.0576,-0.0326,0.0663,0.0996,0.0225,0.0612,0.0706,18000.0,-6.0762,152346000,46078000,0.125,33.99,0.038707629331205,3,FY2008.FQ3
2009-03-02,2008-12,96588000,32631000,63957000,13508000,77465000,6000000,57957000,37586000,0,33879000,-11194000,0,22685000,0,22685000,0,22685000,0.5,0.49,46086000,46265000,4138000,212441000,4160401000,3567057000,-36970000,0,3530087000,123638000,38200000,874650000,132947000.0,9072364000,7303297000,0,321660000,192301000.0,7817258000,46000000,0,332363000,9853000,867380000,-607000,0,116999.99999996,1255106000,9072364000,22685000,4138000,0,0,0,-17232000,-17232000,0,0,19094000.0,28685000,0,4396000,4396000.0,0,0,0,-1629598000,124624000,-1504974000.0,0,2856802000.0,1356224000,0,0,0,0,-6005000,-6336000,-1328865000,-1341206000,0,43703000,4396000.0,0,0,0,-6005000,38017000,7939899000,33081000,0.3304,1255106000,342256000,0.0106,0.068,0.0542,0.0615,0.0162,0.4907,0.4373,0.2928,0.0333,0.427,7.2283,0.1383,0.2562,6.326,0.4884,0.0103,1.6743,0.8217,0.7322,27.1286,7.3977,0.715,1363832690,1473051690,16.1386,1.0866,3.9848,4.8691,10.0138,17.4311,1.1736,4.3039,5.259,10.8157,0.2816,0.2386,0.1939,0.7781,0.3365,0.3281,0.2894,0.039,0.1904,0.1349,0.1349,0.4237,0.4705,0.1132,0.533,-0.214,0.104,0.0002,0.0359,0.5282,0.013,0.0757,0.0659,5.6852,0.1944,4.742,0.1758,0.6346,0.0106,0.0574,0.0541,0.0492,0.0722,0.0721,0.002,0.0718,0.0704,0.0327,0.0325,0.0419,13000.0,78.1892,109219000,46091000,0.138,29.59,0.038707629331205,4,FY2008.FQ4
2009-05-11,2009-03,105566000,31488000,74078000,15017000,89095000,6125000,67953000,44023000,0,38947000,-13469000,0,25478000,0,25478000,0,25478000,0.55,0.55,46086000,46139000,4682000,163278000,3991200000,3501300000,-39238000,0,3462062000,151544000,42794000,874710000,113609000.0,8799197000,7206879000,0,120706000,191064000.0,7518649000,46000000,0,351504000,15460000,868054000,-607000,0,136999.99999994,1280548000,8799197000,25478000,4682000,8256000,0,0,12886000,21142000,0,330000,2473000.0,54105000,-30284000,4040000,-26244000.0,-92000,0,-92000,-124845000,303980000,179135000.0,0,51105000.0,203904000,0,0,0,0,-200954000,-6337000,-115483000,-322774000,0,-64765000,-26244000.0,0,0,0,-200954000,43629000,7655778000,27861000,0.3458,1280548000,363044000,0.0097,0.0686,0.0584,0.0669,0.0149,0.4896,0.4371,0.2859,0.032,0.3127,6.8714,0.1455,0.0942,5.9785,0.4858,0.0112,1.931,0.9455,0.8441,27.7541,7.8684,0.6038,1260999100,1218427100,14.4864,0.9847,3.4734,4.1409,9.5283,13.9973,0.9514,3.3561,4.0011,9.2066,0.2509,0.4247,0.3776,0.1757,0.1326,0.1107,0.0576,0.0459,0.0207,0.1074,0.1062,0.3611,0.4563,0.1173,0.4156,-0.1214,0.0,0.0003,0.0359,0.5241,0.0129,0.0745,0.0646,5.6852,0.1787,4.742,0.1758,0.6346,0.0107,0.0749,0.0709,0.0468,0.0707,0.072,0.0116,0.0704,0.0701,0.0327,0.1044,0.039,15000.0,12.4686,-42572000,46106000,0.138,27.35,0.038707629331205,1,FY2009.FQ1
2009-08-10,2009-06,102768000,27247000,75521000,15133000,90654000,6900000,68621000,44300000,0,39454000,-12944000,0,26510000,0,26510000,0,26510000,0.57,0.57,46105000,46225000,4544000,142860000,3981109000,3451319000,-42611000,0,3408708000,149742000,40307000,875080000,240793000.0,8838599000,7257895000,0,120435000,161526000.0,7539856000,46000000,0,371674000,13099000,868431000,-607000,0,145999.99999996,1298743000,8838599000,26510000,4544000,2444000,0,0,-43309000,-40865000,0,290000,4020000.0,-5501000,-826000,8819000,7993000.0,-380000,0,-380000,-828155000,835099000,6944000.0000001,0,40153000.0,54710000,0,0,0,0,-271000,-6340000,64845000,58234000,0,107443000,7993000.0,0,0,0,-271000,43998000,7575288000,2492000,0.328,1298743000,383356000,0.0102,0.0698,0.0639,0.0716,0.0156,0.4853,0.4352,0.2924,0.0356,0.0274,6.8055,0.1469,0.0927,5.8327,0.4755,0.0123,1.9611,0.9518,0.8535,28.0961,8.2932,0.0539,1375431470,1353006470,15.2622,1.059,3.5878,4.1916,13.8443,15.0133,1.0417,3.5293,4.1232,13.6185,0.2421,0.3992,0.3522,0.1441,0.1215,0.1311,0.0961,0.0263,-0.167,0.0416,0.0394,0.3009,0.3702,0.0666,0.3242,-0.9297,0.0,0.0001,0.0359,0.4804,0.0124,0.0724,0.0638,5.6852,0.1484,4.742,0.1758,0.6346,0.0108,0.0756,0.0733,0.0471,0.0691,0.0689,0.0111,0.0677,0.0693,0.0201,0.0,-0.1656,3000.0,13.6456,-22425000,46109000,0.138,29.83,0.038707629331205,2,FY2009.FQ2
2009-11-06,2009-09,101695000,24282000,77413000,15236000,92649000,7250000,70163000,41201000,0,44198000,-14876000,0,29322000,0,29322000,0,29322000,0.64,0.63,46125000,46347000,4579000,120932000,4255057000,3406137000,-47312000,0,3358825000,149725000,37823000,876960000,158010000.0,8957332000,7117993000,0,346120000,166184000.0,7630297000,46000000,0,394654000,17347000,869451000,-607000,0,190000.00000005,1327035000,8957332000,29322000,4579000,-8160000,0,0,-2872000,-11032000,0,270000,6433000.0,29572000,-2487000,6880000,4393000.0,-431000,0,-431000,-592835000,324571000,-268264000.0,0,34729000.0,-229573000,0,0,0,0,225685000,-6342000,-133791000,85552000,0,-114449000,4393000.0,0,0,226000000,-315000,48777000,7782126000,33965000,0.3365,1327035000,412252000,0.0116,0.0792,0.0672,0.0735,0.0179,0.5264,0.477,0.3164,0.0378,0.3665,6.7498,0.1481,0.2608,5.8642,0.4785,0.0138,1.999,1.0524,0.9536,28.6325,8.8949,0.7328,1605662870,1830850870,15.4398,1.2099,3.8948,4.5894,16.4854,17.6051,1.3796,4.441,5.233,18.7974,0.219,0.3391,0.3063,0.6088,0.9222,0.8982,0.909,0.0009,-0.2422,0.0484,0.0448,0.3196,0.3943,0.0796,0.3646,-0.0543,0.0,0.0009,0.0368,0.4571,0.0119,0.0724,0.0638,5.6852,0.1484,4.742,0.1758,0.6291,0.0108,0.0532,0.0483,0.0047,0.0397,0.0374,0.0233,0.0353,0.022,0.0201,-0.1367,-0.124,44000.0,6.6037,225188000,46153000,0.138,34.79,0.038707629331205,3,FY2009.FQ3
2010-03-01,2009-12,99585000,19496000,80089000,14711000,94800000,8500000,71589000,40176000,0,46124000,-15555000,0,30569000,0,30569000,0,30569000,0.66,0.65,46390000,46687000,4497000,194963000,4118290000,3376703000,-51863000,0,3324840000,148855000,35382000,876990000,151080000.0,8850400000,7258550000,0,118405000,122200000.0,7499155000,47000000,0,418008000,16806000,870460000,-607000,0,-422000.00000003,1351245000,8850400000,30569000,4497000,-33830000,0,0,-15747000,-49577000,0,630000,9333000.0,-4548000,-1377000,7958000,6581000.0,-29000,0,-29000,-130249000,264282000,134033000.0,0,22652000.0,163237000,0,0,0,0,-227715000,-7215000,114696000,-120234000,0,38455000,6581000.0,0,0,0,-227715000,50621000,7689956000,2033000,0.3372,1351245000,438873000,0.0125,0.0835,0.0711,0.0791,0.0192,0.5339,0.4865,0.3224,0.0396,0.0214,6.5498,0.1526,0.0876,5.691,0.4652,0.0153,2.0305,1.0842,0.9879,28.9426,9.4003,0.0435,1883514270,1806956270,16.8352,1.3939,4.2917,5.1294,28.3871,16.1509,1.3372,4.1172,4.9209,27.2332,0.2384,0.2522,0.2237,0.3315,0.3614,0.3475,0.3265,0.0091,-0.0822,-0.0533,-0.0581,-0.0244,-0.0061,0.0765,-0.0314,-0.9385,0.1231,0.0084,0.0376,0.4571,0.0121,0.0745,0.0646,6.1009,0.1292,5.2048,0.1648,0.5569,0.0108,0.0454,0.0381,0.0059,0.0408,0.0427,0.0225,0.0364,0.0225,0.0321,0.0,-0.2429,388000.0,7.4607,-76558000,46541000,0.155,40.47,0.038707629331205,4,FY2009.FQ4
2010-05-10,2010-03,96496000,18724000,77772000,12978000,90750000,4410000,73362000,39725000,0,46615000,-15617000,0,30998000,0,30998000,0,30998000,0.67,0.66,46553000,46858000,4296000,169534000,4525506000,3348383000,-51893000,0,3296490000,152886000,33098000,890120000,151099000.0,9218733000,7598979000,0,108144000,133703000.0,7840826000,47000000,0,441788000,18011000,872102000,-607000,0,-387000.00000017,1377907000,9218733000,30998000,4296000,0,0,0,19472000,19472000,0,790000,6792000.0,62348000,-6297000,9806000,3509000.0,-13136000,344722000,331586000,-1189170000,781485000,-407685000.0,0,41278000.0,-31312000,0,0,0,0,-10261000,-7218000,-38763000,-56242000,0,-25206000,3509000.0,0,0,0,-10261000,50911000,8043423000,65857000,0.335,1377907000,454689000,0.0129,0.086,0.0794,0.0906,0.0198,0.561,0.5136,0.3415,0.0395,0.7256,6.6903,0.1494,0.0784,5.8374,0.4406,0.0154,1.9367,1.0864,0.9948,29.406,9.7035,1.4054,1909150240,1847760240,16.262,1.3855,4.1988,5.1759,18.2961,15.7391,1.3409,4.0637,5.0094,17.7078,0.2348,0.0498,0.0185,0.1669,0.1968,0.2166,0.2,0.0155,0.0383,-0.0436,-0.0478,0.0476,0.0544,0.076,0.0506,1.3637,0.0,0.0007,0.0378,0.4571,0.0121,0.0745,0.0646,6.62,0.1191,5.7618,0.151,0.4871,0.0108,0.0423,0.033,0.0068,0.0471,0.0473,0.0202,0.0409,0.0217,0.0321,0.0665,0.0642,35000.0,8.0228,-61390000,46576000,0.155,40.99,0.038707629331205,1,FY2010.FQ1
2010-08-09,2010-06,99358000,18758000,80600000,13296000,93896000,3275000,77325000,43049000,0,47572000,-15826000,0,31746000,0,31746000,0,31746000,0.68,0.68,46610000,46854000,4427000,148395000,4817847000,3425040000,-52727000,0,3372313000,161267000,33393000,921480000,154127000.0,9608822000,7813929000,0,247200000,143559000.0,8204688000,47000000,0,466309000,18218000,873555000,-607000,0,-340999.99999989,1404134000,9608822000,31746000,4427000,0,0,0,-17078000,-17078000,0,690000,8722000.0,28507000,-5213000,11346000,6133000.0,0,379771000,379771000,-1130485000,834071000,-296414000.0,0,-15468000.0,74022000,0,0,0,0,139056000,-7225000,-255253000,-123422000,0,-20893000,6133000.0,0,0,140000000,-944000,51999000,8391282000,34640000,0.3326,1404134000,449261000,0.013,0.0881,0.0781,0.0869,0.0198,0.5537,0.5066,0.338,0.0384,0.3689,6.8432,0.1461,0.176,5.9761,0.4383,0.0153,2.004,1.1098,1.0153,29.9682,9.5885,0.7393,1620114500,1718919500,13.2108,1.1538,3.6061,4.354,11.8694,14.0165,1.2241,3.8261,4.6195,12.5932,0.2279,0.0672,0.0357,0.1818,0.2057,0.1975,0.1929,0.0136,0.0387,-0.0076,-0.0106,0.0871,0.0766,0.0811,0.1077,12.9004,0.0,0.0009,0.0378,0.4817,0.0121,0.0751,0.0646,6.7201,0.1431,5.8351,0.1488,0.4821,0.0117,0.0455,0.0376,0.0086,0.0494,0.0463,0.0599,0.0419,0.0221,0.0217,-0.0378,-0.0192,46000.0,2.2048,98805000,46622000,0.155,34.75,0.038707629331205,2,FY2010.FQ2
2010-11-09,2010-09,96247000,15980000,80267000,13654000,93921000,3000000,77267000,42593000,0,48328000,-16162000,0,32166000,0,32166000,0,32166000,0.69,0.69,46640000,46774000,4435000,140678000,4472639000,3413819000,-51354000,0,3362465000,159717000,30951000,923930000,148122000.0,9238502000,7491580000,0,163951000,153401000.0,7808932000,47000000,0,491243000,17465000,874779000,-607000,0,-310000.00000017,1429570000,9238502000,32166000,4435000,0,0,0,9492000,9492000,0,730000,11007000.0,57830000,-743000,7032000,6289000.0,0,0,0,-26217000,363122000,336905000.0,0,53999.999999974,343248000,0,0,0,0,-83249000,-7232000,-318584000,-409065000,0,-7987000,6289000.0,0,0,0,-83249000,52763000,8027136000,64119000,0.3344,1429570000,474689000,0.0133,0.0885,0.0773,0.0849,0.0203,0.5617,0.5145,0.3424,0.0388,0.6826,6.4624,0.1547,0.1146,5.615,0.4556,0.015,2.0079,1.128,1.0332,30.5633,10.1485,1.3708,1514855380,1538128380,12.0725,1.0596,3.1912,4.0572,9.09,12.258,1.0759,3.2402,4.1196,9.2297,0.2246,0.0368,0.0137,0.0817,0.0934,0.0969,0.0952,0.0092,0.1632,0.0022,0.001,0.0313,0.0524,0.0772,0.0314,0.8877,0.0,0.0006,0.0378,0.4817,0.0121,0.0765,0.0655,6.7201,0.1125,5.8351,0.1488,0.477,0.0131,0.0443,0.038,0.0077,0.0402,0.0423,0.0286,0.0363,0.0223,0.0217,0.0569,0.0729,32000.0,4.2079,23273000,46654000,0.155,32.47,0.038707629331205,3,FY2010.FQ3
2011-03-01,2010-12,92436000,12927000,79509000,13905000,93414000,2900000,76609000,41227000,0,49287000,-16489000,0,32798000,0,32798000,0,32798000,0.7,0.7,46672000,46823000,4171000,158975000,4617116000,3485023000,-51584000,0,3433439000,159053000,28774000,924260000,154955000.0,9476572000,7454920000,0,466698000,102615000.0,8024233000,47000000,0,515871000,14304000,876050000,-607000,0,-279000.0,1452339000,9476572000,32798000,4171000,0,0,0,-20536000,-20536000,0,830000,11748000.0,29011000,-1613000,7169000,5556000.0,0,0,0,-594263000,436601000,-157662000.0,0,-81900000.0,-234006000,0,0,0,0,302747000,-8170000,-71445000,223132000,0,18137000,5556000.0,0,0,303000000,-253000,53458000,8261114000,34567000,0.3345,1452339000,499305000,0.0136,0.0886,0.0727,0.0794,0.0207,0.5722,0.5276,0.3511,0.039,0.37,6.525,0.1532,0.3213,5.6881,0.4674,0.0148,1.995,1.1417,1.0526,31.0176,10.6636,0.7382,1833747520,2141470520,14.3589,1.2626,3.6725,4.9296,9.2063,16.7684,1.4744,4.2889,5.7569,10.7512,0.25,-0.0072,-0.0146,0.056,0.0685,0.0729,0.0769,0.0029,-0.1845,0.032,0.0326,0.0707,0.027,0.0748,0.0742,16.0029,0.129,0.0006,0.0381,0.4817,0.0121,0.0813,0.0692,6.7201,0.1453,5.8351,0.1488,0.4715,0.0143,0.0395,0.0337,0.005,0.0374,0.0347,0.0301,0.0338,0.0177,0.0342,0.0022,-0.0026,30000.0,4.7591,307723000,46684000,0.175,39.28,0.038707629331205,4,FY2010.FQ4
2011-05-09,2011-03,93409000,12996000,80413000,13867000,94280000,1700000,78713000,41695000,0,50885000,-17007000,0,33878000,0,33878000,0,33878000,0.72,0.72,46733000,46942000,4055000,145521000,4798642000,3572920000,-51760000,0,3521160000,159050000,26739000,924540000,147295000.0,9722947000,7816384000,0,313147000,112918000.0,8242449000,47000000,0,541563000,13707000,879016000,-607000,0,-181000.00000004,1480498000,9722947000,33878000,4055000,0,0,0,26490000,26490000,0,710000,8623000.0,73756000,-2288000,5628000,3340000.0,0,0,0,-554369000,364943000,-189426000.0,0,-94435000.0,-280521000,0,0,0,0,-153551000,-8186000,355172000,193435000,0,-13330000,3340000.0,0,0,-146000000,-7551000,54940000,8517083000,77096000,0.3342,1480498000,529219000,0.0136,0.089,0.0703,0.0766,0.0206,0.5827,0.5397,0.3593,0.0382,0.8177,6.5673,0.1522,0.2115,5.7528,0.4571,0.0144,2.0084,1.1703,1.0839,31.5388,11.2738,1.6423,2000866140,2168492140,15.3219,1.3514,3.7807,5.3283,9.5088,16.6056,1.4647,4.0975,5.7747,10.3054,0.243,0.0339,0.0388,0.0791,0.0916,0.0929,0.0909,0.0017,-0.1416,0.067,0.0681,0.0546,0.0286,0.0744,0.0588,0.1706,0.0,0.002,0.0383,0.4965,0.0127,0.0847,0.0707,6.7201,0.1453,5.8351,0.1488,0.4663,0.0146,0.0335,0.0288,0.0095,0.0409,0.0435,0.0811,0.0365,0.0187,0.0342,0.0824,0.0793,98000.0,1.8883,167626000,46782000,0.175,42.77,0.038707629331205,1,FY2011.FQ1
2011-08-09,2011-06,95652000,12022000,83630000,13530000,97160000,1400000,82230000,42514000,0,53246000,-18154000,0,35092000,0,35092000,0,35092000,0.75,0.75,46864000,47057000,3980000,145910000,4641664000,3665248000,-51932000,0,3613316000,160119000,24796000,924540000,146802000.0,9657147000,7667692000,0,333894000,143913000.0,8145499000,47000000,0,568449000,15371000,881509000,-607000,0,-74000.0,1511648000,9657147000,35092000,3980000,0,0,0,-10595000,-10595000,0,940000,7477000.0,36894000,-3240000,3241000,999.99999999989,0,0,0,-824131000,977788000,153657000.0,0,-95368000.0,58290000,0,0,0,0,20748000,-8206000,-107504000,-94962000,0,222000,999.99999999989,0,0,21000000,-252000,57226000,8452822000,36895000,0.3409,1511648000,562312000,0.0138,0.0895,0.0736,0.08,0.021,0.5889,0.548,0.3611,0.0381,0.3797,6.3884,0.1565,0.2208,5.5917,0.478,0.0141,2.0647,1.216,1.1315,32.1237,11.9495,0.784,2054632160,2242616160,15.3406,1.3592,3.6539,5.4244,9.6608,16.7441,1.4835,3.9882,5.9207,10.5447,0.2333,0.0375,0.0347,0.1005,0.1192,0.1053,0.1029,0.0043,-0.0167,0.0701,0.0714,0.005,-0.0187,0.0765,0.0073,0.065,0.0,0.0022,0.0383,0.5101,0.013,0.087,0.0719,6.6288,0.1453,5.7928,0.1508,0.4663,0.0146,0.0271,0.0229,0.0027,0.0062,0.0048,0.0434,0.0062,0.0187,0.024,0.0254,0.0109,106000.0,3.5277,187984000,46888000,0.175,43.82,0.038707629331205,2,FY2011.FQ2
2011-11-09,2011-09,93189000,10651000,82538000,14581000,97119000,950000,81588000,41151000,0,55018000,-18645000,0,36373000,0,36373000,0,36373000,0.78,0.77,46890000,47033000,3965000,211261000,4430530000,3737630000,-52513000,0,3685117000,160099000,22871000,924540000,132669000.0,9567087000,7798739000,0,98638000,128371000.0,8025748000,47000000,0,596615000,15781000,882620000,-607000,0,-70000.0,1541339000,9567087000,36373000,3965000,0,0,0,22771000,22771000,0,960000,7657000.0,71726000,-2093000,1830000,-263000.0,0,0,0,-403477000,608418000,204941000.0,0,-73784000.0,130894000,0,0,0,0,-235257000,-8207000,106139000,-137325000,0,65295000,-263000.0,0,0,-235000000,-257000,58983000,8379421000,71463000,0.3388,1541339000,593928000,0.0143,0.0904,0.0792,0.0883,0.0219,0.6073,0.5665,0.3745,0.0387,0.7358,6.2069,0.1611,0.0639,5.4364,0.4792,0.014,2.0649,1.254,1.1697,32.7714,12.6278,1.5194,1532463240,1419840240,11.0934,0.9942,2.5802,4.0119,6.965,10.2781,0.9211,2.3905,3.7171,6.4532,0.2272,0.0282,0.034,0.1178,0.1384,0.1307,0.1159,0.0055,0.5017,0.0948,0.0959,0.0355,0.041,0.0781,0.0438,0.1145,0.0,0.0001,0.0385,0.5141,0.0131,0.0883,0.0731,6.5585,0.1453,5.7219,0.1524,0.4663,0.0146,0.0108,0.0086,0.0065,0.009,0.0079,0.0342,0.0084,0.0187,0.024,0.0285,0.0987,5000.0,3.2418,-112623000,46893000,0.175,32.68,0.038707629331205,3,FY2011.FQ3
2012-02-29,2011-12,89658000,9571000,80087000,7242000,87329000,1150000,78937000,31562000,0,54617000,-18211000,0,36406000,0,36406000,0,36406000,0.78,0.77,46894000,47029000,3930000,212800000,4658936000,3765906000,-51594000,0,3714312000,159656000,20993000,924540000,131434000.0,9822671000,8060254000,0,97845000,97307000.000001,8255406000,47000000,0,623878000,13472000,883575000,-607000,0,-53000.0,1567265000,9822671000,36406000,3930000,0,0,0,-19009000,-19009000,0,970000,13196000.0,35493000,-1859000,3503000,1644000.0,0,0,0,-846744000,605796000,-240948000.0,0,-34659000.0,-273963000,0,0,0,0,-793000,-9143000,250293000,240357000,0,1887000,1644000.0,0,0,0,-793000,58547000,8637642000,37137000,0.3334,1567265000,621732000,0.0146,0.0911,0.0857,0.0984,0.0223,0.6704,0.6254,0.4168,0.0383,0.4252,6.2673,0.1595,0.0624,5.5112,0.4672,0.0137,1.8569,1.2449,1.1613,33.3255,13.2201,0.7896,1892818500,1777863500,13.3533,1.2077,3.0444,5.0355,8.5035,12.5423,1.1343,2.8595,4.7297,7.9871,0.2532,0.0072,-0.0651,0.0951,0.1081,0.11,0.1,0.0043,0.3385,0.0805,0.0818,0.0365,0.0811,0.0791,0.0455,0.0743,0.1142,0.0003,0.0385,0.521,0.0134,0.0885,0.0754,6.5374,0.1453,5.6895,0.1529,0.4662,0.0146,0.0058,-0.0037,0.0087,0.0132,0.0105,0.0305,0.0106,0.0189,0.0351,0.0,0.3101,17000.0,4.3735,-114955000,46910000,0.195,40.35,0.038707629331205,4,FY2011.FQ4
2012-05-09,2012-03,91616000,9770000,81846000,12413000,94259000,150000,81696000,38927000,0,55182000,-18695000,0,36487000,0,36487000,0,36487000,0.77,0.77,47238000,47411000,3730000,151467000,5646529000,3874862000,-51642000,0,3823220000,162676000,19302000,929160000,157601000.0,10889955000,8544451000,0,612591000,123380000.0,9280422000,47000000,0,651142000,12702000,898962000,-607000,0,333999.99999983,1609533000,10889955000,36487000,3730000,-24626000,0,0,23846000,-780000,0,1220000,9454000.0,50111000,-2264000,4817000,2553000.0,0,44550000,44550000,-1375431000,376996000,-998435000.0,0,-85120000.0,-1036452000,0,0,0,0,514746000,-9223000,419288000,924811000,0,-61530000,2553000.0,0,0,515000000,-254000,58912000,9672858000,52664000,0.3387,1609533000,661071000,0.0139,0.0908,0.0742,0.0819,0.0212,0.625,0.5854,0.387,0.0358,0.5587,6.7659,0.1477,0.3806,6.0097,0.4534,0.0133,1.9881,1.2425,1.1639,33.9485,13.9434,1.1107,2166202600,2627326600,15.0057,1.3458,3.2768,5.7632,10.9316,18.2,1.6323,3.9743,6.99,13.2586,0.2532,0.0178,-0.0002,0.0722,0.0844,0.077,0.0694,0.0099,0.0408,0.0845,0.0857,0.12,0.0931,0.0871,0.1357,-0.3169,0.0,0.0082,0.0385,0.5336,0.0136,0.0888,0.0758,6.5374,0.1453,5.6895,0.1529,0.4611,0.0146,0.0055,0.0017,0.0129,0.0219,0.0184,0.0202,0.0197,0.0194,0.0351,0.0541,0.0448,387000.0,7.403,461124000,47297000,0.195,45.8,0.038707629331205,1,FY2012.FQ1
2012-08-09,2012-06,92874000,9208000,83666000,11750000,95416000,600000,83066000,38882000,0,55934000,-18962000,0,36972000,0,36972000,0,36972000,0.78,0.78,47456000,47608000,3623000,152430000,5400044000,3950332000,-50382000,0,3899950000,166273000,17701000,932970000,167983000.0,10737351000,8394582000,0,522333000,176619000.0,9093534000,48000000,0,678857000,11511000,906545000,-607000,0,-489000.00000003,1643817000,10737351000,36972000,3623000,-7782000,0,0,-10548000,-18330000,0,950000,11655000.0,34870000,-4282000,2567000,-1715000.0,0,12037000,12037000,-1079881000,1312749000,232868000.0,0,-59786000.0,183404000,0,0,0,0,-90258000,-9257000,-118108000,-217623000,0,651000,-1715000.0,0,0,0,-90258000,59557000,9502806000,33155000,0.339,1643817000,693146000,0.0135,0.0898,0.0666,0.0716,0.0207,0.6241,0.5862,0.3874,0.0342,0.3474,6.5319,0.153,0.3177,5.7809,0.4705,0.0127,2.0042,1.2509,1.1748,34.5281,14.5594,0.6964,1995332220,2365235220,13.6444,1.2138,2.8786,5.3333,10.263,16.1738,1.4388,3.4123,6.322,12.1656,0.25,0.0004,-0.0179,0.0407,0.0504,0.0535,0.04,0.0117,0.0446,0.0777,0.0793,0.1118,0.0947,0.0874,0.1242,-0.1013,0.0,0.0037,0.0384,0.5438,0.0136,0.0892,0.0758,6.5285,0.1937,5.7204,0.1531,0.4621,0.0143,0.0043,0.0006,0.0158,0.0213,0.0146,0.0183,0.0195,0.0197,0.0232,0.0,0.322,177000.0,7.4156,369903000,47474000,0.195,42.03,0.038707629331205,2,FY2012.FQ2
2012-11-09,2012-09,117633000,10740000,106893000,20927000,127820000,1800000,105093000,57341000,0,68679000,-22503000,0,46176000,0,46176000,0,46176000,0.83,0.82,55958000,56093000,4376000,207401000,6799513000,5079103000,-50927000,0,5028176000,201445000,28090000,1200100000,247394000.0,13712119000,10954597000,0,197072000,522274000.0,11673943000,56000000,0,714103000,11044000,1257541000,-607000,0,95000.000000027,2038176000,13712119000,46176000,4376000,12785000,0,0,29212000,41997000,0,1060000,22107000.0,115716000,-1378000,4620000,3242000.0,0,123022000,123022000,-1154248000,1252469000,98221000.0,0,16681000.0,241166000,0,0,0,0,-325260000,-10930000,34448000,-301742000,0,55140000,3242000.0,0,0,0,-325260000,73055000,12086017000,118958000,0.3276,2038176000,809986000,0.0127,0.0847,0.0709,0.0772,0.0197,0.5715,0.5373,0.3612,0.0326,0.9306,6.7276,0.1486,0.0966,5.9298,0.4636,0.01,2.2787,1.3023,1.2243,36.3356,14.44,2.1207,2389191960,2378862960,15.3113,1.1722,2.9496,5.9018,9.8762,15.2451,1.1671,2.9369,5.8762,9.8335,0.2378,0.295,0.3161,0.2385,0.2483,0.2695,0.0649,0.1926,-0.0182,0.3589,0.3644,0.4332,0.4046,0.3223,0.4423,0.6646,0.0,0.1808,0.0383,0.5438,0.0136,0.0892,0.0739,6.5285,0.1937,5.7204,0.1531,0.4654,0.0141,0.0323,0.0348,0.0425,0.0415,0.0372,0.0219,0.0405,0.0399,0.0232,0.0637,0.0609,8584000.0,6.9775,-10329000,56058000,0.195,42.62,0.038707629331205,3,FY2012.FQ3
2013-02-28,2012-12,117719000,9418000,108301000,21000000,129301000,3550000,104751000,53862000,0,71889000,-23623000,0,48266000,0,48266000,0,48266000,0.86,0.85,56459000,56585000,4423000,325952000,7442065000,5179940000,-52564000,0,5127376000,205268000,26161000,1217160000,239591000.0,14583573000,11641844000,245000000,96808000,510532000.0,12494184000,56000000,0,750236000,8986000,1274290000,-607000,0,484000.00000038,2089389000,14583573000,48266000,4423000,-18472000,0,0,-42372000,-60844000,0,390000,16882000.0,9117000,-4517000,4851000,334000.0,0,10306000,10306000,-1159484000,578849000,-580635000.0,0,-19858000.0,-589853000,0,0,0,0,144735000,-12133000,566735000,699337000,0,118601000,334000.0,0,0,145000000,-265000,76312000,12947957000,9451000,0.3286,2089389000,846068000,0.0118,0.0813,0.0719,0.0812,0.0184,0.5901,0.5559,0.3732,0.0304,0.073,6.9798,0.1432,0.1635,6.197,0.4449,0.0101,2.285,1.3486,1.2704,36.9247,14.9521,0.167,2370774000,2141630000,14.12,1.1346,2.8021,5.3061,11.0665,12.7553,1.025,2.5312,4.7933,9.9969,0.2529,0.3522,0.4806,0.3034,0.3162,0.3257,0.1038,0.2031,0.5317,0.3754,0.3804,0.4846,0.4443,0.3331,0.499,-0.7455,0.1025,0.0069,0.0382,0.552,0.0136,0.0892,0.0731,6.5285,0.1875,5.7204,0.1531,0.4654,0.0138,0.0299,0.0325,0.0422,0.0443,0.0406,0.0225,0.0426,0.0405,0.0332,-0.1077,-0.1218,389000.0,6.2574,15856000,56447000,0.215,42.0,0.038707629331205,4,FY2012.FQ4
2013-05-09,2013-03,118031000,9949000,108082000,20871000,128953000,2800000,105282000,53197000,0,72956000,-23651000,0,49305000,0,49305000,0,49305000,0.87,0.86,56988000,57134000,4133000,180577000,7985811000,5263024000,-55049000,0,5207975000,206829000,26517000,1235740000,237865000.0,15081314000,11713467000,525000000,136823000,556569000.0,12931859000,57000000,0,787285000,7835000,1297891000,-607000,0,50999.0,2149455000,15081314000,49305000,4133000,16784000,0,0,28036000,44820000,0,1200000,13320000.0,112778000,-1588000,1425000,-163000.0,0,3471000,3471000,-1544814000,993836000,-550978000.0,0,47199000.0,-500471000,0,0,0,0,279433000,-12256000,-24376000,242801000,0,-144892000,-163000.0,0,0,280000000,-567000,77089000,13429412000,112615000,0.3241,2149455000,887198000,0.0121,0.0852,0.0689,0.0763,0.0188,0.5978,0.5657,0.3823,0.0308,0.8733,7.0163,0.1425,0.3079,6.2478,0.4493,0.0104,2.257,1.3492,1.2769,37.6212,15.5283,1.971,2701893460,2658139460,14.9507,1.257,3.0454,5.6115,9.8544,14.7086,1.2366,2.9961,5.5206,9.6949,0.25,0.3205,0.368,0.3085,0.322,0.3513,0.1168,0.205,0.1921,0.3582,0.3621,0.3848,0.3708,0.3354,0.3883,1.1383,0.0,0.01,0.037,0.5608,0.0136,0.0892,0.0723,6.5496,0.2161,5.7668,0.1526,0.4654,0.0135,0.0302,0.0322,0.0442,0.0528,0.0457,0.0222,0.0502,0.0416,0.0332,0.069,0.0579,567000.0,6.7139,481246000,57014000,0.215,47.39,0.038707629331205,1,FY2013.FQ1
2013-08-07,2013-06,129302000,10560000,118742000,22025000,140767000,2550000,116192000,58051000,0,80166000,-26322000,0,53844000,0,53844000,0,53844000,0.89,0.89,60250000,60394000,3805000,250542000,8017884000,6172483000,-56176000,0,6116307000,227455000,26692000,1350830000,281008000.0,16270718000,12508650000,770000000,96270000,550516000.0,13925436000,60000000,0,828153000,6320000,1451064000,-607000,0,351999.99999986,2345282000,16270718000,53844000,3805000,9623000,0,0,-22310000,-12687000,0,910000,9180000.0,55052000,-12038000,7242000,-4796000.0,0,288795000,288795000,-1933086000,1880163000,-52923000.0,0,-97305000.0,133771000,0,0,0,0,204319000,-12976000,-310430000,-119087000,0,69736000,-4796000.0,0,0,244583000,-40264000,83971000,14440909000,50256000,0.3283,2345282000,967760000,0.0126,0.0879,0.0656,0.0706,0.0194,0.5965,0.5694,0.3825,0.0317,0.357,6.9376,0.1441,0.3693,6.1574,0.4934,0.0091,2.3308,1.3903,1.3273,38.833,16.0241,0.8321,3123713850,2969441850,15.8089,1.3319,3.2277,5.9291,10.724,15.0282,1.2661,3.0683,5.6363,10.1944,0.2415,0.4192,0.4752,0.4099,0.4332,0.4563,0.141,0.2685,0.6436,0.5625,0.5683,0.5153,0.49,0.4267,0.5196,0.5157,0.0,0.0578,0.035,0.5661,0.0135,0.0892,0.0714,6.6474,0.2161,5.8553,0.1504,0.4654,0.013,0.0409,0.0418,0.0588,0.0574,0.0531,0.0243,0.0555,0.049,0.0207,0.0661,0.0381,3301000.0,6.5044,615728000,60315000,0.215,51.79,0.038707629331205,2,FY2013.FQ2
2013-11-08,2013-09,136213000,9680000,126533000,18798000,145331000,4025000,122508000,58781000,0,82525000,-27247000,0,55278000,0,55278000,0,55278000,0.92,0.91,60344000,60504000,4134000,269987000,7771345000,6182589000,-59913000,0,6122676000,232240000,25235000,1351780000,281016000.0,16054279000,12455799000,595000000,96006000,518362000.0,13665167000,60000000,0,870454000,5582000,1453263000,-607000,0,420000.00000007,2389112000,16054279000,55278000,4134000,-1349000,0,0,16937000,15588000,0,1030000,4823000.0,80853000,-7311000,2565000,-4746000.0,0,0,0,-722784000,953056000,230272000.0,0,2640000.0,228166000,0,0,0,0,-175264000,-12977000,-100818000,-289059000,0,19960000,-4746000.0,0,0,0,-175264000,86659000,14223921000,76107000,0.3301,2389112000,1012097000,0.0127,0.0873,0.0657,0.0716,0.0196,0.5962,0.5678,0.3803,0.0322,0.5236,6.7197,0.1488,0.2892,5.9536,0.4963,0.0096,2.402,1.4322,1.3639,39.4868,16.7277,1.2578,3734084720,3560103720,18.0658,1.5629,3.6894,6.8596,15.0307,17.2241,1.4901,3.5175,6.54,14.3304,0.2362,0.1837,0.1369,0.1862,0.2016,0.1971,0.1097,0.0786,0.3017,0.2172,0.2176,0.1708,0.137,0.1721,0.1768,-0.3602,0.0,0.0011,0.0334,0.5671,0.0131,0.0887,0.0714,6.7237,0.255,5.9417,0.1487,0.4689,0.0116,0.0463,0.0442,0.0563,0.0526,0.0476,0.0236,0.0514,0.049,0.0207,0.0092,-0.0012,68000.0,7.624,421019000,60383000,0.215,61.84,0.038707629331205,3,FY2013.FQ3
2014-02-28,2013-12,155751000,10282000,145469000,21825000,167294000,7865000,137604000,65259000,0,94170000,-31199000,0,62971000,0,62971000,0,62971000,0.98,0.98,64063000,64226000,4666000,380990000,8224448000,7775221000,-67282000,0,7707939000,282925000,42049000,1671520000,332157000.0,18642028000,15291271000,0,134920000,429019000.0,15855210000,66000000,0,917595000,4883000,1798862000,-607000,0,85000.000000036,2786818000,18642028000,62971000,4666000,-265000,0,0,-31087000,-31352000,0,1040000,21649000.0,58974000,-3070000,1127000,-1943000.0,0,284683000,284683000,-1956835000,1821902000,-134933000.0,0,-423000.00000003,147384000,0,0,0,0,-594845000,-15830000,514599000,-96076000,0,110282000,-1943000.0,0,0,0,-594845000,98836000,16380659000,57031000,0.3313,2786818000,1073249000,0.0127,0.0855,0.0737,0.0827,0.0195,0.5907,0.5629,0.3764,0.0325,0.3409,6.6893,0.1494,0.0484,5.8779,0.5084,0.0086,2.6047,1.5388,1.4662,43.3908,16.7105,0.8879,4186782720,3940712720,18.9106,1.5023,3.901,7.1895,14.1441,17.7992,1.414,3.6717,6.7669,13.3128,0.2448,0.3431,0.2938,0.2951,0.3099,0.3046,0.1529,0.135,0.1688,0.501,0.5032,0.2782,0.3134,0.3337,0.2651,5.0343,0.1162,0.0938,0.0326,0.5671,0.0127,0.0876,0.0714,6.7237,0.2264,5.9417,0.1487,0.4689,0.0103,0.0569,0.0558,0.0781,0.0683,0.0714,0.0271,0.0679,0.063,0.032,0.048,0.0445,5665000.0,6.9758,-246070000,66048000,0.24,63.39,0.038707629331205,4,FY2013.FQ4
2014-05-08,2014-03,154248000,10557000,143691000,25480000,169171000,600000,143091000,67910000,0,100661000,-33524000,0,67137000,0,67137000,0,67137000,1.01,1.01,66186000,66280000,5246000,349860000,8561337000,7752400000,-67096000,0,7685304000,280812000,39706000,1672000000,324114000.0,18913133000,15460057000,30000000,134682000,447640000.0,16072379000,66000000,0,968839000,4565000,1801659000,-607000,0,297999.99999977,2840754000,18913133000,67137000,5246000,8840000,0,0,35480000,44320000,0,1170000,-5194000.0,112679000,-2478000,5041000,2563000.0,0,0,0,-927436000,577778000,-349658000.0,0,34057000.0,-313038000,0,0,0,0,29762000,-15893000,155342000,169211000,0,-31148000,2563000.0,0,0,30000000,-238000,105907000,16663597000,115242000,0.333,2840754000,1129048000,0.0127,0.085,0.0807,0.092,0.0194,0.626,0.595,0.3968,0.0323,0.6812,6.6577,0.1502,0.0579,5.8659,0.5014,0.0086,2.5523,1.5978,1.5187,42.8598,17.0345,1.7387,4383165150,4167987150,18.3219,1.5429,3.8821,7.0405,14.6772,17.4225,1.4672,3.6915,6.6948,13.9567,0.2376,0.3294,0.3118,0.3738,0.3797,0.3616,0.1744,0.16,0.9374,0.4729,0.4756,0.254,0.3198,0.3216,0.2408,0.0233,0.0,0.0032,0.0324,0.5686,0.0127,0.0864,0.0714,6.7237,0.2264,5.9417,0.1487,0.4689,0.01,0.057,0.057,0.0756,0.0711,0.0708,0.0275,0.0705,0.063,0.032,0.0462,0.0489,212999.99999999,6.6618,-185178000,66261000,0.24,66.15,0.038707629331205,1,FY2014.FQ1
2014-08-06,2014-06,186503000,12448000,174055000,28588000,202643000,6325000,167730000,83283000,0,113035000,-37529000,0,75506000,0,75506000,0,75506000,1.08,1.08,69667000,69728000,6152000,509853000,8851235000,9308162000,-73266000,0,9234896000,285751000,37072000,1894270000,435029000.0,21248106000,17281055000,190000000,177741000,478716000.0,18127512000,70000000,0,1027607000,4359000,2019453000,-607000,0,-217999.99999985,3120594000,21248106000,75506000,6152000,-15574000,0,0,26896000,11322000,0,2540000,-13744000.0,81776000,-4231000,15833000,11602000.0,0,0,0,-2519264000,2288128000,-231136000.0,0,563059000.0,343525000,0,0,0,0,159759000,-16738000,-405081000,-262060000,0,163241000,11602000.0,0,0,160000000,-241000,119187000,18669250000,93378000,0.332,3120594000,1189252000,0.0129,0.0875,0.0803,0.0926,0.0199,0.5881,0.5578,0.3726,0.0333,0.4608,6.8089,0.1468,0.1178,5.9825,0.5386,0.0078,2.9061,1.7093,1.621,44.7538,17.0555,1.3391,4366037000,4033925000,16.735,1.3991,3.6712,6.379,12.7752,15.462,1.2926,3.3919,5.8937,11.8034,0.2222,0.4658,0.4395,0.4193,0.41,0.4023,0.2134,0.1545,1.035,0.508,0.5098,0.3059,0.3815,0.3305,0.2928,0.858,0.0,0.0525,0.0324,0.5667,0.0127,0.0864,0.0714,6.7467,0.2264,5.9681,0.1482,0.482,0.0098,0.0807,0.0878,0.0947,0.0801,0.0792,0.0344,0.0802,0.0712,0.0209,0.087,0.0965,3484000.0,4.8632,-142112000,69745000,0.24,62.6,0.038707629331205,2,FY2014.FQ2
2014-11-07,2014-09,187466000,11809000,175657000,26147000,201804000,5000000,170657000,81496000,0,115308000,-38738000,0,76570000,0,76570000,0,76570000,1.1,1.1,69751000,69791000,6114000,330952000,8845909000,9368888000,-77613000,0,9291275000,283011000,34469000,1892260000,439438000.0,21117314000,17014027000,280000000,177503000,462834000.0,17934364000,70000000,0,1087437000,3741000,2022586000,-607000,0,-207000.00000033,3182950000,21117314000,76570000,6114000,-4376000,0,0,15195000,10819000,0,2220000,-10148000.0,85575000,-2155000,1365000,-790000.0,0,0,0,-3805501000,3796348000,-9153000.0000002,0,-34304000.0,-44247000,0,0,0,0,89762000,-16740000,-296397000,-223375000,0,-182047000,-790000.0,0,0,90000000,-238000,121422000,18545749000,84785000,0.3359,3182950000,1256221000,0.0133,0.0895,0.0791,0.0897,0.0204,0.6016,0.5713,0.3794,0.0343,0.4201,6.6345,0.1507,0.1437,5.8265,0.5506,0.0082,2.8915,1.7397,1.6521,45.6068,17.9997,1.2148,3987950520,3834501520,14.1324,1.2529,3.1745,5.3824,11.3799,13.5886,1.2047,3.0524,5.1753,10.942,0.2181,0.3882,0.3885,0.4011,0.3972,0.3851,0.2087,0.1534,0.2258,0.5153,0.5175,0.3153,0.3659,0.3322,0.3038,0.114,0.0,0.0001,0.0324,0.5667,0.0127,0.0864,0.0714,6.7237,0.1536,5.9417,0.1487,0.4949,0.0093,0.0793,0.079,0.0923,0.0672,0.0713,0.0363,0.0684,0.0705,0.0209,0.0549,0.0487,11000.0,3.892,126551000,69756000,0.24,57.17,0.038707629331205,3,FY2014.FQ3
2015-03-02,2014-12,186578000,8827000,177751000,24827000,202578000,6350000,171401000,79483000,0,116745000,-38517000,0,78228000,0,78228000,0,78228000,1.12,1.12,69776000,69802000,6158000,677285000,9045776000,9244183000,-80762000,0,9163421000,281549000,58948000,1874190000,406564000.0,21507733000,17693158000,0,176255000,393494000.0,18262907000,70000000,0,1146652000,3729000,2025235000,-607000,0,-182999.99999999,3244826000,21507733000,78228000,6158000,20896000,0,0,-75313000,-54417000,0,2300000,35962000.0,68231000,-3211000,6526000,3315000.0,0,0,0,-1965901000,1752983000,-212918000.0,0,151179000.0,-58424000,0,0,0,0,-281248000,-19013000,636872000,336611000,0,346418000,3315000.0,0,0,0,-281248000,122903000,18967244000,71546000,0.3299,3244826000,1311688000,0.0139,0.0925,0.0842,0.0982,0.0213,0.6066,0.5762,0.3861,0.0357,0.3531,6.6283,0.1508,0.0543,5.8453,0.5224,0.0087,2.9021,1.7607,1.6725,46.4861,18.7915,1.0249,3863020800,3361990800,12.9875,1.1905,2.945,4.9768,10.585,11.303,1.0361,2.5631,4.3313,9.2121,0.2437,0.2219,0.2109,0.2435,0.2397,0.2422,0.1428,0.0868,0.7776,0.1889,0.1888,0.1537,0.157,0.1643,0.1579,0.2545,0.1375,0.0003,0.0324,0.5667,0.0127,0.0864,0.0728,6.7237,0.1307,5.9417,0.1487,0.4989,0.0089,0.0782,0.0781,0.0887,0.0715,0.0774,0.0368,0.0719,0.0703,0.0342,0.0694,0.0799,24000.0,3.5252,-501030000,69780000,0.273,55.36,0.038707629331205,4,FY2014.FQ4
2015-05-08,2015-03,173605000,10700000,162905000,24604000,187509000,1250000,161655000,75645000,0,110614000,-36973000,0,73641000,0,73641000,0,73641000,1.05,1.05,70034000,70055000,5405000,352642000,9579496000,9166005000,-80963000,0,9085042000,276468000,56453000,1881960000,374798000.0,21606859000,17561352000,325000000,6914000,411732000.0,18304998000,70000000,0,1201211000,3442000,2027754000,-607000,0,60999.0,3301861000,21606859000,73641000,5405000,30543000,0,0,12276000,42819000,0,2760000,-8059000.0,116566000,-2733000,5198000,2465000.0,0,0,0,-1554084000,1005778000,-548306000.0,0,97616000.0,-448225000,0,0,0,0,155659000,-19082000,-128491000,8086000,0,-323573000,2465000.0,0,0,325000000,-169341000,116019000,19098143000,119031000,0.3342,3301861000,1363448000,0.014,0.0928,0.0861,0.1008,0.0215,0.6187,0.5899,0.3927,0.0362,0.6348,6.5438,0.1528,0.1005,5.784,0.5219,0.0088,2.6765,1.6561,1.5789,47.1324,19.4625,1.6991,3674859520,3329131520,12.0905,1.1129,2.6952,4.6251,9.9659,10.953,1.0082,2.4417,4.19,9.0283,0.26,0.1337,0.1083,0.0954,0.0988,0.0968,0.0396,0.0569,0.0079,0.1823,0.1821,0.1424,0.1359,0.1623,0.146,0.0328,0.0,0.0034,0.0324,0.5686,0.0127,0.0874,0.0764,6.7045,0.1307,5.9157,0.1491,0.5049,0.0087,0.043,0.039,0.0608,0.0468,0.0483,0.025,0.0465,0.0494,0.0342,0.0007,0.0001,244000.0,4.8299,-20728000,70024000,0.273,52.48,0.038707629331205,1,FY2015.FQ1
2015-08-07,2015-06,167981000,9742000,158239000,26252000,184491000,500000,157739000,75690000,0,108301000,-36369000,0,71932000,0,71932000,0,71932000,1.03,1.03,70037000,70053000,5810000,353047000,9698079000,9114335000,-80972000,0,9033363000,275347000,54063000,1881960000,390428000.0,21686287000,17001664000,880000000,6741000,440597000.0,18329002000,70000000,0,1254057000,3026000,2030732000,-607000,0,76999.0,3357285000,21686287000,71932000,5810000,-15844000,0,0,13094000,-2750000,0,2930000,1984000.0,79906000,-2667000,1220000,-1447000.0,0,0,0,-1778880000,1644189000,-134691000.0,0,64338000.0,-71800000,0,0,0,0,554827000,-19086000,-543630000,-7889000,0,217000,-1447000.0,0,0,555000000,-173000,114111000,19165461000,78459000,0.3358,3357285000,1421262000,0.0138,0.0902,0.0762,0.0837,0.0212,0.6185,0.587,0.3898,0.0352,0.4252,6.4594,0.1548,0.2641,5.7086,0.536,0.0088,2.6335,1.6289,1.5459,47.9249,20.2883,1.1199,4044109600,3697803600,13.4637,1.2045,2.8454,5.2089,11.4298,12.3107,1.1014,2.6017,4.7628,10.451,0.265,-0.0908,-0.0895,-0.0425,-0.0418,-0.0473,-0.0462,0.0046,-0.3075,-0.0208,-0.0218,0.0206,-0.0161,0.0758,0.0265,-0.1597,0.0,0.0002,0.0329,0.5704,0.0128,0.0877,0.0777,6.6735,0.1307,5.8719,0.1498,0.5152,0.0087,0.0386,0.0361,0.0581,0.0399,0.0385,0.0193,0.0404,0.0485,0.0241,0.2424,0.2357,16000.0,6.9424,533694000,70040000,0.273,57.74,0.038707629331205,2,FY2015.FQ2
2015-11-06,2015-09,165543000,9435000,156108000,27856000,183964000,5310000,150798000,72506000,0,106148000,-35550000,0,70598000,0,70598000,0,70598000,1.01,1.01,70041000,70053000,5669000,300230000,9530761000,9204988000,-81003000,0,9123985000,271650000,51707000,1881960000,406943000.0,21567236000,16939937000,780000000,6571000,429489000.0,18155997000,70000000,0,1305569000,2462000,2033737000,-607000,0,77999.999999975,3411239000,21567236000,70598000,5669000,-16087000,0,0,13043000,-3044000,0,2850000,6578000.0,82651000,-2559000,3530000,971000.0,0,0,0,-3102837000,3254444000,151607000.0,0,-83743000.0,68835000,0,0,0,0,-100170000,-19086000,-85502000,-204758000,0,-53272000,971000.0,0,0,0,-100170000,111817000,19035979000,83622000,0.3349,3411239000,1477572000,0.0136,0.0869,0.0697,0.0755,0.0208,0.6078,0.577,0.3837,0.0342,0.4545,6.3224,0.1581,0.2305,5.5803,0.5433,0.0087,2.626,1.5961,1.5152,48.6951,21.0922,1.1936,3439713510,3146054510,11.6838,1.0083,2.3279,4.5346,9.7536,10.6863,0.9222,2.1292,4.1475,8.9209,0.2702,-0.1112,-0.0884,-0.0791,-0.0794,-0.0779,-0.0818,0.0037,-0.0928,-0.0174,-0.018,0.0213,-0.0043,0.0717,0.0264,-0.0137,0.0,0.0,0.0338,0.5738,0.0131,0.0877,0.0777,6.6461,0.1307,5.8556,0.1504,0.5222,0.0087,0.0374,0.0361,0.0574,0.0355,0.0375,0.0162,0.0364,0.0472,0.0241,-0.0306,-0.0293,1000.0,7.209,486341000,70041000,0.273,49.11,0.038707629331205,3,FY2015.FQ3
2016-02-29,2015-12,162572000,9314000,153258000,26287000,179545000,500000,152758000,73913000,0,105132000,-34657000,0,70475000,0,70475000,0,70475000,1.01,1.01,70021000,70034000,5605000,562544000,9502427000,9438589000,-81384000,0,9357205000,267996000,49414000,1868830000,428800000.0,22037216000,17681119000,485000000,6399000,401788000.0,18574306000,70000000,0,1355040000,2040000,2036378000,-607000,0,59000.0,3462910000,22037216000,70475000,5605000,-43368000,0,0,-32916000,-76284000,0,2560000,29335000.0,31691000,-1398000,3089000,1691000.0,0,0,0,-3710924000,3724835000,13911000.0,0,-215040000.0,-199438000,0,0,0,0,-295172000,-21004000,746659000,430483000,0,262736000,1691000.0,0,0,0,-295172000,110737000,19503560000,33382000,0.3296,3462910000,1544666000,0.0131,0.0833,0.0703,0.0786,0.0201,0.6167,0.5855,0.3925,0.0327,0.1859,6.3637,0.1571,0.1419,5.6321,0.5338,0.0086,2.5636,1.5811,1.5011,49.4461,22.0559,0.4766,3351252920,2795107920,11.6912,0.9677,2.1695,4.5563,10.656,9.751,0.8071,1.8095,3.8002,8.8876,0.297,-0.1377,-0.1136,-0.0989,-0.0994,-0.0991,-0.0982,0.0033,-0.1694,0.021,0.0211,0.0246,-0.0006,0.0672,0.0282,-0.5334,0.0989,-0.0002,0.0338,0.5766,0.0132,0.0874,0.0777,6.6314,0.1298,5.8359,0.1507,0.5281,0.0086,0.0258,0.0246,0.0433,0.0305,0.0352,0.0127,0.0308,0.0397,0.0338,-0.0537,-0.04,-19000.0,9.1849,-71145000,70022000,0.3,47.86,0.038707629331205,4,FY2015.FQ4
2016-05-09,2016-03,177191000,10934000,166257000,26363000,192620000,14000000,152257000,76098000,0,102522000,-33571000,0,68951000,0,68951000,0,68951000,0.98,0.98,70174000,70181000,5571000,334592000,9448704000,9654408000,-83714000,0,9570694000,277951000,47196000,1903450000,395758000.0,21978345000,17872766000,180000000,13442000,413077000.0,18479285000,70000000,0,1403102000,2136000,2024849000,-607000,0,-420000.00000007,3499060000,21978345000,68951000,5571000,62906000,0,0,12159000,75065000,0,2650000,8761000.0,160998000,-1778000,1832000,54000.0,-8963000,0,-8963000,-2632941000,2921530000,288589000.0,0,12730000.0,292410000,0,-47182000,-47182000,0,-305174000,-20889000,-308147000,-681392000,0,-227984000,54000.0,0,0,0,-305174000,108093000,19437704000,161052000,0.3274,3499060000,1548414000,0.0128,0.0809,0.0737,0.0835,0.0195,0.5611,0.5322,0.3579,0.0325,0.8361,6.2812,0.1592,0.0552,5.5551,0.5401,0.0086,2.7446,1.5402,1.4608,49.8576,22.0631,2.2948,3226099770,2904949770,11.4418,0.9219,2.0834,4.3559,9.0489,10.3028,0.8302,1.876,3.9223,8.1481,0.3061,0.0205,0.0272,-0.0683,-0.0731,-0.0636,-0.0666,0.0017,-0.0511,0.0532,0.0534,0.0171,0.0177,0.0597,0.0177,0.353,0.0,-0.0068,0.0338,0.5766,0.0132,0.0872,0.0777,6.586,0.1091,5.8053,0.1518,0.5349,0.0086,0.0276,0.0285,0.0455,0.0317,0.0367,0.0074,0.0319,0.0388,0.0338,0.0713,0.0778,-479000.0,15.3823,-141150000,69543000,0.3,46.39,0.038707629331205,1,FY2016.FQ1
2016-08-10,2016-06,169459000,10992000,158467000,24309000,182776000,6000000,152467000,75071000,0,101705000,-33634000,0,68071000,0,68071000,0,68071000,0.98,0.98,69565000,69574000,5620000,333208000,9274651000,9650008000,-83826000,0,9566182000,273104000,44862000,1903450000,400853000.0,21796310000,17219145000,600000000,6049000,426532000.0,18251726000,69000000,0,1450302000,1623000,2023179000,0,0,479999.99999956,3544584000,21796310000,68071000,5620000,-6741000,0,0,-2342000,-9083000,0,2510000,-1170000.0,65948000,-1583000,5078000,3495000.0,0,0,0,-5113362000,5276316000,162954000.0,0,14904000.0,181353000,0,-3875000,-3875000,0,412607000,-20871000,-637448000,-249587000,0,-2286000,3495000.0,0,0,420000000,-7393000,107325000,19257867000,69443000,0.3307,3544584000,1596272000,0.0127,0.0789,0.0709,0.0775,0.0193,0.5871,0.5564,0.3724,0.0327,0.3799,6.1491,0.1626,0.1709,5.433,0.5604,0.0086,2.627,1.5426,1.4618,50.9469,22.9435,0.9981,3542785200,3215626200,12.7394,0.9994,2.2194,4.7946,10.195,11.563,0.9071,2.0144,4.3518,9.2536,0.3061,0.0014,-0.0092,-0.0594,-0.0609,-0.0536,-0.0485,-0.0068,-0.0561,0.0587,0.0589,0.005,0.0127,0.0557,0.0048,-0.1149,0.0,-0.0009,0.0338,0.5766,0.0132,0.0872,0.0777,6.5016,0.1298,5.7463,0.1538,0.5373,0.0086,0.0085,0.0088,0.0218,0.0163,0.0119,0.0,0.0157,0.0243,0.0225,0.0112,0.0198,-63000.0,0.0,272841000,69480000,0.3,50.99,0.038707629331205,2,FY2016.FQ2
2016-11-07,2016-09,164460000,10396000,154064000,25477000,179541000,2000000,152064000,75269000,0,102272000,-33621000,0,68651000,0,68651000,0,68651000,0.99,0.99,69478000,69484000,5707000,341483000,8988021000,9548314000,-85585000,0,9462729000,270386000,48009000,1900350000,393066000.00001,21404044000,16921409000,420000000,5916000,461907000.0,17809232000,69000000,0,1498111000,1502000,2025722000,0,0,476999.99999986,3594812000,21404044000,68651000,5707000,6931000,0,0,36927000,43858000,0,2070000,5108000.0,125394000,-572000,296000,-276000.0,0,0,0,-1060635000,1335767000,275132000.0,0,108184000.0,383040000,0,0,0,0,-180133000,-20842000,-299038000,-500013000,0,8421000,-276000.0,0,0,0,-180133000,107979000,18877818000,125118000,0.3287,3594812000,1646453000,0.0127,0.0773,0.0675,0.0736,0.0194,0.6014,0.5696,0.3823,0.0331,0.6968,5.9541,0.1679,0.1184,5.2514,0.5642,0.0089,2.5839,1.554,1.4718,51.7358,23.6954,1.8006,3813647420,3478080420,13.8101,1.0608,2.3162,5.1922,9.8038,12.5949,0.9675,2.1124,4.7354,8.9411,0.303,-0.013,-0.024,-0.0343,-0.0365,-0.0275,-0.0198,-0.0081,0.1374,0.0372,0.0371,-0.0075,-0.001,0.0538,-0.0083,0.4962,0.0,0.0,0.0338,0.5738,0.0132,0.0872,0.075,6.4116,0.1301,5.6703,0.1559,0.5394,0.0087,0.0069,0.0059,0.021,0.0125,0.009,-0.0019,0.0124,0.0238,0.0225,0.0107,0.0082,-2000.0,-69.1175,84433000,69478000,0.3,54.89,0.038707629331205,3,FY2016.FQ3
2017-02-28,2016-12,164669000,10837000,153832000,25226000,179058000,2000000,151832000,74899000,0,102159000,-33366000,0,68793000,0,68793000,0,68793000,0.99,0.99,69482000,69485000,5396000,436203000,9726086000,9622060000,-85326000,0,9536734000,262083000,45779000,1900850000,423337000.0,22331072000,17307302000,985000000,5781000,390678000.0,18688761000,69000000,0,1543280000,1411000,2028129000,0,0,491000.00000044,3642311000,22331072000,68793000,5396000,-47481000,0,0,-73731000,-121212000,0,2310000,26728000.0,-17985000,-1074000,6411000,5337000.0,0,0,0,-1266622000,516917000,-749705000.0,0,-71428000.0,-815796000,0,0,0,0,564865000,-23624000,387808000,929049000,0,95268000,5337000.0,0,0,565000000,-135000,107555000,19784349000,-12648000,0.3266,3642311000,1695682000,0.0125,0.0758,0.0634,0.0696,0.019,0.6006,0.5705,0.3841,0.0327,-0.0706,6.131,0.1631,0.272,5.4318,0.5559,0.0088,2.5769,1.5478,1.4702,52.4186,24.4035,-0.182,4988063980,4557641980,18.1737,1.3694,2.9416,6.7957,14.5439,16.6054,1.2513,2.6877,6.2093,13.2889,0.3434,0.0037,-0.0027,-0.0287,-0.0282,-0.0238,-0.0198,-0.0078,-0.2245,0.0194,0.0191,0.0133,-0.0211,0.0518,0.0143,-1.3788,0.1333,0.0001,0.0337,0.5738,0.0132,0.0851,0.0723,6.343,0.1428,5.6062,0.1576,0.5417,0.0087,-0.0122,-0.0122,0.0033,0.0058,0.0001,-0.0086,0.0049,0.0155,0.0354,0.0,0.0,13000.0,-20.9775,554578000,69491000,0.34,71.78,0.038707629331205,4,FY2016.FQ4
2017-05-08,2017-03,165050000,12615000,152435000,26739000,179174000,2675000,149760000,73977000,0,102522000,-33957000,0,68565000,0,68565000,0,68565000,0.99,0.99,69480000,69482000,5018000,324797000,9854120000,9739253000,-84095000,0,9655158000,257558000,43864000,1900850000,441072000.0,22477419000,17035572000,1265000000,5644000,482121000.0,18788337000,69000000,0,1588222000,1430000,2029950000,0,0,480000.00000002,3689082000,22477419000,68565000,5018000,-17703000,0,0,75998000,58295000,0,1660000,10910000.0,144448000,-1123000,4401000,3278000.0,0,0,0,-1774318000,1636430000,-137888000.0,0,-121679000.0,-256289000,0,0,0,0,279863000,-23623000,-256038000,202000,0,-111639000,3278000.0,0,0,280000000,-137000,107540000,19918170000,147726000,0.3312,3689082000,1744368000,0.0122,0.0747,0.0571,0.062,0.0186,0.6001,0.5721,0.3826,0.0311,0.8244,6.0929,0.1641,0.3444,5.3992,0.5717,0.0086,2.5787,1.5477,1.4755,53.094,25.1053,2.1261,4843450800,4524297800,17.6716,1.3129,2.7766,6.7218,14.6931,16.5072,1.2264,2.5936,6.2789,13.725,0.3434,-0.0831,-0.0698,-0.0051,0.0,-0.0055,0.0102,-0.0099,-0.0292,0.0087,0.0088,0.0227,-0.0468,0.0543,0.0247,-0.0827,0.0,-0.0001,0.0329,0.5742,0.0129,0.0821,0.0706,6.3018,0.1564,5.5677,0.1586,0.5417,0.0087,-0.014,-0.0118,0.0038,0.0071,0.0001,-0.0104,0.0062,0.0148,0.0354,0.0537,0.057,-11000.0,-16.861,945847000,69480000,0.34,69.71,0.038707629331205,1,FY2017.FQ1
2017-08-07,2017-06,168047000,15816000,152231000,23564000,175795000,2750000,149481000,72226000,0,100819000,-32265000,0,68554000,0,68554000,0,68554000,0.99,0.99,69487000,69487000,4770000,321958000,9582195000,9864019000,-83783000,0,9780236000,256511000,42145000,1900850000,412648000.0,22296543000,17070530000,1030000000,5506000,454319000.0,18560355000,69000000,0,1633150000,1866000,2031684000,0,0,488000.00000028,3736188000,22296543000,68554000,4770000,23113000,0,0,-38251000,-15138000,0,1740000,3515000.0,63441000,-2367000,2595000,228000.0,0,0,0,-6240263000,6506726000,266463000.0,0,-119841000.0,146850000,0,0,0,0,-235138000,-23626000,45446000,-213318000,0,-3027000,228000.0,0,0,0,-235138000,105589000,19768172000,63669000,0.32,3736188000,1793193000,0.0122,0.0739,0.0564,0.0604,0.0186,0.6006,0.5735,0.3899,0.0308,0.3621,5.9677,0.1675,0.2771,5.291,0.5778,0.0084,2.5298,1.5195,1.4509,53.7681,25.8061,0.9162,4463909120,4147457120,16.2582,1.1947,2.4893,6.2557,13.7832,15.1056,1.11,2.3128,5.8122,12.8061,0.3434,-0.0393,-0.0381,-0.0161,-0.0087,0.007,0.0102,-0.0012,-0.0337,0.0221,0.0223,0.0229,-0.0086,0.054,0.0264,-0.0831,0.0,0.0001,0.0327,0.5728,0.0127,0.0799,0.07,6.2152,0.2007,5.494,0.1609,0.5496,0.0087,-0.0153,-0.014,0.0065,0.0041,-0.0035,-0.0122,0.0036,0.0142,0.0221,-0.0072,-0.0115,8000.0,-13.2589,713548000,69488000,0.34,64.24,0.038707629331205,2,FY2017.FQ2
2017-11-06,2017-09,172419000,16272000,156147000,24303000,180450000,6900000,149247000,73003000,0,100547000,-32639000,0,67908000,0,67908000,0,67908000,0.98,0.98,69485000,69485000,4736000,302469000,9410522000,9911202000,-86812000,0,9824390000,256011000,40459000,1900850000,408562000.0,22143263000,16907476000,955000000,5365000,494064000.0,18361905000,69000000,0,1677432000,1063000,2033379000,0,0,484000.00000038,3781358000,22143263000,67908000,4736000,3897000,0,0,51448000,55345000,0,1690000,8830000.0,138509000,-3153000,1883000,-1270000.0,0,0,0,-303903000,464225000,160322000.0,0,-43316000.0,115736000,0,0,0,0,-75141000,-23626000,-174717000,-273484000,0,-19239000,-1270000.0,0,0,0,-75141000,105283000,19624193000,137239000,0.3246,3781358000,1840049000,0.0123,0.0728,0.0575,0.0616,0.0186,0.5834,0.5572,0.3763,0.0312,0.7605,5.8559,0.1707,0.2539,5.1897,0.5862,0.0087,2.5969,1.5151,1.447,54.4197,26.4812,1.975,4489361240,4192257240,16.3953,1.1872,2.4398,6.2834,13.3617,15.3102,1.1086,2.2783,5.8675,12.4774,0.3469,0.0135,0.005,-0.0249,-0.0168,-0.0108,-0.0101,0.0,-0.1142,0.038,0.0382,0.0345,-0.0008,0.0518,0.0395,0.0968,0.0,-0.0001,0.0327,0.5713,0.0127,0.0781,0.0686,6.1401,0.2422,5.4324,0.1628,0.5581,0.0087,-0.0042,-0.0038,0.0078,0.0027,-0.0037,-0.0068,0.0024,0.0136,0.0221,0.0173,0.0143,-4000.0,-23.8458,657896000,69484000,0.34,64.61,0.038707629331205,3,FY2017.FQ3
2018-02-28,2017-12,171839000,15789000,156050000,24797000,180847000,2000000,154050000,76665000,0,102182000,-35044000,0,67138000,0,67138000,0,67138000,0.97,0.97,69481000,69481000,4633000,391616000,9672116000,10020773000,-84041000,0,9936732000,257065000,38837000,1900850000,390076000.0,22587292000,17821460000,500000000,5223000,436455000.0,18763138000,69000000,0,1719557000,-113000,2035219000,0,0,490999.99999999,3824154000,22587292000,67138000,4633000,15291000,0,0,-57676000,-42385000,0,1850000,13091000.0,44327000,-4586000,1251000,-3335000.0,0,0,0,-682034000,409141000,-272893000.0,0,-102663000.0,-378891000,0,0,0,0,-455142000,-25013000,903556000,423401000,0,88837000,-3335000.0,0,0,0,-455142000,106815000,20084505000,40992000,0.3429,3824154000,1884467000,0.0121,0.0715,0.06,0.0649,0.0185,0.5906,0.565,0.3712,0.031,0.2266,5.9064,0.1693,0.1321,5.252,0.5622,0.0083,2.6028,1.5373,1.4706,55.0388,27.122,0.5899,4869234370,4482841370,17.8907,1.2732,2.5838,6.798,12.4972,16.471,1.1722,2.3788,6.2586,11.5054,0.3711,0.0144,0.0099,-0.0068,0.0002,-0.024,-0.0202,-0.0001,-0.1022,0.0414,0.0419,0.0114,0.0297,0.0499,0.0151,4.2409,0.0588,0.0001,0.0326,0.57,0.0126,0.0766,0.0655,6.1119,0.2007,5.4155,0.1636,0.5613,0.0086,-0.0013,-0.0019,0.0095,0.0046,0.0047,-0.0059,0.004,0.0131,0.028,-0.0572,-0.0628,7000.0,-29.8985,113607000,69491000,0.36,70.07,0.038707629331205,4,FY2017.FQ4
2018-05-07,2018-03,171018000,17795000,153223000,23490000,176713000,9000000,144223000,75606000,0,92107000,-17746000,0,74361000,0,74361000,0,74361000,1.07,1.07,69768000,69768000,4601000,243514000,9710254000,10011416000,-83600000,0,9927816000,257057000,37269000,1900850000,395554000.0,22472314000,17332879000,815000000,5079000,443211000.0,18596169000,70000000,0,1768783000,45000,2037498000,0,0,-181000.00000004,3876145000,22472314000,74361000,4601000,-7406000,0,0,-8666000,-16072000,0,2610000,12028000.0,77528000,-3078000,634000,-2444000.0,0,0,0,-2096958000,2050570000,-46388000.0,0,6358999.9999999,-42473000,0,0,0,0,314856000,-25135000,-473106000,-183385000,0,-148330000,-2444000.0,0,0,315000000,-144000,96708000,19965184000,75084000,0.1926,3876145000,1938026000,0.0123,0.0721,0.0615,0.0662,0.0179,0.5472,0.5212,0.4208,0.0308,0.4248,5.7975,0.1724,0.2115,5.1507,0.5775,0.0083,2.5328,1.3861,1.3201,55.5576,27.7781,1.0761,5070953970,4832518970,18.2434,1.3082,2.6165,7.1041,15.9975,17.3856,1.2467,2.4935,6.77,15.2453,0.3364,0.0051,-0.0137,-0.1007,-0.1015,0.0845,0.0808,0.0041,-0.2502,0.0279,0.0282,-0.0002,0.0174,0.0507,0.0023,-0.4917,0.0,0.0047,0.0318,0.5673,0.0124,0.0753,0.0625,6.0303,0.1912,5.3451,0.1658,0.5632,0.0086,-0.0018,-0.004,0.0084,0.0047,0.0022,0.0057,0.0041,0.0128,0.028,-0.0063,-0.0107,328000.0,31.5219,576565000,69819000,0.36,72.63,0.038707629331205,1,FY2018.FQ1
2018-08-07,2018-06,184321000,22518000,161803000,24015000,185818000,4000000,157803000,79246000,0,102572000,-20975000,0,81597000,0,81597000,0,81597000,1.17,1.17,69839000,69839000,4555000,274902000,9620614000,10146565000,-84964000,0,10061601000,255465000,35768000,1900850000,421540000.0,22570740000,16978604000,1250000000,4849000,401835000.0,18635288000,70000000,0,1825237000,345000,2040032000,0,0,-161999.99999981,3935452000,22570740000,81597000,4555000,-25148000,0,0,3460000,-21688000,0,2550000,13331000.0,80345000,-3202000,2013000,-1189000.0,0,0,0,-6843323000,6925577000,82254000.0,0,-138782000.0,-57717000,0,0,0,0,434770000,-25143000,-400759000,8868000,0,31496000,-1189000.0,0,0,435000000,-230000,107127000,20042081000,79156000,0.2044,3935452000,1998834000,0.0129,0.0745,0.0588,0.0621,0.0179,0.5765,0.552,0.4391,0.0313,0.4259,5.7352,0.1743,0.3188,5.0927,0.5976,0.0083,2.6606,1.5339,1.4686,56.3503,28.6205,1.1334,4774125680,4504072680,16.4057,1.2131,2.3884,6.5956,14.3595,15.4777,1.1444,2.2533,6.2225,13.5472,0.3076,0.0628,0.057,0.0145,0.0173,0.1902,0.1818,0.005,-0.1461,0.0286,0.0287,0.0122,-0.0053,0.0533,0.0138,0.2432,0.0,0.0002,0.0312,0.5611,0.0124,0.0746,0.0608,5.9609,0.2327,5.2715,0.1677,0.5679,0.0086,0.0054,0.0034,0.0072,0.0027,-0.004,0.0148,0.0023,0.0128,0.0183,0.0974,0.0901,19000.0,11.0744,979947000,69838000,0.36,68.36,0.038707629331205,2,FY2018.FQ2
2018-11-07,2018-09,184676000,27357000,157319000,26112000,183431000,2350000,154969000,77248000,0,103833000,-21310000,0,82523000,0,82523000,0,82523000,1.18,1.18,69838000,69838000,4617000,293831000,9504733000,10292846000,-85996000,0,10206850000,256426000,34290000,1900850000,415603000.0,22612583000,16733764000,1500000000,1207000,381915000.0,18616886000,70000000,0,1882618000,463000,2042778000,0,0,-161999.99999981,3995697000,22612583000,82523000,4617000,-3484000,0,0,-24769000,-28253000,0,2750000,6698000.0,68335000,-4211000,9715000,5504000.0,0,0,0,-381487000,489445000,107958000.0,0,-143269000.0,-29807000,0,0,0,0,246358000,-25142000,-240753000,-19537000,0,18991000,5504000.0,0,0,250000000,-3642000,108450000,20091410000,73839000,0.2052,3995697000,2060557000,0.0135,0.077,0.0571,0.0604,0.018,0.5912,0.566,0.4498,0.0313,0.4025,5.6592,0.1767,0.3757,5.0282,0.615,0.0083,2.6265,1.5528,1.4867,57.2137,29.5048,1.0572,4843265300,4550641300,15.8473,1.2121,2.3504,6.6637,17.9999,14.8899,1.1388,2.2084,6.2611,16.9124,0.305,0.0075,0.0165,0.03,0.0326,0.2152,0.204,0.005,-0.0285,0.0385,0.0389,0.0211,-0.0102,0.0566,0.0238,-0.4619,0.0,0.0,0.0312,0.5655,0.0124,0.0746,0.0594,5.9303,0.2629,5.2517,0.1686,0.5746,0.0085,-0.0055,-0.0048,0.0064,0.0033,-0.0065,0.0187,0.0028,0.0133,0.0183,-0.0821,-0.075,0.0,8.454,1207376000,69838000,0.36,69.35,0.038707629331205,3,FY2018.FQ3
2019-02-27,2018-12,187194000,29946000,157248000,24605000,181853000,1000000,156248000,76330000,0,104523000,-21192000,0,83331000,0,83331000,0,83331000,1.19,1.19,69839000,69839000,4551000,410575000,9408966000,10370313000,-86440000,0,10283873000,257046000,32878000,1900850000,399214000.0,22693402000,17256558000,1030000000,1126000,352894000.0,18640578000,70000000,0,1937316000,310000,2045351000,0,0,-152999.99999979,4052824000,22693402000,83331000,4551000,21227000,0,0,-28076000,-6849000,0,2580000,10325000.0,93938000,-4624000,687000,-3937000.0,0,0,0,-307162000,395396000,88234000.0,0,-73252000.0,11045000,0,0,0,0,-470081000,-28633000,510388000,11674000,0,116657000,-3937000.0,0,0,0,-470081000,109074000,20189854000,90001000,0.2027,4052824000,2119096000,0.0142,0.0799,0.0608,0.0651,0.018,0.5997,0.5747,0.4582,0.0312,0.4949,5.5994,0.1785,0.2544,4.9816,0.6009,0.0083,2.6038,1.5617,1.4966,58.0309,30.3425,1.2886,4351468100,3942019100,13.5217,1.0736,2.0534,5.9788,13.6804,12.2494,0.9726,1.8602,5.4162,12.3931,0.3445,0.0076,0.0055,0.0211,0.0229,0.2411,0.2268,0.0051,0.0484,0.0348,0.0349,0.0046,-0.0316,0.0597,0.0052,1.1955,0.1388,0.0001,0.0312,0.5678,0.0124,0.0746,0.0594,5.8811,0.2632,5.2205,0.17,0.5777,0.0084,-0.0007,-0.0005,0.0072,0.0047,0.0002,0.0196,0.004,0.0134,0.0317,0.036,0.0262,9000.0,6.8969,620551000,69847000,0.41,62.3,0.038707629331205,4,FY2018.FQ4
2019-05-07,2019-03,186115000,31204000,154911000,23571000,178482000,700000,154211000,73998000,0,103784000,-21382000,0,82402000,0,82402000,0,82402000,1.18,1.18,69847000,69847000,4423000,291498000,9137645000,10414022000,-86091000,0,10327931000,257595000,31559000,1900850000,407163000.0,22354241000,17197770000,680000000,952000,365729000.0,18244451000,70000000,0,1991081000,707000,2048156000,0,0,-153999.99999954,4109790000,22354241000,82402000,4423000,7034000,0,0,26672000,33706000,0,2800000,10234000.0,133565000,-3633000,1347000,-2286000.0,0,0,0,-3130581000,3395816000,265235000.0,0,-47831000.0,215118000,0,0,0,0,-350174000,-28637000,-88935000,-467746000,0,-119063000,-2286000.0,0,0,0,-350174000,108207000,19843165000,131279000,0.206,4109790000,2177381000,0.0146,0.0808,0.0668,0.0719,0.0187,0.6062,0.5814,0.4616,0.0315,0.7355,5.4392,0.1838,0.1656,4.8282,0.6055,0.0082,2.5553,1.5492,1.4858,58.8398,31.1735,1.8795,4823564760,4533018760,14.6233,1.1736,2.2153,6.6113,12.8877,13.7425,1.1029,2.0818,6.2131,12.1114,0.3474,0.011,0.01,0.1189,0.1267,0.1081,0.1028,0.0011,0.197,0.0402,0.0403,-0.0052,-0.0077,0.0602,-0.0061,0.7484,0.0,0.0,0.0312,0.5682,0.0124,0.0746,0.0594,5.8267,0.2632,5.1702,0.1716,0.582,0.0083,0.0005,-0.0005,0.0087,0.0049,0.0016,0.0177,0.0043,0.0134,0.0317,0.0063,0.0048,-1000.0,8.2564,389454000,69846000,0.41,69.06,0.038707629331205,1,FY2019.FQ1
2019-08-02,2019-06,187787000,32949000,154838000,25054000,179892000,800000,154038000,75917000,0,103175000,-20917000,0,82258000,0,82258000,0,82258000,1.18,1.18,69806000,69806000,4376000,302069000,8951940000,10587375000,-87006000,0,10500369000,262479000,30294000,1900850000,427220000.0,22375221000,16887629000,940000000,874000,418823000.0,18247326000,69000000,0,2044696000,1273000,2012665000,0,0,261000.00000042,4127895000,22375221000,82258000,4376000,-22032000,0,0,-5230000,-27262000,0,2350000,11202000.0,72924000,-8105000,1158000,-6947000.0,0,0,0,-4275735000,4454549000,178814000.0,0,-176200000.0,-4333000,0,-38421000,-38421000,0,259922000,-28643000,-250889000,-58031000,0,10560000,-6947000.0,0,0,260000000,-78000,107551000,19841384000,65977000,0.2027,4127895000,2196751000,0.0147,0.0802,0.067,0.0713,0.0189,0.5978,0.5735,0.4572,0.0314,0.3667,5.4204,0.1844,0.2279,4.8066,0.6269,0.0082,2.577,1.5407,1.478,59.1338,31.4693,0.9451,4574689050,4273494050,13.8411,1.1082,2.0824,6.3216,12.6688,12.9298,1.0352,1.9453,5.9054,11.8347,0.3474,-0.043,-0.0318,0.0039,0.0058,0.0081,0.0085,-0.0004,0.0988,0.0434,0.0436,-0.0086,-0.0053,0.0488,-0.01,-0.1664,0.0,-0.0083,0.0312,0.5691,0.0126,0.0746,0.0594,5.7664,0.2541,5.1217,0.1734,0.5919,0.0083,0.0006,0.0004,0.0096,0.0002,-0.0024,0.0177,0.0001,0.0125,0.0188,0.0,0.0,-585000.0,7.8147,638805000,69261000,0.41,66.05,0.038707629331205,2,FY2019.FQ2
2019-11-07,2019-09,186178000,32188000,153990000,25684000,179674000,1100000,152890000,75710000,0,102864000,-21106000,0,81758000,0,81758000,0,81758000,1.19,1.19,68738000,68738000,4534000,420359000,8495206000,10673345000,-87061000,0,10586284000,263703000,29046000,1900850000,397369000.0,22092817000,16929920000,600000000,795000,435296000.0,17966011000,68000000,0,2098411000,38000,1959960000,0,0,396999.99999993,4126806000,22092817000,81758000,4534000,28858000,0,0,17398000,46256000,0,2490000,7671000.0,142709000,-4515000,2026000,-2489000.0,0,0,0,-2051135000,2498279000,447144000.0,0,-84793000.0,359862000,0,-56063000,-56063000,0,-340079000,-28043000,39870000,-384315000,0,118256000,-2489000.0,0,0,0,-340079000,107398000,19588910000,140220000,0.2051,4126806000,2196910000,0.0148,0.0798,0.0673,0.0726,0.019,0.5977,0.5725,0.455,0.0314,0.7804,5.3534,0.1867,0.1455,4.7467,0.6304,0.0081,2.6138,1.5624,1.4964,60.0367,31.9606,2.0399,4830880110,4411316110,14.6501,1.1706,2.1989,6.7104,11.3009,13.3777,1.0689,2.0079,6.1276,10.3194,0.3445,-0.0211,-0.0204,-0.0097,-0.0093,-0.0092,0.0084,-0.0157,0.4306,0.0369,0.0371,-0.0229,0.0117,0.0328,-0.025,0.8989,0.0,-0.0124,0.0312,0.5692,0.0132,0.0757,0.0604,5.6972,0.2409,5.0604,0.1755,0.5992,0.0083,0.001,0.0002,0.0092,-0.0016,-0.0006,0.0185,-0.0017,0.0112,0.0188,-0.0012,-0.0052,-864000.0,7.8888,180436000,68397000,0.41,70.63,0.038707629331205,3,FY2019.FQ3
2020-02-28,2019-12,272858000,40828000,232030000,26348000,258378000,1700000,230330000,100891000,46402000,109385000,-23251000,0,86134000,0,86134000,0,86134000,1.01,1.01,85707000,85707000,6917000,573589000,8570056000,18845346000,-87469000,0,18757877000,326832000,86405000,3223670000,647279000.0,32185708000,24199732000,1300000000,129534000,585607000.0,26214873000,95000000,0,2140968000,602000,3734519000,0,0,-253999.99999991,5970835000,32185708000,86134000,6917000,70286000,0,0,-70242000,44000,0,2960000,-42239000.0,53816000,-2335000,785000,-1550000.0,0,0,0,-109084000,499322000,390238000.0,0,300653000.0,689341000,0,0,0,0,-1391360000,-43577000,845008000,-589929000,0,153228000,-1550000.0,0,0,0,-1391360000,116302000,27988991000,52266000,0.2125,5970835000,2660760000,0.0122,0.0658,0.0548,0.0597,0.0157,0.4501,0.4233,0.3333,0.0292,0.2022,5.3904,0.1855,0.2394,4.6876,0.7787,0.0046,3.0146,1.3569,1.2762,69.6656,31.0448,0.6098,6811289940,6367234940,20.4818,1.1407,2.5599,8.5523,17.4764,19.1465,1.0663,2.393,7.9947,16.337,0.4554,0.4755,0.4208,0.0662,0.0465,0.0336,-0.1512,0.2272,0.397,0.8172,0.824,0.4182,0.4023,0.4732,0.3862,-0.4192,0.1219,0.3852,0.0312,0.5655,0.0132,0.0757,0.0604,5.6293,0.2336,5.0049,0.1776,0.6032,0.0083,0.043,0.0392,0.0668,0.0353,0.0355,0.002,0.0373,0.0479,0.0306,-0.0163,-0.0195,26349000.0,102.3036,855945000,94746000,0.46,71.89,0.038707629331205,4,FY2019.FQ4
2020-05-08,2020-03,296238000,40207000,256031000,22967000,278998000,0,256031000,112776000,544000,165678000,-34830000,0,130848000,0,130848000,0,130848000,1.39,1.39,94371000,94371000,8131000,381458000,8295495000,19127195000,-327206000,0,18799989000,327293000,83045000,3223140000,633078999.99999,31743499000,23826357000,1335000000,129014000,597554000.0,25887925000,93000000,0,2135733000,-2703000,3629893000,0,0,-349000.0,5855574000,31743499000,130848000,8131000,41497000,0,0,33225000,74722000,0,3340000,-7110000.0,209931000,-6329000,2180000,-4149000.0,0,0,0,-4249334000,4511706000,262372000.0,0,-137839000.0,120384000,0,-110061000,-110061000,0,34699000,-43223000,-403704000,-522289000,0,-191974000,-4149000.0,0,0,35000000,-301000,173809000,27804148000,205782000,0.2102,5855574000,2549389000,0.0119,0.0644,0.0517,0.0553,0.0153,0.6229,0.5938,0.4689,0.0285,0.7375,5.421,0.1844,0.25,4.7483,0.8027,0.0171,2.9563,1.8417,1.7556,62.0484,27.0145,2.1805,4470459000,4218015000,11.7335,0.7634,1.7535,4.9841,9.6295,11.0709,0.7203,1.6545,4.7026,9.0857,0.3309,0.6527,0.5631,0.6062,0.5963,0.5879,0.1779,0.3511,0.3086,0.8366,0.8203,0.42,0.3854,0.4247,0.4011,0.5675,0.0,-0.0221,0.0312,0.5692,0.0132,0.0757,0.0604,5.5193,0.2336,4.9049,0.1812,0.6103,0.0083,0.0506,0.0445,0.0679,0.0354,0.0348,0.0355,0.0366,0.0447,0.0306,0.0424,0.0413,-2094000.0,3.2988,1082556000,92652000,0.46,48.25,0.038707629331205,1,FY2020.FQ1
2020-08-10,2020-06,286593000,27638000,258955000,13985000,272940000,10000000,248955000,115204000,7474000,140262000,-9361000,0,130901000,0,130901000,0,130901000,1.41,1.41,92658000,92658000,7891000,332873000,7717586000,21025173000,-324205000,0,20700968000,324975000,79752000,3231960000,578535000.0,32966649000,26152688000,100000000,128496000,637343000.0,27018527000,93000000,0,2224011000,-1396000,3632847000,0,0,-339999.0,5948122000,32966649000,130901000,7891000,42829000,0,0,20788000,63617000,0,2960000,22084000.0,227453000,-5564000,219000,-5345000.0,0,0,0,0,570339000,570339000.0,0,-1911983000.0,-1346989000,0,0,0,0,-1235298000,-42623000,2348764000,1070843000,0,-48693000,-5345000.0,0,0,0,-1235298000,148153000,29075632000,222108000,0.0667,5948122000,2636410000,0.0132,0.0727,0.0636,0.0672,0.0163,0.5428,0.5138,0.4795,0.0316,0.8137,5.5423,0.1804,0.0384,4.8882,0.8039,0.0154,2.9456,1.5989,1.5137,64.1943,28.4531,2.397,5502210180,5297833180,12.8065,0.925,2.087,5.5578,8.8691,12.3308,0.8906,2.0094,5.3514,8.5397,0.3262,0.6724,0.5172,0.3775,0.3594,0.5913,0.1949,0.3273,0.1019,0.9858,0.9714,0.4733,0.5486,0.4409,0.4654,2.3664,0.0,0.0001,0.0313,0.5692,0.0134,0.0757,0.0612,5.4908,0.2336,4.8582,0.1821,0.621,0.0083,0.0519,0.042,0.0769,0.0376,0.039,0.0381,0.0385,0.0451,0.0248,0.1776,0.184,9000.0,3.3601,-104377000,92661000,0.46,59.38,0.038707629331205,2,FY2020.FQ2
2020-11-05,2020-09,282432000,24319000,258113000,26148000,284261000,10000000,248113000,109143000,0,165118000,-35054000,0,130064000,0,130064000,0,130064000,1.4,1.4,92656000,92656000,7875000,1031193000,7431495000,20795641000,-323635000,0,20472006000,325994000,76480000,3231690000,628741000.0,33197599000,26459206000,0,127716000,575800000.0,27162722000,93000000,0,2311451000,-349000,3631213000,0,0,-438000.0000001,6034877000,33197599000,130064000,7875000,12721000,0,0,-78847000,-66126000,0,3170000,-15471000.0,59512000,-5724000,2367000,-3357000.0,0,0,0,-8418886000,8696213000,277327000.0,0,246130000.0,520100000,0,-4903000,-4903000,0,-100561000,-42624000,322697000,174609000,0,754221000,-3357000.0,0,0,0,-100561000,172993000,29258329000,56155000,0.2122,6034877000,2726707000,0.0144,0.0797,0.0774,0.087,0.0178,0.6085,0.5808,0.4575,0.0344,0.1975,5.5009,0.1817,0.0211,4.8482,0.7859,0.0155,3.0679,1.867,1.782,65.132,29.4282,0.606,4797488460,3894011460,10.0376,0.7949,1.7594,4.3829,8.9453,8.1473,0.6452,1.4281,3.5575,7.2607,0.3285,0.6761,0.582,0.6107,0.6052,0.5908,0.1764,0.3479,1.4531,0.9483,0.9338,0.5026,0.5628,0.4623,0.4936,-0.5995,0.0,-0.001,0.0314,0.573,0.0138,0.0784,0.0622,5.4701,0.2336,4.8382,0.1828,0.6286,0.0083,0.0535,0.0486,0.0758,0.0389,0.0432,0.0272,0.0397,0.0452,0.0248,-0.026,-0.0286,-99000.0,3.6841,-903477000,92562000,0.46,51.83,0.038707629331205,3,FY2020.FQ3
2021-02-26,2020-12,278647000,21013000,257634000,28105000,285739000,0,257634000,111763000,0,173976000,-36885000,0,137091000,0,137091000,0,137091000,1.48,1.48,92554000,92554000,7504000,1342996000,8542820000,20246944000,-316068000,0,19930876000,323572000,73231000,3231640000,614140000.0,34059275000,27360492000,0,0,568114000.0,27928606000,93000000,0,2403189000,769000,3634140000,0,0,-429000.00000009,6130669000,34059275000,137091000,7504000,-67935000,0,0,-19241000,-87176000,0,3130000,24876000.0,85425000,-4526000,9144000,4618000.0,0,0,0,-4844714000,3723297000,-1121417000.0,0,548996000.0,-567803000,0,-197000,-197000,0,-127570000,-45353000,911385000,738265000,0,255887000,4618000.0,0,0,0,-127570000,181480000,30132760000,90043000,0.212,6130669000,2825798000,0.0157,0.0869,0.086,0.1066,0.0195,0.6351,0.6088,0.4797,0.0347,0.3151,5.5555,0.1799,0.0,4.915,0.74,0.0156,3.0872,1.9608,1.8797,66.2388,30.5313,0.9728,6420724560,5077728560,12.1396,1.0473,2.2721,5.7228,11.1842,9.6004,0.8282,1.7969,4.5258,8.8448,0.331,0.1103,0.1058,0.5604,0.5904,0.5916,0.4653,0.0798,1.3413,0.0743,0.0625,0.0582,0.1306,0.0267,0.0765,0.7227,0.0652,0.0001,0.0314,0.5741,0.0143,0.0798,0.0652,5.4701,0.1968,4.8382,0.1828,0.6852,0.0083,0.0476,0.0439,0.0715,0.0416,0.0488,0.0237,0.042,0.0453,0.0313,0.0061,0.0129,9000.0,5.1045,-1342996000,92571000,0.49,69.36,0.038707629331205,4,FY2020.FQ4
2021-05-06,2021-03,272103000,17521000,254582000,25775000,280357000,0,254582000,110843000,0,169514000,-36205000,0,133309000,0,133309000,0,133309000,1.44,1.44,92854000,92854000,7471000,1947235000,10088002000,19638886000,-307210000,0,19331676000,326970000,70300000,3231640000,562594999.99999,35558418000,28763105000,0,0,573467000.0,29336572000,93000000,0,2490963000,766000,3637188000,0,0,-71000.0,6221846000,35558418000,133309000,7471000,50582000,0,0,15995000,66577000,0,3410000,19980000.0,230747000,-8020000,10968000,2948000.0,0,0,0,-2568954000,1010925000,-1558029000.0,0,591898000.0,-963183000,0,0,0,0,0,-45535000,1390643000,1345108000,0,612672000,2948000.0,0,0,0,0,176985000,31674123000,233695000,0.2135,6221846000,2919906000,0.0152,0.086,0.086,0.1172,0.0189,0.6312,0.6046,0.4754,0.0333,0.8335,5.715,0.1749,0.0,5.0907,0.6827,0.0156,3.0193,1.906,1.8255,67.0067,31.4462,2.5168,6959452810,5012217810,13.0973,1.1185,2.3834,6.1955,11.5605,9.4327,0.8055,1.7165,4.462,8.3259,0.3402,-0.0056,0.0048,0.0182,0.0231,0.0188,0.0359,-0.016,4.1047,0.0267,0.0282,0.1201,0.2071,0.0625,0.1391,0.1356,0.0,0.0038,0.0315,0.5778,0.0145,0.0799,0.0669,5.4701,0.1556,4.8382,0.1828,0.7113,0.0118,0.0493,0.0433,0.0667,0.0465,0.0556,0.0201,0.0463,0.0452,0.0313,0.1294,0.1221,358000.0,6.512,-1947235000,92929000,0.49,74.89,0.038707629331205,1,FY2021.FQ1
2021-08-05,2021-06,260851000,15452000,245399000,26838000,272237000,0,245399000,106473000,0,165764000,-35153000,0,130611000,0,130611000,0,130611000,1.41,1.41,92935000,92935000,7400000,1059879000,11918691000,19251785000,-302884000,0,18948901000,324502000,67413000,3231640000,548897999.99999,36099924000,29110241000,0,0,679346000.0,29789587000,93000000,0,2576035000,1101000,3640266000,0,0,-64999.0,6310337000,36099924000,130611000,7400000,4648000,0,0,47767000,52415000,0,3080000,11337000.0,204843000,-3812000,9063000,5251000.0,0,0,0,-6881210000,5036508000,-1844702000.0,0,380660000.0,-1458791000,0,0,0,0,0,-45539000,403426000,357887000,0,-896061000,5251000.0,0,0,0,0,173164000,32230355000,210094000,0.212,6310337000,3011284000,0.0148,0.0847,0.0847,0.1115,0.0191,0.636,0.6088,0.4797,0.0317,0.7717,5.7207,0.1748,0.0,5.1075,0.6613,0.0157,2.9293,1.8632,1.7836,67.9005,32.402,2.2606,6672733000,5612854000,12.5645,1.0574,2.2159,5.944,11.3099,10.5688,0.8894,1.8639,4.9998,9.5135,0.3475,-0.0523,-0.0025,0.1688,0.1818,-0.0022,0.0,0.0029,2.184,-0.0843,-0.0846,0.095,0.113,0.0608,0.1085,-0.054,0.0,0.0001,0.0316,0.5811,0.0147,0.08,0.0671,5.4701,0.0919,4.8382,0.1828,0.7113,0.0154,0.0455,0.0411,0.0638,0.0478,0.0536,0.0171,0.0475,0.0452,0.0179,0.081,0.0884,6000.0,7.3441,-1059879000,92935000,0.49,71.8,0.038707629331205,2,FY2021.FQ2
2021-11-04,2021-09,260340000,11773000,248567000,25542000,274109000,0,248567000,110712000,0,163397000,-34807000,0,128590000,0,128590000,0,128590000,1.39,1.39,92683000,92683000,7402000,1055386000,12629368000,18957732000,-287187000,0,18670545000,322799000,64535000,3231640000,537846000.0,36512119000,29451652000,0,0,715026000.0,30166678000,92000000,0,2659370000,1961000,3591949000,0,0,161000.00000006,6345441000,36512119000,128590000,7402000,13005000,0,0,24639000,37644000,0,3000000,7479000.0,184115000,-3127000,1110000,-2017000.0,0,0,0,-8171656000,7446927000,-724729000.0,0,285926000.0,-440820000,0,0,0,0,0,-45255000,297423000,252168000,0,-4537000,-2017000.0,0,0,0,0,170799000,32642486000,182098000,0.213,6345441000,3049266000,0.0145,0.0836,0.0836,0.1004,0.0188,0.6231,0.5961,0.4691,0.031,0.6643,5.754,0.1737,0.0,5.1442,0.6436,0.0151,2.9574,1.8428,1.7629,68.4639,32.8999,1.9647,6555411930,5500025930,12.378,1.033,2.1498,5.8928,9.1564,10.3852,0.8667,1.8037,4.9441,7.6823,0.3525,-0.0369,-0.0357,-0.0126,-0.0104,-0.0113,-0.0071,0.0002,0.0234,-0.0883,-0.0879,0.0998,0.113,0.0514,0.1156,2.2427,0.0,-0.0083,0.0315,0.5873,0.0146,0.08,0.0723,5.5216,0.0297,4.8682,0.1811,0.7113,0.0154,0.0484,0.0438,0.0617,0.051,0.0552,0.0165,0.0502,0.0443,0.0179,0.0326,0.0332,-774000.0,7.4955,-1055386000,92161000,0.49,71.13,0.038707629331205,3,FY2021.FQ3
2022-02-28,2021-12,253629000,8869000,244760000,26707000,271467000,0,244760000,110488000,0,160979000,-34192000,0,126787000,0,126787000,0,126787000,1.38,1.38,92159000,92159000,7373000,2547739000,12818901000,18616144000,-286380000,0,18329764000,319799000,61680000,3231640000,524447000.00001,37833970000,30771762000,0,0,634972000.0,31406734000,92000000,0,2738233000,1809000,3595023000,0,0,170999.0,6427236000,37833970000,126787000,7373000,-6909000,0,0,-90415000,-97324000,0,3080000,35107000.0,75023000,-4063000,3037000,-1026000.0,0,0,0,-5993604000,5787872000,-205732000.0,0,344649000.0,137891000,0,0,0,0,0,-47924000,1327367000,1279443000,0,1492357000,-1026000.0,0,0,0,0,168352000,33982784000,73997000,0.2124,6427236000,3133916000,0.0139,0.0813,0.0813,0.1132,0.018,0.6201,0.5929,0.467,0.0298,0.2725,5.8865,0.1698,0.0,5.2873,0.6049,0.0153,2.9456,1.8267,1.7467,69.7407,34.0055,0.8029,6663963300,4116224300,12.8326,1.0368,2.1264,6.0682,9.5215,7.9265,0.6404,1.3134,3.7482,5.8812,0.3768,-0.0499,-0.0499,-0.0723,-0.0747,-0.0751,-0.0675,-0.0042,0.897,-0.0805,-0.0803,0.1108,0.1246,0.0483,0.1277,-0.1782,0.0612,0.0001,0.0315,0.5934,0.0145,0.0806,0.0793,5.5489,0.0105,4.9016,0.1802,0.7113,0.0154,0.0468,0.042,0.058,0.0552,0.0618,0.0157,0.0539,0.0452,0.024,0.0028,0.0115,10000.0,8.1321,-2547739000,92171000,0.52,72.3,0.038707629331205,4,FY2021.FQ4
2022-05-05,2022-03,248883000,8939000,239944000,26273000,266217000,0,239944000,111001000,0,155216000,-32890000,0,122326000,0,122326000,0,122326000,1.33,1.33,92161000,92161000,7167000,1560321000,14798127000,18067524000,-285163000,0,17782361000,336075000,59060000,3231640000,503602000.00001,38271186000,31068310000,0,0,698452000.0,31766762000,92000000,0,2812636000,1671000,3597957000,0,0,160000.0,6504424000,38271186000,122326000,7167000,24688000,0,0,67862000,92550000,0,2920000,10719000.0,235682000,-23289000,3894000,-19395000.0,0,0,0,-4133274000,2141016000,-1992258000.0,0,547069000.0,-1464584000,0,0,0,0,0,-47923000,289440000,241517000,0,-987385000,-19395000.0,0,0,0,0,162383000,34425972000,216287000,0.2118,6504424000,3213724000,0.0133,0.0786,0.0786,0.1152,0.0172,0.6099,0.583,0.4594,0.0286,0.8124,5.8838,0.1699,0.0,5.2927,0.5815,0.0157,2.8886,1.7619,1.6841,70.5767,34.8707,2.3468,6394060800,4833739800,12.5789,0.983,1.9896,5.8984,9.3689,9.5093,0.7431,1.504,4.459,7.0826,0.3909,-0.0574,-0.0504,-0.0825,-0.0843,-0.0823,-0.0763,-0.0074,-0.1986,-0.08,-0.0801,0.0762,0.0801,0.0454,0.0868,-0.0744,0.0,-0.0001,0.0313,0.5934,0.0142,0.0805,0.0799,5.6353,0.0,5.0029,0.1774,0.7113,0.0155,0.0453,0.04,0.054,0.058,0.0625,0.0111,0.0564,0.0465,0.024,0.0514,0.0442,-11000.0,11.2466,-1560321000,92160000,0.52,69.38,0.038707629331205,1,FY2022.FQ1
2022-08-04,2022-06,257806000,9335000,248471000,28348000,276819000,0,248471000,113632000,0,163187000,-34697000,0,128490000,0,128490000,0,128490000,1.4,1.4,91772000,91772000,7120000,393716000,14912313000,18208844000,-283959000,0,17924885000,335939000,56479000,3231640000,532284000.00001,37387256000,29865618000,0,300000000,699811000.0,30865429000,91000000,0,2893556000,1198000,3535877000,0,0,196000.0,6521827000,37387256000,128490000,7120000,-26888000,0,0,-41547000,-68435000,0,2680000,9670000.0,79525000,-5439000,2323000,-3116000.0,0,0,0,-8143834000,8017600000,-126234000.0,0,-141848000.0,-271198000,0,-65721000,-65721000,0,300000000,-47570000,-1161714000,-975005000,0,-1166678000,-3116000.0,0,0,300000000,0,170307000,33514873000,76409000,0.2126,6521827000,3233708000,0.0133,0.0777,0.0759,0.089,0.0173,0.6152,0.5895,0.4641,0.0288,0.276,5.7326,0.1744,0.0459,5.1388,0.6096,0.0155,3.0163,1.8557,1.7781,71.0655,35.2363,0.8325,6225950920,6132234920,12.2995,0.9546,1.9253,5.7191,11.3448,12.1144,0.9402,1.8963,5.633,11.174,0.3714,0.0125,0.0168,-0.0164,-0.0155,-0.0162,-0.007,-0.0125,-0.6285,-0.0541,-0.054,0.0356,0.0259,0.0335,0.0398,-0.6363,0.0,-0.0104,0.0313,0.5934,0.0142,0.0805,0.0799,5.7179,0.0,5.0991,0.1748,0.672,0.0156,0.0068,0.0069,-0.0034,0.0181,0.0212,0.0331,0.015,0.0088,0.0123,0.0398,0.0387,-964000.0,3.7056,-93716000,91196000,0.52,68.27,0.038707629331205,2,FY2022.FQ2
2022-11-04,2022-09,279554000,18875000,260679000,25172000,285851000,0,260679000,112698000,0,173153000,-37333000,0,135820000,0,135820000,0,135820000,1.49,1.49,91209000,91209000,7013000,602152000,14806487000,18506288000,-282179000,0,18224109000,337099000,53902000,3231640000,588113000.0,37843502000,29300095000,0,1165000000,766765000.0,31231860000,91000000,0,2981947000,-235000,3538719000,0,0,210999.0,6611642000,37843502000,135820000,7013000,-55122000,0,0,92368000,37246000,0,2860000,8858000.0,191797000,-5522000,482000,-5040000.0,0,0,0,-6759732000,6853798000,94066000.0,0,-296979000.0,-207953000,0,0,0,0,865000000,-47429000,-592936000,224635000,0,208479000,-5040000.0,0,0,865000000,0,180166000,33914927000,186757000,0.2156,6611642000,3326100000,0.0136,0.0781,0.0703,0.0754,0.0176,0.6302,0.6057,0.4751,0.0294,0.6533,5.7237,0.1747,0.1762,5.1295,0.6316,0.0152,3.134,1.9753,1.8984,72.4889,36.4667,2.0475,6081882800,6644730800,11.8457,0.9198,1.8285,5.5272,10.989,12.942,1.005,1.9977,6.0387,12.006,0.3489,0.0487,0.0428,0.0548,0.0597,0.0562,0.0719,-0.0159,-0.4294,-0.0238,-0.0239,0.0364,-0.0051,0.0419,0.0389,0.0255,0.0,0.0001,0.0313,0.5945,0.0142,0.0805,0.0799,5.7222,0.0,5.1185,0.1747,0.6525,0.0155,0.0018,0.0024,-0.0032,0.02,0.0208,0.0069,0.0177,0.0122,0.0123,-0.0089,-0.0096,14000.0,16.9918,562848000,91210000,0.52,66.68,0.038707629331205,3,FY2022.FQ3
2023-02-27,2022-12,308592000,52455000,256137000,28008000,284145000,0,256137000,109256000,272000,174617000,-36737000,0,137880000,0,137880000,0,137880000,1.51,1.51,91286000,91286000,6996000,423832000,14476005000,18839827000,-281576000,0,18558251000,339453000,51344000,3231640000,609304000.0,37689829000,28533531000,1850000000,1850000000,-1243076000.0,30990455000,91000000,0,3069609000,-3473000,3541924000,0,0,314000.00000031,6699374000,37689829000,137880000,6996000,-27887000,0,0,-134719000,-162606000,0,3310000,13942000.0,-478000,-8171000,3375000,-4796000.0,0,0,0,-2165760000,2483440000,317680000.0,0,-332776000.0,-19892000,0,0,0,0,685000000,-50218000,-792675000,-157893000,0,-178263000,-4796000.0,0,0,685000000,0,181613000,33739664000,-5274000,0.2103,6699374000,3416390000,0.0138,0.0788,0.0577,0.0611,0.0175,0.6391,0.6145,0.4852,0.0297,-0.0185,5.6258,0.1777,0.5522,5.0362,0.6602,0.0149,3.1126,1.9894,1.9128,73.3888,37.4251,-0.0577,6636701520,8062869520,12.653,0.9906,1.9426,5.9627,13.9961,15.372,1.2035,2.36,7.244,17.0038,0.3642,0.0464,0.0467,0.0787,0.0847,0.0874,0.0942,-0.0094,-0.8336,0.012,0.0124,-0.0038,-0.0727,0.0423,-0.0071,-1.0712,0.0576,0.0011,0.0304,0.6003,0.0142,0.0805,0.0799,5.7222,0.0,5.1185,0.1747,0.6519,0.0155,-0.001,0.004,-0.0109,0.0149,0.0087,0.0068,0.0134,0.0119,0.018,0.0,0.0,104000.0,18.4029,3276168000,91314000,0.55,72.68,0.038707629331205,4,FY2022.FQ4
2023-05-05,2023-03,327309000,83842000,243467000,28700000,272167000,0,243467000,112574000,860000,158733000,-34039000,0,124694000,0,124694000,0,124694000,1.37,1.37,91207000,91207000,6807000,405331000,14071545000,19334359000,-282191000,0,19052168000,345149000,48970000,3231640000,674429000.0,37829232000,27004236000,3365000000,3365000000,-2644121000.0,31090115000,91000000,0,3144229000,-3476000,3507670000,0,0,-305999.99999959,6739117000,37829232000,124694000,6807000,-66156000,0,0,105986000,39830000,0,3170000,5272000.0,179773000,-10224000,741000,-9483000.0,0,0,0,-2530732000,2927804000,397072000.0,0,-489713000.0,-102124000,0,-38040000,-38040000,0,1515000000,-50074000,-1523115000,-96229000,0,-18580000,-9483000.0,0,0,1515000000,0,165540000,33811235000,170290000,0.2144,6739117000,3458507000,0.0139,0.0784,0.0441,0.0457,0.0168,0.6082,0.5832,0.4581,0.0298,0.6256,5.6133,0.1781,0.9986,5.0171,0.7159,0.0145,2.984,1.8149,1.7403,73.8881,37.9193,1.867,5579433360,8539102360,10.5894,0.8279,1.6132,4.9861,13.0305,16.2067,1.267,2.469,7.6311,19.9426,0.4014,0.0146,0.0223,0.0194,0.0226,0.0193,0.03,-0.0103,-0.7402,0.0701,0.0714,-0.0115,-0.1308,0.036,-0.0178,-0.2126,0.0,-0.0068,0.0298,0.6003,0.0139,0.08,0.0799,5.7222,0.0,5.1185,0.1747,0.6519,0.0154,-0.0058,-0.0043,-0.0072,0.0145,0.002,-0.0021,0.0131,0.011,0.018,0.1168,0.1173,-621000.0,-48.9392,6324669000,90693000,0.55,61.52,0.038707629331205,1,FY2023.FQ1
2023-08-07,2023-06,360448000,123989000,236459000,29344000,265803000,18540000,217919000,122635000,12891000,111737000,-24799000,0,86938000,0,86938000,0,86938000,0.94,0.94,92930000,92930000,7825000,396848000,13667319000,21653946000,-345209000,0,21308737000,365299000,71126000,3383700000,712102000.00001,39905131000,27380886000,3000000000,1803093000,753036000.0,32937015000,94000000,0,3179551000,-2681000,3697524000,0,0,-278000.00000025,6968116000,39905131000,86938000,7825000,73400000,0,0,12008000,85408000,0,2740000,11988000.0,194899000,-8056000,3128000,-4928000.0,0,0,0,-3999495000,4633500000,634005000.0,0,-730165000.0,-101088000,0,-34208000,-34208000,0,1234614000,-51616000,-1251125000,-102335000,0,-8524000,-4928000.0,0,0,1234614000,0,119562000,35718113000,189971000,0.2219,6968116000,3513290000,0.0124,0.0708,0.0384,0.0397,0.0155,0.4498,0.4203,0.327,0.0286,0.7147,5.7268,0.1746,0.6892,5.1259,0.7908,0.0159,2.8602,1.2865,1.2023,74.9824,37.8057,2.0442,5293418560,6699663560,10.9067,0.7596,1.5066,4.7776,9.771,13.8042,0.9614,1.9069,6.0468,12.3668,0.5851,-0.0483,-0.0397,-0.2979,-0.3152,-0.3233,-0.3285,0.0126,0.0079,0.1891,0.1887,0.0673,-0.0831,0.0684,0.0657,1.4862,0.0,0.0333,0.0297,0.5945,0.0139,0.0787,0.0772,5.7252,0.0229,5.1277,0.1746,0.6519,0.0154,-0.0085,-0.0072,0.0067,0.0171,0.0001,-0.0443,0.0159,0.0128,0.0116,0.0859,0.0775,3029000.0,-2.4577,4406245000,93722000,0.55,56.48,0.038707629331205,2,FY2023.FQ2
2023-11-03,2023-09,380354000,140830000,239524000,27824000,267348000,0,239524000,123634000,1104000,142610000,-30402000,0,112208000,0,112208000,0,112208000,1.2,1.2,93720000,93720000,8161000,512239000,13192742000,21432713000,-351495000,0,21081218000,370237000,67552000,3396460000,675236000.0,39295684000,27312800000,1250000000,3000000000,700207000.0,32263007000,94000000,0,3240214000,-1930000,3700675000,0,0,-282000.0,7032677000,39295684000,112208000,8161000,40667000,0,0,75812000,116479000,0,3150000,3737000.0,243735000,-11237000,3301000,-7936000.0,0,0,0,-4499367000,4967998000,468631000.0,0,217039000.0,677734000,0,0,0,0,-553158000,-51545000,-201322000,-806025000,0,115444000,-7936000.0,0,0,-550000000,-3158000,150771000,35137694000,235799000,0.2131,7032677000,3568665000,0.0116,0.0659,0.04,0.0417,0.0151,0.5639,0.5334,0.4197,0.0275,0.8819,5.5875,0.1789,0.6043,4.9963,0.7847,0.0163,2.8526,1.6087,1.5216,75.0392,38.0779,2.5159,5115128440,7602889440,11.0784,0.7273,1.4333,4.695,8.6581,16.4664,1.081,2.1304,6.9785,12.8691,0.4583,-0.0811,-0.0647,-0.1631,-0.1763,-0.1738,-0.1946,0.0275,-0.1493,0.1581,0.1567,0.0383,-0.0678,0.0636,0.036,0.2625,0.0,0.0,0.0295,0.5912,0.0137,0.0785,0.0731,5.7252,0.1111,5.1277,0.1746,0.6519,0.0154,-0.006,-0.0047,0.0087,0.0104,-0.0051,-0.018,0.01,0.0123,0.0116,0.0054,0.0008,-4000.0,-6.1318,3737761000,93718000,0.55,54.58,0.038707629331205,3,FY2023.FQ3
2024-02-28,2023-12,376432000,139449000,236983000,25827000,262810000,0,236983000,141152000,278000,121380000,-25904000,0,95476000,0,95476000,0,95476000,1.02,1.02,93724000,93724000,8166000,458153000,12803896000,21180538000,-332362000,0,20848176000,369992000,63990000,3396090000,607580000.00001,38547877000,27179809000,0,3725000000,563738000.0,31468547000,94000000,0,3283210000,-1398000,3703795000,0,0,-277000.00000004,7079330000,38547877000,95476000,8166000,52879000,0,0,-146847000,-93968000,0,3130000,15144000.0,27948000,-4636000,8205000,3569000.0,0,0,0,-4521216000,4904307000,383091000.0,0,233090000.0,619750000,0,0,0,0,-525000000,-52480000,-124278000,-701758000,0,-54060000,3569000.0,0,0,0,-525000000,129546000,34442587000,31517000,0.2134,7079330000,3619250000,0.0107,0.0594,0.0379,0.0397,0.0139,0.4929,0.4618,0.3632,0.0274,0.1199,5.4451,0.1836,0.5261,4.8652,0.7792,0.0156,2.804,1.3822,1.295,75.5338,38.616,0.3362,6347791060,9614638060,15.1384,0.8966,1.7538,5.9429,10.1147,22.9293,1.3581,2.6565,9.0013,15.3202,0.549,-0.0747,-0.075,-0.2866,-0.3048,-0.3075,-0.3245,0.0267,0.0809,0.1242,0.1233,0.0227,-0.0474,0.0567,0.0208,6.9759,0.0181,0.0,0.0291,0.5863,0.0135,0.0782,0.064,5.7252,0.3511,5.1277,0.1746,0.6519,0.0154,-0.0034,-0.0035,0.0095,0.0066,-0.0068,-0.0318,0.0065,0.0115,0.0134,-0.1806,-0.1727,4000.0,-4.7515,3266847000,93722000,0.56,67.73,0.038707629331205,4,FY2023.FQ4
2024-05-08,2024-03,381914000,143670000,238244000,27895000,266139000,0,238244000,124873000,0,141266000,-30840000,0,110426000,0,110426000,0,110426000,1.18,1.18,93706000,93706000,7923000,1086444000,12301138000,21265247000,-330219000,0,20935028000,372333000,60759000,3396400000,604418000.0,38756520000,27175518000,0,3900000000,576458000.0,31651976000,94000000,0,3341262000,-2333000,3672090000,0,0,-475000.00000036,7104544000,38756520000,110426000,7923000,2811000,0,0,60042000,62853000,0,3380000,2818000.0,187400000,-7184000,838000,-6346000.0,0,0,0,-5527155000,6023205000,496050000.0,0,-84367000.0,405337000,0,-35282000,-35282000,0,175000000,-52374000,-51800000,35544000,0,628281000,-6346000.0,0,0,175000000,0,149189000,34652829000,181054000,0.2183,7104544000,3647385000,0.0104,0.0571,0.0371,0.0399,0.0135,0.5605,0.5307,0.4149,0.0275,0.6802,5.4551,0.1833,0.5489,4.8775,0.7825,0.0155,2.8401,1.592,1.5075,75.8173,38.9237,1.9321,6152074500,8965630500,15.1885,0.8659,1.6867,5.7923,9.6375,22.1347,1.2619,2.458,8.4414,14.0452,0.4745,-0.0214,-0.0221,-0.0987,-0.11,-0.1144,-0.1386,0.0273,1.6803,0.0998,0.0988,0.0245,0.0063,0.0542,0.0248,0.0632,0.0,-0.0021,0.0287,0.5831,0.0133,0.0779,0.0509,5.6748,0.5375,5.081,0.1762,0.6881,0.0155,-0.0042,-0.0029,0.0115,0.0059,-0.008,-0.0162,0.0059,0.0113,0.0134,0.0017,-0.0005,-197000.0,-9.3493,2813556000,93525000,0.56,65.78,0.038707629331205,1,FY2024.FQ1
2024-08-07,2024-06,412951000,154165000,258786000,34005000,292791000,9066000,249720000,136463000,4381000,142881000,-31279000,0,111602000,0,111602000,0,111602000,1.17,1.17,95765000,95765000,8992000,1507604000,11702139000,22320815000,-359852000,0,21960963000,377394000,74321000,3504110000,635763000.0,39762294000,27933086000,0,3900000000,645764000.0,32478850000,95000000,0,3399462000,-1586000,3790305000,0,0,262999.99999992,7283444000,39762294000,111602000,8992000,14357000,0,0,84060000,98417000,0,3130000,-5647000.0,216494000,-4704000,199000,-4505000.0,0,0,0,-5522093000,6166860000,644767000.0,0,168085000.0,808347000,0,-39484000,-39484000,0,0,-53402000,-510811000,-603697000,0,421144000,-4505000.0,0,0,0,0,151873000,35530558000,211989000,0.2189,7283444000,3705013000,0.0109,0.0597,0.0387,0.0438,0.0141,0.5187,0.4879,0.3811,0.0277,0.724,5.4592,0.1831,0.5354,4.8782,0.799,0.0161,3.0573,1.5858,1.4919,76.0553,38.6885,2.2136,5824318680,8216714680,13.554,0.7996,1.572,5.3478,8.8199,19.1214,1.1281,2.2177,7.5445,12.4427,0.4786,0.0944,0.1015,0.2702,0.2787,0.2836,0.2446,0.0305,2.7989,0.0307,0.0306,-0.0035,0.0201,0.0452,-0.0052,0.1159,0.0,0.0185,0.0286,0.5582,0.0129,0.0742,0.0421,5.6196,0.5422,5.0267,0.1779,0.7476,0.0156,0.0055,0.0075,0.0183,0.0044,-0.0096,-0.0163,0.0049,0.0125,0.0074,0.1117,0.1109,1737000.0,-8.2785,2392396000,95262000,0.56,61.14,0.038707629331205,2,FY2024.FQ2
2024-11-07,2024-09,417903000,156212000,261691000,29114000,290805000,0,261691000,128290000,63000,162452000,-35170000,0,127282000,0,127282000,0,127282000,1.34,1.34,95261000,95261000,8887000,2209863000,11300756000,22380852000,-354397000,0,22026455000,373812000,70176000,3504390000,629868000.0,40115320000,28087611000,0,3900000000,766460000.0,32754071000,95000000,0,3473398000,-845000,3793435000,0,0,260999.99999951,7361249000,40115320000,127282000,8887000,7983000,0,0,126398000,134381000,0,3130000,964000.0,274644000,-4429000,6190000,1761000.0,0,0,0,-7531131000,7927877000,396746000.0,0,-67344000.0,331163000,0,0,0,0,0,-53346000,149772000,96426000,0,702233000,1761000.0,0,0,0,0,171339000,35891471000,276405000,0.2164,7361249000,3786683000,0.0111,0.0607,0.0396,0.0475,0.0144,0.5891,0.5586,0.4376,0.0278,0.9504,5.4495,0.1835,0.5298,4.8757,0.7968,0.0158,3.0527,1.7986,1.7053,77.2745,39.7506,2.9015,6865460270,8555597270,15.4354,0.9326,1.813,6.1709,9.7942,19.2353,1.1622,2.2593,7.6901,12.2054,0.4179,0.0925,0.0877,0.1364,0.1391,0.1343,0.1166,0.0164,3.3141,0.0442,0.0448,0.0208,0.0283,0.0467,0.0214,0.1722,0.0,0.0,0.0282,0.546,0.012,0.0683,0.0398,5.6004,0.5422,5.0067,0.1785,0.7808,0.0156,0.0087,0.0088,0.0216,0.0041,-0.01,0.0007,0.0047,0.0124,0.0074,0.0154,0.0248,-1000.0,205.9847,1690137000,95261000,0.56,72.07,0.038707629331205,3,FY2024.FQ3
