,metric,start date,pct correct,stocks picked,Sharpe Ratio,Avg Return,pct values
0,all,2004-01-01,0.5,8,1.3195472269298922,0.07913217142966374,"0    0.145455
1   -0.016579
2    0.392644
3   -0.148714
4    0.459411
5   -0.164230
6    0.071264
7   -0.106195
Name: Return, dtype: float64"
1,all,2004-04-01,0.5,8,0.8609453123824148,0.05382049630961625,"0    0.028942
1    0.056338
2    0.061897
3   -0.235941
4    0.461349
5   -0.075973
6    0.150650
7   -0.016698
Name: Return, dtype: float64"
2,all,2004-07-01,0.4444444444444444,9,0.7913491606975053,0.032065217914442536,"0   -0.160331
1    0.125256
2    0.096418
3   -0.045643
4    0.006977
5    0.000000
6   -0.257486
7    0.348730
8    0.174667
Name: Return, dtype: float64"
3,all,2004-10-01,0.5555555555555556,9,1.4113610958271106,0.04141871947952594,"0   -0.179777
1    0.305530
2    0.212934
3    0.055214
4    0.128350
5   -0.242611
6   -0.334309
7    0.523338
8   -0.095900
Name: Return, dtype: float64"
4,all,2005-01-01,0.3333333333333333,9,1.0626689650625707,-0.06129843952811012,"0   -0.095000
1   -0.682844
2    0.046313
3    0.169679
4   -0.054759
5   -0.002879
6   -0.012903
7   -0.121739
8    0.202446
Name: Return, dtype: float64"
5,all,2005-04-01,0.6666666666666666,9,1.5498172155476873,0.12087559822532394,"0    0.272098
1    0.056033
2    0.172156
3    0.012249
4    0.141975
5    0.228070
6    0.206333
7    0.033174
8   -0.034207
Name: Return, dtype: float64"
6,all,2005-07-01,0.6666666666666666,9,0.6527762181713833,0.14678662433890183,"0   -0.018649
1   -0.025890
2   -0.112604
3    0.237351
4    0.197791
5    0.274118
6    0.323871
7    0.196864
8    0.248227
Name: Return, dtype: float64"
7,all,2005-10-01,0.5555555555555556,9,0.38552581617271464,0.057120669235786084,"0    0.036996
1    0.113990
2   -0.225970
3   -0.056255
4    0.025368
5    0.152964
6    0.426136
7    0.203139
8   -0.162283
Name: Return, dtype: float64"
8,all,2006-01-01,0.5555555555555556,9,0.49095251867765316,0.16612999717678367,"0    0.007991
1    0.261017
2   -0.061099
3   -0.035857
4    0.657500
5    0.190769
6    0.366279
7    0.176528
8   -0.067958
Name: Return, dtype: float64"
9,all,2006-04-01,0.2222222222222222,9,1.7748329692796656,-0.1132725334334026,"0   -0.226087
1   -0.076355
2   -0.471250
3   -0.040000
4   -0.141494
5    0.246544
6    0.049790
7   -0.020572
8   -0.340029
Name: Return, dtype: float64"
10,all,2006-07-01,0.3333333333333333,9,0.23769385242892097,0.0014464638686531707,"0   -0.127817
1   -0.023899
2    0.040881
3   -0.191579
4    0.056657
5   -0.059999
6   -0.131632
7    0.420669
8    0.029738
Name: Return, dtype: float64"
11,all,2006-10-01,0.8888888888888888,9,2.0401390382261826,0.10747308314915005,"0    0.175196
1    0.266138
2   -0.192434
3    0.258744
4    0.095702
5    0.149001
6    0.069501
7    0.077806
8    0.067604
Name: Return, dtype: float64"
12,all,2007-01-01,0.5555555555555556,9,0.39897618492771564,0.022390340100813932,"0   -0.020713
1    0.065334
2   -0.185888
3    0.081832
4    0.093385
5    0.190476
6    0.123988
7   -0.124804
8   -0.022097
Name: Return, dtype: float64"
13,all,2007-04-01,0.7,10,0.2900237209153558,0.16057292911624682,"0    0.218254
1    0.214296
2   -0.141153
3    0.364706
4    0.150617
5    0.190413
6    0.007593
7    0.355692
8    0.317497
9   -0.072186
Name: Return, dtype: float64"
14,all,2007-07-01,0.6,10,1.0215588261954718,0.09716957960555914,"0    0.034387
1   -0.097510
2    0.217668
3   -0.064815
4    0.583815
5    0.071487
6    0.049023
7    0.067742
8   -0.003518
9    0.113417
Name: Return, dtype: float64"
15,all,2007-10-01,0.7,10,-0.8051982457376206,0.07821959346305855,"0    0.344314
1    0.193634
2    0.060403
3    0.093694
4   -0.305555
5   -0.055814
6    0.086161
7    0.248322
8    0.090253
9    0.026786
Name: Return, dtype: float64"
16,all,2008-01-01,0.2,10,-0.9674217548677325,-0.11497465175084136,"0   -0.118824
1   -0.379848
2   -0.289320
3   -0.203187
4    0.012323
5    0.128372
6   -0.108146
7   -0.109692
8    0.123073
9   -0.204496
Name: Return, dtype: float64"
17,all,2008-04-01,0.5,10,-0.4850112946286077,0.13067650107249829,"0    0.120383
1    0.040361
2    0.011538
3    0.046846
4    0.902336
5   -0.087442
6   -0.108905
7    0.005600
8   -0.017606
9    0.393654
Name: Return, dtype: float64"
18,all,2008-07-01,0.0,10,-0.8276980183172622,-0.29819126420695463,"0   -0.536815
1   -0.307719
2   -0.340804
3   -0.263766
4   -0.491845
5   -0.225287
6   -0.009497
7   -0.404255
8   -0.036153
9   -0.365771
Name: Return, dtype: float64"
19,all,2008-10-01,0.1,10,-0.479429031491863,-0.32856582453020267,"0   -0.567508
1   -0.173686
2   -0.182979
3   -0.693186
4   -0.459716
5   -0.388212
6   -0.410256
7   -0.048365
8   -0.461059
9    0.099308
Name: Return, dtype: float64"
20,all,2009-01-01,0.3,10,0.9166941294774787,0.05264997675598858,"0    0.000000e+00
1    0.000000e+00
2    4.163694e-02
3   -1.137460e-07
4   -8.875159e-03
5   -4.826175e-02
6    1.410257e-01
7    0.000000e+00
8    4.009742e-01
9    0.000000e+00
Name: Return, dtype: float64"
21,all,2009-04-01,0.8,10,1.4401443496140685,0.40114815383826163,"0    0.694215
1    0.156122
2   -0.307692
3    0.840456
4    0.290322
5    0.387755
6    0.640187
7    0.452632
8   -0.285372
9    1.142857
Name: Return, dtype: float64"
22,all,2009-07-01,0.9090909090909091,11,0.8007527170503075,0.6357307981982423,"0     0.973913
1    -0.279279
2     0.693089
3     0.991614
4     0.271216
5     0.440453
6     0.710947
7     0.558514
8     0.294188
9     0.730975
10    1.607408
Name: Return, dtype: float64"
23,all,2009-10-01,0.8181818181818182,11,0.6252813806227223,0.2540509677688942,"0     0.104726
1     0.083166
2     0.204081
3     0.323892
4     0.754028
5     0.064935
6     0.325027
7     0.352917
8    -0.023178
9    -0.129909
10    0.734875
Name: Return, dtype: float64"
24,all,2010-01-01,0.5454545454545454,11,1.5808872091935686,0.12717437603738205,"0     0.341899
1     0.059974
2     0.006831
3     0.000000
4     0.309270
5     0.426051
6     0.122292
7     0.017424
8     0.117081
9     0.003035
10   -0.004939
Name: Return, dtype: float64"
25,all,2010-04-01,0.36363636363636365,11,1.1676433129598995,-0.012866251073060936,"0     0.197970
1     0.000000
2    -0.363636
3     0.226601
4    -0.148552
5     0.169607
6    -0.071429
7     0.357955
8    -0.233361
9    -0.102407
10   -0.174275
Name: Return, dtype: float64"
26,all,2010-07-01,0.5454545454545454,11,0.5680163802515966,0.07614687739418968,"0     0.000307
1     0.000000
2     0.171429
3     0.249558
4     0.093048
5     0.361083
6     0.000000
7    -0.250839
8     0.152705
9     0.000000
10    0.060324
Name: Return, dtype: float64"
27,all,2010-10-01,0.9090909090909091,11,-0.006700635936869978,0.30253919583028793,"0     0.921285
1    -0.052774
2     0.173913
3     0.245243
4     0.776163
5     0.062587
6     0.262641
7     0.361204
8     0.185179
9     0.127036
10    0.265455
Name: Return, dtype: float64"
28,all,2011-01-01,0.6363636363636364,11,0.09427630574770617,0.18152555617043198,"0     0.688127
1     0.609658
2     0.119737
3    -0.180089
4     0.274725
5     0.348287
6    -0.128659
7    -0.042105
8     0.149442
9    -0.038744
10    0.196403
Name: Return, dtype: float64"
29,all,2011-04-01,0.36363636363636365,11,0.13348142423587936,0.02414869198518945,"0     0.218382
1    -0.038338
2     0.052632
3    -0.085292
4    -0.122908
5     0.138904
6     0.344828
7    -0.017482
8    -0.051109
9    -0.050000
10   -0.123980
Name: Return, dtype: float64"
30,all,2011-07-01,0.09090909090909091,11,-0.008002318250455545,-0.16835833047760923,"0    -0.392181
1     0.079389
2    -0.162906
3    -0.026299
4    -0.150751
5    -0.171578
6    -0.288086
7    -0.246988
8    -0.102422
9    -0.216101
10   -0.174018
Name: Return, dtype: float64"
31,all,2011-10-01,0.2727272727272727,11,1.3732974420271737,0.04558971756388294,"0     0.438333
1     0.029207
2     0.046691
3     0.000000
4     0.003216
5     0.000000
6     0.183967
7     0.000000
8     0.000000
9     0.034276
10   -0.234202
Name: Return, dtype: float64"
32,all,2012-01-01,0.8181818181818182,11,0.5823688145435892,0.19074712609910927,"0    -0.122545
1    -0.147203
2     0.305242
3     0.683376
4     0.043273
5     0.051400
6     0.131092
7     0.239951
8     0.703057
9     0.126625
10    0.083951
Name: Return, dtype: float64"
33,all,2012-04-01,0.09090909090909091,11,0.3249394642046374,-0.15350116016201668,"0    -0.221277
1    -0.111113
2    -0.101923
3    -0.218150
4     0.058085
5    -0.128150
6    -0.130112
7    -0.034081
8    -0.158654
9    -0.500000
10   -0.143139
Name: Return, dtype: float64"
34,all,2012-07-01,0.7272727272727273,11,1.3854308854992645,0.12073718479995503,"0    -0.021909
1    -0.076923
2     0.382166
3     0.169753
4     0.114975
5     0.162146
6     0.030273
7     0.099928
8     0.079848
9     0.318421
10    0.069431
Name: Return, dtype: float64"
35,all,2012-10-01,0.5,12,3.0930947703887686,0.10478229102432861,"0     0.305085
1    -0.057209
2     0.052381
3    -0.041350
4     0.021048
5    -0.159704
6     0.203917
7     0.773809
8     0.325758
9     0.071799
10   -0.106195
11   -0.131950
Name: Return, dtype: float64"
36,all,2013-01-01,0.6666666666666666,12,1.8008324047336552,0.13924403868777563,"0     0.086387
1     0.664814
2     0.201166
3    -0.162056
4    -0.211262
5     0.226390
6     0.185528
7     0.085657
8    -0.049303
9     0.470588
10    0.002103
11    0.170916
Name: Return, dtype: float64"
37,all,2013-04-01,0.4166666666666667,12,1.586567062993773,0.10695882244722099,"0    -0.020827
1    -0.018692
2     0.213799
3     0.400174
4     0.065368
5     0.929412
6     0.003907
7     0.033619
8     0.053251
9    -0.066284
10   -0.110222
11   -0.200000
Name: Return, dtype: float64"
38,all,2013-07-01,0.8333333333333334,12,0.769839616620731,0.3059370094156893,"0     0.038062
1     0.677422
2     0.089189
3     0.465724
4    -0.393419
5     0.915874
6     0.048340
7     1.368421
8     0.205975
9    -0.024927
10    0.100207
11    0.180375
Name: Return, dtype: float64"
39,all,2013-10-01,0.75,12,0.512792359766409,0.1757908069314097,"0     0.447130
1    -0.151568
2    -0.230770
3     1.186667
4     0.066738
5     0.049451
6     0.446394
7     0.073450
8     0.050477
9     0.089107
10   -0.135159
11    0.217572
Name: Return, dtype: float64"
40,all,2014-01-01,0.5,12,0.24112687398309327,0.03165455414856411,"0     0.000000
1     0.090638
2    -0.190825
3    -0.057561
4     0.099151
5     0.071059
6     0.023703
7     0.016447
8     0.101242
9    -0.070843
10    0.133144
11    0.163699
Name: Return, dtype: float64"
41,all,2014-04-01,0.5833333333333334,12,0.6320818271534001,0.11449039353634011,"0     0.675889
1     0.000862
2     0.385862
3    -0.277777
4     0.223789
5     0.273042
6    -0.179847
7     0.133073
8    -0.184211
9     0.096939
10    0.191055
11    0.035209
Name: Return, dtype: float64"
42,all,2014-07-01,0.08333333333333333,12,0.0714276628149023,-0.0432719973813478,"0     0.010574
1    -0.175215
2    -0.153909
3    -0.035447
4    -0.020986
5     0.169538
6    -0.054602
7     0.007036
8    -0.103629
9     0.033548
10   -0.036798
11   -0.159375
Name: Return, dtype: float64"
43,all,2014-10-01,0.6153846153846154,13,-0.18039447602630243,0.0803335813450233,"0    -0.385946
1     0.009647
2     0.128095
3     0.028582
4     0.083841
5     0.045994
6     0.308613
7     0.383333
8     0.142287
9     0.021390
10    0.123460
11   -0.002619
12    0.157659
Name: Return, dtype: float64"
44,all,2015-01-01,0.38461538461538464,13,0.0670189581237667,0.05350817537874702,"0    -0.009325
1    -0.038752
2    -0.089470
3     0.325433
4     0.759186
5    -0.283668
6    -0.101415
7     0.300475
8    -0.119435
9     0.092451
10    0.079830
11   -0.209783
12   -0.009921
Name: Return, dtype: float64"
45,all,2015-04-01,0.8461538461538461,13,0.22982612144413844,0.20689076930557634,"0     1.263997
1    -0.248054
2     0.031193
3     0.332143
4     0.041873
5     0.191558
6     0.066243
7     0.157216
8     0.454588
9     0.090090
10    0.202051
11    0.047477
12    0.059206
Name: Return, dtype: float64"
46,all,2015-07-01,0.15384615384615385,13,-1.0214758926011247,-0.07680513039399808,"0    -0.049296
1    -0.389463
2    -0.177632
3     0.049158
4    -0.115942
5    -0.009200
6     0.029724
7    -0.259064
8     0.007067
9     0.046295
10   -0.037318
11   -0.072349
12   -0.020447
Name: Return, dtype: float64"
47,all,2015-10-01,0.8461538461538461,13,0.9351484144488806,0.07901862860185392,"0     0.035615
1     0.062862
2    -0.015663
3     0.085088
4     0.114119
5     0.091701
6     0.101823
7     0.137897
8     0.103893
9     0.020701
10    0.090160
11    0.087605
12    0.111441
Name: Return, dtype: float64"
48,all,2016-01-01,0.38461538461538464,13,0.9655594595207887,0.12172689594331906,"0    -0.320985
1     0.080916
2    -0.006612
3     0.041370
4    -0.316047
5     1.722223
6     0.102507
7    -0.280654
8    -0.337756
9    -0.448907
10   -0.057324
11   -0.049904
12    1.453625
Name: Return, dtype: float64"
49,all,2016-04-01,0.9230769230769231,13,0.9548780581982357,0.41984686052765746,"0    -0.068610
1     0.555215
2     0.126358
3     0.339425
4     0.265958
5     0.608696
6     1.044362
7     0.165980
8     0.746927
9     0.982269
10    0.339047
11    0.273458
12    0.078922
Name: Return, dtype: float64"
50,all,2016-07-01,0.7142857142857143,14,0.8812324655096394,0.1789599056795093,"0     0.023068
1    -0.315207
2     0.447518
3    -0.127370
4     0.116883
5     0.230020
6     0.162335
7     0.242904
8     0.230923
9     0.479508
10   -0.111111
11    0.374170
12    0.454319
13    0.297479
Name: Return, dtype: float64"
51,all,2016-10-01,0.2857142857142857,14,1.0998079736618338,-0.09680401326788061,"0    -0.305062
1    -0.090736
2    -0.372549
3     0.048859
4     0.024052
5    -0.045872
6     0.097729
7    -0.068655
8    -0.297788
9    -0.160566
10    0.112493
11   -0.540444
12    0.246356
13   -0.003073
Name: Return, dtype: float64"
52,all,2017-01-01,0.42857142857142855,14,1.7437186351690273,-0.0029398106367941545,"0     0.042587
1    -0.210700
2     0.136033
3    -0.068807
4     0.046240
5     0.084100
6    -0.077295
7     0.148905
8    -0.004484
9    -0.128125
10    0.265625
11   -0.140011
12   -0.032522
13   -0.102704
Name: Return, dtype: float64"
53,all,2017-04-01,0.5,14,0.7598698665760631,0.06703843094965889,"0    -0.235849
1     0.093431
2    -0.085890
3    -0.066329
4     0.896325
5     0.140481
6     0.166483
7    -0.132479
8     0.435194
9     0.121862
10   -0.190764
11   -0.234615
12   -0.005169
13    0.035856
Name: Return, dtype: float64"
54,all,2017-07-01,0.6428571428571429,14,1.32009862975799,0.10439182838077701,"0     0.108545
1     0.175503
2     0.011421
3     0.080940
4     0.165106
5    -0.032609
6     0.499745
7     0.061266
8     0.022716
9    -0.077740
10   -0.074870
11    0.146296
12    0.127604
13    0.247564
Name: Return, dtype: float64"
55,all,2017-10-01,0.42857142857142855,14,1.3471102438966642,0.0761346785025138,"0    -0.176339
1     0.164333
2    -0.073566
3    -0.129310
4    -0.302521
5     0.227697
6     0.188723
7     0.010477
8     0.048990
9    -0.017241
10    0.244791
11    0.034626
12    1.034826
13   -0.189600
Name: Return, dtype: float64"
56,all,2018-01-01,0.14285714285714285,14,-0.9093096009232008,-0.0973070095417737,"0    -0.035508
1     0.190767
2    -0.712195
3    -0.233349
4    -0.312910
5     0.009808
6    -0.007229
7    -0.181783
8    -0.067662
9    -0.081133
10    0.055323
11    0.007890
12    0.020681
13   -0.014997
Name: Return, dtype: float64"
57,all,2018-04-01,0.42857142857142855,14,1.0472119605838224,0.09291622523665345,"0    -0.093734
1     0.469432
2    -0.078866
3    -0.361905
4     0.141304
5    -0.291610
6     0.018827
7     0.151727
8    -0.352369
9    -0.079202
10    0.836735
11   -0.043750
12    0.459709
13    0.524528
Name: Return, dtype: float64"
58,all,2018-07-01,0.42857142857142855,14,2.222866984482503,0.03934422190165199,"0    -0.571429
1    -0.021754
2     0.056669
3    -0.150804
4     0.321025
5     0.346850
6     0.055249
7     0.034446
8    -0.086934
9    -0.004062
10    0.001255
11    0.441230
12    0.101587
13    0.027491
Name: Return, dtype: float64"
59,all,2018-10-01,0.0,15,0.3884236114677308,-0.2213091787176066,"0    -0.200056
1    -0.030361
2    -0.226303
3    -0.178386
4    -0.754045
5    -0.008753
6    -0.120314
7    -0.184338
8    -0.235806
9    -0.072649
10   -0.280597
11   -0.176575
12   -0.382997
13   -0.205432
14   -0.263024
Name: Return, dtype: float64"
60,all,2019-01-01,0.9333333333333333,15,2.4302363468262334,0.17568001772205916,"0     0.071359
1     0.084487
2     0.007246
3     0.338990
4     0.121494
5     0.170059
6     0.364248
7     0.138774
8     0.058214
9     0.156598
10    0.142538
11    0.480969
12    0.128744
13    0.143041
14    0.228439
Name: Return, dtype: float64"
61,all,2019-04-01,0.3333333333333333,15,-0.45422526791898543,-0.023362869663373333,"0    -0.101257
1    -0.139466
2    -0.268293
3     0.142857
4    -0.250288
5    -0.017973
6    -0.027925
7     0.311330
8     0.077500
9    -0.114884
10    0.205680
11   -0.186610
12    0.086691
13   -0.081710
14    0.013902
Name: Return, dtype: float64"
62,all,2019-07-01,0.2,15,0.7728763466620472,-0.12637043263534506,"0     0.085814
1    -0.666031
2    -0.046835
3    -0.176510
4    -0.230046
5    -0.158817
6    -0.167783
7    -0.088476
8    -0.037559
9    -0.506214
10   -0.020203
11   -0.097286
12    0.076340
13    0.144165
14   -0.006117
Name: Return, dtype: float64"
63,all,2019-10-01,0.4666666666666667,15,0.30484683261234724,0.08229322717298738,"0     0.295775
1     0.520408
2     0.011015
3    -0.257959
4     0.023885
5    -0.016226
6    -0.135281
7     0.315385
8     0.048389
9    -0.062321
10    0.131579
11    0.026705
12    0.172734
13    0.195709
14   -0.035398
Name: Return, dtype: float64"
64,all,2020-01-01,0.06666666666666667,15,1.4241306265129559,-0.2904230071005506,"0    -0.460693
1     0.535514
2    -0.151959
3    -0.209335
4    -0.554121
5    -0.306105
6    -0.432362
7    -0.552042
8    -0.172222
9    -0.487367
10   -0.313095
11   -0.647824
12   -0.280919
13   -0.251865
14   -0.071948
Name: Return, dtype: float64"
65,all,2020-04-01,0.7333333333333333,15,1.5318535559235693,0.3226488829770723,"0     0.218660
1     0.187914
2     0.439838
3     0.507492
4     0.061567
5     0.303947
6     0.419264
7    -0.007402
8     0.841813
9     1.518140
10   -0.147253
11    0.329455
12    0.018710
13    0.147589
14    0.000000
Name: Return, dtype: float64"
66,all,2020-07-01,0.6666666666666666,15,0.8384699385203296,0.21377550041395274,"0    -0.009709
1     0.002635
2     0.218182
3     1.222222
4    -0.350861
5     0.870976
6     0.289136
7     0.305951
8    -0.254333
9     0.455621
10   -0.047034
11    0.096803
12    0.045790
13    0.233735
14    0.127517
Name: Return, dtype: float64"
67,all,2020-10-01,0.75,16,0.6722504114335277,0.5026740694972741,"0    -0.168539
1     0.421182
2     0.503975
3     0.686490
4     0.108837
5    -0.262537
6     4.407960
7     0.256540
8     0.210787
9     0.564169
10    0.020885
11    0.239930
12    0.521951
13    0.353262
14    0.191091
15   -0.013199
Name: Return, dtype: float64"
68,all,2021-01-01,0.625,16,-0.03209271762533419,0.08512662738887836,"0    -0.040730
1     0.071096
2     0.362469
3     0.143802
4    -0.168255
5    -0.025215
6     0.286107
7     0.139900
8     0.060967
9     0.176023
10   -0.021161
11   -0.189869
12    0.142714
13    0.090081
14   -0.008759
15    0.342857
Name: Return, dtype: float64"
69,all,2021-04-01,0.75,16,1.061009435688373,0.2562640356017241,"0     0.441780
1     0.108468
2     0.352238
3     0.322174
4    -0.118612
5    -0.008732
6     0.080866
7     0.651764
8     0.328691
9     0.010421
10    0.546159
11    0.543761
12    0.096712
13    0.480938
14    0.010101
15    0.253496
Name: Return, dtype: float64"
70,all,2021-07-01,0.5,16,0.07490345645559549,0.049427127611576145,"0     0.615827
1     0.135333
2     0.040569
3     0.032132
4     0.063284
5    -0.092962
6     0.107643
7     0.107868
8     0.018252
9    -0.073848
10    0.162934
11    0.030695
12   -0.182036
13   -0.122607
14   -0.119089
15    0.066837
Name: Return, dtype: float64"
71,all,2021-10-01,0.5294117647058824,17,-0.24942907725825716,0.022921596045818362,"0    -0.202020
1    -0.302654
2     0.221228
3    -0.404827
4     0.086814
5    -0.104679
6     0.019654
7     0.020294
8    -0.096886
9     0.068170
10    0.112987
11    0.285882
12    0.016113
13    0.207892
14    0.135037
15    0.266592
16    0.060071
Name: Return, dtype: float64"
72,all,2022-01-01,0.17647058823529413,17,-0.8216601539176287,-0.09756392251854842,"0    -0.217578
1     0.477764
2    -0.069949
3    -0.236619
4    -0.060621
5    -0.271889
6     0.068576
7    -0.269945
8    -0.250127
9    -0.285420
10   -0.173114
11    0.134073
12   -0.151648
13   -0.137730
14   -0.017081
15    0.029986
16   -0.227266
Name: Return, dtype: float64"
73,all,2022-04-01,0.11764705882352941,17,0.32580981262414377,-0.02760694979120727,"0    -0.137374
1    -0.121009
2    -0.014888
3    -0.090458
4     0.029466
5    -0.020737
6     0.059404
7     0.365510
8     0.000000
9    -0.007240
10    0.002814
11   -0.273494
12   -0.065490
13   -0.020848
14    0.002540
15   -0.015548
16   -0.161966
Name: Return, dtype: float64"
74,all,2022-07-01,0.11764705882352941,17,0.5942333873063959,-0.0999292653740047,"0    -0.274753
1    -0.102642
2     0.141164
3    -0.132958
4    -0.048821
5    -0.105038
6    -0.109651
7    -0.064030
8    -0.005288
9    -0.152340
10   -0.262002
11   -0.301410
12   -0.030609
13    0.259274
14   -0.239913
15   -0.130022
16   -0.139757
Name: Return, dtype: float64"
75,all,2022-10-01,0.6111111111111112,18,0.7314051173634252,0.06440004255818317,"0     0.023715
1     0.705818
2    -0.681265
3    -0.239424
4     0.152135
5     0.049803
6    -0.054738
7     0.564702
8     0.068841
9    -0.127347
10    0.063187
11    0.239569
12    0.295116
13   -0.385178
14    0.113997
15   -0.297101
16    0.493292
17    0.174081
Name: Return, dtype: float64"
76,all,2023-01-01,0.5,18,1.4255885803700061,0.05530269061948758,"0     0.226068
1     0.000000
2     0.112094
3    -0.177337
4    -0.009104
5    -0.023239
6     0.042755
7    -0.249580
8     0.196213
9     0.246160
10   -0.056701
11   -0.030769
12    0.404208
13    0.212803
14    0.160600
15   -0.105466
16   -0.018384
17    0.065127
Name: Return, dtype: float64"
77,all,2023-04-01,0.5555555555555556,18,0.6883431921391601,0.029133831998303186,"0    -0.086356
1     0.383072
2     0.143421
3    -0.329590
4     0.405775
5     0.068779
6     0.126154
7     0.194763
8    -0.059997
9     0.108923
10    0.000000
11    0.068911
12   -0.198332
13    0.049451
14   -0.194915
15   -0.275000
16   -0.107858
17    0.227209
Name: Return, dtype: float64"
78,all,2023-07-01,0.3888888888888889,18,1.2361049293774118,-0.040922937790838075,"0    -0.015137
1     0.067849
2     0.065041
3     0.085127
4    -0.272237
5     0.602317
6    -0.176842
7    -0.008948
8    -0.282726
9    -0.114579
10    0.295547
11    0.034431
12   -0.107323
13    0.035671
14   -0.357798
15   -0.662270
16   -0.115228
17    0.190493
Name: Return, dtype: float64"
79,all,2023-10-01,0.3888888888888889,18,0.6955690023432477,0.011961946067150077,"0    -0.079453
1    -0.160365
2     0.128807
3    -0.131448
4     0.277952
5    -0.106843
6    -0.063226
7     0.075448
8    -0.170995
9    -0.237022
10    0.223808
11   -0.099666
12   -0.008007
13    0.056730
14   -0.064812
15    0.092442
16    0.498861
17   -0.016897
Name: Return, dtype: float64"
80,income_statement,2004-01-01,0.5,8,1.7028260584522357,0.12189219867085882,"0   -0.043503
1    0.464230
2    0.392644
3   -0.148714
4    0.007177
5    0.071264
6   -0.106195
7    0.338234
Name: Return, dtype: float64"
81,income_statement,2004-04-01,0.375,8,1.1091969362629803,0.06705382473202548,"0   -0.084337
1   -0.105207
2    0.091481
3    0.752501
4   -0.267442
5   -0.235941
6    0.461349
7   -0.075973
Name: Return, dtype: float64"
82,income_statement,2004-07-01,0.5555555555555556,9,1.9846035311961845,0.06026350266039804,"0    0.125256
1   -0.004079
2   -0.160331
3    0.348730
4   -0.318857
5    0.173316
6    0.252669
7   -0.042513
8    0.168181
Name: Return, dtype: float64"
83,income_statement,2004-10-01,0.7777777777777778,9,1.8616035976878114,0.1574980563813054,"0    0.305530
1    0.212934
2    0.055214
3    0.128350
4   -0.242611
5    0.523338
6   -0.095900
7    0.101465
8    0.429163
Name: Return, dtype: float64"
84,income_statement,2005-01-01,0.5555555555555556,9,1.620926700382026,0.03149368879631173,"0   -0.008377
1    0.088739
2    0.599360
3    0.165417
4   -0.682844
5   -0.095000
6    0.046313
7    0.465753
8   -0.295918
Name: Return, dtype: float64"
85,income_statement,2005-04-01,0.2222222222222222,9,0.70154789696055,0.038255224390530654,"0   -0.208637
1   -0.121434
2   -0.071166
3    0.497653
4    0.251609
5    0.031769
6   -0.039261
7    0.012249
8   -0.008485
Name: Return, dtype: float64"
86,income_statement,2005-07-01,0.6666666666666666,9,1.0978835477047446,0.06976954145602722,"0    0.036765
1    0.078686
2   -0.090905
3   -0.025890
4    0.237351
5    0.197791
6   -0.020803
7    0.178376
8    0.036554
Name: Return, dtype: float64"
87,income_statement,2005-10-01,0.5555555555555556,9,0.017312049334551046,0.08604918380171503,"0    0.049869
1    0.036996
2   -0.225970
3   -0.056255
4   -0.022236
5    0.675917
6    0.025368
7    0.137789
8    0.152964
Name: Return, dtype: float64"
88,income_statement,2006-01-01,0.6666666666666666,9,0.9084795817866825,0.14988254016481328,"0    0.116667
1    0.304772
2   -0.078079
3    0.192365
4    0.261017
5   -0.061099
6   -0.035857
7    0.047468
8    0.601688
Name: Return, dtype: float64"
89,income_statement,2006-04-01,0.1111111111111111,9,0.8109910306028978,-0.14527892865927264,"0   -0.285909
1   -0.226087
2    0.001083
3   -0.334802
4    0.042260
5   -0.149051
6   -0.205970
7   -0.114783
8   -0.034252
Name: Return, dtype: float64"
90,income_statement,2006-07-01,0.6666666666666666,9,1.0770049788075946,0.10478650649200187,"0    0.420669
1    0.040881
2    0.056657
3   -0.131632
4   -0.089386
5   -0.163166
6    0.119394
7    0.563218
8    0.126444
Name: Return, dtype: float64"
91,income_statement,2006-10-01,0.7777777777777778,9,1.8131816909563445,0.0948805039443694,"0    0.155151
1   -0.192434
2    0.266138
3    0.258744
4    0.095702
5   -0.158903
6    0.149001
7    0.116003
8    0.164523
Name: Return, dtype: float64"
92,income_statement,2007-01-01,0.6666666666666666,9,0.691670033017643,0.0639592433738998,"0    0.403139
1   -0.158085
2    0.081832
3   -0.185888
4    0.011447
5    0.065334
6    0.179202
7    0.085267
8    0.093385
Name: Return, dtype: float64"
93,income_statement,2007-04-01,0.7,10,0.4542579869625822,0.12372743506683273,"0    0.163924
1    0.201073
2    0.214296
3   -0.141153
4    0.137563
5    0.190413
6    0.007593
7    0.317497
8   -0.072186
9    0.218254
Name: Return, dtype: float64"
94,income_statement,2007-07-01,0.5,10,0.6891586004373115,0.08992684622969273,"0    0.034387
1    0.583815
2    0.071487
3   -0.113045
4   -0.064815
5    0.049023
6   -0.067221
7    0.018893
8    0.277406
9    0.109339
Name: Return, dtype: float64"
95,income_statement,2007-10-01,0.6,10,-0.647377897917247,0.04802044340371418,"0    0.004175
1    0.038914
2    0.076923
3    0.344314
4   -0.018472
5    0.060403
6    0.241625
7   -0.305555
8   -0.055814
9    0.093694
Name: Return, dtype: float64"
96,income_statement,2008-01-01,0.2,10,-1.3840010624680477,-0.08391346362822172,"0   -0.341153
1    0.056773
2   -0.118824
3    0.012323
4   -0.022636
5    0.117607
6   -0.002599
7   -0.379848
8   -0.108146
9   -0.052632
Name: Return, dtype: float64"
97,income_statement,2008-04-01,0.3,10,-0.6614696743996972,-0.07060897737467856,"0   -0.028569
1   -0.009096
2   -0.272727
3   -0.249612
4    0.130943
5    0.057878
6    0.087356
7   -0.104244
8   -0.037449
9   -0.280570
Name: Return, dtype: float64"
98,income_statement,2008-07-01,0.0,10,-0.864795037904459,-0.31914058280929036,"0   -0.581082
1   -0.180328
2   -0.340804
3   -0.491845
4    0.006645
5   -0.225287
6   -0.587806
7   -0.436755
8    0.011628
9   -0.365771
Name: Return, dtype: float64"
99,income_statement,2008-10-01,0.1,10,-0.07297314723774881,-0.27993200776638494,"0   -0.532713
1    0.244592
2   -0.179250
3   -0.222993
4   -0.289197
5   -0.693186
6   -0.755188
7   -0.177299
8   -0.051968
9   -0.142119
Name: Return, dtype: float64"
100,income_statement,2009-01-01,0.3,10,0.6229067707697029,-0.06960914147385314,"0   -4.686119e-01
1    4.163694e-02
2   -8.875159e-03
3   -1.137460e-07
4   -4.826175e-02
5    4.009742e-01
6    0.000000e+00
7    0.000000e+00
8    3.646422e-02
9   -6.494178e-01
Name: Return, dtype: float64"
101,income_statement,2009-04-01,0.7,10,1.027276865302506,0.18201123082125306,"0    0.179704
1    0.300470
2   -0.122713
3    0.015625
4    0.424997
5   -0.333333
6    0.290322
7    0.387755
8    0.538461
9    0.138824
Name: Return, dtype: float64"
102,income_statement,2009-07-01,1.0,11,1.017426033198909,0.6454375940998472,"0     0.684521
1     0.710947
2     0.991614
3     0.578231
4     1.331551
5     0.682192
6     0.351555
7     0.067901
8     0.440453
9     0.728840
10    0.532008
Name: Return, dtype: float64"
103,income_statement,2009-10-01,0.8181818181818182,11,0.7960046326410396,0.1793230042828298,"0    -0.015397
1     0.104886
2     0.224656
3     0.456773
4     0.093843
5     0.733762
6     0.182970
7     0.079171
8    -0.023178
9     0.083816
10    0.051251
Name: Return, dtype: float64"
104,income_statement,2010-01-01,0.6363636363636364,11,1.7463916342139216,0.13926961320963727,"0     0.300322
1     0.212025
2    -0.063749
3     0.550976
4     0.355311
5     0.194551
6     0.122292
7     0.000000
8    -0.004939
9     0.053901
10   -0.188725
Name: Return, dtype: float64"
105,income_statement,2010-04-01,0.18181818181818182,11,0.8641913731555811,-0.11320660289587084,"0     0.169607
1    -0.206584
2    -0.172328
3    -0.265369
4    -0.006444
5    -0.184911
6     0.197970
7     0.000000
8    -0.263566
9    -0.240964
10   -0.272684
Name: Return, dtype: float64"
106,income_statement,2010-07-01,0.6363636363636364,11,0.34454264701152365,0.09960064575364455,"0     0.146096
1     0.121795
2     0.000000
3     0.249558
4     0.163637
5     0.132339
6     0.589494
7    -0.232955
8    -0.067404
9     0.093048
10   -0.100000
Name: Return, dtype: float64"
107,income_statement,2010-10-01,0.9090909090909091,11,-0.33722611756050447,0.26718735984162484,"0     0.620922
1     0.164382
2     0.245243
3     0.776163
4     0.062587
5     0.158391
6     0.185179
7     0.265455
8    -0.058591
9     0.438550
10    0.080781
Name: Return, dtype: float64"
108,income_statement,2011-01-01,0.5454545454545454,11,-0.3730499472217206,0.09174137028896655,"0     0.093367
1     0.609658
2    -0.180089
3     0.348287
4    -0.128659
5    -0.042105
6     0.149442
7    -0.076495
8    -0.038744
9     0.090016
10    0.184478
Name: Return, dtype: float64"
109,income_statement,2011-04-01,0.36363636363636365,11,0.24489798997822637,-0.011529886703218629,"0    -0.147771
1    -0.208873
2     0.072708
3    -0.038338
4     0.052632
5    -0.013703
6    -0.085292
7    -0.009595
8     0.000000
9     0.138904
10    0.112500
Name: Return, dtype: float64"
110,income_statement,2011-07-01,0.18181818181818182,11,0.06109943634875109,-0.12143072734058066,"0     0.079389
1    -0.293619
2    -0.392181
3    -0.026299
4    -0.171578
5    -0.388868
6    -0.058704
7     0.002767
8    -0.186536
9     0.072891
10    0.027002
Name: Return, dtype: float64"
111,income_statement,2011-10-01,0.45454545454545453,11,0.5653928456295608,0.03742917491271906,"0    -0.014990
1     0.067487
2     0.029207
3    -0.006717
4     0.000000
5     0.003216
6     0.105394
7     0.046691
8     0.114015
9     0.117419
10   -0.050000
Name: Return, dtype: float64"
112,income_statement,2012-01-01,0.6363636363636364,11,1.1257277530248528,0.12103715965904581,"0    -0.137063
1     0.174785
2     0.302158
3    -0.060516
4    -0.092243
5     0.152563
6     0.129626
7     0.177393
8     0.195091
9     0.489614
10    0.000000
Name: Return, dtype: float64"
113,income_statement,2012-04-01,0.09090909090909091,11,0.6189954285607642,-0.19407144867977255,"0    -0.109865
1    -0.172199
2    -0.218150
3    -0.101923
4    -0.128150
5     0.058085
6    -0.159343
7    -0.111113
8    -0.500000
9    -0.515873
10   -0.176255
Name: Return, dtype: float64"
114,income_statement,2012-07-01,0.7272727272727273,11,1.217066595358789,0.09954109233255065,"0     0.512261
1     0.066080
2     0.091984
3     0.026684
4     0.098326
5     0.012579
6     0.043373
7     0.071513
8     0.075895
9     0.016409
10    0.079848
Name: Return, dtype: float64"
115,income_statement,2012-10-01,0.3333333333333333,12,2.3539802385148225,-0.06532537572290827,"0    -0.713333
1    -0.144694
2     0.325758
3     0.102503
4     0.052381
5    -0.038031
6     0.113980
7     0.000000
8     0.005903
9    -0.315068
10   -0.131950
11   -0.041350
Name: Return, dtype: float64"
116,income_statement,2013-01-01,0.6666666666666666,12,1.390572933670553,0.10685649334015551,"0     0.020731
1     0.201166
2    -0.162056
3    -0.211262
4    -0.021680
5     0.528119
6     0.115238
7     0.226390
8     0.175527
9     0.085657
10    0.041611
11    0.282837
Name: Return, dtype: float64"
117,income_statement,2013-04-01,0.4166666666666667,12,2.323112346592504,0.07534944670328132,"0     0.313588
1    -0.190993
2     0.141266
3    -0.020827
4    -0.018692
5     0.467653
6    -0.013773
7     0.096602
8     0.034914
9     0.144248
10   -0.029197
11   -0.020598
Name: Return, dtype: float64"
118,income_statement,2013-07-01,0.5,12,1.676895781739883,0.16446074258014484,"0     0.254992
1     0.677422
2     0.089189
3     0.006580
4    -0.075147
5    -0.452038
6     0.789474
7     0.187445
8     0.698072
9    -0.065417
10   -0.135655
11   -0.001387
Name: Return, dtype: float64"
119,income_statement,2013-10-01,0.4166666666666667,12,0.5722227944197973,0.11295898626173767,"0    -0.097862
1     0.447130
2     0.446394
3     0.056908
4    -0.230770
5    -0.190476
6     0.004841
7     0.660550
8     0.020548
9    -0.124708
10   -0.017013
11    0.379964
Name: Return, dtype: float64"
120,income_statement,2014-01-01,0.5,12,0.6611320796415084,0.10671380257401857,"0    -0.011909
1     0.639785
2     0.000000
3     0.031720
4     0.246950
5    -0.055093
6     0.055315
7    -0.060555
8     0.230215
9     0.099151
10    0.113031
11   -0.008044
Name: Return, dtype: float64"
121,income_statement,2014-04-01,0.6666666666666666,12,0.6424003938883637,0.04399427291410304,"0     0.369030
1    -0.329529
2     0.008512
3    -0.277777
4     0.273042
5     0.223789
6    -0.179847
7     0.133073
8     0.127463
9     0.039823
10    0.043413
11    0.096939
Name: Return, dtype: float64"
122,income_statement,2014-07-01,0.4166666666666667,12,0.5035930989900899,0.015120404321345739,"0     0.045981
1     0.018395
2    -0.130609
3    -0.108491
4    -0.092069
5     0.124282
6     0.083313
7     0.206761
8     0.000000
9    -0.082899
10   -0.061540
11    0.178321
Name: Return, dtype: float64"
123,income_statement,2014-10-01,0.6153846153846154,13,0.3972781952818726,0.08755565299906659,"0     0.028582
1     0.186123
2     0.098592
3     0.070327
4    -0.059333
5    -0.078163
6     0.212991
7     0.159935
8     0.084582
9     0.009647
10   -0.005225
11    0.045994
12    0.384170
Name: Return, dtype: float64"
124,income_statement,2015-01-01,0.6153846153846154,13,0.5293997638827279,0.119023568101863,"0     0.346175
1    -0.283668
2     0.466594
3     0.759186
4     0.115003
5    -0.122347
6    -0.068123
7     0.073687
8     0.008477
9    -0.012763
10    0.063695
11    0.123815
12    0.077575
Name: Return, dtype: float64"
125,income_statement,2015-04-01,0.6923076923076923,13,-0.15457426552143702,0.17459366681532573,"0    -0.074991
1     0.146948
2     1.263997
3    -0.248054
4     0.454588
5     0.166399
6     0.202892
7     0.175469
8     0.041873
9     0.205886
10    0.157216
11   -0.153748
12   -0.068758
Name: Return, dtype: float64"
126,income_statement,2015-07-01,0.3076923076923077,13,-0.5140725543066155,-0.06297381523041497,"0    -0.263319
1    -0.158158
2    -0.259064
3     0.056338
4     0.032714
5     0.597222
6     0.049158
7    -0.115942
8    -0.259080
9    -0.049296
10    0.046295
11   -0.332270
12   -0.163258
Name: Return, dtype: float64"
127,income_statement,2015-10-01,0.8461538461538461,13,1.1644018446706133,0.08358582992741447,"0     0.185974
1     0.100889
2    -0.039933
3     0.091701
4     0.103893
5     0.112295
6     0.115949
7     0.089070
8     0.111613
9     0.020701
10    0.072155
11    0.049048
12    0.073260
Name: Return, dtype: float64"
128,income_statement,2016-01-01,0.3076923076923077,13,1.5021785275556494,-0.0529992954227779,"0    -0.303521
1    -0.265131
2    -0.316047
3     0.080916
4    -0.059642
5     0.007220
6    -0.071934
7     0.126437
8    -0.053977
9     0.102507
10   -0.023363
11    0.137449
12   -0.049904
Name: Return, dtype: float64"
129,income_statement,2016-04-01,0.5384615384615384,13,0.7137082084427422,0.096337661723854,"0    -0.183486
1     0.000000
2     0.336962
3     0.555215
4     0.078663
5     0.035202
6     0.180247
7     0.339425
8    -0.082729
9     0.265958
10    0.126358
11   -0.426303
12    0.026877
Name: Return, dtype: float64"
130,income_statement,2016-07-01,0.7142857142857143,14,0.43379586639776535,0.15647230376999835,"0    -0.026765
1    -0.079491
2     0.046176
3     0.281510
4     0.212078
5     0.023068
6     0.237173
7     0.098969
8     0.142006
9     0.374170
10    0.090480
11    0.479508
12   -0.007333
13    0.319062
Name: Return, dtype: float64"
131,income_statement,2016-10-01,0.21428571428571427,14,0.7203575864214358,-0.12997381412046977,"0     0.472603
1    -0.172382
2    -0.107459
3     0.006045
4    -0.436068
5     0.525924
6    -0.540444
7     0.048859
8    -0.305062
9     0.024052
10   -0.297788
11    0.026315
12   -0.296296
13   -0.767932
Name: Return, dtype: float64"
132,income_statement,2017-01-01,0.2857142857142857,14,0.9477746230551335,0.03430887499364641,"0     0.008983
1    -0.012748
2     0.136033
3     0.447552
4    -0.044988
5    -0.077295
6    -0.139404
7    -0.064914
8     0.148905
9     0.007617
10   -0.105389
11   -0.113849
12    0.333227
13   -0.043405
Name: Return, dtype: float64"
133,income_statement,2017-04-01,0.6428571428571429,14,1.4383596968717016,0.16410115471614084,"0     0.107368
1    -0.088136
2     0.165049
3     0.290484
4     0.492632
5     0.093431
6     0.278609
7    -0.024390
8    -0.066329
9     0.896325
10    0.136089
11    0.010550
12    0.500000
13   -0.494267
Name: Return, dtype: float64"
134,income_statement,2017-07-01,0.7857142857142857,14,1.6392288069155836,0.17061828017767275,"0     0.511306
1     0.369334
2    -0.079281
3     0.165106
4     0.103036
5     0.247564
6     0.231534
7     0.077569
8     0.092479
9     0.036692
10    0.206149
11   -0.228933
12    0.733840
13   -0.077740
Name: Return, dtype: float64"
135,income_statement,2017-10-01,0.5714285714285714,14,1.0137392481780891,0.15819389569310385,"0    -0.108399
1     0.117397
2     0.270427
3     1.822588
4     0.227697
5    -0.043450
6     0.102130
7     0.260650
8     0.048990
9    -0.302521
10    0.169261
11   -0.051391
12   -0.088123
13   -0.210541
Name: Return, dtype: float64"
136,income_statement,2018-01-01,0.35714285714285715,14,-0.5297397758158684,-0.023807753580281078,"0    -0.132075
1    -0.255996
2    -0.090196
3    -0.081133
4    -0.007229
5     0.394915
6    -0.246778
7     0.045403
8     0.194676
9    -0.342916
10   -0.033644
11    0.167973
12    0.007890
13    0.045801
Name: Return, dtype: float64"
137,income_statement,2018-04-01,0.5,14,1.2378637685565796,0.29414426825142487,"0     0.107037
1    -0.361905
2    -0.078866
3     0.008521
4     3.365462
5    -0.250746
6     0.102210
7     0.141304
8    -0.352369
9    -0.291610
10   -0.010331
11    0.151727
12    1.368097
13    0.219489
Name: Return, dtype: float64"
138,income_statement,2018-07-01,0.7142857142857143,14,1.8564291018495493,0.18208791980203212,"0     0.474444
1    -0.147087
2     0.707742
3     0.356506
4    -0.032100
5     0.101587
6    -0.162309
7     0.241935
8    -0.255572
9     0.203401
10    0.553064
11    0.249993
12    0.171104
13    0.086522
Name: Return, dtype: float64"
139,income_statement,2018-10-01,0.0,15,0.2883602854120404,-0.17188073452128255,"0    -0.003466
1    -0.072483
2    -0.435123
3    -0.287498
4    -0.062059
5     0.022099
6    -0.120314
7    -0.233780
8    -0.146818
9    -0.445968
10   -0.426380
11    0.005889
12   -0.205674
13    0.000920
14   -0.167556
Name: Return, dtype: float64"
140,income_statement,2019-01-01,0.8666666666666667,15,2.3781293801178727,0.1600236431751066,"0     0.169010
1     0.157328
2    -0.138376
3     0.142398
4     0.084487
5     0.338990
6     0.135883
7     0.170059
8     0.142833
9     0.104295
10    0.364248
11    0.077703
12    0.142538
13    0.480969
14    0.027990
Name: Return, dtype: float64"
141,income_statement,2019-04-01,0.4666666666666667,15,-0.20662990489564712,0.02470609158018328,"0    -0.276534
1     0.060422
2     0.518731
3    -0.108421
4    -0.139466
5     0.207680
6    -0.020000
7    -0.017973
8     0.086691
9     0.084927
10   -0.027925
11    0.044864
12   -0.167127
13    0.311330
14   -0.186610
Name: Return, dtype: float64"
142,income_statement,2019-07-01,0.5333333333333333,15,0.8181402882822535,0.024406480007453383,"0     0.155179
1     0.089251
2    -0.091224
3    -0.151753
4    -0.031399
5     0.102941
6    -0.088476
7    -0.013199
8     0.072420
9     0.037660
10    0.175633
11    0.088315
12    0.074655
13   -0.012670
14   -0.041237
Name: Return, dtype: float64"
143,income_statement,2019-10-01,0.5333333333333333,15,0.21586619092087037,0.11833723239141931,"0     0.001856
1    -0.060980
2     0.295775
3     0.011015
4    -0.406511
5     0.579618
6     0.039954
7     0.520408
8    -0.000882
9     0.393116
10    0.042455
11    0.018386
12    0.101116
13    0.001049
14    0.238684
Name: Return, dtype: float64"
144,income_statement,2020-01-01,0.06666666666666667,15,0.9883904466247497,-0.2921938930541155,"0    -0.148515
1    -0.090248
2    -0.062304
3    -0.460693
4    -0.288307
5    -0.647382
6     0.065172
7    -0.458534
8    -0.554121
9    -0.351147
10   -0.080446
11   -0.172222
12   -0.151959
13   -0.313095
14   -0.669105
Name: Return, dtype: float64"
145,income_statement,2020-04-01,0.9333333333333333,15,1.6849970000862464,0.4583757461837935,"0     0.639150
1     0.419264
2     0.572085
3     0.261668
4    -0.007402
5     1.110912
6     1.096506
7     0.844726
8     0.169440
9     0.110993
10    0.507492
11    0.187914
12    0.439838
13    0.061567
14    0.461484
Name: Return, dtype: float64"
146,income_statement,2020-07-01,0.6,15,1.9163486033695765,0.0025239041401694546,"0     0.185046
1    -0.388311
2     0.117268
3     0.002635
4     0.151087
5    -0.129450
6    -0.258192
7    -0.156187
8     0.134334
9     0.129647
10    0.101695
11    0.123506
12   -0.242931
13    0.093869
14    0.173841
Name: Return, dtype: float64"
147,income_statement,2020-10-01,0.8125,16,0.946359241598477,0.5907776613755389,"0     0.102605
1    -0.150765
2     0.242838
3     0.614942
4     0.410243
5     0.589047
6     0.049831
7    -0.309211
8     0.763158
9     1.165508
10    0.686490
11    4.407960
12   -0.017118
13    0.108837
14    0.284101
15    0.503975
Name: Return, dtype: float64"
148,income_statement,2021-01-01,0.625,16,0.5430316285781269,0.29092374262600007,"0     2.917468
1    -0.002817
2     0.143802
3     0.112604
4     0.047495
5    -0.231132
6     0.287290
7     0.682222
8     0.286107
9    -0.051824
10    0.200997
11    0.000000
12   -0.358995
13   -0.008759
14    0.435252
15    0.195070
Name: Return, dtype: float64"
149,income_statement,2021-04-01,0.75,16,0.8590547894911323,0.1812770258454186,"0     0.267030
1     0.058394
2     0.010421
3     0.572383
4    -0.006937
5     0.080866
6     0.108468
7     0.109677
8     0.352238
9     0.546159
10    0.480938
11   -0.167323
12    0.196992
13    0.143791
14   -0.106162
15    0.253496
Name: Return, dtype: float64"
150,income_statement,2021-07-01,0.4375,16,-0.2210515121523752,-0.00076658960873097,"0    -0.128649
1     0.162934
2     0.293800
3    -0.467647
4     0.135333
5    -0.073848
6    -0.095287
7     0.107868
8    -0.182036
9    -0.122607
10    0.245709
11    0.185389
12   -0.210181
13    0.340206
14   -0.066888
15   -0.136364
Name: Return, dtype: float64"
151,income_statement,2021-10-01,0.4117647058823529,17,0.03833912935908517,-0.007542069564453263,"0    -0.052548
1    -0.141558
2     0.016113
3     0.184324
4    -0.092563
5    -0.009267
6    -0.660000
7     0.547529
8     0.045801
9     0.106287
10   -0.034660
11   -0.270143
12   -0.208696
13    0.144428
14   -0.018646
15    0.220838
16    0.094547
Name: Return, dtype: float64"
152,income_statement,2022-01-01,0.17647058823529413,17,-0.5768824596580596,-0.05852827766694537,"0     0.134073
1    -0.053524
2    -0.197976
3    -0.227266
4    -0.339569
5    -0.285420
6    -0.132687
7     0.001005
8     0.477764
9     0.031072
10    0.027452
11    0.289840
12   -0.287094
13   -0.137211
14    0.017309
15   -0.111316
16   -0.201432
Name: Return, dtype: float64"
153,income_statement,2022-04-01,0.058823529411764705,17,0.3501012974343328,-0.16238059750327852,"0    -0.158213
1    -0.091989
2    -0.090458
3    -0.342166
4    -0.545977
5     0.000000
6    -0.416690
7    -0.092435
8    -0.088437
9     0.029466
10   -0.051197
11   -0.418994
12   -0.189174
13   -0.347107
14    0.173914
15   -0.080133
16   -0.050880
Name: Return, dtype: float64"
154,income_statement,2022-07-01,0.17647058823529413,17,0.5622050919556937,-0.13814519887157536,"0    -0.147997
1    -0.222027
2    -0.140745
3    -0.353333
4    -0.048821
5    -0.096812
6    -0.274753
7    -0.653483
8    -0.102642
9     0.362014
10    0.141164
11   -0.132958
12   -0.301410
13   -0.262002
14   -0.213425
15    0.013394
16    0.085369
Name: Return, dtype: float64"
155,income_statement,2022-10-01,0.3333333333333333,18,0.3579801831068356,0.4880021468037518,"0    -0.038198
1     0.012955
2    -0.331962
3     0.176377
4     0.325000
5     0.593486
6    -0.283871
7    -0.438183
8     9.685714
9     0.028571
10   -0.673059
11   -0.161790
12    0.216336
13    0.195513
14    0.023715
15   -0.065682
16   -0.129032
17   -0.351852
Name: Return, dtype: float64"
156,income_statement,2023-01-01,0.5,18,0.7041692613153542,0.03276006519741443,"0    -0.097886
1    -0.145262
2     0.223267
3     0.042238
4    -0.071580
5     0.112094
6    -0.177337
7    -0.024852
8     0.298759
9    -0.075089
10    0.042755
11   -0.015870
12    0.174652
13   -0.023687
14    0.078667
15   -0.131891
16    0.085850
17    0.294852
Name: Return, dtype: float64"
157,income_statement,2023-04-01,0.7222222222222222,18,1.5418667814680134,0.1561177862761255,"0    -0.088123
1     0.190900
2     0.376508
3     0.545727
4    -0.329590
5     0.051057
6     0.227840
7     0.330780
8     0.194763
9     0.385803
10    0.049451
11   -0.050267
12    0.215197
13    0.610895
14   -0.194915
15    0.010029
16    0.215155
17    0.068911
Name: Return, dtype: float64"
158,income_statement,2023-07-01,0.4444444444444444,18,0.3538586158984061,-0.05343502295974567,"0    -0.218121
1    -0.176842
2     0.508475
3     0.100386
4    -0.151274
5     0.763066
6    -0.115228
7    -0.376370
8     0.188235
9    -0.114579
10   -0.213675
11   -0.549020
12    0.082669
13    0.085127
14   -0.386973
15    0.209524
16    0.065041
17   -0.662270
Name: Return, dtype: float64"
159,income_statement,2023-10-01,0.3888888888888889,18,0.9384310190823837,0.038223516681584906,"0     0.465770
1    -0.218579
2    -0.106843
3     0.121293
4    -0.063226
5    -0.160365
6     0.045307
7     0.420663
8    -0.070635
9    -0.167041
10    0.288362
11    0.146167
12    0.516781
13   -0.008007
14   -0.064812
15   -0.236826
16   -0.224393
17    0.004408
Name: Return, dtype: float64"
160,balance_sheet,2004-01-01,0.75,8,2.080444360801589,0.22215359175430915,"0    0.148148
1    0.288125
2    0.145455
3    0.485030
4    0.392644
5   -0.148714
6    0.459411
7    0.007129
Name: Return, dtype: float64"
161,balance_sheet,2004-04-01,0.625,8,1.660599702315893,0.1177899850893571,"0    0.752501
1    0.155172
2    0.150650
3   -0.235941
4   -0.267442
5    0.461349
6   -0.157303
7    0.083333
Name: Return, dtype: float64"
162,balance_sheet,2004-07-01,0.4444444444444444,9,0.9403556382769694,0.007636031245474033,"0   -0.160331
1    0.156542
2    0.103568
3   -0.056008
4   -0.068098
5    0.141447
6    0.125256
7   -0.186284
8    0.012633
Name: Return, dtype: float64"
163,balance_sheet,2004-10-01,0.4444444444444444,9,1.8058954988899154,-0.026400671189839867,"0   -0.075949
1    0.305530
2   -0.148218
3    0.055214
4   -0.334309
5    0.170287
6    0.128350
7   -0.242611
8   -0.095900
Name: Return, dtype: float64"
164,balance_sheet,2005-01-01,0.3333333333333333,9,-0.035942355508655675,-0.13669316574182921,"0    0.021411
1   -0.200312
2   -0.095000
3   -0.682844
4   -0.418978
5    0.046313
6   -0.166316
7    0.169679
8    0.095808
Name: Return, dtype: float64"
165,balance_sheet,2005-04-01,0.6666666666666666,9,1.419946237072247,0.1291160313654976,"0    0.124031
1    0.251609
2    0.275976
3    0.012249
4    0.206333
5    0.141975
6   -0.055459
7    0.033174
8    0.172156
Name: Return, dtype: float64"
166,balance_sheet,2005-07-01,0.2222222222222222,9,1.103229571299762,0.2149493772257749,"0   -0.052625
1    2.361482
2   -0.128205
3   -0.007135
4   -0.046823
5   -0.239946
6   -0.025890
7    0.073687
8    0.000000
Name: Return, dtype: float64"
167,balance_sheet,2005-10-01,0.2222222222222222,9,0.22056076348462572,0.0008618505919383541,"0    0.036996
1   -0.225970
2    0.035129
3   -0.056255
4    0.017362
5    0.025368
6    0.201975
7   -0.025042
8   -0.001808
Name: Return, dtype: float64"
168,balance_sheet,2006-01-01,0.6666666666666666,9,0.031572715328624004,0.14063680323908354,"0    0.244424
1   -0.091434
2    0.261017
3   -0.083130
4    0.075269
5   -0.061099
6    0.363636
7    0.190769
8    0.366279
Name: Return, dtype: float64"
169,balance_sheet,2006-04-01,0.3333333333333333,9,1.0718282492974542,-0.07926726309433808,"0    0.042260
1   -0.226087
2   -0.471250
3   -0.040000
4   -0.020572
5   -0.356863
6    0.484419
7    0.080657
8   -0.205970
Name: Return, dtype: float64"
170,balance_sheet,2006-07-01,0.3333333333333333,9,0.6948586023357204,-0.008115155122770131,"0   -0.163166
1    0.563218
2   -0.127817
3   -0.023899
4    0.040881
5   -0.008000
6    0.056657
7   -0.321524
8   -0.089386
Name: Return, dtype: float64"
171,balance_sheet,2006-10-01,0.6666666666666666,9,1.5686004784934324,0.2225687468643679,"0    0.038506
1    0.048555
2    0.416899
3   -0.004071
4   -0.154412
5    1.093293
6    0.266138
7   -0.192434
8    0.490645
Name: Return, dtype: float64"
172,balance_sheet,2007-01-01,0.5555555555555556,9,0.42133798563275227,0.04389942263017091,"0   -0.194570
1    0.016903
2    0.065334
3   -0.020713
4    0.093385
5   -0.185888
6    0.445839
7    0.050817
8    0.123988
Name: Return, dtype: float64"
173,balance_sheet,2007-04-01,0.6,10,0.6540971741433769,0.07797662830140598,"0   -0.015542
1    0.218254
2   -0.141153
3    0.132875
4    0.150617
5    0.039305
6    0.214296
7   -0.101678
8    0.317497
9   -0.034705
Name: Return, dtype: float64"
174,balance_sheet,2007-07-01,0.2,10,0.16428779438111726,-0.08527360063326171,"0   -0.097510
1   -0.268668
2    0.034387
3   -0.057200
4   -0.203092
5   -0.107371
6   -0.377622
7    0.217668
8   -0.064815
9    0.071487
Name: Return, dtype: float64"
175,balance_sheet,2007-10-01,0.7,10,-0.8725143119350981,0.039686445956529384,"0    0.058404
1    0.344314
2    0.193634
3    0.060403
4    0.093694
5   -0.305555
6   -0.168628
7   -0.055814
8    0.086161
9    0.090253
Name: Return, dtype: float64"
176,balance_sheet,2008-01-01,0.2,10,-0.9490988125170778,-0.11221389272087676,"0   -0.201650
1   -0.118824
2   -0.379848
3   -0.078465
4   -0.203187
5    0.038628
6    0.012323
7   -0.109692
8   -0.204496
9    0.123073
Name: Return, dtype: float64"
177,balance_sheet,2008-04-01,0.5,10,-0.8299407666379346,0.09425056965000675,"0    0.393654
1   -0.054669
2    0.616136
3   -0.323341
4    0.120383
5    0.064893
6   -0.085713
7    0.321057
8   -0.092288
9   -0.017606
Name: Return, dtype: float64"
178,balance_sheet,2008-07-01,0.1,10,-1.1644718714517945,-0.27614853574651427,"0   -0.172217
1   -0.404255
2   -0.307719
3   -0.340804
4    0.263441
5   -0.263766
6   -0.491845
7   -0.037970
8   -0.581082
9   -0.425268
Name: Return, dtype: float64"
179,balance_sheet,2008-10-01,0.1,10,-0.25431283493856827,-0.3106646725809158,"0   -0.660367
1   -0.394408
2   -0.410256
3   -0.173686
4   -0.115064
5   -0.736773
6   -0.211901
7   -0.388212
8   -0.260571
9    0.244592
Name: Return, dtype: float64"
180,balance_sheet,2009-01-01,0.1,10,0.06632814675864654,-0.19092860795410094,"0   -0.103495
1    0.041637
2   -0.468612
3   -0.205956
4   -0.162836
5   -0.115041
6   -0.649418
7   -0.099192
8   -0.008875
9   -0.137498
Name: Return, dtype: float64"
181,balance_sheet,2009-04-01,0.8,10,1.6182405367184296,0.26962200173230527,"0    0.839286
1    0.205333
2   -0.333333
3    0.447688
4    0.290322
5    0.387755
6   -0.026301
7    0.068666
8    0.245375
9    0.571429
Name: Return, dtype: float64"
182,balance_sheet,2009-07-01,0.9090909090909091,11,0.6682913780505362,0.44724377732920667,"0     0.070450
1     1.120743
2     0.710947
3    -0.214612
4     0.437452
5     0.064459
6     0.389068
7     0.481171
8     0.293375
9     0.188107
10    1.378521
Name: Return, dtype: float64"
183,balance_sheet,2009-10-01,0.45454545454545453,11,0.8127947855806497,0.07486590749187418,"0    -0.029376
1     0.064935
2    -0.109402
3     0.529201
4     0.211864
5    -0.119809
6     0.193969
7     0.160356
8     0.030353
9    -0.107218
10   -0.001348
Name: Return, dtype: float64"
184,balance_sheet,2010-01-01,0.6363636363636364,11,1.8523817571384729,0.11844099413474808,"0     0.300322
1    -0.128063
2     0.003035
3     0.161539
4     0.059974
5     0.175258
6     0.348942
7    -0.022790
8     0.296477
9     0.000000
10    0.108156
Name: Return, dtype: float64"
185,balance_sheet,2010-04-01,0.18181818181818182,11,0.8024361508912229,-0.0903728994338888,"0    -0.071429
1    -0.282787
2     0.021812
3     0.226601
4    -0.218884
5    -0.175667
6     0.057348
7    -0.099095
8    -0.107222
9    -0.173253
10   -0.171527
Name: Return, dtype: float64"
186,balance_sheet,2010-07-01,0.5454545454545454,11,0.5246272433075571,0.05491371845570683,"0     0.060324
1     0.000000
2     0.029260
3     0.081598
4     0.023249
5     0.249558
6     0.093048
7     0.067384
8     0.000307
9     0.048005
10   -0.048682
Name: Return, dtype: float64"
187,balance_sheet,2010-10-01,0.6363636363636364,11,0.3550602438385028,0.11938129603032009,"0     0.039806
1    -0.037108
2     0.039750
3    -0.114178
4     0.245243
5    -0.098857
6     0.192718
7     0.225884
8     0.062587
9     0.921285
10   -0.163934
Name: Return, dtype: float64"
188,balance_sheet,2011-01-01,0.45454545454545453,11,0.1253648819961702,0.18836070734037652,"0     0.506667
1    -0.023099
2     0.688127
3     0.609658
4     0.382212
5    -0.180089
6     0.348287
7    -0.094648
8     0.005618
9    -0.128659
10   -0.042105
Name: Return, dtype: float64"
189,balance_sheet,2011-04-01,0.18181818181818182,11,-0.0572858588808631,-0.11756349935239364,"0    -0.140214
1    -0.038338
2    -0.684932
3    -0.085292
4    -0.212997
5     0.000000
6     0.052632
7    -0.071537
8    -0.210342
9     0.138904
10   -0.041083
Name: Return, dtype: float64"
190,balance_sheet,2011-07-01,0.09090909090909091,11,-0.16044989367184928,-0.21383366669451218,"0    -0.392181
1    -0.187713
2    -0.162906
3    -0.297045
4    -0.252655
5    -0.026299
6    -0.171578
7     0.061494
8    -0.186275
9    -0.391720
10   -0.345292
Name: Return, dtype: float64"
191,balance_sheet,2011-10-01,0.7272727272727273,11,0.9222220654266288,0.07141054753977259,"0     0.137552
1     0.066351
2     0.014434
3     0.046691
4     0.087341
5     0.029207
6     0.091490
7     0.003216
8     0.105394
9     0.142727
10    0.061114
Name: Return, dtype: float64"
192,balance_sheet,2012-01-01,0.7272727272727273,11,1.1240006058214198,0.11811793768348283,"0     0.146903
1     0.153804
2     0.237475
3    -0.016271
4     0.226660
5     0.345704
6     0.054210
7    -0.096930
8     0.012218
9     0.084692
10    0.150832
Name: Return, dtype: float64"
193,balance_sheet,2012-04-01,0.2727272727272727,11,1.2611874560827139,-0.061670280048857024,"0     0.011834
1     0.142415
2    -0.333333
3    -0.091065
4    -0.111113
5    -0.111111
6     0.390805
7    -0.128150
8     0.058085
9    -0.006739
10   -0.500000
Name: Return, dtype: float64"
194,balance_sheet,2012-07-01,0.6363636363636364,11,1.6462073028742865,0.0476488831526584,"0     0.082231
1    -0.039846
2     0.277447
3     0.070319
4     0.088016
5     0.014668
6     0.066080
7     0.030273
8     0.071513
9    -0.203427
10    0.066866
Name: Return, dtype: float64"
195,balance_sheet,2012-10-01,0.25,12,0.45651227769526453,-0.04532760888201979,"0     0.138222
1     0.062042
2    -0.108175
3     0.023490
4    -0.188742
5    -0.015784
6     0.022222
7     0.325758
8    -0.304794
9    -0.200322
10   -0.131950
11   -0.165899
Name: Return, dtype: float64"
196,balance_sheet,2013-01-01,0.6666666666666666,12,1.3333810882486787,0.15229843977086388,"0     0.470588
1     0.631086
2    -0.135593
3     0.170916
4     0.118407
5     0.314638
6    -0.162056
7    -0.211262
8    -0.036207
9     0.201166
10    0.123520
11    0.342379
Name: Return, dtype: float64"
197,balance_sheet,2013-04-01,0.25,12,1.221319308114715,0.008427167993374228,"0     0.442121
1     0.000959
2    -0.084252
3     0.136912
4     0.022727
5    -0.200000
6    -0.079209
7    -0.018692
8    -0.029197
9    -0.045498
10    0.042391
11   -0.087137
Name: Return, dtype: float64"
198,balance_sheet,2013-07-01,0.8333333333333334,12,2.2338121453061723,0.2519434768460727,"0     0.362890
1     0.363173
2     0.789474
3     0.377848
4     0.100207
5     0.677422
6     0.089189
7     0.108186
8    -0.121951
9     0.140363
10    0.214381
11   -0.077859
Name: Return, dtype: float64"
199,balance_sheet,2013-10-01,0.5,12,-0.16614633839000328,-0.06792961676744501,"0     0.066738
1     0.187292
2     0.100327
3     0.098065
4    -0.230770
5    -0.250000
6     0.106058
7    -0.397143
8     0.049451
9    -0.040315
10   -0.314381
11   -0.190476
Name: Return, dtype: float64"
200,balance_sheet,2014-01-01,0.5,12,0.45518008179381125,0.134045265645251,"0    -0.063125
1     0.639785
2    -0.075858
3     0.092854
4    -0.288684
5     0.000000
6     0.687442
7     0.030937
8     0.031379
9     0.122377
10    0.155407
11    0.276029
Name: Return, dtype: float64"
201,balance_sheet,2014-04-01,0.75,12,0.612127492697474,0.07632771733560806,"0     0.161138
1    -0.277777
2     0.273042
3     0.223789
4    -0.152700
5     0.040357
6    -0.179847
7     0.133073
8     0.096939
9     0.131941
10    0.156164
11    0.309814
Name: Return, dtype: float64"
202,balance_sheet,2014-07-01,0.08333333333333333,12,-1.038207275059073,-0.14637911467206183,"0    -0.191332
1    -0.082899
2     0.107909
3     0.001164
4    -0.153909
5    -0.249545
6    -0.130609
7    -0.095923
8    -0.436111
9    -0.159375
10   -0.038328
11   -0.327591
Name: Return, dtype: float64"
203,balance_sheet,2014-10-01,0.8461538461538461,13,0.29693503129158283,0.1718146903024015,"0     0.383333
1     0.157659
2     0.021626
3     0.298333
4     0.285599
5     0.239108
6     0.142287
7     0.088779
8     0.045994
9     0.013769
10    0.057006
11    0.115928
12    0.384170
Name: Return, dtype: float64"
204,balance_sheet,2015-01-01,0.46153846153846156,13,0.29290855804097016,0.049222045573464136,"0    -0.066909
1     0.146789
2     0.406780
3     0.171730
4    -0.051668
5    -0.009325
6    -0.122347
7     0.060854
8    -0.068123
9    -0.044721
10    0.090969
11   -0.020436
12    0.146295
Name: Return, dtype: float64"
205,balance_sheet,2015-04-01,0.8461538461538461,13,0.10568088252729672,0.19312780052666764,"0     0.111789
1     0.090090
2     0.340352
3    -0.248054
4     0.031193
5     0.332143
6     0.202892
7     0.388265
8     0.041873
9     0.157216
10    0.083139
11    0.411765
12    0.568000
Name: Return, dtype: float64"
206,balance_sheet,2015-07-01,0.07692307692307693,13,-0.4911028545131936,-0.1380201596610192,"0    -0.332270
1    -0.162699
2     0.007067
3     0.049158
4    -0.238776
5     0.015792
6    -0.152763
7    -0.158276
8    -0.332534
9    -0.161322
10    0.032714
11   -0.263319
12   -0.097033
Name: Return, dtype: float64"
207,balance_sheet,2015-10-01,0.6153846153846154,13,0.9335659789019976,0.08332849558025993,"0    -0.107602
1     0.109453
2     0.085039
3    -0.014555
4     0.115482
5     0.137897
6     0.089070
7     0.029907
8     0.202166
9    -0.087866
10    0.342622
11    0.026499
12    0.155158
Name: Return, dtype: float64"
208,balance_sheet,2016-01-01,0.46153846153846156,13,-0.059168431365374766,-0.08380751622506437,"0     0.169573
1     0.119194
2     0.080916
3    -0.144501
4    -0.019157
5    -0.087052
6    -0.333333
7    -0.324257
8    -0.756402
9     0.091595
10    0.060652
11   -0.049232
12    0.102507
Name: Return, dtype: float64"
209,balance_sheet,2016-04-01,0.7692307692307693,13,0.7072974331066867,0.17808305459578724,"0     0.746927
1     0.169884
2    -0.067346
3     0.005065
4     0.126358
5     0.339425
6     0.147238
7     0.265958
8     0.394505
9     0.036970
10    0.138201
11    0.061078
12   -0.049183
Name: Return, dtype: float64"
210,balance_sheet,2016-07-01,0.7142857142857143,14,0.8691551514243083,0.09782034531988594,"0     0.021668
1     0.098969
2    -0.045928
3     0.054054
4     0.004673
5    -0.246978
6     0.200617
7     0.316306
8     0.454319
9     0.102268
10    0.039193
11    0.115166
12    0.094937
13    0.160221
Name: Return, dtype: float64"
211,balance_sheet,2016-10-01,0.35714285714285715,14,0.9556345299300247,-0.053905172993738516,"0     0.000000
1     0.099014
2    -0.654054
3     0.006045
4     0.274087
5    -0.214219
6     0.190353
7    -0.257096
8    -0.166667
9    -0.090736
10    0.472603
11   -0.172382
12    0.056166
13   -0.297788
Name: Return, dtype: float64"
212,balance_sheet,2017-01-01,0.21428571428571427,14,0.5476111517063603,-0.03788111691477024,"0    -0.177041
1     0.136033
2    -0.088703
3     0.338983
4     0.024096
5    -0.102704
6    -0.043818
7     0.052219
8    -0.322068
9    -0.178218
10   -0.004484
11   -0.049433
12   -0.044988
13   -0.070212
Name: Return, dtype: float64"
213,balance_sheet,2017-04-01,0.7857142857142857,14,1.1881427585997444,0.16902189656660743,"0    -0.235849
1     0.453815
2     0.225532
3     0.093431
4     0.102564
5     0.896325
6     0.146740
7     0.131851
8     0.081909
9    -0.085890
10    0.167245
11    0.166483
12   -0.187893
13    0.410042
Name: Return, dtype: float64"
214,balance_sheet,2017-07-01,0.7142857142857143,14,1.175402176099594,0.13645374905028188,"0     0.108545
1     0.216918
2     0.499745
3     0.011421
4     0.165106
5     0.072303
6     0.161709
7     0.285714
8    -0.032609
9     0.189921
10    0.075838
11    0.175431
12    0.034529
13   -0.054217
Name: Return, dtype: float64"
215,balance_sheet,2017-10-01,0.5714285714285714,14,2.1410106160359437,0.1425360437226874,"0     0.000000
1     0.102130
2     0.181851
3     1.024657
4     0.417214
5     0.005468
6     0.167642
7     0.048990
8    -0.189600
9     0.239895
10   -0.077990
11    0.227697
12    0.023891
13   -0.176339
Name: Return, dtype: float64"
216,balance_sheet,2018-01-01,0.42857142857142855,14,-0.45502082007433786,-0.01016717617518099,"0    -0.166453
1    -0.021950
2     0.289603
3    -0.118091
4     0.191428
5    -0.115023
6     0.194676
7    -0.290984
8    -0.067662
9     0.099377
10    0.190767
11   -0.007229
12    0.045801
13   -0.366600
Name: Return, dtype: float64"
217,balance_sheet,2018-04-01,0.7142857142857143,14,0.926780844588952,0.13094506783851653,"0     0.328141
1    -0.212903
2     0.158573
3     0.262690
4     0.141304
5     0.079902
6     0.459709
7    -0.352369
8     0.276128
9    -0.059197
10    0.637367
11   -0.291610
12    0.151727
13    0.253769
Name: Return, dtype: float64"
218,balance_sheet,2018-07-01,0.5714285714285714,14,0.2251404281413754,0.19631718197219936,"0     0.247678
1    -0.052462
2     0.241935
3     0.056669
4    -0.182785
5     0.330437
6     0.274648
7     0.171104
8     0.792525
9     0.009912
10   -0.007188
11    0.913775
12   -0.062947
13    0.015139
Name: Return, dtype: float64"
219,balance_sheet,2018-10-01,0.0,15,0.409283706941219,-0.18017957796957934,"0    -0.118210
1     0.005889
2    -0.008753
3    -0.184338
4    -0.239178
5    -0.115543
6    -0.143324
7    -0.081528
8    -0.299683
9    -0.215238
10   -0.442163
11   -0.263024
12   -0.233962
13   -0.151182
14   -0.212457
Name: Return, dtype: float64"
220,balance_sheet,2019-01-01,0.5333333333333333,15,1.3736936064943186,0.0739547240001528,"0     0.127546
1     0.170059
2     0.084487
3     0.006628
4     0.000000
5    -0.097570
6     0.338990
7     0.059524
8    -0.100710
9    -0.016862
10    0.014680
11    0.205866
12    0.007246
13    0.157328
14    0.152109
Name: Return, dtype: float64"
221,balance_sheet,2019-04-01,0.4666666666666667,15,-0.5687751390992665,-0.007776059984899153,"0    -0.139466
1     0.096717
2    -0.250288
3    -0.017973
4    -0.027925
5     0.110728
6     0.159718
7     0.311330
8    -0.202076
9    -0.268293
10    0.060422
11    0.086691
12   -0.186610
13    0.007525
14    0.142857
Name: Return, dtype: float64"
222,balance_sheet,2019-07-01,0.13333333333333333,15,0.2113917587489917,-0.013155196567206734,"0     0.003389
1     0.035012
2     0.155179
3    -0.046835
4    -0.015652
5    -0.131257
6    -0.071235
7     0.012895
8     0.231061
9    -0.107187
10   -0.039290
11   -0.144738
12   -0.007794
13   -0.052716
14   -0.018158
Name: Return, dtype: float64"
223,balance_sheet,2019-10-01,0.5333333333333333,15,0.5208154772162451,0.046017911414332716,"0     0.185034
1     0.072150
2     0.043720
3     0.101649
4    -0.000290
5    -0.163524
6     0.027870
7     0.295775
8    -0.021172
9     0.011015
10    0.042147
11    0.090068
12   -0.028651
13   -0.024770
14    0.059248
Name: Return, dtype: float64"
224,balance_sheet,2020-01-01,0.0,15,1.144762886757837,-0.35799280978128184,"0    -0.458534
1    -0.625148
2    -0.086507
3    -0.209335
4    -0.172222
5    -0.184557
6    -0.671175
7    -0.105113
8    -0.280919
9    -0.492252
10   -0.522580
11   -0.465405
12   -0.305872
13   -0.554121
14   -0.236151
Name: Return, dtype: float64"
225,balance_sheet,2020-04-01,0.8666666666666667,15,1.5816172393678491,0.47582044896297027,"0     0.371226
1     1.503302
2     0.507492
3     0.572085
4     0.439838
5     0.187914
6     0.303947
7     0.739446
8    -0.007402
9     0.361236
10    0.236053
11    1.518140
12    0.000000
13    0.364364
14    0.039666
Name: Return, dtype: float64"
226,balance_sheet,2020-07-01,0.6666666666666666,15,1.7744681514741947,0.2197062189668511,"0     1.465963
1     0.504255
2     0.134334
3     0.769754
4     0.002635
5    -0.292169
6    -0.193617
7     0.050688
8     0.061431
9     0.075601
10   -0.179523
11    0.790038
12    0.123506
13   -0.235484
14    0.218182
Name: Return, dtype: float64"
227,balance_sheet,2020-10-01,0.75,16,0.8535764588713185,0.48182440707990726,"0     0.648198
1    -0.083482
2     0.014286
3     0.169762
4     0.268508
5     1.152367
6     0.537207
7     0.320452
8     2.291275
9    -0.020232
10   -0.038422
11    0.985996
12    0.402526
13    0.297567
14    0.521951
15    0.241231
Name: Return, dtype: float64"
228,balance_sheet,2021-01-01,0.9375,16,0.7334727862758885,0.3252789359438585,"0     1.953333
1     0.322135
2     0.764151
3     0.071096
4     0.347280
5     0.113275
6     0.143802
7     0.047495
8     0.383573
9     0.228164
10    0.189159
11    0.342857
12    0.112600
13   -0.186704
14    0.060967
15    0.311280
Name: Return, dtype: float64"
229,balance_sheet,2021-04-01,0.8125,16,1.1750241987900913,0.6877444961622102,"0     0.796297
1     0.241520
2     0.572383
3    -0.061371
4     2.140175
5     0.347375
6    -0.168236
7     0.651764
8     0.352238
9     0.093177
10    4.558162
11    0.895069
12    0.112207
13    0.132362
14    0.018618
15    0.322174
Name: Return, dtype: float64"
230,balance_sheet,2021-07-01,0.3125,16,-0.3794515560498805,0.011233046079669021,"0    -0.003886
1     0.016866
2     0.446519
3    -0.143814
4     0.107643
5     0.015856
6     0.065058
7    -0.073848
8     0.078130
9    -0.147180
10   -0.010594
11    0.101002
12    0.011129
13   -0.141756
14   -0.092962
15   -0.048433
Name: Return, dtype: float64"
231,balance_sheet,2021-10-01,0.5294117647058824,17,0.3405217139824184,0.040408860522172435,"0     0.416069
1    -0.288182
2    -0.414400
3    -0.189213
4     0.225407
5    -0.104679
6     0.086852
7     0.285667
8    -0.023384
9    -0.078146
10   -0.208696
11    0.186404
12    0.235084
13    0.266592
14    0.106073
15    0.005913
16    0.179591
Name: Return, dtype: float64"
232,balance_sheet,2022-01-01,0.5294117647058824,17,-0.1073406176863082,0.011785285549649704,"0     0.221907
1     0.243206
2    -0.222579
3     0.134073
4     0.157622
5     0.477764
6     0.044562
7     0.045367
8     0.174194
9    -0.286960
10   -0.155346
11   -0.334763
12    0.393023
13    0.027452
14   -0.336017
15   -0.332298
16   -0.050856
Name: Return, dtype: float64"
233,balance_sheet,2022-04-01,0.17647058823529413,17,0.2220334996312813,-0.09682354431071913,"0    -0.159731
1    -0.409536
2    -0.072271
3    -0.268349
4    -0.056197
5    -0.006608
6    -0.121009
7    -0.273494
8     0.093182
9     0.002814
10   -0.431290
11    0.365510
12   -0.068217
13   -0.226252
14   -0.092435
15   -0.007240
16    0.085122
Name: Return, dtype: float64"
234,balance_sheet,2022-07-01,0.29411764705882354,17,0.7186822773909699,-0.021735579284463652,"0     0.006819
1    -0.013807
2     0.002476
3    -0.048821
4     0.103032
5    -0.449478
6    -0.021032
7    -0.075298
8    -0.079620
9     0.074941
10    0.141164
11   -0.132958
12    0.225247
13   -0.126292
14    0.085405
15    0.006267
16   -0.067550
Name: Return, dtype: float64"
235,balance_sheet,2022-10-01,0.6111111111111112,18,0.7414510418219175,0.2034080864023803,"0    -0.095779
1    -0.306067
2    -0.010526
3     0.424173
4    -0.199673
5    -0.239424
6     0.023715
7     0.402096
8     0.097638
9     0.148410
10    2.208113
11    0.431853
12    0.591549
13    0.036431
14    0.054622
15    0.160410
16    0.148651
17   -0.214847
Name: Return, dtype: float64"
236,balance_sheet,2023-01-01,0.6111111111111112,18,1.5248224072166836,0.07459621427483318,"0     0.223267
1     0.112094
2    -0.381560
3     0.204824
4     0.362088
5    -0.186352
6    -0.075089
7     0.059024
8     0.196213
9    -0.068455
10    0.042755
11    0.108121
12    0.197479
13   -0.088811
14    0.404208
15   -0.133786
16    0.339294
17    0.027417
Name: Return, dtype: float64"
237,balance_sheet,2023-04-01,0.6666666666666666,18,0.6969858329779938,0.11809177875269766,"0     0.106911
1     0.092253
2     0.383072
3    -0.329590
4     0.351077
5     0.051057
6     0.663044
7     0.194763
8     0.223119
9    -0.011243
10    0.199420
11   -0.275000
12    0.068911
13    0.000000
14    0.049451
15   -0.107858
16   -0.079461
17    0.545727
Name: Return, dtype: float64"
238,balance_sheet,2023-07-01,0.2777777777777778,18,1.2797213160002565,0.3241188302377052,"0     0.014892
1     5.768496
2     0.274882
3     0.763066
4     0.508475
5     0.005899
6    -0.168363
7    -0.223344
8    -0.176842
9    -0.155535
10   -0.037644
11   -0.370787
12    0.279394
13   -0.113527
14   -0.219063
15   -0.114579
16   -0.067485
17   -0.133797
Name: Return, dtype: float64"
239,balance_sheet,2023-10-01,0.5,18,1.273106690883256,0.1341286023930935,"0     0.238275
1    -0.005730
2     0.004408
3    -0.211775
4     0.444409
5    -0.032498
6    -0.051256
7     0.082664
8    -0.051461
9    -0.015108
10    0.338862
11    0.516781
12    0.175787
13    0.030982
14    0.017418
15    0.535909
16    0.061079
17    0.335568
Name: Return, dtype: float64"
240,cash_flow_statement,2004-01-01,0.625,8,2.2790460421607532,0.15630835582598096,"0    0.191009
1    0.392644
2    0.145455
3    0.071264
4   -0.106195
5   -0.148714
6    0.013910
7    0.691094
Name: Return, dtype: float64"
241,cash_flow_statement,2004-04-01,0.625,8,1.2533083035481702,0.14241147782154778,"0   -0.145411
1    0.461349
2   -0.016698
3    0.376583
4    0.304406
5    0.254433
6   -0.169039
7    0.073668
Name: Return, dtype: float64"
242,cash_flow_statement,2004-07-01,0.3333333333333333,9,0.6149587090231586,0.0008160807485037912,"0   -0.160331
1    0.125256
2   -0.045643
3   -0.257486
4    0.017976
5    0.348730
6    0.133519
7   -0.078925
8   -0.075751
Name: Return, dtype: float64"
243,cash_flow_statement,2004-10-01,0.7777777777777778,9,2.294893295791984,0.12614205097388753,"0    0.055214
1    0.128350
2   -0.334309
3    0.523338
4    0.101465
5   -0.095900
6    0.429163
7    0.114365
8    0.213592
Name: Return, dtype: float64"
244,cash_flow_statement,2005-01-01,0.3333333333333333,9,0.5758229235483675,-0.055895508495490964,"0   -0.042565
1   -0.682844
2   -0.095000
3    0.095897
4    0.046313
5    0.169679
6   -0.002879
7    0.021242
8   -0.012903
Name: Return, dtype: float64"
245,cash_flow_statement,2005-04-01,0.7777777777777778,9,1.9498912736488807,0.13475837552970338,"0    0.161415
1    0.012249
2    0.141975
3    0.206333
4    0.114577
5   -0.055459
6    0.236978
7    0.251609
8    0.143149
Name: Return, dtype: float64"
246,cash_flow_statement,2005-07-01,0.5555555555555556,9,0.7389782910273751,0.08543159240536094,"0   -0.025890
1    0.237351
2    0.197791
3    0.248227
4    0.137122
5    0.223235
6   -0.112604
7   -0.018649
8   -0.117700
Name: Return, dtype: float64"
247,cash_flow_statement,2005-10-01,0.6666666666666666,9,0.28729732585903484,0.15025401111916384,"0    0.036996
1    0.113990
2   -0.225970
3   -0.056255
4    0.025368
5    0.152964
6    0.426136
7    0.203139
8    0.675917
Name: Return, dtype: float64"
248,cash_flow_statement,2006-01-01,0.6666666666666666,9,0.4385820178131501,0.09397830250257787,"0    0.261017
1   -0.061099
2    0.190769
3   -0.035857
4    0.176528
5   -0.067958
6    0.072523
7    0.140913
8    0.168969
Name: Return, dtype: float64"
249,cash_flow_statement,2006-04-01,0.1111111111111111,9,0.9527815481476744,-0.11556332803927069,"0   -0.301242
1   -0.141494
2   -0.305195
3   -0.005186
4   -0.031915
5   -0.226087
6   -0.193864
7    0.148338
8    0.016575
Name: Return, dtype: float64"
250,cash_flow_statement,2006-07-01,0.3333333333333333,9,0.6010669794671543,-0.025904023543222146,"0   -0.023899
1   -0.004085
2    0.040881
3    0.056657
4   -0.218633
5   -0.131632
6   -0.093880
7    0.118939
8    0.022517
Name: Return, dtype: float64"
251,cash_flow_statement,2006-10-01,0.8888888888888888,9,2.0217564570227484,0.10054768775418714,"0    0.266138
1   -0.192434
2    0.095702
3    0.258744
4    0.149001
5    0.102000
6    0.069501
7    0.088673
8    0.067604
Name: Return, dtype: float64"
252,cash_flow_statement,2007-01-01,0.2222222222222222,9,0.3352384526422007,-0.05444474754696237,"0   -0.081197
1    0.065334
2   -0.124804
3    0.081832
4   -0.056610
5   -0.022097
6   -0.085762
7   -0.084496
8   -0.182203
Name: Return, dtype: float64"
253,cash_flow_statement,2007-04-01,0.5,10,0.13580958953254504,0.07312513604945654,"0    0.214296
1    0.269370
2    0.150617
3    0.007593
4    0.190413
5   -0.058642
6   -0.035870
7   -0.072186
8    0.178590
9   -0.112929
Name: Return, dtype: float64"
254,cash_flow_statement,2007-07-01,0.7,10,0.23234041382122397,0.10827827791481152,"0    0.034387
1    0.071487
2    0.125874
3    0.001567
4    0.325889
5    0.135620
6    0.159633
7    0.115814
8    0.015160
9    0.097351
Name: Return, dtype: float64"
255,cash_flow_statement,2007-10-01,0.4,10,-1.068079225380744,-0.024656867591388687,"0   -0.124277
1   -0.229330
2    0.060403
3    0.093694
4   -0.305555
5    0.031547
6    0.193634
7    0.086161
8   -0.055814
9    0.002971
Name: Return, dtype: float64"
256,cash_flow_statement,2008-01-01,0.0,10,-1.3322261247165847,-0.13511126812898605,"0   -0.153103
1   -0.118824
2    0.012323
3   -0.016511
4   -0.204496
5   -0.379848
6   -0.280548
7   -0.025058
8    0.006291
9   -0.191338
Name: Return, dtype: float64"
257,cash_flow_statement,2008-04-01,0.2,10,-0.8456063977911202,-0.002097785307926911,"0    0.058504
1    0.902336
2    0.005600
3    0.017115
4   -0.280570
5   -0.371942
6   -0.176183
7    0.004314
8    0.008618
9   -0.188769
Name: Return, dtype: float64"
258,cash_flow_statement,2008-07-01,0.0,10,-0.8935562618771353,-0.2878879424180598,"0   -0.340804
1   -0.491845
2   -0.036153
3   -0.273266
4   -0.365771
5   -0.215403
6   -0.259594
7   -0.317362
8   -0.298356
9   -0.280324
Name: Return, dtype: float64"
259,cash_flow_statement,2008-10-01,0.1,10,-0.10630292585774767,-0.14879307966034955,"0   -0.572871
1   -0.150528
2   -0.051968
3   -0.134615
4    0.211538
5   -0.018588
6   -0.226882
7   -0.401657
8   -0.105406
9   -0.036954
Name: Return, dtype: float64"
260,cash_flow_statement,2009-01-01,0.3,10,1.231525667972526,0.19076094149817882,"0    0.041637
1   -0.008875
2   -0.048262
3    0.400974
4   -0.237042
5   -0.025800
6    0.035236
7    1.916666
8    0.035245
9   -0.202171
Name: Return, dtype: float64"
261,cash_flow_statement,2009-04-01,0.9,10,1.7931179646811768,0.2881615894436814,"0    0.290322
1    0.281500
2    0.640187
3   -0.122713
4    0.404324
5    0.182044
6    0.212282
7    0.394987
8    0.245540
9    0.353144
Name: Return, dtype: float64"
262,cash_flow_statement,2009-07-01,1.0,11,1.1527640553907987,0.4471751983106639,"0     0.710947
1     0.475827
2     0.181821
3     1.890282
4     0.066692
5     0.222223
6     0.209408
7     0.348894
8     0.075927
9     0.277040
10    0.459865
Name: Return, dtype: float64"
263,cash_flow_statement,2009-10-01,0.6363636363636364,11,0.9772650319150741,0.1343151160874915,"0     0.278805
1     0.305809
2     0.133845
3     0.000000
4    -0.029661
5     0.096343
6    -0.000382
7     0.456773
8     0.227229
9     0.088071
10   -0.079365
Name: Return, dtype: float64"
264,cash_flow_statement,2010-01-01,0.7272727272727273,11,1.037686528919435,0.08384238206906519,"0     0.122292
1     0.170788
2    -0.015964
3     0.094319
4    -0.093318
5     0.262651
6     0.063004
7     0.135241
8     0.163265
9     0.056419
10   -0.036433
Name: Return, dtype: float64"
265,cash_flow_statement,2010-04-01,0.2727272727272727,11,1.1942576394782085,-0.05470509349787041,"0     0.197970
1     0.016541
2    -0.274404
3     0.000000
4     0.148825
5     0.169607
6    -0.174275
7    -0.203120
8    -0.184911
9    -0.186667
10   -0.111323
Name: Return, dtype: float64"
266,cash_flow_statement,2010-07-01,0.9090909090909091,11,1.5574698125500868,0.21430221375888198,"0     0.249558
1     0.142857
2     0.589494
3     0.124498
4     0.500072
5     0.152705
6     0.093048
7     0.323898
8     0.265934
9     0.074111
10   -0.158850
Name: Return, dtype: float64"
267,cash_flow_statement,2010-10-01,0.9090909090909091,11,-0.27098127618851153,0.22865418127998896,"0     0.346087
1     0.116522
2    -0.031174
3     0.245243
4     0.776163
5     0.062587
6     0.185179
7     0.265455
8     0.158391
9     0.166432
10    0.224312
Name: Return, dtype: float64"
268,cash_flow_statement,2011-01-01,0.36363636363636365,11,-0.20012194268091446,0.07071755822777756,"0    -0.033690
1     0.609658
2    -0.005854
3    -0.128659
4    -0.042105
5     0.149442
6     0.358610
7    -0.089159
8    -0.072843
9     0.108989
10   -0.076495
Name: Return, dtype: float64"
269,cash_flow_statement,2011-04-01,0.36363636363636365,11,-0.07645939225823159,-0.00622795697150057,"0     0.068032
1    -0.038338
2     0.113065
3    -0.184415
4     0.068581
5     0.138904
6    -0.135792
7    -0.050000
8    -0.051109
9     0.005425
10   -0.002859
Name: Return, dtype: float64"
270,cash_flow_statement,2011-07-01,0.0,11,-0.07135483251391488,-0.16455766634678562,"0    -0.026299
1    -0.171578
2    -0.064189
3    -0.456360
4    -0.288086
5    -0.087647
6     0.021230
7    -0.003573
8    -0.382495
9    -0.163527
10   -0.187609
Name: Return, dtype: float64"
271,cash_flow_statement,2011-10-01,0.36363636363636365,11,0.94449064020875,0.06512666461011951,"0     0.029207
1     0.003216
2     0.133656
3     0.034276
4     0.007497
5     0.148033
6     0.183967
7     0.017455
8     0.000000
9     0.159088
10    0.000000
Name: Return, dtype: float64"
272,cash_flow_statement,2012-01-01,0.5454545454545454,11,0.26137046992782,0.10191361947315913,"0     0.251488
1     0.400894
2    -0.002629
3    -0.018197
4     0.024834
5     0.084476
6    -0.001505
7     0.152971
8     0.077658
9     0.130625
10    0.020436
Name: Return, dtype: float64"
273,cash_flow_statement,2012-04-01,0.0,11,0.24497996578044703,-0.1463760003196869,"0    -0.218150
1    -0.128150
2    -0.500000
3     0.011173
4    -0.054091
5    -0.072393
6    -0.167766
7    -0.310559
8    -0.086398
9    -0.117950
10    0.034146
Name: Return, dtype: float64"
274,cash_flow_statement,2012-07-01,0.6363636363636364,11,0.6453731117441804,0.04305987693969934,"0    -0.046213
1     0.095051
2     0.075937
3     0.079848
4     0.059336
5    -0.017241
6     0.069431
7     0.032002
8     0.212068
9    -0.170000
10    0.083438
Name: Return, dtype: float64"
275,cash_flow_statement,2012-10-01,0.4166666666666667,12,2.1023541009731184,0.03081274710401889,"0     0.773809
1    -0.051027
2    -0.383234
3    -0.400000
4     0.108700
5    -0.397590
6     0.195484
7     0.071799
8     0.025525
9     0.470588
10   -0.059758
11    0.015457
Name: Return, dtype: float64"
276,cash_flow_statement,2013-01-01,0.6666666666666666,12,1.887674440932639,0.04031463094306803,"0     0.097230
1    -0.162056
2    -0.211262
3     0.229932
4    -0.048976
5     0.226390
6    -0.200000
7     0.085657
8     0.062500
9     0.209733
10    0.047476
11    0.147152
Name: Return, dtype: float64"
277,cash_flow_statement,2013-04-01,0.4166666666666667,12,1.8646483428540488,0.031549160029499874,"0     0.387826
1     0.038718
2    -0.191974
3    -0.030552
4    -0.029197
5    -0.000559
6     0.115784
7     0.053251
8    -0.030636
9     0.065368
10   -0.000588
11    0.001149
Name: Return, dtype: float64"
278,cash_flow_statement,2013-07-01,0.8333333333333334,12,1.2424685754404012,0.23841945763728198,"0    -0.340242
1     0.089189
2     0.187445
3     0.520774
4     0.295698
5    -0.018174
6     0.655357
7     0.068209
8     0.135593
9     0.677422
10    0.124039
11    0.465724
Name: Return, dtype: float64"
279,cash_flow_statement,2013-10-01,0.6666666666666666,12,0.5917391645087043,0.15219022710985086,"0     0.651899
1     0.190397
2     0.224822
3    -0.248532
4     0.126202
5     0.075449
6     0.128825
7     0.633588
8     0.030000
9    -0.055957
10   -0.041952
11    0.111541
Name: Return, dtype: float64"
280,cash_flow_statement,2014-01-01,0.5,12,0.1240217118227018,0.293827397353946,"0     2.694175
1     0.000000
2     0.092280
3     0.148205
4    -0.310000
5     0.228589
6     0.026847
7     0.023386
8    -0.163113
9     0.115392
10    0.687442
11   -0.017272
Name: Return, dtype: float64"
281,cash_flow_statement,2014-04-01,0.5833333333333334,12,1.0804497005303009,0.1347116703922314,"0     0.175642
1    -0.011608
2    -0.130435
3     0.273042
4    -0.179847
5     0.133073
6     0.770335
7     0.096939
8     0.032829
9     0.413980
10   -0.003170
11    0.045758
Name: Return, dtype: float64"
282,cash_flow_statement,2014-07-01,0.25,12,-0.44106124716670436,-0.0142090819049934,"0     0.033548
1    -0.145528
2    -0.060171
3    -0.062415
4     0.000315
5     0.024336
6     0.111595
7     0.068564
8    -0.087041
9    -0.095470
10   -0.031892
11    0.073650
Name: Return, dtype: float64"
283,cash_flow_statement,2014-10-01,0.6153846153846154,13,-0.06104995848602091,0.0366026173772689,"0     0.097239
1     0.094499
2     0.114438
3     0.017550
4     0.093789
5    -0.113830
6     0.150864
7     0.020071
8     0.308613
9    -0.354839
10    0.148605
11    0.096752
12   -0.197918
Name: Return, dtype: float64"
284,cash_flow_statement,2015-01-01,0.46153846153846156,13,0.6744999854865018,0.019314962365817652,"0     0.000000
1     0.073687
2     0.346175
3    -0.138693
4    -0.009921
5    -0.119435
6     0.116561
7    -0.142253
8    -0.185155
9     0.090207
10   -0.025000
11    0.153952
12    0.090969
Name: Return, dtype: float64"
285,cash_flow_statement,2015-04-01,0.5384615384615384,13,-0.2555770308794087,0.013395562048162791,"0     0.041873
1     0.157216
2     0.043775
3    -0.043967
4     0.031193
5     0.314815
6    -0.413589
7    -0.230119
8     0.051531
9     0.161850
10   -0.113722
11    0.034067
12    0.139220
Name: Return, dtype: float64"
286,cash_flow_statement,2015-07-01,0.07692307692307693,13,-0.7534600037296734,-0.14548063053654928,"0     0.029724
1     0.049158
2     0.028042
3    -0.456947
4    -0.282452
5    -0.049296
6     0.022901
7    -0.123204
8    -0.384430
9    -0.109656
10   -0.072349
11   -0.162699
12   -0.380040
Name: Return, dtype: float64"
287,cash_flow_statement,2015-10-01,0.6923076923076923,13,0.36809716249814034,0.04026019374083541,"0     0.020701
1     0.109453
2     0.015602
3     0.123721
4     0.040435
5     0.121842
6    -0.234868
7     0.158297
8     0.119008
9     0.066667
10    0.059682
11    0.061066
12   -0.138224
Name: Return, dtype: float64"
288,cash_flow_statement,2016-01-01,0.6153846153846154,13,0.7434304054402452,0.12336218466457763,"0     0.130000
1     0.160100
2    -0.121875
3     0.080916
4     0.102507
5    -0.042901
6    -0.004970
7     0.041370
8    -0.104818
9    -0.381156
10    0.133556
11    0.157355
12    1.453625
Name: Return, dtype: float64"
289,cash_flow_statement,2016-04-01,0.8461538461538461,13,0.9899788518018418,0.17512263012312698,"0     0.083359
1     0.126358
2     0.265958
3     0.948945
4     0.783127
5     0.109897
6    -0.267494
7     0.064380
8     0.103180
9     0.061078
10   -0.289902
11    0.191032
12    0.096675
Name: Return, dtype: float64"
290,cash_flow_statement,2016-07-01,0.6428571428571429,14,1.2796924087356003,0.1440701042271075,"0     0.213130
1     0.139535
2     0.374170
3    -0.050740
4     0.130139
5    -0.007333
6    -0.052382
7     0.300310
8     0.245856
9     0.244528
10    0.247098
11    0.287895
12    0.005545
13   -0.060770
Name: Return, dtype: float64"
291,cash_flow_statement,2016-10-01,0.2857142857142857,14,0.7761642850780117,-0.0637131156105724,"0     0.274087
1    -0.207650
2     0.025132
3     0.048859
4    -0.436068
5    -0.172000
6     0.118061
7     0.024052
8    -0.305062
9    -0.032459
10   -0.208839
11   -0.110313
12    0.158871
13   -0.068655
Name: Return, dtype: float64"
292,cash_flow_statement,2017-01-01,0.35714285714285715,14,1.7173358499754408,0.03182291589871995,"0     0.136033
1    -0.102704
2    -0.044988
3     0.148905
4     0.065101
5     0.100754
6     0.018678
7    -0.068807
8    -0.062165
9    -0.062858
10    0.416901
11   -0.050560
12   -0.065365
13    0.016596
Name: Return, dtype: float64"
293,cash_flow_statement,2017-04-01,0.42857142857142855,14,0.49630362135892087,0.058135794824888086,"0    -0.137931
1    -0.057528
2     0.896325
3     0.188644
4     0.278609
5    -0.059876
6     0.093431
7     0.013211
8    -0.085890
9    -0.059886
10   -0.316804
11    0.045743
12   -0.070671
13    0.086524
Name: Return, dtype: float64"
294,cash_flow_statement,2017-07-01,0.7857142857142857,14,1.368316122184379,0.1266033794504238,"0     0.191356
1    -0.197100
2     0.369334
3     0.165106
4     0.092479
5     0.309322
6     0.096845
7     0.145783
8    -0.039613
9     0.061266
10    0.459513
11    0.115231
12   -0.074643
13    0.077569
Name: Return, dtype: float64"
295,cash_flow_statement,2017-10-01,0.6428571428571429,14,0.2513902110962583,0.06486871089652016,"0     0.005764
1     0.041064
2     0.000000
3     0.245084
4     0.227697
5     0.048990
6    -0.141359
7     0.097738
8     0.048247
9     0.115557
10    0.132460
11   -0.016661
12    0.218557
13   -0.114973
Name: Return, dtype: float64"
296,cash_flow_statement,2018-01-01,0.2857142857142857,14,-0.6503771628866281,-0.05375848379422812,"0    -0.067662
1    -0.003758
2     0.306963
3     0.073104
4    -0.590499
5    -0.104075
6    -0.293346
7    -0.103408
8    -0.097222
9    -0.155384
10    0.191175
11    0.070885
12    0.012720
13    0.007890
Name: Return, dtype: float64"
297,cash_flow_statement,2018-04-01,0.5714285714285714,14,0.6799073220370763,0.0851681226983571,"0    -0.303635
1     0.159722
2     0.100671
3    -0.078866
4     1.030205
5     0.141304
6    -0.291610
7     0.138531
8    -0.013286
9    -0.128753
10   -0.105168
11    0.043603
12    0.245866
13    0.253769
Name: Return, dtype: float64"
298,cash_flow_statement,2018-07-01,0.5714285714285714,14,1.0530094687488727,0.05844794952791943,"0    -0.255572
1     0.023207
2    -0.122881
3     0.245409
4    -0.156901
5    -0.069500
6     0.044571
7    -0.021484
8     0.211357
9     0.102243
10    0.232658
11    0.146893
12    0.168927
13    0.269345
Name: Return, dtype: float64"
299,cash_flow_statement,2018-10-01,0.0,15,-0.6430146150157717,-0.28185616038175443,"0    -0.120314
1    -0.287498
2    -0.054775
3    -0.376499
4    -0.754045
5    -0.006525
6    -0.274099
7    -0.247569
8    -0.206257
9    -0.220339
10   -0.426380
11   -0.222927
12   -0.254098
13   -0.385729
14   -0.390787
Name: Return, dtype: float64"
300,cash_flow_statement,2019-01-01,0.8,15,2.3279734258176585,0.19876316906762764,"0     0.188914
1     0.084487
2     0.616063
3     0.007246
4     0.114364
5     0.000000
6     0.130298
7     0.480969
8     0.116966
9     0.182612
10   -0.052631
11    0.104426
12    0.133790
13    0.751784
14    0.122159
Name: Return, dtype: float64"
301,cash_flow_statement,2019-04-01,0.4666666666666667,15,-0.10974077037949524,0.057177638523749096,"0     0.436441
1     0.060422
2    -0.268293
3    -0.027925
4     0.311330
5    -0.250288
6     0.077500
7     0.013902
8    -0.186610
9     0.322262
10    0.137192
11   -0.002703
12    0.318069
13   -0.065663
14   -0.017973
Name: Return, dtype: float64"
302,cash_flow_statement,2019-07-01,0.4666666666666667,15,-0.01402880413771207,0.03603062885997329,"0     0.112676
1    -0.005242
2     0.048748
3     0.016440
4     0.139786
5     0.039175
6     0.103056
7    -0.157136
8     0.004923
9    -0.094150
10    0.092300
11   -0.052929
12   -0.031193
13    0.031872
14    0.292135
Name: Return, dtype: float64"
303,cash_flow_statement,2019-10-01,0.5333333333333333,15,0.30841750677632934,0.07822805888347807,"0     0.066919
1     0.011015
2     0.106062
3     0.295775
4    -0.142497
5     0.388654
6     0.375652
7     0.259236
8    -0.028168
9    -0.115059
10    0.039580
11   -0.013402
12   -0.026726
13    0.080752
14   -0.124372
Name: Return, dtype: float64"
304,cash_flow_statement,2020-01-01,0.06666666666666667,15,1.966737701057072,-0.23605141565340368,"0    -0.071948
1    -0.306105
2    -0.554121
3    -0.128553
4    -0.381363
5    -0.151959
6    -0.085121
7    -0.280919
8    -0.687943
9    -0.172222
10    0.109844
11   -0.251865
12   -0.120031
13   -0.148515
14   -0.309951
Name: Return, dtype: float64"
305,cash_flow_statement,2020-04-01,0.9333333333333333,15,1.3303957276755336,0.34197034513737795,"0     0.079743
1     0.046640
2     0.092864
3     0.477386
4     0.104291
5     0.404346
6     0.708326
7    -0.147253
8     0.507492
9     0.439838
10    0.841813
11    0.242161
12    0.187914
13    0.292142
14    0.851852
Name: Return, dtype: float64"
306,cash_flow_statement,2020-07-01,0.6666666666666666,15,1.800697777950415,0.19420265408627552,"0     0.350120
1     0.002635
2    -0.021864
3     0.108108
4     0.153689
5     0.191546
6     0.870976
7     0.224676
8     0.432753
9     0.022925
10    0.289136
11    0.018807
12    0.218182
13    0.101695
14   -0.050343
Name: Return, dtype: float64"
307,cash_flow_statement,2020-10-01,0.625,16,1.303341540398739,0.20716764486518432,"0    -0.025061
1     0.331766
2     0.356065
3     0.354201
4     0.121921
5     0.008947
6     1.319161
7     0.005712
8     0.035222
9     0.149719
10   -0.080525
11    0.000793
12    0.042620
13    0.085760
14    0.055640
15    0.552740
Name: Return, dtype: float64"
308,cash_flow_statement,2021-01-01,0.75,16,0.380894059037727,0.14170229904002002,"0     0.143802
1     0.311280
2     0.112604
3     0.024311
4     0.071096
5     0.163324
6     0.127529
7     0.263636
8     0.463768
9    -0.231132
10   -0.008759
11   -0.166813
12    0.219943
13    0.543218
14    0.060967
15    0.168463
Name: Return, dtype: float64"
309,cash_flow_statement,2021-04-01,0.625,16,0.6232901255741589,0.09109697480080688,"0     0.137692
1    -0.111435
2     0.004978
3     0.108468
4     0.480938
5     0.196992
6     0.470635
7     0.053547
8    -0.098158
9     0.037406
10   -0.096841
11    0.036381
12    0.112207
13    0.206813
14   -0.017868
15   -0.064203
Name: Return, dtype: float64"
310,cash_flow_statement,2021-07-01,0.25,16,-0.4518230459426879,-0.045097198799191274,"0    -0.004970
1     0.135333
2     0.164800
3    -0.088858
4    -0.122607
5    -0.182036
6     0.069132
7    -0.048644
8    -0.205549
9    -0.096163
10    0.065058
11   -0.092962
12   -0.271730
13    0.003902
14   -0.021577
15   -0.024686
Name: Return, dtype: float64"
311,cash_flow_statement,2021-10-01,0.7058823529411765,17,-0.08653898037919189,0.10036038523314816,"0    -0.021116
1    -0.148074
2     0.220838
3     0.254800
4    -0.149211
5     0.496929
6     0.069238
7     0.112987
8     0.037820
9     0.176399
10   -0.189011
11    0.042245
12    0.247490
13    0.031719
14    0.150258
15    0.086932
16    0.285882
Name: Return, dtype: float64"
312,cash_flow_statement,2022-01-01,0.23529411764705882,17,-0.41634256993348906,-0.031905830910941915,"0    -0.240749
1     0.078888
2    -0.089056
3    -0.036934
4    -0.050564
5    -0.285420
6     0.001005
7    -0.217578
8    -0.073880
9    -0.286960
10    0.305670
11   -0.026538
12   -0.202539
13   -0.006335
14    0.147802
15    0.477764
16   -0.036974
Name: Return, dtype: float64"
313,cash_flow_statement,2022-04-01,0.17647058823529413,17,0.44780530109285527,-0.08100183292910962,"0    -0.153932
1     0.152315
2     0.642276
3    -0.080133
4    -0.349314
5    -0.418994
6    -0.161966
7    -0.101273
8    -0.039791
9    -0.403315
10   -0.056197
11    0.014418
12    0.276411
13   -0.058760
14   -0.133452
15   -0.202945
16   -0.302378
Name: Return, dtype: float64"
314,cash_flow_statement,2022-07-01,0.11764705882352941,17,0.5877550245543557,-0.09737590470120118,"0    -0.274753
1    -0.019339
2    -0.102642
3     0.141164
4    -0.132958
5     0.080945
6    -0.035096
7    -0.152340
8    -0.020443
9    -0.134818
10   -0.239913
11   -0.120425
12    0.000000
13   -0.167666
14   -0.068297
15   -0.107400
16   -0.301410
Name: Return, dtype: float64"
315,cash_flow_statement,2022-10-01,0.6111111111111112,18,0.7371479584550958,0.18076994199387816,"0     1.000831
1    -0.034659
2     0.980337
3     1.391666
4     0.136686
5    -0.054738
6    -0.087337
7     0.238806
8     0.054622
9     0.087884
10   -0.161790
11    0.169505
12    0.176377
13   -0.239424
14   -0.808673
15    0.549591
16    0.174081
17   -0.319905
Name: Return, dtype: float64"
316,cash_flow_statement,2023-01-01,0.5,18,0.37707541123705834,-0.039178661637028316,"0    -0.227872
1     0.190646
2     0.112094
3    -0.177337
4    -0.314831
5     0.042755
6     0.404208
7     0.197479
8    -0.249580
9     0.086530
10   -0.145262
11    0.324818
12   -0.068455
13    0.065127
14   -0.635965
15    0.122273
16   -0.119648
17   -0.312195
Name: Return, dtype: float64"
317,cash_flow_statement,2023-04-01,0.6111111111111112,18,0.8367702109933046,0.06703006888565102,"0     0.351077
1     0.047962
2     0.326703
3    -0.329590
4     0.086199
5     0.109646
6     0.038849
7     0.194763
8     0.340200
9     0.126154
10    0.049451
11   -0.194915
12   -0.074347
13   -0.166667
14   -0.057166
15    0.405775
16    0.004781
17   -0.052333
Name: Return, dtype: float64"
318,cash_flow_statement,2023-07-01,0.2777777777777778,18,0.6502795256089572,-0.001286582837072937,"0    -0.166996
1     0.143422
2     0.288660
3     0.034861
4    -0.013543
5     0.025210
6    -0.067215
7    -0.396887
8    -0.091171
9    -0.134830
10   -0.133797
11    0.026632
12    0.067849
13    0.034431
14    0.005899
15    0.125778
16    0.343116
17   -0.114579
Name: Return, dtype: float64"
319,cash_flow_statement,2023-10-01,0.5555555555555556,18,1.0336058831214272,0.03360078052790571,"0     0.082664
1     0.291492
2    -0.408000
3     0.164228
4    -0.051461
5    -0.003181
6     0.060033
7     0.081816
8     0.077283
9     0.007526
10   -0.218579
11    0.323356
12    0.082698
13    0.107119
14    0.154537
15   -0.106843
16   -0.019254
17   -0.020619
Name: Return, dtype: float64"
320,computed,2004-01-01,0.625,8,1.4869403298825823,0.13179195695486182,"0    0.023880
1    0.145455
2    0.392644
3   -0.148714
4    0.459411
5    0.216590
6    0.071264
7   -0.106195
Name: Return, dtype: float64"
321,computed,2004-04-01,0.5,8,1.8666076328146133,0.15478595861470296,"0    0.752501
1    0.083333
2   -0.235941
3    0.461349
4    0.028942
5    0.014151
6    0.150650
7   -0.016698
Name: Return, dtype: float64"
322,computed,2004-07-01,0.3333333333333333,9,0.8879857439295317,-0.042060478691246565,"0   -0.160331
1    0.125256
2   -0.197589
3   -0.045643
4    0.000000
5   -0.257486
6    0.348730
7   -0.325000
8    0.133519
Name: Return, dtype: float64"
323,computed,2004-10-01,0.5555555555555556,9,1.4113610958271112,0.041418719479525946,"0   -0.179777
1    0.305530
2    0.212934
3    0.055214
4    0.128350
5   -0.242611
6   -0.334309
7   -0.095900
8    0.523338
Name: Return, dtype: float64"
324,computed,2005-01-01,0.4444444444444444,9,1.372502092379493,-0.02473691285026304,"0    0.197450
1   -0.095000
2   -0.682844
3    0.046313
4   -0.002879
5   -0.012903
6    0.202446
7   -0.104495
8    0.229280
Name: Return, dtype: float64"
325,computed,2005-04-01,0.6666666666666666,9,1.6009055274284476,0.11743063953805158,"0    0.172156
1    0.056033
2   -0.039261
3    0.251609
4    0.228070
5    0.012249
6    0.141975
7    0.027711
8    0.206333
Name: Return, dtype: float64"
326,computed,2005-07-01,0.5555555555555556,9,0.4140539780760449,0.08141782374694485,"0    0.073687
1   -0.018649
2    0.237351
3   -0.025890
4   -0.112604
5    0.197791
6    0.117414
7    0.248227
8    0.015432
Name: Return, dtype: float64"
327,computed,2005-10-01,0.5555555555555556,9,0.28397284710725734,0.07827020266763486,"0    0.675917
1    0.036996
2    0.113990
3   -0.225970
4   -0.056255
5    0.003459
6    0.025368
7    0.083402
8    0.047525
Name: Return, dtype: float64"
328,computed,2006-01-01,0.6666666666666666,9,0.37502549164690757,0.18289382921115005,"0    0.261017
1   -0.061099
2   -0.035857
3    0.190769
4    0.274284
5    0.366279
6    0.176528
7    0.542081
8   -0.067958
Name: Return, dtype: float64"
329,computed,2006-04-01,0.1111111111111111,9,0.4903861309605326,-0.12040168714315695,"0   -0.226087
1    0.031447
2   -0.141494
3    0.042260
4   -0.190476
5   -0.305195
6   -0.031915
7   -0.221387
8   -0.040769
Name: Return, dtype: float64"
330,computed,2006-07-01,0.3333333333333333,9,1.5145765296159832,-0.01593307230703633,"0   -0.127817
1   -0.023899
2    0.337030
3   -0.191579
4    0.040881
5    0.056657
6   -0.107947
7   -0.131632
8    0.004909
Name: Return, dtype: float64"
331,computed,2006-10-01,0.8888888888888888,9,1.801327892085652,0.10309039501821356,"0    0.266138
1   -0.192434
2    0.258744
3    0.095702
4    0.126917
5    0.149001
6    0.073200
7    0.081045
8    0.069501
Name: Return, dtype: float64"
332,computed,2007-01-01,0.5555555555555556,9,0.36199849778539234,0.02695265050228592,"0   -0.020713
1    0.018963
2    0.065334
3    0.093385
4   -0.185888
5    0.081832
6    0.190476
7    0.123988
8   -0.124804
Name: Return, dtype: float64"
333,computed,2007-04-01,0.7,10,0.26795948555299703,0.11470165542743165,"0    0.070951
1    0.218254
2    0.214296
3   -0.141153
4   -0.060041
5    0.150617
6    0.178590
7    0.007593
8    0.190413
9    0.317497
Name: Return, dtype: float64"
334,computed,2007-07-01,0.7,10,0.5201801848367644,0.18208678598863082,"0    0.297763
1    0.357651
2    0.034387
3    0.217668
4   -0.064815
5    0.583815
6    0.071487
7   -0.003518
8    0.049023
9    0.277406
Name: Return, dtype: float64"
335,computed,2007-10-01,0.7,10,-0.706649232446916,0.062405930211322236,"0    0.344314
1    0.193634
2    0.060403
3    0.093694
4   -0.131351
5   -0.305555
6   -0.055814
7    0.086161
8    0.248322
9    0.090253
Name: Return, dtype: float64"
336,computed,2008-01-01,0.3,10,-0.916423951862462,-0.09600129007764405,"0    0.117607
1   -0.118824
2   -0.379848
3    0.051471
4   -0.193959
5   -0.203187
6    0.012323
7   -0.108146
8    0.128372
9   -0.265820
Name: Return, dtype: float64"
337,computed,2008-04-01,0.4,10,-0.8038787611937722,0.03552671708861597,"0    0.120383
1    0.040361
2   -0.025456
3   -0.128335
4    0.393654
5   -0.062326
6    0.095437
7   -0.000489
8   -0.017606
9   -0.060356
Name: Return, dtype: float64"
338,computed,2008-07-01,0.0,10,-0.7640602513803983,-0.3069988176999125,"0   -0.436755
1   -0.340804
2   -0.383732
3   -0.263766
4   -0.307719
5   -0.491845
6   -0.218156
7   -0.225287
8   -0.036153
9   -0.365771
Name: Return, dtype: float64"
339,computed,2008-10-01,0.0,10,-0.18443723833438344,-0.21698125875355592,"0   -0.173686
1   -0.051968
2   -0.182979
3   -0.693186
4   -0.476646
5    0.011106
6   -0.258708
7   -0.185286
8   -0.172125
9    0.013666
Name: Return, dtype: float64"
340,computed,2009-01-01,0.4,10,0.8805444877993428,0.033543361188753805,"0    1.410257e-01
1    4.163694e-02
2   -1.137460e-07
3   -8.875159e-03
4    0.000000e+00
5   -4.826175e-02
6    4.009742e-01
7    3.646422e-02
8    0.000000e+00
9   -2.275304e-01
Name: Return, dtype: float64"
341,computed,2009-04-01,0.8,10,2.189514829903642,0.32892779703355945,"0   -0.062500
1   -0.307692
2    0.840456
3    0.290322
4    0.387755
5    0.640187
6    0.404324
7    0.737078
8    0.135593
9    0.223756
Name: Return, dtype: float64"
342,computed,2009-07-01,0.9090909090909091,11,1.004093927233344,0.8961021457103064,"0     0.495000
1     3.918521
2     0.006289
3     0.730975
4     0.991614
5     0.558514
6     0.710947
7     0.274212
8     0.728840
9     0.481171
10    0.961039
Name: Return, dtype: float64"
343,computed,2009-10-01,0.6363636363636364,11,0.23944060009961612,0.08545724862299947,"0     0.204081
1    -0.152212
2     0.079171
3     0.278805
4    -0.088926
5     0.341549
6     0.216312
7    -0.023178
8     0.116923
9    -0.082070
10    0.049575
Name: Return, dtype: float64"
344,computed,2010-01-01,0.6363636363636364,11,1.3662589307478483,0.12582301272972998,"0     0.217419
1     0.550976
2     0.059974
3     0.000000
4     0.122292
5    -0.004939
6     0.300322
7     0.055597
8    -0.032686
9    -0.046441
10    0.161539
Name: Return, dtype: float64"
345,computed,2010-04-01,0.45454545454545453,11,1.0978202537993427,-0.025772730215879922,"0    -0.135803
1     0.169607
2    -0.363636
3     0.197970
4     0.000000
5     0.226601
6     0.180982
7    -0.006444
8     0.048603
9    -0.047325
10   -0.554054
Name: Return, dtype: float64"
346,computed,2010-07-01,0.6363636363636364,11,0.714831799680117,0.10018331921127353,"0     0.000000
1     0.000000
2     0.249558
3     0.058208
4     0.093048
5     0.245955
6     0.000307
7     0.142857
8     0.224488
9    -0.048857
10    0.136453
Name: Return, dtype: float64"
347,computed,2010-10-01,0.8181818181818182,11,-0.20424367741392704,0.17146581435192307,"0     0.245243
1     0.776163
2     0.062587
3    -0.052774
4     0.185179
5     0.164382
6     0.127036
7     0.265455
8     0.011866
9     0.040888
10    0.060100
Name: Return, dtype: float64"
348,computed,2011-01-01,0.6363636363636364,11,0.00940299192825006,0.20974010621324304,"0    -0.067717
1     0.688127
2     0.609658
3     0.196403
4    -0.180089
5     0.388206
6     0.348287
7    -0.128659
8     0.345588
9    -0.042105
10    0.149442
Name: Return, dtype: float64"
349,computed,2011-04-01,0.36363636363636365,11,-0.02049999799235483,-0.04889554114485721,"0     0.218382
1    -0.038338
2     0.052632
3    -0.085292
4    -0.684932
5     0.080549
6     0.138904
7     0.000000
8     0.000000
9    -0.050000
10   -0.169755
Name: Return, dtype: float64"
350,computed,2011-07-01,0.0,11,-0.19626051532301897,-0.21652713477400873,"0    -0.388868
1    -0.392181
2    -0.162906
3    -0.018166
4    -0.171578
5    -0.026299
6    -0.056148
7    -0.596170
8    -0.057711
9    -0.288086
10   -0.223684
Name: Return, dtype: float64"
351,computed,2011-10-01,0.45454545454545453,11,1.2100497534190393,0.07210365225860663,"0     0.219706
1     0.105394
2     0.029712
3     0.029207
4     0.000000
5     0.203671
6     0.003216
7     0.092240
8     0.018505
9     0.000000
10    0.091490
Name: Return, dtype: float64"
352,computed,2012-01-01,0.9090909090909091,11,0.817075537682226,0.21018776549483756,"0     0.371200
1     0.131092
2     0.151104
3    -0.232670
4     0.040774
5     0.054210
6     0.260982
7     0.093848
8     0.195091
9     0.241673
10    1.004762
Name: Return, dtype: float64"
353,computed,2012-04-01,0.18181818181818182,11,-0.3278017334736915,-0.18339663567681475,"0    -0.111113
1    -0.101923
2    -0.218150
3    -0.721818
4    -0.128150
5     0.058085
6     0.142857
7    -0.256477
8    -0.076155
9    -0.104519
10   -0.500000
Name: Return, dtype: float64"
354,computed,2012-07-01,0.2727272727272727,11,1.1016701634424073,0.03746908011190976,"0     0.117070
1    -0.076923
2     0.162146
3    -0.021909
4    -0.046441
5     0.024436
6     0.014668
7     0.512261
8    -0.229337
9    -0.009419
10   -0.034392
Name: Return, dtype: float64"
355,computed,2012-10-01,0.5,12,1.2990093353260903,0.017403786848499418,"0    -0.287632
1     0.076532
2     0.046628
3     0.166000
4    -0.057416
5     0.022222
6     0.326514
7     0.127065
8    -0.057209
9    -0.165899
10   -0.059758
11    0.071799
Name: Return, dtype: float64"
356,computed,2013-01-01,0.6666666666666666,12,1.5347523577909132,0.08952982716536839,"0    -0.211262
1    -0.162056
2     0.086387
3     0.085657
4     0.308431
5     0.331997
6     0.089140
7     0.026471
8     0.229932
9    -0.094737
10    0.226390
11    0.158007
Name: Return, dtype: float64"
357,computed,2013-04-01,0.4166666666666667,12,2.618631061105554,0.044244162365907246,"0     0.373281
1    -0.020827
2    -0.087137
3    -0.100988
4    -0.079209
5    -0.018692
6     0.164179
7    -0.102461
8     0.065368
9     0.053251
10   -0.066284
11    0.350448
Name: Return, dtype: float64"
358,computed,2013-07-01,0.9166666666666666,12,0.8288360186438722,0.3640568667771589,"0     0.677422
1     0.089189
2     1.368421
3     0.187445
4     0.048340
5     0.315155
6     0.306376
7     0.395990
8     0.655357
9     0.006580
10    0.211672
11    0.106734
Name: Return, dtype: float64"
359,computed,2013-10-01,0.5833333333333334,12,0.8173538382040143,0.12953145030115462,"0    -0.209074
1     0.446394
2     0.447130
3    -0.230770
4     0.105188
5     0.049451
6     0.660550
7    -0.055103
8     0.020548
9     0.001874
10    0.190501
11    0.127688
Name: Return, dtype: float64"
360,computed,2014-01-01,0.4166666666666667,12,0.22777838892462948,0.020529225659706708,"0    -0.132422
1     0.230215
2     0.040958
3     0.114065
4    -0.073000
5     0.003529
6     0.307453
7     0.257450
8    -0.235688
9     0.000000
10   -0.075385
11   -0.190825
Name: Return, dtype: float64"
361,computed,2014-04-01,0.4166666666666667,12,0.13048108161632144,0.0006371615075621492,"0    -0.277777
1     0.223789
2     0.273042
3    -0.179847
4     0.222098
5     0.096939
6    -0.114753
7     0.133073
8     0.035209
9    -0.003170
10   -0.333333
11   -0.067623
Name: Return, dtype: float64"
362,computed,2014-07-01,0.4166666666666667,12,0.1684569113546164,0.010668193456058794,"0     0.201766
1     0.041817
2     0.169538
3     0.073650
4    -0.191095
5     0.292566
6    -0.283404
7     0.024336
8    -0.038910
9    -0.039489
10   -0.110865
11   -0.011891
Name: Return, dtype: float64"
363,computed,2014-10-01,0.8461538461538461,13,0.41295777626547625,0.13658294548276873,"0    -0.385946
1     0.157659
2     0.045994
3     0.308613
4     0.188195
5     0.059621
6     0.128095
7     0.142287
8     0.073428
9     0.802787
10   -0.078163
11    0.129418
12    0.203591
Name: Return, dtype: float64"
364,computed,2015-01-01,0.23076923076923078,13,-0.061240267425464893,-0.0026448763302640886,"0    -0.058678
1    -0.039216
2     0.759186
3     0.060644
4     0.022015
5    -0.258270
6    -0.039425
7    -0.075880
8    -0.397590
9    -0.010212
10   -0.182499
11   -0.020436
12    0.205978
Name: Return, dtype: float64"
365,computed,2015-04-01,0.6153846153846154,13,-0.28526561806876033,0.12307599451416723,"0     0.090090
1    -0.226131
2    -0.248054
3    -0.496678
4     0.031193
5     1.263997
6     0.454588
7     0.332143
8     0.083303
9     0.041873
10    0.131783
11   -0.015335
12    0.157216
Name: Return, dtype: float64"
366,computed,2015-07-01,0.15384615384615385,13,-0.5388908666111322,-0.12520370883562307,"0     0.200000
1     0.007067
2     0.049158
3    -0.115942
4    -0.020447
5     0.015792
6    -0.443451
7    -0.346567
8    -0.332534
9    -0.072349
10   -0.184291
11   -0.109656
12   -0.274428
Name: Return, dtype: float64"
367,computed,2015-10-01,0.7692307692307693,13,1.097039326869162,0.04434508239735218,"0     0.035615
1     0.090160
2     0.062862
3     0.089070
4     0.103893
5    -0.204747
6     0.106142
7     0.020701
8     0.104395
9     0.112295
10   -0.028267
11    0.043727
12    0.040640
Name: Return, dtype: float64"
368,computed,2016-01-01,0.46153846153846156,13,0.09564410225059838,0.07905925333287785,"0    -0.218975
1    -0.210950
2     0.039351
3    -0.280654
4     0.080916
5    -0.104818
6     0.257213
7     0.056337
8    -0.049904
9     1.453625
10    0.102507
11    0.025000
12   -0.121875
Name: Return, dtype: float64"
369,computed,2016-04-01,0.9230769230769231,13,0.9073041298176803,0.19779340302024687,"0     0.082454
1     0.126358
2     0.339425
3     0.265958
4     0.096675
5     0.746927
6     0.055435
7     0.037121
8     0.273458
9     0.439252
10    0.339047
11    0.059104
12   -0.289902
Name: Return, dtype: float64"
370,computed,2016-07-01,0.7857142857142857,14,1.080863572244903,0.16473785100161042,"0     1.067568
1    -0.315207
2    -0.024557
3     0.070876
4     0.242904
5    -0.112853
6     0.092184
7     0.374170
8     0.090480
9     0.037804
10    0.068706
11    0.297479
12    0.245856
13    0.170919
Name: Return, dtype: float64"
371,computed,2016-10-01,0.21428571428571427,14,0.5629499699161871,-0.14783969688159895,"0     0.311663
1    -0.166667
2     0.006045
3    -0.097455
4    -0.791165
5     0.084453
6    -0.372549
7    -0.068655
8     0.048859
9    -0.214219
10   -0.532000
11   -0.108503
12   -0.108280
13   -0.061285
Name: Return, dtype: float64"
372,computed,2017-01-01,0.42857142857142855,14,0.8950103113910255,-0.010074558711341072,"0     0.136033
1    -0.128125
2    -0.035898
3     0.148905
4     0.115872
5    -0.052800
6    -0.156953
7    -0.065365
8    -0.011989
9     0.076597
10    0.036580
11    0.120647
12   -0.210700
13   -0.113850
Name: Return, dtype: float64"
373,computed,2017-04-01,0.6428571428571429,14,0.836843646866954,0.08371330153406964,"0    -0.404762
1     0.430052
2     0.093431
3     0.128838
4    -0.085890
5     0.896325
6    -0.066329
7    -0.136755
8    -0.346109
9     0.187873
10    0.060000
11    0.191136
12    0.057692
13    0.166483
Name: Return, dtype: float64"
374,computed,2017-07-01,0.5714285714285714,14,1.28492301030564,0.11804939558864168,"0     0.502473
1     0.247564
2     0.011421
3    -0.074870
4     0.202384
5     0.104176
6     0.326375
7    -0.092857
8     0.000714
9     0.156250
10    0.000402
11    0.175431
12   -0.032609
13    0.125837
Name: Return, dtype: float64"
375,computed,2017-10-01,0.5,14,1.5816497316651854,0.0757823592918699,"0     0.055138
1    -0.189600
2     0.227697
3    -0.073566
4    -0.082645
5     0.048990
6     0.153312
7     0.244791
8    -0.073333
9    -0.255613
10    1.024657
11   -0.180908
12    0.291342
13   -0.129310
Name: Return, dtype: float64"
376,computed,2018-01-01,0.2857142857142857,14,-0.33944961928433837,0.01991358658054621,"0    -0.115023
1     0.718518
2     0.190767
3    -0.255996
4    -0.008158
5    -0.007229
6     0.122541
7    -0.139515
8    -0.069767
9     0.105005
10    0.007890
11   -0.108513
12   -0.146732
13   -0.014997
Name: Return, dtype: float64"
377,computed,2018-04-01,0.6428571428571429,14,0.8126912833739967,0.09319805765806767,"0     0.160706
1     0.906815
2     0.102210
3    -0.078866
4     0.469432
5    -0.361905
6     0.126984
7     0.101161
8     0.008521
9     0.141304
10   -0.352369
11   -0.291610
12    0.220661
13    0.151727
Name: Return, dtype: float64"
378,computed,2018-07-01,0.35714285714285715,14,0.8188063857726848,0.058411658825211474,"0    -0.032100
1    -0.571429
2    -0.255572
3    -0.141444
4     0.044571
5    -0.021754
6     0.320563
7     0.274648
8     0.277921
9    -0.221246
10   -0.150804
11    0.035277
12   -0.122881
13    1.382013
Name: Return, dtype: float64"
379,computed,2018-10-01,0.13333333333333333,15,0.15649900474401943,-0.1610848613024706,"0    -0.139718
1    -0.030361
2    -0.205432
3     0.036810
4    -0.169997
5    -0.754045
6    -0.178386
7    -0.081807
8    -0.610870
9     0.000920
10    0.888489
11   -0.442163
12   -0.134766
13   -0.392819
14   -0.202128
Name: Return, dtype: float64"
380,computed,2019-01-01,0.8666666666666667,15,2.3622522195735134,0.1576806801952745,"0     0.084487
1     0.007246
2     0.338990
3     0.182612
4     0.089081
5     0.170059
6     0.157328
7     0.228439
8     0.067591
9     0.480969
10    0.153897
11    0.165242
12    0.092103
13    0.147165
14    0.000000
Name: Return, dtype: float64"
381,computed,2019-04-01,0.4,15,-0.33601223402271196,0.01897277862423432,"0    -0.108421
1    -0.064450
2    -0.040444
3    -0.139466
4     0.106312
5    -0.268293
6     0.142857
7    -0.250288
8    -0.017973
9    -0.027925
10    0.110236
11   -0.000702
12    0.480593
13    0.311330
14    0.051224
Name: Return, dtype: float64"
382,computed,2019-07-01,0.3333333333333333,15,0.9503659831617746,-0.07535653106107323,"0     0.085814
1    -0.046835
2     0.088315
3    -0.666031
4    -0.088476
5    -0.176510
6    -0.123288
7    -0.012670
8    -0.004401
9     0.027069
10   -0.243047
11   -0.506214
12    0.175633
13    0.216127
14    0.144165
Name: Return, dtype: float64"
383,computed,2019-10-01,0.4,15,-0.02567467270348437,0.07162512409812034,"0     0.295775
1     0.480000
2     0.520408
3     0.011015
4     0.056926
5    -0.026265
6    -0.037195
7    -0.047394
8     0.103991
9     0.006588
10    0.043720
11    0.006591
12   -0.062377
13   -0.019448
14   -0.257959
Name: Return, dtype: float64"
384,computed,2020-01-01,0.06666666666666667,15,2.048232624639459,-0.3040580004891903,"0    -0.460693
1    -0.554121
2    -0.150739
3    -0.552042
4    -0.172222
5    -0.313095
6    -0.522580
7    -0.487367
8    -0.120031
9    -0.134576
10   -0.275680
11    0.070508
12   -0.432362
13   -0.251865
14   -0.204003
Name: Return, dtype: float64"
385,computed,2020-04-01,0.8666666666666667,15,1.415446275364148,0.3478412933688774,"0     0.000000
1     0.220290
2     0.187914
3     0.361236
4     0.541206
5     0.507492
6     0.061567
7     0.169440
8     0.563124
9     0.158848
10    0.419264
11   -0.007402
12    0.212553
13    0.303947
14    1.518140
Name: Return, dtype: float64"
386,computed,2020-07-01,0.5333333333333333,15,0.8171827986191418,0.44459273878364874,"0     4.395918
1     0.129647
2     0.769754
3     0.432398
4     0.002635
5     1.222222
6    -0.016016
7    -0.244828
8    -0.201042
9     0.171875
10    0.101695
11   -0.060241
12   -0.254333
13    0.001025
14    0.218182
Name: Return, dtype: float64"
387,computed,2020-10-01,0.8125,16,1.0398278029610388,0.4528311408431329,"0     0.223574
1     0.648198
2     0.287037
3     1.476398
4     0.020885
5    -0.041860
6     0.362733
7     0.500000
8     0.848292
9    -0.195760
10    0.256013
11    0.588143
12    0.750246
13    0.164800
14    1.165508
15    0.191091
Name: Return, dtype: float64"
388,computed,2021-01-01,0.875,16,0.2213759905533897,0.2189404611889663,"0    -0.189869
1     0.071096
2     0.282387
3     0.143802
4     0.044304
5     0.129384
6     0.405406
7     0.306151
8     0.237827
9     0.072970
10    0.000000
11    0.060967
12    0.781865
13    0.425033
14    0.280626
15    0.451101
Name: Return, dtype: float64"
389,computed,2021-04-01,0.8125,16,1.2259225796754012,0.2701834003473696,"0     0.253496
1     0.347375
2     0.080866
3     0.352238
4     0.158863
5     0.322174
6     0.651764
7    -0.017893
8     0.590099
9    -0.264838
10    0.546159
11    0.543761
12    0.010421
13    0.441780
14    0.109677
15    0.196992
Name: Return, dtype: float64"
390,computed,2021-07-01,0.4375,16,-0.37144645893749073,-0.035656209879419615,"0    -0.078050
1    -0.363908
2     0.065299
3     0.158005
4     0.067358
5    -0.609469
6    -0.092962
7    -0.119089
8     0.149269
9     0.107868
10   -0.010594
11   -0.073848
12   -0.122607
13    0.206704
14    0.141622
15    0.003902
Name: Return, dtype: float64"
391,computed,2021-10-01,0.7647058823529411,17,0.24086067805637915,0.14014347362604584,"0     0.261724
1     0.157928
2    -0.104679
3     0.112987
4     0.207493
5    -0.049271
6     0.058108
7     0.186404
8     0.143849
9     0.184634
10    0.129103
11   -0.068368
12    0.235084
13    0.018413
14    0.417883
15    0.235567
16    0.255581
Name: Return, dtype: float64"
392,computed,2022-01-01,0.23529411764705882,17,-0.1401472413568417,-0.062356227468766096,"0     0.307095
1    -0.245668
2    -0.190517
3     0.477764
4    -0.334007
5     0.375706
6    -0.339569
7    -0.285420
8    -0.227266
9    -0.427158
10   -0.167371
11    0.492931
12   -0.159842
13    0.009843
14    0.001005
15   -0.060621
16   -0.286960
Name: Return, dtype: float64"
393,computed,2022-04-01,0.058823529411764705,17,0.28114518819567197,-0.14964426242402026,"0    -0.347339
1    -0.070801
2    -0.116269
3    -0.197021
4    -0.137374
5    -0.020737
6    -0.194152
7    -0.167823
8    -0.007240
9    -0.239667
10   -0.131402
11    0.000000
12   -0.065490
13   -0.307649
14    0.085122
15   -0.545977
16   -0.080133
Name: Return, dtype: float64"
394,computed,2022-07-01,0.23529411764705882,17,1.5379159858548506,-0.04034578760548504,"0    -0.274753
1     0.055788
2    -0.102642
3    -0.132958
4     0.141164
5    -0.148108
6    -0.059214
7    -0.097784
8    -0.079898
9    -0.023191
10    0.085369
11   -0.239913
12    0.640443
13   -0.120425
14   -0.152340
15   -0.177417
16    0.000000
Name: Return, dtype: float64"
395,computed,2022-10-01,0.5,18,0.2404546735252574,0.5513617291810854,"0     0.160410
1     0.705818
2     0.049803
3    -0.038198
4     0.023715
5    -0.257980
6     0.152135
7     0.402096
8    -0.808673
9     0.642555
10   -0.673059
11   -0.100325
12    0.068841
13   -0.237255
14   -0.127347
15    0.582329
16    9.685714
17   -0.306067
Name: Return, dtype: float64"
396,computed,2023-01-01,0.6111111111111112,18,1.5219914625692605,0.15945463300436286,"0     0.112094
1    -0.177337
2     0.246160
3     0.013871
4     0.042755
5     0.196213
6     0.224242
7    -0.249580
8     0.358683
9     0.830795
10    0.581473
11   -0.056701
12   -0.088811
13   -0.167537
14   -0.030769
15    0.298759
16    0.275202
17    0.460672
Name: Return, dtype: float64"
397,computed,2023-04-01,0.7777777777777778,18,1.0437944585430963,0.11826248758945727,"0     0.092253
1     0.000000
2    -0.329590
3     0.052536
4     0.068779
5     0.022385
6     0.387231
7     0.126154
8     0.194763
9     0.625893
10    0.190900
11    0.379464
12    0.103334
13    0.227840
14    0.143421
15   -0.275000
16    0.068911
17    0.049451
Name: Return, dtype: float64"
398,computed,2023-07-01,0.4444444444444444,18,0.6661311058257263,-0.047869144781807114,"0     0.082669
1     0.008671
2    -0.549020
3    -0.176842
4    -0.194410
5    -0.267579
6     0.065041
7    -0.166359
8     0.111995
9     0.038149
10   -0.036646
11   -0.376370
12    0.093408
13   -0.030110
14   -0.078542
15    0.279394
16    0.190493
17    0.144415
Name: Return, dtype: float64"
399,computed,2023-10-01,0.5,18,1.4167295190637321,0.11770419086046531,"0     0.826412
1    -0.106843
2    -0.167041
3    -0.063226
4     0.146167
5     0.436983
6     0.227159
7     0.017418
8     0.100654
9     0.044248
10   -0.151961
11    0.465770
12   -0.018431
13   -0.014260
14   -0.079453
15    0.284444
16   -0.003181
17    0.173817
Name: Return, dtype: float64"
