original_filing_date,period_end_date,revenue,cogs,gross_profit,sga,rnd,special_charges,other_opex,total_opex,operating_income,interest_income,interest_expense,net_interest_income_normal,other_nonoperating_income,pretax_income,income_tax,net_income_continuing,net_income_discontinued,income_allocated_to_minority_interest,other_income_statement_items,net_income,preferred_dividends,net_income_available_to_shareholders,eps_basic,eps_diluted,shares_basic,shares_diluted,da_income_statement_supplemental,cash_and_equiv,st_investments,receivables,inventories,other_current_assets,total_current_assets,equity_and_other_investments,ppe_gross,accumulated_depreciation,ppe_net,intangible_assets,goodwill,other_lt_assets,total_assets,accounts_payable,tax_payable,current_accrued_liabilities,st_debt,current_capital_leases,current_deferred_revenue,current_deferred_tax_liability,other_current_liabilities,total_current_liabilities,lt_debt,noncurrent_capital_leases,pension_liabilities,noncurrent_deferred_revenue,other_lt_liabilities,total_liabilities,common_stock,preferred_stock,retained_earnings,aoci,apic,treasury_stock,minority_interest_liability,other_equity,total_equity,total_liabilities_and_equity,total_noncurrent_assets,total_noncurrent_liabilities,cfo_net_income,cfo_da,cfo_receivables,cfo_inventory,cfo_prepaid_expenses,cfo_other_working_capital,cfo_change_in_working_capital,cfo_deferred_tax,cfo_stock_comp,cfo_other_noncash_items,cf_cfo,cfi_ppe_purchases,cfi_ppe_sales,cfi_ppe_net,cfi_acquisitions,cfi_divestitures,cfi_acquisitions_net,cfi_investment_purchases,cfi_investment_sales,cfi_investment_net,cfi_intangibles_net,cfi_other,cf_cfi,cff_common_stock_issued,cff_common_stock_repurchased,cff_common_stock_net,cff_pfd_net,cff_debt_net,cff_dividend_paid,cff_other,cf_cff,cf_forex,cf_net_change_in_cash,capex,cff_pfd_issued,cff_pfd_repurchased,cff_debt_issued,cff_debt_repaid,ebitda,fcf,income_tax_rate,nopat,book_value,tangible_book_value,roa,roe,roic,roic_legacy,roce,rotce,gross_margin,ebitda_margin,operating_margin,pretax_margin,net_income_margin,fcf_margin,assets_to_equity,equity_to_assets,debt_to_equity,debt_to_assets,revenue_per_share,ebitda_per_share,operating_income_per_share,pretax_income_per_share,fcf_per_share,book_value_per_share,tangible_book_per_share,market_cap,enterprise_value,price_to_earnings,price_to_book,price_to_tangible_book,price_to_sales,price_to_fcf,price_to_pretax_income,enterprise_value_to_earnings,enterprise_value_to_book,enterprise_value_to_tangible_book,enterprise_value_to_sales,enterprise_value_to_fcf,enterprise_value_to_pretax_income,revenue_growth,gross_profit_growth,ebitda_growth,operating_income_growth,pretax_income_growth,net_income_growth,eps_diluted_growth,shares_diluted_growth,cash_and_equiv_growth,ppe_growth,total_assets_growth,total_equity_growth,cfo_growth,capex_growth,fcf_growth,dividends_per_share_growth,shares_eop_growth,gross_margin_median,pretax_margin_median,operating_income_margin_median,fcf_margin_median,roa_median,roe_median,roic_median,assets_to_equity_median,debt_to_assets_median,debt_to_equity_median,revenue_cagr_10,eps_diluted_cagr_10,total_assets_cagr_10,total_equity_cagr_10,fcf_cagr_10,dividends_per_share_cagr_10,cf_cfo_cagr_10,current_ratio,payout_ratio,peg_ratio,shares_eop_change,net_debt,shares_eop,dividends,period_end_price,roic_5yr_avg,fiscal_quarter_number,fiscal_quarter_key
2006-08-14,2006-06,19422000,6567000,12855000,15809000,856000,0,0,16665000,-3810000,0,0,0,-706000,-4516000,1338000,-3178000,0,0,0,-3178000,0,-3178000,-2.4,-2.4,1920000,1920000,1692000,25020000,0,13537000,10625000,5336000,54518000,0,12511000,-1042000,11469000,11971000,60900000,621000.00000001,139479000,4103000,0,9740000,4190000,0,0,0,0.0,18033000,3333000,0,0,3057000,25274000,49697000,0,0,-28939000,53000,115288000,0,3377000,3000.0000000001,89782000,139479000,84961000,31664000,-3178000,1692000,-2118000,-927000,-1184000,81000.0,-4148000,0,0,2843000,-2791000,-2606000,0,-2606000,0,0,0,0,0,0,0,0.0,-2606000,70237000,-35154000,35083000,0,-6412000,0,976000.00000001,29647000,-20000,24230000,-2606000,0,0,0,-6412000,-2118000,-5397000,0,-2381250,89782000,16911000,-0.1199,-0.4543,-0.322,-0.4421,-0.3645,-1.0628,0.6618,-0.109,-0.1961,-0.2325,-0.1636,-0.2778,1.5535,0.6436,0.0837,0.0539,10.1156,-1.1031,-1.9843,-2.352,-2.8109,46.7614,8.8078,219240000,197553000,-14.3294,2.4419,12.9643,3.5901,-21.1315,-24.0447,-12.9119,2.2003,11.6819,3.235,-19.0412,-21.6662,0.6448,0.0886,-1.1793,-1.3226,0.0,-0.0176,0.8095,3.5176,0.0,0.0,0.0,0.0,0.0,0.0,0.0,0,0.001,1.0,0.0,1.0,0.0,0.0,0.0,0.0,0.0,0.0,0.0,0.0,0,0.3472,0.46,0,0,0.0,3.0232,0,0,3000.0,-17497000,2900000,0,75.6,-0.33224409612114,2,FY2006.FQ2
2006-11-14,2006-09,17358000,6606000,10752000,15345000,1016000,0,0,16361000,-5609000,0,0,0,171000,-5438000,0,-5438000,0,0,0,-5438000,30000,-5468000,-1.92,-1.92,2782000,2782000,1979000,21360000,0,10417000,12370000,2325000,46472000,0,12816000,-1042000,11774000,11101000,60510000,1552000.0,131409000,5256000,0,8694000,4029000,0,0,0,0.0,17979000,2882000,0,0,0,25037000,45898000,0,0,-34377000,144000,116453000,0,3288000,3000.0000000001,85511000,131409000,84937000,27919000,-5438000,1979000,3064000,-1430000,-55000,-886000.0,693000,0,0,1077000,-1689000,-1415000,0,-1415000,0,0,0,0,0,0,0,0.0,-1415000,0,0,0,0,-643000,0,-10000.0,-653000,97000,-3660000,-1415000,0,0,0,-643000,-3630000,-3104000,0,-3505625,85511000,13900000,-0.13,-0.2009,-0.1793,-0.2348,-0.4779,-1.1781,0.6194,-0.2091,-0.3231,-0.3132,-0.3132,-0.1788,1.5367,0.6507,0.0808,0.0525,6.2393,-1.3048,-2.0161,-1.9547,-1.1157,30.7372,4.9964,198802800,180324800,-11.2859,2.3248,14.3023,2.9842,-14.749,-13.6577,-10.237,2.1087,12.973,2.7068,-13.3782,-12.3883,0.47,-0.0894,-1.3074,-1.475,0.0,-0.7412,0.8476,5.5458,0.0,0.0,0.0,0.0,0.0,0.0,0.0,0,-0.0006,1.0,0.0,0.4137,0.0,-0.0599,0.0,0.0,0.0,0.0262,0.0,0.1456,0,0.0,0.0,0,0,0.0,2.5847,0,0,-2000.0,-14449000,2898000,0,68.6,-0.33224409612114,3,FY2006.FQ3
2007-04-02,2006-12,19196000,6117000,13079000,21650000,1013000,0,0,22663000,-9584000,0,0,0,-1406000,-10990000,-334000,-11324000,0,0,0,-11324000,0,-11324000,-4.2,-4.2,2802000,2802000,3881000,16943000,0,10583000,13454000,4518000,45498000,0,18137000,-5554000,12583000,10184000,60390000,622000.00000001,129277000,5798000,0,8451000,5223000,0,0,0,1918000.0,21390000,3111000,0,0,1467000,25589000,51557000,0,0,-38681000,111000,113563000,0,2724000,3000.0000000001,77720000,129277000,83779000,30167000,-11324000,3881000,-184000,-993000,12000,3782000.0,2617000,0,0,2586000,-2240000,-2576000,0,-2576000,0,0,0,0,0,0,0,-1100000.0,-3676000,0,0,0,0,1515000,0,-64000.0,1451000,48000,-4417000,-2576000,0,0,1515000,0,-5703000,-4816000,0,-5990000,77720000,7146000,-0.198,-0.3163,-0.2798,-0.3531,-0.1918,-0.5003,0.6813,-0.297,-0.4992,-0.5725,-0.5899,-0.2508,1.6633,0.6011,0.1072,0.0644,6.8508,-2.0353,-3.4204,-3.9221,-1.7187,27.7373,2.5503,129859380,116027380,-5.0301,1.6708,18.1723,1.7547,-7.098,-5.0833,-4.4943,1.4928,16.2366,1.5678,-6.342,-4.5419,0.6256,0.1076,0.8748,0.7896,0.0,-2.626,-0.1676,0.8065,6.772,0.7461,0.1845,5.4813,0.0,0.0,0.0,0,0.0,1.0,0.0,-0.1843,0.0,-0.1249,0.0,0.0,0.0,0.0532,0.0,0.1572,0,0.0,0.0,0,0,0.0,2.127,0,0,0.0,-8609000,2898000,0,44.81,-0.33224409612114,4,FY2006.FQ4
2007-05-15,2007-03,19550000,6881000,12669000,13816000,1465000,0,0,15281000,-2612000,0,0,0,-61000,-2673000,-1000,-2674000,0,0,0,-2674000,0,-2674000,-0.96,-0.96,2791000,2791000,2410000,8090000,0,11903000,14397000,6226000,40616000,0,17100000,-5554000,11546000,11879000,59500000,526000.0,124067000,3144000,0,10006000,4856000,0,0,0,0.0,18006000,2630000,0,0,1513000,25446000,47595000,0,0,-41355000,1195000,113814000,0,2815000,3000.0000000001,76472000,124067000,83451000,29589000,-2674000,2410000,-1315000,-891000,308000,-3111000.0,-5009000,0,0,342000,-4931000,-3048000,0,-3048000,0,0,0,-2000000,0,-2000000,0,0.0,-5048000,1119000,0,1119000,0,-876000,0,952000.0,1195000,-69000,-8853000,-3048000,0,0,0,-876000,-202000,-7979000,0,-1632500,76472000,5093000,-0.1785,-0.2933,-0.2576,-0.3004,-0.1929,-0.5267,0.648,-0.0103,-0.1336,-0.1367,-0.1367,-0.4081,1.6223,0.6163,0.0978,0.0603,7.0046,-0.0723,-0.9358,-0.9577,-2.8588,27.3994,1.8247,147297600,141837600,-6.5135,1.9261,28.9215,1.9502,-6.9166,-6.2369,-6.2721,1.8547,27.8495,1.8779,-6.6602,-6.0057,0.0843,0.0902,0.8773,0.1601,0.4191,0.5449,0.8095,0.7994,9.2275,0.1901,0.072,4.4084,-1.6326,0.0183,-0.6028,0,-0.001,0.8406,-0.0683,-0.1843,-0.0894,-0.1328,-0.1004,-0.0896,0.7683,0.0571,0.0404,0.1593,0,0.0,0.0,0,0,0.0,2.2556,0,0,-3000.0,-604000,2895000,0,50.88,-0.33224409612114,1,FY2007.FQ1
2007-08-14,2007-06,18820000,6836000,11984000,11231000,1303000,0,0,12534000,-550000,0,0,0,-97000,-647000,-56000,-703000,0,0,0,-703000,0,-703000,-0.24,-0.24,2830000,2830000,2527000,6249000,0,11724000,15930000,6664000,40567000,0,17831000,-5554000,12277000,12997000,59500000,1131000.0,126472000,4929000,0,9923000,5287000,0,0,0,0.0,20139000,2887000,0,0,2440000,25045000,50511000,0,0,-42058000,-118000,118134000,0,0,3000.0000000001,75961000,126472000,85905000,30372000,-703000,2527000,541000,-1535000,-306000,441000.0,-859000,0,0,-715000,250000,-1526000,0,-1526000,0,0,0,1687000,0,1687000,0,-1787000.0,-1626000,0,0,0,0,-362000,0,0.0,-362000,-103000,-1841000,-1526000,0,0,0,-362000,1977000,-1276000,0,-343750,75961000,3464000,-0.1607,-0.2642,-0.2356,-0.2572,-0.1649,-0.4666,0.6367,0.105,-0.0292,-0.0343,-0.0373,-0.0678,1.6649,0.6006,0.1076,0.0646,6.6501,0.6985,-0.1943,-0.2286,-0.4508,26.8413,1.224,137256000,133894000,-6.8154,1.8069,39.6235,1.8319,-7.9916,-6.9503,-6.6484,1.7626,38.653,1.787,-7.7958,-6.7801,-0.0309,-0.0677,1.9334,0.8556,0.8567,0.7787,0.9,0.4739,-0.7502,0.0704,-0.0932,-0.1539,1.0895,0.4144,0.7635,0,0.0397,0.6716,-0.0855,-0.153,-0.1233,-0.1481,-0.2326,-0.2075,0.7683,0.0571,0.0404,0.1549,0,0.2731,0.4516,0,0,0.0,2.0143,0,0,115000.0,1925000,3010000,0,45.6,-0.33224409612114,2,FY2007.FQ2
2007-11-09,2007-09,20319000,7379000,12940000,14628000,3680000,0,0,18308000,-5368000,0,0,0,11000,-5357000,-221000,-5578000,0,0,0,-5578000,0,-5578000,-1.92,-1.92,2969000,2969000,2742000,33661000,0,12807000,18220000,6782000,71470000,0,18061000,-5554000,12507000,12133000,59470000,1160000.0,156740000,4931000,0,10981000,5173000,0,0,0,0.0,21085000,2410000,0,0,2539000,25103000,51137000,0,0,-47636000,264000,152970000,0,0,4999.9999999955,105603000,156740000,85270000,30052000,-5578000,2742000,-916000,-1980000,-38000,1017000.0,-1917000,0,0,2580000,-2173000,-1825000,0,-1825000,0,0,0,0,0,0,0,45000.0,-1780000,32238000,0,32238000,0,-795000,0,0.0,31443000,-78000,27412000,-1825000,0,0,0,-795000,-2626000,-3998000,0,-3355000,105603000,34000000,-0.1432,-0.2233,-0.2055,-0.2576,-0.1435,-0.3343,0.6368,-0.1292,-0.2641,-0.2636,-0.2745,-0.1967,1.4842,0.6737,0.0718,0.0483,6.8437,-0.8844,-1.808,-1.8043,-1.3465,35.5685,11.4516,162354240,131103240,-8.006,1.5374,4.7751,2.0845,-8.9852,-8.2551,-6.4649,1.2414,3.8559,1.6832,-7.2556,-6.6661,0.1705,0.2034,0.2765,0.0429,0.0148,-0.0257,0.0,0.0672,0.5758,0.0622,0.1927,0.2349,-0.2865,-0.2897,-0.288,0,0.3066,0.6549,-0.1846,-0.1843,-0.1877,-0.1394,-0.2121,-0.1924,1.5104,0.0571,0.0763,0.114,0,0.0,0.0,0,0,0.0,3.3896,0,0,923000.0,-26078000,3933000,0,41.28,-0.33224409612114,3,FY2007.FQ3
2008-03-17,2007-12,21342000,8728000,12614000,14515000,-89000,0,0,14426000,-1812000,0,0,0,-9123000,-10935000,-312000,-11247000,0,0,0,-11247000,0,-11247000,-3.36,-3.36,3835000,3835000,2793000,25843000,0,13035000,20092000,4905000,63875000,0,24360000,-12131000,12229000,9637000,60000000,1499000.0,147240000,5948000,0,13368000,4757000,0,0,0,0.0,24073000,1954000,0,0,1273000,25090000,52390000,0,0,-58883000,334000,153394000,0,0,4999.9999999955,94850000,147240000,83365000,28317000,-11247000,2793000,221000,-2972000,520000,2846000.0,615000,0,0,1456000,-6383000,1027000,0,1027000,0,0,0,0,0,0,0,-1512000.0,-485000,-6000,0,-6000,0,-951000,0,0.0,-957000,7000,-7818000,1027000,0,0,0,-951000,981000,-5356000,0,-1132500,94850000,25213000,-0.1329,-0.2015,-0.1881,-0.2602,-0.0769,-0.1622,0.591,0.0459,-0.0849,-0.5123,-0.5269,-0.2509,1.5523,0.6441,0.0707,0.0455,5.565,0.2558,-0.4724,-2.8513,-1.3966,24.7327,6.5744,237746880,213857880,-11.7684,2.5065,9.4295,2.9706,-12.7759,-12.1225,-10.5859,2.2546,8.482,2.6721,-11.4921,-10.9044,0.1117,-0.0355,1.172,0.8109,0.005,0.0067,0.2,0.3686,0.5252,-0.0281,0.1389,0.2204,-1.8495,1.3986,-0.1121,0,-0.0005,0.6462,-0.2438,-0.1843,-0.2238,-0.1394,-0.2124,-0.1968,1.5445,0.0571,0.0763,0.0609,0,0.0,0.0,0,0,0.0,2.6533,0,0,-2000.0,-19132000,3931000,0,60.48,-0.33224409612114,4,FY2007.FQ4
2008-05-12,2008-03,23197000,7887000,15310000,15667000,3204000,0,11000000,29871000,-14561000,0,0,0,-1126000,-15687000,-92000,-15779000,0,0,0,-15779000,0,-15779000,-4.08,-4.08,3833000,3833000,2035000,26904000,0,14183000,21658000,2458000,65203000,0,26015000,-12131000,13884000,8741000,60180000,2314000.0,150322000,6382000,0,22798000,11450000,0,0,0,0.0,40630000,1568000,0,0,1068000,25126000,68392000,0,0,-74662000,2114000,154473000,0,0,4999.9999999955,81930000,150322000,85119000,27762000,-15779000,2035000,-719000,-1731000,493000,9102000.0,7145000,294000,0,1981000,-4324000,-2515000,0,-2515000,0,0,0,0,0,0,0,2000000.0,-515000,0,0,0,0,5997000,0,22000.0,6019000,-119000,1061000,-2515000,0,0,5997000,0,-12526000,-6839000,0,-9100625,81930000,13009000,-0.2238,-0.3768,-0.3389,-0.4633,-0.1789,-0.4034,0.6599,-0.5399,-0.6277,-0.6762,-0.6802,-0.2948,1.8347,0.545,0.1588,0.0866,6.0519,-3.2679,-3.7988,-4.0926,-1.7842,21.3749,3.3939,236863680,211527680,-7.1115,2.891,18.2076,2.8306,-13.559,-7.2599,-6.3508,2.5818,16.2601,2.5278,-12.1087,-6.4834,0.1865,0.2084,-61.0099,-4.5746,-4.8686,-4.9008,-3.25,0.3733,2.3255,0.2024,0.2116,0.0713,0.123,0.1748,0.1428,0,0.0002,0.6462,-0.2594,-0.2301,-0.2509,-0.1519,-0.2438,-0.2206,1.5529,0.0624,0.0823,0.0698,0,0.0,0.0,0,0,0.0,1.6047,0,0,1000.0,-13886000,3932000,0,60.24,-0.33224409612114,1,FY2008.FQ1
2008-08-06,2008-06,23853000,8016000,15837000,15802000,3354000,0,0,19156000,-3319000,0,0,0,-203000,-3522000,-69000,-3591000,0,0,0,-3591000,0,-3591000,-0.96,-0.96,3856000,3856000,1638000,13071000,0,15300000,21016000,5830000,55217000,0,29508000,-12131000,17377000,5919000,60130000,2525000.0,141168000,6854000,0,14144000,12414000,0,1085000,0,0.0,34497000,1515000,0,0,1098000,25581000,62691000,0,0,-78253000,646000,156079000,0,0,4999.9999999955,78477000,141168000,85951000,28194000,-3591000,1638000,-1420000,-328000,-799000,-6797000.0,-9344000,36000,0,1510000,-9751000,-5058000,0,-5058000,0,0,0,0,0,0,0,0.0,-5058000,0,0,0,0,1035000,0,0.0,1035000,-59000,-13833000,-5058000,0,0,1035000,0,-1681000,-14809000,0,-2074375,78477000,12428000,-0.2483,-0.4512,-0.3863,-0.4911,-0.2086,-0.4761,0.6639,-0.0704,-0.1391,-0.1476,-0.1505,-0.6208,1.7988,0.5559,0.1774,0.0986,6.1859,-0.4359,-0.8607,-0.9133,-3.8405,20.3519,3.223,193489920,181933920,-5.3457,2.4655,15.5688,2.1811,-6.2412,-5.4502,-5.0264,2.3183,14.639,2.0508,-5.8684,-5.1247,0.2674,0.3215,-1.8502,-5.0345,-4.4435,-4.1081,-3.0,0.3625,1.0916,0.4154,0.1161,0.0331,-40.004,-2.3145,-10.6057,0,0.005,0.6462,-0.2594,-0.1843,-0.2635,-0.1519,-0.2787,-0.2466,1.5879,0.0624,0.0908,0.0728,0,0.026,0.0,0,0,0.0,1.6006,0,0,20000.0,858000,3952000,0,48.96,-0.33224409612114,2,FY2008.FQ2
2008-11-04,2008-09,25816000,9108000,16708000,16502000,3361000,0,0,19863000,-3155000,0,0,0,-1623000,-4778000,-82000,-4860000,0,0,0,-4860000,0,-4860000,-1.2,-1.2,3866000,3866000,2242000,10874000,0,17391000,22342000,7268000,57875000,0,33678000,-12131000,21547000,5026000,60130000,2515000.0,147093000,9958000,0,16045000,15949000,0,2862000,0,0.0,44814000,1500000,0,0,1107000,25355000,72776000,0,0,-83113000,638000,156847000,-60000,0,4999.0,74317000,147093000,89218000,27962000,-4860000,2242000,-2094000,-1759000,-2762000,3831000.0,-2784000,35000,0,1267000,-4100000,-2904000,0,-2904000,0,0,0,0,0,0,0,1302000.0,-1602000,0,0,0,0,3520000,0,0.0,3520000,-15000,-2197000,-2904000,0,0,3520000,0,-913000,-7004000,0,-1971875,74317000,9161000,-0.2461,-0.4643,-0.3852,-0.4428,-0.1925,-0.4306,0.6471,-0.0353,-0.1222,-0.185,-0.1882,-0.2713,1.9792,0.5052,0.2347,0.1186,6.6777,-0.2361,-0.816,-1.2359,-1.8116,19.2232,2.3696,218095200,208721200,-6.1475,2.9346,23.8069,2.315,-6.413,-6.2452,-5.8832,2.8085,22.7836,2.2155,-6.1374,-5.9767,0.2705,0.2911,0.6523,0.4122,0.108,0.1287,0.375,0.3021,-0.6769,0.7227,-0.0615,-0.2962,-0.8867,-0.5912,-0.7518,0,-0.0002,0.6476,-0.248,-0.1676,-0.2611,-0.1696,-0.3048,-0.2687,1.6428,0.0624,0.1025,0.0365,0,0.0242,0.0,0,0,0.0,1.2914,0,0,-1000.0,6575000,3951000,0,55.2,-0.33224409612114,3,FY2008.FQ3
2009-03-04,2008-12,28447000,11594000,16853000,28828000,3046000,0,-11000000,20874000,-4021000,0,0,0,-812000,-4833000,-225000,-5058000,0,0,0,-5058000,0,-5058000,-1.32,-1.32,3875000,3875000,2816000,18315000,0,18759000,24170000,4265000,65509000,0,40149000,-17056000,23093000,4284000,60120000,2542000.0,155548000,10504000,0,16739000,2109000,0,1858000,0,0.0,31210000,26488000,0,0,887000,25494000,84079000,0,0,-88171000,1495000,158140000,0,0,5000.0,71469000,155548000,90039000,52869000,-5058000,2816000,-1040000,-2768000,1936000,152000.0,-1720000,36000,0,2622000,-1304000,-2525000,0,-2525000,0,0,0,0,0,0,0,564000.0,-1961000,0,0,0,0,10835000,0,0.0,10835000,-129000,7441000,-2525000,0,0,10835000,0,-1205000,-3829000,0,-2513125,71469000,7065000,-0.1935,-0.4017,-0.3053,-0.3601,-0.2048,-0.4353,0.5924,-0.0423,-0.1413,-0.1698,-0.1778,-0.1346,2.1764,0.4594,0.4001,0.1838,7.3411,-0.3109,-1.0376,-1.2472,-0.9881,18.4436,1.8232,111418200,119591200,-3.8042,1.5589,15.7704,1.0997,-3.4302,-3.866,-4.0832,1.6733,16.9272,1.1804,-3.6818,-4.1495,0.3329,0.336,-2.2283,-1.219,0.558,0.5502,0.6071,0.0104,-0.2912,0.8883,0.0564,-0.2465,0.7957,-3.4586,0.2851,0,0.0,0.642,-0.2243,-0.1402,-0.2509,-0.186,-0.3048,-0.2687,1.6641,0.0645,0.1074,0.0389,0,0.0109,-0.0225,0,0,0.0,2.0989,0,0,0.0,10282000,3951000,0,28.2,-0.33224409612114,4,FY2008.FQ4
2009-05-05,2009-03,30610000,10830000,19780000,18747000,2867000,0,0,21614000,-1834000,34000,-916000,-882000,-1551000,-4267000,-116000,-4383000,0,0,0,-4383000,0,-4383000,-1.08,-1.08,3875000,3875000,2601000,10087000,0,23812000,26952000,4829000,65680000,0,45951000,-18781000,27170000,3473000,60070000,1840000.0,158233000,13965000,0,18287000,3037000,0,2501000,0,0.0,37790000,26360000,0,0,915000,25638000,90703000,0,0,-92554000,1056000,159023000,0,0,5000.0,67530000,158233000,92553000,52913000,-4383000,2601000,-5381000,-3189000,-629000,3268000.0,-5931000,35000,630000,689000,-6359000,-2892000,0,-2892000,0,0,0,0,383000,383000,0,0.0,-2509000,0,0,0,0,844000,0,0.0,844000,-204000,-8228000,-2892000,0,0,1940000,-1096000,767000,-9251000,0,-1125000,67530000,3987000,-0.114,-0.2574,-0.1816,-0.2122,-0.0986,-0.2021,0.6461,0.025,-0.0599,-0.1393,-0.1431,-0.3022,2.3431,0.4267,0.4353,0.1857,7.8993,0.1979,-0.4732,-1.1011,-2.3873,17.427,1.0289,84174120,100447120,-4.7045,1.2464,21.1121,0.7741,-2.4123,-4.8375,-5.614,1.4874,25.1936,0.9238,-2.8787,-5.7728,0.3195,0.2919,1.0612,0.874,0.7279,0.7222,0.7352,0.0109,-0.625,0.9569,0.0526,-0.1757,-0.4706,-0.1499,-0.3526,0,0.003,0.6466,-0.1774,-0.1363,-0.2611,-0.186,-0.3048,-0.2687,1.7319,0.0756,0.1332,0.0583,0,0.0187,-0.0233,0,0,0.0,1.738,0,0,12000.0,19310000,3963000,0,21.24,-0.33224409612114,1,FY2009.FQ1
2009-08-04,2009-06,29401000,9451000,19950000,17729000,3436000,0,0,21165000,-1215000,12000,-913000,-901000,-4330000,-6446000,4000,-6442000,139000,0,0,-6303000,0,-6303000,-1.56,-1.56,3930000,3930000,2897000,19731000,0,23824000,27749000,4451000,75755000,0,48781000,-19919000,28862000,2702000,60090000,1706000.0,169115000,13809000,0,22167000,4439000,0,2865000,0,0.0,43280000,26577000,0,0,964000,25352000,96173000,0,0,-98857000,1123000,170671000,0,0,4999.9999999955,72942000,169115000,93360000,52893000,-6303000,2897000,113000,-1023000,678000,2099000.0,1867000,47000,830000,3087000,2425000,-3756000,0,-3756000,0,0,0,0,0,0,0,0.0,-3756000,9884000,0,9884000,0,1179000,0,0.0,11063000,-88000,9644000,-3756000,0,0,1928000,-749000,1682000,-1331000,0,-665000,72942000,10150000,-0.1258,-0.2933,-0.2051,-0.2408,-0.0805,-0.1604,0.6785,0.0572,-0.0413,-0.2192,-0.2143,-0.0452,2.3184,0.4313,0.4252,0.1834,7.4811,0.4279,-0.3091,-1.6402,-0.3386,18.5603,2.5826,171829920,178675920,-8.3396,2.3557,16.929,1.5036,-8.0238,-8.4545,-8.6719,2.4495,17.6035,1.5635,-8.3434,-8.7913,0.2325,0.2597,2.0005,0.6339,-0.8302,-0.7552,-0.625,0.0191,0.5095,0.6609,0.1979,-0.0705,1.2486,0.2574,0.9101,0,0.0883,0.6466,-0.1774,-0.1279,-0.2611,-0.1696,-0.2933,-0.2466,1.8168,0.0926,0.1681,0.0435,0,0.0272,-0.0063,0,0,0.0,1.7503,0,0,350000.0,11285000,4313000,0,39.84,-0.33224409612114,2,FY2009.FQ2
2009-11-09,2009-09,30103000,10028000,20075000,17223000,3630000,0,0,20853000,-778000,16000,-931000,-915000,235000,-1458000,94000,-1364000,81000,0,0,-1283000,0,-1283000,-0.24,-0.24,4293000,4293000,3146000,14110000,0,21744000,28615000,4887000,69356000,0,52105000,-22150000,29955000,3219000,60130000,1645000.0,164305000,14049000,0,16242000,6405000,0,2067000,0,0.0,38763000,23724000,0,0,998000,25568000,89053000,0,0,-100140000,1367000,174020000,0,0,4999.0,75252000,164305000,94949000,50290000,-1283000,3146000,2379000,-1189000,579000,-4464000.0,-2695000,28000,1100000,601000,897000,-3009000,0,-3009000,0,0,0,0,0,0,0,-1353000.0,-4362000,-43000,0,-43000,0,-2010000,0,31000.0,-2022000,-134000,-5621000,-3009000,0,0,0,-2010000,2368000,-2112000,0,-425625,75252000,11903000,-0.1021,-0.2297,-0.1626,-0.194,-0.0598,-0.1153,0.6668,0.0786,-0.0258,-0.0484,-0.0426,-0.0701,2.1833,0.458,0.4003,0.1833,7.0121,0.5515,-0.1812,-0.3396,-0.4919,17.529,2.7726,241776000,251390000,-14.1995,3.2128,20.3121,2.0392,-14.6326,-14.2187,-14.7641,3.3406,21.1198,2.1203,-15.2145,-14.7841,0.166,0.2015,3.5936,0.7534,0.6948,0.736,0.8,0.1104,0.2975,0.3902,0.117,0.0125,1.2187,-0.0361,0.6984,0,0.0155,0.6466,-0.1774,-0.1035,-0.2238,-0.1519,-0.2787,-0.2206,1.907,0.1086,0.2061,0.0441,0,0.0284,-0.0016,0,0,0.0,1.7892,0,0,67000.0,16019000,4380000,0,55.2,-0.33224409612114,3,FY2009.FQ3
2010-03-02,2009-12,33260000,11295000,21965000,18253000,9937000,0,0,28190000,-6225000,-7000,-698000,-705000,5853000,-1077000,-195000,-1272000,-48000,0,0,-1320000,0,-1320000,-0.24,-0.24,4328000,4328000,3312000,10085000,0,24766000,29515000,3256000,67622000,0,54612000,-24256000,30356000,2299000,60110000,1501000.0,161888000,12781000,0,16439000,6724000,0,2135000,0,0.0,38079000,23631000,0,0,738000,24611000,87059000,0,0,-101460000,1263000,175021000,0,0,4999.9999999955,74829000,161888000,94266000,48980000,-1320000,3312000,-3159000,-1873000,1074000,-2797000.0,-6755000,31000,1010000,1211000,-2511000,-2166000,0,-2166000,0,0,0,0,0,0,0,60000.0,-2106000,66000,0,66000,0,311000,0,7000.0,384000,208000,-4025000,-2166000,0,0,1900000,-1589000,-2913000,-4677000,0,-3925000,74829000,12420000,-0.0814,-0.177,-0.1262,-0.1426,-0.0765,-0.147,0.6604,-0.0875,-0.1871,-0.0323,-0.0396,-0.1406,2.1634,0.4622,0.4056,0.1875,7.6848,-0.673,-1.4383,-0.2488,-1.0806,17.2895,2.8696,280670400,294216400,-21.1205,3.7508,22.5982,2.2749,-16.1574,-21.1858,-22.1398,3.9318,23.6889,2.3847,-16.9372,-22.2083,0.1691,0.3033,-1.4174,-0.5481,0.7771,0.739,0.8181,0.1169,-0.4493,0.3145,0.0407,0.047,-0.9256,0.1421,-0.2214,0,0.0,0.6535,-0.1774,-0.1306,-0.2238,-0.138,-0.2753,-0.2053,2.0713,0.1509,0.3174,0.0585,0,0.0249,-0.0015,0,0,0.0,1.7758,0,0,0.0,20270000,4380000,0,64.08,-0.33224409612114,4,FY2009.FQ4
2010-05-10,2010-03,35322000,11748000,23574000,22116000,4137000,0,0,26253000,-2679000,2000,-861000,-859000,-992000,-4530000,-136000,-4666000,-44000,0,0,-4710000,0,-4710000,-1.08,-1.08,4513000,4513000,3562000,12662000,0,39268000,46702000,6484000,105116000,0,62997000,-26881000,36116000,40823000,172630000,2520000.0,357205000,23073000,0,23423000,10055000,0,1618000,0,2864000.0,61033000,26752000,0,0,12255000,26616000,126656000,0,0,-106170000,1092000,335178000,-97000,538000,8000.0,230549000,357205000,252089000,65623000,-4710000,3562000,-780000,-3427000,-432000,1716000.0,-2923000,35000,980000,555000,-2501000,-1145000,0,-1145000,0,1589000,1589000,0,0,0,0,0.0,444000,6546000,0,6546000,0,-1876000,0,92000.0,4762000,-128000,2577000,-1145000,0,0,410000,-2286000,883000,-3646000,0,-1700625,230549000,17096000,-0.0524,-0.0891,-0.0729,-0.0777,-0.0498,-0.1354,0.6674,0.0249,-0.0758,-0.1282,-0.1333,-0.1032,1.5493,0.6454,0.1596,0.103,7.8267,0.1956,-0.5936,-1.0037,-0.8078,51.0855,3.7881,497242200,511332200,-36.5189,2.1567,29.0852,3.882,-42.2609,-36.8027,-37.5537,2.2178,29.9094,3.9921,-43.4584,-37.8456,0.1539,0.1918,0.1512,-0.4607,-0.0616,-0.0746,0.0,0.1646,0.2552,0.3292,1.2574,2.414,0.6066,0.604,0.6058,0,0.4851,0.6602,-0.1587,-0.1035,-0.1957,-0.1294,-0.2753,-0.1966,2.0713,0.1509,0.3174,0.0568,0,0.0858,0.0812,0,0,0.0,1.7222,0,0,2125000.0,24145000,6505000,0,76.44,-0.33224409612114,1,FY2010.FQ1
2010-08-06,2010-06,45424000,16591000,28833000,25615000,5001000,0,469000,31085000,-2252000,34000,-1444000,-1410000,296000,-3366000,265000,-3101000,122000,0,0,-2979000,0,-2979000,-0.48,-0.48,7056000,7056000,4275000,38408000,0,37153000,49913000,7142000,132616000,0,70746000,-30143000,40603000,37043000,162100000,2330000.0,374692000,21242000,0,21464000,10024000,0,1299000,0,1179000.0,55208000,24165000,0,0,11158000,26168000,116699000,0,0,-109149000,-12311000,379048000,-97000,493000,9000.0,257993000,374692000,242076000,61491000,-3101000,4275000,505000,-5358000,-950000,-6268000.0,-12071000,-220000,770000,1600000,-8747000,-4928000,0,-4928000,0,329000,329000,0,0,0,-500000,0.0,-5099000,43113000,0,43113000,0,-3198000,0,102000.0,40017000,-425000,25746000,-4928000,0,0,1200000,-4398000,2023000,-13675000,0,-1310000,257993000,58850000,-0.0281,-0.0421,-0.0367,-0.0404,-0.0375,-0.1069,0.6347,0.0445,-0.0495,-0.0741,-0.0655,-0.301,1.4523,0.6885,0.1325,0.0912,6.4376,0.2867,-0.3191,-0.477,-1.938,36.5636,8.3404,405072000,390829000,-39.3579,1.57,6.8831,2.8108,-16.8009,-38.8334,-37.974,1.5148,6.6411,2.712,-16.2102,-37.468,0.5449,0.4452,0.2027,-0.8534,0.4778,0.5273,0.6923,0.7954,0.9465,0.4067,1.2156,2.5369,-4.607,-0.312,-9.2742,0,0.1183,0.6602,-0.1435,-0.099,-0.2059,-0.1199,-0.2753,-0.1933,2.0713,0.1509,0.3174,0.0784,0,0.0979,0.1052,0,0,0.0,2.4021,0,0,770000.0,-4219000,7275000,0,55.68,-0.33224409612114,2,FY2010.FQ2
2010-11-08,2010-09,44846000,15919000,28927000,24991000,6176000,0,533000,31700000,-2773000,262000,-1417000,-1155000,-632000,-4560000,770000,-3790000,0,0,0,-3790000,0,-3790000,-0.48,-0.48,7249000,7249000,4614000,28854000,0,43151000,53552000,7668000,133225000,0,73300000,-33885000,39415000,42352000,172320000,3081000.0,390393000,19272000,0,24580000,10147000,0,2984000,0,1033000.0,58016000,22680000,0,0,11986000,28128000,120810000,0,0,-112939000,1807000,380263000,-97000,540000,9000.0,269583000,390393000,257168000,62794000,-3790000,4614000,-4870000,-4512000,-284000,5173000.0,-4493000,-916000,570000,2110000,-1905000,-5584000,0,-5584000,0,0,0,0,0,0,0,0.0,-5584000,0,0,0,0,-1514000,0,17000.0,-1497000,-568000,-9554000,-5584000,0,0,1000000,-2514000,1841000,-7489000,0,-1569375,269583000,54911000,-0.0334,-0.0485,-0.0429,-0.0484,-0.0414,-0.1078,0.645,0.041,-0.0618,-0.1016,-0.0845,-0.1669,1.4481,0.6905,0.1217,0.084,6.1865,0.2539,-0.3825,-0.629,-1.0331,37.1889,7.5749,186920280,180746280,-14.6042,0.6933,3.404,1.1766,-6.339,-13.8121,-14.1219,0.6704,3.2916,1.1378,-6.1296,-13.3559,0.4897,0.4409,-0.2225,-2.5642,-2.1275,-1.954,-1.0,0.6885,1.0449,0.3158,1.376,2.5824,-3.1237,-0.8557,-2.5459,0,0.0052,0.6537,-0.1338,-0.0688,-0.1538,-0.108,-0.2436,-0.1721,2.0713,0.1509,0.3174,0.0681,0,0.1001,0.1264,0,0,0.0,2.2963,0,0,38000.0,3973000,7313000,0,25.56,-0.33224409612114,3,FY2010.FQ3
2011-03-04,2010-12,46018000,13399000,32619000,24898000,4084000,0,1669000,30651000,1968000,-216000,-2224000,-2440000,-3559000,-4031000,1155000,-2876000,0,0,0,-2876000,0,-2876000,-0.36,-0.36,7348000,7348000,4795000,23168000,0,39777000,51635000,8244000,122824000,0,75605000,-37165000,38440000,43152000,170190000,2410000.0,377016000,15957000,0,22530000,1708000,0,3396000,0,0.0,43591000,32474000,0,0,8761000,25756000,110582000,0,0,-115815000,-1310000,383647000,-97000,0,9000.0,266434000,377016000,254192000,66991000,-2876000,4795000,2966000,-1364000,-464000,-6475000.0,-5337000,-844000,850000,1732000,-1680000,-2371000,0,-2371000,0,-329000,-329000,0,0,0,0,-1471000.0,-4171000,0,0,0,0,261000,0,-478000.0,-217000,382000,-5686000,-2371000,0,0,20623000,-20362000,6763000,-4051000,0,1095000,266434000,53092000,-0.0374,-0.0535,-0.0475,-0.052,-0.0169,-0.0459,0.7088,0.1469,0.0427,-0.0875,-0.0624,-0.088,1.415,0.7066,0.1282,0.0906,6.2626,0.9203,0.2678,-0.5485,-0.5513,36.2593,7.2253,240408000,249714000,-16.7473,0.9023,4.5281,1.4008,-8.3298,-14.5816,-17.3956,0.9372,4.7034,1.4551,-8.6522,-15.1461,0.3835,0.485,3.3216,1.3161,-2.7428,-1.1787,-0.5,0.6977,1.2972,0.2663,1.3288,2.5605,0.3309,-0.0946,0.1338,0,0.0146,0.6537,-0.1149,-0.0608,-0.1376,-0.0918,-0.2034,-0.1444,2.0713,0.1509,0.3174,0.0679,0,0.1032,0.13,0,0,0.0,2.8176,0,0,107000.0,11014000,7420000,0,32.4,-0.33224409612114,4,FY2010.FQ4
2011-05-06,2011-03,49720000,17769000,31951000,27771000,5413000,0,530000,33714000,-1763000,4000,-679000,-675000,-178000,-2616000,749000,-1867000,0,0,0,-1867000,0,-1867000,-0.24,-0.24,7391000,7391000,5003000,21477000,0,43341000,52568000,9389000,126775000,0,76385000,-40996000,35389000,45620000,177260000,3691000.0,388735000,15868000,0,24985000,1353000,0,3266000,0,0.0,45472000,32330000,0,0,9483000,26354000,113639000,0,0,-117682000,8553000,384313000,-97000,0,9000.0,275096000,388735000,261960000,68167000,-1867000,5003000,-2765000,-1088000,664000,986000.0,-2203000,-830000,710000,799000,1612000,-1663000,0,-1663000,-365000,0,-365000,0,0,0,-445000,0.0,-2473000,0,0,0,0,-775000,0,1000.0,-774000,-56000,-1691000,-1663000,0,0,430000,-1205000,3240000,-51000,0,-1099375,275096000,52216000,-0.03,-0.0425,-0.0377,-0.0407,-0.0141,-0.0395,0.6426,0.0651,-0.0354,-0.0526,-0.0375,-0.001,1.413,0.7076,0.1224,0.0866,6.7271,0.4383,-0.2385,-0.3539,-0.0069,37.2204,7.0648,240375600,251228600,-20.8804,0.8737,4.6034,1.2922,-9.5137,-16.4945,-21.8231,0.9132,4.8113,1.3506,-9.9433,-17.2393,0.4076,0.3553,2.6693,0.3419,0.4225,0.6036,0.7777,0.6377,0.6961,-0.0201,0.0882,0.1932,1.6445,-0.4524,0.986,0,-0.0001,0.6532,-0.0946,-0.0547,-0.1189,-0.0669,-0.1331,-0.0996,1.8564,0.1432,0.2798,0.0677,0,0.102,0.1398,0,0,0.0,2.7879,0,0,-1000.0,12206000,7419000,0,32.4,-0.33224409612114,1,FY2011.FQ1
2011-08-08,2011-06,50862000,21001000,29861000,28229000,4382000,0,554000,33165000,-3304000,51000,-888000,-837000,335000,-3806000,762000,-3044000,0,0,0,-3044000,0,-3044000,-0.36,-0.36,7395000,7395000,4979000,21761000,0,41711000,47974000,10419000,121865000,0,77367000,-42676000,34691000,44816000,178910000,4164000.0,384446000,14919000,0,23356000,963000,0,3291000,0,0.0,42529000,32223000,0,0,7875000,26495000,109122000,0,0,-120726000,10966000,385172000,-97000,0,8999.0,275324000,384446000,262581000,66593000,-3044000,4979000,-399000,4037000,-423000,-3014000.0,201000,-838000,730000,916000,2944000,-2219000,0,-2219000,-125000,0,-125000,0,0,0,0,0.0,-2344000,0,0,0,0,-474000,0,96000.0,-378000,62000,284000,-2219000,0,0,0,-474000,1675000,725000,0,-2033125,275324000,51598000,-0.0299,-0.042,-0.0375,-0.0403,-0.017,-0.0487,0.587,0.0329,-0.0649,-0.0748,-0.0598,0.0142,1.3963,0.7161,0.1205,0.0863,6.8778,0.2265,-0.4467,-0.5146,0.098,37.2311,6.9774,310360320,320822320,-26.8083,1.1272,6.0149,1.6211,-28.5625,-20.6727,-27.712,1.1652,6.2177,1.6757,-29.5253,-21.3696,0.1197,0.0356,-0.172,-0.4671,-0.1307,-0.0218,0.25,0.048,-0.4334,-0.1456,0.026,0.0671,1.3365,0.5497,1.053,0,0.0017,0.6532,-0.0812,-0.0547,-0.0956,-0.0449,-0.0713,-0.0602,1.5008,0.0971,0.146,0.0598,0,0.0947,0.1443,0,0,0.0,2.8654,0,0,13000.0,11425000,7432000,0,41.76,-0.33224409612114,2,FY2011.FQ2
2011-11-04,2011-09,47619000,17412000,30207000,27772000,3858000,0,545000,32175000,-1968000,48000,-725000,-677000,-192000,-2837000,1533000,-1304000,0,0,0,-1304000,0,-1304000,-0.12,-0.12,7402000,7402000,4957000,22144000,0,39775000,48783000,8737000,119439000,0,80070000,-45748000,34322000,41824000,173630000,3475000.0,372690000,14987000,0,23229000,2544000,0,3351000,0,0.0,44111000,28771000,0,0,6910000,25429000,105221000,0,0,-122030000,3986000,385601000,-97000,0,8999.0,267469000,372690000,253251000,61110000,-1304000,4957000,1245000,-3089000,233000,2182000.0,571000,-684000,480000,2533000,6553000,-4151000,0,-4151000,-130000,0,-130000,0,0,0,0,0.0,-4281000,0,0,0,0,-1840000,0,7000.0000000001,-1833000,-56000,383000,-4151000,0,0,1232000,-3072000,2989000,2402000,0,-1200000,267469000,52015000,-0.024,-0.0334,-0.0299,-0.0322,-0.015,-0.0431,0.6343,0.0627,-0.0413,-0.0595,-0.0273,0.0504,1.3933,0.7176,0.117,0.084,6.4332,0.4038,-0.2658,-0.3832,0.3245,36.1346,7.0271,188304840,194931840,-20.7133,0.704,3.6202,0.9695,-193.1331,-14.1689,-21.4422,0.7288,3.7476,1.0036,-199.93,-14.6675,0.0618,0.0442,0.6235,0.2902,0.3778,0.6559,0.75,0.0211,-0.2325,-0.1292,-0.0453,-0.0078,4.4398,0.2566,1.3207,0,0.0006,0.6527,-0.0744,-0.0454,-0.079,-0.0354,-0.051,-0.0452,1.4502,0.0909,0.1304,0.0451,0,0.0894,0.1475,0,0,0.0,2.7076,0,0,5000.0,9171000,7437000,0,25.32,-0.33224409612114,3,FY2011.FQ3
2012-03-05,2011-12,49510000,22986000,26524000,27784000,3235000,0,2136000,33155000,-6631000,45000,-735000,-690000,-10108000,-17429000,1463000,-15966000,0,0,0,-15966000,0,-15966000,-2.16,-2.16,7410000,7410000,4937000,20666000,0,41711000,45916000,8136000,116429000,0,76119000,-44643000,31476000,47143000,168610000,3034000.0,366692000,17390000,1457000,23626000,4396000,0,2768000,0,7500000.0,57137000,23802000,0,0,3825000,36600000,121364000,0,0,-137996000,-2812000,386224000,-97000,0,9000.0,245328000,366692000,250263000,64227000,-15966000,4937000,-3085000,1224000,867000,4225000.0,3231000,-1993000,500000,11590000,2299000,-173000,0,-173000,0,0,0,0,0,0,0,-245000.0,-418000,0,0,0,0,-3930000,0,0.0,-3930000,571000,-1478000,-173000,0,0,28034000,-31964000,-1694000,2126000,0,-4116250,245328000,29575000,-0.0599,-0.0865,-0.0775,-0.0837,-0.0423,-0.1277,0.5357,-0.0342,-0.1339,-0.352,-0.3224,0.0429,1.4947,0.669,0.1149,0.0768,6.6815,-0.2286,-0.8948,-2.352,0.2869,33.1076,3.9912,153706080,156842080,-6.9296,0.6265,5.1971,0.7774,29.5474,-5.7593,-7.071,0.6393,5.3031,0.7932,30.1503,-5.8768,0.0758,-0.1868,-1.2504,-4.3694,-3.3237,-4.5514,-5.0,0.0084,-0.1079,-0.1811,-0.0273,-0.0792,2.3684,0.927,1.5248,0,0.0013,0.6438,-0.0744,-0.0557,-0.079,-0.0354,-0.051,-0.0452,1.4502,0.0886,0.1253,0.0534,0,0.0804,0.1289,0,0,-0.0053,2.0377,0,0,10000.0,7532000,7447000,0,20.64,-0.33224409612114,4,FY2011.FQ4
2012-05-08,2012-03,48461000,16263000,32198000,27361000,4010000,0,953000,32324000,-126000,39000,-708000,-669000,-259000,-1054000,-207000,-1261000,0,0,0,-1261000,0,-1261000,-0.12,-0.12,7411000,7411000,5803000,16859000,0,40570000,48155000,7302000,112886000,0,78628000,-46539000,32089000,45624000,171390000,2693000.0,364682000,14431000,0,28359000,3653000,0,3124000,0,0.0,49567000,26649000,0,0,4309000,35282000,115807000,0,0,-139257000,1434000,386786000,-97000,0,9000.0,248875000,364682000,251796000,66240000,-1261000,5803000,685000,-2562000,1435000,-7825000.0,-8267000,162000,550000,1582000,-1431000,-3519000,0,-3519000,0,0,0,0,0,0,0,0.0,-3519000,0,0,0,0,655000,0,16000.0,671000,472000,-3807000,-3519000,0,0,4520000,-3865000,5677000,-4950000,0,-54375,248875000,31861000,-0.0589,-0.0873,-0.078,-0.0837,-0.038,-0.1203,0.6644,0.1171,-0.0026,-0.0217,-0.026,-0.1021,1.4653,0.6824,0.1217,0.083,6.539,0.766,-0.017,-0.1422,-0.6679,33.5818,4.2991,212361480,222151480,-9.8429,0.8532,6.6652,1.0809,700.8629,-8.4518,-10.2967,0.8926,6.9725,1.1308,733.1732,-8.8414,-0.0253,0.0077,0.7521,0.9285,0.597,0.3245,0.5,0.0027,-0.215,-0.0932,-0.0618,-0.0953,-1.8877,-1.116,-96.0588,0,0.0026,0.6438,-0.0744,-0.0557,-0.095,-0.0354,-0.051,-0.0452,1.4502,0.0864,0.1221,0.0487,0,0.0829,0.127,0,0,0.0,2.2774,0,0,20000.0,13443000,7467000,0,28.44,-0.33224409612114,1,FY2012.FQ1
2012-08-08,2012-06,48235000,17666000,30569000,29661000,3777000,0,882000,34320000,-3751000,36000,-3578000,-3542000,-9000,-7302000,928000,-6374000,0,0,0,-6374000,0,-6374000,-0.84,-0.84,7435000,7435000,5820000,22023000,0,38800000,47412000,7125000,115360000,0,81250000,-49734000,31516000,42219000,165140000,2818000.0,357053000,13956000,0,32782000,766000,0,2651000,0,0.0,50155000,35307000,0,0,1695000,35196000,122353000,0,0,-145631000,-7132000,387551000,-97000,0,9000.0,234700000,357053000,241693000,72198000,-6374000,5820000,950000,-1365000,-289000,3746000.0,3042000,-2168000,660000,4025000,5005000,-4479000,0,-4479000,0,0,0,0,0,0,-650000,0.0,-5129000,0,0,0,0,5062000,0,0.0,5062000,226000,5164000,-4479000,0,0,72579000,-67517000,2069000,526000,0,-2321875,234700000,27341000,-0.069,-0.103,-0.0905,-0.0974,-0.0398,-0.1234,0.6337,0.0428,-0.0777,-0.1513,-0.1321,0.0109,1.5213,0.6573,0.1536,0.101,6.4875,0.2782,-0.5045,-0.9821,0.0707,31.5669,3.6773,165423360,178707360,-6.6421,0.7048,6.0503,0.8534,1590.6092,-5.7795,-7.1755,0.7614,6.5362,0.922,1718.34,-6.2437,-0.0516,0.0237,0.2352,-0.1352,-0.9185,-1.0939,-1.3333,0.0054,0.012,-0.0915,-0.0712,-0.1475,0.7,-1.0184,-0.2744,0,0.0033,0.6386,-0.0812,-0.0557,-0.0445,-0.0354,-0.051,-0.0452,1.4502,0.0864,0.1221,0.0378,0,0.0823,0.121,0,0,0.0,2.3,0,0,25000.0,14050000,7492000,0,22.08,-0.33224409612114,2,FY2012.FQ2
2012-11-06,2012-09,46839000,16844000,29995000,27536000,3216000,0,853000,31605000,-1610000,33000,-774000,-741000,-156000,-2507000,38000,-2469000,0,0,0,-2469000,0,-2469000,-0.36,-0.36,7459000,7459000,5800000,25941000,0,37565000,48344000,9920000,121770000,0,83450000,-51644000,31806000,41062000,168500000,2528000.0,365666000,17529000,0,30886000,1720000,0,3069000,0,0.0,53204000,36031000,0,0,3647000,34733000,127615000,0,0,-148100000,-2307000,388546000,-97000,0,8999.0,238051000,365666000,243896000,74411000,-2469000,5800000,1733000,-1748000,48000,1484000.0,1517000,499000,1000000,1970000,8317000,-4012000,0,-4012000,0,0,0,0,0,0,650000,-825000.0,-4187000,0,0,0,0,-241000,0,0.0,-241000,29000,3918000,-4012000,0,0,71007000,-71248000,4190000,4305000,0,-985625,238051000,28489000,-0.0721,-0.1102,-0.0953,-0.1045,-0.0389,-0.1182,0.6403,0.0894,-0.0343,-0.0535,-0.0527,0.0919,1.536,0.651,0.1585,0.1032,6.2795,0.5617,-0.2158,-0.3361,0.5771,31.9145,3.8194,149113800,159203800,-5.7197,0.6263,5.234,0.7724,74.2968,-5.2705,-6.1067,0.6687,5.5882,0.8246,79.3242,-5.6271,-0.0163,-0.007,0.4018,0.1819,0.1163,-0.8934,-2.0,0.0077,0.1714,-0.0733,-0.0188,-0.1099,0.2691,0.0334,0.7922,0,0.0052,0.6375,-0.0744,-0.0454,0.0049,-0.0354,-0.051,-0.0452,1.4502,0.0864,0.1221,0.0286,0,0.0023,0.0032,0,0,0.0,2.2887,0,0,39000.0,11810000,7531000,0,19.8,-0.33224409612114,3,FY2012.FQ3
2013-03-05,2012-12,52743000,19988000,32755000,30559000,4224000,0,1241000,36024000,-3269000,10000,-1045000,-1035000,-1451000,-5755000,400000,-5355000,0,0,0,-5355000,0,-5355000,-0.72,-0.72,7767000,7767000,6369000,22241000,0,41012000,49855000,8944000,122052000,0,82719000,-52316000,30403000,46854000,180840000,1978000.0,382127000,19173000,1605000,23369000,1700000,0,1361000,0,9580000.0,56788000,39967000,0,0,2468000,37088000,136311000,0,0,-153455000,112000,399246000,-97000,0,10000.000000048,245816000,382127000,260075000,79523000,-5355000,6369000,-2986000,-2178000,487000,440000.0,-4237000,-1913000,1480000,3358000,-298000,-3636000,0,-3636000,0,0,0,0,0,0,-1750000,-1175000.0,-6561000,0,0,0,0,2924000,0,60000.0,2984000,175000,-3700000,-3636000,0,0,72979000,-70055000,3100000,-3934000,0,-2036875,245816000,18122000,-0.0413,-0.0638,-0.0548,-0.06,-0.0273,-0.0858,0.621,0.0587,-0.0619,-0.1091,-0.1015,-0.0745,1.5545,0.6432,0.1695,0.109,6.7906,0.3991,-0.4208,-0.7409,-0.5065,31.6487,2.3332,159528600,177254600,-10.3194,0.6489,8.803,0.8127,-39.3606,-9.5997,-11.4661,0.721,9.7811,0.903,-43.7341,-10.6664,0.0652,0.2349,2.8299,0.507,0.6698,0.6645,0.6666,0.0481,0.0762,-0.034,0.042,0.0019,-1.1296,-20.0173,-2.8504,0,0.0698,0.6373,-0.0812,-0.0515,0.0049,-0.0393,-0.0587,-0.0512,1.4567,0.0864,0.1221,0.015,0,0.0019,-0.0048,0,0,0.0,2.1492,0,0,526000.0,19426000,8057000,0,19.8,-0.33224409612114,4,FY2012.FQ4
2013-05-02,2013-03,50443000,17270000,33173000,29625000,3682000,0,1224000,34531000,-1358000,2000,-695000,-693000,-650000,-2701000,52000,-2649000,0,0,0,-2649000,0,-2649000,-0.36,-0.36,7985000,7985000,6259000,19293000,0,40711000,50457000,8717000,119178000,0,85537000,-54227000,31310000,46226000,175670000,1815000.0,374199000,18516000,0,34397000,1277000,0,1313000,0,0.0,55503000,40578000,0,0,2096000,36159000,134336000,0,0,-156104000,-4373000,400427000,-97000,0,9999.0,239863000,374199000,255021000,78833000,-2649000,6259000,-674000,-3387000,394000,-3428000.0,-7095000,-204000,1180000,2173000,-336000,-2519000,0,-2519000,0,0,0,0,0,0,-250000,0.0,-2769000,0,0,0,0,418000,0,0.0,418000,-261000,-2948000,-2519000,0,0,68166000,-67748000,4901000,-2855000,0,-847500,239863000,17967000,-0.0445,-0.0693,-0.0591,-0.0638,-0.0308,-0.1011,0.6576,0.0971,-0.0269,-0.0535,-0.0525,-0.0565,1.56,0.641,0.1744,0.1118,6.3172,0.6137,-0.17,-0.3382,-0.3575,30.0391,2.25,204003240,225288240,-12.1091,0.8504,11.3543,1.0289,-104.1896,-11.169,-13.3726,0.9392,12.539,1.1363,-115.0603,-12.3344,0.0408,0.0302,-0.1366,-9.7777,-1.5626,-1.1007,-2.0,0.0774,0.1443,-0.0242,0.026,-0.0362,0.7651,0.2841,0.4232,0,0.0,0.6373,-0.0672,-0.0383,0.0049,-0.0429,-0.0666,-0.057,1.48,0.0886,0.1253,0.0118,0,-0.0042,-0.0116,0,0,0.0,2.1472,0,0,0.0,22562000,8057000,0,25.32,-0.33224409612114,1,FY2013.FQ1
2013-08-07,2013-06,51020000,18501000,32519000,30605000,3666000,0,1147000,35418000,-2899000,0,-927000,-927000,-400000,-4226000,-435000,-4661000,0,0,0,-4661000,0,-4661000,-0.6,-0.6,7994000,7994000,6330000,12948000,0,41031000,50614000,8454000,113047000,0,87209000,-56738000,30471000,43613000,177830000,1710000.0,366671000,18329000,0,29597000,709000,0,1176000,0,0.0,49811000,41118000,0,0,2269000,35591000,128789000,0,0,-160765000,-2655000,401389000,-97000,0,9999.0,237882000,366671000,253624000,78978000,-4661000,6330000,-636000,-1692000,153000,91000.0,-2084000,48000,800000,2385000,2818000,-5162000,0,-5162000,0,0,0,0,0,0,-250000,-4000000.0,-9412000,0,0,0,0,-30000,0,0.0,-30000,279000,-6345000,-5162000,0,0,67506000,-67536000,3431000,-2344000,0,-1811875,237882000,16439000,-0.0408,-0.0633,-0.0539,-0.0571,-0.0286,-0.094,0.6373,0.0672,-0.0568,-0.0828,-0.0913,-0.0459,1.5413,0.6487,0.1758,0.114,6.3822,0.4291,-0.3626,-0.5286,-0.2932,29.7575,2.0564,199038600,227208600,-13.1517,0.8367,12.1077,0.99,-41.2258,-13.1041,-15.0131,0.9551,13.8213,1.1301,-47.0606,-14.9587,0.0577,0.0637,0.6582,0.2271,0.4212,0.2687,0.2857,0.0751,-0.412,-0.0331,0.0269,0.0135,-0.4369,-0.1524,-5.4562,0,0.0042,0.6358,-0.0672,-0.049,0.0049,-0.0429,-0.0666,-0.057,1.508,0.0938,0.138,0.0103,0,-0.0027,-0.0112,0,0,0.0,2.2695,0,0,33999.999999999,28879000,8091000,0,24.6,-0.33224409612114,2,FY2013.FQ2
2013-11-12,2013-09,50196000,25532000,24664000,29592000,3028000,0,1173000,33793000,-9129000,2000,-1048000,-1046000,-3835000,-14010000,-500000,-14510000,0,0,0,-14510000,0,-14510000,-1.8,-1.8,8032000,8032000,7375000,18654000,0,41738000,43139000,8943000,112474000,0,89395000,-59880000,29515000,40744000,181390000,2012000.0,366135000,14171000,0,35952000,4984000,0,1264000,0,0.0,56371000,43784000,0,0,2277000,34733000,137165000,0,0,-175275000,2082000,402250000,-97000,0,10000.000000019,228970000,366135000,253661000,80794000,-14510000,7375000,-394000,359000,1080000,1492000.0,2537000,-113000,850000,8048000,4187000,-3294000,0,-3294000,0,0,0,0,0,0,-250000,0.0,-3544000,0,0,0,0,5173000,0,0.0,5173000,-110000,5706000,-3294000,0,0,131628000,-126455000,-1754000,893000,0,-5704375,228970000,6836000,-0.0741,-0.1164,-0.0974,-0.1033,-0.0526,-0.1764,0.4913,-0.0349,-0.1818,-0.2791,-0.289,0.0177,1.599,0.6253,0.2129,0.1331,6.2495,-0.2183,-1.1365,-1.7442,0.1111,28.5072,0.851,191980440,217110440,-7.0645,0.8384,28.0837,0.9392,-23.2985,-7.1924,-7.9893,0.9482,31.7598,1.0621,-26.3483,-8.1339,0.0716,-0.1777,-1.4186,-4.6701,-4.5883,-4.8768,-4.0,0.0768,-0.2809,-0.072,0.0012,-0.0381,-0.4965,0.1789,-0.7925,0,0.0037,0.634,-0.0788,-0.0594,0.0125,-0.0517,-0.0779,-0.0683,1.5286,0.1021,0.1561,0.0009,0,-0.0059,-0.0181,0,0,0.1001,1.9952,0,0,30000.000000001,30114000,8121000,0,23.64,-0.33224409612114,3,FY2013.FQ3
2014-03-20,2013-12,53065000,17366000,35699000,35087000,3814000,0,1198000,40099000,-4400000,2000,-1289000,-1287000,-52424000,-58111000,-2296000,-60407000,0,0,0,-60407000,0,-60407000,-7.44,-7.44,8067000,8067000,6313000,21345000,0,41395000,41939000,9066000,113745000,0,89839000,-61809000,28030000,39068000,183000000,1787000.0,365630000,10790000,1120000,54858000,4924000,0,1009000,0,7018000.0,79719000,49978000,0,0,1870000,62387000,193954000,0,0,-235682000,3877000,403568000,-97000,0,9999.0,171676000,365630000,251885000,114235000,-60407000,6313000,-236000,313000,-1177000,52717000.0,51617000,1085000,1250000,1280000,1138000,-3377000,0,-3377000,0,0,0,0,0,0,0,0.0,-3377000,0,0,0,0,5118000,0,8000.0,5126000,-196000,2691000,-3377000,0,0,84177000,-79059000,1913000,-2239000,0,-2748750,171676000,-50392000,-0.2247,-0.4104,-0.326,-0.3541,-0.0587,-0.2204,0.6727,0.036,-0.0829,-1.095,-1.1383,-0.0421,2.1297,0.4695,0.3198,0.1501,6.578,0.2371,-0.5454,-7.2035,-0.2775,21.2812,-6.2466,196167960,224800960,-2.3856,1.1426,-3.8928,0.9582,-29.9721,-2.4816,-2.7339,1.3094,-4.461,1.098,-34.3469,-2.8438,0.0061,0.0898,-0.3829,-0.3459,-9.0974,-10.2804,-9.3333,0.0386,-0.0402,-0.078,-0.0431,-0.3016,4.8187,0.0712,0.4308,0,0.0014,0.6358,-0.0959,-0.0594,-0.0156,-0.0594,-0.0869,-0.0777,1.5387,0.1061,0.164,0.0042,0,-0.005,-0.0461,0,0,-0.0906,1.4268,0,0,11999.999999999,33557000,8133000,0,24.12,-0.33224409612114,4,FY2013.FQ4
2014-05-01,2014-03,49173000,15433000,33740000,32281000,4181000,0,1204000,37666000,-3926000,3000,-1688000,-1685000,-393000,-6004000,-669000,-6673000,0,0,0,-6673000,0,-6673000,-0.84,-0.84,8070000,8070000,4851000,23764000,0,38838000,42542000,30306000,135450000,0,89111000,-60975000,28136000,37174000,183090000,2432000.0,386282000,16462000,924000,53312000,4189000,0,1044000,0,18468000.0,94399000,64115000,0,0,1998000,59642000,220154000,0,0,-242355000,4056000,404514000,-97000,0,9999.0,166128000,386282000,250832000,125755000,-6673000,4851000,2560000,-1239000,-72000,-17844000.0,-16595000,106000,940000,990000,-16381000,-1794000,0,-1794000,0,0,0,0,0,0,0,300000.0,-1494000,0,0,0,0,20312000,0,0.0,20312000,-18000,2419000,-1794000,0,0,95122000,-74810000,925000,-18175000,0,-2451875,166128000,-54136000,-0.2294,-0.5106,-0.3741,-0.4147,-0.0693,-0.2815,0.6861,0.0188,-0.0798,-0.122,-0.1357,-0.3696,2.3252,0.43,0.4111,0.1768,6.0933,0.1146,-0.4864,-0.7439,-2.2521,20.5858,-6.7083,146520000,186871000,-1.6987,0.8819,-2.7065,0.7201,-6.7011,-1.7792,-2.1665,1.1248,-3.4518,0.9184,-8.5465,-2.2692,-0.0251,0.017,-0.8112,-1.891,-1.2228,-1.519,-1.3333,0.0106,0.2317,-0.1013,0.0322,-0.3074,-47.7529,0.2878,-5.366,0,0.0008,0.6388,-0.1156,-0.0698,-0.044,-0.0645,-0.0951,-0.0843,1.5479,0.1104,0.172,0.0032,0,0.0035,-0.0465,0,0,0.0,1.4348,0,0,7000.0000000019,44540000,8140000,0,18.0,-0.33224409612114,1,FY2014.FQ1
2014-07-31,2014-06,53167000,16600000,36567000,29078000,4534000,0,1204000,34816000,1751000,3000,-3747000,-3744000,-595000,-2588000,-307000,-2895000,0,0,0,-2895000,0,-2895000,-0.36,-0.36,8077000,8077000,4704000,18983000,0,44662000,42447000,11276000,117368000,0,89931000,-62541000,27390000,35413000,182300000,2239000.0,364710000,13965000,459000,28264000,5909000,0,1838000,0,19354000.0,69789000,70909000,0,0,2199000,57963000,200860000,0,0,-245250000,3155000,411032000,-97000,0,-4990000.0,163850000,364710000,247342000,131071000,-2895000,4704000,-5234000,-586000,2712000,-13246000.0,-16354000,248000,1200000,4428000,-8669000,-3081000,0,-3081000,0,0,0,0,0,0,0,0.0,-3081000,0,0,0,0,7176000,0,0.0,7176000,-207000,-4781000,-3081000,0,0,81236000,-74060000,6455000,-11750000,0,1096250,163850000,-53863000,-0.2249,-0.512,-0.3556,-0.3908,-0.0526,-0.1976,0.6877,0.1214,0.0329,-0.0486,-0.0544,-0.221,2.2258,0.4492,0.4688,0.2106,6.5825,0.7991,0.2167,-0.3204,-1.4547,20.2859,-6.6686,159668280,211594280,-1.8899,0.9744,-2.9643,0.7765,-5.1059,-1.9782,-2.5045,1.2913,-3.9283,1.0291,-6.7664,-2.6215,0.042,0.1244,0.8813,1.604,0.3876,0.3788,0.4,0.0103,0.466,-0.1011,-0.0053,-0.3112,-4.0762,0.4031,-4.0127,0,0.0028,0.649,-0.0959,-0.0594,-0.0512,-0.0705,-0.1066,-0.0929,1.5572,0.1129,0.1751,0.0071,0,-0.0005,-0.0395,0,0,0.0,1.6817,0,0,22999.999999999,57835000,8163000,0,19.56,-0.33224409612114,2,FY2014.FQ2
2014-10-30,2014-09,51013000,14272000,36741000,28862000,4950000,0,1177000,34989000,1752000,2000,-3875000,-3873000,-948000,-3069000,28000,-3041000,0,0,0,-3041000,0,-3041000,-0.36,-0.48,8116000,8194000,4451000,20169000,0,40053000,41986000,10504000,112712000,0,90313000,-63803000,26510000,32427000,175090000,1862999.9999999,348602000,11333000,811000,27808000,8042000,0,1142000,0,17036000.0,66172000,70617000,0,0,1925000,56568000,195282000,0,0,-248291000,-5938000,412636000,-97000,0,-4990000.0,153320000,348602000,235890000,129110000,-3041000,4451000,3047000,-1309000,1503000,-6059000.0,-2818000,-16000,1500000,4690000,4766000,-2876000,0,-2876000,0,0,0,0,0,0,0,0.0,-2876000,0,0,0,0,-431000,0,0.0,-431000,-273000,1186000,-2876000,0,0,85276000,-85707000,6203000,1890000,0,1096250,153320000,-54197000,-0.2047,-0.4604,-0.3089,-0.3368,-0.0163,-0.058,0.7202,0.1215,0.0343,-0.0601,-0.0596,0.037,2.2736,0.4398,0.513,0.2256,6.2256,0.757,0.2138,-0.3745,0.2306,18.7112,-6.6142,166912800,217360800,-2.2859,1.0886,-3.0797,0.8086,-5.5134,-2.3922,-2.9768,1.4176,-4.0105,1.053,-7.1797,-3.1153,0.0162,0.4896,4.5364,1.1919,0.7809,0.7904,0.7333,0.0201,0.0812,-0.1018,-0.0478,-0.3303,0.1382,0.1268,1.1164,0,0.0023,0.649,-0.0959,-0.0594,-0.044,-0.0731,-0.1133,-0.0964,1.5795,0.1236,0.1944,0.0051,0,-0.0044,-0.0472,0,0,0.0,1.7033,0,0,19000.0,58490000,8182000,0,20.4,-0.33224409612114,3,FY2014.FQ3
2015-02-27,2014-12,1272000,-1347000,2619000,-391000,3455000,0,-2353000,711000,1908000,2000,6288000,6290000,3772000,11970000,541000,12511000,0,0,-12784000,-273000,0,-273000,-0.03,-0.36,8188000,8266000,4379000,19735000,0,40440000,41747000,11190000,113112000,0,90458000,-64418000,26040000,30262000,171330000,4179000.0,344923000,10130000,1344000,28209000,8076000,0,1300000,0,14542000.0,63601000,74597000,0,0,1948000,55823000,195969000,0,0,-248564000,-11316000,413921000,-97000,0,-4990000.0,148954000,344923000,231811000,132368000,-273000,4379000,-1401000,-1214000,720000,-5693000.0,-7588000,-87000,910000,2672000,13000,-3549000,0,-3549000,0,0,0,0,0,0,0,0.0,-3549000,0,0,0,0,3651000,0,26000.0,3677000,-575000,-434000,-3549000,0,0,87889000,-84238000,6287000,-3536000,0,-6796250,148954000,-52638000,-0.0371,-0.0852,-0.0555,-0.0608,0.0051,0.0173,2.0589,4.9426,1.5,9.4103,-0.2146,-2.7798,2.3156,0.4318,0.555,0.2396,0.1538,0.7605,0.2308,1.4481,-0.4277,18.02,-6.368,140791320,195653320,-10.9293,0.9451,-2.6747,0.9105,-4.4595,455.6353,-15.1881,1.3135,-3.7169,1.2653,-6.1972,633.1822,-0.976,-0.9266,2.2864,1.4336,1.2059,0.9954,0.9516,0.0246,-0.0754,-0.0709,-0.0566,-0.1323,-0.9885,-0.0509,-0.5792,0,0.0169,0.6651,-0.0714,-0.0455,-0.0512,-0.0731,-0.1133,-0.0964,1.8644,0.1416,0.2663,-0.3047,0,-0.0034,-0.0444,0,0,-0.4486,1.7784,0,0,139000.0,62938000,8321000,0,16.92,-0.33224409612114,4,FY2014.FQ4
2015-05-01,2015-03,48647000,15335000,33312000,27333000,3851000,0,1046000,32230000,1082000,7000,-3371000,-3364000,-1377000,-3659000,-902000,-4561000,0,0,0,-4561000,0,-4561000,-0.6,-0.6,8252000,8252000,4162000,11400000,0,38914000,41772000,10382000,102468000,0,91376000,-65463000,25913000,27116000,161700000,2909000.0,320106000,8909000,906000,22328000,7256000,0,1351000,0,15963000.0,56713000,72223000,0,0,1862000,54864000,185662000,0,0,-253123000,-22513000,415167000,-97000,0,-4990000.0,134444000,320106000,217638000,128949000,-4561000,4162000,1263000,-686000,335000,-6066000.0,-5154000,233000,1250000,1847000,-2223000,-3462000,0,-3462000,0,0,0,0,0,0,0,0.0,-3462000,0,0,0,0,-3706000,0,0.0,-3706000,1056000,-8335000,-3462000,0,0,79178000,-82884000,5244000,-5685000,0,680625,134444000,-54372000,-0.0323,-0.076,-0.0483,-0.0519,0.0231,0.0765,0.6847,0.1077,0.0222,-0.0752,-0.0937,-0.1168,2.3809,0.4199,0.5911,0.2482,5.8951,0.6354,0.1311,-0.4434,-0.6889,16.2922,-6.5889,144785400,205608400,-13.4433,1.0769,-2.6628,0.9395,-7.5879,54.5536,-19.0908,1.5293,-3.7815,1.3342,-10.7755,77.4711,-0.0106,-0.0126,4.6691,1.2755,0.3905,0.3164,0.2857,0.0225,-0.5202,-0.079,-0.1713,-0.1907,0.8642,-0.9297,0.6872,0,0.0,0.6787,-0.079,-0.0418,-0.0655,-0.0593,-0.1008,-0.0783,2.1778,0.1634,0.3654,0.0037,0,-0.0132,-0.0555,0,0,0.0,1.8067,0,0,0.0,68079000,8321000,0,17.4,-0.33224409612114,1,FY2015.FQ1
2015-08-04,2015-06,46633000,18745000,27888000,25885000,3912000,0,1030000,30827000,-2939000,12000,-3040000,-3028000,2273000,-3694000,-253000,-3947000,0,0,0,-3947000,0,-3947000,-0.48,-0.48,8271000,8271000,5425000,8898000,0,38857000,41237000,11082000,100074000,0,90094000,-66260000,23834000,24887000,163750000,1627000.0,314172000,10422000,678000,20655000,6753000,0,1001000,0,13799000.0,53308000,69784000,0,0,3291000,54202000,180585000,0,0,-257072000,-20974000,416720000,-97000,0,-4990000.0,133587000,314172000,214098000,127277000,-3947000,5425000,-397000,-630000,740000,-9999.9999999998,-297000,133000,1270000,3037000,5621000,-3794000,0,-3794000,0,0,0,0,0,0,0,0.0,-3794000,0,0,0,0,-3652000,0,0.0,-3652000,-677000,-2502000,-3794000,0,0,70371000,-74023000,2486000,1827000,0,-1829375,133587000,-55050000,-0.0372,-0.0882,-0.0557,-0.0585,0.0066,0.0224,0.598,0.0533,-0.063,-0.0792,-0.0846,0.0391,2.3518,0.4252,0.5729,0.2436,5.6381,0.3005,-0.3553,-0.4466,0.2208,16.1512,-6.6557,138143520,199029520,-11.6852,1.0341,-2.5094,0.9361,-25.0987,89.24,-16.8355,1.4898,-3.6154,1.3487,-36.1608,128.572,-0.1228,-0.2373,-0.6148,-2.6784,-0.4273,-0.3633,-0.3333,0.024,-0.5312,-0.1298,-0.1385,-0.1846,1.6484,-0.2314,1.1554,0,0.0025,0.6787,-0.0772,-0.0418,-0.0512,-0.0593,-0.1023,-0.0783,2.2497,0.1937,0.4399,-0.0122,0,-0.0193,-0.0591,0,0,0.0,1.8772,0,0,21000.000000001,67639000,8342000,0,16.56,-0.33224409612114,2,FY2015.FQ2
2015-11-03,2015-09,31687000,10029000,21658000,19315000,2124000,0,280000,21719000,-61000,0,-965000,-965000,-158455000,-159481000,2483000,-156998000,-3267000,0,0,-160265000,0,-160265000,-19.35,-19.35,8281000,8281000,4512000,10502000,0,36252000,42328000,11193000,100275000,0,92272000,-68552000,23720000,22943000,0,1446000.0,148384000,10827000,729000,19840000,59018000,0,831000,0,7334000.0,98579000,20919000,0,0,1623000,53417000,174538000,0,0,-417337000,-20350000,416620000,-97000,0,-4990000.0,-26154000,148384000,48109000,75959000,-160265000,4512000,2609000,-886000,796000,-3858000.0,-1339000,-1686000,-80000,161026000,2168000,-1482000,0,-1482000,0,0,0,0,0,0,0,0.0,-1482000,0,0,0,0,809000,0,0.0,809000,109000,1604000,-1482000,0,0,71328000,-70519000,4451000,686000,0,-2080000,-26154000,-49097000,-0.7309,-3.147,-1.2811,-1.3827,-0.0001,-0.0001,0.6834,0.1404,-0.0019,-5.033,-5.0577,0.0216,-5.6734,-0.1762,-3.0563,0.5387,3.8264,0.5374,-0.0073,-19.2586,0.0828,-3.1583,-5.9288,33046200,43463200,-0.1954,-1.2635,-0.673,0.2576,-4.9263,-0.2133,-0.2571,-1.6618,-0.8852,0.3389,-6.4793,-0.2806,-0.3788,-0.4105,-0.2824,-1.0348,-50.9651,-51.7014,-39.3125,0.0106,-0.4792,-0.1052,-0.5743,-1.1705,-0.5451,0.4847,-0.637,0,0.0003,0.6841,-0.081,-0.0293,-0.044,-0.1394,-0.2634,-0.2032,2.2497,0.2181,0.4399,-0.0454,0,-0.0883,0.0,0,0,0.0,1.0172,0,0,3000.0,69435000,8345000,0,3.96,-0.33224409612114,3,FY2015.FQ3
2016-03-15,2015-12,34791000,11192000,23599000,20484000,8077000,0,304000,28865000,-5266000,0,-981000,-981000,-34000,-6281000,-182000,-6463000,-3440000,0,0,-9903000,0,-9903000,-1.2,-1.2,8376000,8376000,4932000,6295000,0,26870000,32632000,35698000,101495000,0,77668000,-61587000,16081000,8806000,0,19959000.0,146341000,13542000,765000,16985000,79742000,0,0,0,14003000.0,125037000,480000,0,0,0,57400000,182917000,0,0,-427240000,-21188000,416948000,-97000,0,-4999000.0,-36576000,146341000,44846000,57880000,-9903000,4932000,-2278000,-3254000,601000,10839000.0,5908000,987000,200000,2434000,4558000,-3509000,0,-3509000,0,0,0,0,0,0,0,0.0,-3509000,0,0,0,0,-358000,0,375000.0,17000,-339000,727000,-3509000,0,0,70273000,-70631000,-334000,1049000,0,-5441250,-36576000,-45382000,-1.2124,5.6966,-3.6678,-4.4318,-0.0684,-0.0806,0.6783,-0.0096,-0.1513,-0.1805,-0.2846,0.0301,-4.001,-0.2499,-2.1932,0.5481,4.1536,-0.0398,-0.6287,-0.7498,0.1252,-4.3667,-5.418,30643200,24828200,-0.1715,-0.8377,-0.6752,0.1894,-14.4339,-0.177,-0.1389,-0.6788,-0.547,0.1534,-11.6948,-0.1434,26.3514,8.0106,-1.0531,-3.7599,-1.5247,-35.2747,-2.3333,0.0133,-0.681,-0.3824,-0.5757,-1.2455,349.6153,0.0112,1.2966,0,0.02,0.6841,-0.1006,-0.0324,-0.0122,-0.2147,-0.2634,-0.3175,2.2497,0.2326,0.4399,-0.0375,0,-0.0877,0.0,0,0,0.0492,0.8117,0,0,167000.0,73927000,8512000,0,3.6,-0.33224409612114,4,FY2015.FQ4
2016-05-06,2016-03,34206000,9719000,24487000,23944000,3641000,0,255000,27840000,-3353000,0,-981000,-981000,109000,-4225000,-23000,-4248000,-2369000,0,0,-6617000,0,-6617000,-0.78,-0.78,8466000,8466000,3884000,7761000,0,39436000,47958000,5104000,100259000,0,94886000,-72213000,22673000,21004000,0,1454000.0,145390000,19293000,3477000,21384000,78105000,0,736000,0,6570000.0,129565000,314000,0,0,0,57854000,187733000,0,0,-433857000,-20396000,416997000,-97000,0,-4990000.0,-42343000,145390000,45131000,58168000,-6617000,3884000,-597000,-3048000,889000,3457000.0,701000,-76000,60000,2258000,210000,-1686000,0,-1686000,0,0,0,0,0,0,0,516000.0,-1170000,0,0,0,0,-1537000,0,0.0,-1537000,-971000,-3468000,-1686000,0,0,68757000,-70294000,531000,-1476000,0,-3576250,-42343000,-63347000,-1.239,4.5801,-4.534,-5.5045,-0.1191,-0.1406,0.7158,0.0155,-0.098,-0.1235,-0.1934,-0.0431,-3.4336,-0.2912,-1.8519,0.5393,4.0403,0.0627,-0.396,-0.499,-0.1743,-5.0015,-7.4825,24514560,17067560,-0.1356,-0.5789,-0.3869,0.1664,11.7519,-0.1411,-0.0944,-0.403,-0.2694,0.1158,8.1819,-0.0982,-0.2968,-0.2649,-0.8987,-4.0988,-0.1546,-0.4507,-0.3,0.0259,-0.3192,-0.125,-0.5458,-1.3149,1.0944,0.5129,0.7403,0,0.0,0.6854,-0.1006,-0.0324,-0.0426,-0.2248,-0.2493,-0.3408,2.2497,0.2416,0.4399,-0.0376,0,-0.0882,0.0,0,0,-0.2586,0.7738,0,0,0.0,70658000,8512000,0,2.88,-0.33224409612114,1,FY2016.FQ1
2016-08-09,2016-06,32242000,11083000,21159000,19068000,2072000,0,255000,21395000,-236000,0,-1015000,-1015000,-647000,-1898000,-11000,-1909000,-3324000,0,0,-5233000,0,-5233000,-0.62,-0.62,8488000,8488000,3497000,9322000,0,36515000,44141000,3709000,93687000,0,91977000,-70376000,21601000,19756000,0,1408000.0,136452000,17447000,2526000,20553000,75376000,0,799000,0,8525000.0,125226000,187000,0,0,0,57403000,182816000,0,0,-439090000,-19547000,417360000,-97000,0,-4990000.0,-46364000,136452000,42765000,57590000,-5233000,3497000,3530000,2970000,403000,376000.0,7279000,50000,310000,3959000,9862000,-4005000,0,-4005000,0,0,0,0,0,0,0,800000.0,-3205000,58000,0,58000,0,-4276000,0,0.0,-4218000,-878000,1561000,-4005000,0,0,72361000,-76637000,3261000,5857000,0,-2225000,-46364000,-66120000,-1.2916,4.1038,-5.5769,-7.5538,-0.0987,-0.1275,0.6562,0.1011,-0.0073,-0.0588,-0.1623,0.1816,-2.943,-0.3397,-1.6297,0.5537,3.7985,0.3841,-0.0278,-0.2236,0.69,-5.4622,-7.7898,35872200,26737200,-0.197,-0.7737,-0.5425,0.2698,5.8653,-0.2086,-0.1468,-0.5766,-0.4043,0.2011,4.3716,-0.1555,-0.3086,-0.2412,0.3117,0.9197,0.4861,-0.3258,-0.2916,0.0262,0.0476,-0.0936,-0.5656,-1.347,0.7544,-0.0556,2.2058,0,0.0034,0.6854,-0.0772,-0.0046,-0.0107,-0.2272,-0.0867,-0.3649,2.2497,0.2459,0.4399,-0.0486,0,-0.0938,0.0,0,0,0.241,0.7481,0,0,29000.0,66241000,8541000,0,4.2,-0.33224409612114,2,FY2016.FQ2
2016-11-09,2016-09,26711000,10849000,15862000,15900000,1087000,0,83000,17070000,-1208000,0,-1123000,-1123000,-12729000,-15060000,4997000,-10063000,-3658000,0,0,-13721000,0,-13721000,-1.6,-1.6,8560000,8560000,3022000,25598000,0,16546000,27661000,5769000,75574000,0,66420000,-52708000,13712000,6152000,0,587000.0,96025000,6821000,3849000,19601000,2647000,0,3900000,0,5562000.0,42380000,38215000,0,0,0,53641000,134236000,0,0,-452811000,769000,418927000,-97000,0,-4999000.0,-38211000,96025000,20451000,91856000,-13721000,3022000,7725000,-4645000,505000,-6306000.0,-2721000,26000,1150000,2046000,-10198000,-1600000,0,-1600000,0,0,0,0,0,0,0,69894000.0,68294000,-1000,0,-1000,0,-42166000,0,0.0,-42167000,629000,16558000,-1600000,0,0,87009000,-129175000,1814000,-11798000,0,-3041250,-38211000,-44363000,-0.3051,0.8388,-2.2275,23.11,-0.1408,-0.172,0.5938,0.0679,-0.0452,-0.5638,-0.5136,-0.4416,-2.513,-0.3979,-1.0693,0.4255,3.1204,0.2119,-0.1411,-1.7593,-1.3782,-4.4639,-5.1825,82814000,95431000,-2.3344,-2.1672,-1.8667,0.6472,-13.0047,-3.0153,-2.6901,-2.4974,-2.1511,0.7458,-14.986,-3.4747,-0.157,-0.2676,-0.5924,-18.8032,0.9055,0.9143,0.9173,0.0336,1.4374,-0.4219,-0.3528,-0.461,-5.7038,-0.0796,-18.1982,0,0.0314,0.6841,-0.0772,-0.0046,-0.0107,-0.265,-0.0806,-0.8183,-0.1435,0.3369,-0.3002,-0.0592,0,-0.1299,0.0,0,0,0.0,1.7832,0,0,269000.0,15264000,8810000,0,9.4,-0.33224409612114,3,FY2016.FQ3
2017-03-31,2016-12,27090000,12463000,14627000,18387000,2449000,0,341000,21177000,-6550000,0,-2247000,-2247000,-956000,-9753000,-328000,-10081000,5727000,0,0,-4354000,0,-4354000,-0.56,-0.56,8813000,8813000,1961000,19593000,0,18512000,30093000,4626000,72824000,0,68648000,-53572000,15076000,5711000,0,577000.0,94188000,8701000,404000,23199000,3113000,0,0,0,4718000.0,40135000,43092000,0,0,0,52465000,135692000,0,0,-457165000,970000,419787000,-97000,0,-4999000.0,-41504000,94188000,21364000,95557000,-4354000,1961000,-2658000,-1019000,-723000,-3349000.0,-7749000,10000,120000,179000,-9833000,-1606000,0,-1606000,0,0,0,0,0,0,0,-354000.0,-1960000,0,0,0,0,4473000,0,57000.0,4530000,1135000,-6128000,-1606000,0,0,53193000,-48720000,-4589000,-11439000,0,-514375,-41504000,-47215000,-0.3146,0.7507,-8.1406,1.5817,-0.2,-0.2233,0.5399,-0.1693,-0.2417,-0.36,-0.1607,-0.4222,-2.2693,-0.4406,-1.1132,0.4905,3.0738,-0.5207,-0.7432,-1.1066,-1.2979,-4.7094,-5.3574,29047290,52546290,-0.9706,-0.6998,-0.6152,0.2415,-1.5404,-0.9389,-1.7559,-1.266,-1.1129,0.4369,-2.7867,-1.6985,-0.2213,-0.3801,-12.7395,-0.2438,-0.5527,0.5603,0.5333,0.0521,2.1124,-0.0624,-0.3563,-0.1347,-3.1573,0.5423,-11.9046,0,0.0271,0.6809,-0.1013,-0.0262,-0.0107,-0.3099,0.3373,-1.7543,-2.3911,0.458,-1.0913,-0.0652,0,-0.1266,0.0,0,0,0.0,1.8144,0,0,239000.0,26612000,9049000,0,3.21,-0.33224409612114,4,FY2016.FQ4
2017-05-12,2017-03,27978000,11199000,16779000,17326000,1449000,0,172000,18947000,-2168000,0,-1981000,-1981000,-1226000,-5375000,-49000,-5424000,-91000,0,0,-5515000,0,-5515000,-0.61,-0.61,9005000,9005000,1868000,25485000,0,14212000,30088000,2621000,72406000,0,67728000,-52320000,15408000,5477000,0,279999.99999999,93571000,4245000,419000,22068000,2616000,0,0,0,3979000.0,33327000,40017000,0,0,0,49360000,122704000,0,0,-462680000,1160000,437483000,-97000,0,-4999000.0,-29133000,93571000,21165000,89377000,-5515000,1868000,4356000,-254000,1958000,-11301000.0,-5241000,0,810000,2027000,-6051000,-1977000,0,-1977000,0,0,0,0,0,0,0,0.0,-1977000,17472000,0,17472000,0,-3715000,0,0.0,13757000,96000,5825000,-1977000,0,0,50621000,-54336000,-300000,-8028000,0,-1411875,-29133000,-34610000,-0.307,0.816,-3.1671,2.1448,-0.1693,-0.1867,0.5997,-0.0107,-0.0774,-0.1921,-0.1971,-0.2869,-3.2118,-0.3113,-1.4633,0.4556,3.1069,-0.0333,-0.2407,-0.5968,-0.8915,-3.2352,-3.8434,25299140,39831140,-0.8777,-0.8684,-0.7309,0.2218,-0.9957,-0.7884,-1.3819,-1.3672,-1.1508,0.3493,-1.5676,-1.2413,-0.182,-0.3147,-1.5649,0.3534,-0.2721,0.1665,0.2179,0.0636,2.2837,-0.3204,-0.3564,0.3119,-29.8142,-0.1725,-4.439,0,0.1999,0.6672,-0.152,-0.0541,-0.08,-0.3108,0.7834,-2.6973,-2.728,0.473,-1.2883,-0.0582,0,-0.1232,0.0,0,0,0.0,2.1725,0,0,1809000.0,17148000,10858000,0,2.33,-0.33224409612114,1,FY2017.FQ1
2017-08-11,2017-06,24379000,8631000,15748000,15649000,990000,0,172000,16811000,-1063000,0,-1881000,-1881000,330000,-2614000,-15000,-2629000,-68000,0,0,-2697000,0,-2697000,-0.24,-0.25,11047000,11047000,1870000,19107000,0,13126000,29810000,2183000,64226000,0,66886000,-52419000,14467000,5243000,0,261000.00000001,84197000,2861000,293000,20199000,2333000,0,0,0,3889000.0,29575000,38178000,0,0,0,47994000,115747000,0,0,-465377000,918000,438005000,-97000,0,-4999000.0,-31550000,84197000,19971000,86172000,-2697000,1870000,1102000,-363000,653000,-1151000.0,241000,0,410000,-248000,-424000,-3371000,0,-3371000,0,0,0,0,0,0,0,0.0,-3371000,158000,0,158000,0,-2690000,0,0.0,-2532000,-143000,-6470000,-3371000,0,0,47162000,-49852000,807000,-3795000,0,-706875,-31550000,-36793000,-0.2957,0.8663,-2.3406,2.3755,-0.1834,-0.2014,0.6459,0.0331,-0.0436,-0.1072,-0.1106,-0.1556,-2.6686,-0.3747,-1.284,0.4811,2.2068,0.073,-0.0962,-0.2366,-0.3435,-2.8559,-3.3305,24172100,43243100,-0.9195,-0.7661,-0.6569,0.2276,-0.6894,-0.7369,-1.645,-1.3706,-1.1753,0.4073,-1.2334,-1.3183,-0.2438,-0.2557,-0.7525,-3.5042,-0.3772,0.4846,0.5967,0.3014,1.0496,-0.3302,-0.3829,0.3195,-1.0429,0.1583,-1.6479,0,0.2033,0.6511,-0.152,-0.0541,-0.08,-0.3108,0.8274,-2.7539,-2.8058,0.4858,-1.3737,0.3435,0,-0.1315,0.0,0,0,0.0,2.1716,0,0,2208000.0,21404000,13066000,0,1.85,-0.33224409612114,2,FY2017.FQ2
2017-11-09,2017-09,23099000,8587000,14512000,14418000,1044000,0,172000,15634000,-1122000,0,-1822000,-1822000,-139000,-3083000,7000,-3076000,-61000,0,0,-3137000,0,-3137000,-0.23,-0.23,13938000,13938000,1798000,15437000,0,13303000,29747000,2255000,60742000,0,66491000,-53216000,13275000,5482000,0,274000.0,79773000,2865000,237000,19196000,3037000,0,0,0,3456000.0,28791000,37228000,0,0,0,47269000,113288000,0,0,-468514000,1125000,438969000,-97000,0,-4998000.0,-33515000,79773000,19031000,84497000,-3137000,1798000,-104000,-677000,134000,-2111000.0,-2758000,0,450000,2008000,-1639000,-1837000,0,-1837000,0,0,0,0,0,0,0,869000.0,-968000,-420000,0,-420000,0,-785000,0,0.0,-1205000,301000,-3511000,-1837000,0,0,46820000,-47605000,676000,-3476000,0,-739375,-33515000,-38997000,-0.1915,0.4826,-1.9989,1.6676,-0.1964,-0.2175,0.6282,0.0292,-0.0485,-0.1334,-0.1358,-0.1504,-2.3802,-0.4201,-1.2014,0.5047,1.6572,0.0485,-0.0804,-0.2211,-0.2493,-2.4045,-2.7978,34083000,55874000,-2.1704,-1.0169,-0.8739,0.3323,-1.2747,-1.6366,-3.5581,-1.6671,-1.4327,0.5448,-2.0896,-2.683,-0.1352,-0.0851,-0.6273,0.0711,0.7952,0.7713,0.8562,0.6282,-0.3969,-0.0318,-0.1692,0.1228,0.8392,-0.1481,0.7053,0,0.1593,0.6371,-0.157,-0.0557,-0.0968,-0.3108,0.8274,-2.7539,-2.8058,0.4976,-1.3737,-0.0717,0,-0.1297,0.0,0,0,0.0,2.1097,0,0,2082000.0,24828000,15148000,0,2.25,-0.33224409612114,3,FY2017.FQ3
2018-03-09,2017-12,26283000,5100000,21183000,22566000,1437000,0,172000,24175000,-2992000,0,-1938000,-1938000,11428000,6498000,91000,6589000,2466000,0,0,9055000,0,9055000,0.82,-0.08,17105000,19081000,1945000,22466000,0,14822000,27292000,1898000,66478000,0,67045000,-54375000,12670000,5248000,0,264000.0,84660000,3878000,246000,18862000,3306000,0,0,0,3450000.0,29742000,37767000,0,0,0,43809000,111318000,0,0,-459459000,1093000,436803000,-97000,0,-4998000.0,-26658000,84660000,18182000,81576000,9055000,1945000,-1201000,1552000,335000,-3309000.0,-2623000,0,2310000,-11302000,-615000,-411000,0,-411000,0,0,0,0,0,0,0,232000.0,-179000,7176000,0,7176000,0,625000,0,0.0,7801000,22000,7029000,-411000,0,0,50084000,-49459000,-1047000,-1026000,0,-328750,-26658000,-31906000,-0.0279,0.0762,-0.2167,0.2741,-0.1308,-0.1447,0.8059,-0.0398,-0.1138,0.2472,0.3445,-0.039,-3.1757,-0.3148,-1.5407,0.4851,1.3774,-0.0548,-0.1568,0.3405,-0.0537,-1.397,-1.6721,52819620,68120620,-23.0251,-1.9813,-1.6554,0.5191,-3.2355,-11.5477,-29.6951,-2.5553,-2.135,0.6695,-4.1727,-14.893,-0.0297,0.4482,0.7718,0.5432,1.6662,3.0796,0.8571,1.165,0.1466,-0.1595,-0.1011,0.3577,0.9374,0.744,0.9103,0,0.3108,0.6511,-0.157,-0.063,-0.0968,-0.3108,0.8274,-2.7539,-3.0594,0.4976,-1.502,-0.0557,0,-0.1228,0.0,0,0,0.0,2.2351,0,0,4709000.0,18607000,19857000,0,2.66,-0.33224409612114,4,FY2017.FQ4
2018-05-11,2018-03,21307000,6402000,14905000,17257000,1786000,0,177000,19220000,-4315000,0,0,0,2003000,-2312000,458000,-1854000,-62000,0,0,-1916000,0,-1916000,-0.09,-0.09,21212000,21212000,1886000,47645000,0,11960000,28872000,2255000,90732000,0,66625000,-55076000,11549000,26510000,14350000,195000.00000002,143336000,3769000,286000,18309000,6891000,0,0,0,5240000.0,34495000,34665000,0,0,0,42603000,111763000,0,0,-461375000,1071000,496972000,-97000,0,-4998000.0,31573000,143336000,52604000,77268000,-1916000,1886000,2846000,-2733000,-217000,-1506000.0,-1610000,31000,620000,-4311000,-5300000,-410000,172000,-238000,-13844000,0,-13844000,0,0,0,0,0.0,-14082000,47259000,0,47259000,0,-2676000,0,0.0,44583000,-22000,25179000,-238000,0,0,46611000,-49287000,-2429000,-5538000,0,-2735625,31573000,-9287000,0.0114,0.531,0.0298,0.1497,-0.1091,-0.1484,0.6995,-0.114,-0.2025,-0.1085,-0.0899,-0.2599,4.5398,0.2202,1.3161,0.2899,1.0044,-0.1145,-0.2034,-0.1089,-0.261,1.4884,-0.4378,82012290,69032290,62.8446,2.5975,-8.8308,0.8626,-5.9278,-54.2768,52.8983,2.1864,-7.4332,0.7261,-4.9896,-45.6864,-0.2384,-0.1116,-7.0966,-0.9903,0.5698,0.6525,0.8524,1.3555,0.8695,-0.2504,0.5318,2.0837,0.1241,0.8796,0.3101,0,0.2866,0.6511,-0.1284,-0.0877,-0.153,-0.3061,0.8274,-2.7539,-2.8058,0.4878,-1.3737,-0.0389,0,-0.0034,0.0,0,0,0.0,2.6302,0,0,5692000.0,-6089000,25549000,0,3.21,-0.33224409612114,1,FY2018.FQ1
2018-08-03,2018-06,22042000,6488000,15554000,17538000,2009000,0,187000,19734000,-4180000,0,0,0,-4149000,-8329000,1265000,-7064000,-12000,0,0,-7076000,0,-7076000,-0.21,-0.21,34030000,34030000,1589000,44912000,0,11405000,28177000,2029000,86523000,0,66737000,-54677000,12060000,26382000,14250000,280000.0,139495000,3354000,197000,20158000,6682000,0,0,0,4637000.0,35028000,33666000,0,0,0,40581000,109275000,0,0,-468451000,1081000,502683000,-97000,0,-4996000.0,30220000,139495000,52972000,74247000,-7076000,1589000,500000,-172000,266000,234000.0,828000,-1269000,1150000,1367000,-3411000,-1977000,176000,-1801000,-500000,0,-500000,0,0,0,0,0.0,-2301000,4279000,0,4279000,0,-1318000,0,0.0,2961000,18000,-2733000,-1801000,0,0,44523000,-45841000,-2591000,-5212000,0,-2620000,30220000,-10412000,-0.0217,-0.0994,-0.0427,-0.1202,-0.1111,-0.1734,0.7056,-0.1175,-0.1896,-0.3778,-0.321,-0.2364,4.6159,0.2166,1.3351,0.2892,0.6477,-0.0761,-0.1228,-0.2447,-0.1531,0.888,-0.3059,126298360,115052360,-41.0859,4.1792,-12.13,1.3619,-8.2807,-17.4783,-37.4275,3.8071,-11.0499,1.2407,-7.5434,-15.9219,-0.0958,-0.0123,-4.2106,-2.9322,-2.1863,-1.6236,0.16,2.0804,1.3505,-0.1663,0.6567,1.9578,-7.0448,0.4657,-0.3733,0,0.6588,0.6511,-0.1284,-0.0877,-0.196,-0.3004,0.7834,-2.2841,-2.5908,0.4831,-1.2427,-0.0446,0,-0.0047,0.0,0,0,0.0,2.4701,0,0,16833000.0,-4564000,42382000,0,2.98,-0.33224409612114,2,FY2018.FQ2
2018-11-09,2018-09,23002000,6796000,16206000,18833000,3157000,0,187000,22177000,-5971000,0,0,0,-3316000,-9287000,-26000,-9313000,-42000,0,0,-9355000,0,-9355000,-0.22,-0.22,42497000,42497000,1591000,35111000,0,12204000,28988000,1776000,78079000,0,67987000,-55692000,12295000,26344000,14470000,277000.00000002,131465000,5642000,228000,17568000,6186000,0,0,0,3520000.0,33144000,34285000,0,0,0,39823000,107252000,0,0,-477806000,1034000,506078000,-97000,0,-4996000.0,24213000,131465000,53386000,74108000,-9355000,1591000,-819000,-212000,540000,-1698000.0,-2189000,11000,1680000,453000,-7809000,-910000,0,-910000,-759000,0,-759000,0,0,0,0,-150000.0,-1819000,16000,0,16000,0,-145000,0,0.0,-129000,-44000,-9801000,-910000,0,0,45251000,-45396000,-4380000,-8719000,0,-3758125,24213000,-16601000,-0.0685,-0.3414,-0.1374,-0.3364,-0.1619,-0.2601,0.7045,-0.1904,-0.2595,-0.4037,-0.4067,-0.379,5.4295,0.1841,1.6714,0.3078,0.5412,-0.103,-0.1405,-0.2185,-0.2051,0.5697,-0.3906,145425610,144599610,-15.6506,6.006,-8.76,1.5698,-7.0956,-10.8284,-15.5617,5.9719,-8.7102,1.5609,-7.0553,-10.7669,-0.0041,0.1167,-7.4792,-4.3217,-2.0123,-1.9821,0.0434,2.049,1.2744,-0.0738,0.6479,1.7224,-3.7644,0.5046,-1.5083,0,0.0181,0.6511,-0.1627,-0.0956,-0.2481,-0.2436,0.6409,-2.1132,-2.4466,0.4683,-1.1573,-0.0389,0,-0.01,0.0,0,0,0.0,2.3557,0,0,771000.0,5360000,43153000,0,3.37,-0.33224409612114,3,FY2018.FQ3
2019-03-29,2018-12,25343000,8771000,16572000,19012000,2901000,0,187000,22100000,-5528000,0,0,0,-4713000,-10241000,-336000,-10577000,-51000,0,0,-10628000,0,-10628000,-0.25,-0.25,43286000,43286000,1723000,29054000,0,15445000,28765000,2272000,75536000,0,66935000,-53700000,13235000,26405000,13900000,401000.00000001,129477000,4399000,-3000,18778000,3276000,0,0,0,4162000.0,30612000,42299000,0,0,0,38992000,111903000,0,0,-501922000,1064000,523525000,-97000,0,-4996000.0,17574000,129477000,53941000,81291000,-10628000,1723000,-2923000,-1897000,-857000,-55000.0,-5732000,-178000,1860000,3867000,-9088000,-3217000,0,-3217000,0,0,0,0,0,0,0,-250000.0,-3467000,348000,0,348000,0,6122000,0,0.0,6470000,28000,-6057000,-3217000,0,0,78144000,-72022000,-3805000,-12305000,0,-3486875,17574000,-22731000,-0.222,-1.3867,-0.4533,-0.9101,-0.1935,-0.3185,0.6539,-0.1501,-0.2181,-0.404,-0.4193,-0.4855,7.3675,0.1357,2.5933,0.3519,0.5854,-0.0879,-0.1277,-0.2365,-0.2842,0.4059,-0.5251,99312720,112557720,-3.4275,5.6511,-4.369,1.083,-3.1255,-3.2918,-3.8846,6.4047,-4.9517,1.2275,-3.5424,-3.7309,-0.0357,-0.2176,-2.6341,-0.8475,-2.576,-2.1737,-2.125,1.2685,0.2932,0.0445,0.5293,1.6592,-13.7772,-6.8272,-10.9931,0,0.0049,0.6499,-0.276,-0.1517,-0.2734,-0.2068,0.5068,-1.2261,-2.3247,0.4405,-1.0913,-0.0237,0,-0.0052,0.0,0,0,0.0,2.4675,0,0,215000.0,16521000,43368000,0,2.29,-0.33224409612114,4,FY2018.FQ4
2019-05-10,2019-03,24555000,7987000,16568000,21097000,3372000,0,182000,24651000,-8083000,0,0,0,-4802000,-12885000,-31000,-12916000,-52000,0,0,-12968000,0,-12968000,-0.29,-0.29,45020000,45020000,2002000,16419000,0,13760000,31166000,2404000,63749000,0,67148000,-51933000,15215000,26223000,13900000,330000.0,119417000,6780000,31000,15830000,619000,1132000,0,0,3235000.0,27627000,42559000,1778000,0,0,38203000,110167000,0,0,-514890000,1139000,528094000,-97000,0,-4996000.0000001,9250000,119417000,55668000,82540000,-12968000,2002000,1268000,-4398000,198000,1516000.0,-1416000,4000,1610000,2824000,-7944000,-1068000,0,-1068000,0,0,0,0,0,0,0,0.0,-1068000,14000,0,14000,0,-3416000,0,-300000.0,-3702000,79000,-12635000,-1068000,0,0,53255000,-56671000,-6081000,-9012000,0,-5084375,9250000,-30873000,-0.3216,-2.9844,-0.6821,-1.1136,-0.2442,-0.4164,0.6747,-0.2476,-0.3291,-0.5247,-0.5281,-0.367,12.9099,0.0774,4.8601,0.3764,0.5454,-0.135,-0.1795,-0.2862,-0.2001,0.2054,-0.6857,124160450,150300450,-3.1019,13.4227,-4.0216,1.3077,-3.5224,-3.0474,-3.7549,16.2486,-4.8683,1.583,-4.264,-3.689,0.1524,0.1115,-1.5034,-0.8732,-4.573,-5.7682,-2.2222,1.1223,-0.6553,0.3174,-0.1668,-0.707,-0.4988,-3.4873,-0.6273,0,0.0803,0.6643,-0.276,-0.196,-0.2734,-0.2068,0.2794,-0.5677,1.1352,0.416,0.1014,-0.0083,0,0.022,0.0,0,0,0.0,2.3074,0,0,3485000.0,26759000,46853000,0,2.65,-0.33224409612114,1,FY2019.FQ1
2019-07-26,2019-06,27319000,8433000,18886000,24687000,3241000,0,172000,28100000,-9214000,0,-1921000,-1921000,-1200000,-12335000,-71000,-12406000,-30000,0,0,-12436000,0,-12436000,-0.27,-0.27,46880000,46880000,1869000,18570000,0,13642000,32605000,11129000,75946000,0,69298000,-52038000,17260000,26051000,13900000,274999.99999998,133432000,8178000,3000,18152000,286000,1173000,0,0,3214000.0,31006000,49369000,1467000,0,0,37429000,119271000,0,0,-527326000,1157000,545423000,-97000,0,-4996000.0,14161000,133432000,57486000,88265000,-12436000,1869000,62000,-3565000,87000,1883000.0,-1533000,-2000,2350000,3054000,-6698000,-2649000,0,-2649000,0,0,0,0,0,0,0,0.0,-2649000,1387000,0,1387000,0,9791000,0,300000.0,11478000,20000,2151000,-2649000,0,0,65153000,-55362000,-7345000,-9347000,0,-5777500,14161000,-25790000,-0.359,-3.8774,-0.7596,-1.0742,-0.2951,-0.5005,0.6913,-0.2688,-0.3372,-0.4515,-0.4552,-0.3421,9.4224,0.1061,3.61,0.3831,0.5827,-0.1566,-0.1965,-0.2631,-0.1993,0.302,-0.5501,215073420,245872420,-4.7386,15.1877,-8.3394,2.146,-5.461,-4.8063,-5.4172,17.3626,-9.5336,2.4533,-6.2431,-5.4946,0.2394,0.2142,-1.8348,-1.2043,-0.4809,-0.7574,-0.2857,0.3776,-0.5865,0.4311,-0.0434,-0.5314,-0.9636,-0.4708,-0.7933,0,0.011,0.683,-0.2849,-0.196,-0.2734,-0.2068,-0.0116,-0.5677,4.5779,0.3797,1.3256,0.0008,0,0.0354,0.0,0,0,0.0,2.4493,0,0,520000.0,31085000,47373000,0,4.54,-0.33224409612114,2,FY2019.FQ2
2019-11-01,2019-09,29201000,9268000,19933000,26954000,3800000,0,172000,30926000,-10993000,0,-2919000,-2919000,-611000,-14523000,-20000,-14543000,-24000,0,0,-14567000,0,-14567000,-0.26,-0.26,55736000,55736000,2161000,57843000,0,15633000,33065000,10863000,117404000,0,73365000,-52530000,20835000,25879000,13900000,264999.99999999,178283000,6010000,4000,19658000,836000,1263000,0,0,3814000.0,31585000,51094000,1265000,0,0,36685000,120629000,0,0,-541893000,1120000,603518000,-97000,0,-4994000.0,57654000,178283000,60879000,89044000,-14567000,2161000,-1856000,-2788000,-22000,-50000.0,-4716000,0,3600000,4110000,-9412000,-6720000,0,-6720000,0,0,0,0,0,0,0,0.0,-6720000,54646000,0,54646000,0,797000,0,0.0,55443000,-38000,39273000,-6720000,0,0,54176000,-53379000,-8832000,-16132000,0,-6885625,57654000,17875000,-0.3246,-1.4091,-0.5745,-1.0148,-0.2702,-0.3966,0.6826,-0.3024,-0.3764,-0.4973,-0.4988,-0.5524,3.0922,0.3233,0.9226,0.2983,0.5239,-0.1584,-0.1972,-0.2605,-0.2894,1.0344,0.3207,304538300,297789300,-6.0186,5.2821,17.0371,2.8617,-6.5077,-6.0927,-5.8852,5.1651,16.6595,2.7982,-6.3635,-5.9576,0.2694,0.2299,-1.0164,-0.841,-0.5637,-0.5571,-0.1818,0.3115,0.6474,0.6945,0.3561,1.3811,-0.2052,-6.3846,-0.8502,0,0.2805,0.6869,-0.3908,-0.2103,-0.301,-0.2068,-0.2204,-0.5139,4.5779,0.3642,1.3256,0.0042,0,0.0665,0.0,0,0,0.0,3.717,0,0,13292000.0,-5913000,60665000,0,5.02,-0.33224409612114,3,FY2019.FQ3
2020-03-17,2019-12,32352000,10145000,22207000,28976000,3436000,0,172000,32584000,-10377000,0,-2918000,-2918000,-4103000,-17398000,361000,-17037000,6000,0,0,-17031000,0,-17031000,-0.28,-0.28,61180000,61180000,2476000,47113000,0,16150000,34854000,10201000,108318000,0,73548000,-51966000,21582000,25602000,13900000,545999.99999999,169948000,7772000,0,23729000,489000,1314000,0,0,3086000.0,36390000,53448000,925000,0,0,35554000,126317000,0,0,-558924000,1088000,606558000,-97000,0,-4994000.0,43631000,169948000,61630000,89927000,-17031000,2476000,-772000,-3961000,-77000,4097000.0,-713000,-440000,3390000,3251000,-9067000,-2595000,0,-2595000,0,0,0,0,0,0,0,0.0,-2595000,-222000,0,-222000,0,1186000,0,0.0,964000,-32000,-10730000,-2595000,0,0,64760000,-63574000,-7901000,-11662000,0,-6481875,43631000,4129000,-0.3273,-1.1255,-0.5445,-1.0921,-0.2746,-0.3822,0.6864,-0.2442,-0.3207,-0.5377,-0.5264,-0.3604,3.8951,0.2567,1.2574,0.3228,0.5288,-0.1291,-0.1696,-0.2843,-0.1906,0.7131,0.0674,435940000,442275000,-7.6478,9.9915,105.58,3.8433,-9.4455,-7.6291,-7.7589,10.1367,107.1143,3.8992,-9.5828,-7.74,0.2765,0.34,-1.0764,-0.8771,-0.6988,-0.6024,-0.12,0.4133,0.6215,0.6306,0.3125,1.4827,0.0023,0.1933,0.0522,0,0.0121,0.6888,-0.4039,-0.2388,-0.3513,-0.2068,-0.7334,-0.4989,4.5779,0.3374,1.3256,0.0286,0,0.0727,0.0,0,0,0.0,2.9765,0,0,735000.0,6824000,61400000,0,7.1,-0.33224409612114,4,FY2019.FQ4
2020-05-11,2020-03,30115000,9084000,21031000,27582000,4170000,0,172000,31924000,-10893000,0,-2874000,-2874000,-6915000,-20682000,-40000,-20722000,0,0,0,-20722000,0,-20722000,-0.33,-0.33,62568000,62568000,2713000,27466000,0,15375000,37872000,10999000,91712000,0,75041000,-52521000,22520000,25162000,13900000,544999.99999999,153839000,11800000,103000,20483000,916000,1356000,0,0,3585000.0,38243000,53033000,559000,0,0,34574000,126409000,0,0,-579727000,1157000,611091000,-97000,0,-4994000.0000001,27430000,153839000,62127000,88166000,-20722000,2713000,782000,-4741000,-983000,-652000.0,-5594000,0,3570000,2985000,-17048000,-2629000,0,-2629000,0,0,0,0,0,0,0,0.0,-2629000,833000,0,833000,0,-872000,0,0.0,-39000,69000,-19647000,-2629000,0,0,59952000,-60824000,-8180000,-19677000,0,-6808125,27430000,-11632000,-0.3999,-1.8225,-0.7177,-1.2235,-0.331,-0.4823,0.6983,-0.2716,-0.3617,-0.6867,-0.688,-0.6533,5.6084,0.1783,1.9871,0.3543,0.4813,-0.1307,-0.174,-0.3305,-0.3144,0.4384,-0.1859,218247000,243814000,-3.3702,7.9565,-18.7626,1.8342,-3.8411,-3.3608,-3.7651,8.8885,-20.9606,2.049,-4.2911,-3.7545,0.2264,0.2693,-0.3451,-0.3476,-0.6051,-0.5979,-0.1379,0.3897,0.6728,0.4801,0.2882,1.9654,-1.146,-1.4616,-1.1834,0,0.0302,0.6948,-0.4278,-0.2901,-0.3637,-0.2718,-1.2561,-0.4989,5.0227,0.3374,1.5032,0.0268,0,0.0678,0.0,0,0,0.0,2.3981,0,0,1860000.0,26483000,63260000,0,3.45,-0.33224409612114,1,FY2020.FQ1
2020-08-06,2020-06,29629000,8787000,20842000,26468000,4237000,0,172000,30877000,-10035000,0,-3032000,-3032000,-2678000,-15745000,-60000,-15805000,0,0,0,-15805000,0,-15805000,-0.25,-0.25,63713000,63713000,2870000,31163000,0,20362000,41466000,2973000,95964000,0,78965000,-52961000,26004000,24721000,13900000,545999.99999996,161135000,15955000,0,20329000,399000,1404000,0,0,4708000.0,42795000,66073000,191000,0,0,33254000,142313000,0,0,-595532000,1163000,618282000,-97000,0,-4994000.0,18822000,161135000,65171000,99518000,-15805000,2870000,-4439000,-5306000,-78000,542000.0,-9281000,0,4580000,4539000,-13097000,-4349000,0,-4349000,0,0,0,0,0,0,0,0.0,-4349000,546000,0,546000,0,20591000,0,0.0,21137000,6000,3697000,-4349000,0,0,73039000,-52448000,-7165000,-17446000,0,-6271875,18822000,-19799000,-0.4325,-2.9458,-0.8138,-1.2523,-0.3595,-0.5368,0.7034,-0.2418,-0.3386,-0.5314,-0.5334,-0.5888,8.5609,0.1168,3.5417,0.4137,0.465,-0.1124,-0.1575,-0.2471,-0.2738,0.2954,-0.3107,300085600,334995600,-4.4049,15.9433,-15.1566,2.4739,-4.6226,-4.3905,-4.9173,17.798,-16.9198,2.7617,-5.1603,-4.9013,0.0845,0.1035,0.0245,-0.0891,-0.2764,-0.2709,0.074,0.359,0.6781,0.5066,0.2076,0.3291,-0.9553,-0.6417,-0.8664,0,0.0092,0.6948,-0.4744,-0.3249,-0.373,-0.3231,-1.3979,-0.5595,5.5189,0.3374,1.8293,0.012,0,0.0664,0.0,0,0,0.0,2.2424,0,0,588000.0,35309000,63848000,0,4.7,-0.33224409612114,2,FY2020.FQ2
2020-11-05,2020-09,41163000,11926000,29237000,35380000,4984000,0,172000,40536000,-11299000,0,-2762000,-2762000,-1568000,-15629000,-40000,-15669000,0,0,0,-15669000,0,-15669000,-0.24,-0.24,64761000,64761000,3092000,15678000,0,25204000,42144000,3656000,86682000,0,83313000,-54102000,29211000,24280000,13900000,603999.99999998,154677000,13910000,0,26254000,1672000,1208000,0,0,5121000.0,48165000,65764000,56000,0,0,32641000,146626000,0,0,-611201000,1181000,623162000,-97000,0,-4994000.0000001,8051000,154677000,67995000,98461000,-15669000,3092000,-4542000,-2673000,-1225000,3988000.0,-4452000,0,4540000,2950000,-9539000,-5890000,0,-5890000,0,0,0,0,0,0,0,26999.999999999,-5863000,-1379000,0,-1379000,0,133000,0,1156000.0,-90000,7000,-15485000,-5890000,0,0,91000,42000,-8207000,-15429000,0,-7061875,8051000,-30129000,-0.4384,-5.1521,-0.8598,-1.2125,-0.3754,-0.5675,0.7102,-0.1993,-0.2744,-0.3796,-0.3806,-0.3748,19.2121,0.052,8.383,0.4363,0.6356,-0.1267,-0.1744,-0.2413,-0.2382,0.1243,-0.4652,428645200,478731200,-6.1918,53.2412,-14.2269,3.2166,-6.6752,-6.1716,-6.9153,59.4623,-15.8893,3.5924,-7.4552,-6.8927,0.4096,0.4667,0.0707,-0.0278,-0.0761,-0.0756,0.0769,0.1619,-0.7289,0.402,-0.1324,-0.8603,-0.0134,0.1235,0.0435,0,0.011,0.6948,-0.4744,-0.3249,-0.3769,-0.326,-1.6158,-0.6283,6.4879,0.3531,2.2902,0.068,0,0.0076,-0.1277,0,0,0.0,1.7996,0,0,707000.00000001,51758000,64555000,0,6.64,-0.33224409612114,3,FY2020.FQ3
2021-03-05,2020-12,43954000,12563000,31391000,39725000,5355000,0,172000,45252000,-13861000,0,-3706000,-3706000,-9226000,-26793000,-5000,-26798000,0,0,0,-26798000,0,-26798000,-0.35,-0.35,77073000,77073000,2957000,107765000,0,24603000,46001000,5791000,184160000,0,94493000,-56646000,37847000,24717000,13900000,599000.00000005,261223000,17599000,248000,33266000,4167000,885000,0,0,2147000.0,58312000,37999000,41000,0,0,34991000,131343000,0,0,-637999000,1204000,770764000,-97000,0,-3991999.9999999,129880000,261223000,77063000,73031000,-26798000,2957000,715000,-5472000,-644000,8775000.0,3374000,0,4970000,8769000,-6728000,-10263000,0,-10263000,0,0,0,0,0,0,0,-755000.0,-11018000,111039000,0,111039000,0,-4000,0,-1214000.0,109821000,12000,92087000,-10263000,0,0,-4000,0,-10904000,-16991000,0,-8663125,129880000,91263000,-0.3798,-1.1454,-0.638,-1.2721,-0.2923,-0.3865,0.7141,-0.248,-0.3153,-0.6095,-0.6096,-0.3865,2.0112,0.4971,0.3249,0.1615,0.5702,-0.1414,-0.1798,-0.3476,-0.2204,1.6851,1.1841,1192150080,1122384080,-15.0916,9.1788,13.0627,8.2296,-17.1426,-15.1194,-14.2084,8.6417,12.2983,7.748,-16.1394,-14.2346,0.3586,0.4135,-0.38,-0.3357,-0.54,-0.5734,-0.25,0.2597,1.2873,0.7536,0.537,1.9767,0.2579,-2.9549,-0.4569,0,0.2718,0.6948,-0.511,-0.3249,-0.3828,-0.3431,-1.6158,-0.66,6.4879,0.3531,2.2902,0.0714,0,0.0647,0.1569,0,0,0.0,3.1581,0,0,17549000.0,-65599000,82104000,0,14.52,-0.33224409612114,4,FY2020.FQ4
2021-05-06,2021-03,44121000,12263000,31858000,40426000,5801000,0,172000,46399000,-14541000,0,-1938000,-1938000,-6394000,-22873000,-30000,-22903000,0,0,0,-22903000,0,-22903000,-0.26,-0.26,87223000,87223000,4872000,191137000,0,26827000,57376000,3781000,279121000,8932000,136995000,-59167000,77828000,24126000,13900000,596000.00000006,404503000,26416000,0,29540000,5374000,1486000,0,0,7333000.0,70149000,38580000,20752000,0,0,166730000,296211000,0,0,-660902000,-1848000,774031000,-97000,0,-2892000.0,108292000,404503000,125382000,226062000,-22903000,4872000,-1891000,-13471000,1367000,5544000.0,-8451000,0,4470000,3408000,-18604000,-15202000,0,-15202000,0,0,0,-10792000,0,-10792000,0,0.0,-25994000,131838000,0,131838000,0,0,0,-1062000.0,130776000,-2806000,83372000,-15202000,0,0,0,0,-9669000,-33806000,0,-9088125,108292000,70266000,-0.2438,-0.6816,-0.4704,-3.5153,-0.1819,-0.2115,0.722,-0.2191,-0.3295,-0.5184,-0.519,-0.7662,3.7352,0.2677,0.5975,0.1599,0.5058,-0.1108,-0.1667,-0.2622,-0.3875,1.2415,0.8055,1335376090,1182819090,-16.4505,12.3312,19.0045,8.4056,-15.9596,-16.4779,-14.5712,10.9224,16.8334,7.4453,-14.1363,-14.5954,0.465,0.5148,-0.182,-0.3348,-0.1059,-0.1052,0.2121,0.394,5.959,2.4559,1.6293,2.9479,-0.0912,-4.7824,-0.718,0,0.03,0.6948,-0.5215,-0.3293,-0.436,-0.3431,-1.6158,-0.66,6.4879,0.3531,2.2902,0.0673,0,0.1189,0.1615,0,0,0.0,3.9789,0,0,2467000.0,-147183000,84571000,0,15.79,-0.33224409612114,1,FY2021.FQ1
2021-08-03,2021-06,62249000,21184000,41065000,60659000,7839000,0,1208000,69706000,-28641000,0,-2394000,-2394000,-7127000,-38162000,-43000,-38205000,0,0,0,-38205000,0,-38205000,-0.39,-0.39,98541000,98541000,7472000,76581000,0,34819000,86715000,8244000,206359000,0,152335000,-59680000,92655000,92980000,45190000,3843000.0,441027000,29812000,0,38229000,10988000,2777000,20392000,0,5367000.0,107565000,55789000,25413000,0,0,38746000,227513000,0,0,-699107000,-151000,914659000,-97000,0,-1790000.0,213514000,441027000,234668000,119948000,-38205000,7472000,630000,-1724000,148000,-1220000.0,-2166000,0,11500000,4893000,-16506000,-20826000,0,-20826000,0,0,0,5203000,0,5203000,0,-83230000.0,-98853000,-10000,0,-10000,0,0,0,-1997000.0,-2007000,2810000,-114556000,-20826000,0,0,0,0,-21169000,-37332000,0,-17900625,213514000,75344000,-0.2449,-0.6437,-0.4327,-0.9818,-0.1997,-0.269,0.6596,-0.34,-0.4601,-0.613,-0.6137,-0.5997,2.0655,0.4841,0.4317,0.209,0.6317,-0.2148,-0.2906,-0.3872,-0.3788,2.1667,0.7645,1532750680,1511958680,-14.7984,7.1786,20.3433,8.0044,-14.8008,-14.8153,-14.5977,7.0813,20.0674,7.8958,-14.6001,-14.6143,1.1009,0.9703,-1.9545,-1.8541,-1.4237,-1.4172,-0.56,0.5466,1.4574,2.5631,1.737,10.3438,-0.2602,-3.7886,-1.1398,0,0.183,0.6948,-0.528,-0.3334,-0.4695,-0.3431,-1.6158,-0.66,4.7517,0.3385,1.6222,0.094,0,0.1303,0.2836,0,0,0.0,1.9184,0,0,15478000.0,-9804000,100049000,0,15.32,-0.33224409612114,2,FY2021.FQ2
2021-11-04,2021-09,62880000,23266000,39614000,61494000,9391000,0,2012000,72897000,-33283000,0,-1272000,-1272000,-8386000,-42941000,-90000,-43031000,0,0,0,-43031000,0,-43031000,-0.43,-0.43,99571000,99571000,8372000,223868000,0,33676000,92509000,7109000,357162000,0,174264000,-70403000,103861000,88835000,44340000,3910000.0,598108000,29438000,0,36111000,6119000,3859000,16670000,0,7874000.0,100071000,320974000,24951000,0,2711000,37644000,486351000,0,0,-742138000,-3614000,883296000,-25097000,0,-689999.99999997,111757000,598108000,240946000,386280000,-43031000,8372000,-156000,-8622000,3300000,-3477000.0,-8955000,0,10750000,9398000,-23466000,-12918000,0,-12918000,0,0,0,0,0,0,0,0.0,-12918000,0,0,0,0,269655000,0,-85971000.0,183684000,-13000,147287000,-12918000,0,0,316250000,-46595000,-24911000,-36384000,0,-20801875,111757000,-21418000,-0.252,-0.805,-0.3403,-0.5583,-0.2128,-0.3129,0.6299,-0.3961,-0.5293,-0.6829,-0.6843,-0.5786,5.3518,0.1868,3.15,0.5885,0.6315,-0.2501,-0.3342,-0.4312,-0.3654,1.1223,-0.2151,1208041190,1305147190,-9.2261,10.8095,-56.403,5.6661,-9.7021,-9.2379,-9.9677,11.6784,-60.9369,6.1215,-10.482,-9.9805,0.5275,0.3549,-2.0353,-1.9456,-1.7475,-1.7462,-0.7916,0.5375,13.2791,2.5555,2.8668,12.8811,-1.46,-1.1932,-1.3581,0,-0.0094,0.6948,-0.5345,-0.3379,-0.5655,-0.3431,-1.2772,-0.6062,4.6234,0.3385,1.6222,0.0985,0,0.1748,0.2829,0,0,0.0,3.569,0,0,-948000.0,103225000,99101000,0,12.19,-0.33224409612114,3,FY2021.FQ3
2022-03-02,2021-12,73962000,28737000,45225000,66693000,8984000,0,1956000,77633000,-32408000,0,-1504000,-1504000,-6274000,-40186000,1293000,-38893000,0,0,0,-38893000,0,-38893000,-0.4,-0.4,99176000,99176000,9458000,187248000,0,41893000,91703000,10313000,331157000,0,185408000,-72724000,112684000,85273000,39690000,3248999.9999999,572053000,25737000,3004000,48251000,342000,4212000,15255000,0,4294000.0,101095000,326489000,24383000,0,2897000,37767000,492631000,0,0,-782325000,-5994000,892828000,-25097000,0,10000.0,79422000,572053000,240896000,391536000,-38893000,9458000,-8724000,-3929000,-3557000,10727000.0,-5483000,0,9730000,10447000,-14741000,-19598000,0,-19598000,0,0,0,-399000,0,-399000,0,0.0,-19997000,0,0,0,0,1610000,0,-2097000.0,-487000,-1395000,-36620000,-19598000,0,0,0,1610000,-22950000,-34339000,0,-20255000,79422000,-45541000,-0.2444,-1.4963,-0.3198,-0.5918,-0.2232,-0.3035,0.6114,-0.3102,-0.4381,-0.5433,-0.5258,-0.4642,7.2027,0.1388,4.4221,0.6139,0.7457,-0.2314,-0.3267,-0.4051,-0.3462,0.8008,-0.4591,1137707910,1276948910,-7.9542,14.3248,-24.982,4.6778,-8.0198,-7.8918,-8.9277,16.078,-28.0395,5.2503,-9.0014,-8.8577,0.6827,0.4406,-1.1047,-1.338,-0.4998,-0.4513,-0.1428,0.2867,0.7375,1.9773,1.1899,-0.3884,-1.1909,-0.9095,-1.021,0,0.0043,0.6923,-0.5405,-0.3502,-0.5655,-0.326,-1.2772,-0.5595,4.6234,0.3385,1.6222,0.1047,0,0.1566,0.1881,0,0,0.0,3.2757,0,0,436000.0,139583000,99537000,0,11.43,-0.33224409612114,4,FY2021.FQ4
2022-05-05,2022-03,70933000,21717000,49216000,69471000,9722000,0,2230000,81423000,-32207000,0,-1456000,-1456000,-9052000,-42715000,99000,-42616000,0,0,0,-42616000,0,-42616000,-0.43,-0.43,99978000,99978000,9878000,151812000,0,40438000,99043000,12085000,303378000,0,199868000,-79022000,120846000,82091000,40830000,1544000.0,548689000,34036000,0,61152000,1789000,4034000,14893000,0,0.0,115904000,326639000,23934000,0,0,40228000,506705000,0,0,-825169000,-7174000,899414000,-25097000,0,9999.0,41984000,548689000,245311000,390801000,-42616000,9878000,1674000,-9154000,-1848000,4751000.0,-4577000,0,10180000,2430000,-24705000,-13257000,0,-13257000,0,0,0,0,0,0,-150000,0.0,-13407000,0,0,0,0,0,0,2697000.0,2697000,-21000,-35436000,-13257000,0,0,0,0,-22329000,-37962000,0,-20129375,41984000,-80937000,-0.2904,-2.681,-0.3945,-0.6698,-0.2793,-0.3846,0.6938,-0.3147,-0.454,-0.6021,-0.6007,-0.5351,13.069,0.0765,8.3927,0.6421,0.7094,-0.2233,-0.3221,-0.4272,-0.3797,0.4199,-0.8095,1163547000,1338374000,-7.1495,27.714,-14.3759,4.309,-7.9685,-7.0946,-8.2237,31.8781,-16.5359,4.9565,-9.1658,-8.1606,0.6076,0.5448,-1.3093,-1.2149,-0.8674,-0.8607,-0.6538,0.1462,-0.2057,0.5527,0.3564,-0.6123,-0.3279,0.1279,-0.1229,0,0.0164,0.696,-0.5727,-0.3502,-0.5569,-0.3089,-1.3208,-0.5075,5.4801,0.384,2.5686,0.0928,0,0.1189,-0.0312,0,0,0.0,2.6174,0,0,1641000.0,176616000,101178000,0,11.5,-0.33224409612114,1,FY2022.FQ1
2022-08-04,2022-06,84151000,28675000,55476000,72668000,10596000,0,2177000,85441000,-29965000,0,-1435000,-1435000,-5717000,-37117000,16000,-37101000,0,0,0,-37101000,0,-37101000,-0.36,-0.36,102849000,102849000,10257000,107470000,0,43928000,102796000,11045000,265239000,0,212035000,-84736000,127299000,78611000,39170000,1616000.0,511935000,33157000,0,55874000,14266000,4164000,13850000,0,0.0,121311000,313397000,27335000,0,0,39353000,501396000,0,0,-862489000,-12463000,910577000,-25097000,0,11000.000000001,10539000,511935000,246696000,380085000,-37101000,10257000,-3929000,-7461000,755000,-2776000.0,-13411000,0,9200000,3718000,-27337000,-13081000,0,-13081000,0,0,0,0,0,0,-1329000,0.0,-14410000,0,0,0,0,0,0,-1926000.0,-1926000,-669000,-44342000,-13081000,0,0,0,0,-19708000,-40418000,0,-18728125,10539000,-107242000,-0.3048,-6.155,-0.4254,-0.6457,-0.3046,-0.427,0.6592,-0.2341,-0.356,-0.441,-0.4408,-0.4803,48.5752,0.0205,33.6842,0.6934,0.8181,-0.1916,-0.2913,-0.3608,-0.3929,0.1024,-1.0427,683547720,889474720,-4.2288,64.8588,-6.3738,2.3415,-4.5843,-4.1945,-5.5027,84.3983,-8.294,3.0469,-5.9655,-5.4582,0.3518,0.3509,0.069,-0.0462,0.0273,0.0288,0.0769,0.0437,0.4033,0.3739,0.1607,-0.9506,-0.6561,0.3718,-0.0826,0,0.033,0.696,-0.5727,-0.3588,-0.5569,-0.2976,-1.6594,-0.4515,6.4055,0.425,3.3459,0.1003,0,0.1165,-0.1324,0,0,0.0,2.1864,0,0,3340000.0,220193000,104518000,0,6.54,-0.33224409612114,2,FY2022.FQ2
2022-11-03,2022-09,89839000,30323000,59516000,75954000,12111000,0,2774000,90839000,-31323000,0,-1285000,-1285000,-4262000,-36870000,77000,-36793000,0,0,0,-36793000,0,-36793000,-0.35,-0.35,104804000,104804000,11611000,106112000,0,50723000,102159000,9718000,268712000,0,214113000,-86754000,127359000,79741000,37590000,2881000.0000001,516283000,33374000,0,61741000,13550000,4529000,12293000,0,0.0,125487000,348324000,26952000,0,0,38089000,538852000,0,0,-899488000,-17314000,919319000,-25097000,0,11000.0,-22569000,516283000,247571000,413365000,-36793000,11611000,-7878000,-3516000,1112000,5034000.0,-5248000,0,11080000,4661000,-14689000,-9646000,0,-9646000,0,0,0,0,0,0,-5982000,0.0,-15628000,0,0,0,0,35000000,0,-5556000.0,29444000,-485000,-1358000,-9646000,0,0,70000000,-35000000,-19712000,-24335000,0,-19576875,-22569000,-139900000,-0.3022,25.8359,-0.4247,-0.5997,-0.3111,-0.4385,0.6624,-0.2194,-0.3486,-0.4104,-0.4095,-0.2708,-22.8757,-0.0437,-17.2283,0.7531,0.8572,-0.188,-0.2988,-0.3517,-0.2321,-0.2153,-1.3348,917560160,1159772160,-5.9043,-40.6557,-6.5586,2.8774,-6.6948,-5.8485,-7.4629,-51.3878,-8.29,3.6369,-8.4621,-7.3923,0.4287,0.5023,0.2087,0.0588,0.1413,0.1449,0.186,0.0525,-0.526,0.2262,-0.1368,-1.2019,0.374,0.2532,0.3311,0,0.0044,0.6781,-0.5373,-0.3523,-0.5077,-0.2963,-1.3208,-0.429,6.2772,0.5124,3.3459,0.1154,0,0.1287,0.0,0,0,0.0,2.1413,0,0,466000.0,255762000,104984000,0,8.74,-0.33224409612114,3,FY2022.FQ3
2023-02-28,2022-12,105944000,37093000,68851000,81920000,11604000,0,2934000,96458000,-27607000,0,-1329000,-1329000,-6371000,-35307000,524000,-34783000,0,0,0,-34783000,0,-34783000,-0.33,-0.33,105809000,105809000,12182000,84696000,0,60060000,101521000,9357000,255634000,0,224606000,-94294000,130312000,82778000,47370000,4873999.9999999,520968000,34742000,1955000,64789000,14948000,4842000,11956000,0,5638000.0,138870000,349511000,26562000,0,3047000,37645000,555635000,0,0,-932324000,-10794000,933537000,-25097000,0,10999.0,-34667000,520968000,265334000,416765000,-34783000,12182000,-8699000,-573000,533000,8039000.0,-700000,0,10090000,4808000,-8403000,-13469000,0,-13469000,0,0,0,0,0,0,-1366000,0.0,-14835000,0,0,0,0,0,0,1013000.0,1013000,809000,-21416000,-13469000,0,0,55000000,-55000000,-15425000,-21872000,0,-17254375,-34667000,-164815000,-0.2917,5.2866,-0.4187,-0.5689,-0.3022,-0.4372,0.6498,-0.1455,-0.2605,-0.3332,-0.3283,-0.2064,-15.0277,-0.0665,-11.2793,0.7505,1.0012,-0.1457,-0.2609,-0.3336,-0.2067,-0.3276,-1.5576,1317004000,1581819000,-8.7049,-37.9901,-7.9908,3.7535,-10.5709,-8.6639,-10.4553,-45.6289,-9.5975,4.5083,-12.6965,-10.406,0.4324,0.5224,0.3278,0.1481,0.1214,0.1056,0.175,0.0668,-0.5476,0.1564,-0.0893,-1.4364,0.4299,0.3127,0.363,0,0.0157,0.661,-0.5308,-0.3523,-0.4722,-0.291,-0.9752,-0.425,4.5435,0.6012,1.8737,0.1358,0,0.1245,0.0,0,0,0.0,1.8408,0,0,1656000.0,279763000,106640000,0,12.35,-0.33224409612114,4,FY2022.FQ4
2023-05-04,2023-03,109110000,38685000,70425000,91262000,13260000,0,2883000,107405000,-36980000,0,-3874000,-3874000,-2661000,-43515000,-14000,-43529000,0,0,0,-43529000,0,-43529000,-0.4,-0.4,109751000,109751000,12523000,116698000,0,62415000,108242000,11798000,299153000,0,240000000,-102187000,137813000,81083000,47920000,3724000.0,569693000,39070000,0,69032000,16068000,4796000,13938000,0,0.0,142904000,419455000,25907000,0,0,39789000,628055000,0,0,-975853000,-9689000,952265000,-25097000,0,11999.0,-58362000,569693000,270540000,485151000,-43529000,12523000,-2478000,-8540000,-2309000,5446000.0,-7881000,0,16460000,4103000,-18324000,-16278000,0,-16278000,0,0,0,0,0,0,-538000,0.0,-16816000,0,-1106000,-1106000,0,71000000,0,-2784000.0,67110000,32000,32002000,-16278000,0,0,98500000,-27500000,-24457000,-34602000,0,-23112500,-58362000,-187365000,-0.2791,3.2722,-0.4008,-0.5455,-0.2997,-0.4334,0.6454,-0.2241,-0.3389,-0.3988,-0.3989,-0.3171,-9.7613,-0.1024,-7.9063,0.8099,0.9941,-0.2228,-0.3369,-0.3964,-0.3152,-0.5317,-1.7071,1769960400,2072717400,-11.6287,-30.3272,-9.4465,4.5495,-14.6003,-11.5828,-13.6178,-35.5148,-11.0624,5.3277,-17.0978,-13.5641,0.5382,0.4309,-0.0953,-0.1481,-0.0187,-0.0214,0.0697,0.0977,-0.2312,0.1404,0.0382,-2.3901,0.2582,-0.2278,0.0885,0,0.0639,0.6594,-0.5308,-0.3523,-0.4722,-0.2847,-0.7433,-0.4217,2.9004,0.628,0.5146,0.1023,0,0.1392,0.0,0,0,0.0,2.0933,0,0,6819000.0,318825000,113459000,0,15.6,-0.33224409612114,1,FY2023.FQ1
2023-08-03,2023-06,116920000,52379000,64541000,87287000,14571000,0,3705000,105563000,-41022000,0,-3892000,-3892000,-6513000,-51427000,50000,-51377000,0,0,0,-51377000,0,-51377000,-0.43,-0.43,118719000,118719000,14541000,101020000,0,59932000,119957000,18758000,299667000,0,256781000,-109988000,146793000,105505000,72530000,3739000.0000001,628234000,43698000,0,74123000,2207000,4824000,13895000,0,0.0,138747000,455341000,25287000,0,0,37012000,656387000,0,0,-1027230000,-9511000,1033673000,-25097000,0,11999.999999986,-28153000,628234000,328567000,517640000,-51377000,14541000,2576000,-13506000,-6962000,6057000.0,-11835000,0,24190000,6609000,-17872000,-19139000,0,-19139000,0,0,0,0,0,0,-1424000,-55000000.0,-75563000,0,58617000,58617000,0,21658000,0,-2362000.0,77913000,-156000,-15678000,-19139000,0,0,54973000,-33315000,-26481000,-37011000,0,-25638750,-28153000,-206188000,-0.2779,3.8486,-0.3881,-0.5202,-0.293,-0.4364,0.552,-0.2264,-0.3508,-0.4398,-0.4394,-0.3165,-22.3149,-0.0448,-17.1503,0.7685,0.9848,-0.223,-0.3455,-0.4331,-0.3117,-0.2371,-1.7367,2190880980,2545201980,-13.1598,-77.8205,-10.6256,5.1939,-18.5951,-13.1097,-15.2881,-90.406,-12.344,6.0339,-21.6024,-15.2298,0.3894,0.1634,-0.3436,-0.3689,-0.3855,-0.3847,-0.1944,0.1543,-0.06,0.1531,0.2271,-3.6713,0.3462,-0.4631,0.0842,0,0.0739,0.6545,-0.4797,-0.3534,-0.4722,-0.2785,-0.6626,-0.4097,2.9004,0.6678,0.5146,0.1027,0,0.0917,0.0,0,0,0.0,2.1598,0,0,8392000.0,356528000,121851000,0,17.98,-0.33224409612114,2,FY2023.FQ2
2023-11-06,2023-09,118262000,38215000,80047000,91411000,20000000,0,3873000,115284000,-35237000,0,-4459000,-4459000,-3075000,-42771000,117000,-42654000,0,0,0,-42654000,0,-42654000,-0.35,-0.35,122468000,122468000,15654000,122526000,0,64519000,130672000,15841000,333558000,0,280267000,-119396000,160871000,102191000,71560000,2040999.9999999,670221000,50104000,0,77251000,1766000,5090000,13833000,0,0.0,148044000,506613000,24496000,0,0,35229000,714382000,0,0,-1069884000,-12111000,1062919000,-25097000,0,12000.000000022,-44161000,670221000,336663000,566338000,-42654000,15654000,-5036000,-14041000,2772000,953000.0,-15352000,0,20070000,4997000,-17285000,-19374000,0,-19374000,0,0,0,0,0,0,-2009000,0.0,-21383000,0,0,0,0,52000000,0,8325000.0,60325000,-151000,21506000,-19374000,0,0,124000000,-72000000,-19583000,-36659000,0,-22023125,-44161000,-217912000,-0.2654,4.7665,-0.3653,-0.4788,-0.2773,-0.4243,0.6768,-0.1655,-0.2979,-0.3616,-0.3606,-0.3099,-15.1767,-0.0658,-12.0666,0.795,0.9656,-0.1599,-0.2877,-0.3492,-0.2993,-0.3605,-1.7793,1599343670,1983430670,-9.28,-36.2162,-7.3394,3.5522,-12.289,-9.2436,-11.5086,-44.9136,-9.1019,4.4053,-15.2402,-11.4635,0.3163,0.3449,0.0065,-0.1249,-0.16,-0.1592,0.0,0.1685,0.1546,0.2631,0.2981,-0.9567,-0.1767,-1.0085,-0.5064,0,0.0119,0.6545,-0.4404,-0.3534,-0.3907,-0.2785,1.3142,-0.3976,-3.8479,0.722,-3.7372,0.1036,0,0.0517,0.0,0,0,0.0,2.2531,0,0,1460000.0,385853000,123311000,0,12.97,-0.33224409612114,3,FY2023.FQ3
2024-02-27,2023-12,137970000,42780000,95190000,104120000,22284000,0,3823000,130227000,-35037000,0,-4416000,-4416000,-9749000,-49202000,124000,-49078000,0,0,0,-49078000,0,-49078000,-0.37,-0.37,133890000,133890000,16964000,220970000,0,72613000,136842000,20666000,451091000,0,303121000,-126876000,176245000,102454000,73000000,2418000.0,805208000,48985000,1985000,77703000,1808000,5159000,13910000,0,8024000.0,157574000,511035000,23677000,0,2561000,32245000,727092000,0,0,-1118962000,-8323000,1230484000,-25097000,0,14000.0,78116000,805208000,354117000,569518000,-49078000,16964000,-7857000,-9475000,-4599000,2821000.0,-19110000,0,20520000,5700000,-25004000,-25717000,0,-25717000,0,0,0,0,0,0,-2496000,0.0,-28213000,0,-1064000,-1064000,0,5000000,0,147635000.0,151571000,90000,98444000,-25717000,0,0,79000000,-74000000,-18073000,-50721000,0,-21898125,78116000,-97338000,-0.2529,-10.9932,-0.3383,-0.4912,-0.2527,-0.3598,0.6899,-0.1309,-0.2539,-0.3566,-0.3557,-0.3676,10.3078,0.097,6.8682,0.6663,1.0304,-0.1349,-0.2616,-0.3674,-0.3788,0.5834,-0.7269,2103991950,2394056950,-11.2731,26.9341,-21.6153,4.3627,-13.2332,-11.2564,-12.8272,30.6474,-24.5952,4.9642,-15.0576,-12.8082,0.3022,0.3825,-0.1716,-0.2691,-0.3935,-0.4109,-0.1212,0.2653,1.6089,0.3524,0.5455,3.2533,-1.9756,-0.9093,-1.3189,0,0.1292,0.6545,-0.4251,-0.3497,-0.3423,-0.2785,1.2335,-0.3913,-2.2047,0.722,-2.3781,0.0828,0,0.062,-0.0956,0,0,0.0,2.8627,0,0,15934000.0,291873000,139245000,0,15.11,-0.33224409612114,4,FY2023.FQ4
2024-05-07,2024-03,138477000,41126000,97351000,113727000,18012000,0,3854000,135593000,-38242000,0,-5341000,-5341000,-4981000,-48564000,69000,-48495000,0,0,0,-48495000,0,-48495000,-0.34,-0.34,140980000,140980000,18916000,144085000,0,88648000,152981000,19578000,405292000,0,334603000,-139844000,194759000,99813000,72250000,2467000.0000001,774581000,60358000,0,87509000,2548000,5239000,13632000,0,0.0,169286000,511889000,21069000,0,0,34785000,737029000,0,0,-1167457000,-10787000,1240879000,-25097000,0,14000.0,37552000,774581000,369289000,567743000,-48495000,18916000,-17058000,-19514000,812000,3055000.0,-32705000,0,17320000,6526000,-38438000,-31312000,0,-31312000,0,0,0,0,0,0,-2306000,0.0,-33618000,0,-4697000,-4697000,0,0,0,327000.0,-4370000,-459000,-76885000,-31312000,0,0,42000000,-42000000,-19326000,-69750000,0,-23901250,37552000,-134511000,-0.2425,-3.3129,-0.3226,-0.4658,-0.2378,-0.3287,0.703,-0.1395,-0.2761,-0.3507,-0.3502,-0.5036,20.6268,0.0484,14.2603,0.6913,0.9822,-0.137,-0.2712,-0.3444,-0.4947,0.2663,-0.9541,1920354030,2288158030,-10.0225,51.1385,-14.2765,3.7534,-9.8915,-10.0037,-11.9421,60.933,-17.0109,4.4722,-11.786,-11.9197,0.2691,0.3823,0.2097,-0.0341,-0.116,-0.114,0.15,0.2845,0.2346,0.4132,0.3596,1.6434,-1.0976,-0.9235,-1.0157,0,0.0001,0.6608,-0.4046,-0.3437,-0.3423,-0.2785,0.8879,-0.3913,-1.2793,0.722,-1.7421,0.0821,0,0.0261,-0.1033,0,0,0.0,2.3941,0,0,12000.0,370352000,139257000,0,13.79,-0.33224409612114,1,FY2024.FQ1
2024-07-31,2024-06,145573000,42979000,102594000,112731000,19105000,0,3836000,135672000,-33078000,0,-5815000,-5815000,-2073000,-40966000,286000,-40680000,0,0,0,-40680000,0,-40680000,-0.29,-0.29,142687000,142687000,21071000,99828000,0,83985000,172314000,20478000,376605000,0,372791000,-154999000,217792000,99150000,72010000,3029000.0,768586000,72739000,0,75925000,2289000,6723000,11775000,0,0.0,169451000,516881000,29626000,0,0,35517000,751475000,0,0,-1208137000,-11529000,1261860000,-25097000,0,14000.000000042,17111000,768586000,391981000,582024000,-40680000,21071000,1765000,-23343000,-931000,4173000.0,-18336000,0,16960000,9591000,-11394000,-34100000,0,-34100000,0,0,0,0,0,0,-1794000,0.0,-35894000,0,4697000,4697000,0,4400000,0,-5855000.0,3242000,-211000,-44257000,-34100000,0,0,46400000,-42000000,-12007000,-45494000,0,-20673750,17111000,-154049000,-0.2344,-6.6189,-0.3176,-0.4042,-0.2341,-0.3269,0.7047,-0.0824,-0.2272,-0.2814,-0.2794,-0.3125,44.9176,0.0222,32.0727,0.714,1.0202,-0.0841,-0.2318,-0.2871,-0.3188,0.1199,-1.0796,1475602700,1892655700,-8.1566,86.237,-9.5787,2.7311,-7.2824,-8.1299,-10.462,110.6104,-12.286,3.503,-9.3407,-10.4276,0.245,0.5895,0.5465,0.1936,0.2034,0.2082,0.3255,0.2018,-0.0117,0.4836,0.2234,1.6077,0.3624,-0.7817,-0.2292,0,0.0139,0.6696,-0.3802,-0.3184,-0.3168,-0.2785,0.2956,-0.3913,0.2732,0.7322,-0.519,0.07,0,0.0299,-0.1423,0,0,0.0,2.2225,0,0,1949000.0,419342000,141206000,0,10.45,-0.33224409612114,2,FY2024.FQ2
2024-10-30,2024-09,150719000,47990000,102729000,109200000,20357000,0,3848000,133405000,-30676000,0,-6572000,-6572000,-2404000,-39652000,36000,-39616000,0,0,0,-39616000,0,-39616000,-0.28,-0.28,143492000,143492000,21922000,80976000,0,78452000,183111000,19886000,362425000,0,378800000,-170355000,208445000,98782000,73400000,2843000.0,745895000,59578000,0,76262000,1790000,6989000,11602000,0,0.0,156221000,525935000,29140000,0,0,35961000,747257000,0,0,-1247753000,-8412000,1279886000,-25097000,0,13999.999999998,-1362000,745895000,383470000,591036000,-39616000,21922000,5814000,-14187000,802000,-3928000.0,-11499000,0,17460000,6391000,-5342000,-15836000,0,-15836000,0,0,0,0,0,0,-4042000,0.0,-19878000,0,0,0,0,7375000,0,-681000.0,6694000,-326000,-18852000,-15836000,0,0,33775000,-26400000,-8754000,-21178000,0,-19172500,-1362000,-173544000,-0.2348,-22.5879,-0.3172,-0.3782,-0.2297,-0.3226,0.6815,-0.058,-0.2035,-0.263,-0.2628,-0.1405,-547.6468,-0.0018,-408.8582,0.7465,1.0503,-0.061,-0.2137,-0.2763,-0.1475,-0.0094,-1.2094,790070440,1235029440,-4.4418,-580.081,-4.5525,1.3794,-4.2217,-4.429,-6.9434,-906.7763,-7.1165,2.1563,-6.5993,-6.9234,0.2744,0.2833,0.5529,0.1294,0.0729,0.0712,0.2,0.1716,-0.3391,0.2957,0.1129,0.9691,0.6909,0.1826,0.4222,0,0.0063,0.6696,-0.3591,-0.287,-0.3145,-0.2717,-0.0203,-0.3767,-12.3945,0.7485,-9.5928,0.0782,0,0.0311,0.0,0,0,0.0,2.3199,0,0,893000.0,446749000,142099000,0,5.56,-0.33224409612114,3,FY2024.FQ3
