original_filing_date,period_end_date,revenue,cogs,gross_profit,sga,rnd,special_charges,other_opex,total_opex,operating_income,interest_income,interest_expense,net_interest_income_normal,other_nonoperating_income,pretax_income,income_tax,net_income_continuing,net_income_discontinued,income_allocated_to_minority_interest,other_income_statement_items,net_income,preferred_dividends,net_income_available_to_shareholders,eps_basic,eps_diluted,shares_basic,shares_diluted,da_income_statement_supplemental,cash_and_equiv,st_investments,receivables,inventories,other_current_assets,total_current_assets,equity_and_other_investments,ppe_gross,accumulated_depreciation,ppe_net,intangible_assets,goodwill,other_lt_assets,total_assets,accounts_payable,tax_payable,current_accrued_liabilities,st_debt,current_capital_leases,current_deferred_revenue,current_deferred_tax_liability,other_current_liabilities,total_current_liabilities,lt_debt,noncurrent_capital_leases,pension_liabilities,noncurrent_deferred_revenue,other_lt_liabilities,total_liabilities,common_stock,preferred_stock,retained_earnings,aoci,apic,treasury_stock,minority_interest_liability,other_equity,total_equity,total_liabilities_and_equity,total_noncurrent_assets,total_noncurrent_liabilities,cfo_net_income,cfo_da,cfo_receivables,cfo_inventory,cfo_prepaid_expenses,cfo_other_working_capital,cfo_change_in_working_capital,cfo_deferred_tax,cfo_stock_comp,cfo_other_noncash_items,cf_cfo,cfi_ppe_purchases,cfi_ppe_sales,cfi_ppe_net,cfi_acquisitions,cfi_divestitures,cfi_acquisitions_net,cfi_investment_purchases,cfi_investment_sales,cfi_investment_net,cfi_intangibles_net,cfi_other,cf_cfi,cff_common_stock_issued,cff_common_stock_repurchased,cff_common_stock_net,cff_pfd_net,cff_debt_net,cff_dividend_paid,cff_other,cf_cff,cf_forex,cf_net_change_in_cash,capex,cff_pfd_issued,cff_pfd_repurchased,cff_debt_issued,cff_debt_repaid,ebitda,fcf,income_tax_rate,nopat,book_value,tangible_book_value,roa,roe,roic,roic_legacy,roce,rotce,gross_margin,ebitda_margin,operating_margin,pretax_margin,net_income_margin,fcf_margin,assets_to_equity,equity_to_assets,debt_to_equity,debt_to_assets,revenue_per_share,ebitda_per_share,operating_income_per_share,pretax_income_per_share,fcf_per_share,book_value_per_share,tangible_book_per_share,market_cap,enterprise_value,price_to_earnings,price_to_book,price_to_tangible_book,price_to_sales,price_to_fcf,price_to_pretax_income,enterprise_value_to_earnings,enterprise_value_to_book,enterprise_value_to_tangible_book,enterprise_value_to_sales,enterprise_value_to_fcf,enterprise_value_to_pretax_income,revenue_growth,gross_profit_growth,ebitda_growth,operating_income_growth,pretax_income_growth,net_income_growth,eps_diluted_growth,shares_diluted_growth,cash_and_equiv_growth,ppe_growth,total_assets_growth,total_equity_growth,cfo_growth,capex_growth,fcf_growth,dividends_per_share_growth,shares_eop_growth,gross_margin_median,pretax_margin_median,operating_income_margin_median,fcf_margin_median,roa_median,roe_median,roic_median,assets_to_equity_median,debt_to_assets_median,debt_to_equity_median,revenue_cagr_10,eps_diluted_cagr_10,total_assets_cagr_10,total_equity_cagr_10,fcf_cagr_10,dividends_per_share_cagr_10,cf_cfo_cagr_10,current_ratio,payout_ratio,peg_ratio,shares_eop_change,net_debt,shares_eop,dividends,period_end_price,roic_5yr_avg,fiscal_quarter_number,fiscal_quarter_key
2004-05-13,2003-12,9133000,0,9133000,2428000,0,0,9572000,12000000,-2867000,0,0,0,2867000,0,0,0,0,0,-8143000,-8143000,0,-8143000,-2.53,-2.53,3092000,3092000,2219000,0,0,0,0,0,0,0,0,0,0,0,0,383751000,383751000,0,0,0,0,0,0,0,0,0,0,0,0,0,339660000.0,339660000,0,0,0,0,0,0,22390000,21701000.0,44091000,383751000,383751000,339660000,-8527000,2219000,0,0,0,0,0,0,0,6308000.0,0,0,0,0,0,0,0,0,0,0,0,0.0,0,0,0,0,0,11017000,0,-11017000.0,0,0,0,0,0,0,18495000,-7478000,-648000,0,0.0,-6881250,44091000,44091000,-0.0746,-0.6499,-0.431,-0.431,-0.0003,-0.0003,1.0,-0.0709,-0.3139,0.0,-0.8916,0.0,8.7036,0.1148,0.0,0.0,2.9537,-0.2095,-0.9272,0.0,0.0,14.2597,14.2597,0,0,0.0,0.0,0.0,0.0,0.0,0.0,0.0,0.0,0.0,0.0,0.0,0.0,0.0,0.0,0.0,0.0,0.0,0.0,0.0,-0.4876,0.0,0.0,0.4199,0.0,0.0,0.0,0.0,0.0,-0.3116,,,,,,,,,,,0.0,0.0,0.0,0.0,0.0,0.0,0.0,0.0,0.0,0.0,-1400000.0,0,3092000,0.0,0.0,0.03113547835596,4,FY2003.FQ4
2004-09-27,2004-06,13929000,0,13929000,3273000,0,0,9155000,12428000,1501000,0,0,0,-1501000,0,0,0,0,-1124000,-5912000,-7036000,0,-7036000,-1.11,-1.11,6358000,6358000,3089000,2775000,0,13312000,0,0,16087000,7541000,540861000,0,540861000,0,0,19964000,584453000,548000,0,0,431847000,0,0,0,51343000,483738000,431847000,0,0,0,-318975000.0,596610000,58000000,0,-81131000,0,0,0,10508000,466000.0,-12157000,584453000,568366000,112872000,-7036000,3089000,2171000,0,0,-3622000,-1451000,0,0,2054000.0,-3344000,-61366000,0,-61366000,0,0,0,-4822000,0,-4822000,0,-3397000.0,-69585000,-19480000,0,-19480000,0,67157000,0,24445000.0,72122000,0,-807000,-61366000,0,0,137360000,-70203000,4590000,-64710000,0.0,-3459375,-12157000,-12157000,-0.0471,-10.8748,-0.0399,-0.04,0.0001,0.0001,1.0,0.3295,0.1077,0.0,-0.5051,-4.6457,-48.0754,-0.0208,-71.0449,1.4777,2.1907,0.7219,0.236,0.0,-10.1777,-1.912,-1.912,0,429072000,0.0,0.0,0.0,0.0,0.0,0.0,-17.1471,-35.2942,-35.2942,9.9501,-2.9124,0.0,0.4966,0.4966,0.4343,-0.1343,0.0,-1.965,-1.9758,0.0,0.0,0.0,0.0,0.0,0.0,0.0,0.0,0.0,0.0,,,,,,,,,,,0.0,0.0,0.0,0.0,0.0,0.0,0.0,0.0332,0.0,0.0,0.0,860919000,31170000,0.0,0.0,0.03113547835596,2,FY2004.FQ2
2004-11-19,2004-09,18168000,0,18168000,2905000,0,0,11903000,14808000,3360000,0,0,0,-3360000,0,0,0,1920000,-703000,-6294000,-5077000,1465000,-6542000,-0.53,-0.53,15242000,15242000,5057000,32006000,0,714000,0,0,32720000,5383000,679724000,0,679724000,0,0,19773000,737600000,2949000,0,0,454023000,0,0,0,0,456972000,454023000,0,0,0,-468379000.0,442616000,0,0,-97178000,0,347882000,0,21984000,22296000.0,294984000,737600000,704880000,-14356000,-5077000,5057000,-5146000,0,0,-2305000,-7451000,0,0,-1608000.0,-9079000,-94008000,1490000,-92518000,0,0,0,7551000,0,7551000,0,3499000.0,-81468000,283605000,0,283605000,0,-62114000,0,-101713000.0,119778000,0,29231000,-92518000,0,0,50471000,-112585000,8417000,-101597000,0.0,-1073125,294984000,294984000,-0.0397,-0.1858,-0.0251,-0.0256,0.0037,0.0037,1.0,0.4632,0.1849,0.0,-0.2794,-5.592,2.5004,0.3999,3.0782,1.231,1.1919,0.5522,0.2204,0.0,-6.6655,19.3533,19.3533,397417500,819434500,-15.1178,1.3472,1.3472,7.6197,-1.5965,0.0,-31.1714,2.7778,2.7778,15.7112,-3.2919,0.0,0.989,0.989,2.0663,2.1788,0.0,-0.3318,0.5391,2.3931,0.0,0.0,0.0,0.0,0.0,0.0,0.0,0.0,0.0,,,,,,,,,,,0.0,0.0,0.0,0.0,0.0,0.0,0.0,0.0716,-0.2094,0.0,0.0,876040000,31170000,0.111,12.75,0.03113547835596,3,FY2004.FQ3
2005-03-15,2004-12,22697000,0,22697000,3317000,0,0,13715000,17032000,5665000,0,0,0,-5665000,0,0,0,0,-100000,-217000,-317000,0,-317000,-0.01,-0.01,31170000,31170000,4729000,24329000,0,2501000,0,0,26830000,6182000,696899000,0,696899000,0,0,18573000,748484000,0,0,3444000,39000000,0,0,0,0,42444000,472977000,0,0,0,-31997000.0,483424000,0,0,-104588000,0,347883000,0,21453000,312000.00000001,265060000,748484000,721654000,440980000,-317000,4729000,361000,0,0,3974000,4335000,0,0,295000.0,9042000,-25164000,0,-25164000,0,0,0,-6319000,0,-6319000,0,6297000.0,-25186000,-1000,0,-1000,0,-396329000,0,404797000.0,8467000,0,-7677000,-25164000,0,0,41811000,-438140000,10394000,-16122000,0.0,3342500,265060000,265060000,-0.0248,-0.0659,-0.0182,-0.0187,0.0147,0.0147,1.0,0.4579,0.2495,0.0,-0.0139,-0.7103,2.8238,0.3541,1.9315,0.684,0.7281,0.3334,0.1817,0.0,-0.5172,8.5036,8.5036,415496100,864144100,-22.5054,1.5675,1.5675,6.3222,-1.5676,0.0,-46.8066,3.2601,3.2601,13.1488,-3.2604,0.0,1.4851,1.4851,17.0401,2.9759,0.0,0.961,0.996,9.0808,0.0,0.0,0.9504,5.0116,0.0,0.0,0.0,1.054,0.0,,,,,,,,,,,0.0,0.0,0.0,0.0,0.0,0.0,0.0,0.6321,-22.8,0.0,0.0,487648000,31170000,0.228,13.33,0.03113547835596,4,FY2004.FQ4
2005-05-10,2005-03,22908000,0,22908000,2977000,0,0,14715000,17692000,5216000,0,0,0,-5216000,0,0,0,0,56000,-696000,-640000,0,-640000,-0.02,-0.02,31170000,31170000,5730000,12286000,0,2254000,0,0,14540000,6121000,755427000,0,755427000,0,0,21065000,797153000,0,0,1619000,48499000,0,0,0,0,50118000,529083000,0,0,0,-38700000.0,540501000,0,0,-112319000,0,347883000,0,20776000,312000.00000001,256652000,797153000,782613000,490383000,-640000,5730000,247000,0,0,-2094000,-1847000,0,0,12999.999999999,3256000,-56591000,0,-56591000,0,0,0,-1088000,0,-1088000,0,0.0,-57679000,0,0,0,0,0,-7091000,49471000.0,42380000,0,-12043000,-56591000,0,0,0,0,10946000,-53335000,0.0,2860000,256652000,256652000,-0.0169,-0.0501,-0.0158,-0.0161,0.0204,0.0204,1.0,0.4778,0.2276,0.0,-0.0279,-2.3282,3.1059,0.3219,2.2504,0.7245,0.7349,0.3511,0.1673,0.0,-1.7111,8.2339,8.2339,420795000,937592000,-32.1954,1.6395,1.6395,5.4154,-1.7848,0.0,-71.7361,3.6531,3.6531,12.0665,-3.9768,0.0,1.0966,1.0966,2.5912,13.0592,0.0,0.8938,0.9924,12.7433,0.0,0.7162,0.6724,14.3142,2.1724,0.2911,0.3543,0.0,0.0,1.0,0.0,0.1117,-0.3551,-0.0323,-0.1259,-0.0217,2.6621,0.342,0.0,0.0,0.0,0.0,0.0,0.0,0.0,0.0,0.2901,-11.4,0.0,0.0,565296000,31170000,0.228,13.5,0.03113547835596,1,FY2005.FQ1
2005-08-15,2005-06,24551000,0,24551000,3320000,0,0,15422000,18742000,5809000,0,0,0,-5809000,0,0,0,0,110000,-1330000,-1220000,0,-1220000,-0.04,-0.04,31859000,31859000,6213000,95042000,0,3264000,0,0,98306000,7773000,763569000,0,763569000,0,0,32262000,901910000,0,0,1281000,0,0,0,0,0,1281000,559095000,0,0,0,12341000.0,572717000,0,0,-120630000,0,429179000,0,20270000,374000.00000002,329193000,901910000,803604000,571436000,-1220000,6213000,-1010000,0,0,-2746000,-3756000,0,0,-48000.0,1189000,-16726000,0,-16726000,0,0,0,-2200000,0,-2200000,0,0.0,-18926000,81358000,0,81358000,0,0,-7091000,26226000.0,100493000,0,82756000,-16726000,0,0,0,0,12022000,-15537000,0.0,2868125,329193000,329193000,-0.0085,-0.0247,-0.0082,-0.0087,0.0236,0.0236,1.0,0.4896,0.2366,0.0,-0.0496,-0.6328,2.7397,0.3649,1.6983,0.6199,0.7706,0.3773,0.1823,0.0,-0.4876,10.3328,10.3328,535512100,999565100,-73.823,1.6267,1.6267,6.063,-2.8699,0.0,-137.795,3.0364,3.0364,11.317,-5.3569,0.0,0.7625,0.7625,1.6191,2.87,0.0,0.8266,0.9639,4.0108,33.2493,0.4117,0.5431,28.0784,1.3555,0.7274,0.7598,0.0,0.1989,1.0,0.0,0.1503,-0.6715,-0.0323,-0.1259,-0.0217,2.7817,0.6519,0.8491,0.0,0.0,0.128,0.0,0.0,0.0,0.0,76.7416,-5.7,0.0,6200000.0,464053000,37370000,0.228,14.33,0.03113547835596,2,FY2005.FQ2
2005-11-14,2005-09,42346000,0,42346000,9591000,0,0,23423000,33014000,9332000,0,0,0,-9332000,0,0,0,0,253000,-3112000,-2859000,0,-2859000,-0.08,-0.08,37466000,37466000,9535000,7093000,0,31101000,0,0,38194000,96665000,1200509000,0,1200509000,0,0,94187000,1429555000,0,0,2952000,0,0,0,0,0,2952000,1053804000,0,0,0,35146000.0,1091902000,0,0,-132115000,-2560000,435571000,0,36378000,379000.00000002,337653000,1429555000,1391361000,1088950000,-2859000,9535000,-25346000,0,0,1300000,-24046000,0,0,262000.0,-17108000,-6691000,0,-6691000,0,0,0,-6288000,0,-6288000,0,-528492000.0,-541471000,-28000,0,-28000,0,485471000,-8626000,-6187000.0,470630000,0,-87949000,-6691000,0,0,528863000,-43392000,18867000,-23799000,0.0,4045625,337653000,337653000,-0.0043,-0.0151,-0.0043,-0.0045,0.0223,0.0223,1.0,0.4455,0.2203,0.0,-0.0675,-0.562,4.2337,0.2361,3.1209,0.7371,1.1302,0.5035,0.249,0.0,-0.6352,9.0122,9.0122,583132700,1629843700,-115.7928,1.727,1.727,5.1833,-5.36,0.0,-323.6385,4.8269,4.8269,14.4872,-14.9811,0.0,1.3308,1.3308,1.2415,1.7773,0.0,0.4368,0.849,1.458,-0.7783,0.7661,0.9381,0.1446,-0.8843,0.9276,0.7657,0.0,0.0145,1.0,0.0,0.1856,-0.6715,-0.0323,-0.1259,-0.0217,2.7817,0.7042,1.8149,0.0,0.0,0.157,0.2109,0.0,0.0,0.0,12.9383,-2.85,0.0,545000.0,1046711000,37915000,0.228,15.38,0.03113547835596,3,FY2005.FQ3
2006-03-13,2005-12,44923000,0,44923000,8193000,0,0,24733000,32926000,11997000,0,0,0,-11997000,0,0,0,0,15000,-262000,-247000,0,-247000,0.0,0.0,41294000,41294000,9527000,0,0,0,0,0,0,0,0,0,0,0,0,1420192000,1420192000,0,0,0,0,0,0,0,0,0,0,0,0,0,903829000.0,903829000,0,0,0,0,0,0,36235000,480128000.0,516363000,1420192000,1420192000,903829000,-247000,9527000,7418000,0,0,4440000,11858000,0,0,8988000.0,30126000,-21697000,0,-21697000,0,0,0,9181000,0,9181000,0,15758000.0,3242000,190214000,0,190214000,0,-187217000,-11777000,-3028000.0,-11808000,0,21560000,-21697000,0,0,157347000,-344564000,21524000,8429000,0.0,7343750,516363000,516363000,-0.0034,-0.0116,-0.005,-0.005,0.0227,0.0227,1.0,0.4791,0.267,0.0,-0.0054,0.1876,2.7503,0.3635,0.0,0.0,1.0878,0.5212,0.2905,0.0,0.2041,12.5045,12.5045,797196400,797196400,-160.5308,1.5438,1.5438,5.917,-9.4631,0.0,-160.5308,1.5438,1.5438,5.917,-9.4631,0.0,0.9792,0.9792,1.0708,1.1177,0.0,0.2208,1.0,0.3247,-1.0,-1.0,0.8974,0.948,2.3317,0.1377,1.5228,0.0,0.3653,1.0,0.0,0.2026,-0.6715,-0.0208,-0.058,-0.017,2.7871,0.7042,1.8149,0.1704,0.0,0.0,0.0,0.0,0.0,0.0,0.0,0.0,0.0,13851000.0,0,51766000,0.228,15.4,0.03113547835596,4,FY2005.FQ4
2006-05-10,2006-03,45370000,0,45370000,9245000,0,0,24969000,34214000,11156000,0,0,0,-11156000,0,0,0,0,-54000,792000,738000,0,738000,0.01,0.01,51594000,55709000,9276000,11061000,0,16590000,0,0,27651000,89652000,1251315000,0,1251315000,0,0,59650000,1428268000,0,0,7326000,0,0,0,0,0,7326000,892794000,0,0,0,23588000.0,923708000,1000000,0,-155178000,0,623801000,0,35419000,-482000.00000003,504560000,1428268000,1400617000,916382000,738000,9276000,7093000,0,0,-4177000,2916000,0,0,2100000.0,15030000,-48694000,728000,-47966000,0,0,0,-57000,1672000,1615000,0,307000.0,-46044000,91000,0,91000,0,26586000,-11777000,-1478000.0,13422000,0,-17592000,-47966000,0,0,30635000,-4049000,20432000,-32936000,0.0,7433750,504560000,504560000,-0.0025,-0.007,-0.0036,-0.0036,0.0269,0.0269,1.0,0.4503,0.2458,0.0,0.0162,-0.7259,2.8307,0.3532,1.7694,0.625,0.8144,0.3667,0.2002,0.0,-0.5912,9.057,9.057,890029440,1771762440,-248.0572,1.7639,1.7639,5.6621,-13.9409,0.0,-493.8022,3.5115,3.5115,11.2714,-27.7518,0.0,0.9805,0.9805,0.8666,1.1388,0.0,2.1531,1.5,0.7872,-0.0997,0.6564,0.7917,0.9659,3.616,0.1524,0.3824,0.0,0.0001,1.0,0.0,0.224,-0.7181,-0.0208,-0.058,-0.017,2.8272,0.7042,1.8505,0.1738,0.0,0.0,0.0,0.0,0.0,0.0,3.7743,22.8,0.0,10000.0,881733000,51776000,0.228,17.19,0.03113547835596,1,FY2006.FQ1
2006-08-09,2006-06,48531000,0,48531000,8747000,0,0,24918000,33665000,14866000,0,0,0,-14866000,0,0,0,0,-225000,3317000,3092000,0,3092000,0.06,0.06,51625000,55991000,9057000,4250000,0,11793000,0,0,16043000,90569000,1322527000,0,1322527000,0,0,48830000,1477969000,0,0,4486000,0,0,0,0,0,4486000,950270000,0,0,0,27326000.0,982082000,1000000,0,-163870000,0,624465000,0,34774000,-482000.00000003,495887000,1477969000,1461926000,977596000,3092000,9057000,4797000,0,0,1267000,6064000,0,0,3021000.0,21234000,-55156000,0,-55156000,0,0,0,-4778000,3152000,-1626000,0,-5024000.0,-61806000,36000,0,36000,0,46418000,-11784000,-909000.0,33761000,0,-6811000,-55156000,0,0,66967000,-20549000,23923000,-33922000,0.0,11223750,495887000,495887000,0.0004,0.0014,0.0004,0.0004,0.0327,0.0327,1.0,0.4929,0.3063,0.0,0.0637,-0.6989,2.9804,0.3355,1.9163,0.6429,0.8667,0.4272,0.2655,0.0,-0.6058,8.8565,8.8565,841459360,1787479360,1162.2366,1.6968,1.6968,4.6445,-10.2332,0.0,2468.8941,3.6046,3.6046,9.8663,-21.738,0.0,0.9767,0.9767,0.9899,1.5591,0.0,3.5344,2.5,0.7574,-0.9552,0.732,0.6387,0.5063,16.8587,-2.2976,-1.1833,0.0,0.0007,1.0,0.0,0.2321,-0.7181,-0.0127,-0.0374,-0.012,2.8272,0.7042,1.9239,0.1817,0.0,0.1443,0.2738,0.0,0.0,0.0,3.5762,3.8,0.0,38000.0,946020000,51814000,0.228,16.24,0.03113547835596,2,FY2006.FQ2
2006-11-08,2006-09,51188000,0,51188000,8598000,0,0,26063000,34661000,16527000,0,0,0,-16527000,0,0,0,0,-306000,4613000,4307000,0,4307000,0.08,0.08,52502000,57073000,9253000,151686000,0,7064000,0,0,158750000,89695000,1370244000,0,1370244000,0,0,49847000,1668536000,0,0,6776000,0,0,0,0,0,6776000,945194000,0,0,0,29952000.0,981922000,1000000,0,-171409000,0,821852000,0,35529000,-357999.99999995,686614000,1668536000,1509786000,975146000,4307000,9253000,4729000,0,0,3788000,8517000,0,0,2375000.0,24452000,-51494000,0,-51494000,0,0,0,-269000,-3250000,-3519000,0,4717000.0,-50296000,195339000,0,195339000,0,-9091000,-11846000,-1122000.0,173280000,0,147436000,-51494000,0,0,31524000,-40615000,25780000,-27042000,0.0,13021250,686614000,686614000,0.005,0.0133,0.005,0.0052,0.0347,0.0347,1.0,0.5036,0.3228,0.0,0.0841,-0.5282,2.43,0.4115,1.3766,0.5664,0.8968,0.4517,0.2895,0.0,-0.4738,12.0304,12.0304,1110453810,1903961810,140.7419,1.6172,1.6172,5.8441,-12.9921,0.0,241.3132,2.7729,2.7729,10.0202,-22.2761,0.0,0.2088,0.2088,0.3664,0.771,0.0,2.5064,2.0,0.5233,20.3853,0.1413,0.1671,1.0334,2.4292,-6.696,-0.1362,0.0,0.2381,1.0,0.0,0.2412,-0.7046,-0.0064,-0.0199,-0.0066,2.7871,0.6634,1.8428,0.1669,0.0,0.1334,0.4495,0.0,0.0,0.0,23.4282,2.85,0.0,12337000.0,793508000,64151000,0.228,17.31,0.03113547835596,3,FY2006.FQ3
2007-02-28,2006-12,52175000,0,52175000,9010000,0,0,26062000,35072000,17103000,0,0,0,-17103000,0,0,0,0,-400000,7139000,6739000,0,6739000,0.11,0.11,64208000,68417000,9586000,70801000,0,15880000,0,0,86681000,88115000,1417391000,0,1417391000,0,0,77638000,1669825000,0,0,25704000,0,0,0,0,0,25704000,948174000,0,0,0,17234000.0,991112000,1000000,0,-179268000,0,822181000,0,35158000,-358000.00000006,678713000,1669825000,1583144000,965408000,6739000,9586000,-8816000,0,0,5522000,-3294000,0,0,3138000.0,16169000,-55437000,0,-55437000,0,0,0,-556000,237000,-319000,0,-25876000.0,-81632000,-446000,0,-446000,0,2887000,-14598000,-3265000.0,-15422000,0,-80885000,-55437000,0,0,36540000,-33653000,26689000,-39268000,0.0,14901250,678713000,678713000,0.0089,0.0217,0.0089,0.0095,0.036,0.036,1.0,0.5115,0.3278,0.0,0.1291,-0.7526,2.4602,0.4064,1.397,0.5678,0.7626,0.39,0.2499,0.0,-0.5739,9.9202,9.9202,1171689420,2049062420,78.7637,1.7263,1.7263,5.9397,-8.7985,0.0,137.7428,3.019,3.019,10.3874,-15.387,0.0,0.1614,0.1614,0.2399,0.4256,0.0,28.2834,0.0,0.6568,0.0,0.0,0.1757,0.3144,-0.4632,-1.555,-5.6586,0.0,0.0002,1.0,0.0,0.2477,-0.7046,-0.0039,-0.0133,-0.0046,2.7871,0.634,1.8428,0.1411,0.0,0.1106,0.0,0.0,0.0,0.0,3.3722,2.0727,0.0,16000.000000007,877373000,64167000,0.228,18.26,0.03113547835596,4,FY2006.FQ4
2007-05-09,2007-03,53776000,0,53776000,9240000,0,0,26915000,36155000,17621000,0,0,0,-17621000,0,0,0,0,-400000,6870000,6470000,0,6470000,0.1,0.1,64059000,68786000,8796000,35111000,286360000,5966000,0,0,327437000,92515000,1451197000,0,1451197000,0,0,80461000,1951610000,0,0,6941000,0,0,0,0,0,6941000,1243300000,0,0,0,30138000.0,1280379000,1000000,0,-187416000,0,823348000,0,34655000,-355999.99999999,671231000,1951610000,1624173000,1273438000,6470000,8796000,9914000,0,0,-1667000,8247000,0,0,2149000.0,25662000,-41894000,0,-41894000,0,0,0,-5583000,0,-5583000,0,-288172000.0,-335649000,732000,0,732000,0,294762000,-14618000,-6579000.0,274297000,0,-35690000,-41894000,0,0,295454000,-692000,26417000,-16232000,0.0,15056875,671231000,671231000,0.0113,0.0305,0.0114,0.0117,0.0368,0.0368,1.0,0.4912,0.3276,0.0,0.1203,-0.3018,2.9075,0.3439,1.8522,0.637,0.7817,0.384,0.2561,0.0,-0.2359,9.7582,9.7582,1219281440,2141110440,59.1654,1.8164,1.8164,5.9283,-10.4691,0.0,103.897,3.1898,3.1898,10.4104,-18.3843,0.0,0.1852,0.1852,0.2929,0.5795,0.0,7.7669,9.0,0.2347,2.1743,0.1597,0.3664,0.3303,0.7073,0.1265,0.5071,0.0,0.0032,1.0,0.0,0.2583,-0.6659,-0.003,-0.0093,-0.0039,2.8272,0.631,1.8108,0.1146,0.0,0.1021,0.0856,0.0,0.0746,0.0,47.1743,2.28,0.0,209000.00000001,1208189000,64376000,0.228,18.94,0.03113547835596,1,FY2007.FQ1
2007-08-08,2007-06,56550000,18569000,37981000,8968000,159000,0,9123000,18250000,19731000,3668000,-15437000,-11769000,-7962000,0,0,0,0,-459000,9154000,8695000,0,8695000,0.13,0.13,64439000,69249000,9123000,45790000,90331000,8321000,0,0,144442000,91303000,1677026000,0,1677026000,0,0,71168000,1983939000,0,0,25363000,0,0,0,0,0,25363000,1245320000,0,0,0,44693000.0,1315376000,1000000,0,-193471000,0,824088000,0,37297000,-351000.0,668563000,1983939000,1839497000,1290013000,8695000,9123000,-2355000,0,0,7303000,4948000,0,0,3477000.0,26243000,41393000,0,41393000,0,0,0,-208299000,0,-208299000,0,296926000.0,130020000,-732000,0,-732000,0,-135160000,-14750000,5058000.0,-145584000,0,10679000,41393000,0,0,693000,-135853000,28854000,67636000,0.0,20058750,668563000,668563000,0.0133,0.0391,0.0134,0.0137,0.0363,0.0363,0.6716,0.5102,0.3489,0.0,0.1537,1.196,2.9674,0.3369,1.8626,0.6277,0.8166,0.4166,0.2849,0.0,0.9767,9.6544,9.6544,1069827000,2179026000,40.8159,1.6001,1.6001,5.0064,-71.7715,0.0,83.134,3.2592,3.2592,10.1971,-146.1844,0.0,0.1652,-0.2173,0.2061,0.3272,0.0,1.812,1.1666,0.2367,9.7741,0.268,0.3423,0.3482,0.2358,1.7504,2.9938,0.0,0.0071,1.0,0.0,0.2866,-0.5974,-0.001,-0.0027,-0.0015,2.8691,0.6263,1.8108,0.0955,0.0,0.1023,0.0969,0.0,0.0,0.1124,5.6949,1.7538,0.0,461999.99999999,1199530000,64838000,0.228,16.5,0.03113547835596,2,FY2007.FQ2
2007-11-07,2007-09,63826000,21004000,42822000,9326000,184000,0,10598000,20108000,22714000,3101000,-16079000,-12978000,-9736000,0,0,0,0,-756000,12094000,11338000,1510000,9828000,0.15,0.15,64901000,70567000,10598000,41830000,49200000,9447000,0,0,100477000,89876000,1757327000,0,1757327000,0,0,71895000,2019575000,0,0,33951000,0,0,0,0,0,33951000,1272520000,0,0,0,48843000.0,1355314000,1000000,0,-198493000,0,825130000,0,36971000,-346999.99999998,664261000,2019575000,1919098000,1321363000,11338000,10598000,-2724000,0,0,5278000,2554000,0,0,2457000.0,26947000,-334000,0,-334000,0,0,0,-15929000,0,-15929000,0,885000.0,-15378000,0,0,0,0,101625000,-14850000,-102304000.0,-15529000,0,-3960000,-334000,0,0,3955000,97670000,33312000,26613000,0.0,23220625,664261000,664261000,0.0166,0.0498,0.0169,0.0173,0.0391,0.0391,0.6709,0.5219,0.3558,0.0,0.1776,0.4169,3.0403,0.3289,1.9156,0.63,0.9044,0.472,0.3218,0.0,0.3771,9.4131,9.4131,1004951610,2186441610,30.2313,1.5128,1.5128,4.4402,25.9349,0.0,65.7734,3.2915,3.2915,9.6605,56.4257,0.0,0.2468,-0.1634,0.2921,0.3743,0.0,1.6324,0.875,0.2364,-0.7242,0.2824,0.2103,-0.0325,0.102,0.9935,1.9841,0.0,0.0071,1.0,0.0,0.3145,-0.5451,0.0027,0.0073,0.0027,2.8691,0.6263,1.8108,0.1079,0.0,0.0974,0.0997,0.0,0.0,0.2353,2.9594,1.52,0.0,461000.00000001,1230690000,65299000,0.228,15.39,0.03113547835596,3,FY2007.FQ3
2008-02-29,2007-12,64714000,20338000,44376000,9188000,172000,0,11284000,20644000,23732000,2200000,-16103000,-13903000,-9829000,0,0,0,0,-612000,10203000,9591000,0,9591000,0.14,0.14,65371000,72906000,11284000,17377000,0,7386000,0,71009000,95772000,1958303000,0,0,0,0,0,0,2054075000,0,0,31346000,0,0,0,0,18055000,49401000,1319771000,0,0,0,0.0,1369172000,1000000,0,-205348000,-1415000,826026000,0,64982000,-341999.99999987,684903000,2054075000,1958303000,1319771000,9591000,11284000,1070000,0,0,-3168000,-2098000,0,0,3703000.0,22480000,-236000,0,-236000,0,0,0,-34813000,0,-34813000,0,2477000.0,-32572000,0,0,0,0,13368000,-16446000,-11283000.0,-14361000,0,-24453000,-236000,0,0,6657000,6711000,35016000,22244000,0.0,22201875,684903000,684903000,0.0177,0.0535,0.0178,0.0181,0.042,0.042,0.6857,0.541,0.3667,0.0,0.1482,0.3437,2.999,0.3334,1.9269,0.6425,0.8876,0.4802,0.3255,0.0,0.3051,9.3943,9.3943,940053360,2242447360,26.0445,1.3725,1.3725,3.9354,9.376,0.0,62.1279,3.2741,3.2741,9.3878,22.366,0.0,0.2403,-0.1494,0.312,0.3875,0.0,0.4232,0.2727,0.0656,-0.7545,-1.0,0.2301,0.0091,0.3903,0.9957,1.5664,0.0964,0.0074,1.0,0.0,0.3252,-0.415,0.0069,0.0175,0.0069,2.9374,0.6288,1.8574,0.1017,0.0,0.0857,0.076,0.0,0.0092,0.3417,1.9386,1.7857,0.0,485000.0,1302394000,65784000,0.25,14.29,0.03113547835596,4,FY2007.FQ4
2008-05-07,2008-03,65707000,21803000,43904000,10179000,164000,0,11581000,21924000,21980000,1638000,-17383000,-15745000,-6235000,0,0,0,0,885000,6042000,6927000,1256000,5671000,0.09,0.09,66165000,71699000,11581000,21010000,0,9529000,0,0,30539000,94711000,1853158000,0,1853158000,0,0,70876000,2049284000,0,0,34787000,0,0,0,0,0,34787000,1320992000,0,0,0,17969000.0,1373748000,1000000,0,-215252000,0,827474000,0,62650000,-336000.00000001,675536000,2049284000,2018745000,1338961000,6042000,11581000,-2143000,0,0,3390000,1247000,0,800000,4529000.0,24199000,-347000,0,-347000,0,0,0,-23681000,21812000,-1869000,0,236000.0,-1980000,0,0,0,0,87000,-16604000,-2069000.0,-18586000,0,3633000,-347000,0,0,1182000,-1095000,33561000,23852000,0.0,19090625,675536000,675536000,0.0178,0.0537,0.0177,0.0178,0.0438,0.0438,0.6681,0.5107,0.3345,0.0,0.1054,0.363,3.0335,0.3296,1.9554,0.6446,0.9164,0.468,0.3065,0.0,0.3326,9.4218,9.4218,1075615030,2375597030,29.4277,1.5922,1.5922,4.2887,7.664,0.0,64.994,3.5166,3.5166,9.4721,16.9268,0.0,0.2218,-0.1835,0.2704,0.2473,0.0,0.0706,-0.1,0.0423,-0.4016,0.2769,0.05,0.0064,-0.057,0.9917,2.4694,0.0,0.0099,1.0,0.0,0.3277,-0.0571,0.0101,0.0261,0.0101,2.9374,0.6288,1.8574,0.0449,0.0,0.0366,0.0718,0.0,0.0092,0.0,0.8778,2.7777,0.0,652999.99999999,1299982000,66437000,0.25,16.19,0.03113547835596,1,FY2008.FQ1
2008-08-08,2008-06,67336000,22233000,45103000,10183000,1428000,0,11697000,23308000,21795000,2082000,-17021000,-14939000,1373000,8229000,113000,8342000,0,-1845000,0,6497000,0,6497000,0.09,0.09,73901000,79573000,11697000,185837000,0,9238000,0,72929000,268004000,1981273000,0,0,0,0,0,0,2249277000,0,0,33609000,0,0,0,0,19087000,52696000,1300671000,0,0,0,0.0,1353367000,1000000,0,-226835000,0,1061484000,0,60442000,-180999.99999993,895910000,2249277000,1981273000,1300671000,8342000,11697000,291000,0,0,-268000,23000,0,1180000,4678000.0,25920000,-538000,0,-538000,0,0,0,-47510000,340000,-47170000,0,-2939000.0,-50647000,0,0,0,0,-20210000,-20484000,230248000.0,189554000,0,164827000,-538000,0,0,2202000,-22412000,33492000,25382000,0.0,13770000,895910000,895910000,0.0159,0.0437,0.0159,0.0167,0.0428,0.0428,0.6698,0.4973,0.3236,0.1222,0.0964,0.3769,2.5106,0.3983,1.4517,0.5782,0.8462,0.4208,0.2738,0.1034,0.3189,11.2589,11.2589,1258521600,2373355600,36.6349,1.4047,1.4047,4.8111,12.8301,152.9373,69.0872,2.6491,2.6491,9.073,24.1954,288.4136,0.1907,0.1875,0.1607,0.1046,0.0,-0.2527,-0.3076,0.149,3.0584,-1.0,0.1337,0.34,-0.0123,-1.0129,-0.6247,0.0,0.2332,0.8428,0.0,0.3277,0.0209,0.0123,0.0348,0.0124,2.9374,0.6288,1.8574,0.0413,0.0,0.047,0.0566,0.1165,0.0092,-0.0149,5.0858,2.7777,0.0,15498000.0,1114834000,81935000,0.25,15.36,0.03113547835596,2,FY2008.FQ2
2008-11-05,2008-09,69848000,22793000,47055000,10316000,39000,0,12355000,22710000,24345000,2493000,-16963000,-14470000,2015000,11890000,-3000,11887000,0,-1971000,0,9916000,0,9916000,0.13,0.13,82185000,87711000,12355000,112076000,0,11591000,0,75418000,199085000,2044601000,0,0,0,0,0,0,2243686000,0,0,36484000,0,0,0,0,18857000,55341000,1299678000,0,0,0,0.0,1355019000,1000000,0,-235092000,0,1063411000,0,59524000,-176000.00000004,888667000,2243686000,2044601000,1299678000,11887000,12355000,-2623000,0,0,-163000,-2786000,0,820000,3631000.0,25907000,-483000,0,-483000,0,0,0,-77109000,764000,-76345000,0,-1113000.0,-77941000,0,0,0,0,-651000,-20584000,-492000.0,-21727000,0,-73761000,-483000,0,0,679000,-1330000,36700000,25424000,0.0002,15541875,888667000,888667000,0.0146,0.0369,0.0146,0.0156,0.0418,0.0418,0.6736,0.5254,0.3485,0.1702,0.1419,0.3639,2.5247,0.396,1.4625,0.5792,0.7963,0.4184,0.2775,0.1355,0.2898,10.1317,10.1317,1265218560,2452820560,38.4202,1.4237,1.4237,4.7279,13.0566,62.8867,74.4836,2.7601,2.7601,9.1658,25.3123,121.9156,0.0943,0.0988,0.1017,0.0718,0.0,-0.1254,-0.1333,0.2429,1.6793,-1.0,0.1109,0.3378,-0.0385,-0.4461,-0.0446,0.0,0.0053,0.6797,0.0,0.3311,0.3533,0.0139,0.038,0.014,2.9374,0.6288,1.8574,0.044,0.2923,0.0462,0.0582,0.0,0.0092,0.0559,3.5974,1.923,1.3139,436000.0,1187602000,82371000,0.25,15.36,0.03113547835596,3,FY2008.FQ3
2009-02-27,2008-12,70360000,22759000,47601000,9530000,96000,0,13933000,23559000,24042000,2036000,-17304000,-15268000,1701000,10475000,-329000,10146000,0,-2045000,6932000,15033000,0,15033000,0.18,0.18,85638000,90390000,13933000,63972000,0,11335000,0,81254000,156561000,2134447000,0,0,0,0,0,0,2291008000,0,0,35128000,0,0,0,0,22267000,57395000,1286820000,0,0,0,0.0,1344215000,1000000,0,-253052000,0,1130964000,0,68023000,-141999.99999994,946793000,2291008000,2134447000,1286820000,17078000,13933000,-1501000,0,0,-4670000,-6171000,0,700000,-3175000.0,22365000,-974000,0,-974000,0,0,0,-95125000,2151000,-92974000,0,35000.000000011,-93913000,0,0,0,0,3773000,-21448000,41119000.0,23444000,0,-48104000,-974000,0,0,38239000,-34466000,37975000,21391000,0.0314,19353125,946793000,946793000,0.0169,0.0418,0.0168,0.0175,0.0416,0.0416,0.6765,0.5397,0.3416,0.1488,0.2136,0.304,2.4197,0.4132,1.3591,0.5616,0.7784,0.4201,0.2659,0.1158,0.2366,10.4745,10.4745,885352800,2108200800,23.0722,0.9351,0.9351,3.24,9.2177,28.9387,54.9396,2.2266,2.2266,7.7152,21.9492,68.9089,0.0872,0.0726,0.0845,0.013,0.0,0.5674,0.2857,0.2398,2.6814,0.0,0.1153,0.3823,-0.0051,-3.1271,-0.0383,0.0,0.0415,0.6751,0.0,0.3381,0.3533,0.0153,0.0404,0.0152,2.7161,0.6034,1.6573,0.0378,0.1161,0.0448,0.0668,0.0,0.0092,0.0052,2.7277,1.3888,1.9868,3419000.0,1222848000,85790000,0.25,10.32,0.03113547835596,4,FY2008.FQ4
2009-05-11,2009-03,69247000,24128000,45119000,10591000,82000,0,12523000,23196000,21923000,1745000,-16636000,-14891000,22483000,29515000,-648000,28867000,0,-3143000,1895000,27619000,0,27619000,0.32,0.32,85940000,91222000,12523000,54478000,0,5035000,0,75873000,135386000,2168350000,0,0,0,0,0,0,2303736000,0,0,33343000,0,0,0,0,22297000,55640000,1295059000,0,0,0,0.0,1350699000,1000000,0,-238880000,-1045000,1131150000,0,60951000,-139000.00000012,953037000,2303736000,2168350000,1295059000,30762000,12523000,-3675000,0,0,-2672000,-6347000,0,900000,-19220000.0,18618000,-207000,0,-207000,0,0,0,-37247000,0,-37247000,0,3811000.0,-33643000,0,0,0,0,29809000,-21526000,-2752000.0,5531000,0,-9494000,-207000,0,0,150586000,-120777000,34446000,18411000,0.0219,14012500,953037000,953037000,0.0257,0.0621,0.0256,0.0262,0.0411,0.0411,0.6515,0.4974,0.3165,0.4262,0.3988,0.2658,2.4172,0.4136,1.3588,0.5621,0.7591,0.3776,0.2403,0.3235,0.2018,10.4474,10.4474,475970330,1716551330,8.0584,0.4994,0.4994,1.7196,5.253,7.9184,29.062,1.8011,1.8011,6.2016,18.9448,28.5573,0.0538,0.0276,0.0263,-0.0025,0.0,2.9871,2.5555,0.2722,1.5929,-1.0,0.1241,0.4107,-0.2306,0.4034,-0.2281,0.0,0.0069,0.6726,0.0,0.3381,0.3533,0.0162,0.0427,0.0163,2.7161,0.6034,1.6573,0.0306,0.1486,0.0327,0.0333,0.0,0.0092,-0.0268,2.4332,0.7812,0.5419,593000.0,1240581000,86383000,0.25,5.51,0.03113547835596,1,FY2009.FQ1
2009-08-07,2009-06,69065000,23038000,46027000,12012000,18801000,0,12840000,43653000,2374000,1533000,-16379000,-14846000,5093000,-7379000,-943000,-8322000,0,-860000,1641000,-7541000,0,-7541000,-0.09,-0.09,86398000,91608000,12840000,131551000,0,5666000,0,83413000,220630000,2161814000,0,0,0,0,0,0,2382444000,0,0,34462000,0,0,0,0,26823000,61285000,1375185000,0,0,0,0.0,1436470000,1000000,0,-254500000,189000,1132073000,0,67348000,-135999.99999997,945974000,2382444000,2161814000,1375185000,-6681000,12840000,-631000,0,0,5378000,4747000,0,1260000,18348000.0,30514000,-264000,0,-264000,0,4652000,4652000,-31202000,0,-31202000,0,-6050000.0,-32864000,0,0,0,0,80860000,0,-1437000.0,79423000,0,77073000,-264000,0,0,126960000,-46100000,15214000,30250000,0.0,2930000,945974000,945974000,0.0192,0.0474,0.0191,0.0199,0.0318,0.0318,0.6664,0.2202,0.0343,-0.1068,-0.1091,0.4379,2.5185,0.397,1.4537,0.5772,0.7539,0.166,0.0259,-0.0805,0.3302,10.3263,10.3263,721715550,1965349550,16.0285,0.7629,0.7629,2.5912,7.5591,16.2179,43.6482,2.0775,2.0775,7.0564,20.5847,44.1641,0.0256,0.0204,-0.5457,-0.891,-1.8967,-2.1606,-2.0,0.1512,-0.2921,0.0,0.0592,0.0558,0.1772,0.5092,0.1917,-1.0,0.0005,0.6712,0.0,0.3381,0.3634,0.0167,0.0455,0.0169,2.7161,0.6034,1.6573,0.0284,0.0,0.0361,0.0337,0.0,0.0,0.0655,3.6,0.0,0.0,50000.0,1243634000,86433000,0.0,8.35,0.03113547835596,2,FY2009.FQ2
2009-11-05,2009-09,71113000,24286000,46827000,9791000,22000,0,13797000,23610000,23217000,1458000,-18127000,-16669000,0,6548000,-726000,5822000,0,-1607000,1752000,5967000,0,5967000,0.07,0.07,86438000,91549000,13797000,100992000,0,3377000,0,89808000,194177000,2174973000,0,0,0,0,0,0,2369150000,0,0,40636000,0,0,0,0,25219000,65855000,1354560000,0,0,0,0.0,1420415000,1000000,0,-248533000,-1584000,1132865000,0,65123000,-136000.00000008,948735000,2369150000,2174973000,1354560000,7574000,13797000,-6304000,0,0,-1977000,-8281000,0,790000,3080000.0,16960000,-328000,0,-328000,0,0,0,-19369000,0,-19369000,0,-1156000.0,-20853000,0,0,0,0,-23321000,0,-3345000.0,-26666000,0,-30559000,-328000,0,0,105333000,-128654000,37014000,16632000,0.1108,15512500,948735000,948735000,0.0172,0.0433,0.0172,0.0181,0.0309,0.0309,0.6584,0.5204,0.3264,0.092,0.0839,0.2338,2.4971,0.4004,1.4277,0.5717,0.7767,0.4043,0.2536,0.0715,0.1816,10.3631,10.3631,911899800,2165467800,22.1992,0.9611,0.9611,3.2592,10.5198,23.2871,52.7159,2.2824,2.2824,7.7397,24.9811,55.2993,0.0181,-0.0048,0.0085,-0.0463,-0.4492,-0.3982,-0.4615,0.0437,-0.0988,0.0,0.0559,0.0675,-0.3453,0.3209,-0.3458,0.0,0.0,0.6703,0.046,0.3381,0.3634,0.0171,0.0455,0.0171,2.5216,0.5787,1.4581,0.0283,-0.035,0.0195,0.0352,0.0,0.0,-0.0405,2.9485,0.0,-6.3355,3000.0,1253568000,86436000,0.0,10.55,0.03113547835596,3,FY2009.FQ3
2010-02-26,2009-12,70721000,22944000,47777000,7830000,106000,0,13243000,21179000,26598000,1696000,-18676000,-16980000,-1873000,7745000,-1983000,5762000,0,-1506000,1676000,5932000,0,5932000,0.07,0.07,86591000,90367000,13243000,131950000,0,5114000,0,39208000,176272000,2180308000,0,0,0,0,0,50976000,2407556000,0,0,33386000,0,0,0,0,0,33386000,1402977000,0,0,0,24974000.0,1461337000,1000000,0,-253875000,-1056000,1138243000,0,62040000,-132999.99999981,946219000,2407556000,2231284000,1427951000,7438000,13243000,-1737000,0,0,-5689000,-7426000,0,860000,958000.0,15073000,-38534000,0,-38534000,0,0,0,84572000,0,84572000,0,-63088000.0,-17050000,0,0,0,0,54963000,0,-22028000.0,32935000,0,30958000,-38534000,0,0,59681000,-4718000,39841000,-23461000,0.256,17790000,946219000,946219000,0.0133,0.0337,0.0133,0.014,0.0316,0.0316,0.6755,0.5633,0.376,0.1095,0.0838,-0.3317,2.5443,0.393,1.4827,0.5827,0.7825,0.4408,0.2943,0.0857,-0.2596,10.4708,10.4708,1001639100,2272666100,31.3237,1.0585,1.0585,3.5754,23.9443,27.4956,71.0718,2.4018,2.4018,8.1124,54.3284,62.3861,0.0051,0.0036,0.0491,0.1063,-0.2606,-0.6054,-0.6111,-0.0002,1.0626,0.0,0.0508,-0.0006,-0.326,-38.5626,-2.0967,0.0,0.0033,0.6703,0.1007,0.3381,0.3533,0.0171,0.0455,0.0171,2.5216,0.5787,1.4581,0.0226,-0.06,0.0195,0.0353,0.0,-0.0546,-0.0539,5.2798,1.8571,-5.2182,286000.0,1271027000,86722000,0.13,11.55,0.03113547835596,4,FY2009.FQ4
2010-05-07,2010-03,67587000,23179000,44408000,11056000,70000,0,12419000,23545000,20863000,1538000,-17678000,-16140000,0,4723000,-1045000,3678000,0,-1611000,1501000,3568000,0,3568000,0.04,0.04,86873000,91666000,12419000,108740000,0,23004000,0,83357000,215101000,2022361000,0,0,0,0,0,0,2237462000,0,0,33898000,0,0,0,0,23001000,56899000,1240256000,0,0,0,0.0,1297155000,1000000,0,-259014000,-2242000,1138906000,0,61786000,-128999.99999991,940307000,2237462000,2022361000,1240256000,5179000,12419000,352000,0,0,-5859000,-5507000,0,920000,3004000.0,16015000,-9118000,0,-9118000,0,15750000,15750000,-1057000,0,-1057000,0,6246000.0,11821000,0,0,0,0,-40777000,-10607000,338000.0,-51046000,0,-23210000,-9118000,0,0,7442000,-48219000,33282000,6897000,0.2212,13931875,940307000,940307000,0.0034,0.0084,0.0034,0.0035,0.032,0.032,0.657,0.4924,0.3086,0.0698,0.0527,0.102,2.3795,0.4202,1.3189,0.5543,0.7373,0.363,0.2275,0.0515,0.0752,10.2579,10.2579,1104225120,2235741120,139.3168,1.1743,1.1743,3.9651,36.4214,94.8891,282.0768,2.3776,2.3776,8.0281,73.743,192.1234,-0.0239,-0.0157,-0.0337,-0.0483,-0.8399,-0.8708,-0.875,0.0048,0.996,0.0,-0.0287,-0.0133,-0.1398,-43.0483,-0.6253,-0.2307,0.0041,0.6689,0.1007,0.3304,0.3238,0.0171,0.0435,0.017,2.5145,0.5777,1.4527,0.0057,-0.1238,0.0102,0.0353,-0.1263,-0.0791,-0.0507,3.7804,2.5,-11.2522,362000.0,1131516000,87084000,0.1,12.68,0.03113547835596,1,FY2010.FQ1
2010-08-06,2010-06,68777000,22398000,46379000,11229000,142000,0,12202000,23573000,22806000,1423000,-16649000,-15226000,0,7580000,-1214000,6366000,0,-1745000,1559000,6180000,0,6180000,0.07,0.07,87368000,92305000,12202000,28354000,0,20589000,0,80872000,129815000,2049300000,0,0,0,0,0,0,2179115000,0,0,32193000,0,0,0,0,24783000,56976000,1181370000,0,0,0,0.0,1238346000,1000000,0,-261582000,-4689000,1144433000,0,61732000,-125000.0,940769000,2179115000,2049300000,1181370000,7925000,12202000,2415000,0,0,2774000,5189000,0,1480000,3260000.0,30056000,-14476000,0,-14476000,0,0,0,-8002000,0,-8002000,0,-13024000.0,-35502000,0,0,0,0,-65777000,-10646000,1483000.0,-74940000,0,-80386000,-14476000,0,0,96651000,-162428000,35008000,15580000,0.1601,15026875,940769000,940769000,0.0098,0.023,0.0097,0.01,0.0434,0.0434,0.6743,0.509,0.3315,0.1102,0.0898,0.2265,2.3163,0.4317,1.2557,0.5421,0.7451,0.3792,0.247,0.0821,0.1687,10.1919,10.1919,1215999800,2369015800,56.174,1.2925,1.2925,4.3709,77.7095,45.7211,109.4385,2.5181,2.5181,8.5155,151.3941,89.0741,-0.0041,0.0076,1.301,8.6065,2.0272,1.8195,1.7777,0.0076,-0.7844,0.0,-0.0853,-0.0055,-0.015,-53.8333,-0.4849,0.0,0.0045,0.6689,0.1098,0.329,0.2849,0.0164,0.0425,0.0163,2.5038,0.5744,1.4397,0.0061,-0.0669,0.0059,0.0322,-0.0349,-0.0875,0.0294,2.2784,1.4285,-8.3883,398000.0,1153016000,87482000,0.1,13.9,0.03113547835596,2,FY2010.FQ2
2010-11-05,2010-09,71979000,23070000,48909000,10618000,211000,0,14519000,25348000,23561000,1391000,-16118000,-14727000,0,8834000,-1088000,7746000,0,-1815000,1736000,7667000,0,7667000,0.09,0.09,87485000,92190000,12519000,21798000,0,24593000,0,81940000,128331000,2046819000,0,0,0,0,0,0,2175150000,0,0,37445000,0,0,0,0,32241000,69686000,1171432000,0,0,0,0.0,1241118000,1000000,0,-262666000,-8530000,1146903000,0,57450000,-125000.00000011,934032000,2175150000,2046819000,1171432000,9482000,12519000,-4004000,0,0,4480000,476000,0,1060000,5122000.0,28659000,-18740000,0,-18740000,0,0,0,-312000,0,-312000,0,8238000.0,-10814000,0,0,0,0,-10354000,-10624000,-3423000.0,-24401000,0,-6556000,-18740000,0,0,27031000,-37385000,36080000,9919000,0.1231,15545625,934032000,934032000,0.0107,0.0249,0.0107,0.0108,0.0443,0.0443,0.6794,0.5012,0.3273,0.1227,0.1065,0.1378,2.3287,0.4294,1.2541,0.5385,0.7807,0.3913,0.2555,0.0958,0.1075,10.1315,10.1315,1404221800,2553855800,60.1457,1.5033,1.5033,5.0318,157.1596,48.6192,109.3868,2.7342,2.7342,9.1515,285.826,88.4237,0.0121,0.0444,-0.0252,0.0148,0.3491,0.2849,0.2857,0.007,-0.7841,0.0,-0.0818,-0.0154,0.6897,-56.1341,-0.4036,0.0,0.0007,0.6717,0.1162,0.3269,0.2498,0.0153,0.0393,0.0152,2.4584,0.5669,1.3934,0.0091,0.0,0.0059,0.0329,-0.084,-0.0875,0.017,1.8415,1.1111,0.0,63000.0,1149634000,87545000,0.1,16.04,0.03113547835596,3,FY2010.FQ3
2011-02-25,2010-12,73154000,24023000,49131000,11525000,812000,0,9974000,22311000,26820000,1396000,-15335000,-13939000,3518000,16399000,-815000,15584000,0,-1872000,-4796000,8916000,0,8916000,0.1,0.1,87564000,92292000,13209000,46750000,0,10061000,0,30498000,87309000,140560000,2235444000,-263042000,1972402000,0,0,49549000,2249820000,0,0,35242000,170467000,0,0,0,0,205709000,1078656000,0,0,0,26384000.0,1310749000,1000000,0,-262508000,-5787000,1148820000,0,57670000,-123999.99999991,939071000,2249820000,2162511000,1105040000,10788000,13209000,4248000,0,0,-2634000,1614000,0,1120000,3354000.0,30085000,24153000,0,24153000,0,0,0,-328000,0,-328000,0,-73036000.0,-49211000,0,0,0,0,55570000,-3087000,-8405000.0,44078000,0,24952000,24153000,0,0,59938000,-4368000,40029000,54238000,0.0496,13467500,939071000,939071000,0.0119,0.0281,0.0119,0.0121,0.0435,0.0435,0.6716,0.5471,0.3666,0.2241,0.1218,0.7414,2.3957,0.4173,1.3301,0.5552,0.7926,0.4337,0.2905,0.1776,0.5876,10.1749,10.1749,1524013800,2555919800,57.879,1.6228,1.6228,5.4139,17.5914,40.6013,97.0688,2.7217,2.7217,9.0797,29.5025,68.0924,0.0344,0.0283,0.0047,0.0083,1.1173,0.503,0.4285,0.0213,-0.6456,0.0,-0.0655,-0.0075,0.9959,1.6267,3.3118,0.0,0.0004,0.6726,0.1164,0.3294,0.2498,0.014,0.0353,0.014,2.4185,0.5619,1.359,0.0083,0.0105,0.0,0.0047,0.0788,-0.0875,0.015,0.4244,1.0,54.6454,42000.0,1202373000,87587000,0.1,17.4,0.03113547835596,4,FY2010.FQ4
2011-05-06,2011-03,74481000,24959000,49522000,11658000,249000,0,13585000,25492000,24030000,1395000,-16842000,-15447000,0,8583000,-254000,8329000,0,-1839000,1811000,8301000,0,8301000,0.09,0.09,88046000,92812000,13585000,42555000,0,9334000,0,40527000,92416000,141525000,1971413000,0,1971413000,0,0,47763000,2253117000,0,0,34333000,125000000,0,0,0,0,159333000,1121009000,0,0,0,25632000.0,1305974000,1000000,0,-266588000,-4678000,1161184000,0,56340000,-114999.9999999,947143000,2253117000,2160701000,1146641000,10140000,13585000,549000,0,0,1759000,2308000,0,1130000,2839000.0,30002000,-4120000,0,-4120000,0,0,0,-3077000,0,-3077000,0,-13460000.0,-20657000,0,0,0,0,-6137000,-14406000,7003000.0,-13540000,0,-4195000,-4120000,0,0,108858000,-114995000,37615000,25882000,0.0295,15873125,947143000,947143000,0.0137,0.0329,0.0138,0.0141,0.0438,0.0438,0.6648,0.505,0.3226,0.1152,0.1114,0.3474,2.3788,0.4203,1.3155,0.553,0.8024,0.4052,0.2589,0.0924,0.2788,10.2049,10.2049,1833808370,2912262370,59.0332,1.9361,1.9361,6.3587,17.3624,44.2991,93.7503,3.0747,3.0747,10.0983,27.5732,70.3512,0.102,0.1151,0.1301,0.1517,0.8172,1.3265,1.25,0.0125,-0.6086,0.0,0.0069,0.0072,0.8733,0.5481,2.7526,0.4,0.0109,0.669,0.1127,0.3269,0.2498,0.0135,0.0333,0.0136,2.4065,0.5584,1.3445,0.0064,-0.0361,0.0004,0.0063,0.0017,-0.0563,0.0147,0.58,1.5555,-16.3506,960000.0,1203454000,88547000,0.14,20.71,0.03113547835596,1,FY2011.FQ1
2011-08-08,2011-06,78040000,24094000,53946000,12432000,1570000,0,14092000,28094000,25852000,1401000,-16701000,-15300000,0,10552000,-411000,10141000,0,-1908000,2376000,10609000,0,10609000,0.12,0.12,91439000,96011000,14092000,35187000,0,8490000,0,32700000,76377000,137997000,2045627000,0,2045627000,0,0,50856000,2310857000,0,0,32712000,129000000,0,0,0,0,161712000,1061239000,0,0,0,28962000.0,1251913000,1000000,0,-269173000,-6436000,1278939000,0,54672000,-58000.0,1058944000,2310857000,2234480000,1090201000,12517000,14092000,844000,0,0,726000,1570000,0,1590000,5422000.0,35191000,-81414000,0,-81414000,0,0,0,-328000,0,-328000,0,6764000.0,-74978000,0,0,0,0,-64870000,-15274000,112563000.0,32419000,0,-7368000,-81414000,0,0,155828000,-220698000,39944000,-46223000,0.0389,17325625,1058944000,1058944000,0.0155,0.0353,0.0155,0.0158,0.0445,0.0445,0.6912,0.5118,0.3312,0.1352,0.1359,-0.5922,2.1822,0.4582,1.1239,0.515,0.8128,0.416,0.2692,0.1099,-0.4814,11.0294,11.0294,2010203190,3036255190,56.6366,1.8983,1.8983,6.7534,45.8782,45.3075,85.5451,2.8672,2.8672,10.2006,69.2955,68.4334,0.1346,0.1631,0.1409,0.1335,0.392,0.7166,0.7142,0.0401,0.2409,0.0,0.0604,0.1256,0.1708,-4.624,-3.9668,0.0,0.0643,0.669,0.1127,0.3269,0.2302,0.0135,0.0333,0.0136,2.3876,0.5547,1.3245,0.0104,-0.0397,0.0008,0.0112,0.0,-0.0563,0.0463,0.4723,1.1666,-14.2534,5696000.0,1155052000,94243000,0.14,21.33,0.03113547835596,2,FY2011.FQ2
2011-11-07,2011-09,84097000,25866000,58231000,12306000,346000,0,14364000,27016000,31215000,1398000,-17196000,-15798000,0,15417000,62000,15479000,0,-2091000,1873000,15261000,0,15261000,0.16,0.16,94314000,98868000,14364000,33895000,0,61184000,0,30352000,125431000,134219000,2060188000,0,2060188000,0,0,54390000,2374228000,0,0,39891000,166000000,0,0,0,0,205891000,1076222000,0,0,0,30046000.0,1312159000,1000000,0,-267122000,-7819000,1281378000,0,54689000,-57000.000000016,1062069000,2374228000,2248797000,1106268000,17352000,14364000,-1694000,0,0,2835000,1141000,0,1180000,1427000.0,35464000,-27362000,0,-27362000,0,0,0,-332000,0,-332000,0,-45859000.0,-73553000,0,0,0,0,51543000,-15226000,480000.0,36797000,0,-1292000,-27362000,0,0,105556000,-54013000,45579000,8102000,0.0,20246875,1062069000,1062069000,0.0183,0.0406,0.0184,0.0187,0.0467,0.0467,0.6924,0.5419,0.3711,0.1833,0.1814,0.0963,2.2354,0.4473,1.1696,0.5232,0.8505,0.461,0.3157,0.1559,0.0819,10.7422,10.7422,1757889540,2800216540,40.7986,1.6551,1.6551,5.6747,41.8555,34.5015,64.9898,2.6365,2.6365,9.0396,66.6734,54.959,0.1683,0.1905,0.2632,0.3248,0.7451,0.9904,0.7777,0.0724,0.5549,0.0,0.0915,0.137,0.2374,-0.46,-0.1831,0.0,0.0012,0.6729,0.1127,0.3292,0.1821,0.0135,0.0333,0.0136,2.3791,0.5536,1.3172,0.0196,-0.0669,0.003,0.0108,-0.0788,-0.0563,0.0665,0.6092,0.875,-6.0923,115000.0,1208327000,94358000,0.14,18.63,0.03113547835596,3,FY2011.FQ3
2012-02-29,2011-12,93212000,26705000,66507000,13287000,731000,0,13077000,27095000,39412000,1683000,-18323000,-16640000,2254000,25026000,-552000,24474000,0,-2136000,-6060000,16278000,0,16278000,0.18,0.17,91373000,91373000,15973000,26484000,0,36500000,0,31033000,94017000,134000000,12146000,-8847000,3299000,46867000,0,2239341000,2517524000,46353000,0,0,215000000,0,0,0,0,261353000,1148656000,5828000,0,14907000,13019000.0,1443763000,1000000,0,-264086000,-7936000,1290021000,0,54814000,-52000.0,1073761000,2517524000,2423507000,1182410000,18414000,15973000,-8333000,0,0,10932000,2599000,0,1860000,4661000.0,43507000,107880000,0,107880000,0,0,0,-351000,0,-351000,0,-190260000.0,-82731000,0,0,0,0,42604000,-7121000,-3670000.0,31813000,0,-7411000,107880000,0,0,105245000,-62641000,55385000,151387000,0.022,20561875,1073761000,1026894000,0.0206,0.0472,0.0207,0.021,0.0501,0.0506,0.7135,0.5941,0.4228,0.2684,0.1746,1.6241,2.3445,0.4265,1.2754,0.5439,1.0201,0.6061,0.4313,0.2738,1.6568,11.7514,11.2384,2296616320,3418788320,45.5235,2.1388,2.2364,6.963,16.5048,38.548,67.7672,3.1839,3.3292,10.3653,24.5694,57.3834,0.2741,0.3536,0.3836,0.4695,0.526,0.8257,0.7,-0.0099,-0.4334,-0.9983,0.1189,0.1434,0.4461,3.4665,1.7911,0.0,0.0045,0.6749,0.1189,0.3314,0.1821,0.0135,0.0333,0.0136,2.3617,0.5484,1.2954,0.0304,0.0,0.0055,0.0127,0.1747,0.0,0.0361,0.3597,0.8235,0.0,426000.0,1337172000,94784000,0.14,24.23,0.03113547835596,4,FY2011.FQ4
2012-05-08,2012-03,90987000,28444000,62543000,12640000,0,0,16524000,29164000,33379000,1488000,-18515000,-17027000,7116000,23468000,-950000,22518000,0,-2304000,0,20214000,0,20214000,0.21,0.21,94888000,99927000,16524000,37575000,0,15415000,0,24273000,77263000,125336000,2266536000,0,2266536000,0,0,54001000,2523136000,0,0,38029000,139273000,0,0,0,0,177302000,1233176000,0,0,0,32916000.0,1443394000,1000000,0,-262874000,-8142000,1294572000,0,55236000,-49999.999999955,1079742000,2523136000,2445873000,1266092000,22518000,16524000,3102000,0,0,-5274000,-2172000,0,960000,2960000.0,40790000,-531000,0,-531000,-356000,1492000,1136000,0,0,0,0,-17000000.0,-16395000,0,0,0,0,8922000,-19002000,-3224000.0,-13304000,0,11091000,-531000,0,0,206970000,-198048000,49903000,40259000,0.0404,20351875,1079742000,1079742000,0.0247,0.0579,0.0249,0.0252,0.0524,0.0529,0.6873,0.5484,0.3668,0.2579,0.2221,0.4424,2.3367,0.4279,1.271,0.5439,0.9105,0.4993,0.334,0.2348,0.4028,10.8053,10.8053,2736287970,3931888970,43.8774,2.5342,2.5342,7.9006,17.823,36.7469,63.0494,3.6415,3.6415,11.3528,25.6107,52.8032,0.2216,0.2629,0.3266,0.389,1.7342,1.4351,1.3333,0.0766,-0.117,0.1497,0.1198,0.1399,0.3595,0.8711,0.5554,0.4285,0.0027,0.6775,0.1289,0.3491,0.1821,0.0135,0.0333,0.0136,2.3406,0.5439,1.2732,0.0249,0.1161,0.0063,0.013,0.0924,0.0,0.0917,0.4357,0.9523,3.7785,259000.0,1334874000,95043000,0.2,28.79,0.03113547835596,1,FY2012.FQ1
2012-08-08,2012-06,94951000,27436000,67515000,12545000,0,0,16626000,29171000,38344000,1660000,-15854000,-14194000,2229000,26379000,-1634000,24745000,0,-2332000,0,22413000,0,22413000,0.22,0.22,102108000,106654000,16626000,185502000,0,15976000,0,37234000,238712000,125729000,2278331000,0,2278331000,0,0,65571000,2708343000,0,0,47123000,103958000,0,0,0,0,151081000,1208003000,0,0,0,38616000.0,1397700000,1000000,0,-261288000,-11525000,1527332000,0,55083000,40999.0,1310643000,2708343000,2469631000,1246619000,24745000,16626000,-561000,0,0,9251000,8690000,0,1360000,410000.0,51831000,-692000,0,-692000,-346000,356000,10000,0,0,0,0,-48838000.0,-49520000,0,0,0,0,-60173000,-20827000,226616000.0,145616000,0,147927000,-692000,0,0,119511000,-179684000,54970000,51139000,0.0619,23545000,1310643000,1310643000,0.0283,0.062,0.0286,0.0298,0.0553,0.0553,0.711,0.5789,0.4038,0.2778,0.236,0.5385,2.0664,0.4839,1.001,0.4844,0.8902,0.5154,0.3595,0.2473,0.4794,12.2887,12.2887,3186592200,4209093200,42.9656,2.4313,2.4313,8.7725,12.7013,35.2928,56.7523,3.2114,3.2114,11.5874,16.7768,46.6174,0.2166,0.2515,0.3761,0.4832,1.4999,1.1126,0.8333,0.1108,4.2718,0.1137,0.172,0.2376,0.4728,0.9915,2.1063,0.0,0.0956,0.6834,0.1592,0.3491,0.287,0.0146,0.0341,0.0147,2.3327,0.543,1.2634,0.0299,0.1213,0.0118,0.0331,0.0,0.044,0.1314,1.58,0.909,3.5412,9094000.0,1126459000,104137000,0.2,30.6,0.03113547835596,2,FY2012.FQ2
2012-11-05,2012-09,109791000,31494000,78297000,12559000,0,0,19768000,32327000,45970000,1674000,-18423000,-16749000,13988000,43209000,-1656000,41553000,0,-2947000,0,38606000,0,38606000,0.37,0.37,104252000,108755000,19768000,43608000,0,10930000,0,23384000,77922000,121269000,2741945000,0,2741945000,0,0,71786000,3012922000,0,0,49609000,243638000,0,0,0,39396000,332643000,1346489000,0,0,0,3637999.9999999,1682770000,1000000,0,-243546000,-14956000,1531975000,0,55636000,43000.0,1330152000,3012922000,2935000000,1350127000,41553000,19768000,5046000,0,0,3693000,8739000,0,1000000,-10720000.0,60340000,-397000,0,-397000,-351000,0,-351000,0,0,0,0,-308406000.0,-309154000,0,0,0,0,130894000,-20864000,-3110000.0,106920000,0,-141894000,-397000,0,0,314174000,-183280000,65738000,59943000,0.0383,27935625,1330152000,1330152000,0.034,0.0738,0.0344,0.0359,0.0562,0.0562,0.7131,0.5987,0.4187,0.3935,0.3516,0.5459,2.265,0.4414,1.1954,0.5277,1.0095,0.6044,0.4226,0.3973,0.5511,12.2307,12.2307,3468706500,4771587500,35.5724,2.6077,2.6077,8.9183,11.4581,29.3754,48.9338,3.5872,3.5872,12.2681,15.7619,40.4091,0.3055,0.3445,0.4422,0.4726,1.8026,1.5297,1.3125,0.1,0.2865,0.3309,0.269,0.2524,0.7014,0.9854,6.3985,0.0,0.0017,0.6893,0.2037,0.3667,0.3949,0.0169,0.038,0.017,2.3225,0.5403,1.2549,0.0497,0.2491,0.0302,0.0352,0.2413,0.0717,0.1418,0.2342,0.5405,1.4277,185000.0,1546519000,104322000,0.2,33.25,0.03113547835596,3,FY2012.FQ3
2013-02-28,2012-12,113667000,34523000,79144000,12710000,0,0,21535000,34245000,44899000,1844000,-19502000,-17658000,12805000,40046000,-1173000,38873000,0,-2797000,0,36076000,0,36076000,0.33,0.33,105776000,105776000,21535000,30785000,0,34568000,0,24910000,90263000,109903000,15090000,-10223000,4867000,63445000,0,2954999000,3223477000,52299000,1414000,0,85000000,0,0,0,0,138713000,1492599000,3826000,0,20752000,22256000.0,1678146000,1000000,0,-235064000,-14273000,1740037000,0,53524000,106999.99999974,1545331000,3223477000,3133214000,1539433000,38873000,21535000,-148000,0,0,10298000,10150000,0,1040000,-8680000.0,62918000,-1747000,0,-1747000,-370000,573000,203000,0,0,0,0,-230325000.0,-231869000,0,0,0,0,-14874000,-27594000,198596000.0,156128000,0,-12823000,-1747000,0,0,433608000,-448482000,66434000,61171000,0.0292,27466250,1545331000,1481886000,0.0376,0.0815,0.0381,0.0385,0.0533,0.0539,0.6962,0.5844,0.395,0.3523,0.3173,0.5381,2.0859,0.4793,1.0233,0.4905,1.0746,0.628,0.4244,0.3785,0.5783,14.6094,14.0096,4029719430,5491533430,34.3513,2.6076,2.7193,9.843,18.9623,30.2754,46.8125,3.5536,3.7057,13.4137,25.841,41.258,0.2194,0.19,0.1994,0.1392,0.6001,1.2162,0.9411,0.1576,0.1623,0.4752,0.2804,0.4391,0.4461,-1.0161,-0.5959,0.25,0.0614,0.6918,0.241,0.369,0.4903,0.0195,0.0439,0.0196,2.2969,0.5331,1.2248,0.0515,0.1677,0.0399,0.0508,0.1465,0.0959,0.0766,0.6507,0.7575,2.048,6415000.0,1546814000,110737000,0.25,36.39,0.03113547835596,4,FY2012.FQ4
2013-05-08,2013-03,119322000,36347000,82975000,12769000,0,0,23025000,35794000,47181000,1397000,-17366000,-15969000,4727000,35939000,-2008000,33931000,0,-2506000,0,31425000,0,31425000,0.28,0.28,110315000,114967000,23025000,35575000,0,9096000,0,20157000,64828000,102102000,0,0,0,0,0,3062166000,3229096000,45435000,0,0,100000000,0,0,0,0,145435000,1483898000,0,0,0,46611000.0,1675944000,1000000,0,-231369000,-12759000,1742569000,0,53602000,108999.99999992,1553152000,3229096000,3164268000,1530509000,33931000,23025000,-277000,0,0,-6129000,-6406000,0,1020000,-454000.0,51116000,-821000,0,-821000,-589000,0,-589000,0,0,0,0,-21935000.0,-23345000,0,0,0,0,6864000,-27730000,-2115000.0,-22981000,0,4790000,-821000,0,0,81776000,-74912000,70206000,50295000,0.0558,28795000,1553152000,1553152000,0.0398,0.0829,0.0403,0.0407,0.0555,0.056,0.6953,0.5883,0.3954,0.3011,0.2633,0.4215,2.079,0.4809,1.0197,0.4905,1.0378,0.6106,0.4103,0.3126,0.4374,13.5095,13.5095,4356024750,5804347750,33.8937,2.8046,2.8046,9.9513,19.5734,29.9233,45.1629,3.7371,3.7371,13.26,26.0813,39.8724,0.3114,0.3266,0.4068,0.4134,0.5314,0.5546,0.3333,0.1505,-0.0532,-1.0,0.2797,0.4384,0.2531,-0.5461,0.2492,0.0,0.0016,0.6939,0.2632,0.383,0.4903,0.0226,0.0525,0.0228,2.2502,0.5254,1.1825,0.0518,0.1201,0.0403,0.0521,0.1762,0.0959,0.0595,0.4457,0.8928,2.82,188000.0,1548323000,110925000,0.25,39.27,0.03113547835596,1,FY2013.FQ1
2013-08-08,2013-06,126246000,35664000,90582000,13739000,0,0,22785000,36524000,54058000,1345000,-18475000,-17130000,3031000,39959000,-2858000,37101000,0,-2635000,0,34466000,0,34466000,0.31,0.31,110731000,113963000,22785000,206932000,0,3258000,0,20502000,230692000,101698000,0,0,0,0,0,3100226000,3432616000,46982000,0,0,0,0,0,0,0,46982000,1763985000,0,0,0,31858000.0,1842825000,1000000,0,-241391000,5108000,1765577000,0,59385000,111999.99999985,1589791000,3432616000,3201924000,1795843000,37101000,22785000,5838000,0,0,5949000,11787000,0,1560000,2202000.0,75435000,-657000,0,-657000,-366000,0,-366000,0,0,0,0,-42698000.0,-43721000,0,0,0,0,187556000,-44488000,-3425000.0,139643000,0,171357000,-657000,0,0,432434000,-244878000,76843000,74778000,0.0715,32980000,1589791000,1589791000,0.0422,0.0894,0.0425,0.0441,0.0584,0.0584,0.7175,0.6086,0.4281,0.3165,0.273,0.5923,2.1591,0.4631,1.1095,0.5138,1.1077,0.6742,0.4743,0.3506,0.6561,13.95,13.95,4663580390,6220633390,33.1755,2.9334,2.9334,9.9431,18.9432,29.3024,44.2519,3.9128,3.9128,13.2628,25.2679,39.0858,0.3295,0.3416,0.3979,0.4098,0.5148,0.5377,0.409,0.0685,0.1155,-1.0,0.2674,0.2129,0.4554,0.0505,0.4622,0.6,0.0026,0.6958,0.2731,0.3952,0.4903,0.0265,0.0599,0.0267,2.2088,0.5191,1.1468,0.056,0.1197,0.0431,0.054,0.0326,0.1486,0.0962,4.9102,1.2903,2.7694,298000.0,1557053000,111223000,0.4,41.93,0.03113547835596,2,FY2013.FQ2
2013-11-04,2013-09,133111000,37249000,95862000,13943000,0,0,23428000,37371000,58491000,1415000,-17098000,-15683000,-8175000,34633000,-2281000,32352000,0,-3107000,0,29245000,0,29245000,0.26,0.26,110828000,115477000,23428000,81699000,0,7928000,0,22803000,112430000,100455000,0,0,0,0,0,3305354000,3518239000,58248000,0,0,0,0,0,0,0,58248000,1757059000,0,0,0,67765000.0,1883072000,1000000,0,-256640000,3146000,1766691000,0,120858000,111999.99999985,1635167000,3518239000,3405809000,1824824000,32352000,23428000,-4670000,0,0,7300000,2630000,0,1070000,12553000.0,72033000,-871000,0,-871000,-171000,0,-171000,0,0,0,0,-32195000.0,-33237000,0,0,0,0,-115663000,-44494000,-3872000.0,-164029000,0,-125233000,-871000,0,0,96895000,-212558000,81919000,71162000,0.0658,35499375,1635167000,1635167000,0.0377,0.0813,0.0378,0.0395,0.0597,0.0597,0.7201,0.6154,0.4394,0.2601,0.2197,0.5346,2.1516,0.4647,1.0745,0.4994,1.1527,0.7093,0.5065,0.2999,0.6162,14.1601,14.1601,5089047000,6764407000,38.7849,3.1122,3.1122,10.3363,19.7705,33.7969,51.5532,4.1368,4.1368,13.7391,26.2791,44.9232,0.2124,0.2243,0.2461,0.2723,-0.1984,-0.2424,-0.2972,0.0618,0.8734,-1.0,0.1677,0.2293,0.1937,-1.1939,0.1871,0.0,0.0001,0.7036,0.2731,0.3996,0.5363,0.0312,0.0679,0.0315,2.1706,0.5144,1.1167,0.0597,0.1119,0.0455,0.0561,0.1064,0.1106,0.0915,1.9301,1.5384,3.4654,13000.0,1675360000,111236000,0.4,45.75,0.03113547835596,3,FY2013.FQ3
2014-03-03,2013-12,141934000,39774000,102160000,13795000,0,0,25994000,39789000,62371000,1442000,-20095000,-18653000,41291000,85009000,-2837000,82172000,0,-5232000,0,76940000,0,76940000,0.66,0.66,113523000,113523000,25994000,126723000,0,41412000,0,29806000,197941000,91715000,21774000,-12805000,8969000,80969000,0,3597546000,3977140000,60601000,671000,0,0,0,0,0,0,61272000,1946647000,2076000,0,27518000,7732000.0,2045245000,1000000,0,-226002000,10156000,1973159000,0,173425000,156999.99999993,1931895000,3977140000,3779199000,1983973000,82172000,25994000,386000,0,0,4049000,4435000,0,1170000,-41096000.0,72675000,-4175000,0,-4175000,-390000,0,-390000,0,0,0,0,-262108000.0,-266673000,0,0,0,0,85306000,-46302000,200018000.0,239022000,0,45024000,-4175000,0,0,217330000,-132024000,88365000,68500000,0.0333,36613125,1931895000,1850926000,0.0459,0.0964,0.0454,0.0467,0.0602,0.0608,0.7197,0.6225,0.4394,0.5989,0.542,0.4826,2.0586,0.4857,1.0087,0.4899,1.2502,0.7783,0.5494,0.7488,0.6034,17.0176,16.3044,4876800280,6696724280,28.3409,2.5243,2.6347,9.3674,18.4214,24.9401,38.9172,3.4664,3.618,12.8631,25.2959,34.2473,0.2486,0.2908,0.3301,0.3891,1.1227,1.1327,1.0,0.0732,3.1163,0.8428,0.2338,0.2501,0.155,-1.3898,0.1198,0.0,0.0406,0.712,0.2895,0.4112,0.5363,0.0358,0.0776,0.0361,2.1553,0.5066,1.092,0.0616,0.1858,0.0557,0.0619,0.0,0.1106,0.0752,3.2305,0.606,1.5247,4520000.0,1819924000,115756000,0.4,42.13,0.03113547835596,4,FY2013.FQ4
2014-05-08,2014-03,152587000,46049000,106538000,15709000,0,0,28375000,44084000,62454000,1482000,-20260000,-18778000,363000,44039000,-2830000,41209000,0,-3869000,0,37340000,0,37340000,0.32,0.32,115438000,121063000,28375000,47015000,0,8966000,0,20026000,76007000,89326000,0,0,0,0,0,3958158000,4123491000,52886000,0,0,87000000,0,0,0,0,139886000,2022878000,0,0,0,37543000.0,2200307000,1000000,0,-235009000,7528000,1976597000,0,172910000,157999.9999999,1923184000,4123491000,4047484000,2060421000,41209000,28375000,-1424000,0,0,-7141000,-8565000,0,1120000,2433000.0,64572000,-1274000,0,-1274000,0,0,0,0,0,0,0,-255334000.0,-256608000,0,0,0,0,163276000,-46347000,-4601000.0,112328000,0,-79708000,-1274000,0,0,291157000,-127881000,90829000,63298000,0.0642,37541875,1923184000,1923184000,0.0439,0.0923,0.043,0.044,0.0594,0.06,0.6982,0.5952,0.4093,0.2886,0.2447,0.4148,2.144,0.4663,1.097,0.5116,1.2603,0.7502,0.5158,0.3637,0.5228,15.8858,15.8858,5620853700,7596716700,31.5794,2.9226,2.9226,10.1481,20.2379,27.6019,42.6803,3.95,3.95,13.7155,27.352,37.3046,0.2787,0.2839,0.2937,0.3237,0.2253,0.1882,0.1428,0.053,0.3215,0.0,0.2769,0.2382,0.2632,-0.5517,0.2585,0.0,0.0009,0.712,0.2949,0.414,0.5363,0.0376,0.0814,0.0379,2.1478,0.5055,1.0858,0.0613,0.0717,0.0567,0.0611,0.2282,0.1106,0.0617,0.5433,1.25,4.3998,114000.0,2062863000,115870000,0.4,48.51,0.03113547835596,1,FY2014.FQ1
2014-08-07,2014-06,160724000,44930000,115794000,15469000,0,0,28271000,43740000,72054000,1924000,-21321000,-19397000,-3136000,49521000,-3513000,46008000,0,-4343000,0,41665000,0,41665000,0.36,0.36,115653000,121254000,28271000,53945000,0,12640000,0,20651000,87236000,86794000,0,0,0,0,0,4034860000,4208890000,65539000,0,0,10000000,0,0,0,0,75539000,2153627000,0,0,0,49016000.0,2278182000,1000000,0,-247871000,2073000,1981186000,0,194160000,160000.00000008,1930708000,4208890000,4121654000,2202643000,46008000,28271000,633000,0,0,18279000,18912000,0,1680000,8316000.0,103187000,-1062000,0,-1062000,0,0,0,0,0,0,0,-55772000.0,-56834000,0,0,0,0,20398000,-54527000,-5294000.0,-39423000,0,6930000,-1062000,0,0,130800000,-110402000,100325000,102125000,0.0709,43521875,1930708000,1930708000,0.0444,0.0961,0.0436,0.0441,0.0621,0.0621,0.7204,0.6242,0.4483,0.3081,0.2592,0.6354,2.1799,0.4587,1.1206,0.514,1.3255,0.8273,0.5942,0.4084,0.8422,15.9228,15.9228,6177905250,8277587250,33.3598,3.1998,3.1998,10.5002,20.2497,28.9767,44.6978,4.2873,4.2873,14.069,27.132,38.825,0.2731,0.2783,0.3055,0.3329,0.2392,0.2088,0.1612,0.0639,-0.7393,0.0,0.2261,0.2144,0.3678,-0.6164,0.3657,0.175,0.0012,0.712,0.3046,0.414,0.5363,0.0387,0.0822,0.0392,2.1478,0.5055,1.0858,0.0559,0.0779,0.0527,0.0604,-0.0385,0.1287,0.0902,1.1548,1.3055,4.2814,147000.0,2109682000,116017000,0.47,53.25,0.03113547835596,2,FY2014.FQ2
2014-11-06,2014-09,169067000,46224000,122843000,15665000,0,0,29249000,44914000,77929000,1399000,-21360000,-19961000,219000,58187000,1006000,59193000,0,-4965000,0,54228000,0,54228000,0.47,0.47,115727000,121618000,29249000,49216000,0,12283000,0,26205000,87704000,86232000,0,0,0,0,0,4051959000,4225895000,73528000,0,0,40000000,0,0,0,0,113528000,2138881000,0,0,0,39888000.0,2292297000,1000000,0,-248179000,3735000,1982612000,0,194270000,159999.99999985,1933598000,4225895000,4138191000,2178769000,59193000,29249000,357000,0,0,2040000,2397000,0,1060000,-3094000.0,88805000,-1300000,0,-1300000,0,0,0,0,0,0,0,-42199000.0,-43499000,0,0,0,0,9996000,-54536000,-5495000.0,-50035000,0,-4729000,-1300000,0,0,84000000,-74004000,107178000,87505000,0.0,46476875,1933598000,1933598000,0.0498,0.1087,0.0489,0.0494,0.0662,0.0662,0.7265,0.6339,0.4609,0.3441,0.3207,0.5175,2.1855,0.4575,1.1268,0.5156,1.3901,0.8812,0.6407,0.4784,0.7195,15.8989,15.8989,5983873380,8073538380,28.4711,3.0946,3.0946,9.5847,18.6165,25.2744,38.4137,4.1753,4.1753,12.9318,25.1177,34.1006,0.2701,0.2814,0.3083,0.3323,0.6801,0.8542,0.8076,0.0531,-0.3975,0.0,0.2011,0.1825,0.2328,-0.4925,0.2296,0.0,0.0001,0.7153,0.3123,0.4234,0.5363,0.041,0.0862,0.0414,2.1478,0.5055,1.0858,0.0639,0.0838,0.0529,0.0599,0.0807,0.0891,0.0809,0.7725,1.0,3.3936,17000.0,2129665000,116034000,0.47,51.57,0.03113547835596,3,FY2014.FQ3
2015-03-02,2014-12,165184000,45640000,119544000,14506000,0,0,29181000,43687000,75857000,1652000,-21072000,-19420000,-4718000,51719000,-2233000,49486000,0,-4364000,0,45122000,0,45122000,0.39,0.39,116035000,121085000,29181000,47663000,0,53385000,0,34136000,135184000,89301000,24913000,-15183000,9730000,88120000,0,4059652000,4381987000,65521000,672000,0,138000000,0,0,0,0,204193000,2211764000,713000,0,33852000,19482000.0,2470004000,1000000,0,-257738000,-1484000,1995484000,0,174558000,163000.00000001,1911983000,4381987000,4246803000,2265811000,49486000,29181000,505000,0,0,-3116000,-2611000,0,1130000,3831000.0,81017000,-1194000,0,-1194000,0,0,0,0,0,0,0,-206813000.0,-208007000,0,0,0,0,190866000,-54681000,-10748000.0,125437000,0,-1553000,-1194000,0,0,411707000,-220841000,105038000,79823000,0.0431,45715625,1911983000,1823863000,0.0414,0.0927,0.0407,0.0412,0.068,0.0688,0.7237,0.6358,0.4592,0.313,0.2731,0.4832,2.2918,0.4363,1.2293,0.5363,1.3641,0.8674,0.6264,0.4271,0.6592,15.7904,15.0626,6823350400,8987451400,38.2571,3.5687,3.7411,10.5369,20.5058,33.5355,50.3908,4.7005,4.9277,13.8789,27.0095,44.1717,0.1638,0.1701,0.1886,0.2162,-0.3916,-0.4135,-0.409,0.0666,-0.6238,0.0848,0.1017,-0.0103,0.1147,0.714,0.1652,0.0,0.0028,0.7186,0.3148,0.4338,0.526,0.0418,0.0908,0.0416,2.1553,0.5127,1.1033,0.0569,0.0589,0.0492,0.0384,0.0455,0.0891,0.0456,0.662,1.2051,6.4927,326000.0,2302101000,116360000,0.47,58.64,0.03113547835596,4,FY2014.FQ4
2015-05-08,2015-03,173154000,50172000,122982000,16249000,0,0,30428000,46677000,76305000,2069000,-22128000,-20059000,4638000,60884000,-2248000,58636000,0,-4894000,0,53742000,0,53742000,0.46,0.46,116118000,122596000,30428000,45304000,0,3136000,0,35350000,83790000,85602000,0,0,0,0,0,4294753000,4464145000,71553000,0,0,99000000,0,0,0,0,170553000,2332912000,0,0,0,53625000.0,2557090000,1000000,0,-258728000,-7800000,1998240000,0,174179000,163999.99999999,1907055000,4464145000,4380355000,2386537000,58636000,30428000,-2367000,0,0,-1692000,-4059000,0,1140000,1294000.0,87439000,-1184000,0,-1184000,0,0,0,0,0,0,0,-90327000.0,-91511000,0,0,0,0,61890000,-54732000,-5445000.0,1713000,0,-2359000,-1184000,0,0,290768000,-228878000,106733000,86255000,0.0369,45925000,1907055000,1907055000,0.044,0.1019,0.0435,0.0439,0.0693,0.0701,0.7102,0.6164,0.4406,0.3516,0.3103,0.4981,2.3408,0.4271,1.2752,0.5447,1.4123,0.8706,0.6224,0.4966,0.7035,15.5556,15.5556,7869067060,10156675060,40.4045,4.1262,4.1262,11.7777,22.1222,35.7179,52.1505,5.3258,5.3258,15.2016,28.5534,46.1015,0.1347,0.1543,0.175,0.2217,0.3825,0.4392,0.4375,0.0126,-0.0363,0.0,0.0826,-0.0083,0.3541,0.0706,0.3626,0.0,0.0008,0.7186,0.3148,0.4394,0.5078,0.043,0.0925,0.0428,2.1553,0.5127,1.1033,0.0466,0.022,0.04,0.0366,0.037,0.0891,0.0377,0.4912,1.0217,18.3564,98000.0,2386608000,116458000,0.47,67.57,0.03113547835596,1,FY2015.FQ1
2015-08-10,2015-06,185860000,51492000,134368000,16655000,0,0,31552000,48207000,86161000,1640000,-23507000,-21867000,-1153000,63141000,-2185000,60956000,0,-5617000,0,55339000,0,55339000,0.47,0.47,116862000,124476000,31552000,175893000,0,2071000,0,25424000,203388000,84744000,0,0,0,0,0,4545618000,4833750000,69378000,0,0,0,0,0,0,0,69378000,2288456000,0,0,0,52638000.0,2410472000,1000000,0,-272130000,-1819000,2416894000,0,279105000,228000.00000007,2423278000,4833750000,4630362000,2341094000,60956000,31552000,1065000,0,0,-1327000,-262000,0,1650000,1952000.0,95848000,-1408000,0,-1408000,0,0,0,0,0,0,0,-159870000.0,-161278000,416643000,0,416643000,0,-143406000,-68741000,-8477000.0,196019000,0,130589000,-1408000,0,0,601372000,-744778000,117713000,94440000,0.0346,51365000,2423278000,2423278000,0.0448,0.0962,0.0438,0.0449,0.069,0.069,0.7229,0.6333,0.4635,0.3397,0.2977,0.5081,1.9947,0.5013,0.9443,0.4734,1.4931,0.9456,0.6921,0.5072,0.7587,19.4678,19.4678,8011298700,10123861700,38.4362,3.3059,3.3059,11.5558,23.0194,34.2464,48.5717,4.1777,4.1777,14.6031,29.0896,43.2771,0.1563,0.1604,0.1733,0.1957,0.275,0.3281,0.3055,0.0265,2.2605,0.0,0.1484,0.2551,-0.0711,-0.3258,-0.0752,0.2553,0.0547,0.7199,0.3148,0.44,0.5031,0.0439,0.0944,0.0433,2.1553,0.5127,1.1033,0.0504,0.0359,0.0413,0.046,0.0443,0.0896,0.0429,2.9315,1.2553,10.6776,6377000.0,2112563000,122835000,0.59,65.22,0.03113547835596,2,FY2015.FQ2
2015-11-06,2015-09,197497000,52486000,145011000,16716000,0,0,30711000,47427000,97584000,1569000,-21616000,-20047000,4224000,81761000,-3561000,78200000,0,-6482000,0,71718000,0,71718000,0.58,0.58,122645000,130398000,30711000,1115532000,0,3016000,0,228629000,1347177000,84671000,0,0,0,0,0,4570988000,6002836000,76303000,0,0,185000000,0,0,0,0,261303000,3282799000,0,0,0,71394000.0,3615496000,1000000,0,-273015000,-20812000,2401886000,0,278048000,233000.00000017,2387340000,6002836000,4655659000,3354193000,78200000,30711000,-945000,0,0,-8011000,-8956000,0,1590000,1449000.0,102994000,-2229000,0,-2229000,0,0,0,0,0,0,0,-231416000.0,-233645000,30266000,0,30266000,0,1120493000,-72603000,-7866000.0,1070290000,0,939639000,-2229000,0,0,1390113000,-269620000,128295000,100765000,0.0435,57919375,2387340000,2387340000,0.0416,0.0939,0.0406,0.0459,0.0628,0.0628,0.7342,0.6496,0.4941,0.4139,0.3631,0.5102,2.5144,0.3977,1.4525,0.5776,1.5145,0.9838,0.7483,0.627,0.7727,18.3081,18.3081,9516297120,11683564120,42.1222,3.9861,3.9861,13.186,26.3402,36.9557,51.7152,4.8939,4.8939,16.189,32.339,45.3721,0.1681,0.1804,0.197,0.2522,0.4051,0.3225,0.234,0.0721,21.666,0.0,0.4204,0.2346,0.1597,-0.7146,0.1515,0.0,0.004,0.7203,0.3281,0.4444,0.5091,0.0439,0.095,0.0433,2.1695,0.5139,1.1151,0.0516,0.0755,0.0639,0.0439,0.0719,0.0896,0.0725,5.1556,1.0172,5.576,497000.0,2352267000,123332000,0.59,77.16,0.03113547835596,3,FY2015.FQ3
2016-02-29,2015-12,225759000,62848000,162911000,18138000,0,0,40766000,58904000,104007000,3033000,-31741000,-28708000,-60401000,14898000,-3154000,11744000,0,-3069000,0,8675000,0,8675000,0.07,0.07,123572000,131457000,40766000,75799000,0,2205000,0,30738000,108742000,103007000,0,0,0,104768000,0,5754890000,6071407000,82693000,2223000,0,36000000,0,0,0,0,120916000,3499621000,0,0,46632000,31634000.0,3698803000,1000000,0,-337566000,-6352000,2431754000,0,283527000,240999.99999999,2372604000,6071407000,5962665000,3577887000,11744000,40766000,811000,0,0,21894000,22705000,0,1670000,4163000.0,81048000,-2559000,0,-2559000,0,0,0,0,0,0,0,-1136671000.0,-1139230000,-32000,0,-32000,0,105543000,-73226000,-13836000.0,18449000,0,-1039733000,-2559000,0,0,403049000,-297506000,144773000,78489000,0.2117,64981875,2372604000,2267836000,0.0313,0.0796,0.0307,0.034,0.0611,0.0616,0.7216,0.6412,0.4606,0.0659,0.0384,0.3476,2.5589,0.3907,1.4901,0.5823,1.7173,1.1012,0.7911,0.1133,0.597,18.0485,17.2515,10948625200,14372447200,57.7843,4.6146,4.8277,13.9959,30.4171,49.6122,75.8544,6.0576,6.3375,18.3727,39.9291,65.1268,0.3667,0.3627,0.3782,0.371,-0.7119,-0.8077,-0.8205,0.0856,0.5903,-1.0,0.3855,0.2409,0.0003,-1.1432,-0.0167,0.0,0.0063,0.721,0.3264,0.4537,0.5031,0.0439,0.095,0.0433,2.1827,0.5148,1.1237,0.0598,-0.1382,0.0586,0.0408,0.0048,0.0396,0.0072,0.8993,8.4285,-4.1792,788000.0,3459822000,124120000,0.59,88.21,0.03113547835596,4,FY2015.FQ4
2016-05-06,2016-03,229403000,65423000,163980000,23402000,0,0,42897000,66299000,97681000,2927000,-32592000,-29665000,24156000,92172000,-2765000,89407000,0,-6815000,0,82592000,0,82592000,0.66,0.66,124754000,131956000,42897000,49753000,0,15739000,0,32003000,97495000,89224000,0,0,0,0,0,6104700000,6291419000,77108000,0,0,116000000,0,0,0,0,193108000,3566188000,0,0,0,106738000.0,3866034000,1000000,0,-328801000,-35939000,2506551000,0,282323000,251000.0,2425385000,6291419000,6193924000,3672926000,89407000,42897000,-2878000,0,0,-11903000,-14781000,0,1710000,-23767000.0,95466000,-908000,0,-908000,-4794000,318000,-4476000,0,0,0,0,-253284000.0,-258668000,73574000,0,73574000,0,143478000,-73827000,-6069000.0,137156000,0,-26046000,-908000,0,0,195976000,-52498000,140578000,94558000,0.0299,58620625,2425385000,2425385000,0.0353,0.091,0.0347,0.035,0.0631,0.0637,0.7148,0.6127,0.4258,0.4017,0.36,0.4121,2.5939,0.3855,1.5181,0.5852,1.7384,1.0653,0.7402,0.6985,0.7165,18.3802,18.3802,11694556340,15210991340,53.5651,4.8217,4.8217,13.9466,31.7569,46.4121,69.6716,6.2715,6.2715,18.1403,41.3059,60.3677,0.3248,0.3333,0.317,0.2801,0.5138,0.5368,0.4347,0.0763,0.0982,0.0,0.4093,0.2717,0.0918,0.2331,0.0962,0.0,0.0081,0.721,0.3419,0.4537,0.4906,0.0439,0.095,0.0433,2.2386,0.5259,1.178,0.0559,0.0976,0.0598,0.0402,0.0288,0.0396,0.0285,0.5048,0.8939,5.4863,1009000.0,3632435000,125129000,0.59,93.46,0.03113547835596,1,FY2016.FQ1
2016-08-05,2016-06,244273000,66371000,177902000,20512000,0,0,43950000,64462000,113440000,2837000,-34042000,-31205000,11578000,93813000,-3773000,90040000,0,-6996000,0,83044000,0,83044000,0.66,0.66,124914000,132026000,43950000,41058000,0,485000,0,15232000,56775000,99576000,0,0,0,0,0,6302647000,6458998000,91188000,0,0,88000000,0,0,0,0,179188000,3709000000,0,0,0,127593000.0,4015781000,1000000,0,-343444000,-53845000,2510744000,0,328510000,251999.99999995,2443217000,6458998000,6402223000,3836593000,90040000,43950000,4598000,0,0,6873000,11471000,0,2380000,-3637000.0,144204000,-1220000,0,-1220000,-14515000,1000000,-13515000,0,0,0,0,-132589000.0,-147324000,-205000,0,-205000,0,104287000,-97687000,-11970000.0,-5575000,0,-8695000,-1220000,0,0,296904000,-192617000,157390000,142984000,0.0402,68300625,2443217000,2443217000,0.0385,0.101,0.0379,0.0382,0.0656,0.0656,0.7282,0.6443,0.4643,0.384,0.3399,0.5853,2.6436,0.3782,1.554,0.5878,1.8501,1.1921,0.8592,0.7105,1.0829,18.5055,18.5055,11589617060,15257559060,47.1067,4.7435,4.7435,12.9213,27.8064,41.0042,62.0152,6.2448,6.2448,17.0108,36.6067,53.9815,0.3142,0.3239,0.337,0.3166,0.4857,0.5006,0.4042,0.0606,-0.7665,0.0,0.3362,0.0082,0.5045,0.1335,0.514,0.322,0.0008,0.7222,0.3419,0.4599,0.5031,0.0428,0.095,0.0419,2.3163,0.5405,1.2522,0.0557,0.0,0.0496,0.0237,0.0763,0.069,0.0709,0.3168,1.1818,0.0,110000.0,3755942000,125239000,0.78,92.54,0.03113547835596,2,FY2016.FQ2
2016-11-04,2016-09,257183000,66434000,190749000,19537000,0,0,46555000,66092000,124657000,2571000,-34737000,-32166000,39201000,131692000,-4466000,127226000,0,-9138000,0,118088000,0,118088000,0.94,0.93,125752000,133763000,46555000,18692000,0,9156000,0,16442000,44290000,85912000,0,0,0,0,0,6611854000,6742056000,102470000,0,0,166000000,0,0,0,0,268470000,3825899000,0,0,0,118315000.0,4212684000,1000000,0,-323472000,-41094000,2562134000,0,330546000,257999.99999981,2529372000,6742056000,6697766000,3944214000,127226000,46555000,-797000,0,0,3082000,2285000,0,1920000,-31497000.0,146489000,-690000,0,-690000,-6381000,10673000,4292000,0,0,0,0,-301920000.0,-298318000,50054000,0,50054000,0,191477000,-98116000,-13952000.0,129463000,0,-22366000,-690000,0,0,534095000,-342618000,171212000,145799000,0.0339,73806250,2529372000,2529372000,0.0442,0.1176,0.0435,0.0437,0.0676,0.0676,0.7416,0.6657,0.4847,0.512,0.4591,0.5669,2.6655,0.3751,1.5782,0.592,1.9226,1.2799,0.9319,0.9845,1.0899,18.9093,18.9093,9988983900,13796190900,34.1621,3.9491,3.9491,10.4419,21.6291,30.0352,47.1827,5.4543,5.4543,14.4218,29.8728,41.4829,0.3022,0.3154,0.3345,0.2774,0.6106,0.6465,0.6034,0.0258,-0.9832,0.0,0.1231,0.0594,0.4223,0.6904,0.4469,0.0,0.0043,0.7233,0.3478,0.4608,0.5091,0.0428,0.0961,0.0421,2.4276,0.5612,1.3638,0.0535,0.1125,0.0503,0.0277,0.087,0.069,0.0853,0.1649,0.8387,3.0343,551000.0,3973207000,125790000,0.78,79.41,0.03113547835596,3,FY2016.FQ3
2017-02-27,2016-12,261016000,67332000,193684000,18355000,0,0,49158000,67513000,126171000,2663000,-37088000,-34425000,3513000,95259000,-4843000,90416000,0,-8013000,0,82403000,0,82403000,0.65,0.65,124616000,124616000,49158000,43858000,0,16611000,0,13884000,74353000,79570000,0,0,0,123971000,0,6813552000,7091446000,101388000,0,0,365000000,0,0,0,0,466388000,3941223000,0,0,0,87669000.0,4495280000,1000000,0,-339257000,16770000,2566120000,0,351274000,259000.00000047,2596166000,7091446000,7017093000,4028892000,90416000,49158000,444000,0,0,9250000,9694000,0,2040000,1796000.0,153104000,-2150000,0,-2150000,-2551000,4962000,2411000,0,0,0,0,-344840000.0,-344579000,1000,0,1000,0,316478000,-98188000,-18504000.0,199787000,0,8312000,-2150000,0,0,873382000,-556904000,175329000,150954000,0.0508,75513125,2596166000,2472195000,0.0529,0.1428,0.0519,0.0521,0.0677,0.0684,0.742,0.6717,0.4833,0.3649,0.3157,0.5783,2.7315,0.366,1.6586,0.6072,2.0945,1.4069,1.0124,0.7644,1.2113,20.8333,19.8385,9723048440,13620413440,26.5564,3.7451,3.9329,9.8026,18.1979,23.5461,37.2013,5.2463,5.5094,13.7319,25.4923,32.9843,0.1561,0.1888,0.211,0.2131,5.394,8.4989,8.2857,-0.052,-0.4213,0.0,0.168,0.0942,0.889,0.1598,0.9232,0.0,0.0007,0.7251,0.3582,0.4622,0.5091,0.0428,0.0986,0.0421,2.5367,0.58,1.4713,0.0496,0.0608,0.0535,0.03,0.0398,0.0519,0.0402,0.1594,1.2,4.363,91000.0,4262365000,125881000,0.78,77.24,0.03113547835596,4,FY2016.FQ4
2017-05-05,2017-03,263008000,70565000,192443000,18808000,0,0,49432000,68240000,124203000,2315000,-37239000,-34924000,3579000,92858000,-3124000,89734000,0,-7452000,0,82282000,0,82282000,0.65,0.64,125605000,132619000,49432000,29311000,0,6251000,0,12231000,47793000,79385000,0,0,0,0,0,6907179000,7034357000,77106000,0,0,363000000,0,0,0,0,440106000,3928455000,0,0,0,79981000.000001,4448542000,1000000,0,-355187000,22816000,2567228000,0,349699000,259000.00000001,2585815000,7034357000,6986564000,4008436000,89734000,49432000,0,0,0,-33530000,-33530000,0,1990000,5495000.0,113121000,-1292000,0,-1292000,-1519000,581000,-938000,0,0,0,0,487000.0,-1743000,0,0,0,0,-18916000,-98212000,-10450000.0,-127578000,0,-16200000,-1292000,0,0,169000000,-187916000,173635000,111829000,0.0336,74416250,2585815000,2585815000,0.0517,0.1411,0.0505,0.0507,0.07,0.0706,0.7317,0.6601,0.4722,0.353,0.3128,0.4251,2.7203,0.3675,1.6596,0.61,1.9831,1.3092,0.9365,0.7001,0.8432,19.498,19.498,9366593680,13265737680,25.6045,3.6222,3.6222,9.1338,16.9818,22.6452,36.2633,5.1301,5.1301,12.9361,24.051,32.0721,0.1464,0.1735,0.2351,0.2715,0.0074,-0.0037,-0.0303,0.005,-0.4108,0.0,0.118,0.0661,0.1849,-0.4229,0.1826,0.0,0.0002,0.7259,0.359,0.4639,0.5031,0.0428,0.0986,0.0421,2.5764,0.5838,1.5041,0.0451,0.0313,0.0522,0.0294,0.0248,0.0519,0.0244,0.1085,1.2187,8.166,31000.0,4262144000,125912000,0.78,74.39,0.03113547835596,1,FY2017.FQ1
2017-08-04,2017-06,276003000,71099000,204904000,21865000,0,0,46632000,68497000,136407000,1485000,-38746000,-37261000,-2181000,96965000,-2867000,94098000,0,-7092000,0,87006000,0,87006000,0.69,0.69,125673000,132783000,46632000,31648000,0,4676000,0,16764000,53088000,79294000,0,0,0,0,0,6905081000,7037463000,92678000,0,0,128000000,0,0,0,0,220678000,4160709000,0,0,0,77393000.0,4458780000,1000000,0,-366437000,17003000,2569965000,0,356892000,260000.00000022,2578683000,7037463000,6984375000,4238102000,94098000,46632000,0,0,0,20702000,20702000,0,2970000,11526000.0,175928000,-2818000,0,-2818000,-1151000,0,-1151000,0,0,0,0,-40442000.0,-44411000,0,0,0,0,-15081000,-98256000,-11310000.0,-124647000,0,6870000,-2818000,0,0,483446000,-498527000,183039000,173110000,0.0295,81750000,2578683000,2578683000,0.0525,0.1432,0.0511,0.0513,0.0735,0.0735,0.7423,0.6631,0.4942,0.3513,0.3152,0.6272,2.729,0.3664,1.6631,0.6094,2.0786,1.3784,1.0272,0.7302,1.3037,19.4202,19.4202,9826284000,13955345000,26.5733,3.8105,3.8105,9.2945,16.8925,23.577,37.7396,5.4118,5.4118,13.2001,23.9909,33.4842,0.1298,0.1517,0.1629,0.2024,0.0335,0.0477,0.0454,0.0057,-0.2291,0.0,0.0895,0.0554,0.2199,-1.3098,0.2106,0.0,0.0005,0.7299,0.359,0.4683,0.5091,0.0441,0.1015,0.0435,2.6188,0.5865,1.5361,0.0526,0.0587,0.0485,0.0303,0.0804,0.0519,0.0806,0.2405,1.1304,4.5259,66000.0,4257061000,125978000,0.78,78.0,0.03113547835596,2,FY2017.FQ2
2017-11-03,2017-09,284156000,76702000,207454000,19498000,0,0,48075000,67573000,139881000,1401000,-41034000,-39633000,3990000,104238000,-3163000,101075000,0,-7311000,0,93764000,0,93764000,0.74,0.74,125718000,133044000,48075000,63732000,0,4618000,0,17277000,85627000,78512000,0,0,0,0,0,6922816000,7086955000,114247000,0,0,25000000,0,0,0,0,139247000,4288012000,0,0,0,85971000.0,4513230000,1000000,0,-370959000,17731000,2567234000,0,358459000,260000.00000022,2573725000,7086955000,7001328000,4373983000,101075000,48075000,0,0,0,3577000,3577000,0,2290000,5563000.0,160580000,-1525000,0,-1525000,-351000,0,-351000,0,0,0,0,-36321000.0,-38197000,0,0,0,0,17297000,-98286000,-8797000.0,-89786000,0,32597000,-1525000,0,0,370724000,-353427000,187956000,159055000,0.0303,83731875,2573725000,2573725000,0.0489,0.134,0.0477,0.048,0.0756,0.0756,0.73,0.6614,0.4922,0.3668,0.3299,0.5597,2.7535,0.3631,1.6757,0.6085,2.1358,1.4127,1.0513,0.7834,1.1955,19.3449,19.3449,9964633560,14188913560,28.8449,3.8716,3.8716,9.1909,16.7487,25.5949,41.0731,5.5129,5.5129,13.0871,23.8489,36.4453,0.1048,0.0875,0.0977,0.1221,-0.2084,-0.2059,-0.2043,-0.0053,2.4095,0.0,0.0511,0.0175,0.0961,-1.2101,0.0909,0.0,0.0002,0.7308,0.3658,0.4778,0.5349,0.0445,0.1093,0.0437,2.6545,0.5899,1.5661,0.0507,0.0486,0.0473,0.0304,0.0631,0.0519,0.0626,0.6149,1.054,5.9241,29000.0,4249280000,126007000,0.78,79.08,0.03113547835596,3,FY2017.FQ3
2018-03-01,2017-12,281842000,72781000,209061000,18790000,0,0,49157000,67947000,141114000,1535000,-41595000,-40060000,122732000,223786000,5529000,229315000,0,-13354000,0,215961000,0,215961000,1.71,1.69,126874000,137597000,49157000,55683000,0,0,0,30361000,86044000,75907000,0,0,0,126818000,0,7172184000,7460953000,96087000,0,0,94000000,0,0,0,5816000,195903000,4460217000,0,0,0,81026000.0,4737146000,1000000,0,-253284000,33290000,2569485000,0,373056000,259999.99999976,2723807000,7460953000,7374909000,4541243000,229315000,49157000,0,0,0,-19623000,-19623000,0,2320000,-113423000.0,147746000,-2184000,0,-2184000,-14923000,0,-14923000,0,0,0,0,-251621000.0,-268728000,0,0,0,0,233728000,-98286000,-9425000.0,126017000,0,5035000,-2184000,0,0,302453000,-68725000,190271000,145562000,0.0,80809375,2723807000,2596989000,0.0658,0.1808,0.0643,0.0648,0.0755,0.0762,0.7417,0.675,0.5006,0.794,0.7662,0.5164,2.7391,0.365,1.672,0.6104,2.0483,1.3828,1.0255,1.6263,1.0578,19.7955,18.8738,11019312150,15423846150,23.0042,4.0455,4.2431,9.9721,18.6908,21.279,32.1992,5.6626,5.9391,13.9581,26.1617,29.7845,0.0797,0.0793,0.0852,0.1184,1.3492,1.6207,1.6,0.1041,0.2696,0.0,0.0521,0.0491,-0.0349,-0.0158,-0.0357,0.0,0.0,0.7329,0.3754,0.484,0.5381,0.0466,0.1258,0.0456,2.6929,0.5996,1.6184,0.0425,0.1365,0.0443,0.0117,0.0442,0.0283,0.0442,0.4392,0.4615,1.6849,0.0,4498534000,126007000,0.78,87.45,0.03113547835596,4,FY2017.FQ4
2018-05-09,2018-03,285485000,78360000,207125000,21464000,0,0,51749000,73213000,133912000,1438000,-42175000,-40737000,3597000,96772000,-1342000,95430000,0,-7174000,0,88256000,0,88256000,0.7,0.7,125772000,132683000,51749000,35527000,0,0,0,18537000,54064000,63868000,0,0,0,0,0,7352692000,7470624000,108931000,0,0,100500000,0,0,0,43273000,252704000,4413863000,0,0,0,87411000.0,4753978000,1000000,0,-263355000,55271000,2550578000,0,372892000,260000.00000022,2716646000,7470624000,7416560000,4501274000,95430000,51749000,0,0,0,15972000,15972000,0,2730000,5727000.0,171608000,-1131000,0,-1131000,-438000,47944000,47506000,0,0,0,0,-77303000.0,-30928000,0,0,0,0,-64668000,-98327000,-9665000.0,-172660000,0,-31980000,-1131000,0,0,162000000,-226668000,185661000,170477000,0.0138,80110000,2716646000,2716646000,0.0649,0.1782,0.0635,0.0639,0.0751,0.0757,0.7255,0.6503,0.469,0.3389,0.3091,0.5971,2.7499,0.3636,1.6617,0.6042,2.1516,1.3992,1.0092,0.7293,1.2848,20.4747,20.4747,11013387840,15391723840,22.7086,4.054,4.054,9.768,16.9906,21.1081,31.7363,5.6657,5.6657,13.6513,23.7451,29.4995,0.0854,0.0762,0.0692,0.0781,0.0421,0.0726,0.0937,0.0004,0.212,0.0,0.062,0.0505,0.517,0.1246,0.5244,0.0,0.0004,0.7308,0.3658,0.4778,0.5633,0.0503,0.1376,0.0491,2.7247,0.6057,1.6591,0.0375,0.0189,0.0221,0.013,0.0539,0.0283,0.0523,0.2139,1.1142,11.9625,62000.0,4478836000,126069000,0.78,87.36,0.03113547835596,1,FY2018.FQ1
2018-08-09,2018-06,296813000,78554000,218259000,21651000,0,0,51892000,73543000,144716000,1188000,-44523000,-43335000,3429000,104810000,-2097000,102713000,0,-7560000,0,95153000,0,95153000,0.75,0.75,125874000,132773000,51892000,49194000,0,0,0,19912000,69106000,97556000,0,0,0,0,0,7555287000,7721949000,107252000,0,0,250000000,0,0,0,43737000,400989000,4517495000,0,0,0,87663000.0,5006147000,1000000,0,-276688000,62930000,2554447000,0,373852000,260999.99999997,2715802000,7721949000,7652843000,4605158000,102713000,51892000,0,0,0,4080000,4080000,0,3120000,6329000.0,168134000,-1089000,0,-1089000,-34314000,0,-34314000,0,0,0,0,-162764000.0,-198167000,0,0,0,0,164569000,-108486000,-11008000.0,45075000,0,15042000,-1089000,0,0,483386000,-318817000,196608000,167045000,0.02,86465000,2715802000,2715802000,0.0649,0.1815,0.0637,0.0641,0.0751,0.0751,0.7353,0.6623,0.4875,0.3531,0.3205,0.5627,2.8433,0.3516,1.7554,0.6173,2.2354,1.4807,1.0899,0.7893,1.2581,20.4544,20.4544,12590632260,17058933260,25.5318,4.636,4.636,10.9646,19.6073,23.7735,34.5928,6.2813,6.2813,14.8558,26.5657,32.2106,0.0753,0.0651,0.0741,0.0609,0.0809,0.0936,0.0869,-0.0001,0.5544,0.0,0.0972,0.0531,-0.0443,0.6135,-0.035,0.1025,0.0006,0.7335,0.3658,0.484,0.5648,0.0521,0.142,0.0508,2.7302,0.6079,1.6606,0.0277,0.2676,0.0243,0.0136,0.0784,0.0383,0.0757,0.1723,1.1466,0.9539,77000.0,4718301000,126146000,0.86,99.81,0.03113547835596,2,FY2018.FQ2
2018-11-06,2018-09,306953000,81372000,225581000,19707000,0,0,52283000,71990000,153591000,1371000,-47066000,-45695000,34429000,142325000,-2638000,139687000,0,-9269000,0,130418000,0,130418000,1.03,1.02,126467000,134240000,52283000,45378000,0,0,0,21205000,66583000,114451000,0,0,0,0,0,7617656000,7798690000,126539000,0,0,0,0,0,0,44218000,170757000,4761455000,0,0,0,96384000.0,5028596000,1000000,0,-255065000,68362000,2581158000,0,374375000,264000.00000012,2770094000,7798690000,7732107000,4857839000,139687000,52283000,0,0,0,19583000,19583000,0,2610000,-24878000.0,189285000,-806000,0,-806000,-18054000,20000,-18034000,0,0,0,0,-69094000.0,-87934000,0,0,0,0,-16374000,-108795000,21295000.0,-103874000,0,-2523000,-806000,0,0,328000000,-344374000,205874000,188479000,0.0185,91058125,2770094000,2770094000,0.0682,0.1931,0.0672,0.0676,0.0754,0.0754,0.7349,0.6707,0.5003,0.4636,0.4248,0.614,2.8153,0.3551,1.7188,0.6105,2.2865,1.5336,1.1441,1.0602,1.404,20.6353,20.6353,10960393200,15676470200,20.6882,3.9566,3.9566,9.3591,16.3207,19.3069,29.59,5.6591,5.6591,13.3861,23.3432,27.6143,0.0802,0.0873,0.0953,0.098,0.3653,0.3909,0.3783,0.0089,-0.2879,0.0,0.1004,0.0762,0.1787,0.4714,0.1849,0.0,0.0028,0.7351,0.3658,0.4861,0.5726,0.0527,0.143,0.0515,2.7353,0.6089,1.6624,0.0295,0.0444,0.0217,0.0133,0.0714,0.0383,0.0708,0.3899,0.8431,4.6497,359000.0,4716077000,126505000,0.86,86.64,0.03113547835596,3,FY2018.FQ3
2019-02-26,2018-12,307353000,79116000,228237000,18434000,0,0,53126000,71560000,156677000,1295000,-49359000,-48064000,3804000,112417000,-3167000,109250000,0,-7788000,0,101462000,0,101462000,0.8,0.8,126470000,133589000,53126000,57496000,0,0,0,15194000,72690000,125326000,0,0,0,132000000,0,7517962000,7847978000,101461000,0,0,81000000,0,0,0,45197000,227658000,4730515000,0,0,0,104383000.0,5062556000,1000000,0,-262902000,34650000,2640705000,0,371698000,271000.00000019,2785422000,7847978000,7775288000,4834898000,109250000,53126000,0,0,0,-24179000,-24179000,0,2720000,7851000.0,148768000,-1271000,0,-1271000,-12694000,1166000,-11528000,0,0,0,0,-114070000.0,-126869000,0,0,0,0,50717000,-109299000,42790000.0,-15792000,0,6107000,-1271000,0,0,439644000,-388927000,209803000,147497000,0.0281,93865000,2785422000,2653422000,0.053,0.1495,0.0523,0.0526,0.0768,0.0775,0.7425,0.6826,0.5097,0.3657,0.3301,0.4798,2.8175,0.3549,1.7273,0.613,2.3007,1.5705,1.1728,0.8415,1.1041,20.8506,19.8625,11500369920,16173388920,27.6924,4.1287,4.3341,9.6108,17.0755,25.2022,38.9449,5.8064,6.0952,13.516,24.014,35.4427,0.0905,0.0917,0.1026,0.1102,-0.4976,-0.5301,-0.5266,-0.0291,0.0325,0.0,0.0518,0.0226,0.0069,0.418,0.0132,0.0,0.0047,0.7385,0.3653,0.4899,0.5648,0.053,0.1463,0.0521,2.7445,0.6097,1.6675,0.0232,0.0194,0.0196,0.0131,0.0031,0.0098,0.0031,0.3192,1.075,14.2572,599000.0,4754019000,127104000,0.86,90.48,0.03113547835596,4,FY2018.FQ4
2019-05-07,2019-03,311546000,85732000,225814000,22678000,0,0,54659000,77337000,148477000,1388000,-48522000,-47134000,2630000,103973000,-1813000,102160000,0,-7390000,0,94770000,0,94770000,0.74,0.74,127037000,134290000,54659000,38988000,0,0,0,7840000,46828000,161029000,94198000,0,94198000,0,0,7830459000,8132514000,99302000,0,0,335000000,0,0,0,44570000,478872000,4666094000,103578000,0,0,110158000.0,5358702000,1000000,0,-277655000,11807000,2648723000,0,389663000,273999.99999989,2773812000,8132514000,8085686000,4879830000,102160000,54659000,0,0,0,3638000,3638000,0,2950000,5932000.0,169339000,-1182000,0,-1182000,-17395000,0,-17395000,0,0,0,0,-228398000.0,-246975000,0,0,0,0,168052000,-109523000,-6755000.0,51774000,0,-25862000,-1182000,0,0,424000000,-255948000,203136000,168157000,0.0174,89046875,2773812000,2773812000,0.0527,0.1517,0.0519,0.0522,0.0769,0.0775,0.7248,0.652,0.4765,0.3337,0.3041,0.5397,2.9318,0.341,1.8403,0.6276,2.3199,1.5126,1.1056,0.7742,1.2521,20.6553,20.6553,12982518720,17609624720,30.7786,4.6803,4.6803,10.6182,19.3428,28.0082,41.7484,6.3485,6.3485,14.4026,26.2368,37.9906,0.0912,0.0902,0.0941,0.1087,0.0744,0.0738,0.0571,0.0121,0.0974,0.0,0.0885,0.021,-0.0132,-0.045,-0.0136,0.0,0.0022,0.7351,0.359,0.4899,0.5612,0.053,0.1506,0.0521,2.7517,0.6102,1.6738,0.0193,-0.0225,0.0189,0.0092,0.0143,0.0098,0.0146,0.0977,1.1621,-13.6223,288000.0,4962106000,127392000,0.86,101.91,0.03113547835596,1,FY2019.FQ1
2019-08-06,2019-06,323602000,87852000,235750000,23351000,0,0,54406000,77757000,157993000,1718000,-48633000,-46915000,4326000,115404000,-2715000,112689000,0,-7861000,0,104828000,0,104828000,0.82,0.81,127585000,135655000,54406000,47667000,0,0,0,7977000,55644000,174480000,221479000,0,221479000,0,0,7939116000,8390719000,115056000,0,0,382000000,0,0,0,45081000,542137000,4656198000,230816000,0,0,132757000.0,5561908000,1000000,0,-288399000,-27476000,2756799000,0,386602000,285000.00000031,2828811000,8390719000,8335075000,5019771000,112689000,54406000,0,0,0,18421000,18421000,0,4000000,4552000.0,194068000,-841000,0,-841000,-13949000,0,-13949000,0,0,0,0,-178664000.0,-193454000,0,98796000,98796000,0,33650000,-115572000,-8672000.0,8202000,0,8816000,-841000,0,0,333000000,-299350000,212399000,193227000,0.0235,94906250,2828811000,2828811000,0.0522,0.154,0.0515,0.0517,0.076,0.076,0.7285,0.6563,0.4882,0.3566,0.3239,0.5971,2.9661,0.3371,1.8626,0.6279,2.3854,1.5657,1.1646,0.8507,1.4244,20.8529,20.8529,13635229300,18243760300,31.6012,4.8201,4.8201,10.9129,19.5526,28.759,42.282,6.4492,6.4492,14.6013,26.1611,38.4792,0.0902,0.0801,0.0803,0.0917,0.101,0.1016,0.08,0.0217,-0.031,0.0,0.0866,0.0416,0.1542,0.2277,0.1567,0.0465,0.0087,0.7333,0.3548,0.4902,0.5612,0.0529,0.1528,0.0521,2.7844,0.6104,1.6973,0.0217,0.0222,0.0169,0.0086,0.0249,0.0144,0.0239,0.1026,1.1111,14.2027,1121000.0,4990531000,128513000,0.9,106.1,0.03113547835596,2,FY2019.FQ2
2019-11-05,2019-09,337505000,96297000,241208000,22519000,0,0,56051000,78570000,162638000,2799000,-48094000,-45295000,2704000,120047000,-4052000,115995000,0,-7908000,0,108087000,0,108087000,0.84,0.83,128777000,137318000,56051000,62277000,0,0,0,4438000,66715000,175442000,269318000,0,269318000,0,0,7806955000,8318430000,122658000,0,0,159000000,0,0,0,45143000,326801000,4653000000,279049000,0,0,151591000.0,5410441000,1000000,0,-296752000,-43439000,2861611000,0,385275000,293999.99999987,2907989000,8318430000,8251715000,5083640000,115995000,56051000,0,0,0,468000,468000,0,3040000,5505000.0,181059000,-2936000,0,-2936000,-2317000,0,-2317000,0,0,0,0,89305000.0,84052000,0,0,0,0,-228316000,-116440000,90716000.0,-254040000,0,11071000,-2936000,0,0,751000000,-979316000,218689000,178123000,0.0337,98455625,2907989000,2907989000,0.0489,0.1426,0.0485,0.0488,0.0764,0.0764,0.7146,0.6479,0.4818,0.3556,0.3202,0.5277,2.8605,0.3495,1.7507,0.612,2.4578,1.5925,1.1843,0.8742,1.2971,21.177,21.177,15117676200,19708399200,36.9492,5.1986,5.1986,11.8106,22.0052,33.4579,48.1694,6.7773,6.7773,15.3971,28.6874,43.6179,0.0995,0.0692,0.0622,0.0589,-0.1565,-0.1712,-0.1862,0.0229,0.3724,0.0,0.0666,0.0497,-0.0434,-2.6426,-0.0549,0.0,0.0069,0.7324,0.3561,0.4902,0.5612,0.0529,0.1528,0.0521,2.8164,0.6112,1.7231,0.0252,0.0263,0.0169,0.0118,0.0476,0.0144,0.0481,0.2041,1.0843,14.0296,897000.0,4749723000,129410000,0.9,116.82,0.03113547835596,3,FY2019.FQ3
2020-02-25,2019-12,335801000,95545000,240256000,20870000,0,0,54741000,75611000,164645000,1562000,-46019000,-44457000,2819000,123007000,-2728000,120279000,0,-7997000,0,112282000,0,112282000,0.87,0.86,129323000,137242000,54741000,65746000,0,43586000,0,4987000,114319000,338054000,264643000,0,264643000,134932000,0,7680429000,8532377000,111382000,0,0,158000000,0,0,0,45264000,314646000,4888486000,274783000,0,0,132768000.0,5610683000,1000000,0,-301049000,-28966000,2868681000,0,381733000,294999.99999962,2921694000,8532377000,8418058000,5296037000,120279000,54741000,0,0,0,-21820000,-21820000,0,3060000,6960000.0,163220000,-2805000,0,-2805000,-164098000,0,-164098000,0,0,0,0,-98350000.0,-265253000,0,0,0,0,231881000,-116579000,-9251000.0,106051000,0,4018000,-2805000,0,0,706000000,-474119000,219386000,160415000,0.0221,98881250,2921694000,2786762000,0.0498,0.144,0.0493,0.0497,0.0766,0.0773,0.7154,0.6533,0.4903,0.3663,0.3343,0.4777,2.9203,0.3424,1.8212,0.6236,2.4467,1.5985,1.1996,0.8962,1.1688,21.2886,20.3054,13681381080,18504121080,32.5772,4.6826,4.9094,10.4561,19.547,29.5857,44.0608,6.3333,6.64,14.1419,26.4374,40.0148,0.0925,0.0526,0.0456,0.0508,0.0942,0.1066,0.075,0.0273,0.1434,0.0,0.0872,0.0489,0.0971,-1.2069,0.0875,0.0,0.0009,0.7292,0.3611,0.4892,0.5497,0.0529,0.1528,0.0521,2.8304,0.6125,1.739,0.0198,0.0222,0.0194,0.0125,-0.0075,0.0144,-0.0074,0.3633,1.0465,14.6293,123999.99999999,4980740000,129534000,0.9,105.62,0.03113547835596,4,FY2019.FQ4
2020-05-08,2020-03,332452000,96975000,235477000,23011000,0,0,55275000,78286000,157191000,1674000,-45567000,-43893000,5043000,118341000,-2179000,116162000,0,-7983000,0,108179000,0,108179000,0.84,0.83,129289000,137140000,55275000,93297000,0,0,0,4633000,97930000,342404000,259681000,0,259681000,0,0,7849471000,8549486000,116069000,0,0,244000000,0,0,0,45712000,405781000,4881797000,270174000,0,0,217104000.0,5774856000,1000000,0,-362264000,-113840000,2872933000,0,376511000,290000.00000042,2774630000,8549486000,8451556000,5369075000,116162000,55275000,0,0,0,7908000,7908000,0,2980000,6931000.0,189256000,-1095000,0,-1095000,-6441000,0,-6441000,0,0,0,0,-53037000.0,-60573000,0,-52204000,-52204000,0,75492000,-117197000,-7577000.0,-101486000,0,27197000,-1095000,0,0,268000000,-192508000,212466000,188161000,0.0184,94301250,2774630000,2774630000,0.0507,0.1521,0.0504,0.0509,0.0766,0.0772,0.7083,0.639,0.4728,0.3559,0.3253,0.5659,3.0813,0.3245,1.9447,0.6311,2.4241,1.5492,1.1462,0.8629,1.372,20.232,20.232,12356774640,17145274640,28.5128,4.4534,4.4534,9.2952,17.1639,25.9161,39.5621,6.1793,6.1793,12.8973,23.8153,35.9591,0.0671,0.0427,0.0459,0.0586,0.1381,0.1414,0.1216,0.0212,1.3929,1.7567,0.0512,0.0002,0.1176,0.0736,0.1189,0.0,-0.0038,0.727,0.3562,0.4878,0.5512,0.0529,0.153,0.0521,2.8519,0.6152,1.753,0.0158,0.0115,0.0189,0.0075,0.0169,0.0144,0.0165,0.2413,1.0843,24.6999,-495000.0,5032500000,129039000,0.9,95.76,0.03113547835596,1,FY2020.FQ1
2020-08-06,2020-06,327246000,95898000,231348000,25337000,0,0,56018000,81355000,149993000,1669000,-42272000,-40603000,5044000,114434000,-3177000,111257000,0,-8346000,0,102911000,0,102911000,0.8,0.8,128932000,129082000,56018000,56397000,0,0,0,5354000,61751000,344177000,261304000,0,261304000,0,0,7862662000,8529894000,132257000,0,0,207000000,0,0,0,46100000,385357000,4873898000,271875000,0,0,253246000.0,5784376000,1000000,0,-391285000,-119256000,2884940000,0,369828000,291000.00000017,2745518000,8529894000,8468143000,5399019000,111257000,56018000,0,0,0,25517000,25517000,0,4880000,5145000.0,202817000,-1670000,0,-1670000,-3100000,0,-3100000,0,0,0,0,-46525000.0,-51295000,0,-15615000,-15615000,0,-48181000,-116318000,-7587000.0,-187701000,0,-36179000,-1670000,0,0,326000000,-374181000,206011000,201147000,0.0277,89572500,2745518000,2745518000,0.0505,0.1563,0.0507,0.0511,0.0758,0.0758,0.7069,0.6295,0.4583,0.3496,0.3144,0.6146,3.1068,0.3218,1.9496,0.6275,2.5351,1.5959,1.1619,0.8865,1.5582,21.2695,21.2695,11922195900,16739696900,27.6322,4.3424,4.3424,8.9438,16.3801,25.0556,38.7978,6.097,6.097,12.5578,22.9989,35.18,0.0112,-0.0186,-0.03,-0.0506,-0.0084,-0.0182,-0.0123,-0.0484,0.1831,0.1798,0.0165,-0.0294,0.045,-0.9857,0.0409,0.0,0.0002,0.7251,0.3558,0.4847,0.5643,0.0525,0.153,0.0517,2.8904,0.6205,1.7883,0.015,-0.072,0.0134,0.0007,0.0328,0.0144,0.0321,0.1602,1.125,-3.8346,31000.000000015,5024501000,129070000,0.9,92.37,0.03113547835596,2,FY2020.FQ2
2020-11-06,2020-09,343024000,99511000,243513000,23894000,0,0,56412000,80306000,163207000,3145000,-43446000,-40301000,5605000,128511000,-4657000,123854000,0,-9221000,0,114633000,0,114633000,0.89,0.88,128862000,129871000,56412000,74803000,0,0,0,5771000,80574000,347786000,256154000,0,256154000,0,0,8076590000,8761104000,153838000,0,0,94000000,0,0,0,46527000,294365000,5186222000,267093000,0,0,245602000.0,5993282000,1000000,0,-392891000,-108708000,2889592000,0,378538000,291000.00000017,2767822000,8761104000,8680530000,5698917000,123854000,56412000,0,0,0,2621000,2621000,0,3450000,4857000.0,191194000,-642000,0,-642000,-4396000,0,-4396000,0,0,0,0,-246939000.0,-251977000,0,-54000,-54000,0,198939000,-116185000,-3094000.0,79606000,0,18823000,-642000,0,0,825000000,-626061000,219619000,190552000,0.0362,98206875,2767822000,2767822000,0.0506,0.1588,0.051,0.0514,0.075,0.075,0.7099,0.6402,0.4757,0.3746,0.3341,0.5555,3.1653,0.3159,2.0042,0.6331,2.6412,1.691,1.2566,0.9895,1.4672,21.312,21.312,13811874050,18923293050,31.5335,4.9901,4.9901,10.3187,18.6577,28.5196,43.2033,6.8368,6.8368,14.1374,25.5625,39.074,0.0163,0.0095,0.0042,0.0034,0.0705,0.0605,0.0602,-0.0542,0.2011,-0.0488,0.0532,-0.0482,0.0559,0.7813,0.0697,0.0,0.0001,0.7201,0.3562,0.4847,0.5591,0.0514,0.153,0.0512,2.9261,0.6255,1.8308,0.0185,0.0231,0.016,0.0018,0.0111,0.0144,0.0108,0.2737,1.0227,13.6225,25000.0,5205419000,129095000,0.9,106.99,0.03113547835596,3,FY2020.FQ3
2021-02-26,2020-12,353490000,94725000,258765000,24352000,0,0,56739000,81091000,177674000,8704000,-41016000,-32312000,24744000,170106000,-3797000,166309000,0,-10253000,0,156056000,0,156056000,1.2,1.19,131031000,131031000,56739000,109124000,0,293810000,0,18885000,421819000,697444000,252172000,0,252172000,137138000,0,7887275000,9395848000,130012000,0,0,949000000,0,0,0,47126000,1126138000,4797303000,263485000,0,0,272798000.0,6459724000,1000000,0,-354900000,-99093000,3000458000,0,388345000,313999.0,2936124000,9395848000,8974029000,5333586000,166309000,56739000,0,0,0,-18114000,-18114000,0,4970000,-21939000.0,187965000,-3686000,0,-3686000,-50855000,0,-50855000,0,0,0,0,-537041000.0,-591582000,0,0,0,0,465020000,-118065000,104097000.0,451052000,0,47435000,-3686000,0,0,1862000000,-1396980000,234413000,184279000,0.0223,110078125,2936124000,2798986000,0.053,0.1689,0.0534,0.0539,0.0729,0.0734,0.732,0.6631,0.5026,0.4812,0.4414,0.5213,3.2,0.3124,2.0468,0.6396,2.6977,1.7889,1.3559,1.2982,1.4063,22.4078,21.3612,15219137880,19907316880,31.5894,5.1834,5.4373,11.2217,19.9167,28.6401,41.3204,6.7801,7.1123,14.6786,26.0519,37.4625,0.0526,0.077,0.0684,0.0791,0.3828,0.3898,0.3837,-0.0452,0.6597,-0.0471,0.1011,0.0049,0.1516,-0.314,0.1487,0.0,0.0175,0.7201,0.3611,0.485,0.5476,0.0514,0.153,0.0512,2.949,0.6276,1.8514,0.0176,0.0472,0.0198,0.0078,0.0098,0.0045,0.0112,0.3745,0.7563,6.6862,2263000.0,5637179000,131358000,0.9,115.86,0.03113547835596,4,FY2020.FQ4
2021-05-03,2021-03,358857000,99528000,259329000,23540000,0,0,58599000,82139000,177190000,12304000,-40695000,-28391000,70839000,219638000,-4137000,215501000,0,-12503000,0,202998000,0,202998000,1.54,1.53,132008000,139677000,58599000,60330000,0,0,0,2465000,62795000,957228000,238927000,0,238927000,0,0,8077662000,9336612000,129044000,0,0,353000000,0,0,0,62089000,544133000,4947417000,242952000,0,0,287461000.0,6021963000,1000000,0,-284442000,-77180000,3282255000,0,392680000,335999.99999979,3314649000,9336612000,9273817000,5477830000,215501000,58599000,0,0,0,-6092000,-6092000,0,3650000,-67778000.0,203880000,-697000,0,-697000,-250000,31169000,30919000,0,0,0,0,12373000.0,42595000,273720000,0,273720000,0,-446409000,-132540000,-6460000.0000001,-311689000,0,-65214000,-697000,0,0,1747000000,-2193409000,235789000,203183000,0.0188,110619375,3314649000,3314649000,0.0615,0.1844,0.062,0.0626,0.0727,0.0733,0.7226,0.657,0.4937,0.612,0.5656,0.5661,2.8167,0.355,1.6723,0.5937,2.5691,1.6881,1.2685,1.5724,1.4546,23.7308,23.7308,17721007150,22608094150,30.7337,5.3462,5.3462,12.817,22.7437,28.009,39.2094,6.8206,6.8206,16.3516,29.0159,35.7333,0.0794,0.1012,0.1097,0.1272,0.8559,0.8765,0.8433,0.0184,-0.3533,-0.0799,0.092,0.1946,0.0772,0.3634,0.0798,0.1111,0.0177,0.719,0.3611,0.485,0.5476,0.0514,0.153,0.0512,2.949,0.6276,1.8514,0.0157,0.0413,0.0181,0.0181,0.0075,0.0151,0.0074,0.1154,0.6535,7.4272,2335000.0,5240087000,133693000,1.0,132.55,0.03113547835596,1,FY2021.FQ1
2021-08-05,2021-06,378630000,95890000,282740000,26341000,0,0,59570000,85911000,196829000,12838000,-40240000,-27402000,14573000,184000000,-5421000,178579000,0,-10631000,0,167948000,0,167948000,1.25,1.25,133757000,140407000,59570000,56006000,0,0,0,3743000,59749000,930009000,233929000,0,233929000,0,0,8239405000,9463092000,150091000,0,0,261000000,0,0,0,62704000,473795000,5109882000,238411000,0,0,280049000.0,6102137000,1000000,0,-250271000,-71830000,3288852000,0,392867000,336999.99999999,3360955000,9463092000,9403343000,5628342000,178579000,59570000,0,0,0,27502000,27502000,0,4980000,-10823000.0,259808000,-1380000,0,-1380000,-6924000,365000,-6559000,0,0,0,0,-179958000.0,-187897000,-211000,0,-211000,0,71780000,-133777000,-12749000.0,-74957000,0,-3046000,-1380000,0,0,1071396000,-999616000,256399000,258428000,0.0294,124397500,3360955000,3360955000,0.0682,0.1922,0.0689,0.0693,0.0777,0.0777,0.7467,0.6771,0.5198,0.4859,0.4435,0.6825,2.8155,0.3551,1.6689,0.5927,2.6966,1.8261,1.4018,1.3104,1.8405,23.9372,23.9372,21917641620,26971517620,34.159,6.5212,6.5212,15.2842,26.2034,31.2103,42.0356,8.0249,8.0249,18.8085,32.2455,38.407,0.157,0.2221,0.2445,0.3122,0.6079,0.6319,0.5625,0.0877,-0.0069,-0.1047,0.1094,0.2241,0.2809,0.1736,0.2847,0.0,0.0007,0.719,0.3614,0.485,0.5607,0.0514,0.1551,0.0512,2.949,0.6276,1.8514,0.021,0.0456,0.0188,0.0189,0.0576,0.0151,0.0573,0.1261,0.8,7.4845,97999.999999985,5314876000,133791000,1.0,163.82,0.03113547835596,2,FY2021.FQ2
2021-11-03,2021-09,412492000,100303000,312189000,24395000,0,0,61516000,85911000,226278000,11729000,-39670000,-27941000,8255000,206592000,-6772000,199820000,0,-11544000,0,188276000,0,188276000,1.41,1.4,133810000,140425000,61516000,65565000,0,0,0,15717000,81282000,979880000,229184000,0,229184000,0,0,8418013000,9708359000,164674000,0,0,174000000,0,0,0,63196000,401870000,5409828000,234118000,0,0,279668000.0,6325484000,1000000,0,-229269000,-64155000,3283848000,0,391113000,338000.00000019,3382875000,9708359000,9627077000,5923614000,199820000,61516000,0,0,0,4939000,4939000,0,4010000,-4705000.0,265580000,-981000,0,-981000,-13660000,0,-13660000,0,0,0,0,-257849000.0,-272490000,-151000,0,-151000,0,211429000,-167274000,-15562000.0,28442000,0,21532000,-981000,0,0,1544953000,-1333524000,287794000,264599000,0.0327,141539375,3382875000,3382875000,0.0746,0.2121,0.0754,0.0759,0.083,0.083,0.7568,0.6976,0.5485,0.5008,0.4564,0.6414,2.8698,0.3484,1.7198,0.5992,2.9374,2.0494,1.6113,1.4711,1.8842,24.0902,24.0902,22480253810,27824516810,31.4286,6.6453,6.6453,14.9522,24.6903,28.8084,38.9002,8.2251,8.2251,18.5068,30.5599,35.657,0.2025,0.282,0.3104,0.3864,0.6075,0.6424,0.5909,0.0812,-0.1234,-0.1052,0.1081,0.2222,0.389,-0.528,0.3885,0.25,0.0002,0.719,0.3704,0.4892,0.566,0.0514,0.1576,0.0512,2.9432,0.6255,1.8419,0.0284,0.0658,0.0178,0.02,0.0463,0.0381,0.046,0.2022,0.8928,4.7739,27999.999999985,5518263000,133819000,1.25,167.99,0.03113547835596,3,FY2021.FQ3
2022-02-28,2021-12,427383000,102375000,325008000,27918000,0,0,62194000,90112000,234896000,12832000,-45578000,-32746000,85702000,287852000,-3994000,283858000,0,-15431000,0,268427000,0,268427000,2.0,2.0,133906000,140499000,62194000,71126000,0,502237000,0,44452000,617815000,757326000,257009000,0,257009000,16459000,0,8825868000,10474477000,142285000,0,0,535000000,0,0,0,63582000,740867000,5422747000,233356000,0,0,291531000.0,6688501000,1000000,0,-128245000,-42546000,3285948000,0,669480000,339000.0000004,3785976000,10474477000,9856662000,5947634000,283858000,62194000,0,0,0,-46914000,-46914000,0,4660000,-80630000.0,223168000,-601000,0,-601000,-33768000,0,-33768000,0,0,0,0,-385379000.0,-419748000,-169000,0,-169000,0,369891000,-167403000,-10826000.0,191493000,0,-5087000,-601000,0,0,1343632000,-973741000,297090000,222567000,0.0138,145185625,3785976000,3769517000,0.082,0.2309,0.0817,0.0823,0.0845,0.0846,0.7604,0.6951,0.5496,0.6735,0.628,0.5207,2.7666,0.3614,1.6352,0.591,3.0418,2.1145,1.6718,2.0487,1.5841,26.9466,26.8294,30364135060,35715756060,36.6872,8.0201,8.0551,19.2499,32.0034,33.8099,43.1532,9.4336,9.4748,22.6427,37.6439,39.7689,0.209,0.2559,0.2673,0.322,0.6921,0.72,0.6806,0.0722,-0.3482,0.0191,0.1147,0.2894,0.1872,0.8369,0.2077,0.0,0.0007,0.719,0.4279,0.492,0.5607,0.0519,0.1639,0.0522,2.8951,0.6178,1.786,0.0282,0.0945,0.0224,0.0295,0.0142,0.0333,0.014,0.8339,0.625,3.8782,103000.00000001,5886621000,133922000,1.25,226.73,0.03113547835596,4,FY2021.FQ4
2022-05-06,2022-03,443562000,110584000,332978000,29762000,0,0,67906000,97668000,235310000,18989000,-42538000,-23549000,9097000,220858000,-3141000,217717000,0,-14138000,0,203579000,0,203579000,1.52,1.51,134180000,141582000,67906000,65978000,0,394107000,0,6688000,466773000,775291000,236961000,0,236961000,147978000,0,8964747000,10591750000,136856000,0,0,220000000,0,0,0,64506000,421362000,5792666000,242842000,0,0,256716000.0,6713586000,1000000,0,-127193000,6457000,3329608000,0,667949000,342999.99999985,3878164000,10591750000,10124977000,6292224000,217717000,67906000,0,0,0,1998000,1998000,0,4540000,-4696000.0,287465000,-7985000,0,-7985000,-4321000,342000,-3979000,0,0,0,0,-109408000.0,-121372000,0,0,0,-3375000,58905000,-202527000,-22624000.0,-169621000,0,-3528000,-7985000,-3375000,0,1289829000,-1230924000,303216000,279480000,0.0142,150100625,3878164000,3730186000,0.0786,0.2161,0.0772,0.0777,0.0864,0.0871,0.7506,0.6835,0.5305,0.4979,0.4589,0.63,2.7311,0.3661,1.613,0.5906,3.1328,2.1416,1.662,1.5599,1.9739,27.3916,26.3464,27602005600,33328693600,33.3264,7.1172,7.3996,16.607,26.9268,30.6926,40.2408,8.5939,8.9348,20.0525,32.5134,37.0606,0.236,0.2839,0.2859,0.328,0.0055,0.0028,-0.013,0.0136,0.0936,-0.0082,0.1344,0.17,0.4099,-10.4562,0.3755,0.2,0.0024,0.7273,0.4835,0.4981,0.566,0.0573,0.1767,0.0577,2.8951,0.6114,1.7705,0.0277,0.0616,0.0244,0.0292,0.046,0.0524,0.0473,1.1077,0.9933,5.4039,329000.0,5946688000,134251000,1.5,205.6,0.03113547835596,1,FY2022.FQ1
2022-08-05,2022-06,474988000,111789000,363199000,31251000,0,0,69067000,100318000,262881000,15060000,-47466000,-32406000,22974000,253449000,-5615000,247834000,0,-15704000,0,232130000,0,232130000,1.73,1.73,134193000,142738000,69067000,58729000,0,476337000,0,47793000,582859000,844771000,266827000,0,266827000,151938000,170810000,9021562000,11038767000,171918000,0,0,599000000,0,0,0,65377000,836295000,5788640000,238392000,0,0,282200000.0,7145527000,1000000,0,-159091000,25555000,3334317000,0,691120000,338999.99999994,3893240000,11038767000,10455908000,6309232000,247834000,69067000,0,0,0,48486000,48486000,0,5250000,-17715000.0,352922000,-1527000,0,-1527000,-229319000,0,-229319000,0,0,0,0,-217810000.0,-448656000,0,-63008000,-63008000,-1125000,374221000,-201024000,-15830000.0,93234000,0,-2500000,-1527000,-1125000,0,1058828000,-684607000,331948000,351395000,0.0221,163898125,3893240000,3570492000,0.0825,0.2296,0.081,0.0815,0.0905,0.0925,0.7646,0.6988,0.5534,0.5335,0.4887,0.7397,2.8353,0.3526,1.7019,0.6002,3.3276,2.3255,1.8417,1.7756,2.4618,27.2754,25.0143,22779068000,28508979000,25.5252,5.8509,6.3798,12.9542,20.374,23.5138,31.9459,7.3226,7.9846,16.2127,25.499,29.4285,0.2544,0.2845,0.2946,0.3355,0.3774,0.3821,0.384,0.0166,0.0486,0.1406,0.1665,0.1583,0.3583,-0.1065,0.3597,0.0,-0.0026,0.7393,0.4919,0.5112,0.5904,0.0649,0.1883,0.0654,2.8526,0.5997,1.7108,0.0352,0.0723,0.026,0.0291,0.0815,0.0524,0.0801,0.6969,0.867,3.5258,-351000.0,6328911000,133900000,1.5,170.12,0.03113547835596,2,FY2022.FQ2
2022-11-04,2022-09,498902000,125347000,373555000,32275000,0,0,71423000,103698000,269857000,18125000,-56245000,-38120000,11149000,242886000,-6760000,236126000,0,-15407000,0,220719000,0,220719000,1.65,1.65,133914000,141504000,71423000,86991000,0,437996000,0,68229000,593216000,868691000,269697000,0,269697000,164004000,170810000,9774227000,11840645000,191183000,0,0,600000000,0,0,0,66141000,857324000,6393534000,233832000,0,0,286657000.0,7771347000,1000000,0,-139250000,48521000,3339961000,0,818727000,338999.99999994,4069298000,11840645000,11247429000,6914023000,236126000,71423000,0,0,0,-2377000,-2377000,0,5640000,-3178000.0,307634000,-9978000,0,-9978000,-26331000,0,-26331000,0,0,0,0,-635917000.0,-672226000,0,0,0,0,604958000,-200878000,-15300000.0,388780000,0,24188000,-9978000,0,0,2031308000,-1426350000,341280000,297656000,0.0278,170359375,4069298000,3734484000,0.0808,0.2323,0.0792,0.0797,0.0896,0.0923,0.7487,0.684,0.5409,0.4868,0.4424,0.5966,2.9097,0.3436,1.776,0.6103,3.5257,2.4118,1.907,1.7164,2.1035,28.7574,26.3913,23128977780,29435520780,25.0082,5.6837,6.1933,12.5371,20.0929,23.0128,31.8271,7.2335,7.882,15.9556,25.5716,29.2877,0.2094,0.1965,0.1858,0.1925,0.1756,0.1723,0.1785,0.0076,0.3267,0.1767,0.2196,0.2029,0.1583,-9.1712,0.1249,0.0,0.0001,0.7477,0.4923,0.5251,0.6056,0.0714,0.2021,0.0722,2.8526,0.5997,1.7108,0.0414,0.0711,0.0331,0.039,0.0469,0.0524,0.0497,0.6919,0.909,3.516,18000.0,6906543000,133918000,1.5,172.71,0.03113547835596,3,FY2022.FQ3
2023-02-28,2022-12,506718000,121182000,385536000,35963000,0,0,79920000,115883000,269653000,17248000,-72922000,-55674000,10909000,224888000,-5409000,219479000,0,-15219000,0,204260000,0,204260000,1.52,1.52,133920000,142022000,79920000,92868000,0,643986000,0,55185000,792039000,882412000,264533000,0,264533000,21575000,170810000,10036089000,12167458000,171680000,0,0,945000000,0,0,0,67352000,1184032000,6386462000,229035000,0,0,289655000.0,8089184000,1000000,0,-135872000,48798000,3345332000,0,818677000,338999.99999994,4078274000,12167458000,11375419000,6905152000,219479000,79920000,0,0,0,-10100000,-10100000,0,5960000,-5141000.0,290118000,-3342000,0,-3342000,-16294000,0,-16294000,0,0,0,0,-386569000.0,-406205000,0,0,0,0,338327000,-200882000,-17977000.0,119468000,0,3381000,-3342000,0,0,1204146000,-865819000,349573000,286776000,0.024,169801250,4078274000,3885889000,0.0716,0.2112,0.07,0.0705,0.0882,0.0902,0.7608,0.6898,0.5321,0.4438,0.4031,0.5659,2.9834,0.3351,1.8538,0.6213,3.5678,2.4614,1.8986,1.5834,2.0192,28.7157,27.3611,19710492780,26004086780,22.9008,4.833,5.0723,10.2436,16.2185,20.9222,30.2131,6.3762,6.6919,13.5144,21.3971,27.6028,0.1856,0.1862,0.1766,0.1479,-0.2187,-0.239,-0.24,0.0108,0.3056,0.0292,0.1616,0.0772,0.2999,-4.5607,0.2884,0.0,0.0,0.7497,0.4923,0.5313,0.5814,0.0731,0.2117,0.0727,2.8526,0.5997,1.7108,0.0446,0.0662,0.0361,0.0403,0.0361,0.0524,0.0364,0.6689,0.9868,3.4546,2999.9999,7238594000,133921000,1.5,147.18,0.03113547835596,4,FY2022.FQ4
2023-05-04,2023-03,503050000,126255000,376795000,34763000,0,0,78490000,113253000,263542000,19438000,-80099000,-60661000,10305000,213186000,-4308000,208878000,0,-12574000,0,196304000,0,196304000,1.46,1.46,134511000,142940000,78490000,47951000,0,648595000,0,58065000,754611000,900617000,270199000,0,270199000,135427000,170810000,9901005000,12132669000,178156000,0,0,94500000,0,0,0,68284000,340940000,7237298000,234255000,0,0,287475000.0,8099968000,1000000,0,-159556000,35081000,3376458000,0,779368000,349999.99999991,4032701000,12132669000,11378058000,7759028000,208878000,78490000,0,0,0,-9037000,-9037000,0,5500000,-2182000.0,281649000,-3930000,0,-3930000,-21062000,0,-21062000,0,0,0,0,-61347000.0,-86339000,0,0,0,-5000000,2543000,-219988000,-20158000.0,-242603000,0,-47293000,-3930000,-5000000,0,1881592000,-1879049000,342032000,277719000,0.0202,169003750,4032701000,3726464000,0.0702,0.2104,0.0687,0.0691,0.0895,0.0914,0.749,0.6799,0.5238,0.4237,0.3902,0.552,3.0085,0.3323,1.8761,0.6236,3.5193,2.3928,1.8437,1.4914,1.9429,28.2125,26.0701,21996690510,29186037510,25.7749,5.4545,5.9028,11.0889,18.1259,23.5407,34.1991,7.2373,7.832,14.7132,24.0502,31.2347,0.1341,0.1315,0.128,0.1199,-0.0347,-0.0357,-0.0331,0.0095,-0.2732,0.1402,0.1454,0.0398,-0.0202,0.5078,-0.0063,0.08,0.0081,0.7498,0.4923,0.5313,0.5814,0.0731,0.2117,0.0727,2.8526,0.5997,1.7108,0.039,0.0519,0.033,0.0383,0.0383,0.0605,0.0394,2.2133,1.1095,4.9633,1086000.0,7283847000,135007000,1.62,162.93,0.03113547835596,1,FY2023.FQ1
2023-08-09,2023-06,511386000,124119000,387267000,34842000,0,0,79086000,113928000,273339000,21077000,-86372000,-65295000,13254000,221298000,-5986000,215312000,0,-12902000,0,202410000,0,202410000,1.5,1.5,134832000,143530000,79086000,50644000,0,691161000,0,69347000,811152000,1047775000,262747000,0,262747000,165679000,170810000,9907290000,12365453000,212416000,0,0,275250000,0,0,0,69183000,556849000,7217488000,228343000,0,0,327366000.0,8330046000,1000000,0,-175941000,47065000,3383303000,0,779629000,351000.0,4035407000,12365453000,11554301000,7773197000,215312000,79086000,0,0,0,47495000,47495000,0,6940000,-955000.00000004,347878000,-1975000,0,-1975000,-150064000,0,-150064000,0,0,0,0,-119208000.0,-271247000,0,0,0,0,180671000,-218795000,-36036000.0,-74160000,0,2471000,-1975000,0,0,1548000000,-1367329000,352425000,345903000,0.027,175946250,4035407000,3698918000,0.0672,0.2041,0.0661,0.0663,0.0898,0.0922,0.7572,0.6891,0.5345,0.4327,0.3958,0.6764,3.0642,0.3263,1.9133,0.6244,3.5629,2.4554,1.9044,1.5418,2.4099,28.1154,25.771,20103532150,27270376150,24.4065,4.9817,5.4349,9.9519,16.6412,22.2813,33.1074,6.7577,7.3725,13.4998,22.5738,30.2245,0.0766,0.0662,0.0616,0.0397,-0.1268,-0.128,-0.1329,0.0055,-0.1376,-0.0152,0.1201,0.0365,-0.0142,-0.2933,-0.0156,0.6234,0.0003,0.7537,0.4923,0.5333,0.6133,0.0731,0.2117,0.0727,2.8526,0.5997,1.7108,0.0376,0.0234,0.0278,0.0323,0.0649,0.1131,0.0634,1.4566,1.7533,10.4207,52000.0,7442094000,135059000,2.63,148.85,0.03113547835596,2,FY2023.FQ2
2023-11-09,2023-09,748034000,204324000,543710000,37406000,0,0,152338000,189744000,353966000,22092000,-131127000,-109035000,-39131000,205800000,-6944000,198856000,0,-10506000,0,188350000,0,188350000,0.96,0.96,195324000,195328000,152338000,216121000,0,722925000,0,101409000,1040455000,1377548000,294109000,0,294109000,459026000,170810000,24283870000,27625818000,430124000,0,0,623000000,0,0,0,69445000,1122569000,10329079000,242441000,0,0,365028000.0,12059117000,2000000,0,-252877000,44912000,14742973000,0,1029580000,112999.0,15566701000,27625818000,26585363000,10936548000,198856000,152338000,0,0,0,47807000,47807000,0,6990000,2441000.0,408432000,-3610000,0,-3610000,-1190543000,0,-1190543000,0,0,0,0,-84313000.0,-1278466000,0,0,0,0,1343696000,-265286000,-38168000.0,1040242000,0,170208000,-3610000,0,0,2715073000,-1371377000,506304000,404822000,0.0337,228470000,15566701000,14936865000,0.0395,0.0807,0.0392,0.0395,0.0591,0.0606,0.7268,0.6768,0.4731,0.2751,0.2517,0.5411,1.7746,0.5634,0.7191,0.4052,3.8296,2.592,1.8121,1.0536,2.0725,79.6951,76.4706,25686936080,35799894080,32.4607,1.6501,1.7197,11.3198,19.5305,29.6899,45.2405,2.2997,2.3967,15.7765,27.2197,41.3789,0.4993,0.4555,0.4835,0.3116,-0.1526,-0.1466,-0.4181,0.3803,1.4844,0.0905,1.3331,2.8254,0.3276,0.6382,0.36,-0.768,0.5643,0.7537,0.4864,0.5333,0.6133,0.0731,0.2117,0.0727,2.8526,0.5997,1.7108,0.0762,-0.0455,0.1145,0.1672,0.0713,-0.0482,0.0719,0.9268,0.6354,-7.128,76217000.0,10735958000,211276000,0.61,121.58,0.03113547835596,3,FY2023.FQ3
2024-02-29,2023-12,797774000,216212000,581562000,39397000,0,0,196139000,235536000,346026000,22250000,-140223000,-117973000,3675000,231728000,-4321000,227407000,0,-11273000,0,216134000,0,216134000,1.02,1.02,211532000,211535000,196139000,99062000,0,739485000,0,91174000,929721000,1371617000,275938000,0,275938000,147584000,170810000,24560592000,27456262000,334518000,0,0,682000000,0,0,0,71069000,1087587000,10334748000,236515000,0,0,383463000.0,12042313000,2000000,0,-379015000,17435000,14750388000,0,1023028000,112999.0,15413949000,27456262000,26526541000,10954726000,227407000,196139000,0,0,0,-86823000,-86823000,0,7210000,20582000.0,364515000,-6479000,0,-6479000,-1021000,0,-1021000,0,0,0,0,-174704000.0,-182204000,0,0,0,0,47109000,-342272000,-5186000.0,-300349000,0,-118038000,-6479000,0,0,2518338000,-2471229000,542165000,358036000,0.0186,223126875,15413949000,15095555000,0.0291,0.0518,0.0289,0.0291,0.0456,0.0464,0.7289,0.6795,0.4337,0.2904,0.2709,0.4487,1.7812,0.5614,0.73,0.4098,3.7713,2.563,1.6357,1.0954,1.6925,72.8671,71.3619,33874362070,44110048070,42.1743,2.1976,2.2439,13.2309,24.4319,38.8462,54.918,2.8616,2.922,17.2288,31.8144,50.5842,0.5743,0.5084,0.5509,0.2832,0.0304,0.0581,-0.3289,0.4894,0.0666,0.0431,1.2565,2.7795,0.2564,-0.9386,0.2484,1.6557,0.0,0.7537,0.4653,0.5333,0.5812,0.0731,0.2117,0.0727,2.8526,0.5997,1.7108,0.0773,-0.0201,0.1123,0.1645,0.0331,0.0494,0.0344,0.8548,1.5882,-20.9523,3000.0,10917686000,211279000,1.62,160.33,0.03113547835596,4,FY2023.FQ4
2024-05-03,2024-03,799539000,223023000,576516000,43722000,0,0,196966000,240688000,335828000,23573000,-143592000,-120019000,15007000,230816000,-6742000,224074000,0,-10962000,0,213112000,0,213112000,1.01,1.01,211283000,220019000,196966000,50816000,0,895676000,0,80180000,1026672000,1366032000,272142000,0,272142000,455874000,170810000,24188590000,27480120000,338027000,0,0,620000000,0,0,0,71988000,1030015000,10537551000,232682000,0,0,390894000.0,12191142000,2000000,0,-510150000,28191000,14776888000,0,991932000,116999.0,15288978000,27480120000,26453448000,11161127000,224074000,196966000,0,0,0,23146000,23146000,0,5910000,15460000.0,465556000,-6602000,0,-6602000,-2412000,0,-2412000,0,0,0,0,-273057000.0,-282071000,592000,0,592000,0,132279000,-344208000,-21845000.0,-233182000,0,-49697000,-6602000,0,0,2279470000,-2147191000,532794000,458954000,0.0292,217774375,15288978000,14662294000,0.0298,0.0534,0.0296,0.0297,0.0483,0.0492,0.721,0.6663,0.42,0.2886,0.2665,0.574,1.7973,0.5563,0.7449,0.4144,3.6339,2.4215,1.5263,1.049,2.0859,69.4893,66.641,31113873000,41600608000,37.9434,2.035,2.122,10.8914,19.8466,34.9734,50.732,2.7209,2.8372,14.5623,26.5358,46.761,0.5893,0.53,0.5577,0.2742,0.0826,0.0856,-0.3082,0.5392,0.0597,0.0071,1.2649,2.7912,0.6529,-0.6798,0.6525,0.0,0.0017,0.7498,0.4382,0.5313,0.5699,0.0709,0.2108,0.0693,2.801,0.5956,1.6686,0.0684,-0.0321,0.1096,0.1628,0.0566,0.0262,0.0577,0.9967,1.6039,-11.8112,380000.0,11106735000,211659000,1.62,147.0,0.03113547835596,1,FY2024.FQ1
2024-08-02,2024-06,810663000,216533000,594130000,39901000,0,0,194809000,234710000,359420000,31226000,-147986000,-116760000,-37404000,205256000,-9844000,195412000,0,-9540000,0,185872000,0,185872000,0.88,0.88,211584000,211587000,194809000,76973000,0,1306741000,0,97176000,1480890000,1365155000,267109000,0,267109000,446333000,170810000,24031783000,27762080000,381941000,0,0,948000000,0,0,0,73133000,1403074000,10547305000,229035000,0,0,451826000.0,12631240000,2000000,0,-667667000,27241000,14810938000,0,958208000,119999.0,15130840000,27762080000,26281190000,11228166000,195412000,194809000,0,0,0,87805000,87805000,0,280000,66938000.0,545244000,-3050000,0,-3050000,-8377000,0,-8377000,0,0,0,0,-471269000.0,-482696000,-226000,0,-226000,0,323809000,-343428000,-16545000.0,-36390000,0,26158000,-3050000,0,0,1584000000,-1260191000,554229000,542194000,0.0479,238191250,15130840000,14513697000,0.029,0.0528,0.0289,0.029,0.0513,0.0525,0.7328,0.6836,0.4433,0.2531,0.2292,0.6688,1.8348,0.545,0.7748,0.4223,3.8313,2.6193,1.6986,0.97,2.5625,71.5111,68.5944,32935575070,43405907070,40.9917,2.1767,2.2692,10.4358,18.6708,37.7009,54.0231,2.8687,2.9906,13.7534,24.6064,49.6862,0.5852,0.5341,0.5726,0.3149,-0.0724,-0.0817,-0.4133,0.4741,0.5198,0.0166,1.2451,2.7495,0.5673,-0.5443,0.5674,0.0,0.0012,0.7488,0.4282,0.5271,0.5853,0.0687,0.2073,0.0674,2.7832,0.5954,1.6574,0.0661,-0.0788,0.1023,0.1485,0.0931,0.0262,0.0934,1.0554,1.8409,-5.2007,268000.0,11418332000,211927000,1.62,155.41,0.03113547835596,2,FY2024.FQ2
2024-11-04,2024-09,824804000,226545000,598259000,39750000,0,0,195046000,234796000,363463000,34947000,-153860000,-118913000,-30748000,213802000,-10857000,202945000,0,-9735000,0,193210000,0,193210000,0.91,0.91,211698000,220299000,195046000,88931000,0,1151367000,0,102915000,1343213000,1360213000,744066000,0,744066000,349559000,170810000,24095256000,28063117000,388757000,0,0,884000000,0,0,0,74173000,1346930000,10643830000,706491000,0,0,407183000.0,13104434000,2000000,0,-817865000,3340000,14823018000,0,948070000,120000.0,14958683000,28063117000,26719904000,11757504000,202945000,195046000,0,0,0,-1488000,-1488000,0,8230000,63618000.0,468351000,-6061000,0,-6061000,3614000,0,3614000,0,0,0,0,-110289000.0,-112736000,-1000,0,-1000,0,23378000,-343408000,-22803000.0,-342834000,0,12781000,-6061000,0,0,2678892000,-2655514000,558509000,462290000,0.0507,242921875,14958683000,14438314000,0.0289,0.0537,0.0288,0.0289,0.0511,0.0522,0.7253,0.6771,0.4406,0.2592,0.2342,0.5604,1.876,0.533,0.8178,0.4359,3.744,2.5352,1.6498,0.9705,2.0984,67.9017,65.5396,38197036580,48751935580,47.2543,2.5535,2.6455,11.8155,20.9703,43.3268,60.312,3.2591,3.3765,15.0804,26.7651,55.2992,0.1026,0.1003,0.1031,0.0268,0.0388,0.0258,-0.052,0.1278,-0.5885,1.5298,0.0158,-0.039,0.1467,-0.6789,0.1419,0.0,0.0002,0.7408,0.3571,0.4985,0.5699,0.0534,0.1424,0.0526,2.3557,0.5181,1.2599,0.0639,-0.0493,0.1023,0.1445,0.0516,0.0077,0.05,0.9972,1.7802,-9.5693,55000.0,11438899000,211982000,1.62,180.19,0.03113547835596,3,FY2024.FQ3
