Date,Open
1973-02-21 00:00:00-05:00,0.40444326400756836
1973-02-22 00:00:00-05:00,0.40444326400756836
1973-02-23 00:00:00-05:00,0.40444326400756836
1973-02-26 00:00:00-05:00,0.40444326400756836
1973-02-27 00:00:00-05:00,0.40262991189956665
1973-02-28 00:00:00-05:00,0.40262991189956665
1973-03-01 00:00:00-05:00,0.40262991189956665
1973-03-02 00:00:00-05:00,0.40262991189956665
1973-03-05 00:00:00-05:00,0.3990023732185364
1973-03-06 00:00:00-05:00,0.3990023732185364
1973-03-07 00:00:00-05:00,0.39718887209892273
1973-03-08 00:00:00-05:00,0.39718887209892273
1973-03-09 00:00:00-05:00,0.39718887209892273
1973-03-12 00:00:00-05:00,0.39718887209892273
1973-03-13 00:00:00-05:00,0.39718887209892273
1973-03-14 00:00:00-05:00,0.3990023732185364
1973-03-15 00:00:00-05:00,0.39718887209892273
1973-03-16 00:00:00-05:00,0.39718887209892273
1973-03-19 00:00:00-05:00,0.39718887209892273
1973-03-20 00:00:00-05:00,0.39718887209892273
1973-03-21 00:00:00-05:00,0.39718887209892273
1973-03-22 00:00:00-05:00,0.39718887209892273
1973-03-23 00:00:00-05:00,0.39537501335144043
1973-03-26 00:00:00-05:00,0.39537501335144043
1973-03-27 00:00:00-05:00,0.39537501335144043
1973-03-28 00:00:00-05:00,0.39537501335144043
1973-03-29 00:00:00-05:00,0.39537501335144043
1973-03-30 00:00:00-05:00,0.39537501335144043
1973-04-02 00:00:00-05:00,0.39537501335144043
1973-04-03 00:00:00-05:00,0.39537501335144043
1973-04-04 00:00:00-05:00,0.39537501335144043
1973-04-05 00:00:00-05:00,0.39537501335144043
1973-04-06 00:00:00-05:00,0.39537501335144043
1973-04-09 00:00:00-05:00,0.39537501335144043
1973-04-10 00:00:00-05:00,0.39537501335144043
1973-04-11 00:00:00-05:00,0.39537501335144043
1973-04-12 00:00:00-05:00,0.39537501335144043
1973-04-13 00:00:00-05:00,0.39718887209892273
1973-04-16 00:00:00-05:00,0.39718887209892273
1973-04-17 00:00:00-05:00,0.3990023732185364
1973-04-18 00:00:00-05:00,0.3990023732185364
1973-04-19 00:00:00-05:00,0.3990023732185364
1973-04-23 00:00:00-05:00,0.3990023732185364
1973-04-24 00:00:00-05:00,0.39718887209892273
1973-04-25 00:00:00-05:00,0.3990023732185364
1973-04-26 00:00:00-05:00,0.3990023732185364
1973-04-27 00:00:00-05:00,0.3990023732185364
1973-04-30 00:00:00-04:00,0.39718887209892273
1973-05-01 00:00:00-04:00,0.39537501335144043
1973-05-02 00:00:00-04:00,0.3935614228248596
1973-05-03 00:00:00-04:00,0.0
1973-05-04 00:00:00-04:00,0.0
1973-05-07 00:00:00-04:00,0.0
1973-05-08 00:00:00-04:00,0.0
1973-05-09 00:00:00-04:00,0.0
1973-05-10 00:00:00-04:00,0.0
1973-05-11 00:00:00-04:00,0.0
1973-05-14 00:00:00-04:00,0.0
1973-05-15 00:00:00-04:00,0.0
1973-05-16 00:00:00-04:00,0.0
1973-05-17 00:00:00-04:00,0.0
1973-05-18 00:00:00-04:00,0.0
1973-05-21 00:00:00-04:00,0.38812071084976196
1973-05-22 00:00:00-04:00,0.38812071084976196
1973-05-23 00:00:00-04:00,0.0
1973-05-24 00:00:00-04:00,0.384493350982666
1973-05-25 00:00:00-04:00,0.0
1973-05-29 00:00:00-04:00,0.384493350982666
1973-05-30 00:00:00-04:00,0.0
1973-05-31 00:00:00-04:00,0.0
1973-06-01 00:00:00-04:00,0.0
1973-06-04 00:00:00-04:00,0.0
1973-06-05 00:00:00-04:00,0.0
1973-06-06 00:00:00-04:00,0.0
1973-06-07 00:00:00-04:00,0.0
1973-06-08 00:00:00-04:00,0.0
1973-06-11 00:00:00-04:00,0.0
1973-06-12 00:00:00-04:00,0.0
1973-06-13 00:00:00-04:00,0.0
1973-06-14 00:00:00-04:00,0.0
1973-06-15 00:00:00-04:00,0.0
1973-06-18 00:00:00-04:00,0.0
1973-06-19 00:00:00-04:00,0.0
1973-06-20 00:00:00-04:00,0.0
1973-06-21 00:00:00-04:00,0.0
1973-06-22 00:00:00-04:00,0.0
1973-06-25 00:00:00-04:00,0.0
1973-06-26 00:00:00-04:00,0.0
1973-06-27 00:00:00-04:00,0.3736112117767334
1973-06-28 00:00:00-04:00,0.3736112117767334
1973-06-29 00:00:00-04:00,0.3736112117767334
1973-07-02 00:00:00-04:00,0.0
1973-07-03 00:00:00-04:00,0.0
1973-07-05 00:00:00-04:00,0.0
1973-07-06 00:00:00-04:00,0.0
1973-07-09 00:00:00-04:00,0.3772387206554413
1973-07-10 00:00:00-04:00,0.0
1973-07-11 00:00:00-04:00,0.0
1973-07-12 00:00:00-04:00,0.0
1973-07-13 00:00:00-04:00,0.38086599111557007
1973-07-16 00:00:00-04:00,0.0
1973-07-17 00:00:00-04:00,0.0
1973-07-18 00:00:00-04:00,0.0
1973-07-19 00:00:00-04:00,0.0
1973-07-20 00:00:00-04:00,0.0
1973-07-23 00:00:00-04:00,0.0
1973-07-24 00:00:00-04:00,0.0
1973-07-25 00:00:00-04:00,0.0
1973-07-26 00:00:00-04:00,0.0
1973-07-27 00:00:00-04:00,0.0
1973-07-30 00:00:00-04:00,0.39537501335144043
1973-07-31 00:00:00-04:00,0.0
1973-08-01 00:00:00-04:00,0.0
1973-08-02 00:00:00-04:00,0.0
1973-08-03 00:00:00-04:00,0.0
1973-08-06 00:00:00-04:00,0.384493350982666
1973-08-07 00:00:00-04:00,0.0
1973-08-08 00:00:00-04:00,0.0
1973-08-09 00:00:00-04:00,0.0
1973-08-10 00:00:00-04:00,0.0
1973-08-13 00:00:00-04:00,0.0
1973-08-14 00:00:00-04:00,0.0
1973-08-15 00:00:00-04:00,0.0
1973-08-16 00:00:00-04:00,0.0
1973-08-17 00:00:00-04:00,0.0
1973-08-20 00:00:00-04:00,0.38086599111557007
1973-08-21 00:00:00-04:00,0.0
1973-08-22 00:00:00-04:00,0.0
1973-08-23 00:00:00-04:00,0.0
1973-08-24 00:00:00-04:00,0.0
1973-08-27 00:00:00-04:00,0.0
1973-08-28 00:00:00-04:00,0.0
1973-08-29 00:00:00-04:00,0.0
1973-08-30 00:00:00-04:00,0.0
1973-08-31 00:00:00-04:00,0.0
1973-09-04 00:00:00-04:00,0.0
1973-09-05 00:00:00-04:00,0.0
1973-09-06 00:00:00-04:00,0.0
1973-09-07 00:00:00-04:00,0.0
1973-09-10 00:00:00-04:00,0.0
1973-09-11 00:00:00-04:00,0.0
1973-09-12 00:00:00-04:00,0.0
1973-09-13 00:00:00-04:00,0.3772387206554413
1973-09-14 00:00:00-04:00,0.3772387206554413
1973-09-17 00:00:00-04:00,0.0
1973-09-18 00:00:00-04:00,0.0
1973-09-19 00:00:00-04:00,0.0
1973-09-20 00:00:00-04:00,0.0
1973-09-21 00:00:00-04:00,0.0
1973-09-24 00:00:00-04:00,0.0
1973-09-25 00:00:00-04:00,0.0
1973-09-26 00:00:00-04:00,0.0
1973-09-27 00:00:00-04:00,0.3917478322982788
1973-09-28 00:00:00-04:00,0.0
1973-10-01 00:00:00-04:00,0.0
1973-10-02 00:00:00-04:00,0.0
1973-10-03 00:00:00-04:00,0.0
1973-10-04 00:00:00-04:00,0.0
1973-10-05 00:00:00-04:00,0.0
1973-10-08 00:00:00-04:00,0.0
1973-10-09 00:00:00-04:00,0.0
1973-10-10 00:00:00-04:00,0.0
1973-10-11 00:00:00-04:00,0.0
1973-10-12 00:00:00-04:00,0.0
1973-10-15 00:00:00-04:00,0.0
1973-10-16 00:00:00-04:00,0.0
1973-10-17 00:00:00-04:00,0.0
1973-10-18 00:00:00-04:00,0.4098842442035675
1973-10-19 00:00:00-04:00,0.0
1973-10-22 00:00:00-04:00,0.0
1973-10-23 00:00:00-04:00,0.4098842442035675
1973-10-24 00:00:00-04:00,0.0
1973-10-25 00:00:00-04:00,0.0
1973-10-26 00:00:00-04:00,0.0
1973-10-29 00:00:00-05:00,0.0
1973-10-30 00:00:00-05:00,0.0
1973-10-31 00:00:00-05:00,0.0
1973-11-01 00:00:00-05:00,0.0
1973-11-02 00:00:00-05:00,0.0
1973-11-05 00:00:00-05:00,0.0
1973-11-06 00:00:00-05:00,0.0
1973-11-07 00:00:00-05:00,0.0
1973-11-08 00:00:00-05:00,0.3990023732185364
1973-11-09 00:00:00-05:00,0.0
1973-11-12 00:00:00-05:00,0.0
1973-11-13 00:00:00-05:00,0.0
1973-11-14 00:00:00-05:00,0.0
1973-11-15 00:00:00-05:00,0.0
1973-11-16 00:00:00-05:00,0.39537501335144043
1973-11-19 00:00:00-05:00,0.39537501335144043
1973-11-20 00:00:00-05:00,0.0
1973-11-21 00:00:00-05:00,0.0
1973-11-23 00:00:00-05:00,0.0
1973-11-26 00:00:00-05:00,0.39537501335144043
1973-11-27 00:00:00-05:00,0.0
1973-11-28 00:00:00-05:00,0.0
1973-11-29 00:00:00-05:00,0.0
1973-11-30 00:00:00-05:00,0.0
1973-12-03 00:00:00-05:00,0.0
1973-12-04 00:00:00-05:00,0.384493350982666
1973-12-05 00:00:00-05:00,0.384493350982666
1973-12-06 00:00:00-05:00,0.0
1973-12-07 00:00:00-05:00,0.0
1973-12-10 00:00:00-05:00,0.3627294600009918
1973-12-11 00:00:00-05:00,0.0
1973-12-12 00:00:00-05:00,0.0
1973-12-13 00:00:00-05:00,0.0
1973-12-14 00:00:00-05:00,0.0
1973-12-17 00:00:00-05:00,0.0
1973-12-18 00:00:00-05:00,0.0
1973-12-19 00:00:00-05:00,0.0
1973-12-20 00:00:00-05:00,0.0
1973-12-21 00:00:00-05:00,0.0
1973-12-24 00:00:00-05:00,0.0
1973-12-26 00:00:00-05:00,0.0
1973-12-27 00:00:00-05:00,0.0
1973-12-28 00:00:00-05:00,0.0
1973-12-31 00:00:00-05:00,0.0
1974-01-02 00:00:00-05:00,0.0
1974-01-03 00:00:00-05:00,0.0
1974-01-04 00:00:00-05:00,0.0
1974-01-07 00:00:00-04:00,0.0
1974-01-08 00:00:00-04:00,0.0
1974-01-09 00:00:00-04:00,0.0
1974-01-10 00:00:00-04:00,0.0
1974-01-11 00:00:00-04:00,0.0
1974-01-14 00:00:00-04:00,0.0
1974-01-15 00:00:00-04:00,0.0
1974-01-16 00:00:00-04:00,0.3772387206554413
1974-01-17 00:00:00-04:00,0.0
1974-01-18 00:00:00-04:00,0.0
1974-01-21 00:00:00-04:00,0.3772387206554413
1974-01-22 00:00:00-04:00,0.0
1974-01-23 00:00:00-04:00,0.38086599111557007
1974-01-24 00:00:00-04:00,0.0
1974-01-25 00:00:00-04:00,0.0
1974-01-28 00:00:00-04:00,0.0
1974-01-29 00:00:00-04:00,0.0
1974-01-30 00:00:00-04:00,0.0
1974-01-31 00:00:00-04:00,0.0
1974-02-01 00:00:00-04:00,0.0
1974-02-04 00:00:00-04:00,0.3990023732185364
1974-02-05 00:00:00-04:00,0.0
1974-02-06 00:00:00-04:00,0.0
1974-02-07 00:00:00-04:00,0.3917478322982788
1974-02-08 00:00:00-04:00,0.0
1974-02-11 00:00:00-04:00,0.0
1974-02-12 00:00:00-04:00,0.0
1974-02-13 00:00:00-04:00,0.0
1974-02-14 00:00:00-04:00,0.0
1974-02-15 00:00:00-04:00,0.0
1974-02-19 00:00:00-04:00,0.0
1974-02-20 00:00:00-04:00,0.0
1974-02-21 00:00:00-04:00,0.0
1974-02-22 00:00:00-04:00,0.0
1974-02-25 00:00:00-04:00,0.0
1974-02-26 00:00:00-04:00,0.0
1974-02-27 00:00:00-04:00,0.3917478322982788
1974-02-28 00:00:00-04:00,0.0
1974-03-01 00:00:00-04:00,0.0
1974-03-04 00:00:00-04:00,0.0
1974-03-05 00:00:00-04:00,0.0
1974-03-06 00:00:00-04:00,0.0
1974-03-07 00:00:00-04:00,0.0
1974-03-08 00:00:00-04:00,0.0
1974-03-11 00:00:00-04:00,0.39537501335144043
1974-03-12 00:00:00-04:00,0.0
1974-03-13 00:00:00-04:00,0.0
1974-03-14 00:00:00-04:00,0.0
1974-03-15 00:00:00-04:00,0.0
1974-03-18 00:00:00-04:00,0.0
1974-03-19 00:00:00-04:00,0.0
1974-03-20 00:00:00-04:00,0.0
1974-03-21 00:00:00-04:00,0.0
1974-03-22 00:00:00-04:00,0.0
1974-03-25 00:00:00-04:00,0.0
1974-03-26 00:00:00-04:00,0.0
1974-03-27 00:00:00-04:00,0.0
1974-03-28 00:00:00-04:00,0.0
1974-03-29 00:00:00-04:00,0.39537501335144043
1974-04-01 00:00:00-04:00,0.0
1974-04-02 00:00:00-04:00,0.0
1974-04-03 00:00:00-04:00,0.0
1974-04-04 00:00:00-04:00,0.0
1974-04-05 00:00:00-04:00,0.0
1974-04-08 00:00:00-04:00,0.0
1974-04-09 00:00:00-04:00,0.0
1974-04-10 00:00:00-04:00,0.0
1974-04-11 00:00:00-04:00,0.0
1974-04-15 00:00:00-04:00,0.0
1974-04-16 00:00:00-04:00,0.0
1974-04-17 00:00:00-04:00,0.0
1974-04-18 00:00:00-04:00,0.0
1974-04-19 00:00:00-04:00,0.0
1974-04-22 00:00:00-04:00,0.39537501335144043
1974-04-23 00:00:00-04:00,0.0
1974-04-24 00:00:00-04:00,0.0
1974-04-25 00:00:00-04:00,0.0
1974-04-26 00:00:00-04:00,0.0
1974-04-29 00:00:00-04:00,0.0
1974-04-30 00:00:00-04:00,0.0
1974-05-01 00:00:00-04:00,0.0
1974-05-02 00:00:00-04:00,0.3917478322982788
1974-05-03 00:00:00-04:00,0.3917478322982788
1974-05-06 00:00:00-04:00,0.3917478322982788
1974-05-07 00:00:00-04:00,0.0
1974-05-08 00:00:00-04:00,0.0
1974-05-09 00:00:00-04:00,0.0
1974-05-10 00:00:00-04:00,0.0
1974-05-13 00:00:00-04:00,0.0
1974-05-14 00:00:00-04:00,0.0
1974-05-15 00:00:00-04:00,0.0
1974-05-16 00:00:00-04:00,0.0
1974-05-17 00:00:00-04:00,0.0
1974-05-20 00:00:00-04:00,0.0
1974-05-21 00:00:00-04:00,0.0
1974-05-22 00:00:00-04:00,0.0
1974-05-23 00:00:00-04:00,0.0
1974-05-24 00:00:00-04:00,0.0
1974-05-28 00:00:00-04:00,0.0
1974-05-29 00:00:00-04:00,0.0
1974-05-30 00:00:00-04:00,0.0
1974-05-31 00:00:00-04:00,0.0
1974-06-03 00:00:00-04:00,0.0
1974-06-04 00:00:00-04:00,0.0
1974-06-05 00:00:00-04:00,0.0
1974-06-06 00:00:00-04:00,0.0
1974-06-07 00:00:00-04:00,0.0
1974-06-10 00:00:00-04:00,0.0
1974-06-11 00:00:00-04:00,0.0
1974-06-12 00:00:00-04:00,0.0
1974-06-13 00:00:00-04:00,0.0
1974-06-14 00:00:00-04:00,0.0
1974-06-17 00:00:00-04:00,0.0
1974-06-18 00:00:00-04:00,0.0
1974-06-19 00:00:00-04:00,0.0
1974-06-20 00:00:00-04:00,0.0
1974-06-21 00:00:00-04:00,0.0
1974-06-24 00:00:00-04:00,0.0
1974-06-25 00:00:00-04:00,0.0
1974-06-26 00:00:00-04:00,0.0
1974-06-27 00:00:00-04:00,0.0
1974-06-28 00:00:00-04:00,0.0
1974-07-01 00:00:00-04:00,0.0
1974-07-02 00:00:00-04:00,0.0
1974-07-03 00:00:00-04:00,0.0
1974-07-05 00:00:00-04:00,0.0
1974-07-08 00:00:00-04:00,0.3518475890159607
1974-07-09 00:00:00-04:00,0.0
1974-07-10 00:00:00-04:00,0.0
1974-07-11 00:00:00-04:00,0.0
1974-07-12 00:00:00-04:00,0.3373384475708008
1974-07-15 00:00:00-04:00,0.0
1974-07-16 00:00:00-04:00,0.3373384475708008
1974-07-17 00:00:00-04:00,0.0
1974-07-18 00:00:00-04:00,0.0
1974-07-19 00:00:00-04:00,0.3373384475708008
1974-07-22 00:00:00-04:00,0.0
1974-07-23 00:00:00-04:00,0.0
1974-07-24 00:00:00-04:00,0.0
1974-07-25 00:00:00-04:00,0.3373384475708008
1974-07-26 00:00:00-04:00,0.0
1974-07-29 00:00:00-04:00,0.0
1974-07-30 00:00:00-04:00,0.0
1974-07-31 00:00:00-04:00,0.0
1974-08-01 00:00:00-04:00,0.0
1974-08-02 00:00:00-04:00,0.0
1974-08-05 00:00:00-04:00,0.0
1974-08-06 00:00:00-04:00,0.3337111473083496
1974-08-07 00:00:00-04:00,0.0
1974-08-08 00:00:00-04:00,0.0
1974-08-09 00:00:00-04:00,0.0
1974-08-12 00:00:00-04:00,0.0
1974-08-13 00:00:00-04:00,0.0
1974-08-14 00:00:00-04:00,0.3300837278366089
1974-08-15 00:00:00-04:00,0.0
1974-08-16 00:00:00-04:00,0.0
1974-08-19 00:00:00-04:00,0.3228292167186737
1974-08-20 00:00:00-04:00,0.0
1974-08-21 00:00:00-04:00,0.0
1974-08-22 00:00:00-04:00,0.0
1974-08-23 00:00:00-04:00,0.0
1974-08-26 00:00:00-04:00,0.0
1974-08-27 00:00:00-04:00,0.0
1974-08-28 00:00:00-04:00,0.3192017376422882
1974-08-29 00:00:00-04:00,0.3192017376422882
1974-08-30 00:00:00-04:00,0.0
1974-09-03 00:00:00-04:00,0.3192017376422882
1974-09-04 00:00:00-04:00,0.0
1974-09-05 00:00:00-04:00,0.3155747652053833
1974-09-06 00:00:00-04:00,0.0
1974-09-09 00:00:00-04:00,0.3155747652053833
1974-09-10 00:00:00-04:00,0.0
1974-09-11 00:00:00-04:00,0.0
1974-09-12 00:00:00-04:00,0.0
1974-09-13 00:00:00-04:00,0.3119473457336426
1974-09-16 00:00:00-04:00,0.0
1974-09-17 00:00:00-04:00,0.0
1974-09-18 00:00:00-04:00,0.3119473457336426
1974-09-19 00:00:00-04:00,0.0
1974-09-20 00:00:00-04:00,0.0
1974-09-23 00:00:00-04:00,0.0
1974-09-24 00:00:00-04:00,0.3119473457336426
1974-09-25 00:00:00-04:00,0.0
1974-09-26 00:00:00-04:00,0.3155747652053833
1974-09-27 00:00:00-04:00,0.0
1974-09-30 00:00:00-04:00,0.0
1974-10-01 00:00:00-04:00,0.0
1974-10-02 00:00:00-04:00,0.0
1974-10-03 00:00:00-04:00,0.0
1974-10-04 00:00:00-04:00,0.0
1974-10-07 00:00:00-04:00,0.3119473457336426
1974-10-08 00:00:00-04:00,0.0
1974-10-09 00:00:00-04:00,0.0
1974-10-10 00:00:00-04:00,0.0
1974-10-11 00:00:00-04:00,0.3119473457336426
1974-10-14 00:00:00-04:00,0.0
1974-10-15 00:00:00-04:00,0.0
1974-10-16 00:00:00-04:00,0.0
1974-10-17 00:00:00-04:00,0.0
1974-10-18 00:00:00-04:00,0.0
1974-10-21 00:00:00-04:00,0.0
1974-10-22 00:00:00-04:00,0.0
1974-10-23 00:00:00-04:00,0.0
1974-10-24 00:00:00-04:00,0.0
1974-10-25 00:00:00-04:00,0.0
1974-10-28 00:00:00-05:00,0.0
1974-10-29 00:00:00-05:00,0.0
1974-10-30 00:00:00-05:00,0.0
1974-10-31 00:00:00-05:00,0.0
1974-11-01 00:00:00-05:00,0.3119473457336426
1974-11-04 00:00:00-05:00,0.0
1974-11-05 00:00:00-05:00,0.0
1974-11-06 00:00:00-05:00,0.0
1974-11-07 00:00:00-05:00,0.0
1974-11-08 00:00:00-05:00,0.0
1974-11-11 00:00:00-05:00,0.0
1974-11-12 00:00:00-05:00,0.0
1974-11-13 00:00:00-05:00,0.0
1974-11-14 00:00:00-05:00,0.0
1974-11-15 00:00:00-05:00,0.0
1974-11-18 00:00:00-05:00,0.0
1974-11-19 00:00:00-05:00,0.0
1974-11-20 00:00:00-05:00,0.0
1974-11-21 00:00:00-05:00,0.0
1974-11-22 00:00:00-05:00,0.0
1974-11-25 00:00:00-05:00,0.0
1974-11-26 00:00:00-05:00,0.0
1974-11-27 00:00:00-05:00,0.0
1974-11-29 00:00:00-05:00,0.0
1974-12-02 00:00:00-05:00,0.0
1974-12-03 00:00:00-05:00,0.0
1974-12-04 00:00:00-05:00,0.0
1974-12-05 00:00:00-05:00,0.0
1974-12-06 00:00:00-05:00,0.0
1974-12-09 00:00:00-05:00,0.0
1974-12-10 00:00:00-05:00,0.0
1974-12-11 00:00:00-05:00,0.0
1974-12-12 00:00:00-05:00,0.0
1974-12-13 00:00:00-05:00,0.3192017376422882
1974-12-16 00:00:00-05:00,0.0
1974-12-17 00:00:00-05:00,0.0
1974-12-18 00:00:00-05:00,0.3119473457336426
1974-12-19 00:00:00-05:00,0.0
1974-12-20 00:00:00-05:00,0.0
1974-12-23 00:00:00-05:00,0.0
1974-12-24 00:00:00-05:00,0.0
1974-12-26 00:00:00-05:00,0.0
1974-12-27 00:00:00-05:00,0.3337111473083496
1974-12-30 00:00:00-05:00,0.0
1974-12-31 00:00:00-05:00,0.0
1975-01-02 00:00:00-05:00,0.0
1975-01-03 00:00:00-05:00,0.0
1975-01-06 00:00:00-05:00,0.0
1975-01-07 00:00:00-05:00,0.0
1975-01-08 00:00:00-05:00,0.3373384475708008
1975-01-09 00:00:00-05:00,0.0
1975-01-10 00:00:00-05:00,0.0
1975-01-13 00:00:00-05:00,0.0
1975-01-14 00:00:00-05:00,0.0
1975-01-15 00:00:00-05:00,0.34096580743789673
1975-01-16 00:00:00-05:00,0.0
1975-01-17 00:00:00-05:00,0.34459301829338074
1975-01-20 00:00:00-05:00,0.0
1975-01-21 00:00:00-05:00,0.0
1975-01-22 00:00:00-05:00,0.0
1975-01-23 00:00:00-05:00,0.0
1975-01-24 00:00:00-05:00,0.0
1975-01-27 00:00:00-05:00,0.0
1975-01-28 00:00:00-05:00,0.0
1975-01-29 00:00:00-05:00,0.0
1975-01-30 00:00:00-05:00,0.0
1975-01-31 00:00:00-05:00,0.0
1975-02-03 00:00:00-05:00,0.0
1975-02-04 00:00:00-05:00,0.0
1975-02-05 00:00:00-05:00,0.0
1975-02-06 00:00:00-05:00,0.0
1975-02-07 00:00:00-05:00,0.0
1975-02-10 00:00:00-05:00,0.0
1975-02-11 00:00:00-05:00,0.0
1975-02-12 00:00:00-05:00,0.0
1975-02-13 00:00:00-05:00,0.384493350982666
1975-02-14 00:00:00-05:00,0.0
1975-02-18 00:00:00-05:00,0.0
1975-02-19 00:00:00-05:00,0.0
1975-02-20 00:00:00-05:00,0.0
1975-02-21 00:00:00-05:00,0.0
1975-02-24 00:00:00-04:00,0.0
1975-02-25 00:00:00-04:00,0.0
1975-02-26 00:00:00-04:00,0.0
1975-02-27 00:00:00-04:00,0.0
1975-02-28 00:00:00-04:00,0.0
1975-03-03 00:00:00-04:00,0.0
1975-03-04 00:00:00-04:00,0.0
1975-03-05 00:00:00-04:00,0.0
1975-03-06 00:00:00-04:00,0.0
1975-03-07 00:00:00-04:00,0.0
1975-03-10 00:00:00-04:00,0.0
1975-03-11 00:00:00-04:00,0.0
1975-03-12 00:00:00-04:00,0.0
1975-03-13 00:00:00-04:00,0.0
1975-03-14 00:00:00-04:00,0.0
1975-03-17 00:00:00-04:00,0.0
1975-03-18 00:00:00-04:00,0.0
1975-03-19 00:00:00-04:00,0.0
1975-03-20 00:00:00-04:00,0.0
1975-03-21 00:00:00-04:00,0.0
1975-03-24 00:00:00-04:00,0.0
1975-03-25 00:00:00-04:00,0.0
1975-03-26 00:00:00-04:00,0.0
1975-03-27 00:00:00-04:00,0.36635661125183105
1975-03-31 00:00:00-04:00,0.0
1975-04-01 00:00:00-04:00,0.0
1975-04-02 00:00:00-04:00,0.0
1975-04-03 00:00:00-04:00,0.0
1975-04-04 00:00:00-04:00,0.0
1975-04-07 00:00:00-04:00,0.0
1975-04-08 00:00:00-04:00,0.0
1975-04-09 00:00:00-04:00,0.0
1975-04-10 00:00:00-04:00,0.0
1975-04-11 00:00:00-04:00,0.3627294600009918
1975-04-14 00:00:00-04:00,0.0
1975-04-15 00:00:00-04:00,0.0
1975-04-16 00:00:00-04:00,0.0
1975-04-17 00:00:00-04:00,0.0
1975-04-18 00:00:00-04:00,0.0
1975-04-21 00:00:00-04:00,0.0
1975-04-22 00:00:00-04:00,0.0
1975-04-23 00:00:00-04:00,0.0
1975-04-24 00:00:00-04:00,0.0
1975-04-25 00:00:00-04:00,0.0
1975-04-28 00:00:00-04:00,0.0
1975-04-29 00:00:00-04:00,0.0
1975-04-30 00:00:00-04:00,0.36635661125183105
1975-05-01 00:00:00-04:00,0.0
1975-05-02 00:00:00-04:00,0.0
1975-05-05 00:00:00-04:00,0.0
1975-05-06 00:00:00-04:00,0.0
1975-05-07 00:00:00-04:00,0.0
1975-05-08 00:00:00-04:00,0.0
1975-05-09 00:00:00-04:00,0.0
1975-05-12 00:00:00-04:00,0.0
1975-05-13 00:00:00-04:00,0.0
1975-05-14 00:00:00-04:00,0.0
1975-05-15 00:00:00-04:00,0.0
1975-05-16 00:00:00-04:00,0.3627294600009918
1975-05-19 00:00:00-04:00,0.0
1975-05-20 00:00:00-04:00,0.0
1975-05-21 00:00:00-04:00,0.0
1975-05-22 00:00:00-04:00,0.3518475890159607
1975-05-23 00:00:00-04:00,0.0
1975-05-27 00:00:00-04:00,0.0
1975-05-28 00:00:00-04:00,0.0
1975-05-29 00:00:00-04:00,0.0
1975-05-30 00:00:00-04:00,0.0
1975-06-02 00:00:00-04:00,0.0
1975-06-03 00:00:00-04:00,0.0
1975-06-04 00:00:00-04:00,0.0
1975-06-05 00:00:00-04:00,0.0
1975-06-06 00:00:00-04:00,0.0
1975-06-09 00:00:00-04:00,0.0
1975-06-10 00:00:00-04:00,0.0
1975-06-11 00:00:00-04:00,0.0
1975-06-12 00:00:00-04:00,0.0
1975-06-13 00:00:00-04:00,0.0
1975-06-16 00:00:00-04:00,0.0
1975-06-17 00:00:00-04:00,0.0
1975-06-18 00:00:00-04:00,0.3627294600009918
1975-06-19 00:00:00-04:00,0.0
1975-06-20 00:00:00-04:00,0.0
1975-06-23 00:00:00-04:00,0.0
1975-06-24 00:00:00-04:00,0.0
1975-06-25 00:00:00-04:00,0.0
1975-06-26 00:00:00-04:00,0.0
1975-06-27 00:00:00-04:00,0.0
1975-06-30 00:00:00-04:00,0.0
1975-07-01 00:00:00-04:00,0.0
1975-07-02 00:00:00-04:00,0.0
1975-07-03 00:00:00-04:00,0.0
1975-07-07 00:00:00-04:00,0.0
1975-07-08 00:00:00-04:00,0.0
1975-07-09 00:00:00-04:00,0.0
1975-07-10 00:00:00-04:00,0.0
1975-07-11 00:00:00-04:00,0.0
1975-07-14 00:00:00-04:00,0.0
1975-07-15 00:00:00-04:00,0.0
1975-07-16 00:00:00-04:00,0.0
1975-07-17 00:00:00-04:00,0.0
1975-07-18 00:00:00-04:00,0.36998406052589417
1975-07-21 00:00:00-04:00,0.0
1975-07-22 00:00:00-04:00,0.0
1975-07-23 00:00:00-04:00,0.0
1975-07-24 00:00:00-04:00,0.0
1975-07-25 00:00:00-04:00,0.0
1975-07-28 00:00:00-04:00,0.0
1975-07-29 00:00:00-04:00,0.0
1975-07-30 00:00:00-04:00,0.0
1975-07-31 00:00:00-04:00,0.0
1975-08-01 00:00:00-04:00,0.0
1975-08-04 00:00:00-04:00,0.36998406052589417
1975-08-05 00:00:00-04:00,0.0
1975-08-06 00:00:00-04:00,0.0
1975-08-07 00:00:00-04:00,0.36998406052589417
1975-08-08 00:00:00-04:00,0.36998406052589417
1975-08-11 00:00:00-04:00,0.36998406052589417
1975-08-12 00:00:00-04:00,0.0
1975-08-13 00:00:00-04:00,0.0
1975-08-14 00:00:00-04:00,0.36635661125183105
1975-08-15 00:00:00-04:00,0.0
1975-08-18 00:00:00-04:00,0.0
1975-08-19 00:00:00-04:00,0.3591021001338959
1975-08-20 00:00:00-04:00,0.0
1975-08-21 00:00:00-04:00,0.0
1975-08-22 00:00:00-04:00,0.0
1975-08-25 00:00:00-04:00,0.0
1975-08-26 00:00:00-04:00,0.0
1975-08-27 00:00:00-04:00,0.0
1975-08-28 00:00:00-04:00,0.0
1975-08-29 00:00:00-04:00,0.3554748594760895
1975-09-02 00:00:00-04:00,0.0
1975-09-03 00:00:00-04:00,0.0
1975-09-04 00:00:00-04:00,0.0
1975-09-05 00:00:00-04:00,0.0
1975-09-08 00:00:00-04:00,0.0
1975-09-09 00:00:00-04:00,0.3554748594760895
1975-09-10 00:00:00-04:00,0.0
1975-09-11 00:00:00-04:00,0.0
1975-09-12 00:00:00-04:00,0.0
1975-09-15 00:00:00-04:00,0.0
1975-09-16 00:00:00-04:00,0.0
1975-09-17 00:00:00-04:00,0.0
1975-09-18 00:00:00-04:00,0.3554748594760895
1975-09-19 00:00:00-04:00,0.0
1975-09-22 00:00:00-04:00,0.0
1975-09-23 00:00:00-04:00,0.0
1975-09-24 00:00:00-04:00,0.0
1975-09-25 00:00:00-04:00,0.0
1975-09-26 00:00:00-04:00,0.0
1975-09-29 00:00:00-04:00,0.0
1975-09-30 00:00:00-04:00,0.0
1975-10-01 00:00:00-04:00,0.3591021001338959
1975-10-02 00:00:00-04:00,0.0
1975-10-03 00:00:00-04:00,0.0
1975-10-06 00:00:00-04:00,0.0
1975-10-07 00:00:00-04:00,0.0
1975-10-08 00:00:00-04:00,0.0
1975-10-09 00:00:00-04:00,0.0
1975-10-10 00:00:00-04:00,0.0
1975-10-13 00:00:00-04:00,0.0
1975-10-14 00:00:00-04:00,0.0
1975-10-15 00:00:00-04:00,0.0
1975-10-16 00:00:00-04:00,0.0
1975-10-17 00:00:00-04:00,0.0
1975-10-20 00:00:00-04:00,0.0
1975-10-21 00:00:00-04:00,0.0
1975-10-22 00:00:00-04:00,0.0
1975-10-23 00:00:00-04:00,0.0
1975-10-24 00:00:00-04:00,0.0
1975-10-27 00:00:00-05:00,0.0
1975-10-28 00:00:00-05:00,0.0
1975-10-29 00:00:00-05:00,0.0
1975-10-30 00:00:00-05:00,0.0
1975-10-31 00:00:00-05:00,0.36635661125183105
1975-11-03 00:00:00-05:00,0.0
1975-11-04 00:00:00-05:00,0.0
1975-11-05 00:00:00-05:00,0.0
1975-11-06 00:00:00-05:00,0.0
1975-11-07 00:00:00-05:00,0.0
1975-11-10 00:00:00-05:00,0.0
1975-11-11 00:00:00-05:00,0.0
1975-11-12 00:00:00-05:00,0.0
1975-11-13 00:00:00-05:00,0.0
1975-11-14 00:00:00-05:00,0.0
1975-11-17 00:00:00-05:00,0.36635661125183105
1975-11-18 00:00:00-05:00,0.0
1975-11-19 00:00:00-05:00,0.0
1975-11-20 00:00:00-05:00,0.0
1975-11-21 00:00:00-05:00,0.0
1975-11-24 00:00:00-05:00,0.36998406052589417
1975-11-25 00:00:00-05:00,0.0
1975-11-26 00:00:00-05:00,0.0
1975-11-28 00:00:00-05:00,0.36998406052589417
1975-12-01 00:00:00-05:00,0.0
1975-12-02 00:00:00-05:00,0.0
1975-12-03 00:00:00-05:00,0.0
1975-12-04 00:00:00-05:00,0.0
1975-12-05 00:00:00-05:00,0.0
1975-12-08 00:00:00-05:00,0.0
1975-12-09 00:00:00-05:00,0.3627294600009918
1975-12-10 00:00:00-05:00,0.3627294600009918
1975-12-11 00:00:00-05:00,0.0
1975-12-12 00:00:00-05:00,0.0
1975-12-15 00:00:00-05:00,0.0
1975-12-16 00:00:00-05:00,0.0
1975-12-17 00:00:00-05:00,0.0
1975-12-18 00:00:00-05:00,0.3627294600009918
1975-12-19 00:00:00-05:00,0.0
1975-12-22 00:00:00-05:00,0.0
1975-12-23 00:00:00-05:00,0.0
1975-12-24 00:00:00-05:00,0.0
1975-12-26 00:00:00-05:00,0.0
1975-12-29 00:00:00-05:00,0.0
1975-12-30 00:00:00-05:00,0.0
1975-12-31 00:00:00-05:00,0.36635661125183105
1976-01-02 00:00:00-05:00,0.0
1976-01-05 00:00:00-05:00,0.0
1976-01-06 00:00:00-05:00,0.0
1976-01-07 00:00:00-05:00,0.0
1976-01-08 00:00:00-05:00,0.0
1976-01-09 00:00:00-05:00,0.0
1976-01-12 00:00:00-05:00,0.0
1976-01-13 00:00:00-05:00,0.0
1976-01-14 00:00:00-05:00,0.0
1976-01-15 00:00:00-05:00,0.0
1976-01-16 00:00:00-05:00,0.0
1976-01-19 00:00:00-05:00,0.0
1976-01-20 00:00:00-05:00,0.0
1976-01-21 00:00:00-05:00,0.0
1976-01-22 00:00:00-05:00,0.0
1976-01-23 00:00:00-05:00,0.0
1976-01-26 00:00:00-05:00,0.0
1976-01-27 00:00:00-05:00,0.0
1976-01-28 00:00:00-05:00,0.0
1976-01-29 00:00:00-05:00,0.0
1976-01-30 00:00:00-05:00,0.0
1976-02-02 00:00:00-05:00,0.0
1976-02-03 00:00:00-05:00,0.0
1976-02-04 00:00:00-05:00,0.0
1976-02-05 00:00:00-05:00,0.0
1976-02-06 00:00:00-05:00,0.0
1976-02-09 00:00:00-05:00,0.0
1976-02-10 00:00:00-05:00,0.0
1976-02-11 00:00:00-05:00,0.0
1976-02-12 00:00:00-05:00,0.0
1976-02-13 00:00:00-05:00,0.0
1976-02-17 00:00:00-05:00,0.0
1976-02-18 00:00:00-05:00,0.0
1976-02-19 00:00:00-05:00,0.0
1976-02-20 00:00:00-05:00,0.0
1976-02-23 00:00:00-05:00,0.0
1976-02-24 00:00:00-05:00,0.0
1976-02-25 00:00:00-05:00,0.0
1976-02-26 00:00:00-05:00,0.0
1976-02-27 00:00:00-05:00,0.0
1976-03-01 00:00:00-05:00,0.0
1976-03-02 00:00:00-05:00,0.0
1976-03-03 00:00:00-05:00,0.0
1976-03-04 00:00:00-05:00,0.0
1976-03-05 00:00:00-05:00,0.0
1976-03-08 00:00:00-05:00,0.0
1976-03-09 00:00:00-05:00,0.42076626420021057
1976-03-10 00:00:00-05:00,0.0
1976-03-11 00:00:00-05:00,0.0
1976-03-12 00:00:00-05:00,0.0
1976-03-15 00:00:00-05:00,0.0
1976-03-16 00:00:00-05:00,0.0
1976-03-17 00:00:00-05:00,0.42076626420021057
1976-03-18 00:00:00-05:00,0.0
1976-03-19 00:00:00-05:00,0.0
1976-03-22 00:00:00-05:00,0.0
1976-03-23 00:00:00-05:00,0.0
1976-03-24 00:00:00-05:00,0.0
1976-03-25 00:00:00-05:00,0.0
1976-03-26 00:00:00-05:00,0.0
1976-03-29 00:00:00-05:00,0.0
1976-03-30 00:00:00-05:00,0.0
1976-03-31 00:00:00-05:00,0.0
1976-04-01 00:00:00-05:00,0.0
1976-04-02 00:00:00-05:00,0.0
1976-04-05 00:00:00-05:00,0.0
1976-04-06 00:00:00-05:00,0.0
1976-04-07 00:00:00-05:00,0.42076626420021057
1976-04-08 00:00:00-05:00,0.42076626420021057
1976-04-09 00:00:00-05:00,0.0
1976-04-12 00:00:00-05:00,0.0
1976-04-13 00:00:00-05:00,0.42802056670188904
1976-04-14 00:00:00-05:00,0.0
1976-04-15 00:00:00-05:00,0.0
1976-04-19 00:00:00-05:00,0.42076626420021057
1976-04-20 00:00:00-05:00,0.0
1976-04-21 00:00:00-05:00,0.0
1976-04-22 00:00:00-05:00,0.0
1976-04-23 00:00:00-05:00,0.0
1976-04-26 00:00:00-04:00,0.0
1976-04-27 00:00:00-04:00,0.0
1976-04-28 00:00:00-04:00,0.0
1976-04-29 00:00:00-04:00,0.4135114550590515
1976-04-30 00:00:00-04:00,0.0
1976-05-03 00:00:00-04:00,0.0
1976-05-04 00:00:00-04:00,0.4135114550590515
1976-05-05 00:00:00-04:00,0.0
1976-05-06 00:00:00-04:00,0.0
1976-05-07 00:00:00-04:00,0.0
1976-05-10 00:00:00-04:00,0.4062569737434387
1976-05-11 00:00:00-04:00,0.0
1976-05-12 00:00:00-04:00,0.0
1976-05-13 00:00:00-04:00,0.0
1976-05-14 00:00:00-04:00,0.0
1976-05-17 00:00:00-04:00,0.0
1976-05-18 00:00:00-04:00,0.0
1976-05-19 00:00:00-04:00,0.0
1976-05-20 00:00:00-04:00,0.0
1976-05-21 00:00:00-04:00,0.0
1976-05-24 00:00:00-04:00,0.0
1976-05-25 00:00:00-04:00,0.0
1976-05-26 00:00:00-04:00,0.0
1976-05-27 00:00:00-04:00,0.0
1976-05-28 00:00:00-04:00,0.0
1976-06-01 00:00:00-04:00,0.0
1976-06-02 00:00:00-04:00,0.0
1976-06-03 00:00:00-04:00,0.3990023732185364
1976-06-04 00:00:00-04:00,0.0
1976-06-07 00:00:00-04:00,0.0
1976-06-08 00:00:00-04:00,0.0
1976-06-09 00:00:00-04:00,0.0
1976-06-10 00:00:00-04:00,0.3990023732185364
1976-06-11 00:00:00-04:00,0.0
1976-06-14 00:00:00-04:00,0.0
1976-06-15 00:00:00-04:00,0.0
1976-06-16 00:00:00-04:00,0.0
1976-06-17 00:00:00-04:00,0.0
1976-06-18 00:00:00-04:00,0.0
1976-06-21 00:00:00-04:00,0.4062569737434387
1976-06-22 00:00:00-04:00,0.0
1976-06-23 00:00:00-04:00,0.0
1976-06-24 00:00:00-04:00,0.4062569737434387
1976-06-25 00:00:00-04:00,0.0
1976-06-28 00:00:00-04:00,0.0
1976-06-29 00:00:00-04:00,0.4062569737434387
1976-06-30 00:00:00-04:00,0.0
1976-07-01 00:00:00-04:00,0.0
1976-07-02 00:00:00-04:00,0.0
1976-07-06 00:00:00-04:00,0.0
1976-07-07 00:00:00-04:00,0.0
1976-07-08 00:00:00-04:00,0.0
1976-07-09 00:00:00-04:00,0.0
1976-07-12 00:00:00-04:00,0.4135114550590515
1976-07-13 00:00:00-04:00,0.0
1976-07-14 00:00:00-04:00,0.4135114550590515
1976-07-15 00:00:00-04:00,0.0
1976-07-16 00:00:00-04:00,0.0
1976-07-19 00:00:00-04:00,0.0
1976-07-20 00:00:00-04:00,0.0
1976-07-21 00:00:00-04:00,0.0
1976-07-22 00:00:00-04:00,0.0
1976-07-23 00:00:00-04:00,0.0
1976-07-26 00:00:00-04:00,0.0
1976-07-27 00:00:00-04:00,0.0
1976-07-28 00:00:00-04:00,0.0
1976-07-29 00:00:00-04:00,0.42076626420021057
1976-07-30 00:00:00-04:00,0.0
1976-08-02 00:00:00-04:00,0.42076626420021057
1976-08-03 00:00:00-04:00,0.0
1976-08-04 00:00:00-04:00,0.0
1976-08-05 00:00:00-04:00,0.0
1976-08-06 00:00:00-04:00,0.0
1976-08-09 00:00:00-04:00,0.42802056670188904
1976-08-10 00:00:00-04:00,0.42802056670188904
1976-08-11 00:00:00-04:00,0.42802056670188904
1976-08-12 00:00:00-04:00,0.42802056670188904
1976-08-13 00:00:00-04:00,0.0
1976-08-16 00:00:00-04:00,0.0
1976-08-17 00:00:00-04:00,0.0
1976-08-18 00:00:00-04:00,0.0
1976-08-19 00:00:00-04:00,0.42802056670188904
1976-08-20 00:00:00-04:00,0.0
1976-08-23 00:00:00-04:00,0.0
1976-08-24 00:00:00-04:00,0.0
1976-08-25 00:00:00-04:00,0.0
1976-08-26 00:00:00-04:00,0.0
1976-08-27 00:00:00-04:00,0.0
1976-08-30 00:00:00-04:00,0.0
1976-08-31 00:00:00-04:00,0.0
1976-09-01 00:00:00-04:00,0.0
1976-09-02 00:00:00-04:00,0.0
1976-09-03 00:00:00-04:00,0.0
1976-09-07 00:00:00-04:00,0.0
1976-09-08 00:00:00-04:00,0.0
1976-09-09 00:00:00-04:00,0.0
1976-09-10 00:00:00-04:00,0.0
1976-09-13 00:00:00-04:00,0.0
1976-09-14 00:00:00-04:00,0.0
1976-09-15 00:00:00-04:00,0.0
1976-09-16 00:00:00-04:00,0.0
1976-09-17 00:00:00-04:00,0.0
1976-09-20 00:00:00-04:00,0.0
1976-09-21 00:00:00-04:00,0.0
1976-09-22 00:00:00-04:00,0.0
1976-09-23 00:00:00-04:00,0.0
1976-09-24 00:00:00-04:00,0.0
1976-09-27 00:00:00-04:00,0.0
1976-09-28 00:00:00-04:00,0.0
1976-09-29 00:00:00-04:00,0.0
1976-09-30 00:00:00-04:00,0.0
1976-10-01 00:00:00-04:00,0.0
1976-10-04 00:00:00-04:00,0.0
1976-10-05 00:00:00-04:00,0.0
1976-10-06 00:00:00-04:00,0.0
1976-10-07 00:00:00-04:00,0.0
1976-10-08 00:00:00-04:00,0.0
1976-10-11 00:00:00-04:00,0.0
1976-10-12 00:00:00-04:00,0.0
1976-10-13 00:00:00-04:00,0.0
1976-10-14 00:00:00-04:00,0.0
1976-10-15 00:00:00-04:00,0.0
1976-10-18 00:00:00-04:00,0.0
1976-10-19 00:00:00-04:00,0.0
1976-10-20 00:00:00-04:00,0.0
1976-10-21 00:00:00-04:00,0.0
1976-10-22 00:00:00-04:00,0.0
1976-10-25 00:00:00-04:00,0.0
1976-10-26 00:00:00-04:00,0.43527525663375854
1976-10-27 00:00:00-04:00,0.0
1976-10-28 00:00:00-04:00,0.0
1976-10-29 00:00:00-04:00,0.4425297975540161
1976-11-01 00:00:00-05:00,0.0
1976-11-03 00:00:00-05:00,0.0
1976-11-04 00:00:00-05:00,0.0
1976-11-05 00:00:00-05:00,0.46429380774497986
1976-11-08 00:00:00-05:00,0.0
1976-11-09 00:00:00-05:00,0.0
1976-11-10 00:00:00-05:00,0.0
1976-11-11 00:00:00-05:00,0.0
1976-11-12 00:00:00-05:00,0.0
1976-11-15 00:00:00-05:00,0.0
1976-11-16 00:00:00-05:00,0.0
1976-11-17 00:00:00-05:00,0.0
1976-11-18 00:00:00-05:00,0.0
1976-11-19 00:00:00-05:00,0.0
1976-11-22 00:00:00-05:00,0.0
1976-11-23 00:00:00-05:00,0.0
1976-11-24 00:00:00-05:00,0.0
1976-11-26 00:00:00-05:00,0.0
1976-11-29 00:00:00-05:00,0.0
1976-11-30 00:00:00-05:00,0.0
1976-12-01 00:00:00-05:00,0.0
1976-12-02 00:00:00-05:00,0.4570392072200775
1976-12-03 00:00:00-05:00,0.0
1976-12-06 00:00:00-05:00,0.0
1976-12-07 00:00:00-05:00,0.0
1976-12-08 00:00:00-05:00,0.0
1976-12-09 00:00:00-05:00,0.0
1976-12-10 00:00:00-05:00,0.0
1976-12-13 00:00:00-05:00,0.0
1976-12-14 00:00:00-05:00,0.46429380774497986
1976-12-15 00:00:00-05:00,0.0
1976-12-16 00:00:00-05:00,0.0
1976-12-17 00:00:00-05:00,0.0
1976-12-20 00:00:00-05:00,0.0
1976-12-21 00:00:00-05:00,0.0
1976-12-22 00:00:00-05:00,0.0
1976-12-23 00:00:00-05:00,0.0
1976-12-27 00:00:00-05:00,0.0
1976-12-28 00:00:00-05:00,0.0
1976-12-29 00:00:00-05:00,0.0
1976-12-30 00:00:00-05:00,0.0
1976-12-31 00:00:00-05:00,0.0
1977-01-03 00:00:00-05:00,0.0
1977-01-04 00:00:00-05:00,0.0
1977-01-05 00:00:00-05:00,0.0
1977-01-06 00:00:00-05:00,0.0
1977-01-07 00:00:00-05:00,0.0
1977-01-10 00:00:00-05:00,0.0
1977-01-11 00:00:00-05:00,0.0
1977-01-12 00:00:00-05:00,0.0
1977-01-13 00:00:00-05:00,0.0
1977-01-14 00:00:00-05:00,0.0
1977-01-17 00:00:00-05:00,0.0
1977-01-18 00:00:00-05:00,0.0
1977-01-19 00:00:00-05:00,0.0
1977-01-20 00:00:00-05:00,0.0
1977-01-21 00:00:00-05:00,0.0
1977-01-24 00:00:00-05:00,0.0
1977-01-25 00:00:00-05:00,0.0
1977-01-26 00:00:00-05:00,0.0
1977-01-27 00:00:00-05:00,0.0
1977-01-28 00:00:00-05:00,0.0
1977-01-31 00:00:00-05:00,0.0
1977-02-01 00:00:00-05:00,0.0
1977-02-02 00:00:00-05:00,0.0
1977-02-03 00:00:00-05:00,0.0
1977-02-04 00:00:00-05:00,0.0
1977-02-07 00:00:00-05:00,0.0
1977-02-08 00:00:00-05:00,0.0
1977-02-09 00:00:00-05:00,0.0
1977-02-10 00:00:00-05:00,0.0
1977-02-11 00:00:00-05:00,0.0
1977-02-14 00:00:00-05:00,0.0
1977-02-15 00:00:00-05:00,0.0
1977-02-16 00:00:00-05:00,0.0
1977-02-17 00:00:00-05:00,0.0
1977-02-18 00:00:00-05:00,0.0
1977-02-22 00:00:00-05:00,0.0
1977-02-23 00:00:00-05:00,0.0
1977-02-24 00:00:00-05:00,0.0
1977-02-25 00:00:00-05:00,0.0
1977-02-28 00:00:00-05:00,0.0
1977-03-01 00:00:00-05:00,0.0
1977-03-02 00:00:00-05:00,0.0
1977-03-03 00:00:00-05:00,0.0
1977-03-04 00:00:00-05:00,0.0
1977-03-07 00:00:00-05:00,0.0
1977-03-08 00:00:00-05:00,0.0
1977-03-09 00:00:00-05:00,0.0
1977-03-10 00:00:00-05:00,0.0
1977-03-11 00:00:00-05:00,0.0
1977-03-14 00:00:00-05:00,0.0
1977-03-15 00:00:00-05:00,0.0
1977-03-16 00:00:00-05:00,0.0
1977-03-17 00:00:00-05:00,0.0
1977-03-18 00:00:00-05:00,0.0
1977-03-21 00:00:00-05:00,0.0
1977-03-22 00:00:00-05:00,0.0
1977-03-23 00:00:00-05:00,0.0
1977-03-24 00:00:00-05:00,0.0
1977-03-25 00:00:00-05:00,0.0
1977-03-28 00:00:00-05:00,0.0
1977-03-29 00:00:00-05:00,0.0
1977-03-30 00:00:00-05:00,0.0
1977-03-31 00:00:00-05:00,0.0
1977-04-01 00:00:00-05:00,0.0
1977-04-04 00:00:00-05:00,0.0
1977-04-05 00:00:00-05:00,0.0
1977-04-06 00:00:00-05:00,0.0
1977-04-07 00:00:00-05:00,0.0
1977-04-11 00:00:00-05:00,0.0
1977-04-12 00:00:00-05:00,0.0
1977-04-13 00:00:00-05:00,0.0
1977-04-14 00:00:00-05:00,0.0
1977-04-15 00:00:00-05:00,0.0
1977-04-18 00:00:00-05:00,0.0
1977-04-19 00:00:00-05:00,0.0
1977-04-20 00:00:00-05:00,0.0
1977-04-21 00:00:00-05:00,0.0
1977-04-22 00:00:00-05:00,0.0
1977-04-25 00:00:00-04:00,0.0
1977-04-26 00:00:00-04:00,0.0
1977-04-27 00:00:00-04:00,0.0
1977-04-28 00:00:00-04:00,0.0
1977-04-29 00:00:00-04:00,0.0
1977-05-02 00:00:00-04:00,0.0
1977-05-03 00:00:00-04:00,0.0
1977-05-04 00:00:00-04:00,0.0
1977-05-05 00:00:00-04:00,0.0
1977-05-06 00:00:00-04:00,0.4425297975540161
1977-05-09 00:00:00-04:00,0.0
1977-05-10 00:00:00-04:00,0.0
1977-05-11 00:00:00-04:00,0.0
1977-05-12 00:00:00-04:00,0.0
1977-05-13 00:00:00-04:00,0.0
1977-05-16 00:00:00-04:00,0.0
1977-05-17 00:00:00-04:00,0.0
1977-05-18 00:00:00-04:00,0.0
1977-05-19 00:00:00-04:00,0.0
1977-05-20 00:00:00-04:00,0.0
1977-05-23 00:00:00-04:00,0.0
1977-05-24 00:00:00-04:00,0.0
1977-05-25 00:00:00-04:00,0.0
1977-05-26 00:00:00-04:00,0.0
1977-05-27 00:00:00-04:00,0.0
1977-05-31 00:00:00-04:00,0.0
1977-06-01 00:00:00-04:00,0.0
1977-06-02 00:00:00-04:00,0.0
1977-06-03 00:00:00-04:00,0.0
1977-06-06 00:00:00-04:00,0.0
1977-06-07 00:00:00-04:00,0.0
1977-06-08 00:00:00-04:00,0.0
1977-06-09 00:00:00-04:00,0.0
1977-06-10 00:00:00-04:00,0.0
1977-06-13 00:00:00-04:00,0.43527525663375854
1977-06-14 00:00:00-04:00,0.0
1977-06-15 00:00:00-04:00,0.0
1977-06-16 00:00:00-04:00,0.0
1977-06-17 00:00:00-04:00,0.0
1977-06-20 00:00:00-04:00,0.0
1977-06-21 00:00:00-04:00,0.0
1977-06-22 00:00:00-04:00,0.0
1977-06-23 00:00:00-04:00,0.0
1977-06-24 00:00:00-04:00,0.44978418946266174
1977-06-27 00:00:00-04:00,0.0
1977-06-28 00:00:00-04:00,0.0
1977-06-29 00:00:00-04:00,0.0
1977-06-30 00:00:00-04:00,0.0
1977-07-01 00:00:00-04:00,0.0
1977-07-05 00:00:00-04:00,0.0
1977-07-06 00:00:00-04:00,0.4570392072200775
1977-07-07 00:00:00-04:00,0.0
1977-07-08 00:00:00-04:00,0.0
1977-07-11 00:00:00-04:00,0.0
1977-07-12 00:00:00-04:00,0.0
1977-07-13 00:00:00-04:00,0.0
1977-07-15 00:00:00-04:00,0.0
1977-07-18 00:00:00-04:00,0.0
1977-07-19 00:00:00-04:00,0.0
1977-07-20 00:00:00-04:00,0.0
1977-07-21 00:00:00-04:00,0.0
1977-07-22 00:00:00-04:00,0.0
1977-07-25 00:00:00-04:00,0.0
1977-07-26 00:00:00-04:00,0.0
1977-07-27 00:00:00-04:00,0.0
1977-07-28 00:00:00-04:00,0.0
1977-07-29 00:00:00-04:00,0.0
1977-08-01 00:00:00-04:00,0.42802056670188904
1977-08-02 00:00:00-04:00,0.0
1977-08-03 00:00:00-04:00,0.0
1977-08-04 00:00:00-04:00,0.0
1977-08-05 00:00:00-04:00,0.0
1977-08-08 00:00:00-04:00,0.4425297975540161
1977-08-09 00:00:00-04:00,0.0
1977-08-10 00:00:00-04:00,0.0
1977-08-11 00:00:00-04:00,0.0
1977-08-12 00:00:00-04:00,0.0
1977-08-15 00:00:00-04:00,0.0
1977-08-16 00:00:00-04:00,0.0
1977-08-17 00:00:00-04:00,0.0
1977-08-18 00:00:00-04:00,0.0
1977-08-19 00:00:00-04:00,0.0
1977-08-22 00:00:00-04:00,0.0
1977-08-23 00:00:00-04:00,0.0
1977-08-24 00:00:00-04:00,0.0
1977-08-25 00:00:00-04:00,0.0
1977-08-26 00:00:00-04:00,0.0
1977-08-29 00:00:00-04:00,0.0
1977-08-30 00:00:00-04:00,0.0
1977-08-31 00:00:00-04:00,0.0
1977-09-01 00:00:00-04:00,0.0
1977-09-02 00:00:00-04:00,0.0
1977-09-06 00:00:00-04:00,0.4425297975540161
1977-09-07 00:00:00-04:00,0.0
1977-09-08 00:00:00-04:00,0.0
1977-09-09 00:00:00-04:00,0.0
1977-09-12 00:00:00-04:00,0.0
1977-09-13 00:00:00-04:00,0.0
1977-09-14 00:00:00-04:00,0.0
1977-09-15 00:00:00-04:00,0.0
1977-09-16 00:00:00-04:00,0.0
1977-09-19 00:00:00-04:00,0.0
1977-09-20 00:00:00-04:00,0.0
1977-09-21 00:00:00-04:00,0.4425297975540161
1977-09-22 00:00:00-04:00,0.0
1977-09-23 00:00:00-04:00,0.0
1977-09-26 00:00:00-04:00,0.0
1977-09-27 00:00:00-04:00,0.44978418946266174
1977-09-28 00:00:00-04:00,0.0
1977-09-29 00:00:00-04:00,0.0
1977-09-30 00:00:00-04:00,0.0
1977-10-03 00:00:00-04:00,0.0
1977-10-04 00:00:00-04:00,0.0
1977-10-05 00:00:00-04:00,0.4425297975540161
1977-10-06 00:00:00-04:00,0.0
1977-10-07 00:00:00-04:00,0.0
1977-10-10 00:00:00-04:00,0.0
1977-10-11 00:00:00-04:00,0.0
1977-10-12 00:00:00-04:00,0.43527525663375854
1977-10-13 00:00:00-04:00,0.43527525663375854
1977-10-14 00:00:00-04:00,0.0
1977-10-17 00:00:00-04:00,0.0
1977-10-18 00:00:00-04:00,0.0
1977-10-19 00:00:00-04:00,0.0
1977-10-20 00:00:00-04:00,0.0
1977-10-21 00:00:00-04:00,0.0
1977-10-24 00:00:00-04:00,0.0
1977-10-25 00:00:00-04:00,0.0
1977-10-26 00:00:00-04:00,0.0
1977-10-27 00:00:00-04:00,0.0
1977-10-28 00:00:00-04:00,0.0
1977-10-31 00:00:00-05:00,0.4425297975540161
1977-11-01 00:00:00-05:00,0.0
1977-11-02 00:00:00-05:00,0.0
1977-11-03 00:00:00-05:00,0.0
1977-11-04 00:00:00-05:00,0.0
1977-11-07 00:00:00-05:00,0.0
1977-11-08 00:00:00-05:00,0.43527525663375854
1977-11-09 00:00:00-05:00,0.43527525663375854
1977-11-10 00:00:00-05:00,0.0
1977-11-11 00:00:00-05:00,0.0
1977-11-14 00:00:00-05:00,0.0
1977-11-15 00:00:00-05:00,0.0
1977-11-16 00:00:00-05:00,0.0
1977-11-17 00:00:00-05:00,0.0
1977-11-18 00:00:00-05:00,0.4425297975540161
1977-11-21 00:00:00-05:00,0.0
1977-11-22 00:00:00-05:00,0.0
1977-11-23 00:00:00-05:00,0.0
1977-11-25 00:00:00-05:00,0.0
1977-11-28 00:00:00-05:00,0.4425297975540161
1977-11-29 00:00:00-05:00,0.0
1977-11-30 00:00:00-05:00,0.0
1977-12-01 00:00:00-05:00,0.0
1977-12-02 00:00:00-05:00,0.0
1977-12-05 00:00:00-05:00,0.0
1977-12-06 00:00:00-05:00,0.0
1977-12-07 00:00:00-05:00,0.0
1977-12-08 00:00:00-05:00,0.0
1977-12-09 00:00:00-05:00,0.0
1977-12-12 00:00:00-05:00,0.0
1977-12-13 00:00:00-05:00,0.0
1977-12-14 00:00:00-05:00,0.4425297975540161
1977-12-15 00:00:00-05:00,0.0
1977-12-16 00:00:00-05:00,0.4425297975540161
1977-12-19 00:00:00-05:00,0.0
1977-12-20 00:00:00-05:00,0.4425297975540161
1977-12-21 00:00:00-05:00,0.0
1977-12-22 00:00:00-05:00,0.0
1977-12-23 00:00:00-05:00,0.0
1977-12-27 00:00:00-05:00,0.44978418946266174
1977-12-28 00:00:00-05:00,0.0
1977-12-29 00:00:00-05:00,0.0
1977-12-30 00:00:00-05:00,0.0
1978-01-03 00:00:00-05:00,0.0
1978-01-04 00:00:00-05:00,0.0
1978-01-05 00:00:00-05:00,0.4570392072200775
1978-01-06 00:00:00-05:00,0.0
1978-01-09 00:00:00-05:00,0.4570392072200775
1978-01-10 00:00:00-05:00,0.0
1978-01-11 00:00:00-05:00,0.0
1978-01-12 00:00:00-05:00,0.0
1978-01-13 00:00:00-05:00,0.0
1978-01-16 00:00:00-05:00,0.0
1978-01-17 00:00:00-05:00,0.0
1978-01-18 00:00:00-05:00,0.0
1978-01-19 00:00:00-05:00,0.0
1978-01-20 00:00:00-05:00,0.0
1978-01-23 00:00:00-05:00,0.0
1978-01-24 00:00:00-05:00,0.0
1978-01-25 00:00:00-05:00,0.47880250215530396
1978-01-26 00:00:00-05:00,0.0
1978-01-27 00:00:00-05:00,0.0
1978-01-30 00:00:00-05:00,0.0
1978-01-31 00:00:00-05:00,0.0
1978-02-01 00:00:00-05:00,0.46429380774497986
1978-02-02 00:00:00-05:00,0.0
1978-02-03 00:00:00-05:00,0.0
1978-02-06 00:00:00-05:00,0.0
1978-02-07 00:00:00-05:00,0.0
1978-02-08 00:00:00-05:00,0.0
1978-02-09 00:00:00-05:00,0.0
1978-02-10 00:00:00-05:00,0.0
1978-02-13 00:00:00-05:00,0.0
1978-02-14 00:00:00-05:00,0.46429380774497986
1978-02-15 00:00:00-05:00,0.0
1978-02-16 00:00:00-05:00,0.0
1978-02-17 00:00:00-05:00,0.0
1978-02-21 00:00:00-05:00,0.0
1978-02-22 00:00:00-05:00,0.0
1978-02-23 00:00:00-05:00,0.0
1978-02-24 00:00:00-05:00,0.0
1978-02-27 00:00:00-05:00,0.0
1978-02-28 00:00:00-05:00,0.0
1978-03-01 00:00:00-05:00,0.0
1978-03-02 00:00:00-05:00,0.0
1978-03-03 00:00:00-05:00,0.0
1978-03-06 00:00:00-05:00,0.0
1978-03-07 00:00:00-05:00,0.0
1978-03-08 00:00:00-05:00,0.0
1978-03-09 00:00:00-05:00,0.0
1978-03-10 00:00:00-05:00,0.0
1978-03-13 00:00:00-05:00,0.4425297975540161
1978-03-14 00:00:00-05:00,0.4425297975540161
1978-03-15 00:00:00-05:00,0.0
1978-03-16 00:00:00-05:00,0.4425297975540161
1978-03-17 00:00:00-05:00,0.0
1978-03-20 00:00:00-05:00,0.0
1978-03-21 00:00:00-05:00,0.0
1978-03-22 00:00:00-05:00,0.0
1978-03-23 00:00:00-05:00,0.0
1978-03-27 00:00:00-05:00,0.4570392072200775
1978-03-28 00:00:00-05:00,0.0
1978-03-29 00:00:00-05:00,0.0
1978-03-30 00:00:00-05:00,0.0
1978-03-31 00:00:00-05:00,0.0
1978-04-03 00:00:00-05:00,0.0
1978-04-04 00:00:00-05:00,0.0
1978-04-05 00:00:00-05:00,0.0
1978-04-06 00:00:00-05:00,0.4570392072200775
1978-04-07 00:00:00-05:00,0.0
1978-04-10 00:00:00-05:00,0.0
1978-04-11 00:00:00-05:00,0.0
1978-04-12 00:00:00-05:00,0.0
1978-04-13 00:00:00-05:00,0.0
1978-04-14 00:00:00-05:00,0.0
1978-04-17 00:00:00-05:00,0.0
1978-04-18 00:00:00-05:00,0.0
1978-04-19 00:00:00-05:00,0.0
1978-04-20 00:00:00-05:00,0.4570392072200775
1978-04-21 00:00:00-05:00,0.4570392072200775
1978-04-24 00:00:00-05:00,0.0
1978-04-25 00:00:00-05:00,0.0
1978-04-26 00:00:00-05:00,0.0
1978-04-27 00:00:00-05:00,0.0
1978-04-28 00:00:00-05:00,0.0
1978-05-01 00:00:00-04:00,0.0
1978-05-02 00:00:00-04:00,0.0
1978-05-03 00:00:00-04:00,0.0
1978-05-04 00:00:00-04:00,0.0
1978-05-05 00:00:00-04:00,0.4570392072200775
1978-05-08 00:00:00-04:00,0.4570392072200775
1978-05-09 00:00:00-04:00,0.0
1978-05-10 00:00:00-04:00,0.4570392072200775
1978-05-11 00:00:00-04:00,0.0
1978-05-12 00:00:00-04:00,0.0
1978-05-15 00:00:00-04:00,0.0
1978-05-16 00:00:00-04:00,0.0
1978-05-17 00:00:00-04:00,0.4570392072200775
1978-05-18 00:00:00-04:00,0.4570392072200775
1978-05-19 00:00:00-04:00,0.0
1978-05-22 00:00:00-04:00,0.0
1978-05-23 00:00:00-04:00,0.0
1978-05-24 00:00:00-04:00,0.0
1978-05-25 00:00:00-04:00,0.0
1978-05-26 00:00:00-04:00,0.0
1978-05-30 00:00:00-04:00,0.0
1978-05-31 00:00:00-04:00,0.0
1978-06-01 00:00:00-04:00,0.0
1978-06-02 00:00:00-04:00,0.0
1978-06-05 00:00:00-04:00,0.43527525663375854
1978-06-06 00:00:00-04:00,0.0
1978-06-07 00:00:00-04:00,0.4425297975540161
1978-06-08 00:00:00-04:00,0.4425297975540161
1978-06-09 00:00:00-04:00,0.0
1978-06-12 00:00:00-04:00,0.0
1978-06-13 00:00:00-04:00,0.4425297975540161
1978-06-14 00:00:00-04:00,0.0
1978-06-15 00:00:00-04:00,0.0
1978-06-16 00:00:00-04:00,0.0
1978-06-19 00:00:00-04:00,0.0
1978-06-20 00:00:00-04:00,0.0
1978-06-21 00:00:00-04:00,0.0
1978-06-22 00:00:00-04:00,0.0
1978-06-23 00:00:00-04:00,0.0
1978-06-26 00:00:00-04:00,0.0
1978-06-27 00:00:00-04:00,0.0
1978-06-28 00:00:00-04:00,0.0
1978-06-29 00:00:00-04:00,0.0
1978-06-30 00:00:00-04:00,0.0
1978-07-03 00:00:00-04:00,0.43527525663375854
1978-07-05 00:00:00-04:00,0.0
1978-07-06 00:00:00-04:00,0.0
1978-07-07 00:00:00-04:00,0.0
1978-07-10 00:00:00-04:00,0.0
1978-07-11 00:00:00-04:00,0.42802056670188904
1978-07-12 00:00:00-04:00,0.0
1978-07-13 00:00:00-04:00,0.0
1978-07-14 00:00:00-04:00,0.0
1978-07-17 00:00:00-04:00,0.0
1978-07-18 00:00:00-04:00,0.43527525663375854
1978-07-19 00:00:00-04:00,0.0
1978-07-20 00:00:00-04:00,0.0
1978-07-21 00:00:00-04:00,0.0
1978-07-24 00:00:00-04:00,0.0
1978-07-25 00:00:00-04:00,0.0
1978-07-26 00:00:00-04:00,0.0
1978-07-27 00:00:00-04:00,0.0
1978-07-28 00:00:00-04:00,0.0
1978-07-31 00:00:00-04:00,0.0
1978-08-01 00:00:00-04:00,0.0
1978-08-02 00:00:00-04:00,0.0
1978-08-03 00:00:00-04:00,0.0
1978-08-04 00:00:00-04:00,0.0
1978-08-07 00:00:00-04:00,0.0
1978-08-08 00:00:00-04:00,0.4715482294559479
1978-08-09 00:00:00-04:00,0.0
1978-08-10 00:00:00-04:00,0.4715482294559479
1978-08-11 00:00:00-04:00,0.0
1978-08-14 00:00:00-04:00,0.0
1978-08-15 00:00:00-04:00,0.4715482294559479
1978-08-16 00:00:00-04:00,0.0
1978-08-17 00:00:00-04:00,0.0
1978-08-18 00:00:00-04:00,0.0
1978-08-21 00:00:00-04:00,0.0
1978-08-22 00:00:00-04:00,0.0
1978-08-23 00:00:00-04:00,0.0
1978-08-24 00:00:00-04:00,0.0
1978-08-25 00:00:00-04:00,0.0
1978-08-28 00:00:00-04:00,0.0
1978-08-29 00:00:00-04:00,0.0
1978-08-30 00:00:00-04:00,0.0
1978-08-31 00:00:00-04:00,0.0
1978-09-01 00:00:00-04:00,0.0
1978-09-05 00:00:00-04:00,0.0
1978-09-06 00:00:00-04:00,0.0
1978-09-07 00:00:00-04:00,0.0
1978-09-08 00:00:00-04:00,0.0
1978-09-11 00:00:00-04:00,0.0
1978-09-12 00:00:00-04:00,0.0
1978-09-13 00:00:00-04:00,0.0
1978-09-14 00:00:00-04:00,0.0
1978-09-15 00:00:00-04:00,0.4570392072200775
1978-09-18 00:00:00-04:00,0.0
1978-09-19 00:00:00-04:00,0.0
1978-09-20 00:00:00-04:00,0.0
1978-09-21 00:00:00-04:00,0.4570392072200775
1978-09-22 00:00:00-04:00,0.0
1978-09-25 00:00:00-04:00,0.0
1978-09-26 00:00:00-04:00,0.0
1978-09-27 00:00:00-04:00,0.0
1978-09-28 00:00:00-04:00,0.0
1978-09-29 00:00:00-04:00,0.0
1978-10-02 00:00:00-04:00,0.0
1978-10-03 00:00:00-04:00,0.0
1978-10-04 00:00:00-04:00,0.0
1978-10-05 00:00:00-04:00,0.4715482294559479
1978-10-06 00:00:00-04:00,0.0
1978-10-09 00:00:00-04:00,0.0
1978-10-10 00:00:00-04:00,0.0
1978-10-11 00:00:00-04:00,0.0
1978-10-12 00:00:00-04:00,0.0
1978-10-13 00:00:00-04:00,0.0
1978-10-16 00:00:00-04:00,0.0
1978-10-17 00:00:00-04:00,0.47880250215530396
1978-10-18 00:00:00-04:00,0.0
1978-10-19 00:00:00-04:00,0.0
1978-10-20 00:00:00-04:00,0.0
1978-10-23 00:00:00-04:00,0.0
1978-10-24 00:00:00-04:00,0.0
1978-10-25 00:00:00-04:00,0.0
1978-10-26 00:00:00-04:00,0.0
1978-10-27 00:00:00-04:00,0.0
1978-10-30 00:00:00-05:00,0.0
1978-10-31 00:00:00-05:00,0.44978418946266174
1978-11-01 00:00:00-05:00,0.0
1978-11-02 00:00:00-05:00,0.0
1978-11-03 00:00:00-05:00,0.0
1978-11-06 00:00:00-05:00,0.0
1978-11-07 00:00:00-05:00,0.0
1978-11-08 00:00:00-05:00,0.0
1978-11-09 00:00:00-05:00,0.0
1978-11-10 00:00:00-05:00,0.0
1978-11-13 00:00:00-05:00,0.0
1978-11-14 00:00:00-05:00,0.0
1978-11-15 00:00:00-05:00,0.0
1978-11-16 00:00:00-05:00,0.0
1978-11-17 00:00:00-05:00,0.0
1978-11-20 00:00:00-05:00,0.0
1978-11-21 00:00:00-05:00,0.0
1978-11-22 00:00:00-05:00,0.0
1978-11-24 00:00:00-05:00,0.0
1978-11-27 00:00:00-05:00,0.0
1978-11-28 00:00:00-05:00,0.0
1978-11-29 00:00:00-05:00,0.0
1978-11-30 00:00:00-05:00,0.0
1978-12-01 00:00:00-05:00,0.0
1978-12-04 00:00:00-05:00,0.0
1978-12-05 00:00:00-05:00,0.0
1978-12-06 00:00:00-05:00,0.0
1978-12-07 00:00:00-05:00,0.0
1978-12-08 00:00:00-05:00,0.0
1978-12-11 00:00:00-05:00,0.0
1978-12-12 00:00:00-05:00,0.0
1978-12-13 00:00:00-05:00,0.0
1978-12-14 00:00:00-05:00,0.0
1978-12-15 00:00:00-05:00,0.4425297975540161
1978-12-18 00:00:00-05:00,0.0
1978-12-19 00:00:00-05:00,0.43527525663375854
1978-12-20 00:00:00-05:00,0.43527525663375854
1978-12-21 00:00:00-05:00,0.0
1978-12-22 00:00:00-05:00,0.0
1978-12-26 00:00:00-05:00,0.4425297975540161
1978-12-27 00:00:00-05:00,0.0
1978-12-28 00:00:00-05:00,0.0
1978-12-29 00:00:00-05:00,0.0
1979-01-02 00:00:00-05:00,0.4425297975540161
1979-01-03 00:00:00-05:00,0.0
1979-01-04 00:00:00-05:00,0.0
1979-01-05 00:00:00-05:00,0.0
1979-01-08 00:00:00-05:00,0.0
1979-01-09 00:00:00-05:00,0.0
1979-01-10 00:00:00-05:00,0.0
1979-01-11 00:00:00-05:00,0.0
1979-01-12 00:00:00-05:00,0.0
1979-01-15 00:00:00-05:00,0.0
1979-01-16 00:00:00-05:00,0.0
1979-01-17 00:00:00-05:00,0.0
1979-01-18 00:00:00-05:00,0.0
1979-01-19 00:00:00-05:00,0.44978418946266174
1979-01-22 00:00:00-05:00,0.0
1979-01-23 00:00:00-05:00,0.0
1979-01-24 00:00:00-05:00,0.0
1979-01-25 00:00:00-05:00,0.0
1979-01-26 00:00:00-05:00,0.0
1979-01-29 00:00:00-05:00,0.0
1979-01-30 00:00:00-05:00,0.0
1979-01-31 00:00:00-05:00,0.0
1979-02-01 00:00:00-05:00,0.4570392072200775
1979-02-02 00:00:00-05:00,0.0
1979-02-05 00:00:00-05:00,0.0
1979-02-06 00:00:00-05:00,0.0
1979-02-07 00:00:00-05:00,0.0
1979-02-08 00:00:00-05:00,0.4715482294559479
1979-02-09 00:00:00-05:00,0.0
1979-02-12 00:00:00-05:00,0.46429380774497986
1979-02-13 00:00:00-05:00,0.0
1979-02-14 00:00:00-05:00,0.0
1979-02-15 00:00:00-05:00,0.0
1979-02-16 00:00:00-05:00,0.0
1979-02-20 00:00:00-05:00,0.0
1979-02-21 00:00:00-05:00,0.0
1979-02-22 00:00:00-05:00,0.0
1979-02-23 00:00:00-05:00,0.0
1979-02-26 00:00:00-05:00,0.0
1979-02-27 00:00:00-05:00,0.0
1979-02-28 00:00:00-05:00,0.0
1979-03-01 00:00:00-05:00,0.0
1979-03-02 00:00:00-05:00,0.0
1979-03-05 00:00:00-05:00,0.0
1979-03-06 00:00:00-05:00,0.0
1979-03-07 00:00:00-05:00,0.0
1979-03-08 00:00:00-05:00,0.47880250215530396
1979-03-09 00:00:00-05:00,0.47880250215530396
1979-03-12 00:00:00-05:00,0.0
1979-03-13 00:00:00-05:00,0.0
1979-03-14 00:00:00-05:00,0.0
1979-03-15 00:00:00-05:00,0.0
1979-03-16 00:00:00-05:00,0.0
1979-03-19 00:00:00-05:00,0.0
1979-03-20 00:00:00-05:00,0.0
1979-03-21 00:00:00-05:00,0.4715482294559479
1979-03-22 00:00:00-05:00,0.0
1979-03-23 00:00:00-05:00,0.0
1979-03-26 00:00:00-05:00,0.0
1979-03-27 00:00:00-05:00,0.0
1979-03-28 00:00:00-05:00,0.0
1979-03-29 00:00:00-05:00,0.0
1979-03-30 00:00:00-05:00,0.0
1979-04-02 00:00:00-05:00,0.0
1979-04-03 00:00:00-05:00,0.0
1979-04-04 00:00:00-05:00,0.0
1979-04-05 00:00:00-05:00,0.47880250215530396
1979-04-06 00:00:00-05:00,0.0
1979-04-09 00:00:00-05:00,0.0
1979-04-10 00:00:00-05:00,0.0
1979-04-11 00:00:00-05:00,0.0
1979-04-12 00:00:00-05:00,0.0
1979-04-16 00:00:00-05:00,0.0
1979-04-17 00:00:00-05:00,0.0
1979-04-18 00:00:00-05:00,0.0
1979-04-19 00:00:00-05:00,0.0
1979-04-20 00:00:00-05:00,0.0
1979-04-23 00:00:00-05:00,0.0
1979-04-24 00:00:00-05:00,0.0
1979-04-25 00:00:00-05:00,0.0
1979-04-26 00:00:00-05:00,0.0
1979-04-27 00:00:00-05:00,0.0
1979-04-30 00:00:00-04:00,0.0
1979-05-01 00:00:00-04:00,0.0
1979-05-02 00:00:00-04:00,0.0
1979-05-03 00:00:00-04:00,0.0
1979-05-04 00:00:00-04:00,0.0
1979-05-07 00:00:00-04:00,0.0
1979-05-08 00:00:00-04:00,0.0
1979-05-09 00:00:00-04:00,0.4570392072200775
1979-05-10 00:00:00-04:00,0.0
1979-05-11 00:00:00-04:00,0.0
1979-05-14 00:00:00-04:00,0.0
1979-05-15 00:00:00-04:00,0.0
1979-05-16 00:00:00-04:00,0.0
1979-05-17 00:00:00-04:00,0.0
1979-05-18 00:00:00-04:00,0.0
1979-05-21 00:00:00-04:00,0.0
1979-05-22 00:00:00-04:00,0.0
1979-05-23 00:00:00-04:00,0.0
1979-05-24 00:00:00-04:00,0.0
1979-05-25 00:00:00-04:00,0.0
1979-05-29 00:00:00-04:00,0.0
1979-05-30 00:00:00-04:00,0.0
1979-05-31 00:00:00-04:00,0.0
1979-06-01 00:00:00-04:00,0.0
1979-06-04 00:00:00-04:00,0.0
1979-06-05 00:00:00-04:00,0.0
1979-06-06 00:00:00-04:00,0.0
1979-06-07 00:00:00-04:00,0.0
1979-06-08 00:00:00-04:00,0.0
1979-06-11 00:00:00-04:00,0.0
1979-06-12 00:00:00-04:00,0.0
1979-06-13 00:00:00-04:00,0.4715482294559479
1979-06-14 00:00:00-04:00,0.0
1979-06-15 00:00:00-04:00,0.0
1979-06-18 00:00:00-04:00,0.0
1979-06-19 00:00:00-04:00,0.0
1979-06-20 00:00:00-04:00,0.0
1979-06-21 00:00:00-04:00,0.0
1979-06-22 00:00:00-04:00,0.0
1979-06-25 00:00:00-04:00,0.0
1979-06-26 00:00:00-04:00,0.0
1979-06-27 00:00:00-04:00,0.0
1979-06-28 00:00:00-04:00,0.0
1979-06-29 00:00:00-04:00,0.0
1979-07-02 00:00:00-04:00,0.0
1979-07-03 00:00:00-04:00,0.0
1979-07-05 00:00:00-04:00,0.0
1979-07-06 00:00:00-04:00,0.0
1979-07-09 00:00:00-04:00,0.0
1979-07-10 00:00:00-04:00,0.0
1979-07-11 00:00:00-04:00,0.0
1979-07-12 00:00:00-04:00,0.0
1979-07-13 00:00:00-04:00,0.0
1979-07-16 00:00:00-04:00,0.0
1979-07-17 00:00:00-04:00,0.0
1979-07-18 00:00:00-04:00,0.0
1979-07-19 00:00:00-04:00,0.0
1979-07-20 00:00:00-04:00,0.4860574007034302
1979-07-23 00:00:00-04:00,0.0
1979-07-24 00:00:00-04:00,0.0
1979-07-25 00:00:00-04:00,0.0
1979-07-26 00:00:00-04:00,0.47880250215530396
1979-07-27 00:00:00-04:00,0.0
1979-07-30 00:00:00-04:00,0.0
1979-07-31 00:00:00-04:00,0.0
1979-08-01 00:00:00-04:00,0.0
1979-08-02 00:00:00-04:00,0.0
1979-08-03 00:00:00-04:00,0.0
1979-08-06 00:00:00-04:00,0.0
1979-08-07 00:00:00-04:00,0.4933120012283325
1979-08-08 00:00:00-04:00,0.0
1979-08-09 00:00:00-04:00,0.0
1979-08-10 00:00:00-04:00,0.0
1979-08-13 00:00:00-04:00,0.0
1979-08-14 00:00:00-04:00,0.0
1979-08-15 00:00:00-04:00,0.0
1979-08-16 00:00:00-04:00,0.0
1979-08-17 00:00:00-04:00,0.0
1979-08-20 00:00:00-04:00,0.0
1979-08-21 00:00:00-04:00,0.0
1979-08-22 00:00:00-04:00,0.0
1979-08-23 00:00:00-04:00,0.0
1979-08-24 00:00:00-04:00,0.5005664825439453
1979-08-27 00:00:00-04:00,0.0
1979-08-28 00:00:00-04:00,0.0
1979-08-29 00:00:00-04:00,0.0
1979-08-30 00:00:00-04:00,0.0
1979-08-31 00:00:00-04:00,0.0
1979-09-04 00:00:00-04:00,0.4933120012283325
1979-09-05 00:00:00-04:00,0.0
1979-09-06 00:00:00-04:00,0.0
1979-09-07 00:00:00-04:00,0.0
1979-09-10 00:00:00-04:00,0.0
1979-09-11 00:00:00-04:00,0.0
1979-09-12 00:00:00-04:00,0.0
1979-09-13 00:00:00-04:00,0.0
1979-09-14 00:00:00-04:00,0.4860574007034302
1979-09-17 00:00:00-04:00,0.0
1979-09-18 00:00:00-04:00,0.0
1979-09-19 00:00:00-04:00,0.0
1979-09-20 00:00:00-04:00,0.0
1979-09-21 00:00:00-04:00,0.0
1979-09-24 00:00:00-04:00,0.4715482294559479
1979-09-25 00:00:00-04:00,0.0
1979-09-26 00:00:00-04:00,0.0
1979-09-27 00:00:00-04:00,0.0
1979-09-28 00:00:00-04:00,0.0
1979-10-01 00:00:00-04:00,0.0
1979-10-02 00:00:00-04:00,0.0
1979-10-03 00:00:00-04:00,0.0
1979-10-04 00:00:00-04:00,0.0
1979-10-05 00:00:00-04:00,0.0
1979-10-08 00:00:00-04:00,0.0
1979-10-09 00:00:00-04:00,0.4715482294559479
1979-10-10 00:00:00-04:00,0.0
1979-10-11 00:00:00-04:00,0.0
1979-10-12 00:00:00-04:00,0.0
1979-10-15 00:00:00-04:00,0.0
1979-10-16 00:00:00-04:00,0.0
1979-10-17 00:00:00-04:00,0.0
1979-10-18 00:00:00-04:00,0.0
1979-10-19 00:00:00-04:00,0.0
1979-10-22 00:00:00-04:00,0.0
1979-10-23 00:00:00-04:00,0.0
1979-10-24 00:00:00-04:00,0.0
1979-10-25 00:00:00-04:00,0.0
1979-10-26 00:00:00-04:00,0.0
1979-10-29 00:00:00-05:00,0.0
1979-10-30 00:00:00-05:00,0.4425297975540161
1979-10-31 00:00:00-05:00,0.4425297975540161
1979-11-01 00:00:00-05:00,0.0
1979-11-02 00:00:00-05:00,0.0
1979-11-05 00:00:00-05:00,0.0
1979-11-06 00:00:00-05:00,0.0
1979-11-07 00:00:00-05:00,0.0
1979-11-08 00:00:00-05:00,0.0
1979-11-09 00:00:00-05:00,0.0
1979-11-12 00:00:00-05:00,0.4425297975540161
1979-11-13 00:00:00-05:00,0.0
1979-11-14 00:00:00-05:00,0.0
1979-11-15 00:00:00-05:00,0.0
1979-11-16 00:00:00-05:00,0.0
1979-11-19 00:00:00-05:00,0.0
1979-11-20 00:00:00-05:00,0.0
1979-11-21 00:00:00-05:00,0.0
1979-11-23 00:00:00-05:00,0.0
1979-11-26 00:00:00-05:00,0.0
1979-11-27 00:00:00-05:00,0.0
1979-11-28 00:00:00-05:00,0.44978418946266174
1979-11-29 00:00:00-05:00,0.0
1979-11-30 00:00:00-05:00,0.0
1979-12-03 00:00:00-05:00,0.0
1979-12-04 00:00:00-05:00,0.0
1979-12-05 00:00:00-05:00,0.0
1979-12-06 00:00:00-05:00,0.0
1979-12-07 00:00:00-05:00,0.0
1979-12-10 00:00:00-05:00,0.0
1979-12-11 00:00:00-05:00,0.0
1979-12-12 00:00:00-05:00,0.0
1979-12-13 00:00:00-05:00,0.0
1979-12-14 00:00:00-05:00,0.0
1979-12-17 00:00:00-05:00,0.0
1979-12-18 00:00:00-05:00,0.0
1979-12-19 00:00:00-05:00,0.4570392072200775
1979-12-20 00:00:00-05:00,0.0
1979-12-21 00:00:00-05:00,0.0
1979-12-24 00:00:00-05:00,0.0
1979-12-26 00:00:00-05:00,0.0
1979-12-27 00:00:00-05:00,0.0
1979-12-28 00:00:00-05:00,0.0
1979-12-31 00:00:00-05:00,0.0
1980-01-02 00:00:00-05:00,0.0
1980-01-03 00:00:00-05:00,0.0
1980-01-04 00:00:00-05:00,0.0
1980-01-07 00:00:00-05:00,0.0
1980-01-08 00:00:00-05:00,0.0
1980-01-09 00:00:00-05:00,0.0
1980-01-10 00:00:00-05:00,0.0
1980-01-11 00:00:00-05:00,0.0
1980-01-14 00:00:00-05:00,0.0
1980-01-15 00:00:00-05:00,0.0
1980-01-16 00:00:00-05:00,0.0
1980-01-17 00:00:00-05:00,0.0
1980-01-18 00:00:00-05:00,0.0
1980-01-21 00:00:00-05:00,0.0
1980-01-22 00:00:00-05:00,0.0
1980-01-23 00:00:00-05:00,0.0
1980-01-24 00:00:00-05:00,0.0
1980-01-25 00:00:00-05:00,0.0
1980-01-28 00:00:00-05:00,0.0
1980-01-29 00:00:00-05:00,0.0
1980-01-30 00:00:00-05:00,0.0
1980-01-31 00:00:00-05:00,0.0
1980-02-01 00:00:00-05:00,0.0
1980-02-04 00:00:00-05:00,0.0
1980-02-05 00:00:00-05:00,0.4860574007034302
1980-02-06 00:00:00-05:00,0.0
1980-02-07 00:00:00-05:00,0.0
1980-02-08 00:00:00-05:00,0.0
1980-02-11 00:00:00-05:00,0.0
1980-02-12 00:00:00-05:00,0.0
1980-02-13 00:00:00-05:00,0.0
1980-02-14 00:00:00-05:00,0.0
1980-02-15 00:00:00-05:00,0.0
1980-02-19 00:00:00-05:00,0.0
1980-02-20 00:00:00-05:00,0.0
1980-02-21 00:00:00-05:00,0.0
1980-02-22 00:00:00-05:00,0.0
1980-02-25 00:00:00-05:00,0.0
1980-02-26 00:00:00-05:00,0.0
1980-02-27 00:00:00-05:00,0.0
1980-02-28 00:00:00-05:00,0.0
1980-02-29 00:00:00-05:00,0.0
1980-03-03 00:00:00-05:00,0.0
1980-03-04 00:00:00-05:00,0.0
1980-03-05 00:00:00-05:00,0.0
1980-03-06 00:00:00-05:00,0.0
1980-03-07 00:00:00-05:00,0.0
1980-03-10 00:00:00-05:00,0.0
1980-03-11 00:00:00-05:00,0.0
1980-03-12 00:00:00-05:00,0.0
1980-03-13 00:00:00-05:00,0.42802056670188904
1980-03-14 00:00:00-05:00,0.0
1980-03-17 00:00:00-05:00,0.0
1980-03-18 00:00:00-05:00,0.0
1980-03-19 00:00:00-05:00,0.0
1980-03-20 00:00:00-05:00,0.0
1980-03-21 00:00:00-05:00,0.0
1980-03-24 00:00:00-05:00,0.0
1980-03-25 00:00:00-05:00,0.0
1980-03-26 00:00:00-05:00,0.42076626420021057
1980-03-27 00:00:00-05:00,0.0
1980-03-28 00:00:00-05:00,0.0
1980-03-31 00:00:00-05:00,0.0
1980-04-01 00:00:00-05:00,0.0
1980-04-02 00:00:00-05:00,0.0
1980-04-03 00:00:00-05:00,0.0
1980-04-07 00:00:00-05:00,0.0
1980-04-08 00:00:00-05:00,0.0
1980-04-09 00:00:00-05:00,0.0
1980-04-10 00:00:00-05:00,0.0
1980-04-11 00:00:00-05:00,0.0
1980-04-14 00:00:00-05:00,0.0
1980-04-15 00:00:00-05:00,0.0
1980-04-16 00:00:00-05:00,0.0
1980-04-17 00:00:00-05:00,0.0
1980-04-18 00:00:00-05:00,0.0
1980-04-21 00:00:00-05:00,0.0
1980-04-22 00:00:00-05:00,0.0
1980-04-23 00:00:00-05:00,0.0
1980-04-24 00:00:00-05:00,0.0
1980-04-25 00:00:00-05:00,0.4425297975540161
1980-04-28 00:00:00-04:00,0.0
1980-04-29 00:00:00-04:00,0.0
1980-04-30 00:00:00-04:00,0.0
1980-05-01 00:00:00-04:00,0.0
1980-05-02 00:00:00-04:00,0.0
1980-05-05 00:00:00-04:00,0.0
1980-05-06 00:00:00-04:00,0.0
1980-05-07 00:00:00-04:00,0.44978418946266174
1980-05-08 00:00:00-04:00,0.0
1980-05-09 00:00:00-04:00,0.0
1980-05-12 00:00:00-04:00,0.0
1980-05-13 00:00:00-04:00,0.0
1980-05-14 00:00:00-04:00,0.0
1980-05-15 00:00:00-04:00,0.0
1980-05-16 00:00:00-04:00,0.0
1980-05-19 00:00:00-04:00,0.0
1980-05-20 00:00:00-04:00,0.0
1980-05-21 00:00:00-04:00,0.0
1980-05-22 00:00:00-04:00,0.0
1980-05-23 00:00:00-04:00,0.0
1980-05-27 00:00:00-04:00,0.0
1980-05-28 00:00:00-04:00,0.0
1980-05-29 00:00:00-04:00,0.4933120012283325
1980-05-30 00:00:00-04:00,0.0
1980-06-02 00:00:00-04:00,0.0
1980-06-03 00:00:00-04:00,0.0
1980-06-04 00:00:00-04:00,0.0
1980-06-05 00:00:00-04:00,0.0
1980-06-06 00:00:00-04:00,0.0
1980-06-09 00:00:00-04:00,0.0
1980-06-10 00:00:00-04:00,0.4933120012283325
1980-06-11 00:00:00-04:00,0.0
1980-06-12 00:00:00-04:00,0.0
1980-06-13 00:00:00-04:00,0.4860574007034302
1980-06-16 00:00:00-04:00,0.4860574007034302
1980-06-17 00:00:00-04:00,0.0
1980-06-18 00:00:00-04:00,0.0
1980-06-19 00:00:00-04:00,0.0
1980-06-20 00:00:00-04:00,0.0
1980-06-23 00:00:00-04:00,0.0
1980-06-24 00:00:00-04:00,0.0
1980-06-25 00:00:00-04:00,0.0
1980-06-26 00:00:00-04:00,0.4715482294559479
1980-06-27 00:00:00-04:00,0.0
1980-06-30 00:00:00-04:00,0.0
1980-07-01 00:00:00-04:00,0.0
1980-07-02 00:00:00-04:00,0.0
1980-07-03 00:00:00-04:00,0.4860574007034302
1980-07-07 00:00:00-04:00,0.0
1980-07-08 00:00:00-04:00,0.0
1980-07-09 00:00:00-04:00,0.0
1980-07-10 00:00:00-04:00,0.0
1980-07-11 00:00:00-04:00,0.4860574007034302
1980-07-14 00:00:00-04:00,0.0
1980-07-15 00:00:00-04:00,0.0
1980-07-16 00:00:00-04:00,0.0
1980-07-17 00:00:00-04:00,0.0
1980-07-18 00:00:00-04:00,0.0
1980-07-21 00:00:00-04:00,0.5005664825439453
1980-07-22 00:00:00-04:00,0.0
1980-07-23 00:00:00-04:00,0.0
1980-07-24 00:00:00-04:00,0.0
1980-07-25 00:00:00-04:00,0.0
1980-07-28 00:00:00-04:00,0.0
1980-07-29 00:00:00-04:00,0.0
1980-07-30 00:00:00-04:00,0.0
1980-07-31 00:00:00-04:00,0.0
1980-08-01 00:00:00-04:00,0.4860574007034302
1980-08-04 00:00:00-04:00,0.0
1980-08-05 00:00:00-04:00,0.0
1980-08-06 00:00:00-04:00,0.0
1980-08-07 00:00:00-04:00,0.0
1980-08-08 00:00:00-04:00,0.0
1980-08-11 00:00:00-04:00,0.0
1980-08-12 00:00:00-04:00,0.0
1980-08-13 00:00:00-04:00,0.4860574007034302
1980-08-14 00:00:00-04:00,0.4860574007034302
1980-08-15 00:00:00-04:00,0.0
1980-08-18 00:00:00-04:00,0.4933120012283325
1980-08-19 00:00:00-04:00,0.0
1980-08-20 00:00:00-04:00,0.0
1980-08-21 00:00:00-04:00,0.0
1980-08-22 00:00:00-04:00,0.0
1980-08-25 00:00:00-04:00,0.4933120012283325
1980-08-26 00:00:00-04:00,0.0
1980-08-27 00:00:00-04:00,0.0
1980-08-28 00:00:00-04:00,0.0
1980-08-29 00:00:00-04:00,0.4933120012283325
1980-09-02 00:00:00-04:00,0.0
1980-09-03 00:00:00-04:00,0.4933120012283325
1980-09-04 00:00:00-04:00,0.0
1980-09-05 00:00:00-04:00,0.4933120012283325
1980-09-08 00:00:00-04:00,0.0
1980-09-09 00:00:00-04:00,0.0
1980-09-10 00:00:00-04:00,0.0
1980-09-11 00:00:00-04:00,0.0
1980-09-12 00:00:00-04:00,0.0
1980-09-15 00:00:00-04:00,0.0
1980-09-16 00:00:00-04:00,0.0
1980-09-17 00:00:00-04:00,0.0
1980-09-18 00:00:00-04:00,0.4933120012283325
1980-09-19 00:00:00-04:00,0.4933120012283325
1980-09-22 00:00:00-04:00,0.4933120012283325
1980-09-23 00:00:00-04:00,0.0
1980-09-24 00:00:00-04:00,0.0
1980-09-25 00:00:00-04:00,0.0
1980-09-26 00:00:00-04:00,0.0
1980-09-29 00:00:00-04:00,0.0
1980-09-30 00:00:00-04:00,0.0
1980-10-01 00:00:00-04:00,0.0
1980-10-02 00:00:00-04:00,0.0
1980-10-03 00:00:00-04:00,0.0
1980-10-06 00:00:00-04:00,0.0
1980-10-07 00:00:00-04:00,0.0
1980-10-08 00:00:00-04:00,0.0
1980-10-09 00:00:00-04:00,0.0
1980-10-10 00:00:00-04:00,0.0
1980-10-13 00:00:00-04:00,0.4570392072200775
1980-10-14 00:00:00-04:00,0.0
1980-10-15 00:00:00-04:00,0.4570392072200775
1980-10-16 00:00:00-04:00,0.0
1980-10-17 00:00:00-04:00,0.0
1980-10-20 00:00:00-04:00,0.0
1980-10-21 00:00:00-04:00,0.0
1980-10-22 00:00:00-04:00,0.0
1980-10-23 00:00:00-04:00,0.0
1980-10-24 00:00:00-04:00,0.0
1980-10-27 00:00:00-05:00,0.0
1980-10-28 00:00:00-05:00,0.0
1980-10-29 00:00:00-05:00,0.0
1980-10-30 00:00:00-05:00,0.0
1980-10-31 00:00:00-05:00,0.0
1980-11-03 00:00:00-05:00,0.43527525663375854
1980-11-05 00:00:00-05:00,0.0
1980-11-06 00:00:00-05:00,0.0
1980-11-07 00:00:00-05:00,0.0
1980-11-10 00:00:00-05:00,0.0
1980-11-11 00:00:00-05:00,0.0
1980-11-12 00:00:00-05:00,0.0
1980-11-13 00:00:00-05:00,0.0
1980-11-14 00:00:00-05:00,0.0
1980-11-17 00:00:00-05:00,0.0
1980-11-18 00:00:00-05:00,0.0
1980-11-19 00:00:00-05:00,0.0
1980-11-20 00:00:00-05:00,0.0
1980-11-21 00:00:00-05:00,0.0
1980-11-24 00:00:00-05:00,0.0
1980-11-25 00:00:00-05:00,0.0
1980-11-26 00:00:00-05:00,0.0
1980-11-28 00:00:00-05:00,0.42802056670188904
1980-12-01 00:00:00-05:00,0.0
1980-12-02 00:00:00-05:00,0.0
1980-12-03 00:00:00-05:00,0.0
1980-12-04 00:00:00-05:00,0.0
1980-12-05 00:00:00-05:00,0.0
1980-12-08 00:00:00-05:00,0.0
1980-12-09 00:00:00-05:00,0.0
1980-12-10 00:00:00-05:00,0.0
1980-12-11 00:00:00-05:00,0.0
1980-12-12 00:00:00-05:00,0.0
1980-12-15 00:00:00-05:00,0.0
1980-12-16 00:00:00-05:00,0.0
1980-12-17 00:00:00-05:00,0.0
1980-12-18 00:00:00-05:00,0.0
1980-12-19 00:00:00-05:00,0.0
1980-12-22 00:00:00-05:00,0.0
1980-12-23 00:00:00-05:00,0.0
1980-12-24 00:00:00-05:00,0.0
1980-12-26 00:00:00-05:00,0.42802056670188904
1980-12-29 00:00:00-05:00,0.0
1980-12-30 00:00:00-05:00,0.0
1980-12-31 00:00:00-05:00,0.42802056670188904
1981-01-02 00:00:00-05:00,0.0
1981-01-05 00:00:00-05:00,0.0
1981-01-06 00:00:00-05:00,0.0
1981-01-07 00:00:00-05:00,0.0
1981-01-08 00:00:00-05:00,0.0
1981-01-09 00:00:00-05:00,0.0
1981-01-12 00:00:00-05:00,0.0
1981-01-13 00:00:00-05:00,0.0
1981-01-14 00:00:00-05:00,0.0
1981-01-15 00:00:00-05:00,0.0
1981-01-16 00:00:00-05:00,0.0
1981-01-19 00:00:00-05:00,0.0
1981-01-20 00:00:00-05:00,0.0
1981-01-21 00:00:00-05:00,0.0
1981-01-22 00:00:00-05:00,0.0
1981-01-23 00:00:00-05:00,0.0
1981-01-26 00:00:00-05:00,0.0
1981-01-27 00:00:00-05:00,0.0
1981-01-28 00:00:00-05:00,0.0
1981-01-29 00:00:00-05:00,0.0
1981-01-30 00:00:00-05:00,0.0
1981-02-02 00:00:00-05:00,0.0
1981-02-03 00:00:00-05:00,0.0
1981-02-04 00:00:00-05:00,0.0
1981-02-05 00:00:00-05:00,0.0
1981-02-06 00:00:00-05:00,0.0
1981-02-09 00:00:00-05:00,0.47517552971839905
1981-02-10 00:00:00-05:00,0.0
1981-02-11 00:00:00-05:00,0.0
1981-02-12 00:00:00-05:00,0.0
1981-02-13 00:00:00-05:00,0.4860574007034302
1981-02-17 00:00:00-05:00,0.0
1981-02-18 00:00:00-05:00,0.0
1981-02-19 00:00:00-05:00,0.0
1981-02-20 00:00:00-05:00,0.0
1981-02-23 00:00:00-05:00,0.0
1981-02-24 00:00:00-05:00,0.0
1981-02-25 00:00:00-05:00,0.0
1981-02-26 00:00:00-05:00,0.0
1981-02-27 00:00:00-05:00,0.0
1981-03-02 00:00:00-05:00,0.0
1981-03-03 00:00:00-05:00,0.0
1981-03-04 00:00:00-05:00,0.0
1981-03-05 00:00:00-05:00,0.5005664825439453
1981-03-06 00:00:00-05:00,0.0
1981-03-09 00:00:00-05:00,0.5005664825439453
1981-03-10 00:00:00-05:00,0.0
1981-03-11 00:00:00-05:00,0.0
1981-03-12 00:00:00-05:00,0.0
1981-03-13 00:00:00-05:00,0.5005664825439453
1981-03-16 00:00:00-05:00,0.0
1981-03-17 00:00:00-05:00,0.0
1981-03-18 00:00:00-05:00,0.0
1981-03-19 00:00:00-05:00,0.0
1981-03-20 00:00:00-05:00,0.0
1981-03-23 00:00:00-05:00,0.0
1981-03-24 00:00:00-05:00,0.0
1981-03-25 00:00:00-05:00,0.0
1981-03-26 00:00:00-05:00,0.0
1981-03-27 00:00:00-05:00,0.0
1981-03-30 00:00:00-05:00,0.0
1981-03-31 00:00:00-05:00,0.0
1981-04-01 00:00:00-05:00,0.0
1981-04-02 00:00:00-05:00,0.0
1981-04-03 00:00:00-05:00,0.0
1981-04-06 00:00:00-05:00,0.0
1981-04-07 00:00:00-05:00,0.0
1981-04-08 00:00:00-05:00,0.0
1981-04-09 00:00:00-05:00,0.0
1981-04-10 00:00:00-05:00,0.0
1981-04-13 00:00:00-05:00,0.44978418946266174
1981-04-14 00:00:00-05:00,0.0
1981-04-15 00:00:00-05:00,0.0
1981-04-16 00:00:00-05:00,0.0
1981-04-20 00:00:00-05:00,0.0
1981-04-21 00:00:00-05:00,0.0
1981-04-22 00:00:00-05:00,0.0
1981-04-23 00:00:00-05:00,0.0
1981-04-24 00:00:00-05:00,0.0
1981-04-27 00:00:00-04:00,0.0
1981-04-28 00:00:00-04:00,0.0
1981-04-29 00:00:00-04:00,0.0
1981-04-30 00:00:00-04:00,0.0
1981-05-01 00:00:00-04:00,0.0
1981-05-04 00:00:00-04:00,0.0
1981-05-05 00:00:00-04:00,0.0
1981-05-06 00:00:00-04:00,0.4715482294559479
1981-05-07 00:00:00-04:00,0.0
1981-05-08 00:00:00-04:00,0.0
1981-05-11 00:00:00-04:00,0.0
1981-05-12 00:00:00-04:00,0.0
1981-05-13 00:00:00-04:00,0.0
1981-05-14 00:00:00-04:00,0.46429380774497986
1981-05-15 00:00:00-04:00,0.0
1981-05-18 00:00:00-04:00,0.0
1981-05-19 00:00:00-04:00,0.0
1981-05-20 00:00:00-04:00,0.0
1981-05-21 00:00:00-04:00,0.0
1981-05-22 00:00:00-04:00,0.0
1981-05-26 00:00:00-04:00,0.0
1981-05-27 00:00:00-04:00,0.0
1981-05-28 00:00:00-04:00,0.0
1981-05-29 00:00:00-04:00,0.0
1981-06-01 00:00:00-04:00,0.0
1981-06-02 00:00:00-04:00,0.0
1981-06-03 00:00:00-04:00,0.0
1981-06-04 00:00:00-04:00,0.0
1981-06-05 00:00:00-04:00,0.0
1981-06-08 00:00:00-04:00,0.0
1981-06-09 00:00:00-04:00,0.0
1981-06-10 00:00:00-04:00,0.0
1981-06-11 00:00:00-04:00,0.0
1981-06-12 00:00:00-04:00,0.0
1981-06-15 00:00:00-04:00,0.0
1981-06-16 00:00:00-04:00,0.0
1981-06-17 00:00:00-04:00,0.0
1981-06-18 00:00:00-04:00,0.0
1981-06-19 00:00:00-04:00,0.0
1981-06-22 00:00:00-04:00,0.0
1981-06-23 00:00:00-04:00,0.0
1981-06-24 00:00:00-04:00,0.0
1981-06-25 00:00:00-04:00,0.0
1981-06-26 00:00:00-04:00,0.0
1981-06-29 00:00:00-04:00,0.0
1981-06-30 00:00:00-04:00,0.0
1981-07-01 00:00:00-04:00,0.0
1981-07-02 00:00:00-04:00,0.0
1981-07-06 00:00:00-04:00,0.0
1981-07-07 00:00:00-04:00,0.0
1981-07-08 00:00:00-04:00,0.0
1981-07-09 00:00:00-04:00,0.0
1981-07-10 00:00:00-04:00,0.0
1981-07-13 00:00:00-04:00,0.0
1981-07-14 00:00:00-04:00,0.0
1981-07-15 00:00:00-04:00,0.0
1981-07-16 00:00:00-04:00,0.0
1981-07-17 00:00:00-04:00,0.0
1981-07-20 00:00:00-04:00,0.0
1981-07-21 00:00:00-04:00,0.0
1981-07-22 00:00:00-04:00,0.0
1981-07-23 00:00:00-04:00,0.0
1981-07-24 00:00:00-04:00,0.0
1981-07-27 00:00:00-04:00,0.0
1981-07-28 00:00:00-04:00,0.0
1981-07-29 00:00:00-04:00,0.0
1981-07-30 00:00:00-04:00,0.0
1981-07-31 00:00:00-04:00,0.0
1981-08-03 00:00:00-04:00,0.0
1981-08-04 00:00:00-04:00,0.0
1981-08-05 00:00:00-04:00,0.0
1981-08-06 00:00:00-04:00,0.0
1981-08-07 00:00:00-04:00,0.0
1981-08-10 00:00:00-04:00,0.4860574007034302
1981-08-11 00:00:00-04:00,0.0
1981-08-12 00:00:00-04:00,0.0
1981-08-13 00:00:00-04:00,0.0
1981-08-14 00:00:00-04:00,0.0
1981-08-17 00:00:00-04:00,0.0
1981-08-18 00:00:00-04:00,0.0
1981-08-19 00:00:00-04:00,0.0
1981-08-20 00:00:00-04:00,0.0
1981-08-21 00:00:00-04:00,0.0
1981-08-24 00:00:00-04:00,0.0
1981-08-25 00:00:00-04:00,0.0
1981-08-26 00:00:00-04:00,0.5041940212249756
1981-08-27 00:00:00-04:00,0.0
1981-08-28 00:00:00-04:00,0.0
1981-08-31 00:00:00-04:00,0.0
1981-09-01 00:00:00-04:00,0.0
1981-09-02 00:00:00-04:00,0.0
1981-09-03 00:00:00-04:00,0.0
1981-09-04 00:00:00-04:00,0.0
1981-09-08 00:00:00-04:00,0.0
1981-09-09 00:00:00-04:00,0.0
1981-09-10 00:00:00-04:00,0.47880250215530396
1981-09-11 00:00:00-04:00,0.0
1981-09-14 00:00:00-04:00,0.0
1981-09-15 00:00:00-04:00,0.0
1981-09-16 00:00:00-04:00,0.4824301302433014
1981-09-17 00:00:00-04:00,0.0
1981-09-18 00:00:00-04:00,0.4715482294559479
1981-09-21 00:00:00-04:00,0.0
1981-09-22 00:00:00-04:00,0.0
1981-09-23 00:00:00-04:00,0.0
1981-09-24 00:00:00-04:00,0.4570392072200775
1981-09-25 00:00:00-04:00,0.0
1981-09-28 00:00:00-04:00,0.0
1981-09-29 00:00:00-04:00,0.0
1981-09-30 00:00:00-04:00,0.0
1981-10-01 00:00:00-04:00,0.0
1981-10-02 00:00:00-04:00,0.0
1981-10-05 00:00:00-04:00,0.0
1981-10-06 00:00:00-04:00,0.0
1981-10-07 00:00:00-04:00,0.0
1981-10-08 00:00:00-04:00,0.0
1981-10-09 00:00:00-04:00,0.0
1981-10-12 00:00:00-04:00,0.0
1981-10-13 00:00:00-04:00,0.0
1981-10-14 00:00:00-04:00,0.0
1981-10-15 00:00:00-04:00,0.0
1981-10-16 00:00:00-04:00,0.0
1981-10-19 00:00:00-04:00,0.0
1981-10-20 00:00:00-04:00,0.0
1981-10-21 00:00:00-04:00,0.0
1981-10-22 00:00:00-04:00,0.0
1981-10-23 00:00:00-04:00,0.0
1981-10-26 00:00:00-05:00,0.0
1981-10-27 00:00:00-05:00,0.0
1981-10-28 00:00:00-05:00,0.0
1981-10-29 00:00:00-05:00,0.0
1981-10-30 00:00:00-05:00,0.0
1981-11-02 00:00:00-05:00,0.0
1981-11-03 00:00:00-05:00,0.0
1981-11-04 00:00:00-05:00,0.0
1981-11-05 00:00:00-05:00,0.0
1981-11-06 00:00:00-05:00,0.0
1981-11-09 00:00:00-05:00,0.0
1981-11-10 00:00:00-05:00,0.0
1981-11-11 00:00:00-05:00,0.0
1981-11-12 00:00:00-05:00,0.0
1981-11-13 00:00:00-05:00,0.0
1981-11-16 00:00:00-05:00,0.0
1981-11-17 00:00:00-05:00,0.0
1981-11-18 00:00:00-05:00,0.0
1981-11-19 00:00:00-05:00,0.0
1981-11-20 00:00:00-05:00,0.0
1981-11-23 00:00:00-05:00,0.0
1981-11-24 00:00:00-05:00,0.0
1981-11-25 00:00:00-05:00,0.0
1981-11-27 00:00:00-05:00,0.0
1981-11-30 00:00:00-05:00,0.0
1981-12-01 00:00:00-05:00,0.0
1981-12-02 00:00:00-05:00,0.0
1981-12-03 00:00:00-05:00,0.0
1981-12-04 00:00:00-05:00,0.0
1981-12-07 00:00:00-05:00,0.5404670834541321
1981-12-08 00:00:00-05:00,0.0
1981-12-09 00:00:00-05:00,0.0
1981-12-10 00:00:00-05:00,0.5368396043777466
1981-12-11 00:00:00-05:00,0.0
1981-12-14 00:00:00-05:00,0.0
1981-12-15 00:00:00-05:00,0.0
1981-12-16 00:00:00-05:00,0.0
1981-12-17 00:00:00-05:00,0.0
1981-12-18 00:00:00-05:00,0.0
1981-12-21 00:00:00-05:00,0.0
1981-12-22 00:00:00-05:00,0.5295850038528442
1981-12-23 00:00:00-05:00,0.5295850038528442
1981-12-24 00:00:00-05:00,0.5295850038528442
1981-12-28 00:00:00-05:00,0.5295850038528442
1981-12-29 00:00:00-05:00,0.0
1981-12-30 00:00:00-05:00,0.0
1981-12-31 00:00:00-05:00,0.0
1982-01-04 00:00:00-05:00,0.0
1982-01-05 00:00:00-05:00,0.0
1982-01-06 00:00:00-05:00,0.0
1982-01-07 00:00:00-05:00,0.0
1982-01-08 00:00:00-05:00,0.0
1982-01-11 00:00:00-05:00,0.0
1982-01-12 00:00:00-05:00,0.0
1982-01-13 00:00:00-05:00,0.0
1982-01-14 00:00:00-05:00,0.0
1982-01-15 00:00:00-05:00,0.0
1982-01-18 00:00:00-05:00,0.0
1982-01-19 00:00:00-05:00,0.5223304033279419
1982-01-20 00:00:00-05:00,0.0
1982-01-21 00:00:00-05:00,0.0
1982-01-22 00:00:00-05:00,0.0
1982-01-25 00:00:00-05:00,0.0
1982-01-26 00:00:00-05:00,0.5150758028030396
1982-01-27 00:00:00-05:00,0.0
1982-01-28 00:00:00-05:00,0.0
1982-01-29 00:00:00-05:00,0.0
1982-02-01 00:00:00-05:00,0.0
1982-02-02 00:00:00-05:00,0.0
1982-02-03 00:00:00-05:00,0.0
1982-02-04 00:00:00-05:00,0.0
1982-02-05 00:00:00-05:00,0.0
1982-02-08 00:00:00-05:00,0.0
1982-02-09 00:00:00-05:00,0.0
1982-02-10 00:00:00-05:00,0.0
1982-02-11 00:00:00-05:00,0.0
1982-02-12 00:00:00-05:00,0.0
1982-02-16 00:00:00-05:00,0.0
1982-02-17 00:00:00-05:00,0.0
1982-02-18 00:00:00-05:00,0.0
1982-02-19 00:00:00-05:00,0.0
1982-02-22 00:00:00-05:00,0.0
1982-02-23 00:00:00-05:00,0.0
1982-02-24 00:00:00-05:00,0.0
1982-02-25 00:00:00-05:00,0.0
1982-02-26 00:00:00-05:00,0.0
1982-03-01 00:00:00-05:00,0.0
1982-03-02 00:00:00-05:00,0.0
1982-03-03 00:00:00-05:00,0.0
1982-03-04 00:00:00-05:00,0.0
1982-03-05 00:00:00-05:00,0.0
1982-03-08 00:00:00-05:00,0.0
1982-03-09 00:00:00-05:00,0.0
1982-03-10 00:00:00-05:00,0.0
1982-03-11 00:00:00-05:00,0.0
1982-03-12 00:00:00-05:00,0.0
1982-03-15 00:00:00-05:00,0.0
1982-03-16 00:00:00-05:00,0.0
1982-03-17 00:00:00-05:00,0.0
1982-03-18 00:00:00-05:00,0.0
1982-03-19 00:00:00-05:00,0.0
1982-03-22 00:00:00-05:00,0.0
1982-03-23 00:00:00-05:00,0.0
1982-03-24 00:00:00-05:00,0.0
1982-03-25 00:00:00-05:00,0.0
1982-03-26 00:00:00-05:00,0.0
1982-03-29 00:00:00-05:00,0.0
1982-03-30 00:00:00-05:00,0.0
1982-03-31 00:00:00-05:00,0.0
1982-04-01 00:00:00-05:00,0.0
1982-04-02 00:00:00-05:00,0.0
1982-04-05 00:00:00-05:00,0.0
1982-04-06 00:00:00-05:00,0.5150758028030396
1982-04-07 00:00:00-05:00,0.0
1982-04-08 00:00:00-05:00,0.0
1982-04-12 00:00:00-05:00,0.0
1982-04-13 00:00:00-05:00,0.0
1982-04-14 00:00:00-05:00,0.0
1982-04-15 00:00:00-05:00,0.0
1982-04-16 00:00:00-05:00,0.0
1982-04-19 00:00:00-05:00,0.0
1982-04-20 00:00:00-05:00,0.5150758028030396
1982-04-21 00:00:00-05:00,0.0
1982-04-22 00:00:00-05:00,0.0
1982-04-23 00:00:00-05:00,0.0
1982-04-26 00:00:00-04:00,0.0
1982-04-27 00:00:00-04:00,0.0
1982-04-28 00:00:00-04:00,0.0
1982-04-29 00:00:00-04:00,0.0
1982-04-30 00:00:00-04:00,0.0
1982-05-03 00:00:00-04:00,0.0
1982-05-04 00:00:00-04:00,0.0
1982-05-05 00:00:00-04:00,0.0
1982-05-06 00:00:00-04:00,0.0
1982-05-07 00:00:00-04:00,0.0
1982-05-10 00:00:00-04:00,0.0
1982-05-11 00:00:00-04:00,0.0
1982-05-12 00:00:00-04:00,0.0
1982-05-13 00:00:00-04:00,0.0
1982-05-14 00:00:00-04:00,0.0
1982-05-17 00:00:00-04:00,0.0
1982-05-18 00:00:00-04:00,0.5223304033279419
1982-05-19 00:00:00-04:00,0.0
1982-05-20 00:00:00-04:00,0.0
1982-05-21 00:00:00-04:00,0.0
1982-05-24 00:00:00-04:00,0.0
1982-05-25 00:00:00-04:00,0.0
1982-05-26 00:00:00-04:00,0.0
1982-05-27 00:00:00-04:00,0.0
1982-05-28 00:00:00-04:00,0.0
1982-06-01 00:00:00-04:00,0.0
1982-06-02 00:00:00-04:00,0.0
1982-06-03 00:00:00-04:00,0.0
1982-06-04 00:00:00-04:00,0.0
1982-06-07 00:00:00-04:00,0.0
1982-06-08 00:00:00-04:00,0.0
1982-06-09 00:00:00-04:00,0.0
1982-06-10 00:00:00-04:00,0.0
1982-06-11 00:00:00-04:00,0.0
1982-06-14 00:00:00-04:00,0.0
1982-06-15 00:00:00-04:00,0.4933120012283325
1982-06-16 00:00:00-04:00,0.0
1982-06-17 00:00:00-04:00,0.0
1982-06-18 00:00:00-04:00,0.4933120012283325
1982-06-21 00:00:00-04:00,0.0
1982-06-22 00:00:00-04:00,0.0
1982-06-23 00:00:00-04:00,0.0
1982-06-24 00:00:00-04:00,0.0
1982-06-25 00:00:00-04:00,0.0
1982-06-28 00:00:00-04:00,0.0
1982-06-29 00:00:00-04:00,0.0
1982-06-30 00:00:00-04:00,0.0
1982-07-01 00:00:00-04:00,0.0
1982-07-02 00:00:00-04:00,0.0
1982-07-06 00:00:00-04:00,0.0
1982-07-07 00:00:00-04:00,0.5041940212249756
1982-07-08 00:00:00-04:00,0.0
1982-07-09 00:00:00-04:00,0.0
1982-07-12 00:00:00-04:00,0.0
1982-07-13 00:00:00-04:00,0.0
1982-07-14 00:00:00-04:00,0.0
1982-07-15 00:00:00-04:00,0.5078210234642029
1982-07-16 00:00:00-04:00,0.0
1982-07-19 00:00:00-04:00,0.5078210234642029
1982-07-20 00:00:00-04:00,0.0
1982-07-21 00:00:00-04:00,0.0
1982-07-22 00:00:00-04:00,0.0
1982-07-23 00:00:00-04:00,0.5078210234642029
1982-07-26 00:00:00-04:00,0.0
1982-07-27 00:00:00-04:00,0.0
1982-07-28 00:00:00-04:00,0.0
1982-07-29 00:00:00-04:00,0.0
1982-07-30 00:00:00-04:00,0.0
1982-08-02 00:00:00-04:00,0.0
1982-08-03 00:00:00-04:00,0.0
1982-08-04 00:00:00-04:00,0.0
1982-08-05 00:00:00-04:00,0.0
1982-08-06 00:00:00-04:00,0.0
1982-08-09 00:00:00-04:00,0.0
1982-08-10 00:00:00-04:00,0.0
1982-08-11 00:00:00-04:00,0.0
1982-08-12 00:00:00-04:00,0.0
1982-08-13 00:00:00-04:00,0.0
1982-08-16 00:00:00-04:00,0.0
1982-08-17 00:00:00-04:00,0.0
1982-08-18 00:00:00-04:00,0.0
1982-08-19 00:00:00-04:00,0.0
1982-08-20 00:00:00-04:00,0.0
1982-08-23 00:00:00-04:00,0.0
1982-08-24 00:00:00-04:00,0.0
1982-08-25 00:00:00-04:00,0.0
1982-08-26 00:00:00-04:00,0.0
1982-08-27 00:00:00-04:00,0.0
1982-08-30 00:00:00-04:00,0.0
1982-08-31 00:00:00-04:00,0.5223304033279419
1982-09-01 00:00:00-04:00,0.0
1982-09-02 00:00:00-04:00,0.0
1982-09-03 00:00:00-04:00,0.0
1982-09-07 00:00:00-04:00,0.0
1982-09-08 00:00:00-04:00,0.0
1982-09-09 00:00:00-04:00,0.0
1982-09-10 00:00:00-04:00,0.0
1982-09-13 00:00:00-04:00,0.5513489246368408
1982-09-14 00:00:00-04:00,0.0
1982-09-15 00:00:00-04:00,0.0
1982-09-16 00:00:00-04:00,0.0
1982-09-17 00:00:00-04:00,0.5513489246368408
1982-09-20 00:00:00-04:00,0.0
1982-09-21 00:00:00-04:00,0.0
1982-09-22 00:00:00-04:00,0.0
1982-09-23 00:00:00-04:00,0.0
1982-09-24 00:00:00-04:00,0.0
1982-09-27 00:00:00-04:00,0.0
1982-09-28 00:00:00-04:00,0.5513489246368408
1982-09-29 00:00:00-04:00,0.0
1982-09-30 00:00:00-04:00,0.0
1982-10-01 00:00:00-04:00,0.0
1982-10-04 00:00:00-04:00,0.0
1982-10-05 00:00:00-04:00,0.0
1982-10-06 00:00:00-04:00,0.0
1982-10-07 00:00:00-04:00,0.0
1982-10-08 00:00:00-04:00,0.0
1982-10-11 00:00:00-04:00,0.0
1982-10-12 00:00:00-04:00,0.0
1982-10-13 00:00:00-04:00,0.0
1982-10-14 00:00:00-04:00,0.0
1982-10-15 00:00:00-04:00,0.0
1982-10-18 00:00:00-04:00,0.0
1982-10-19 00:00:00-04:00,0.0
1982-10-20 00:00:00-04:00,0.0
1982-10-21 00:00:00-04:00,0.0
1982-10-22 00:00:00-04:00,0.0
1982-10-25 00:00:00-04:00,0.0
1982-10-26 00:00:00-04:00,0.0
1982-10-27 00:00:00-04:00,0.0
1982-10-28 00:00:00-04:00,0.0
1982-10-29 00:00:00-04:00,0.0
1982-11-01 00:00:00-05:00,0.0
1982-11-02 00:00:00-05:00,0.0
1982-11-03 00:00:00-05:00,0.0
1982-11-04 00:00:00-05:00,0.0
1982-11-05 00:00:00-05:00,0.0
1982-11-08 00:00:00-05:00,0.0
1982-11-09 00:00:00-05:00,0.0
1982-11-10 00:00:00-05:00,0.0
1982-11-11 00:00:00-05:00,0.0
1982-11-12 00:00:00-05:00,0.0
1982-11-15 00:00:00-05:00,0.0
1982-11-16 00:00:00-05:00,0.0
1982-11-17 00:00:00-05:00,0.0
1982-11-18 00:00:00-05:00,0.0
1982-11-19 00:00:00-05:00,0.0
1982-11-22 00:00:00-05:00,0.0
1982-11-23 00:00:00-05:00,0.0
1982-11-24 00:00:00-05:00,0.0
1982-11-26 00:00:00-05:00,0.0
1982-11-29 00:00:00-05:00,0.0
1982-11-30 00:00:00-05:00,0.0
1982-12-01 00:00:00-05:00,0.0
1982-12-02 00:00:00-05:00,0.5803672075271606
1982-12-03 00:00:00-05:00,0.0
1982-12-06 00:00:00-05:00,0.0
1982-12-07 00:00:00-05:00,0.0
1982-12-08 00:00:00-05:00,0.0
1982-12-09 00:00:00-05:00,0.0
1982-12-10 00:00:00-05:00,0.0
1982-12-13 00:00:00-05:00,0.0
1982-12-14 00:00:00-05:00,0.0
1982-12-15 00:00:00-05:00,0.0
1982-12-16 00:00:00-05:00,0.0
1982-12-17 00:00:00-05:00,0.0
1982-12-20 00:00:00-05:00,0.0
1982-12-21 00:00:00-05:00,0.0
1982-12-22 00:00:00-05:00,0.0
1982-12-23 00:00:00-05:00,0.0
1982-12-27 00:00:00-05:00,0.0
1982-12-28 00:00:00-05:00,0.0
1982-12-29 00:00:00-05:00,0.0
1982-12-30 00:00:00-05:00,0.6021308302879333
1982-12-31 00:00:00-05:00,0.0
1983-01-03 00:00:00-05:00,0.0
1983-01-04 00:00:00-05:00,0.0
1983-01-05 00:00:00-05:00,0.0
1983-01-06 00:00:00-05:00,0.0
1983-01-07 00:00:00-05:00,0.0
1983-01-10 00:00:00-05:00,0.0
1983-01-11 00:00:00-05:00,0.0
1983-01-12 00:00:00-05:00,0.0
1983-01-13 00:00:00-05:00,0.0
1983-01-14 00:00:00-05:00,0.0
1983-01-17 00:00:00-05:00,0.0
1983-01-18 00:00:00-05:00,0.0
1983-01-19 00:00:00-05:00,0.0
1983-01-20 00:00:00-05:00,0.0
1983-01-21 00:00:00-05:00,0.0
1983-01-24 00:00:00-05:00,0.0
1983-01-25 00:00:00-05:00,0.0
1983-01-26 00:00:00-05:00,0.0
1983-01-27 00:00:00-05:00,0.0
1983-01-28 00:00:00-05:00,0.0
1983-01-31 00:00:00-05:00,0.0
1983-02-01 00:00:00-05:00,0.0
1983-02-02 00:00:00-05:00,0.0
1983-02-03 00:00:00-05:00,0.0
1983-02-04 00:00:00-05:00,0.0
1983-02-07 00:00:00-05:00,0.0
1983-02-08 00:00:00-05:00,0.0
1983-02-09 00:00:00-05:00,0.0
1983-02-10 00:00:00-05:00,0.0
1983-02-11 00:00:00-05:00,0.0
1983-02-14 00:00:00-05:00,0.0
1983-02-15 00:00:00-05:00,0.0
1983-02-16 00:00:00-05:00,0.0
1983-02-17 00:00:00-05:00,0.0
1983-02-18 00:00:00-05:00,0.0
1983-02-22 00:00:00-05:00,0.0
1983-02-23 00:00:00-05:00,0.0
1983-02-24 00:00:00-05:00,0.0
1983-02-25 00:00:00-05:00,0.0
1983-02-28 00:00:00-05:00,0.0
1983-03-01 00:00:00-05:00,0.0
1983-03-02 00:00:00-05:00,0.0
1983-03-03 00:00:00-05:00,0.0
1983-03-04 00:00:00-05:00,0.0
1983-03-07 00:00:00-05:00,0.0
1983-03-08 00:00:00-05:00,0.0
1983-03-09 00:00:00-05:00,0.0
1983-03-10 00:00:00-05:00,0.0
1983-03-11 00:00:00-05:00,0.0
1983-03-14 00:00:00-05:00,0.0
1983-03-15 00:00:00-05:00,0.0
1983-03-16 00:00:00-05:00,0.0
1983-03-17 00:00:00-05:00,0.0
1983-03-18 00:00:00-05:00,0.0
1983-03-21 00:00:00-05:00,0.0
1983-03-22 00:00:00-05:00,0.0
1983-03-23 00:00:00-05:00,0.0
1983-03-24 00:00:00-05:00,0.0
1983-03-25 00:00:00-05:00,0.0
1983-03-28 00:00:00-05:00,0.0
1983-03-29 00:00:00-05:00,0.0
1983-03-30 00:00:00-05:00,0.0
1983-03-31 00:00:00-05:00,0.0
1983-04-04 00:00:00-05:00,0.0
1983-04-05 00:00:00-05:00,0.0
1983-04-06 00:00:00-05:00,0.0
1983-04-07 00:00:00-05:00,0.0
1983-04-08 00:00:00-05:00,0.0
1983-04-11 00:00:00-05:00,0.0
1983-04-12 00:00:00-05:00,0.0
1983-04-13 00:00:00-05:00,0.0
1983-04-14 00:00:00-05:00,0.0
1983-04-15 00:00:00-05:00,0.0
1983-04-18 00:00:00-05:00,0.0
1983-04-19 00:00:00-05:00,0.0
1983-04-20 00:00:00-05:00,0.0
1983-04-21 00:00:00-05:00,0.0
1983-04-22 00:00:00-05:00,0.0
1983-04-25 00:00:00-04:00,0.0
1983-04-26 00:00:00-04:00,0.0
1983-04-27 00:00:00-04:00,0.0
1983-04-28 00:00:00-04:00,0.0
1983-04-29 00:00:00-04:00,0.0
1983-05-02 00:00:00-04:00,0.0
1983-05-03 00:00:00-04:00,0.0
1983-05-04 00:00:00-04:00,0.0
1983-05-05 00:00:00-04:00,0.0
1983-05-06 00:00:00-04:00,0.0
1983-05-09 00:00:00-04:00,0.0
1983-05-10 00:00:00-04:00,0.0
1983-05-11 00:00:00-04:00,0.0
1983-05-12 00:00:00-04:00,0.0
1983-05-13 00:00:00-04:00,0.0
1983-05-16 00:00:00-04:00,0.0
1983-05-17 00:00:00-04:00,0.0
1983-05-18 00:00:00-04:00,0.0
1983-05-19 00:00:00-04:00,0.0
1983-05-20 00:00:00-04:00,0.0
1983-05-23 00:00:00-04:00,0.0
1983-05-24 00:00:00-04:00,0.0
1983-05-25 00:00:00-04:00,0.0
1983-05-26 00:00:00-04:00,0.0
1983-05-27 00:00:00-04:00,0.0
1983-05-31 00:00:00-04:00,0.0
1983-06-01 00:00:00-04:00,0.0
1983-06-02 00:00:00-04:00,0.6891860365867615
1983-06-03 00:00:00-04:00,0.0
1983-06-06 00:00:00-04:00,0.0
1983-06-07 00:00:00-04:00,0.0
1983-06-08 00:00:00-04:00,0.0
1983-06-09 00:00:00-04:00,0.0
1983-06-10 00:00:00-04:00,0.0
1983-06-13 00:00:00-04:00,0.0
1983-06-14 00:00:00-04:00,0.0
1983-06-15 00:00:00-04:00,0.0
1983-06-16 00:00:00-04:00,0.0
1983-06-17 00:00:00-04:00,0.0
1983-06-20 00:00:00-04:00,0.0
1983-06-21 00:00:00-04:00,0.0
1983-06-22 00:00:00-04:00,0.0
1983-06-23 00:00:00-04:00,0.0
1983-06-24 00:00:00-04:00,0.0
1983-06-27 00:00:00-04:00,0.0
1983-06-28 00:00:00-04:00,0.0
1983-06-29 00:00:00-04:00,0.0
1983-06-30 00:00:00-04:00,0.0
1983-07-01 00:00:00-04:00,0.0
1983-07-05 00:00:00-04:00,0.0
1983-07-06 00:00:00-04:00,0.0
1983-07-07 00:00:00-04:00,0.0
1983-07-08 00:00:00-04:00,0.0
1983-07-11 00:00:00-04:00,0.0
1983-07-12 00:00:00-04:00,0.710949718952179
1983-07-13 00:00:00-04:00,0.710949718952179
1983-07-14 00:00:00-04:00,0.0
1983-07-15 00:00:00-04:00,0.0
1983-07-18 00:00:00-04:00,0.0
1983-07-19 00:00:00-04:00,0.0
1983-07-20 00:00:00-04:00,0.0
1983-07-21 00:00:00-04:00,0.0
1983-07-22 00:00:00-04:00,0.0
1983-07-25 00:00:00-04:00,0.0
1983-07-26 00:00:00-04:00,0.0
1983-07-27 00:00:00-04:00,0.0
1983-07-28 00:00:00-04:00,0.710949718952179
1983-07-29 00:00:00-04:00,0.0
1983-08-01 00:00:00-04:00,0.0
1983-08-02 00:00:00-04:00,0.0
1983-08-03 00:00:00-04:00,0.0
1983-08-04 00:00:00-04:00,0.0
1983-08-05 00:00:00-04:00,0.0
1983-08-08 00:00:00-04:00,0.0
1983-08-09 00:00:00-04:00,0.0
1983-08-10 00:00:00-04:00,0.0
1983-08-11 00:00:00-04:00,0.0
1983-08-12 00:00:00-04:00,0.0
1983-08-15 00:00:00-04:00,0.0
1983-08-16 00:00:00-04:00,0.0
1983-08-17 00:00:00-04:00,0.0
1983-08-18 00:00:00-04:00,0.0
1983-08-19 00:00:00-04:00,0.0
1983-08-22 00:00:00-04:00,0.0
1983-08-23 00:00:00-04:00,0.0
1983-08-24 00:00:00-04:00,0.0
1983-08-25 00:00:00-04:00,0.0
1983-08-26 00:00:00-04:00,0.6964405179023743
1983-08-29 00:00:00-04:00,0.0
1983-08-30 00:00:00-04:00,0.0
1983-08-31 00:00:00-04:00,0.0
1983-09-01 00:00:00-04:00,0.0
1983-09-02 00:00:00-04:00,0.0
1983-09-06 00:00:00-04:00,0.6964405179023743
1983-09-07 00:00:00-04:00,0.0
1983-09-08 00:00:00-04:00,0.0
1983-09-09 00:00:00-04:00,0.0
1983-09-12 00:00:00-04:00,0.0
1983-09-13 00:00:00-04:00,0.0
1983-09-14 00:00:00-04:00,0.0
1983-09-15 00:00:00-04:00,0.0
1983-09-16 00:00:00-04:00,0.0
1983-09-19 00:00:00-04:00,0.6819316148757935
1983-09-20 00:00:00-04:00,0.0
1983-09-21 00:00:00-04:00,0.0
1983-09-22 00:00:00-04:00,0.0
1983-09-23 00:00:00-04:00,0.0
1983-09-26 00:00:00-04:00,0.0
1983-09-27 00:00:00-04:00,0.0
1983-09-28 00:00:00-04:00,0.0
1983-09-29 00:00:00-04:00,0.0
1983-09-30 00:00:00-04:00,0.0
1983-10-03 00:00:00-04:00,0.0
1983-10-04 00:00:00-04:00,0.0
1983-10-05 00:00:00-04:00,0.0
1983-10-06 00:00:00-04:00,0.0
1983-10-07 00:00:00-04:00,0.0
1983-10-10 00:00:00-04:00,0.6819316148757935
1983-10-11 00:00:00-04:00,0.6819316148757935
1983-10-12 00:00:00-04:00,0.6819316148757935
1983-10-13 00:00:00-04:00,0.0
1983-10-14 00:00:00-04:00,0.0
1983-10-17 00:00:00-04:00,0.0
1983-10-18 00:00:00-04:00,0.0
1983-10-19 00:00:00-04:00,0.0
1983-10-20 00:00:00-04:00,0.0
1983-10-21 00:00:00-04:00,0.0
1983-10-24 00:00:00-04:00,0.0
1983-10-25 00:00:00-04:00,0.710949718952179
1983-10-26 00:00:00-04:00,0.0
1983-10-27 00:00:00-04:00,0.0
1983-10-28 00:00:00-04:00,0.0
1983-10-31 00:00:00-05:00,0.0
1983-11-01 00:00:00-05:00,0.0
1983-11-02 00:00:00-05:00,0.0
1983-11-03 00:00:00-05:00,0.0
1983-11-04 00:00:00-05:00,0.0
1983-11-07 00:00:00-05:00,0.0
1983-11-08 00:00:00-05:00,0.0
1983-11-09 00:00:00-05:00,0.0
1983-11-10 00:00:00-05:00,0.0
1983-11-11 00:00:00-05:00,0.0
1983-11-14 00:00:00-05:00,0.0
1983-11-15 00:00:00-05:00,0.0
1983-11-16 00:00:00-05:00,0.0
1983-11-17 00:00:00-05:00,0.0
1983-11-18 00:00:00-05:00,0.0
1983-11-21 00:00:00-05:00,0.0
1983-11-22 00:00:00-05:00,0.0
1983-11-23 00:00:00-05:00,0.0
1983-11-25 00:00:00-05:00,0.6964405179023743
1983-11-28 00:00:00-05:00,0.6964405179023743
1983-11-29 00:00:00-05:00,0.0
1983-11-30 00:00:00-05:00,0.0
1983-12-01 00:00:00-05:00,0.0
1983-12-02 00:00:00-05:00,0.0
1983-12-05 00:00:00-05:00,0.0
1983-12-06 00:00:00-05:00,0.7036951780319214
1983-12-07 00:00:00-05:00,0.0
1983-12-08 00:00:00-05:00,0.0
1983-12-09 00:00:00-05:00,0.0
1983-12-12 00:00:00-05:00,0.0
1983-12-13 00:00:00-05:00,0.0
1983-12-14 00:00:00-05:00,0.0
1983-12-15 00:00:00-05:00,0.0
1983-12-16 00:00:00-05:00,0.0
1983-12-19 00:00:00-05:00,0.0
1983-12-20 00:00:00-05:00,0.0
1983-12-21 00:00:00-05:00,0.0
1983-12-22 00:00:00-05:00,0.0
1983-12-23 00:00:00-05:00,0.0
1983-12-27 00:00:00-05:00,0.0
1983-12-28 00:00:00-05:00,0.0
1983-12-29 00:00:00-05:00,0.0
1983-12-30 00:00:00-05:00,0.7399681210517883
1984-01-03 00:00:00-05:00,0.0
1984-01-04 00:00:00-05:00,0.0
1984-01-05 00:00:00-05:00,0.0
1984-01-06 00:00:00-05:00,0.0
1984-01-09 00:00:00-05:00,0.0
1984-01-10 00:00:00-05:00,0.0
1984-01-11 00:00:00-05:00,0.0
1984-01-12 00:00:00-05:00,0.0
1984-01-13 00:00:00-05:00,0.7762414216995239
1984-01-16 00:00:00-05:00,0.0
1984-01-17 00:00:00-05:00,0.0
1984-01-18 00:00:00-05:00,0.0
1984-01-19 00:00:00-05:00,0.0
1984-01-20 00:00:00-05:00,0.0
1984-01-23 00:00:00-05:00,0.0
1984-01-24 00:00:00-05:00,0.0
1984-01-25 00:00:00-05:00,0.0
1984-01-26 00:00:00-05:00,0.0
1984-01-27 00:00:00-05:00,0.0
1984-01-30 00:00:00-05:00,0.0
1984-01-31 00:00:00-05:00,0.0
1984-02-01 00:00:00-05:00,0.0
1984-02-02 00:00:00-05:00,0.0
1984-02-03 00:00:00-05:00,0.0
1984-02-06 00:00:00-05:00,0.0
1984-02-07 00:00:00-05:00,0.0
1984-02-08 00:00:00-05:00,0.0
1984-02-09 00:00:00-05:00,0.0
1984-02-10 00:00:00-05:00,0.0
1984-02-13 00:00:00-05:00,0.0
1984-02-14 00:00:00-05:00,0.0
1984-02-15 00:00:00-05:00,0.0
1984-02-16 00:00:00-05:00,0.0
1984-02-17 00:00:00-05:00,0.0
1984-02-21 00:00:00-05:00,0.0
1984-02-22 00:00:00-05:00,0.0
1984-02-23 00:00:00-05:00,0.0
1984-02-24 00:00:00-05:00,0.0
1984-02-27 00:00:00-05:00,0.0
1984-02-28 00:00:00-05:00,0.0
1984-02-29 00:00:00-05:00,0.0
1984-03-01 00:00:00-05:00,0.0
1984-03-02 00:00:00-05:00,0.0
1984-03-05 00:00:00-05:00,0.0
1984-03-06 00:00:00-05:00,0.0
1984-03-07 00:00:00-05:00,0.0
1984-03-08 00:00:00-05:00,0.0
1984-03-09 00:00:00-05:00,0.0
1984-03-12 00:00:00-05:00,0.0
1984-03-13 00:00:00-05:00,0.7762414216995239
1984-03-14 00:00:00-05:00,0.0
1984-03-15 00:00:00-05:00,0.0
1984-03-16 00:00:00-05:00,0.0
1984-03-19 00:00:00-05:00,0.0
1984-03-20 00:00:00-05:00,0.0
1984-03-21 00:00:00-05:00,0.0
1984-03-22 00:00:00-05:00,0.0
1984-03-23 00:00:00-05:00,0.0
1984-03-26 00:00:00-05:00,0.0
1984-03-27 00:00:00-05:00,0.0
1984-03-28 00:00:00-05:00,0.0
1984-03-29 00:00:00-05:00,0.0
1984-03-30 00:00:00-05:00,0.0
1984-04-02 00:00:00-05:00,0.0
1984-04-03 00:00:00-05:00,0.0
1984-04-04 00:00:00-05:00,0.0
1984-04-05 00:00:00-05:00,0.0
1984-04-06 00:00:00-05:00,0.0
1984-04-09 00:00:00-05:00,0.0
1984-04-10 00:00:00-05:00,0.0
1984-04-11 00:00:00-05:00,0.0
1984-04-12 00:00:00-05:00,0.0
1984-04-13 00:00:00-05:00,0.0
1984-04-16 00:00:00-05:00,0.0
1984-04-17 00:00:00-05:00,0.0
1984-04-18 00:00:00-05:00,0.0
1984-04-19 00:00:00-05:00,0.0
1984-04-23 00:00:00-05:00,0.0
1984-04-24 00:00:00-05:00,0.0
1984-04-25 00:00:00-05:00,0.0
1984-04-26 00:00:00-05:00,0.7834956645965576
1984-04-27 00:00:00-05:00,0.0
1984-04-30 00:00:00-04:00,0.0
1984-05-01 00:00:00-04:00,0.0
1984-05-02 00:00:00-04:00,0.0
1984-05-03 00:00:00-04:00,0.0
1984-05-04 00:00:00-04:00,0.0
1984-05-07 00:00:00-04:00,0.0
1984-05-08 00:00:00-04:00,0.0
1984-05-09 00:00:00-04:00,0.0
1984-05-10 00:00:00-04:00,0.0
1984-05-11 00:00:00-04:00,0.0
1984-05-14 00:00:00-04:00,0.0
1984-05-15 00:00:00-04:00,0.0
1984-05-16 00:00:00-04:00,0.0
1984-05-17 00:00:00-04:00,0.0
1984-05-18 00:00:00-04:00,0.0
1984-05-21 00:00:00-04:00,0.0
1984-05-22 00:00:00-04:00,0.0
1984-05-23 00:00:00-04:00,0.0
1984-05-24 00:00:00-04:00,0.0
1984-05-25 00:00:00-04:00,0.0
1984-05-29 00:00:00-04:00,0.0
1984-05-30 00:00:00-04:00,0.0
1984-05-31 00:00:00-04:00,0.0
1984-06-01 00:00:00-04:00,0.8705505132675171
1984-06-04 00:00:00-04:00,0.0
1984-06-05 00:00:00-04:00,0.0
1984-06-06 00:00:00-04:00,0.0
1984-06-07 00:00:00-04:00,0.0
1984-06-08 00:00:00-04:00,0.0
1984-06-11 00:00:00-04:00,0.0
1984-06-12 00:00:00-04:00,0.0
1984-06-13 00:00:00-04:00,0.0
1984-06-14 00:00:00-04:00,0.0
1984-06-15 00:00:00-04:00,0.0
1984-06-18 00:00:00-04:00,0.0
1984-06-19 00:00:00-04:00,0.0
1984-06-20 00:00:00-04:00,0.0
1984-06-21 00:00:00-04:00,0.0
1984-06-22 00:00:00-04:00,0.0
1984-06-25 00:00:00-04:00,0.0
1984-06-26 00:00:00-04:00,0.0
1984-06-27 00:00:00-04:00,0.8415325284004211
1984-06-28 00:00:00-04:00,0.0
1984-06-29 00:00:00-04:00,0.0
1984-07-02 00:00:00-04:00,0.0
1984-07-03 00:00:00-04:00,0.0
1984-07-05 00:00:00-04:00,0.0
1984-07-06 00:00:00-04:00,0.0
1984-07-09 00:00:00-04:00,0.0
1984-07-10 00:00:00-04:00,0.0
1984-07-11 00:00:00-04:00,0.0
1984-07-12 00:00:00-04:00,0.0
1984-07-13 00:00:00-04:00,0.0
1984-07-16 00:00:00-04:00,0.0
1984-07-17 00:00:00-04:00,0.0
1984-07-18 00:00:00-04:00,0.0
1984-07-19 00:00:00-04:00,0.0
1984-07-20 00:00:00-04:00,0.0
1984-07-23 00:00:00-04:00,0.0
1984-07-24 00:00:00-04:00,0.0
1984-07-25 00:00:00-04:00,0.914078414440155
1984-07-26 00:00:00-04:00,0.0
1984-07-27 00:00:00-04:00,0.0
1984-07-30 00:00:00-04:00,0.0
1984-07-31 00:00:00-04:00,0.0
1984-08-01 00:00:00-04:00,0.0
1984-08-02 00:00:00-04:00,0.0
1984-08-03 00:00:00-04:00,0.0
1984-08-06 00:00:00-04:00,0.0
1984-08-07 00:00:00-04:00,0.0
1984-08-08 00:00:00-04:00,0.0
1984-08-09 00:00:00-04:00,0.0
1984-08-10 00:00:00-04:00,0.0
1984-08-13 00:00:00-04:00,0.0
1984-08-14 00:00:00-04:00,0.0
1984-08-15 00:00:00-04:00,0.0
1984-08-16 00:00:00-04:00,0.0
1984-08-17 00:00:00-04:00,0.0
1984-08-20 00:00:00-04:00,0.0
1984-08-21 00:00:00-04:00,0.0
1984-08-22 00:00:00-04:00,0.0
1984-08-23 00:00:00-04:00,0.0
1984-08-24 00:00:00-04:00,0.0
1984-08-27 00:00:00-04:00,0.0
1984-08-28 00:00:00-04:00,0.0
1984-08-29 00:00:00-04:00,0.0
1984-08-30 00:00:00-04:00,0.0
1984-08-31 00:00:00-04:00,0.0
1984-09-04 00:00:00-04:00,0.0
1984-09-05 00:00:00-04:00,0.0
1984-09-06 00:00:00-04:00,0.0
1984-09-07 00:00:00-04:00,0.0
1984-09-10 00:00:00-04:00,0.0
1984-09-11 00:00:00-04:00,0.0
1984-09-12 00:00:00-04:00,0.0
1984-09-13 00:00:00-04:00,0.0
1984-09-14 00:00:00-04:00,0.0
1984-09-17 00:00:00-04:00,0.0
1984-09-18 00:00:00-04:00,0.0
1984-09-19 00:00:00-04:00,0.0
1984-09-20 00:00:00-04:00,0.0
1984-09-21 00:00:00-04:00,0.0
1984-09-24 00:00:00-04:00,0.0
1984-09-25 00:00:00-04:00,0.0
1984-09-26 00:00:00-04:00,0.0
1984-09-27 00:00:00-04:00,0.0
1984-09-28 00:00:00-04:00,0.0
1984-10-01 00:00:00-04:00,0.0
1984-10-02 00:00:00-04:00,0.0
1984-10-03 00:00:00-04:00,0.0
1984-10-04 00:00:00-04:00,0.0
1984-10-05 00:00:00-04:00,0.0
1984-10-08 00:00:00-04:00,0.0
1984-10-09 00:00:00-04:00,0.0
1984-10-10 00:00:00-04:00,0.0
1984-10-11 00:00:00-04:00,0.0
1984-10-12 00:00:00-04:00,0.0
1984-10-15 00:00:00-04:00,0.0
1984-10-16 00:00:00-04:00,0.0
1984-10-17 00:00:00-04:00,0.0
1984-10-18 00:00:00-04:00,0.0
1984-10-19 00:00:00-04:00,0.0
1984-10-22 00:00:00-04:00,0.0
1984-10-23 00:00:00-04:00,0.0
1984-10-24 00:00:00-04:00,0.0
1984-10-25 00:00:00-04:00,0.0
1984-10-26 00:00:00-04:00,0.0
1984-10-29 00:00:00-05:00,0.0
1984-10-30 00:00:00-05:00,0.0
1984-10-31 00:00:00-05:00,0.0
1984-11-01 00:00:00-05:00,0.0
1984-11-02 00:00:00-05:00,0.0
1984-11-05 00:00:00-05:00,0.0
1984-11-06 00:00:00-05:00,0.0
1984-11-07 00:00:00-05:00,0.0
1984-11-08 00:00:00-05:00,0.0
1984-11-09 00:00:00-05:00,0.0
1984-11-12 00:00:00-05:00,0.0
1984-11-13 00:00:00-05:00,0.0
1984-11-14 00:00:00-05:00,0.0
1984-11-15 00:00:00-05:00,0.0
1984-11-16 00:00:00-05:00,0.0
1984-11-19 00:00:00-05:00,0.0
1984-11-20 00:00:00-05:00,0.0
1984-11-21 00:00:00-05:00,0.0
1984-11-23 00:00:00-05:00,0.0
1984-11-26 00:00:00-05:00,0.0
1984-11-27 00:00:00-05:00,0.0
1984-11-28 00:00:00-05:00,0.0
1984-11-29 00:00:00-05:00,0.0
1984-11-30 00:00:00-05:00,0.0
1984-12-03 00:00:00-05:00,0.0
1984-12-04 00:00:00-05:00,0.0
1984-12-05 00:00:00-05:00,0.0
1984-12-06 00:00:00-05:00,0.8125139474868774
1984-12-07 00:00:00-05:00,0.0
1984-12-10 00:00:00-05:00,0.0
1984-12-11 00:00:00-05:00,0.0
1984-12-12 00:00:00-05:00,0.0
1984-12-13 00:00:00-05:00,0.0
1984-12-14 00:00:00-05:00,0.0
1984-12-17 00:00:00-05:00,0.0
1984-12-18 00:00:00-05:00,0.0
1984-12-19 00:00:00-05:00,0.0
1984-12-20 00:00:00-05:00,0.0
1984-12-21 00:00:00-05:00,0.0
1984-12-24 00:00:00-05:00,0.8850595951080322
1984-12-26 00:00:00-05:00,0.0
1984-12-27 00:00:00-05:00,0.0
1984-12-28 00:00:00-05:00,0.0
1984-12-31 00:00:00-05:00,0.0
1985-01-02 00:00:00-05:00,0.0
1985-01-03 00:00:00-05:00,0.0
1985-01-04 00:00:00-05:00,0.0
1985-01-07 00:00:00-05:00,0.0
1985-01-08 00:00:00-05:00,0.0
1985-01-09 00:00:00-05:00,0.0
1985-01-10 00:00:00-05:00,0.0
1985-01-11 00:00:00-05:00,0.0
1985-01-14 00:00:00-05:00,0.0
1985-01-15 00:00:00-05:00,0.0
1985-01-16 00:00:00-05:00,0.0
1985-01-17 00:00:00-05:00,0.0
1985-01-18 00:00:00-05:00,0.0
1985-01-21 00:00:00-05:00,0.0
1985-01-22 00:00:00-05:00,0.0
1985-01-23 00:00:00-05:00,0.0
1985-01-24 00:00:00-05:00,0.0
1985-01-25 00:00:00-05:00,0.0
1985-01-28 00:00:00-05:00,0.0
1985-01-29 00:00:00-05:00,0.0
1985-01-30 00:00:00-05:00,0.0
1985-01-31 00:00:00-05:00,0.0
1985-02-01 00:00:00-05:00,0.0
1985-02-04 00:00:00-05:00,0.0
1985-02-05 00:00:00-05:00,0.0
1985-02-06 00:00:00-05:00,0.0
1985-02-07 00:00:00-05:00,0.0
1985-02-08 00:00:00-05:00,0.0
1985-02-11 00:00:00-05:00,0.0
1985-02-12 00:00:00-05:00,0.0
1985-02-13 00:00:00-05:00,0.0
1985-02-14 00:00:00-05:00,0.0
1985-02-15 00:00:00-05:00,0.0
1985-02-19 00:00:00-05:00,0.0
1985-02-20 00:00:00-05:00,0.0
1985-02-21 00:00:00-05:00,0.0
1985-02-22 00:00:00-05:00,1.0446608066558838
1985-02-25 00:00:00-05:00,1.0446608066558838
1985-02-26 00:00:00-05:00,0.0
1985-02-27 00:00:00-05:00,0.0
1985-02-28 00:00:00-05:00,0.0
1985-03-01 00:00:00-05:00,0.0
1985-03-04 00:00:00-05:00,0.0
1985-03-05 00:00:00-05:00,0.0
1985-03-06 00:00:00-05:00,1.0591700077056885
1985-03-07 00:00:00-05:00,0.0
1985-03-08 00:00:00-05:00,0.0
1985-03-11 00:00:00-05:00,0.0
1985-03-12 00:00:00-05:00,0.0
1985-03-13 00:00:00-05:00,1.0156420469284058
1985-03-14 00:00:00-05:00,0.0
1985-03-15 00:00:00-05:00,0.0
1985-03-18 00:00:00-05:00,0.0
1985-03-19 00:00:00-05:00,0.0
1985-03-20 00:00:00-05:00,0.0
1985-03-21 00:00:00-05:00,0.0
1985-03-22 00:00:00-05:00,0.0
1985-03-25 00:00:00-05:00,0.0
1985-03-26 00:00:00-05:00,0.0
1985-03-27 00:00:00-05:00,0.0
1985-03-28 00:00:00-05:00,0.0
1985-03-29 00:00:00-05:00,0.0
1985-04-01 00:00:00-05:00,0.0
1985-04-02 00:00:00-05:00,0.0
1985-04-03 00:00:00-05:00,0.0
1985-04-04 00:00:00-05:00,0.0
1985-04-08 00:00:00-05:00,0.0
1985-04-09 00:00:00-05:00,0.0
1985-04-10 00:00:00-05:00,0.0
1985-04-11 00:00:00-05:00,0.0
1985-04-12 00:00:00-05:00,0.0
1985-04-15 00:00:00-05:00,0.0
1985-04-16 00:00:00-05:00,0.0
1985-04-17 00:00:00-05:00,0.0
1985-04-18 00:00:00-05:00,0.0
1985-04-19 00:00:00-05:00,1.146224856376648
1985-04-22 00:00:00-05:00,0.0
1985-04-23 00:00:00-05:00,0.0
1985-04-24 00:00:00-05:00,0.0
1985-04-25 00:00:00-05:00,0.0
1985-04-26 00:00:00-05:00,0.0
1985-04-29 00:00:00-04:00,0.0
1985-04-30 00:00:00-04:00,0.0
1985-05-01 00:00:00-04:00,0.0
1985-05-02 00:00:00-04:00,0.0
1985-05-03 00:00:00-04:00,0.0
1985-05-06 00:00:00-04:00,0.0
1985-05-07 00:00:00-04:00,0.0
1985-05-08 00:00:00-04:00,0.0
1985-05-09 00:00:00-04:00,0.0
1985-05-10 00:00:00-04:00,0.0
1985-05-13 00:00:00-04:00,0.0
1985-05-14 00:00:00-04:00,0.0
1985-05-15 00:00:00-04:00,0.0
1985-05-16 00:00:00-04:00,0.0
1985-05-17 00:00:00-04:00,0.0
1985-05-20 00:00:00-04:00,0.0
1985-05-21 00:00:00-04:00,0.0
1985-05-22 00:00:00-04:00,0.0
1985-05-23 00:00:00-04:00,0.0
1985-05-24 00:00:00-04:00,0.0
1985-05-28 00:00:00-04:00,0.0
1985-05-29 00:00:00-04:00,0.0
1985-05-30 00:00:00-04:00,0.0
1985-05-31 00:00:00-04:00,0.0
1985-06-03 00:00:00-04:00,0.0
1985-06-04 00:00:00-04:00,0.0
1985-06-05 00:00:00-04:00,0.0
1985-06-06 00:00:00-04:00,0.0
1985-06-07 00:00:00-04:00,0.0
1985-06-10 00:00:00-04:00,0.0
1985-06-11 00:00:00-04:00,0.0
1985-06-12 00:00:00-04:00,0.0
1985-06-13 00:00:00-04:00,0.0
1985-06-14 00:00:00-04:00,0.0
1985-06-17 00:00:00-04:00,0.0
1985-06-18 00:00:00-04:00,0.0
1985-06-19 00:00:00-04:00,0.0
1985-06-20 00:00:00-04:00,0.0
1985-06-21 00:00:00-04:00,0.0
1985-06-24 00:00:00-04:00,0.0
1985-06-25 00:00:00-04:00,0.0
1985-06-26 00:00:00-04:00,0.0
1985-06-27 00:00:00-04:00,0.0
1985-06-28 00:00:00-04:00,0.0
1985-07-01 00:00:00-04:00,0.0
1985-07-02 00:00:00-04:00,0.0
1985-07-03 00:00:00-04:00,0.0
1985-07-05 00:00:00-04:00,0.0
1985-07-08 00:00:00-04:00,0.0
1985-07-09 00:00:00-04:00,0.0
1985-07-10 00:00:00-04:00,0.0
1985-07-11 00:00:00-04:00,0.0
1985-07-12 00:00:00-04:00,0.0
1985-07-15 00:00:00-04:00,0.0
1985-07-16 00:00:00-04:00,0.0
1985-07-17 00:00:00-04:00,0.0
1985-07-18 00:00:00-04:00,0.0
1985-07-19 00:00:00-04:00,0.0
1985-07-22 00:00:00-04:00,0.0
1985-07-23 00:00:00-04:00,0.0
1985-07-24 00:00:00-04:00,0.0
1985-07-25 00:00:00-04:00,0.0
1985-07-26 00:00:00-04:00,0.0
1985-07-29 00:00:00-04:00,0.0
1985-07-30 00:00:00-04:00,0.0
1985-07-31 00:00:00-04:00,0.0
1985-08-01 00:00:00-04:00,0.0
1985-08-02 00:00:00-04:00,0.0
1985-08-05 00:00:00-04:00,0.0
1985-08-06 00:00:00-04:00,0.0
1985-08-07 00:00:00-04:00,0.0
1985-08-08 00:00:00-04:00,0.0
1985-08-09 00:00:00-04:00,0.0
1985-08-12 00:00:00-04:00,0.0
1985-08-13 00:00:00-04:00,0.0
1985-08-14 00:00:00-04:00,0.0
1985-08-15 00:00:00-04:00,0.0
1985-08-16 00:00:00-04:00,0.0
1985-08-19 00:00:00-04:00,0.0
1985-08-20 00:00:00-04:00,0.0
1985-08-21 00:00:00-04:00,0.0
1985-08-22 00:00:00-04:00,0.0
1985-08-23 00:00:00-04:00,0.0
1985-08-26 00:00:00-04:00,0.0
1985-08-27 00:00:00-04:00,0.0
1985-08-28 00:00:00-04:00,0.0
1985-08-29 00:00:00-04:00,0.0
1985-08-30 00:00:00-04:00,0.0
1985-09-03 00:00:00-04:00,0.0
1985-09-04 00:00:00-04:00,0.0
1985-09-05 00:00:00-04:00,0.0
1985-09-06 00:00:00-04:00,0.0
1985-09-09 00:00:00-04:00,0.0
1985-09-10 00:00:00-04:00,0.0
1985-09-11 00:00:00-04:00,0.0
1985-09-12 00:00:00-04:00,0.0
1985-09-13 00:00:00-04:00,0.0
1985-09-16 00:00:00-04:00,0.0
1985-09-17 00:00:00-04:00,0.0
1985-09-18 00:00:00-04:00,0.0
1985-09-19 00:00:00-04:00,0.0
1985-09-20 00:00:00-04:00,0.0
1985-09-23 00:00:00-04:00,0.0
1985-09-24 00:00:00-04:00,0.0
1985-09-25 00:00:00-04:00,0.0
1985-09-26 00:00:00-04:00,0.0
1985-09-30 00:00:00-04:00,0.0
1985-10-01 00:00:00-04:00,0.0
1985-10-02 00:00:00-04:00,0.0
1985-10-03 00:00:00-04:00,0.0
1985-10-04 00:00:00-04:00,0.0
1985-10-07 00:00:00-04:00,0.0
1985-10-08 00:00:00-04:00,0.0
1985-10-09 00:00:00-04:00,0.0
1985-10-10 00:00:00-04:00,0.0
1985-10-11 00:00:00-04:00,0.0
1985-10-14 00:00:00-04:00,0.0
1985-10-15 00:00:00-04:00,0.0
1985-10-16 00:00:00-04:00,1.3602349758148193
1985-10-17 00:00:00-04:00,0.0
1985-10-18 00:00:00-04:00,1.378372073173523
1985-10-21 00:00:00-04:00,0.0
1985-10-22 00:00:00-04:00,0.0
1985-10-23 00:00:00-04:00,0.0
1985-10-24 00:00:00-04:00,0.0
1985-10-25 00:00:00-04:00,0.0
1985-10-28 00:00:00-05:00,0.0
1985-10-29 00:00:00-05:00,0.0
1985-10-30 00:00:00-05:00,0.0
1985-10-31 00:00:00-05:00,0.0
1985-11-01 00:00:00-05:00,1.4146454334259033
1985-11-04 00:00:00-05:00,0.0
1985-11-05 00:00:00-05:00,0.0
1985-11-06 00:00:00-05:00,0.0
1985-11-07 00:00:00-05:00,0.0
1985-11-08 00:00:00-05:00,0.0
1985-11-11 00:00:00-05:00,0.0
1985-11-12 00:00:00-05:00,0.0
1985-11-13 00:00:00-05:00,0.0
1985-11-14 00:00:00-05:00,0.0
1985-11-15 00:00:00-05:00,0.0
1985-11-18 00:00:00-05:00,0.0
1985-11-19 00:00:00-05:00,0.0
1985-11-20 00:00:00-05:00,0.0
1985-11-21 00:00:00-05:00,0.0
1985-11-22 00:00:00-05:00,0.0
1985-11-25 00:00:00-05:00,0.0
1985-11-26 00:00:00-05:00,0.0
1985-11-27 00:00:00-05:00,0.0
1985-11-29 00:00:00-05:00,0.0
1985-12-02 00:00:00-05:00,0.0
1985-12-03 00:00:00-05:00,0.0
1985-12-04 00:00:00-05:00,0.0
1985-12-05 00:00:00-05:00,0.0
1985-12-06 00:00:00-05:00,0.0
1985-12-09 00:00:00-05:00,0.0
1985-12-10 00:00:00-05:00,0.0
1985-12-11 00:00:00-05:00,0.0
1985-12-12 00:00:00-05:00,0.0
1985-12-13 00:00:00-05:00,0.0
1985-12-16 00:00:00-05:00,0.0
1985-12-17 00:00:00-05:00,0.0
1985-12-18 00:00:00-05:00,0.0
1985-12-19 00:00:00-05:00,0.0
1985-12-20 00:00:00-05:00,0.0
1985-12-23 00:00:00-05:00,0.0
1985-12-24 00:00:00-05:00,0.0
1985-12-26 00:00:00-05:00,0.0
1985-12-27 00:00:00-05:00,0.0
1985-12-30 00:00:00-05:00,0.0
1985-12-31 00:00:00-05:00,0.0
1986-01-02 00:00:00-05:00,0.0
1986-01-03 00:00:00-05:00,0.0
1986-01-06 00:00:00-05:00,0.0
1986-01-07 00:00:00-05:00,0.0
1986-01-08 00:00:00-05:00,0.0
1986-01-09 00:00:00-05:00,0.0
1986-01-10 00:00:00-05:00,0.0
1986-01-13 00:00:00-05:00,0.0
1986-01-14 00:00:00-05:00,0.0
1986-01-15 00:00:00-05:00,0.0
1986-01-16 00:00:00-05:00,0.0
1986-01-17 00:00:00-05:00,0.0
1986-01-20 00:00:00-05:00,0.0
1986-01-21 00:00:00-05:00,0.0
1986-01-22 00:00:00-05:00,0.0
1986-01-23 00:00:00-05:00,0.0
1986-01-24 00:00:00-05:00,0.0
1986-01-27 00:00:00-05:00,0.0
1986-01-28 00:00:00-05:00,0.0
1986-01-29 00:00:00-05:00,0.0
1986-01-30 00:00:00-05:00,0.0
1986-01-31 00:00:00-05:00,0.0
1986-02-03 00:00:00-05:00,0.0
1986-02-04 00:00:00-05:00,0.0
1986-02-05 00:00:00-05:00,0.0
1986-02-06 00:00:00-05:00,0.0
1986-02-07 00:00:00-05:00,0.0
1986-02-10 00:00:00-05:00,0.0
1986-02-11 00:00:00-05:00,0.0
1986-02-12 00:00:00-05:00,0.0
1986-02-13 00:00:00-05:00,0.0
1986-02-14 00:00:00-05:00,0.0
1986-02-18 00:00:00-05:00,0.0
1986-02-19 00:00:00-05:00,0.0
1986-02-20 00:00:00-05:00,0.0
1986-02-21 00:00:00-05:00,0.0
1986-02-24 00:00:00-05:00,0.0
1986-02-25 00:00:00-05:00,0.0
1986-02-26 00:00:00-05:00,0.0
1986-02-27 00:00:00-05:00,0.0
1986-02-28 00:00:00-05:00,0.0
1986-03-03 00:00:00-05:00,0.0
1986-03-04 00:00:00-05:00,0.0
1986-03-05 00:00:00-05:00,0.0
1986-03-06 00:00:00-05:00,0.0
1986-03-07 00:00:00-05:00,0.0
1986-03-10 00:00:00-05:00,0.0
1986-03-11 00:00:00-05:00,0.0
1986-03-12 00:00:00-05:00,0.0
1986-03-13 00:00:00-05:00,0.0
1986-03-14 00:00:00-05:00,0.0
1986-03-17 00:00:00-05:00,0.0
1986-03-18 00:00:00-05:00,0.0
1986-03-19 00:00:00-05:00,0.0
1986-03-20 00:00:00-05:00,0.0
1986-03-21 00:00:00-05:00,0.0
1986-03-24 00:00:00-05:00,0.0
1986-03-25 00:00:00-05:00,0.0
1986-03-26 00:00:00-05:00,0.0
1986-03-27 00:00:00-05:00,0.0
1986-03-31 00:00:00-05:00,0.0
1986-04-01 00:00:00-05:00,0.0
1986-04-02 00:00:00-05:00,0.0
1986-04-03 00:00:00-05:00,0.0
1986-04-04 00:00:00-05:00,0.0
1986-04-07 00:00:00-05:00,0.0
1986-04-08 00:00:00-05:00,0.0
1986-04-09 00:00:00-05:00,0.0
1986-04-10 00:00:00-05:00,0.0
1986-04-11 00:00:00-05:00,0.0
1986-04-14 00:00:00-05:00,0.0
1986-04-15 00:00:00-05:00,0.0
1986-04-16 00:00:00-05:00,0.0
1986-04-17 00:00:00-05:00,0.0
1986-04-18 00:00:00-05:00,0.0
1986-04-21 00:00:00-05:00,0.0
1986-04-22 00:00:00-05:00,0.0
1986-04-23 00:00:00-05:00,0.0
1986-04-24 00:00:00-05:00,0.0
1986-04-25 00:00:00-05:00,0.0
1986-04-28 00:00:00-04:00,0.0
1986-04-29 00:00:00-04:00,0.0
1986-04-30 00:00:00-04:00,0.0
1986-05-01 00:00:00-04:00,0.0
1986-05-02 00:00:00-04:00,0.0
1986-05-05 00:00:00-04:00,0.0
1986-05-06 00:00:00-04:00,0.0
1986-05-07 00:00:00-04:00,0.0
1986-05-08 00:00:00-04:00,0.0
1986-05-09 00:00:00-04:00,0.0
1986-05-12 00:00:00-04:00,0.0
1986-05-13 00:00:00-04:00,0.0
1986-05-14 00:00:00-04:00,0.0
1986-05-15 00:00:00-04:00,0.0
1986-05-16 00:00:00-04:00,0.0
1986-05-19 00:00:00-04:00,0.0
1986-05-20 00:00:00-04:00,0.0
1986-05-21 00:00:00-04:00,0.0
1986-05-22 00:00:00-04:00,0.0
1986-05-23 00:00:00-04:00,0.0
1986-05-27 00:00:00-04:00,0.0
1986-05-28 00:00:00-04:00,0.0
1986-05-29 00:00:00-04:00,0.0
1986-05-30 00:00:00-04:00,0.0
1986-06-02 00:00:00-04:00,0.0
1986-06-03 00:00:00-04:00,0.0
1986-06-04 00:00:00-04:00,0.0
1986-06-05 00:00:00-04:00,0.0
1986-06-06 00:00:00-04:00,0.0
1986-06-09 00:00:00-04:00,0.0
1986-06-10 00:00:00-04:00,0.0
1986-06-11 00:00:00-04:00,0.0
1986-06-12 00:00:00-04:00,0.0
1986-06-13 00:00:00-04:00,1.5815000534057617
1986-06-16 00:00:00-04:00,0.0
1986-06-17 00:00:00-04:00,0.0
1986-06-18 00:00:00-04:00,0.0
1986-06-19 00:00:00-04:00,0.0
1986-06-20 00:00:00-04:00,0.0
1986-06-23 00:00:00-04:00,0.0
1986-06-24 00:00:00-04:00,0.0
1986-06-25 00:00:00-04:00,0.0
1986-06-26 00:00:00-04:00,0.0
1986-06-27 00:00:00-04:00,0.0
1986-06-30 00:00:00-04:00,0.0
1986-07-01 00:00:00-04:00,0.0
1986-07-02 00:00:00-04:00,0.0
1986-07-03 00:00:00-04:00,0.0
1986-07-07 00:00:00-04:00,0.0
1986-07-08 00:00:00-04:00,0.0
1986-07-09 00:00:00-04:00,0.0
1986-07-10 00:00:00-04:00,0.0
1986-07-11 00:00:00-04:00,0.0
1986-07-14 00:00:00-04:00,0.0
1986-07-15 00:00:00-04:00,0.0
1986-07-16 00:00:00-04:00,0.0
1986-07-17 00:00:00-04:00,0.0
1986-07-18 00:00:00-04:00,0.0
1986-07-21 00:00:00-04:00,0.0
1986-07-22 00:00:00-04:00,0.0
1986-07-23 00:00:00-04:00,0.0
1986-07-24 00:00:00-04:00,0.0
1986-07-25 00:00:00-04:00,0.0
1986-07-28 00:00:00-04:00,0.0
1986-07-29 00:00:00-04:00,0.0
1986-07-30 00:00:00-04:00,0.0
1986-07-31 00:00:00-04:00,0.0
1986-08-01 00:00:00-04:00,0.0
1986-08-04 00:00:00-04:00,0.0
1986-08-05 00:00:00-04:00,0.0
1986-08-06 00:00:00-04:00,0.0
1986-08-07 00:00:00-04:00,0.0
1986-08-08 00:00:00-04:00,0.0
1986-08-11 00:00:00-04:00,0.0
1986-08-12 00:00:00-04:00,0.0
1986-08-13 00:00:00-04:00,0.0
1986-08-14 00:00:00-04:00,0.0
1986-08-15 00:00:00-04:00,0.0
1986-08-18 00:00:00-04:00,0.0
1986-08-19 00:00:00-04:00,0.0
1986-08-20 00:00:00-04:00,0.0
1986-08-21 00:00:00-04:00,0.0
1986-08-22 00:00:00-04:00,0.0
1986-08-25 00:00:00-04:00,0.0
1986-08-26 00:00:00-04:00,0.0
1986-08-27 00:00:00-04:00,0.0
1986-08-28 00:00:00-04:00,0.0
1986-08-29 00:00:00-04:00,0.0
1986-09-02 00:00:00-04:00,0.0
1986-09-03 00:00:00-04:00,0.0
1986-09-04 00:00:00-04:00,0.0
1986-09-05 00:00:00-04:00,0.0
1986-09-08 00:00:00-04:00,0.0
1986-09-09 00:00:00-04:00,0.0
1986-09-10 00:00:00-04:00,0.0
1986-09-11 00:00:00-04:00,0.0
1986-09-12 00:00:00-04:00,0.0
1986-09-15 00:00:00-04:00,0.0
1986-09-16 00:00:00-04:00,0.0
1986-09-17 00:00:00-04:00,0.0
1986-09-18 00:00:00-04:00,0.0
1986-09-19 00:00:00-04:00,0.0
1986-09-22 00:00:00-04:00,0.0
1986-09-23 00:00:00-04:00,0.0
1986-09-24 00:00:00-04:00,0.0
1986-09-25 00:00:00-04:00,0.0
1986-09-26 00:00:00-04:00,0.0
1986-09-29 00:00:00-04:00,0.0
1986-09-30 00:00:00-04:00,0.0
1986-10-01 00:00:00-04:00,0.0
1986-10-02 00:00:00-04:00,0.0
1986-10-03 00:00:00-04:00,0.0
1986-10-06 00:00:00-04:00,0.0
1986-10-07 00:00:00-04:00,0.0
1986-10-08 00:00:00-04:00,0.0
1986-10-09 00:00:00-04:00,0.0
1986-10-10 00:00:00-04:00,0.0
1986-10-13 00:00:00-04:00,0.0
1986-10-14 00:00:00-04:00,0.0
1986-10-15 00:00:00-04:00,0.0
1986-10-16 00:00:00-04:00,0.0
1986-10-17 00:00:00-04:00,0.0
1986-10-20 00:00:00-04:00,0.0
1986-10-21 00:00:00-04:00,0.0
1986-10-22 00:00:00-04:00,0.0
1986-10-23 00:00:00-04:00,0.0
1986-10-24 00:00:00-04:00,0.0
1986-10-27 00:00:00-05:00,0.0
1986-10-28 00:00:00-05:00,0.0
1986-10-29 00:00:00-05:00,0.0
1986-10-30 00:00:00-05:00,0.0
1986-10-31 00:00:00-05:00,0.0
1986-11-03 00:00:00-05:00,0.0
1986-11-04 00:00:00-05:00,0.0
1986-11-05 00:00:00-05:00,0.0
1986-11-06 00:00:00-05:00,0.0
1986-11-07 00:00:00-05:00,0.0
1986-11-10 00:00:00-05:00,0.0
1986-11-11 00:00:00-05:00,0.0
1986-11-12 00:00:00-05:00,0.0
1986-11-13 00:00:00-05:00,0.0
1986-11-14 00:00:00-05:00,0.0
1986-11-17 00:00:00-05:00,0.0
1986-11-18 00:00:00-05:00,0.0
1986-11-19 00:00:00-05:00,0.0
1986-11-20 00:00:00-05:00,0.0
1986-11-21 00:00:00-05:00,0.0
1986-11-24 00:00:00-05:00,0.0
1986-11-25 00:00:00-05:00,0.0
1986-11-26 00:00:00-05:00,0.0
1986-11-28 00:00:00-05:00,0.0
1986-12-01 00:00:00-05:00,0.0
1986-12-02 00:00:00-05:00,0.0
1986-12-03 00:00:00-05:00,0.0
1986-12-04 00:00:00-05:00,0.0
1986-12-05 00:00:00-05:00,0.0
1986-12-08 00:00:00-05:00,0.0
1986-12-09 00:00:00-05:00,0.0
1986-12-10 00:00:00-05:00,0.0
1986-12-11 00:00:00-05:00,0.0
1986-12-12 00:00:00-05:00,0.0
1986-12-15 00:00:00-05:00,0.0
1986-12-16 00:00:00-05:00,0.0
1986-12-17 00:00:00-05:00,0.0
1986-12-18 00:00:00-05:00,0.0
1986-12-19 00:00:00-05:00,0.0
1986-12-22 00:00:00-05:00,0.0
1986-12-23 00:00:00-05:00,0.0
1986-12-24 00:00:00-05:00,0.0
1986-12-26 00:00:00-05:00,0.0
1986-12-29 00:00:00-05:00,0.0
1986-12-30 00:00:00-05:00,0.0
1986-12-31 00:00:00-05:00,0.0
1987-01-02 00:00:00-05:00,0.0
1987-01-05 00:00:00-05:00,0.0
1987-01-06 00:00:00-05:00,0.0
1987-01-07 00:00:00-05:00,0.0
1987-01-08 00:00:00-05:00,0.0
1987-01-09 00:00:00-05:00,0.0
1987-01-12 00:00:00-05:00,0.0
1987-01-13 00:00:00-05:00,0.0
1987-01-14 00:00:00-05:00,0.0
1987-01-15 00:00:00-05:00,0.0
1987-01-16 00:00:00-05:00,0.0
1987-01-19 00:00:00-05:00,0.0
1987-01-20 00:00:00-05:00,0.0
1987-01-21 00:00:00-05:00,0.0
1987-01-22 00:00:00-05:00,0.0
1987-01-23 00:00:00-05:00,0.0
1987-01-26 00:00:00-05:00,0.0
1987-01-27 00:00:00-05:00,0.0
1987-01-28 00:00:00-05:00,0.0
1987-01-29 00:00:00-05:00,0.0
1987-01-30 00:00:00-05:00,0.0
1987-02-02 00:00:00-05:00,0.0
1987-02-03 00:00:00-05:00,0.0
1987-02-04 00:00:00-05:00,0.0
1987-02-05 00:00:00-05:00,0.0
1987-02-06 00:00:00-05:00,0.0
1987-02-09 00:00:00-05:00,0.0
1987-02-10 00:00:00-05:00,0.0
1987-02-11 00:00:00-05:00,0.0
1987-02-12 00:00:00-05:00,0.0
1987-02-13 00:00:00-05:00,0.0
1987-02-17 00:00:00-05:00,0.0
1987-02-18 00:00:00-05:00,0.0
1987-02-19 00:00:00-05:00,0.0
1987-02-20 00:00:00-05:00,0.0
1987-02-23 00:00:00-05:00,0.0
1987-02-24 00:00:00-05:00,0.0
1987-02-25 00:00:00-05:00,0.0
1987-02-26 00:00:00-05:00,0.0
1987-02-27 00:00:00-05:00,0.0
1987-03-02 00:00:00-05:00,0.0
1987-03-03 00:00:00-05:00,0.0
1987-03-04 00:00:00-05:00,0.0
1987-03-05 00:00:00-05:00,0.0
1987-03-06 00:00:00-05:00,0.0
1987-03-09 00:00:00-05:00,0.0
1987-03-10 00:00:00-05:00,0.0
1987-03-11 00:00:00-05:00,0.0
1987-03-12 00:00:00-05:00,0.0
1987-03-13 00:00:00-05:00,0.0
1987-03-16 00:00:00-05:00,0.0
1987-03-17 00:00:00-05:00,0.0
1987-03-18 00:00:00-05:00,0.0
1987-03-19 00:00:00-05:00,0.0
1987-03-20 00:00:00-05:00,0.0
1987-03-23 00:00:00-05:00,0.0
1987-03-24 00:00:00-05:00,0.0
1987-03-25 00:00:00-05:00,0.0
1987-03-26 00:00:00-05:00,0.0
1987-03-27 00:00:00-05:00,0.0
1987-03-30 00:00:00-05:00,0.0
1987-03-31 00:00:00-05:00,0.0
1987-04-01 00:00:00-05:00,0.0
1987-04-02 00:00:00-05:00,0.0
1987-04-03 00:00:00-05:00,0.0
1987-04-06 00:00:00-04:00,0.0
1987-04-07 00:00:00-04:00,0.0
1987-04-08 00:00:00-04:00,0.0
1987-04-09 00:00:00-04:00,0.0
1987-04-10 00:00:00-04:00,0.0
1987-04-13 00:00:00-04:00,0.0
1987-04-14 00:00:00-04:00,0.0
1987-04-15 00:00:00-04:00,0.0
1987-04-16 00:00:00-04:00,0.0
1987-04-20 00:00:00-04:00,0.0
1987-04-21 00:00:00-04:00,0.0
1987-04-22 00:00:00-04:00,0.0
1987-04-23 00:00:00-04:00,0.0
1987-04-24 00:00:00-04:00,0.0
1987-04-27 00:00:00-04:00,0.0
1987-04-28 00:00:00-04:00,0.0
1987-04-29 00:00:00-04:00,0.0
1987-04-30 00:00:00-04:00,0.0
1987-05-01 00:00:00-04:00,0.0
1987-05-04 00:00:00-04:00,0.0
1987-05-05 00:00:00-04:00,0.0
1987-05-06 00:00:00-04:00,0.0
1987-05-07 00:00:00-04:00,0.0
1987-05-08 00:00:00-04:00,0.0
1987-05-11 00:00:00-04:00,0.0
1987-05-12 00:00:00-04:00,0.0
1987-05-13 00:00:00-04:00,0.0
1987-05-14 00:00:00-04:00,0.0
1987-05-15 00:00:00-04:00,0.0
1987-05-18 00:00:00-04:00,0.0
1987-05-19 00:00:00-04:00,0.0
1987-05-20 00:00:00-04:00,0.0
1987-05-21 00:00:00-04:00,0.0
1987-05-22 00:00:00-04:00,0.0
1987-05-26 00:00:00-04:00,0.0
1987-05-27 00:00:00-04:00,0.0
1987-05-28 00:00:00-04:00,0.0
1987-05-29 00:00:00-04:00,0.0
1987-06-01 00:00:00-04:00,0.0
1987-06-02 00:00:00-04:00,0.0
1987-06-03 00:00:00-04:00,0.0
1987-06-04 00:00:00-04:00,1.5567924976348877
1987-06-05 00:00:00-04:00,0.0
1987-06-08 00:00:00-04:00,0.0
1987-06-09 00:00:00-04:00,0.0
1987-06-10 00:00:00-04:00,0.0
1987-06-11 00:00:00-04:00,0.0
1987-06-12 00:00:00-04:00,1.5493433475494385
1987-06-15 00:00:00-04:00,0.0
1987-06-16 00:00:00-04:00,0.0
1987-06-17 00:00:00-04:00,0.0
1987-06-18 00:00:00-04:00,0.0
1987-06-19 00:00:00-04:00,0.0
1987-06-22 00:00:00-04:00,0.0
1987-06-23 00:00:00-04:00,0.0
1987-06-24 00:00:00-04:00,0.0
1987-06-25 00:00:00-04:00,0.0
1987-06-26 00:00:00-04:00,0.0
1987-06-29 00:00:00-04:00,0.0
1987-06-30 00:00:00-04:00,0.0
1987-07-01 00:00:00-04:00,0.0
1987-07-02 00:00:00-04:00,0.0
1987-07-06 00:00:00-04:00,0.0
1987-07-07 00:00:00-04:00,0.0
1987-07-08 00:00:00-04:00,0.0
1987-07-09 00:00:00-04:00,0.0
1987-07-10 00:00:00-04:00,0.0
1987-07-13 00:00:00-04:00,0.0
1987-07-14 00:00:00-04:00,0.0
1987-07-15 00:00:00-04:00,0.0
1987-07-16 00:00:00-04:00,0.0
1987-07-17 00:00:00-04:00,0.0
1987-07-20 00:00:00-04:00,0.0
1987-07-21 00:00:00-04:00,0.0
1987-07-22 00:00:00-04:00,0.0
1987-07-23 00:00:00-04:00,0.0
1987-07-24 00:00:00-04:00,0.0
1987-07-27 00:00:00-04:00,0.0
1987-07-28 00:00:00-04:00,0.0
1987-07-29 00:00:00-04:00,0.0
1987-07-30 00:00:00-04:00,0.0
1987-07-31 00:00:00-04:00,0.0
1987-08-03 00:00:00-04:00,0.0
1987-08-04 00:00:00-04:00,0.0
1987-08-05 00:00:00-04:00,0.0
1987-08-06 00:00:00-04:00,0.0
1987-08-07 00:00:00-04:00,0.0
1987-08-10 00:00:00-04:00,0.0
1987-08-11 00:00:00-04:00,0.0
1987-08-12 00:00:00-04:00,0.0
1987-08-13 00:00:00-04:00,0.0
1987-08-14 00:00:00-04:00,0.0
1987-08-17 00:00:00-04:00,0.0
1987-08-18 00:00:00-04:00,0.0
1987-08-19 00:00:00-04:00,0.0
1987-08-20 00:00:00-04:00,0.0
1987-08-21 00:00:00-04:00,0.0
1987-08-24 00:00:00-04:00,0.0
1987-08-25 00:00:00-04:00,0.0
1987-08-26 00:00:00-04:00,0.0
1987-08-27 00:00:00-04:00,0.0
1987-08-28 00:00:00-04:00,0.0
1987-08-31 00:00:00-04:00,0.0
1987-09-01 00:00:00-04:00,0.0
1987-09-02 00:00:00-04:00,0.0
1987-09-03 00:00:00-04:00,0.0
1987-09-04 00:00:00-04:00,0.0
1987-09-08 00:00:00-04:00,0.0
1987-09-09 00:00:00-04:00,0.0
1987-09-10 00:00:00-04:00,1.7363041639328003
1987-09-11 00:00:00-04:00,0.0
1987-09-14 00:00:00-04:00,0.0
1987-09-15 00:00:00-04:00,0.0
1987-09-16 00:00:00-04:00,0.0
1987-09-17 00:00:00-04:00,0.0
1987-09-18 00:00:00-04:00,0.0
1987-09-21 00:00:00-04:00,0.0
1987-09-22 00:00:00-04:00,0.0
1987-09-23 00:00:00-04:00,0.0
1987-09-24 00:00:00-04:00,0.0
1987-09-25 00:00:00-04:00,0.0
1987-09-28 00:00:00-04:00,0.0
1987-09-29 00:00:00-04:00,1.7061065435409546
1987-09-30 00:00:00-04:00,0.0
1987-10-01 00:00:00-04:00,0.0
1987-10-02 00:00:00-04:00,0.0
1987-10-05 00:00:00-04:00,0.0
1987-10-06 00:00:00-04:00,0.0
1987-10-07 00:00:00-04:00,0.0
1987-10-08 00:00:00-04:00,0.0
1987-10-09 00:00:00-04:00,0.0
1987-10-12 00:00:00-04:00,0.0
1987-10-13 00:00:00-04:00,1.6985588073730469
1987-10-14 00:00:00-04:00,0.0
1987-10-15 00:00:00-04:00,0.0
1987-10-16 00:00:00-04:00,0.0
1987-10-19 00:00:00-04:00,0.0
1987-10-20 00:00:00-04:00,0.0
1987-10-21 00:00:00-04:00,0.0
1987-10-22 00:00:00-04:00,0.0
1987-10-23 00:00:00-04:00,0.0
1987-10-26 00:00:00-05:00,0.0
1987-10-27 00:00:00-05:00,0.0
1987-10-28 00:00:00-05:00,0.0
1987-10-29 00:00:00-05:00,0.0
1987-10-30 00:00:00-05:00,0.0
1987-11-02 00:00:00-05:00,0.0
1987-11-03 00:00:00-05:00,0.0
1987-11-04 00:00:00-05:00,0.0
1987-11-05 00:00:00-05:00,0.0
1987-11-06 00:00:00-05:00,0.0
1987-11-09 00:00:00-05:00,0.0
1987-11-10 00:00:00-05:00,0.0
1987-11-11 00:00:00-05:00,0.0
1987-11-12 00:00:00-05:00,0.0
1987-11-13 00:00:00-05:00,0.0
1987-11-16 00:00:00-05:00,0.0
1987-11-17 00:00:00-05:00,0.0
1987-11-18 00:00:00-05:00,0.0
1987-11-19 00:00:00-05:00,0.0
1987-11-20 00:00:00-05:00,0.0
1987-11-23 00:00:00-05:00,0.0
1987-11-24 00:00:00-05:00,0.0
1987-11-25 00:00:00-05:00,0.0
1987-11-27 00:00:00-05:00,0.0
1987-11-30 00:00:00-05:00,0.0
1987-12-01 00:00:00-05:00,0.0
1987-12-02 00:00:00-05:00,0.0
1987-12-03 00:00:00-05:00,0.0
1987-12-04 00:00:00-05:00,0.0
1987-12-07 00:00:00-05:00,0.0
1987-12-08 00:00:00-05:00,0.0
1987-12-09 00:00:00-05:00,0.0
1987-12-10 00:00:00-05:00,0.0
1987-12-11 00:00:00-05:00,0.0
1987-12-14 00:00:00-05:00,0.0
1987-12-15 00:00:00-05:00,0.0
1987-12-16 00:00:00-05:00,0.0
1987-12-17 00:00:00-05:00,0.0
1987-12-18 00:00:00-05:00,0.0
1987-12-21 00:00:00-05:00,0.0
1987-12-22 00:00:00-05:00,0.0
1987-12-23 00:00:00-05:00,0.0
1987-12-24 00:00:00-05:00,0.0
1987-12-28 00:00:00-05:00,0.0
1987-12-29 00:00:00-05:00,0.0
1987-12-30 00:00:00-05:00,0.0
1987-12-31 00:00:00-05:00,0.0
1988-01-04 00:00:00-05:00,0.0
1988-01-05 00:00:00-05:00,0.0
1988-01-06 00:00:00-05:00,0.0
1988-01-07 00:00:00-05:00,0.0
1988-01-08 00:00:00-05:00,0.0
1988-01-11 00:00:00-05:00,0.0
1988-01-12 00:00:00-05:00,0.0
1988-01-13 00:00:00-05:00,0.0
1988-01-14 00:00:00-05:00,0.0
1988-01-15 00:00:00-05:00,0.0
1988-01-18 00:00:00-05:00,0.0
1988-01-19 00:00:00-05:00,0.0
1988-01-20 00:00:00-05:00,0.0
1988-01-21 00:00:00-05:00,0.0
1988-01-22 00:00:00-05:00,0.0
1988-01-25 00:00:00-05:00,0.0
1988-01-26 00:00:00-05:00,0.0
1988-01-27 00:00:00-05:00,0.0
1988-01-28 00:00:00-05:00,0.0
1988-01-29 00:00:00-05:00,0.0
1988-02-01 00:00:00-05:00,0.0
1988-02-02 00:00:00-05:00,0.0
1988-02-03 00:00:00-05:00,0.0
1988-02-04 00:00:00-05:00,1.880841851234436
1988-02-05 00:00:00-05:00,0.0
1988-02-08 00:00:00-05:00,0.0
1988-02-09 00:00:00-05:00,0.0
1988-02-10 00:00:00-05:00,0.0
1988-02-11 00:00:00-05:00,0.0
1988-02-12 00:00:00-05:00,0.0
1988-02-16 00:00:00-05:00,0.0
1988-02-17 00:00:00-05:00,0.0
1988-02-18 00:00:00-05:00,0.0
1988-02-19 00:00:00-05:00,0.0
1988-02-22 00:00:00-05:00,0.0
1988-02-23 00:00:00-05:00,0.0
1988-02-24 00:00:00-05:00,0.0
1988-02-25 00:00:00-05:00,0.0
1988-02-26 00:00:00-05:00,0.0
1988-02-29 00:00:00-05:00,0.0
1988-03-01 00:00:00-05:00,0.0
1988-03-02 00:00:00-05:00,0.0
1988-03-03 00:00:00-05:00,0.0
1988-03-04 00:00:00-05:00,0.0
1988-03-07 00:00:00-05:00,0.0
1988-03-08 00:00:00-05:00,0.0
1988-03-09 00:00:00-05:00,0.0
1988-03-10 00:00:00-05:00,0.0
1988-03-11 00:00:00-05:00,0.0
1988-03-14 00:00:00-05:00,0.0
1988-03-15 00:00:00-05:00,0.0
1988-03-16 00:00:00-05:00,0.0
1988-03-17 00:00:00-05:00,0.0
1988-03-18 00:00:00-05:00,0.0
1988-03-21 00:00:00-05:00,0.0
1988-03-22 00:00:00-05:00,0.0
1988-03-23 00:00:00-05:00,0.0
1988-03-24 00:00:00-05:00,0.0
1988-03-25 00:00:00-05:00,0.0
1988-03-28 00:00:00-05:00,0.0
1988-03-29 00:00:00-05:00,0.0
1988-03-30 00:00:00-05:00,0.0
1988-03-31 00:00:00-05:00,0.0
1988-04-04 00:00:00-04:00,0.0
1988-04-05 00:00:00-04:00,0.0
1988-04-06 00:00:00-04:00,0.0
1988-04-07 00:00:00-04:00,0.0
1988-04-08 00:00:00-04:00,0.0
1988-04-11 00:00:00-04:00,0.0
1988-04-12 00:00:00-04:00,0.0
1988-04-13 00:00:00-04:00,0.0
1988-04-14 00:00:00-04:00,0.0
1988-04-15 00:00:00-04:00,0.0
1988-04-18 00:00:00-04:00,0.0
1988-04-19 00:00:00-04:00,0.0
1988-04-20 00:00:00-04:00,0.0
1988-04-21 00:00:00-04:00,0.0
1988-04-22 00:00:00-04:00,0.0
1988-04-25 00:00:00-04:00,0.0
1988-04-26 00:00:00-04:00,0.0
1988-04-27 00:00:00-04:00,0.0
1988-04-28 00:00:00-04:00,0.0
1988-04-29 00:00:00-04:00,0.0
1988-05-02 00:00:00-04:00,0.0
1988-05-03 00:00:00-04:00,0.0
1988-05-04 00:00:00-04:00,0.0
1988-05-05 00:00:00-04:00,0.0
1988-05-06 00:00:00-04:00,0.0
1988-05-09 00:00:00-04:00,0.0
1988-05-10 00:00:00-04:00,0.0
1988-05-11 00:00:00-04:00,0.0
1988-05-12 00:00:00-04:00,0.0
1988-05-13 00:00:00-04:00,0.0
1988-05-16 00:00:00-04:00,0.0
1988-05-17 00:00:00-04:00,0.0
1988-05-18 00:00:00-04:00,0.0
1988-05-19 00:00:00-04:00,0.0
1988-05-20 00:00:00-04:00,0.0
1988-05-23 00:00:00-04:00,0.0
1988-05-24 00:00:00-04:00,0.0
1988-05-25 00:00:00-04:00,0.0
1988-05-26 00:00:00-04:00,0.0
1988-05-27 00:00:00-04:00,0.0
1988-05-31 00:00:00-04:00,0.0
1988-06-01 00:00:00-04:00,0.0
1988-06-02 00:00:00-04:00,0.0
1988-06-03 00:00:00-04:00,0.0
1988-06-06 00:00:00-04:00,0.0
1988-06-07 00:00:00-04:00,0.0
1988-06-08 00:00:00-04:00,0.0
1988-06-09 00:00:00-04:00,0.0
1988-06-10 00:00:00-04:00,0.0
1988-06-13 00:00:00-04:00,0.0
1988-06-14 00:00:00-04:00,0.0
1988-06-15 00:00:00-04:00,0.0
1988-06-16 00:00:00-04:00,0.0
1988-06-17 00:00:00-04:00,0.0
1988-06-20 00:00:00-04:00,0.0
1988-06-21 00:00:00-04:00,0.0
1988-06-22 00:00:00-04:00,0.0
1988-06-23 00:00:00-04:00,0.0
1988-06-24 00:00:00-04:00,0.0
1988-06-27 00:00:00-04:00,0.0
1988-06-28 00:00:00-04:00,0.0
1988-06-29 00:00:00-04:00,1.8287678956985476
1988-06-30 00:00:00-04:00,0.0
1988-07-01 00:00:00-04:00,0.0
1988-07-05 00:00:00-04:00,0.0
1988-07-06 00:00:00-04:00,0.0
1988-07-07 00:00:00-04:00,0.0
1988-07-08 00:00:00-04:00,0.0
1988-07-11 00:00:00-04:00,0.0
1988-07-12 00:00:00-04:00,0.0
1988-07-13 00:00:00-04:00,0.0
1988-07-14 00:00:00-04:00,0.0
1988-07-15 00:00:00-04:00,0.0
1988-07-18 00:00:00-04:00,0.0
1988-07-19 00:00:00-04:00,0.0
1988-07-20 00:00:00-04:00,0.0
1988-07-21 00:00:00-04:00,0.0
1988-07-22 00:00:00-04:00,0.0
1988-07-25 00:00:00-04:00,0.0
1988-07-26 00:00:00-04:00,0.0
1988-07-27 00:00:00-04:00,0.0
1988-07-28 00:00:00-04:00,0.0
1988-07-29 00:00:00-04:00,0.0
1988-08-01 00:00:00-04:00,0.0
1988-08-02 00:00:00-04:00,0.0
1988-08-03 00:00:00-04:00,0.0
1988-08-04 00:00:00-04:00,0.0
1988-08-05 00:00:00-04:00,0.0
1988-08-08 00:00:00-04:00,0.0
1988-08-09 00:00:00-04:00,0.0
1988-08-10 00:00:00-04:00,0.0
1988-08-11 00:00:00-04:00,0.0
1988-08-12 00:00:00-04:00,0.0
1988-08-15 00:00:00-04:00,0.0
1988-08-16 00:00:00-04:00,0.0
1988-08-17 00:00:00-04:00,0.0
1988-08-18 00:00:00-04:00,0.0
1988-08-19 00:00:00-04:00,0.0
1988-08-22 00:00:00-04:00,0.0
1988-08-23 00:00:00-04:00,0.0
1988-08-24 00:00:00-04:00,0.0
1988-08-25 00:00:00-04:00,0.0
1988-08-26 00:00:00-04:00,0.0
1988-08-29 00:00:00-04:00,0.0
1988-08-30 00:00:00-04:00,0.0
1988-08-31 00:00:00-04:00,0.0
1988-09-01 00:00:00-04:00,0.0
1988-09-02 00:00:00-04:00,0.0
1988-09-06 00:00:00-04:00,0.0
1988-09-07 00:00:00-04:00,0.0
1988-09-08 00:00:00-04:00,0.0
1988-09-09 00:00:00-04:00,0.0
1988-09-12 00:00:00-04:00,0.0
1988-09-13 00:00:00-04:00,0.0
1988-09-14 00:00:00-04:00,0.0
1988-09-15 00:00:00-04:00,0.0
1988-09-16 00:00:00-04:00,0.0
1988-09-19 00:00:00-04:00,0.0
1988-09-20 00:00:00-04:00,0.0
1988-09-21 00:00:00-04:00,0.0
1988-09-22 00:00:00-04:00,0.0
1988-09-23 00:00:00-04:00,0.0
1988-09-26 00:00:00-04:00,0.0
1988-09-27 00:00:00-04:00,0.0
1988-09-28 00:00:00-04:00,0.0
1988-09-29 00:00:00-04:00,0.0
1988-09-30 00:00:00-04:00,0.0
1988-10-03 00:00:00-04:00,0.0
1988-10-04 00:00:00-04:00,0.0
1988-10-05 00:00:00-04:00,0.0
1988-10-06 00:00:00-04:00,0.0
1988-10-07 00:00:00-04:00,0.0
1988-10-10 00:00:00-04:00,0.0
1988-10-11 00:00:00-04:00,0.0
1988-10-12 00:00:00-04:00,0.0
1988-10-13 00:00:00-04:00,0.0
1988-10-14 00:00:00-04:00,0.0
1988-10-17 00:00:00-04:00,0.0
1988-10-18 00:00:00-04:00,0.0
1988-10-19 00:00:00-04:00,0.0
1988-10-20 00:00:00-04:00,0.0
1988-10-21 00:00:00-04:00,0.0
1988-10-24 00:00:00-04:00,0.0
1988-10-25 00:00:00-04:00,0.0
1988-10-26 00:00:00-04:00,0.0
1988-10-27 00:00:00-04:00,0.0
1988-10-28 00:00:00-04:00,0.0
1988-10-31 00:00:00-05:00,0.0
1988-11-01 00:00:00-05:00,0.0
1988-11-02 00:00:00-05:00,0.0
1988-11-03 00:00:00-05:00,0.0
1988-11-04 00:00:00-05:00,0.0
1988-11-07 00:00:00-05:00,0.0
1988-11-08 00:00:00-05:00,0.0
1988-11-09 00:00:00-05:00,0.0
1988-11-10 00:00:00-05:00,0.0
1988-11-11 00:00:00-05:00,0.0
1988-11-14 00:00:00-05:00,0.0
1988-11-15 00:00:00-05:00,0.0
1988-11-16 00:00:00-05:00,0.0
1988-11-17 00:00:00-05:00,0.0
1988-11-18 00:00:00-05:00,0.0
1988-11-21 00:00:00-05:00,0.0
1988-11-22 00:00:00-05:00,0.0
1988-11-23 00:00:00-05:00,0.0
1988-11-25 00:00:00-05:00,0.0
1988-11-28 00:00:00-05:00,0.0
1988-11-29 00:00:00-05:00,0.0
1988-11-30 00:00:00-05:00,0.0
1988-12-01 00:00:00-05:00,0.0
1988-12-02 00:00:00-05:00,0.0
1988-12-05 00:00:00-05:00,0.0
1988-12-06 00:00:00-05:00,0.0
1988-12-07 00:00:00-05:00,0.0
1988-12-08 00:00:00-05:00,0.0
1988-12-09 00:00:00-05:00,0.0
1988-12-12 00:00:00-05:00,0.0
1988-12-13 00:00:00-05:00,0.0
1988-12-14 00:00:00-05:00,0.0
1988-12-15 00:00:00-05:00,0.0
1988-12-16 00:00:00-05:00,0.0
1988-12-19 00:00:00-05:00,0.0
1988-12-20 00:00:00-05:00,0.0
1988-12-21 00:00:00-05:00,0.0
1988-12-22 00:00:00-05:00,0.0
1988-12-23 00:00:00-05:00,0.0
1988-12-27 00:00:00-05:00,0.0
1988-12-28 00:00:00-05:00,0.0
1988-12-29 00:00:00-05:00,0.0
1988-12-30 00:00:00-05:00,0.0
1989-01-03 00:00:00-05:00,0.0
1989-01-04 00:00:00-05:00,0.0
1989-01-05 00:00:00-05:00,0.0
1989-01-06 00:00:00-05:00,0.0
1989-01-09 00:00:00-05:00,0.0
1989-01-10 00:00:00-05:00,0.0
1989-01-11 00:00:00-05:00,0.0
1989-01-12 00:00:00-05:00,0.0
1989-01-13 00:00:00-05:00,0.0
1989-01-16 00:00:00-05:00,0.0
1989-01-17 00:00:00-05:00,0.0
1989-01-18 00:00:00-05:00,0.0
1989-01-19 00:00:00-05:00,0.0
1989-01-20 00:00:00-05:00,0.0
1989-01-23 00:00:00-05:00,0.0
1989-01-24 00:00:00-05:00,0.0
1989-01-25 00:00:00-05:00,0.0
1989-01-26 00:00:00-05:00,0.0
1989-01-27 00:00:00-05:00,0.0
1989-01-30 00:00:00-05:00,0.0
1989-01-31 00:00:00-05:00,0.0
1989-02-01 00:00:00-05:00,0.0
1989-02-02 00:00:00-05:00,0.0
1989-02-03 00:00:00-05:00,0.0
1989-02-06 00:00:00-05:00,0.0
1989-02-07 00:00:00-05:00,0.0
1989-02-08 00:00:00-05:00,0.0
1989-02-09 00:00:00-05:00,0.0
1989-02-10 00:00:00-05:00,0.0
1989-02-13 00:00:00-05:00,0.0
1989-02-14 00:00:00-05:00,0.0
1989-02-15 00:00:00-05:00,0.0
1989-02-16 00:00:00-05:00,0.0
1989-02-17 00:00:00-05:00,0.0
1989-02-21 00:00:00-05:00,0.0
1989-02-22 00:00:00-05:00,0.0
1989-02-23 00:00:00-05:00,0.0
1989-02-24 00:00:00-05:00,0.0
1989-02-27 00:00:00-05:00,0.0
1989-02-28 00:00:00-05:00,0.0
1989-03-01 00:00:00-05:00,0.0
1989-03-02 00:00:00-05:00,0.0
1989-03-03 00:00:00-05:00,0.0
1989-03-06 00:00:00-05:00,0.0
1989-03-07 00:00:00-05:00,0.0
1989-03-08 00:00:00-05:00,0.0
1989-03-09 00:00:00-05:00,0.0
1989-03-10 00:00:00-05:00,0.0
1989-03-13 00:00:00-05:00,0.0
1989-03-14 00:00:00-05:00,0.0
1989-03-15 00:00:00-05:00,0.0
1989-03-16 00:00:00-05:00,0.0
1989-03-17 00:00:00-05:00,0.0
1989-03-20 00:00:00-05:00,0.0
1989-03-21 00:00:00-05:00,0.0
1989-03-22 00:00:00-05:00,0.0
1989-03-23 00:00:00-05:00,0.0
1989-03-27 00:00:00-05:00,0.0
1989-03-28 00:00:00-05:00,0.0
1989-03-29 00:00:00-05:00,0.0
1989-03-30 00:00:00-05:00,0.0
1989-03-31 00:00:00-05:00,0.0
1989-04-03 00:00:00-04:00,0.0
1989-04-04 00:00:00-04:00,0.0
1989-04-05 00:00:00-04:00,0.0
1989-04-06 00:00:00-04:00,0.0
1989-04-07 00:00:00-04:00,0.0
1989-04-10 00:00:00-04:00,0.0
1989-04-11 00:00:00-04:00,0.0
1989-04-12 00:00:00-04:00,0.0
1989-04-13 00:00:00-04:00,0.0
1989-04-14 00:00:00-04:00,0.0
1989-04-17 00:00:00-04:00,0.0
1989-04-18 00:00:00-04:00,0.0
1989-04-19 00:00:00-04:00,0.0
1989-04-20 00:00:00-04:00,0.0
1989-04-21 00:00:00-04:00,0.0
1989-04-24 00:00:00-04:00,0.0
1989-04-25 00:00:00-04:00,0.0
1989-04-26 00:00:00-04:00,0.0
1989-04-27 00:00:00-04:00,0.0
1989-04-28 00:00:00-04:00,0.0
1989-05-01 00:00:00-04:00,0.0
1989-05-02 00:00:00-04:00,0.0
1989-05-03 00:00:00-04:00,0.0
1989-05-04 00:00:00-04:00,0.0
1989-05-05 00:00:00-04:00,0.0
1989-05-08 00:00:00-04:00,0.0
1989-05-09 00:00:00-04:00,0.0
1989-05-10 00:00:00-04:00,0.0
1989-05-11 00:00:00-04:00,0.0
1989-05-12 00:00:00-04:00,0.0
1989-05-15 00:00:00-04:00,0.0
1989-05-16 00:00:00-04:00,0.0
1989-05-17 00:00:00-04:00,0.0
1989-05-18 00:00:00-04:00,0.0
1989-05-19 00:00:00-04:00,0.0
1989-05-22 00:00:00-04:00,0.0
1989-05-23 00:00:00-04:00,0.0
1989-05-24 00:00:00-04:00,0.0
1989-05-25 00:00:00-04:00,0.0
1989-05-26 00:00:00-04:00,0.0
1989-05-30 00:00:00-04:00,0.0
1989-05-31 00:00:00-04:00,0.0
1989-06-01 00:00:00-04:00,0.0
1989-06-02 00:00:00-04:00,0.0
1989-06-05 00:00:00-04:00,0.0
1989-06-06 00:00:00-04:00,0.0
1989-06-07 00:00:00-04:00,0.0
1989-06-08 00:00:00-04:00,0.0
1989-06-09 00:00:00-04:00,0.0
1989-06-12 00:00:00-04:00,0.0
1989-06-13 00:00:00-04:00,0.0
1989-06-14 00:00:00-04:00,0.0
1989-06-15 00:00:00-04:00,0.0
1989-06-16 00:00:00-04:00,0.0
1989-06-19 00:00:00-04:00,0.0
1989-06-20 00:00:00-04:00,0.0
1989-06-21 00:00:00-04:00,0.0
1989-06-22 00:00:00-04:00,0.0
1989-06-23 00:00:00-04:00,0.0
1989-06-26 00:00:00-04:00,0.0
1989-06-27 00:00:00-04:00,0.0
1989-06-28 00:00:00-04:00,0.0
1989-06-29 00:00:00-04:00,0.0
1989-06-30 00:00:00-04:00,0.0
1989-07-03 00:00:00-04:00,0.0
1989-07-05 00:00:00-04:00,0.0
1989-07-06 00:00:00-04:00,0.0
1989-07-07 00:00:00-04:00,0.0
1989-07-10 00:00:00-04:00,0.0
1989-07-11 00:00:00-04:00,0.0
1989-07-12 00:00:00-04:00,0.0
1989-07-13 00:00:00-04:00,0.0
1989-07-14 00:00:00-04:00,0.0
1989-07-17 00:00:00-04:00,0.0
1989-07-18 00:00:00-04:00,0.0
1989-07-19 00:00:00-04:00,0.0
1989-07-20 00:00:00-04:00,0.0
1989-07-21 00:00:00-04:00,0.0
1989-07-24 00:00:00-04:00,0.0
1989-07-25 00:00:00-04:00,0.0
1989-07-26 00:00:00-04:00,0.0
1989-07-27 00:00:00-04:00,0.0
1989-07-28 00:00:00-04:00,0.0
1989-07-31 00:00:00-04:00,0.0
1989-08-01 00:00:00-04:00,0.0
1989-08-02 00:00:00-04:00,0.0
1989-08-03 00:00:00-04:00,0.0
1989-08-04 00:00:00-04:00,0.0
1989-08-07 00:00:00-04:00,0.0
1989-08-08 00:00:00-04:00,0.0
1989-08-09 00:00:00-04:00,0.0
1989-08-10 00:00:00-04:00,0.0
1989-08-11 00:00:00-04:00,0.0
1989-08-14 00:00:00-04:00,0.0
1989-08-15 00:00:00-04:00,0.0
1989-08-16 00:00:00-04:00,0.0
1989-08-17 00:00:00-04:00,0.0
1989-08-18 00:00:00-04:00,0.0
1989-08-21 00:00:00-04:00,0.0
1989-08-22 00:00:00-04:00,0.0
1989-08-23 00:00:00-04:00,0.0
1989-08-24 00:00:00-04:00,0.0
1989-08-25 00:00:00-04:00,0.0
1989-08-28 00:00:00-04:00,0.0
1989-08-29 00:00:00-04:00,0.0
1989-08-30 00:00:00-04:00,0.0
1989-08-31 00:00:00-04:00,0.0
1989-09-01 00:00:00-04:00,0.0
1989-09-05 00:00:00-04:00,0.0
1989-09-06 00:00:00-04:00,0.0
1989-09-07 00:00:00-04:00,0.0
1989-09-08 00:00:00-04:00,0.0
1989-09-11 00:00:00-04:00,0.0
1989-09-12 00:00:00-04:00,0.0
1989-09-13 00:00:00-04:00,0.0
1989-09-14 00:00:00-04:00,0.0
1989-09-15 00:00:00-04:00,0.0
1989-09-18 00:00:00-04:00,0.0
1989-09-19 00:00:00-04:00,0.0
1989-09-20 00:00:00-04:00,0.0
1989-09-21 00:00:00-04:00,0.0
1989-09-22 00:00:00-04:00,0.0
1989-09-25 00:00:00-04:00,0.0
1989-09-26 00:00:00-04:00,0.0
1989-09-27 00:00:00-04:00,0.0
1989-09-28 00:00:00-04:00,0.0
1989-09-29 00:00:00-04:00,0.0
1989-10-02 00:00:00-04:00,0.0
1989-10-03 00:00:00-04:00,0.0
1989-10-04 00:00:00-04:00,0.0
1989-10-05 00:00:00-04:00,0.0
1989-10-06 00:00:00-04:00,0.0
1989-10-09 00:00:00-04:00,0.0
1989-10-10 00:00:00-04:00,0.0
1989-10-11 00:00:00-04:00,0.0
1989-10-12 00:00:00-04:00,0.0
1989-10-13 00:00:00-04:00,0.0
1989-10-16 00:00:00-04:00,0.0
1989-10-17 00:00:00-04:00,0.0
1989-10-18 00:00:00-04:00,0.0
1989-10-19 00:00:00-04:00,0.0
1989-10-20 00:00:00-04:00,0.0
1989-10-23 00:00:00-04:00,0.0
1989-10-24 00:00:00-04:00,0.0
1989-10-25 00:00:00-04:00,0.0
1989-10-26 00:00:00-04:00,0.0
1989-10-27 00:00:00-04:00,0.0
1989-10-30 00:00:00-05:00,0.0
1989-10-31 00:00:00-05:00,0.0
1989-11-01 00:00:00-05:00,0.0
1989-11-02 00:00:00-05:00,0.0
1989-11-03 00:00:00-05:00,0.0
1989-11-06 00:00:00-05:00,0.0
1989-11-07 00:00:00-05:00,0.0
1989-11-08 00:00:00-05:00,0.0
1989-11-09 00:00:00-05:00,0.0
1989-11-10 00:00:00-05:00,0.0
1989-11-13 00:00:00-05:00,0.0
1989-11-14 00:00:00-05:00,0.0
1989-11-15 00:00:00-05:00,0.0
1989-11-16 00:00:00-05:00,0.0
1989-11-17 00:00:00-05:00,0.0
1989-11-20 00:00:00-05:00,0.0
1989-11-21 00:00:00-05:00,0.0
1989-11-22 00:00:00-05:00,0.0
1989-11-24 00:00:00-05:00,0.0
1989-11-27 00:00:00-05:00,0.0
1989-11-28 00:00:00-05:00,0.0
1989-11-29 00:00:00-05:00,0.0
1989-11-30 00:00:00-05:00,0.0
1989-12-01 00:00:00-05:00,0.0
1989-12-04 00:00:00-05:00,0.0
1989-12-05 00:00:00-05:00,0.0
1989-12-06 00:00:00-05:00,0.0
1989-12-07 00:00:00-05:00,0.0
1989-12-08 00:00:00-05:00,0.0
1989-12-11 00:00:00-05:00,0.0
1989-12-12 00:00:00-05:00,0.0
1989-12-13 00:00:00-05:00,0.0
1989-12-14 00:00:00-05:00,0.0
1989-12-15 00:00:00-05:00,0.0
1989-12-18 00:00:00-05:00,0.0
1989-12-19 00:00:00-05:00,0.0
1989-12-20 00:00:00-05:00,0.0
1989-12-21 00:00:00-05:00,0.0
1989-12-22 00:00:00-05:00,0.0
1989-12-26 00:00:00-05:00,0.0
1989-12-27 00:00:00-05:00,0.0
1989-12-28 00:00:00-05:00,0.0
1989-12-29 00:00:00-05:00,0.0
1990-01-02 00:00:00-05:00,0.0
1990-01-03 00:00:00-05:00,0.0
1990-01-04 00:00:00-05:00,0.0
1990-01-05 00:00:00-05:00,0.0
1990-01-08 00:00:00-05:00,0.0
1990-01-09 00:00:00-05:00,0.0
1990-01-10 00:00:00-05:00,0.0
1990-01-11 00:00:00-05:00,0.0
1990-01-12 00:00:00-05:00,0.0
1990-01-15 00:00:00-05:00,0.0
1990-01-16 00:00:00-05:00,0.0
1990-01-17 00:00:00-05:00,0.0
1990-01-18 00:00:00-05:00,0.0
1990-01-19 00:00:00-05:00,0.0
1990-01-22 00:00:00-05:00,0.0
1990-01-23 00:00:00-05:00,0.0
1990-01-24 00:00:00-05:00,0.0
1990-01-25 00:00:00-05:00,0.0
1990-01-26 00:00:00-05:00,1.9037694931030276
1990-01-29 00:00:00-05:00,0.0
1990-01-30 00:00:00-05:00,0.0
1990-01-31 00:00:00-05:00,0.0
1990-02-01 00:00:00-05:00,0.0
1990-02-02 00:00:00-05:00,0.0
1990-02-05 00:00:00-05:00,0.0
1990-02-06 00:00:00-05:00,0.0
1990-02-07 00:00:00-05:00,0.0
1990-02-08 00:00:00-05:00,0.0
1990-02-09 00:00:00-05:00,0.0
1990-02-12 00:00:00-05:00,0.0
1990-02-13 00:00:00-05:00,0.0
1990-02-14 00:00:00-05:00,0.0
1990-02-15 00:00:00-05:00,0.0
1990-02-16 00:00:00-05:00,0.0
1990-02-20 00:00:00-05:00,0.0
1990-02-21 00:00:00-05:00,0.0
1990-02-22 00:00:00-05:00,0.0
1990-02-23 00:00:00-05:00,0.0
1990-02-26 00:00:00-05:00,0.0
1990-02-27 00:00:00-05:00,0.0
1990-02-28 00:00:00-05:00,0.0
1990-03-01 00:00:00-05:00,0.0
1990-03-02 00:00:00-05:00,0.0
1990-03-05 00:00:00-05:00,0.0
1990-03-06 00:00:00-05:00,0.0
1990-03-07 00:00:00-05:00,0.0
1990-03-08 00:00:00-05:00,0.0
1990-03-09 00:00:00-05:00,0.0
1990-03-12 00:00:00-05:00,0.0
1990-03-13 00:00:00-05:00,0.0
1990-03-14 00:00:00-05:00,0.0
1990-03-15 00:00:00-05:00,0.0
1990-03-16 00:00:00-05:00,0.0
1990-03-19 00:00:00-05:00,0.0
1990-03-20 00:00:00-05:00,0.0
1990-03-21 00:00:00-05:00,0.0
1990-03-22 00:00:00-05:00,0.0
1990-03-23 00:00:00-05:00,0.0
1990-03-26 00:00:00-05:00,1.8729615421206862
1990-03-27 00:00:00-05:00,1.8904661444730535
1990-03-28 00:00:00-05:00,1.872960567474365
1990-03-29 00:00:00-05:00,1.907969355583191
1990-03-30 00:00:00-05:00,1.9079697581956971
1990-04-02 00:00:00-04:00,1.8379519587365265
1990-04-03 00:00:00-04:00,1.8729614506305103
1990-04-04 00:00:00-04:00,1.8729607435541415
1990-04-05 00:00:00-04:00,1.855456829071045
1990-04-06 00:00:00-04:00,1.8379529151651595
1990-04-09 00:00:00-04:00,1.9079702275139945
1990-04-10 00:00:00-04:00,1.9079702275139945
1990-04-11 00:00:00-04:00,1.837952971458435
1990-04-12 00:00:00-04:00,1.907969355583191
1990-04-16 00:00:00-04:00,1.8904650495686663
1990-04-17 00:00:00-04:00,1.8379519587365265
1990-04-18 00:00:00-04:00,1.8904658555984497
1990-04-19 00:00:00-04:00,1.7854397296905515
1990-04-20 00:00:00-04:00,1.890465596142937
1990-04-23 00:00:00-04:00,1.8904658555984497
1990-04-24 00:00:00-04:00,1.890464666413098
1990-04-25 00:00:00-04:00,1.816272022632452
1990-04-26 00:00:00-04:00,1.798466205596924
1990-04-27 00:00:00-04:00,1.807369086742401
1990-04-30 00:00:00-04:00,1.7806584395251228
1990-05-01 00:00:00-04:00,1.8340795353205517
1990-05-02 00:00:00-04:00,1.8340781927108765
1990-05-03 00:00:00-04:00,1.834079397786962
1990-05-04 00:00:00-04:00,1.7984657219478062
1990-05-07 00:00:00-04:00,1.8340778865066227
1990-05-08 00:00:00-04:00,1.8518844679290172
1990-05-09 00:00:00-04:00,1.8696910493514116
1990-05-10 00:00:00-04:00,1.8518847771061278
1990-05-11 00:00:00-04:00,1.8340781927108765
1990-05-14 00:00:00-04:00,1.8696917880039947
1990-05-15 00:00:00-04:00,1.8518847771061278
1990-05-16 00:00:00-04:00,1.834078904560634
1990-05-17 00:00:00-04:00,1.8162713050842283
1990-05-18 00:00:00-04:00,1.8162716083156252
1990-05-21 00:00:00-04:00,1.8518854958670479
1990-05-22 00:00:00-04:00,1.8696910493514116
1990-05-23 00:00:00-04:00,1.81627231325422
1990-05-24 00:00:00-04:00,1.798466205596924
1990-05-25 00:00:00-04:00,1.8696910493514116
1990-05-29 00:00:00-04:00,1.7984647236618339
1990-05-30 00:00:00-04:00,1.7806588120721465
1990-05-31 00:00:00-04:00,1.7806588457180903
1990-06-01 00:00:00-04:00,1.851885199546814
1990-06-04 00:00:00-04:00,1.8162716083156252
1990-06-05 00:00:00-04:00,1.842981484908502
1990-06-06 00:00:00-04:00,1.8696913615013788
1990-06-07 00:00:00-04:00,1.8340778865066227
1990-06-08 00:00:00-04:00,1.8518854958670479
1990-06-11 00:00:00-04:00,1.8696921586990356
1990-06-12 00:00:00-04:00,1.780659609501905
1990-06-13 00:00:00-04:00,1.798466205596924
1990-06-14 00:00:00-04:00,1.8518859938819812
1990-06-15 00:00:00-04:00,1.798465434175271
1990-06-18 00:00:00-04:00,1.798466205596924
1990-06-19 00:00:00-04:00,1.780659609501905
1990-06-20 00:00:00-04:00,1.7806584395251228
1990-06-21 00:00:00-04:00,1.7806597430296618
1990-06-22 00:00:00-04:00,1.7628526067733763
1990-06-25 00:00:00-04:00,1.7628531455993652
1990-06-26 00:00:00-04:00,1.834078576434311
1990-06-27 00:00:00-04:00,1.7806581422394396
1990-06-28 00:00:00-04:00,1.8162719883135896
1990-06-29 00:00:00-04:00,1.816272801691943
1990-07-02 00:00:00-04:00,1.780659609501905
1990-07-03 00:00:00-04:00,1.7984663404599583
1990-07-05 00:00:00-04:00,1.7628530134068858
1990-07-06 00:00:00-04:00,1.8340778865066227
1990-07-09 00:00:00-04:00,1.834078611089633
1990-07-10 00:00:00-04:00,1.8518853481346962
1990-07-11 00:00:00-04:00,1.8162713050842283
1990-07-12 00:00:00-04:00,1.8162713050842283
1990-07-13 00:00:00-04:00,1.816272801691943
1990-07-16 00:00:00-04:00,1.798465434175271
1990-07-17 00:00:00-04:00,1.798466205596924
1990-07-18 00:00:00-04:00,1.8518844679290172
1990-07-19 00:00:00-04:00,1.8518844679290172
1990-07-20 00:00:00-04:00,1.8162715167534063
1990-07-23 00:00:00-04:00,1.8162716083156252
1990-07-24 00:00:00-04:00,1.7628515608170452
1990-07-25 00:00:00-04:00,1.816272382736206
1990-07-26 00:00:00-04:00,1.812190610199726
1990-07-27 00:00:00-04:00,1.7759478092193604
1990-07-30 00:00:00-04:00,1.812191642060572
1990-07-31 00:00:00-04:00,1.8484358409843824
1990-08-01 00:00:00-04:00,1.830312178685115
1990-08-02 00:00:00-04:00,1.8121909849422493
1990-08-03 00:00:00-04:00,1.7578262529875104
1990-08-06 00:00:00-04:00,1.7215815353929325
1990-08-07 00:00:00-04:00,1.6762769446578076
1990-08-08 00:00:00-04:00,1.6853379011154175
1990-08-09 00:00:00-04:00,1.685338572451943
1990-08-10 00:00:00-04:00,1.6400337721172134
1990-08-13 00:00:00-04:00,1.6672162314256034
1990-08-14 00:00:00-04:00,1.7397025979083516
1990-08-15 00:00:00-04:00,1.6672162314256034
1990-08-16 00:00:00-04:00,1.8121906518936157
1990-08-17 00:00:00-04:00,1.7759478092193604
1990-08-20 00:00:00-04:00,1.7759478092193604
1990-08-21 00:00:00-04:00,1.8484355175133906
1990-08-22 00:00:00-04:00,1.794068844879375
1990-08-23 00:00:00-04:00,1.7759471893310548
1990-08-24 00:00:00-04:00,1.866556644439697
1990-08-27 00:00:00-04:00,1.8121906518936157
1990-08-28 00:00:00-04:00,1.9028002900235794
1990-08-29 00:00:00-04:00,1.866556644439697
1990-08-30 00:00:00-04:00,1.8665564749755112
1990-08-31 00:00:00-04:00,1.8484345674514773
1990-09-04 00:00:00-04:00,1.830312659927443
1990-09-05 00:00:00-04:00,1.9028006535824213
1990-09-06 00:00:00-04:00,1.9390437727882748
1990-09-07 00:00:00-04:00,1.9390443311287806
1990-09-10 00:00:00-04:00,1.866556644439697
1990-09-11 00:00:00-04:00,1.8665561551139467
1990-09-12 00:00:00-04:00,1.8665566925819104
1990-09-13 00:00:00-04:00,1.884678602218628
1990-09-14 00:00:00-04:00,1.8846779949260208
1990-09-17 00:00:00-04:00,1.884678602218628
1990-09-18 00:00:00-04:00,1.884678602218628
1990-09-19 00:00:00-04:00,1.884678602218628
1990-09-20 00:00:00-04:00,1.8846780595325288
1990-09-21 00:00:00-04:00,1.8846780595325288
1990-09-24 00:00:00-04:00,1.866556644439697
1990-09-25 00:00:00-04:00,1.8756175990243558
1990-09-26 00:00:00-04:00,1.884678602218628
1990-09-27 00:00:00-04:00,1.9390437063181176
1990-09-28 00:00:00-04:00,1.9028015103605058
1990-10-01 00:00:00-04:00,1.957166715499458
1990-10-02 00:00:00-04:00,1.975289186945668
1990-10-03 00:00:00-04:00,1.93904447555542
1990-10-04 00:00:00-04:00,1.9209230444648049
1990-10-05 00:00:00-04:00,1.9934107065200806
1990-10-08 00:00:00-04:00,1.9209230444648049
1990-10-09 00:00:00-04:00,1.9209223719476494
1990-10-10 00:00:00-04:00,1.9209223719476494
1990-10-11 00:00:00-04:00,1.848435387015343
1990-10-12 00:00:00-04:00,1.7578262409361283
1990-10-15 00:00:00-04:00,1.7759481609457792
1990-10-16 00:00:00-04:00,1.7940687453746798
1990-10-17 00:00:00-04:00,1.830312659927443
1990-10-18 00:00:00-04:00,1.8846793511901239
1990-10-19 00:00:00-04:00,1.9028016010133348
1990-10-22 00:00:00-04:00,1.8303139209747317
1990-10-23 00:00:00-04:00,1.8121920009650807
1990-10-24 00:00:00-04:00,1.8303139209747317
1990-10-25 00:00:00-04:00,1.920921802520752
1990-10-26 00:00:00-04:00,1.897708296775818
1990-10-29 00:00:00-05:00,1.9345563474823446
1990-10-30 00:00:00-05:00,1.8792833089828491
1990-10-31 00:00:00-05:00,1.8792833089828491
1990-11-01 00:00:00-05:00,1.8792831720189846
1990-11-02 00:00:00-05:00,1.8055870708666348
1990-11-05 00:00:00-05:00,1.7687370533845863
1990-11-06 00:00:00-05:00,1.7687372060922475
1990-11-07 00:00:00-05:00,1.7503136697441641
1990-11-08 00:00:00-05:00,1.75031324331673
1990-11-09 00:00:00-05:00,1.7871619040767353
1990-11-12 00:00:00-05:00,1.8055857419967651
1990-11-13 00:00:00-05:00,1.7503132050236068
1990-11-14 00:00:00-05:00,1.824010603129864
1990-11-15 00:00:00-05:00,1.8240100863028545
1990-11-16 00:00:00-05:00,1.7687380241625237
1990-11-19 00:00:00-05:00,1.8240100502362713
1990-11-20 00:00:00-05:00,1.7871623785808832
1990-11-21 00:00:00-05:00,1.8240110874176025
1990-11-23 00:00:00-05:00,1.8240110874176025
1990-11-26 00:00:00-05:00,1.842435441835962
1990-11-27 00:00:00-05:00,1.8240117144584655
1990-11-28 00:00:00-05:00,1.824010926898163
1990-11-29 00:00:00-05:00,1.8977076273698072
1990-11-30 00:00:00-05:00,1.9529801607131956
1990-12-03 00:00:00-05:00,1.9345556497573853
1990-12-04 00:00:00-05:00,1.9529799892788842
1990-12-05 00:00:00-05:00,1.9161319732666016
1990-12-06 00:00:00-05:00,1.9529799892788842
1990-12-07 00:00:00-05:00,1.9529813539634633
1990-12-10 00:00:00-05:00,1.9529806936488432
1990-12-11 00:00:00-05:00,1.9529806936488432
1990-12-12 00:00:00-05:00,1.9161326908829188
1990-12-13 00:00:00-05:00,1.8792839852890164
1990-12-14 00:00:00-05:00,1.8608596324920654
1990-12-17 00:00:00-05:00,1.8608596324920654
1990-12-18 00:00:00-05:00,1.8608588090757046
1990-12-19 00:00:00-05:00,1.8608589355762186
1990-12-20 00:00:00-05:00,1.9161326491716997
1990-12-21 00:00:00-05:00,1.897708296775818
1990-12-24 00:00:00-05:00,1.9345570015675815
1990-12-26 00:00:00-05:00,1.897708296775818
1990-12-27 00:00:00-05:00,1.9345570015675815
1990-12-28 00:00:00-05:00,1.8977076273698072
1990-12-31 00:00:00-05:00,1.9161328021611008
1991-01-02 00:00:00-05:00,1.9345556497573853
1991-01-03 00:00:00-05:00,1.934555819574392
1991-01-04 00:00:00-05:00,1.9161319732666016
1991-01-07 00:00:00-05:00,1.9529813539634633
1991-01-08 00:00:00-05:00,1.9345563474823446
1991-01-09 00:00:00-05:00,1.8792833089828491
1991-01-10 00:00:00-05:00,1.8792847274006277
1991-01-11 00:00:00-05:00,1.9161320013158463
1991-01-14 00:00:00-05:00,1.8792847967147825
1991-01-15 00:00:00-05:00,1.8424360752105713
1991-01-16 00:00:00-05:00,1.8240117144584655
1991-01-17 00:00:00-05:00,1.8608595919840545
1991-01-18 00:00:00-05:00,1.8332238948345183
1991-01-21 00:00:00-05:00,1.8055857927241226
1991-01-22 00:00:00-05:00,1.7318894504218971
1991-01-23 00:00:00-05:00,1.7871625179885535
1991-01-24 00:00:00-05:00,1.731888561145119
1991-01-25 00:00:00-05:00,1.695040156443914
1991-01-28 00:00:00-05:00,1.821310909107478
1991-01-29 00:00:00-05:00,1.8588639087975023
1991-01-30 00:00:00-05:00,1.821310909107478
1991-01-31 00:00:00-05:00,1.8588643025625782
1991-02-01 00:00:00-05:00,1.8588635589067755
1991-02-04 00:00:00-05:00,1.9715230464935303
1991-02-05 00:00:00-05:00,1.9715222266485106
1991-02-06 00:00:00-05:00,2.0090758664267403
1991-02-07 00:00:00-05:00,1.9527471132367573
1991-02-08 00:00:00-05:00,1.933969635712473
1991-02-11 00:00:00-05:00,1.9339695775508883
1991-02-12 00:00:00-05:00,1.990298788547516
1991-02-13 00:00:00-05:00,1.8776402158557244
1991-02-14 00:00:00-05:00,1.9902994564601353
1991-02-15 00:00:00-05:00,1.9058053540248496
1991-02-19 00:00:00-05:00,1.8776399074214518
1991-02-20 00:00:00-05:00,1.8964167150358358
1991-02-21 00:00:00-05:00,1.7837591120537293
1991-02-22 00:00:00-05:00,1.7462062886420717
1991-02-25 00:00:00-05:00,1.8776411705828728
1991-02-26 00:00:00-05:00,1.7837583482265473
1991-02-27 00:00:00-05:00,1.7837582963208356
1991-02-28 00:00:00-05:00,1.9151935577392576
1991-03-01 00:00:00-05:00,1.9151935577392576
1991-03-04 00:00:00-05:00,1.8964171503104414
1991-03-05 00:00:00-05:00,1.9151933947388005
1991-03-06 00:00:00-05:00,1.8400875592231751
1991-03-07 00:00:00-05:00,1.8588637113571167
1991-03-08 00:00:00-05:00,1.933969965168074
1991-03-11 00:00:00-05:00,1.9339708089828491
1991-03-12 00:00:00-05:00,1.9339708089828491
1991-03-13 00:00:00-05:00,1.9339708089828491
1991-03-14 00:00:00-05:00,1.9339708089828491
1991-03-15 00:00:00-05:00,1.8588651464980783
1991-03-18 00:00:00-05:00,1.9339695775508883
1991-03-19 00:00:00-05:00,1.8213107101988084
1991-03-20 00:00:00-05:00,1.8400879280239926
1991-03-21 00:00:00-05:00,1.9151939124309372
1991-03-22 00:00:00-05:00,1.858864335452809
1991-03-25 00:00:00-05:00,1.933969965168074
1991-03-26 00:00:00-05:00,1.8964179777404637
1991-03-27 00:00:00-05:00,1.933970246050093
1991-03-28 00:00:00-05:00,2.0278527901090424
1991-04-01 00:00:00-05:00,2.178062103890084
1991-04-02 00:00:00-05:00,2.0841808446816037
1991-04-03 00:00:00-05:00,2.102957248687744
1991-04-04 00:00:00-05:00,2.1780641078948975
1991-04-05 00:00:00-05:00,2.0841801166534424
1991-04-08 00:00:00-04:00,2.0841808695542183
1991-04-09 00:00:00-04:00,2.178062103890084
1991-04-10 00:00:00-04:00,2.1405095885285235
1991-04-11 00:00:00-04:00,2.1780628907053092
1991-04-12 00:00:00-04:00,2.140510082244873
1991-04-15 00:00:00-04:00,2.178062103890084
1991-04-16 00:00:00-04:00,2.2156169373413612
1991-04-17 00:00:00-04:00,2.102957248687744
1991-04-18 00:00:00-04:00,2.1968392949355278
1991-04-19 00:00:00-04:00,2.2062267000610762
1991-04-22 00:00:00-04:00,2.2156148987847404
1991-04-23 00:00:00-04:00,2.0841801166534424
1991-04-24 00:00:00-04:00,2.08418091677003
1991-04-25 00:00:00-04:00,2.24993794424492
1991-04-26 00:00:00-04:00,2.2118017362511675
1991-04-29 00:00:00-04:00,2.11646654350417
1991-04-30 00:00:00-04:00,2.097398198169211
1991-05-01 00:00:00-04:00,2.145067756545955
1991-05-02 00:00:00-04:00,2.09739925625088
1991-05-03 00:00:00-04:00,2.2308704668077928
1991-05-06 00:00:00-04:00,2.2308701180122994
1991-05-07 00:00:00-04:00,2.2308706735309802
1991-05-08 00:00:00-04:00,2.135534122072417
1991-05-09 00:00:00-04:00,2.154599967210189
1991-05-10 00:00:00-04:00,2.2308689925981606
1991-05-13 00:00:00-04:00,2.211802531096895
1991-05-14 00:00:00-04:00,2.24993794424492
1991-05-15 00:00:00-04:00,2.230870246887207
1991-05-16 00:00:00-04:00,2.1546013910194923
1991-05-17 00:00:00-04:00,2.1546010971069336
1991-05-20 00:00:00-04:00,2.2308689925981606
1991-05-21 00:00:00-04:00,2.249937057495117
1991-05-22 00:00:00-04:00,2.2499362489451533
1991-05-23 00:00:00-04:00,2.2118031978607178
1991-05-24 00:00:00-04:00,2.3262059171994527
1991-05-28 00:00:00-04:00,2.211802347501119
1991-05-29 00:00:00-04:00,2.288071393966675
1991-05-30 00:00:00-04:00,2.288071393966675
1991-05-31 00:00:00-04:00,2.288071393966675
1991-06-03 00:00:00-04:00,2.1736686599665673
1991-06-04 00:00:00-04:00,2.1736686599665673
1991-06-05 00:00:00-04:00,2.2880724856728003
1991-06-06 00:00:00-04:00,2.17366886138916
1991-06-07 00:00:00-04:00,2.249937513954619
1991-06-10 00:00:00-04:00,2.2118034028170404
1991-06-11 00:00:00-04:00,2.11646654350417
1991-06-12 00:00:00-04:00,2.0783323152311914
1991-06-13 00:00:00-04:00,2.1927352635948747
1991-06-14 00:00:00-04:00,2.192734479904175
1991-06-17 00:00:00-04:00,2.17366886138916
1991-06-18 00:00:00-04:00,2.1736682751856815
1991-06-19 00:00:00-04:00,2.078332031722617
1991-06-20 00:00:00-04:00,2.1355338096618652
1991-06-21 00:00:00-04:00,2.1355338096618652
1991-06-24 00:00:00-04:00,2.021130212715694
1991-06-25 00:00:00-04:00,2.0020638162439517
1991-06-26 00:00:00-04:00,2.0592644214630127
1991-06-27 00:00:00-04:00,2.002061571066196
1991-06-28 00:00:00-04:00,2.0592644214630127
1991-07-01 00:00:00-04:00,2.059264419148269
1991-07-02 00:00:00-04:00,1.9448611307144166
1991-07-03 00:00:00-04:00,1.9829956626892091
1991-07-05 00:00:00-04:00,1.9257925588351028
1991-07-08 00:00:00-04:00,1.9829954906385774
1991-07-09 00:00:00-04:00,1.9829950872457252
1991-07-10 00:00:00-04:00,2.0211305796543013
1991-07-11 00:00:00-04:00,2.0401968686085827
1991-07-12 00:00:00-04:00,2.040197146216104
1991-07-15 00:00:00-04:00,1.982996040415541
1991-07-16 00:00:00-04:00,1.9829953688162343
1991-07-17 00:00:00-04:00,2.002063310034921
1991-07-18 00:00:00-04:00,2.002061571066196
1991-07-19 00:00:00-04:00,1.9829947340722178
1991-07-22 00:00:00-04:00,2.021129580906459
1991-07-23 00:00:00-04:00,1.9448615011767805
1991-07-24 00:00:00-04:00,2.0401971560080074
1991-07-25 00:00:00-04:00,1.9639270649506495
1991-07-26 00:00:00-04:00,1.9985184981444173
1991-07-29 00:00:00-04:00,2.134340763092041
1991-07-30 00:00:00-04:00,2.1149356950004146
1991-07-31 00:00:00-04:00,2.114936866591462
1991-08-01 00:00:00-04:00,2.1343405414045904
1991-08-02 00:00:00-04:00,2.270161590744964
1991-08-05 00:00:00-04:00,2.250758119991848
1991-08-06 00:00:00-04:00,2.1537435054779053
1991-08-07 00:00:00-04:00,2.1537423073235207
1991-08-08 00:00:00-04:00,2.2895638942718506
1991-08-09 00:00:00-04:00,2.1537425045309395
1991-08-12 00:00:00-04:00,2.2895642944744656
1991-08-13 00:00:00-04:00,2.2895646812641517
1991-08-14 00:00:00-04:00,2.2895642944744656
1991-08-15 00:00:00-04:00,2.2895646812641517
1991-08-16 00:00:00-04:00,2.1925484750230435
1991-08-19 00:00:00-04:00,2.1925486757837493
1991-08-20 00:00:00-04:00,2.19254859566168
1991-08-21 00:00:00-04:00,2.270161590744964
1991-08-22 00:00:00-04:00,2.2313554097065884
1991-08-23 00:00:00-04:00,2.192549228668213
1991-08-26 00:00:00-04:00,2.1731457710266113
1991-08-27 00:00:00-04:00,2.153743860938332
1991-08-28 00:00:00-04:00,2.0955326152297684
1991-08-29 00:00:00-04:00,2.0567273262443893
1991-08-30 00:00:00-04:00,2.0567264144237227
1991-09-03 00:00:00-04:00,2.095533301529375
1991-09-04 00:00:00-04:00,2.008218715970333
1991-09-05 00:00:00-04:00,2.037323236465454
1991-09-06 00:00:00-04:00,2.017920957028287
1991-09-09 00:00:00-04:00,1.9791140968982992
1991-09-10 00:00:00-04:00,2.037323525077418
1991-09-11 00:00:00-04:00,2.0373233759178304
1991-09-12 00:00:00-04:00,2.0567264556884766
1991-09-13 00:00:00-04:00,2.037324043153559
1991-09-16 00:00:00-04:00,2.05672661930907
1991-09-17 00:00:00-04:00,1.979114784777743
1991-09-18 00:00:00-04:00,1.998517176279655
1991-09-19 00:00:00-04:00,1.9985184981444173
1991-09-20 00:00:00-04:00,2.076130284203423
1991-09-23 00:00:00-04:00,1.9791145159466432
1991-09-24 00:00:00-04:00,1.959711698652471
1991-09-25 00:00:00-04:00,2.0955333709716797
1991-09-26 00:00:00-04:00,2.0955334220613753
1991-09-27 00:00:00-04:00,2.1731463280793664
1991-09-30 00:00:00-04:00,2.1731457710266113
1991-10-01 00:00:00-04:00,2.1731457180447045
1991-10-02 00:00:00-04:00,2.0955342215460697
1991-10-03 00:00:00-04:00,2.192549694765795
1991-10-04 00:00:00-04:00,2.0567273262443893
1991-10-07 00:00:00-04:00,2.056727197435167
1991-10-08 00:00:00-04:00,2.0567264556884766
1991-10-09 00:00:00-04:00,2.0373241106669107
1991-10-10 00:00:00-04:00,2.1731457710266113
1991-10-11 00:00:00-04:00,2.1731457710266113
1991-10-14 00:00:00-04:00,2.095534349742689
1991-10-15 00:00:00-04:00,2.095534349742689
1991-10-16 00:00:00-04:00,2.2119529247283936
1991-10-17 00:00:00-04:00,2.21195203011189
1991-10-18 00:00:00-04:00,2.0761303348200664
1991-10-21 00:00:00-04:00,2.0567264556884766
1991-10-22 00:00:00-04:00,2.0955325731864343
1991-10-23 00:00:00-04:00,2.0955342215460697
1991-10-24 00:00:00-04:00,2.153742439802303
1991-10-25 00:00:00-04:00,2.1537426312764483
1991-10-28 00:00:00-05:00,2.1507822702097337
1991-10-29 00:00:00-05:00,2.1705149267321433
1991-10-30 00:00:00-05:00,2.1705145835876465
1991-10-31 00:00:00-05:00,2.2099784382602623
1991-11-01 00:00:00-05:00,2.1310508251190186
1991-11-04 00:00:00-05:00,2.2099788344909097
1991-11-05 00:00:00-05:00,2.11131909252268
1991-11-06 00:00:00-05:00,2.229710788370293
1991-11-07 00:00:00-05:00,2.1113190071002856
1991-11-08 00:00:00-05:00,2.1507831053300337
1991-11-11 00:00:00-05:00,2.229710388601872
1991-11-12 00:00:00-05:00,2.249442537625631
1991-11-13 00:00:00-05:00,2.150782585144043
1991-11-14 00:00:00-05:00,2.150782585144043
1991-11-15 00:00:00-05:00,2.1310508251190186
1991-11-18 00:00:00-05:00,2.1310510189733773
1991-11-19 00:00:00-05:00,2.1902468806115265
1991-11-20 00:00:00-05:00,2.11131791131837
1991-11-21 00:00:00-05:00,2.111319406936158
1991-11-22 00:00:00-05:00,2.111319065093994
1991-11-25 00:00:00-05:00,2.11131909252268
1991-11-26 00:00:00-05:00,2.229710817337036
1991-11-27 00:00:00-05:00,2.11131791131837
1991-11-29 00:00:00-05:00,2.1113190071002856
1991-12-02 00:00:00-05:00,2.1310508251190186
1991-12-03 00:00:00-05:00,2.249441512993404
1991-12-04 00:00:00-05:00,2.1310498544148038
1991-12-05 00:00:00-05:00,2.1507829137750574
1991-12-06 00:00:00-05:00,2.190246909065584
1991-12-09 00:00:00-05:00,2.190246820449829
1991-12-10 00:00:00-05:00,2.2099789706143467
1991-12-11 00:00:00-05:00,2.19024745485057
1991-12-12 00:00:00-05:00,2.1310508251190186
1991-12-13 00:00:00-05:00,2.150782777203454
1991-12-16 00:00:00-05:00,2.1310510189733773
1991-12-17 00:00:00-05:00,2.1113188730345835
1991-12-18 00:00:00-05:00,2.0915859682219367
1991-12-19 00:00:00-05:00,2.0915870752035235
1991-12-20 00:00:00-05:00,2.1310508251190186
1991-12-23 00:00:00-05:00,2.0521231470881283
1991-12-24 00:00:00-05:00,2.190246820449829
1991-12-26 00:00:00-05:00,2.0521238614928046
1991-12-27 00:00:00-05:00,2.190246820449829
1991-12-30 00:00:00-05:00,2.091586920950148
1991-12-31 00:00:00-05:00,2.0915859682219367
1992-01-02 00:00:00-05:00,2.2099786334567604
1992-01-03 00:00:00-05:00,2.1310510466584063
1992-01-06 00:00:00-05:00,2.170514954929858
1992-01-07 00:00:00-05:00,2.1310510466584063
1992-01-08 00:00:00-05:00,2.229710925709117
1992-01-09 00:00:00-05:00,2.2691734560898373
1992-01-10 00:00:00-05:00,2.1310515776924466
1992-01-13 00:00:00-05:00,2.1310511502352627
1992-01-14 00:00:00-05:00,2.1310509604376717
1992-01-15 00:00:00-05:00,2.1310508251190186
1992-01-16 00:00:00-05:00,2.1310508251190186
1992-01-17 00:00:00-05:00,2.1310508251190186
1992-01-20 00:00:00-05:00,2.1310506368938245
1992-01-21 00:00:00-05:00,2.249442537625631
1992-01-22 00:00:00-05:00,2.1310511502352627
1992-01-23 00:00:00-05:00,2.2889072501141094
1992-01-24 00:00:00-05:00,2.2691752910614014
1992-01-27 00:00:00-05:00,2.2691752910614014
1992-01-28 00:00:00-05:00,2.2463106986803885
1992-01-29 00:00:00-05:00,2.226254269085099
1992-01-30 00:00:00-05:00,2.3465914748130587
1992-01-31 00:00:00-05:00,2.186140775680542
1992-02-03 00:00:00-05:00,2.3465923376842936
1992-02-04 00:00:00-05:00,2.206197317157473
1992-02-05 00:00:00-05:00,2.246310562923037
1992-02-06 00:00:00-05:00,2.1861416621085925
1992-02-07 00:00:00-05:00,2.1861405749070015
1992-02-10 00:00:00-05:00,2.346592426300049
1992-02-11 00:00:00-05:00,2.3064785882046346
1992-02-12 00:00:00-05:00,2.2061980076325245
1992-02-13 00:00:00-05:00,2.2061969104566073
1992-02-14 00:00:00-05:00,2.2864233033846966
1992-02-18 00:00:00-05:00,2.1861415795520345
1992-02-19 00:00:00-05:00,2.2663659171054236
1992-02-20 00:00:00-05:00,2.22625470161438
1992-02-21 00:00:00-05:00,2.346592284482101
1992-02-24 00:00:00-05:00,2.366648628793914
1992-02-25 00:00:00-05:00,2.2463094743631653
1992-02-26 00:00:00-05:00,2.326533333594058
1992-02-27 00:00:00-05:00,2.30647701175273
1992-02-28 00:00:00-05:00,2.30647701175273
1992-03-02 00:00:00-05:00,2.30647847814075
1992-03-03 00:00:00-05:00,2.466929221153259
1992-03-04 00:00:00-05:00,2.4167883183996555
1992-03-05 00:00:00-05:00,2.366647481918335
1992-03-06 00:00:00-05:00,2.366647481918335
1992-03-09 00:00:00-05:00,2.4468741539197087
1992-03-10 00:00:00-05:00,2.4268165508906048
1992-03-11 00:00:00-05:00,2.4067601511033914
1992-03-12 00:00:00-05:00,2.3867049731057266
1992-03-13 00:00:00-05:00,2.326534812733278
1992-03-16 00:00:00-05:00,2.366648238638173
1992-03-17 00:00:00-05:00,2.366647481918335
1992-03-18 00:00:00-05:00,2.386704579643581
1992-03-19 00:00:00-05:00,2.30647847814075
1992-03-20 00:00:00-05:00,2.386703816510863
1992-03-23 00:00:00-05:00,2.3265355566273564
1992-03-24 00:00:00-05:00,2.3064797352521844
1992-03-25 00:00:00-05:00,2.3465918976327647
1992-03-26 00:00:00-05:00,2.30647701175273
1992-03-27 00:00:00-05:00,2.386704579643581
1992-03-30 00:00:00-05:00,2.346592284482101
1992-03-31 00:00:00-05:00,2.3064792156219482
1992-04-01 00:00:00-05:00,2.3064795958584754
1992-04-02 00:00:00-05:00,2.3064795958584754
1992-04-03 00:00:00-05:00,2.2864222526550293
1992-04-06 00:00:00-04:00,2.346591691885676
1992-04-07 00:00:00-04:00,2.2463101926057236
1992-04-08 00:00:00-04:00,2.3064792156219482
1992-04-09 00:00:00-04:00,2.3064795958584754
1992-04-10 00:00:00-04:00,2.3265357971191403
1992-04-13 00:00:00-04:00,2.256338596343994
1992-04-14 00:00:00-04:00,2.2463095815558183
1992-04-15 00:00:00-04:00,2.326535940170288
1992-04-16 00:00:00-04:00,2.3064796481512286
1992-04-20 00:00:00-04:00,2.2663669072348496
1992-04-21 00:00:00-04:00,2.246310562923037
1992-04-22 00:00:00-04:00,2.3265349237542403
1992-04-23 00:00:00-04:00,2.2463101926057236
1992-04-24 00:00:00-04:00,2.326536467581084
1992-04-27 00:00:00-04:00,2.3646152189799716
1992-04-28 00:00:00-04:00,2.303460541524385
1992-04-29 00:00:00-04:00,2.344229999235121
1992-04-30 00:00:00-04:00,2.32384539054612
1992-05-01 00:00:00-04:00,2.3850008909367335
1992-05-04 00:00:00-04:00,2.446154080904447
1992-05-05 00:00:00-04:00,2.385000228881836
1992-05-06 00:00:00-04:00,2.4563462328403554
1992-05-07 00:00:00-04:00,2.446154080904447
1992-05-08 00:00:00-04:00,2.4665358948106526
1992-05-11 00:00:00-04:00,2.4053837100664777
1992-05-12 00:00:00-04:00,2.446152925491333
1992-05-13 00:00:00-04:00,2.4155760139226916
1992-05-14 00:00:00-04:00,2.4053855139361926
1992-05-15 00:00:00-04:00,2.466537533203761
1992-05-18 00:00:00-04:00,2.446152925491333
1992-05-19 00:00:00-04:00,2.5073077825399546
1992-05-20 00:00:00-04:00,2.548076868057251
1992-05-21 00:00:00-04:00,2.711153787612915
1992-05-22 00:00:00-04:00,2.7111527919769287
1992-05-26 00:00:00-04:00,2.7111539437220644
1992-05-27 00:00:00-04:00,2.548076868057251
1992-05-28 00:00:00-04:00,2.7111545763909817
1992-05-29 00:00:00-04:00,2.548076868057251
1992-06-01 00:00:00-04:00,2.548076868057251
1992-06-02 00:00:00-04:00,2.7111533302249327
1992-06-03 00:00:00-04:00,2.5684622302651405
1992-06-04 00:00:00-04:00,2.5480761829572236
1992-06-05 00:00:00-04:00,2.5480752510409204
1992-06-08 00:00:00-04:00,2.5684605717659
1992-06-09 00:00:00-04:00,2.5276906490325928
1992-06-10 00:00:00-04:00,2.527691876446759
1992-06-11 00:00:00-04:00,2.3849991023540498
1992-06-12 00:00:00-04:00,2.5073070526123047
1992-06-15 00:00:00-04:00,2.384998991841176
1992-06-16 00:00:00-04:00,2.3849984349743014
1992-06-17 00:00:00-04:00,2.527691356341044
1992-06-18 00:00:00-04:00,2.446152925491333
1992-06-19 00:00:00-04:00,2.5276914774361305
1992-06-22 00:00:00-04:00,2.405383825302124
1992-06-23 00:00:00-04:00,2.4767291440117742
1992-06-24 00:00:00-04:00,2.5276915715213564
1992-06-25 00:00:00-04:00,2.446152925491333
1992-06-26 00:00:00-04:00,2.384997518122697
1992-06-29 00:00:00-04:00,2.385000228881836
1992-06-30 00:00:00-04:00,2.4053837100664777
1992-07-01 00:00:00-04:00,2.405383825302124
1992-07-02 00:00:00-04:00,2.486922260058128
1992-07-06 00:00:00-04:00,2.405382112294686
1992-07-07 00:00:00-04:00,2.405383598609049
1992-07-08 00:00:00-04:00,2.486922140916189
1992-07-09 00:00:00-04:00,2.50730508315463
1992-07-10 00:00:00-04:00,2.5888451794783274
1992-07-13 00:00:00-04:00,2.446152925491333
1992-07-14 00:00:00-04:00,2.609229666287782
1992-07-15 00:00:00-04:00,2.6296136590742294
1992-07-16 00:00:00-04:00,2.486923127662479
1992-07-17 00:00:00-04:00,2.5480776093900204
1992-07-20 00:00:00-04:00,2.5276906490325928
1992-07-21 00:00:00-04:00,2.6703853346407413
1992-07-22 00:00:00-04:00,2.527692253112793
1992-07-23 00:00:00-04:00,2.5276923986581656
1992-07-24 00:00:00-04:00,2.670382863090884
1992-07-27 00:00:00-04:00,2.7110519409179688
1992-07-28 00:00:00-04:00,2.5661854222416878
1992-07-29 00:00:00-04:00,2.545490822811358
1992-07-30 00:00:00-04:00,2.5454893999321513
1992-07-31 00:00:00-04:00,2.6800093614418086
1992-08-03 00:00:00-04:00,2.773135181487076
1992-08-04 00:00:00-04:00,2.7731358595192432
1992-08-05 00:00:00-04:00,2.669659226097195
1992-08-06 00:00:00-04:00,2.6282707326339954
1992-08-07 00:00:00-04:00,2.628269910812378
1992-08-10 00:00:00-04:00,2.628270411491394
1992-08-11 00:00:00-04:00,2.731745958328247
1992-08-12 00:00:00-04:00,2.731745577570218
1992-08-13 00:00:00-04:00,2.835220125384797
1992-08-14 00:00:00-04:00,2.752440713784274
1992-08-17 00:00:00-04:00,2.814525842666626
1992-08-18 00:00:00-04:00,2.7110502349005805
1992-08-19 00:00:00-04:00,2.7110499009153894
1992-08-20 00:00:00-04:00,2.835220474667019
1992-08-21 00:00:00-04:00,2.7938307043331774
1992-08-24 00:00:00-04:00,2.6903555393218994
1992-08-25 00:00:00-04:00,2.7317447218784063
1992-08-26 00:00:00-04:00,2.6696596145629883
1992-08-27 00:00:00-04:00,2.6696596145629883
1992-08-28 00:00:00-04:00,2.8145248649656307
1992-08-31 00:00:00-04:00,2.6696603014355613
1992-09-01 00:00:00-04:00,2.6696596145629883
1992-09-02 00:00:00-04:00,2.6075751781463623
1992-09-03 00:00:00-04:00,2.64896559715271
1992-09-04 00:00:00-04:00,2.5868797302246094
1992-09-08 00:00:00-04:00,2.648964949480192
1992-09-09 00:00:00-04:00,2.5868797302246094
1992-09-10 00:00:00-04:00,2.64896559715271
1992-09-11 00:00:00-04:00,2.5868797302246094
1992-09-14 00:00:00-04:00,2.731745958328247
1992-09-15 00:00:00-04:00,2.58687983347675
1992-09-16 00:00:00-04:00,2.5868804659694433
1992-09-17 00:00:00-04:00,2.6282698059082032
1992-09-18 00:00:00-04:00,2.5040982480972045
1992-09-21 00:00:00-04:00,2.6282708369010734
1992-09-22 00:00:00-04:00,2.6282702192427623
1992-09-23 00:00:00-04:00,2.6075751781463623
1992-09-24 00:00:00-04:00,2.5868807449813715
1992-09-25 00:00:00-04:00,2.5040995788574216
1992-09-28 00:00:00-04:00,2.5454896545410155
1992-09-29 00:00:00-04:00,2.5041005611419678
1992-09-30 00:00:00-04:00,2.6075733823160974
1992-10-01 00:00:00-04:00,2.5040982480972045
1992-10-02 00:00:00-04:00,2.607573927902594
1992-10-05 00:00:00-04:00,2.5661844112833996
1992-10-06 00:00:00-04:00,2.421319055557251
1992-10-07 00:00:00-04:00,2.5454883017847614
1992-10-08 00:00:00-04:00,2.4420154232624145
1992-10-09 00:00:00-04:00,2.56618332862854
1992-10-12 00:00:00-04:00,2.56618332862854
1992-10-13 00:00:00-04:00,2.5868797302246094
1992-10-14 00:00:00-04:00,2.5868797302246094
1992-10-15 00:00:00-04:00,2.4834049315679643
1992-10-16 00:00:00-04:00,2.6075751781463623
1992-10-19 00:00:00-04:00,2.5351428566500545
1992-10-20 00:00:00-04:00,2.5661847948089362
1992-10-21 00:00:00-04:00,2.6489634360036542
1992-10-22 00:00:00-04:00,2.69035502681582
1992-10-23 00:00:00-04:00,2.6903553425319613
1992-10-26 00:00:00-05:00,2.583628779365903
1992-10-27 00:00:00-05:00,2.5836288928985596
1992-10-28 00:00:00-05:00,2.5836288928985596
1992-10-29 00:00:00-05:00,2.625639003420633
1992-10-30 00:00:00-05:00,2.5836275143008076
1992-11-02 00:00:00-05:00,2.5836283254229335
1992-11-03 00:00:00-05:00,2.5416188221278153
1992-11-04 00:00:00-05:00,2.667649546638131
1992-11-05 00:00:00-05:00,2.562624118544839
1992-11-06 00:00:00-05:00,2.667649507522583
1992-11-09 00:00:00-05:00,2.814685891656315
1992-11-10 00:00:00-05:00,2.7726752758026123
1992-11-11 00:00:00-05:00,2.772675925034743
1992-11-12 00:00:00-05:00,2.877699136734009
1992-11-13 00:00:00-05:00,2.8566945345896597
1992-11-16 00:00:00-05:00,2.7096601966628455
1992-11-17 00:00:00-05:00,2.730665683746338
1992-11-18 00:00:00-05:00,2.856696128845215
1992-11-19 00:00:00-05:00,2.793678723982651
1992-11-20 00:00:00-05:00,2.94071605214399
1992-11-23 00:00:00-05:00,2.919709343109688
1992-11-24 00:00:00-05:00,2.7726757543550122
1992-11-25 00:00:00-05:00,2.9197114118889194
1992-11-27 00:00:00-05:00,2.7516704322700214
1992-11-30 00:00:00-05:00,2.919711374698725
1992-12-01 00:00:00-05:00,2.919711085883054
1992-12-02 00:00:00-05:00,2.7726752758026123
1992-12-03 00:00:00-05:00,2.919709343109688
1992-12-04 00:00:00-05:00,2.898706624796102
1992-12-07 00:00:00-05:00,2.7726755500736093
1992-12-08 00:00:00-05:00,2.7936806678771973
1992-12-09 00:00:00-05:00,2.793680033860383
1992-12-10 00:00:00-05:00,2.8146851468969274
1992-12-11 00:00:00-05:00,2.7936806678771973
1992-12-14 00:00:00-05:00,2.940715825116193
1992-12-15 00:00:00-05:00,2.7936806678771973
1992-12-16 00:00:00-05:00,2.7726752758026123
1992-12-17 00:00:00-05:00,2.919711085883054
1992-12-18 00:00:00-05:00,2.7726747876121887
1992-12-21 00:00:00-05:00,2.6886530230122228
1992-12-22 00:00:00-05:00,2.6886542268501694
1992-12-23 00:00:00-05:00,2.7096595706009285
1992-12-24 00:00:00-05:00,2.709659959016581
1992-12-28 00:00:00-05:00,2.5836286711138348
1992-12-29 00:00:00-05:00,2.5836286711138348
1992-12-30 00:00:00-05:00,2.7096597757190466
1992-12-31 00:00:00-05:00,2.6466445814479482
1993-01-04 00:00:00-05:00,2.793679213973711
1993-01-05 00:00:00-05:00,2.8356906229799446
1993-01-06 00:00:00-05:00,2.835690145907195
1993-01-07 00:00:00-05:00,2.751669697139574
1993-01-08 00:00:00-05:00,2.8566940335461695
1993-01-11 00:00:00-05:00,2.8566948594718142
1993-01-12 00:00:00-05:00,3.0457412678262465
1993-01-13 00:00:00-05:00,3.0247357335583915
1993-01-14 00:00:00-05:00,2.940714742753889
1993-01-15 00:00:00-05:00,2.8776999687326366
1993-01-18 00:00:00-05:00,2.9827269478667557
1993-01-19 00:00:00-05:00,2.9197101872542808
1993-01-20 00:00:00-05:00,3.0247357335583915
1993-01-21 00:00:00-05:00,3.024737186569104
1993-01-22 00:00:00-05:00,2.919709823500942
1993-01-25 00:00:00-05:00,2.9407153810773576
1993-01-26 00:00:00-05:00,3.1087569852247308
1993-01-27 00:00:00-05:00,2.961721181869507
1993-01-28 00:00:00-05:00,2.940715789794922
1993-01-29 00:00:00-05:00,2.940714930144834
1993-02-01 00:00:00-05:00,2.981020920760148
1993-02-02 00:00:00-05:00,3.0661946705409457
1993-02-03 00:00:00-05:00,3.130073877091103
1993-02-04 00:00:00-05:00,3.130073343714078
1993-02-05 00:00:00-05:00,2.981020920760148
1993-02-08 00:00:00-05:00,2.959729408731266
1993-02-09 00:00:00-05:00,3.1300737261772156
1993-02-10 00:00:00-05:00,2.981022057467944
1993-02-11 00:00:00-05:00,3.108780707631792
1993-02-12 00:00:00-05:00,3.1300737261772156
1993-02-16 00:00:00-05:00,3.1300735473632812
1993-02-17 00:00:00-05:00,3.1300737261772156
1993-02-18 00:00:00-05:00,3.1300731603413414
1993-02-19 00:00:00-05:00,3.1087805300342795
1993-02-22 00:00:00-05:00,3.087487311826812
1993-02-23 00:00:00-05:00,3.1300742182238346
1993-02-24 00:00:00-05:00,3.108780857519055
1993-02-25 00:00:00-05:00,3.130073877091103
1993-02-26 00:00:00-05:00,3.130073877091103
1993-03-01 00:00:00-05:00,3.130073343714078
1993-03-02 00:00:00-05:00,3.00231608686776
1993-03-03 00:00:00-05:00,3.0023157596588135
1993-03-04 00:00:00-05:00,3.0023139273370063
1993-03-05 00:00:00-05:00,3.1726591897337406
1993-03-08 00:00:00-05:00,3.044900006539113
1993-03-09 00:00:00-05:00,3.044901101556543
1993-03-10 00:00:00-05:00,3.044901352852686
1993-03-11 00:00:00-05:00,3.1300731603413414
1993-03-12 00:00:00-05:00,3.151367240116514
1993-03-15 00:00:00-05:00,3.1513649733750135
1993-03-16 00:00:00-05:00,3.0023139273370063
1993-03-17 00:00:00-05:00,3.151365041732788
1993-03-18 00:00:00-05:00,3.0023157596588135
1993-03-19 00:00:00-05:00,3.002315072164144
1993-03-22 00:00:00-05:00,3.087487254344242
1993-03-23 00:00:00-05:00,3.0236087792308615
1993-03-24 00:00:00-05:00,3.1087802698914433
1993-03-25 00:00:00-05:00,3.066195508558973
1993-03-26 00:00:00-05:00,2.9597300430824016
1993-03-29 00:00:00-05:00,2.9597300430824016
1993-03-30 00:00:00-05:00,3.0236082077026367
1993-03-31 00:00:00-05:00,2.9597295778138295
1993-04-01 00:00:00-05:00,2.959730386734009
1993-04-02 00:00:00-05:00,2.959730386734009
1993-04-05 00:00:00-04:00,2.95972791418329
1993-04-06 00:00:00-04:00,2.9597295778138295
1993-04-07 00:00:00-04:00,3.0449024841939805
1993-04-08 00:00:00-04:00,2.9597297205147166
1993-04-12 00:00:00-04:00,3.0449024841939805
1993-04-13 00:00:00-04:00,3.0449012973852323
1993-04-14 00:00:00-04:00,3.0449024841939805
1993-04-15 00:00:00-04:00,2.9597300430824016
1993-04-16 00:00:00-04:00,3.0874881744384766
1993-04-19 00:00:00-04:00,3.087487689086369
1993-04-20 00:00:00-04:00,3.0874885329239663
1993-04-21 00:00:00-04:00,2.959730386734009
1993-04-22 00:00:00-04:00,2.959730386734009
1993-04-23 00:00:00-04:00,2.959730386734009
1993-04-26 00:00:00-04:00,2.9795930083368867
1993-04-27 00:00:00-04:00,2.979594430338174
1993-04-28 00:00:00-04:00,2.9795930083368867
1993-04-29 00:00:00-04:00,3.0011843953813826
1993-04-30 00:00:00-04:00,2.871636140085485
1993-05-03 00:00:00-04:00,2.785271848951067
1993-05-04 00:00:00-04:00,2.9580028810921837
1993-05-05 00:00:00-04:00,2.9580026906112145
1993-05-06 00:00:00-04:00,3.022775888442993
1993-05-07 00:00:00-04:00,2.979594155181226
1993-05-10 00:00:00-04:00,3.1739149093627925
1993-05-11 00:00:00-04:00,3.001185417175293
1993-05-12 00:00:00-04:00,3.0011853795752303
1993-05-13 00:00:00-04:00,3.0011853795752303
1993-05-14 00:00:00-04:00,3.001185417175293
1993-05-17 00:00:00-04:00,3.0011832697408183
1993-05-18 00:00:00-04:00,3.001184362504217
1993-05-19 00:00:00-04:00,3.0227756169107223
1993-05-20 00:00:00-04:00,3.0227762925709394
1993-05-21 00:00:00-04:00,3.1091417144326603
1993-05-24 00:00:00-04:00,2.9148201942443848
1993-05-25 00:00:00-04:00,3.02277667916936
1993-05-26 00:00:00-04:00,2.914819247286085
1993-05-27 00:00:00-04:00,2.9148196067128866
1993-05-28 00:00:00-04:00,2.914819247286085
1993-06-01 00:00:00-04:00,3.0659590191311303
1993-06-02 00:00:00-04:00,2.9148201942443848
1993-06-03 00:00:00-04:00,3.02277667916936
1993-06-04 00:00:00-04:00,2.9148193448781967
1993-06-07 00:00:00-04:00,2.9148201942443848
1993-06-08 00:00:00-04:00,2.9364116191864014
1993-06-09 00:00:00-04:00,2.914820357280619
1993-06-10 00:00:00-04:00,3.02277667916936
1993-06-11 00:00:00-04:00,3.00118503333829
1993-06-14 00:00:00-04:00,2.9148201942443848
1993-06-15 00:00:00-04:00,2.9148193448781967
1993-06-16 00:00:00-04:00,3.0659591647459186
1993-06-17 00:00:00-04:00,3.0119810104370117
1993-06-18 00:00:00-04:00,3.13073280122545
1993-06-21 00:00:00-04:00,3.065958993188266
1993-06-22 00:00:00-04:00,2.9148196067128866
1993-06-23 00:00:00-04:00,3.13073280122545
1993-06-24 00:00:00-04:00,2.9148196067128866
1993-06-25 00:00:00-04:00,3.0659590191311303
1993-06-28 00:00:00-04:00,2.9148201942443848
1993-06-29 00:00:00-04:00,3.022774516285716
1993-06-30 00:00:00-04:00,3.08754825592041
1993-07-01 00:00:00-04:00,3.087550613417554
1993-07-02 00:00:00-04:00,2.8932292461395264
1993-07-06 00:00:00-04:00,3.022775788238083
1993-07-07 00:00:00-04:00,2.9364112556403414
1993-07-08 00:00:00-04:00,3.109140634536743
1993-07-09 00:00:00-04:00,2.9580026906112145
1993-07-12 00:00:00-04:00,2.979593276977539
1993-07-13 00:00:00-04:00,3.152324035249907
1993-07-14 00:00:00-04:00,3.1631196089238927
1993-07-15 00:00:00-04:00,3.2818709818522134
1993-07-16 00:00:00-04:00,3.2818710248764247
1993-07-19 00:00:00-04:00,3.109140634536743
1993-07-20 00:00:00-04:00,3.1523230797366093
1993-07-21 00:00:00-04:00,3.2818706697887845
1993-07-22 00:00:00-04:00,3.1091415142190866
1993-07-23 00:00:00-04:00,3.3034619241952896
1993-07-26 00:00:00-04:00,3.151156801165956
1993-07-27 00:00:00-04:00,3.1511569023132324
1993-07-28 00:00:00-04:00,3.1511569023132324
1993-07-29 00:00:00-04:00,3.1949219703674316
1993-07-30 00:00:00-04:00,3.1949219703674316
1993-08-02 00:00:00-04:00,3.4137522423104065
1993-08-03 00:00:00-04:00,3.1949219703674316
1993-08-04 00:00:00-04:00,3.19492315634703
1993-08-05 00:00:00-04:00,3.1949230212914315
1993-08-06 00:00:00-04:00,3.4137522423104065
1993-08-09 00:00:00-04:00,3.194923167826662
1993-08-10 00:00:00-04:00,3.4137531661987306
1993-08-11 00:00:00-04:00,3.3590454946864736
1993-08-12 00:00:00-04:00,3.3262212276458736
1993-08-13 00:00:00-04:00,3.369987296430688
1993-08-16 00:00:00-04:00,3.326221368251703
1993-08-17 00:00:00-04:00,3.435635740692551
1993-08-18 00:00:00-04:00,3.326220190449125
1993-08-19 00:00:00-04:00,3.369985520464819
1993-08-20 00:00:00-04:00,3.3699870109558105
1993-08-23 00:00:00-04:00,3.4575193620497178
1993-08-24 00:00:00-04:00,3.3699874388865934
1993-08-25 00:00:00-04:00,3.3699870109558105
1993-08-26 00:00:00-04:00,3.3699870109558105
1993-08-27 00:00:00-04:00,3.3699870109558105
1993-08-30 00:00:00-04:00,3.545050466136568
1993-08-31 00:00:00-04:00,3.369987299412857
1993-09-01 00:00:00-04:00,3.545051721426157
1993-09-02 00:00:00-04:00,3.26057184826244
1993-09-03 00:00:00-04:00,3.4575185775756836
1993-09-07 00:00:00-04:00,3.4575185775756836
1993-09-08 00:00:00-04:00,3.2386890226794827
1993-09-09 00:00:00-04:00,3.435635740692551
1993-09-10 00:00:00-04:00,3.2386884689331055
1993-09-13 00:00:00-04:00,3.2386884689331055
1993-09-14 00:00:00-04:00,3.4356353282928467
1993-09-15 00:00:00-04:00,3.238689397005427
1993-09-16 00:00:00-04:00,3.435636108571833
1993-09-17 00:00:00-04:00,3.304337162880381
1993-09-20 00:00:00-04:00,3.4356353282928467
1993-09-21 00:00:00-04:00,3.4356353282928467
1993-09-22 00:00:00-04:00,3.304337934730879
1993-09-23 00:00:00-04:00,3.3043367862701416
1993-09-24 00:00:00-04:00,3.4356353282928467
1993-09-27 00:00:00-04:00,3.479400634765625
1993-09-28 00:00:00-04:00,3.3043367862701416
1993-09-29 00:00:00-04:00,3.3918678799107624
1993-09-30 00:00:00-04:00,3.3043367862701416
1993-10-01 00:00:00-04:00,3.479400634765625
1993-10-04 00:00:00-04:00,3.3043367862701416
1993-10-05 00:00:00-04:00,3.3918702602386475
1993-10-06 00:00:00-04:00,3.479400986867235
1993-10-07 00:00:00-04:00,3.479400986867235
1993-10-08 00:00:00-04:00,3.3918685433249802
1993-10-11 00:00:00-04:00,3.479400634765625
1993-10-12 00:00:00-04:00,3.479400634765625
1993-10-13 00:00:00-04:00,3.3043367862701416
1993-10-14 00:00:00-04:00,3.3043364518843354
1993-10-15 00:00:00-04:00,3.4794013834303352
1993-10-18 00:00:00-04:00,3.3043381932534666
1993-10-19 00:00:00-04:00,3.282453761195505
1993-10-20 00:00:00-04:00,3.3699864616876916
1993-10-21 00:00:00-04:00,3.4356355486036856
1993-10-22 00:00:00-04:00,3.282453761195505
1993-10-25 00:00:00-04:00,3.457517611905464
1993-10-26 00:00:00-04:00,3.3225760554635757
1993-10-27 00:00:00-04:00,3.3447265624999996
1993-10-28 00:00:00-04:00,3.3225770150461504
1993-10-29 00:00:00-04:00,3.5219318881630897
1993-11-01 00:00:00-05:00,3.4554791450500484
1993-11-02 00:00:00-05:00,3.322577252984047
1993-11-03 00:00:00-05:00,3.322575330734253
1993-11-04 00:00:00-05:00,3.4554793520977625
1993-11-05 00:00:00-05:00,3.521929979324341
1993-11-08 00:00:00-05:00,3.3225760554635757
1993-11-09 00:00:00-05:00,3.3668770695364234
1993-11-10 00:00:00-05:00,3.3447265624999996
1993-11-11 00:00:00-05:00,3.433329828083515
1993-11-12 00:00:00-05:00,3.3225763000940023
1993-11-15 00:00:00-05:00,3.3225754393806937
1993-11-16 00:00:00-05:00,3.5440824031829834
1993-11-17 00:00:00-05:00,3.322575330734253
1993-11-18 00:00:00-05:00,3.322577252984047
1993-11-19 00:00:00-05:00,3.544081174410306
1993-11-22 00:00:00-05:00,3.322575330734253
1993-11-23 00:00:00-05:00,3.5440824031829834
1993-11-24 00:00:00-05:00,3.5440824031829834
1993-11-26 00:00:00-05:00,3.366877317428589
1993-11-29 00:00:00-05:00,3.322577252984047
1993-11-30 00:00:00-05:00,3.322576101009662
1993-12-01 00:00:00-05:00,3.3447275284797913
1993-12-02 00:00:00-05:00,3.544080352783203
1993-12-03 00:00:00-05:00,3.322575330734253
1993-12-06 00:00:00-05:00,3.3225770150461504
1993-12-07 00:00:00-05:00,3.5440803976619946
1993-12-08 00:00:00-05:00,3.389029026031494
1993-12-09 00:00:00-05:00,3.4333295822143555
1993-12-10 00:00:00-05:00,3.4333295822143555
1993-12-13 00:00:00-05:00,3.4333286377099843
1993-12-14 00:00:00-05:00,3.4554791450500484
1993-12-15 00:00:00-05:00,3.46655535849796
1993-12-16 00:00:00-05:00,3.477630615234375
1993-12-17 00:00:00-05:00,3.6548330783843994
1993-12-20 00:00:00-05:00,3.4776290503415193
1993-12-21 00:00:00-05:00,3.5219293342777553
1993-12-22 00:00:00-05:00,3.477630615234375
1993-12-23 00:00:00-05:00,3.477628767120172
1993-12-27 00:00:00-05:00,3.477630615234375
1993-12-28 00:00:00-05:00,3.477631092071533
1993-12-29 00:00:00-05:00,3.6326824803895588
1993-12-30 00:00:00-05:00,3.433329828083515
1993-12-31 00:00:00-05:00,3.5440824031829834
1994-01-03 00:00:00-05:00,3.4333295822143555
1994-01-04 00:00:00-05:00,3.4333300590515137
1994-01-05 00:00:00-05:00,3.3890276230298553
1994-01-06 00:00:00-05:00,3.5883814026327694
1994-01-07 00:00:00-05:00,3.3890268802642822
1994-01-10 00:00:00-05:00,3.3890275765728473
1994-01-11 00:00:00-05:00,3.4222533371274833
1994-01-12 00:00:00-05:00,3.3447265624999996
1994-01-13 00:00:00-05:00,3.3447265624999996
1994-01-14 00:00:00-05:00,3.3447265624999996
1994-01-17 00:00:00-05:00,3.3447266083497267
1994-01-18 00:00:00-05:00,3.4776296047185427
1994-01-19 00:00:00-05:00,3.3447265624999996
1994-01-20 00:00:00-05:00,3.5219306187913904
1994-01-21 00:00:00-05:00,3.366878041913432
1994-01-24 00:00:00-05:00,3.366877317428589
1994-01-25 00:00:00-05:00,3.3447259423098985
1994-01-26 00:00:00-05:00,3.3890275765728473
1994-01-27 00:00:00-05:00,3.34472656722116
1994-01-28 00:00:00-05:00,3.4776296096272987
1994-01-31 00:00:00-05:00,3.5461283487989412
1994-02-01 00:00:00-05:00,3.389021396636963
1994-02-02 00:00:00-05:00,3.366574531869043
1994-02-03 00:00:00-05:00,3.366574531869043
1994-02-04 00:00:00-05:00,3.3441304588317875
1994-02-07 00:00:00-05:00,3.5012392121918348
1994-02-08 00:00:00-05:00,3.501237907031975
1994-02-09 00:00:00-05:00,3.5012392121918348
1994-02-10 00:00:00-05:00,3.2992446422576904
1994-02-11 00:00:00-05:00,3.3104665628095873
1994-02-14 00:00:00-05:00,3.2992446422576904
1994-02-15 00:00:00-05:00,3.2992446422576904
1994-02-16 00:00:00-05:00,3.478795051574707
1994-02-17 00:00:00-05:00,3.2992446422576904
1994-02-18 00:00:00-05:00,3.3890196168926403
1994-02-22 00:00:00-05:00,3.164581577273181
1994-02-23 00:00:00-05:00,3.0748062133789062
1994-02-24 00:00:00-05:00,3.2543569411674556
1994-02-25 00:00:00-05:00,3.2543569411674556
1994-02-28 00:00:00-05:00,3.2543569411674556
1994-03-01 00:00:00-05:00,3.0748054619493157
1994-03-02 00:00:00-05:00,3.1758036708486252
1994-03-03 00:00:00-05:00,3.1421360681065464
1994-03-04 00:00:00-05:00,3.2543561644587955
1994-03-07 00:00:00-05:00,3.254356401616877
1994-03-08 00:00:00-05:00,3.0748054619493157
1994-03-09 00:00:00-05:00,3.0748062133789062
1994-03-10 00:00:00-05:00,3.0748054795231377
1994-03-11 00:00:00-05:00,3.164581577273181
1994-03-14 00:00:00-05:00,3.164580821990967
1994-03-15 00:00:00-05:00,3.16458080390404
1994-03-16 00:00:00-05:00,3.3665753425435816
1994-03-17 00:00:00-05:00,3.1421373931454943
1994-03-18 00:00:00-05:00,3.142135383298733
1994-03-21 00:00:00-05:00,3.164580821990967
1994-03-22 00:00:00-05:00,3.142137688559455
1994-03-23 00:00:00-05:00,3.276800315720694
1994-03-24 00:00:00-05:00,3.1421364496832025
1994-03-25 00:00:00-05:00,3.276800315720694
1994-03-28 00:00:00-05:00,3.2319117768170083
1994-03-29 00:00:00-05:00,3.09725022315979
1994-03-30 00:00:00-05:00,3.097249712754673
1994-03-31 00:00:00-05:00,3.09725022315979
1994-04-04 00:00:00-04:00,3.0523612949398014
1994-04-05 00:00:00-04:00,3.0748057757105145
1994-04-06 00:00:00-04:00,3.0523607518749305
1994-04-07 00:00:00-04:00,3.14213790755341
1994-04-08 00:00:00-04:00,3.1196934451987017
1994-04-11 00:00:00-04:00,3.0635838841690735
1994-04-12 00:00:00-04:00,3.0748057697282167
1994-04-13 00:00:00-04:00,3.0748058031587036
1994-04-14 00:00:00-04:00,3.0523619319929742
1994-04-15 00:00:00-04:00,3.0523619651794434
1994-04-18 00:00:00-04:00,3.074805836835911
1994-04-19 00:00:00-04:00,3.0523619651794434
1994-04-20 00:00:00-04:00,3.052361998610831
1994-04-21 00:00:00-04:00,3.0523619651794434
1994-04-22 00:00:00-04:00,3.04113994771784
1994-04-25 00:00:00-04:00,3.0855720043182373
1994-04-26 00:00:00-04:00,3.0969585210626778
1994-04-28 00:00:00-04:00,3.142503023147583
1994-04-29 00:00:00-04:00,3.1197302008187897
1994-05-02 00:00:00-04:00,3.16527327469417
1994-05-03 00:00:00-04:00,3.176659234026645
1994-05-04 00:00:00-04:00,3.199430899960654
1994-05-05 00:00:00-04:00,3.1994288961794686
1994-05-06 00:00:00-04:00,3.233588933944702
1994-05-09 00:00:00-04:00,3.233588933944702
1994-05-10 00:00:00-04:00,3.2791324400565993
1994-05-11 00:00:00-04:00,3.233588933944702
1994-05-12 00:00:00-04:00,3.2335873634365533
1994-05-13 00:00:00-04:00,3.199430984808198
1994-05-16 00:00:00-04:00,3.210816775049482
1994-05-17 00:00:00-04:00,3.2108168601989746
1994-05-18 00:00:00-04:00,3.199430899960654
1994-05-19 00:00:00-04:00,3.199431304360779
1994-05-20 00:00:00-04:00,3.24497389793396
1994-05-23 00:00:00-04:00,3.2563598596260523
1994-05-24 00:00:00-04:00,3.244973704531476
1994-05-25 00:00:00-04:00,3.244973704531476
1994-05-26 00:00:00-04:00,3.2335878318839972
1994-05-27 00:00:00-04:00,3.2335878318839972
1994-05-31 00:00:00-04:00,3.233588933944702
1994-06-01 00:00:00-04:00,3.2108147641374027
1994-06-02 00:00:00-04:00,3.24497389793396
1994-06-03 00:00:00-04:00,3.233586500053271
1994-06-06 00:00:00-04:00,3.2449739859909963
1994-06-07 00:00:00-04:00,3.2677457332611084
1994-06-08 00:00:00-04:00,3.2563596665859222
1994-06-09 00:00:00-04:00,3.2791314125061035
1994-06-10 00:00:00-04:00,3.2791317380707836
1994-06-13 00:00:00-04:00,3.301903158426285
1994-06-14 00:00:00-04:00,3.3132904767990112
1994-06-15 00:00:00-04:00,3.3246748447418213
1994-06-16 00:00:00-04:00,3.3474481105804443
1994-06-17 00:00:00-04:00,3.324675234432878
1994-06-20 00:00:00-04:00,3.3132889404163492
1994-06-21 00:00:00-04:00,3.256359577178955
1994-06-22 00:00:00-04:00,3.2791314125061035
1994-06-23 00:00:00-04:00,3.2791314125061035
1994-06-24 00:00:00-04:00,3.2791314125061035
1994-06-27 00:00:00-04:00,3.2563596665859222
1994-06-28 00:00:00-04:00,3.267745644586128
1994-06-29 00:00:00-04:00,3.233588024607876
1994-06-30 00:00:00-04:00,3.2563598596260523
1994-07-01 00:00:00-04:00,3.2563596665859222
1994-07-05 00:00:00-04:00,3.2791314125061035
1994-07-06 00:00:00-04:00,3.256359577178955
1994-07-07 00:00:00-04:00,3.2449727782404234
1994-07-08 00:00:00-04:00,3.233586500053271
1994-07-11 00:00:00-04:00,3.2108168601989746
1994-07-12 00:00:00-04:00,3.199429750442505
1994-07-13 00:00:00-04:00,3.199430984808198
1994-07-14 00:00:00-04:00,3.222200632095337
1994-07-15 00:00:00-04:00,3.222202151281792
1994-07-18 00:00:00-04:00,3.244973704531476
1994-07-19 00:00:00-04:00,3.244973704531476
1994-07-20 00:00:00-04:00,3.244974810472676
1994-07-21 00:00:00-04:00,3.233588933944702
1994-07-22 00:00:00-04:00,3.244974810472676
1994-07-25 00:00:00-04:00,3.2222030574167277
1994-07-26 00:00:00-04:00,3.233127867449142
1994-07-27 00:00:00-04:00,3.221577188951506
1994-07-28 00:00:00-04:00,3.2331249467842946
1994-07-29 00:00:00-04:00,3.2562203407287598
1994-08-01 00:00:00-04:00,3.2562203407287598
1994-08-02 00:00:00-04:00,3.2446737604481837
1994-08-03 00:00:00-04:00,3.221580982208252
1994-08-04 00:00:00-04:00,3.2446737604481837
1994-08-05 00:00:00-04:00,3.221577188951506
1994-08-08 00:00:00-04:00,3.2215799970286234
1994-08-09 00:00:00-04:00,3.2331240605964937
1994-08-10 00:00:00-04:00,3.1984872117264724
1994-08-11 00:00:00-04:00,3.2100303173065186
1994-08-12 00:00:00-04:00,3.2331277322078096
1994-08-15 00:00:00-04:00,3.1869365740165434
1994-08-16 00:00:00-04:00,3.1869365740165434
1994-08-17 00:00:00-04:00,3.2100340969673624
1994-08-18 00:00:00-04:00,3.2100331153188435
1994-08-19 00:00:00-04:00,3.2562198352476734
1994-08-22 00:00:00-04:00,3.2677675238677435
1994-08-23 00:00:00-04:00,3.2215780719743505
1994-08-24 00:00:00-04:00,3.2331249467842946
1994-08-25 00:00:00-04:00,3.2331262843709596
1994-08-26 00:00:00-04:00,3.2677667140960693
1994-08-29 00:00:00-04:00,3.2677667140960693
1994-08-30 00:00:00-04:00,3.2562186964041824
1994-08-31 00:00:00-04:00,3.2331268787384038
1994-09-01 00:00:00-04:00,3.2215799970286234
1994-09-02 00:00:00-04:00,3.221577188951506
1994-09-06 00:00:00-04:00,3.221577188951506
1994-09-07 00:00:00-04:00,3.2100340969673624
1994-09-08 00:00:00-04:00,3.2215800922269855
1994-09-09 00:00:00-04:00,3.198486328125
1994-09-12 00:00:00-04:00,3.1984872117264724
1994-09-13 00:00:00-04:00,3.221580847449925
1994-09-14 00:00:00-04:00,3.1869401931762695
1994-09-15 00:00:00-04:00,3.198486490284695
1994-09-16 00:00:00-04:00,3.1638453006744385
1994-09-19 00:00:00-04:00,3.1869396076482883
1994-09-20 00:00:00-04:00,3.152298752232231
1994-09-21 00:00:00-04:00,3.1176575114218035
1994-09-22 00:00:00-04:00,3.0945637520779385
1994-09-23 00:00:00-04:00,3.059923441121072
1994-09-26 00:00:00-04:00,3.048375633732901
1994-09-27 00:00:00-04:00,3.0368296793012908
1994-09-28 00:00:00-04:00,3.048375633732901
1994-09-29 00:00:00-04:00,3.0368287563323975
1994-09-30 00:00:00-04:00,3.0368298854468008
1994-10-03 00:00:00-04:00,3.059923648834229
1994-10-04 00:00:00-04:00,3.048375633732901
1994-10-05 00:00:00-04:00,3.0368287563323975
1994-10-06 00:00:00-04:00,3.0368287563323975
1994-10-07 00:00:00-04:00,3.0368296793012908
1994-10-10 00:00:00-04:00,3.048375633732901
1994-10-11 00:00:00-04:00,3.025281878931894
1994-10-12 00:00:00-04:00,3.0252827983914
1994-10-13 00:00:00-04:00,3.0599225111334043
1994-10-14 00:00:00-04:00,3.025282621383667
1994-10-17 00:00:00-04:00,3.0137357411493784
1994-10-18 00:00:00-04:00,3.025282621383667
1994-10-19 00:00:00-04:00,3.013735771179199
1994-10-20 00:00:00-04:00,3.013735801440019
1994-10-21 00:00:00-04:00,2.9906428192937096
1994-10-24 00:00:00-04:00,2.967547015880975
1994-10-25 00:00:00-04:00,2.9329080263773597
1994-10-26 00:00:00-04:00,2.9322571754455566
1994-10-27 00:00:00-04:00,2.9205282548578775
1994-10-28 00:00:00-04:00,2.8736120319366454
1994-10-31 00:00:00-05:00,2.920526701140689
1994-11-01 00:00:00-05:00,2.943983827728823
1994-11-02 00:00:00-05:00,2.9205257892608643
1994-11-03 00:00:00-05:00,2.9322571754455566
1994-11-04 00:00:00-05:00,2.920527823635789
1994-11-07 00:00:00-05:00,2.861882816298736
1994-11-08 00:00:00-05:00,2.8032364429774623
1994-11-09 00:00:00-05:00,2.8266944885253906
1994-11-10 00:00:00-05:00,2.8384246318066704
1994-11-11 00:00:00-05:00,2.8736105585886427
1994-11-14 00:00:00-05:00,2.8618815151261696
1994-11-15 00:00:00-05:00,2.8032371759414674
1994-11-16 00:00:00-05:00,2.8266944885253906
1994-11-17 00:00:00-05:00,2.85015365921083
1994-11-18 00:00:00-05:00,2.861881198188071
1994-11-21 00:00:00-05:00,2.88533924079617
1994-11-22 00:00:00-05:00,2.885340237130924
1994-11-23 00:00:00-05:00,2.8736102194921207
1994-11-25 00:00:00-05:00,2.885341167449951
1994-11-28 00:00:00-05:00,2.8970682621002197
1994-11-29 00:00:00-05:00,2.9087972834042692
1994-11-30 00:00:00-05:00,2.8853399311342547
1994-12-01 00:00:00-05:00,2.885341167449951
1994-12-02 00:00:00-05:00,2.8618821864225428
1994-12-05 00:00:00-05:00,2.873610537729146
1994-12-06 00:00:00-05:00,2.873610537729146
1994-12-07 00:00:00-05:00,2.8501537883630856
1994-12-08 00:00:00-05:00,2.803236065274578
1994-12-09 00:00:00-05:00,2.779777747242391
1994-12-12 00:00:00-05:00,2.8032376766204834
1994-12-13 00:00:00-05:00,2.791507982503513
1994-12-14 00:00:00-05:00,2.7797789573669434
1994-12-15 00:00:00-05:00,2.756320351881605
1994-12-16 00:00:00-05:00,2.85015365921083
1994-12-19 00:00:00-05:00,2.838423490524292
1994-12-20 00:00:00-05:00,2.8266944885253906
1994-12-21 00:00:00-05:00,2.8266944473172413
1994-12-22 00:00:00-05:00,2.8501528588033493
1994-12-23 00:00:00-05:00,2.920526701140689
1994-12-27 00:00:00-05:00,2.943985178536577
1994-12-28 00:00:00-05:00,2.955716371536255
1994-12-29 00:00:00-05:00,2.9439847469329834
1994-12-30 00:00:00-05:00,2.943986280821264
1995-01-03 00:00:00-05:00,2.990900296864547
1995-01-04 00:00:00-05:00,2.979172252383628
1995-01-05 00:00:00-05:00,2.979172252383628
1995-01-06 00:00:00-05:00,2.9791712760925293
1995-01-09 00:00:00-05:00,2.979174437977019
1995-01-10 00:00:00-05:00,2.9674432277679443
1995-01-11 00:00:00-05:00,2.9791712760925293
1995-01-12 00:00:00-05:00,2.967442792725278
1995-01-13 00:00:00-05:00,2.9322561539208936
1995-01-16 00:00:00-05:00,2.9557142031522607
1995-01-17 00:00:00-05:00,2.955716371536255
1995-01-18 00:00:00-05:00,2.943985178536577
1995-01-19 00:00:00-05:00,2.955713769829131
1995-01-20 00:00:00-05:00,2.9322571754455566
1995-01-23 00:00:00-05:00,2.920526701140689
1995-01-24 00:00:00-05:00,2.9439843473164173
1995-01-25 00:00:00-05:00,2.897068582935098
1995-01-26 00:00:00-05:00,2.8501521768840217
1995-01-27 00:00:00-05:00,2.8853396324522467
1995-01-30 00:00:00-05:00,2.955716371536255
1995-01-31 00:00:00-05:00,2.9447453022003174
1995-02-01 00:00:00-05:00,2.932824230584942
1995-02-02 00:00:00-05:00,2.8851353380195333
1995-02-03 00:00:00-05:00,2.8851351737976074
1995-02-06 00:00:00-05:00,2.8851353380195333
1995-02-07 00:00:00-05:00,2.8851362248261774
1995-02-08 00:00:00-05:00,2.873213981995817
1995-02-09 00:00:00-05:00,2.897058081431467
1995-02-10 00:00:00-05:00,2.897057219970325
1995-02-13 00:00:00-05:00,2.8970577716827393
1995-02-14 00:00:00-05:00,2.8970571191687333
1995-02-15 00:00:00-05:00,2.9328237852727277
1995-02-16 00:00:00-05:00,3.0162788839901196
1995-02-17 00:00:00-05:00,3.0520448684692383
1995-02-21 00:00:00-05:00,3.0639657974243164
1995-02-22 00:00:00-05:00,3.0639669187366962
1995-02-23 00:00:00-05:00,3.0639657974243164
1995-02-24 00:00:00-05:00,3.075887843328691
1995-02-27 00:00:00-05:00,3.0401229858398438
1995-02-28 00:00:00-05:00,3.0282007679343224
1995-03-01 00:00:00-05:00,3.040121239940013
1995-03-02 00:00:00-05:00,3.040121239940013
1995-03-03 00:00:00-05:00,3.0401229858398438
1995-03-06 00:00:00-05:00,3.0639653280964048
1995-03-07 00:00:00-05:00,3.0281991958618164
1995-03-08 00:00:00-05:00,3.0282003153925356
1995-03-09 00:00:00-05:00,3.0162771517836204
1995-03-10 00:00:00-05:00,3.0401229858398438
1995-03-13 00:00:00-05:00,3.0282003153925356
1995-03-14 00:00:00-05:00,3.0401237379936945
1995-03-15 00:00:00-05:00,3.004356218420941
1995-03-16 00:00:00-05:00,3.0043559989929203
1995-03-17 00:00:00-05:00,2.956668473840729
1995-03-20 00:00:00-05:00,2.9328243022062344
1995-03-21 00:00:00-05:00,2.9209013123157597
1995-03-22 00:00:00-05:00,2.8612921237945557
1995-03-23 00:00:00-05:00,2.861292531799572
1995-03-24 00:00:00-05:00,2.861292531799572
1995-03-27 00:00:00-05:00,2.8493700732787453
1995-03-28 00:00:00-05:00,2.861292531799572
1995-03-29 00:00:00-05:00,2.8612907794343325
1995-03-30 00:00:00-05:00,2.837446689605713
1995-03-31 00:00:00-05:00,2.837448427367909
1995-04-03 00:00:00-04:00,2.8493704795837402
1995-04-04 00:00:00-04:00,2.849369035279455
1995-04-05 00:00:00-04:00,2.8851357232396
1995-04-06 00:00:00-04:00,2.885135073410837
1995-04-07 00:00:00-04:00,2.9447449785638526
1995-04-10 00:00:00-04:00,2.968589856147766
1995-04-11 00:00:00-04:00,2.9805111119067336
1995-04-12 00:00:00-04:00,2.9924339513778686
1995-04-13 00:00:00-04:00,2.992435522495754
1995-04-17 00:00:00-04:00,3.0043575763702393
1995-04-18 00:00:00-04:00,2.9924331563543602
1995-04-19 00:00:00-04:00,2.968590555323758
1995-04-20 00:00:00-04:00,3.0162787176668644
1995-04-21 00:00:00-04:00,3.028199659711192
1995-04-24 00:00:00-04:00,3.0639657974243164
1995-04-25 00:00:00-04:00,3.0649360077721735
1995-04-26 00:00:00-04:00,3.052821551387018
1995-04-27 00:00:00-04:00,3.06493536318381
1995-04-28 00:00:00-04:00,3.077050599864885
1995-05-01 00:00:00-04:00,3.089164886623621
1995-05-02 00:00:00-04:00,3.101280007782567
1995-05-03 00:00:00-04:00,3.1497366604638004
1995-05-04 00:00:00-04:00,3.113393545150757
1995-05-05 00:00:00-04:00,3.1012784702571357
1995-05-08 00:00:00-04:00,3.077049732208252
1995-05-09 00:00:00-04:00,3.1012792587280273
1995-05-10 00:00:00-04:00,3.113393717186124
1995-05-11 00:00:00-04:00,3.089164886623621
1995-05-12 00:00:00-04:00,3.113393717186124
1995-05-15 00:00:00-04:00,3.1012792587280273
1995-05-16 00:00:00-04:00,3.1012774327004604
1995-05-17 00:00:00-04:00,3.1255061626434326
1995-05-18 00:00:00-04:00,3.137622117996216
1995-05-19 00:00:00-04:00,3.14973750790417
1995-05-22 00:00:00-04:00,3.1618510322348152
1995-05-23 00:00:00-04:00,3.1012799388383963
1995-05-24 00:00:00-04:00,3.040707482543646
1995-05-25 00:00:00-04:00,3.089164972305298
1995-05-26 00:00:00-04:00,3.1012784702571357
1995-05-30 00:00:00-04:00,3.089164886623621
1995-05-31 00:00:00-04:00,3.089164886623621
1995-06-01 00:00:00-04:00,3.113393375772307
1995-06-02 00:00:00-04:00,3.1255061626434326
1995-06-05 00:00:00-04:00,3.1497364891081703
1995-06-06 00:00:00-04:00,3.1497364891081703
1995-06-07 00:00:00-04:00,3.1255061626434326
1995-06-08 00:00:00-04:00,3.137622117996216
1995-06-09 00:00:00-04:00,3.137622117996216
1995-06-12 00:00:00-04:00,3.1618518829345703
1995-06-13 00:00:00-04:00,3.1497348925864053
1995-06-14 00:00:00-04:00,3.125507916921771
1995-06-15 00:00:00-04:00,3.1133917976719467
1995-06-16 00:00:00-04:00,3.137622288692786
1995-06-19 00:00:00-04:00,3.113393717186124
1995-06-20 00:00:00-04:00,3.101279036329669
1995-06-21 00:00:00-04:00,3.052821636199951
1995-06-22 00:00:00-04:00,3.052821551387018
1995-06-23 00:00:00-04:00,3.077050599864885
1995-06-26 00:00:00-04:00,3.0770505145192146
1995-06-27 00:00:00-04:00,3.089164972305298
1995-06-28 00:00:00-04:00,3.077049732208252
1995-06-29 00:00:00-04:00,3.0649360077721735
1995-06-30 00:00:00-04:00,3.0649360077721735
1995-07-03 00:00:00-04:00,3.0528224397940464
1995-07-05 00:00:00-04:00,3.040708065032959
1995-07-06 00:00:00-04:00,3.0528224397940464
1995-07-07 00:00:00-04:00,3.06493536318381
1995-07-10 00:00:00-04:00,3.077050599864885
1995-07-11 00:00:00-04:00,3.077051036834717
1995-07-12 00:00:00-04:00,3.016479315510784
1995-07-13 00:00:00-04:00,3.040708065032959
1995-07-14 00:00:00-04:00,3.0649360077721735
1995-07-17 00:00:00-04:00,3.0528218549840593
1995-07-18 00:00:00-04:00,3.064936814555134
1995-07-19 00:00:00-04:00,3.052822288513184
1995-07-20 00:00:00-04:00,3.0407080919511853
1995-07-21 00:00:00-04:00,2.9922500519248527
1995-07-24 00:00:00-04:00,2.9801365742917922
1995-07-25 00:00:00-04:00,2.9559078216552734
1995-07-26 00:00:00-04:00,2.9559076725210183
1995-07-27 00:00:00-04:00,2.9316767063378295
1995-07-28 00:00:00-04:00,2.9451956748962402
1995-07-31 00:00:00-04:00,2.969840677316524
1995-08-01 00:00:00-04:00,2.9821640243049425
1995-08-02 00:00:00-04:00,2.957518669351873
1995-08-03 00:00:00-04:00,2.9575188159942627
1995-08-04 00:00:00-04:00,2.9575188159942627
1995-08-07 00:00:00-04:00,3.0068096484034514
1995-08-08 00:00:00-04:00,2.982163667678833
1995-08-09 00:00:00-04:00,2.982165385465153
1995-08-10 00:00:00-04:00,3.0068113803863525
1995-08-11 00:00:00-04:00,3.0068092544049145
1995-08-14 00:00:00-04:00,2.9821632769097923
1995-08-15 00:00:00-04:00,2.9698402881622314
1995-08-16 00:00:00-04:00,2.982164806127548
1995-08-17 00:00:00-04:00,2.957518669351873
1995-08-18 00:00:00-04:00,2.9575188159942627
1995-08-21 00:00:00-04:00,2.969840677316524
1995-08-22 00:00:00-04:00,2.982163667678833
1995-08-23 00:00:00-04:00,2.95751729941467
1995-08-24 00:00:00-04:00,2.957519013204692
1995-08-25 00:00:00-04:00,2.982165004981398
1995-08-28 00:00:00-04:00,2.982163667678833
1995-08-29 00:00:00-04:00,3.0068107728035223
1995-08-30 00:00:00-04:00,3.031456470489502
1995-08-31 00:00:00-04:00,3.0437797577150407
1995-09-01 00:00:00-04:00,3.0437797577150407
1995-09-05 00:00:00-04:00,3.031456470489502
1995-09-06 00:00:00-04:00,3.0314570503234863
1995-09-07 00:00:00-04:00,3.0684256003453183
1995-09-08 00:00:00-04:00,3.0314567627445346
1995-09-11 00:00:00-04:00,3.0437800464630125
1995-09-12 00:00:00-04:00,3.0930721759796143
1995-09-13 00:00:00-04:00,3.08074749360873
1995-09-14 00:00:00-04:00,3.1053934735575996
1995-09-15 00:00:00-04:00,3.1300401101036677
1995-09-18 00:00:00-04:00,3.093072031021118
1995-09-19 00:00:00-04:00,3.080749034881592
1995-09-20 00:00:00-04:00,3.0684257476560535
1995-09-21 00:00:00-04:00,3.0314559649272135
1995-09-22 00:00:00-04:00,3.068424940109253
1995-09-25 00:00:00-04:00,3.080749034881592
1995-09-26 00:00:00-04:00,3.0930713363722258
1995-09-27 00:00:00-04:00,3.142363366449853
1995-09-28 00:00:00-04:00,3.1546871726083574
1995-09-29 00:00:00-04:00,3.216300786674702
1995-10-02 00:00:00-04:00,3.2286237781945286
1995-10-03 00:00:00-04:00,3.2286237781945286
1995-10-04 00:00:00-04:00,3.2409470393107487
1995-10-05 00:00:00-04:00,3.2039781199156785
1995-10-06 00:00:00-04:00,3.2409479205769705
1995-10-09 00:00:00-04:00,3.3025626052509653
1995-10-10 00:00:00-04:00,3.2779170018322064
1995-10-11 00:00:00-04:00,3.265594005584717
1995-10-12 00:00:00-04:00,3.2532706260681152
1995-10-13 00:00:00-04:00,3.26559240005436
1995-10-16 00:00:00-04:00,3.2779170018322064
1995-10-17 00:00:00-04:00,3.2655927527540083
1995-10-18 00:00:00-04:00,3.228624105453491
1995-10-19 00:00:00-04:00,3.228623429487707
1995-10-20 00:00:00-04:00,3.3025618199948914
1995-10-23 00:00:00-04:00,3.3641767216765364
1995-10-24 00:00:00-04:00,3.3764997133310293
1995-10-25 00:00:00-04:00,3.388823934527107
1995-10-26 00:00:00-04:00,3.3764986991882324
1995-10-27 00:00:00-04:00,3.364177942276001
1995-10-30 00:00:00-05:00,3.3526660146323275
1995-10-31 00:00:00-05:00,3.3776887108508804
1995-11-01 00:00:00-05:00,3.3401586277918383
1995-11-02 00:00:00-05:00,3.302627585316432
1995-11-03 00:00:00-05:00,3.302628961720861
1995-11-06 00:00:00-05:00,3.302627215367306
1995-11-07 00:00:00-05:00,3.277607312220584
1995-11-08 00:00:00-05:00,3.2901172637939453
1995-11-09 00:00:00-05:00,3.2901172637939453
1995-11-10 00:00:00-05:00,3.302628755569458
1995-11-13 00:00:00-05:00,3.2901184279963656
1995-11-14 00:00:00-05:00,3.3151389199091974
1995-11-15 00:00:00-05:00,3.3276477458292266
1995-11-16 00:00:00-05:00,3.3901978863610163
1995-11-17 00:00:00-05:00,3.3776869969581487
1995-11-20 00:00:00-05:00,3.3526670932769775
1995-11-21 00:00:00-05:00,3.3776859102639123
1995-11-22 00:00:00-05:00,3.36517596244812
1995-11-24 00:00:00-05:00,3.365177607624293
1995-11-27 00:00:00-05:00,3.3901969487987347
1995-11-28 00:00:00-05:00,3.3526669834436995
1995-11-29 00:00:00-05:00,3.327648295996324
1995-11-30 00:00:00-05:00,3.3151389199091974
1995-12-01 00:00:00-05:00,3.3276470805821794
1995-12-04 00:00:00-05:00,3.327647189595806
1995-12-05 00:00:00-05:00,3.365177607624293
1995-12-06 00:00:00-05:00,3.4027063846588135
1995-12-07 00:00:00-05:00,3.4152174233510486
1995-12-08 00:00:00-05:00,3.377687561555982
1995-12-11 00:00:00-05:00,3.3776864847716164
1995-12-12 00:00:00-05:00,3.4027058058954966
1995-12-13 00:00:00-05:00,3.390196434715215
1995-12-14 00:00:00-05:00,3.4152180862426755
1995-12-15 00:00:00-05:00,3.4527482252854567
1995-12-18 00:00:00-05:00,3.4152180862426755
1995-12-19 00:00:00-05:00,3.465258328290823
1995-12-20 00:00:00-05:00,3.4777682861546886
1995-12-21 00:00:00-05:00,3.5027882018824203
1995-12-22 00:00:00-05:00,3.502788273155266
1995-12-26 00:00:00-05:00,3.5152954043244287
1995-12-27 00:00:00-05:00,3.490276725395866
1995-12-28 00:00:00-05:00,3.4652581826234474
1995-12-29 00:00:00-05:00,3.4027072091139
1996-01-02 00:00:00-05:00,3.265097360647223
1996-01-03 00:00:00-05:00,3.277609045344188
1996-01-04 00:00:00-05:00,3.3276470805821794
1996-01-05 00:00:00-05:00,3.3401560668165353
1996-01-08 00:00:00-05:00,3.3526680204603405
1996-01-09 00:00:00-05:00,3.390197515487671
1996-01-10 00:00:00-05:00,3.377687931060791
1996-01-11 00:00:00-05:00,3.3901978863610163
1996-01-12 00:00:00-05:00,3.377688481257512
1996-01-15 00:00:00-05:00,3.427728310609475
1996-01-16 00:00:00-05:00,3.4152180862426755
1996-01-17 00:00:00-05:00,3.4527481051950693
1996-01-18 00:00:00-05:00,3.5152978897094727
1996-01-19 00:00:00-05:00,3.5403178035152343
1996-01-22 00:00:00-05:00,3.5278068667165807
1996-01-23 00:00:00-05:00,3.52780818939209
1996-01-24 00:00:00-05:00,3.540315300440617
1996-01-25 00:00:00-05:00,3.4902782440185542
1996-01-26 00:00:00-05:00,3.5027871131896973
1996-01-29 00:00:00-05:00,3.4902754728223235
1996-01-30 00:00:00-05:00,3.5403165401897363
1996-01-31 00:00:00-05:00,3.577848500446465
1996-02-01 00:00:00-05:00,3.579330176221094
1996-02-02 00:00:00-05:00,3.5539448558223627
1996-02-05 00:00:00-05:00,3.56663778318581
1996-02-06 00:00:00-05:00,3.592020549404789
1996-02-07 00:00:00-05:00,3.604714599178031
1996-02-08 00:00:00-05:00,3.60471522467477
1996-02-09 00:00:00-05:00,3.5539445877075195
1996-02-12 00:00:00-05:00,3.5285592692238947
1996-02-13 00:00:00-05:00,3.5666366280599537
1996-02-14 00:00:00-05:00,3.6047142573765347
1996-02-15 00:00:00-05:00,3.655486583709717
1996-02-16 00:00:00-05:00,3.6554841080757035
1996-02-20 00:00:00-05:00,3.731642246246338
1996-02-21 00:00:00-05:00,3.7443338098750774
1996-02-22 00:00:00-05:00,3.769719808488279
1996-02-23 00:00:00-05:00,3.7443349069478558
1996-02-26 00:00:00-05:00,3.7443346977233887
1996-02-27 00:00:00-05:00,3.7443334715706964
1996-02-28 00:00:00-05:00,3.655486498380962
1996-02-29 00:00:00-05:00,3.6301017337375217
1996-03-01 00:00:00-05:00,3.541251928465707
1996-03-04 00:00:00-05:00,3.5539445877075195
1996-03-05 00:00:00-05:00,3.541252195622997
1996-03-06 00:00:00-05:00,3.5793276673598258
1996-03-07 00:00:00-05:00,3.5412497134517427
1996-03-08 00:00:00-05:00,3.5412508404773213
1996-03-11 00:00:00-05:00,3.4904820360106865
1996-03-12 00:00:00-05:00,3.477789192199707
1996-03-13 00:00:00-05:00,3.490480219108471
1996-03-14 00:00:00-05:00,3.4904806283268615
1996-03-15 00:00:00-05:00,3.46509453040712
1996-03-18 00:00:00-05:00,3.439710586159318
1996-03-19 00:00:00-05:00,3.4270159817096473
1996-03-20 00:00:00-05:00,3.427016904105001
1996-03-21 00:00:00-05:00,3.3889399502012467
1996-03-22 00:00:00-05:00,3.41432482554024
1996-03-25 00:00:00-05:00,3.465095454916303
1996-03-26 00:00:00-05:00,3.4650953146663026
1996-03-27 00:00:00-05:00,3.4904818534851074
1996-03-28 00:00:00-05:00,3.503172908879359
1996-03-29 00:00:00-05:00,3.515866609982082
1996-04-01 00:00:00-05:00,3.5666384167141385
1996-04-02 00:00:00-05:00,3.528557062149048
1996-04-03 00:00:00-05:00,3.5285592692238947
1996-04-04 00:00:00-05:00,3.541253089904785
1996-04-08 00:00:00-04:00,3.515867176055908
1996-04-09 00:00:00-04:00,3.5031739507402695
1996-04-10 00:00:00-04:00,3.553943495819534
1996-04-11 00:00:00-04:00,3.5031739507402695
1996-04-12 00:00:00-04:00,3.553943530747176
1996-04-15 00:00:00-04:00,3.515865529792896
1996-04-16 00:00:00-04:00,3.4904818534851074
1996-04-17 00:00:00-04:00,3.4777893740615564
1996-04-18 00:00:00-04:00,3.452401876449585
1996-04-19 00:00:00-04:00,3.477787971496582
1996-04-22 00:00:00-04:00,3.490480253412405
1996-04-23 00:00:00-04:00,3.503171759543659
1996-04-24 00:00:00-04:00,3.528557062149048
1996-04-25 00:00:00-04:00,3.541250875280222
1996-04-26 00:00:00-04:00,3.5285595354236317
1996-04-29 00:00:00-04:00,3.568697929382324
1996-04-30 00:00:00-04:00,3.568699899967426
1996-05-01 00:00:00-04:00,3.581583293108103
1996-05-02 00:00:00-04:00,3.581581904206957
1996-05-03 00:00:00-04:00,3.5944666862487793
1996-05-06 00:00:00-04:00,3.620232068640845
1996-05-07 00:00:00-04:00,3.620232068640845
1996-05-08 00:00:00-04:00,3.5944633046500116
1996-05-09 00:00:00-04:00,3.581583293108103
1996-05-10 00:00:00-04:00,3.5944666862487793
1996-05-13 00:00:00-04:00,3.5944633046500116
1996-05-14 00:00:00-04:00,3.581583293108103
1996-05-15 00:00:00-04:00,3.5686974119449006
1996-05-16 00:00:00-04:00,3.568697929382324
1996-05-17 00:00:00-04:00,3.555814426310741
1996-05-20 00:00:00-04:00,3.5429297805690076
1996-05-21 00:00:00-04:00,3.5944652923515865
1996-05-22 00:00:00-04:00,3.6331150910879613
1996-05-23 00:00:00-04:00,3.645998477935791
1996-05-24 00:00:00-04:00,3.645998477935791
1996-05-28 00:00:00-04:00,3.633114739926192
1996-05-29 00:00:00-04:00,3.53004864432595
1996-05-30 00:00:00-04:00,3.530047655105591
1996-05-31 00:00:00-04:00,3.5300472594689634
1996-06-03 00:00:00-04:00,3.568697811913316
1996-06-04 00:00:00-04:00,3.5558154227516865
1996-06-05 00:00:00-04:00,3.5300488122653615
1996-06-06 00:00:00-04:00,3.517165255113081
1996-06-07 00:00:00-04:00,3.5558131615892585
1996-06-10 00:00:00-04:00,3.5686989817427195
1996-06-11 00:00:00-04:00,3.530047980061284
1996-06-12 00:00:00-04:00,3.4785147082761645
1996-06-13 00:00:00-04:00,3.4785144329071045
1996-06-14 00:00:00-04:00,3.5042803287506104
1996-06-17 00:00:00-04:00,3.5042808839004405
1996-06-18 00:00:00-04:00,3.5300488122653615
1996-06-19 00:00:00-04:00,3.53004864432595
1996-06-20 00:00:00-04:00,3.5300472594689634
1996-06-21 00:00:00-04:00,3.5815799236297607
1996-06-24 00:00:00-04:00,3.5944652923515865
1996-06-25 00:00:00-04:00,3.5944633046500116
1996-06-26 00:00:00-04:00,3.5815799236297607
1996-06-27 00:00:00-04:00,3.56869654260951
1996-06-28 00:00:00-04:00,3.581581904206957
1996-07-01 00:00:00-04:00,3.5944652923515865
1996-07-02 00:00:00-04:00,3.607348680496216
1996-07-03 00:00:00-04:00,3.5944633046500116
1996-07-05 00:00:00-04:00,3.5944652923515865
1996-07-08 00:00:00-04:00,3.620232068640845
1996-07-09 00:00:00-04:00,3.620232105255127
1996-07-10 00:00:00-04:00,3.6073466856702625
1996-07-11 00:00:00-04:00,3.5944633046500116
1996-07-12 00:00:00-04:00,3.5944647014356264
1996-07-15 00:00:00-04:00,3.5686974119449006
1996-07-16 00:00:00-04:00,3.5558138629969425
1996-07-17 00:00:00-04:00,3.478513155410539
1996-07-18 00:00:00-04:00,3.465632063487791
1996-07-19 00:00:00-04:00,3.4269819259643555
1996-07-22 00:00:00-04:00,3.401214838027954
1996-07-23 00:00:00-04:00,3.4140982275659386
1996-07-24 00:00:00-04:00,3.3883304595947266
1996-07-25 00:00:00-04:00,3.3883303413024315
1996-07-26 00:00:00-04:00,3.362563688038873
1996-07-29 00:00:00-04:00,3.401213845372653
1996-07-30 00:00:00-04:00,3.4035164551716655
1996-07-31 00:00:00-04:00,3.4296963214874268
1996-08-01 00:00:00-04:00,3.442786859743523
1996-08-02 00:00:00-04:00,3.468966991154115
1996-08-05 00:00:00-04:00,3.5344191985343816
1996-08-06 00:00:00-04:00,3.5213287570583285
1996-08-07 00:00:00-04:00,3.5344212965531785
1996-08-08 00:00:00-04:00,3.612963376726423
1996-08-09 00:00:00-04:00,3.678415242412634
1996-08-12 00:00:00-04:00,3.7307770252227783
1996-08-13 00:00:00-04:00,3.7307782222827277
1996-08-14 00:00:00-04:00,3.78313946723938
1996-08-15 00:00:00-04:00,3.7831400218937135
1996-08-16 00:00:00-04:00,3.7962307143457155
1996-08-19 00:00:00-04:00,3.8485919661441095
1996-08-20 00:00:00-04:00,3.874772071838379
1996-08-21 00:00:00-04:00,3.874772071838379
1996-08-22 00:00:00-04:00,3.874772071838379
1996-08-23 00:00:00-04:00,3.8747700300792722
1996-08-26 00:00:00-04:00,3.88786244392395
1996-08-27 00:00:00-04:00,3.9009528898630883
1996-08-28 00:00:00-04:00,3.900954320258701
1996-08-29 00:00:00-04:00,3.8093207655281858
1996-08-30 00:00:00-04:00,3.809318654187076
1996-09-03 00:00:00-04:00,3.7569565773010254
1996-09-04 00:00:00-04:00,3.7438661362651335
1996-09-05 00:00:00-04:00,3.756956885744642
1996-09-06 00:00:00-04:00,3.743868672185474
1996-09-09 00:00:00-04:00,3.7962282683751356
1996-09-10 00:00:00-04:00,3.8093187106798774
1996-09-11 00:00:00-04:00,3.8354995952893614
1996-09-12 00:00:00-04:00,3.8355015172796736
1996-09-13 00:00:00-04:00,3.874772071838379
1996-09-16 00:00:00-04:00,3.9009528898630883
1996-09-17 00:00:00-04:00,3.9009529642156653
1996-09-18 00:00:00-04:00,3.8485911061065368
1996-09-19 00:00:00-04:00,3.874772863872981
1996-09-20 00:00:00-04:00,3.8616824150085454
1996-09-23 00:00:00-04:00,3.8485919661441095
1996-09-24 00:00:00-04:00,3.8616800268754266
1996-09-25 00:00:00-04:00,3.9533139943289677
1996-09-26 00:00:00-04:00,3.95331479682297
1996-09-27 00:00:00-04:00,3.9794936180114746
1996-09-30 00:00:00-04:00,3.9794956895171616
1996-10-01 00:00:00-04:00,3.992586135864258
1996-10-02 00:00:00-04:00,4.005675008320265
1996-10-03 00:00:00-04:00,4.005675650262213
1996-10-04 00:00:00-04:00,4.031855890727587
1996-10-07 00:00:00-04:00,4.018767028558449
1996-10-08 00:00:00-04:00,3.992584057544407
1996-10-09 00:00:00-04:00,3.966403178478542
1996-10-10 00:00:00-04:00,3.953313112258911
1996-10-11 00:00:00-04:00,3.953314616434598
1996-10-14 00:00:00-04:00,3.940223358945304
1996-10-15 00:00:00-04:00,3.9140424728393555
1996-10-16 00:00:00-04:00,3.9009540907541913
1996-10-17 00:00:00-04:00,3.9140417899517033
1996-10-18 00:00:00-04:00,3.9402242276805017
1996-10-21 00:00:00-04:00,3.874771143680432
1996-10-22 00:00:00-04:00,3.9271317872425056
1996-10-23 00:00:00-04:00,3.88786244392395
1996-10-24 00:00:00-04:00,3.8878604693700805
1996-10-25 00:00:00-04:00,3.8878615867334063
1996-10-28 00:00:00-05:00,3.9402254406611124
1996-10-29 00:00:00-05:00,3.927133106949306
1996-10-30 00:00:00-05:00,3.9552573506037394
1996-10-31 00:00:00-05:00,3.968529462814331
1996-11-01 00:00:00-05:00,3.9552552700042725
1996-11-04 00:00:00-05:00,3.9818027019500732
1996-11-05 00:00:00-05:00,3.981800669247342
1996-11-06 00:00:00-05:00,3.8358023166656494
1996-11-07 00:00:00-05:00,3.822528786494814
1996-11-08 00:00:00-05:00,3.8490746584203506
1996-11-11 00:00:00-05:00,3.8490741252899165
1996-11-12 00:00:00-05:00,3.8358013113749396
1996-11-13 00:00:00-05:00,3.862346649169922
1996-11-14 00:00:00-05:00,3.875618316207729
1996-11-15 00:00:00-05:00,3.9021660938709477
1996-11-18 00:00:00-05:00,3.995074158027524
1996-11-19 00:00:00-05:00,4.048164077224483
1996-11-20 00:00:00-05:00,4.04816416950969
1996-11-21 00:00:00-05:00,4.074708275641164
1996-11-22 00:00:00-05:00,4.1145276097418035
1996-11-25 00:00:00-05:00,4.101255305658896
1996-11-26 00:00:00-05:00,4.167619438416705
1996-11-27 00:00:00-05:00,4.141074091675198
1996-11-29 00:00:00-05:00,4.141073318335195
1996-12-02 00:00:00-05:00,4.154345989227295
1996-12-03 00:00:00-05:00,4.180891960859299
1996-12-04 00:00:00-05:00,4.247253701413748
1996-12-05 00:00:00-05:00,4.30034601688385
1996-12-06 00:00:00-05:00,4.2472545732083
1996-12-09 00:00:00-05:00,4.194165141998775
1996-12-10 00:00:00-05:00,4.154346375893324
1996-12-11 00:00:00-05:00,4.141073318335195
1996-12-12 00:00:00-05:00,4.141073703765869
1996-12-13 00:00:00-05:00,4.141074091675198
1996-12-16 00:00:00-05:00,4.127800647443095
1996-12-17 00:00:00-05:00,4.127801769498794
1996-12-18 00:00:00-05:00,4.154346908413389
1996-12-19 00:00:00-05:00,4.1941642523554625
1996-12-20 00:00:00-05:00,4.287072738919939
1996-12-23 00:00:00-05:00,4.565797136540998
1996-12-24 00:00:00-05:00,4.5259810640125675
1996-12-26 00:00:00-05:00,4.4728897925346125
1996-12-27 00:00:00-05:00,4.499434372426469
1996-12-30 00:00:00-05:00,4.539252090454101
1996-12-31 00:00:00-05:00,4.486162957691011
1997-01-02 00:00:00-05:00,4.4330723860177645
1997-01-03 00:00:00-05:00,4.406527042388916
1997-01-06 00:00:00-05:00,4.379979701129937
1997-01-07 00:00:00-05:00,4.340163230895996
1997-01-08 00:00:00-05:00,4.313618689775467
1997-01-09 00:00:00-05:00,4.233983091207651
1997-01-10 00:00:00-05:00,4.300345490195534
1997-01-13 00:00:00-05:00,4.3799816987600675
1997-01-14 00:00:00-05:00,4.379981334616498
1997-01-15 00:00:00-05:00,4.37998124218862
1997-01-16 00:00:00-05:00,4.340162376132174
1997-01-17 00:00:00-05:00,4.260526369230666
1997-01-20 00:00:00-05:00,4.260527476397428
1997-01-21 00:00:00-05:00,4.3534353204364145
1997-01-22 00:00:00-05:00,4.379982452172076
1997-01-23 00:00:00-05:00,4.618888477946437
1997-01-24 00:00:00-05:00,4.539252862422424
1997-01-27 00:00:00-05:00,4.459617820945946
1997-01-28 00:00:00-05:00,4.433071508915467
1997-01-29 00:00:00-05:00,4.512708392270595
1997-01-30 00:00:00-05:00,4.4893431051453545
1997-01-31 00:00:00-05:00,4.5296649368557
1997-02-03 00:00:00-05:00,4.569988363593287
1997-02-04 00:00:00-05:00,4.556546633383807
1997-02-05 00:00:00-05:00,4.569988363593287
1997-02-06 00:00:00-05:00,4.543107329225959
1997-02-07 00:00:00-05:00,4.583430767059326
1997-02-10 00:00:00-05:00,4.516226768493652
1997-02-11 00:00:00-05:00,4.502783415911791
1997-02-12 00:00:00-05:00,4.502785617396945
1997-02-13 00:00:00-05:00,4.516225399188142
1997-02-14 00:00:00-05:00,4.529665470123291
1997-02-18 00:00:00-05:00,4.50278207133798
1997-02-19 00:00:00-05:00,4.596869468688965
1997-02-20 00:00:00-05:00,4.623754204892693
1997-02-21 00:00:00-05:00,4.583428329891628
1997-02-24 00:00:00-05:00,4.623753359184152
1997-02-25 00:00:00-05:00,4.529664683484746
1997-02-26 00:00:00-05:00,4.502783415911791
1997-02-27 00:00:00-05:00,4.475903315203531
1997-02-28 00:00:00-05:00,4.516226768493652
1997-03-03 00:00:00-05:00,4.556546052296956
1997-03-04 00:00:00-05:00,4.610312461853027
1997-03-05 00:00:00-05:00,4.596870648085013
1997-03-06 00:00:00-05:00,4.516223541990725
1997-03-07 00:00:00-05:00,4.502783067810149
1997-03-10 00:00:00-05:00,4.583429831146852
1997-03-11 00:00:00-05:00,4.7312828940169815
1997-03-12 00:00:00-05:00,4.785046354929606
1997-03-13 00:00:00-05:00,4.8522514756871855
1997-03-14 00:00:00-05:00,4.838810400529341
1997-03-17 00:00:00-05:00,4.7312827596859055
1997-03-18 00:00:00-05:00,4.596870390954845
1997-03-19 00:00:00-05:00,4.475901126861572
1997-03-20 00:00:00-05:00,4.462460811102568
1997-03-21 00:00:00-05:00,4.516226768493652
1997-03-24 00:00:00-05:00,4.529666546209535
1997-03-25 00:00:00-05:00,4.502783052150576
1997-03-26 00:00:00-05:00,4.462459855852506
1997-03-27 00:00:00-05:00,4.395254371336001
1997-03-31 00:00:00-05:00,4.368371764818827
1997-04-01 00:00:00-05:00,4.2339599017544955
1997-04-02 00:00:00-05:00,4.193637735703412
1997-04-03 00:00:00-05:00,4.1264328956604
1997-04-04 00:00:00-05:00,4.139874045157666
1997-04-07 00:00:00-04:00,4.1398710664422
1997-04-08 00:00:00-04:00,4.153311522243122
1997-04-09 00:00:00-04:00,4.220517905398865
1997-04-10 00:00:00-04:00,4.180194485920532
1997-04-11 00:00:00-04:00,4.1667533460944215
1997-04-14 00:00:00-04:00,4.139872074127197
1997-04-15 00:00:00-04:00,4.153314295937033
1997-04-16 00:00:00-04:00,4.099550017486775
1997-04-17 00:00:00-04:00,4.05922354836213
1997-04-18 00:00:00-04:00,4.086106921780495
1997-04-21 00:00:00-04:00,4.193636894226074
1997-04-22 00:00:00-04:00,4.207078343205407
1997-04-23 00:00:00-04:00,4.328047889034923
1997-04-24 00:00:00-04:00,4.435576693026605
1997-04-25 00:00:00-04:00,4.475901599503682
1997-04-28 00:00:00-04:00,4.6909578605131665
1997-04-29 00:00:00-04:00,4.693514800280246
1997-04-30 00:00:00-04:00,4.639099387075171
1997-05-01 00:00:00-04:00,4.734331130981445
1997-05-02 00:00:00-04:00,4.72072489341993
1997-05-05 00:00:00-04:00,4.870374947217894
1997-05-06 00:00:00-04:00,4.979208389025056
1997-05-07 00:00:00-04:00,4.788747992031817
1997-05-08 00:00:00-04:00,4.67991281039473
1997-05-09 00:00:00-04:00,4.720725074538529
1997-05-12 00:00:00-04:00,4.747933864593506
1997-05-13 00:00:00-04:00,4.747934596105055
1997-05-14 00:00:00-04:00,4.802351963687951
1997-05-15 00:00:00-04:00,4.81595636018565
1997-05-16 00:00:00-04:00,4.843164443969727
1997-05-19 00:00:00-04:00,4.856771944625132
1997-05-20 00:00:00-04:00,4.856771232029579
1997-05-21 00:00:00-04:00,4.883977904544312
1997-05-22 00:00:00-04:00,4.883977627486325
1997-05-23 00:00:00-04:00,4.870376347831365
1997-05-27 00:00:00-04:00,4.883980751037598
1997-05-28 00:00:00-04:00,4.883979333662133
1997-05-29 00:00:00-04:00,4.911189317703247
1997-05-30 00:00:00-04:00,4.924792065032541
1997-06-02 00:00:00-04:00,4.979209907676863
1997-06-03 00:00:00-04:00,4.99281407307157
1997-06-04 00:00:00-04:00,5.006418940156942
1997-06-05 00:00:00-04:00,4.992812683371373
1997-06-06 00:00:00-04:00,5.088044895101289
1997-06-09 00:00:00-04:00,5.128856429347286
1997-06-10 00:00:00-04:00,5.115251064300537
1997-06-11 00:00:00-04:00,5.142461019930187
1997-06-12 00:00:00-04:00,5.088043459574381
1997-06-13 00:00:00-04:00,5.101646673172079
1997-06-16 00:00:00-04:00,5.115251064300537
1997-06-17 00:00:00-04:00,5.088043689727783
1997-06-18 00:00:00-04:00,5.088043689727783
1997-06-19 00:00:00-04:00,5.088044895101289
1997-06-20 00:00:00-04:00,5.033627033233643
1997-06-23 00:00:00-04:00,5.033627033233643
1997-06-24 00:00:00-04:00,5.060835796398121
1997-06-25 00:00:00-04:00,4.93839693069458
1997-06-26 00:00:00-04:00,4.93839693069458
1997-06-27 00:00:00-04:00,4.95200179604923
1997-06-30 00:00:00-04:00,4.843167304992676
1997-07-01 00:00:00-04:00,4.8159558397309485
1997-07-02 00:00:00-04:00,4.7479355362483435
1997-07-03 00:00:00-04:00,4.768340601819626
1997-07-07 00:00:00-04:00,4.802352787918889
1997-07-08 00:00:00-04:00,4.795549986037341
1997-07-09 00:00:00-04:00,4.76153643444331
1997-07-10 00:00:00-04:00,4.720726003508637
1997-07-11 00:00:00-04:00,4.707119191005695
1997-07-14 00:00:00-04:00,4.693516743629742
1997-07-15 00:00:00-04:00,4.679912953506013
1997-07-16 00:00:00-04:00,4.788747787475586
1997-07-17 00:00:00-04:00,4.897584915161133
1997-07-18 00:00:00-04:00,4.843164161399558
1997-07-21 00:00:00-04:00,4.775139665398986
1997-07-22 00:00:00-04:00,4.754736489214856
1997-07-23 00:00:00-04:00,4.652702744756231
1997-07-24 00:00:00-04:00,4.720723696520729
1997-07-25 00:00:00-04:00,4.645901189812505
1997-07-28 00:00:00-04:00,4.62549352645874
1997-07-29 00:00:00-04:00,4.625492734506488
1997-07-30 00:00:00-04:00,4.676196098327637
1997-07-31 00:00:00-04:00,4.662421557792397
1997-08-01 00:00:00-04:00,4.793272277788805
1997-08-04 00:00:00-04:00,4.862142328443474
1997-08-05 00:00:00-04:00,4.910350022883957
1997-08-06 00:00:00-04:00,4.972327846722462
1997-08-07 00:00:00-04:00,5.096294102461441
1997-08-08 00:00:00-04:00,5.061860528552098
1997-08-11 00:00:00-04:00,5.089406991232629
1997-08-12 00:00:00-04:00,5.027424963445611
1997-08-13 00:00:00-04:00,5.034313167613429
1997-08-14 00:00:00-04:00,5.0894109361311966
1997-08-15 00:00:00-04:00,5.123839832487561
1997-08-18 00:00:00-04:00,5.220258828554078
1997-08-19 00:00:00-04:00,5.302904216060295
1997-08-20 00:00:00-04:00,5.385541761838473
1997-08-21 00:00:00-04:00,5.3304463325768365
1997-08-22 00:00:00-04:00,5.268468016072323
1997-08-25 00:00:00-04:00,5.20648567378521
1997-08-26 00:00:00-04:00,5.2615782189245675
1997-08-27 00:00:00-04:00,5.289125748866581
1997-08-28 00:00:00-04:00,5.316677043180038
1997-08-29 00:00:00-04:00,5.247803073687695
1997-09-02 00:00:00-04:00,5.082521109967619
1997-09-03 00:00:00-04:00,5.0894060134887695
1997-09-04 00:00:00-04:00,5.07563413995685
1997-09-05 00:00:00-04:00,4.9861059488904464
1997-09-08 00:00:00-04:00,5.034313422132903
1997-09-09 00:00:00-04:00,5.068747413624958
1997-09-10 00:00:00-04:00,5.1169548517862955
1997-09-11 00:00:00-04:00,5.14450183761454
1997-09-12 00:00:00-04:00,5.192710201153581
1997-09-15 00:00:00-04:00,5.261580760280291
1997-09-16 00:00:00-04:00,5.289123994067199
1997-09-17 00:00:00-04:00,5.50950915923577
1997-09-18 00:00:00-04:00,5.502621132316011
1997-09-19 00:00:00-04:00,5.413092062883316
1997-09-22 00:00:00-04:00,5.454412937164307
1997-09-23 00:00:00-04:00,5.461295999082408
1997-09-24 00:00:00-04:00,5.495736384841631
1997-09-25 00:00:00-04:00,5.488845633751398
1997-09-26 00:00:00-04:00,5.509507952637933
1997-09-29 00:00:00-04:00,5.509508280385462
1997-09-30 00:00:00-04:00,5.509506977915613
1997-10-01 00:00:00-04:00,5.447526052142634
1997-10-02 00:00:00-04:00,5.440639605188066
1997-10-03 00:00:00-04:00,5.45441121948696
1997-10-06 00:00:00-04:00,5.564602198859154
1997-10-07 00:00:00-04:00,5.578376984596252
1997-10-08 00:00:00-04:00,5.454411908136457
1997-10-09 00:00:00-04:00,5.461300336070947
1997-10-10 00:00:00-04:00,5.43375228209929
1997-10-13 00:00:00-04:00,5.454415058639815
1997-10-14 00:00:00-04:00,5.468189291542557
1997-10-15 00:00:00-04:00,5.3579990791185255
1997-10-16 00:00:00-04:00,5.406204915815784
1997-10-17 00:00:00-04:00,5.309789449173883
1997-10-20 00:00:00-04:00,5.19270918409915
1997-10-21 00:00:00-04:00,5.2684651014100705
1997-10-22 00:00:00-04:00,5.344222545623779
1997-10-23 00:00:00-04:00,5.357996284504376
1997-10-24 00:00:00-04:00,5.385544199943542
1997-10-27 00:00:00-05:00,5.5301697374416605
1997-10-28 00:00:00-05:00,5.571492458987177
1997-10-29 00:00:00-05:00,5.53306640079706
1997-10-30 00:00:00-05:00,5.602667489450671
1997-10-31 00:00:00-05:00,5.567866706607622
1997-11-03 00:00:00-05:00,5.49826867413369
1997-11-04 00:00:00-05:00,5.477386837739211
1997-11-05 00:00:00-05:00,5.4286715173229725
1997-11-06 00:00:00-05:00,5.4147520854895665
1997-11-07 00:00:00-05:00,5.352113644282023
1997-11-10 00:00:00-05:00,5.345154129831415
1997-11-11 00:00:00-05:00,5.296435277085555
1997-11-12 00:00:00-05:00,5.289474563093375
1997-11-13 00:00:00-05:00,5.240754127502441
1997-11-14 00:00:00-05:00,5.254675865799933
1997-11-17 00:00:00-05:00,5.303395495911823
1997-11-18 00:00:00-05:00,5.484346700931991
1997-11-19 00:00:00-05:00,5.616586616394863
1997-11-20 00:00:00-05:00,5.762742539814541
1997-11-21 00:00:00-05:00,5.874095534351298
1997-11-24 00:00:00-05:00,5.7279447714487715
1997-11-25 00:00:00-05:00,5.957619349161784
1997-11-26 00:00:00-05:00,5.915858745574951
1997-11-28 00:00:00-05:00,5.922822382962592
1997-12-01 00:00:00-05:00,5.985460259498806
1997-12-02 00:00:00-05:00,6.082894314695171
1997-12-03 00:00:00-05:00,6.312569415774838
1997-12-04 00:00:00-05:00,6.451766095284758
1997-12-05 00:00:00-05:00,6.4308857604076985
1997-12-08 00:00:00-05:00,6.326493048667908
1997-12-09 00:00:00-05:00,6.249934164792265
1997-12-10 00:00:00-05:00,6.055057696492108
1997-12-11 00:00:00-05:00,5.971541250977561
1997-12-12 00:00:00-05:00,5.971541250977561
1997-12-15 00:00:00-05:00,5.957618397710484
1997-12-16 00:00:00-05:00,5.957619986433614
1997-12-17 00:00:00-05:00,5.943699756795508
1997-12-18 00:00:00-05:00,5.971540660792609
1997-12-19 00:00:00-05:00,6.048096143566402
1997-12-22 00:00:00-05:00,6.319530482803072
1997-12-23 00:00:00-05:00,6.236011760556737
1997-12-24 00:00:00-05:00,6.3543279372689
1997-12-26 00:00:00-05:00,6.430886898870053
1997-12-29 00:00:00-05:00,6.410006210579258
1997-12-30 00:00:00-05:00,6.444807690762459
1997-12-31 00:00:00-05:00,6.556164980691577
1998-01-02 00:00:00-05:00,6.5700812339782715
1998-01-05 00:00:00-05:00,6.570084399387468
1998-01-06 00:00:00-05:00,6.36824726274139
1998-01-07 00:00:00-05:00,6.319530646355598
1998-01-08 00:00:00-05:00,6.3264922214023915
1998-01-09 00:00:00-05:00,6.354328419627814
1998-01-12 00:00:00-05:00,6.444808952798148
1998-01-13 00:00:00-05:00,6.486568482229955
1998-01-14 00:00:00-05:00,6.319530327062207
1998-01-15 00:00:00-05:00,6.277771152207474
1998-01-16 00:00:00-05:00,6.222090803178329
1998-01-20 00:00:00-05:00,6.201212967424456
1998-01-21 00:00:00-05:00,6.236013016449214
1998-01-22 00:00:00-05:00,6.187295823555932
1998-01-23 00:00:00-05:00,6.222093344537497
1998-01-26 00:00:00-05:00,6.138574452601987
1998-01-27 00:00:00-05:00,6.236015150282118
1998-01-28 00:00:00-05:00,6.319528821658887
1998-01-29 00:00:00-05:00,6.639681969692832
1998-01-30 00:00:00-05:00,6.656672740593934
1998-02-02 00:00:00-05:00,6.586451726931113
1998-02-03 00:00:00-05:00,6.066837424662576
1998-02-04 00:00:00-05:00,5.63148717947726
1998-02-05 00:00:00-05:00,5.898316383361816
1998-02-06 00:00:00-05:00,5.94044522086591
1998-02-09 00:00:00-05:00,5.898313029059048
1998-02-10 00:00:00-05:00,5.757880278996058
1998-02-11 00:00:00-05:00,5.9544894077159745
1998-02-12 00:00:00-05:00,6.0949261315101015
1998-02-13 00:00:00-05:00,6.488145147642189
1998-02-17 00:00:00-05:00,6.516232219845967
1998-02-18 00:00:00-05:00,6.460059875958817
1998-02-19 00:00:00-05:00,6.403886681360914
1998-02-20 00:00:00-05:00,6.361752644965524
1998-02-23 00:00:00-05:00,6.403888429914201
1998-02-24 00:00:00-05:00,6.628579124571785
1998-02-25 00:00:00-05:00,7.134152560115544
1998-02-26 00:00:00-05:00,7.372891833210549
1998-02-27 00:00:00-05:00,6.965629150263997
1998-03-02 00:00:00-05:00,6.825193528017383
1998-03-03 00:00:00-05:00,6.8251907584155616
1998-03-04 00:00:00-05:00,6.965628601969913
1998-03-05 00:00:00-05:00,6.656671020422089
1998-03-06 00:00:00-05:00,6.06683925853056
1998-03-09 00:00:00-05:00,6.0387503610898365
1998-03-10 00:00:00-05:00,6.20727550849486
1998-03-11 00:00:00-05:00,6.221318763281618
1998-03-12 00:00:00-05:00,6.26345019242758
1998-03-13 00:00:00-05:00,6.221320347742991
1998-03-16 00:00:00-05:00,6.263448765959813
1998-03-17 00:00:00-05:00,6.333666801452637
1998-03-18 00:00:00-05:00,6.361754852746214
1998-03-19 00:00:00-05:00,6.179186572199282
1998-03-20 00:00:00-05:00,6.403885332606008
1998-03-23 00:00:00-05:00,6.460057873474924
1998-03-24 00:00:00-05:00,6.46006035702423
1998-03-25 00:00:00-05:00,6.572407850034677
1998-03-26 00:00:00-05:00,6.614540848510944
1998-03-27 00:00:00-05:00,6.347710022559532
1998-03-30 00:00:00-05:00,6.20727684353822
1998-03-31 00:00:00-05:00,6.277493562764439
1998-04-01 00:00:00-05:00,6.080881305832982
1998-04-02 00:00:00-05:00,6.221317944664119
1998-04-03 00:00:00-05:00,6.361753610300858
1998-04-06 00:00:00-04:00,6.291534557092658
1998-04-07 00:00:00-04:00,6.530278480353476
1998-04-08 00:00:00-04:00,6.712844296296438
1998-04-09 00:00:00-04:00,6.740930905132174
1998-04-13 00:00:00-04:00,6.656669509821924
1998-04-14 00:00:00-04:00,6.488149098901941
1998-04-15 00:00:00-04:00,6.249404590800061
1998-04-16 00:00:00-04:00,6.0668394163629475
1998-04-17 00:00:00-04:00,6.066842177818561
1998-04-20 00:00:00-04:00,6.1230130495724975
1998-04-21 00:00:00-04:00,5.996621888568144
1998-04-22 00:00:00-04:00,5.9825804809044145
1998-04-23 00:00:00-04:00,6.066838617925043
1998-04-24 00:00:00-04:00,5.996619643758259
1998-04-27 00:00:00-04:00,5.926401890371871
1998-04-28 00:00:00-04:00,5.884269426608908
1998-04-29 00:00:00-04:00,5.690237600411941
1998-04-30 00:00:00-04:00,5.761189291805098
1998-05-01 00:00:00-04:00,6.130132448423159
1998-05-04 00:00:00-04:00,6.059183131093564
1998-05-05 00:00:00-04:00,5.846330115235882
1998-05-06 00:00:00-04:00,5.718619676004919
1998-05-07 00:00:00-04:00,5.690239072720404
1998-05-08 00:00:00-04:00,5.803758550046095
1998-05-11 00:00:00-04:00,5.647667013658519
1998-05-12 00:00:00-04:00,5.5199589296976725
1998-05-13 00:00:00-04:00,5.349675907887204
1998-05-14 00:00:00-04:00,5.037494212882954
1998-05-15 00:00:00-04:00,5.122633909334604
1998-05-18 00:00:00-04:00,5.335487989945845
1998-05-19 00:00:00-04:00,5.519956665772658
1998-05-20 00:00:00-04:00,5.676050980885824
1998-05-21 00:00:00-04:00,5.491577449947346
1998-05-22 00:00:00-04:00,5.151013756575792
1998-05-26 00:00:00-04:00,5.278727224317647
1998-05-27 00:00:00-04:00,4.994922485351562
1998-05-28 00:00:00-04:00,4.994922161102295
1998-05-29 00:00:00-04:00,5.051683350683938
1998-06-01 00:00:00-04:00,5.065874099731445
1998-06-02 00:00:00-04:00,5.122634262095587
1998-06-03 00:00:00-04:00,5.136825954846743
1998-06-04 00:00:00-04:00,4.99492385120993
1998-06-05 00:00:00-04:00,4.952353477478027
1998-06-08 00:00:00-04:00,4.980733035998756
1998-06-09 00:00:00-04:00,5.037492847442627
1998-06-10 00:00:00-04:00,4.994924685375839
1998-06-11 00:00:00-04:00,5.051682626734899
1998-06-12 00:00:00-04:00,5.08006426004263
1998-06-15 00:00:00-04:00,4.980730767907767
1998-06-16 00:00:00-04:00,4.966541532137208
1998-06-17 00:00:00-04:00,4.966544431481657
1998-06-18 00:00:00-04:00,5.065872746472919
1998-06-19 00:00:00-04:00,5.136825084686279
1998-06-22 00:00:00-04:00,5.165203877117323
1998-06-23 00:00:00-04:00,5.1652035846390545
1998-06-24 00:00:00-04:00,5.1084429494450605
1998-06-25 00:00:00-04:00,4.994922161102295
1998-06-26 00:00:00-04:00,4.994923158608439
1998-06-29 00:00:00-04:00,5.151013132001533
1998-06-30 00:00:00-04:00,5.2503439205795965
1998-07-01 00:00:00-04:00,5.661857517639009
1998-07-02 00:00:00-04:00,5.8179497718811035
1998-07-06 00:00:00-04:00,5.846331264661706
1998-07-07 00:00:00-04:00,5.874709207465849
1998-07-08 00:00:00-04:00,5.846331223987398
1998-07-09 00:00:00-04:00,6.002423166114593
1998-07-10 00:00:00-04:00,6.0166162156380745
1998-07-13 00:00:00-04:00,5.959850558274084
1998-07-14 00:00:00-04:00,6.059182504540709
1998-07-15 00:00:00-04:00,6.215273558269448
1998-07-16 00:00:00-04:00,6.158511397494877
1998-07-17 00:00:00-04:00,6.22946312135692
1998-07-20 00:00:00-04:00,6.11594270231537
1998-07-21 00:00:00-04:00,6.1868927797053965
1998-07-22 00:00:00-04:00,6.030803422133127
1998-07-23 00:00:00-04:00,5.732808142746051
1998-07-24 00:00:00-04:00,5.420629568573078
1998-07-27 00:00:00-04:00,5.392247941196755
1998-07-28 00:00:00-04:00,5.406438628110019
1998-07-29 00:00:00-04:00,5.623760428270111
1998-07-30 00:00:00-04:00,5.638109310386107
1998-07-31 00:00:00-04:00,5.537683382670085
1998-08-03 00:00:00-04:00,5.379873514175415
1998-08-04 00:00:00-04:00,5.049909171411547
1998-08-05 00:00:00-04:00,5.078600275857108
1998-08-06 00:00:00-04:00,5.04991031878561
1998-08-07 00:00:00-04:00,5.222061952374541
1998-08-10 00:00:00-04:00,5.4085639160948915
1998-08-11 00:00:00-04:00,5.465953886827683
1998-08-12 00:00:00-04:00,5.33683443069458
1998-08-13 00:00:00-04:00,5.3368359030109565
1998-08-14 00:00:00-04:00,5.279448855054247
1998-08-17 00:00:00-04:00,5.250756696492684
1998-08-18 00:00:00-04:00,5.150330592456617
1998-08-19 00:00:00-04:00,5.394219482338036
1998-08-20 00:00:00-04:00,5.164678843067623
1998-08-21 00:00:00-04:00,5.121639306428002
1998-08-24 00:00:00-04:00,5.250755788223989
1998-08-25 00:00:00-04:00,5.12164184886418
1998-08-26 00:00:00-04:00,5.04990980360243
1998-08-27 00:00:00-04:00,5.021217079723582
1998-08-28 00:00:00-04:00,4.906445842678264
1998-08-31 00:00:00-04:00,5.107292932782855
1998-09-01 00:00:00-04:00,5.04990980360243
1998-09-02 00:00:00-04:00,5.006868633542742
1998-09-03 00:00:00-04:00,5.021215182298805
1998-09-04 00:00:00-04:00,4.949482849666051
1998-09-08 00:00:00-04:00,4.849061065561631
1998-09-09 00:00:00-04:00,4.906444676349618
1998-09-10 00:00:00-04:00,4.935138319797572
1998-09-11 00:00:00-04:00,4.8634056879605865
1998-09-14 00:00:00-04:00,4.99252441069659
1998-09-15 00:00:00-04:00,4.906446669458294
1998-09-16 00:00:00-04:00,4.76298336662982
1998-09-17 00:00:00-04:00,4.949483319691249
1998-09-18 00:00:00-04:00,5.164680480957031
1998-09-21 00:00:00-04:00,5.006868982590692
1998-09-22 00:00:00-04:00,4.978172411752301
1998-09-23 00:00:00-04:00,4.963830361819134
1998-09-24 00:00:00-04:00,5.150332813314351
1998-09-25 00:00:00-04:00,5.351180889702946
1998-09-28 00:00:00-04:00,4.935133457183838
1998-09-29 00:00:00-04:00,5.021215006301963
1998-09-30 00:00:00-04:00,5.250759024646401
1998-10-01 00:00:00-04:00,5.193373527419701
1998-10-02 00:00:00-04:00,5.092948593876578
1998-10-05 00:00:00-04:00,5.279447515387284
1998-10-06 00:00:00-04:00,5.4085655139230395
1998-10-07 00:00:00-04:00,5.609415416386228
1998-10-08 00:00:00-04:00,5.795918985740426
1998-10-09 00:00:00-04:00,5.595068553137401
1998-10-12 00:00:00-04:00,5.465949737398248
1998-10-13 00:00:00-04:00,5.4659517326354985
1998-10-14 00:00:00-04:00,5.422911184174674
1998-10-15 00:00:00-04:00,5.595068553137401
1998-10-16 00:00:00-04:00,5.480298637726146
1998-10-19 00:00:00-04:00,5.39422087499938
1998-10-20 00:00:00-04:00,5.6811459324147435
1998-10-21 00:00:00-04:00,5.838955814455762
1998-10-22 00:00:00-04:00,5.767226430840623
1998-10-23 00:00:00-04:00,5.982418822770072
1998-10-26 00:00:00-05:00,5.810262796490692
1998-10-27 00:00:00-05:00,6.226307688472427
1998-10-28 00:00:00-05:00,6.157497892964561
1998-10-29 00:00:00-05:00,6.1430115993553995
1998-10-30 00:00:00-05:00,6.114035129547119
1998-11-02 00:00:00-05:00,6.143012456804793
1998-11-03 00:00:00-05:00,6.215451308176027
1998-11-04 00:00:00-05:00,6.027107294188862
1998-11-05 00:00:00-05:00,5.925688033384436
1998-11-06 00:00:00-05:00,6.114032700692742
1998-11-09 00:00:00-05:00,6.215453641436924
1998-11-10 00:00:00-05:00,6.157500693731219
1998-11-11 00:00:00-05:00,6.24442912589672
1998-11-12 00:00:00-05:00,6.2589178240216246
1998-11-13 00:00:00-05:00,6.27340658914263
1998-11-16 00:00:00-05:00,6.215453641436924
1998-11-17 00:00:00-05:00,6.24442912589672
1998-11-18 00:00:00-05:00,6.258917360527571
1998-11-19 00:00:00-05:00,6.258917360527571
1998-11-20 00:00:00-05:00,6.2009644220041675
1998-11-23 00:00:00-05:00,6.229940891265869
1998-11-24 00:00:00-05:00,6.099546501269708
1998-11-25 00:00:00-05:00,6.056081799360422
1998-11-27 00:00:00-05:00,5.969152395541852
1998-11-30 00:00:00-05:00,5.969151439712488
1998-12-01 00:00:00-05:00,6.041595177066794
1998-12-02 00:00:00-05:00,6.244429012411805
1998-12-03 00:00:00-05:00,6.374822682347791
1998-12-04 00:00:00-05:00,6.302381149480041
1998-12-07 00:00:00-05:00,6.200962139311291
1998-12-08 00:00:00-05:00,6.114032639885828
1998-12-09 00:00:00-05:00,6.316872538086494
1998-12-10 00:00:00-05:00,6.403798092568701
1998-12-11 00:00:00-05:00,6.476237788896882
1998-12-14 00:00:00-05:00,6.476243175515281
1998-12-15 00:00:00-05:00,6.418290845773838
1998-12-16 00:00:00-05:00,6.287893829789272
1998-12-17 00:00:00-05:00,6.258914929930516
1998-12-18 00:00:00-05:00,6.31687068939209
1998-12-21 00:00:00-05:00,6.374824224080581
1998-12-22 00:00:00-05:00,6.693562873339249
1998-12-23 00:00:00-05:00,6.954353565478143
1998-12-24 00:00:00-05:00,7.591834333207872
1998-12-28 00:00:00-05:00,7.302067775650329
1998-12-29 00:00:00-05:00,7.215139865875244
1998-12-30 00:00:00-05:00,7.1716762318903085
1998-12-31 00:00:00-05:00,7.070257502877546
1999-01-04 00:00:00-05:00,7.229630727147908
1999-01-05 00:00:00-05:00,7.041282281497327
1999-01-06 00:00:00-05:00,6.925377105384745
1999-01-07 00:00:00-05:00,6.679076519741375
1999-01-08 00:00:00-05:00,6.852935284062435
1999-01-11 00:00:00-05:00,6.780494228420217
1999-01-12 00:00:00-05:00,6.809468415745518
1999-01-13 00:00:00-05:00,6.548681482775458
1999-01-14 00:00:00-05:00,6.258918352216203
1999-01-15 00:00:00-05:00,6.171990140423959
1999-01-19 00:00:00-05:00,6.360332936722768
1999-01-20 00:00:00-05:00,6.374826122213293
1999-01-21 00:00:00-05:00,6.258915056501116
1999-01-22 00:00:00-05:00,6.056080761812539
1999-01-25 00:00:00-05:00,6.085056907990399
1999-01-26 00:00:00-05:00,5.911198203243426
1999-01-27 00:00:00-05:00,5.838758031129837
1999-01-28 00:00:00-05:00,5.873213172242081
1999-01-29 00:00:00-05:00,6.18078698585931
1999-02-01 00:00:00-05:00,6.107554912567139
1999-02-02 00:00:00-05:00,6.092910043616544
1999-02-03 00:00:00-05:00,5.917152094498776
1999-02-04 00:00:00-05:00,6.092909537220454
1999-02-05 00:00:00-05:00,6.195432788985116
1999-02-08 00:00:00-05:00,6.136848335631156
1999-02-09 00:00:00-05:00,6.122199533066312
1999-02-10 00:00:00-05:00,6.005029690089484
1999-02-11 00:00:00-05:00,5.990384442134968
1999-02-12 00:00:00-05:00,6.063617354062334
1999-02-16 00:00:00-05:00,5.887858721912636
1999-02-17 00:00:00-05:00,6.034324969607944
1999-02-18 00:00:00-05:00,5.7560415689047275
1999-02-19 00:00:00-05:00,5.6535171598900025
1999-02-22 00:00:00-05:00,5.58028425110711
1999-02-23 00:00:00-05:00,5.536346123390591
1999-02-24 00:00:00-05:00,5.653517469917376
1999-02-25 00:00:00-05:00,5.668164473879307
1999-02-26 00:00:00-05:00,5.726749532076777
1999-03-01 00:00:00-05:00,5.741393800919431
1999-03-02 00:00:00-05:00,5.74139535774305
1999-03-03 00:00:00-05:00,6.034322752672083
1999-03-04 00:00:00-05:00,6.005029215741513
1999-03-05 00:00:00-05:00,5.858565938262554
1999-03-08 00:00:00-05:00,5.873213202062279
1999-03-09 00:00:00-05:00,5.770688786798594
1999-03-10 00:00:00-05:00,5.712103030478308
1999-03-11 00:00:00-05:00,5.68281027735496
1999-03-12 00:00:00-05:00,5.7999802788799295
1999-03-15 00:00:00-05:00,5.843921073118047
1999-03-16 00:00:00-05:00,5.799977038456843
1999-03-17 00:00:00-05:00,5.712100975404535
1999-03-18 00:00:00-05:00,5.756039142608643
1999-03-19 00:00:00-05:00,5.799977038456843
1999-03-22 00:00:00-05:00,5.726747989654541
1999-03-23 00:00:00-05:00,5.71210157535875
1999-03-24 00:00:00-05:00,5.726747989654541
1999-03-25 00:00:00-05:00,5.668163859114355
1999-03-26 00:00:00-05:00,5.756039848990239
1999-03-29 00:00:00-05:00,5.946443800878997
1999-03-30 00:00:00-05:00,5.917152422907233
1999-03-31 00:00:00-05:00,6.166142079294944
1999-04-01 00:00:00-05:00,5.682808149889641
1999-04-05 00:00:00-04:00,5.756039142608643
1999-04-06 00:00:00-04:00,5.7706855526407255
1999-04-07 00:00:00-04:00,5.785333039191773
1999-04-08 00:00:00-04:00,5.756040322153192
1999-04-09 00:00:00-04:00,5.8146259742870665
1999-04-12 00:00:00-04:00,5.697454548593777
1999-04-13 00:00:00-04:00,5.858565088528306
1999-04-14 00:00:00-04:00,5.902504677242703
1999-04-15 00:00:00-04:00,5.8732104228653075
1999-04-16 00:00:00-04:00,5.756040818246125
1999-04-19 00:00:00-04:00,5.7560423685579885
1999-04-20 00:00:00-04:00,5.712101953634944
1999-04-21 00:00:00-04:00,5.697456754744053
1999-04-22 00:00:00-04:00,5.6535162925720215
1999-04-23 00:00:00-04:00,5.653516310047729
1999-04-26 00:00:00-04:00,5.594930821030609
1999-04-27 00:00:00-04:00,5.448468318253995
1999-04-28 00:00:00-04:00,5.408584995065781
1999-04-29 00:00:00-04:00,5.571582350859771
1999-04-30 00:00:00-04:00,5.497487838651568
1999-05-03 00:00:00-04:00,5.467855899810791
1999-05-04 00:00:00-04:00,5.527127925468528
1999-05-05 00:00:00-04:00,5.453035990397136
1999-05-06 00:00:00-04:00,5.438218583370341
1999-05-07 00:00:00-04:00,5.527124891889856
1999-05-10 00:00:00-04:00,5.541944185892741
1999-05-11 00:00:00-04:00,6.282845167013315
1999-05-12 00:00:00-04:00,6.134665152605843
1999-05-13 00:00:00-04:00,5.764215007946498
1999-05-14 00:00:00-04:00,5.4974900881449384
1999-05-17 00:00:00-04:00,5.467852775086748
1999-05-18 00:00:00-04:00,5.601215037893741
1999-05-19 00:00:00-04:00,5.571580573233632
1999-05-20 00:00:00-04:00,5.512306404617028
1999-05-21 00:00:00-04:00,5.645671986914301
1999-05-24 00:00:00-04:00,5.704944456617037
1999-05-25 00:00:00-04:00,5.690125612868476
1999-05-26 00:00:00-04:00,5.719759815679886
1999-05-27 00:00:00-04:00,5.956849888999863
1999-05-28 00:00:00-04:00,5.986484545927781
1999-06-01 00:00:00-04:00,6.149484006797566
1999-06-02 00:00:00-04:00,6.075393358866374
1999-06-03 00:00:00-04:00,6.2532089699146365
1999-06-04 00:00:00-04:00,6.4310230998594635
1999-06-07 00:00:00-04:00,6.431026305878562
1999-06-08 00:00:00-04:00,6.238392862539128
1999-06-09 00:00:00-04:00,6.075394324314447
1999-06-10 00:00:00-04:00,6.045755700338678
1999-06-11 00:00:00-04:00,6.060575800800556
1999-06-14 00:00:00-04:00,6.119849698136492
1999-06-15 00:00:00-04:00,6.016123432066382
1999-06-16 00:00:00-04:00,6.04575777053833
1999-06-17 00:00:00-04:00,5.97166633605957
1999-06-18 00:00:00-04:00,5.986488236588254
1999-06-21 00:00:00-04:00,5.867943915071656
1999-06-22 00:00:00-04:00,5.91239803564038
1999-06-23 00:00:00-04:00,5.927213493752595
1999-06-24 00:00:00-04:00,6.164304237092594
1999-06-25 00:00:00-04:00,6.1643025057493075
1999-06-28 00:00:00-04:00,6.164300315553187
1999-06-29 00:00:00-04:00,6.327298348949801
1999-06-30 00:00:00-04:00,6.431026305878562
1999-07-01 00:00:00-04:00,6.193938724218808
1999-07-02 00:00:00-04:00,6.238391877361462
1999-07-06 00:00:00-04:00,6.134666403134664
1999-07-07 00:00:00-04:00,6.401395943093244
1999-07-08 00:00:00-04:00,6.416206522471344
1999-07-09 00:00:00-04:00,6.445844807756057
1999-07-12 00:00:00-04:00,6.445847034454346
1999-07-13 00:00:00-04:00,6.431028995294681
1999-07-14 00:00:00-04:00,6.460662841796875
1999-07-15 00:00:00-04:00,6.490298909878512
1999-07-16 00:00:00-04:00,6.490296667072631
1999-07-19 00:00:00-04:00,6.460662841796875
1999-07-20 00:00:00-04:00,6.445850081586948
1999-07-21 00:00:00-04:00,6.445844807756057
1999-07-22 00:00:00-04:00,6.490296667072631
1999-07-23 00:00:00-04:00,6.4162139892578125
1999-07-26 00:00:00-04:00,6.401388493551088
1999-07-27 00:00:00-04:00,6.431028995294681
1999-07-28 00:00:00-04:00,6.4805707931518555
1999-07-29 00:00:00-04:00,6.465600709657411
1999-07-30 00:00:00-04:00,6.645200729370117
1999-08-02 00:00:00-04:00,6.70506485355874
1999-08-03 00:00:00-04:00,6.749968674477566
1999-08-04 00:00:00-04:00,6.660167154456889
1999-08-05 00:00:00-04:00,6.720032015537245
1999-08-06 00:00:00-04:00,6.615268891090168
1999-08-09 00:00:00-04:00,6.615268925380279
1999-08-10 00:00:00-04:00,6.67513506449676
1999-08-11 00:00:00-04:00,6.76493382879666
1999-08-12 00:00:00-04:00,6.690099716186523
1999-08-13 00:00:00-04:00,6.705067402607686
1999-08-16 00:00:00-04:00,6.5853327696543955
1999-08-17 00:00:00-04:00,6.944533406063695
1999-08-18 00:00:00-04:00,7.109168401131264
1999-08-19 00:00:00-04:00,7.363601907607047
1999-08-20 00:00:00-04:00,7.393533113479614
1999-08-23 00:00:00-04:00,7.513265827723911
1999-08-24 00:00:00-04:00,7.3187008551609365
1999-08-25 00:00:00-04:00,7.273802058825354
1999-08-26 00:00:00-04:00,7.184002033407757
1999-08-27 00:00:00-04:00,7.184000500177933
1999-08-30 00:00:00-04:00,7.124134904724636
1999-08-31 00:00:00-04:00,7.1391003720431145
1999-09-01 00:00:00-04:00,7.18400290577682
1999-09-02 00:00:00-04:00,7.258836721380551
1999-09-03 00:00:00-04:00,7.213933590079556
1999-09-07 00:00:00-04:00,7.184004034877808
1999-09-08 00:00:00-04:00,7.243867513083627
1999-09-09 00:00:00-04:00,7.273802058825354
1999-09-10 00:00:00-04:00,7.258834181499089
1999-09-13 00:00:00-04:00,7.273800849914551
1999-09-14 00:00:00-04:00,7.213935192574132
1999-09-15 00:00:00-04:00,7.258836721380551
1999-09-16 00:00:00-04:00,7.213932912416934
1999-09-17 00:00:00-04:00,6.839768409729004
1999-09-20 00:00:00-04:00,6.824801420343333
1999-09-21 00:00:00-04:00,6.88466449754428
1999-09-22 00:00:00-04:00,6.705067157745361
1999-09-23 00:00:00-04:00,6.645198696878701
1999-09-24 00:00:00-04:00,6.615265369415283
1999-09-27 00:00:00-04:00,6.645202234488766
1999-09-28 00:00:00-04:00,6.585334056132549
1999-09-29 00:00:00-04:00,6.5254673828949805
1999-09-30 00:00:00-04:00,6.615268485186852
1999-10-01 00:00:00-04:00,6.55540179533117
1999-10-04 00:00:00-04:00,6.345868404612822
1999-10-05 00:00:00-04:00,6.405734309610331
1999-10-06 00:00:00-04:00,6.345868404612822
1999-10-07 00:00:00-04:00,6.390767640662643
1999-10-08 00:00:00-04:00,6.390767622877051
1999-10-11 00:00:00-04:00,6.510500974125333
1999-10-12 00:00:00-04:00,6.525465938023158
1999-10-13 00:00:00-04:00,6.2859994201298575
1999-10-14 00:00:00-04:00,6.2560680039263
1999-10-15 00:00:00-04:00,6.226132638113839
1999-10-18 00:00:00-04:00,6.256067752838135
1999-10-19 00:00:00-04:00,6.19620061502224
1999-10-20 00:00:00-04:00,6.07646726980442
1999-10-21 00:00:00-04:00,6.091434571478103
1999-10-22 00:00:00-04:00,5.881900068133573
1999-10-25 00:00:00-04:00,6.241099303109305
1999-10-26 00:00:00-04:00,6.315935106901767
1999-10-27 00:00:00-04:00,6.630234475828644
1999-10-28 00:00:00-04:00,7.054552085471876
1999-10-29 00:00:00-04:00,7.039446645769579
1999-11-01 00:00:00-05:00,7.03944854537646
1999-11-02 00:00:00-05:00,7.46241789523179
1999-11-03 00:00:00-05:00,7.492631101510363
1999-11-04 00:00:00-05:00,7.356676253229983
1999-11-05 00:00:00-05:00,7.4322050133529975
1999-11-08 00:00:00-05:00,7.46241789523179
1999-11-09 00:00:00-05:00,7.477523224626132
1999-11-10 00:00:00-05:00,7.598375843231937
1999-11-11 00:00:00-05:00,7.5832659772976125
1999-11-12 00:00:00-05:00,7.56815891415759
1999-11-15 00:00:00-05:00,7.643689441302466
1999-11-16 00:00:00-05:00,7.719222661306167
1999-11-17 00:00:00-05:00,7.598372860453738
1999-11-18 00:00:00-05:00,7.5077346784795225
1999-11-19 00:00:00-05:00,7.643692369885772
1999-11-22 00:00:00-05:00,7.401994676300974
1999-11-23 00:00:00-05:00,7.5681636132389665
1999-11-24 00:00:00-05:00,7.553052807611133
1999-11-26 00:00:00-05:00,7.6739020347595215
1999-11-29 00:00:00-05:00,7.7192202602249695
1999-11-30 00:00:00-05:00,7.6285835264228545
1999-12-01 00:00:00-05:00,7.613479248046875
1999-12-02 00:00:00-05:00,7.583267028808594
1999-12-03 00:00:00-05:00,7.5077346784795225
1999-12-06 00:00:00-05:00,7.61347936045739
1999-12-07 00:00:00-05:00,7.492627800488081
1999-12-08 00:00:00-05:00,7.341570800542831
1999-12-09 00:00:00-05:00,7.311359405517578
1999-12-10 00:00:00-05:00,7.281145546225796
1999-12-13 00:00:00-05:00,7.35667610168457
1999-12-14 00:00:00-05:00,7.356675131534174
1999-12-15 00:00:00-05:00,7.462416173919799
1999-12-16 00:00:00-05:00,7.583267924274027
1999-12-17 00:00:00-05:00,7.462418151855469
1999-12-20 00:00:00-05:00,7.492633038256542
1999-12-21 00:00:00-05:00,7.507734773643463
1999-12-22 00:00:00-05:00,7.6134798851238905
1999-12-23 00:00:00-05:00,7.6890104395398025
1999-12-27 00:00:00-05:00,7.613480624030618
1999-12-28 00:00:00-05:00,7.643694188221391
1999-12-29 00:00:00-05:00,7.522841547199624
1999-12-30 00:00:00-05:00,7.507739153253026
1999-12-31 00:00:00-05:00,7.507737516619495
2000-01-03 00:00:00-05:00,7.31135767658463
2000-01-04 00:00:00-05:00,6.843065740760236
2000-01-05 00:00:00-05:00,6.948808864154647
2000-01-06 00:00:00-05:00,6.8430673694610595
2000-01-07 00:00:00-05:00,6.737324022779277
2000-01-10 00:00:00-05:00,6.9185982133661
2000-01-11 00:00:00-05:00,6.767534575237225
2000-01-12 00:00:00-05:00,7.009234568277995
2000-01-13 00:00:00-05:00,6.827961370014824
2000-01-14 00:00:00-05:00,6.79774876408929
2000-01-18 00:00:00-05:00,6.722219766442614
2000-01-19 00:00:00-05:00,6.5107336949419095
2000-01-20 00:00:00-05:00,6.556050389463251
2000-01-21 00:00:00-05:00,6.646687847927279
2000-01-24 00:00:00-05:00,6.707114650778574
2000-01-25 00:00:00-05:00,6.571155060169309
2000-01-26 00:00:00-05:00,6.525840312591481
2000-01-27 00:00:00-05:00,6.465412335063135
2000-01-28 00:00:00-05:00,6.485248343511061
2000-01-31 00:00:00-05:00,6.683624650391055
2000-02-01 00:00:00-05:00,6.500510409071639
2000-02-02 00:00:00-05:00,6.83621303592108
2000-02-03 00:00:00-05:00,6.9582925085294045
2000-02-04 00:00:00-05:00,7.263482703853715
2000-02-07 00:00:00-05:00,7.507631336558949
2000-02-08 00:00:00-05:00,7.492372903586423
2000-02-09 00:00:00-05:00,7.339778786274924
2000-02-10 00:00:00-05:00,7.09562853626583
2000-02-11 00:00:00-05:00,7.019327921526773
2000-02-14 00:00:00-05:00,6.866734226544699
2000-02-15 00:00:00-05:00,6.561547000756424
2000-02-16 00:00:00-05:00,6.881998456264716
2000-02-17 00:00:00-05:00,7.309260368347168
2000-02-18 00:00:00-05:00,7.324517184290393
2000-02-22 00:00:00-05:00,7.1414069381414675
2000-02-23 00:00:00-05:00,6.943034648895264
2000-02-24 00:00:00-05:00,6.943034907048713
2000-02-25 00:00:00-05:00,6.820957365385983
2000-02-28 00:00:00-05:00,6.6073267177382915
2000-02-29 00:00:00-05:00,6.378432477906693
2000-03-01 00:00:00-05:00,6.561549337871703
2000-03-02 00:00:00-05:00,6.256362099952885
2000-03-03 00:00:00-05:00,6.164802592141288
2000-03-06 00:00:00-05:00,6.286880080886805
2000-03-07 00:00:00-05:00,6.408954322055618
2000-03-08 00:00:00-05:00,6.439472608841383
2000-03-09 00:00:00-05:00,6.332656712486194
2000-03-10 00:00:00-05:00,6.286875217115108
2000-03-13 00:00:00-05:00,6.134285546731258
2000-03-14 00:00:00-05:00,6.286879434585571
2000-03-15 00:00:00-05:00,6.103763228041516
2000-03-16 00:00:00-05:00,5.783319011888005
2000-03-17 00:00:00-05:00,5.951170340407318
2000-03-20 00:00:00-05:00,5.981689162665817
2000-03-21 00:00:00-05:00,6.07324466846957
2000-03-22 00:00:00-05:00,6.149546161661007
2000-03-23 00:00:00-05:00,6.180063981553469
2000-03-24 00:00:00-05:00,6.103762346713697
2000-03-27 00:00:00-05:00,6.149542685087562
2000-03-28 00:00:00-05:00,5.981690461722969
2000-03-29 00:00:00-05:00,5.645982924328055
2000-03-30 00:00:00-05:00,5.676500372690697
2000-03-31 00:00:00-05:00,5.5849439150666536
2000-04-03 00:00:00-04:00,5.508648204547103
2000-04-04 00:00:00-04:00,5.6154656410217285
2000-04-05 00:00:00-04:00,5.615464097710066
2000-04-06 00:00:00-04:00,5.676502288333953
2000-04-07 00:00:00-04:00,5.768056535594344
2000-04-10 00:00:00-04:00,5.798578651055045
2000-04-11 00:00:00-04:00,5.615464097710066
2000-04-12 00:00:00-04:00,5.615462949021748
2000-04-13 00:00:00-04:00,5.264496683742343
2000-04-14 00:00:00-04:00,5.5239061371663984
2000-04-17 00:00:00-04:00,5.4018323113841396
2000-04-18 00:00:00-04:00,5.645984476027281
2000-04-19 00:00:00-04:00,5.584946560258625
2000-04-20 00:00:00-04:00,5.447610594291055
2000-04-24 00:00:00-04:00,5.539166001563377
2000-04-25 00:00:00-04:00,5.798578138152759
2000-04-26 00:00:00-04:00,5.8901335967471224
2000-04-27 00:00:00-04:00,5.895437778310573
2000-04-28 00:00:00-04:00,5.756542682647705
2000-05-01 00:00:00-04:00,5.802839239020097
2000-05-02 00:00:00-04:00,5.864569429986395
2000-05-03 00:00:00-04:00,5.864573360718403
2000-05-04 00:00:00-04:00,5.9726035047550585
2000-05-05 00:00:00-04:00,6.018900847071923
2000-05-08 00:00:00-04:00,6.543628368562866
2000-05-09 00:00:00-04:00,6.358432970046997
2000-05-10 00:00:00-04:00,6.188666076943425
2000-05-11 00:00:00-04:00,6.265834431648254
2000-05-12 00:00:00-04:00,6.080635049126365
2000-05-15 00:00:00-04:00,6.111501216888428
2000-05-16 00:00:00-04:00,6.265832554001406
2000-05-17 00:00:00-04:00,6.45102838387236
2000-05-18 00:00:00-04:00,6.35843055898493
2000-05-19 00:00:00-04:00,6.265834431648254
2000-05-22 00:00:00-04:00,6.1886647171175415
2000-05-23 00:00:00-04:00,6.049769987662633
2000-05-24 00:00:00-04:00,5.864572947223981
2000-05-25 00:00:00-04:00,5.895439260146198
2000-05-26 00:00:00-04:00,5.694808210096052
2000-05-30 00:00:00-04:00,5.910869697891277
2000-05-31 00:00:00-04:00,5.7256765020436955
2000-06-01 00:00:00-04:00,5.756543332323011
2000-06-02 00:00:00-04:00,5.988036545840177
2000-06-05 00:00:00-04:00,6.049768022922654
2000-06-06 00:00:00-04:00,5.988038063049316
2000-06-07 00:00:00-04:00,6.003467792119736
2000-06-08 00:00:00-04:00,6.080635343976033
2000-06-09 00:00:00-04:00,6.049769799313952
2000-06-12 00:00:00-04:00,6.157799594760559
2000-06-13 00:00:00-04:00,5.910870840940526
2000-06-14 00:00:00-04:00,5.880006536763377
2000-06-15 00:00:00-04:00,5.926305294036865
2000-06-16 00:00:00-04:00,5.92630571188386
2000-06-19 00:00:00-04:00,6.018904995918274
2000-06-20 00:00:00-04:00,6.173233596646056
2000-06-21 00:00:00-04:00,6.018904328970385
2000-06-22 00:00:00-04:00,5.957170647959555
2000-06-23 00:00:00-04:00,5.679375125515845
2000-06-26 00:00:00-04:00,5.74110746383667
2000-06-27 00:00:00-04:00,5.771975133730018
2000-06-28 00:00:00-04:00,5.633074255170538
2000-06-29 00:00:00-04:00,5.6793749089143715
2000-06-30 00:00:00-04:00,5.988038063049316
2000-07-03 00:00:00-04:00,6.049768568340101
2000-07-05 00:00:00-04:00,5.679376602172852
2000-07-06 00:00:00-04:00,5.741108744556367
2000-07-07 00:00:00-04:00,5.926305294036865
2000-07-10 00:00:00-04:00,5.895437206011362
2000-07-11 00:00:00-04:00,5.988039037177773
2000-07-12 00:00:00-04:00,5.771973092719992
2000-07-13 00:00:00-04:00,5.926305294036865
2000-07-14 00:00:00-04:00,5.864571874791926
2000-07-17 00:00:00-04:00,6.111502144204911
2000-07-18 00:00:00-04:00,6.096066242547204
2000-07-19 00:00:00-04:00,6.034336900959412
2000-07-20 00:00:00-04:00,5.988038152924383
2000-07-21 00:00:00-04:00,5.926303924076141
2000-07-24 00:00:00-04:00,5.895439842472905
2000-07-25 00:00:00-04:00,5.7411069264487615
2000-07-26 00:00:00-04:00,5.771973112796215
2000-07-27 00:00:00-04:00,5.802840310174066
2000-07-28 00:00:00-04:00,5.747727821968697
2000-07-31 00:00:00-04:00,5.841440954757611
2000-08-01 00:00:00-04:00,5.950772687792778
2000-08-02 00:00:00-04:00,5.872676115769607
2000-08-03 00:00:00-04:00,6.028865092962831
2000-08-04 00:00:00-04:00,6.247527072802371
2000-08-07 00:00:00-04:00,6.325620217109794
2000-08-08 00:00:00-04:00,6.2162923336029055
2000-08-09 00:00:00-04:00,6.216291950206564
2000-08-10 00:00:00-04:00,6.185054512911065
2000-08-11 00:00:00-04:00,6.07572155741591
2000-08-14 00:00:00-04:00,6.263149138154655
2000-08-15 00:00:00-04:00,6.356857847811571
2000-08-16 00:00:00-04:00,6.2943843492647495
2000-08-17 00:00:00-04:00,6.434955032972189
2000-08-18 00:00:00-04:00,6.450572889771679
2000-08-21 00:00:00-04:00,6.5442904510769235
2000-08-22 00:00:00-04:00,6.559904633666114
2000-08-23 00:00:00-04:00,6.559904951207779
2000-08-24 00:00:00-04:00,6.637999730614515
2000-08-25 00:00:00-04:00,6.497429005692645
2000-08-28 00:00:00-04:00,6.310000857791385
2000-08-29 00:00:00-04:00,6.403718696270798
2000-08-30 00:00:00-04:00,6.247527890089081
2000-08-31 00:00:00-04:00,6.4037182331085205
2000-09-01 00:00:00-04:00,6.591141027285729
2000-09-05 00:00:00-04:00,6.388098564285499
2000-09-06 00:00:00-04:00,6.559901881862331
2000-09-07 00:00:00-04:00,6.43495512008667
2000-09-08 00:00:00-04:00,6.434955032972189
2000-09-11 00:00:00-04:00,6.5599022740903115
2000-09-12 00:00:00-04:00,6.466191467019014
2000-09-13 00:00:00-04:00,6.747331753583022
2000-09-14 00:00:00-04:00,6.684854946580043
2000-09-15 00:00:00-04:00,6.6223846092043335
2000-09-18 00:00:00-04:00,6.653616128484887
2000-09-19 00:00:00-04:00,6.466193532943725
2000-09-20 00:00:00-04:00,6.5911431961241655
2000-09-21 00:00:00-04:00,6.544286881835715
2000-09-22 00:00:00-04:00,6.403717323248597
2000-09-25 00:00:00-04:00,6.513049103996971
2000-09-26 00:00:00-04:00,6.528666992553418
2000-09-27 00:00:00-04:00,6.528664050090962
2000-09-28 00:00:00-04:00,6.591143944553125
2000-09-29 00:00:00-04:00,6.716094540658398
2000-10-02 00:00:00-04:00,6.747332049954322
2000-10-03 00:00:00-04:00,6.747329235076904
2000-10-04 00:00:00-04:00,6.747328210477153
2000-10-05 00:00:00-04:00,6.841041102289335
2000-10-06 00:00:00-04:00,6.778567210110752
2000-10-09 00:00:00-04:00,6.934757429977943
2000-10-10 00:00:00-04:00,6.825429688522588
2000-10-11 00:00:00-04:00,6.700477070155664
2000-10-12 00:00:00-04:00,6.6848565047641975
2000-10-13 00:00:00-04:00,6.559905871539049
2000-10-16 00:00:00-04:00,6.622381782531738
2000-10-17 00:00:00-04:00,6.559904322904699
2000-10-18 00:00:00-04:00,6.372478485107422
2000-10-19 00:00:00-04:00,6.372480918621195
2000-10-20 00:00:00-04:00,6.372476979548937
2000-10-23 00:00:00-04:00,6.419334907066531
2000-10-24 00:00:00-04:00,6.466192766300683
2000-10-25 00:00:00-04:00,6.434953265201783
2000-10-26 00:00:00-04:00,6.419333870439645
2000-10-27 00:00:00-04:00,6.52866464421369
2000-10-30 00:00:00-05:00,6.567225740984154
2000-10-31 00:00:00-05:00,6.693520371156059
2000-11-01 00:00:00-05:00,6.81981476111346
2000-11-02 00:00:00-05:00,6.819810506459829
2000-11-03 00:00:00-05:00,7.025039196014405
2000-11-06 00:00:00-05:00,6.9934659861446775
2000-11-07 00:00:00-05:00,6.9776777756187105
2000-11-08 00:00:00-05:00,6.946103718157009
2000-11-09 00:00:00-05:00,7.009251666891164
2000-11-10 00:00:00-05:00,6.8040249450848655
2000-11-13 00:00:00-05:00,6.614587049439268
2000-11-14 00:00:00-05:00,6.788241544626825
2000-11-15 00:00:00-05:00,6.882959626943495
2000-11-16 00:00:00-05:00,6.819813294443742
2000-11-17 00:00:00-05:00,6.898745446917655
2000-11-20 00:00:00-05:00,6.882957745481421
2000-11-21 00:00:00-05:00,6.788241544626825
2000-11-22 00:00:00-05:00,6.788238818656671
2000-11-24 00:00:00-05:00,6.756664193004642
2000-11-27 00:00:00-05:00,6.8829593273556275
2000-11-28 00:00:00-05:00,6.977677347483459
2000-11-29 00:00:00-05:00,6.819810587331789
2000-11-30 00:00:00-05:00,6.882959626943495
2000-12-01 00:00:00-05:00,6.851384544814074
2000-12-04 00:00:00-05:00,6.819811346406621
2000-12-05 00:00:00-05:00,6.677733850809497
2000-12-06 00:00:00-05:00,6.882958616212357
2000-12-07 00:00:00-05:00,6.788237390168216
2000-12-08 00:00:00-05:00,6.882958616212357
2000-12-11 00:00:00-05:00,6.819813208347683
2000-12-12 00:00:00-05:00,6.8198119933346675
2000-12-13 00:00:00-05:00,6.567225740984154
2000-12-14 00:00:00-05:00,6.630371521651603
2000-12-15 00:00:00-05:00,6.598799567624748
2000-12-18 00:00:00-05:00,6.567228834120203
2000-12-19 00:00:00-05:00,6.456723492184441
2000-12-20 00:00:00-05:00,6.709307025118573
2000-12-21 00:00:00-05:00,6.472507691619421
2000-12-22 00:00:00-05:00,6.393573743751251
2000-12-26 00:00:00-05:00,6.567226569597111
2000-12-27 00:00:00-05:00,6.804026473348385
2000-12-28 00:00:00-05:00,6.788238143479383
2000-12-29 00:00:00-05:00,6.867171145147748
2001-01-02 00:00:00-05:00,6.8198119933346675
2001-01-03 00:00:00-05:00,6.567226392002732
2001-01-04 00:00:00-05:00,6.693517917095904
2001-01-05 00:00:00-05:00,6.64615971949494
2001-01-08 00:00:00-05:00,6.472508639705425
2001-01-09 00:00:00-05:00,6.156776204253688
2001-01-10 00:00:00-05:00,6.188347390675359
2001-01-11 00:00:00-05:00,6.046270034790038
2001-01-12 00:00:00-05:00,5.872615195201381
2001-01-16 00:00:00-05:00,5.95155210145481
2001-01-17 00:00:00-05:00,6.04627176354693
2001-01-18 00:00:00-05:00,6.046274874937088
2001-01-19 00:00:00-05:00,5.85683545326804
2001-01-22 00:00:00-05:00,5.872615195201381
2001-01-23 00:00:00-05:00,6.046269128071003
2001-01-24 00:00:00-05:00,6.314639754706833
2001-01-25 00:00:00-05:00,6.188346030495383
2001-01-26 00:00:00-05:00,6.109413045412534
2001-01-29 00:00:00-05:00,6.112574205619648
2001-01-30 00:00:00-05:00,6.213643845418712
2001-01-31 00:00:00-05:00,6.249411767542881
2001-02-01 00:00:00-05:00,6.055236567930406
2001-02-02 00:00:00-05:00,6.131885494860741
2001-02-05 00:00:00-05:00,6.101224251900835
2001-02-06 00:00:00-05:00,6.182982561138724
2001-02-07 00:00:00-05:00,6.2008669655593955
2001-02-08 00:00:00-05:00,6.182983449002189
2001-02-09 00:00:00-05:00,6.2136429672998625
2001-02-12 00:00:00-05:00,6.157432134110624
2001-02-13 00:00:00-05:00,6.331173382017211
2001-02-14 00:00:00-05:00,6.405264952766939
2001-02-15 00:00:00-05:00,6.392490247635463
2001-02-16 00:00:00-05:00,6.61732376919442
2001-02-20 00:00:00-05:00,6.38738125953772
2001-02-21 00:00:00-05:00,6.246858139272081
2001-02-22 00:00:00-05:00,6.333727365598197
2001-02-23 00:00:00-05:00,6.4768037165042
2001-02-26 00:00:00-05:00,6.412928807784656
2001-02-27 00:00:00-05:00,6.323506910776355
2001-02-28 00:00:00-05:00,6.195759296417236
2001-03-01 00:00:00-05:00,6.208530967334664
2001-03-02 00:00:00-05:00,6.33627923700764
2001-03-05 00:00:00-05:00,6.706747626879812
2001-03-06 00:00:00-05:00,6.681200269655362
2001-03-07 00:00:00-05:00,6.6863080345572925
2001-03-08 00:00:00-05:00,6.719522594881079
2001-03-09 00:00:00-05:00,6.668422987089975
2001-03-12 00:00:00-05:00,6.540675976178007
2001-03-13 00:00:00-05:00,6.361830676268411
2001-03-14 00:00:00-05:00,6.45125074867265
2001-03-15 00:00:00-05:00,6.5790001723177465
2001-03-16 00:00:00-05:00,6.31073058478393
2001-03-19 00:00:00-05:00,6.208530967334664
2001-03-20 00:00:00-05:00,6.418037366519638
2001-03-21 00:00:00-05:00,6.361829280788745
2001-03-22 00:00:00-05:00,6.297957630289661
2001-03-23 00:00:00-05:00,6.272406491096115
2001-03-26 00:00:00-05:00,6.2979533265457635
2001-03-27 00:00:00-05:00,6.706747921234972
2001-03-28 00:00:00-05:00,6.931583350797406
2001-03-29 00:00:00-05:00,6.693976462741721
2001-03-30 00:00:00-05:00,6.719520005861857
2001-04-02 00:00:00-04:00,7.281610119634136
2001-04-03 00:00:00-04:00,7.0261168921435315
2001-04-04 00:00:00-04:00,6.898371120696038
2001-04-05 00:00:00-04:00,6.911143875344755
2001-04-06 00:00:00-04:00,6.872822864528825
2001-04-09 00:00:00-04:00,6.732297645427619
2001-04-10 00:00:00-04:00,6.642873332995968
2001-04-11 00:00:00-04:00,6.6479854221237416
2001-04-12 00:00:00-04:00,6.6428772123347954
2001-04-16 00:00:00-04:00,6.745069695390244
2001-04-17 00:00:00-04:00,6.673531116733866
2001-04-18 00:00:00-04:00,6.617324746708918
2001-04-19 00:00:00-04:00,6.55345095477675
2001-04-20 00:00:00-04:00,6.540675800348574
2001-04-23 00:00:00-04:00,6.336279392242432
2001-04-24 00:00:00-04:00,6.36183151120771
2001-04-25 00:00:00-04:00,6.489574363438842
2001-04-26 00:00:00-04:00,6.642873260210146
2001-04-27 00:00:00-04:00,6.816841125488281
2001-04-30 00:00:00-04:00,6.816846955857468
2001-05-01 00:00:00-04:00,6.6644979148794
2001-05-02 00:00:00-04:00,6.778111254377495
2001-05-03 00:00:00-04:00,6.623181360408068
2001-05-04 00:00:00-04:00,6.481165266946326
2001-05-07 00:00:00-04:00,6.661913080519389
2001-05-08 00:00:00-04:00,6.623182280516096
2001-05-09 00:00:00-04:00,6.659332821961212
2001-05-10 00:00:00-04:00,6.6231831934575185
2001-05-11 00:00:00-04:00,6.710973820076539
2001-05-14 00:00:00-04:00,6.649004373341733
2001-05-15 00:00:00-04:00,6.636091843081592
2001-05-16 00:00:00-04:00,6.803932189941406
2001-05-17 00:00:00-04:00,6.868483444553285
2001-05-18 00:00:00-04:00,6.855570821065517
2001-05-21 00:00:00-04:00,6.765198548994541
2001-05-22 00:00:00-04:00,6.842665734821674
2001-05-23 00:00:00-04:00,6.829754379526196
2001-05-24 00:00:00-04:00,6.661915717827468
2001-05-25 00:00:00-04:00,6.7393801518742285
2001-05-29 00:00:00-04:00,6.700645946134528
2001-05-30 00:00:00-04:00,6.5069872074954285
2001-05-31 00:00:00-04:00,6.429518109858562
2001-06-01 00:00:00-04:00,6.403697357532124
2001-06-04 00:00:00-04:00,6.429521083831788
2001-06-05 00:00:00-04:00,6.442430019378661
2001-06-06 00:00:00-04:00,6.390789415533338
2001-06-07 00:00:00-04:00,6.364969253540038
2001-06-08 00:00:00-04:00,6.313324387262663
2001-06-11 00:00:00-04:00,6.2100396156311035
2001-06-12 00:00:00-04:00,6.261680068445031
2001-06-13 00:00:00-04:00,6.390789739217541
2001-06-14 00:00:00-04:00,6.416613386003007
2001-06-15 00:00:00-04:00,6.519899644103704
2001-06-18 00:00:00-04:00,6.532806761099317
2001-06-19 00:00:00-04:00,6.364966461863078
2001-06-20 00:00:00-04:00,6.455342323179073
2001-06-21 00:00:00-04:00,6.584449169642654
2001-06-22 00:00:00-04:00,6.571541773135605
2001-06-25 00:00:00-04:00,6.429519473593459
2001-06-26 00:00:00-04:00,6.302996597838213
2001-06-27 00:00:00-04:00,6.519897660066135
2001-06-28 00:00:00-04:00,6.687736511230469
2001-06-29 00:00:00-04:00,6.687729953588199
2001-07-02 00:00:00-04:00,6.687735202739001
2001-07-03 00:00:00-04:00,6.571542562519868
2001-07-05 00:00:00-04:00,6.545717643426736
2001-07-06 00:00:00-04:00,6.700646184150879
2001-07-09 00:00:00-04:00,6.558627128601073
2001-07-10 00:00:00-04:00,6.519897125993205
2001-07-11 00:00:00-04:00,6.483746244833839
2001-07-12 00:00:00-04:00,6.41661205510655
2001-07-13 00:00:00-04:00,6.545718935521154
2001-07-16 00:00:00-04:00,6.5198951765480215
2001-07-17 00:00:00-04:00,6.571534167104017
2001-07-18 00:00:00-04:00,6.633511653603378
2001-07-19 00:00:00-04:00,6.532807951977495
2001-07-20 00:00:00-04:00,6.571536069138161
2001-07-23 00:00:00-04:00,6.545714419059155
2001-07-24 00:00:00-04:00,6.403698651089805
2001-07-25 00:00:00-04:00,6.210038842547136
2001-07-26 00:00:00-04:00,6.300414517217001
2001-07-27 00:00:00-04:00,6.352055349185335
2001-07-30 00:00:00-04:00,6.269227275626836
2001-07-31 00:00:00-04:00,6.269228104394962
2001-08-01 00:00:00-04:00,6.269226766416514
2001-08-02 00:00:00-04:00,6.347592613339599
2001-08-03 00:00:00-04:00,6.295349864470609
2001-08-06 00:00:00-04:00,6.256167411804199
2001-08-07 00:00:00-04:00,6.269226568507731
2001-08-08 00:00:00-04:00,6.282290533391605
2001-08-09 00:00:00-04:00,6.216982590214384
2001-08-10 00:00:00-04:00,6.211760237767066
2001-08-13 00:00:00-04:00,6.26922881094217
2001-08-14 00:00:00-04:00,6.295349864470609
2001-08-15 00:00:00-04:00,6.3005743373944405
2001-08-16 00:00:00-04:00,6.412898696737761
2001-08-17 00:00:00-04:00,6.5435079847807405
2001-08-20 00:00:00-04:00,6.543507671935231
2001-08-21 00:00:00-04:00,6.674116930570644
2001-08-22 00:00:00-04:00,6.608812221589884
2001-08-23 00:00:00-04:00,6.713299944180878
2001-08-24 00:00:00-04:00,6.674111591564345
2001-08-27 00:00:00-04:00,6.713298908790091
2001-08-28 00:00:00-04:00,6.896152293004454
2001-08-29 00:00:00-04:00,6.8830875171565395
2001-08-30 00:00:00-04:00,6.922272130974234
2001-08-31 00:00:00-04:00,6.713298967557002
2001-09-04 00:00:00-04:00,6.791663488965031
2001-09-05 00:00:00-04:00,6.830847819589197
2001-09-06 00:00:00-04:00,6.804723914362426
2001-09-07 00:00:00-04:00,6.765541608608138
2001-09-10 00:00:00-04:00,6.574853690625606
2001-09-17 00:00:00-04:00,6.399837897720368
2001-09-18 00:00:00-04:00,6.71068384940395
2001-09-19 00:00:00-04:00,6.9483961581818265
2001-09-20 00:00:00-04:00,7.000637343264287
2001-09-21 00:00:00-04:00,6.269228328812522
2001-09-24 00:00:00-04:00,6.530443470123226
2001-09-25 00:00:00-04:00,7.0267581939697275
2001-09-26 00:00:00-04:00,7.052880071659586
2001-09-27 00:00:00-04:00,7.026764240252806
2001-09-28 00:00:00-04:00,7.052881240844727
2001-10-01 00:00:00-04:00,7.079003197760245
2001-10-02 00:00:00-04:00,6.911823642140923
2001-10-03 00:00:00-04:00,6.896151765935577
2001-10-04 00:00:00-04:00,7.052879292309499
2001-10-05 00:00:00-04:00,6.870030065883242
2001-10-08 00:00:00-04:00,6.974517988788683
2001-10-09 00:00:00-04:00,7.131248226244249
2001-10-10 00:00:00-04:00,6.924886507598772
2001-10-11 00:00:00-04:00,7.000636369307522
2001-10-12 00:00:00-04:00,6.9483961581818265
2001-10-15 00:00:00-04:00,6.974516093017613
2001-10-16 00:00:00-04:00,7.05288162444291
2001-10-17 00:00:00-04:00,7.1312436711817675
2001-10-18 00:00:00-04:00,7.201777857409304
2001-10-19 00:00:00-04:00,7.052881966364776
2001-10-22 00:00:00-04:00,7.047656500313679
2001-10-23 00:00:00-04:00,7.0267583176553945
2001-10-24 00:00:00-04:00,7.016312207914974
2001-10-25 00:00:00-04:00,6.943170527588466
2001-10-26 00:00:00-04:00,6.961455696869441
2001-10-29 00:00:00-05:00,7.005862221729282
2001-10-30 00:00:00-05:00,6.824478927016247
2001-10-31 00:00:00-05:00,6.732079502684899
2001-11-01 00:00:00-05:00,6.705680042829866
2001-11-02 00:00:00-05:00,6.969683977077533
2001-11-05 00:00:00-05:00,6.982880889248038
2001-11-06 00:00:00-05:00,6.798082971693397
2001-11-07 00:00:00-05:00,6.771680680838168
2001-11-08 00:00:00-05:00,6.705678927172214
2001-11-09 00:00:00-05:00,6.626478359477914
2001-11-12 00:00:00-05:00,6.362475403866244
2001-11-13 00:00:00-05:00,6.468077011108398
2001-11-14 00:00:00-05:00,6.6660814999021705
2001-11-15 00:00:00-05:00,6.864079642451508
2001-11-16 00:00:00-05:00,6.9168815674377875
2001-11-19 00:00:00-05:00,7.009281910427654
2001-11-20 00:00:00-05:00,6.8112787068566485
2001-11-21 00:00:00-05:00,7.088489131047683
2001-11-23 00:00:00-05:00,7.027765282533539
2001-11-26 00:00:00-05:00,7.062082458425451
2001-11-27 00:00:00-05:00,7.1280862752170355
2001-11-28 00:00:00-05:00,7.114884874842899
2001-11-29 00:00:00-05:00,6.996084768121892
2001-11-30 00:00:00-05:00,7.194085615985798
2001-12-03 00:00:00-05:00,7.009281450724813
2001-12-04 00:00:00-05:00,6.982886104029074
2001-12-05 00:00:00-05:00,7.114883440327661
2001-12-06 00:00:00-05:00,7.075285261513625
2001-12-07 00:00:00-05:00,7.009282729557242
2001-12-10 00:00:00-05:00,7.02248453174111
2001-12-11 00:00:00-05:00,6.626480097494302
2001-12-12 00:00:00-05:00,6.639676220326574
2001-12-13 00:00:00-05:00,6.573678011728995
2001-12-14 00:00:00-05:00,6.468075458712798
2001-12-17 00:00:00-05:00,6.666077027134207
2001-12-18 00:00:00-05:00,6.864081382751464
2001-12-19 00:00:00-05:00,6.890480820829013
2001-12-20 00:00:00-05:00,6.798079803878186
2001-12-21 00:00:00-05:00,6.734719909425131
2001-12-24 00:00:00-05:00,6.798082971693397
2001-12-26 00:00:00-05:00,6.864083777243819
2001-12-27 00:00:00-05:00,6.798080600225008
2001-12-28 00:00:00-05:00,6.864081714056628
2001-12-31 00:00:00-05:00,6.7109594335406575
2002-01-02 00:00:00-05:00,6.798078988958082
2002-01-03 00:00:00-05:00,6.7056773533797935
2002-01-04 00:00:00-05:00,6.769041826798925
2002-01-07 00:00:00-05:00,6.8244823501666305
2002-01-08 00:00:00-05:00,6.534077947107119
2002-01-09 00:00:00-05:00,6.705679739378684
2002-01-10 00:00:00-05:00,6.602717252213966
2002-01-11 00:00:00-05:00,6.600076983673405
2002-01-14 00:00:00-05:00,6.547275848264388
2002-01-15 00:00:00-05:00,6.4680756063263285
2002-01-16 00:00:00-05:00,6.5340784870815
2002-01-17 00:00:00-05:00,6.351916130621045
2002-01-18 00:00:00-05:00,6.336075961844692
2002-01-22 00:00:00-05:00,6.336074489196433
2002-01-23 00:00:00-05:00,6.116953828540802
2002-01-24 00:00:00-05:00,6.25687694575743
2002-01-25 00:00:00-05:00,6.3360761238976675
2002-01-28 00:00:00-05:00,6.270073562540034
2002-01-29 00:00:00-05:00,6.177674113158064
2002-01-30 00:00:00-05:00,6.270073883156772
2002-01-31 00:00:00-05:00,6.454875623590102
2002-02-01 00:00:00-05:00,6.45487448820875
2002-02-04 00:00:00-05:00,6.362476188407877
2002-02-05 00:00:00-05:00,6.362477616757259
2002-02-06 00:00:00-05:00,6.436643681384466
2002-02-07 00:00:00-05:00,6.409932265484349
2002-02-08 00:00:00-05:00,6.2229776581525
2002-02-11 00:00:00-05:00,6.409935858139725
2002-02-12 00:00:00-05:00,6.543476898309831
2002-02-13 00:00:00-05:00,6.599562715126268
2002-02-14 00:00:00-05:00,6.607574556679678
2002-02-15 00:00:00-05:00,6.4900585155469805
2002-02-19 00:00:00-05:00,6.596890100493619
2002-02-20 00:00:00-05:00,6.490057810843289
2002-02-21 00:00:00-05:00,6.610245265507276
2002-02-22 00:00:00-05:00,6.284406676635033
2002-02-25 00:00:00-05:00,6.583537101745605
2002-02-26 00:00:00-05:00,6.570182836002812
2002-02-27 00:00:00-05:00,6.570180996565904
2002-02-28 00:00:00-05:00,6.596892081546111
2002-03-01 00:00:00-05:00,6.6209280821417655
2002-03-04 00:00:00-05:00,6.639624298648818
2002-03-05 00:00:00-05:00,6.530122734910156
2002-03-06 00:00:00-05:00,6.7037250725052235
2002-03-07 00:00:00-05:00,6.698383551890195
2002-03-08 00:00:00-05:00,6.783847332000733
2002-03-11 00:00:00-05:00,6.743785342738915
2002-03-12 00:00:00-05:00,6.797199726104736
2002-03-13 00:00:00-05:00,6.823911290309271
2002-03-14 00:00:00-05:00,6.743782921748809
2002-03-15 00:00:00-05:00,6.770492046925474
2002-03-18 00:00:00-05:00,6.823907931809932
2002-03-19 00:00:00-05:00,6.930743044653898
2002-03-20 00:00:00-05:00,6.9440961643809285
2002-03-21 00:00:00-05:00,6.904032611693254
2002-03-22 00:00:00-05:00,6.970803700559571
2002-03-25 00:00:00-05:00,6.984154726103314
2002-03-26 00:00:00-05:00,6.9440961643809285
2002-03-27 00:00:00-05:00,6.930741712795168
2002-03-28 00:00:00-05:00,7.037571583683634
2002-04-01 00:00:00-05:00,6.810554533964418
2002-04-02 00:00:00-05:00,6.623598650142914
2002-04-03 00:00:00-05:00,6.546142814730947
2002-04-04 00:00:00-05:00,6.1695636358674255
2002-04-05 00:00:00-05:00,6.316453984729573
2002-04-08 00:00:00-04:00,6.311112252248581
2002-04-09 00:00:00-04:00,6.2496859477452675
2002-04-10 00:00:00-04:00,6.5194410608959386
2002-04-11 00:00:00-04:00,6.623600014737014
2002-04-12 00:00:00-04:00,6.596890159469416
2002-04-15 00:00:00-04:00,6.98415712016773
2002-04-16 00:00:00-04:00,6.984162619816414
2002-04-17 00:00:00-04:00,7.144409768690569
2002-04-18 00:00:00-04:00,6.98415799930117
2002-04-19 00:00:00-04:00,7.064285750752061
2002-04-22 00:00:00-04:00,7.090990143707628
2002-04-23 00:00:00-04:00,6.997511897855901
2002-04-24 00:00:00-04:00,7.077637861244103
2002-04-25 00:00:00-04:00,6.970803736071632
2002-04-26 00:00:00-04:00,6.9841578425447395
2002-04-29 00:00:00-04:00,6.917391205503774
2002-04-30 00:00:00-04:00,6.757137384093363
2002-05-01 00:00:00-04:00,6.66900365534013
2002-05-02 00:00:00-04:00,6.725634807546302
2002-05-03 00:00:00-04:00,6.752644402599612
2002-05-06 00:00:00-04:00,6.752645477005788
2002-05-07 00:00:00-04:00,6.644602539959216
2002-05-08 00:00:00-04:00,6.671614380820379
2002-05-09 00:00:00-04:00,6.682417185716354
2002-05-10 00:00:00-04:00,6.6175921001214215
2002-05-13 00:00:00-04:00,6.631097428782956
2002-05-14 00:00:00-04:00,6.779653581097028
2002-05-15 00:00:00-04:00,6.631096136654712
2002-05-16 00:00:00-04:00,6.6121887526076035
2002-05-17 00:00:00-04:00,6.604090098124145
2002-05-20 00:00:00-04:00,6.612189573843765
2002-05-21 00:00:00-04:00,6.590578101140418
2002-05-22 00:00:00-04:00,6.541961844536947
2002-05-23 00:00:00-04:00,6.5392609314864725
2002-05-24 00:00:00-04:00,6.617591256139722
2002-05-28 00:00:00-04:00,6.4960462369143706
2002-05-29 00:00:00-04:00,6.560870342524514
2002-05-30 00:00:00-04:00,6.52305655243484
2002-05-31 00:00:00-04:00,6.61759281346138
2002-06-03 00:00:00-04:00,6.5095507994258135
2002-06-04 00:00:00-04:00,6.401508709571804
2002-06-05 00:00:00-04:00,6.55006620393757
2002-06-06 00:00:00-04:00,6.595986336737223
2002-06-07 00:00:00-04:00,6.617593152257558
2002-06-10 00:00:00-04:00,6.5959851455489185
2002-06-11 00:00:00-04:00,6.6337999192838755
2002-06-12 00:00:00-04:00,6.523055849290507
2002-06-13 00:00:00-04:00,6.404204556789603
2002-06-14 00:00:00-04:00,6.363692960458007
2002-06-17 00:00:00-04:00,6.44202319737013
2002-06-18 00:00:00-04:00,6.617592682455127
2002-06-19 00:00:00-04:00,6.612188721620964
2002-06-20 00:00:00-04:00,6.415012938784734
2002-06-21 00:00:00-04:00,6.401507172426818
2002-06-24 00:00:00-04:00,6.496043969622437
2002-06-25 00:00:00-04:00,6.714829341696694
2002-06-26 00:00:00-04:00,6.560870821603511
2002-06-27 00:00:00-04:00,6.685117809896797
2002-06-28 00:00:00-04:00,6.631097191848041
2002-07-01 00:00:00-04:00,6.7661472208603195
2002-07-02 00:00:00-04:00,6.922809238723668
2002-07-03 00:00:00-04:00,6.63109618537191
2002-07-05 00:00:00-04:00,6.563572406768799
2002-07-08 00:00:00-04:00,6.61759281346138
2002-07-09 00:00:00-04:00,6.482535938535296
2002-07-10 00:00:00-04:00,6.482538223817109
2002-07-11 00:00:00-04:00,6.504148344623174
2002-07-12 00:00:00-04:00,6.469035520876241
2002-07-15 00:00:00-04:00,6.347485206852157
2002-07-16 00:00:00-04:00,6.469035318731762
2002-07-17 00:00:00-04:00,6.517653558758962
2002-07-18 00:00:00-04:00,6.496042525289946
2002-07-19 00:00:00-04:00,6.29616731461116
2002-07-22 00:00:00-04:00,6.090884352897101
2002-07-23 00:00:00-04:00,6.212434791415977
2002-07-24 00:00:00-04:00,5.56418022016022
2002-07-25 00:00:00-04:00,5.969338057394721
2002-07-26 00:00:00-04:00,6.001751993860648
2002-07-29 00:00:00-04:00,6.347485648956237
2002-07-30 00:00:00-04:00,6.531158901277306
2002-07-31 00:00:00-04:00,6.509549277395112
2002-08-01 00:00:00-04:00,6.577392694315742
2002-08-02 00:00:00-04:00,6.629311725132842
2002-08-05 00:00:00-04:00,6.599252155021481
2002-08-06 00:00:00-04:00,6.629311290890997
2002-08-07 00:00:00-04:00,6.7222203251627235
2002-08-08 00:00:00-04:00,6.790536499695557
2002-08-09 00:00:00-04:00,6.927167415618896
2002-08-12 00:00:00-04:00,6.9681572914123535
2002-08-13 00:00:00-04:00,6.976353832583432
2002-08-14 00:00:00-04:00,6.864315877356023
2002-08-15 00:00:00-04:00,7.102052645358746
2002-08-16 00:00:00-04:00,7.0364683302225295
2002-08-19 00:00:00-04:00,7.104780740901761
2002-08-20 00:00:00-04:00,7.121178565440599
2002-08-21 00:00:00-04:00,7.132109832598271
2002-08-22 00:00:00-04:00,7.22775315081446
2002-08-23 00:00:00-04:00,7.184032349648712
2002-08-26 00:00:00-04:00,7.186759489568899
2002-08-27 00:00:00-04:00,7.186761926070467
2002-08-28 00:00:00-04:00,6.8315253792927315
2002-08-29 00:00:00-04:00,6.700360383300255
2002-08-30 00:00:00-04:00,6.927167010670502
2002-09-03 00:00:00-04:00,6.8998409379813195
2002-09-04 00:00:00-04:00,6.69489372586741
2002-09-05 00:00:00-04:00,7.050132168377717
2002-09-06 00:00:00-04:00,6.995482266157974
2002-09-09 00:00:00-04:00,6.886177380673422
2002-09-10 00:00:00-04:00,6.790539487547444
2002-09-11 00:00:00-04:00,6.763208437078581
2002-09-12 00:00:00-04:00,6.809662101982856
2002-09-13 00:00:00-04:00,6.667566537150029
2002-09-16 00:00:00-04:00,6.667567660460578
2002-09-17 00:00:00-04:00,6.694893206681166
2002-09-18 00:00:00-04:00,6.640241826196018
2002-09-19 00:00:00-04:00,6.694896707932154
2002-09-20 00:00:00-04:00,6.596515655517579
2002-09-23 00:00:00-04:00,6.571926871999451
2002-09-24 00:00:00-04:00,6.421633027729236
2002-09-25 00:00:00-04:00,6.5309365341135015
2002-09-26 00:00:00-04:00,6.5992520229985425
2002-09-27 00:00:00-04:00,6.845187813875752
2002-09-30 00:00:00-04:00,6.7495470320215265
2002-10-01 00:00:00-04:00,6.9763552071975905
2002-10-02 00:00:00-04:00,7.009143292961811
2002-10-03 00:00:00-04:00,6.891643503879788
2002-10-04 00:00:00-04:00,6.968155804728306
2002-10-07 00:00:00-04:00,6.91350198485447
2002-10-08 00:00:00-04:00,6.828791234351479
2002-10-09 00:00:00-04:00,6.817860117161746
2002-10-10 00:00:00-04:00,6.673034127315603
2002-10-11 00:00:00-04:00,6.746813087235287
2002-10-14 00:00:00-04:00,6.6812310218811035
2002-10-15 00:00:00-04:00,6.653904621003658
2002-10-16 00:00:00-04:00,6.71948673362651
2002-10-17 00:00:00-04:00,6.6265773548024915
2002-10-18 00:00:00-04:00,6.667568029344951
2002-10-21 00:00:00-04:00,6.719488089276619
2002-10-22 00:00:00-04:00,6.719488550373068
2002-10-23 00:00:00-04:00,6.599252219365923
2002-10-24 00:00:00-04:00,6.7468155117695945
2002-10-25 00:00:00-04:00,6.692161357893645
2002-10-28 00:00:00-05:00,6.749548296108134
2002-10-29 00:00:00-05:00,6.6730332645438315
2002-10-30 00:00:00-05:00,6.727686193919824
2002-10-31 00:00:00-05:00,6.875460101983244
2002-11-01 00:00:00-05:00,6.880988976604755
2002-11-04 00:00:00-05:00,7.046793908348893
2002-11-05 00:00:00-05:00,7.019159317016602
2002-11-06 00:00:00-05:00,7.060609605798941
2002-11-07 00:00:00-05:00,7.1296971552597785
2002-11-08 00:00:00-05:00,7.038503023741481
2002-11-11 00:00:00-05:00,6.961131473803095
2002-11-12 00:00:00-05:00,6.894806842144444
2002-11-13 00:00:00-05:00,6.867172330209662
2002-11-14 00:00:00-05:00,6.950074542037435
2002-11-15 00:00:00-05:00,7.074428742180487
2002-11-18 00:00:00-05:00,7.0329778011073065
2002-11-19 00:00:00-05:00,7.005344009344182
2002-11-20 00:00:00-05:00,7.0467975912068646
2002-11-21 00:00:00-05:00,7.168388125290417
2002-11-22 00:00:00-05:00,7.157331436141939
2002-11-25 00:00:00-05:00,7.129700881445381
2002-11-26 00:00:00-05:00,7.135225888331205
2002-11-27 00:00:00-05:00,6.85888118914688
2002-11-29 00:00:00-05:00,6.994291595578249
2002-12-02 00:00:00-05:00,7.102067973688615
2002-12-03 00:00:00-05:00,7.102063091013476
2002-12-04 00:00:00-05:00,7.038507860701215
2002-12-05 00:00:00-05:00,7.005343619621435
2002-12-06 00:00:00-05:00,6.952836614070695
2002-12-09 00:00:00-05:00,6.991528446169572
2002-12-10 00:00:00-05:00,6.9362584800016185
2002-12-11 00:00:00-05:00,6.880989701726887
2002-12-12 00:00:00-05:00,6.784266974396368
2002-12-13 00:00:00-05:00,6.770448760683334
2002-12-16 00:00:00-05:00,6.665440654429406
2002-12-17 00:00:00-05:00,6.728999606284324
2002-12-18 00:00:00-05:00,6.704128527134438
2002-12-19 00:00:00-05:00,6.742817244147042
2002-12-20 00:00:00-05:00,6.599116109114793
2002-12-23 00:00:00-05:00,6.659913041309968
2002-12-24 00:00:00-05:00,6.632277345971952
2002-12-26 00:00:00-05:00,6.709655213961621
2002-12-27 00:00:00-05:00,6.632280285842199
2002-12-30 00:00:00-05:00,6.604644834697691
2002-12-31 00:00:00-05:00,6.682022217885145
2003-01-02 00:00:00-05:00,6.577009736898638
2003-01-03 00:00:00-05:00,6.632279850145551
2003-01-06 00:00:00-05:00,6.615695584054265
2003-01-07 00:00:00-05:00,6.845065154136489
2003-01-08 00:00:00-05:00,6.86717153425652
2003-01-09 00:00:00-05:00,6.867172046796427
2003-01-10 00:00:00-05:00,6.9362584800016185
2003-01-13 00:00:00-05:00,6.894808115666595
2003-01-14 00:00:00-05:00,7.005345182478078
2003-01-15 00:00:00-05:00,7.074430626425866
2003-01-16 00:00:00-05:00,7.074429693426915
2003-01-17 00:00:00-05:00,7.074428499681185
2003-01-21 00:00:00-05:00,7.129697906199027
2003-01-22 00:00:00-05:00,7.099302987641121
2003-01-23 00:00:00-05:00,7.074431370279509
2003-01-24 00:00:00-05:00,7.060611869925117
2003-01-27 00:00:00-05:00,6.784267989960484
2003-01-28 00:00:00-05:00,6.701363716572167
2003-01-29 00:00:00-05:00,6.8119051070673295
2003-01-30 00:00:00-05:00,6.811900904687162
2003-01-31 00:00:00-05:00,6.687547977775734
2003-02-03 00:00:00-05:00,6.756636871542886
2003-02-04 00:00:00-05:00,6.756633579665654
2003-02-05 00:00:00-05:00,6.820728553680824
2003-02-06 00:00:00-05:00,6.876634001964056
2003-02-07 00:00:00-05:00,6.77879841929173
2003-02-10 00:00:00-05:00,6.767612660725356
2003-02-11 00:00:00-05:00,6.8207261960485654
2003-02-12 00:00:00-05:00,6.820726024632375
2003-02-13 00:00:00-05:00,6.792774839046515
2003-02-14 00:00:00-05:00,6.843091577141684
2003-02-18 00:00:00-05:00,6.84588505244028
2003-02-19 00:00:00-05:00,6.848682802155343
2003-02-20 00:00:00-05:00,6.736868871511627
2003-02-21 00:00:00-05:00,6.77879952866136
2003-02-24 00:00:00-05:00,6.845888568874423
2003-02-25 00:00:00-05:00,6.806752066105055
2003-02-26 00:00:00-05:00,7.058337145180916
2003-02-27 00:00:00-05:00,7.044360493239782
2003-02-28 00:00:00-05:00,7.170149298776365
2003-03-03 00:00:00-05:00,7.131018265151138
2003-03-04 00:00:00-05:00,7.030380362985548
2003-03-05 00:00:00-05:00,6.938135674826012
2003-03-06 00:00:00-05:00,7.044360562448742
2003-03-07 00:00:00-05:00,6.9884490966796875
2003-03-10 00:00:00-05:00,7.016404045633354
2003-03-11 00:00:00-05:00,6.918566655826923
2003-03-12 00:00:00-05:00,7.0303806741868256
2003-03-13 00:00:00-05:00,6.9744761260514885
2003-03-14 00:00:00-05:00,7.013608119134319
2003-03-17 00:00:00-05:00,7.0723141099564835
2003-03-18 00:00:00-05:00,7.158971309661864
2003-03-19 00:00:00-05:00,7.158965985848984
2003-03-20 00:00:00-05:00,7.1785365987101475
2003-03-21 00:00:00-05:00,7.295940518073663
2003-03-24 00:00:00-05:00,7.365823683056013
2003-03-25 00:00:00-05:00,7.184127207025366
2003-03-26 00:00:00-05:00,7.323897414210318
2003-03-27 00:00:00-05:00,7.170149986353435
2003-03-28 00:00:00-05:00,7.295939307677931
2003-03-31 00:00:00-05:00,7.24003641890582
2003-04-01 00:00:00-05:00,7.198106816031017
2003-04-02 00:00:00-05:00,7.237237570404998
2003-04-03 00:00:00-05:00,7.3015308380288575
2003-04-04 00:00:00-05:00,7.184125848663444
2003-04-07 00:00:00-04:00,7.267988010067561
2003-04-08 00:00:00-04:00,7.254010485543826
2003-04-09 00:00:00-04:00,7.295944165911363
2003-04-10 00:00:00-04:00,7.379804611206056
2003-04-11 00:00:00-04:00,7.393780886212026
2003-04-14 00:00:00-04:00,7.337874359935693
2003-04-15 00:00:00-04:00,7.309917202143056
2003-04-16 00:00:00-04:00,7.371418311981597
2003-04-17 00:00:00-04:00,7.37980524872146
2003-04-21 00:00:00-04:00,7.407759560138271
2003-04-22 00:00:00-04:00,7.474846869026671
2003-04-23 00:00:00-04:00,7.659340295110444
2003-04-24 00:00:00-04:00,7.617411632855663
2003-04-25 00:00:00-04:00,7.589456643424356
2003-04-28 00:00:00-04:00,7.603431242688533
2003-04-29 00:00:00-04:00,7.681703311452719
2003-04-30 00:00:00-04:00,7.634359245302703
2003-05-01 00:00:00-04:00,7.738864542602829
2003-05-02 00:00:00-04:00,7.752982612524245
2003-05-05 00:00:00-04:00,7.654127203758069
2003-05-06 00:00:00-04:00,7.563749419563391
2003-05-07 00:00:00-04:00,7.597637592174356
2003-05-08 00:00:00-04:00,7.479019074805029
2003-05-09 00:00:00-04:00,7.4140579345739575
2003-05-12 00:00:00-04:00,7.464891932546745
2003-05-13 00:00:00-04:00,7.6258864402771
2003-05-14 00:00:00-04:00,7.668252686247914
2003-05-15 00:00:00-04:00,7.6964986029893545
2003-05-16 00:00:00-04:00,7.736036509741098
2003-05-19 00:00:00-04:00,7.894202270020202
2003-05-20 00:00:00-04:00,7.752981205072232
2003-05-21 00:00:00-04:00,7.8942026593472825
2003-05-22 00:00:00-04:00,7.880081016763682
2003-05-23 00:00:00-04:00,7.905501525959285
2003-05-27 00:00:00-04:00,7.9450467664386
2003-05-28 00:00:00-04:00,8.049547310272368
2003-05-29 00:00:00-04:00,8.063668562585882
2003-05-30 00:00:00-04:00,8.049548443677958
2003-06-02 00:00:00-04:00,7.978936187007972
2003-06-03 00:00:00-04:00,8.077793600678358
2003-06-04 00:00:00-04:00,8.17381733258596
2003-06-05 00:00:00-04:00,8.275498069592803
2003-06-06 00:00:00-04:00,8.337629969840268
2003-06-09 00:00:00-04:00,8.213357925884344
2003-06-10 00:00:00-04:00,8.247254444532835
2003-06-11 00:00:00-04:00,8.642668397281037
2003-06-12 00:00:00-04:00,8.642666596164597
2003-06-13 00:00:00-04:00,8.685035814549243
2003-06-16 00:00:00-04:00,8.656795388468424
2003-06-17 00:00:00-04:00,8.741522998283441
2003-06-18 00:00:00-04:00,8.685036655644858
2003-06-19 00:00:00-04:00,8.769766582767275
2003-06-20 00:00:00-04:00,8.586181422228286
2003-06-23 00:00:00-04:00,8.374349373976527
2003-06-24 00:00:00-04:00,7.795352284777919
2003-06-25 00:00:00-04:00,8.063668847471526
2003-06-26 00:00:00-04:00,8.190764752196714
2003-06-27 00:00:00-04:00,8.29809112483342
2003-06-30 00:00:00-04:00,8.190766906742525
2003-07-01 00:00:00-04:00,7.964816676123282
2003-07-02 00:00:00-04:00,7.8405354431566945
2003-07-03 00:00:00-04:00,8.219007709291349
2003-07-07 00:00:00-04:00,8.382826483949698
2003-07-08 00:00:00-04:00,8.4449626332101
2003-07-09 00:00:00-04:00,8.303742650739196
2003-07-10 00:00:00-04:00,8.176645413853073
2003-07-11 00:00:00-04:00,8.125801647435313
2003-07-14 00:00:00-04:00,8.34610747433666
2003-07-15 00:00:00-04:00,8.490148196509955
2003-07-16 00:00:00-04:00,8.524044347614614
2003-07-17 00:00:00-04:00,8.388473618120573
2003-07-18 00:00:00-04:00,8.402591704676194
2003-07-21 00:00:00-04:00,8.365877151489258
2003-07-22 00:00:00-04:00,8.416719011372411
2003-07-23 00:00:00-04:00,8.459081333658292
2003-07-24 00:00:00-04:00,8.444965332312789
2003-07-25 00:00:00-04:00,8.272671350076005
2003-07-28 00:00:00-04:00,8.148403683658568
2003-07-29 00:00:00-04:00,8.145573414614107
2003-07-30 00:00:00-04:00,8.199378301055237
2003-07-31 00:00:00-04:00,8.199376305676324
2003-08-01 00:00:00-04:00,8.04251698226771
2003-08-04 00:00:00-04:00,7.88565912175663
2003-08-05 00:00:00-04:00,7.415085056444757
2003-08-06 00:00:00-04:00,7.48068246995066
2003-08-07 00:00:00-04:00,7.483533036311693
2003-08-08 00:00:00-04:00,7.457868003958867
2003-08-11 00:00:00-04:00,7.31526539316536
2003-08-12 00:00:00-04:00,7.3694573822907
2003-08-13 00:00:00-04:00,7.415089256893452
2003-08-14 00:00:00-04:00,7.435052266750763
2003-08-15 00:00:00-04:00,7.443610134341838
2003-08-18 00:00:00-04:00,7.529164758367518
2003-08-19 00:00:00-04:00,7.477833860385163
2003-08-20 00:00:00-04:00,7.46357038255353
2003-08-21 00:00:00-04:00,7.512057538650024
2003-08-22 00:00:00-04:00,7.457872049647547
2003-08-25 00:00:00-04:00,7.3010101318359375
2003-08-26 00:00:00-04:00,7.3409371968149415
2003-08-27 00:00:00-04:00,7.343788955320082
2003-08-28 00:00:00-04:00,7.3865706373118805
2003-08-29 00:00:00-04:00,7.41793849034962
2003-09-02 00:00:00-04:00,7.238266973806654
2003-09-03 00:00:00-04:00,7.315267448463492
2003-09-04 00:00:00-04:00,7.497793937723915
2003-09-05 00:00:00-04:00,7.3723086328721275
2003-09-08 00:00:00-04:00,7.406528998659109
2003-09-09 00:00:00-04:00,7.426494108705628
2003-09-10 00:00:00-04:00,7.472128116405917
2003-09-11 00:00:00-04:00,7.358048370989562
2003-09-12 00:00:00-04:00,7.400829085279279
2003-09-15 00:00:00-04:00,7.386564277200046
2003-09-16 00:00:00-04:00,7.372311187736969
2003-09-17 00:00:00-04:00,7.457872513697858
2003-09-18 00:00:00-04:00,7.446456744214667
2003-09-19 00:00:00-04:00,7.472126448111456
2003-09-22 00:00:00-04:00,7.489239564462746
2003-09-23 00:00:00-04:00,7.4863853454589835
2003-09-24 00:00:00-04:00,7.472124389850522
2003-09-25 00:00:00-04:00,7.446462016402075
2003-09-26 00:00:00-04:00,7.358048282520239
2003-09-29 00:00:00-04:00,7.28674683359334
2003-09-30 00:00:00-04:00,7.400829126305024
2003-10-01 00:00:00-04:00,7.38942267766316
2003-10-02 00:00:00-04:00,7.532020384801414
2003-10-03 00:00:00-04:00,7.534869628951945
2003-10-06 00:00:00-04:00,7.671765112541517
2003-10-07 00:00:00-04:00,7.700285834235114
2003-10-08 00:00:00-04:00,7.89992043879846
2003-10-09 00:00:00-04:00,7.956958968163115
2003-10-10 00:00:00-04:00,7.69172721228241
2003-10-13 00:00:00-04:00,7.714543350954388
2003-10-14 00:00:00-04:00,7.842883163547977
2003-10-15 00:00:00-04:00,7.828625261757774
2003-10-16 00:00:00-04:00,7.78584221827212
2003-10-17 00:00:00-04:00,7.805808583234188
2003-10-20 00:00:00-04:00,7.700285143692219
2003-10-21 00:00:00-04:00,7.757323675491727
2003-10-22 00:00:00-04:00,7.557686361294348
2003-10-23 00:00:00-04:00,7.343786985854937
2003-10-24 00:00:00-04:00,7.44361037417896
2003-10-27 00:00:00-05:00,7.48924141665153
2003-10-28 00:00:00-05:00,7.500649229303106
2003-10-29 00:00:00-05:00,7.6807110367244675
2003-10-30 00:00:00-05:00,7.787349770213341
2003-10-31 00:00:00-05:00,7.833462544952109
2003-11-03 00:00:00-05:00,7.8968689911627825
2003-11-04 00:00:00-05:00,7.868045532850074
2003-11-05 00:00:00-05:00,7.868047889594173
2003-11-06 00:00:00-05:00,7.781584739685058
2003-11-07 00:00:00-05:00,7.810408592224121
2003-11-10 00:00:00-05:00,7.767174405036987
2003-11-11 00:00:00-05:00,7.654770582917111
2003-11-12 00:00:00-05:00,7.69800467674213
2003-11-13 00:00:00-05:00,7.723940741770118
2003-11-14 00:00:00-05:00,7.695124550983824
2003-11-17 00:00:00-05:00,7.559662651632351
2003-11-18 00:00:00-05:00,7.429972016893587
2003-11-19 00:00:00-05:00,7.415558604772042
2003-11-20 00:00:00-05:00,7.357921626469514
2003-11-21 00:00:00-05:00,7.392506035446467
2003-11-24 00:00:00-05:00,7.478966423801029
2003-11-25 00:00:00-05:00,7.464553336339884
2003-11-26 00:00:00-05:00,7.392503871418301
2003-11-28 00:00:00-05:00,7.493377650511025
2003-12-01 00:00:00-05:00,7.651891539975988
2003-12-02 00:00:00-05:00,7.551019367695573
2003-12-03 00:00:00-05:00,7.5366078419323035
2003-12-04 00:00:00-05:00,7.666300831695004
2003-12-05 00:00:00-05:00,7.651892531034461
2003-12-08 00:00:00-05:00,7.6547765726272665
2003-12-09 00:00:00-05:00,7.781587469093855
2003-12-10 00:00:00-05:00,7.784464760764336
2003-12-11 00:00:00-05:00,7.72394190221647
2003-12-12 00:00:00-05:00,8.026557333532558
2003-12-15 00:00:00-05:00,8.040971233513536
2003-12-16 00:00:00-05:00,7.709534615129872
2003-12-17 00:00:00-05:00,7.85363431815157
2003-12-18 00:00:00-05:00,7.795994012564467
2003-12-19 00:00:00-05:00,7.9516230996950155
2003-12-22 00:00:00-05:00,7.92568808203345
2003-12-23 00:00:00-05:00,7.896864870933182
2003-12-24 00:00:00-05:00,8.06978978278895
2003-12-26 00:00:00-05:00,8.017914614527884
2003-12-29 00:00:00-05:00,7.983333863272706
2003-12-30 00:00:00-05:00,8.04096650477576
2003-12-31 00:00:00-05:00,8.064028680589582
2004-01-02 00:00:00-05:00,7.882457166073634
2004-01-05 00:00:00-05:00,7.997739885839372
2004-01-06 00:00:00-05:00,8.06402545391713
2004-01-07 00:00:00-05:00,7.968918413228547
2004-01-08 00:00:00-05:00,8.05538283219359
2004-01-09 00:00:00-05:00,8.156254203825947
2004-01-12 00:00:00-05:00,8.225422476372502
2004-01-13 00:00:00-05:00,8.35799482159717
2004-01-14 00:00:00-05:00,8.487692443131689
2004-01-15 00:00:00-05:00,8.401230963626812
2004-01-16 00:00:00-05:00,8.340709231362096
2004-01-20 00:00:00-05:00,8.06978942674736
2004-01-21 00:00:00-05:00,8.386822889104097
2004-01-22 00:00:00-05:00,8.314764877754131
2004-01-23 00:00:00-05:00,8.300357540031477
2004-01-26 00:00:00-05:00,8.372408690386546
2004-01-27 00:00:00-05:00,8.516511931977513
2004-01-28 00:00:00-05:00,8.329176676134045
2004-01-29 00:00:00-05:00,8.032324948840134
2004-01-30 00:00:00-05:00,8.012150896490317
2004-02-02 00:00:00-05:00,8.211012646826182
2004-02-03 00:00:00-05:00,8.239835190463214
2004-02-04 00:00:00-05:00,8.44533450788137
2004-02-05 00:00:00-05:00,7.959333409534914
2004-02-06 00:00:00-05:00,8.017535036171775
2004-02-09 00:00:00-05:00,8.163046253431771
2004-02-10 00:00:00-05:00,8.296913656162063
2004-02-11 00:00:00-05:00,8.526818294594237
2004-02-12 00:00:00-05:00,8.567559665833633
2004-02-13 00:00:00-05:00,8.555919876747467
2004-02-17 00:00:00-05:00,8.337656308087956
2004-02-18 00:00:00-05:00,8.614126306677534
2004-02-19 00:00:00-05:00,8.512267403710096
2004-02-20 00:00:00-05:00,8.410408802176285
2004-02-23 00:00:00-05:00,8.555919966653693
2004-02-24 00:00:00-05:00,8.427869500346365
2004-02-25 00:00:00-05:00,8.614122231765666
2004-02-26 00:00:00-05:00,8.512267100139356
2004-02-27 00:00:00-05:00,8.570469856262207
2004-03-01 00:00:00-05:00,8.573377762391502
2004-03-02 00:00:00-05:00,8.503534229791915
2004-03-03 00:00:00-05:00,8.433690445082446
2004-03-04 00:00:00-05:00,8.468610302359593
2004-03-05 00:00:00-05:00,8.468614122098403
2004-03-08 00:00:00-05:00,8.555918696498118
2004-03-09 00:00:00-05:00,8.483162449213522
2004-03-10 00:00:00-05:00,8.727619665089225
2004-03-11 00:00:00-05:00,8.570468820418638
2004-03-12 00:00:00-05:00,8.570471292989803
2004-03-15 00:00:00-05:00,8.672329861275255
2004-03-16 00:00:00-05:00,8.445332974386599
2004-03-17 00:00:00-05:00,8.48316444183708
2004-03-18 00:00:00-05:00,8.5355493245401
2004-03-19 00:00:00-05:00,8.433693421967451
2004-03-22 00:00:00-05:00,8.203789791406715
2004-03-23 00:00:00-05:00,8.032086502737478
2004-03-24 00:00:00-05:00,8.000074677177965
2004-03-25 00:00:00-05:00,7.959330589774006
2004-03-26 00:00:00-05:00,8.061189705356737
2004-03-29 00:00:00-05:00,8.020446355924603
2004-03-30 00:00:00-05:00,7.988433718856635
2004-03-31 00:00:00-05:00,8.12230404480393
2004-04-01 00:00:00-05:00,8.229976702209239
2004-04-02 00:00:00-05:00,8.264900204531946
2004-04-05 00:00:00-04:00,8.250348074868516
2004-04-06 00:00:00-04:00,8.395858314953276
2004-04-07 00:00:00-04:00,8.413323394230172
2004-04-08 00:00:00-04:00,8.526820944453682
2004-04-12 00:00:00-04:00,8.488984479011176
2004-04-13 00:00:00-04:00,8.56464893933997
2004-04-14 00:00:00-04:00,8.32310660849744
2004-04-15 00:00:00-04:00,8.366760536744588
2004-04-16 00:00:00-04:00,8.424958746192404
2004-04-19 00:00:00-04:00,8.454066196349839
2004-04-20 00:00:00-04:00,8.541366145812399
2004-04-21 00:00:00-04:00,8.352206674096296
2004-04-22 00:00:00-04:00,8.585022405416023
2004-04-23 00:00:00-04:00,8.643220438635241
2004-04-26 00:00:00-04:00,8.628676414489746
2004-04-27 00:00:00-04:00,8.631579980447349
2004-04-28 00:00:00-04:00,8.77418534989436
2004-04-29 00:00:00-04:00,8.541366366491696
2004-04-30 00:00:00-04:00,8.576291189203971
2004-05-03 00:00:00-04:00,8.308552448587475
2004-05-04 00:00:00-04:00,8.291091259396048
2004-05-05 00:00:00-04:00,8.294002077220815
2004-05-06 00:00:00-04:00,8.19567252223629
2004-05-07 00:00:00-04:00,8.254464531559583
2004-05-10 00:00:00-04:00,7.910528984094357
2004-05-11 00:00:00-04:00,7.804704347529853
2004-05-12 00:00:00-04:00,8.06926931093992
2004-05-13 00:00:00-04:00,8.083968013876067
2004-05-14 00:00:00-04:00,7.986958780683622
2004-05-17 00:00:00-04:00,7.9222898047205765
2004-05-18 00:00:00-04:00,7.966380078548387
2004-05-19 00:00:00-04:00,7.995774806920036
2004-05-20 00:00:00-04:00,7.928170416593899
2004-05-21 00:00:00-04:00,7.904651650567115
2004-05-24 00:00:00-04:00,7.981080057117163
2004-05-25 00:00:00-04:00,8.122186602614477
2004-05-26 00:00:00-04:00,8.304441794710156
2004-05-27 00:00:00-04:00,8.319137591497725
2004-05-28 00:00:00-04:00,8.36323070526123
2004-06-01 00:00:00-04:00,8.348538292093798
2004-06-02 00:00:00-04:00,8.31913805122826
2004-06-03 00:00:00-04:00,8.242712945315361
2004-06-04 00:00:00-04:00,8.230952278845926
2004-06-07 00:00:00-04:00,8.236829899203478
2004-06-08 00:00:00-04:00,8.392630148117714
2004-06-09 00:00:00-04:00,8.319137746279711
2004-06-10 00:00:00-04:00,8.26034050119628
2004-06-14 00:00:00-04:00,8.275044673497684
2004-06-15 00:00:00-04:00,8.010476597872646
2004-06-16 00:00:00-04:00,8.113363860430963
2004-06-17 00:00:00-04:00,8.21625544956703
2004-06-18 00:00:00-04:00,8.36323070526123
2004-06-21 00:00:00-04:00,8.319136653932928
2004-06-22 00:00:00-04:00,8.17215830416097
2004-06-23 00:00:00-04:00,7.972261393173225
2004-06-24 00:00:00-04:00,7.9369902304553115
2004-06-25 00:00:00-04:00,8.02517479083694
2004-06-28 00:00:00-04:00,8.101606094661859
2004-06-29 00:00:00-04:00,8.06633069920471
2004-06-30 00:00:00-04:00,8.104545575332756
2004-07-01 00:00:00-04:00,8.06927414115597
2004-07-02 00:00:00-04:00,7.936987239197726
2004-07-06 00:00:00-04:00,8.025176533727526
2004-07-07 00:00:00-04:00,8.069272024581855
2004-07-08 00:00:00-04:00,8.075152967430633
2004-07-09 00:00:00-04:00,7.966383621015241
2004-07-12 00:00:00-04:00,8.039871806233595
2004-07-13 00:00:00-04:00,7.966381092637297
2004-07-14 00:00:00-04:00,7.984018689825459
2004-07-15 00:00:00-04:00,8.054572264214109
2004-07-16 00:00:00-04:00,8.00460200593187
2004-07-19 00:00:00-04:00,7.936985004469516
2004-07-20 00:00:00-04:00,8.010480880737305
2004-07-21 00:00:00-04:00,7.989904099211412
2004-07-22 00:00:00-04:00,7.995778635344822
2004-07-23 00:00:00-04:00,7.834099468502211
2004-07-26 00:00:00-04:00,7.89289301101853
2004-07-27 00:00:00-04:00,7.731211721520483
2004-07-28 00:00:00-04:00,7.760612348883042
2004-07-29 00:00:00-04:00,7.995778736920424
2004-07-30 00:00:00-04:00,8.083970601391407
2004-08-02 00:00:00-04:00,8.05457341210993
2004-08-03 00:00:00-04:00,8.128063721448305
2004-08-04 00:00:00-04:00,8.172154285288002
2004-08-05 00:00:00-04:00,8.190356054656062
2004-08-06 00:00:00-04:00,8.15768794013692
2004-08-09 00:00:00-04:00,8.136899733344194
2004-08-10 00:00:00-04:00,8.092357093460565
2004-08-11 00:00:00-04:00,8.181447207985336
2004-08-12 00:00:00-04:00,8.09235301177675
2004-08-13 00:00:00-04:00,8.092357837165414
2004-08-16 00:00:00-04:00,8.122056194889957
2004-08-17 00:00:00-04:00,8.166598867754661
2004-08-18 00:00:00-04:00,8.074536757149922
2004-08-19 00:00:00-04:00,8.166597527902754
2004-08-20 00:00:00-04:00,8.122052611176077
2004-08-23 00:00:00-04:00,8.211145976568908
2004-08-24 00:00:00-04:00,8.300235169454762
2004-08-25 00:00:00-04:00,8.255689250243918
2004-08-26 00:00:00-04:00,8.34478014530967
2004-08-27 00:00:00-04:00,8.315085030699423
2004-08-30 00:00:00-04:00,8.36556949441574
2004-08-31 00:00:00-04:00,8.404170635259947
2004-09-01 00:00:00-04:00,8.404170259203415
2004-09-02 00:00:00-04:00,8.448717159300095
2004-09-03 00:00:00-04:00,8.573445694042922
2004-09-07 00:00:00-04:00,8.51998979485283
2004-09-08 00:00:00-04:00,8.5170177997673
2004-09-09 00:00:00-04:00,8.612047273488917
2004-09-10 00:00:00-04:00,8.671442603692133
2004-09-13 00:00:00-04:00,8.689259159893021
2004-09-14 00:00:00-04:00,8.686290372997455
2004-09-15 00:00:00-04:00,8.733806983272798
2004-09-16 00:00:00-04:00,8.626899161828275
2004-09-17 00:00:00-04:00,8.745684404866141
2004-09-20 00:00:00-04:00,8.67144451023306
2004-09-21 00:00:00-04:00,8.71598683263981
2004-09-22 00:00:00-04:00,8.715988152756687
2004-09-23 00:00:00-04:00,8.715988152756687
2004-09-24 00:00:00-04:00,8.66847059540902
2004-09-27 00:00:00-04:00,8.656591558281416
2004-09-28 00:00:00-04:00,8.493264211857172
2004-09-29 00:00:00-04:00,8.65659165125635
2004-09-30 00:00:00-04:00,8.721924781799316
2004-10-01 00:00:00-04:00,8.721925938649138
2004-10-04 00:00:00-04:00,8.781321728883386
2004-10-05 00:00:00-04:00,8.837745082480156
2004-10-06 00:00:00-04:00,8.828834740517204
2004-10-07 00:00:00-04:00,8.83477455379002
2004-10-08 00:00:00-04:00,8.718959032321631
2004-10-11 00:00:00-04:00,8.641746920178557
2004-10-12 00:00:00-04:00,8.727869794921006
2004-10-13 00:00:00-04:00,8.834775277664168
2004-10-14 00:00:00-04:00,8.612047653478626
2004-10-15 00:00:00-04:00,8.41308273611819
2004-10-18 00:00:00-04:00,8.656592153851118
2004-10-19 00:00:00-04:00,8.567505432778969
2004-10-20 00:00:00-04:00,8.478410148472447
2004-10-21 00:00:00-04:00,8.472474137527925
2004-10-22 00:00:00-04:00,8.597197947665132
2004-10-25 00:00:00-04:00,8.359627960700704
2004-10-26 00:00:00-04:00,8.579378370928424
2004-10-27 00:00:00-04:00,8.671444160613
2004-10-28 00:00:00-04:00,8.894166877178423
2004-10-29 00:00:00-04:00,8.760530469296375
2004-11-01 00:00:00-05:00,8.900105483230256
2004-11-02 00:00:00-05:00,8.909014701843262
2004-11-03 00:00:00-05:00,8.983259779435087
2004-11-04 00:00:00-05:00,8.995869179019056
2004-11-05 00:00:00-05:00,9.172725624605212
2004-11-08 00:00:00-05:00,9.17272702775913
2004-11-09 00:00:00-05:00,9.127763989710672
2004-11-10 00:00:00-05:00,9.121766493139203
2004-11-11 00:00:00-05:00,9.193710599594798
2004-11-12 00:00:00-05:00,9.307617047035794
2004-11-15 00:00:00-05:00,9.307621146356178
2004-11-16 00:00:00-05:00,9.292635188266898
2004-11-17 00:00:00-05:00,9.265654635946898
2004-11-18 00:00:00-05:00,9.322606363661114
2004-11-19 00:00:00-05:00,9.163736750837188
2004-11-22 00:00:00-05:00,9.667338392323206
2004-11-23 00:00:00-05:00,9.802227857421661
2004-11-24 00:00:00-05:00,9.916137069254987
2004-11-26 00:00:00-05:00,10.16194725036621
2004-11-29 00:00:00-05:00,10.236886078986219
2004-11-30 00:00:00-05:00,10.386765995937674
2004-12-01 00:00:00-05:00,10.446716975527488
2004-12-02 00:00:00-05:00,10.560629927011625
2004-12-03 00:00:00-05:00,10.341800796312489
2004-12-06 00:00:00-05:00,10.28184986114502
2004-12-07 00:00:00-05:00,10.200911863223562
2004-12-08 00:00:00-05:00,9.862181757583299
2004-12-09 00:00:00-05:00,9.940120781429869
2004-12-10 00:00:00-05:00,10.26685827102017
2004-12-13 00:00:00-05:00,10.536648596137237
2004-12-14 00:00:00-05:00,11.106195027220997
2004-12-15 00:00:00-05:00,11.061229671863455
2004-12-16 00:00:00-05:00,10.701516352427102
2004-12-17 00:00:00-05:00,10.55163501236257
2004-12-20 00:00:00-05:00,10.79144994436766
2004-12-21 00:00:00-05:00,10.731488718234894
2004-12-22 00:00:00-05:00,10.788449798340906
2004-12-23 00:00:00-05:00,11.061235868814062
2004-12-27 00:00:00-05:00,11.03125260458413
2004-12-28 00:00:00-05:00,10.836413337944963
2004-12-29 00:00:00-05:00,11.145163651235475
2004-12-30 00:00:00-05:00,11.190127957490619
2004-12-31 00:00:00-05:00,11.331020199230403
2005-01-03 00:00:00-05:00,11.331019321831349
2005-01-04 00:00:00-05:00,11.00127853087301
2005-01-05 00:00:00-05:00,11.007272158873082
2005-01-06 00:00:00-05:00,10.686532735983548
2005-01-07 00:00:00-05:00,10.75247506280616
2005-01-10 00:00:00-05:00,10.476694328278437
2005-01-11 00:00:00-05:00,10.539642906262703
2005-01-12 00:00:00-05:00,10.46170478146907
2005-01-13 00:00:00-05:00,10.4167394136628
2005-01-14 00:00:00-05:00,10.416740403358856
2005-01-18 00:00:00-05:00,10.446717313382125
2005-01-19 00:00:00-05:00,10.791442934266962
2005-01-20 00:00:00-05:00,10.416736018564201
2005-01-21 00:00:00-05:00,10.50667171377293
2005-01-24 00:00:00-05:00,10.602592358401356
2005-01-25 00:00:00-05:00,10.506670176983762
2005-01-26 00:00:00-05:00,10.431732398250235
2005-01-27 00:00:00-05:00,10.656549201054656
2005-01-28 00:00:00-05:00,9.892160289842323
2005-01-31 00:00:00-05:00,9.922135311274486
2005-02-01 00:00:00-05:00,9.730285492764864
2005-02-02 00:00:00-05:00,9.619374918440023
2005-02-03 00:00:00-05:00,9.678268478537168
2005-02-04 00:00:00-05:00,9.87486371458544
2005-02-07 00:00:00-05:00,10.428338216130859
2005-02-08 00:00:00-05:00,10.26803714525579
2005-02-09 00:00:00-05:00,10.434386208337665
2005-02-10 00:00:00-05:00,10.434386208337665
2005-02-11 00:00:00-05:00,10.358776866543973
2005-02-14 00:00:00-05:00,10.49487184151809
2005-02-15 00:00:00-05:00,10.585606425088082
2005-02-16 00:00:00-05:00,10.603756523750295
2005-02-17 00:00:00-05:00,10.709607419049489
2005-02-18 00:00:00-05:00,10.691462756881142
2005-02-22 00:00:00-05:00,10.615852524284994
2005-02-23 00:00:00-05:00,10.41019121216334
2005-02-24 00:00:00-05:00,10.364823009895261
2005-02-25 00:00:00-05:00,10.40413741595192
2005-02-28 00:00:00-05:00,10.525117910535295
2005-03-01 00:00:00-05:00,10.404145083839945
2005-03-02 00:00:00-05:00,10.494874210561932
2005-03-03 00:00:00-05:00,10.509998858409507
2005-03-04 00:00:00-05:00,10.494870707772499
2005-03-07 00:00:00-05:00,10.66122226327154
2005-03-08 00:00:00-05:00,10.615849294827425
2005-03-09 00:00:00-05:00,10.706585975796992
2005-03-10 00:00:00-05:00,10.72170882669466
2005-03-11 00:00:00-05:00,10.479751945781036
2005-03-14 00:00:00-05:00,10.416238554672287
2005-03-15 00:00:00-05:00,10.582584873772191
2005-03-16 00:00:00-05:00,10.494874862764094
2005-03-17 00:00:00-05:00,10.28316593170166
2005-03-18 00:00:00-05:00,10.373894108919517
2005-03-21 00:00:00-05:00,10.131937867974882
2005-03-22 00:00:00-05:00,10.116819407744952
2005-03-23 00:00:00-05:00,10.177304836953779
2005-03-24 00:00:00-05:00,10.0412057892677
2005-03-28 00:00:00-05:00,10.131938754199878
2005-03-29 00:00:00-05:00,10.243842896132017
2005-03-30 00:00:00-05:00,10.131940905594568
2005-03-31 00:00:00-05:00,10.237794764588092
2005-04-01 00:00:00-05:00,10.192428349466148
2005-04-04 00:00:00-04:00,9.87486111460752
2005-04-05 00:00:00-04:00,10.071452165805294
2005-04-06 00:00:00-04:00,10.240821544804342
2005-04-07 00:00:00-04:00,10.207550088572749
2005-04-08 00:00:00-04:00,10.25594361651235
2005-04-11 00:00:00-04:00,9.950476595396545
2005-04-12 00:00:00-04:00,10.089595379097025
2005-04-13 00:00:00-04:00,10.147059137433516
2005-04-14 00:00:00-04:00,10.189403130404376
2005-04-15 00:00:00-04:00,9.989791748082208
2005-04-18 00:00:00-04:00,9.905103485929116
2005-04-19 00:00:00-04:00,10.268044346812001
2005-04-20 00:00:00-04:00,10.404139511223782
2005-04-21 00:00:00-04:00,10.207550679444765
2005-04-22 00:00:00-04:00,10.419263337930927
2005-04-25 00:00:00-04:00,10.298282468812015
2005-04-26 00:00:00-04:00,10.358779521072774
2005-04-27 00:00:00-04:00,10.101694834692129
2005-04-28 00:00:00-04:00,10.603758331481957
2005-04-29 00:00:00-04:00,10.4162329345509
2005-05-02 00:00:00-04:00,10.044227431139605
2005-05-03 00:00:00-04:00,10.364818263140052
2005-05-04 00:00:00-04:00,10.35877424107304
2005-05-05 00:00:00-04:00,10.64457070398493
2005-05-06 00:00:00-04:00,10.367098348358816
2005-05-09 00:00:00-04:00,10.534802820656381
2005-05-10 00:00:00-04:00,10.824473031898433
2005-05-11 00:00:00-04:00,10.672013609559386
2005-05-12 00:00:00-04:00,10.900698039688331
2005-05-13 00:00:00-04:00,10.656771673742467
2005-05-16 00:00:00-04:00,10.534802423440564
2005-05-17 00:00:00-04:00,10.824472022915147
2005-05-18 00:00:00-04:00,10.915943766765043
2005-05-19 00:00:00-04:00,10.915948294444263
2005-05-20 00:00:00-04:00,10.906797274447138
2005-05-23 00:00:00-04:00,10.976931029632059
2005-05-24 00:00:00-04:00,10.931192046684691
2005-05-25 00:00:00-04:00,10.854963171512546
2005-05-26 00:00:00-04:00,10.678105654483511
2005-05-27 00:00:00-04:00,10.989123791399253
2005-05-31 00:00:00-04:00,10.961683510270348
2005-06-01 00:00:00-04:00,11.037914850896474
2005-06-02 00:00:00-04:00,11.37637318304431
2005-06-03 00:00:00-04:00,11.05315740462052
2005-06-06 00:00:00-04:00,11.101943540141825
2005-06-07 00:00:00-04:00,11.17512049887673
2005-06-08 00:00:00-04:00,11.464793993964847
2005-06-09 00:00:00-04:00,11.464792418574158
2005-06-10 00:00:00-04:00,11.312340352641122
2005-06-13 00:00:00-04:00,11.159877049673948
2005-06-14 00:00:00-04:00,11.220859432425874
2005-06-15 00:00:00-04:00,11.370265655786989
2005-06-16 00:00:00-04:00,11.443447574582875
2005-06-17 00:00:00-04:00,11.678229210831258
2005-06-20 00:00:00-04:00,11.525774875268674
2005-06-21 00:00:00-04:00,11.315387131945508
2005-06-22 00:00:00-04:00,11.492236804220925
2005-06-23 00:00:00-04:00,11.403810104548908
2005-06-24 00:00:00-04:00,11.287943213628678
2005-06-27 00:00:00-04:00,11.266597933491672
2005-06-28 00:00:00-04:00,11.373316341029778
2005-06-29 00:00:00-04:00,11.556265830993652
2005-06-30 00:00:00-04:00,11.556268356182517
2005-07-01 00:00:00-04:00,11.56845918881173
2005-07-05 00:00:00-04:00,11.595905970800889
2005-07-06 00:00:00-04:00,11.693478022151142
2005-07-07 00:00:00-04:00,11.394659661410648
2005-07-08 00:00:00-04:00,11.562364314040684
2005-07-11 00:00:00-04:00,12.071571805448333
2005-07-12 00:00:00-04:00,12.44051962567485
2005-07-13 00:00:00-04:00,12.19658918441481
2005-07-14 00:00:00-04:00,12.105112700579898
2005-07-15 00:00:00-04:00,11.87642770565978
2005-07-18 00:00:00-04:00,11.998394941247431
2005-07-19 00:00:00-04:00,11.867279107568605
2005-07-20 00:00:00-04:00,12.126459220036578
2005-07-21 00:00:00-04:00,12.196583287361838
2005-07-22 00:00:00-04:00,12.062427404477331
2005-07-25 00:00:00-04:00,12.196585463421139
2005-07-26 00:00:00-04:00,12.27281712874351
2005-07-27 00:00:00-04:00,12.288067252986194
2005-07-28 00:00:00-04:00,12.36429328612018
2005-07-29 00:00:00-04:00,12.730189863457738
2005-08-01 00:00:00-04:00,12.653957510794104
2005-08-02 00:00:00-04:00,12.349045791535312
2005-08-03 00:00:00-04:00,12.60822539535177
2005-08-04 00:00:00-04:00,12.709923548700548
2005-08-05 00:00:00-04:00,11.973112084900459
2005-08-08 00:00:00-04:00,11.666108940646286
2005-08-09 00:00:00-04:00,11.291567880354746
2005-08-10 00:00:00-04:00,11.63541295969369
2005-08-11 00:00:00-04:00,11.63541126964438
2005-08-12 00:00:00-04:00,11.819610981894355
2005-08-15 00:00:00-04:00,11.798119621800044
2005-08-16 00:00:00-04:00,12.141964866339075
2005-08-17 00:00:00-04:00,11.712166111820292
2005-08-18 00:00:00-04:00,11.718299110752943
2005-08-19 00:00:00-04:00,11.632341264384841
2005-08-22 00:00:00-04:00,11.54330825805664
2005-08-23 00:00:00-04:00,11.521818847090296
2005-08-24 00:00:00-04:00,11.788914169846084
2005-08-25 00:00:00-04:00,11.988463001631938
2005-08-26 00:00:00-04:00,11.742869514906445
2005-08-29 00:00:00-04:00,11.580150506821084
2005-08-30 00:00:00-04:00,11.819609122658205
2005-08-31 00:00:00-04:00,11.75820996595919
2005-09-01 00:00:00-04:00,12.23406556600012
2005-09-02 00:00:00-04:00,12.188018260455891
2005-09-06 00:00:00-04:00,12.12661657796511
2005-09-07 00:00:00-04:00,12.310818870650056
2005-09-08 00:00:00-04:00,12.249416728328201
2005-09-09 00:00:00-04:00,12.280118863436442
2005-09-12 00:00:00-04:00,12.559492209633248
2005-09-13 00:00:00-04:00,12.734486536781263
2005-09-14 00:00:00-04:00,12.402916496411319
2005-09-15 00:00:00-04:00,12.0652185210688
2005-09-16 00:00:00-04:00,12.240209203208053
2005-09-19 00:00:00-04:00,12.295467003750224
2005-09-20 00:00:00-04:00,12.157319298826707
2005-09-21 00:00:00-04:00,11.973110072217594
2005-09-22 00:00:00-04:00,11.97311363707348
2005-09-23 00:00:00-04:00,12.120471622475518
2005-09-26 00:00:00-04:00,12.264768159074471
2005-09-27 00:00:00-04:00,12.433619942078309
2005-09-28 00:00:00-04:00,12.541070429929324
2005-09-29 00:00:00-04:00,12.433615388746208
2005-09-30 00:00:00-04:00,12.602470513668024
2005-10-03 00:00:00-04:00,12.61781560669808
2005-10-04 00:00:00-04:00,12.663869696004706
2005-10-05 00:00:00-04:00,12.280115990634124
2005-10-06 00:00:00-04:00,11.758210516444933
2005-10-07 00:00:00-04:00,11.512607773942749
2005-10-10 00:00:00-04:00,11.75821683239988
2005-10-11 00:00:00-04:00,11.47883985290322
2005-10-12 00:00:00-04:00,10.990703900907386
2005-10-13 00:00:00-04:00,10.668352999462126
2005-10-14 00:00:00-04:00,10.714396324166072
2005-10-17 00:00:00-04:00,10.79115291414247
2005-10-18 00:00:00-04:00,10.754312651521818
2005-10-19 00:00:00-04:00,10.557831838965647
2005-10-20 00:00:00-04:00,10.754313868318055
2005-10-21 00:00:00-04:00,10.444239106186348
2005-10-24 00:00:00-04:00,10.376698183700077
2005-10-25 00:00:00-04:00,10.407400171302152
2005-10-26 00:00:00-04:00,10.59160084040576
2005-10-27 00:00:00-04:00,10.345995114652967
2005-10-28 00:00:00-04:00,9.989878247528615
2005-10-31 00:00:00-05:00,10.588530117558344
2005-11-01 00:00:00-05:00,10.929302713846367
2005-11-02 00:00:00-05:00,10.960006698849854
2005-11-03 00:00:00-05:00,11.401089752837276
2005-11-04 00:00:00-05:00,11.339210343644028
2005-11-07 00:00:00-05:00,11.370152694628507
2005-11-08 00:00:00-05:00,11.292804620365688
2005-11-09 00:00:00-05:00,11.076229678180901
2005-11-10 00:00:00-05:00,11.32683785374302
2005-11-11 00:00:00-05:00,11.138107891573064
2005-11-14 00:00:00-05:00,11.41965335926531
2005-11-15 00:00:00-05:00,11.215456162000239
2005-11-16 00:00:00-05:00,11.08241802890982
2005-11-17 00:00:00-05:00,11.138105695265564
2005-11-18 00:00:00-05:00,11.462966359884904
2005-11-21 00:00:00-05:00,11.339208433541717
2005-11-22 00:00:00-05:00,11.462969902955631
2005-11-23 00:00:00-05:00,11.12263644008174
2005-11-25 00:00:00-05:00,10.98341510409236
2005-11-28 00:00:00-05:00,11.128825821380568
2005-11-29 00:00:00-05:00,10.974134597385447
2005-11-30 00:00:00-05:00,10.890592763167803
2005-12-01 00:00:00-05:00,11.060761665632443
2005-12-02 00:00:00-05:00,11.20926606104803
2005-12-05 00:00:00-05:00,11.06076210412654
2005-12-06 00:00:00-05:00,10.967943510070896
2005-12-07 00:00:00-05:00,11.29898922576632
2005-12-08 00:00:00-05:00,11.19999114818523
2005-12-09 00:00:00-05:00,11.221646016337777
2005-12-12 00:00:00-05:00,11.911583627391195
2005-12-13 00:00:00-05:00,11.803298488723163
2005-12-14 00:00:00-05:00,12.21169697027002
2005-12-15 00:00:00-05:00,12.251920852514266
2005-12-16 00:00:00-05:00,12.313795491915501
2005-12-19 00:00:00-05:00,12.344734485327582
2005-12-20 00:00:00-05:00,12.087937496494774
2005-12-21 00:00:00-05:00,11.942522973241315
2005-12-22 00:00:00-05:00,12.081751881345058
2005-12-23 00:00:00-05:00,11.98893236370354
2005-12-27 00:00:00-05:00,12.075561895027047
2005-12-28 00:00:00-05:00,11.790926700201455
2005-12-29 00:00:00-05:00,12.019874985691185
2005-12-30 00:00:00-05:00,11.995126368894754
2006-01-03 00:00:00-05:00,11.744517067375938
2006-01-04 00:00:00-05:00,11.923965318747134
2006-01-05 00:00:00-05:00,12.035346541321193
2006-01-06 00:00:00-05:00,12.084848276061702
2006-01-09 00:00:00-05:00,12.053906534371599
2006-01-10 00:00:00-05:00,11.9796497718881
2006-01-11 00:00:00-05:00,12.066282539877268
2006-01-12 00:00:00-05:00,11.948714578981628
2006-01-13 00:00:00-05:00,12.066287604643644
2006-01-17 00:00:00-05:00,12.344745541037497
2006-01-18 00:00:00-05:00,12.100316741178121
2006-01-19 00:00:00-05:00,12.285954221003486
2006-01-20 00:00:00-05:00,12.51180897398978
2006-01-23 00:00:00-05:00,12.270482297020088
2006-01-24 00:00:00-05:00,12.298329298067749
2006-01-25 00:00:00-05:00,12.867610338015883
2006-01-26 00:00:00-05:00,12.613908231412633
2006-01-27 00:00:00-05:00,12.762412639643232
2006-01-30 00:00:00-05:00,13.118214776002109
2006-01-31 00:00:00-05:00,13.115126888880294
2006-02-01 00:00:00-05:00,13.133678691306766
2006-02-02 00:00:00-05:00,13.036833365519845
2006-02-03 00:00:00-05:00,12.946493995399209
2006-02-06 00:00:00-05:00,12.75646738538151
2006-02-07 00:00:00-05:00,12.404463005253763
2006-02-08 00:00:00-05:00,12.373307108774421
2006-02-09 00:00:00-05:00,12.444958686828613
2006-02-10 00:00:00-05:00,12.41380944339566
2006-02-13 00:00:00-05:00,12.429384010171336
2006-02-14 00:00:00-05:00,12.582019149850108
2006-02-15 00:00:00-05:00,12.753359547355037
2006-02-16 00:00:00-05:00,13.052408947963452
2006-02-17 00:00:00-05:00,13.223742497498659
2006-02-21 00:00:00-05:00,13.186363200591195
2006-02-22 00:00:00-05:00,12.974529501052572
2006-02-23 00:00:00-05:00,13.36392176903317
2006-02-24 00:00:00-05:00,13.363923776597126
2006-02-27 00:00:00-05:00,13.69412677314452
2006-02-28 00:00:00-05:00,13.999406446031799
2006-03-01 00:00:00-05:00,13.54460286245339
2006-03-02 00:00:00-05:00,13.768891312498393
2006-03-03 00:00:00-05:00,13.67543420276341
2006-03-06 00:00:00-05:00,13.3826122907412
2006-03-07 00:00:00-05:00,13.572639115111997
2006-03-08 00:00:00-05:00,13.444919940909617
2006-03-09 00:00:00-05:00,13.33588828475181
2006-03-10 00:00:00-05:00,12.849918711681289
2006-03-13 00:00:00-05:00,13.20193550217789
2006-03-14 00:00:00-05:00,13.27046960021781
2006-03-15 00:00:00-05:00,13.395073330666147
2006-03-16 00:00:00-05:00,13.616247381638415
2006-03-17 00:00:00-05:00,13.628706592307493
2006-03-20 00:00:00-05:00,13.566403205116341
2006-03-21 00:00:00-05:00,13.463610370179378
2006-03-22 00:00:00-05:00,13.177014733950985
2006-03-23 00:00:00-05:00,13.388845018130956
2006-03-24 00:00:00-05:00,13.550832918855408
2006-03-27 00:00:00-05:00,13.706586366459355
2006-03-28 00:00:00-05:00,13.522793859660572
2006-03-29 00:00:00-05:00,13.619364639736798
2006-03-30 00:00:00-05:00,13.700356028020828
2006-03-31 00:00:00-05:00,13.603781845956018
2006-04-03 00:00:00-04:00,14.002520213820882
2006-04-04 00:00:00-04:00,13.86234123441908
2006-04-05 00:00:00-04:00,13.94021917541428
2006-04-06 00:00:00-04:00,13.862347553230853
2006-04-07 00:00:00-04:00,13.924650815641746
2006-04-10 00:00:00-04:00,13.348347842790094
2006-04-11 00:00:00-04:00,13.33276361586156
2006-04-12 00:00:00-04:00,13.005680168919078
2006-04-13 00:00:00-04:00,13.155202589697671
2006-04-17 00:00:00-04:00,13.248662167192034
2006-04-18 00:00:00-04:00,13.267355385343071
2006-04-19 00:00:00-04:00,13.52902828016334
2006-04-20 00:00:00-04:00,14.002530328036064
2006-04-21 00:00:00-04:00,14.155162791792613
2006-04-24 00:00:00-04:00,14.130239970599963
2006-04-25 00:00:00-04:00,13.5321398634224
2006-04-26 00:00:00-04:00,13.363918588013606
2006-04-27 00:00:00-04:00,13.404420368795785
2006-04-28 00:00:00-04:00,13.301621851987292
2006-05-01 00:00:00-04:00,13.370151706494324
2006-05-02 00:00:00-04:00,13.145866238899087
2006-05-03 00:00:00-04:00,12.927796727135068
2006-05-04 00:00:00-04:00,13.111161932734978
2006-05-05 00:00:00-04:00,13.032746472549004
2006-05-08 00:00:00-04:00,12.948057211001446
2006-05-09 00:00:00-04:00,12.76613172397006
2006-05-10 00:00:00-04:00,13.032749660493087
2006-05-11 00:00:00-04:00,12.56538717331438
2006-05-12 00:00:00-04:00,12.04470676838711
2006-05-15 00:00:00-04:00,11.62125727699896
2006-05-16 00:00:00-04:00,11.571067483254186
2006-05-17 00:00:00-04:00,11.950604130183557
2006-05-18 00:00:00-04:00,11.55225036528538
2006-05-19 00:00:00-04:00,12.000792433650812
2006-05-22 00:00:00-04:00,11.825138030097287
2006-05-23 00:00:00-04:00,11.981975016217115
2006-05-24 00:00:00-04:00,11.527159412631422
2006-05-25 00:00:00-04:00,11.464425680397312
2006-05-26 00:00:00-04:00,11.809451412488942
2006-05-30 00:00:00-04:00,11.865918131255421
2006-05-31 00:00:00-04:00,11.464423644317446
2006-06-01 00:00:00-04:00,11.856509483394007
2006-06-02 00:00:00-04:00,12.43050892557061
2006-06-05 00:00:00-04:00,12.490110253822728
2006-06-06 00:00:00-04:00,11.77809182240718
2006-06-07 00:00:00-04:00,11.778089362239253
2006-06-08 00:00:00-04:00,11.46755903068805
2006-06-09 00:00:00-04:00,11.65261998648162
2006-06-12 00:00:00-04:00,11.276229542887258
2006-06-13 00:00:00-04:00,10.915511454520091
2006-06-14 00:00:00-04:00,10.539117043781916
2006-06-15 00:00:00-04:00,10.899828413719376
2006-06-16 00:00:00-04:00,11.354645676018897
2006-06-19 00:00:00-04:00,10.909241397898413
2006-06-20 00:00:00-04:00,10.652033340420385
2006-06-21 00:00:00-04:00,10.598715786901943
2006-06-22 00:00:00-04:00,10.68967866458048
2006-06-23 00:00:00-04:00,10.53284366758263
2006-06-26 00:00:00-04:00,10.71163075747956
2006-06-27 00:00:00-04:00,10.868461923028677
2006-06-28 00:00:00-04:00,10.708497800886862
2006-06-29 00:00:00-04:00,10.727314114132946
2006-06-30 00:00:00-04:00,10.990796253494281
2006-07-03 00:00:00-04:00,11.17899142898972
2006-07-05 00:00:00-04:00,11.072342821322984
2006-07-06 00:00:00-04:00,10.975113904605621
2006-07-07 00:00:00-04:00,11.106848153631
2006-07-10 00:00:00-04:00,11.019020358995034
2006-07-11 00:00:00-04:00,11.16643945977025
2006-07-12 00:00:00-04:00,11.489521706630823
2006-07-13 00:00:00-04:00,11.05666125260959
2006-07-14 00:00:00-04:00,10.943743428869256
2006-07-17 00:00:00-04:00,10.790047941879463
2006-07-18 00:00:00-04:00,10.645762923715136
2006-07-19 00:00:00-04:00,10.758681580214361
2006-07-20 00:00:00-04:00,11.357778528726215
2006-07-21 00:00:00-04:00,11.122532182021814
2006-07-24 00:00:00-04:00,11.072343541442452
2006-07-25 00:00:00-04:00,11.646350644488537
2006-07-26 00:00:00-04:00,11.514614617185746
2006-07-27 00:00:00-04:00,11.486376914735054
2006-07-28 00:00:00-04:00,11.260545849707405
2006-07-31 00:00:00-04:00,11.737313762463959
2006-08-01 00:00:00-04:00,11.44246941128608
2006-08-02 00:00:00-04:00,11.338959909988299
2006-08-03 00:00:00-04:00,11.4280105070978
2006-08-04 00:00:00-04:00,11.440652146813086
2006-08-07 00:00:00-04:00,11.311038383634177
2006-08-08 00:00:00-04:00,11.07710527831489
2006-08-09 00:00:00-04:00,10.934850231957252
2006-08-10 00:00:00-04:00,10.82736770455304
2006-08-11 00:00:00-04:00,11.130847077307877
2006-08-14 00:00:00-04:00,10.975951274434298
2006-08-15 00:00:00-04:00,11.254141547048583
2006-08-16 00:00:00-04:00,11.47542838588817
2006-08-17 00:00:00-04:00,11.633491498436957
2006-08-18 00:00:00-04:00,11.854780313564182
2006-08-21 00:00:00-04:00,11.66510305969017
2006-08-22 00:00:00-04:00,11.475430187102722
2006-08-23 00:00:00-04:00,11.469106192822855
2006-08-24 00:00:00-04:00,11.181430421927532
2006-08-25 00:00:00-04:00,11.232005818817425
2006-08-28 00:00:00-04:00,11.330011798922486
2006-08-29 00:00:00-04:00,11.601877182896269
2006-08-30 00:00:00-04:00,11.766263944349095
2006-08-31 00:00:00-04:00,11.90852021175334
2006-09-01 00:00:00-04:00,12.10768083871778
2006-09-05 00:00:00-04:00,12.03813739512406
2006-09-06 00:00:00-04:00,12.0191697492994
2006-09-07 00:00:00-04:00,11.63033182642968
2006-09-08 00:00:00-04:00,11.465947056169947
2006-09-11 00:00:00-04:00,11.380588283338163
2006-09-12 00:00:00-04:00,11.364788467146745
2006-09-13 00:00:00-04:00,11.544980973927073
2006-09-14 00:00:00-04:00,11.633489641713979
2006-09-15 00:00:00-04:00,11.848462638319313
2006-09-18 00:00:00-04:00,11.867428799036219
2006-09-19 00:00:00-04:00,11.845295706037572
2006-09-20 00:00:00-04:00,11.974909537661418
2006-09-21 00:00:00-04:00,12.215170616451225
2006-09-22 00:00:00-04:00,11.94646112254712
2006-09-25 00:00:00-04:00,11.712525088111065
2006-09-26 00:00:00-04:00,12.012844362914894
2006-09-27 00:00:00-04:00,12.123486987837081
2006-09-28 00:00:00-04:00,12.034977100163083
2006-09-29 00:00:00-04:00,11.788392365874678
2006-10-02 00:00:00-04:00,11.586075625415672
2006-10-03 00:00:00-04:00,11.443817981381748
2006-10-04 00:00:00-04:00,11.431174816069245
2006-10-05 00:00:00-04:00,11.949622269284669
2006-10-06 00:00:00-04:00,11.709360708498055
2006-10-09 00:00:00-04:00,11.57027152366972
2006-10-10 00:00:00-04:00,11.62400739154757
2006-10-11 00:00:00-04:00,11.630330642199697
2006-10-12 00:00:00-04:00,11.614523491141384
2006-10-13 00:00:00-04:00,11.997040800518313
2006-10-16 00:00:00-04:00,11.949622411065546
2006-10-17 00:00:00-04:00,11.930656491964864
2006-10-18 00:00:00-04:00,11.946461749730934
2006-10-19 00:00:00-04:00,11.90219900659634
2006-10-20 00:00:00-04:00,12.04129478432524
2006-10-23 00:00:00-04:00,11.965427326430621
2006-10-24 00:00:00-04:00,11.997041932148564
2006-10-25 00:00:00-04:00,12.091879007844225
2006-10-26 00:00:00-04:00,12.208844970105229
2006-10-27 00:00:00-04:00,12.328970984168166
2006-10-30 00:00:00-05:00,12.155105073201078
2006-10-31 00:00:00-05:00,12.325814811541198
2006-11-01 00:00:00-05:00,12.341617485484987
2006-11-02 00:00:00-05:00,11.866687987403434
2006-11-03 00:00:00-05:00,12.108805619845334
2006-11-06 00:00:00-05:00,12.048280637527597
2006-11-07 00:00:00-05:00,12.124735729398065
2006-11-08 00:00:00-05:00,11.838021687739898
2006-11-09 00:00:00-05:00,12.24897563800313
2006-11-10 00:00:00-05:00,12.159776690537711
2006-11-13 00:00:00-05:00,12.191631315938649
2006-11-14 00:00:00-05:00,12.268092216896669
2006-11-15 00:00:00-05:00,12.615328789304462
2006-11-16 00:00:00-05:00,12.870187081454613
2006-11-17 00:00:00-05:00,13.007176517295735
2006-11-20 00:00:00-05:00,12.981682806899522
2006-11-21 00:00:00-05:00,13.061329833194371
2006-11-22 00:00:00-05:00,13.029474253684544
2006-11-24 00:00:00-05:00,12.892483068014776
2006-11-27 00:00:00-05:00,13.051769018324045
2006-11-28 00:00:00-05:00,12.663114613294601
2006-11-29 00:00:00-05:00,12.822398281963238
2006-11-30 00:00:00-05:00,12.854254686007195
2006-12-01 00:00:00-05:00,12.816023661871267
2006-12-04 00:00:00-05:00,12.790546707405202
2006-12-05 00:00:00-05:00,13.01035350014979
2006-12-06 00:00:00-05:00,13.332109307330974
2006-12-07 00:00:00-05:00,13.367151050252664
2006-12-08 00:00:00-05:00,12.96894157109086
2006-12-11 00:00:00-05:00,12.978499503375366
2006-12-12 00:00:00-05:00,12.809655245043487
2006-12-13 00:00:00-05:00,12.902043405423118
2006-12-14 00:00:00-05:00,12.972131786255837
2006-12-15 00:00:00-05:00,13.007166118001521
2006-12-18 00:00:00-05:00,12.99761559506199
2006-12-19 00:00:00-05:00,12.656746892376635
2006-12-20 00:00:00-05:00,12.653558102771786
2006-12-21 00:00:00-05:00,12.796909094916447
2006-12-22 00:00:00-05:00,12.838324254974404
2006-12-26 00:00:00-05:00,12.701344496016379
2006-12-27 00:00:00-05:00,13.086815769364078
2006-12-28 00:00:00-05:00,12.895666968428564
2006-12-29 00:00:00-05:00,12.85425548012647
2007-01-03 00:00:00-05:00,12.551610118886323
2007-01-04 00:00:00-05:00,12.55161978102506
2007-01-05 00:00:00-05:00,12.385963424353784
2007-01-08 00:00:00-05:00,12.32861173515357
2007-01-09 00:00:00-05:00,12.570728448979377
2007-01-10 00:00:00-05:00,12.714082330007257
2007-01-11 00:00:00-05:00,14.112597837034835
2007-01-12 00:00:00-05:00,12.911596995635838
2007-01-16 00:00:00-05:00,12.83832336980282
2007-01-17 00:00:00-05:00,12.557982464291198
2007-01-18 00:00:00-05:00,12.589845619671731
2007-01-19 00:00:00-05:00,13.013542039438672
2007-01-22 00:00:00-05:00,13.013541905584537
2007-01-23 00:00:00-05:00,12.85425850549966
2007-01-24 00:00:00-05:00,13.125041036123378
2007-01-25 00:00:00-05:00,12.898856003153787
2007-01-26 00:00:00-05:00,12.58666310182114
2007-01-29 00:00:00-05:00,12.573917442964405
2007-01-30 00:00:00-05:00,12.56435774521534
2007-01-31 00:00:00-05:00,12.624888636122332
2007-02-01 00:00:00-05:00,12.688759778461437
2007-02-02 00:00:00-05:00,12.919817496064065
2007-02-05 00:00:00-05:00,12.990416047669905
2007-02-06 00:00:00-05:00,12.993627916788505
2007-02-07 00:00:00-05:00,12.855639450906695
2007-02-08 00:00:00-05:00,12.987209767611255
2007-02-09 00:00:00-05:00,12.932653341893557
2007-02-12 00:00:00-05:00,12.96474665084835
2007-02-13 00:00:00-05:00,13.093111054133603
2007-02-14 00:00:00-05:00,13.234312611661698
2007-02-15 00:00:00-05:00,13.170128645672666
2007-02-16 00:00:00-05:00,13.160497090915474
2007-02-20 00:00:00-05:00,13.115573900868343
2007-02-21 00:00:00-05:00,13.17333772192071
2007-02-22 00:00:00-05:00,13.166914597483975
2007-02-23 00:00:00-05:00,13.11236712408531
2007-02-26 00:00:00-05:00,13.25677094143673
2007-02-27 00:00:00-05:00,13.205429687763305
2007-02-28 00:00:00-05:00,12.611743345791586
2007-03-01 00:00:00-05:00,11.969924212467296
2007-03-02 00:00:00-05:00,12.509050820640203
2007-03-05 00:00:00-05:00,12.014856587558194
2007-03-06 00:00:00-05:00,11.85440205369523
2007-03-07 00:00:00-05:00,12.245907893004883
2007-03-08 00:00:00-05:00,12.367850661186289
2007-03-09 00:00:00-05:00,12.374270398941379
2007-03-12 00:00:00-04:00,12.380690714658687
2007-03-13 00:00:00-04:00,12.509052797980173
2007-03-14 00:00:00-04:00,12.114334610041022
2007-03-15 00:00:00-04:00,12.316508984536084
2007-03-16 00:00:00-04:00,12.419201330008926
2007-03-19 00:00:00-04:00,12.281207630190027
2007-03-20 00:00:00-04:00,12.412777608489185
2007-03-21 00:00:00-04:00,12.772202383609887
2007-03-22 00:00:00-04:00,12.852429889549295
2007-03-23 00:00:00-04:00,13.125199567411041
2007-03-26 00:00:00-04:00,12.906981000703036
2007-03-27 00:00:00-04:00,12.942280808538829
2007-03-28 00:00:00-04:00,12.887727605444528
2007-03-29 00:00:00-04:00,12.534725627316467
2007-03-30 00:00:00-04:00,12.242697675025687
2007-04-02 00:00:00-04:00,12.348599165033946
2007-04-03 00:00:00-04:00,12.483386774069853
2007-04-04 00:00:00-04:00,12.435244136134823
2007-04-05 00:00:00-04:00,12.319721630236428
2007-04-09 00:00:00-04:00,12.200979450410102
2007-04-10 00:00:00-04:00,12.210606097271377
2007-04-11 00:00:00-04:00,12.159262588816675
2007-04-12 00:00:00-04:00,11.99559882624505
2007-04-13 00:00:00-04:00,12.210614065445236
2007-04-16 00:00:00-04:00,12.51547426458306
2007-04-17 00:00:00-04:00,12.586075606096621
2007-04-18 00:00:00-04:00,13.067440192822021
2007-04-19 00:00:00-04:00,13.077065693161899
2007-04-20 00:00:00-04:00,13.301703327643828
2007-04-23 00:00:00-04:00,12.894146156255141
2007-04-24 00:00:00-04:00,13.041770159554764
2007-04-25 00:00:00-04:00,12.836379299770453
2007-04-26 00:00:00-04:00,12.608537748665777
2007-04-27 00:00:00-04:00,12.733692725975851
2007-04-30 00:00:00-04:00,12.467337497572036
2007-05-01 00:00:00-04:00,12.0341121157302
2007-05-02 00:00:00-04:00,12.252326222063575
2007-05-03 00:00:00-04:00,12.516080058437572
2007-05-04 00:00:00-04:00,11.992282884904816
2007-05-07 00:00:00-04:00,12.263881134252275
2007-05-08 00:00:00-04:00,12.609843271845122
2007-05-09 00:00:00-04:00,12.577507532246821
2007-05-10 00:00:00-04:00,12.587213821143873
2007-05-11 00:00:00-04:00,12.490214064046063
2007-05-14 00:00:00-04:00,12.538709187190783
2007-05-15 00:00:00-04:00,12.370581383389268
2007-05-16 00:00:00-04:00,12.3123805914972
2007-05-17 00:00:00-04:00,12.44171701580281
2007-05-18 00:00:00-04:00,12.23800997945262
2007-05-21 00:00:00-04:00,12.296211188859171
2007-05-22 00:00:00-04:00,12.632475538744163
2007-05-23 00:00:00-04:00,12.470808771046704
2007-05-24 00:00:00-04:00,12.225077099807798
2007-05-25 00:00:00-04:00,12.008452308374459
2007-05-29 00:00:00-04:00,12.338247909562725
2007-05-30 00:00:00-04:00,12.335017204284668
2007-05-31 00:00:00-04:00,12.622779463363656
2007-06-01 00:00:00-04:00,12.163645488499952
2007-06-04 00:00:00-04:00,12.09897901187917
2007-06-05 00:00:00-04:00,11.804751528078592
2007-06-06 00:00:00-04:00,11.662489214349447
2007-06-07 00:00:00-04:00,11.856482514912434
2007-06-08 00:00:00-04:00,11.56872194397831
2007-06-11 00:00:00-04:00,11.620451893791868
2007-06-12 00:00:00-04:00,11.445861370400333
2007-06-13 00:00:00-04:00,11.274492919803063
2007-06-14 00:00:00-04:00,11.426454758977602
2007-06-15 00:00:00-04:00,11.672188105290072
2007-06-18 00:00:00-04:00,11.736855241797667
2007-06-19 00:00:00-04:00,11.536389556511743
2007-06-20 00:00:00-04:00,11.636621344296916
2007-06-21 00:00:00-04:00,11.24215937398306
2007-06-22 00:00:00-04:00,11.225995952105453
2007-06-25 00:00:00-04:00,11.22275886463938
2007-06-26 00:00:00-04:00,11.248627644425955
2007-06-27 00:00:00-04:00,11.154865761761133
2007-06-28 00:00:00-04:00,11.92761920605128
2007-06-29 00:00:00-04:00,11.96318728270141
2007-07-02 00:00:00-04:00,12.225082493951122
2007-07-03 00:00:00-04:00,12.08281386379575
2007-07-05 00:00:00-04:00,12.283280709733475
2007-07-06 00:00:00-04:00,12.351181930535338
2007-07-09 00:00:00-04:00,12.221847712492119
2007-07-10 00:00:00-04:00,12.082816267253953
2007-07-11 00:00:00-04:00,11.904984631218964
2007-07-12 00:00:00-04:00,12.050483217906564
2007-07-13 00:00:00-04:00,12.38998158997511
2007-07-16 00:00:00-04:00,12.263879354372323
2007-07-17 00:00:00-04:00,11.927617000434944
2007-07-18 00:00:00-04:00,11.80152397559746
2007-07-19 00:00:00-04:00,12.098980079797938
2007-07-20 00:00:00-04:00,12.231550052068547
2007-07-23 00:00:00-04:00,11.833852292504357
2007-07-24 00:00:00-04:00,11.804750820230037
2007-07-25 00:00:00-04:00,12.18951267572924
2007-07-26 00:00:00-04:00,12.234781041269034
2007-07-27 00:00:00-04:00,11.963188867152546
2007-07-30 00:00:00-04:00,11.846785144431164
2007-07-31 00:00:00-04:00,12.060182902090034
2007-08-01 00:00:00-04:00,11.921154730183943
2007-08-02 00:00:00-04:00,12.660816773202079
2007-08-03 00:00:00-04:00,12.618463373447918
2007-08-06 00:00:00-04:00,11.810469305866881
2007-08-07 00:00:00-04:00,13.485107710570253
2007-08-08 00:00:00-04:00,13.765299305353984
2007-08-09 00:00:00-04:00,14.36803942224424
2007-08-10 00:00:00-04:00,14.07481482010379
2007-08-13 00:00:00-04:00,12.794405057902484
2007-08-14 00:00:00-04:00,12.383881561524676
2007-08-15 00:00:00-04:00,11.908207152688533
2007-08-16 00:00:00-04:00,11.631272058368221
2007-08-17 00:00:00-04:00,13.094144754285727
2007-08-20 00:00:00-04:00,12.7585625804024
2007-08-21 00:00:00-04:00,12.879110662883365
2007-08-22 00:00:00-04:00,13.169080382303461
2007-08-23 00:00:00-04:00,12.892137429428539
2007-08-24 00:00:00-04:00,12.641269486330923
2007-08-27 00:00:00-04:00,12.673850119213919
2007-08-28 00:00:00-04:00,12.563078853122823
2007-08-29 00:00:00-04:00,12.771599623101249
2007-08-30 00:00:00-04:00,12.885628401182844
2007-08-31 00:00:00-04:00,13.325464037528208
2007-09-04 00:00:00-04:00,12.585885931687196
2007-09-05 00:00:00-04:00,12.478367598809735
2007-09-06 00:00:00-04:00,12.380625649586518
2007-09-07 00:00:00-04:00,12.429498607968883
2007-09-10 00:00:00-04:00,12.579366366791623
2007-09-11 00:00:00-04:00,12.501176354931594
2007-09-12 00:00:00-04:00,12.673855806027316
2007-09-13 00:00:00-04:00,13.208171906067832
2007-09-14 00:00:00-04:00,12.99639888481254
2007-09-17 00:00:00-04:00,13.13649432042154
2007-09-18 00:00:00-04:00,13.139752507804463
2007-09-19 00:00:00-04:00,13.833725290852907
2007-09-20 00:00:00-04:00,13.706658327553834
2007-09-21 00:00:00-04:00,13.677333963446221
2007-09-24 00:00:00-04:00,13.377587579223409
2007-09-25 00:00:00-04:00,13.46881896339129
2007-09-26 00:00:00-04:00,13.595882412029036
2007-09-27 00:00:00-04:00,13.419954131702971
2007-09-28 00:00:00-04:00,13.123464472138462
2007-10-01 00:00:00-04:00,12.60217595764519
2007-10-02 00:00:00-04:00,12.804172383366982
2007-10-03 00:00:00-04:00,13.416691759038667
2007-10-04 00:00:00-04:00,13.582852680017773
2007-10-05 00:00:00-04:00,13.853266371006706
2007-10-08 00:00:00-04:00,13.921685553769493
2007-10-09 00:00:00-04:00,13.846753497371402
2007-10-10 00:00:00-04:00,14.276822239088387
2007-10-11 00:00:00-04:00,13.986848576049569
2007-10-12 00:00:00-04:00,13.807662644659704
2007-10-15 00:00:00-04:00,13.872817576113722
2007-10-16 00:00:00-04:00,13.667557451526527
2007-10-17 00:00:00-04:00,13.67081327484962
2007-10-18 00:00:00-04:00,13.944496716938687
2007-10-19 00:00:00-04:00,13.94449921160878
2007-10-22 00:00:00-04:00,13.283106082488397
2007-10-23 00:00:00-04:00,13.951007223238689
2007-10-24 00:00:00-04:00,13.807652473566705
2007-10-25 00:00:00-04:00,13.765302993391941
2007-10-26 00:00:00-04:00,14.133464359038038
2007-10-29 00:00:00-04:00,14.273556368424867
2007-10-30 00:00:00-04:00,14.24749624928655
2007-10-31 00:00:00-04:00,14.335465977437341
2007-11-01 00:00:00-04:00,13.839423723269507
2007-11-02 00:00:00-04:00,13.019554232794844
2007-11-05 00:00:00-05:00,13.009717442530544
2007-11-06 00:00:00-05:00,12.924447283073741
2007-11-07 00:00:00-05:00,12.786706605781744
2007-11-08 00:00:00-05:00,12.724400584875365
2007-11-09 00:00:00-05:00,12.819502837682252
2007-11-12 00:00:00-05:00,13.068746328997761
2007-11-13 00:00:00-05:00,13.304871359279671
2007-11-14 00:00:00-05:00,13.495086081721292
2007-11-15 00:00:00-05:00,13.232720899549452
2007-11-16 00:00:00-05:00,12.98675797106863
2007-11-19 00:00:00-05:00,12.619455515914975
2007-11-20 00:00:00-05:00,12.002912783223413
2007-11-21 00:00:00-05:00,12.73752042155696
2007-11-23 00:00:00-05:00,12.914610687800835
2007-11-26 00:00:00-05:00,13.058907764458436
2007-11-27 00:00:00-05:00,12.639136812932495
2007-11-28 00:00:00-05:00,12.727679086778272
2007-11-29 00:00:00-05:00,13.314706520972987
2007-11-30 00:00:00-05:00,13.150735771805952
2007-12-03 00:00:00-05:00,12.921170795769838
2007-12-04 00:00:00-05:00,12.41940768563147
2007-12-05 00:00:00-05:00,12.534192031557946
2007-12-06 00:00:00-05:00,12.52763193665401
2007-12-07 00:00:00-05:00,12.734238422949582
2007-12-10 00:00:00-05:00,12.721123991000146
2007-12-11 00:00:00-05:00,12.8523019462458
2007-12-12 00:00:00-05:00,12.471879930553134
2007-12-13 00:00:00-05:00,12.53091030985411
2007-12-14 00:00:00-05:00,12.50467742150325
2007-12-17 00:00:00-05:00,12.13408878568094
2007-12-18 00:00:00-05:00,12.232477507050307
2007-12-19 00:00:00-05:00,12.586662984992946
2007-12-20 00:00:00-05:00,12.681764357631138
2007-12-21 00:00:00-05:00,12.806382728183241
2007-12-24 00:00:00-05:00,12.84246254771852
2007-12-26 00:00:00-05:00,12.819503442191753
2007-12-27 00:00:00-05:00,12.809671107717442
2007-12-28 00:00:00-05:00,12.445641802772787
2007-12-31 00:00:00-05:00,12.199682523640698
2008-01-02 00:00:00-05:00,12.134095241382749
2008-01-03 00:00:00-05:00,12.134091264436185
2008-01-04 00:00:00-05:00,11.960278650923046
2008-01-07 00:00:00-05:00,11.970115641453805
2008-01-08 00:00:00-05:00,12.134096312888476
2008-01-09 00:00:00-05:00,11.986514479683951
2008-01-10 00:00:00-05:00,12.120979575591152
2008-01-11 00:00:00-05:00,11.976678536316557
2008-01-14 00:00:00-05:00,11.986514405205765
2008-01-15 00:00:00-05:00,11.891408868071894
2008-01-16 00:00:00-05:00,11.825824282007284
2008-01-17 00:00:00-05:00,11.884847962031902
2008-01-18 00:00:00-05:00,11.806143253979283
2008-01-22 00:00:00-05:00,11.481475948040979
2008-01-23 00:00:00-05:00,10.9206847257023
2008-01-24 00:00:00-05:00,11.632333901822498
2008-01-25 00:00:00-05:00,11.724156582525024
2008-01-28 00:00:00-05:00,11.347016272022929
2008-01-29 00:00:00-05:00,11.606096808132548
2008-01-30 00:00:00-05:00,11.445402183011412
2008-01-31 00:00:00-05:00,10.950642948055282
2008-02-01 00:00:00-05:00,11.552760534812005
2008-02-04 00:00:00-05:00,11.615620176128756
2008-02-05 00:00:00-05:00,11.628855844576517
2008-02-06 00:00:00-05:00,11.54284263085343
2008-02-07 00:00:00-05:00,11.489903939977717
2008-02-08 00:00:00-05:00,11.609007561562612
2008-02-11 00:00:00-05:00,11.496519328549644
2008-02-12 00:00:00-05:00,11.542836248809667
2008-02-13 00:00:00-05:00,11.744645892161293
2008-02-14 00:00:00-05:00,12.025850464678078
2008-02-15 00:00:00-05:00,11.585849389647793
2008-02-19 00:00:00-05:00,11.661941310124073
2008-02-20 00:00:00-05:00,11.522986225066887
2008-02-21 00:00:00-05:00,11.843898472884819
2008-02-22 00:00:00-05:00,11.46343679072248
2008-02-25 00:00:00-05:00,11.622234899980318
2008-02-26 00:00:00-05:00,11.814117922371759
2008-02-27 00:00:00-05:00,12.168116187208371
2008-02-28 00:00:00-05:00,12.240896291073547
2008-02-29 00:00:00-05:00,12.406314551103305
2008-03-03 00:00:00-05:00,12.446016347064008
2008-03-04 00:00:00-05:00,12.44270782317374
2008-03-05 00:00:00-05:00,12.489027400077013
2008-03-06 00:00:00-05:00,12.56512167140815
2008-03-07 00:00:00-05:00,12.373236522219052
2008-03-10 00:00:00-04:00,12.786777098303837
2008-03-11 00:00:00-04:00,12.912495212914681
2008-03-12 00:00:00-04:00,13.064681170380872
2008-03-13 00:00:00-04:00,13.018364589847259
2008-03-14 00:00:00-04:00,13.299573153032561
2008-03-17 00:00:00-04:00,12.637900586662091
2008-03-18 00:00:00-04:00,13.067986592858338
2008-03-19 00:00:00-04:00,13.531154693087702
2008-03-20 00:00:00-04:00,13.127540325458067
2008-03-24 00:00:00-04:00,13.375667419178935
2008-03-25 00:00:00-04:00,13.269800029435117
2008-03-26 00:00:00-04:00,12.836405913141606
2008-03-27 00:00:00-04:00,13.200324804125337
2008-03-28 00:00:00-04:00,12.57504539793338
2008-03-31 00:00:00-04:00,12.257439524374588
2008-04-01 00:00:00-04:00,12.657749356585196
2008-04-02 00:00:00-04:00,13.074608404386542
2008-04-03 00:00:00-04:00,12.902567699565141
2008-04-04 00:00:00-04:00,13.061371921275901
2008-04-07 00:00:00-04:00,13.233402640058099
2008-04-08 00:00:00-04:00,13.117607747849961
2008-04-09 00:00:00-04:00,13.266492872518477
2008-04-10 00:00:00-04:00,13.273108328682232
2008-04-11 00:00:00-04:00,13.233402793130715
2008-04-14 00:00:00-04:00,13.134157666843565
2008-04-15 00:00:00-04:00,13.299568435631418
2008-04-16 00:00:00-04:00,13.431905379802233
2008-04-17 00:00:00-04:00,13.544390052121862
2008-04-18 00:00:00-04:00,13.613858173846218
2008-04-21 00:00:00-04:00,13.415365530636073
2008-04-22 00:00:00-04:00,13.286341832506576
2008-04-23 00:00:00-04:00,13.07129809971911
2008-04-24 00:00:00-04:00,13.101069755475008
2008-04-25 00:00:00-04:00,13.140774572283734
2008-04-28 00:00:00-04:00,12.763622795250399
2008-04-29 00:00:00-04:00,12.856254632839475
2008-04-30 00:00:00-04:00,12.737150754368692
2008-05-01 00:00:00-04:00,12.80331818332761
2008-05-02 00:00:00-04:00,12.620852405233336
2008-05-05 00:00:00-04:00,12.26740017877876
2008-05-06 00:00:00-04:00,12.220724060488058
2008-05-07 00:00:00-04:00,12.290743658486402
2008-05-08 00:00:00-04:00,11.96397200580065
2008-05-09 00:00:00-04:00,11.763901025323324
2008-05-12 00:00:00-04:00,12.337421114688368
2008-05-13 00:00:00-04:00,12.590841577817198
2008-05-14 00:00:00-04:00,12.264067352490786
2008-05-15 00:00:00-04:00,12.307416730143558
2008-05-16 00:00:00-04:00,12.134019668551787
2008-05-19 00:00:00-04:00,12.057330876590834
2008-05-20 00:00:00-04:00,12.000647142963127
2008-05-21 00:00:00-04:00,12.11401605463049
2008-05-22 00:00:00-04:00,12.280738759417327
2008-05-23 00:00:00-04:00,12.177369854660933
2008-05-27 00:00:00-04:00,12.043990145936657
2008-05-28 00:00:00-04:00,12.197378895449996
2008-05-29 00:00:00-04:00,12.023987346157805
2008-05-30 00:00:00-04:00,12.28741161262566
2008-06-02 00:00:00-04:00,12.114016821036603
2008-06-03 00:00:00-04:00,11.900611877441406
2008-06-04 00:00:00-04:00,11.817251160718818
2008-06-05 00:00:00-04:00,12.160696320977976
2008-06-06 00:00:00-04:00,12.270735179287623
2008-06-09 00:00:00-04:00,11.803911501301501
2008-06-10 00:00:00-04:00,11.93729177948098
2008-06-11 00:00:00-04:00,11.930623803398497
2008-06-12 00:00:00-04:00,12.003979134914927
2008-06-13 00:00:00-04:00,12.060667631046389
2008-06-16 00:00:00-04:00,12.220723493766272
2008-06-17 00:00:00-04:00,12.234053017217356
2008-06-18 00:00:00-04:00,12.147362243537227
2008-06-19 00:00:00-04:00,12.074006409835716
2008-06-20 00:00:00-04:00,12.217384448865342
2008-06-23 00:00:00-04:00,12.180708482235975
2008-06-24 00:00:00-04:00,12.060669806603604
2008-06-25 00:00:00-04:00,11.830588046898445
2008-06-26 00:00:00-04:00,11.600517841273534
2008-06-27 00:00:00-04:00,11.280403613029854
2008-06-30 00:00:00-04:00,10.77357511702288
2008-07-01 00:00:00-04:00,10.83359333463318
2008-07-02 00:00:00-04:00,10.973636845433678
2008-07-03 00:00:00-04:00,10.613519362734714
2008-07-07 00:00:00-04:00,10.456797135121315
2008-07-08 00:00:00-04:00,10.433457203570178
2008-07-09 00:00:00-04:00,10.716885189107284
2008-07-10 00:00:00-04:00,10.693547220750714
2008-07-11 00:00:00-04:00,10.86693733412823
2008-07-14 00:00:00-04:00,11.220383978679264
2008-07-15 00:00:00-04:00,11.00364653365652
2008-07-16 00:00:00-04:00,11.077007358540257
2008-07-17 00:00:00-04:00,11.217049336891266
2008-07-18 00:00:00-04:00,11.173702681709777
2008-07-21 00:00:00-04:00,11.063668381182904
2008-07-22 00:00:00-04:00,11.233730014050751
2008-07-23 00:00:00-04:00,11.67053639617536
2008-07-24 00:00:00-04:00,11.467138196181622
2008-07-25 00:00:00-04:00,11.460469584673541
2008-07-28 00:00:00-04:00,11.610512870434498
2008-07-29 00:00:00-04:00,11.80057929287099
2008-07-30 00:00:00-04:00,11.78057444943143
2008-07-31 00:00:00-04:00,11.89536729632715
2008-08-01 00:00:00-04:00,12.355987019837771
2008-08-04 00:00:00-04:00,12.332451293397366
2008-08-05 00:00:00-04:00,12.5274514962896
2008-08-06 00:00:00-04:00,12.964539811536246
2008-08-07 00:00:00-04:00,12.675395309910444
2008-08-08 00:00:00-04:00,13.021696282645012
2008-08-11 00:00:00-04:00,12.87712845058781
2008-08-12 00:00:00-04:00,13.415077413394233
2008-08-13 00:00:00-04:00,13.136012395422318
2008-08-14 00:00:00-04:00,13.246965969639538
2008-08-15 00:00:00-04:00,13.347826439355686
2008-08-18 00:00:00-04:00,13.46214614797347
2008-08-19 00:00:00-04:00,13.438607112373294
2008-08-20 00:00:00-04:00,13.361280585861866
2008-08-21 00:00:00-04:00,13.331013018463816
2008-08-22 00:00:00-04:00,13.253684308477117
2008-08-25 00:00:00-04:00,13.48903659447719
2008-08-26 00:00:00-04:00,13.307480419662333
2008-08-27 00:00:00-04:00,13.277223865949576
2008-08-28 00:00:00-04:00,13.317559954831276
2008-08-29 00:00:00-04:00,13.445336295546785
2008-09-02 00:00:00-04:00,13.448691982438303
2008-09-03 00:00:00-04:00,13.290669296424285
2008-09-04 00:00:00-04:00,13.119198928939774
2008-09-05 00:00:00-04:00,12.870399163868
2008-09-08 00:00:00-04:00,12.867033378846461
2008-09-09 00:00:00-04:00,12.937641282873594
2008-09-10 00:00:00-04:00,12.920829394352788
2008-09-11 00:00:00-04:00,12.867036868971049
2008-09-12 00:00:00-04:00,12.8166007187997
2008-09-15 00:00:00-04:00,12.7594468078693
2008-09-16 00:00:00-04:00,12.514009510553311
2008-09-17 00:00:00-04:00,13.112473313303683
2008-09-18 00:00:00-04:00,13.08557766096681
2008-09-19 00:00:00-04:00,14.094230778395591
2008-09-22 00:00:00-04:00,13.54619593894245
2008-09-23 00:00:00-04:00,13.243600416638053
2008-09-24 00:00:00-04:00,13.25369190097071
2008-09-25 00:00:00-04:00,12.860306358852705
2008-09-26 00:00:00-04:00,13.169629416872672
2008-09-29 00:00:00-04:00,13.220061436737554
2008-09-30 00:00:00-04:00,12.265205526641871
2008-10-01 00:00:00-04:00,12.789705548464326
2008-10-02 00:00:00-04:00,12.604791927844753
2008-10-03 00:00:00-04:00,12.769536391344499
2008-10-06 00:00:00-04:00,12.355986505535032
2008-10-07 00:00:00-04:00,12.231584493274998
2008-10-08 00:00:00-04:00,11.11197918828414
2008-10-09 00:00:00-04:00,11.115347029702884
2008-10-10 00:00:00-04:00,10.257994373124742
2008-10-13 00:00:00-04:00,11.350698103266305
2008-10-14 00:00:00-04:00,12.073566023830393
2008-10-15 00:00:00-04:00,11.555792199189558
2008-10-16 00:00:00-04:00,11.06491456686172
2008-10-17 00:00:00-04:00,11.36750633658761
2008-10-20 00:00:00-04:00,11.31035433262309
2008-10-21 00:00:00-04:00,11.09853519581621
2008-10-22 00:00:00-04:00,10.661452986030714
2008-10-23 00:00:00-04:00,10.26471383497697
2008-10-24 00:00:00-04:00,9.854528763421573
2008-10-27 00:00:00-04:00,10.409288045193088
2008-10-28 00:00:00-04:00,10.08987871182644
2008-10-29 00:00:00-04:00,10.631193626170562
2008-10-30 00:00:00-04:00,11.921907365874928
2008-10-31 00:00:00-04:00,12.28821422751848
2008-11-03 00:00:00-05:00,12.705395947957681
2008-11-04 00:00:00-05:00,13.35322004263614
2008-11-05 00:00:00-05:00,13.000479342572445
2008-11-06 00:00:00-05:00,13.058129958028303
2008-11-07 00:00:00-05:00,13.027610532398029
2008-11-10 00:00:00-05:00,13.281988359744988
2008-11-11 00:00:00-05:00,13.031005560617317
2008-11-12 00:00:00-05:00,13.132751612343357
2008-11-13 00:00:00-05:00,12.712175026990579
2008-11-14 00:00:00-05:00,13.092051389610294
2008-11-17 00:00:00-05:00,13.037787272002456
2008-11-18 00:00:00-05:00,13.417657625572566
2008-11-19 00:00:00-05:00,13.583857099844476
2008-11-20 00:00:00-05:00,14.00442539167009
2008-11-21 00:00:00-05:00,13.210757388961854
2008-11-24 00:00:00-05:00,13.794142963541315
2008-11-25 00:00:00-05:00,13.906058973890733
2008-11-26 00:00:00-05:00,13.767007886209703
2008-11-28 00:00:00-05:00,14.099395970900042
2008-12-01 00:00:00-05:00,14.302899457367872
2008-12-02 00:00:00-05:00,13.519415118401495
2008-12-03 00:00:00-05:00,13.373565471414786
2008-12-04 00:00:00-05:00,14.01460548904321
2008-12-05 00:00:00-05:00,13.51940393567573
2008-12-08 00:00:00-05:00,14.112955353239839
2008-12-09 00:00:00-05:00,13.712739360374496
2008-12-10 00:00:00-05:00,13.512623068775826
2008-12-11 00:00:00-05:00,13.278593689217542
2008-12-12 00:00:00-05:00,12.864804943706423
2008-12-15 00:00:00-05:00,13.963722166913811
2008-12-16 00:00:00-05:00,13.804315332213905
2008-12-17 00:00:00-05:00,14.224890894537573
2008-12-18 00:00:00-05:00,14.757387305487367
2008-12-19 00:00:00-05:00,15.079604841749086
2008-12-22 00:00:00-05:00,15.344156366612069
2008-12-23 00:00:00-05:00,15.361115565234437
2008-12-24 00:00:00-05:00,15.17795872373818
2008-12-26 00:00:00-05:00,15.2186645176562
2008-12-29 00:00:00-05:00,15.211881938006876
2008-12-30 00:00:00-05:00,14.818444623157948
2008-12-31 00:00:00-05:00,15.564617895823238
2009-01-02 00:00:00-05:00,15.768128091556525
2009-01-05 00:00:00-05:00,15.33059191434743
2009-01-06 00:00:00-05:00,14.764171341497686
2009-01-07 00:00:00-05:00,14.536924302783433
2009-01-08 00:00:00-05:00,14.306292999246448
2009-01-09 00:00:00-05:00,14.438565936578799
2009-01-12 00:00:00-05:00,13.956941850623476
2009-01-13 00:00:00-05:00,13.936592567418364
2009-01-14 00:00:00-05:00,13.994252224416575
2009-01-15 00:00:00-05:00,13.824667581179218
2009-01-16 00:00:00-05:00,14.611538228387996
2009-01-20 00:00:00-05:00,14.279156214447964
2009-01-21 00:00:00-05:00,14.068870761885831
2009-01-22 00:00:00-05:00,14.123137000016868
2009-01-23 00:00:00-05:00,14.062085642837975
2009-01-26 00:00:00-05:00,14.408037685699027
2009-01-27 00:00:00-05:00,14.842182752736806
2009-01-28 00:00:00-05:00,15.198318168290626
2009-01-29 00:00:00-05:00,14.988023660567913
2009-01-30 00:00:00-05:00,15.049074478270557
2009-02-02 00:00:00-05:00,14.601368387305596
2009-02-03 00:00:00-05:00,15.411988006966618
2009-02-04 00:00:00-05:00,15.388247131430854
2009-02-05 00:00:00-05:00,15.226577596849083
2009-02-06 00:00:00-05:00,15.492868972355739
2009-02-09 00:00:00-05:00,15.731852961925055
2009-02-10 00:00:00-05:00,15.325577999790537
2009-02-11 00:00:00-05:00,15.083187806802902
2009-02-12 00:00:00-05:00,14.762266940062302
2009-02-13 00:00:00-05:00,15.07294952955074
2009-02-17 00:00:00-05:00,14.765680074691772
2009-02-18 00:00:00-05:00,14.775925295001443
2009-02-19 00:00:00-05:00,14.379897449523451
2009-02-20 00:00:00-05:00,13.734646808624644
2009-02-23 00:00:00-05:00,13.888279807541599
2009-02-24 00:00:00-05:00,14.000936524901988
2009-02-25 00:00:00-05:00,13.799512764431308
2009-02-26 00:00:00-05:00,13.690254778765205
2009-02-27 00:00:00-05:00,12.81967718116255
2009-03-02 00:00:00-05:00,13.26350799683271
2009-03-03 00:00:00-05:00,13.840477791289487
2009-03-04 00:00:00-05:00,13.29422478030861
2009-03-05 00:00:00-05:00,13.485419926251206
2009-03-06 00:00:00-05:00,13.082559579114063
2009-03-09 00:00:00-04:00,13.123528834509361
2009-03-10 00:00:00-04:00,13.140599369518108
2009-03-11 00:00:00-04:00,13.352271362961163
2009-03-12 00:00:00-04:00,13.079148428651079
2009-03-13 00:00:00-04:00,13.5263890365902
2009-03-16 00:00:00-04:00,13.813163716425628
2009-03-17 00:00:00-04:00,13.437618347106412
2009-03-18 00:00:00-04:00,13.823409907781253
2009-03-19 00:00:00-04:00,14.700814374025846
2009-03-20 00:00:00-04:00,14.851031072040987
2009-03-23 00:00:00-04:00,14.690573753540676
2009-03-24 00:00:00-04:00,14.475490139952138
2009-03-25 00:00:00-04:00,13.79609694019929
2009-03-26 00:00:00-04:00,14.031666785161049
2009-03-27 00:00:00-04:00,14.031660502585261
2009-03-30 00:00:00-04:00,13.669777610249072
2009-03-31 00:00:00-04:00,14.39355166794626
2009-04-01 00:00:00-04:00,14.099939798286112
2009-04-02 00:00:00-04:00,14.113599876106495
2009-04-03 00:00:00-04:00,13.720987774899502
2009-04-06 00:00:00-04:00,13.693677143931604
2009-04-07 00:00:00-04:00,13.516143435921895
2009-04-08 00:00:00-04:00,13.434203906590682
2009-04-09 00:00:00-04:00,13.581009626399798
2009-04-13 00:00:00-04:00,13.017694759684467
2009-04-14 00:00:00-04:00,12.676293153022094
2009-04-15 00:00:00-04:00,12.317821279365713
2009-04-16 00:00:00-04:00,12.666051459689626
2009-04-17 00:00:00-04:00,12.672877795203574
2009-04-20 00:00:00-04:00,12.5329034283193
2009-04-21 00:00:00-04:00,12.331481712878137
2009-04-22 00:00:00-04:00,12.874305598222051
2009-04-23 00:00:00-04:00,12.816262913761763
2009-04-24 00:00:00-04:00,12.809445766076069
2009-04-27 00:00:00-04:00,12.887960763270277
2009-04-28 00:00:00-04:00,13.133772591133951
2009-04-29 00:00:00-04:00,13.505901446147925
2009-04-30 00:00:00-04:00,13.826826580807468
2009-05-01 00:00:00-04:00,13.32154672530828
2009-05-04 00:00:00-04:00,13.041596620414008
2009-05-05 00:00:00-04:00,12.829923629760742
2009-05-06 00:00:00-04:00,12.958964264420993
2009-05-07 00:00:00-04:00,12.755941817430593
2009-05-08 00:00:00-04:00,12.731851419790274
2009-05-11 00:00:00-04:00,12.6561536845967
2009-05-12 00:00:00-04:00,12.900467908517808
2009-05-13 00:00:00-04:00,12.487539700774764
2009-05-14 00:00:00-04:00,12.239787237695866
2009-05-15 00:00:00-04:00,12.212258115552567
2009-05-18 00:00:00-04:00,12.08494401786999
2009-05-19 00:00:00-04:00,12.071175778083854
2009-05-20 00:00:00-04:00,12.119351620525816
2009-05-21 00:00:00-04:00,11.785566929128569
2009-05-22 00:00:00-04:00,11.754596316366223
2009-05-26 00:00:00-04:00,11.524047286506683
2009-05-27 00:00:00-04:00,12.06085300828172
2009-05-28 00:00:00-04:00,11.885357628904943
2009-05-29 00:00:00-04:00,11.850948558838137
2009-06-01 00:00:00-04:00,12.091820773018462
2009-06-02 00:00:00-04:00,12.088379847365017
2009-06-03 00:00:00-04:00,12.26387429216774
2009-06-04 00:00:00-04:00,12.308605680904726
2009-06-05 00:00:00-04:00,12.418721572825476
2009-06-08 00:00:00-04:00,12.48066038740694
2009-06-09 00:00:00-04:00,12.460013301461428
2009-06-10 00:00:00-04:00,12.4496909215633
2009-06-11 00:00:00-04:00,12.274191835072997
2009-06-12 00:00:00-04:00,12.336134152151779
2009-06-15 00:00:00-04:00,12.504747840319043
2009-06-16 00:00:00-04:00,12.260429743483838
2009-06-17 00:00:00-04:00,12.198495303370333
2009-06-18 00:00:00-04:00,12.21913842085676
2009-06-19 00:00:00-04:00,12.449690887540811
2009-06-22 00:00:00-04:00,12.033324109607653
2009-06-23 00:00:00-04:00,12.360223588286251
2009-06-24 00:00:00-04:00,12.253547503801045
2009-06-25 00:00:00-04:00,12.119350016307218
2009-06-26 00:00:00-04:00,12.112467866733887
2009-06-29 00:00:00-04:00,12.49098278998101
2009-06-30 00:00:00-04:00,12.635506683908288
2009-07-01 00:00:00-04:00,12.759379991384352
2009-07-02 00:00:00-04:00,12.817878233243341
2009-07-06 00:00:00-04:00,12.525389902732298
2009-07-07 00:00:00-04:00,12.61829936942382
2009-07-08 00:00:00-04:00,12.563243532853948
2009-07-09 00:00:00-04:00,12.48065905061183
2009-07-10 00:00:00-04:00,12.122791412542172
2009-07-13 00:00:00-04:00,12.363660908245349
2009-07-14 00:00:00-04:00,12.518512113434278
2009-07-15 00:00:00-04:00,12.594215700744684
2009-07-16 00:00:00-04:00,12.649273127723317
2009-07-17 00:00:00-04:00,12.831646887190702
2009-07-20 00:00:00-04:00,12.663033482901943
2009-07-21 00:00:00-04:00,12.50818830029957
2009-07-22 00:00:00-04:00,12.425604389860956
2009-07-23 00:00:00-04:00,12.44624894209529
2009-07-24 00:00:00-04:00,12.58388940322313
2009-07-27 00:00:00-04:00,12.900467993625757
2009-07-28 00:00:00-04:00,12.817877839340577
2009-07-29 00:00:00-04:00,12.938317671553232
2009-07-30 00:00:00-04:00,13.079400251363262
2009-07-31 00:00:00-04:00,13.041549222690195
2009-08-03 00:00:00-04:00,13.04155212908456
2009-08-04 00:00:00-04:00,13.110372531529103
2009-08-05 00:00:00-04:00,13.041549545407102
2009-08-06 00:00:00-04:00,12.889123862364606
2009-08-07 00:00:00-04:00,12.66366794947412
2009-08-10 00:00:00-04:00,12.798942881234158
2009-08-11 00:00:00-04:00,13.069488844337023
2009-08-12 00:00:00-04:00,13.270661848982396
2009-08-13 00:00:00-04:00,13.669543518695443
2009-08-14 00:00:00-04:00,13.14926688689123
2009-08-17 00:00:00-04:00,12.916876946771925
2009-08-18 00:00:00-04:00,13.111114842282836
2009-08-19 00:00:00-04:00,12.920338600700147
2009-08-20 00:00:00-04:00,13.159673673601917
2009-08-21 00:00:00-04:00,13.340036988395179
2009-08-24 00:00:00-04:00,13.333095250134999
2009-08-25 00:00:00-04:00,13.229042100067742
2009-08-26 00:00:00-04:00,13.069490196597199
2009-08-27 00:00:00-04:00,13.135392913839544
2009-08-28 00:00:00-04:00,13.173546850275928
2009-08-31 00:00:00-04:00,12.92727747147609
2009-09-01 00:00:00-04:00,12.850970861911637
2009-09-02 00:00:00-04:00,12.743444396927261
2009-09-03 00:00:00-04:00,12.708759850003736
2009-09-04 00:00:00-04:00,12.635924361840967
2009-09-08 00:00:00-04:00,12.66713936003911
2009-09-09 00:00:00-04:00,12.760788331825037
2009-09-10 00:00:00-04:00,12.850965972018663
2009-09-11 00:00:00-04:00,12.95502770378641
2009-09-14 00:00:00-04:00,12.656732648728347
2009-09-15 00:00:00-04:00,12.781597935406229
2009-09-16 00:00:00-04:00,13.1874175039411
2009-09-17 00:00:00-04:00,13.25331962636855
2009-09-18 00:00:00-04:00,13.44756528432617
2009-09-21 00:00:00-04:00,13.451023735449205
2009-09-22 00:00:00-04:00,13.371252739196406
2009-09-23 00:00:00-04:00,13.319219912962769
2009-09-24 00:00:00-04:00,13.388591524693163
2009-09-25 00:00:00-04:00,13.25331358955241
2009-09-28 00:00:00-04:00,12.95849381716862
2009-09-29 00:00:00-04:00,13.586303253935352
2009-09-30 00:00:00-04:00,13.627925010001189
2009-10-01 00:00:00-04:00,13.416340100170066
2009-10-02 00:00:00-04:00,13.301882052464583
2009-10-05 00:00:00-04:00,13.402471491774534
2009-10-06 00:00:00-04:00,13.475309465524859
2009-10-07 00:00:00-04:00,13.305348731838828
2009-10-08 00:00:00-04:00,13.53774052692378
2009-10-09 00:00:00-04:00,13.600176537311382
2009-10-12 00:00:00-04:00,13.718111642236758
2009-10-13 00:00:00-04:00,13.676490407524586
2009-10-14 00:00:00-04:00,13.784010483035898
2009-10-15 00:00:00-04:00,13.714639299736485
2009-10-16 00:00:00-04:00,13.690357801996191
2009-10-19 00:00:00-04:00,13.735449201763116
2009-10-20 00:00:00-04:00,13.950495470874033
2009-10-21 00:00:00-04:00,13.891532663184062
2009-10-22 00:00:00-04:00,13.815225961655893
2009-10-23 00:00:00-04:00,13.773601344521085
2009-10-26 00:00:00-04:00,13.49612150968199
2009-10-27 00:00:00-04:00,13.33656656330395
2009-10-28 00:00:00-04:00,13.270664579823924
2009-10-29 00:00:00-04:00,13.301880230346097
2009-10-30 00:00:00-04:00,13.010519808974124
2009-11-02 00:00:00-05:00,12.6532631837871
2009-11-03 00:00:00-05:00,12.573481335558972
2009-11-04 00:00:00-05:00,12.78159553714327
2009-11-05 00:00:00-05:00,12.548698205467348
2009-11-06 00:00:00-05:00,12.681597436618338
2009-11-09 00:00:00-05:00,12.751548918057036
2009-11-10 00:00:00-05:00,12.594160140893072
2009-11-11 00:00:00-05:00,12.548701995177543
2009-11-12 00:00:00-05:00,12.552193405245061
2009-11-13 00:00:00-05:00,12.251417697370268
2009-11-16 00:00:00-05:00,12.3143666346572
2009-11-17 00:00:00-05:00,12.67810235381182
2009-11-18 00:00:00-05:00,12.786526944535547
2009-11-19 00:00:00-05:00,12.671107660605506
2009-11-20 00:00:00-05:00,12.4822418967598
2009-11-23 00:00:00-05:00,12.667609333401156
2009-11-24 00:00:00-05:00,12.751548564553575
2009-11-25 00:00:00-05:00,12.922919713642834
2009-11-27 00:00:00-05:00,12.639631098552282
2009-11-30 00:00:00-05:00,12.688599496859673
2009-12-01 00:00:00-05:00,12.845973670212187
2009-12-02 00:00:00-05:00,12.776028096113738
2009-12-03 00:00:00-05:00,13.083798053776025
2009-12-04 00:00:00-05:00,13.076802394372606
2009-12-07 00:00:00-05:00,13.150250430611475
2009-12-08 00:00:00-05:00,13.241188308677204
2009-12-09 00:00:00-05:00,13.129271239519923
2009-12-10 00:00:00-05:00,13.07331070415218
2009-12-11 00:00:00-05:00,13.136262772803166
2009-12-14 00:00:00-05:00,13.174728810612413
2009-12-15 00:00:00-05:00,13.230693282749234
2009-12-16 00:00:00-05:00,13.26565997129944
2009-12-17 00:00:00-05:00,13.12926577900972
2009-12-18 00:00:00-05:00,13.027843108399733
2009-12-21 00:00:00-05:00,12.83548571219043
2009-12-22 00:00:00-05:00,12.999863412729988
2009-12-23 00:00:00-05:00,12.950900303422728
2009-12-24 00:00:00-05:00,12.95789455125207
2009-12-28 00:00:00-05:00,13.03483885026615
2009-12-29 00:00:00-05:00,12.989371633029068
2009-12-30 00:00:00-05:00,13.090797852983027
2009-12-31 00:00:00-05:00,12.961390247976324
2010-01-04 00:00:00-05:00,13.003361926336842
2010-01-05 00:00:00-05:00,12.940405957090501
2010-01-06 00:00:00-05:00,12.573178746154671
2010-01-07 00:00:00-05:00,12.485746735017115
2010-01-08 00:00:00-05:00,12.534706964965638
2010-01-11 00:00:00-05:00,12.772531764463757
2010-01-12 00:00:00-05:00,12.706082455030216
2010-01-13 00:00:00-05:00,12.873959835490568
2010-01-14 00:00:00-05:00,12.919424201784922
2010-01-15 00:00:00-05:00,13.251682453006408
2010-01-19 00:00:00-05:00,13.237689242999275
2010-01-20 00:00:00-05:00,13.20620928190502
2010-01-21 00:00:00-05:00,13.066315034977965
2010-01-22 00:00:00-05:00,12.786520700387165
2010-01-25 00:00:00-05:00,12.797010987116574
2010-01-26 00:00:00-05:00,12.74105429451438
2010-01-27 00:00:00-05:00,12.594169508725237
2010-01-28 00:00:00-05:00,12.730563295286474
2010-01-29 00:00:00-05:00,12.611650362609417
2010-02-01 00:00:00-05:00,12.72357198003714
2010-02-02 00:00:00-05:00,12.751542399882075
2010-02-03 00:00:00-05:00,12.60815294078933
2010-02-04 00:00:00-05:00,12.951662041896297
2010-02-05 00:00:00-05:00,12.747146268545428
2010-02-08 00:00:00-05:00,12.79298302191492
2010-02-09 00:00:00-05:00,12.634302185856148
2010-02-10 00:00:00-05:00,12.517940264456378
2010-02-11 00:00:00-05:00,12.55673053969153
2010-02-12 00:00:00-05:00,12.602573252180287
2010-02-16 00:00:00-05:00,12.75772701321213
2010-02-17 00:00:00-05:00,12.895244700722081
2010-02-18 00:00:00-05:00,12.9128701076422
2010-02-19 00:00:00-05:00,13.001023701587828
2010-02-22 00:00:00-05:00,13.247862612572595
2010-02-23 00:00:00-05:00,13.166760606683539
2010-02-24 00:00:00-05:00,13.131501197814941
2010-02-25 00:00:00-05:00,13.001032249818648
2010-02-26 00:00:00-05:00,12.951663300377248
2010-03-01 00:00:00-05:00,12.687197870993328
2010-03-02 00:00:00-05:00,12.570834825149738
2010-03-03 00:00:00-05:00,12.563784148058456
2010-03-04 00:00:00-05:00,12.874085179969276
2010-03-05 00:00:00-05:00,12.912873196961186
2010-03-08 00:00:00-05:00,13.004554572845327
2010-03-09 00:00:00-05:00,12.888192905557231
2010-03-10 00:00:00-05:00,12.96576355054872
2010-03-11 00:00:00-05:00,12.814140382503098
2010-03-12 00:00:00-05:00,12.944611022913325
2010-03-15 00:00:00-04:00,12.912877702582037
2010-03-16 00:00:00-04:00,12.958713374191968
2010-03-17 00:00:00-04:00,13.008084338907734
2010-03-18 00:00:00-04:00,13.075078791627865
2010-03-19 00:00:00-04:00,13.071555137634277
2010-03-22 00:00:00-04:00,13.036290212837205
2010-03-23 00:00:00-04:00,13.029236381822
2010-03-24 00:00:00-04:00,13.0821295168372
2010-03-25 00:00:00-04:00,12.969294366206295
2010-03-26 00:00:00-04:00,12.888191244573225
2010-03-29 00:00:00-04:00,13.022186451909178
2010-03-30 00:00:00-04:00,13.219652794337158
2010-03-31 00:00:00-04:00,13.223181352490194
2010-04-01 00:00:00-04:00,13.265492351447199
2010-04-05 00:00:00-04:00,13.6181134169549
2010-04-06 00:00:00-04:00,13.720369251287474
2010-04-07 00:00:00-04:00,13.494696524084416
2010-04-08 00:00:00-04:00,13.357176404646195
2010-04-09 00:00:00-04:00,13.304286660528778
2010-04-12 00:00:00-04:00,13.395963668823242
2010-04-13 00:00:00-04:00,13.357175312360983
2010-04-14 00:00:00-04:00,13.575794064303315
2010-04-15 00:00:00-04:00,13.55110920628217
2010-04-16 00:00:00-04:00,13.671003545002035
2010-04-19 00:00:00-04:00,13.52995483891784
2010-04-20 00:00:00-04:00,13.635739849456604
2010-04-21 00:00:00-04:00,13.741522233214607
2010-04-22 00:00:00-04:00,13.748576061336863
2010-04-23 00:00:00-04:00,13.639270991508209
2010-04-26 00:00:00-04:00,13.741527586567258
2010-04-27 00:00:00-04:00,13.48411613347023
2010-04-28 00:00:00-04:00,13.565216702226476
2010-04-29 00:00:00-04:00,13.420646116908628
2010-04-30 00:00:00-04:00,13.78031563742344
2010-05-03 00:00:00-04:00,13.667478040917665
2010-05-04 00:00:00-04:00,13.773259562282352
2010-05-05 00:00:00-04:00,13.671007699174533
2010-05-06 00:00:00-04:00,13.599717454006484
2010-05-07 00:00:00-04:00,13.109314680644307
2010-05-10 00:00:00-04:00,13.045350030288398
2010-05-11 00:00:00-04:00,13.336747687304525
2010-05-12 00:00:00-04:00,13.589050694375183
2010-05-13 00:00:00-04:00,13.731194926692773
2010-05-14 00:00:00-04:00,13.841358281568759
2010-05-17 00:00:00-04:00,13.884006949673292
2010-05-18 00:00:00-04:00,13.90888075608096
2010-05-19 00:00:00-04:00,13.510876370790111
2010-05-20 00:00:00-04:00,13.194602460565982
2010-05-21 00:00:00-04:00,12.714863117334252
2010-05-24 00:00:00-04:00,12.874771534528563
2010-05-25 00:00:00-04:00,12.519407811550796
2010-05-26 00:00:00-04:00,12.633129056949643
2010-05-27 00:00:00-04:00,12.746847372895562
2010-05-28 00:00:00-04:00,12.84279505109103
2010-06-01 00:00:00-04:00,12.654447276868254
2010-06-02 00:00:00-04:00,12.487431722109061
2010-06-03 00:00:00-04:00,12.789484888778212
2010-06-04 00:00:00-04:00,12.661556638598423
2010-06-07 00:00:00-04:00,12.40213973869819
2010-06-08 00:00:00-04:00,12.217353588428614
2010-06-09 00:00:00-04:00,12.32396508871736
2010-06-10 00:00:00-04:00,12.242232109869647
2010-06-11 00:00:00-04:00,12.25999650656339
2010-06-14 00:00:00-04:00,12.522969261929337
2010-06-15 00:00:00-04:00,12.547841127860101
2010-06-16 00:00:00-04:00,12.551395869390563
2010-06-17 00:00:00-04:00,12.803705112050467
2010-06-18 00:00:00-04:00,12.960064766746932
2010-06-21 00:00:00-04:00,13.159061853972684
2010-06-22 00:00:00-04:00,12.99915286742125
2010-06-23 00:00:00-04:00,12.711310363531641
2010-06-24 00:00:00-04:00,12.665109961638569
2010-06-25 00:00:00-04:00,12.73973509708895
2010-06-28 00:00:00-04:00,12.942290597203963
2010-06-29 00:00:00-04:00,12.881885291478515
2010-06-30 00:00:00-04:00,12.661558540717133
2010-07-01 00:00:00-04:00,12.650900106736803
2010-07-02 00:00:00-04:00,12.526519055910162
2010-07-06 00:00:00-04:00,12.586934770288368
2010-07-07 00:00:00-04:00,12.49809400689565
2010-07-08 00:00:00-04:00,12.942292017047764
2010-07-09 00:00:00-04:00,12.860561518185456
2010-07-12 00:00:00-04:00,12.899648111803655
2010-07-13 00:00:00-04:00,12.892542628935697
2010-07-14 00:00:00-04:00,12.864119828815713
2010-07-15 00:00:00-04:00,12.96717156096679
2010-07-16 00:00:00-04:00,12.835687557872756
2010-07-19 00:00:00-04:00,12.626021174041036
2010-07-20 00:00:00-04:00,12.530078294767208
2010-07-21 00:00:00-04:00,12.853450989244527
2010-07-22 00:00:00-04:00,12.764616019412642
2010-07-23 00:00:00-04:00,12.864117474397755
2010-07-26 00:00:00-04:00,13.02403054139801
2010-07-27 00:00:00-04:00,13.27278305761361
2010-07-28 00:00:00-04:00,13.354516804754123
2010-07-29 00:00:00-04:00,13.134185732700644
2010-07-30 00:00:00-04:00,12.583379566160511
2010-08-02 00:00:00-04:00,12.78593369218044
2010-08-03 00:00:00-04:00,12.67577587095475
2010-08-04 00:00:00-04:00,12.739734844201278
2010-08-05 00:00:00-04:00,12.671173539804128
2010-08-06 00:00:00-04:00,12.545750713870461
2010-08-09 00:00:00-04:00,12.581588165296397
2010-08-10 00:00:00-04:00,12.549336433410645
2010-08-11 00:00:00-04:00,12.37732390410182
2010-08-12 00:00:00-04:00,12.262657342847811
2010-08-13 00:00:00-04:00,12.434666377528302
2010-08-16 00:00:00-04:00,12.409579814582841
2010-08-17 00:00:00-04:00,12.560085056313905
2010-08-18 00:00:00-04:00,12.545755125948316
2010-08-19 00:00:00-04:00,12.431080881876557
2010-08-20 00:00:00-04:00,12.305660503604482
2010-08-23 00:00:00-04:00,12.377329065299204
2010-08-24 00:00:00-04:00,12.133652135258707
2010-08-25 00:00:00-04:00,12.23757289520253
2010-08-26 00:00:00-04:00,12.57441793474898
2010-08-27 00:00:00-04:00,12.54933449394632
2010-08-30 00:00:00-04:00,12.696259351419613
2010-08-31 00:00:00-04:00,12.43107834115916
2010-09-01 00:00:00-04:00,12.628170517225232
2010-09-02 00:00:00-04:00,12.87184627466012
2010-09-03 00:00:00-04:00,12.775093446175894
2010-09-07 00:00:00-04:00,12.74642866727165
2010-09-08 00:00:00-04:00,12.77151242949936
2010-09-09 00:00:00-04:00,12.767927572527434
2010-09-10 00:00:00-04:00,12.742843304740992
2010-09-13 00:00:00-04:00,12.900520764759673
2010-09-14 00:00:00-04:00,12.947104693864839
2010-09-15 00:00:00-04:00,12.778675930536187
2010-09-16 00:00:00-04:00,12.92918391575904
2010-09-17 00:00:00-04:00,12.889766873435077
2010-09-20 00:00:00-04:00,12.954269533244126
2010-09-21 00:00:00-04:00,13.101192523034275
2010-09-22 00:00:00-04:00,12.98293514189303
2010-09-23 00:00:00-04:00,12.896933164437426
2010-09-24 00:00:00-04:00,12.961432180476745
2010-09-27 00:00:00-04:00,13.06535868082035
2010-09-28 00:00:00-04:00,13.154946065742848
2010-09-29 00:00:00-04:00,13.108360562234244
2010-09-30 00:00:00-04:00,13.258863879938318
2010-10-01 00:00:00-04:00,13.34844986704039
2010-10-04 00:00:00-04:00,13.240946404899656
2010-10-05 00:00:00-04:00,13.42012076188228
2010-10-06 00:00:00-04:00,13.42012076188228
2010-10-07 00:00:00-04:00,13.524043311618971
2010-10-08 00:00:00-04:00,13.445202436971567
2010-10-11 00:00:00-04:00,13.513289356843751
2010-10-12 00:00:00-04:00,13.438037079611545
2010-10-13 00:00:00-04:00,13.423701088342797
2010-10-14 00:00:00-04:00,13.534791153845546
2010-10-15 00:00:00-04:00,13.531211589648795
2010-10-18 00:00:00-04:00,13.473874729324658
2010-10-19 00:00:00-04:00,13.412953415795881
2010-10-20 00:00:00-04:00,13.570628784973673
2010-10-21 00:00:00-04:00,13.592131870032503
2010-10-22 00:00:00-04:00,13.592126562430927
2010-10-25 00:00:00-04:00,13.6136263121607
2010-10-26 00:00:00-04:00,13.448788234488465
2010-10-27 00:00:00-04:00,13.484626157253551
2010-10-28 00:00:00-04:00,13.552710139890348
2010-10-29 00:00:00-04:00,13.25886092159367
2010-11-01 00:00:00-04:00,13.391448944761832
2010-11-02 00:00:00-04:00,13.283949360225169
2010-11-03 00:00:00-04:00,13.359204218618165
2010-11-04 00:00:00-04:00,13.571369155766105
2010-11-05 00:00:00-04:00,13.58221703379322
2010-11-08 00:00:00-05:00,13.564147586268401
2010-11-09 00:00:00-05:00,13.484680833042235
2010-11-10 00:00:00-05:00,13.444942930732605
2010-11-11 00:00:00-05:00,13.412432923167362
2010-11-12 00:00:00-05:00,13.361865254503266
2010-11-15 00:00:00-05:00,13.506351736617688
2010-11-16 00:00:00-05:00,13.455779690328855
2010-11-17 00:00:00-05:00,13.195694390788967
2010-11-18 00:00:00-05:00,13.174018155061768
2010-11-19 00:00:00-05:00,13.1920877121399
2010-11-22 00:00:00-05:00,13.184858662676097
2010-11-23 00:00:00-05:00,13.257104252848254
2010-11-24 00:00:00-05:00,13.444942914765702
2010-11-26 00:00:00-05:00,13.437721511741033
2010-11-29 00:00:00-05:00,13.444943891419165
2010-11-30 00:00:00-05:00,13.332963548516558
2010-12-01 00:00:00-05:00,13.571372442742103
2010-12-02 00:00:00-05:00,13.5316357716372
2010-12-03 00:00:00-05:00,13.430498456726754
2010-12-06 00:00:00-05:00,13.509962917127853
2010-12-07 00:00:00-05:00,13.600271484534916
2010-12-08 00:00:00-05:00,13.513578732127215
2010-12-09 00:00:00-05:00,13.49190224628021
2010-12-10 00:00:00-05:00,13.585820490609514
2010-12-13 00:00:00-05:00,13.643622857400128
2010-12-14 00:00:00-05:00,13.672522407217777
2010-12-15 00:00:00-05:00,13.773660659790039
2010-12-16 00:00:00-05:00,13.798947718907367
2010-12-17 00:00:00-05:00,13.845908627935083
2010-12-20 00:00:00-05:00,13.900092989173585
2010-12-21 00:00:00-05:00,13.831454003525117
2010-12-22 00:00:00-05:00,13.43771860055074
2010-12-23 00:00:00-05:00,13.347412633205035
2010-12-27 00:00:00-05:00,13.38353302984178
2010-12-28 00:00:00-05:00,13.419657668399548
2010-12-29 00:00:00-05:00,13.589435277389049
2010-12-30 00:00:00-05:00,13.751995194559138
2010-12-31 00:00:00-05:00,13.600272472471593
2011-01-03 00:00:00-05:00,13.546089059101776
2011-01-04 00:00:00-05:00,13.614723906563249
2011-01-05 00:00:00-05:00,13.520803911897715
2011-01-06 00:00:00-05:00,13.531638866342432
2011-01-07 00:00:00-05:00,13.481070143087743
2011-01-10 00:00:00-05:00,13.45577802489638
2011-01-11 00:00:00-05:00,13.513578528770982
2011-01-12 00:00:00-05:00,13.553309222787929
2011-01-13 00:00:00-05:00,13.528027556987327
2011-01-14 00:00:00-05:00,13.441327884245663
2011-01-18 00:00:00-05:00,13.564147776290552
2011-01-19 00:00:00-05:00,13.571371002468188
2011-01-20 00:00:00-05:00,13.57137318433767
2011-01-21 00:00:00-05:00,13.61471534684934
2011-01-24 00:00:00-05:00,13.481065159000222
2011-01-25 00:00:00-05:00,13.50635393724059
2011-01-26 00:00:00-05:00,13.658070590837292
2011-01-27 00:00:00-05:00,13.730312654240008
2011-01-28 00:00:00-05:00,13.546088512026204
2011-01-31 00:00:00-05:00,13.264332979714995
2011-02-01 00:00:00-05:00,13.224596344396291
2011-02-02 00:00:00-05:00,13.134287371671183
2011-02-03 00:00:00-05:00,13.148284842707886
2011-02-04 00:00:00-05:00,12.856829431248046
2011-02-07 00:00:00-05:00,13.017128757801087
2011-02-08 00:00:00-05:00,13.148286926257386
2011-02-09 00:00:00-05:00,13.079064880816158
2011-02-10 00:00:00-05:00,12.962486570324309
2011-02-11 00:00:00-05:00,13.049920926492382
2011-02-14 00:00:00-05:00,13.144643737157189
2011-02-15 00:00:00-05:00,13.148283020122287
2011-02-16 00:00:00-05:00,13.115501214226171
2011-02-17 00:00:00-05:00,13.192003125944659
2011-02-18 00:00:00-05:00,13.33044374700139
2011-02-22 00:00:00-05:00,13.33773179423121
2011-02-23 00:00:00-05:00,13.396023635409694
2011-02-24 00:00:00-05:00,13.097280800362036
2011-02-25 00:00:00-05:00,12.842257094571153
2011-02-28 00:00:00-05:00,12.831325479001734
2011-03-01 00:00:00-05:00,12.871400520178353
2011-03-02 00:00:00-05:00,12.747531806859072
2011-03-03 00:00:00-05:00,13.020771440957223
2011-03-04 00:00:00-05:00,13.060843645580917
2011-03-07 00:00:00-05:00,12.958840588178981
2011-03-08 00:00:00-05:00,12.834969304977694
2011-03-09 00:00:00-05:00,13.020772383164319
2011-03-10 00:00:00-05:00,12.987983979502056
2011-03-11 00:00:00-05:00,12.765753639217845
2011-03-14 00:00:00-04:00,12.842258936413014
2011-03-15 00:00:00-04:00,12.751175442528378
2011-03-16 00:00:00-04:00,12.71839002346083
2011-03-17 00:00:00-04:00,12.813111543795682
2011-03-18 00:00:00-04:00,12.732961378147573
2011-03-21 00:00:00-04:00,12.998917869466856
2011-03-22 00:00:00-04:00,13.09364031338228
2011-03-23 00:00:00-04:00,13.119141150337839
2011-03-24 00:00:00-04:00,13.151927058304864
2011-03-25 00:00:00-04:00,13.166502010238961
2011-03-28 00:00:00-04:00,13.232082091198718
2011-03-29 00:00:00-04:00,13.115501427604181
2011-03-30 00:00:00-04:00,13.425163680423193
2011-03-31 00:00:00-04:00,13.472529776088447
2011-04-01 00:00:00-04:00,13.570894650144682
2011-04-04 00:00:00-04:00,13.59639682816397
2011-04-05 00:00:00-04:00,13.636475478360035
2011-04-06 00:00:00-04:00,13.77491367185623
2011-04-07 00:00:00-04:00,13.869639675847353
2011-04-08 00:00:00-04:00,13.771270034670579
2011-04-11 00:00:00-04:00,13.625541830353376
2011-04-12 00:00:00-04:00,13.476171259451275
2011-04-13 00:00:00-04:00,13.359590537000935
2011-04-14 00:00:00-04:00,13.297656716450163
2011-04-15 00:00:00-04:00,13.48710406095414
2011-04-18 00:00:00-04:00,13.603684226659421
2011-04-19 00:00:00-04:00,13.778556783462744
2011-04-20 00:00:00-04:00,13.600037738397642
2011-04-21 00:00:00-04:00,13.519890479451451
2011-04-25 00:00:00-04:00,13.330449978813991
2011-04-26 00:00:00-04:00,13.417883656480951
2011-04-27 00:00:00-04:00,13.556323888886594
2011-04-28 00:00:00-04:00,13.65105515261046
2011-04-29 00:00:00-04:00,13.774923865812124
2011-05-02 00:00:00-04:00,13.804061542914086
2011-05-03 00:00:00-04:00,13.70569373426579
2011-05-04 00:00:00-04:00,13.709339808439791
2011-05-05 00:00:00-04:00,13.426769368650284
2011-05-06 00:00:00-04:00,13.50759510174373
2011-05-09 00:00:00-04:00,13.390032413829893
2011-05-10 00:00:00-04:00,13.581057928708269
2011-05-11 00:00:00-04:00,13.698616378945987
2011-05-12 00:00:00-04:00,13.500248416772486
2011-05-13 00:00:00-04:00,13.705960313783665
2011-05-16 00:00:00-04:00,13.492890188740644
2011-05-17 00:00:00-04:00,13.37167039676084
2011-05-18 00:00:00-04:00,13.555347829539535
2011-05-19 00:00:00-04:00,13.665549221081836
2011-05-20 00:00:00-04:00,13.647184029203205
2011-05-23 00:00:00-04:00,13.56636887039654
2011-05-24 00:00:00-04:00,13.570041775337454
2011-05-25 00:00:00-04:00,13.50758979216406
2011-05-26 00:00:00-04:00,13.603102941846515
2011-05-27 00:00:00-04:00,13.735349787794785
2011-05-31 00:00:00-04:00,13.823509955178626
2011-06-01 00:00:00-04:00,13.88596041756955
2011-06-02 00:00:00-04:00,13.614122572931953
2011-06-03 00:00:00-04:00,13.382690086815975
2011-06-06 00:00:00-04:00,13.338610129110442
2011-06-07 00:00:00-04:00,13.312895675170454
2011-06-08 00:00:00-04:00,13.23941961875483
2011-06-09 00:00:00-04:00,13.257789425088909
2011-06-10 00:00:00-04:00,13.110844817528571
2011-06-13 00:00:00-04:00,13.180644429786755
2011-06-14 00:00:00-04:00,13.283504353833301
2011-06-15 00:00:00-04:00,13.180645517368523
2011-06-16 00:00:00-04:00,13.136565332994985
2011-06-17 00:00:00-04:00,13.356976086054647
2011-06-20 00:00:00-04:00,13.327584835630478
2011-06-21 00:00:00-04:00,13.5553461436442
2011-06-22 00:00:00-04:00,13.386361154092825
2011-06-23 00:00:00-04:00,13.121870488118443
2011-06-24 00:00:00-04:00,13.379013621804491
2011-06-27 00:00:00-04:00,13.379021420966442
2011-06-28 00:00:00-04:00,13.474525601029425
2011-06-29 00:00:00-04:00,13.636168892810169
2011-06-30 00:00:00-04:00,13.66555442878772
2011-07-01 00:00:00-04:00,13.724332185023124
2011-07-05 00:00:00-04:00,13.783106598520884
2011-07-06 00:00:00-04:00,13.716978430280578
2011-07-07 00:00:00-04:00,13.84923001959924
2011-07-08 00:00:00-04:00,13.716983164557515
2011-07-11 00:00:00-04:00,13.702288361853501
2011-07-12 00:00:00-04:00,13.643505824819911
2011-07-13 00:00:00-04:00,13.790453970242758
2011-07-14 00:00:00-04:00,13.94474206966298
2011-07-15 00:00:00-04:00,13.952090877406025
2011-07-18 00:00:00-04:00,13.981473373339007
2011-07-19 00:00:00-04:00,13.856575281315498
2011-07-20 00:00:00-04:00,13.922698974609375
2011-07-21 00:00:00-04:00,13.988825829233795
2011-07-22 00:00:00-04:00,14.135763214512382
2011-07-25 00:00:00-04:00,13.966784190091621
2011-07-26 00:00:00-04:00,13.952089592597787
2011-07-27 00:00:00-04:00,13.805145962272029
2011-07-28 00:00:00-04:00,13.584733617355106
2011-07-29 00:00:00-04:00,13.364321027274025
2011-08-01 00:00:00-04:00,13.540646941361864
2011-08-02 00:00:00-04:00,13.503909073761555
2011-08-03 00:00:00-04:00,13.334931424498071
2011-08-04 00:00:00-04:00,13.432911266875985
2011-08-05 00:00:00-04:00,13.403275489807129
2011-08-08 00:00:00-04:00,13.15136093677585
2011-08-09 00:00:00-04:00,12.736448375750475
2011-08-10 00:00:00-04:00,13.35882341833549
2011-08-11 00:00:00-04:00,12.936492479209457
2011-08-12 00:00:00-04:00,13.6107376612035
2011-08-15 00:00:00-04:00,13.447725172971012
2011-08-16 00:00:00-04:00,13.484775461650992
2011-08-17 00:00:00-04:00,13.632967650698944
2011-08-18 00:00:00-04:00,13.299546792623094
2011-08-19 00:00:00-04:00,12.943905654878206
2011-08-22 00:00:00-04:00,13.314363378573223
2011-08-23 00:00:00-04:00,13.09208755247803
2011-08-24 00:00:00-04:00,13.395866228903925
2011-08-25 00:00:00-04:00,13.707057517005522
2011-08-26 00:00:00-04:00,13.366227282403216
2011-08-29 00:00:00-04:00,13.684822013222147
2011-08-30 00:00:00-04:00,13.855240716713947
2011-08-31 00:00:00-04:00,13.929331801045121
2011-09-01 00:00:00-04:00,13.94414691859275
2011-09-02 00:00:00-04:00,13.42550290967371
2011-09-06 00:00:00-04:00,13.151359317642552
2011-09-07 00:00:00-04:00,13.462548081770333
2011-09-08 00:00:00-04:00,13.514415029082583
2011-09-09 00:00:00-04:00,13.269910980519905
2011-09-12 00:00:00-04:00,12.862398963082722
2011-09-13 00:00:00-04:00,13.05504354146213
2011-09-14 00:00:00-04:00,13.180999405566116
2011-09-15 00:00:00-04:00,13.440316608931326
2011-09-16 00:00:00-04:00,13.521822116643515
2011-09-19 00:00:00-04:00,13.240272362770124
2011-09-20 00:00:00-04:00,13.2476810469745
2011-09-21 00:00:00-04:00,13.18840863481102
2011-09-22 00:00:00-04:00,12.595670329719706
2011-09-23 00:00:00-04:00,12.566033289335872
2011-09-26 00:00:00-04:00,12.795720608092196
2011-09-27 00:00:00-04:00,12.943899375162296
2011-09-28 00:00:00-04:00,13.032814823628588
2011-09-29 00:00:00-04:00,12.943905654878206
2011-09-30 00:00:00-04:00,12.921676320882911
2011-10-03 00:00:00-04:00,13.040221104244184
2011-10-04 00:00:00-04:00,12.46970974396373
2011-10-05 00:00:00-04:00,13.092085465115963
2011-10-06 00:00:00-04:00,13.017991445841737
2011-10-07 00:00:00-04:00,13.314364384621246
2011-10-10 00:00:00-04:00,13.240272513294258
2011-10-11 00:00:00-04:00,13.225456530799022
2011-10-12 00:00:00-04:00,13.24027376779092
2011-10-13 00:00:00-04:00,13.173593947092836
2011-10-14 00:00:00-04:00,13.4847725633056
2011-10-17 00:00:00-04:00,13.373635536028264
2011-10-18 00:00:00-04:00,13.240271930858013
2011-10-19 00:00:00-04:00,13.418092976393257
2011-10-20 00:00:00-04:00,13.418093566651805
2011-10-21 00:00:00-04:00,13.507001629400039
2011-10-24 00:00:00-04:00,13.566279296804057
2011-10-25 00:00:00-04:00,13.958970887991862
2011-10-26 00:00:00-04:00,13.647780156235504
2011-10-27 00:00:00-04:00,13.625552213105497
2011-10-28 00:00:00-04:00,13.99601488819494
2011-10-31 00:00:00-04:00,13.855237475032604
2011-11-01 00:00:00-04:00,13.351406460290725
2011-11-02 00:00:00-04:00,13.632958826077124
2011-11-03 00:00:00-04:00,13.873596189399803
2011-11-04 00:00:00-04:00,13.851187041504764
2011-11-07 00:00:00-05:00,13.843722365371372
2011-11-08 00:00:00-05:00,13.940842439122214
2011-11-09 00:00:00-05:00,13.679355543856952
2011-11-10 00:00:00-05:00,13.709240021452343
2011-11-11 00:00:00-05:00,13.851188862024594
2011-11-14 00:00:00-05:00,13.918424513702348
2011-11-15 00:00:00-05:00,13.80636100429814
2011-11-16 00:00:00-05:00,14.00060751273551
2011-11-17 00:00:00-05:00,13.873598208551353
2011-11-18 00:00:00-05:00,13.933369698800611
2011-11-21 00:00:00-05:00,13.783951977585202
2011-11-22 00:00:00-05:00,13.597171251163978
2011-11-23 00:00:00-05:00,13.38051109816964
2011-11-25 00:00:00-05:00,13.148916573567446
2011-11-28 00:00:00-05:00,13.410407442139858
2011-11-29 00:00:00-05:00,13.335691737309944
2011-11-30 00:00:00-05:00,13.716715834044733
2011-12-01 00:00:00-05:00,13.761530097066796
2011-12-02 00:00:00-05:00,13.851186853510836
2011-12-05 00:00:00-05:00,13.806363746245372
2011-12-06 00:00:00-05:00,13.843721620206148
2011-12-07 00:00:00-05:00,13.66440809076532
2011-12-08 00:00:00-05:00,13.679355535294583
2011-12-09 00:00:00-05:00,13.33568879772588
2011-12-12 00:00:00-05:00,13.38798349692415
2011-12-13 00:00:00-05:00,13.477638380680792
2011-12-14 00:00:00-05:00,13.373042241884656
2011-12-15 00:00:00-05:00,13.350630740161593
2011-12-16 00:00:00-05:00,13.514997454612203
2011-12-19 00:00:00-05:00,13.492580244680179
2011-12-20 00:00:00-05:00,13.440284536581839
2011-12-21 00:00:00-05:00,13.612116713328978
2011-12-22 00:00:00-05:00,13.627058001211967
2011-12-23 00:00:00-05:00,13.395459871981938
2011-12-27 00:00:00-05:00,13.679358965700398
2011-12-28 00:00:00-05:00,13.985666220718512
2011-12-29 00:00:00-05:00,13.739120054177397
2011-12-30 00:00:00-05:00,13.85865772725311
2012-01-03 00:00:00-05:00,13.821305545121927
2012-01-04 00:00:00-05:00,13.604644626108767
2012-01-05 00:00:00-05:00,13.313276123521968
2012-01-06 00:00:00-05:00,13.32822036743164
2012-01-09 00:00:00-05:00,13.380513198129488
2012-01-10 00:00:00-05:00,13.425340684487592
2012-01-11 00:00:00-05:00,13.313275195053897
2012-01-12 00:00:00-05:00,13.46269531381406
2012-01-13 00:00:00-05:00,13.373043771035915
2012-01-17 00:00:00-05:00,13.52993500462315
2012-01-18 00:00:00-05:00,13.500050529547151
2012-01-19 00:00:00-05:00,13.589703535101236
2012-01-20 00:00:00-05:00,13.47764493880566
2012-01-23 00:00:00-05:00,13.664411846035025
2012-01-24 00:00:00-05:00,13.61211936491737
2012-01-25 00:00:00-05:00,13.559816994440263
2012-01-26 00:00:00-05:00,13.769005988806084
2012-01-27 00:00:00-05:00,13.858652044700053
2012-01-30 00:00:00-05:00,13.709237495561476
2012-01-31 00:00:00-05:00,13.54487932221839
2012-02-01 00:00:00-05:00,13.89601143359939
2012-02-02 00:00:00-05:00,14.163839164837873
2012-02-03 00:00:00-05:00,14.284381300365839
2012-02-06 00:00:00-05:00,14.148770765290443
2012-02-07 00:00:00-05:00,14.058363044825127
2012-02-08 00:00:00-05:00,14.2316443970623
2012-02-09 00:00:00-05:00,14.299449558734697
2012-02-10 00:00:00-05:00,14.088499888817234
2012-02-13 00:00:00-05:00,13.900154285114992
2012-02-14 00:00:00-05:00,13.915217712933659
2012-02-15 00:00:00-05:00,14.013161281881972
2012-02-16 00:00:00-05:00,13.930285850626927
2012-02-17 00:00:00-05:00,14.201509428278495
2012-02-21 00:00:00-05:00,14.096025574283798
2012-02-22 00:00:00-05:00,14.058357973393635
2012-02-23 00:00:00-05:00,13.907683336484466
2012-02-24 00:00:00-05:00,14.201515092306149
2012-02-27 00:00:00-05:00,14.163837586116584
2012-02-28 00:00:00-05:00,14.08096492782919
2012-02-29 00:00:00-05:00,13.96042369008367
2012-03-01 00:00:00-05:00,14.480264086528251
2012-03-02 00:00:00-05:00,13.62892159762859
2012-03-05 00:00:00-05:00,13.689200094012591
2012-03-06 00:00:00-05:00,13.651529296924894
2012-03-07 00:00:00-05:00,13.598792311468282
2012-03-08 00:00:00-05:00,13.719337897422447
2012-03-09 00:00:00-05:00,13.726870294641344
2012-03-12 00:00:00-04:00,13.88507851382881
2012-03-13 00:00:00-04:00,13.98302385201089
2012-03-14 00:00:00-04:00,14.073432887748638
2012-03-15 00:00:00-04:00,13.809742519513446
2012-03-16 00:00:00-04:00,13.877544482111864
2012-03-19 00:00:00-04:00,13.719334508368895
2012-03-20 00:00:00-04:00,13.757001323024136
2012-03-21 00:00:00-04:00,13.711805903421606
2012-03-22 00:00:00-04:00,13.568654486416573
2012-03-23 00:00:00-04:00,13.62139548562309
2012-03-26 00:00:00-04:00,13.817279815673828
2012-03-27 00:00:00-04:00,13.854942321777344
2012-03-28 00:00:00-04:00,13.885078609178322
2012-03-29 00:00:00-04:00,13.659065442044154
2012-03-30 00:00:00-04:00,13.839881156935109
2012-04-02 00:00:00-04:00,13.704271776445948
2012-04-03 00:00:00-04:00,13.764542336810639
2012-04-04 00:00:00-04:00,13.71933530496608
2012-04-05 00:00:00-04:00,13.530987462463889
2012-04-09 00:00:00-04:00,13.417978525741251
2012-04-10 00:00:00-04:00,13.357706961105201
2012-04-11 00:00:00-04:00,13.335102407397777
2012-04-12 00:00:00-04:00,13.320037093804942
2012-04-13 00:00:00-04:00,13.28236510361808
2012-04-16 00:00:00-04:00,13.20702632761456
2012-04-17 00:00:00-04:00,13.402909660143926
2012-04-18 00:00:00-04:00,13.357703968174823
2012-04-19 00:00:00-04:00,13.259764671325684
2012-04-20 00:00:00-04:00,13.387845247775491
2012-04-23 00:00:00-04:00,13.222093507162757
2012-04-24 00:00:00-04:00,13.274832338753987
2012-04-25 00:00:00-04:00,13.530987636358669
2012-04-26 00:00:00-04:00,13.561121393613483
2012-04-27 00:00:00-04:00,13.568658749299436
2012-04-30 00:00:00-04:00,13.734400995701394
2012-05-01 00:00:00-04:00,13.68920097844735
2012-05-02 00:00:00-04:00,13.561121444065776
2012-05-03 00:00:00-04:00,13.492130916954904
2012-05-04 00:00:00-04:00,13.37811437754528
2012-05-07 00:00:00-04:00,13.332507483827825
2012-05-08 00:00:00-04:00,13.302105044364756
2012-05-09 00:00:00-04:00,13.309704647866994
2012-05-10 00:00:00-04:00,13.393319853015955
2012-05-11 00:00:00-04:00,13.461726458679374
2012-05-14 00:00:00-04:00,13.476927531104485
2012-05-15 00:00:00-04:00,13.400919222712641
2012-05-16 00:00:00-04:00,13.51493440177978
2012-05-17 00:00:00-04:00,13.294501896172136
2012-05-18 00:00:00-04:00,13.286901112208994
2012-05-21 00:00:00-04:00,13.302100275439749
2012-05-22 00:00:00-04:00,13.446525128108817
2012-05-23 00:00:00-04:00,13.355310252053837
2012-05-24 00:00:00-04:00,13.355309788811287
2012-05-25 00:00:00-04:00,13.583345917723243
2012-05-29 00:00:00-04:00,13.454126868770087
2012-05-30 00:00:00-04:00,13.271699215663498
2012-05-31 00:00:00-04:00,13.165280288511342
2012-06-01 00:00:00-04:00,13.08166621192126
2012-06-04 00:00:00-04:00,13.233694469853623
2012-06-05 00:00:00-04:00,13.233690975751506
2012-06-06 00:00:00-04:00,13.400917949076511
2012-06-07 00:00:00-04:00,13.560541837589367
2012-06-08 00:00:00-04:00,13.37051338776542
2012-06-11 00:00:00-04:00,13.659358201825956
2012-06-12 00:00:00-04:00,13.385714573663044
2012-06-13 00:00:00-04:00,13.438924827436352
2012-06-14 00:00:00-04:00,13.499728228059753
2012-06-15 00:00:00-04:00,13.621352976145085
2012-06-18 00:00:00-04:00,13.530138226169782
2012-06-19 00:00:00-04:00,13.659363512468552
2012-06-20 00:00:00-04:00,13.621352423611057
2012-06-21 00:00:00-04:00,13.651755340631956
2012-06-22 00:00:00-04:00,13.530137506581408
2012-06-25 00:00:00-04:00,13.484532126638047
2012-06-26 00:00:00-04:00,13.537737615987036
2012-06-27 00:00:00-04:00,13.53013896834972
2012-06-28 00:00:00-04:00,13.879795217681414
2012-06-29 00:00:00-04:00,14.100224899258412
2012-07-02 00:00:00-04:00,14.069823265075684
2012-07-03 00:00:00-04:00,14.100227955910439
2012-07-05 00:00:00-04:00,14.275057541882784
2012-07-06 00:00:00-04:00,14.29025819594436
2012-07-09 00:00:00-04:00,14.183846861636766
2012-07-10 00:00:00-04:00,14.229449175990435
2012-07-11 00:00:00-04:00,14.252255730621263
2012-07-12 00:00:00-04:00,14.267455825730472
2012-07-13 00:00:00-04:00,14.351067621873115
2012-07-16 00:00:00-04:00,14.44228687457985
2012-07-17 00:00:00-04:00,14.320664005238324
2012-07-18 00:00:00-04:00,14.275059141756243
2012-07-19 00:00:00-04:00,14.351071793243056
2012-07-20 00:00:00-04:00,14.1610382441499
2012-07-23 00:00:00-04:00,14.07742557661212
2012-07-24 00:00:00-04:00,14.168640728751301
2012-07-25 00:00:00-04:00,14.244646102841967
2012-07-26 00:00:00-04:00,14.259855718839821
2012-07-27 00:00:00-04:00,13.932997074030041
2012-07-30 00:00:00-04:00,14.123031964170991
2012-07-31 00:00:00-04:00,14.214244054897993
2012-08-01 00:00:00-04:00,14.031821296536833
2012-08-02 00:00:00-04:00,13.877796826326543
2012-08-03 00:00:00-04:00,13.954468521107117
2012-08-06 00:00:00-04:00,14.276498572878294
2012-08-07 00:00:00-04:00,14.284164650272038
2012-08-08 00:00:00-04:00,14.261160623986665
2012-08-09 00:00:00-04:00,14.291828769688577
2012-08-10 00:00:00-04:00,14.391510735277125
2012-08-13 00:00:00-04:00,14.337838972690509
2012-08-14 00:00:00-04:00,14.383838578810682
2012-08-15 00:00:00-04:00,14.33783524072962
2012-08-16 00:00:00-04:00,14.368508829832859
2012-08-17 00:00:00-04:00,14.452845793128864
2012-08-20 00:00:00-04:00,14.552522741741086
2012-08-21 00:00:00-04:00,14.537190526937572
2012-08-22 00:00:00-04:00,14.437511373140158
2012-08-23 00:00:00-04:00,14.39150596295946
2012-08-24 00:00:00-04:00,14.230491061261459
2012-08-27 00:00:00-04:00,14.268829420500904
2012-08-28 00:00:00-04:00,14.299495697021484
2012-08-29 00:00:00-04:00,14.337832158741364
2012-08-30 00:00:00-04:00,14.291827634845216
2012-08-31 00:00:00-04:00,14.123151705323838
2012-09-04 00:00:00-04:00,14.061808921686001
2012-09-05 00:00:00-04:00,14.238157972161927
2012-09-06 00:00:00-04:00,14.115482858840503
2012-09-07 00:00:00-04:00,14.276497826245087
2012-09-10 00:00:00-04:00,14.061814158172611
2012-09-11 00:00:00-04:00,14.10781956644705
2012-09-12 00:00:00-04:00,14.100149820244846
2012-09-13 00:00:00-04:00,13.885465279601283
2012-09-14 00:00:00-04:00,14.207489504047215
2012-09-17 00:00:00-04:00,14.107817726711104
2012-09-18 00:00:00-04:00,13.992804914497595
2012-09-19 00:00:00-04:00,14.107819493557862
2012-09-20 00:00:00-04:00,13.99280877943087
2012-09-21 00:00:00-04:00,14.161481115661052
2012-09-24 00:00:00-04:00,14.146151305723166
2012-09-25 00:00:00-04:00,14.406844303993749
2012-09-26 00:00:00-04:00,14.268834995947254
2012-09-27 00:00:00-04:00,14.238157914135277
2012-09-28 00:00:00-04:00,14.107813445151438
2012-10-01 00:00:00-04:00,14.33016634726083
2012-10-02 00:00:00-04:00,14.268831982061357
2012-10-03 00:00:00-04:00,14.291832117922244
2012-10-04 00:00:00-04:00,14.30716545141051
2012-10-05 00:00:00-04:00,14.429843537847542
2012-10-08 00:00:00-04:00,14.222827392413919
2012-10-09 00:00:00-04:00,14.337833821478666
2012-10-10 00:00:00-04:00,14.238165117138704
2012-10-11 00:00:00-04:00,14.314838351739763
2012-10-12 00:00:00-04:00,14.284164503978525
2012-10-15 00:00:00-04:00,14.276498498826754
2012-10-16 00:00:00-04:00,14.284166691469332
2012-10-17 00:00:00-04:00,14.368506639065624
2012-10-18 00:00:00-04:00,14.468183016530245
2012-10-19 00:00:00-04:00,14.32249888127407
2012-10-22 00:00:00-04:00,14.192154884338379
2012-10-23 00:00:00-04:00,14.077149464705945
2012-10-24 00:00:00-04:00,14.107819493557862
2012-10-25 00:00:00-04:00,14.169152184145965
2012-10-26 00:00:00-04:00,14.184493959614299
2012-10-31 00:00:00-04:00,14.115487171231926
2012-11-01 00:00:00-04:00,14.138486341296558
2012-11-02 00:00:00-04:00,14.130817367618047
2012-11-05 00:00:00-05:00,13.877799107968917
2012-11-06 00:00:00-05:00,13.916134907239734
2012-11-07 00:00:00-05:00,14.21328287297203
2012-11-08 00:00:00-05:00,13.77250119343106
2012-11-09 00:00:00-05:00,13.455444789833392
2012-11-12 00:00:00-05:00,13.656507015216334
2012-11-13 00:00:00-05:00,13.555976103281367
2012-11-14 00:00:00-05:00,13.57143987705108
2012-11-15 00:00:00-05:00,13.378117734089509
2012-11-16 00:00:00-05:00,13.293056462213144
2012-11-19 00:00:00-05:00,13.494116193615756
2012-11-20 00:00:00-05:00,13.293057250772447
2012-11-21 00:00:00-05:00,13.43224749525832
2012-11-23 00:00:00-05:00,13.494113296847875
2012-11-26 00:00:00-05:00,13.532779491609016
2012-11-27 00:00:00-05:00,13.648773670721791
2012-11-28 00:00:00-05:00,13.687440389288316
2012-11-29 00:00:00-05:00,13.888500661993525
2012-11-30 00:00:00-05:00,13.927162972591354
2012-12-03 00:00:00-05:00,13.942629055839776
2012-12-04 00:00:00-05:00,13.911698040000424
2012-12-05 00:00:00-05:00,13.911694067994716
2012-12-06 00:00:00-05:00,13.873031790464664
2012-12-07 00:00:00-05:00,13.91943123434756
2012-12-10 00:00:00-05:00,13.965826813196191
2012-12-11 00:00:00-05:00,13.927163272867682
2012-12-12 00:00:00-05:00,14.035424076838089
2012-12-13 00:00:00-05:00,13.973560006373711
2012-12-14 00:00:00-05:00,13.880762774393546
2012-12-17 00:00:00-05:00,13.911699685002356
2012-12-18 00:00:00-05:00,14.081821080868822
2012-12-19 00:00:00-05:00,14.182349063600432
2012-12-20 00:00:00-05:00,14.066354894808205
2012-12-21 00:00:00-05:00,14.058626325312877
2012-12-24 00:00:00-05:00,14.066357136720772
2012-12-26 00:00:00-05:00,14.159152658945628
2012-12-27 00:00:00-05:00,14.105017353968629
2012-12-28 00:00:00-05:00,14.035425659657273
2012-12-31 00:00:00-05:00,14.050890879662251
2013-01-02 00:00:00-05:00,14.29834603094234
2013-01-03 00:00:00-05:00,14.414344822086088
2013-01-04 00:00:00-05:00,14.39113998413086
2013-01-07 00:00:00-05:00,14.367946505720225
2013-01-08 00:00:00-05:00,14.306080643891336
2013-01-09 00:00:00-05:00,14.375677865755309
2013-01-10 00:00:00-05:00,14.538070180046631
2013-01-11 00:00:00-05:00,14.607665042770314
2013-01-14 00:00:00-05:00,14.770060867006512
2013-01-15 00:00:00-05:00,14.793262613828986
2013-01-16 00:00:00-05:00,14.777796624479498
2013-01-17 00:00:00-05:00,14.746862215546496
2013-01-18 00:00:00-05:00,14.816459655761719
2013-01-22 00:00:00-05:00,14.847391761918736
2013-01-23 00:00:00-05:00,15.00978039300148
2013-01-24 00:00:00-05:00,15.079380989074705
2013-01-25 00:00:00-05:00,15.102577212065304
2013-01-28 00:00:00-05:00,14.97885244818712
2013-01-29 00:00:00-05:00,15.04845072315726
2013-01-30 00:00:00-05:00,15.125782798866142
2013-01-31 00:00:00-05:00,15.118045478551581
2013-02-01 00:00:00-05:00,15.141242353850823
2013-02-04 00:00:00-05:00,15.179904892859144
2013-02-05 00:00:00-05:00,15.02524517076142
2013-02-06 00:00:00-05:00,14.924719275491276
2013-02-07 00:00:00-05:00,15.226877449768875
2013-02-08 00:00:00-05:00,15.289257915091154
2013-02-11 00:00:00-05:00,15.297046661376953
2013-02-12 00:00:00-05:00,15.289255215237224
2013-02-13 00:00:00-05:00,15.507558922398387
2013-02-14 00:00:00-05:00,15.50755621628539
2013-02-15 00:00:00-05:00,15.499763432953
2013-02-19 00:00:00-05:00,15.593323807611917
2013-02-20 00:00:00-05:00,15.749256828882592
2013-02-21 00:00:00-05:00,15.616718755154823
2013-02-22 00:00:00-05:00,15.741465298244856
2013-02-25 00:00:00-05:00,15.850612774086747
2013-02-26 00:00:00-05:00,15.679088269258726
2013-02-27 00:00:00-05:00,15.624515597720032
2013-02-28 00:00:00-05:00,15.694681649466174
2013-03-01 00:00:00-05:00,15.640105801009964
2013-03-04 00:00:00-05:00,15.866206041503451
2013-03-05 00:00:00-05:00,16.18586440575921
2013-03-06 00:00:00-05:00,16.107905141551885
2013-03-07 00:00:00-05:00,16.061127331147883
2013-03-08 00:00:00-05:00,16.302819754502256
2013-03-11 00:00:00-04:00,16.38078737236066
2013-03-12 00:00:00-04:00,16.256037802796175
2013-03-13 00:00:00-04:00,16.006550769168395
2013-03-14 00:00:00-04:00,16.107902606617102
2013-03-15 00:00:00-04:00,16.131285575507526
2013-03-18 00:00:00-04:00,15.749258827055415
2013-03-19 00:00:00-04:00,15.718072812909869
2013-03-20 00:00:00-04:00,15.897392030579061
2013-03-21 00:00:00-04:00,15.00857700518005
2013-03-22 00:00:00-04:00,15.359427052504405
2013-03-25 00:00:00-04:00,15.343833285021606
2013-03-26 00:00:00-04:00,15.484169359910931
2013-03-27 00:00:00-04:00,15.29704787911976
2013-03-28 00:00:00-04:00,15.476372399962296
2013-04-01 00:00:00-04:00,15.491963132506953
2013-04-02 00:00:00-04:00,15.343829788054215
2013-04-03 00:00:00-04:00,15.468579861104573
2013-04-04 00:00:00-04:00,15.406204298867156
2013-04-05 00:00:00-04:00,15.195690377418998
2013-04-08 00:00:00-04:00,15.45298300110738
2013-04-09 00:00:00-04:00,15.554342739188622
2013-04-10 00:00:00-04:00,15.452985900046919
2013-04-11 00:00:00-04:00,15.686886059944833
2013-04-12 00:00:00-04:00,15.640102457294752
2013-04-15 00:00:00-04:00,15.569932482413268
2013-04-16 00:00:00-04:00,15.211290035764542
2013-04-17 00:00:00-04:00,15.219086084320768
2013-04-18 00:00:00-04:00,15.336033419943014
2013-04-19 00:00:00-04:00,15.312639922120738
2013-04-22 00:00:00-04:00,15.429594820234227
2013-04-23 00:00:00-04:00,15.375014856978993
2013-04-24 00:00:00-04:00,15.32043690784507
2013-04-25 00:00:00-04:00,15.515358781198486
2013-04-26 00:00:00-04:00,15.375012049940946
2013-04-29 00:00:00-04:00,15.304851000929109
2013-04-30 00:00:00-04:00,15.624509792690361
2013-05-01 00:00:00-04:00,15.62450925652153
2013-05-02 00:00:00-04:00,15.0999684554566
2013-05-03 00:00:00-04:00,15.492997245783588
2013-05-06 00:00:00-04:00,15.893867703546125
2013-05-07 00:00:00-04:00,15.815274001455451
2013-05-08 00:00:00-04:00,15.862432308732133
2013-05-09 00:00:00-04:00,15.92530962839833
2013-05-10 00:00:00-04:00,15.775960304595502
2013-05-13 00:00:00-04:00,15.752385792772301
2013-05-14 00:00:00-04:00,15.579449556236908
2013-05-15 00:00:00-04:00,15.775969669522112
2013-05-16 00:00:00-04:00,15.878161883406326
2013-05-17 00:00:00-04:00,15.933176674768381
2013-05-20 00:00:00-04:00,15.925318011985787
2013-05-21 00:00:00-04:00,15.972480428811412
2013-05-22 00:00:00-04:00,16.051079736250426
2013-05-23 00:00:00-04:00,15.469408335645669
2013-05-24 00:00:00-04:00,15.555873621327894
2013-05-28 00:00:00-04:00,16.02750565536687
2013-05-29 00:00:00-04:00,15.846710575492288
2013-05-30 00:00:00-04:00,15.626610980792677
2013-05-31 00:00:00-04:00,15.681639311421335
2013-06-03 00:00:00-04:00,15.555873621327894
2013-06-04 00:00:00-04:00,15.830992701679692
2013-06-05 00:00:00-04:00,15.618760790105316
2013-06-06 00:00:00-04:00,15.51656989410358
2013-06-07 00:00:00-04:00,15.752385166676142
2013-06-10 00:00:00-04:00,15.54014948813187
2013-06-11 00:00:00-04:00,15.492987185500942
2013-06-12 00:00:00-04:00,15.610897233248307
2013-06-13 00:00:00-04:00,15.445821787531628
2013-06-14 00:00:00-04:00,15.634480945891598
2013-06-17 00:00:00-04:00,15.720944370779417
2013-06-18 00:00:00-04:00,15.689500017095042
2013-06-19 00:00:00-04:00,15.941034278238734
2013-06-20 00:00:00-04:00,15.359364084895606
2013-06-21 00:00:00-04:00,15.115689761844909
2013-06-24 00:00:00-04:00,14.96634028431783
2013-06-25 00:00:00-04:00,15.084243931519927
2013-06-26 00:00:00-04:00,15.210012903739097
2013-06-27 00:00:00-04:00,15.288618555921582
2013-06-28 00:00:00-04:00,15.26503483071095
2013-07-01 00:00:00-04:00,15.39866559489228
2013-07-02 00:00:00-04:00,15.186429474367982
2013-07-03 00:00:00-04:00,15.257177631124298
2013-07-05 00:00:00-04:00,15.579456532656328
2013-07-08 00:00:00-04:00,15.51657407042183
2013-07-09 00:00:00-04:00,15.673780723981462
2013-07-10 00:00:00-04:00,15.791687115625267
2013-07-11 00:00:00-04:00,16.15326236371591
2013-07-12 00:00:00-04:00,16.200430698848553
2013-07-15 00:00:00-04:00,16.30261651188033
2013-07-16 00:00:00-04:00,16.672057078115376
2013-07-17 00:00:00-04:00,16.554153312143516
2013-07-18 00:00:00-04:00,16.49127035442412
2013-07-19 00:00:00-04:00,16.585596134538957
2013-07-22 00:00:00-04:00,16.789972538438484
2013-07-23 00:00:00-04:00,16.931455746821836
2013-07-24 00:00:00-04:00,17.065083161973625
2013-07-25 00:00:00-04:00,16.640620380365057
2013-07-26 00:00:00-04:00,17.104380468172852
2013-07-29 00:00:00-04:00,17.214429204276446
2013-07-30 00:00:00-04:00,17.238011154291723
2013-07-31 00:00:00-04:00,17.16726680351158
2013-08-01 00:00:00-04:00,17.27731933205498
2013-08-02 00:00:00-04:00,17.261599464986958
2013-08-05 00:00:00-04:00,17.269458679125794
2013-08-06 00:00:00-04:00,17.253737743795938
2013-08-07 00:00:00-04:00,17.08866660786177
2013-08-08 00:00:00-04:00,17.28593165264259
2013-08-09 00:00:00-04:00,17.214666690125004
2013-08-12 00:00:00-04:00,16.95335736550032
2013-08-13 00:00:00-04:00,17.19882300786532
2013-08-14 00:00:00-04:00,17.135477356656946
2013-08-15 00:00:00-04:00,16.77123622793681
2013-08-16 00:00:00-04:00,16.660379711969732
2013-08-19 00:00:00-04:00,16.652461986386417
2013-08-20 00:00:00-04:00,16.446582586170518
2013-08-21 00:00:00-04:00,16.375315251314365
2013-08-22 00:00:00-04:00,16.327803155172827
2013-08-23 00:00:00-04:00,16.406982820097568
2013-08-26 00:00:00-04:00,16.533678365232817
2013-08-27 00:00:00-04:00,16.248612443167193
2013-08-28 00:00:00-04:00,16.14567204716915
2013-08-29 00:00:00-04:00,16.129838544598464
2013-08-30 00:00:00-04:00,16.137758149273644
2013-09-03 00:00:00-04:00,15.995226644346255
2013-09-04 00:00:00-04:00,15.535957391374449
2013-09-05 00:00:00-04:00,15.425096708326084
2013-09-06 00:00:00-04:00,15.512207096453562
2013-09-09 00:00:00-04:00,15.433014327255075
2013-09-10 00:00:00-04:00,15.567632608581528
2013-09-11 00:00:00-04:00,15.678489887203607
2013-09-12 00:00:00-04:00,15.662654125302636
2013-09-13 00:00:00-04:00,15.258814695382267
2013-09-16 00:00:00-04:00,15.108359592770775
2013-09-17 00:00:00-04:00,15.147957975664083
2013-09-18 00:00:00-04:00,15.179628247796465
2013-09-19 00:00:00-04:00,15.44093442748378
2013-09-20 00:00:00-04:00,15.330076422252409
2013-09-23 00:00:00-04:00,15.361746268706073
2013-09-24 00:00:00-04:00,15.678489381087187
2013-09-25 00:00:00-04:00,15.654732658237876
2013-09-26 00:00:00-04:00,15.931880427984744
2013-09-27 00:00:00-04:00,16.018983403572104
2013-09-30 00:00:00-04:00,15.836858611773073
2013-10-01 00:00:00-04:00,16.090249701535548
2013-10-02 00:00:00-04:00,16.026897933042697
2013-10-03 00:00:00-04:00,15.955635857993602
2013-10-04 00:00:00-04:00,15.781429739164846
2013-10-07 00:00:00-04:00,15.710162163489873
2013-10-08 00:00:00-04:00,15.662650409794844
2013-10-09 00:00:00-04:00,15.65473505983594
2013-10-10 00:00:00-04:00,15.797267380963705
2013-10-11 00:00:00-04:00,15.916048525961353
2013-10-14 00:00:00-04:00,16.07441089858107
2013-10-15 00:00:00-04:00,15.995228005616775
2013-10-16 00:00:00-04:00,15.797272914385395
2013-10-17 00:00:00-04:00,15.828940682720326
2013-10-18 00:00:00-04:00,16.28820926513626
2013-10-21 00:00:00-04:00,16.549520838515832
2013-10-22 00:00:00-04:00,16.699965924211135
2013-10-23 00:00:00-04:00,16.77915020702678
2013-10-24 00:00:00-04:00,16.842503102776003
2013-10-25 00:00:00-04:00,16.897927226126132
2013-10-28 00:00:00-04:00,17.016702346694178
2013-10-29 00:00:00-04:00,17.182992935180664
2013-10-30 00:00:00-04:00,17.22257883272915
2013-10-31 00:00:00-04:00,17.420541865516515
2013-11-01 00:00:00-04:00,17.388870209490737
2013-11-04 00:00:00-05:00,16.945441346761424
2013-11-05 00:00:00-05:00,17.000868543969858
2013-11-06 00:00:00-05:00,17.103804269281348
2013-11-07 00:00:00-05:00,17.89598725419018
2013-11-08 00:00:00-05:00,17.648760333528834
2013-11-11 00:00:00-05:00,17.856114145321357
2013-11-12 00:00:00-05:00,17.86409498139492
2013-11-13 00:00:00-05:00,17.776361728562794
2013-11-14 00:00:00-05:00,17.983718872070312
2013-11-15 00:00:00-05:00,18.03156836182427
2013-11-18 00:00:00-05:00,18.15118781037874
2013-11-19 00:00:00-05:00,18.00764104808758
2013-11-20 00:00:00-05:00,17.90396673051318
2013-11-21 00:00:00-05:00,17.81623824214279
2013-11-22 00:00:00-05:00,18.151190328511667
2013-11-25 00:00:00-05:00,18.12726553638479
2013-11-26 00:00:00-05:00,18.07143712114706
2013-11-27 00:00:00-05:00,18.111311759424126
2013-11-29 00:00:00-05:00,18.342595682817443
2013-12-02 00:00:00-05:00,18.18309106787443
2013-12-03 00:00:00-05:00,17.489263440057176
2013-12-04 00:00:00-05:00,17.592944497946636
2013-12-05 00:00:00-05:00,17.60091574252167
2013-12-06 00:00:00-05:00,17.80826433104129
2013-12-09 00:00:00-05:00,17.919914213231735
2013-12-10 00:00:00-05:00,17.640792749017912
2013-12-11 00:00:00-05:00,17.465335398883546
2013-12-12 00:00:00-05:00,17.21013309898743
2013-12-13 00:00:00-05:00,17.409507751464844
2013-12-16 00:00:00-05:00,17.43344360130347
2013-12-17 00:00:00-05:00,17.5291390607413
2013-12-18 00:00:00-05:00,17.712560258335493
2013-12-19 00:00:00-05:00,17.84016668181993
2013-12-20 00:00:00-05:00,17.776364983962488
2013-12-23 00:00:00-05:00,18.159167021197955
2013-12-24 00:00:00-05:00,18.597794828643412
2013-12-26 00:00:00-05:00,18.541970608128963
2013-12-27 00:00:00-05:00,18.502087234643504
2013-12-30 00:00:00-05:00,18.502091687028486
2013-12-31 00:00:00-05:00,18.478163389913036
2014-01-02 00:00:00-05:00,18.334622612839546
2014-01-03 00:00:00-05:00,17.840165427024886
2014-01-06 00:00:00-05:00,17.83219070800347
2014-01-07 00:00:00-05:00,17.991683981982607
2014-01-08 00:00:00-05:00,17.880042543713746
2014-01-09 00:00:00-05:00,17.83218622286611
2014-01-10 00:00:00-05:00,17.848138922754984
2014-01-13 00:00:00-05:00,17.78433967980399
2014-01-14 00:00:00-05:00,17.72054100036621
2014-01-15 00:00:00-05:00,17.784335428560663
2014-01-16 00:00:00-05:00,17.951815294999662
2014-01-17 00:00:00-05:00,17.911940331431733
2014-01-21 00:00:00-05:00,17.959788698355297
2014-01-22 00:00:00-05:00,18.27879084053735
2014-01-23 00:00:00-05:00,18.023595258365955
2014-01-24 00:00:00-05:00,18.414362998367082
2014-01-27 00:00:00-05:00,18.43829616786832
2014-01-28 00:00:00-05:00,18.757297083485323
2014-01-29 00:00:00-05:00,18.27879140143119
2014-01-30 00:00:00-05:00,18.207016117381954
2014-01-31 00:00:00-05:00,18.573869705200195
2014-02-03 00:00:00-05:00,18.597788744627106
2014-02-04 00:00:00-05:00,18.230941908104885
2014-02-05 00:00:00-05:00,17.943840586012637
2014-02-06 00:00:00-05:00,17.58005537293825
2014-02-07 00:00:00-05:00,17.588096366914165
2014-02-10 00:00:00-05:00,17.63629998398009
2014-02-11 00:00:00-05:00,17.563984000298376
2014-02-12 00:00:00-05:00,18.00589572393744
2014-02-13 00:00:00-05:00,17.949657245619743
2014-02-14 00:00:00-05:00,18.504056930541992
2014-02-18 00:00:00-05:00,18.51209259033203
2014-02-19 00:00:00-05:00,18.479952689003987
2014-02-20 00:00:00-05:00,18.174629045475463
2014-02-21 00:00:00-05:00,18.889722449200576
2014-02-24 00:00:00-05:00,18.954000574718968
2014-02-25 00:00:00-05:00,19.026317819243097
2014-02-26 00:00:00-05:00,18.865619661408008
2014-02-27 00:00:00-05:00,18.54422619884732
2014-02-28 00:00:00-05:00,19.050417120586136
2014-03-03 00:00:00-05:00,18.72099370899795
2014-03-04 00:00:00-05:00,18.688852963411254
2014-03-05 00:00:00-05:00,18.92988870605445
2014-03-06 00:00:00-05:00,18.672784606875066
2014-03-07 00:00:00-05:00,18.624578591717285
2014-03-10 00:00:00-04:00,18.31121929070382
2014-03-11 00:00:00-04:00,18.455851312954128
2014-03-12 00:00:00-04:00,18.174627756241478
2014-03-13 00:00:00-04:00,18.375500864666208
2014-03-14 00:00:00-04:00,18.496013181739475
2014-03-17 00:00:00-04:00,18.89775896207163
2014-03-18 00:00:00-04:00,18.87365087248535
2014-03-19 00:00:00-04:00,19.0825585880161
2014-03-20 00:00:00-04:00,18.825446367806666
2014-03-21 00:00:00-04:00,19.25129015728465
2014-03-24 00:00:00-04:00,19.395910933129734
2014-03-25 00:00:00-04:00,19.203074317448742
2014-03-26 00:00:00-04:00,19.54052866918839
2014-03-27 00:00:00-04:00,18.994174141487726
2014-03-28 00:00:00-04:00,18.937924750038373
2014-03-31 00:00:00-04:00,19.058452327265766
2014-04-01 00:00:00-04:00,19.31556907766658
2014-04-02 00:00:00-04:00,19.21111287488838
2014-04-03 00:00:00-04:00,19.138798023686412
2014-04-04 00:00:00-04:00,19.16289985367548
2014-04-07 00:00:00-04:00,18.769204379433653
2014-04-08 00:00:00-04:00,18.745093569706043
2014-04-09 00:00:00-04:00,18.95400122793488
2014-04-10 00:00:00-04:00,18.825442019904592
2014-04-11 00:00:00-04:00,18.230870026821226
2014-04-14 00:00:00-04:00,18.28711056338316
2014-04-15 00:00:00-04:00,18.142487180501753
2014-04-16 00:00:00-04:00,18.230867614669364
2014-04-17 00:00:00-04:00,18.246938346918594
2014-04-21 00:00:00-04:00,18.439781277860224
2014-04-22 00:00:00-04:00,18.504046696872546
2014-04-23 00:00:00-04:00,18.576368764550523
2014-04-24 00:00:00-04:00,18.841514661521398
2014-04-25 00:00:00-04:00,18.4799561552949
2014-04-28 00:00:00-04:00,18.287112008289263
2014-04-29 00:00:00-04:00,18.254972124301823
2014-04-30 00:00:00-04:00,18.086247683155104
2014-05-01 00:00:00-04:00,17.981792957943853
2014-05-02 00:00:00-04:00,17.8693125766968
2014-05-05 00:00:00-04:00,17.435429810843427
2014-05-06 00:00:00-04:00,17.330978258064814
2014-05-07 00:00:00-04:00,17.491678160963627
2014-05-08 00:00:00-04:00,17.365427551598106
2014-05-09 00:00:00-04:00,16.88777600575731
2014-05-12 00:00:00-04:00,17.43019083331461
2014-05-13 00:00:00-04:00,17.51924258642419
2014-05-14 00:00:00-04:00,17.073977060103985
2014-05-15 00:00:00-04:00,16.458701249233425
2014-05-16 00:00:00-04:00,17.1630319708409
2014-05-19 00:00:00-04:00,16.903966457384325
2014-05-20 00:00:00-04:00,17.04159270372947
2014-05-21 00:00:00-04:00,16.863489890149584
2014-05-22 00:00:00-04:00,16.920153432507576
2014-05-23 00:00:00-04:00,17.163025884028624
2014-05-27 00:00:00-04:00,17.41399761331718
2014-05-28 00:00:00-04:00,17.592100465211338
2014-05-29 00:00:00-04:00,17.51114950460825
2014-05-30 00:00:00-04:00,17.60019815648512
2014-06-02 00:00:00-04:00,17.93212688143133
2014-06-03 00:00:00-04:00,17.632586876281536
2014-06-04 00:00:00-04:00,17.40590482902205
2014-06-05 00:00:00-04:00,17.81069481664696
2014-06-06 00:00:00-04:00,18.62026667988241
2014-06-09 00:00:00-04:00,18.264054505319564
2014-06-10 00:00:00-04:00,18.353106711005402
2014-06-11 00:00:00-04:00,18.231668022475954
2014-06-12 00:00:00-04:00,18.563598050205172
2014-06-13 00:00:00-04:00,18.60407417624087
2014-06-16 00:00:00-04:00,18.733611773296953
2014-06-17 00:00:00-04:00,18.774089327016792
2014-06-18 00:00:00-04:00,19.016961456543072
2014-06-19 00:00:00-04:00,19.259835456361618
2014-06-20 00:00:00-04:00,19.284116857829314
2014-06-23 00:00:00-04:00,19.154588157506186
2014-06-24 00:00:00-04:00,18.838852201490113
2014-06-25 00:00:00-04:00,18.798375747408606
2014-06-26 00:00:00-04:00,19.097911090632564
2014-06-27 00:00:00-04:00,18.952196988017995
2014-06-30 00:00:00-04:00,19.57557063334865
2014-07-01 00:00:00-04:00,19.6808138865573
2014-07-02 00:00:00-04:00,19.858924861695986
2014-07-03 00:00:00-04:00,19.25983793496636
2014-07-07 00:00:00-04:00,19.227444713763145
2014-07-08 00:00:00-04:00,19.07363416383702
2014-07-09 00:00:00-04:00,19.27602801608731
2014-07-10 00:00:00-04:00,18.855043096496864
2014-07-11 00:00:00-04:00,19.211251314411893
2014-07-14 00:00:00-04:00,19.219352751557174
2014-07-15 00:00:00-04:00,19.138394747917555
2014-07-16 00:00:00-04:00,18.984577435694156
2014-07-17 00:00:00-04:00,18.604077183857513
2014-07-18 00:00:00-04:00,18.3935804672968
2014-07-21 00:00:00-04:00,18.919807253281995
2014-07-22 00:00:00-04:00,18.9521935191132
2014-07-23 00:00:00-04:00,18.936003205999047
2014-07-24 00:00:00-04:00,18.903620777644377
2014-07-25 00:00:00-04:00,18.64455245072684
2014-07-28 00:00:00-04:00,18.409778588882126
2014-07-29 00:00:00-04:00,18.59598079962906
2014-07-30 00:00:00-04:00,18.5150219912193
2014-07-31 00:00:00-04:00,18.158810497122783
2014-08-01 00:00:00-04:00,18.48264267645158
2014-08-04 00:00:00-04:00,18.741708326504494
2014-08-05 00:00:00-04:00,18.701231919334507
2014-08-06 00:00:00-04:00,18.595974664362256
2014-08-07 00:00:00-04:00,18.995229545718132
2014-08-08 00:00:00-04:00,18.832186596613425
2014-08-11 00:00:00-04:00,19.370243072509766
2014-08-12 00:00:00-04:00,19.264259798838978
2014-08-13 00:00:00-04:00,19.199043789074647
2014-08-14 00:00:00-04:00,19.353941105912355
2014-08-15 00:00:00-04:00,19.73710490053333
2014-08-18 00:00:00-04:00,19.7452625272239
2014-08-19 00:00:00-04:00,19.769714889704314
2014-08-20 00:00:00-04:00,19.826786313653617
2014-08-21 00:00:00-04:00,19.590360003746824
2014-08-22 00:00:00-04:00,19.622975907453824
2014-08-25 00:00:00-04:00,19.769709057377803
2014-08-26 00:00:00-04:00,19.56590386395067
2014-08-27 00:00:00-04:00,19.647429678255136
2014-08-28 00:00:00-04:00,19.75340917874883
2014-08-29 00:00:00-04:00,19.704494997702387
2014-09-02 00:00:00-04:00,19.94907252894278
2014-09-03 00:00:00-04:00,19.68003499444447
2014-09-04 00:00:00-04:00,19.639273322533697
2014-09-05 00:00:00-04:00,19.58220375080082
2014-09-08 00:00:00-04:00,19.72080116231248
2014-09-09 00:00:00-04:00,19.582215051973478
2014-09-10 00:00:00-04:00,19.280571742809276
2014-09-11 00:00:00-04:00,19.16643212801886
2014-09-12 00:00:00-04:00,19.451763220201407
2014-09-15 00:00:00-04:00,19.402855792796704
2014-09-16 00:00:00-04:00,19.076759435575774
2014-09-17 00:00:00-04:00,19.305024571542656
2014-09-18 00:00:00-04:00,19.239803417182287
2014-09-19 00:00:00-04:00,19.09305680145833
2014-09-22 00:00:00-04:00,18.897408172711522
2014-09-23 00:00:00-04:00,18.881095350509934
2014-09-24 00:00:00-04:00,18.734355663331215
2014-09-25 00:00:00-04:00,18.726194892325235
2014-09-26 00:00:00-04:00,18.40825677334307
2014-09-29 00:00:00-04:00,18.465326780089484
2014-09-30 00:00:00-04:00,18.587610230966053
2014-10-01 00:00:00-04:00,18.36749226643184
2014-10-02 00:00:00-04:00,18.00062860124474
2014-10-03 00:00:00-04:00,18.897409456319306
2014-10-06 00:00:00-04:00,18.889253509968157
2014-10-07 00:00:00-04:00,18.62022504223771
2014-10-08 00:00:00-04:00,18.506079337811318
2014-10-09 00:00:00-04:00,19.044145433579978
2014-10-10 00:00:00-04:00,18.685433899253805
2014-10-13 00:00:00-04:00,18.98707858201423
2014-10-14 00:00:00-04:00,19.55774842375404
2014-10-15 00:00:00-04:00,19.631119048370103
2014-10-16 00:00:00-04:00,19.50883454934488
2014-10-17 00:00:00-04:00,20.055049009407654
2014-10-20 00:00:00-04:00,19.49252712125527
2014-10-21 00:00:00-04:00,19.826779681822483
2014-10-22 00:00:00-04:00,19.892007092931486
2014-10-23 00:00:00-04:00,19.826779951349376
2014-10-24 00:00:00-04:00,19.91645439044872
2014-10-27 00:00:00-04:00,19.818628934992468
2014-10-28 00:00:00-04:00,19.89199953642048
2014-10-29 00:00:00-04:00,20.44636699407609
2014-10-30 00:00:00-04:00,20.576809081231815
2014-10-31 00:00:00-04:00,21.09857135142072
2014-11-03 00:00:00-05:00,21.245302836336375
2014-11-04 00:00:00-05:00,21.26976776123047
2014-11-05 00:00:00-05:00,21.432818613828985
2014-11-06 00:00:00-05:00,21.108818655658133
2014-11-07 00:00:00-05:00,21.117021230036062
2014-11-10 00:00:00-05:00,21.215475565625674
2014-11-11 00:00:00-05:00,21.076008214770393
2014-11-12 00:00:00-05:00,20.788864446423865
2014-11-13 00:00:00-05:00,20.99396793919099
2014-11-14 00:00:00-05:00,20.395077316229482
2014-11-17 00:00:00-05:00,20.22278971300119
2014-11-18 00:00:00-05:00,20.313027651455617
2014-11-19 00:00:00-05:00,20.395073534200904
2014-11-20 00:00:00-05:00,20.272013104539624
2014-11-21 00:00:00-05:00,20.583764742858133
2014-11-24 00:00:00-05:00,20.18177188174284
2014-11-25 00:00:00-05:00,20.403278916085156
2014-11-26 00:00:00-05:00,20.436093462958066
2014-11-28 00:00:00-05:00,20.969352466249724
2014-12-01 00:00:00-05:00,20.57556298380376
2014-12-02 00:00:00-05:00,20.378666436927666
2014-12-03 00:00:00-05:00,20.509927556875738
2014-12-04 00:00:00-05:00,19.976668425278774
2014-12-05 00:00:00-05:00,19.738750969020977
2014-12-08 00:00:00-05:00,19.853612385174266
2014-12-09 00:00:00-05:00,19.435206470584497
2014-12-10 00:00:00-05:00,20.247406986243462
2014-12-11 00:00:00-05:00,19.796182922305853
2014-12-12 00:00:00-05:00,19.443411247718686
2014-12-15 00:00:00-05:00,19.44342020423458
2014-12-16 00:00:00-05:00,19.27934114144474
2014-12-17 00:00:00-05:00,19.15627694007738
2014-12-18 00:00:00-05:00,19.48443403081919
2014-12-19 00:00:00-05:00,20.00128015799579
2014-12-22 00:00:00-05:00,19.845408055004487
2014-12-23 00:00:00-05:00,20.29662986353301
2014-12-24 00:00:00-05:00,20.230987647611787
2014-12-26 00:00:00-05:00,20.542748446130858
2014-12-29 00:00:00-05:00,20.706827042875748
2014-12-30 00:00:00-05:00,20.985761550354198
2014-12-31 00:00:00-05:00,20.75604672314339
2015-01-02 00:00:00-05:00,20.321239425813843
2015-01-05 00:00:00-05:00,20.042295927015594
2015-01-06 00:00:00-05:00,20.050508601599482
2015-01-07 00:00:00-05:00,19.902838553029657
2015-01-08 00:00:00-05:00,20.181774564640936
2015-01-09 00:00:00-05:00,19.984874905267684
2015-01-12 00:00:00-05:00,19.828999269693913
2015-01-13 00:00:00-05:00,19.878221938936264
2015-01-14 00:00:00-05:00,19.935650006159317
2015-01-15 00:00:00-05:00,20.36225971962278
2015-01-16 00:00:00-05:00,20.075120103948336
2015-01-20 00:00:00-05:00,20.7068268685596
2015-01-21 00:00:00-05:00,20.5345458984375
2015-01-22 00:00:00-05:00,20.682207568657198
2015-01-23 00:00:00-05:00,20.862702715689615
2015-01-26 00:00:00-05:00,21.010370464672402
2015-01-27 00:00:00-05:00,20.862701514472946
2015-01-28 00:00:00-05:00,21.051388763643033
2015-01-29 00:00:00-05:00,20.64120042004275
2015-01-30 00:00:00-05:00,21.13343136637863
2015-02-02 00:00:00-05:00,20.124344131997205
2015-02-03 00:00:00-05:00,20.509931298912626
2015-02-04 00:00:00-05:00,20.911922811210044
2015-02-05 00:00:00-05:00,20.549633714286333
2015-02-06 00:00:00-05:00,20.780897597347415
2015-02-09 00:00:00-05:00,20.202730658047507
2015-02-10 00:00:00-05:00,20.095361021581482
2015-02-11 00:00:00-05:00,20.293583844100887
2015-02-12 00:00:00-05:00,19.987987511467935
2015-02-13 00:00:00-05:00,19.80627509410862
2015-02-17 00:00:00-05:00,19.798019053204456
2015-02-18 00:00:00-05:00,19.624568317155166
2015-02-19 00:00:00-05:00,20.235765804035424
2015-02-20 00:00:00-05:00,19.814531306416757
2015-02-23 00:00:00-05:00,19.781497006929804
2015-02-24 00:00:00-05:00,20.120137152353365
2015-02-25 00:00:00-05:00,20.268807686000933
2015-02-26 00:00:00-05:00,20.64874600112151
2015-02-27 00:00:00-05:00,20.880014079833394
2015-03-02 00:00:00-05:00,21.036942868850186
2015-03-03 00:00:00-05:00,20.285328593812842
2015-03-04 00:00:00-05:00,19.92190939412503
2015-03-05 00:00:00-05:00,20.27706543541323
2015-03-06 00:00:00-05:00,20.04580128343824
2015-03-09 00:00:00-04:00,19.7732426074388
2015-03-10 00:00:00-04:00,19.77323724361208
2015-03-11 00:00:00-04:00,19.872351273037307
2015-03-12 00:00:00-04:00,20.442259357655647
2015-03-13 00:00:00-04:00,20.566147351844148
2015-03-16 00:00:00-04:00,20.62396689055219
2015-03-17 00:00:00-04:00,20.450518192003372
2015-03-18 00:00:00-04:00,20.557890149374515
2015-03-19 00:00:00-04:00,20.805668662947834
2015-03-20 00:00:00-04:00,21.10301569735371
2015-03-23 00:00:00-04:00,21.02042562612206
2015-03-24 00:00:00-04:00,20.970862962478446
2015-03-25 00:00:00-04:00,20.904789801226013
2015-03-26 00:00:00-04:00,20.648743816036422
2015-03-27 00:00:00-04:00,20.376184122706395
2015-03-30 00:00:00-04:00,20.43399552499427
2015-03-31 00:00:00-04:00,20.417476778723195
2015-04-01 00:00:00-04:00,20.169691510611617
2015-04-02 00:00:00-04:00,20.417481158330784
2015-04-06 00:00:00-04:00,20.524859649066194
2015-04-07 00:00:00-04:00,20.714823275752554
2015-04-08 00:00:00-04:00,20.491814841764526
2015-04-09 00:00:00-04:00,20.22751286824395
2015-04-10 00:00:00-04:00,20.08710064730918
2015-04-13 00:00:00-04:00,20.235779841460865
2015-04-14 00:00:00-04:00,20.310105432598323
2015-04-15 00:00:00-04:00,20.524856755741137
2015-04-16 00:00:00-04:00,20.219251460871927
2015-04-17 00:00:00-04:00,20.05406572162889
2015-04-20 00:00:00-04:00,20.095362399818395
2015-04-21 00:00:00-04:00,20.285318054675585
2015-04-22 00:00:00-04:00,19.996245467571477
2015-04-23 00:00:00-04:00,20.136657353743317
2015-04-24 00:00:00-04:00,20.103615598368275
2015-04-27 00:00:00-04:00,20.53311362717662
2015-04-28 00:00:00-04:00,20.260551130863114
2015-04-29 00:00:00-04:00,20.458773086264163
2015-04-30 00:00:00-04:00,20.153174045909463
2015-05-01 00:00:00-04:00,19.773241563796624
2015-05-04 00:00:00-04:00,20.334883240380815
2015-05-05 00:00:00-04:00,20.268805432609444
2015-05-06 00:00:00-04:00,19.822794467588075
2015-05-07 00:00:00-04:00,19.738479332574617
2015-05-08 00:00:00-04:00,19.796708414013693
2015-05-11 00:00:00-04:00,19.622023489326917
2015-05-12 00:00:00-04:00,19.871570045741176
2015-05-13 00:00:00-04:00,19.796701109409174
2015-05-14 00:00:00-04:00,19.721839564177788
2015-05-15 00:00:00-04:00,19.938106244846498
2015-05-18 00:00:00-04:00,19.77175440796748
2015-05-19 00:00:00-04:00,19.946422689623883
2015-05-20 00:00:00-04:00,20.004655550986104
2015-05-21 00:00:00-04:00,20.087834937490005
2015-05-22 00:00:00-04:00,20.104469107574168
2015-05-26 00:00:00-04:00,19.83829775306643
2015-05-27 00:00:00-04:00,19.62203071016047
2015-05-28 00:00:00-04:00,19.82165643960292
2015-05-29 00:00:00-04:00,19.813337617526685
2015-06-01 00:00:00-04:00,19.879879334840833
2015-06-02 00:00:00-04:00,19.963064201793408
2015-06-03 00:00:00-04:00,20.2209148002781
2015-06-04 00:00:00-04:00,19.963061498873376
2015-06-05 00:00:00-04:00,19.655295802598115
2015-06-08 00:00:00-04:00,19.763433733954248
2015-06-09 00:00:00-04:00,19.671935848750735
2015-06-10 00:00:00-04:00,19.771751314774477
2015-06-11 00:00:00-04:00,19.929791092860043
2015-06-12 00:00:00-04:00,19.805019009049264
2015-06-15 00:00:00-04:00,19.613708037802702
2015-06-16 00:00:00-04:00,19.02314097606788
2015-06-17 00:00:00-04:00,19.064725972486645
2015-06-18 00:00:00-04:00,19.122948048168702
2015-06-19 00:00:00-04:00,19.472305292944046
2015-06-22 00:00:00-04:00,19.372492487772554
2015-06-23 00:00:00-04:00,19.43071631070796
2015-06-24 00:00:00-04:00,19.522210229867
2015-06-25 00:00:00-04:00,19.530523490102553
2015-06-26 00:00:00-04:00,19.33089992320645
2015-06-29 00:00:00-04:00,19.48062535799619
2015-06-30 00:00:00-04:00,19.305948990810425
2015-07-01 00:00:00-04:00,19.07304554012571
2015-07-02 00:00:00-04:00,19.355854593506663
2015-07-06 00:00:00-04:00,19.314255579119706
2015-07-07 00:00:00-04:00,19.630344124529802
2015-07-08 00:00:00-04:00,19.622026443481445
2015-07-09 00:00:00-04:00,19.74679736056202
2015-07-10 00:00:00-04:00,19.430713096551543
2015-07-13 00:00:00-04:00,19.696888527004184
2015-07-14 00:00:00-04:00,19.671932590514572
2015-07-15 00:00:00-04:00,19.696886987761037
2015-07-16 00:00:00-04:00,19.78006759001713
2015-07-17 00:00:00-04:00,20.129421858397375
2015-07-20 00:00:00-04:00,19.938106481724066
2015-07-21 00:00:00-04:00,19.68025515511375
2015-07-22 00:00:00-04:00,19.280989647183766
2015-07-23 00:00:00-04:00,19.42240148800226
2015-07-24 00:00:00-04:00,18.98154746993525
2015-07-27 00:00:00-04:00,18.956591415805036
2015-07-28 00:00:00-04:00,19.147911025713853
2015-07-29 00:00:00-04:00,18.939961231867414
2015-07-30 00:00:00-04:00,18.507424555348184
2015-07-31 00:00:00-04:00,16.71906334937194
2015-08-03 00:00:00-04:00,17.883579711638372
2015-08-04 00:00:00-04:00,18.09152629717025
2015-08-05 00:00:00-04:00,17.891899007128917
2015-08-06 00:00:00-04:00,18.023762549405877
2015-08-07 00:00:00-04:00,17.73035376830731
2015-08-10 00:00:00-04:00,17.780647252126194
2015-08-11 00:00:00-04:00,17.50400124161375
2015-08-12 00:00:00-04:00,17.830950375504308
2015-08-13 00:00:00-04:00,18.21657296920154
2015-08-14 00:00:00-04:00,18.52674821773098
2015-08-17 00:00:00-04:00,18.853693546408355
2015-08-18 00:00:00-04:00,18.593815389103632
2015-08-19 00:00:00-04:00,18.46807017148046
2015-08-20 00:00:00-04:00,18.618969287735577
2015-08-21 00:00:00-04:00,18.048911578397068
2015-08-24 00:00:00-04:00,17.91478346664845
2015-08-25 00:00:00-04:00,17.981844250869788
2015-08-26 00:00:00-04:00,17.302807915407595
2015-08-27 00:00:00-04:00,17.294430887205515
2015-08-28 00:00:00-04:00,17.327965859636166
2015-08-31 00:00:00-04:00,17.32796122005757
2015-09-01 00:00:00-04:00,17.059706893278054
2015-09-02 00:00:00-04:00,16.94233733020149
2015-09-03 00:00:00-04:00,16.799816077998933
2015-09-04 00:00:00-04:00,16.539950531098842
2015-09-08 00:00:00-04:00,16.69084438636882
2015-09-09 00:00:00-04:00,16.908805835402557
2015-09-10 00:00:00-04:00,16.715991145554327
2015-09-11 00:00:00-04:00,16.757902250244754
2015-09-14 00:00:00-04:00,17.04293118479913
2015-09-15 00:00:00-04:00,17.25250906419769
2015-09-16 00:00:00-04:00,17.554308192848918
2015-09-17 00:00:00-04:00,17.50400790538499
2015-09-18 00:00:00-04:00,17.554310885079115
2015-09-21 00:00:00-04:00,17.889632357454158
2015-09-22 00:00:00-04:00,17.93154664522825
2015-09-23 00:00:00-04:00,17.948315210098357
2015-09-24 00:00:00-04:00,18.15789119203533
2015-09-25 00:00:00-04:00,18.509985499400162
2015-09-28 00:00:00-04:00,18.333936701244305
2015-09-29 00:00:00-04:00,18.442922850166866
2015-09-30 00:00:00-04:00,18.551899804604734
2015-10-01 00:00:00-04:00,18.577049795277052
2015-10-02 00:00:00-04:00,18.51836968889277
2015-10-05 00:00:00-04:00,18.73632711346804
2015-10-06 00:00:00-04:00,18.987821823168954
2015-10-07 00:00:00-04:00,18.88722581569649
2015-10-08 00:00:00-04:00,18.811778469608754
2015-10-09 00:00:00-04:00,19.04650300804397
2015-10-12 00:00:00-04:00,18.786633596847622
2015-10-13 00:00:00-04:00,18.99620818127539
2015-10-14 00:00:00-04:00,18.920754310362742
2015-10-15 00:00:00-04:00,18.987825656319185
2015-10-16 00:00:00-04:00,19.45727622090919
2015-10-19 00:00:00-04:00,19.40697948049359
2015-10-20 00:00:00-04:00,19.67523801784204
2015-10-21 00:00:00-04:00,20.0273355965021
2015-10-22 00:00:00-04:00,19.658478318629722
2015-10-23 00:00:00-04:00,19.951887980240343
2015-10-26 00:00:00-04:00,19.95188331604004
2015-10-27 00:00:00-04:00,19.859671476286216
2015-10-28 00:00:00-04:00,20.06924745702867
2015-10-29 00:00:00-04:00,20.16146321958659
2015-10-30 00:00:00-04:00,18.937524781847177
2015-11-02 00:00:00-05:00,18.744709859615085
2015-11-03 00:00:00-05:00,18.786628749458973
2015-11-04 00:00:00-05:00,18.9459043346514
2015-11-05 00:00:00-05:00,19.01947602186608
2015-11-06 00:00:00-05:00,19.002590022271026
2015-11-09 00:00:00-05:00,18.36916801763269
2015-11-10 00:00:00-05:00,18.495848324338226
2015-11-11 00:00:00-05:00,18.43673216075707
2015-11-12 00:00:00-05:00,18.301604738130898
2015-11-13 00:00:00-05:00,18.082016572893238
2015-11-16 00:00:00-05:00,18.03134894743919
2015-11-17 00:00:00-05:00,18.225592664845486
2015-11-18 00:00:00-05:00,17.904659967111048
2015-11-19 00:00:00-05:00,18.056681318794627
2015-11-20 00:00:00-05:00,18.462069976587728
2015-11-23 00:00:00-05:00,18.462071101204906
2015-11-24 00:00:00-05:00,18.335384368896484
2015-11-25 00:00:00-05:00,18.35228197411606
2015-11-27 00:00:00-05:00,18.47051460916801
2015-11-30 00:00:00-05:00,19.019481609807492
2015-12-01 00:00:00-05:00,19.08704190203601
2015-12-02 00:00:00-05:00,19.019481609807492
2015-12-03 00:00:00-05:00,19.002585831960126
2015-12-04 00:00:00-05:00,19.053262459166067
2015-12-07 00:00:00-05:00,19.222170688717263
2015-12-08 00:00:00-05:00,19.095495928527164
2015-12-09 00:00:00-05:00,19.137716974160142
2015-12-10 00:00:00-05:00,19.07015502839419
2015-12-11 00:00:00-05:00,18.71543728860095
2015-12-14 00:00:00-05:00,18.884356746656156
2015-12-15 00:00:00-05:00,19.011040281631633
2015-12-16 00:00:00-05:00,19.23906795671704
2015-12-17 00:00:00-05:00,19.720465875531612
2015-12-18 00:00:00-05:00,19.771140333716097
2015-12-21 00:00:00-05:00,19.728910446166992
2015-12-22 00:00:00-05:00,19.77958166804483
2015-12-23 00:00:00-05:00,19.96538392144582
2015-12-24 00:00:00-05:00,19.96539010854456
2015-12-28 00:00:00-05:00,20.04984516075082
2015-12-29 00:00:00-05:00,20.269429372741108
2015-12-30 00:00:00-05:00,20.294768423707286
2015-12-31 00:00:00-05:00,20.108962005418263
2016-01-04 00:00:00-05:00,19.46709554790047
2016-01-05 00:00:00-05:00,19.53466141187233
2016-01-06 00:00:00-05:00,19.450206449435594
2016-01-07 00:00:00-05:00,19.568440810591536
2016-01-08 00:00:00-05:00,19.686686614697674
2016-01-11 00:00:00-05:00,19.830257269335334
2016-01-12 00:00:00-05:00,19.931602114396895
2016-01-13 00:00:00-05:00,19.7626895904541
2016-01-14 00:00:00-05:00,19.77113588054598
2016-01-15 00:00:00-05:00,19.500878304281166
2016-01-19 00:00:00-05:00,19.492435874769175
2016-01-20 00:00:00-05:00,19.492431605412175
2016-01-21 00:00:00-05:00,19.695127535849597
2016-01-22 00:00:00-05:00,19.75424916684991
2016-01-25 00:00:00-05:00,20.14274425833113
2016-01-26 00:00:00-05:00,20.176523090656477
2016-01-27 00:00:00-05:00,20.016061291286054
2016-01-28 00:00:00-05:00,20.159636364639766
2016-01-29 00:00:00-05:00,20.784612311878348
2016-02-01 00:00:00-05:00,21.105545407628615
2016-02-02 00:00:00-05:00,21.156210664212782
2016-02-03 00:00:00-05:00,21.181549844954716
2016-02-04 00:00:00-05:00,21.00609894309946
2016-02-05 00:00:00-05:00,20.35125348644529
2016-02-08 00:00:00-05:00,19.91752121010501
2016-02-09 00:00:00-05:00,20.512842399122626
2016-02-10 00:00:00-05:00,20.92104862719909
2016-02-11 00:00:00-05:00,20.887032382030196
2016-02-12 00:00:00-05:00,21.150674113456898
2016-02-16 00:00:00-05:00,21.56739566113761
2016-02-17 00:00:00-05:00,21.68645402935602
2016-02-18 00:00:00-05:00,21.745988809848857
2016-02-19 00:00:00-05:00,21.856545208595715
2016-02-22 00:00:00-05:00,21.414315259133176
2016-02-23 00:00:00-05:00,20.929561101274352
2016-02-24 00:00:00-05:00,20.963572941572867
2016-02-25 00:00:00-05:00,20.580876762763225
2016-02-26 00:00:00-05:00,20.55535848702326
2016-02-29 00:00:00-05:00,20.9040470342831
2016-03-01 00:00:00-05:00,21.10815369752226
2016-03-02 00:00:00-05:00,21.363290939362056
2016-03-03 00:00:00-05:00,22.001129177049567
2016-03-04 00:00:00-05:00,22.315788449320827
2016-03-07 00:00:00-05:00,21.899067390692814
2016-03-08 00:00:00-05:00,22.562419514010877
2016-03-09 00:00:00-05:00,22.37531832318188
2016-03-10 00:00:00-05:00,22.485878950631427
2016-03-11 00:00:00-05:00,22.43485256358848
2016-03-14 00:00:00-04:00,22.018131256103516
2016-03-15 00:00:00-04:00,22.00963109517059
2016-03-16 00:00:00-04:00,22.026637020009588
2016-03-17 00:00:00-04:00,21.797012924035737
2016-03-18 00:00:00-04:00,22.358313396078987
2016-03-21 00:00:00-04:00,21.86504683300501
2016-03-22 00:00:00-04:00,21.780007420838555
2016-03-23 00:00:00-04:00,21.975609427955476
2016-03-24 00:00:00-04:00,21.805521768936394
2016-03-28 00:00:00-04:00,22.281768390145277
2016-03-29 00:00:00-04:00,22.035142720290953
2016-03-30 00:00:00-04:00,23.03016817440537
2016-03-31 00:00:00-04:00,22.987643267308354
2016-04-01 00:00:00-04:00,22.698492091890504
2016-04-04 00:00:00-04:00,22.43485238688826
2016-04-05 00:00:00-04:00,22.911104771023137
2016-04-06 00:00:00-04:00,22.638961686420306
2016-04-07 00:00:00-04:00,22.55391396542293
2016-04-08 00:00:00-04:00,22.800548481297945
2016-04-11 00:00:00-04:00,23.208762942938463
2016-04-12 00:00:00-04:00,23.18325020512297
2016-04-13 00:00:00-04:00,23.429878414456674
2016-04-14 00:00:00-04:00,23.41286983355502
2016-04-15 00:00:00-04:00,23.44689041069484
2016-04-18 00:00:00-04:00,23.804078651703826
2016-04-19 00:00:00-04:00,23.412870622726086
2016-04-20 00:00:00-04:00,23.727533134085764
2016-04-21 00:00:00-04:00,23.480904796499733
2016-04-22 00:00:00-04:00,23.19175403389671
2016-04-25 00:00:00-04:00,23.336327267859698
2016-04-26 00:00:00-04:00,23.497912193445366
2016-04-27 00:00:00-04:00,23.75304970901222
2016-04-28 00:00:00-04:00,23.472407177538297
2016-04-29 00:00:00-04:00,23.55744500384059
2016-05-02 00:00:00-04:00,23.82108350023311
2016-05-03 00:00:00-04:00,24.152761240076167
2016-05-04 00:00:00-04:00,24.254817034148953
2016-05-05 00:00:00-04:00,24.657088781616363
2016-05-06 00:00:00-04:00,24.100979286514352
2016-05-09 00:00:00-04:00,24.605757423520892
2016-05-10 00:00:00-04:00,24.708416713709497
2016-05-11 00:00:00-04:00,24.614313167752044
2016-05-12 00:00:00-04:00,24.631424170756407
2016-05-13 00:00:00-04:00,24.460311492572444
2016-05-16 00:00:00-04:00,24.64853704719761
2016-05-17 00:00:00-04:00,24.580088250386574
2016-05-18 00:00:00-04:00,23.51920288267438
2016-05-19 00:00:00-04:00,23.459310521750677
2016-05-20 00:00:00-04:00,23.929864376711564
2016-05-23 00:00:00-04:00,24.13520354620674
2016-05-24 00:00:00-04:00,24.10097963830138
2016-05-25 00:00:00-04:00,24.58009412179418
2016-05-26 00:00:00-04:00,24.349088940708626
2016-05-27 00:00:00-04:00,24.468867851232496
2016-05-31 00:00:00-04:00,24.947982167425028
2016-06-01 00:00:00-04:00,25.01642548200174
2016-06-02 00:00:00-04:00,25.26453558573009
2016-06-03 00:00:00-04:00,25.43564300250703
2016-06-06 00:00:00-04:00,25.666646482744888
2016-06-07 00:00:00-04:00,25.5639795037456
2016-06-08 00:00:00-04:00,25.84630685388941
2016-06-09 00:00:00-04:00,26.49653640030842
2016-06-10 00:00:00-04:00,26.85586939555741
2016-06-13 00:00:00-04:00,27.292197518268047
2016-06-14 00:00:00-04:00,27.240867495098392
2016-06-15 00:00:00-04:00,27.71142556389576
2016-06-16 00:00:00-04:00,27.069759409581405
2016-06-17 00:00:00-04:00,27.360648237246373
2016-06-20 00:00:00-04:00,27.471863580651657
2016-06-21 00:00:00-04:00,27.334984245627066
2016-06-22 00:00:00-04:00,27.52320006667371
2016-06-23 00:00:00-04:00,27.49753384156309
2016-06-24 00:00:00-04:00,27.052649194406577
2016-06-27 00:00:00-04:00,28.661082787893648
2016-06-28 00:00:00-04:00,29.10597982854433
2016-06-29 00:00:00-04:00,29.439644358784836
2016-06-30 00:00:00-04:00,28.849306758561088
2016-07-01 00:00:00-04:00,29.944419705212848
2016-07-05 00:00:00-04:00,29.602204943719915
2016-07-06 00:00:00-04:00,30.320868034857696
2016-07-07 00:00:00-04:00,29.721978560955613
2016-07-08 00:00:00-04:00,28.823647694480428
2016-07-11 00:00:00-04:00,29.14875385933941
2016-07-12 00:00:00-04:00,29.0717536399109
2016-07-13 00:00:00-04:00,28.68675215299523
2016-07-14 00:00:00-04:00,28.789427228028323
2016-07-15 00:00:00-04:00,28.070756792995223
2016-07-18 00:00:00-04:00,28.15630660479244
2016-07-19 00:00:00-04:00,28.13064286493581
2016-07-20 00:00:00-04:00,28.11353221823545
2016-07-21 00:00:00-04:00,28.173418579970065
2016-07-22 00:00:00-04:00,28.284644396458592
2016-07-25 00:00:00-04:00,28.686756364187172
2016-07-26 00:00:00-04:00,28.720978280718416
2016-07-27 00:00:00-04:00,28.566970710425338
2016-07-28 00:00:00-04:00,28.019413960111272
2016-07-29 00:00:00-04:00,28.430088838686036
2016-08-01 00:00:00-04:00,28.81509208333629
2016-08-02 00:00:00-04:00,29.071758428495144
2016-08-03 00:00:00-04:00,28.327417467879755
2016-08-04 00:00:00-04:00,27.954060009326128
2016-08-05 00:00:00-04:00,27.816443343347757
2016-08-08 00:00:00-04:00,27.713228943530375
2016-08-09 00:00:00-04:00,27.09393613034103
2016-08-10 00:00:00-04:00,27.12834270689766
2016-08-11 00:00:00-04:00,27.128341349620374
2016-08-12 00:00:00-04:00,27.326174213920936
2016-08-15 00:00:00-04:00,27.360571586653464
2016-08-16 00:00:00-04:00,26.999317728391173
2016-08-17 00:00:00-04:00,26.543459397675253
2016-08-18 00:00:00-04:00,26.896106769880866
2016-08-19 00:00:00-04:00,27.076730595077205
2016-08-22 00:00:00-04:00,27.29176400171555
2016-08-23 00:00:00-04:00,27.25736207437767
2016-08-24 00:00:00-04:00,27.033730677498223
2016-08-25 00:00:00-04:00,27.03372421575017
2016-08-26 00:00:00-04:00,27.308966150005435
2016-08-29 00:00:00-04:00,26.75849012572623
2016-08-30 00:00:00-04:00,26.758489040852826
2016-08-31 00:00:00-04:00,26.517650882819147
2016-09-01 00:00:00-04:00,26.199409312477282
2016-09-02 00:00:00-04:00,26.242411626825373
2016-09-06 00:00:00-04:00,26.715478663008824
2016-09-07 00:00:00-04:00,26.878906918641857
2016-09-08 00:00:00-04:00,27.463794968876208
2016-09-09 00:00:00-04:00,27.26595786447869
2016-09-12 00:00:00-04:00,26.130601520394105
2016-09-13 00:00:00-04:00,26.362831591058274
2016-09-14 00:00:00-04:00,26.07038868166651
2016-09-15 00:00:00-04:00,25.743541523474768
2016-09-16 00:00:00-04:00,26.328423760529
2016-09-19 00:00:00-04:00,26.87890004406077
2016-09-20 00:00:00-04:00,27.661621965661197
2016-09-21 00:00:00-04:00,27.876648226883255
2016-09-22 00:00:00-04:00,28.48733448129274
2016-09-23 00:00:00-04:00,28.762572544647984
2016-09-26 00:00:00-04:00,28.44433348942847
2016-09-27 00:00:00-04:00,28.409931191558602
2016-09-28 00:00:00-04:00,28.083076189115943
2016-09-29 00:00:00-04:00,27.8852503250813
2016-09-30 00:00:00-04:00,27.93686004980511
2016-10-03 00:00:00-04:00,27.532599338453824
2016-10-04 00:00:00-04:00,27.248759960950796
2016-10-05 00:00:00-04:00,26.749885423344843
2016-10-06 00:00:00-04:00,26.35422669072841
2016-10-07 00:00:00-04:00,26.457445797275824
2016-10-10 00:00:00-04:00,26.51765070623211
2016-10-11 00:00:00-04:00,27.40358422189785
2016-10-12 00:00:00-04:00,27.524000724297654
2016-10-13 00:00:00-04:00,27.945459710455832
2016-10-14 00:00:00-04:00,27.618614893893167
2016-10-17 00:00:00-04:00,27.52399802125206
2016-10-18 00:00:00-04:00,27.782030762304615
2016-10-19 00:00:00-04:00,28.040072692680408
2016-10-20 00:00:00-04:00,28.08308156604762
2016-10-21 00:00:00-04:00,27.73903465270996
2016-10-24 00:00:00-04:00,27.825039593472958
2016-10-25 00:00:00-04:00,28.040074714415333
2016-10-26 00:00:00-04:00,28.083078851490313
2016-10-27 00:00:00-04:00,27.394983654804825
2016-10-28 00:00:00-04:00,27.222950770041265
2016-10-31 00:00:00-04:00,26.061783681958804
2016-11-01 00:00:00-04:00,26.70687735369598
2016-11-02 00:00:00-04:00,26.74988997083777
2016-11-03 00:00:00-04:00,26.42499899215585
2016-11-04 00:00:00-04:00,26.641241279639512
2016-11-07 00:00:00-05:00,26.295259308107212
2016-11-08 00:00:00-05:00,26.59800114440918
2016-11-09 00:00:00-05:00,26.641242130709056
2016-11-10 00:00:00-05:00,27.160235523812897
2016-11-11 00:00:00-05:00,26.81424340019269
2016-11-14 00:00:00-05:00,28.154952727475354
2016-11-15 00:00:00-05:00,28.717192532591966
2016-11-16 00:00:00-05:00,28.803694519306234
2016-11-17 00:00:00-05:00,29.798403024635835
2016-11-18 00:00:00-05:00,29.798404821863596
2016-11-21 00:00:00-05:00,30.144399772144553
2016-11-22 00:00:00-05:00,30.27414509056226
2016-11-23 00:00:00-05:00,31.095865977132096
2016-11-25 00:00:00-05:00,29.538916806850086
2016-11-28 00:00:00-05:00,30.749878557223887
2016-11-29 00:00:00-05:00,31.225614547729492
2016-11-30 00:00:00-05:00,30.879624131077662
2016-12-01 00:00:00-05:00,29.79840404801931
2016-12-02 00:00:00-05:00,29.971399792924874
2016-12-05 00:00:00-05:00,29.884900929653917
2016-12-06 00:00:00-05:00,30.057910134482196
2016-12-07 00:00:00-05:00,29.755155694564685
2016-12-08 00:00:00-05:00,29.755161363098015
2016-12-09 00:00:00-05:00,30.23090071201819
2016-12-12 00:00:00-05:00,30.05790212338379
2016-12-13 00:00:00-05:00,30.403900651249906
2016-12-14 00:00:00-05:00,30.057905931825992
2016-12-15 00:00:00-05:00,29.236167669460134
2016-12-16 00:00:00-05:00,29.49566650390625
2016-12-19 00:00:00-05:00,29.668656414435294
2016-12-20 00:00:00-05:00,29.7551547805421
2016-12-21 00:00:00-05:00,29.62541789167068
2016-12-22 00:00:00-05:00,29.45242052273686
2016-12-23 00:00:00-05:00,29.149678245276462
2016-12-27 00:00:00-05:00,29.322681997803667
2016-12-28 00:00:00-05:00,30.057894954026438
2016-12-29 00:00:00-05:00,29.36591532703479
2016-12-30 00:00:00-05:00,29.668656263998912
2017-01-03 00:00:00-05:00,29.40917414912471
2017-01-04 00:00:00-05:00,29.063171958942494
2017-01-05 00:00:00-05:00,29.62541789167068
2017-01-06 00:00:00-05:00,29.36592131855626
2017-01-09 00:00:00-05:00,28.97668330852802
2017-01-10 00:00:00-05:00,28.198199842316996
2017-01-11 00:00:00-05:00,28.457700769044706
2017-01-12 00:00:00-05:00,28.760439125963515
2017-01-13 00:00:00-05:00,28.32794748653065
2017-01-17 00:00:00-05:00,28.45769614152033
2017-01-18 00:00:00-05:00,28.500939571059373
2017-01-19 00:00:00-05:00,28.457696021355087
2017-01-20 00:00:00-05:00,28.457694752972436
2017-01-23 00:00:00-05:00,28.933433648198715
2017-01-24 00:00:00-05:00,29.019929590491568
2017-01-25 00:00:00-05:00,29.66865608512414
2017-01-26 00:00:00-05:00,30.447141169296113
2017-01-27 00:00:00-05:00,30.274152961566294
2017-01-30 00:00:00-05:00,30.014646844232267
2017-01-31 00:00:00-05:00,29.409164207569066
2017-02-01 00:00:00-05:00,29.7984098688862
2017-02-02 00:00:00-05:00,29.132511633700855
2017-02-03 00:00:00-05:00,29.610810110039893
2017-02-06 00:00:00-05:00,29.567332854094328
2017-02-07 00:00:00-05:00,29.349923302575363
2017-02-08 00:00:00-05:00,29.21948655921984
2017-02-09 00:00:00-05:00,29.436882141486144
2017-02-10 00:00:00-05:00,29.784738954717948
2017-02-13 00:00:00-05:00,30.045627211173787
2017-02-14 00:00:00-05:00,30.567399878424
2017-02-15 00:00:00-05:00,29.654295712716962
2017-02-16 00:00:00-05:00,30.132587718266457
2017-02-17 00:00:00-05:00,30.176072325563926
2017-02-21 00:00:00-05:00,30.349996879148463
2017-02-22 00:00:00-05:00,30.95873035391068
2017-02-23 00:00:00-05:00,30.958731925669948
2017-02-24 00:00:00-05:00,31.52398431623304
2017-02-27 00:00:00-05:00,32.13272476196289
2017-02-28 00:00:00-05:00,32.08925051355915
2017-03-01 00:00:00-05:00,32.00227858721337
2017-03-02 00:00:00-05:00,32.13273004246287
2017-03-03 00:00:00-05:00,32.30665889599525
2017-03-06 00:00:00-05:00,31.610959342041394
2017-03-07 00:00:00-05:00,31.30658651058902
2017-03-08 00:00:00-05:00,31.00221583880552
2017-03-09 00:00:00-05:00,29.958667725363195
2017-03-10 00:00:00-05:00,30.045621525817744
2017-03-13 00:00:00-04:00,29.95866237268928
2017-03-14 00:00:00-04:00,30.002140825775083
2017-03-15 00:00:00-04:00,30.045626884804708
2017-03-16 00:00:00-04:00,30.393473760888583
2017-03-17 00:00:00-04:00,29.958667320845457
2017-03-20 00:00:00-04:00,30.349998474121094
2017-03-21 00:00:00-04:00,30.349998474121094
2017-03-22 00:00:00-04:00,30.48044059751495
2017-03-23 00:00:00-04:00,30.349986166812176
2017-03-24 00:00:00-04:00,30.263027605447878
2017-03-27 00:00:00-04:00,30.480429794322706
2017-03-28 00:00:00-04:00,30.045623779296875
2017-03-29 00:00:00-04:00,30.045627211173787
2017-03-30 00:00:00-04:00,30.4369537187422
2017-03-31 00:00:00-04:00,30.436954171065718
2017-04-03 00:00:00-04:00,31.30658257378656
2017-04-04 00:00:00-04:00,30.436953078579094
2017-04-05 00:00:00-04:00,30.654365881431588
2017-04-06 00:00:00-04:00,31.263110320972675
2017-04-07 00:00:00-04:00,31.35006759463423
2017-04-10 00:00:00-04:00,31.263100860950797
2017-04-11 00:00:00-04:00,31.393557217715163
2017-04-12 00:00:00-04:00,31.915323597816975
2017-04-13 00:00:00-04:00,32.04576604587869
2017-04-17 00:00:00-04:00,31.828342941163818
2017-04-18 00:00:00-04:00,32.045765706584675
2017-04-19 00:00:00-04:00,32.13273121754767
2017-04-20 00:00:00-04:00,31.958807034632283
2017-04-21 00:00:00-04:00,32.045761948558656
2017-04-24 00:00:00-04:00,32.697974415252766
2017-04-25 00:00:00-04:00,32.56754041281946
2017-04-26 00:00:00-04:00,32.78494199133609
2017-04-27 00:00:00-04:00,32.43710565003027
2017-04-28 00:00:00-04:00,32.17621507455062
2017-05-01 00:00:00-04:00,31.219618913259833
2017-05-02 00:00:00-04:00,30.828285986318324
2017-05-03 00:00:00-04:00,31.089163376151273
2017-05-04 00:00:00-04:00,30.549918156806154
2017-05-05 00:00:00-04:00,30.243984200542542
2017-05-08 00:00:00-04:00,30.506213635059098
2017-05-09 00:00:00-04:00,29.806932523847504
2017-05-10 00:00:00-04:00,29.063944767654228
2017-05-11 00:00:00-04:00,29.763226982393874
2017-05-12 00:00:00-04:00,29.894342900063442
2017-05-15 00:00:00-04:00,29.98174338063636
2017-05-16 00:00:00-04:00,30.287691130243537
2017-05-17 00:00:00-04:00,30.025454990929994
2017-05-18 00:00:00-04:00,29.544703988109895
2017-05-19 00:00:00-04:00,29.457288762969338
2017-05-22 00:00:00-04:00,29.89433906000257
2017-05-23 00:00:00-04:00,29.806930528230534
2017-05-24 00:00:00-04:00,30.287696432468707
2017-05-25 00:00:00-04:00,30.069163319730634
2017-05-26 00:00:00-04:00,30.462510626600448
2017-05-30 00:00:00-04:00,30.06917190551758
2017-05-31 00:00:00-04:00,30.200282559233607
2017-06-01 00:00:00-04:00,30.24398136275704
2017-06-02 00:00:00-04:00,31.20548869311338
2017-06-05 00:00:00-04:00,31.161792753759073
2017-06-06 00:00:00-04:00,30.899556667471707
2017-06-07 00:00:00-04:00,31.292910078520638
2017-06-08 00:00:00-04:00,31.511430278588126
2017-06-09 00:00:00-04:00,31.817372264765826
2017-06-12 00:00:00-04:00,32.735181853648186
2017-06-13 00:00:00-04:00,32.34184162728739
2017-06-14 00:00:00-04:00,32.73518131817468
2017-06-15 00:00:00-04:00,32.64776611328125
2017-06-16 00:00:00-04:00,32.47295327684255
2017-06-19 00:00:00-04:00,32.90999645343449
2017-06-20 00:00:00-04:00,32.298127668946464
2017-06-21 00:00:00-04:00,31.729955639909537
2017-06-22 00:00:00-04:00,31.33661032383386
2017-06-23 00:00:00-04:00,31.773658289428216
2017-06-26 00:00:00-04:00,31.773663524811653
2017-06-27 00:00:00-04:00,31.51143696122029
2017-06-28 00:00:00-04:00,31.598845004304422
2017-06-29 00:00:00-04:00,31.424022677796845
2017-06-30 00:00:00-04:00,31.817364281185224
2017-07-03 00:00:00-04:00,32.38552996321724
2017-07-05 00:00:00-04:00,32.079594627600095
2017-07-06 00:00:00-04:00,32.03589012560424
2017-07-07 00:00:00-04:00,32.254425048828125
2017-07-10 00:00:00-04:00,32.25441597002327
2017-07-11 00:00:00-04:00,32.25442313361008
2017-07-12 00:00:00-04:00,32.64775902917283
2017-07-13 00:00:00-04:00,32.997403544817615
2017-07-14 00:00:00-04:00,32.56035709244682
2017-07-17 00:00:00-04:00,32.516663059728586
2017-07-18 00:00:00-04:00,32.47294431028538
2017-07-19 00:00:00-04:00,32.91000925914727
2017-07-20 00:00:00-04:00,33.434465810136025
2017-07-21 00:00:00-04:00,34.61449718129264
2017-07-24 00:00:00-04:00,34.48338262436408
2017-07-25 00:00:00-04:00,33.60927963256836
2017-07-26 00:00:00-04:00,33.56558701762394
2017-07-27 00:00:00-04:00,33.652985566581776
2017-07-28 00:00:00-04:00,33.3907542698037
2017-07-31 00:00:00-04:00,34.308563225221484
2017-08-01 00:00:00-04:00,34.17744541685224
2017-08-02 00:00:00-04:00,34.04632942407853
2017-08-03 00:00:00-04:00,33.46061482369921
2017-08-04 00:00:00-04:00,33.81189461930302
2017-08-07 00:00:00-04:00,34.163202620148446
2017-08-08 00:00:00-04:00,33.7679795497419
2017-08-09 00:00:00-04:00,33.81188943736198
2017-08-10 00:00:00-04:00,33.59233856201172
2017-08-11 00:00:00-04:00,33.37277582524782
2017-08-14 00:00:00-04:00,33.28495640076442
2017-08-15 00:00:00-04:00,33.81188886508226
2017-08-16 00:00:00-04:00,33.7679882539266
2017-08-17 00:00:00-04:00,33.24104850769709
2017-08-18 00:00:00-04:00,32.36280812336079
2017-08-21 00:00:00-04:00,32.36282022390166
2017-08-22 00:00:00-04:00,32.494550923604955
2017-08-23 00:00:00-04:00,32.05543537058326
2017-08-24 00:00:00-04:00,32.18715793483991
2017-08-25 00:00:00-04:00,32.58237326047535
2017-08-28 00:00:00-04:00,32.27498616262771
2017-08-29 00:00:00-04:00,32.23106880176724
2017-08-30 00:00:00-04:00,32.406715619660964
2017-08-31 00:00:00-04:00,32.450647228105815
2017-09-01 00:00:00-04:00,32.97758385648555
2017-09-05 00:00:00-04:00,32.670187897852635
2017-09-06 00:00:00-04:00,32.49454037606188
2017-09-07 00:00:00-04:00,32.31890295526509
2017-09-08 00:00:00-04:00,32.71410552079774
2017-09-11 00:00:00-04:00,33.197127141191125
2017-09-12 00:00:00-04:00,33.7679725955146
2017-09-13 00:00:00-04:00,32.45064535901747
2017-09-14 00:00:00-04:00,32.4506398883564
2017-09-15 00:00:00-04:00,33.06539478553104
2017-09-18 00:00:00-04:00,33.021489952941586
2017-09-19 00:00:00-04:00,33.328869814040054
2017-09-20 00:00:00-04:00,33.63625242896578
2017-09-21 00:00:00-04:00,33.5045188298057
2017-09-22 00:00:00-04:00,33.37278375357998
2017-09-25 00:00:00-04:00,33.32886728093933
2017-09-26 00:00:00-04:00,33.89971914304944
2017-09-27 00:00:00-04:00,33.81189459945677
2017-09-28 00:00:00-04:00,33.241044792530786
2017-09-29 00:00:00-04:00,33.680167804495355
2017-10-02 00:00:00-04:00,33.5923322703557
2017-10-03 00:00:00-04:00,34.690132874607585
2017-10-04 00:00:00-04:00,34.90967748348412
2017-10-05 00:00:00-04:00,35.39270878953743
2017-10-06 00:00:00-04:00,35.43662735156138
2017-10-09 00:00:00-04:00,35.65617157125358
2017-10-10 00:00:00-04:00,36.13921013308556
2017-10-11 00:00:00-04:00,36.31485535248537
2017-10-12 00:00:00-04:00,36.75397091104111
2017-10-13 00:00:00-04:00,36.7978834403701
2017-10-16 00:00:00-04:00,36.53441313176324
2017-10-17 00:00:00-04:00,36.66614712509685
2017-10-18 00:00:00-04:00,37.06135072780888
2017-10-19 00:00:00-04:00,37.63219645713391
2017-10-20 00:00:00-04:00,38.24696245608478
2017-10-23 00:00:00-04:00,37.89567088966787
2017-10-24 00:00:00-04:00,37.763930284489724
2017-10-25 00:00:00-04:00,36.6661451262825
2017-10-26 00:00:00-04:00,36.841783852322905
2017-10-27 00:00:00-04:00,37.588280721532705
2017-10-30 00:00:00-04:00,37.85176578809694
2017-10-31 00:00:00-04:00,37.324815704709
2017-11-01 00:00:00-04:00,37.061352719140615
2017-11-02 00:00:00-04:00,37.32481387218807
2017-11-03 00:00:00-04:00,38.0974095175283
2017-11-06 00:00:00-05:00,37.92103865580402
2017-11-07 00:00:00-05:00,38.58244529990262
2017-11-08 00:00:00-05:00,37.78874605265305
2017-11-09 00:00:00-05:00,38.05331105335045
2017-11-10 00:00:00-05:00,37.83283996582031
2017-11-13 00:00:00-05:00,37.87693840152886
2017-11-14 00:00:00-05:00,37.92102952874427
2017-11-15 00:00:00-05:00,38.22968772577128
2017-11-16 00:00:00-05:00,38.273783838818574
2017-11-17 00:00:00-05:00,38.45014830986102
2017-11-20 00:00:00-05:00,39.15566931473947
2017-11-21 00:00:00-05:00,39.06747254160754
2017-11-22 00:00:00-05:00,39.464325071932144
2017-11-24 00:00:00-05:00,39.24385200847279
2017-11-27 00:00:00-05:00,38.80290985107422
2017-11-28 00:00:00-05:00,38.97930229581583
2017-11-29 00:00:00-05:00,39.33204071612161
2017-11-30 00:00:00-05:00,40.16983467446279
2017-12-01 00:00:00-05:00,40.34620087941488
2017-12-04 00:00:00-05:00,40.037557081432645
2017-12-05 00:00:00-05:00,39.50842401369308
2017-12-06 00:00:00-05:00,38.494256677102065
2017-12-07 00:00:00-05:00,38.53835022573406
2017-12-08 00:00:00-05:00,38.80289899553571
2017-12-11 00:00:00-05:00,38.538355445843415
2017-12-12 00:00:00-05:00,38.141504467234896
2017-12-13 00:00:00-05:00,37.48009093418462
2017-12-14 00:00:00-05:00,37.61236920714288
2017-12-15 00:00:00-05:00,37.39189639730553
2017-12-18 00:00:00-05:00,38.75882187130231
2017-12-19 00:00:00-05:00,38.49427243129974
2017-12-20 00:00:00-05:00,37.70056717571387
2017-12-21 00:00:00-05:00,38.097410191966375
2017-12-22 00:00:00-05:00,38.670631408691406
2017-12-26 00:00:00-05:00,38.67062575184285
2017-12-27 00:00:00-05:00,39.24384682082869
2017-12-28 00:00:00-05:00,39.59660439557067
2017-12-29 00:00:00-05:00,40.12573797781503
2018-01-02 00:00:00-05:00,40.30211910987044
2018-01-03 00:00:00-05:00,39.2438551908159
2018-01-04 00:00:00-05:00,38.714728322057944
2018-01-05 00:00:00-05:00,38.67062716913441
2018-01-08 00:00:00-05:00,38.31788370513806
2018-01-09 00:00:00-05:00,38.93520112042012
2018-01-10 00:00:00-05:00,38.361988367142956
2018-01-11 00:00:00-05:00,37.5241880932722
2018-01-12 00:00:00-05:00,38.097407444201636
2018-01-16 00:00:00-05:00,38.0533163484886
2018-01-17 00:00:00-05:00,37.8769301422912
2018-01-18 00:00:00-05:00,38.053312810728116
2018-01-19 00:00:00-05:00,37.656465796605694
2018-01-22 00:00:00-05:00,38.75882667849251
2018-01-23 00:00:00-05:00,38.71472780924447
2018-01-24 00:00:00-05:00,39.59660936916691
2018-01-25 00:00:00-05:00,40.03755641236784
2018-01-26 00:00:00-05:00,38.18559567092095
2018-01-29 00:00:00-05:00,36.68638447402214
2018-01-30 00:00:00-05:00,36.37772870504454
2018-01-31 00:00:00-05:00,36.42182568422131
2018-02-01 00:00:00-05:00,36.02497126813865
2018-02-02 00:00:00-05:00,36.20135364113006
2018-02-05 00:00:00-05:00,36.55411053154097
2018-02-06 00:00:00-05:00,34.878523589226084
2018-02-07 00:00:00-05:00,35.0108090076488
2018-02-08 00:00:00-05:00,34.34940511409479
2018-02-09 00:00:00-05:00,33.01682788004616
2018-02-12 00:00:00-05:00,33.59296477402249
2018-02-13 00:00:00-05:00,33.77022933959961
2018-02-14 00:00:00-05:00,33.5043363794002
2018-02-15 00:00:00-05:00,33.94751084822863
2018-02-16 00:00:00-05:00,34.390680182519624
2018-02-20 00:00:00-05:00,34.922505302225254
2018-02-21 00:00:00-05:00,34.65657788211903
2018-02-22 00:00:00-05:00,34.61226138567481
2018-02-23 00:00:00-05:00,34.96681391341683
2018-02-26 00:00:00-05:00,35.58726943515325
2018-02-27 00:00:00-05:00,35.85317459717068
2018-02-28 00:00:00-05:00,34.745234651870675
2018-03-01 00:00:00-05:00,34.03614892044219
2018-03-02 00:00:00-05:00,33.72592017487595
2018-03-05 00:00:00-05:00,32.04183510443721
2018-03-06 00:00:00-05:00,32.750921483772075
2018-03-07 00:00:00-05:00,31.332747369115914
2018-03-08 00:00:00-05:00,32.88387292211425
2018-03-09 00:00:00-05:00,33.061145030444685
2018-03-12 00:00:00-04:00,33.504331293977366
2018-03-13 00:00:00-04:00,34.21340698430316
2018-03-14 00:00:00-04:00,33.50432023461789
2018-03-15 00:00:00-04:00,32.97250696945978
2018-03-16 00:00:00-04:00,32.9725042578706
2018-03-19 00:00:00-04:00,33.14978041453381
2018-03-20 00:00:00-04:00,33.3713796243953
2018-03-21 00:00:00-04:00,34.124773796452956
2018-03-22 00:00:00-04:00,33.72591911859053
2018-03-23 00:00:00-04:00,33.1497864189593
2018-03-26 00:00:00-04:00,32.39638430382168
2018-03-27 00:00:00-04:00,32.883864664988906
2018-03-28 00:00:00-04:00,32.70661163330078
2018-03-29 00:00:00-04:00,32.79524097826657
2018-04-02 00:00:00-04:00,33.01683673813329
2018-04-03 00:00:00-04:00,31.997517725192044
2018-04-04 00:00:00-04:00,31.95320294285668
2018-04-05 00:00:00-04:00,32.662292135073805
2018-04-06 00:00:00-04:00,33.10546237140394
2018-04-09 00:00:00-04:00,32.88386662855997
2018-04-10 00:00:00-04:00,32.88387348156804
2018-04-11 00:00:00-04:00,32.79524157396343
2018-04-12 00:00:00-04:00,33.37136860892151
2018-04-13 00:00:00-04:00,32.928189562841524
2018-04-16 00:00:00-04:00,33.54864237587427
2018-04-17 00:00:00-04:00,34.12478603678903
2018-04-18 00:00:00-04:00,34.74522026351414
2018-04-19 00:00:00-04:00,34.70090549856205
2018-04-20 00:00:00-04:00,34.745226560815496
2018-04-23 00:00:00-04:00,34.96682088406825
2018-04-24 00:00:00-04:00,35.54294334312408
2018-04-25 00:00:00-04:00,35.27705086309241
2018-04-26 00:00:00-04:00,34.61226276101025
2018-04-27 00:00:00-04:00,35.14408781051625
2018-04-30 00:00:00-04:00,34.257736254149236
2018-05-01 00:00:00-04:00,34.25773836638973
2018-05-02 00:00:00-04:00,34.92249798856191
2018-05-03 00:00:00-04:00,35.188416070066886
2018-05-04 00:00:00-04:00,35.3545671769393
2018-05-07 00:00:00-04:00,35.71078624992716
2018-05-08 00:00:00-04:00,35.26551071964894
2018-05-09 00:00:00-04:00,34.90929546421832
2018-05-10 00:00:00-04:00,34.95382577668196
2018-05-11 00:00:00-04:00,35.35456982069564
2018-05-14 00:00:00-04:00,35.31003920477517
2018-05-15 00:00:00-04:00,34.50855118887765
2018-05-16 00:00:00-04:00,34.330440521240234
2018-05-17 00:00:00-04:00,34.330450847772596
2018-05-18 00:00:00-04:00,34.33043964742918
2018-05-21 00:00:00-04:00,34.8202440356512
2018-05-22 00:00:00-04:00,35.265509181433856
2018-05-23 00:00:00-04:00,35.042875196201564
2018-05-24 00:00:00-04:00,35.57720192207174
2018-05-25 00:00:00-04:00,36.111536776496635
2018-05-29 00:00:00-04:00,36.067012856223364
2018-05-30 00:00:00-04:00,36.9575511933768
2018-05-31 00:00:00-04:00,36.69038870380229
2018-06-01 00:00:00-04:00,36.111528923573864
2018-06-04 00:00:00-04:00,35.7998389898123
2018-06-05 00:00:00-04:00,35.39909857882028
2018-06-06 00:00:00-04:00,35.22098284656951
2018-06-07 00:00:00-04:00,34.73119085877522
2018-06-08 00:00:00-04:00,34.86477889069471
2018-06-11 00:00:00-04:00,34.731192213489166
2018-06-12 00:00:00-04:00,34.55308150827391
2018-06-13 00:00:00-04:00,34.77571870356295
2018-06-14 00:00:00-04:00,34.55308171258765
2018-06-15 00:00:00-04:00,34.95382689858355
2018-06-18 00:00:00-04:00,35.22099703300002
2018-06-19 00:00:00-04:00,35.17646273303876
2018-06-20 00:00:00-04:00,35.532677836293445
2018-06-21 00:00:00-04:00,35.66625614471839
2018-06-22 00:00:00-04:00,35.66625728851832
2018-06-25 00:00:00-04:00,35.621729662071374
2018-06-26 00:00:00-04:00,35.48814795506551
2018-06-27 00:00:00-04:00,35.532680084954265
2018-06-28 00:00:00-04:00,34.998348428787764
2018-06-29 00:00:00-04:00,34.86477776716786
2018-07-02 00:00:00-04:00,34.59760357542567
2018-07-03 00:00:00-04:00,35.57720832580023
2018-07-05 00:00:00-04:00,36.06700556964209
2018-07-06 00:00:00-04:00,36.957543824794264
2018-07-09 00:00:00-04:00,37.53640069049642
2018-07-10 00:00:00-04:00,36.33416748171257
2018-07-11 00:00:00-04:00,36.60133001237935
2018-07-12 00:00:00-04:00,36.5568085083823
2018-07-13 00:00:00-04:00,36.25401865240115
2018-07-16 00:00:00-04:00,36.51227951049805
2018-07-17 00:00:00-04:00,36.46774536202853
2018-07-18 00:00:00-04:00,36.15605319824458
2018-07-19 00:00:00-04:00,36.067008005579936
2018-07-20 00:00:00-04:00,36.69039025150335
2018-07-23 00:00:00-04:00,36.111534496526495
2018-07-24 00:00:00-04:00,36.512285963775376
2018-07-25 00:00:00-04:00,36.601332491906156
2018-07-26 00:00:00-04:00,36.156048764532464
2018-07-27 00:00:00-04:00,37.26923730642899
2018-07-30 00:00:00-04:00,36.512276826081454
2018-07-31 00:00:00-04:00,36.200588019412066
2018-08-01 00:00:00-04:00,36.42321996881396
2018-08-02 00:00:00-04:00,35.62173127557316
2018-08-03 00:00:00-04:00,36.501953043961315
2018-08-06 00:00:00-04:00,35.92043806414442
2018-08-07 00:00:00-04:00,36.27828947707145
2018-08-08 00:00:00-04:00,35.83096473372332
2018-08-09 00:00:00-04:00,36.32301560857933
2018-08-10 00:00:00-04:00,36.32303051480644
2018-08-13 00:00:00-04:00,36.144083159866746
2018-08-14 00:00:00-04:00,35.96515542008923
2018-08-15 00:00:00-04:00,36.367764742339745
2018-08-16 00:00:00-04:00,36.09936023380444
2018-08-17 00:00:00-04:00,36.27828859712872
2018-08-20 00:00:00-04:00,36.90453761682568
2018-08-21 00:00:00-04:00,37.0387373005682
2018-08-22 00:00:00-04:00,36.99401535623236
2018-08-23 00:00:00-04:00,36.68088628038332
2018-08-24 00:00:00-04:00,36.6808871965204
2018-08-27 00:00:00-04:00,36.90454791306636
2018-08-28 00:00:00-04:00,36.45721935485461
2018-08-29 00:00:00-04:00,36.1440957541627
2018-08-30 00:00:00-04:00,36.32302356843285
2018-08-31 00:00:00-04:00,36.636158324023064
2018-09-04 00:00:00-04:00,36.680890434667816
2018-09-05 00:00:00-04:00,36.770356205550826
2018-09-06 00:00:00-04:00,37.35187092281523
2018-09-07 00:00:00-04:00,37.35187530517578
2018-09-10 00:00:00-04:00,37.441345276070805
2018-09-11 00:00:00-04:00,37.12821960449219
2018-09-12 00:00:00-04:00,37.12821257620147
2018-09-13 00:00:00-04:00,36.94927522431265
2018-09-14 00:00:00-04:00,37.44134151152239
2018-09-17 00:00:00-04:00,37.66500211508385
2018-09-18 00:00:00-04:00,37.12821257620147
2018-09-19 00:00:00-04:00,36.94928099028883
2018-09-20 00:00:00-04:00,36.546685588896764
2018-09-21 00:00:00-04:00,36.680873752481276
2018-09-24 00:00:00-04:00,37.083479278964205
2018-09-25 00:00:00-04:00,37.35188105783521
2018-09-26 00:00:00-04:00,37.44134780228509
2018-09-27 00:00:00-04:00,37.3518826013353
2018-09-28 00:00:00-04:00,37.217674571985484
2018-10-01 00:00:00-04:00,38.36283421435368
2018-10-02 00:00:00-04:00,37.61132924531769
2018-10-03 00:00:00-04:00,37.503972018377006
2018-10-04 00:00:00-04:00,37.78131333073176
2018-10-05 00:00:00-04:00,37.325033969481694
2018-10-08 00:00:00-04:00,37.638168529977904
2018-10-09 00:00:00-04:00,37.8976117322981
2018-10-10 00:00:00-04:00,37.996023316602404
2018-10-11 00:00:00-04:00,37.79921117612225
2018-10-12 00:00:00-04:00,36.88664405812567
2018-10-15 00:00:00-04:00,36.21566731610401
2018-10-16 00:00:00-04:00,36.376704666198485
2018-10-17 00:00:00-04:00,37.432388992770115
2018-10-18 00:00:00-04:00,37.27136152040829
2018-10-19 00:00:00-04:00,37.45029797612447
2018-10-22 00:00:00-04:00,37.83499328286012
2018-10-23 00:00:00-04:00,38.02287229577577
2018-10-24 00:00:00-04:00,37.52186525971335
2018-10-25 00:00:00-04:00,37.271352851696
2018-10-26 00:00:00-04:00,37.5844953901575
2018-10-29 00:00:00-04:00,37.53975100258293
2018-10-30 00:00:00-04:00,37.80814794634725
2018-10-31 00:00:00-04:00,38.73858640624392
2018-11-01 00:00:00-04:00,37.44134383883561
2018-11-02 00:00:00-04:00,37.53974682304079
2018-11-05 00:00:00-05:00,37.69184147375117
2018-11-06 00:00:00-05:00,38.1302318078654
2018-11-07 00:00:00-05:00,39.50799640043123
2018-11-08 00:00:00-05:00,40.141324673979994
2018-11-09 00:00:00-05:00,39.44057054339473
2018-11-12 00:00:00-05:00,39.5303999350365
2018-11-13 00:00:00-05:00,39.63822846430174
2018-11-14 00:00:00-05:00,39.3956455667607
2018-11-15 00:00:00-05:00,38.8745644738137
2018-11-16 00:00:00-05:00,39.925711002723716
2018-11-19 00:00:00-05:00,40.86007363488372
2018-11-20 00:00:00-05:00,40.69835134683088
2018-11-21 00:00:00-05:00,40.842092484123114
2018-11-23 00:00:00-05:00,40.59054236275247
2018-11-26 00:00:00-05:00,41.174520467080164
2018-11-27 00:00:00-05:00,41.5069231581832
2018-11-28 00:00:00-05:00,41.65067070988514
2018-11-29 00:00:00-05:00,41.79442622507723
2018-11-30 00:00:00-05:00,41.05771863046844
2018-12-03 00:00:00-05:00,41.20147363006409
2018-12-04 00:00:00-05:00,40.63545594496179
2018-12-06 00:00:00-05:00,39.440568203378504
2018-12-07 00:00:00-05:00,40.68936528531851
2018-12-10 00:00:00-05:00,41.273332051014776
2018-12-11 00:00:00-05:00,42.11785157565603
2018-12-12 00:00:00-05:00,42.83658772894483
2018-12-13 00:00:00-05:00,43.00728885311657
2018-12-14 00:00:00-05:00,43.4654857292578
2018-12-17 00:00:00-05:00,43.75297519806932
2018-12-18 00:00:00-05:00,42.78267863450322
2018-12-19 00:00:00-05:00,42.40533986608129
2018-12-20 00:00:00-05:00,42.153788204435536
2018-12-21 00:00:00-05:00,42.77370166511469
2018-12-24 00:00:00-05:00,42.01902756491824
2018-12-26 00:00:00-05:00,40.17726882199214
2018-12-27 00:00:00-05:00,41.02178368161511
2018-12-28 00:00:00-05:00,42.03699762120612
2018-12-31 00:00:00-05:00,42.50416236016734
2019-01-02 00:00:00-05:00,42.53111781209892
2019-01-03 00:00:00-05:00,41.4979482344243
2019-01-04 00:00:00-05:00,41.41708025432662
2019-01-07 00:00:00-05:00,40.92294685269555
2019-01-08 00:00:00-05:00,40.383908042628455
2019-01-09 00:00:00-05:00,41.34520961054631
2019-01-10 00:00:00-05:00,41.1206086119079
2019-01-11 00:00:00-05:00,41.21044291465812
2019-01-14 00:00:00-05:00,41.03076743578117
2019-01-15 00:00:00-05:00,40.58155625979455
2019-01-16 00:00:00-05:00,40.88701669816059
2019-01-17 00:00:00-05:00,41.201468045629085
2019-01-18 00:00:00-05:00,42.06394669216721
2019-01-22 00:00:00-05:00,42.378379790860755
2019-01-23 00:00:00-05:00,41.97410478231362
2019-01-24 00:00:00-05:00,42.45925188224857
2019-01-25 00:00:00-05:00,43.27681378856368
2019-01-28 00:00:00-05:00,41.983073962845445
2019-01-29 00:00:00-05:00,41.97410623720213
2019-01-30 00:00:00-05:00,41.64169468699412
2019-01-31 00:00:00-05:00,42.980323260123036
2019-02-01 00:00:00-05:00,44.40881137583015
2019-02-04 00:00:00-05:00,43.878750306050385
2019-02-05 00:00:00-05:00,44.51662341706258
2019-02-06 00:00:00-05:00,44.51663339026507
2019-02-07 00:00:00-05:00,44.29202367270324
2019-02-08 00:00:00-05:00,45.23310633913009
2019-02-11 00:00:00-05:00,46.09897502312508
2019-02-12 00:00:00-05:00,46.54094077886749
2019-02-13 00:00:00-05:00,46.7393663739503
2019-02-14 00:00:00-05:00,45.92760809434926
2019-02-15 00:00:00-05:00,46.09897498642121
2019-02-19 00:00:00-05:00,45.77427530813541
2019-02-20 00:00:00-05:00,46.01779897172554
2019-02-21 00:00:00-05:00,46.45074018258451
2019-02-22 00:00:00-05:00,46.856615376611195
2019-02-25 00:00:00-05:00,47.785628132691244
2019-02-26 00:00:00-05:00,47.35270545629574
2019-02-27 00:00:00-05:00,46.39661605043603
2019-02-28 00:00:00-05:00,46.68524732469289
2019-03-01 00:00:00-05:00,47.424857488940305
2019-03-04 00:00:00-05:00,47.31661816176036
2019-03-05 00:00:00-05:00,47.75857862276862
2019-03-06 00:00:00-05:00,47.76758378044691
2019-03-07 00:00:00-05:00,47.00093266957604
2019-03-08 00:00:00-05:00,47.361714016958246
2019-03-11 00:00:00-04:00,48.047191068405766
2019-03-12 00:00:00-04:00,48.5613215510692
2019-03-13 00:00:00-04:00,48.64249550230295
2019-03-14 00:00:00-04:00,48.768765855944714
2019-03-15 00:00:00-04:00,48.579364837468525
2019-03-18 00:00:00-04:00,48.69661691888194
2019-03-19 00:00:00-04:00,48.70563266227234
2019-03-20 00:00:00-04:00,47.830731087425704
2019-03-21 00:00:00-04:00,48.462095106909985
2019-03-22 00:00:00-04:00,49.20170858450158
2019-03-25 00:00:00-04:00,48.39896976125218
2019-03-26 00:00:00-04:00,48.78680756804686
2019-03-27 00:00:00-04:00,48.615437751976515
2019-03-28 00:00:00-04:00,48.813865932357416
2019-03-29 00:00:00-04:00,48.967204777702094
2019-04-01 00:00:00-04:00,49.21072459170292
2019-04-02 00:00:00-04:00,47.695450718822485
2019-04-03 00:00:00-04:00,47.41583332251992
2019-04-04 00:00:00-04:00,47.03701408142956
2019-04-05 00:00:00-04:00,46.477792262616
2019-04-08 00:00:00-04:00,46.37857916424958
2019-04-09 00:00:00-04:00,45.873485056493834
2019-04-10 00:00:00-04:00,46.04486531735925
2019-04-11 00:00:00-04:00,46.18917858428574
2019-04-12 00:00:00-04:00,45.51270771862146
2019-04-15 00:00:00-04:00,45.62093892834261
2019-04-16 00:00:00-04:00,45.39545309575825
2019-04-17 00:00:00-04:00,44.84525874010043
2019-04-18 00:00:00-04:00,44.56565560538946
2019-04-22 00:00:00-04:00,44.96250694910072
2019-04-23 00:00:00-04:00,44.62878833061746
2019-04-24 00:00:00-04:00,44.574668601689346
2019-04-25 00:00:00-04:00,43.75388449125768
2019-04-26 00:00:00-04:00,45.1879980414447
2019-04-29 00:00:00-04:00,44.87231468862993
2019-04-30 00:00:00-04:00,44.8723220847582
2019-05-01 00:00:00-04:00,45.449566300238544
2019-05-02 00:00:00-04:00,44.917419143376996
2019-05-03 00:00:00-04:00,45.02455525700399
2019-05-06 00:00:00-04:00,45.41396094052669
2019-05-07 00:00:00-04:00,45.305282330399784
2019-05-08 00:00:00-04:00,45.30528754606576
2019-05-09 00:00:00-04:00,44.54460959388839
2019-05-10 00:00:00-04:00,44.417838733788095
2019-05-13 00:00:00-04:00,44.97927917305809
2019-05-14 00:00:00-04:00,45.7490114926637
2019-05-15 00:00:00-04:00,45.350555441453146
2019-05-16 00:00:00-04:00,45.43206033705238
2019-05-17 00:00:00-04:00,45.486389699066706
2019-05-20 00:00:00-04:00,45.667510986328125
2019-05-21 00:00:00-04:00,45.90295358020357
2019-05-22 00:00:00-04:00,45.96634275623852
2019-05-23 00:00:00-04:00,46.156507815381175
2019-05-24 00:00:00-04:00,46.02973955704356
2019-05-28 00:00:00-04:00,45.87579072253085
2019-05-29 00:00:00-04:00,45.4320597247592
2019-05-30 00:00:00-04:00,44.60799868038337
2019-05-31 00:00:00-04:00,44.40878345550092
2019-06-03 00:00:00-04:00,44.57177760967682
2019-06-04 00:00:00-04:00,45.25095186072287
2019-06-05 00:00:00-04:00,44.8977821380417
2019-06-06 00:00:00-04:00,45.703731275450764
2019-06-07 00:00:00-04:00,46.1202885853954
2019-06-10 00:00:00-04:00,45.2147268003805
2019-06-11 00:00:00-04:00,45.09700524316086
2019-06-12 00:00:00-04:00,45.133220253577306
2019-06-13 00:00:00-04:00,46.12030192726695
2019-06-14 00:00:00-04:00,45.41395237747654
2019-06-17 00:00:00-04:00,46.21084987986915
2019-06-18 00:00:00-04:00,45.63128199678722
2019-06-19 00:00:00-04:00,45.02456150731555
2019-06-20 00:00:00-04:00,45.54978232166944
2019-06-21 00:00:00-04:00,45.359617408015865
2019-06-24 00:00:00-04:00,45.640342717952294
2019-06-25 00:00:00-04:00,45.36867167585539
2019-06-26 00:00:00-04:00,45.46828049792031
2019-06-27 00:00:00-04:00,44.816274995363756
2019-06-28 00:00:00-04:00,44.87966622533584
2019-07-01 00:00:00-04:00,45.83051743921351
2019-07-02 00:00:00-04:00,45.278114599485555
2019-07-03 00:00:00-04:00,46.31046266085583
2019-07-05 00:00:00-04:00,46.256131125264126
2019-07-08 00:00:00-04:00,46.18367192507392
2019-07-09 00:00:00-04:00,46.51873632640932
2019-07-10 00:00:00-04:00,46.8085190302323
2019-07-11 00:00:00-04:00,46.76323927710248
2019-07-12 00:00:00-04:00,46.274234778242594
2019-07-15 00:00:00-04:00,46.19272767908222
2019-07-16 00:00:00-04:00,46.102173927725715
2019-07-17 00:00:00-04:00,47.06207906157007
2019-07-18 00:00:00-04:00,47.2250727621021
2019-07-19 00:00:00-04:00,48.28458195553817
2019-07-22 00:00:00-04:00,47.76842038224568
2019-07-23 00:00:00-04:00,47.81368992197719
2019-07-24 00:00:00-04:00,48.08535464770568
2019-07-25 00:00:00-04:00,48.194028689030816
2019-07-26 00:00:00-04:00,47.70502901573211
2019-07-29 00:00:00-04:00,48.04913806024249
2019-07-30 00:00:00-04:00,47.88613079405984
2019-07-31 00:00:00-04:00,48.1215822844517
2019-08-01 00:00:00-04:00,47.86802997681949
2019-08-02 00:00:00-04:00,48.112527238675355
2019-08-05 00:00:00-04:00,48.38420169326015
2019-08-06 00:00:00-04:00,47.016795156582695
2019-08-07 00:00:00-04:00,47.20696716771778
2019-08-08 00:00:00-04:00,47.43335152543761
2019-08-09 00:00:00-04:00,48.68104573612471
2019-08-12 00:00:00-04:00,49.05370298854896
2019-08-13 00:00:00-04:00,48.97189728135377
2019-08-14 00:00:00-04:00,48.8719119149482
2019-08-15 00:00:00-04:00,48.808299114123045
2019-08-16 00:00:00-04:00,50.126216243966304
2019-08-19 00:00:00-04:00,51.06238662521763
2019-08-20 00:00:00-04:00,50.571570727656564
2019-08-21 00:00:00-04:00,50.607931524615914
2019-08-22 00:00:00-04:00,50.67155531081701
2019-08-23 00:00:00-04:00,50.65336771909224
2019-08-26 00:00:00-04:00,49.98079220394993
2019-08-27 00:00:00-04:00,50.54431259767273
2019-08-28 00:00:00-04:00,50.380700717331244
2019-08-29 00:00:00-04:00,50.971494589605264
2019-08-30 00:00:00-04:00,51.22598006582655
2019-09-03 00:00:00-04:00,51.3441395976436
2019-09-04 00:00:00-04:00,52.06218094414376
2019-09-05 00:00:00-04:00,51.798605203106575
2019-09-06 00:00:00-04:00,51.0805619959204
2019-09-09 00:00:00-04:00,49.353650463017225
2019-09-10 00:00:00-04:00,48.753756930808386
2019-09-11 00:00:00-04:00,48.353838493549254
2019-09-12 00:00:00-04:00,49.7535621537932
2019-09-13 00:00:00-04:00,49.39908645622061
2019-09-16 00:00:00-04:00,49.480877717758496
2019-09-17 00:00:00-04:00,48.78102756101033
2019-09-18 00:00:00-04:00,49.762647511258784
2019-09-19 00:00:00-04:00,49.57177641044376
2019-09-20 00:00:00-04:00,49.47180446238948
2019-09-23 00:00:00-04:00,48.30839425534764
2019-09-24 00:00:00-04:00,48.21750293835264
2019-09-25 00:00:00-04:00,48.444731167641386
2019-09-26 00:00:00-04:00,49.10822760885907
2019-09-27 00:00:00-04:00,48.86282602794836
2019-09-30 00:00:00-04:00,48.47200068669232
2019-10-01 00:00:00-04:00,48.0993414425793
2019-10-02 00:00:00-04:00,47.90846794570584
2019-10-03 00:00:00-04:00,47.09954172218421
2019-10-04 00:00:00-04:00,47.563086906250426
2019-10-07 00:00:00-04:00,47.81758790277984
2019-10-08 00:00:00-04:00,47.744865343165785
2019-10-09 00:00:00-04:00,47.635803102193194
2019-10-10 00:00:00-04:00,47.72669303858734
2019-10-11 00:00:00-04:00,48.4447319671402
2019-10-14 00:00:00-04:00,49.70811339483479
2019-10-15 00:00:00-04:00,49.671757126953835
2019-10-16 00:00:00-04:00,49.02643464185262
2019-10-17 00:00:00-04:00,49.662670727118225
2019-10-18 00:00:00-04:00,50.3534406656693
2019-10-21 00:00:00-04:00,50.1171131327527
2019-10-22 00:00:00-04:00,49.889890010469536
2019-10-23 00:00:00-04:00,50.15348237604733
2019-10-24 00:00:00-04:00,50.135299049244544
2019-10-25 00:00:00-04:00,49.644487430888496
2019-10-28 00:00:00-04:00,49.29002308997191
2019-10-29 00:00:00-04:00,48.82647387506582
2019-10-30 00:00:00-04:00,49.21730169738348
2019-10-31 00:00:00-04:00,49.73537243759503
2019-11-01 00:00:00-04:00,50.97149852838654
2019-11-04 00:00:00-05:00,50.889695243002826
2019-11-05 00:00:00-05:00,49.50815827388921
2019-11-06 00:00:00-05:00,48.91736155981734
2019-11-07 00:00:00-05:00,48.324182097528855
2019-11-08 00:00:00-05:00,47.09257419528958
2019-11-11 00:00:00-05:00,46.17116168444378
2019-11-12 00:00:00-05:00,45.897481138435175
2019-11-13 00:00:00-05:00,46.07080576447185
2019-11-14 00:00:00-05:00,46.125546147828324
2019-11-15 00:00:00-05:00,45.61465818490555
2019-11-18 00:00:00-05:00,45.769752301986316
2019-11-19 00:00:00-05:00,46.162032204427085
2019-11-20 00:00:00-05:00,46.29887578979065
2019-11-21 00:00:00-05:00,46.68204908014103
2019-11-22 00:00:00-05:00,45.8792326447092
2019-11-25 00:00:00-05:00,45.67852937129908
2019-11-26 00:00:00-05:00,45.86098576309945
2019-11-27 00:00:00-05:00,46.66379882625493
2019-11-29 00:00:00-05:00,46.76414843324867
2019-12-02 00:00:00-05:00,46.77327548556024
2019-12-03 00:00:00-05:00,46.417479979202845
2019-12-04 00:00:00-05:00,46.4448432617531
2019-12-05 00:00:00-05:00,46.93748871967051
2019-12-06 00:00:00-05:00,47.430125299030905
2019-12-09 00:00:00-05:00,47.43924855727812
2019-12-10 00:00:00-05:00,46.92836016137658
2019-12-11 00:00:00-05:00,46.928370429279
2019-12-12 00:00:00-05:00,46.736779991519185
2019-12-13 00:00:00-05:00,45.970458067520006
2019-12-16 00:00:00-05:00,45.14027121156231
2019-12-17 00:00:00-05:00,46.64555254454085
2019-12-18 00:00:00-05:00,46.80065260156793
2019-12-19 00:00:00-05:00,46.864500711579346
2019-12-20 00:00:00-05:00,46.43574096189454
2019-12-23 00:00:00-05:00,46.53608371947117
2019-12-24 00:00:00-05:00,46.134666416452575
2019-12-26 00:00:00-05:00,46.23502551121437
2019-12-27 00:00:00-05:00,46.42660089150663
2019-12-30 00:00:00-05:00,46.9922217071679
2019-12-31 00:00:00-05:00,47.01046682008012
2020-01-02 00:00:00-05:00,47.183814905182416
2020-01-03 00:00:00-05:00,46.0160654172933
2020-01-06 00:00:00-05:00,46.55432715995549
2020-01-07 00:00:00-05:00,46.0708071755731
2020-01-08 00:00:00-05:00,45.41395928637443
2020-01-09 00:00:00-05:00,45.103781265379126
2020-01-10 00:00:00-05:00,45.432207296540525
2020-01-13 00:00:00-05:00,45.359229575564456
2020-01-14 00:00:00-05:00,45.81537205480142
2020-01-15 00:00:00-05:00,45.2588702038938
2020-01-16 00:00:00-05:00,46.04343989844007
2020-01-17 00:00:00-05:00,46.636421801402676
2020-01-21 00:00:00-05:00,47.27503535361692
2020-01-22 00:00:00-05:00,47.931880760958144
2020-01-23 00:00:00-05:00,48.42453078620302
2020-01-24 00:00:00-05:00,48.898915967644754
2020-01-27 00:00:00-05:00,48.80767524874914
2020-01-28 00:00:00-05:00,48.28768472842248
2020-01-29 00:00:00-05:00,48.46101841601612
2020-01-30 00:00:00-05:00,48.898928170899175
2020-01-31 00:00:00-05:00,49.02663668602519
2020-02-03 00:00:00-05:00,47.9957534224959
2020-02-04 00:00:00-05:00,48.92628876560626
2020-02-05 00:00:00-05:00,48.707340859148346
2020-02-06 00:00:00-05:00,49.42804455827411
2020-02-07 00:00:00-05:00,49.46800114793921
2020-02-10 00:00:00-05:00,49.90764857352423
2020-02-11 00:00:00-05:00,50.55794222296937
2020-02-12 00:00:00-05:00,50.37474880976873
2020-02-13 00:00:00-05:00,50.2740021534982
2020-02-14 00:00:00-05:00,51.27234884895461
2020-02-18 00:00:00-05:00,52.16992870037815
2020-02-19 00:00:00-05:00,51.895167008500174
2020-02-20 00:00:00-05:00,50.64036727634156
2020-02-21 00:00:00-05:00,50.01755151917961
2020-02-24 00:00:00-05:00,49.37642379351529
2020-02-25 00:00:00-05:00,49.8618513132691
2020-02-26 00:00:00-05:00,48.57041834367378
2020-02-27 00:00:00-05:00,47.97508624044669
2020-02-28 00:00:00-05:00,44.22903855647503
2020-03-02 00:00:00-05:00,43.92678583372743
2020-03-03 00:00:00-05:00,46.28066139788801
2020-03-04 00:00:00-05:00,47.782735597976156
2020-03-05 00:00:00-05:00,49.15659528876422
2020-03-06 00:00:00-05:00,47.83769431078778
2020-03-09 00:00:00-04:00,47.58124176276934
2020-03-10 00:00:00-04:00,48.405559018817755
2020-03-11 00:00:00-04:00,47.05918542895213
2020-03-12 00:00:00-04:00,40.35474490407076
2020-03-13 00:00:00-04:00,42.61704517999649
2020-03-16 00:00:00-04:00,38.01920837074859
2020-03-17 00:00:00-04:00,40.0341926905595
2020-03-18 00:00:00-04:00,48.130786157261866
2020-03-19 00:00:00-04:00,49.623711743932546
2020-03-20 00:00:00-04:00,51.446361890064885
2020-03-23 00:00:00-04:00,47.39806237485166
2020-03-24 00:00:00-04:00,45.135778916479225
2020-03-25 00:00:00-04:00,43.66118442392898
2020-03-26 00:00:00-04:00,41.47216424539451
2020-03-27 00:00:00-04:00,43.45051746944911
2020-03-30 00:00:00-04:00,44.6961468506782
2020-03-31 00:00:00-04:00,47.43470656481188
2020-04-01 00:00:00-04:00,44.48549074560939
2020-04-02 00:00:00-04:00,40.4280329599039
2020-04-03 00:00:00-04:00,41.97591138056164
2020-04-06 00:00:00-04:00,43.80771857814872
2020-04-07 00:00:00-04:00,47.333953704349355
2020-04-08 00:00:00-04:00,45.75859370640925
2020-04-09 00:00:00-04:00,47.16909011105533
2020-04-13 00:00:00-04:00,48.71696308585172
2020-04-14 00:00:00-04:00,49.70614290496939
2020-04-15 00:00:00-04:00,48.20406283441353
2020-04-16 00:00:00-04:00,47.72779331675832
2020-04-17 00:00:00-04:00,48.58874202880906
2020-04-20 00:00:00-04:00,48.13078424058465
2020-04-21 00:00:00-04:00,44.705305957809436
2020-04-22 00:00:00-04:00,46.179906780847894
2020-04-23 00:00:00-04:00,45.92345393380742
2020-04-24 00:00:00-04:00,45.30064884956204
2020-04-27 00:00:00-04:00,45.254849522426866
2020-04-28 00:00:00-04:00,45.63953568721144
2020-04-29 00:00:00-04:00,46.6195532872159
2020-04-30 00:00:00-04:00,45.92345206314762
2020-05-01 00:00:00-04:00,42.85517865799933
2020-05-04 00:00:00-04:00,41.73777480201866
2020-05-05 00:00:00-04:00,42.05834278869807
2020-05-06 00:00:00-04:00,42.360587904409826
2020-05-07 00:00:00-04:00,41.3897241516234
2020-05-08 00:00:00-04:00,41.742488861083984
2020-05-11 00:00:00-04:00,41.282373011534816
2020-05-12 00:00:00-04:00,41.75168770661658
2020-05-13 00:00:00-04:00,40.19647658567159
2020-05-14 00:00:00-04:00,39.90198960587164
2020-05-15 00:00:00-04:00,40.49094606262046
2020-05-18 00:00:00-04:00,41.135133303715214
2020-05-19 00:00:00-04:00,41.521634865627156
2020-05-20 00:00:00-04:00,40.31610755309628
2020-05-21 00:00:00-04:00,40.55536818848074
2020-05-22 00:00:00-04:00,41.779302553647874
2020-05-26 00:00:00-04:00,42.37745556754912
2020-05-27 00:00:00-04:00,42.74556466922628
2020-05-28 00:00:00-04:00,42.73635308125847
2020-05-29 00:00:00-04:00,42.4418812828489
2020-06-01 00:00:00-04:00,42.948018593586916
2020-06-02 00:00:00-04:00,42.64433730018751
2020-06-03 00:00:00-04:00,43.417342523032964
2020-06-04 00:00:00-04:00,43.178071657328864
2020-06-05 00:00:00-04:00,44.31918275695118
2020-06-08 00:00:00-04:00,44.40201364534978
2020-06-09 00:00:00-04:00,43.71181869506836
2020-06-10 00:00:00-04:00,43.55538393242952
2020-06-11 00:00:00-04:00,43.0768458534781
2020-06-12 00:00:00-04:00,42.699555105370486
2020-06-15 00:00:00-04:00,41.76089523793021
2020-06-16 00:00:00-04:00,44.328383669327586
2020-06-17 00:00:00-04:00,43.34372662877122
2020-06-18 00:00:00-04:00,42.70875585918878
2020-06-19 00:00:00-04:00,43.463353161961834
2020-06-22 00:00:00-04:00,41.97254626533039
2020-06-23 00:00:00-04:00,43.07685979335777
2020-06-24 00:00:00-04:00,41.75169854130649
2020-06-25 00:00:00-04:00,41.834516681094456
2020-06-26 00:00:00-04:00,41.751690494200304
2020-06-29 00:00:00-04:00,41.21794893335529
2020-06-30 00:00:00-04:00,42.5983342972718
2020-07-01 00:00:00-04:00,43.97869287309155
2020-07-02 00:00:00-04:00,44.475628111198105
2020-07-06 00:00:00-04:00,44.97255593692061
2020-07-07 00:00:00-04:00,43.66580636789727
2020-07-08 00:00:00-04:00,43.84065741562955
2020-07-09 00:00:00-04:00,43.72102742977888
2020-07-10 00:00:00-04:00,43.27930481400797
2020-07-13 00:00:00-04:00,43.79464337035505
2020-07-14 00:00:00-04:00,43.29771297077045
2020-07-15 00:00:00-04:00,44.328384280003476
2020-07-16 00:00:00-04:00,44.107533102405306
2020-07-17 00:00:00-04:00,44.576864243090704
2020-07-20 00:00:00-04:00,45.20262694201968
2020-07-21 00:00:00-04:00,44.96336748103732
2020-07-22 00:00:00-04:00,45.16581677226797
2020-07-23 00:00:00-04:00,46.04004388237756
2020-07-24 00:00:00-04:00,46.518584633724934
2020-07-27 00:00:00-04:00,45.846803442802546
2020-07-28 00:00:00-04:00,45.202628996348665
2020-07-29 00:00:00-04:00,45.50631167747553
2020-07-30 00:00:00-04:00,44.93576455776337
2020-07-31 00:00:00-04:00,44.08912841406804
2020-08-03 00:00:00-04:00,42.99403605081032
2020-08-04 00:00:00-04:00,43.01243756686192
2020-08-05 00:00:00-04:00,42.929609680072794
2020-08-06 00:00:00-04:00,43.24249556464667
2020-08-07 00:00:00-04:00,43.023522294842785
2020-08-10 00:00:00-04:00,45.39010687214292
2020-08-11 00:00:00-04:00,45.334637211710316
2020-08-12 00:00:00-04:00,44.73374836295533
2020-08-13 00:00:00-04:00,44.75224189703231
2020-08-14 00:00:00-04:00,44.51189035123254
2020-08-17 00:00:00-04:00,44.853927784352116
2020-08-18 00:00:00-04:00,44.43792587386627
2020-08-19 00:00:00-04:00,44.61356944217312
2020-08-20 00:00:00-04:00,43.44877924830626
2020-08-21 00:00:00-04:00,43.31009859125438
2020-08-24 00:00:00-04:00,43.15295441629153
2020-08-25 00:00:00-04:00,43.62441096495715
2020-08-26 00:00:00-04:00,43.64290317504012
2020-08-27 00:00:00-04:00,42.98655482606165
2020-08-28 00:00:00-04:00,41.59989317190716
2020-08-31 00:00:00-04:00,42.570560542346506
2020-09-01 00:00:00-04:00,41.82175939065246
2020-09-02 00:00:00-04:00,41.39651613253811
2020-09-03 00:00:00-04:00,42.71846463918927
2020-09-04 00:00:00-04:00,42.83864120424502
2020-09-08 00:00:00-04:00,42.51509521150198
2020-09-09 00:00:00-04:00,41.849489122941606
2020-09-10 00:00:00-04:00,41.62762277615193
2020-09-11 00:00:00-04:00,41.230116807503656
2020-09-14 00:00:00-04:00,40.59224268207892
2020-09-15 00:00:00-04:00,40.61998254075147
2020-09-16 00:00:00-04:00,39.92665100097656
2020-09-17 00:00:00-04:00,39.751010371337806
2020-09-18 00:00:00-04:00,39.42745704570146
2020-09-21 00:00:00-04:00,38.3458493556715
2020-09-22 00:00:00-04:00,39.64932193768355
2020-09-23 00:00:00-04:00,39.695533483545695
2020-09-24 00:00:00-04:00,38.55847054761878
2020-09-25 00:00:00-04:00,38.85428999087454
2020-09-28 00:00:00-04:00,39.71402054976438
2020-09-29 00:00:00-04:00,40.32415663757153
2020-09-30 00:00:00-04:00,40.518288713681464
2020-10-01 00:00:00-04:00,40.17625172797051
2020-10-02 00:00:00-04:00,40.85109731227116
2020-10-05 00:00:00-04:00,41.78477629422698
2020-10-06 00:00:00-04:00,41.72931738366155
2020-10-07 00:00:00-04:00,41.710825287279846
2020-10-08 00:00:00-04:00,41.581398729183206
2020-10-09 00:00:00-04:00,41.52594037110393
2020-10-12 00:00:00-04:00,41.507438213385214
2020-10-13 00:00:00-04:00,42.40415184944924
2020-10-14 00:00:00-04:00,42.126821640315164
2020-10-15 00:00:00-04:00,41.65535569087972
2020-10-16 00:00:00-04:00,42.26548345764884
2020-10-19 00:00:00-04:00,42.829407693542144
2020-10-20 00:00:00-04:00,42.496594707100584
2020-10-21 00:00:00-04:00,42.78317602177939
2020-10-22 00:00:00-04:00,43.17144384901465
2020-10-23 00:00:00-04:00,44.077394633293366
2020-10-26 00:00:00-04:00,44.2530375430462
2020-10-27 00:00:00-04:00,43.74459781532456
2020-10-28 00:00:00-04:00,43.24539389460255
2020-10-29 00:00:00-04:00,42.10833678276471
2020-10-30 00:00:00-04:00,42.006644715436835
2020-11-02 00:00:00-05:00,41.4612207648754
2020-11-03 00:00:00-05:00,42.81090403228977
2020-11-04 00:00:00-05:00,42.41339541964671
2020-11-05 00:00:00-05:00,42.293219791986644
2020-11-06 00:00:00-05:00,43.57654659356476
2020-11-09 00:00:00-05:00,44.85821309996726
2020-11-10 00:00:00-05:00,47.57014568321953
2020-11-11 00:00:00-05:00,49.641237486991685
2020-11-12 00:00:00-05:00,48.82393947796138
2020-11-13 00:00:00-05:00,48.28527897102619
2020-11-16 00:00:00-05:00,49.223306973290775
2020-11-17 00:00:00-05:00,48.93538363948747
2020-11-18 00:00:00-05:00,48.396723297601916
2020-11-19 00:00:00-05:00,46.706424793505306
2020-11-20 00:00:00-05:00,46.17702327676958
2020-11-23 00:00:00-05:00,47.13363412167895
2020-11-24 00:00:00-05:00,47.57014532644139
2020-11-25 00:00:00-05:00,47.51441802678012
2020-11-27 00:00:00-05:00,47.068616502770546
2020-11-30 00:00:00-05:00,46.604248013634404
2020-12-01 00:00:00-05:00,46.399929115385575
2020-12-02 00:00:00-05:00,46.02843380921948
2020-12-03 00:00:00-05:00,45.97270191674947
2020-12-04 00:00:00-05:00,45.4990521797259
2020-12-07 00:00:00-05:00,45.93554998143376
2020-12-08 00:00:00-05:00,46.24203244182082
2020-12-09 00:00:00-05:00,46.57638615262545
2020-12-10 00:00:00-05:00,47.29151324607037
2020-12-11 00:00:00-05:00,47.37510891267196
2020-12-14 00:00:00-05:00,48.92610782912696
2020-12-15 00:00:00-05:00,48.66605058929932
2020-12-16 00:00:00-05:00,50.01273291221102
2020-12-17 00:00:00-05:00,49.72482669590532
2020-12-18 00:00:00-05:00,50.625692102556215
2020-12-21 00:00:00-05:00,48.68462997724906
2020-12-22 00:00:00-05:00,47.793033773758495
2020-12-23 00:00:00-05:00,48.79608157952181
2020-12-24 00:00:00-05:00,49.12114172380034
2020-12-28 00:00:00-05:00,49.56693716134569
2020-12-29 00:00:00-05:00,50.50496048452654
2020-12-30 00:00:00-05:00,50.17062002470061
2020-12-31 00:00:00-05:00,49.82698191086193
2021-01-04 00:00:00-05:00,50.15205019099536
2021-01-05 00:00:00-05:00,49.622659199203085
2021-01-06 00:00:00-05:00,50.449239246800836
2021-01-07 00:00:00-05:00,52.91040115664235
2021-01-08 00:00:00-05:00,51.377976957594186
2021-01-11 00:00:00-05:00,51.545153859914066
2021-01-12 00:00:00-05:00,51.340833191772134
2021-01-13 00:00:00-05:00,51.768056332597
2021-01-14 00:00:00-05:00,51.77734693832016
2021-01-15 00:00:00-05:00,50.412094074636165
2021-01-19 00:00:00-05:00,51.07150020920764
2021-01-20 00:00:00-05:00,50.384234606868695
2021-01-21 00:00:00-05:00,50.8485938252238
2021-01-22 00:00:00-05:00,49.734108732661745
2021-01-25 00:00:00-05:00,50.10560000349795
2021-01-26 00:00:00-05:00,51.59159472304075
2021-01-27 00:00:00-05:00,51.04362879341797
2021-01-28 00:00:00-05:00,51.071505037570795
2021-01-29 00:00:00-05:00,50.430664808098705
2021-02-01 00:00:00-05:00,51.22009653026428
2021-02-02 00:00:00-05:00,51.43371552420823
2021-02-03 00:00:00-05:00,52.028092803248946
2021-02-04 00:00:00-05:00,51.66588726144202
2021-02-05 00:00:00-05:00,52.42914151546996
2021-02-08 00:00:00-05:00,53.84666003703088
2021-02-09 00:00:00-05:00,54.09844620532382
2021-02-10 00:00:00-05:00,55.79572475342999
2021-02-11 00:00:00-05:00,55.91696019141881
2021-02-12 00:00:00-05:00,55.944937013053824
2021-02-16 00:00:00-05:00,55.13359898310997
2021-02-17 00:00:00-05:00,54.16373070124893
2021-02-18 00:00:00-05:00,54.49012451627154
2021-02-19 00:00:00-05:00,54.583381451199
2021-02-22 00:00:00-05:00,54.238336585688565
2021-02-23 00:00:00-05:00,53.613511037455204
2021-02-24 00:00:00-05:00,53.24048188992226
2021-02-25 00:00:00-05:00,51.47792713571922
2021-02-26 00:00:00-05:00,51.71106318415626
2021-03-01 00:00:00-05:00,51.739042882157705
2021-03-02 00:00:00-05:00,51.328719430790734
2021-03-03 00:00:00-05:00,50.31220878606459
2021-03-04 00:00:00-05:00,48.642897582686324
2021-03-05 00:00:00-05:00,49.44491733549985
2021-03-08 00:00:00-05:00,49.75265884399414
2021-03-09 00:00:00-05:00,49.948503834905175
2021-03-10 00:00:00-05:00,49.426265286652345
2021-03-11 00:00:00-05:00,49.36099028761941
2021-03-12 00:00:00-05:00,49.659416137809835
2021-03-15 00:00:00-04:00,50.097723087386505
2021-03-16 00:00:00-04:00,50.30289085855244
2021-03-17 00:00:00-04:00,50.368161094685306
2021-03-18 00:00:00-04:00,49.90188441193422
2021-03-19 00:00:00-04:00,49.985809326171875
2021-03-22 00:00:00-04:00,49.97648129704387
2021-03-23 00:00:00-04:00,49.51952534059845
2021-03-24 00:00:00-04:00,51.29140551841943
2021-03-25 00:00:00-04:00,51.21680366006713
2021-03-26 00:00:00-04:00,51.72972064655375
2021-03-29 00:00:00-04:00,52.223975777180925
2021-03-30 00:00:00-04:00,52.51307998851329
2021-03-31 00:00:00-04:00,51.97218108159829
2021-04-01 00:00:00-04:00,52.69025767293012
2021-04-05 00:00:00-04:00,52.51307071819257
2021-04-06 00:00:00-04:00,53.48295150208971
2021-04-07 00:00:00-04:00,53.98653640971097
2021-04-08 00:00:00-04:00,53.73474755044364
2021-04-09 00:00:00-04:00,53.60418521816483
2021-04-12 00:00:00-04:00,53.81867382146914
2021-04-13 00:00:00-04:00,54.34090675108526
2021-04-14 00:00:00-04:00,54.90977836122326
2021-04-15 00:00:00-04:00,55.37606814459416
2021-04-16 00:00:00-04:00,56.33662193164762
2021-04-19 00:00:00-04:00,56.11280119145256
2021-04-20 00:00:00-04:00,55.28280373712422
2021-04-21 00:00:00-04:00,56.58841362978222
2021-04-22 00:00:00-04:00,57.157285771084155
2021-04-23 00:00:00-04:00,57.43705294449285
2021-04-26 00:00:00-04:00,57.42773118918173
2021-04-27 00:00:00-04:00,56.206054503745555
2021-04-28 00:00:00-04:00,54.86316009881022
2021-04-29 00:00:00-04:00,55.02169301571809
2021-04-30 00:00:00-04:00,54.042491410127
2021-05-03 00:00:00-04:00,54.891134800246355
2021-05-04 00:00:00-04:00,54.92843323195628
2021-05-05 00:00:00-04:00,54.769900163859354
2021-05-06 00:00:00-04:00,54.023831179958634
2021-05-07 00:00:00-04:00,54.0519721220724
2021-05-10 00:00:00-04:00,54.28604714008853
2021-05-11 00:00:00-04:00,53.86470596526626
2021-05-12 00:00:00-04:00,53.237390959491115
2021-05-13 00:00:00-04:00,51.72997315919835
2021-05-14 00:00:00-04:00,53.14376772387423
2021-05-17 00:00:00-04:00,52.9284198394352
2021-05-18 00:00:00-04:00,49.35179972382526
2021-05-19 00:00:00-04:00,52.13257161268344
2021-05-20 00:00:00-04:00,51.81423545336986
2021-05-21 00:00:00-04:00,52.78797567966547
2021-05-24 00:00:00-04:00,52.90969702517166
2021-05-25 00:00:00-04:00,53.40592753990168
2021-05-26 00:00:00-04:00,53.09694461723368
2021-05-27 00:00:00-04:00,54.30475664222714
2021-05-28 00:00:00-04:00,53.49955589279874
2021-06-01 00:00:00-04:00,53.5463620056065
2021-06-02 00:00:00-04:00,53.2373956827407
2021-06-03 00:00:00-04:00,53.162495518203826
2021-06-04 00:00:00-04:00,53.40592355915106
2021-06-07 00:00:00-04:00,53.27485220095539
2021-06-08 00:00:00-04:00,53.1999354454974
2021-06-09 00:00:00-04:00,53.33102508862089
2021-06-10 00:00:00-04:00,53.602546242905454
2021-06-11 00:00:00-04:00,54.52010316931592
2021-06-14 00:00:00-04:00,55.29723606774777
2021-06-15 00:00:00-04:00,55.175510265948226
2021-06-16 00:00:00-04:00,55.287867962242586
2021-06-17 00:00:00-04:00,54.445218553684036
2021-06-18 00:00:00-04:00,54.1830499975916
2021-06-21 00:00:00-04:00,52.48836245235378
2021-06-22 00:00:00-04:00,53.36848260263737
2021-06-23 00:00:00-04:00,52.97524187983158
2021-06-24 00:00:00-04:00,52.291745008992926
2021-06-25 00:00:00-04:00,52.6194435983888
2021-06-28 00:00:00-04:00,53.106316680134256
2021-06-29 00:00:00-04:00,52.60071183640056
2021-06-30 00:00:00-04:00,51.692518256467785
2021-07-01 00:00:00-04:00,52.04831569174125
2021-07-02 00:00:00-04:00,52.778619206660615
2021-07-06 00:00:00-04:00,53.17185225241644
2021-07-07 00:00:00-04:00,53.08758626250538
2021-07-08 00:00:00-04:00,54.21113250504311
2021-07-09 00:00:00-04:00,53.874071419621224
2021-07-12 00:00:00-04:00,54.24859055631204
2021-07-13 00:00:00-04:00,54.5482002797026
2021-07-14 00:00:00-04:00,54.36093817915483
2021-07-15 00:00:00-04:00,54.192410709056205
2021-07-16 00:00:00-04:00,55.32531779060115
2021-07-19 00:00:00-04:00,56.299065089221415
2021-07-20 00:00:00-04:00,56.055628958646906
2021-07-21 00:00:00-04:00,56.55185621077616
2021-07-22 00:00:00-04:00,55.559388739244646
2021-07-23 00:00:00-04:00,55.943273200546024
2021-07-26 00:00:00-04:00,56.83274944675279
2021-07-27 00:00:00-04:00,57.01999994596296
2021-07-28 00:00:00-04:00,57.76903073166863
2021-07-29 00:00:00-04:00,57.319618939946444
2021-07-30 00:00:00-04:00,59.37009033021329
2021-08-02 00:00:00-04:00,58.62105535151807
2021-08-03 00:00:00-04:00,59.341996212010876
2021-08-04 00:00:00-04:00,59.7727018020294
2021-08-05 00:00:00-04:00,60.84006934561905
2021-08-06 00:00:00-04:00,61.617146774539336
2021-08-09 00:00:00-04:00,60.88428850349067
2021-08-10 00:00:00-04:00,60.48965378492413
2021-08-11 00:00:00-04:00,60.52723655594691
2021-08-12 00:00:00-04:00,59.66284232037631
2021-08-13 00:00:00-04:00,60.029274076325024
2021-08-16 00:00:00-04:00,60.53664503305266
2021-08-17 00:00:00-04:00,60.921863356832866
2021-08-18 00:00:00-04:00,60.95005025328251
2021-08-19 00:00:00-04:00,59.99169013598294
2021-08-20 00:00:00-04:00,60.02927843808535
2021-08-23 00:00:00-04:00,60.696365400623
2021-08-24 00:00:00-04:00,59.79437657860275
2021-08-25 00:00:00-04:00,59.54069310342791
2021-08-26 00:00:00-04:00,59.23063403146579
2021-08-27 00:00:00-04:00,59.249433645187914
2021-08-30 00:00:00-04:00,59.37157069419299
2021-08-31 00:00:00-04:00,59.935311067727774
2021-09-01 00:00:00-04:00,59.83195792231837
2021-09-02 00:00:00-04:00,61.194330898310966
2021-09-03 00:00:00-04:00,61.20373717339014
2021-09-07 00:00:00-04:00,60.61180786996557
2021-09-08 00:00:00-04:00,60.39571068701254
2021-09-09 00:00:00-04:00,61.09098285296689
2021-09-10 00:00:00-04:00,60.226579663592105
2021-09-13 00:00:00-04:00,58.394426022580646
2021-09-14 00:00:00-04:00,57.36088416605069
2021-09-15 00:00:00-04:00,57.3796808327913
2021-09-16 00:00:00-04:00,56.656204286936465
2021-09-17 00:00:00-04:00,55.66964815946881
2021-09-20 00:00:00-04:00,54.81464724844892
2021-09-21 00:00:00-04:00,55.848169025419146
2021-09-22 00:00:00-04:00,56.00790468026242
2021-09-23 00:00:00-04:00,55.932732740525076
2021-09-24 00:00:00-04:00,56.06427571861151
2021-09-27 00:00:00-04:00,56.16762862502974
2021-09-28 00:00:00-04:00,55.303226524548144
2021-09-29 00:00:00-04:00,55.23745697964532
2021-09-30 00:00:00-04:00,56.28977996422613
2021-10-01 00:00:00-04:00,55.46295093298629
2021-10-04 00:00:00-04:00,55.14349256794216
2021-10-05 00:00:00-04:00,56.2427980495598
2021-10-06 00:00:00-04:00,55.94212901546732
2021-10-07 00:00:00-04:00,57.125984651272205
2021-10-08 00:00:00-04:00,56.87231374404984
2021-10-11 00:00:00-04:00,56.59043701378924
2021-10-12 00:00:00-04:00,56.68440149413389
2021-10-13 00:00:00-04:00,56.93807822609119
2021-10-14 00:00:00-04:00,56.81592972966283
2021-10-15 00:00:00-04:00,57.45484635256353
2021-10-18 00:00:00-04:00,57.09780143180428
2021-10-19 00:00:00-04:00,56.487085803187085
2021-10-20 00:00:00-04:00,56.00790161542286
2021-10-21 00:00:00-04:00,56.37433974717641
2021-10-22 00:00:00-04:00,55.44415270174366
2021-10-25 00:00:00-04:00,55.58509672742294
2021-10-26 00:00:00-04:00,56.23339259883098
2021-10-27 00:00:00-04:00,56.62802028770979
2021-10-28 00:00:00-04:00,55.46294651664045
2021-10-29 00:00:00-04:00,57.53000545297814
2021-11-01 00:00:00-04:00,57.30451306400847
2021-11-02 00:00:00-04:00,58.037382336266774
2021-11-03 00:00:00-04:00,58.46958372444243
2021-11-04 00:00:00-04:00,59.38096810702435
2021-11-05 00:00:00-04:00,59.2227341830759
2021-11-08 00:00:00-05:00,60.307223751425596
2021-11-09 00:00:00-05:00,59.401913361724304
2021-11-10 00:00:00-05:00,58.732352515196794
2021-11-11 00:00:00-05:00,59.07184395566583
2021-11-12 00:00:00-05:00,59.07183679660682
2021-11-15 00:00:00-05:00,59.5056370547648
2021-11-16 00:00:00-05:00,60.043168287269914
2021-11-17 00:00:00-05:00,59.552791634740615
2021-11-18 00:00:00-05:00,61.29741681539013
2021-11-19 00:00:00-05:00,62.1178672509696
2021-11-22 00:00:00-05:00,63.3343837294754
2021-11-23 00:00:00-05:00,63.1174665844929
2021-11-24 00:00:00-05:00,62.51393283789383
2021-11-26 00:00:00-05:00,60.58070044119329
2021-11-29 00:00:00-05:00,59.9111443947384
2021-11-30 00:00:00-05:00,60.77873702540591
2021-12-01 00:00:00-05:00,60.05259955121416
2021-12-02 00:00:00-05:00,60.52412658716064
2021-12-03 00:00:00-05:00,61.82551403934519
2021-12-06 00:00:00-05:00,62.45735712313194
2021-12-07 00:00:00-05:00,63.11747588854284
2021-12-08 00:00:00-05:00,63.485252875206314
2021-12-09 00:00:00-05:00,63.11747474785174
2021-12-10 00:00:00-05:00,63.69272193096389
2021-12-13 00:00:00-05:00,63.57013877016483
2021-12-14 00:00:00-05:00,65.02241465177025
2021-12-15 00:00:00-05:00,64.70178069268775
2021-12-16 00:00:00-05:00,66.50296521814462
2021-12-17 00:00:00-05:00,66.12577575600983
2021-12-20 00:00:00-05:00,64.86209012435397
2021-12-21 00:00:00-05:00,66.2106353488351
2021-12-22 00:00:00-05:00,65.88999471706936
2021-12-23 00:00:00-05:00,66.56898152353992
2021-12-27 00:00:00-05:00,65.80512909933883
2021-12-28 00:00:00-05:00,65.97489480351898
2021-12-29 00:00:00-05:00,66.65385501593381
2021-12-30 00:00:00-05:00,67.41771764321992
2021-12-31 00:00:00-05:00,67.39885585335323
2022-01-03 00:00:00-05:00,67.86094715387829
2022-01-04 00:00:00-05:00,67.6817718144382
2022-01-05 00:00:00-05:00,65.66366945442468
2022-01-06 00:00:00-05:00,65.1638630546275
2022-01-07 00:00:00-05:00,64.23025099248444
2022-01-10 00:00:00-05:00,63.69273319071633
2022-01-11 00:00:00-05:00,62.41963056290874
2022-01-12 00:00:00-05:00,61.287979862168704
2022-01-13 00:00:00-05:00,61.18424594142494
2022-01-14 00:00:00-05:00,59.84512751299868
2022-01-18 00:00:00-05:00,58.43057768528321
2022-01-19 00:00:00-05:00,58.45887622240764
2022-01-20 00:00:00-05:00,58.270257860061704
2022-01-21 00:00:00-05:00,57.883623230905144
2022-01-24 00:00:00-05:00,57.76102753326483
2022-01-25 00:00:00-05:00,56.95944205576543
2022-01-26 00:00:00-05:00,57.940196672597516
2022-01-27 00:00:00-05:00,57.78931660361442
2022-01-28 00:00:00-05:00,56.89343288870076
2022-01-31 00:00:00-05:00,57.016017886576584
2022-02-01 00:00:00-05:00,58.77950852631294
2022-02-02 00:00:00-05:00,57.37438069667765
2022-02-03 00:00:00-05:00,57.45924767387323
2022-02-04 00:00:00-05:00,57.95334706561478
2022-02-07 00:00:00-05:00,56.352999401396154
2022-02-08 00:00:00-05:00,56.40035465947281
2022-02-09 00:00:00-05:00,57.328362818701976
2022-02-10 00:00:00-05:00,56.10679742706692
2022-02-11 00:00:00-05:00,55.462865275617844
2022-02-14 00:00:00-05:00,55.841650573725765
2022-02-15 00:00:00-05:00,55.784829934531494
2022-02-16 00:00:00-05:00,53.436397725022275
2022-02-17 00:00:00-05:00,54.95152128312094
2022-02-18 00:00:00-05:00,55.07461983169714
2022-02-22 00:00:00-05:00,55.44392911216904
2022-02-23 00:00:00-05:00,56.14467300787853
2022-02-24 00:00:00-05:00,52.08225811559056
2022-02-25 00:00:00-05:00,53.862517825562776
2022-02-28 00:00:00-05:00,53.142839256795156
2022-03-01 00:00:00-05:00,54.298117797549565
2022-03-02 00:00:00-05:00,53.881465911865234
2022-03-03 00:00:00-05:00,54.1087307511046
2022-03-04 00:00:00-05:00,54.08031929224708
2022-03-07 00:00:00-05:00,56.210953455272936
2022-03-08 00:00:00-05:00,56.66549525258763
2022-03-09 00:00:00-05:00,55.406051034169074
2022-03-10 00:00:00-05:00,54.76212849392681
2022-03-11 00:00:00-05:00,54.515918890851154
2022-03-14 00:00:00-04:00,53.76782902101172
2022-03-15 00:00:00-04:00,54.38334355690974
2022-03-16 00:00:00-04:00,54.71477341957938
2022-03-17 00:00:00-04:00,54.57273635019356
2022-03-18 00:00:00-04:00,55.46286579166452
2022-03-21 00:00:00-04:00,55.18825637903051
2022-03-22 00:00:00-04:00,55.29241585700014
2022-03-23 00:00:00-04:00,54.82841302775597
2022-03-24 00:00:00-04:00,54.6295588636526
2022-03-25 00:00:00-04:00,55.2829481369045
2022-03-28 00:00:00-04:00,55.0746165883912
2022-03-29 00:00:00-04:00,56.040509180177324
2022-03-30 00:00:00-04:00,56.741246880488276
2022-03-31 00:00:00-04:00,56.70336887182869
2022-04-01 00:00:00-04:00,56.371935877694156
2022-04-04 00:00:00-04:00,58.04803682705296
2022-04-05 00:00:00-04:00,56.106792583541775
2022-04-06 00:00:00-04:00,55.453403358228535
2022-04-07 00:00:00-04:00,55.78482711101716
2022-04-08 00:00:00-04:00,55.96474933456638
2022-04-11 00:00:00-04:00,55.69014536115996
2022-04-12 00:00:00-04:00,54.82841331571284
2022-04-13 00:00:00-04:00,55.22613088635386
2022-04-14 00:00:00-04:00,54.563260060343964
2022-04-18 00:00:00-04:00,52.773525024880826
2022-04-19 00:00:00-04:00,52.08225233482844
2022-04-20 00:00:00-04:00,52.71671016425551
2022-04-21 00:00:00-04:00,53.218594548116364
2022-04-22 00:00:00-04:00,52.120136364671545
2022-04-25 00:00:00-04:00,52.5841437468018
2022-04-26 00:00:00-04:00,51.38151437094818
2022-04-27 00:00:00-04:00,50.737586405292376
2022-04-28 00:00:00-04:00,49.60124699518084
2022-04-29 00:00:00-04:00,49.82851010710031
2022-05-02 00:00:00-04:00,49.03307364246434
2022-05-03 00:00:00-04:00,48.55959890378657
2022-05-04 00:00:00-04:00,48.47437449588461
2022-05-05 00:00:00-04:00,48.76793449832551
2022-05-06 00:00:00-04:00,47.820182842799305
2022-05-09 00:00:00-04:00,47.915347260084566
2022-05-10 00:00:00-04:00,48.37214476185253
2022-05-11 00:00:00-04:00,47.88680566890628
2022-05-12 00:00:00-04:00,48.05808892675188
2022-05-13 00:00:00-04:00,49.98041708629291
2022-05-16 00:00:00-04:00,50.399139757439805
2022-05-17 00:00:00-04:00,50.579961031501455
2022-05-18 00:00:00-04:00,51.02722911501359
2022-05-19 00:00:00-04:00,50.69415183801376
2022-05-20 00:00:00-04:00,52.03596997079805
2022-05-23 00:00:00-04:00,51.68386821211162
2022-05-24 00:00:00-04:00,51.41740140462919
2022-05-25 00:00:00-04:00,51.655316725873064
2022-05-26 00:00:00-04:00,51.921778358773075
2022-05-27 00:00:00-04:00,50.60850415733512
2022-05-31 00:00:00-04:00,50.446727938303674
2022-06-01 00:00:00-04:00,51.21756016049928
2022-06-02 00:00:00-04:00,51.15094275742988
2022-06-03 00:00:00-04:00,52.44518128338393
2022-06-06 00:00:00-04:00,52.86390700269375
2022-06-07 00:00:00-04:00,52.11210503905924
2022-06-08 00:00:00-04:00,52.521309430102114
2022-06-09 00:00:00-04:00,51.522080591358446
2022-06-10 00:00:00-04:00,51.00819551616589
2022-06-13 00:00:00-04:00,50.836903604796774
2022-06-14 00:00:00-04:00,48.4387481375004
2022-06-15 00:00:00-04:00,47.15402556864189
2022-06-16 00:00:00-04:00,46.61159246418362
2022-06-17 00:00:00-04:00,46.81144171349647
2022-06-21 00:00:00-04:00,47.3729079891788
2022-06-22 00:00:00-04:00,46.57352426173279
2022-06-23 00:00:00-04:00,48.105676378745095
2022-06-24 00:00:00-04:00,50.75124916127631
2022-06-27 00:00:00-04:00,51.53160030321352
2022-06-28 00:00:00-04:00,51.84564486259229
2022-06-29 00:00:00-04:00,51.15094183720037
2022-06-30 00:00:00-04:00,51.45546824128086
2022-07-01 00:00:00-04:00,52.69260289521736
2022-07-05 00:00:00-04:00,53.672805897850154
2022-07-06 00:00:00-04:00,53.06374684872785
2022-07-07 00:00:00-04:00,53.92974061173348
2022-07-08 00:00:00-04:00,53.1589130824561
2022-07-11 00:00:00-04:00,52.749705657128004
2022-07-12 00:00:00-04:00,53.05423448686893
2022-07-13 00:00:00-04:00,52.18823565988366
2022-07-14 00:00:00-04:00,52.169197003124914
2022-07-15 00:00:00-04:00,53.6918302733396
2022-07-18 00:00:00-04:00,53.79651323038715
2022-07-19 00:00:00-04:00,52.92100614433806
2022-07-20 00:00:00-04:00,54.12959580668831
2022-07-21 00:00:00-04:00,53.044714758661414
2022-07-22 00:00:00-04:00,54.53879850880654
2022-07-25 00:00:00-04:00,54.93848642187919
2022-07-26 00:00:00-04:00,55.1859181680302
2022-07-27 00:00:00-04:00,55.51899636435391
2022-07-28 00:00:00-04:00,54.24379458583865
2022-07-29 00:00:00-04:00,56.76565027569843
2022-08-01 00:00:00-04:00,56.91792117474456
2022-08-02 00:00:00-04:00,58.52619525239972
2022-08-03 00:00:00-04:00,57.612616252945124
2022-08-04 00:00:00-04:00,58.51668015396165
2022-08-05 00:00:00-04:00,58.04904429005279
2022-08-08 00:00:00-04:00,57.04573059267198
2022-08-09 00:00:00-04:00,57.437501044332485
2022-08-10 00:00:00-04:00,58.66059794310297
2022-08-11 00:00:00-04:00,59.367695688057715
2022-08-12 00:00:00-04:00,58.660587630789976
2022-08-15 00:00:00-04:00,59.68302373191284
2022-08-16 00:00:00-04:00,60.017466067756324
2022-08-17 00:00:00-04:00,60.380558635714856
2022-08-18 00:00:00-04:00,60.69590040510076
2022-08-19 00:00:00-04:00,60.2372327826526
2022-08-22 00:00:00-04:00,58.97591757937598
2022-08-23 00:00:00-04:00,58.08727224593979
2022-08-24 00:00:00-04:00,57.38973154941714
2022-08-25 00:00:00-04:00,57.93438145733873
2022-08-26 00:00:00-04:00,58.679705372649025
2022-08-29 00:00:00-04:00,57.771943547260555
2022-08-30 00:00:00-04:00,57.84838688243789
2022-08-31 00:00:00-04:00,56.0997471087905
2022-09-01 00:00:00-04:00,55.67930789867115
2022-09-02 00:00:00-04:00,56.864178512015386
2022-09-06 00:00:00-04:00,55.679306010883955
2022-09-07 00:00:00-04:00,55.49775522379368
2022-09-08 00:00:00-04:00,55.87997376467993
2022-09-09 00:00:00-04:00,56.13796675271622
2022-09-12 00:00:00-04:00,56.13796757934608
2022-09-13 00:00:00-04:00,56.38640416671286
2022-09-14 00:00:00-04:00,56.892843464572834
2022-09-15 00:00:00-04:00,58.2401572553606
2022-09-16 00:00:00-04:00,56.67307220570164
2022-09-19 00:00:00-04:00,55.98508392613132
2022-09-20 00:00:00-04:00,55.20154269486625
2022-09-21 00:00:00-04:00,55.75575422801886
2022-09-22 00:00:00-04:00,54.22688555948313
2022-09-23 00:00:00-04:00,53.892449451876224
2022-09-26 00:00:00-04:00,53.529346082337504
2022-09-27 00:00:00-04:00,53.27135254333986
2022-09-28 00:00:00-04:00,52.36358622817383
2022-09-29 00:00:00-04:00,52.73624231356716
2022-09-30 00:00:00-04:00,52.14381291289236
2022-10-03 00:00:00-04:00,51.025838748869774
2022-10-04 00:00:00-04:00,52.70757881192436
2022-10-05 00:00:00-04:00,53.15668143082891
2022-10-06 00:00:00-04:00,52.51647063922902
2022-10-07 00:00:00-04:00,51.6755975083961
2022-10-10 00:00:00-04:00,51.092719835941935
2022-10-11 00:00:00-04:00,51.01627609137484
2022-10-12 00:00:00-04:00,52.18203699268126
2022-10-13 00:00:00-04:00,50.758276736554215
2022-10-14 00:00:00-04:00,52.755357045248054
2022-10-17 00:00:00-04:00,52.70757780511077
2022-10-18 00:00:00-04:00,54.43710607412453
2022-10-19 00:00:00-04:00,53.13757386536176
2022-10-20 00:00:00-04:00,53.11846019033592
2022-10-21 00:00:00-04:00,49.984287616549835
2022-10-24 00:00:00-04:00,51.36026689262451
2022-10-25 00:00:00-04:00,52.44958554712909
2022-10-26 00:00:00-04:00,54.38932797361377
2022-10-27 00:00:00-04:00,54.11222734707199
2022-10-28 00:00:00-04:00,55.98508121000046
2022-10-31 00:00:00-04:00,58.55548434660227
2022-11-01 00:00:00-04:00,58.737038870332235
2022-11-02 00:00:00-04:00,57.12217451138946
2022-11-03 00:00:00-04:00,55.13465339897919
2022-11-04 00:00:00-04:00,56.147645505002146
2022-11-07 00:00:00-05:00,57.39515558531423
2022-11-08 00:00:00-05:00,57.87497775546692
2022-11-09 00:00:00-05:00,57.20323498268179
2022-11-10 00:00:00-05:00,58.60428428612668
2022-11-11 00:00:00-05:00,60.30282129645328
2022-11-14 00:00:00-05:00,59.045715392017094
2022-11-15 00:00:00-05:00,60.7250534250394
2022-11-16 00:00:00-05:00,60.71546193609271
2022-11-17 00:00:00-05:00,59.986144611016314
2022-11-18 00:00:00-05:00,61.166479396176506
2022-11-21 00:00:00-05:00,61.03213119506836
2022-11-22 00:00:00-05:00,61.252855130932794
2022-11-23 00:00:00-05:00,61.723069446393154
2022-11-25 00:00:00-05:00,62.701877633914314
2022-11-28 00:00:00-05:00,62.53874465211927
2022-11-29 00:00:00-05:00,61.502349796296066
2022-11-30 00:00:00-05:00,60.34120358347486
2022-12-01 00:00:00-05:00,61.77105196655518
2022-12-02 00:00:00-05:00,61.25285167578876
2022-12-05 00:00:00-05:00,61.22405910295459
2022-12-06 00:00:00-05:00,61.16648699114691
2022-12-07 00:00:00-05:00,60.03412810822411
2022-12-08 00:00:00-05:00,60.21645627122173
2022-12-09 00:00:00-05:00,60.29322804220497
2022-12-12 00:00:00-05:00,61.45437393187696
2022-12-13 00:00:00-05:00,61.97257111341307
2022-12-14 00:00:00-05:00,61.607906404574734
2022-12-15 00:00:00-05:00,60.264437093295655
2022-12-16 00:00:00-05:00,58.07649394280715
2022-12-19 00:00:00-05:00,57.55829479599357
2022-12-20 00:00:00-05:00,57.99971632782232
2022-12-21 00:00:00-05:00,58.28761150918126
2022-12-22 00:00:00-05:00,58.52752445389448
2022-12-23 00:00:00-05:00,58.44115065635561
2022-12-27 00:00:00-05:00,59.41037174031483
2022-12-28 00:00:00-05:00,59.659875013244935
2022-12-29 00:00:00-05:00,59.30480712287897
2022-12-30 00:00:00-05:00,59.69825328722015
2023-01-03 00:00:00-05:00,58.62348063860209
2023-01-04 00:00:00-05:00,59.832604353967675
2023-01-05 00:00:00-05:00,59.688665570492404
2023-01-06 00:00:00-05:00,58.959345055867466
2023-01-09 00:00:00-05:00,59.189655938937335
2023-01-10 00:00:00-05:00,58.35478634783928
2023-01-11 00:00:00-05:00,59.41996494206128
2023-01-12 00:00:00-05:00,59.842202190380405
2023-01-13 00:00:00-05:00,59.707860098420184
2023-01-17 00:00:00-05:00,59.99574212430267
2023-01-18 00:00:00-05:00,60.043723172905935
2023-01-19 00:00:00-05:00,59.28562534526832
2023-01-20 00:00:00-05:00,58.6042838873329
2023-01-23 00:00:00-05:00,57.92295208708656
2023-01-24 00:00:00-05:00,58.5563006698518
2023-01-25 00:00:00-05:00,59.26642084966538
2023-01-26 00:00:00-05:00,60.187667175660955
2023-01-27 00:00:00-05:00,59.880590790659305
2023-01-30 00:00:00-05:00,59.27602325905669
2023-01-31 00:00:00-05:00,57.84617945154178
2023-02-01 00:00:00-05:00,58.5946924360925
2023-02-02 00:00:00-05:00,60.25483720942537
2023-02-03 00:00:00-05:00,61.107965390952764
2023-02-06 00:00:00-05:00,60.40458021240374
2023-02-07 00:00:00-05:00,60.17333525099289
2023-02-08 00:00:00-05:00,59.71082706066015
2023-02-09 00:00:00-05:00,58.48712975421735
2023-02-10 00:00:00-05:00,57.4079613408344
2023-02-13 00:00:00-05:00,58.14025064715628
2023-02-14 00:00:00-05:00,58.56420883309334
2023-02-15 00:00:00-05:00,57.51394536547477
2023-02-16 00:00:00-05:00,57.330874473271166
2023-02-17 00:00:00-05:00,57.64884568175047
2023-02-21 00:00:00-05:00,57.98608157908393
2023-02-22 00:00:00-05:00,57.725933738778615
2023-02-23 00:00:00-05:00,57.658484681386355
2023-02-24 00:00:00-05:00,56.45404749988283
2023-02-27 00:00:00-05:00,56.926188899860996
2023-02-28 00:00:00-05:00,55.702486759700406
2023-03-01 00:00:00-05:00,54.60403963778702
2023-03-02 00:00:00-05:00,54.0066461364695
2023-03-03 00:00:00-05:00,55.04727765076646
2023-03-06 00:00:00-05:00,54.67149765675993
2023-03-07 00:00:00-05:00,53.84284657052683
2023-03-08 00:00:00-05:00,53.38034169601743
2023-03-09 00:00:00-05:00,54.49805713481364
2023-03-10 00:00:00-05:00,53.5826900174465
2023-03-13 00:00:00-04:00,52.667322352771414
2023-03-14 00:00:00-04:00,54.06445746812415
2023-03-15 00:00:00-04:00,53.68868340573025
2023-03-16 00:00:00-04:00,54.083726440192606
2023-03-17 00:00:00-04:00,55.124360465626275
2023-03-20 00:00:00-04:00,55.23999202487412
2023-03-21 00:00:00-04:00,55.895193727585784
2023-03-22 00:00:00-04:00,53.6790410902354
2023-03-23 00:00:00-04:00,52.92747852569482
2023-03-24 00:00:00-04:00,52.407164844846605
2023-03-27 00:00:00-04:00,55.09545134678402
2023-03-28 00:00:00-04:00,54.498058688810595
2023-03-29 00:00:00-04:00,55.57722300829619
2023-03-30 00:00:00-04:00,55.45195876006241
2023-03-31 00:00:00-04:00,55.83738392231323
2023-04-03 00:00:00-04:00,56.01082375177754
2023-04-04 00:00:00-04:00,55.9722780662277
2023-04-05 00:00:00-04:00,56.70457024353811
2023-04-06 00:00:00-04:00,58.08243837545949
2023-04-10 00:00:00-04:00,57.77411004732085
2023-04-11 00:00:00-04:00,58.00535090741351
2023-04-12 00:00:00-04:00,58.882183741469426
2023-04-13 00:00:00-04:00,58.30405268823514
2023-04-14 00:00:00-04:00,58.48712989658722
2023-04-17 00:00:00-04:00,56.92618598550712
2023-04-18 00:00:00-04:00,56.666031145696294
2023-04-19 00:00:00-04:00,55.596492532411155
2023-04-20 00:00:00-04:00,56.010816661807226
2023-04-21 00:00:00-04:00,56.92618942925208
2023-04-24 00:00:00-04:00,56.24207374599036
2023-04-25 00:00:00-04:00,55.635041574215464
2023-04-26 00:00:00-04:00,55.27852260802664
2023-04-27 00:00:00-04:00,53.68868069358872
2023-04-28 00:00:00-04:00,54.4306135836717
2023-05-01 00:00:00-04:00,54.00664730697699
2023-05-02 00:00:00-04:00,53.39961296290344
2023-05-03 00:00:00-04:00,53.98737625186976
2023-05-04 00:00:00-04:00,53.66940743172923
2023-05-05 00:00:00-04:00,54.961084015850616
2023-05-08 00:00:00-04:00,55.038526924679715
2023-05-09 00:00:00-04:00,55.09659611215455
2023-05-10 00:00:00-04:00,55.17404280223537
2023-05-11 00:00:00-04:00,55.41602761300554
2023-05-12 00:00:00-04:00,55.06756381444147
2023-05-15 00:00:00-04:00,55.52250974506207
2023-05-16 00:00:00-04:00,54.796532279735615
2023-05-17 00:00:00-04:00,53.896324258887105
2023-05-18 00:00:00-04:00,53.9931212011276
2023-05-19 00:00:00-04:00,54.05119655956561
2023-05-22 00:00:00-04:00,53.08323121618998
2023-05-23 00:00:00-04:00,53.363946403064595
2023-05-24 00:00:00-04:00,54.63197614706563
2023-05-25 00:00:00-04:00,53.964084770044046
2023-05-26 00:00:00-04:00,54.12863968859953
2023-05-30 00:00:00-04:00,55.37730813129445
2023-05-31 00:00:00-04:00,54.71909373304325
2023-06-01 00:00:00-04:00,55.24179552027434
2023-06-02 00:00:00-04:00,54.631979179304956
2023-06-05 00:00:00-04:00,54.932047676807734
2023-06-06 00:00:00-04:00,55.02884430324318
2023-06-07 00:00:00-04:00,55.31923886650097
2023-06-08 00:00:00-04:00,55.66770209607561
2023-06-09 00:00:00-04:00,54.99012412747701
2023-06-12 00:00:00-04:00,54.52550086560118
2023-06-13 00:00:00-04:00,52.09590864104049
2023-06-14 00:00:00-04:00,50.80852184455323
2023-06-15 00:00:00-04:00,50.03413641368696
2023-06-16 00:00:00-04:00,50.914986916783796
2023-06-20 00:00:00-04:00,50.89562836344783
2023-06-21 00:00:00-04:00,50.11158001006808
2023-06-22 00:00:00-04:00,50.66331927730079
2023-06-23 00:00:00-04:00,50.41164868983716
2023-06-26 00:00:00-04:00,48.64995149810158
2023-06-27 00:00:00-04:00,48.301484268633146
2023-06-28 00:00:00-04:00,50.09221585326946
2023-06-29 00:00:00-04:00,49.869588803068005
2023-06-30 00:00:00-04:00,50.27612973432828
2023-07-03 00:00:00-04:00,49.71470939991889
2023-07-05 00:00:00-04:00,49.85022404803976
2023-07-06 00:00:00-04:00,48.93066089233382
2023-07-07 00:00:00-04:00,48.39827716302526
2023-07-10 00:00:00-04:00,47.894937227609184
2023-07-11 00:00:00-04:00,47.90461961708703
2023-07-12 00:00:00-04:00,49.04681663261547
2023-07-13 00:00:00-04:00,49.10488668571425
2023-07-14 00:00:00-04:00,49.55015909792376
2023-07-17 00:00:00-04:00,49.608237908867416
2023-07-18 00:00:00-04:00,49.39527967418251
2023-07-19 00:00:00-04:00,49.96637819622722
2023-07-20 00:00:00-04:00,50.08253680062855
2023-07-21 00:00:00-04:00,51.282813325725044
2023-07-24 00:00:00-04:00,51.69904029587806
2023-07-25 00:00:00-04:00,50.84722895701699
2023-07-26 00:00:00-04:00,51.050506281599795
2023-07-27 00:00:00-04:00,50.81819481601546
2023-07-28 00:00:00-04:00,50.005108102123614
2023-07-31 00:00:00-04:00,50.32452988184113
2023-08-01 00:00:00-04:00,51.15698596015157
2023-08-02 00:00:00-04:00,49.80183535912521
2023-08-03 00:00:00-04:00,50.27613145148583
2023-08-04 00:00:00-04:00,49.414842268715105
2023-08-07 00:00:00-04:00,49.65807585261782
2023-08-08 00:00:00-04:00,50.66991059585385
2023-08-09 00:00:00-04:00,50.61153731219314
2023-08-10 00:00:00-04:00,51.57473297502164
2023-08-11 00:00:00-04:00,50.845037906298614
2023-08-14 00:00:00-04:00,51.49689947936248
2023-08-15 00:00:00-04:00,50.79639341163665
2023-08-16 00:00:00-04:00,50.68937286451058
2023-08-17 00:00:00-04:00,50.41695006594328
2023-08-18 00:00:00-04:00,49.86238889435534
2023-08-21 00:00:00-04:00,49.998594471882164
2023-08-22 00:00:00-04:00,49.473215504086916
2023-08-23 00:00:00-04:00,50.46559926375456
2023-08-24 00:00:00-04:00,49.872115631178424
2023-08-25 00:00:00-04:00,49.891572257322636
2023-08-28 00:00:00-04:00,50.45587030631415
2023-08-29 00:00:00-04:00,50.07643033205766
2023-08-30 00:00:00-04:00,49.765095287639866
2023-08-31 00:00:00-04:00,49.42456930907199
2023-09-01 00:00:00-04:00,49.10350358771345
2023-09-05 00:00:00-04:00,48.480830697086645
2023-09-06 00:00:00-04:00,47.81924649393197
2023-09-07 00:00:00-04:00,47.478720950194294
2023-09-08 00:00:00-04:00,47.54682480465188
2023-09-11 00:00:00-04:00,47.274403281995774
2023-09-12 00:00:00-04:00,47.56628640187526
2023-09-13 00:00:00-04:00,47.33278319493958
2023-09-14 00:00:00-04:00,48.47110350543556
2023-09-15 00:00:00-04:00,48.86027051644572
2023-09-18 00:00:00-04:00,48.480837260691914
2023-09-19 00:00:00-04:00,47.69276589077334
2023-09-20 00:00:00-04:00,47.69276945179331
2023-09-21 00:00:00-04:00,46.97280353756478
2023-09-22 00:00:00-04:00,47.03117038509415
2023-09-25 00:00:00-04:00,46.69065192202638
2023-09-26 00:00:00-04:00,46.81713301757915
2023-09-27 00:00:00-04:00,45.84420811053484
2023-09-28 00:00:00-04:00,45.56206054050207
2023-09-29 00:00:00-04:00,46.0290641784668
2023-10-02 00:00:00-04:00,45.7955660669517
2023-10-03 00:00:00-04:00,44.75453561175568
2023-10-04 00:00:00-04:00,45.49395587198265
2023-10-05 00:00:00-04:00,45.67881022212937
2023-10-06 00:00:00-04:00,46.37931261297485
2023-10-09 00:00:00-04:00,46.778215236871304
2023-10-10 00:00:00-04:00,47.439809352647245
2023-10-11 00:00:00-04:00,47.45926565095925
2023-10-12 00:00:00-04:00,47.566283879277634
2023-10-13 00:00:00-04:00,47.07009125618777
2023-10-16 00:00:00-04:00,46.89497118823952
2023-10-17 00:00:00-04:00,47.770596956871934
2023-10-18 00:00:00-04:00,47.41061144918295
2023-10-19 00:00:00-04:00,46.57390439299902
2023-10-20 00:00:00-04:00,46.408506002920376
2023-10-23 00:00:00-04:00,45.41611766077218
2023-10-24 00:00:00-04:00,45.90258518466521
2023-10-25 00:00:00-04:00,44.764256454050205
2023-10-26 00:00:00-04:00,46.99225664468656
2023-10-27 00:00:00-04:00,47.45926208119859
2023-10-30 00:00:00-04:00,47.50790804179985
2023-10-31 00:00:00-04:00,47.28412943759968
2023-11-01 00:00:00-04:00,47.29386033666201
2023-11-02 00:00:00-04:00,48.54893873621517
2023-11-03 00:00:00-04:00,50.31474228328116
2023-11-06 00:00:00-05:00,51.04819450876055
2023-11-07 00:00:00-05:00,50.52010911455367
2023-11-08 00:00:00-05:00,49.747534135779794
2023-11-09 00:00:00-05:00,48.857618917320714
2023-11-10 00:00:00-05:00,48.73048729943297
2023-11-13 00:00:00-05:00,47.723213585320586
2023-11-14 00:00:00-05:00,49.199897772858755
2023-11-15 00:00:00-05:00,50.608120215315495
2023-11-16 00:00:00-05:00,50.559221287491425
2023-11-17 00:00:00-05:00,50.27562530949376
2023-11-20 00:00:00-05:00,50.158274733775286
2023-11-21 00:00:00-05:00,49.1314413389332
2023-11-22 00:00:00-05:00,49.42482140431643
2023-11-24 00:00:00-05:00,49.659519986042255
2023-11-27 00:00:00-05:00,49.98224574731999
2023-11-28 00:00:00-05:00,49.581287517350276
2023-11-29 00:00:00-05:00,49.75731895475626
2023-11-30 00:00:00-05:00,49.102097897262425
2023-12-01 00:00:00-05:00,49.2096728235428
2023-12-04 00:00:00-05:00,50.15826932763057
2023-12-05 00:00:00-05:00,51.88921974382293
2023-12-06 00:00:00-05:00,52.094579597857205
2023-12-07 00:00:00-05:00,51.41980864620167
2023-12-08 00:00:00-05:00,51.65450938941622
2023-12-11 00:00:00-05:00,50.94061872963045
2023-12-12 00:00:00-05:00,51.5078197188256
2023-12-13 00:00:00-05:00,51.3024529378858
2023-12-14 00:00:00-05:00,53.39523030629021
2023-12-15 00:00:00-05:00,52.36840170808462
2023-12-18 00:00:00-05:00,51.722965468591276
2023-12-19 00:00:00-05:00,51.4882630266863
2023-12-20 00:00:00-05:00,52.27060876984331
2023-12-21 00:00:00-05:00,51.32201197670258
2023-12-22 00:00:00-05:00,51.40025040354045
2023-12-26 00:00:00-05:00,51.23399919201916
2023-12-27 00:00:00-05:00,51.37090616060431
2023-12-28 00:00:00-05:00,50.71569356743045
2023-12-29 00:00:00-05:00,51.26333097664236
2024-01-02 00:00:00-05:00,50.480990435643776
2024-01-03 00:00:00-05:00,50.91128558246624
2024-01-04 00:00:00-05:00,50.539668261221415
2024-01-05 00:00:00-05:00,48.75982602385546
2024-01-08 00:00:00-05:00,47.92857703960388
2024-01-09 00:00:00-05:00,47.87968352390204
2024-01-10 00:00:00-05:00,48.17306553247009
2024-01-11 00:00:00-05:00,48.486006381233096
2024-01-12 00:00:00-05:00,47.82101048944502
2024-01-16 00:00:00-05:00,47.42005579086372
2024-01-17 00:00:00-05:00,46.38344523245186
2024-01-18 00:00:00-05:00,46.06072038029172
2024-01-19 00:00:00-05:00,46.81373197712644
2024-01-22 00:00:00-05:00,46.4323371735042
2024-01-23 00:00:00-05:00,47.12667384841596
2024-01-24 00:00:00-05:00,46.53991864140766
2024-01-25 00:00:00-05:00,44.98499613451778
2024-01-26 00:00:00-05:00,45.25882024301437
2024-01-29 00:00:00-05:00,44.32978309770399
2024-01-30 00:00:00-05:00,44.57426510430848
2024-01-31 00:00:00-05:00,45.0143354908868
2024-02-01 00:00:00-05:00,44.34933812414761
2024-02-02 00:00:00-05:00,44.32000178565256
2024-02-05 00:00:00-05:00,43.987500291122664
2024-02-06 00:00:00-05:00,43.96794497810834
2024-02-07 00:00:00-05:00,45.18058594196037
2024-02-08 00:00:00-05:00,45.03389514061957
2024-02-09 00:00:00-05:00,45.610756218195164
2024-02-12 00:00:00-05:00,46.417508768440946
2024-02-13 00:00:00-05:00,46.043646930848844
2024-02-14 00:00:00-05:00,45.53204901476618
2024-02-15 00:00:00-05:00,45.56156678421322
2024-02-16 00:00:00-05:00,46.407664586407186
2024-02-20 00:00:00-05:00,46.45685821398988
2024-02-21 00:00:00-05:00,46.87006801172055
2024-02-22 00:00:00-05:00,46.21089630218668
2024-02-23 00:00:00-05:00,45.78784896290623
2024-02-26 00:00:00-05:00,45.09916055907017
2024-02-27 00:00:00-05:00,44.90239090001856
2024-02-28 00:00:00-05:00,44.67611184165195
2024-02-29 00:00:00-05:00,46.11251497187323
2024-03-01 00:00:00-05:00,44.47934232702062
2024-03-04 00:00:00-05:00,44.666274628233765
2024-03-05 00:00:00-05:00,45.37463198022218
2024-03-06 00:00:00-05:00,44.89255481842713
2024-03-07 00:00:00-05:00,45.11883894931426
2024-03-08 00:00:00-05:00,45.748495769269965
2024-03-11 00:00:00-04:00,45.482860641976615
2024-03-12 00:00:00-04:00,46.643786674375725
2024-03-13 00:00:00-04:00,46.250248374326155
2024-03-14 00:00:00-04:00,45.91574543940772
2024-03-15 00:00:00-04:00,45.61076176601256
2024-03-18 00:00:00-04:00,45.44350201344971
2024-03-19 00:00:00-04:00,44.98109853303803
2024-03-20 00:00:00-04:00,44.81384820412348
2024-03-21 00:00:00-04:00,45.86655549963078
2024-03-22 00:00:00-04:00,46.38798879122856
2024-03-25 00:00:00-04:00,45.51237300768445
2024-03-26 00:00:00-04:00,45.12867778750365
2024-03-27 00:00:00-04:00,44.676109820567014
2024-03-28 00:00:00-04:00,46.05348552063635
2024-04-01 00:00:00-04:00,45.95509875034664
2024-04-02 00:00:00-04:00,45.32544392589041
2024-04-03 00:00:00-04:00,45.13851802768822
2024-04-04 00:00:00-04:00,45.24673944796074
2024-04-05 00:00:00-04:00,45.01061385783866
2024-04-08 00:00:00-04:00,45.2172245929957
2024-04-09 00:00:00-04:00,45.96494029184575
2024-04-10 00:00:00-04:00,45.16802949856111
2024-04-11 00:00:00-04:00,44.843364128076914
2024-04-12 00:00:00-04:00,44.15467614605286
2024-04-15 00:00:00-04:00,43.78081500290636
2024-04-16 00:00:00-04:00,43.3282551420653
2024-04-17 00:00:00-04:00,43.18067644223682
2024-04-18 00:00:00-04:00,43.65291377452147
2024-04-19 00:00:00-04:00,44.08581111075669
2024-04-22 00:00:00-04:00,45.0302936004032
2024-04-23 00:00:00-04:00,44.85320442654359
2024-04-24 00:00:00-04:00,45.04013033686502
2024-04-25 00:00:00-04:00,46.65362198078204
2024-04-26 00:00:00-04:00,47.411180446565645
2024-04-29 00:00:00-04:00,47.41118019115663
2024-04-30 00:00:00-04:00,47.263609025073535
2024-05-01 00:00:00-04:00,48.4737263315736
2024-05-02 00:00:00-04:00,49.241118082312695
2024-05-03 00:00:00-04:00,50.27772023050586
2024-05-06 00:00:00-04:00,50.307400950048205
2024-05-07 00:00:00-04:00,50.396439356774536
2024-05-08 00:00:00-04:00,50.475586372618984
2024-05-09 00:00:00-04:00,50.95046512803349
2024-05-10 00:00:00-04:00,52.216804444591226
2024-05-13 00:00:00-04:00,52.7015792815843
2024-05-14 00:00:00-04:00,52.64221495623233
2024-05-15 00:00:00-04:00,52.92912279596276
2024-05-16 00:00:00-04:00,52.197016342235635
2024-05-17 00:00:00-04:00,52.80050745480298
2024-05-20 00:00:00-04:00,52.70157777891357
2024-05-21 00:00:00-04:00,52.147550099357396
2024-05-22 00:00:00-04:00,53.08741435664186
2024-05-23 00:00:00-04:00,51.8705392549712
2024-05-24 00:00:00-04:00,50.69324357061477
2024-05-28 00:00:00-04:00,49.59508586441714
2024-05-29 00:00:00-04:00,48.13087733885474
2024-05-30 00:00:00-04:00,47.913221172415525
2024-05-31 00:00:00-04:00,48.29906097210542
2024-06-03 00:00:00-04:00,49.53572249006954
2024-06-04 00:00:00-04:00,49.05095261085443
2024-06-05 00:00:00-04:00,49.446681946659375
2024-06-06 00:00:00-04:00,48.714580741817485
2024-06-07 00:00:00-04:00,48.18034392204563
2024-06-10 00:00:00-04:00,46.65677492468209
2024-06-11 00:00:00-04:00,46.03349671061388
2024-06-12 00:00:00-04:00,48.59585851546914
2024-06-13 00:00:00-04:00,47.15143650891806
2024-06-14 00:00:00-04:00,46.913996008702746
2024-06-17 00:00:00-04:00,46.74581445193933
2024-06-18 00:00:00-04:00,46.65677599348933
2024-06-20 00:00:00-04:00,47.17122598897538
2024-06-21 00:00:00-04:00,47.77471814717359
2024-06-24 00:00:00-04:00,47.675783077552865
2024-06-25 00:00:00-04:00,48.60575373964222
2024-06-26 00:00:00-04:00,47.181119180468485
2024-06-27 00:00:00-04:00,47.73514461877136
2024-06-28 00:00:00-04:00,48.23969938487817
2024-07-01 00:00:00-04:00,48.0517294003142
2024-07-02 00:00:00-04:00,47.89343738234589
2024-07-03 00:00:00-04:00,47.982474724740456
2024-07-05 00:00:00-04:00,47.21079854954399
2024-07-08 00:00:00-04:00,48.66511270680458
2024-07-09 00:00:00-04:00,47.675780669202865
2024-07-10 00:00:00-04:00,48.279274640897356
2024-07-11 00:00:00-04:00,49.53572206002395
2024-07-12 00:00:00-04:00,50.75259723853024
2024-07-15 00:00:00-04:00,51.534169090565456
2024-07-16 00:00:00-04:00,51.72213740791137
2024-07-17 00:00:00-04:00,52.16733804900231
2024-07-18 00:00:00-04:00,51.83096556185882
2024-07-19 00:00:00-04:00,51.59353264336213
2024-07-22 00:00:00-04:00,51.34619699244366
2024-07-23 00:00:00-04:00,50.970251711714404
2024-07-24 00:00:00-04:00,51.247259407410816
2024-07-25 00:00:00-04:00,52.09808529393075
2024-07-26 00:00:00-04:00,52.7609371980967
2024-07-29 00:00:00-04:00,52.44434883363604
2024-07-30 00:00:00-04:00,52.197019384238324
2024-07-31 00:00:00-04:00,53.42378804154467
2024-08-01 00:00:00-04:00,53.48314856311478
2024-08-02 00:00:00-04:00,52.988482052007136
2024-08-05 00:00:00-04:00,53.71069500449688
2024-08-06 00:00:00-04:00,52.48392552673714
2024-08-07 00:00:00-04:00,52.4839258357306
2024-08-08 00:00:00-04:00,52.90933832553413
2024-08-09 00:00:00-04:00,52.7906207206582
2024-08-12 00:00:00-04:00,52.18670597040472
2024-08-13 00:00:00-04:00,52.38562570267527
2024-08-14 00:00:00-04:00,52.316002131100745
2024-08-15 00:00:00-04:00,53.48963314070656
2024-08-16 00:00:00-04:00,53.55925335956952
2024-08-19 00:00:00-04:00,54.04660793747346
2024-08-20 00:00:00-04:00,54.4742869061787
2024-08-21 00:00:00-04:00,54.42455823494695
2024-08-22 00:00:00-04:00,53.877525044243185
2024-08-23 00:00:00-04:00,54.09633909305124
2024-08-26 00:00:00-04:00,53.67860676930954
2024-08-27 00:00:00-04:00,53.40011773831454
2024-08-28 00:00:00-04:00,53.46974083295874
2024-08-29 00:00:00-04:00,54.52401732053891
2024-08-30 00:00:00-04:00,54.95169537192366
2024-09-03 00:00:00-04:00,54.75277475078099
2024-09-04 00:00:00-04:00,54.792558825596274
2024-09-05 00:00:00-04:00,55.2202404370804
2024-09-06 00:00:00-04:00,54.822395680794116
2024-09-09 00:00:00-04:00,53.72833659028145
2024-09-10 00:00:00-04:00,54.096338947589366
2024-09-11 00:00:00-04:00,54.37482374215617
2024-09-12 00:00:00-04:00,52.97244026889934
2024-09-13 00:00:00-04:00,53.439903979532836
2024-09-16 00:00:00-04:00,54.94175334539692
2024-09-17 00:00:00-04:00,55.478832019257844
2024-09-18 00:00:00-04:00,54.86218120464197
2024-09-19 00:00:00-04:00,54.156014376447565
2024-09-20 00:00:00-04:00,53.95709613863482
2024-09-23 00:00:00-04:00,53.91731060192448
2024-09-24 00:00:00-04:00,53.49958105130677
2024-09-25 00:00:00-04:00,53.15146853632222
2024-09-26 00:00:00-04:00,52.52487007798388
2024-09-27 00:00:00-04:00,52.674057572738114
2024-09-30 00:00:00-04:00,53.30065796048154
2024-10-01 00:00:00-04:00,53.80790332927664
2024-10-02 00:00:00-04:00,53.111687242867966
2024-10-03 00:00:00-04:00,53.49957897347918
2024-10-04 00:00:00-04:00,52.524872384124585
2024-10-07 00:00:00-04:00,52.654165494883664
2024-10-08 00:00:00-04:00,51.80875751040448
2024-10-09 00:00:00-04:00,51.261728970655284
2024-10-10 00:00:00-04:00,51.32140058173402
2024-10-11 00:00:00-04:00,51.2716703734989
2024-10-14 00:00:00-04:00,52.36573696072164
2024-10-15 00:00:00-04:00,53.1315747454393
2024-10-16 00:00:00-04:00,53.61893045349964
2024-10-17 00:00:00-04:00,54.07644809835431
2024-10-18 00:00:00-04:00,53.459793692668846
2024-10-21 00:00:00-04:00,53.4796876708708
2024-10-22 00:00:00-04:00,52.59449209365911
2024-10-23 00:00:00-04:00,52.49502973152147
2024-10-24 00:00:00-04:00,52.74368029875536
2024-10-25 00:00:00-04:00,52.11708455559089
2024-10-28 00:00:00-04:00,51.579999201485776
2024-10-29 00:00:00-04:00,50.774371491093476
2024-10-30 00:00:00-04:00,50.804211521373006
2024-10-31 00:00:00-04:00,50.73458706349491
2024-11-01 00:00:00-04:00,51.50043035642607
2024-11-04 00:00:00-05:00,49.73004093684916
2024-11-05 00:00:00-05:00,49.45155353008304
2024-11-06 00:00:00-05:00,51.003131160546445
2024-11-07 00:00:00-05:00,52.06735357285081
2024-11-08 00:00:00-05:00,51.68940791486121
2024-11-11 00:00:00-05:00,52.107135225440835
2024-11-12 00:00:00-05:00,51.68000030517578
2024-11-13 00:00:00-05:00,51.099998474121094
2024-11-14 00:00:00-05:00,50.709999084472656
2024-11-15 00:00:00-05:00,50.43000030517578
2024-11-18 00:00:00-05:00,50.869998931884766
2024-11-19 00:00:00-05:00,50.880001068115234
2024-11-20 00:00:00-05:00,51.54999923706055
2024-11-21 00:00:00-05:00,51.27000045776367
2024-11-22 00:00:00-05:00,51.5
2024-11-25 00:00:00-05:00,51.97999954223633
2024-11-26 00:00:00-05:00,51.7400016784668
2024-11-27 00:00:00-05:00,51.290000915527344
2024-11-29 00:00:00-05:00,51.59000015258789
2024-12-02 00:00:00-05:00,51.29999923706055
2024-12-03 00:00:00-05:00,50.61000061035156
2024-12-04 00:00:00-05:00,49.33000183105469
2024-12-05 00:00:00-05:00,48.599998474121094
2024-12-06 00:00:00-05:00,49.029998779296875
2024-12-09 00:00:00-05:00,48.880001068115234
2024-12-10 00:00:00-05:00,48.11000061035156
2024-12-11 00:00:00-05:00,49.16999816894531
2024-12-12 00:00:00-05:00,48.810001373291016
2024-12-13 00:00:00-05:00,48.209999084472656
2024-12-16 00:00:00-05:00,48.52000045776367
2024-12-17 00:00:00-05:00,47.84000015258789
2024-12-18 00:00:00-05:00,47.81999969482422
2024-12-19 00:00:00-05:00,45.90999984741211
2024-12-20 00:00:00-05:00,45.630001068115234
2024-12-23 00:00:00-05:00,45.7400016784668
2024-12-24 00:00:00-05:00,45.349998474121094
2024-12-26 00:00:00-05:00,45.38999938964844
2024-12-27 00:00:00-05:00,45.630001068115234
2024-12-30 00:00:00-05:00,45.529998779296875
2024-12-31 00:00:00-05:00,45.88999938964844
2025-01-02 00:00:00-05:00,45.689998626708984
2025-01-03 00:00:00-05:00,44.83000183105469
2025-01-06 00:00:00-05:00,44.52000045776367
2025-01-07 00:00:00-05:00,44.2599983215332
2025-01-08 00:00:00-05:00,44.060001373291016
2025-01-10 00:00:00-05:00,42.720001220703125
2025-01-13 00:00:00-05:00,41.86000061035156
2025-01-14 00:00:00-05:00,42.5
