Date,Open
2000-03-27 00:00:00-05:00,14.411130819059403
2000-03-28 00:00:00-05:00,15.311828062022727
2000-03-29 00:00:00-05:00,15.72123547281112
2000-03-30 00:00:00-05:00,15.557472385411975
2000-03-31 00:00:00-05:00,15.229951092930097
2000-04-03 00:00:00-04:00,15.066185151023179
2000-04-04 00:00:00-04:00,13.428553107985826
2000-04-05 00:00:00-04:00,13.960787319192208
2000-04-06 00:00:00-04:00,14.452076044751191
2000-04-07 00:00:00-04:00,15.107125891670716
2000-04-10 00:00:00-04:00,14.779598617781977
2000-04-11 00:00:00-04:00,14.697716122206662
2000-04-12 00:00:00-04:00,14.533958640843526
2000-04-13 00:00:00-04:00,15.229944965857678
2000-04-14 00:00:00-04:00,14.861478614750581
2000-04-17 00:00:00-04:00,14.452075475307142
2000-04-18 00:00:00-04:00,13.51043567724224
2000-04-19 00:00:00-04:00,13.34667367089795
2000-04-20 00:00:00-04:00,13.019148996168525
2000-04-24 00:00:00-04:00,13.019148005159757
2000-04-25 00:00:00-04:00,13.919846116465022
2000-04-26 00:00:00-04:00,14.124549994456675
2000-04-27 00:00:00-04:00,11.545284867595731
2000-04-28 00:00:00-04:00,11.463400839064292
2000-05-01 00:00:00-04:00,11.25870020393437
2000-05-02 00:00:00-04:00,11.176818123966536
2000-05-03 00:00:00-04:00,10.849291793360187
2000-05-04 00:00:00-04:00,11.135875928503625
2000-05-05 00:00:00-04:00,11.627164765422632
2000-05-08 00:00:00-04:00,11.09493786799686
2000-05-09 00:00:00-04:00,11.053996462497498
2000-05-10 00:00:00-04:00,10.726466815660467
2000-05-11 00:00:00-04:00,10.562703582687451
2000-05-12 00:00:00-04:00,9.743892066601378
2000-05-15 00:00:00-04:00,11.13587760925293
2000-05-16 00:00:00-04:00,11.217758617271537
2000-05-17 00:00:00-04:00,12.15939484531036
2000-05-18 00:00:00-04:00,12.609743480277672
2000-05-19 00:00:00-04:00,12.527861279979977
2000-05-22 00:00:00-04:00,12.118451118469238
2000-05-23 00:00:00-04:00,12.282215583078745
2000-05-24 00:00:00-04:00,12.200332254545875
2000-05-25 00:00:00-04:00,11.954691885915201
2000-05-26 00:00:00-04:00,10.97211178226113
2000-05-30 00:00:00-04:00,10.644586371868277
2000-05-31 00:00:00-04:00,10.726470926680843
2000-06-01 00:00:00-04:00,11.13587760925293
2000-06-02 00:00:00-04:00,11.2996374148889
2000-06-05 00:00:00-04:00,11.381521704670162
2000-06-06 00:00:00-04:00,11.2996384080267
2000-06-07 00:00:00-04:00,10.480823245307828
2000-06-08 00:00:00-04:00,10.808349707133532
2000-06-09 00:00:00-04:00,10.972115273315419
2000-06-12 00:00:00-04:00,11.258700534041594
2000-06-13 00:00:00-04:00,11.299639475093878
2000-06-14 00:00:00-04:00,11.62716464745883
2000-06-15 00:00:00-04:00,11.463402634733217
2000-06-16 00:00:00-04:00,11.749986726945618
2000-06-19 00:00:00-04:00,12.527861279979977
2000-06-20 00:00:00-04:00,12.159393022738483
2000-06-21 00:00:00-04:00,12.159395934791144
2000-06-22 00:00:00-04:00,12.323155778103617
2000-06-23 00:00:00-04:00,12.405038099169115
2000-06-26 00:00:00-04:00,12.323158264160156
2000-06-27 00:00:00-04:00,12.364099689230684
2000-06-28 00:00:00-04:00,12.200334055854743
2000-06-29 00:00:00-04:00,12.405039428844661
2000-06-30 00:00:00-04:00,12.364098399396866
2000-07-03 00:00:00-04:00,12.118454053491817
2000-07-05 00:00:00-04:00,12.200335989117265
2000-07-06 00:00:00-04:00,12.60974323383068
2000-07-07 00:00:00-04:00,12.486919005250183
2000-07-10 00:00:00-04:00,12.527859864967885
2000-07-11 00:00:00-04:00,12.937267303466797
2000-07-12 00:00:00-04:00,13.019148371487557
2000-07-13 00:00:00-04:00,13.837966189375164
2000-07-14 00:00:00-04:00,14.165488443482833
2000-07-17 00:00:00-04:00,14.820539651747444
2000-07-18 00:00:00-04:00,14.779598617781977
2000-07-19 00:00:00-04:00,14.533956787304835
2000-07-20 00:00:00-04:00,13.919844433160952
2000-07-21 00:00:00-04:00,14.083610534667969
2000-07-24 00:00:00-04:00,13.919843696638207
2000-07-25 00:00:00-04:00,14.206429302019982
2000-07-26 00:00:00-04:00,14.08360717444973
2000-07-27 00:00:00-04:00,14.574893991602659
2000-07-28 00:00:00-04:00,15.10712358244109
2000-07-31 00:00:00-04:00,15.066182204269936
2000-08-01 00:00:00-04:00,15.639352942647239
2000-08-02 00:00:00-04:00,14.984305621118612
2000-08-03 00:00:00-04:00,14.984303318862908
2000-08-04 00:00:00-04:00,14.697716122206662
2000-08-07 00:00:00-04:00,14.329251493113656
2000-08-08 00:00:00-04:00,14.00172521498482
2000-08-09 00:00:00-04:00,14.165488820066303
2000-08-10 00:00:00-04:00,14.493014713088
2000-08-11 00:00:00-04:00,14.738657535173678
2000-08-14 00:00:00-04:00,14.574892653754885
2000-08-15 00:00:00-04:00,14.779596334826628
2000-08-16 00:00:00-04:00,14.697715703498861
2000-08-17 00:00:00-04:00,14.20642676277777
2000-08-18 00:00:00-04:00,13.919843294197081
2000-08-21 00:00:00-04:00,13.83796442397928
2000-08-22 00:00:00-04:00,14.001723080830383
2000-08-23 00:00:00-04:00,13.837961932018857
2000-08-24 00:00:00-04:00,13.42855558248539
2000-08-25 00:00:00-04:00,13.18291187286377
2000-08-28 00:00:00-04:00,13.182914078490962
2000-08-29 00:00:00-04:00,13.141971105178571
2000-08-30 00:00:00-04:00,13.060089111328125
2000-08-31 00:00:00-04:00,12.978207878771062
2000-09-01 00:00:00-04:00,12.937266728957947
2000-09-05 00:00:00-04:00,12.691624393371166
2000-09-06 00:00:00-04:00,12.445977590913396
2000-09-07 00:00:00-04:00,12.445977416699154
2000-09-08 00:00:00-04:00,12.568801361866115
2000-09-11 00:00:00-04:00,13.101031338633224
2000-09-12 00:00:00-04:00,12.732562929538604
2000-09-13 00:00:00-04:00,12.978207307434806
2000-09-14 00:00:00-04:00,14.329253474419689
2000-09-15 00:00:00-04:00,13.428556364629776
2000-09-18 00:00:00-04:00,13.2647916841323
2000-09-19 00:00:00-04:00,13.019148996168525
2000-09-20 00:00:00-04:00,13.18291033414554
2000-09-21 00:00:00-04:00,12.8963262623941
2000-09-22 00:00:00-04:00,12.93726599547523
2000-09-25 00:00:00-04:00,13.387615574806077
2000-09-26 00:00:00-04:00,13.469495318812534
2000-09-27 00:00:00-04:00,13.919842759481792
2000-09-28 00:00:00-04:00,14.452075519235894
2000-09-29 00:00:00-04:00,15.06618238502286
2000-10-02 00:00:00-04:00,15.925935471684962
2000-10-03 00:00:00-04:00,14.574892653754885
2000-10-04 00:00:00-04:00,14.73866077160601
2000-10-05 00:00:00-04:00,15.393708418215262
2000-10-06 00:00:00-04:00,15.270884690418066
2000-10-09 00:00:00-04:00,15.066186787085632
2000-10-10 00:00:00-04:00,14.820539105619202
2000-10-11 00:00:00-04:00,14.984301567077637
2000-10-12 00:00:00-04:00,14.902421592844277
2000-10-13 00:00:00-04:00,14.615835729769362
2000-10-16 00:00:00-04:00,13.756080789688726
2000-10-17 00:00:00-04:00,13.264792159575684
2000-10-18 00:00:00-04:00,12.609741402886518
2000-10-19 00:00:00-04:00,13.182911680739728
2000-10-20 00:00:00-04:00,13.18290979149648
2000-10-23 00:00:00-04:00,13.305736670241938
2000-10-24 00:00:00-04:00,13.101030144886275
2000-10-25 00:00:00-04:00,13.264792702391649
2000-10-26 00:00:00-04:00,14.083607576535309
2000-10-27 00:00:00-04:00,14.329251855707238
2000-10-30 00:00:00-05:00,14.615837285895806
2000-10-31 00:00:00-05:00,14.41113307078912
2000-11-01 00:00:00-05:00,12.937264945977537
2000-11-02 00:00:00-05:00,13.633260733942851
2000-11-03 00:00:00-05:00,12.896326997030934
2000-11-06 00:00:00-05:00,13.34667564989734
2000-11-07 00:00:00-05:00,12.732563290200174
2000-11-08 00:00:00-05:00,13.305731742028431
2000-11-09 00:00:00-05:00,13.715142526591235
2000-11-10 00:00:00-05:00,12.691621926206523
2000-11-13 00:00:00-05:00,13.756082118570198
2000-11-14 00:00:00-05:00,14.533956132509374
2000-11-15 00:00:00-05:00,14.738660069868931
2000-11-16 00:00:00-05:00,14.24737024372691
2000-11-17 00:00:00-05:00,13.756081182564145
2000-11-20 00:00:00-05:00,13.797019756198408
2000-11-21 00:00:00-05:00,13.551379760322593
2000-11-22 00:00:00-05:00,14.69771787451587
2000-11-24 00:00:00-05:00,14.533954819752282
2000-11-27 00:00:00-05:00,14.370194715816377
2000-11-28 00:00:00-05:00,14.738659307304612
2000-11-29 00:00:00-05:00,12.609740257263184
2000-11-30 00:00:00-05:00,12.527857991716532
2000-12-01 00:00:00-05:00,12.691622550537799
2000-12-04 00:00:00-05:00,13.182910920185936
2000-12-05 00:00:00-05:00,13.060089029379592
2000-12-06 00:00:00-05:00,12.896326480034942
2000-12-07 00:00:00-05:00,11.872806526041833
2000-12-08 00:00:00-05:00,11.545284995493397
2000-12-11 00:00:00-05:00,11.709048650191756
2000-12-12 00:00:00-05:00,12.07751264470758
2000-12-13 00:00:00-05:00,11.790926933288574
2000-12-14 00:00:00-05:00,11.831869533239683
2000-12-15 00:00:00-05:00,11.463399887084961
2000-12-18 00:00:00-05:00,11.545284635916994
2000-12-19 00:00:00-05:00,11.340580940246582
2000-12-20 00:00:00-05:00,11.258699121793928
2000-12-21 00:00:00-05:00,11.299639155902256
2000-12-22 00:00:00-05:00,12.200332870746164
2000-12-26 00:00:00-05:00,12.486919005250183
2000-12-27 00:00:00-05:00,12.65068269735591
2000-12-28 00:00:00-05:00,13.141970537669444
2000-12-29 00:00:00-05:00,14.083606228377123
2001-01-02 00:00:00-05:00,14.165489498961254
2001-01-03 00:00:00-05:00,13.223852904027666
2001-01-04 00:00:00-05:00,13.592320510826237
2001-01-05 00:00:00-05:00,13.674198948497953
2001-01-08 00:00:00-05:00,14.165489196777344
2001-01-09 00:00:00-05:00,14.165488998502891
2001-01-10 00:00:00-05:00,14.001723501079361
2001-01-11 00:00:00-05:00,14.12454679961963
2001-01-12 00:00:00-05:00,14.001728524418164
2001-01-16 00:00:00-05:00,14.738660945463288
2001-01-17 00:00:00-05:00,15.311826100434386
2001-01-18 00:00:00-05:00,15.352768898010254
2001-01-19 00:00:00-05:00,15.352768898010254
2001-01-22 00:00:00-05:00,15.311827277344936
2001-01-23 00:00:00-05:00,15.107127832488043
2001-01-24 00:00:00-05:00,15.680294640772075
2001-01-25 00:00:00-05:00,15.066185583159145
2001-01-26 00:00:00-05:00,15.148067877216151
2001-01-29 00:00:00-05:00,15.066178786345878
2001-01-30 00:00:00-05:00,15.642630826820636
2001-01-31 00:00:00-05:00,15.71468423707758
2001-02-01 00:00:00-05:00,15.983256690449068
2001-02-02 00:00:00-05:00,16.697261357060025
2001-02-05 00:00:00-05:00,16.11427002731671
2001-02-06 00:00:00-05:00,15.917753604076125
2001-02-07 00:00:00-05:00,16.441796168131237
2001-02-08 00:00:00-05:00,17.096848882690487
2001-02-09 00:00:00-05:00,17.19510033626426
2001-02-12 00:00:00-05:00,16.54004776247141
2001-02-13 00:00:00-05:00,16.34353880800637
2001-02-14 00:00:00-05:00,16.278031502911833
2001-02-15 00:00:00-05:00,16.291129931046896
2001-02-16 00:00:00-05:00,16.61865245667565
2001-02-20 00:00:00-05:00,17.332664572838098
2001-02-21 00:00:00-05:00,17.162348600805938
2001-02-22 00:00:00-05:00,16.605554886447404
2001-02-23 00:00:00-05:00,16.60556023138177
2001-02-26 00:00:00-05:00,16.389387208535155
2001-02-27 00:00:00-05:00,16.297679949858697
2001-02-28 00:00:00-05:00,16.376290563703137
2001-03-01 00:00:00-05:00,16.212528231121343
2001-03-02 00:00:00-05:00,16.147019880255662
2001-03-05 00:00:00-05:00,16.24527830341294
2001-03-06 00:00:00-05:00,16.245278746725653
2001-03-07 00:00:00-05:00,16.461443800173374
2001-03-08 00:00:00-05:00,16.409041962390738
2001-03-09 00:00:00-05:00,16.618657549712964
2001-03-12 00:00:00-05:00,16.90032739389375
2001-03-13 00:00:00-05:00,16.6383064829742
2001-03-14 00:00:00-05:00,16.350086112763957
2001-03-15 00:00:00-05:00,16.540046161491034
2001-03-16 00:00:00-05:00,16.343537107309867
2001-03-19 00:00:00-05:00,16.526948401035064
2001-03-20 00:00:00-05:00,16.513852473691898
2001-03-21 00:00:00-05:00,16.31078145338673
2001-03-22 00:00:00-05:00,16.17977251743172
2001-03-23 00:00:00-05:00,16.304232183850058
2001-03-26 00:00:00-05:00,15.721239884779822
2001-03-27 00:00:00-05:00,14.5486967130287
2001-03-28 00:00:00-05:00,15.347858262622328
2001-03-29 00:00:00-05:00,15.819491925638024
2001-03-30 00:00:00-05:00,16.199422220487573
2001-04-02 00:00:00-04:00,16.212522017975896
2001-04-03 00:00:00-04:00,16.291133981846237
2001-04-04 00:00:00-04:00,16.048759302573004
2001-04-05 00:00:00-04:00,16.310783291224865
2001-04-06 00:00:00-04:00,16.448343100143628
2001-04-09 00:00:00-04:00,16.225625215905655
2001-04-10 00:00:00-04:00,16.27802741311384
2001-04-11 00:00:00-04:00,15.924304933037007
2001-04-12 00:00:00-04:00,15.485414443021075
2001-04-16 00:00:00-04:00,16.24527619868518
2001-04-17 00:00:00-04:00,16.081514087876762
2001-04-18 00:00:00-04:00,15.753989203980096
2001-04-19 00:00:00-04:00,15.662279323896833
2001-04-20 00:00:00-04:00,16.042210505557115
2001-04-23 00:00:00-04:00,16.016006469726562
2001-04-24 00:00:00-04:00,16.01600960631573
2001-04-25 00:00:00-04:00,16.04220962029293
2001-04-26 00:00:00-04:00,16.048760617424733
2001-04-27 00:00:00-04:00,15.878448080357654
2001-04-30 00:00:00-04:00,15.721237219922928
2001-05-01 00:00:00-04:00,15.557476567980299
2001-05-02 00:00:00-04:00,15.570575922843286
2001-05-03 00:00:00-04:00,15.197193520231865
2001-05-04 00:00:00-04:00,15.21029113108546
2001-05-07 00:00:00-04:00,15.590225815533516
2001-05-08 00:00:00-04:00,15.15789320795567
2001-05-09 00:00:00-04:00,14.587995946532304
2001-05-10 00:00:00-04:00,14.339081091991204
2001-05-11 00:00:00-04:00,14.090157283079774
2001-05-14 00:00:00-04:00,14.090156513856051
2001-05-15 00:00:00-04:00,14.660052202158624
2001-05-16 00:00:00-04:00,15.066185298210613
2001-05-17 00:00:00-04:00,15.249596107877377
2001-05-18 00:00:00-04:00,15.786740242840283
2001-05-21 00:00:00-04:00,15.42646622572258
2001-05-22 00:00:00-04:00,15.557474354647225
2001-05-23 00:00:00-04:00,15.249598808802759
2001-05-24 00:00:00-04:00,15.295453829783831
2001-05-25 00:00:00-04:00,15.308555077486444
2001-05-29 00:00:00-04:00,15.295450164750669
2001-05-30 00:00:00-04:00,15.033434683763463
2001-05-31 00:00:00-04:00,15.184094709941718
2001-06-01 00:00:00-04:00,15.066182169277898
2001-06-04 00:00:00-04:00,15.32820316842779
2001-06-05 00:00:00-04:00,15.197197520332004
2001-06-06 00:00:00-04:00,15.256148065022222
2001-06-07 00:00:00-04:00,14.640400450900017
2001-06-08 00:00:00-04:00,14.86966798436854
2001-06-11 00:00:00-04:00,14.607648665238841
2001-06-12 00:00:00-04:00,14.771412228505133
2001-06-13 00:00:00-04:00,14.902421401942863
2001-06-14 00:00:00-04:00,14.882768568553644
2001-06-15 00:00:00-04:00,14.339078529312829
2001-06-18 00:00:00-04:00,14.214623799790148
2001-06-19 00:00:00-04:00,13.985350913480067
2001-06-20 00:00:00-04:00,13.887095564070707
2001-06-21 00:00:00-04:00,14.05085509789041
2001-06-22 00:00:00-04:00,14.149114198792303
2001-06-25 00:00:00-04:00,14.214618701088087
2001-06-26 00:00:00-04:00,14.083608096296903
2001-06-27 00:00:00-04:00,14.260470200305594
2001-06-28 00:00:00-04:00,14.489741984097837
2001-06-29 00:00:00-04:00,14.673157660193556
2001-07-02 00:00:00-04:00,15.033434683763463
2001-07-03 00:00:00-04:00,15.07928461512344
2001-07-05 00:00:00-04:00,15.066183090209961
2001-07-06 00:00:00-04:00,15.16444173360458
2001-07-09 00:00:00-04:00,14.922073686536562
2001-07-10 00:00:00-04:00,15.098937248350168
2001-07-11 00:00:00-04:00,14.804164512360858
2001-07-12 00:00:00-04:00,14.804162153579137
2001-07-13 00:00:00-04:00,15.046534330518504
2001-07-16 00:00:00-04:00,14.836909250238424
2001-07-17 00:00:00-04:00,14.738656906897885
2001-07-18 00:00:00-04:00,15.066183563953182
2001-07-19 00:00:00-04:00,15.131681924517503
2001-07-20 00:00:00-04:00,14.902417131887212
2001-07-23 00:00:00-04:00,14.804168207127368
2001-07-24 00:00:00-04:00,15.03343080110878
2001-07-25 00:00:00-04:00,14.902419296206947
2001-07-26 00:00:00-04:00,14.083608466990299
2001-07-27 00:00:00-04:00,13.101031525724707
2001-07-30 00:00:00-04:00,12.760401690525352
2001-07-31 00:00:00-04:00,12.354271969958559
2001-08-01 00:00:00-04:00,12.249462011324937
2001-08-02 00:00:00-04:00,12.085701170809704
2001-08-03 00:00:00-04:00,12.164305827371644
2001-08-06 00:00:00-04:00,12.197060444021549
2001-08-07 00:00:00-04:00,11.974341621883019
2001-08-08 00:00:00-04:00,11.90883639644893
2001-08-09 00:00:00-04:00,11.856432190599882
2001-08-10 00:00:00-04:00,11.8891843359315
2001-08-13 00:00:00-04:00,11.92193741617348
2001-08-14 00:00:00-04:00,11.856431224086565
2001-08-15 00:00:00-04:00,11.627164639294302
2001-08-16 00:00:00-04:00,11.194829009077583
2001-08-17 00:00:00-04:00,11.004868700786627
2001-08-20 00:00:00-04:00,11.266885436608709
2001-08-21 00:00:00-04:00,11.496152380154122
2001-08-22 00:00:00-04:00,11.646813400241635
2001-08-23 00:00:00-04:00,11.659917595270437
2001-08-24 00:00:00-04:00,11.725423121532584
2001-08-27 00:00:00-04:00,11.889184819255536
2001-08-28 00:00:00-04:00,11.79092945935306
2001-08-29 00:00:00-04:00,11.496156126456992
2001-08-30 00:00:00-04:00,11.365141823699343
2001-08-31 00:00:00-04:00,11.358592151831626
2001-09-04 00:00:00-04:00,11.574759956347457
2001-09-05 00:00:00-04:00,11.830231409469482
2001-09-06 00:00:00-04:00,11.764724342279598
2001-09-07 00:00:00-04:00,11.476501550972138
2001-09-10 00:00:00-04:00,10.991764712484109
2001-09-17 00:00:00-04:00,11.332389401425546
2001-09-18 00:00:00-04:00,11.01141742591683
2001-09-19 00:00:00-04:00,10.775595886959298
2001-09-20 00:00:00-04:00,10.546328378659888
2001-09-21 00:00:00-04:00,9.825769800389487
2001-09-24 00:00:00-04:00,9.897831137045628
2001-09-25 00:00:00-04:00,10.742843496783863
2001-09-26 00:00:00-04:00,10.415316752820626
2001-09-27 00:00:00-04:00,10.317059390771782
2001-09-28 00:00:00-04:00,10.742847470024659
2001-10-01 00:00:00-04:00,10.82145174255182
2001-10-02 00:00:00-04:00,10.323609971905421
2001-10-03 00:00:00-04:00,10.48082484751421
2001-10-04 00:00:00-04:00,10.742843253040162
2001-10-05 00:00:00-04:00,10.86730580343699
2001-10-08 00:00:00-04:00,10.873853858504395
2001-10-09 00:00:00-04:00,11.070372337786601
2001-10-10 00:00:00-04:00,11.070373981981938
2001-10-11 00:00:00-04:00,11.201379390364519
2001-10-12 00:00:00-04:00,11.29963679322099
2001-10-15 00:00:00-04:00,10.7297451736353
2001-10-16 00:00:00-04:00,10.939362637582255
2001-10-17 00:00:00-04:00,11.135874557866796
2001-10-18 00:00:00-04:00,11.135876116840905
2001-10-19 00:00:00-04:00,10.906605889396024
2001-10-22 00:00:00-04:00,10.926259247711991
2001-10-23 00:00:00-04:00,10.736294809603457
2001-10-24 00:00:00-04:00,10.664240771457264
2001-10-25 00:00:00-04:00,10.349813461303711
2001-10-26 00:00:00-04:00,10.415319114078114
2001-10-29 00:00:00-05:00,10.454621814580374
2001-10-30 00:00:00-05:00,10.696992151726429
2001-10-31 00:00:00-05:00,10.873853752434416
2001-11-01 00:00:00-05:00,10.651136678641965
2001-11-02 00:00:00-05:00,10.808348826759032
2001-11-05 00:00:00-05:00,11.037619946300795
2001-11-06 00:00:00-05:00,11.450297661496101
2001-11-07 00:00:00-05:00,11.620612350230036
2001-11-08 00:00:00-05:00,11.673018772452824
2001-11-09 00:00:00-05:00,11.6271660276944
2001-11-12 00:00:00-05:00,11.450301217152282
2001-11-13 00:00:00-05:00,11.443749690715977
2001-11-14 00:00:00-05:00,11.908836560440312
2001-11-15 00:00:00-05:00,12.413226871420548
2001-11-16 00:00:00-05:00,12.47873118609455
2001-11-19 00:00:00-05:00,12.4459766247568
2001-11-20 00:00:00-05:00,12.609742066231842
2001-11-21 00:00:00-05:00,12.59009191971937
2001-11-23 00:00:00-05:00,12.55078844544994
2001-11-26 00:00:00-05:00,12.531136084765294
2001-11-27 00:00:00-05:00,12.694895778050459
2001-11-28 00:00:00-05:00,12.400126128248157
2001-11-29 00:00:00-05:00,12.282216224358592
2001-11-30 00:00:00-05:00,12.419774407122766
2001-12-03 00:00:00-05:00,12.05294793044733
2001-12-04 00:00:00-05:00,12.085701485822176
2001-12-05 00:00:00-05:00,12.05294881461637
2001-12-06 00:00:00-05:00,12.183955617775258
2001-12-07 00:00:00-05:00,12.183956103578858
2001-12-10 00:00:00-05:00,12.072599074844998
2001-12-11 00:00:00-05:00,11.823681194992906
2001-12-12 00:00:00-05:00,11.817129910965052
2001-12-13 00:00:00-05:00,11.889184819255536
2001-12-14 00:00:00-05:00,11.790926577865669
2001-12-17 00:00:00-05:00,11.948139065115024
2001-12-18 00:00:00-05:00,11.856431271041561
2001-12-19 00:00:00-05:00,11.810578118884056
2001-12-20 00:00:00-05:00,11.823680404672356
2001-12-21 00:00:00-05:00,11.790927721419811
2001-12-24 00:00:00-05:00,11.961239420581595
2001-12-26 00:00:00-05:00,12.249460941962653
2001-12-27 00:00:00-05:00,12.445978174051163
2001-12-28 00:00:00-05:00,12.642493511612859
2001-12-31 00:00:00-05:00,12.707997611077401
2002-01-02 00:00:00-05:00,12.4787312543939
2002-01-03 00:00:00-05:00,12.544236775363172
2002-01-04 00:00:00-05:00,12.511482775926426
2002-01-07 00:00:00-05:00,12.80625818527349
2002-01-08 00:00:00-05:00,12.445976682616681
2002-01-09 00:00:00-05:00,12.314968695665224
2002-01-10 00:00:00-05:00,12.308420509728043
2002-01-11 00:00:00-05:00,12.675246449615068
2002-01-14 00:00:00-05:00,12.662146084983954
2002-01-15 00:00:00-05:00,12.380474135731012
2002-01-16 00:00:00-05:00,12.459078201130053
2002-01-17 00:00:00-05:00,12.544236632218796
2002-01-18 00:00:00-05:00,12.806255187582087
2002-01-22 00:00:00-05:00,12.799703971288551
2002-01-23 00:00:00-05:00,12.67524837768182
2002-01-24 00:00:00-05:00,13.232040192411025
2002-01-25 00:00:00-05:00,13.03552557198772
2002-01-28 00:00:00-05:00,13.232039900699716
2002-01-29 00:00:00-05:00,13.232041867773576
2002-01-30 00:00:00-05:00,13.087926996859906
2002-01-31 00:00:00-05:00,13.330296658479124
2002-02-01 00:00:00-05:00,13.494060018436437
2002-02-04 00:00:00-05:00,13.579216828707805
2002-02-05 00:00:00-05:00,13.264792345193746
2002-02-06 00:00:00-05:00,13.513713637864525
2002-02-07 00:00:00-05:00,13.625070555291703
2002-02-08 00:00:00-05:00,13.330296717812523
2002-02-11 00:00:00-05:00,13.749532520254764
2002-02-12 00:00:00-05:00,13.808486281834314
2002-02-13 00:00:00-05:00,13.887091851942818
2002-02-14 00:00:00-05:00,13.932946070606853
2002-02-15 00:00:00-05:00,14.070508789505492
2002-02-19 00:00:00-05:00,14.09015760867136
2002-02-20 00:00:00-05:00,14.050854578759985
2002-02-21 00:00:00-05:00,14.24081964854958
2002-02-22 00:00:00-05:00,14.08360720657448
2002-02-25 00:00:00-05:00,14.149113697841198
2002-02-26 00:00:00-05:00,14.214618578459744
2002-02-27 00:00:00-05:00,14.411134997731915
2002-02-28 00:00:00-05:00,14.398032168251854
2002-03-01 00:00:00-05:00,14.345627386362345
2002-03-04 00:00:00-05:00,14.299774094411998
2002-03-05 00:00:00-05:00,13.795384654345707
2002-03-06 00:00:00-05:00,14.404583425682228
2002-03-07 00:00:00-05:00,14.56179390072287
2002-03-08 00:00:00-05:00,14.705908530228578
2002-03-11 00:00:00-05:00,14.725556390431684
2002-03-12 00:00:00-05:00,14.476635489930956
2002-03-13 00:00:00-05:00,14.725557835421457
2002-03-14 00:00:00-05:00,14.430785601086626
2002-03-15 00:00:00-05:00,14.725557726650408
2002-03-18 00:00:00-05:00,14.738661099529475
2002-03-19 00:00:00-05:00,14.836916183920318
2002-03-20 00:00:00-05:00,15.020333630061604
2002-03-21 00:00:00-05:00,15.079285995283913
2002-03-22 00:00:00-05:00,15.000671851845185
2002-03-25 00:00:00-05:00,15.13169020476134
2002-03-26 00:00:00-05:00,15.085838182213243
2002-03-27 00:00:00-05:00,15.01377838963771
2002-03-28 00:00:00-05:00,15.2626987008004
2002-04-01 00:00:00-05:00,15.590224355564889
2002-04-02 00:00:00-05:00,15.400263413011972
2002-04-03 00:00:00-05:00,15.295453927693918
2002-04-04 00:00:00-05:00,15.170992254393914
2002-04-05 00:00:00-05:00,15.295452243145768
2002-04-08 00:00:00-04:00,15.203747617365899
2002-04-09 00:00:00-04:00,15.426464909385347
2002-04-10 00:00:00-04:00,15.393709207089177
2002-04-11 00:00:00-04:00,15.557477918535744
2002-04-12 00:00:00-04:00,15.426460516212305
2002-04-15 00:00:00-04:00,15.622980488616205
2002-04-16 00:00:00-04:00,15.459217308977566
2002-04-17 00:00:00-04:00,15.393707753579987
2002-04-18 00:00:00-04:00,15.393709255721577
2002-04-19 00:00:00-04:00,15.32165647560421
2002-04-22 00:00:00-04:00,15.190643404928098
2002-04-23 00:00:00-04:00,14.935172427332846
2002-04-24 00:00:00-04:00,14.614196823871932
2002-04-25 00:00:00-04:00,15.282353318063238
2002-04-26 00:00:00-04:00,15.439567716844142
2002-04-29 00:00:00-04:00,15.39371122975776
2002-04-30 00:00:00-04:00,15.51162058011514
2002-05-01 00:00:00-04:00,15.655731365673468
2002-05-02 00:00:00-04:00,15.878447056414359
2002-05-03 00:00:00-04:00,16.17977394032053
2002-05-06 00:00:00-04:00,16.900330372544765
2002-05-07 00:00:00-04:00,16.317331381451638
2002-05-08 00:00:00-04:00,16.264925221064466
2002-05-09 00:00:00-04:00,15.865351734802303
2002-05-10 00:00:00-04:00,15.845702278948472
2002-05-13 00:00:00-04:00,15.721231992501446
2002-05-14 00:00:00-04:00,16.17977409590888
2002-05-15 00:00:00-04:00,16.37627928283383
2002-05-16 00:00:00-04:00,16.507301769549496
2002-05-17 00:00:00-04:00,16.808619714851183
2002-05-20 00:00:00-04:00,16.278028047347725
2002-05-21 00:00:00-04:00,16.245273394035515
2002-05-22 00:00:00-04:00,16.048761084916123
2002-05-23 00:00:00-04:00,16.114270215109823
2002-05-24 00:00:00-04:00,16.487648383184933
2002-05-28 00:00:00-04:00,16.474549688139486
2002-05-29 00:00:00-04:00,16.35008571384428
2002-05-30 00:00:00-04:00,16.40903962701362
2002-05-31 00:00:00-04:00,17.52262642084906
2002-06-03 00:00:00-04:00,17.594687368997274
2002-06-04 00:00:00-04:00,17.42436880616602
2002-06-05 00:00:00-04:00,17.39161956818801
2002-06-06 00:00:00-04:00,17.81739844644596
2002-06-07 00:00:00-04:00,17.751891513328605
2002-06-10 00:00:00-04:00,17.6208865098587
2002-06-11 00:00:00-04:00,18.040117158027513
2002-06-12 00:00:00-04:00,17.915657841102302
2002-06-13 00:00:00-04:00,18.079419125472985
2002-06-14 00:00:00-04:00,18.144927005338875
2002-06-17 00:00:00-04:00,17.95495962761124
2002-06-18 00:00:00-04:00,18.013917926629585
2002-06-19 00:00:00-04:00,18.341437241304483
2002-06-20 00:00:00-04:00,18.767227681817936
2002-06-21 00:00:00-04:00,18.58381307403906
2002-06-24 00:00:00-04:00,19.0554459874816
2002-06-25 00:00:00-04:00,18.17768221747776
2002-06-26 00:00:00-04:00,16.900329377441157
2002-06-27 00:00:00-04:00,18.144924625720325
2002-06-28 00:00:00-04:00,17.712591652033908
2002-07-01 00:00:00-04:00,18.223531214690432
2002-07-02 00:00:00-04:00,17.201653079863306
2002-07-03 00:00:00-04:00,16.99858729870358
2002-07-05 00:00:00-04:00,16.76276763912719
2002-07-08 00:00:00-04:00,17.339213562672278
2002-07-09 00:00:00-04:00,17.55538573471958
2002-07-10 00:00:00-04:00,17.293361957313184
2002-07-11 00:00:00-04:00,16.507299693914863
2002-07-12 00:00:00-04:00,16.212527572368337
2002-07-15 00:00:00-04:00,16.343538009725243
2002-07-16 00:00:00-04:00,15.937399592818906
2002-07-17 00:00:00-04:00,16.304235458374023
2002-07-18 00:00:00-04:00,16.304233642570694
2002-07-19 00:00:00-04:00,15.328205715301532
2002-07-22 00:00:00-04:00,15.243050070239374
2002-07-23 00:00:00-04:00,14.34563057706677
2002-07-24 00:00:00-04:00,14.974483118036506
2002-07-25 00:00:00-04:00,15.950501071152251
2002-07-26 00:00:00-04:00,15.84569652869374
2002-07-29 00:00:00-04:00,17.031342923768385
2002-07-30 00:00:00-04:00,17.653635506952273
2002-07-31 00:00:00-04:00,18.22353303912918
2002-08-01 00:00:00-04:00,18.66896155957086
2002-08-02 00:00:00-04:00,18.400400367612384
2002-08-05 00:00:00-04:00,18.636213086272118
2002-08-06 00:00:00-04:00,19.153709597112677
2002-08-07 00:00:00-04:00,18.68207365126643
2002-08-08 00:00:00-04:00,18.013919974574815
2002-08-09 00:00:00-04:00,19.0620011970121
2002-08-12 00:00:00-04:00,19.913564652797252
2002-08-13 00:00:00-04:00,19.55329218219136
2002-08-14 00:00:00-04:00,19.625343860067673
2002-08-15 00:00:00-04:00,19.291270845322284
2002-08-16 00:00:00-04:00,19.65154128511186
2002-08-19 00:00:00-04:00,19.61224783919004
2002-08-20 00:00:00-04:00,19.605691992391026
2002-08-21 00:00:00-04:00,19.468130504337523
2002-08-22 00:00:00-04:00,19.160253385406293
2002-08-23 00:00:00-04:00,19.16025714317321
2002-08-26 00:00:00-04:00,19.022693634033203
2002-08-27 00:00:00-04:00,18.996492739065914
2002-08-28 00:00:00-04:00,18.66896629333496
2002-08-29 00:00:00-04:00,18.668968245704473
2002-08-30 00:00:00-04:00,18.603461567267786
2002-09-03 00:00:00-04:00,18.68862070426377
2002-09-04 00:00:00-04:00,18.82618186664627
2002-09-05 00:00:00-04:00,19.487787433700962
2002-09-06 00:00:00-04:00,19.572940164263716
2002-09-09 00:00:00-04:00,19.52053139777191
2002-09-10 00:00:00-04:00,19.455027237555807
2002-09-11 00:00:00-04:00,19.32401460638187
2002-09-12 00:00:00-04:00,20.20833760077075
2002-09-13 00:00:00-04:00,19.52053881298892
2002-09-16 00:00:00-04:00,20.077334908968712
2002-09-17 00:00:00-04:00,20.725829880733947
2002-09-18 00:00:00-04:00,20.54241540255041
2002-09-19 00:00:00-04:00,20.306600190945076
2002-09-20 00:00:00-04:00,19.979073009790103
2002-09-23 00:00:00-04:00,19.324019006001976
2002-09-24 00:00:00-04:00,19.586041006298185
2002-09-25 00:00:00-04:00,19.651544702250654
2002-09-26 00:00:00-04:00,20.30659936253399
2002-09-27 00:00:00-04:00,20.73237844847972
2002-09-30 00:00:00-04:00,20.601368988652357
2002-10-01 00:00:00-04:00,19.979076079499198
2002-10-02 00:00:00-04:00,20.359001007705398
2002-10-03 00:00:00-04:00,20.319696520318598
2002-10-04 00:00:00-04:00,20.41140326723187
2002-10-07 00:00:00-04:00,18.387289188352483
2002-10-08 00:00:00-04:00,18.07942032209241
2002-10-09 00:00:00-04:00,18.40039616760034
2002-10-10 00:00:00-04:00,17.850151494328593
2002-10-11 00:00:00-04:00,18.57070995903145
2002-10-14 00:00:00-04:00,18.90478106582308
2002-10-15 00:00:00-04:00,18.68206358757897
2002-10-16 00:00:00-04:00,19.07510611313232
2002-10-17 00:00:00-04:00,18.786878069781032
2002-10-18 00:00:00-04:00,19.251961403188297
2002-10-21 00:00:00-04:00,19.48777869976175
2002-10-22 00:00:00-04:00,19.684295952893176
2002-10-23 00:00:00-04:00,18.865480987261364
2002-10-24 00:00:00-04:00,18.93098267387187
2002-10-25 00:00:00-04:00,18.76722247577632
2002-10-28 00:00:00-05:00,19.193007339057086
2002-10-29 00:00:00-05:00,19.65154771537746
2002-10-30 00:00:00-05:00,19.36987469580516
2002-10-31 00:00:00-05:00,19.6515460874913
2002-11-01 00:00:00-05:00,19.382975675580198
2002-11-04 00:00:00-05:00,19.507433658835517
2002-11-05 00:00:00-05:00,19.35677252200605
2002-11-06 00:00:00-05:00,19.808753305894683
2002-11-07 00:00:00-05:00,19.972520883379374
2002-11-08 00:00:00-05:00,19.586047605069773
2002-11-11 00:00:00-05:00,19.533636142419084
2002-11-12 00:00:00-05:00,19.101307344994673
2002-11-13 00:00:00-05:00,19.618793969187262
2002-11-14 00:00:00-05:00,19.74980182730705
2002-11-15 00:00:00-05:00,19.422280897232387
2002-11-18 00:00:00-05:00,19.55328949334256
2002-11-19 00:00:00-05:00,19.422275049730402
2002-11-20 00:00:00-05:00,19.356773258552042
2002-11-21 00:00:00-05:00,19.605691435512863
2002-11-22 00:00:00-05:00,19.32402161433013
2002-11-25 00:00:00-05:00,19.717050552368164
2002-11-26 00:00:00-05:00,19.6187940134249
2002-11-27 00:00:00-05:00,19.618797454283477
2002-11-29 00:00:00-05:00,19.559842355702603
2002-12-02 00:00:00-05:00,19.520532945618307
2002-12-03 00:00:00-05:00,19.127499698682506
2002-12-04 00:00:00-05:00,19.03579722527125
2002-12-05 00:00:00-05:00,19.009592614115757
2002-12-06 00:00:00-05:00,18.65586599656959
2002-12-09 00:00:00-05:00,18.668966090149095
2002-12-10 00:00:00-05:00,18.682072585429978
2002-12-11 00:00:00-05:00,18.767225525459853
2002-12-12 00:00:00-05:00,18.898237282424287
2002-12-13 00:00:00-05:00,18.93098806330442
2002-12-16 00:00:00-05:00,18.924439680770902
2002-12-17 00:00:00-05:00,18.86547942971866
2002-12-18 00:00:00-05:00,18.603462855692896
2002-12-19 00:00:00-05:00,18.426601137922017
2002-12-20 00:00:00-05:00,17.03133459458658
2002-12-23 00:00:00-05:00,17.817404991410598
2002-12-24 00:00:00-05:00,17.751893199757735
2002-12-26 00:00:00-05:00,17.823955308460075
2002-12-27 00:00:00-05:00,18.341441683536065
2002-12-30 00:00:00-05:00,18.2759411408185
2002-12-31 00:00:00-05:00,18.27593994140625
2003-01-02 00:00:00-05:00,18.37419032879568
2003-01-03 00:00:00-05:00,18.891683371354866
2003-01-06 00:00:00-05:00,18.524853865303758
2003-01-07 00:00:00-05:00,18.898236043480107
2003-01-08 00:00:00-05:00,18.86548841694161
2003-01-09 00:00:00-05:00,18.27594029446845
2003-01-10 00:00:00-05:00,18.17112575317746
2003-01-13 00:00:00-05:00,18.275942083440516
2003-01-14 00:00:00-05:00,16.867574203137544
2003-01-15 00:00:00-05:00,16.703810169968268
2003-01-16 00:00:00-05:00,16.212527753174104
2003-01-17 00:00:00-05:00,16.38939165446769
2003-01-21 00:00:00-05:00,15.721237416087579
2003-01-22 00:00:00-05:00,15.557473563781402
2003-01-23 00:00:00-05:00,15.42646083437089
2003-01-24 00:00:00-05:00,15.603325750313028
2003-01-27 00:00:00-05:00,14.863122023836091
2003-01-28 00:00:00-05:00,15.505069816320038
2003-01-29 00:00:00-05:00,15.393714219432832
2003-01-30 00:00:00-05:00,15.524723878339156
2003-01-31 00:00:00-05:00,16.035663640614747
2003-02-03 00:00:00-05:00,16.022562992474846
2003-02-04 00:00:00-05:00,16.49419339020654
2003-02-05 00:00:00-05:00,16.769318080591734
2003-02-06 00:00:00-05:00,16.95273123511965
2003-02-07 00:00:00-05:00,17.044442036710457
2003-02-10 00:00:00-05:00,16.972379038759907
2003-02-11 00:00:00-05:00,16.376288982380707
2003-02-12 00:00:00-05:00,16.140466884851016
2003-02-13 00:00:00-05:00,16.24528042988778
2003-02-14 00:00:00-05:00,16.41559376257604
2003-02-18 00:00:00-05:00,16.48764575091952
2003-02-19 00:00:00-05:00,16.80862267212761
2003-02-20 00:00:00-05:00,16.769316488907656
2003-02-21 00:00:00-05:00,17.260609349479047
2003-02-24 00:00:00-05:00,17.195102474336544
2003-02-25 00:00:00-05:00,17.037884552930084
2003-02-26 00:00:00-05:00,17.201655818934352
2003-02-27 00:00:00-05:00,17.1230451206847
2003-02-28 00:00:00-05:00,17.227854735827922
2003-03-03 00:00:00-05:00,17.457120807898963
2003-03-04 00:00:00-05:00,17.19510333834498
2003-03-05 00:00:00-05:00,17.136144518984903
2003-03-06 00:00:00-05:00,16.900325787885112
2003-03-07 00:00:00-05:00,16.46799533935108
2003-03-10 00:00:00-05:00,16.605554784268215
2003-03-11 00:00:00-05:00,16.72347099578775
2003-03-12 00:00:00-05:00,16.540051950079235
2003-03-13 00:00:00-05:00,16.900326343289812
2003-03-14 00:00:00-05:00,17.057543088981028
2003-03-17 00:00:00-05:00,16.80862309187899
2003-03-18 00:00:00-05:00,17.614336612748687
2003-03-19 00:00:00-05:00,17.424371944402107
2003-03-20 00:00:00-05:00,16.998587162888995
2003-03-21 00:00:00-05:00,17.03133502884899
2003-03-24 00:00:00-05:00,17.083744658614357
2003-03-25 00:00:00-05:00,16.795524969716823
2003-03-26 00:00:00-05:00,16.76931835324008
2003-03-27 00:00:00-05:00,16.736564789344023
2003-03-28 00:00:00-05:00,16.50729928476499
2003-03-31 00:00:00-05:00,16.520398463250956
2003-04-01 00:00:00-05:00,16.625209483719523
2003-04-02 00:00:00-05:00,16.808622487313123
2003-04-03 00:00:00-05:00,17.116498089075826
2003-04-04 00:00:00-05:00,17.175442666681676
2003-04-07 00:00:00-04:00,17.221303638521007
2003-04-08 00:00:00-04:00,17.319563092777855
2003-04-09 00:00:00-04:00,17.260602520684543
2003-04-10 00:00:00-04:00,16.9199818263995
2003-04-11 00:00:00-04:00,17.404722815805023
2003-04-14 00:00:00-04:00,17.29990838444361
2003-04-15 00:00:00-04:00,17.60123461111821
2003-04-16 00:00:00-04:00,17.738797174321117
2003-04-17 00:00:00-04:00,17.489873639648795
2003-04-21 00:00:00-04:00,17.771545215163016
2003-04-22 00:00:00-04:00,18.066317703657464
2003-04-23 00:00:00-04:00,18.341442108154297
2003-04-24 00:00:00-04:00,18.34798885867367
2003-04-25 00:00:00-04:00,18.34144042899971
2003-04-28 00:00:00-04:00,18.413496655841872
2003-04-29 00:00:00-04:00,18.570709783401707
2003-04-30 00:00:00-04:00,18.682062483145803
2003-05-01 00:00:00-04:00,18.839280076851864
2003-05-02 00:00:00-04:00,18.92444434033548
2003-05-05 00:00:00-04:00,19.193008422851562
2003-05-06 00:00:00-04:00,19.25851341220264
2003-05-07 00:00:00-04:00,18.983391499760977
2003-05-08 00:00:00-04:00,18.668972628909533
2003-05-09 00:00:00-04:00,18.400395992872006
2003-05-12 00:00:00-04:00,18.406942156021568
2003-05-13 00:00:00-04:00,18.354540773733966
2003-05-14 00:00:00-04:00,18.40695123035049
2003-05-15 00:00:00-04:00,18.354541775902774
2003-05-16 00:00:00-04:00,18.668967499001138
2003-05-19 00:00:00-04:00,18.708269240524587
2003-05-20 00:00:00-04:00,18.668969596015707
2003-05-21 00:00:00-04:00,19.324018309189977
2003-05-22 00:00:00-04:00,19.985620120812772
2003-05-23 00:00:00-04:00,20.2607439170142
2003-05-27 00:00:00-04:00,20.30659824186901
2003-05-28 00:00:00-04:00,20.634123493703452
2003-05-29 00:00:00-04:00,20.326247888588107
2003-05-30 00:00:00-04:00,20.476911651195227
2003-06-02 00:00:00-04:00,20.863392295671378
2003-06-03 00:00:00-04:00,20.52276570194198
2003-06-04 00:00:00-04:00,20.732378971441523
2003-06-05 00:00:00-04:00,20.935446772277825
2003-06-06 00:00:00-04:00,20.89614187650685
2003-06-09 00:00:00-04:00,20.73238171370138
2003-06-10 00:00:00-04:00,20.60137125752922
2003-06-11 00:00:00-04:00,20.621025419861034
2003-06-12 00:00:00-04:00,19.979070981015965
2003-06-13 00:00:00-04:00,20.306596648271064
2003-06-16 00:00:00-04:00,20.411407083426987
2003-06-17 00:00:00-04:00,20.804436190177157
2003-06-18 00:00:00-04:00,20.607922457916075
2003-06-19 00:00:00-04:00,20.542415734884063
2003-06-20 00:00:00-04:00,20.36555034292926
2003-06-23 00:00:00-04:00,20.378654672701767
2003-06-24 00:00:00-04:00,20.365549255584003
2003-06-25 00:00:00-04:00,20.607916461041647
2003-06-26 00:00:00-04:00,20.797887428375578
2003-06-27 00:00:00-04:00,20.699624981241634
2003-06-30 00:00:00-04:00,20.60137224848548
2003-07-01 00:00:00-04:00,20.63412826330358
2003-07-02 00:00:00-04:00,20.765129049752346
2003-07-03 00:00:00-04:00,20.666878038566544
2003-07-07 00:00:00-04:00,20.575165684128383
2003-07-08 00:00:00-04:00,20.9616483849393
2003-07-09 00:00:00-04:00,21.6625555575383
2003-07-10 00:00:00-04:00,21.656000173522223
2003-07-11 00:00:00-04:00,21.452937462411956
2003-07-14 00:00:00-04:00,22.17349146963468
2003-07-15 00:00:00-04:00,21.891826066683656
2003-07-16 00:00:00-04:00,21.800114925930767
2003-07-17 00:00:00-04:00,21.813221657647514
2003-07-18 00:00:00-04:00,21.898369613701718
2003-07-21 00:00:00-04:00,22.160392676429616
2003-07-22 00:00:00-04:00,22.173491223686217
2003-07-23 00:00:00-04:00,21.976976740105194
2003-07-24 00:00:00-04:00,22.370011437337922
2003-07-25 00:00:00-04:00,22.448614222460453
2003-07-28 00:00:00-04:00,22.690986858396702
2003-07-29 00:00:00-04:00,22.33725530584152
2003-07-30 00:00:00-04:00,22.43551517192953
2003-07-31 00:00:00-04:00,22.5992748297778
2003-08-01 00:00:00-04:00,22.50102051103098
2003-08-04 00:00:00-04:00,22.501017947780248
2003-08-05 00:00:00-04:00,22.435509521505445
2003-08-06 00:00:00-04:00,22.29795079379099
2003-08-07 00:00:00-04:00,22.180047615649187
2003-08-08 00:00:00-04:00,22.173491980724528
2003-08-11 00:00:00-04:00,22.238999006661658
2003-08-12 00:00:00-04:00,21.865612774300043
2003-08-13 00:00:00-04:00,21.78046250538965
2003-08-14 00:00:00-04:00,21.88527361463352
2003-08-15 00:00:00-04:00,21.97697940772908
2003-08-18 00:00:00-04:00,22.37000568353935
2003-08-19 00:00:00-04:00,22.68443719010268
2003-08-20 00:00:00-04:00,22.821993702605422
2003-08-21 00:00:00-04:00,22.579629156199143
2003-08-22 00:00:00-04:00,23.221579552920662
2003-08-25 00:00:00-04:00,22.828548682561372
2003-08-26 00:00:00-04:00,23.090563195120406
2003-08-27 00:00:00-04:00,23.162621191999257
2003-08-28 00:00:00-04:00,23.522903494939534
2003-08-29 00:00:00-04:00,23.811122659947085
2003-09-02 00:00:00-04:00,24.223802022440236
2003-09-03 00:00:00-04:00,24.833003425840765
2003-09-04 00:00:00-04:00,24.905061904549996
2003-09-05 00:00:00-04:00,24.69544374940253
2003-09-08 00:00:00-04:00,24.459627171695306
2003-09-09 00:00:00-04:00,24.656139508520145
2003-09-10 00:00:00-04:00,24.49892700208555
2003-09-11 00:00:00-04:00,24.33516669201355
2003-09-12 00:00:00-04:00,24.138645685719275
2003-09-15 00:00:00-04:00,24.643038695338255
2003-09-16 00:00:00-04:00,24.53167601983509
2003-09-17 00:00:00-04:00,24.597184410482875
2003-09-18 00:00:00-04:00,24.564428493784497
2003-09-19 00:00:00-04:00,24.924711247229443
2003-09-22 00:00:00-04:00,25.05571990457646
2003-09-23 00:00:00-04:00,24.728192952056972
2003-09-24 00:00:00-04:00,24.551329118398968
2003-09-25 00:00:00-04:00,24.073145610874526
2003-09-26 00:00:00-04:00,23.84387349891888
2003-09-29 00:00:00-04:00,23.883180093110234
2003-09-30 00:00:00-04:00,23.870076396726358
2003-10-01 00:00:00-04:00,24.17139758997368
2003-10-02 00:00:00-04:00,24.59718462976457
2003-10-03 00:00:00-04:00,24.734744873476032
2003-10-06 00:00:00-04:00,24.72819303168048
2003-10-07 00:00:00-04:00,24.597183427687035
2003-10-08 00:00:00-04:00,24.6626920461721
2003-10-09 00:00:00-04:00,24.335170379878928
2003-10-10 00:00:00-04:00,24.230357780331147
2003-10-13 00:00:00-04:00,24.20415451610052
2003-10-14 00:00:00-04:00,24.367911288732735
2003-10-15 00:00:00-04:00,24.36791490188938
2003-10-16 00:00:00-04:00,24.302408694998977
2003-10-17 00:00:00-04:00,24.236908176481816
2003-10-20 00:00:00-04:00,23.909376963721105
2003-10-21 00:00:00-04:00,24.13865055106179
2003-10-22 00:00:00-04:00,23.811122167560708
2003-10-23 00:00:00-04:00,23.58185681394409
2003-10-24 00:00:00-04:00,23.45084563204975
2003-10-27 00:00:00-05:00,23.68665923528214
2003-10-28 00:00:00-05:00,23.942133582646473
2003-10-29 00:00:00-05:00,23.850424537114773
2003-10-30 00:00:00-05:00,23.974885368516723
2003-10-31 00:00:00-05:00,23.94213748384339
2003-11-03 00:00:00-05:00,24.10589655398051
2003-11-04 00:00:00-05:00,24.531680577963346
2003-11-05 00:00:00-05:00,24.9574625087878
2003-11-06 00:00:00-05:00,25.022966211618225
2003-11-07 00:00:00-05:00,25.12122730184554
2003-11-10 00:00:00-05:00,25.11467657373616
2003-11-11 00:00:00-05:00,25.022965823070425
2003-11-12 00:00:00-05:00,24.073142411583724
2003-11-13 00:00:00-05:00,23.974884805781105
2003-11-14 00:00:00-05:00,24.04039121869299
2003-11-17 00:00:00-05:00,23.909380770085953
2003-11-18 00:00:00-05:00,23.811124816175248
2003-11-19 00:00:00-05:00,23.94212987993571
2003-11-20 00:00:00-05:00,24.289313632116052
2003-11-21 00:00:00-05:00,24.367914374402996
2003-11-24 00:00:00-05:00,24.236910295571516
2003-11-25 00:00:00-05:00,24.629934589598165
2003-11-26 00:00:00-05:00,24.81990395371166
2003-11-28 00:00:00-05:00,24.826450195203698
2003-12-01 00:00:00-05:00,25.18673256106345
2003-12-02 00:00:00-05:00,25.311190788250645
2003-12-03 00:00:00-05:00,25.284990451518023
2003-12-04 00:00:00-05:00,24.564431049635953
2003-12-05 00:00:00-05:00,24.84610465437028
2003-12-08 00:00:00-05:00,24.76095031806364
2003-12-09 00:00:00-05:00,24.95746555065935
2003-12-10 00:00:00-05:00,24.760944295453854
2003-12-11 00:00:00-05:00,24.73474065772124
2003-12-12 00:00:00-05:00,24.793698989209574
2003-12-15 00:00:00-05:00,25.02296633061506
2003-12-16 00:00:00-05:00,24.544780204850483
2003-12-17 00:00:00-05:00,24.498924708704248
2003-12-18 00:00:00-05:00,24.498930102840554
2003-12-19 00:00:00-05:00,24.859202401385218
2003-12-22 00:00:00-05:00,24.551332255734795
2003-12-23 00:00:00-05:00,24.367916194963122
2003-12-24 00:00:00-05:00,24.498934863636016
2003-12-26 00:00:00-05:00,24.570982571842233
2003-12-29 00:00:00-05:00,24.728192021869585
2003-12-30 00:00:00-05:00,24.780599396625508
2003-12-31 00:00:00-05:00,24.597185508716723
2004-01-02 00:00:00-05:00,24.531679147976767
2004-01-05 00:00:00-05:00,24.197598105072636
2004-01-06 00:00:00-05:00,24.498926883911395
2004-01-07 00:00:00-05:00,24.531682530018927
2004-01-08 00:00:00-05:00,24.33516850061718
2004-01-09 00:00:00-05:00,24.322063759712297
2004-01-12 00:00:00-05:00,24.518579771301493
2004-01-13 00:00:00-05:00,24.36136317906104
2004-01-14 00:00:00-05:00,24.891955705531494
2004-01-15 00:00:00-05:00,25.06882073428124
2004-01-16 00:00:00-05:00,24.564429557130925
2004-01-20 00:00:00-05:00,24.531680356766383
2004-01-21 00:00:00-05:00,24.53167836745808
2004-01-22 00:00:00-05:00,25.16707684949533
2004-01-23 00:00:00-05:00,24.793707126647824
2004-01-26 00:00:00-05:00,27.669372797483614
2004-01-27 00:00:00-05:00,27.93795032695978
2004-01-28 00:00:00-05:00,27.937946574228913
2004-01-29 00:00:00-05:00,27.754542375190553
2004-01-30 00:00:00-05:00,27.151887258142988
2004-02-02 00:00:00-05:00,27.413903461009077
2004-02-03 00:00:00-05:00,27.413901121785592
2004-02-04 00:00:00-05:00,27.90519358667865
2004-02-05 00:00:00-05:00,27.93795132627885
2004-02-06 00:00:00-05:00,27.839686974085737
2004-02-09 00:00:00-05:00,28.04929759104936
2004-02-10 00:00:00-05:00,28.068964005401458
2004-02-11 00:00:00-05:00,28.10170977242649
2004-02-12 00:00:00-05:00,28.986023287083086
2004-02-13 00:00:00-05:00,29.411809969527084
2004-02-17 00:00:00-05:00,29.444565124490556
2004-02-18 00:00:00-05:00,29.47731936891085
2004-02-19 00:00:00-05:00,29.41181755065918
2004-02-20 00:00:00-05:00,29.346313856117966
2004-02-23 00:00:00-05:00,29.870351911682643
2004-02-24 00:00:00-05:00,29.7917475105702
2004-02-25 00:00:00-05:00,30.132368738342077
2004-02-26 00:00:00-05:00,30.060312776016158
2004-02-27 00:00:00-05:00,30.53849722745574
2004-03-01 00:00:00-05:00,30.571253570176353
2004-03-02 00:00:00-05:00,30.689159684259067
2004-03-03 00:00:00-05:00,30.197885039550673
2004-03-04 00:00:00-05:00,30.374751270266813
2004-03-05 00:00:00-05:00,30.427147902799245
2004-03-08 00:00:00-05:00,31.311462127897837
2004-03-09 00:00:00-05:00,30.669510636504757
2004-03-10 00:00:00-05:00,30.32888407392985
2004-03-11 00:00:00-05:00,29.77208995775084
2004-03-12 00:00:00-05:00,29.555923861293962
2004-03-15 00:00:00-05:00,29.60832543061469
2004-03-16 00:00:00-05:00,29.31356033453995
2004-03-17 00:00:00-05:00,29.293902094981245
2004-03-18 00:00:00-05:00,29.50352661473595
2004-03-19 00:00:00-05:00,29.248049071826323
2004-03-22 00:00:00-05:00,29.542814804553437
2004-03-23 00:00:00-05:00,29.30044937133789
2004-03-24 00:00:00-05:00,29.103940996254174
2004-03-25 00:00:00-05:00,28.953269654971443
2004-03-26 00:00:00-05:00,29.90310153128016
2004-03-29 00:00:00-05:00,29.41181022225334
2004-03-30 00:00:00-05:00,29.706582721891035
2004-03-31 00:00:00-05:00,30.4598916783913
2004-04-01 00:00:00-05:00,30.649858322133426
2004-04-02 00:00:00-05:00,30.689168326950576
2004-04-05 00:00:00-04:00,30.72190903091159
2004-04-06 00:00:00-04:00,30.52540396301938
2004-04-07 00:00:00-04:00,30.335430484308105
2004-04-08 00:00:00-04:00,30.328889846801758
2004-04-12 00:00:00-04:00,30.32888407392985
2004-04-13 00:00:00-04:00,30.427144594880843
2004-04-14 00:00:00-04:00,29.844157790127735
2004-04-15 00:00:00-04:00,30.001372005074206
2004-04-16 00:00:00-04:00,30.492645725492647
2004-04-19 00:00:00-04:00,31.5079693661357
2004-04-20 00:00:00-04:00,31.03633841913529
2004-04-21 00:00:00-04:00,30.132376359199267
2004-04-22 00:00:00-04:00,30.328888916473367
2004-04-23 00:00:00-04:00,30.78741747200347
2004-04-26 00:00:00-04:00,30.88568196815227
2004-04-27 00:00:00-04:00,30.81361760594367
2004-04-28 00:00:00-04:00,30.52539596519948
2004-04-29 00:00:00-04:00,27.466308415352266
2004-04-30 00:00:00-04:00,27.793834609811682
2004-05-03 00:00:00-04:00,28.23271956621001
2004-05-04 00:00:00-04:00,28.855019137157242
2004-05-05 00:00:00-04:00,29.01878045540998
2004-05-06 00:00:00-04:00,28.855018135162034
2004-05-07 00:00:00-04:00,28.442335886753213
2004-05-10 00:00:00-04:00,28.00345322280594
2004-05-11 00:00:00-04:00,27.90519269889241
2004-05-12 00:00:00-04:00,28.199967220000666
2004-05-13 00:00:00-04:00,27.89864724508289
2004-05-14 00:00:00-04:00,28.199964607711113
2004-05-17 00:00:00-04:00,28.4619893487392
2004-05-18 00:00:00-04:00,28.632307611186402
2004-05-19 00:00:00-04:00,28.7567665657109
2004-05-20 00:00:00-04:00,28.796065428053062
2004-05-21 00:00:00-04:00,28.298227865948867
2004-05-24 00:00:00-04:00,28.29822148501366
2004-05-25 00:00:00-04:00,28.17376369399712
2004-05-26 00:00:00-04:00,28.494745085001078
2004-05-27 00:00:00-04:00,29.162894470365263
2004-05-28 00:00:00-04:00,29.477317161830854
2004-06-01 00:00:00-04:00,29.673834442644313
2004-06-02 00:00:00-04:00,29.739347424273486
2004-06-03 00:00:00-04:00,29.60832498456659
2004-06-04 00:00:00-04:00,29.464215331325043
2004-06-07 00:00:00-04:00,29.411807759485097
2004-06-08 00:00:00-04:00,29.444565124490556
2004-06-09 00:00:00-04:00,29.41180996494292
2004-06-10 00:00:00-04:00,29.025335976422735
2004-06-14 00:00:00-04:00,28.953271115201375
2004-06-15 00:00:00-04:00,28.93362344887909
2004-06-16 00:00:00-04:00,29.136686195442547
2004-06-17 00:00:00-04:00,29.149790344079182
2004-06-18 00:00:00-04:00,29.4445696428807
2004-06-21 00:00:00-04:00,29.379064395865115
2004-06-22 00:00:00-04:00,29.43146519281878
2004-06-23 00:00:00-04:00,29.477321878577147
2004-06-24 00:00:00-04:00,29.804842203191402
2004-06-25 00:00:00-04:00,29.706584183125525
2004-06-28 00:00:00-04:00,29.54282012149456
2004-06-29 00:00:00-04:00,29.464216429125752
2004-06-30 00:00:00-04:00,29.55592602916772
2004-07-01 00:00:00-04:00,29.43146690470218
2004-07-02 00:00:00-04:00,29.424904857214496
2004-07-06 00:00:00-04:00,29.005687375298578
2004-07-07 00:00:00-04:00,29.117037220958537
2004-07-08 00:00:00-04:00,29.182546358114244
2004-07-09 00:00:00-04:00,28.65851270384465
2004-07-12 00:00:00-04:00,29.051538081885585
2004-07-13 00:00:00-04:00,29.149791457825057
2004-07-14 00:00:00-04:00,29.13013995714876
2004-07-15 00:00:00-04:00,29.149791388324694
2004-07-16 00:00:00-04:00,29.41835517633372
2004-07-19 00:00:00-04:00,29.215293699032152
2004-07-20 00:00:00-04:00,29.379060984978455
2004-07-21 00:00:00-04:00,29.47077026965791
2004-07-22 00:00:00-04:00,29.10394859313965
2004-07-23 00:00:00-04:00,29.005675311233894
2004-07-26 00:00:00-04:00,28.986033752358754
2004-07-27 00:00:00-04:00,28.82226978469832
2004-07-28 00:00:00-04:00,28.579901155756446
2004-07-29 00:00:00-04:00,25.756623046450933
2004-07-30 00:00:00-04:00,25.06226689062199
2004-08-02 00:00:00-04:00,24.89195777525629
2004-08-03 00:00:00-04:00,25.022966357478083
2004-08-04 00:00:00-04:00,24.950913428671374
2004-08-05 00:00:00-04:00,24.99022026753548
2004-08-06 00:00:00-04:00,24.72819303168048
2004-08-09 00:00:00-04:00,24.597186639657444
2004-08-10 00:00:00-04:00,24.695440983914292
2004-08-11 00:00:00-04:00,25.088476335809702
2004-08-12 00:00:00-04:00,25.619067568981293
2004-08-13 00:00:00-04:00,25.625615594870123
2004-08-16 00:00:00-04:00,25.67801609574043
2004-08-17 00:00:00-04:00,25.77627573972164
2004-08-18 00:00:00-04:00,26.01864666718272
2004-08-19 00:00:00-04:00,26.699899723612564
2004-08-20 00:00:00-04:00,26.195511286151767
2004-08-23 00:00:00-04:00,26.79160524350958
2004-08-24 00:00:00-04:00,26.896412472850987
2004-08-25 00:00:00-04:00,26.955368318224952
2004-08-26 00:00:00-04:00,26.90951437500203
2004-08-27 00:00:00-04:00,26.824363905360602
2004-08-30 00:00:00-04:00,27.184636062200227
2004-08-31 00:00:00-04:00,26.955369122086797
2004-09-01 00:00:00-04:00,27.02087452596762
2004-09-02 00:00:00-04:00,27.184637455153737
2004-09-03 00:00:00-04:00,27.57766703700135
2004-09-07 00:00:00-04:00,27.53181512250949
2004-09-08 00:00:00-04:00,27.70868096723511
2004-09-09 00:00:00-04:00,27.931398818962357
2004-09-10 00:00:00-04:00,28.154113594073944
2004-09-13 00:00:00-04:00,28.141014088686905
2004-09-14 00:00:00-04:00,28.461986744910753
2004-09-15 00:00:00-04:00,28.481637248681874
2004-09-16 00:00:00-04:00,28.442334631808933
2004-09-17 00:00:00-04:00,28.494739034891793
2004-09-20 00:00:00-04:00,28.560245011712823
2004-09-21 00:00:00-04:00,28.494739436672443
2004-09-22 00:00:00-04:00,28.5209423866053
2004-09-23 00:00:00-04:00,28.52749206934664
2004-09-24 00:00:00-04:00,28.691255767610894
2004-09-27 00:00:00-04:00,29.477316908541717
2004-09-28 00:00:00-04:00,29.464215925119078
2004-09-29 00:00:00-04:00,29.510069389593934
2004-09-30 00:00:00-04:00,29.922753680094672
2004-10-01 00:00:00-04:00,30.263373118194973
2004-10-04 00:00:00-04:00,30.263383714323094
2004-10-05 00:00:00-04:00,30.381287261232295
2004-10-06 00:00:00-04:00,29.732785172668383
2004-10-07 00:00:00-04:00,30.184768969802487
2004-10-08 00:00:00-04:00,29.916200126237168
2004-10-11 00:00:00-04:00,30.09961709237842
2004-10-12 00:00:00-04:00,30.02755565379175
2004-10-13 00:00:00-04:00,29.93585271343941
2004-10-14 00:00:00-04:00,29.54937353018412
2004-10-15 00:00:00-04:00,29.477316271272063
2004-10-18 00:00:00-04:00,29.903101007503587
2004-10-19 00:00:00-04:00,30.328881656309953
2004-10-20 00:00:00-04:00,30.099625848934146
2004-10-21 00:00:00-04:00,30.001359485604617
2004-10-22 00:00:00-04:00,29.903104242851207
2004-10-25 00:00:00-04:00,29.51006163802694
2004-10-26 00:00:00-04:00,29.903104951355502
2004-10-27 00:00:00-04:00,29.765540327966132
2004-10-28 00:00:00-04:00,30.184777844517637
2004-10-29 00:00:00-04:00,30.623654503436864
2004-11-01 00:00:00-05:00,30.230628229268863
2004-11-02 00:00:00-05:00,30.54504952325037
2004-11-03 00:00:00-05:00,30.525399617910274
2004-11-04 00:00:00-05:00,29.084286333488084
2004-11-05 00:00:00-05:00,29.477313224362142
2004-11-08 00:00:00-05:00,29.673838933369865
2004-11-09 00:00:00-05:00,29.870358741226532
2004-11-10 00:00:00-05:00,29.922760233864263
2004-11-11 00:00:00-05:00,29.935851801466292
2004-11-12 00:00:00-05:00,29.903104026651995
2004-11-15 00:00:00-05:00,30.26338169557921
2004-11-16 00:00:00-05:00,30.034114672267435
2004-11-17 00:00:00-05:00,30.459892781620596
2004-11-18 00:00:00-05:00,30.459904428903304
2004-11-19 00:00:00-05:00,30.427145264417867
2004-11-22 00:00:00-05:00,30.361639179385257
2004-11-23 00:00:00-05:00,30.695713945304878
2004-11-24 00:00:00-05:00,30.86602421935152
2004-11-26 00:00:00-05:00,30.885676637705448
2004-11-29 00:00:00-05:00,30.983941568626946
2004-11-30 00:00:00-05:00,30.721918572716
2004-12-01 00:00:00-05:00,30.728461001488864
2004-12-02 00:00:00-05:00,31.540738790932522
2004-12-03 00:00:00-05:00,31.959962108015105
2004-12-06 00:00:00-05:00,32.09752148288925
2004-12-07 00:00:00-05:00,31.769998833686007
2004-12-08 00:00:00-05:00,31.914111231434582
2004-12-09 00:00:00-05:00,32.03201455718222
2004-12-10 00:00:00-05:00,32.0975272963802
2004-12-13 00:00:00-05:00,31.933746082151465
2004-12-14 00:00:00-05:00,31.56693559156686
2004-12-15 00:00:00-05:00,31.887910409372058
2004-12-16 00:00:00-05:00,32.05166947377213
2004-12-17 00:00:00-05:00,31.99926253973759
2004-12-20 00:00:00-05:00,32.35299766990123
2004-12-21 00:00:00-05:00,32.601912205766936
2004-12-22 00:00:00-05:00,32.55605933100999
2004-12-23 00:00:00-05:00,32.73947641719109
2004-12-27 00:00:00-05:00,32.706723591427284
2004-12-28 00:00:00-05:00,32.22853137856416
2004-12-29 00:00:00-05:00,32.425046859982004
2004-12-30 00:00:00-05:00,32.09752351799828
2004-12-31 00:00:00-05:00,32.28748570232919
2005-01-03 00:00:00-05:00,32.29404083287176
2005-01-04 00:00:00-05:00,31.737255096435547
2005-01-05 00:00:00-05:00,31.730689585321038
2005-01-06 00:00:00-05:00,31.58658817060907
2005-01-07 00:00:00-05:00,31.763440544520318
2005-01-10 00:00:00-05:00,31.704502314807204
2005-01-11 00:00:00-05:00,31.90100244788426
2005-01-12 00:00:00-05:00,31.999270745062052
2005-01-13 00:00:00-05:00,32.27438394058532
2005-01-14 00:00:00-05:00,32.097523873122064
2005-01-18 00:00:00-05:00,32.28093577760952
2005-01-19 00:00:00-05:00,31.999265717948234
2005-01-20 00:00:00-05:00,31.979624476314637
2005-01-21 00:00:00-05:00,31.80275038154587
2005-01-24 00:00:00-05:00,31.783098374268434
2005-01-25 00:00:00-05:00,32.14337601635242
2005-01-26 00:00:00-05:00,36.132641297209275
2005-01-27 00:00:00-05:00,35.07800791216687
2005-01-28 00:00:00-05:00,34.8487381704409
2005-01-31 00:00:00-05:00,34.71773045576634
2005-02-01 00:00:00-05:00,37.08246266145163
2005-02-02 00:00:00-05:00,38.13054780218628
2005-02-03 00:00:00-05:00,39.30309308689996
2005-02-04 00:00:00-05:00,38.63493307007584
2005-02-07 00:00:00-05:00,39.10657003489765
2005-02-08 00:00:00-05:00,39.06071795861088
2005-02-09 00:00:00-05:00,39.447206794917264
2005-02-10 00:00:00-05:00,38.648040771484375
2005-02-11 00:00:00-05:00,38.64804825045358
2005-02-14 00:00:00-05:00,38.64804124848585
2005-02-15 00:00:00-05:00,39.42755719454754
2005-02-16 00:00:00-05:00,39.74852873592033
2005-02-17 00:00:00-05:00,39.46685311369921
2005-02-18 00:00:00-05:00,39.041075763013474
2005-02-22 00:00:00-05:00,38.9100533972362
2005-02-23 00:00:00-05:00,38.3336047000583
2005-02-24 00:00:00-05:00,38.38601568826306
2005-02-25 00:00:00-05:00,38.235359106475734
2005-02-28 00:00:00-05:00,39.3030918985679
2005-03-01 00:00:00-05:00,39.106571332868064
2005-03-02 00:00:00-05:00,38.667688959417994
2005-03-03 00:00:00-05:00,39.106579668316066
2005-03-04 00:00:00-05:00,39.53236556210298
2005-03-07 00:00:00-05:00,39.8598893714111
2005-03-08 00:00:00-05:00,39.656819837227886
2005-03-09 00:00:00-05:00,39.23758567556784
2005-03-10 00:00:00-05:00,39.07381814880311
2005-03-11 00:00:00-05:00,38.74629920355972
2005-03-14 00:00:00-05:00,38.79870398048097
2005-03-15 00:00:00-05:00,39.30309205701081
2005-03-16 00:00:00-05:00,39.17207818726245
2005-03-17 00:00:00-05:00,39.07381981537597
2005-03-18 00:00:00-05:00,38.779048706397866
2005-03-21 00:00:00-05:00,38.18950221232573
2005-03-22 00:00:00-05:00,38.32051323091161
2005-03-23 00:00:00-05:00,38.124000735853116
2005-03-24 00:00:00-05:00,38.35981445488955
2005-03-28 00:00:00-05:00,38.18951318077148
2005-03-29 00:00:00-05:00,38.09124503632117
2005-03-30 00:00:00-05:00,38.21570414958032
2005-03-31 00:00:00-05:00,38.517031771906225
2005-04-01 00:00:00-05:00,39.11312317813538
2005-04-04 00:00:00-04:00,38.497371597137914
2005-04-05 00:00:00-04:00,38.648038681605506
2005-04-06 00:00:00-04:00,39.04762588227141
2005-04-07 00:00:00-04:00,39.51925442822197
2005-04-08 00:00:00-04:00,39.40134055260454
2005-04-11 00:00:00-04:00,39.27688683532767
2005-04-12 00:00:00-04:00,39.519259500690204
2005-04-13 00:00:00-04:00,39.964694395786196
2005-04-14 00:00:00-04:00,39.17864100748321
2005-04-15 00:00:00-04:00,39.45374997626013
2005-04-18 00:00:00-04:00,38.18949538592726
2005-04-19 00:00:00-04:00,37.894730054577586
2005-04-20 00:00:00-04:00,39.0345240071924
2005-04-21 00:00:00-04:00,38.65459455218028
2005-04-22 00:00:00-04:00,39.09348147382984
2005-04-25 00:00:00-04:00,38.81180106345142
2005-04-26 00:00:00-04:00,39.237589818583885
2005-04-27 00:00:00-04:00,38.68080358880005
2005-04-28 00:00:00-04:00,38.30741905497817
2005-04-29 00:00:00-04:00,37.52134254787148
2005-05-02 00:00:00-04:00,37.31827950762912
2005-05-03 00:00:00-04:00,37.134869238145264
2005-05-04 00:00:00-04:00,37.61961080451027
2005-05-05 00:00:00-04:00,38.03229479147708
2005-05-06 00:00:00-04:00,38.32051537224347
2005-05-09 00:00:00-04:00,38.47117549178512
2005-05-10 00:00:00-04:00,38.386023467217505
2005-05-11 00:00:00-04:00,38.07814251664915
2005-05-12 00:00:00-04:00,38.444965161880965
2005-05-13 00:00:00-04:00,38.12400384864335
2005-05-16 00:00:00-04:00,38.28775818476343
2005-05-17 00:00:00-04:00,38.549783132515444
2005-05-18 00:00:00-04:00,38.97555888608531
2005-05-19 00:00:00-04:00,39.95814173513794
2005-05-20 00:00:00-04:00,39.78127380165879
2005-05-23 00:00:00-04:00,40.03674158119394
2005-05-24 00:00:00-04:00,40.482183231573586
2005-05-25 00:00:00-04:00,40.71145116903738
2005-05-26 00:00:00-04:00,40.81625353072281
2005-05-27 00:00:00-04:00,41.07172481926185
2005-05-31 00:00:00-04:00,40.809711222849074
2005-06-01 00:00:00-04:00,41.189640469825925
2005-06-02 00:00:00-04:00,41.969149580068915
2005-06-03 00:00:00-04:00,41.988806460997196
2005-06-06 00:00:00-04:00,41.69402784749268
2005-06-07 00:00:00-04:00,41.71369240410741
2005-06-08 00:00:00-04:00,41.46476932570854
2005-06-09 00:00:00-04:00,41.333765683504765
2005-06-10 00:00:00-04:00,41.16344184880427
2005-06-13 00:00:00-04:00,41.47786164461718
2005-06-14 00:00:00-04:00,41.661275009660486
2005-06-15 00:00:00-04:00,41.68748002086892
2005-06-16 00:00:00-04:00,41.13722575780072
2005-06-17 00:00:00-04:00,40.849012514957906
2005-06-20 00:00:00-04:00,41.366508616808474
2005-06-21 00:00:00-04:00,41.10447897314028
2005-06-22 00:00:00-04:00,40.776954399244545
2005-06-23 00:00:00-04:00,40.744203994397246
2005-06-24 00:00:00-04:00,40.4232274760607
2005-06-27 00:00:00-04:00,40.940720462702956
2005-06-28 00:00:00-04:00,40.08915163457528
2005-06-29 00:00:00-04:00,40.344623533028965
2005-06-30 00:00:00-04:00,40.94071865337186
2005-07-01 00:00:00-04:00,40.717995659332324
2005-07-05 00:00:00-04:00,40.93416745070016
2005-07-06 00:00:00-04:00,40.97347474232808
2005-07-07 00:00:00-04:00,40.26601826131992
2005-07-08 00:00:00-04:00,40.65249197656887
2005-07-11 00:00:00-04:00,41.490964581542606
2005-07-12 00:00:00-04:00,41.759537132347475
2005-07-13 00:00:00-04:00,40.953819077679384
2005-07-14 00:00:00-04:00,40.056393181589016
2005-07-15 00:00:00-04:00,40.08915283241876
2005-07-18 00:00:00-04:00,40.351163764700054
2005-07-19 00:00:00-04:00,40.47562293700038
2005-07-20 00:00:00-04:00,41.11103787868121
2005-07-21 00:00:00-04:00,41.857778398872874
2005-07-22 00:00:00-04:00,42.054306376414004
2005-07-25 00:00:00-04:00,42.47355285429663
2005-07-26 00:00:00-04:00,42.48665222382837
2005-07-27 00:00:00-04:00,42.34908133168917
2005-07-28 00:00:00-04:00,41.72677282814712
2005-07-29 00:00:00-04:00,41.91019610846493
2005-08-01 00:00:00-04:00,41.79228779544093
2005-08-02 00:00:00-04:00,42.21807599878448
2005-08-03 00:00:00-04:00,42.25081404255564
2005-08-04 00:00:00-04:00,41.91675108777408
2005-08-05 00:00:00-04:00,41.66127855191232
2005-08-08 00:00:00-04:00,41.43856235010677
2005-08-09 00:00:00-04:00,41.3992445800543
2005-08-10 00:00:00-04:00,41.2682403565195
2005-08-11 00:00:00-04:00,40.90796341101217
2005-08-12 00:00:00-04:00,40.87521608357333
2005-08-15 00:00:00-04:00,40.84245562997252
2005-08-16 00:00:00-04:00,41.07173383235985
2005-08-17 00:00:00-04:00,40.50183552923188
2005-08-18 00:00:00-04:00,40.2594627116729
2005-08-19 00:00:00-04:00,40.626304252729916
2005-08-22 00:00:00-04:00,40.73109929251542
2005-08-23 00:00:00-04:00,40.940718455931425
2005-08-24 00:00:00-04:00,40.75730107675217
2005-08-25 00:00:00-04:00,40.6590521971258
2005-08-26 00:00:00-04:00,41.20274076839029
2005-08-29 00:00:00-04:00,41.20274272505603
2005-08-30 00:00:00-04:00,41.694026794627284
2005-08-31 00:00:00-04:00,41.635067826648616
2005-09-01 00:00:00-04:00,42.545600645832046
2005-09-02 00:00:00-04:00,42.35562353021643
2005-09-06 00:00:00-04:00,42.19186927260247
2005-09-07 00:00:00-04:00,41.936389090500114
2005-09-08 00:00:00-04:00,41.22238436168342
2005-09-09 00:00:00-04:00,40.87521191511123
2005-09-12 00:00:00-04:00,41.0062300573222
2005-09-13 00:00:00-04:00,40.790060009010745
2005-09-14 00:00:00-04:00,40.36428371156855
2005-09-15 00:00:00-04:00,38.85110480661839
2005-09-16 00:00:00-04:00,39.62406408996621
2005-09-19 00:00:00-04:00,39.33584557736179
2005-09-20 00:00:00-04:00,38.80525610468961
2005-09-21 00:00:00-04:00,38.3532652387739
2005-09-22 00:00:00-04:00,37.829232322290984
2005-09-23 00:00:00-04:00,37.7113166852939
2005-09-26 00:00:00-04:00,38.12400179835994
2005-09-27 00:00:00-04:00,37.527905294016186
2005-09-28 00:00:00-04:00,37.121773197247144
2005-09-29 00:00:00-04:00,36.899050901620356
2005-09-30 00:00:00-04:00,36.48637343955803
2005-10-03 00:00:00-04:00,37.010404682068796
2005-10-04 00:00:00-04:00,36.58463265866861
2005-10-05 00:00:00-04:00,35.65444613992538
2005-10-06 00:00:00-04:00,35.18936908494322
2005-10-07 00:00:00-04:00,35.01249255486042
2005-10-10 00:00:00-04:00,35.53655620894786
2005-10-11 00:00:00-04:00,35.37277964304529
2005-10-12 00:00:00-04:00,34.60636463558181
2005-10-13 00:00:00-04:00,34.04958200554855
2005-10-14 00:00:00-04:00,33.99062720825009
2005-10-17 00:00:00-04:00,34.174040156409994
2005-10-18 00:00:00-04:00,34.06267645803854
2005-10-19 00:00:00-04:00,33.44693224190759
2005-10-20 00:00:00-04:00,33.40108128544235
2005-10-21 00:00:00-04:00,33.14560600467572
2005-10-24 00:00:00-04:00,32.72636869661104
2005-10-25 00:00:00-04:00,33.276606607029095
2005-10-26 00:00:00-04:00,33.191466085588765
2005-10-27 00:00:00-04:00,32.94909831823999
2005-10-28 00:00:00-04:00,32.64121207459718
2005-10-31 00:00:00-05:00,32.981841694812154
2005-11-01 00:00:00-05:00,33.00804202913745
2005-11-02 00:00:00-05:00,32.719823092352684
2005-11-03 00:00:00-05:00,32.42504596635865
2005-11-04 00:00:00-05:00,32.359542923111874
2005-11-07 00:00:00-05:00,32.70672540485534
2005-11-08 00:00:00-05:00,32.01892435911974
2005-11-09 00:00:00-05:00,31.632436264045154
2005-11-10 00:00:00-05:00,31.062537005744428
2005-11-11 00:00:00-05:00,31.311465359834624
2005-11-14 00:00:00-05:00,31.259055731868944
2005-11-15 00:00:00-05:00,30.88568088271144
2005-11-16 00:00:00-05:00,30.787420245461288
2005-11-17 00:00:00-05:00,30.302688017273862
2005-11-18 00:00:00-05:00,30.630204417722275
2005-11-21 00:00:00-05:00,30.964284667006076
2005-11-22 00:00:00-05:00,32.058218176957375
2005-11-23 00:00:00-05:00,33.09320636597196
2005-11-25 00:00:00-05:00,33.001497528581254
2005-11-28 00:00:00-05:00,33.70239302495789
2005-11-29 00:00:00-05:00,34.95355119589957
2005-11-30 00:00:00-05:00,34.71772776302537
2005-12-01 00:00:00-05:00,34.69153194057569
2005-12-02 00:00:00-05:00,35.110757464945245
2005-12-05 00:00:00-05:00,34.7701286919329
2005-12-06 00:00:00-05:00,34.6849825453152
2005-12-07 00:00:00-05:00,33.40762818287222
2005-12-08 00:00:00-05:00,33.15870641389737
2005-12-09 00:00:00-05:00,33.06045216698749
2005-12-12 00:00:00-05:00,33.49278390953674
2005-12-13 00:00:00-05:00,33.27007690198072
2005-12-14 00:00:00-05:00,33.342123819308384
2005-12-15 00:00:00-05:00,33.40762499530837
2005-12-16 00:00:00-05:00,33.08010596921151
2005-12-19 00:00:00-05:00,32.54296507718587
2005-12-20 00:00:00-05:00,33.014593728048716
2005-12-21 00:00:00-05:00,32.903233630261475
2005-12-22 00:00:00-05:00,32.92944769510999
2005-12-23 00:00:00-05:00,33.18490867093309
2005-12-27 00:00:00-05:00,33.35522313659804
2005-12-28 00:00:00-05:00,32.909793041262226
2005-12-29 00:00:00-05:00,33.23076467708821
2005-12-30 00:00:00-05:00,32.75257331427577
2006-01-03 00:00:00-05:00,32.96874431928923
2006-01-04 00:00:00-05:00,33.02769549701348
2006-01-05 00:00:00-05:00,32.73947522292362
2006-01-06 00:00:00-05:00,32.26129228223546
2006-01-09 00:00:00-05:00,32.67396554648106
2006-01-10 00:00:00-05:00,32.4840027146283
2006-01-11 00:00:00-05:00,32.41195253087622
2006-01-12 00:00:00-05:00,32.575711254333136
2006-01-13 00:00:00-05:00,32.4774580060051
2006-01-17 00:00:00-05:00,32.687067541332
2006-01-18 00:00:00-05:00,32.673973161437004
2006-01-19 00:00:00-05:00,32.752577218575546
2006-01-20 00:00:00-05:00,33.165263175868745
2006-01-23 00:00:00-05:00,33.735158816509376
2006-01-24 00:00:00-05:00,35.43827850637192
2006-01-25 00:00:00-05:00,35.549640779827165
2006-01-26 00:00:00-05:00,35.34004205464133
2006-01-27 00:00:00-05:00,35.372776008727094
2006-01-30 00:00:00-05:00,34.717728984072046
2006-01-31 00:00:00-05:00,35.241776123060866
2006-02-01 00:00:00-05:00,35.40551542866005
2006-02-02 00:00:00-05:00,35.37277807900106
2006-02-03 00:00:00-05:00,35.07800478611787
2006-02-06 00:00:00-05:00,35.307282001769735
2006-02-07 00:00:00-05:00,35.86406842884344
2006-02-08 00:00:00-05:00,35.647900976469145
2006-02-09 00:00:00-05:00,35.92957950851296
2006-02-10 00:00:00-05:00,36.112991484978195
2006-02-13 00:00:00-05:00,36.119547000081916
2006-02-14 00:00:00-05:00,35.87715695933788
2006-02-15 00:00:00-05:00,36.0212770736585
2006-02-16 00:00:00-05:00,36.34225760169926
2006-02-17 00:00:00-05:00,36.84663835288808
2006-02-21 00:00:00-05:00,37.32483267149868
2006-02-22 00:00:00-05:00,36.95801387391409
2006-02-23 00:00:00-05:00,36.912156113364304
2006-02-24 00:00:00-05:00,36.22435272702698
2006-02-27 00:00:00-05:00,36.872847901991165
2006-02-28 00:00:00-05:00,36.846636472213646
2006-03-01 00:00:00-05:00,35.84442333114384
2006-03-02 00:00:00-05:00,36.571533274456755
2006-03-03 00:00:00-05:00,36.49945676137097
2006-03-06 00:00:00-05:00,36.15884172622311
2006-03-07 00:00:00-05:00,35.76580510383484
2006-03-08 00:00:00-05:00,35.11077260668131
2006-03-09 00:00:00-05:00,35.04525907489827
2006-03-10 00:00:00-05:00,35.09110730504414
2006-03-13 00:00:00-05:00,36.5846220734985
2006-03-14 00:00:00-05:00,36.51256725062123
2006-03-15 00:00:00-05:00,36.32260428917653
2006-03-16 00:00:00-05:00,36.38811346351976
2006-03-17 00:00:00-05:00,36.06712957200891
2006-03-20 00:00:00-05:00,35.94268156064136
2006-03-21 00:00:00-05:00,35.86406358768442
2006-03-22 00:00:00-05:00,35.43828986641379
2006-03-23 00:00:00-05:00,35.896821237604854
2006-03-24 00:00:00-05:00,36.55187154166913
2006-03-27 00:00:00-05:00,36.02784235938918
2006-03-28 00:00:00-05:00,35.719965086890475
2006-03-29 00:00:00-05:00,35.484133242307344
2006-03-30 00:00:00-05:00,34.91424455139316
2006-03-31 00:00:00-05:00,34.89459269142682
2006-04-03 00:00:00-04:00,35.17627254192148
2006-04-04 00:00:00-04:00,35.28108083385834
2006-04-05 00:00:00-04:00,35.569301434722405
2006-04-06 00:00:00-04:00,35.2745211769859
2006-04-07 00:00:00-04:00,34.4098519318354
2006-04-10 00:00:00-04:00,33.88580870424343
2006-04-11 00:00:00-04:00,33.71550941206408
2006-04-12 00:00:00-04:00,33.178363281906705
2006-04-13 00:00:00-04:00,33.24386890346327
2006-04-17 00:00:00-04:00,33.473129982990024
2006-04-18 00:00:00-04:00,33.00804918739884
2006-04-19 00:00:00-04:00,33.09321041138493
2006-04-20 00:00:00-04:00,32.91633605957031
2006-04-21 00:00:00-04:00,33.0473532627245
2006-04-24 00:00:00-04:00,33.0932101264551
2006-04-25 00:00:00-04:00,34.06268371905744
2006-04-26 00:00:00-04:00,33.466578571047584
2006-04-27 00:00:00-04:00,32.98184708199755
2006-04-28 00:00:00-04:00,33.14560254567008
2006-05-01 00:00:00-04:00,33.60414575403987
2006-05-02 00:00:00-04:00,33.053903302429056
2006-05-03 00:00:00-04:00,32.81808808298689
2006-05-04 00:00:00-04:00,32.62157028519501
2006-05-05 00:00:00-04:00,32.62156729000159
2006-05-08 00:00:00-04:00,33.11284758612456
2006-05-09 00:00:00-04:00,33.0604450093879
2006-05-10 00:00:00-04:00,33.13250784001736
2006-05-11 00:00:00-04:00,33.00149233006563
2006-05-12 00:00:00-04:00,32.49054612147761
2006-05-15 00:00:00-04:00,32.3660968174763
2006-05-16 00:00:00-04:00,32.94908744243825
2006-05-17 00:00:00-04:00,33.433828449547185
2006-05-18 00:00:00-04:00,33.702398098244146
2006-05-19 00:00:00-04:00,33.964421954212085
2006-05-22 00:00:00-04:00,34.13473399239445
2006-05-23 00:00:00-04:00,34.22644427953372
2006-05-24 00:00:00-04:00,33.951324723900484
2006-05-25 00:00:00-04:00,34.3574543749492
2006-05-26 00:00:00-04:00,34.13473664683234
2006-05-30 00:00:00-04:00,34.521224706541005
2006-05-31 00:00:00-04:00,34.19369641841834
2006-06-01 00:00:00-04:00,34.26574841764586
2006-06-02 00:00:00-04:00,35.36623121646964
2006-06-05 00:00:00-04:00,35.340018952283
2006-06-06 00:00:00-04:00,35.24177581535716
2006-06-07 00:00:00-04:00,35.27452917428682
2006-06-08 00:00:00-04:00,35.19592029513898
2006-06-09 00:00:00-04:00,36.584626198691204
2006-06-12 00:00:00-04:00,36.663240923270656
2006-06-13 00:00:00-04:00,36.72874450683594
2006-06-14 00:00:00-04:00,36.610825320126835
2006-06-15 00:00:00-04:00,37.174176604277
2006-06-16 00:00:00-04:00,37.69166352143098
2006-06-19 00:00:00-04:00,37.97989220152552
2006-06-20 00:00:00-04:00,37.86852515560218
2006-06-21 00:00:00-04:00,38.25501049934238
2006-06-22 00:00:00-04:00,39.073825483848225
2006-06-23 00:00:00-04:00,39.34894392044717
2006-06-26 00:00:00-04:00,39.041070234781216
2006-06-27 00:00:00-04:00,38.94280508403798
2006-06-28 00:00:00-04:00,37.927487771958816
2006-06-29 00:00:00-04:00,38.307412046936165
2006-06-30 00:00:00-04:00,38.73974646064759
2006-07-03 00:00:00-04:00,38.45151401597951
2006-07-05 00:00:00-04:00,38.64805289378629
2006-07-06 00:00:00-04:00,37.76371408151469
2006-07-07 00:00:00-04:00,38.248451140014765
2006-07-10 00:00:00-04:00,37.861970847131076
2006-07-11 00:00:00-04:00,37.69820944938285
2006-07-12 00:00:00-04:00,37.501693330803064
2006-07-13 00:00:00-04:00,36.81390215815302
2006-07-14 00:00:00-04:00,36.892494204297755
2006-07-17 00:00:00-04:00,36.38811094142089
2006-07-18 00:00:00-04:00,35.90991679647925
2006-07-19 00:00:00-04:00,35.62170556774472
2006-07-20 00:00:00-04:00,36.49945619916203
2006-07-21 00:00:00-04:00,35.70030619973802
2006-07-24 00:00:00-04:00,35.76581457372039
2006-07-25 00:00:00-04:00,37.07592146414354
2006-07-26 00:00:00-04:00,39.70267228860734
2006-07-27 00:00:00-04:00,40.71144390457911
2006-07-28 00:00:00-04:00,40.79660043203898
2006-07-31 00:00:00-04:00,40.6459459306929
2006-08-01 00:00:00-04:00,41.36649542155387
2006-08-02 00:00:00-04:00,41.62197460962552
2006-08-03 00:00:00-04:00,41.43856381334942
2006-08-04 00:00:00-04:00,41.75953088052126
2006-08-07 00:00:00-04:00,41.81849048237206
2006-08-08 00:00:00-04:00,41.75955075876414
2006-08-09 00:00:00-04:00,41.176537775140275
2006-08-10 00:00:00-04:00,40.61318785215819
2006-08-11 00:00:00-04:00,40.94072000038829
2006-08-14 00:00:00-04:00,41.13722575780072
2006-08-15 00:00:00-04:00,41.20274673350859
2006-08-16 00:00:00-04:00,41.117591111629224
2006-08-17 00:00:00-04:00,41.111033675782544
2006-08-18 00:00:00-04:00,41.752993270654656
2006-08-21 00:00:00-04:00,41.825042034402976
2006-08-22 00:00:00-04:00,41.62852900083575
2006-08-23 00:00:00-04:00,41.85778339640808
2006-08-24 00:00:00-04:00,42.20497297230904
2006-08-25 00:00:00-04:00,41.66127094035846
2006-08-28 00:00:00-04:00,40.92107088914376
2006-08-29 00:00:00-04:00,41.969148642624866
2006-08-30 00:00:00-04:00,42.689716275741475
2006-08-31 00:00:00-04:00,43.42991920734159
2006-09-01 00:00:00-04:00,43.9212002045657
2006-09-05 00:00:00-04:00,44.28803831261109
2006-09-06 00:00:00-04:00,44.47800273957534
2006-09-07 00:00:00-04:00,44.44525094959797
2006-09-08 00:00:00-04:00,44.674509297004946
2006-09-11 00:00:00-04:00,44.3535421765306
2006-09-12 00:00:00-04:00,44.333886283096994
2006-09-13 00:00:00-04:00,44.77277019503828
2006-09-14 00:00:00-04:00,45.34922040974865
2006-09-15 00:00:00-04:00,45.827410451530646
2006-09-18 00:00:00-04:00,45.984627073546264
2006-09-19 00:00:00-04:00,45.85361721077498
2006-09-20 00:00:00-04:00,45.565375796418095
2006-09-21 00:00:00-04:00,45.25750822419694
2006-09-22 00:00:00-04:00,45.28370777073673
2006-09-25 00:00:00-04:00,44.88413114607065
2006-09-26 00:00:00-04:00,45.13304873453907
2006-09-27 00:00:00-04:00,46.13528692138954
2006-09-28 00:00:00-04:00,46.84928332036508
2006-09-29 00:00:00-04:00,47.15715789794922
2006-10-02 00:00:00-04:00,47.16370352080821
2006-10-03 00:00:00-04:00,47.144061662828214
2006-10-04 00:00:00-04:00,45.98461670935579
2006-10-05 00:00:00-04:00,47.16371108405767
2006-10-06 00:00:00-04:00,47.458483949152566
2006-10-09 00:00:00-04:00,47.81875119429277
2006-10-10 00:00:00-04:00,48.08078407809106
2006-10-11 00:00:00-04:00,49.12885916805394
2006-10-12 00:00:00-04:00,49.68563916764053
2006-10-13 00:00:00-04:00,50.242432824258835
2006-10-16 00:00:00-04:00,50.19659745684003
2006-10-17 00:00:00-04:00,50.045931463212796
2006-10-18 00:00:00-04:00,49.993540757420064
2006-10-19 00:00:00-04:00,50.4520525889905
2006-10-20 00:00:00-04:00,50.66823242189552
2006-10-23 00:00:00-04:00,50.37346096416053
2006-10-24 00:00:00-04:00,51.18572055581804
2006-10-25 00:00:00-04:00,51.38224001232224
2006-10-26 00:00:00-04:00,51.8800847118489
2006-10-27 00:00:00-04:00,52.01109789869633
2006-10-30 00:00:00-05:00,51.22502728184309
2006-10-31 00:00:00-05:00,51.21193605354484
2006-11-01 00:00:00-05:00,51.677011717828584
2006-11-02 00:00:00-05:00,47.36022456378496
2006-11-03 00:00:00-05:00,47.818762130539945
2006-11-06 00:00:00-05:00,47.14405357477968
2006-11-07 00:00:00-05:00,47.13750793467513
2006-11-08 00:00:00-05:00,46.312140762067635
2006-11-09 00:00:00-05:00,46.54141537307656
2006-11-10 00:00:00-05:00,46.81652322097405
2006-11-13 00:00:00-05:00,46.60035633567221
2006-11-14 00:00:00-05:00,46.443146977316154
2006-11-15 00:00:00-05:00,45.643991425615894
2006-11-16 00:00:00-05:00,45.113402166558075
2006-11-17 00:00:00-05:00,44.772764427662004
2006-11-20 00:00:00-05:00,45.01513799778811
2006-11-21 00:00:00-05:00,44.24872689631097
2006-11-22 00:00:00-05:00,44.01291286109826
2006-11-24 00:00:00-05:00,43.757439064908525
2006-11-27 00:00:00-05:00,43.36441238656536
2006-11-28 00:00:00-05:00,43.135142976435624
2006-11-29 00:00:00-05:00,43.2661522027513
2006-11-30 00:00:00-05:00,43.161358844471856
2006-12-01 00:00:00-05:00,43.39716772305789
2006-12-04 00:00:00-05:00,43.4757637828753
2006-12-05 00:00:00-05:00,43.98670901961335
2006-12-06 00:00:00-05:00,45.01514652825594
2006-12-07 00:00:00-05:00,45.46057532949321
2006-12-08 00:00:00-05:00,45.11994973032946
2006-12-11 00:00:00-05:00,45.22474791438126
2006-12-12 00:00:00-05:00,45.257515618096704
2006-12-13 00:00:00-05:00,45.26405618811485
2006-12-14 00:00:00-05:00,44.76621326105327
2006-12-15 00:00:00-05:00,44.543501319925745
2006-12-18 00:00:00-05:00,44.28148008889757
2006-12-19 00:00:00-05:00,44.15047473672012
2006-12-20 00:00:00-05:00,44.7858781649853
2006-12-21 00:00:00-05:00,45.19855067746425
2006-12-22 00:00:00-05:00,45.49332993292256
2006-12-26 00:00:00-05:00,45.30990713940736
2006-12-27 00:00:00-05:00,45.98461833461339
2006-12-28 00:00:00-05:00,46.52175818168366
2006-12-29 00:00:00-05:00,46.31213371022457
2007-01-03 00:00:00-05:00,46.66587149797337
2007-01-04 00:00:00-05:00,47.05234633233447
2007-01-05 00:00:00-05:00,47.30127117577043
2007-01-08 00:00:00-05:00,47.49123621378541
2007-01-09 00:00:00-05:00,47.83841002845594
2007-01-10 00:00:00-05:00,48.68997457543028
2007-01-11 00:00:00-05:00,49.685656448532384
2007-01-12 00:00:00-05:00,50.49792238334441
2007-01-16 00:00:00-05:00,49.921474673508406
2007-01-17 00:00:00-05:00,49.54809492828079
2007-01-18 00:00:00-05:00,50.242447347385045
2007-01-19 00:00:00-05:00,49.842861994429676
2007-01-22 00:00:00-05:00,50.04593073962764
2007-01-23 00:00:00-05:00,51.421562450092836
2007-01-24 00:00:00-05:00,54.041742459975936
2007-01-25 00:00:00-05:00,54.43478005903832
2007-01-26 00:00:00-05:00,54.434784836375904
2007-01-29 00:00:00-05:00,55.09638698588558
2007-01-30 00:00:00-05:00,55.51561714060729
2007-01-31 00:00:00-05:00,55.777639583911146
2007-02-01 00:00:00-05:00,55.8759082660936
2007-02-02 00:00:00-05:00,56.17721143255118
2007-02-05 00:00:00-05:00,56.40647671967211
2007-02-06 00:00:00-05:00,56.360632292875536
2007-02-07 00:00:00-05:00,56.1706685033186
2007-02-08 00:00:00-05:00,56.00690045187005
2007-02-09 00:00:00-05:00,56.37373681498948
2007-02-12 00:00:00-05:00,55.78419230505118
2007-02-13 00:00:00-05:00,56.367178318132304
2007-02-14 00:00:00-05:00,56.87158155828889
2007-02-15 00:00:00-05:00,57.44800461791433
2007-02-16 00:00:00-05:00,57.041876385958155
2007-02-20 00:00:00-05:00,56.2296251217104
2007-02-21 00:00:00-05:00,57.317017785015196
2007-02-22 00:00:00-05:00,56.917427343804256
2007-02-23 00:00:00-05:00,57.23839520005191
2007-02-26 00:00:00-05:00,57.448010892221625
2007-02-27 00:00:00-05:00,57.670736038289974
2007-02-28 00:00:00-05:00,56.49819103644297
2007-03-01 00:00:00-05:00,55.87589926554615
2007-03-02 00:00:00-05:00,56.74710474054585
2007-03-05 00:00:00-05:00,55.148782779916516
2007-03-06 00:00:00-05:00,55.12258142771165
2007-03-07 00:00:00-05:00,55.626977584600105
2007-03-08 00:00:00-05:00,55.28635161623176
2007-03-09 00:00:00-05:00,55.79729606576414
2007-03-12 00:00:00-04:00,56.09206132240659
2007-03-13 00:00:00-04:00,56.38029659762103
2007-03-14 00:00:00-04:00,55.37150167049968
2007-03-15 00:00:00-04:00,54.834367126259515
2007-03-16 00:00:00-04:00,54.860561980364366
2007-03-19 00:00:00-04:00,54.14000430447335
2007-03-20 00:00:00-04:00,54.78195222266627
2007-03-21 00:00:00-04:00,55.59421994332849
2007-03-22 00:00:00-04:00,56.72746556257448
2007-03-23 00:00:00-04:00,56.989493717646674
2007-03-26 00:00:00-04:00,56.59644200518057
2007-03-27 00:00:00-04:00,56.3344360967233
2007-03-28 00:00:00-04:00,55.725234898484196
2007-03-29 00:00:00-04:00,55.73832450552734
2007-03-30 00:00:00-04:00,55.58112071451679
2007-04-02 00:00:00-04:00,55.95450322108634
2007-04-03 00:00:00-04:00,56.01347036452909
2007-04-04 00:00:00-04:00,56.22962306748762
2007-04-05 00:00:00-04:00,56.70780171515355
2007-04-09 00:00:00-04:00,56.66195448465436
2007-04-10 00:00:00-04:00,56.77331582009888
2007-04-11 00:00:00-04:00,56.98292812747541
2007-04-12 00:00:00-04:00,56.694697974904464
2007-04-13 00:00:00-04:00,56.98292461246892
2007-04-16 00:00:00-04:00,57.317005975276594
2007-04-17 00:00:00-04:00,57.15324524459858
2007-04-18 00:00:00-04:00,56.77331360840514
2007-04-19 00:00:00-04:00,58.28647563966167
2007-04-20 00:00:00-04:00,58.627112722312994
2007-04-23 00:00:00-04:00,59.27561452759574
2007-04-24 00:00:00-04:00,60.52676120021534
2007-04-25 00:00:00-04:00,63.74961010356594
2007-04-26 00:00:00-04:00,63.18626715560645
2007-04-27 00:00:00-04:00,62.36088266791306
2007-04-30 00:00:00-04:00,62.806350173808816
2007-05-01 00:00:00-04:00,63.66446304321289
2007-05-02 00:00:00-04:00,63.52688216181976
2007-05-03 00:00:00-04:00,64.1950458117234
2007-05-04 00:00:00-04:00,65.53788699485087
2007-05-07 00:00:00-04:00,66.0946941241571
2007-05-08 00:00:00-04:00,66.11436207832061
2007-05-09 00:00:00-04:00,65.51170619750938
2007-05-10 00:00:00-04:00,66.29122701137156
2007-05-11 00:00:00-04:00,65.66892617380279
2007-05-14 00:00:00-04:00,65.66893911259432
2007-05-15 00:00:00-04:00,65.95059617851804
2007-05-16 00:00:00-04:00,65.70166774720252
2007-05-17 00:00:00-04:00,64.6142825455677
2007-05-18 00:00:00-04:00,65.11214085349008
2007-05-21 00:00:00-04:00,65.27587299390217
2007-05-22 00:00:00-04:00,65.37415115094251
2007-05-23 00:00:00-04:00,64.79115862920769
2007-05-24 00:00:00-04:00,64.62081610587732
2007-05-25 00:00:00-04:00,63.93959575433866
2007-05-29 00:00:00-04:00,64.751842995283
2007-05-30 00:00:00-04:00,65.0466108213629
2007-05-31 00:00:00-04:00,65.46583515991901
2007-06-01 00:00:00-04:00,64.88940481788092
2007-06-04 00:00:00-04:00,64.52258295022175
2007-06-05 00:00:00-04:00,65.39378898269852
2007-06-06 00:00:00-04:00,64.58807005786807
2007-06-07 00:00:00-04:00,63.76271949191436
2007-06-08 00:00:00-04:00,62.21678285944996
2007-06-11 00:00:00-04:00,62.78011273974365
2007-06-12 00:00:00-04:00,63.585868102077754
2007-06-13 00:00:00-04:00,63.44829740958784
2007-06-14 00:00:00-04:00,64.39155539016521
2007-06-15 00:00:00-04:00,64.62739473274017
2007-06-18 00:00:00-04:00,64.64702132599575
2007-06-19 00:00:00-04:00,64.85010854874952
2007-06-20 00:00:00-04:00,64.58809884155463
2007-06-21 00:00:00-04:00,64.68635316621327
2007-06-22 00:00:00-04:00,64.9483407269233
2007-06-25 00:00:00-04:00,64.36536879605032
2007-06-26 00:00:00-04:00,65.32825660180094
2007-06-27 00:00:00-04:00,64.53565708085162
2007-06-28 00:00:00-04:00,65.50514451737112
2007-06-29 00:00:00-04:00,65.95060146256914
2007-07-02 00:00:00-04:00,65.37413839110488
2007-07-03 00:00:00-04:00,65.56410136443719
2007-07-05 00:00:00-04:00,65.23002643500298
2007-07-06 00:00:00-04:00,65.49860802334288
2007-07-09 00:00:00-04:00,65.61650828039284
2007-07-10 00:00:00-04:00,65.40690852350203
2007-07-11 00:00:00-04:00,65.53787850927812
2007-07-12 00:00:00-04:00,69.40273053040069
2007-07-13 00:00:00-04:00,70.76522601812438
2007-07-16 00:00:00-04:00,70.47044857755805
2007-07-17 00:00:00-04:00,71.40062788628295
2007-07-18 00:00:00-04:00,70.02500705254438
2007-07-19 00:00:00-04:00,70.13638081283315
2007-07-20 00:00:00-04:00,69.76298912706403
2007-07-23 00:00:00-04:00,69.96605109952536
2007-07-24 00:00:00-04:00,70.58179117752682
2007-07-25 00:00:00-04:00,72.57970670858928
2007-07-26 00:00:00-04:00,69.43545575113708
2007-07-27 00:00:00-04:00,67.33930296196002
2007-07-30 00:00:00-04:00,66.42221949362327
2007-07-31 00:00:00-04:00,67.56857468382144
2007-08-01 00:00:00-04:00,65.92437498699965
2007-08-02 00:00:00-04:00,65.51824667143967
2007-08-03 00:00:00-04:00,66.59254326864206
2007-08-06 00:00:00-04:00,64.22124850915516
2007-08-07 00:00:00-04:00,64.42430956915352
2007-08-08 00:00:00-04:00,62.97666679030949
2007-08-09 00:00:00-04:00,59.60967586662632
2007-08-10 00:00:00-04:00,58.627111054579146
2007-08-13 00:00:00-04:00,62.39365530049339
2007-08-14 00:00:00-04:00,68.91143347285436
2007-08-15 00:00:00-04:00,65.4396421551063
2007-08-16 00:00:00-04:00,65.01386492821196
2007-08-17 00:00:00-04:00,67.27378835243694
2007-08-20 00:00:00-04:00,67.06418322690816
2007-08-21 00:00:00-04:00,66.4877375775661
2007-08-22 00:00:00-04:00,67.79782086216024
2007-08-23 00:00:00-04:00,69.97914238238886
2007-08-24 00:00:00-04:00,69.42890212373759
2007-08-27 00:00:00-04:00,71.19096198324439
2007-08-28 00:00:00-04:00,70.09049947653399
2007-08-29 00:00:00-04:00,69.04242356226531
2007-08-30 00:00:00-04:00,68.62975112282706
2007-08-31 00:00:00-04:00,68.84591578623116
2007-09-04 00:00:00-04:00,69.76297288274665
2007-09-05 00:00:00-04:00,68.55112661428723
2007-09-06 00:00:00-04:00,69.5795554274084
2007-09-07 00:00:00-04:00,69.50097140610873
2007-09-10 00:00:00-04:00,69.02278210072618
2007-09-11 00:00:00-04:00,69.02277574514468
2007-09-12 00:00:00-04:00,69.07520008929596
2007-09-13 00:00:00-04:00,69.66471011557536
2007-09-14 00:00:00-04:00,70.83071173435673
2007-09-17 00:00:00-04:00,71.93121440444973
2007-09-18 00:00:00-04:00,72.15393003661714
2007-09-19 00:00:00-04:00,73.41163139396393
2007-09-20 00:00:00-04:00,74.26320069066891
2007-09-21 00:00:00-04:00,73.49679445187441
2007-09-24 00:00:00-04:00,72.81552506892493
2007-09-25 00:00:00-04:00,72.10151841907587
2007-09-26 00:00:00-04:00,72.67794178143347
2007-09-27 00:00:00-04:00,73.05133616091385
2007-09-28 00:00:00-04:00,72.14083461490749
2007-10-01 00:00:00-04:00,72.62555113912694
2007-10-02 00:00:00-04:00,76.38553748699812
2007-10-03 00:00:00-04:00,76.7851460796862
2007-10-04 00:00:00-04:00,75.98598408043736
2007-10-05 00:00:00-04:00,76.62793678336406
2007-10-08 00:00:00-04:00,77.72186134139372
2007-10-09 00:00:00-04:00,77.09956526295746
2007-10-10 00:00:00-04:00,77.92491294313781
2007-10-11 00:00:00-04:00,76.87029891502804
2007-10-12 00:00:00-04:00,76.8833927484915
2007-10-15 00:00:00-04:00,76.12354042535777
2007-10-16 00:00:00-04:00,74.6627754232681
2007-10-17 00:00:00-04:00,75.18679780558917
2007-10-18 00:00:00-04:00,75.20645035464057
2007-10-19 00:00:00-04:00,74.93788828042877
2007-10-22 00:00:00-04:00,72.7107128338076
2007-10-23 00:00:00-04:00,72.69762799947122
2007-10-24 00:00:00-04:00,73.20200949941535
2007-10-25 00:00:00-04:00,73.25440508232484
2007-10-26 00:00:00-04:00,74.5776249715314
2007-10-29 00:00:00-04:00,72.54694947832357
2007-10-30 00:00:00-04:00,67.63406004978724
2007-10-31 00:00:00-04:00,69.65161865450689
2007-11-01 00:00:00-04:00,67.64717045873802
2007-11-02 00:00:00-04:00,73.20200641579494
2007-11-05 00:00:00-05:00,70.83070652933914
2007-11-06 00:00:00-05:00,71.41370793455276
2007-11-07 00:00:00-05:00,70.16909376040974
2007-11-08 00:00:00-05:00,71.14513389148485
2007-11-09 00:00:00-05:00,70.66042253266653
2007-11-12 00:00:00-05:00,70.25426457972512
2007-11-13 00:00:00-05:00,70.09052283028772
2007-11-14 00:00:00-05:00,71.09274004297612
2007-11-15 00:00:00-05:00,69.5795702407234
2007-11-16 00:00:00-05:00,70.64073670670913
2007-11-19 00:00:00-05:00,70.18877608059142
2007-11-20 00:00:00-05:00,72.12118547680467
2007-11-21 00:00:00-05:00,72.61245980616908
2007-11-23 00:00:00-05:00,72.67797795289913
2007-11-26 00:00:00-05:00,73.55572760404313
2007-11-27 00:00:00-05:00,72.8482725989925
2007-11-28 00:00:00-05:00,72.25218001359796
2007-11-29 00:00:00-05:00,72.44870131308198
2007-11-30 00:00:00-05:00,74.7741338233011
2007-12-03 00:00:00-05:00,73.6932902469718
2007-12-04 00:00:00-05:00,74.49900086521984
2007-12-05 00:00:00-05:00,75.87462362797073
2007-12-06 00:00:00-05:00,75.97940961972044
2007-12-07 00:00:00-05:00,76.64104746303641
2007-12-10 00:00:00-05:00,76.56895122642224
2007-12-11 00:00:00-05:00,75.38335210614012
2007-12-12 00:00:00-05:00,77.87249812343566
2007-12-13 00:00:00-05:00,76.4576249837178
2007-12-14 00:00:00-05:00,75.49468302154389
2007-12-17 00:00:00-05:00,75.00339215688173
2007-12-18 00:00:00-05:00,74.70861706333739
2007-12-19 00:00:00-05:00,75.03616645661437
2007-12-20 00:00:00-05:00,75.54053407023815
2007-12-21 00:00:00-05:00,75.31127030681179
2007-12-24 00:00:00-05:00,75.0688963424605
2007-12-26 00:00:00-05:00,75.19991819545528
2007-12-27 00:00:00-05:00,74.65621355342056
2007-12-28 00:00:00-05:00,74.42040092680557
2007-12-31 00:00:00-05:00,74.04046476466631
2008-01-02 00:00:00-05:00,72.80894789123398
2008-01-03 00:00:00-05:00,73.43780200150402
2008-01-04 00:00:00-05:00,71.95739777529913
2008-01-07 00:00:00-05:00,70.96172834529949
2008-01-08 00:00:00-05:00,70.24772636249195
2008-01-09 00:00:00-05:00,67.92229382553194
2008-01-10 00:00:00-05:00,68.3087783094396
2008-01-11 00:00:00-05:00,68.87212648990172
2008-01-14 00:00:00-05:00,68.22361863789055
2008-01-15 00:00:00-05:00,67.84369205888983
2008-01-16 00:00:00-05:00,68.64939318031504
2008-01-17 00:00:00-05:00,66.46153751316685
2008-01-18 00:00:00-05:00,65.4854734047443
2008-01-22 00:00:00-05:00,62.59674274700532
2008-01-23 00:00:00-05:00,60.98529221740715
2008-01-24 00:00:00-05:00,63.17974240197077
2008-01-25 00:00:00-05:00,62.9111287512073
2008-01-28 00:00:00-05:00,62.27575020840009
2008-01-29 00:00:00-05:00,62.229901683400136
2008-01-30 00:00:00-05:00,61.73861219153372
2008-01-31 00:00:00-05:00,60.559527467279466
2008-02-01 00:00:00-05:00,61.31282254400884
2008-02-04 00:00:00-05:00,62.03339049071157
2008-02-05 00:00:00-05:00,60.87394638791768
2008-02-06 00:00:00-05:00,60.03545510061806
2008-02-07 00:00:00-05:00,58.98738242663204
2008-02-08 00:00:00-05:00,57.873799473113934
2008-02-11 00:00:00-05:00,58.03102221001835
2008-02-12 00:00:00-05:00,57.93930706517995
2008-02-13 00:00:00-05:00,59.2625034160145
2008-02-14 00:00:00-05:00,60.05512128654433
2008-02-15 00:00:00-05:00,60.61191313094095
2008-02-19 00:00:00-05:00,62.229903642463256
2008-02-20 00:00:00-05:00,60.15338536081428
2008-02-21 00:00:00-05:00,63.85442973758493
2008-02-22 00:00:00-05:00,64.19506778902958
2008-02-25 00:00:00-05:00,63.5661986610744
2008-02-26 00:00:00-05:00,62.786716015716415
2008-02-27 00:00:00-05:00,63.153514976346116
2008-02-28 00:00:00-05:00,62.75393739434039
2008-02-29 00:00:00-05:00,61.28007525644035
2008-03-03 00:00:00-05:00,60.9328921734506
2008-03-04 00:00:00-05:00,60.16647660401682
2008-03-05 00:00:00-05:00,61.548641059956246
2008-03-06 00:00:00-05:00,59.89136656243875
2008-03-07 00:00:00-05:00,58.85637379872584
2008-03-10 00:00:00-04:00,58.37164406291833
2008-03-11 00:00:00-04:00,58.27338057930226
2008-03-12 00:00:00-04:00,58.194773667067935
2008-03-13 00:00:00-04:00,56.38028806499031
2008-03-14 00:00:00-04:00,57.644522041188665
2008-03-17 00:00:00-04:00,55.94793240851285
2008-03-18 00:00:00-04:00,56.98948094964019
2008-03-19 00:00:00-04:00,58.15547891157713
2008-03-20 00:00:00-04:00,57.87380486732997
2008-03-24 00:00:00-04:00,57.82795067985043
2008-03-25 00:00:00-04:00,58.98083116609839
2008-03-26 00:00:00-04:00,59.9699666702001
2008-03-27 00:00:00-04:00,60.127178449707266
2008-03-28 00:00:00-04:00,59.544178697842284
2008-03-31 00:00:00-04:00,58.758126916715845
2008-04-01 00:00:00-04:00,59.72760638145991
2008-04-02 00:00:00-04:00,61.352121667073746
2008-04-03 00:00:00-04:00,60.08132039731345
2008-04-04 00:00:00-04:00,59.14459220628043
2008-04-07 00:00:00-04:00,59.78654461070694
2008-04-08 00:00:00-04:00,59.75381109976579
2008-04-09 00:00:00-04:00,59.39351666229397
2008-04-10 00:00:00-04:00,57.77552881233945
2008-04-11 00:00:00-04:00,59.105295257687
2008-04-14 00:00:00-04:00,60.32369506103768
2008-04-15 00:00:00-04:00,59.24285587983287
2008-04-16 00:00:00-04:00,59.49833220813367
2008-04-17 00:00:00-04:00,59.02012605358095
2008-04-18 00:00:00-04:00,58.78432294541875
2008-04-21 00:00:00-04:00,58.22098650338621
2008-04-22 00:00:00-04:00,57.80830013649213
2008-04-23 00:00:00-04:00,56.976380814908474
2008-04-24 00:00:00-04:00,56.64885709072168
2008-04-25 00:00:00-04:00,56.32133560020436
2008-04-28 00:00:00-04:00,56.49818506267007
2008-04-29 00:00:00-04:00,50.085241827707755
2008-04-30 00:00:00-04:00,51.04815974050388
2008-05-01 00:00:00-04:00,51.611507877641785
2008-05-02 00:00:00-04:00,54.434766846675466
2008-05-05 00:00:00-04:00,51.29052758398923
2008-05-06 00:00:00-04:00,50.111435496117906
2008-05-07 00:00:00-04:00,50.445508881273966
2008-05-08 00:00:00-04:00,50.03938885523567
2008-05-09 00:00:00-04:00,48.74237393232539
2008-05-12 00:00:00-04:00,48.9782118188774
2008-05-13 00:00:00-04:00,49.78391896065195
2008-05-14 00:00:00-04:00,51.159540389516216
2008-05-15 00:00:00-04:00,52.19450403244433
2008-05-16 00:00:00-04:00,53.57011402497488
2008-05-19 00:00:00-04:00,53.32773310020095
2008-05-20 00:00:00-04:00,53.11158564848142
2008-05-21 00:00:00-04:00,54.0155342323321
2008-05-22 00:00:00-04:00,53.30809170591047
2008-05-23 00:00:00-04:00,53.25569742079367
2008-05-27 00:00:00-04:00,52.42377324566905
2008-05-28 00:00:00-04:00,52.79058900424883
2008-05-29 00:00:00-04:00,52.148643030404145
2008-05-30 00:00:00-04:00,53.190180664831765
2008-06-02 00:00:00-04:00,53.452199835842315
2008-06-03 00:00:00-04:00,53.41289684354889
2008-06-04 00:00:00-04:00,52.33860267304068
2008-06-05 00:00:00-04:00,52.109350552480606
2008-06-06 00:00:00-04:00,51.886626241384555
2008-06-09 00:00:00-04:00,52.06349711133696
2008-06-10 00:00:00-04:00,51.185733048915736
2008-06-11 00:00:00-04:00,50.79267983245568
2008-06-12 00:00:00-04:00,50.76649525456208
2008-06-13 00:00:00-04:00,51.16607113074664
2008-06-16 00:00:00-04:00,51.329829618311834
2008-06-17 00:00:00-04:00,50.79925527073367
2008-06-18 00:00:00-04:00,51.42808783064358
2008-06-19 00:00:00-04:00,51.25122617217456
2008-06-20 00:00:00-04:00,49.78391845105148
2008-06-23 00:00:00-04:00,50.163841620319324
2008-06-24 00:00:00-04:00,48.33625015730114
2008-06-25 00:00:00-04:00,49.423634406000026
2008-06-26 00:00:00-04:00,49.82976950727645
2008-06-27 00:00:00-04:00,49.44983212197764
2008-06-30 00:00:00-04:00,48.08079087452847
2008-07-01 00:00:00-04:00,47.37331958718575
2008-07-02 00:00:00-04:00,47.53707237405137
2008-07-03 00:00:00-04:00,46.73792526235903
2008-07-07 00:00:00-04:00,46.207333904075746
2008-07-08 00:00:00-04:00,45.034784456168794
2008-07-09 00:00:00-04:00,45.94530857180326
2008-07-10 00:00:00-04:00,45.375416813176805
2008-07-11 00:00:00-04:00,44.419036220933855
2008-07-14 00:00:00-04:00,44.54349803546523
2008-07-15 00:00:00-04:00,44.661419444012004
2008-07-16 00:00:00-04:00,44.91032613122315
2008-07-17 00:00:00-04:00,45.94530778906088
2008-07-18 00:00:00-04:00,46.272845305001475
2008-07-21 00:00:00-04:00,46.02391623299567
2008-07-22 00:00:00-04:00,46.41039319477692
2008-07-23 00:00:00-04:00,47.83840746876946
2008-07-24 00:00:00-04:00,48.77513522013205
2008-07-25 00:00:00-04:00,47.21611596686479
2008-07-28 00:00:00-04:00,46.914793916423044
2008-07-29 00:00:00-04:00,47.91046933613664
2008-07-30 00:00:00-04:00,49.12886488584699
2008-07-31 00:00:00-04:00,48.526223048067976
2008-08-01 00:00:00-04:00,47.09165800224047
2008-08-04 00:00:00-04:00,47.82531123630683
2008-08-05 00:00:00-04:00,48.67032670137287
2008-08-06 00:00:00-04:00,49.49569134523812
2008-08-07 00:00:00-04:00,49.259869313632095
2008-08-08 00:00:00-04:00,48.86684205713009
2008-08-11 00:00:00-04:00,50.27519566529163
2008-08-12 00:00:00-04:00,51.42154619700218
2008-08-13 00:00:00-04:00,51.82112953640324
2008-08-14 00:00:00-04:00,51.683564402428935
2008-08-15 00:00:00-04:00,53.96313132200774
2008-08-18 00:00:00-04:00,54.513389748327995
2008-08-19 00:00:00-04:00,53.714223816455814
2008-08-20 00:00:00-04:00,53.8845392630821
2008-08-21 00:00:00-04:00,53.36050036516317
2008-08-22 00:00:00-04:00,53.9500370430876
2008-08-25 00:00:00-04:00,53.635620203054685
2008-08-26 00:00:00-04:00,53.727325484822025
2008-08-27 00:00:00-04:00,53.74043183892489
2008-08-28 00:00:00-04:00,54.69679495100223
2008-08-29 00:00:00-04:00,55.515611047034525
2008-09-02 00:00:00-04:00,56.11171644301233
2008-09-03 00:00:00-04:00,56.2558269396306
2008-09-04 00:00:00-04:00,55.96105785452215
2008-09-05 00:00:00-04:00,55.731783227009416
2008-09-08 00:00:00-04:00,57.94585894730304
2008-09-09 00:00:00-04:00,57.34975049364461
2008-09-10 00:00:00-04:00,57.17289090531915
2008-09-11 00:00:00-04:00,56.31478380837241
2008-09-12 00:00:00-04:00,57.729693632740904
2008-09-15 00:00:00-04:00,57.28424984023861
2008-09-16 00:00:00-04:00,56.39992405379493
2008-09-17 00:00:00-04:00,56.63574710136305
2008-09-18 00:00:00-04:00,55.849705904603425
2008-09-19 00:00:00-04:00,58.351980516733065
2008-09-22 00:00:00-04:00,58.194784781387696
2008-09-23 00:00:00-04:00,56.688167201406955
2008-09-24 00:00:00-04:00,57.12049106828223
2008-09-25 00:00:00-04:00,56.09206468422987
2008-09-26 00:00:00-04:00,55.56146687195005
2008-09-29 00:00:00-04:00,54.860564895317204
2008-09-30 00:00:00-04:00,54.434782095173944
2008-10-01 00:00:00-04:00,52.45652598008465
2008-10-02 00:00:00-04:00,53.498062155867714
2008-10-03 00:00:00-04:00,53.11812374203656
2008-10-06 00:00:00-04:00,51.93903534344984
2008-10-07 00:00:00-04:00,52.59409596729046
2008-10-08 00:00:00-04:00,49.09610930915694
2008-10-09 00:00:00-04:00,45.67673668574676
2008-10-10 00:00:00-04:00,41.92330094040213
2008-10-13 00:00:00-04:00,42.13946661495473
2008-10-14 00:00:00-04:00,45.827406942033384
2008-10-15 00:00:00-04:00,42.40148129875997
2008-10-16 00:00:00-04:00,39.30309339553229
2008-10-17 00:00:00-04:00,37.79647594988445
2008-10-20 00:00:00-04:00,39.10658216790714
2008-10-21 00:00:00-04:00,39.512718057856674
2008-10-22 00:00:00-04:00,37.74406006007354
2008-10-23 00:00:00-04:00,36.741849857244674
2008-10-24 00:00:00-04:00,33.02770212042253
2008-10-27 00:00:00-04:00,32.582267398065596
2008-10-28 00:00:00-04:00,29.48385937699126
2008-10-29 00:00:00-04:00,31.91410811172957
2008-10-30 00:00:00-04:00,34.22644697352496
2008-10-31 00:00:00-04:00,33.14560328802573
2008-11-03 00:00:00-05:00,31.822402462215717
2008-11-04 00:00:00-05:00,33.01459856952998
2008-11-05 00:00:00-05:00,32.81152700665636
2008-11-06 00:00:00-05:00,29.503519926730608
2008-11-07 00:00:00-05:00,28.095153278964037
2008-11-10 00:00:00-05:00,28.101709603679506
2008-11-11 00:00:00-05:00,26.411674399481463
2008-11-12 00:00:00-05:00,25.042617634971613
2008-11-13 00:00:00-05:00,23.876628430215398
2008-11-14 00:00:00-05:00,26.477187330909903
2008-11-17 00:00:00-05:00,24.833000090014345
2008-11-18 00:00:00-05:00,23.883174544756546
2008-11-19 00:00:00-05:00,23.98798795594791
2008-11-20 00:00:00-05:00,21.97042983081773
2008-11-21 00:00:00-05:00,20.73238153992511
2008-11-24 00:00:00-05:00,21.904921671490555
2008-11-25 00:00:00-05:00,24.472728569294638
2008-11-26 00:00:00-05:00,25.330839526556396
2008-11-28 00:00:00-05:00,28.141014741561374
2008-12-01 00:00:00-05:00,27.485964602204376
2008-12-02 00:00:00-05:00,24.996771188685848
2008-12-03 00:00:00-05:00,24.629938420102018
2008-12-04 00:00:00-05:00,26.516483814582358
2008-12-05 00:00:00-05:00,26.64749604875114
2008-12-08 00:00:00-05:00,30.61710663500304
2008-12-09 00:00:00-05:00,29.44456687283838
2008-12-10 00:00:00-05:00,29.280796490301164
2008-12-11 00:00:00-05:00,29.64107982243995
2008-12-12 00:00:00-05:00,28.573348340431174
2008-12-15 00:00:00-05:00,28.75675709733417
2008-12-16 00:00:00-05:00,27.57767362884916
2008-12-17 00:00:00-05:00,29.641078737646623
2008-12-18 00:00:00-05:00,31.586577830431505
2008-12-19 00:00:00-05:00,31.927217707044765
2008-12-22 00:00:00-05:00,31.933768247520458
2008-12-23 00:00:00-05:00,31.848596626841296
2008-12-24 00:00:00-05:00,31.147705400551644
2008-12-26 00:00:00-05:00,31.95995891593332
2008-12-29 00:00:00-05:00,32.5495081703583
2008-12-30 00:00:00-05:00,32.870494238641804
2008-12-31 00:00:00-05:00,34.82909254646891
2009-01-02 00:00:00-05:00,35.6937482526234
2009-01-05 00:00:00-05:00,37.48203632100125
2009-01-06 00:00:00-05:00,37.200370400767646
2009-01-07 00:00:00-05:00,36.13918515998828
2009-01-08 00:00:00-05:00,35.51689176652203
2009-01-09 00:00:00-05:00,36.55187145334592
2009-01-12 00:00:00-05:00,35.64790299917751
2009-01-13 00:00:00-05:00,33.492767214412524
2009-01-14 00:00:00-05:00,32.79843373423613
2009-01-15 00:00:00-05:00,30.571251541196208
2009-01-16 00:00:00-05:00,31.383511933677077
2009-01-20 00:00:00-05:00,30.531957906861205
2009-01-21 00:00:00-05:00,29.916196565330168
2009-01-22 00:00:00-05:00,30.387839218465732
2009-01-23 00:00:00-05:00,29.68038680147304
2009-01-26 00:00:00-05:00,28.92707126597996
2009-01-27 00:00:00-05:00,31.93376377540992
2009-01-28 00:00:00-05:00,32.542958317537675
2009-01-29 00:00:00-05:00,32.10408148136321
2009-01-30 00:00:00-05:00,32.58226611899192
2009-02-02 00:00:00-05:00,30.8267303117614
2009-02-03 00:00:00-05:00,30.721921815450603
2009-02-04 00:00:00-05:00,31.874807517509897
2009-02-05 00:00:00-05:00,30.905329815500227
2009-02-06 00:00:00-05:00,32.71983215126907
2009-02-09 00:00:00-05:00,33.85306329727728
2009-02-10 00:00:00-05:00,33.885819017880436
2009-02-11 00:00:00-05:00,32.26784284008339
2009-02-12 00:00:00-05:00,30.204421579587667
2009-02-13 00:00:00-05:00,31.049445724874513
2009-02-17 00:00:00-05:00,29.791737176515404
2009-02-18 00:00:00-05:00,29.307012974129048
2009-02-19 00:00:00-05:00,29.300456899148728
2009-02-20 00:00:00-05:00,28.520941113279598
2009-02-23 00:00:00-05:00,28.02310648847004
2009-02-24 00:00:00-05:00,26.41822928785775
2009-02-25 00:00:00-05:00,27.02087523620462
2009-02-26 00:00:00-05:00,27.315644748470362
2009-02-27 00:00:00-05:00,27.374606131971838
2009-03-02 00:00:00-05:00,27.02742563983724
2009-03-03 00:00:00-05:00,26.221712493954985
2009-03-04 00:00:00-05:00,27.020872495121687
2009-03-05 00:00:00-05:00,27.62351829683089
2009-03-06 00:00:00-05:00,26.07760575062871
2009-03-09 00:00:00-04:00,24.924711247229443
2009-03-10 00:00:00-04:00,25.68457129565967
2009-03-11 00:00:00-04:00,26.857109403781408
2009-03-12 00:00:00-04:00,28.252366218159672
2009-03-13 00:00:00-04:00,29.60832937821685
2009-03-16 00:00:00-04:00,29.71969290220706
2009-03-17 00:00:00-04:00,29.70658927436371
2009-03-18 00:00:00-04:00,30.51885568623724
2009-03-19 00:00:00-04:00,31.979610771380884
2009-03-20 00:00:00-04:00,31.763450172691442
2009-03-23 00:00:00-04:00,31.770003906741536
2009-03-24 00:00:00-04:00,32.35298986387006
2009-03-25 00:00:00-04:00,33.977520536785185
2009-03-26 00:00:00-04:00,34.45571562314017
2009-03-27 00:00:00-04:00,34.58672350695244
2009-03-30 00:00:00-04:00,33.237309731634554
2009-03-31 00:00:00-04:00,32.76567317547415
2009-04-01 00:00:00-04:00,31.796197168162138
2009-04-02 00:00:00-04:00,33.80064165407774
2009-04-03 00:00:00-04:00,35.35313060901175
2009-04-06 00:00:00-04:00,34.442616183088326
2009-04-07 00:00:00-04:00,33.433833997275244
2009-04-08 00:00:00-04:00,33.446925637293056
2009-04-09 00:00:00-04:00,34.940452293025466
2009-04-13 00:00:00-04:00,35.33346776945724
2009-04-14 00:00:00-04:00,36.59772668100642
2009-04-15 00:00:00-04:00,36.230894605600845
2009-04-16 00:00:00-04:00,37.02350567152913
2009-04-17 00:00:00-04:00,37.12176290367878
2009-04-20 00:00:00-04:00,36.375016311906656
2009-04-21 00:00:00-04:00,35.1173023403779
2009-04-22 00:00:00-04:00,35.0190523277245
2009-04-23 00:00:00-04:00,35.8313215241161
2009-04-24 00:00:00-04:00,35.549649688328536
2009-04-27 00:00:00-04:00,36.027837541543825
2009-04-28 00:00:00-04:00,36.23088754231918
2009-04-29 00:00:00-04:00,37.67201050286836
2009-04-30 00:00:00-04:00,37.58030505440593
2009-05-01 00:00:00-04:00,37.36413766513188
2009-05-04 00:00:00-04:00,38.28776636224903
2009-05-05 00:00:00-04:00,39.401355580501786
2009-05-06 00:00:00-04:00,39.33583976255941
2009-05-07 00:00:00-04:00,39.10001512918782
2009-05-08 00:00:00-04:00,37.29207193414761
2009-05-11 00:00:00-04:00,35.091107758004625
2009-05-12 00:00:00-04:00,35.359672581463414
2009-05-13 00:00:00-04:00,34.33780335157337
2009-05-14 00:00:00-04:00,33.21765854911922
2009-05-15 00:00:00-04:00,33.571389824459736
2009-05-18 00:00:00-04:00,34.20024074299919
2009-05-19 00:00:00-04:00,35.01250573012779
2009-05-20 00:00:00-04:00,35.5955058205773
2009-05-21 00:00:00-04:00,34.32469660818384
2009-05-22 00:00:00-04:00,33.89235986717368
2009-05-26 00:00:00-04:00,33.42728822482197
2009-05-27 00:00:00-04:00,34.51467176228572
2009-05-28 00:00:00-04:00,34.04958110398212
2009-05-29 00:00:00-04:00,34.12163977992698
2009-06-01 00:00:00-04:00,34.61947403392255
2009-06-02 00:00:00-04:00,35.67410157851625
2009-06-03 00:00:00-04:00,35.7199610082432
2009-06-04 00:00:00-04:00,35.70030580071253
2009-06-05 00:00:00-04:00,35.68720236779261
2009-06-08 00:00:00-04:00,35.05835513167636
2009-06-09 00:00:00-04:00,35.136958668177904
2009-06-10 00:00:00-04:00,35.25487481440652
2009-06-11 00:00:00-04:00,34.65223260160562
2009-06-12 00:00:00-04:00,34.38365932504864
2009-06-15 00:00:00-04:00,35.85753110965589
2009-06-16 00:00:00-04:00,35.04526730212064
2009-06-17 00:00:00-04:00,34.10197965491314
2009-06-18 00:00:00-04:00,33.925107868747595
2009-06-19 00:00:00-04:00,33.78102408605452
2009-06-22 00:00:00-04:00,33.27006465646419
2009-06-23 00:00:00-04:00,33.3748717632616
2009-06-24 00:00:00-04:00,33.79409963385672
2009-06-25 00:00:00-04:00,33.70240100596176
2009-06-26 00:00:00-04:00,34.134736089403226
2009-06-29 00:00:00-04:00,34.22643937495636
2009-06-30 00:00:00-04:00,34.25264575273965
2009-07-01 00:00:00-04:00,34.553949201998286
2009-07-02 00:00:00-04:00,34.920802220641846
2009-07-06 00:00:00-04:00,34.09542522098473
2009-07-07 00:00:00-04:00,34.10197930127112
2009-07-08 00:00:00-04:00,33.93167257839154
2009-07-09 00:00:00-04:00,34.219893340936714
2009-07-10 00:00:00-04:00,33.85306699457106
2009-07-13 00:00:00-04:00,34.134731441348485
2009-07-14 00:00:00-04:00,34.61292343010791
2009-07-15 00:00:00-04:00,35.60859453399816
2009-07-16 00:00:00-04:00,35.71994825182971
2009-07-17 00:00:00-04:00,36.316055744654406
2009-07-20 00:00:00-04:00,36.990754731788066
2009-07-21 00:00:00-04:00,38.137092906393164
2009-07-22 00:00:00-04:00,37.50824140041471
2009-07-23 00:00:00-04:00,37.416544454740894
2009-07-24 00:00:00-04:00,38.255010311806856
2009-07-27 00:00:00-04:00,40.16120687074226
2009-07-28 00:00:00-04:00,39.50615645665172
2009-07-29 00:00:00-04:00,39.91883770709647
2009-07-30 00:00:00-04:00,40.88176396272814
2009-07-31 00:00:00-04:00,41.83813563466746
2009-08-03 00:00:00-04:00,42.532494813009215
2009-08-04 00:00:00-04:00,43.21374652215167
2009-08-05 00:00:00-04:00,43.09583841043437
2009-08-06 00:00:00-04:00,42.964826638013896
2009-08-07 00:00:00-04:00,43.22683747185627
2009-08-10 00:00:00-04:00,43.86880045775273
2009-08-11 00:00:00-04:00,43.63299000014535
2009-08-12 00:00:00-04:00,43.312002985656115
2009-08-13 00:00:00-04:00,44.32078549911764
2009-08-14 00:00:00-04:00,44.54350818938811
2009-08-17 00:00:00-04:00,43.60678789137366
2009-08-18 00:00:00-04:00,43.23340259826007
2009-08-19 00:00:00-04:00,43.15479370020529
2009-08-20 00:00:00-04:00,43.43645964418014
2009-08-21 00:00:00-04:00,43.626426126547805
2009-08-24 00:00:00-04:00,43.46922965259349
2009-08-25 00:00:00-04:00,43.069636353111534
2009-08-26 00:00:00-04:00,42.8862225351101
2009-08-27 00:00:00-04:00,42.97138437572789
2009-08-28 00:00:00-04:00,42.873126263154475
2009-08-31 00:00:00-04:00,42.66350180120117
2009-09-01 00:00:00-04:00,42.715912321266956
2009-09-02 00:00:00-04:00,41.49751406460188
2009-09-03 00:00:00-04:00,42.22461907731431
2009-09-04 00:00:00-04:00,41.88398639316216
2009-09-08 00:00:00-04:00,42.6110874769963
2009-09-09 00:00:00-04:00,42.82072563171939
2009-09-10 00:00:00-04:00,43.04343486531655
2009-09-11 00:00:00-04:00,43.8425904852195
2009-09-14 00:00:00-04:00,43.606776935072176
2009-09-15 00:00:00-04:00,43.89500164070238
2009-09-16 00:00:00-04:00,43.69848502214536
2009-09-17 00:00:00-04:00,43.90155743585143
2009-09-18 00:00:00-04:00,43.42336157732332
2009-09-21 00:00:00-04:00,42.984468980251236
2009-09-22 00:00:00-04:00,43.30545583517442
2009-09-23 00:00:00-04:00,43.822941110933336
2009-09-24 00:00:00-04:00,43.377514944273265
2009-09-25 00:00:00-04:00,42.23772701339448
2009-09-28 00:00:00-04:00,41.89710103565876
2009-09-29 00:00:00-04:00,42.42768743493224
2009-09-30 00:00:00-04:00,42.84037218048613
2009-10-01 00:00:00-04:00,43.390616818686006
2009-10-02 00:00:00-04:00,41.9036446700333
2009-10-05 00:00:00-04:00,41.78573135864532
2009-10-06 00:00:00-04:00,41.39270431479516
2009-10-07 00:00:00-04:00,41.3992573891153
2009-10-08 00:00:00-04:00,42.37527973871601
2009-10-09 00:00:00-04:00,42.683152700060546
2009-10-12 00:00:00-04:00,41.76607471042232
2009-10-13 00:00:00-04:00,42.77485045507877
2009-10-14 00:00:00-04:00,42.68970359713548
2009-10-15 00:00:00-04:00,42.44733818068744
2009-10-16 00:00:00-04:00,42.99103920086702
2009-10-19 00:00:00-04:00,43.14169614663425
2009-10-20 00:00:00-04:00,43.33820386289918
2009-10-21 00:00:00-04:00,42.81416234688196
2009-10-22 00:00:00-04:00,42.70935181100029
2009-10-23 00:00:00-04:00,43.08928943111848
2009-10-26 00:00:00-04:00,42.05430278097519
2009-10-27 00:00:00-04:00,41.73333395493278
2009-10-28 00:00:00-04:00,40.65904255488946
2009-10-29 00:00:00-04:00,39.79437868211945
2009-10-30 00:00:00-04:00,40.344620308786844
2009-11-02 00:00:00-05:00,39.95814052395648
2009-11-03 00:00:00-05:00,35.62825939562009
2009-11-04 00:00:00-05:00,35.30728316757788
2009-11-05 00:00:00-05:00,35.92957414857766
2009-11-06 00:00:00-05:00,36.37500718986073
2009-11-09 00:00:00-05:00,38.24190614741454
2009-11-10 00:00:00-05:00,38.530123042828826
2009-11-11 00:00:00-05:00,39.02796117895707
2009-11-12 00:00:00-05:00,38.484265066530014
2009-11-13 00:00:00-05:00,37.99953962523821
2009-11-16 00:00:00-05:00,38.38601835211406
2009-11-17 00:00:00-05:00,38.484277736583934
2009-11-18 00:00:00-05:00,38.26155471801758
2009-11-19 00:00:00-05:00,38.07160118613847
2009-11-20 00:00:00-05:00,37.495153254590896
2009-11-23 00:00:00-05:00,38.20260017033666
2009-11-24 00:00:00-05:00,37.92093276977539
2009-11-25 00:00:00-05:00,37.90126996990733
2009-11-27 00:00:00-05:00,36.86629397228839
2009-11-30 00:00:00-05:00,36.95144883212706
2009-12-01 00:00:00-05:00,37.12831491365275
2009-12-02 00:00:00-05:00,37.71131227041382
2009-12-03 00:00:00-05:00,39.060729832025615
2009-12-04 00:00:00-05:00,39.8467810621116
2009-12-07 00:00:00-05:00,39.29000330455938
2009-12-08 00:00:00-05:00,38.96246544998781
2009-12-09 00:00:00-05:00,39.034519852929314
2009-12-10 00:00:00-05:00,39.2572278329099
2009-12-11 00:00:00-05:00,40.70490513443831
2009-12-14 00:00:00-05:00,40.88832248968934
2009-12-15 00:00:00-05:00,40.508390109449195
2009-12-16 00:00:00-05:00,40.60664382873456
2009-12-17 00:00:00-05:00,40.44287705037771
2009-12-18 00:00:00-05:00,39.82711843333881
2009-12-21 00:00:00-05:00,40.4297822436141
2009-12-22 00:00:00-05:00,40.60009173505821
2009-12-23 00:00:00-05:00,40.54113266400009
2009-12-24 00:00:00-05:00,41.0717370103116
2009-12-28 00:00:00-05:00,40.94071815451723
2009-12-29 00:00:00-05:00,40.70489509198943
2009-12-30 00:00:00-05:00,40.84900811049897
2009-12-31 00:00:00-05:00,41.16344220587551
2010-01-04 00:00:00-05:00,40.34462043190471
2010-01-05 00:00:00-05:00,41.0062288135769
2010-01-06 00:00:00-05:00,41.04553311736881
2010-01-07 00:00:00-05:00,41.64815899038396
2010-01-08 00:00:00-05:00,42.19186261803373
2010-01-11 00:00:00-05:00,43.063083484801936
2010-01-12 00:00:00-05:00,42.14600917896452
2010-01-13 00:00:00-05:00,42.04775840484917
2010-01-14 00:00:00-05:00,42.277023574980724
2010-01-15 00:00:00-05:00,42.02810737876663
2010-01-19 00:00:00-05:00,41.73988801875621
2010-01-20 00:00:00-05:00,41.92984741302754
2010-01-21 00:00:00-05:00,40.619742385750776
2010-01-22 00:00:00-05:00,39.650263047145785
2010-01-25 00:00:00-05:00,39.13933426750069
2010-01-26 00:00:00-05:00,39.250688047590785
2010-01-27 00:00:00-05:00,37.67201344230705
2010-01-28 00:00:00-05:00,37.770264838711526
2010-01-29 00:00:00-05:00,37.50170544665148
2010-02-01 00:00:00-05:00,36.538771777358306
2010-02-02 00:00:00-05:00,36.92525028712721
2010-02-03 00:00:00-05:00,37.78336455331056
2010-02-04 00:00:00-05:00,37.547548089201015
2010-02-05 00:00:00-05:00,36.74838960163172
2010-02-08 00:00:00-05:00,36.78115240325805
2010-02-09 00:00:00-05:00,36.938354001182645
2010-02-10 00:00:00-05:00,36.682868774449986
2010-02-11 00:00:00-05:00,35.98196532919746
2010-02-12 00:00:00-05:00,35.772359096972394
2010-02-16 00:00:00-05:00,36.11298272944829
2010-02-17 00:00:00-05:00,36.52566631586149
2010-02-18 00:00:00-05:00,36.66979254434492
2010-02-19 00:00:00-05:00,36.81389540251596
2010-02-22 00:00:00-05:00,37.272429020787264
2010-02-23 00:00:00-05:00,37.14142052096552
2010-02-24 00:00:00-05:00,36.72218321473365
2010-02-25 00:00:00-05:00,36.65013547951072
2010-02-26 00:00:00-05:00,38.09123846215297
2010-03-01 00:00:00-05:00,38.07158632245921
2010-03-02 00:00:00-05:00,38.4515327030506
2010-03-03 00:00:00-05:00,38.49081821007124
2010-03-04 00:00:00-05:00,39.07381405231746
2010-03-05 00:00:00-05:00,38.91004801028007
2010-03-08 00:00:00-05:00,38.4449736929545
2010-03-09 00:00:00-05:00,38.53667372718565
2010-03-10 00:00:00-05:00,38.79870971870501
2010-03-11 00:00:00-05:00,38.484265335716856
2010-03-12 00:00:00-05:00,38.83144262725846
2010-03-15 00:00:00-04:00,38.93624506139844
2010-03-16 00:00:00-04:00,39.19827365132157
2010-03-17 00:00:00-04:00,39.57165723084902
2010-03-18 00:00:00-04:00,40.927617767630295
2010-03-19 00:00:00-04:00,40.835914611816406
2010-03-22 00:00:00-04:00,40.53458939191764
2010-03-23 00:00:00-04:00,41.16998096053847
2010-03-24 00:00:00-04:00,41.42546055189688
2010-03-25 00:00:00-04:00,41.3403020657263
2010-03-26 00:00:00-04:00,40.70491057969323
2010-03-29 00:00:00-04:00,40.82935906769084
2010-03-30 00:00:00-04:00,41.39270600332182
2010-03-31 00:00:00-04:00,41.536806184547615
2010-04-01 00:00:00-04:00,41.39924814639006
2010-04-05 00:00:00-04:00,40.81626779908353
2010-04-06 00:00:00-04:00,41.20928803628083
2010-04-07 00:00:00-04:00,40.58044328525336
2010-04-08 00:00:00-04:00,40.47563239149309
2010-04-09 00:00:00-04:00,40.7311022834716
2010-04-12 00:00:00-04:00,41.16998809233418
2010-04-13 00:00:00-04:00,40.93416919450718
2010-04-14 00:00:00-04:00,40.71799955785502
2010-04-15 00:00:00-04:00,40.57389004387461
2010-04-16 00:00:00-04:00,40.272573949022366
2010-04-19 00:00:00-04:00,40.00400595628658
2010-04-20 00:00:00-04:00,40.33808250794936
2010-04-21 00:00:00-04:00,39.958142547193624
2010-04-22 00:00:00-04:00,39.453753786291585
2010-04-23 00:00:00-04:00,40.06295434743426
2010-04-26 00:00:00-04:00,39.624071440563206
2010-04-27 00:00:00-04:00,39.604407040418664
2010-04-28 00:00:00-04:00,39.41444592578445
2010-04-29 00:00:00-04:00,39.99089930367244
2010-04-30 00:00:00-04:00,40.383927073706715
2010-05-03 00:00:00-04:00,40.049859298694166
2010-05-04 00:00:00-04:00,39.36859431614838
2010-05-05 00:00:00-04:00,38.68734413438875
2010-05-06 00:00:00-04:00,38.05848866594011
2010-05-07 00:00:00-04:00,37.53445746559774
2010-05-10 00:00:00-04:00,37.108670142878815
2010-05-11 00:00:00-04:00,37.69821758724985
2010-05-12 00:00:00-04:00,37.730970053569145
2010-05-13 00:00:00-04:00,38.785607624623935
2010-05-14 00:00:00-04:00,37.83577412419475
2010-05-17 00:00:00-04:00,36.77459271789392
2010-05-18 00:00:00-04:00,37.678559638224634
2010-05-19 00:00:00-04:00,37.05626422615063
2010-05-20 00:00:00-04:00,36.296411558801275
2010-05-21 00:00:00-04:00,36.05402982035759
2010-05-24 00:00:00-04:00,37.04971738451236
2010-05-25 00:00:00-04:00,36.067128216097494
2010-05-26 00:00:00-04:00,36.43396716839088
2010-05-27 00:00:00-04:00,36.82698656523969
2010-05-28 00:00:00-04:00,37.089019809189104
2010-06-01 00:00:00-04:00,36.63703471426648
2010-06-02 00:00:00-04:00,36.316060151592126
2010-06-03 00:00:00-04:00,37.08245220451872
2010-06-04 00:00:00-04:00,36.453616622625425
2010-06-07 00:00:00-04:00,35.56929498705276
2010-06-08 00:00:00-04:00,34.71117797210375
2010-06-09 00:00:00-04:00,35.071454797498355
2010-06-10 00:00:00-04:00,35.398967981262274
2010-06-11 00:00:00-04:00,35.58238426183562
2010-06-14 00:00:00-04:00,36.19813436173376
2010-06-15 00:00:00-04:00,36.10644360941662
2010-06-16 00:00:00-04:00,36.519120712416026
2010-06-17 00:00:00-04:00,36.69598640620267
2010-06-18 00:00:00-04:00,36.55187154166913
2010-06-21 00:00:00-04:00,37.02351178018206
2010-06-22 00:00:00-04:00,35.890271342283064
2010-06-23 00:00:00-04:00,35.726496730868334
2010-06-24 00:00:00-04:00,35.012493527870944
2010-06-25 00:00:00-04:00,34.842196205805635
2010-06-28 00:00:00-04:00,34.34434834973705
2010-06-29 00:00:00-04:00,33.99062883291076
2010-06-30 00:00:00-04:00,33.27005162071073
2010-07-01 00:00:00-04:00,33.040786633271054
2010-07-02 00:00:00-04:00,33.00149525876585
2010-07-06 00:00:00-04:00,33.597585393632606
2010-07-07 00:00:00-04:00,32.582271276152134
2010-07-08 00:00:00-04:00,34.32469679586608
2010-07-09 00:00:00-04:00,34.21988460305106
2010-07-12 00:00:00-04:00,34.44916564427923
2010-07-13 00:00:00-04:00,34.567059728572794
2010-07-14 00:00:00-04:00,36.204701568156665
2010-07-15 00:00:00-04:00,35.66754436921871
2010-07-16 00:00:00-04:00,35.00594758260773
2010-07-19 00:00:00-04:00,33.99717643500249
2010-07-20 00:00:00-04:00,34.13474478207394
2010-07-21 00:00:00-04:00,35.15007203444519
2010-07-22 00:00:00-04:00,34.01682862659845
2010-07-23 00:00:00-04:00,34.455707028828314
2010-07-26 00:00:00-04:00,34.927338982230424
2010-07-27 00:00:00-04:00,38.07814328798987
2010-07-28 00:00:00-04:00,39.604407040418664
2010-07-29 00:00:00-04:00,39.434106878551155
2010-07-30 00:00:00-04:00,39.211385300983636
2010-08-02 00:00:00-04:00,40.61319349378227
2010-08-03 00:00:00-04:00,41.79228721386313
2010-08-04 00:00:00-04:00,41.86434313732072
2010-08-05 00:00:00-04:00,41.897094223745476
2010-08-06 00:00:00-04:00,41.67436998525992
2010-08-09 00:00:00-04:00,42.11326072532409
2010-08-10 00:00:00-04:00,41.66127198312632
2010-08-11 00:00:00-04:00,41.523715699389996
2010-08-12 00:00:00-04:00,41.117593354104265
2010-08-13 00:00:00-04:00,40.86211038394797
2010-08-16 00:00:00-04:00,40.508395553458925
2010-08-17 00:00:00-04:00,41.654727981141434
2010-08-18 00:00:00-04:00,42.13946101877471
2010-08-19 00:00:00-04:00,42.30322989946238
2010-08-20 00:00:00-04:00,42.05430364874622
2010-08-23 00:00:00-04:00,42.670058038677944
2010-08-24 00:00:00-04:00,41.307554052898446
2010-08-25 00:00:00-04:00,40.96037106254383
2010-08-26 00:00:00-04:00,41.66782593762538
2010-08-27 00:00:00-04:00,41.15033594568536
2010-08-30 00:00:00-04:00,41.54337143260738
2010-08-31 00:00:00-04:00,41.26169721670685
2010-09-01 00:00:00-04:00,42.11325666975093
2010-09-02 00:00:00-04:00,42.92551822240801
2010-09-03 00:00:00-04:00,44.08496945458339
2010-09-07 00:00:00-04:00,43.09583874470467
2010-09-08 00:00:00-04:00,43.19410125010653
2010-09-09 00:00:00-04:00,43.862247117096594
2010-09-10 00:00:00-04:00,44.307687717483645
2010-09-13 00:00:00-04:00,44.2945857264571
2010-09-14 00:00:00-04:00,44.104620023510414
2010-09-15 00:00:00-04:00,43.95395839237066
2010-09-16 00:00:00-04:00,44.235627211911996
2010-09-17 00:00:00-04:00,45.04788476605898
2010-09-20 00:00:00-04:00,45.21820305353683
2010-09-21 00:00:00-04:00,46.21387941021823
2010-09-22 00:00:00-04:00,46.35145069525064
2010-09-23 00:00:00-04:00,46.29249368755793
2010-09-24 00:00:00-04:00,46.63966163016248
2010-09-27 00:00:00-04:00,46.69207307378273
2010-09-28 00:00:00-04:00,46.56106613854434
2010-09-29 00:00:00-04:00,46.017358800941416
2010-09-30 00:00:00-04:00,44.55006681999874
2010-10-01 00:00:00-04:00,44.36008694520908
2010-10-04 00:00:00-04:00,44.70726369672128
2010-10-05 00:00:00-04:00,45.3754171502265
2010-10-06 00:00:00-04:00,45.72914663637703
2010-10-07 00:00:00-04:00,45.637435172308926
2010-10-08 00:00:00-04:00,45.925666501388385
2010-10-11 00:00:00-04:00,46.99339404066212
2010-10-12 00:00:00-04:00,47.609143923627144
2010-10-13 00:00:00-04:00,48.46070536232812
2010-10-14 00:00:00-04:00,48.34935299576491
2010-10-15 00:00:00-04:00,49.12886921514343
2010-10-18 00:00:00-04:00,49.21401682465709
2010-10-19 00:00:00-04:00,48.847185389221266
2010-10-20 00:00:00-04:00,48.834092389224175
2010-10-21 00:00:00-04:00,48.9978608455558
2010-10-22 00:00:00-04:00,49.030606457355354
2010-10-25 00:00:00-04:00,49.928027828114494
2010-10-26 00:00:00-04:00,48.42795823726288
2010-10-27 00:00:00-04:00,48.0742281996922
2010-10-28 00:00:00-04:00,48.87338457460916
2010-10-29 00:00:00-04:00,48.79478444988995
2010-11-01 00:00:00-04:00,49.27297198992004
2010-11-02 00:00:00-04:00,41.9232912514763
2010-11-03 00:00:00-04:00,43.63298103877634
2010-11-04 00:00:00-04:00,44.83171910478994
2010-11-05 00:00:00-04:00,44.045659978262606
2010-11-08 00:00:00-05:00,44.07187038479462
2010-11-09 00:00:00-05:00,45.912564242880194
2010-11-10 00:00:00-05:00,45.539178291608955
2010-11-11 00:00:00-05:00,44.707256186557835
2010-11-12 00:00:00-05:00,44.93653889581243
2010-11-15 00:00:00-05:00,46.22698514031196
2010-11-16 00:00:00-05:00,45.84705641830546
2010-11-17 00:00:00-05:00,45.506425847080166
2010-11-18 00:00:00-05:00,45.11994496843107
2010-11-19 00:00:00-05:00,45.218212448802376
2010-11-22 00:00:00-05:00,45.50643267091625
2010-11-23 00:00:00-05:00,44.96274282275203
2010-11-24 00:00:00-05:00,45.526078133770326
2010-11-26 00:00:00-05:00,45.820854315298945
2010-11-29 00:00:00-05:00,45.211659405633746
2010-11-30 00:00:00-05:00,45.34267053460422
2010-12-01 00:00:00-05:00,46.58070805274387
2010-12-02 00:00:00-05:00,46.646231953386696
2010-12-03 00:00:00-05:00,47.27506520222287
2010-12-06 00:00:00-05:00,47.54363485983452
2010-12-07 00:00:00-05:00,47.615678884032
2010-12-08 00:00:00-05:00,47.11785759332627
2010-12-09 00:00:00-05:00,47.130965128511754
2010-12-10 00:00:00-05:00,46.5021051642646
2010-12-13 00:00:00-05:00,46.46935876611562
2010-12-14 00:00:00-05:00,46.39074344142226
2010-12-15 00:00:00-05:00,46.01082429621781
2010-12-16 00:00:00-05:00,45.97806709126129
2010-12-17 00:00:00-05:00,48.66377288859481
2010-12-20 00:00:00-05:00,49.13541636603179
2010-12-21 00:00:00-05:00,48.781687251713926
2010-12-22 00:00:00-05:00,49.06991099172827
2010-12-23 00:00:00-05:00,49.12231155207368
2010-12-27 00:00:00-05:00,48.683432870681706
2010-12-28 00:00:00-05:00,48.8602853337705
2010-12-29 00:00:00-05:00,48.57206731931915
2010-12-30 00:00:00-05:00,48.19214327395227
2010-12-31 00:00:00-05:00,47.77290298462544
2011-01-03 00:00:00-05:00,48.074230849697216
2011-01-04 00:00:00-05:00,48.198688415065114
2011-01-05 00:00:00-05:00,47.792559793014924
2011-01-06 00:00:00-05:00,47.66154974854542
2011-01-07 00:00:00-05:00,46.9540876105435
2011-01-10 00:00:00-05:00,47.3012760748731
2011-01-11 00:00:00-05:00,47.11785397566526
2011-01-12 00:00:00-05:00,47.45193139426253
2011-01-13 00:00:00-05:00,47.589480407105285
2011-01-14 00:00:00-05:00,47.65499617065592
2011-01-18 00:00:00-05:00,47.47158564170851
2011-01-19 00:00:00-05:00,47.18990747489374
2011-01-20 00:00:00-05:00,47.13096197185498
2011-01-21 00:00:00-05:00,47.88426409550775
2011-01-24 00:00:00-05:00,47.63534632318531
2011-01-25 00:00:00-05:00,48.76203820182233
2011-01-26 00:00:00-05:00,49.345033246284295
2011-01-27 00:00:00-05:00,49.44328685073908
2011-01-28 00:00:00-05:00,49.20745901375848
2011-01-31 00:00:00-05:00,48.4738096307462
2011-02-01 00:00:00-05:00,40.98657966422407
2011-02-02 00:00:00-05:00,44.301128861019244
2011-02-03 00:00:00-05:00,43.207194336085806
2011-02-04 00:00:00-05:00,44.04566157926823
2011-02-07 00:00:00-05:00,44.22252909546924
2011-02-08 00:00:00-05:00,44.143932494708665
2011-02-09 00:00:00-05:00,44.34698525400676
2011-02-10 00:00:00-05:00,44.595905858150196
2011-02-11 00:00:00-05:00,44.56314715120421
2011-02-14 00:00:00-05:00,45.93875773390536
2011-02-15 00:00:00-05:00,45.53262835553544
2011-02-16 00:00:00-05:00,45.19201248995447
2011-02-17 00:00:00-05:00,45.36231908893143
2011-02-18 00:00:00-05:00,45.65053753776553
2011-02-22 00:00:00-05:00,45.309931370879426
2011-02-23 00:00:00-05:00,44.90378361808514
2011-02-24 00:00:00-05:00,43.842588132849
2011-02-25 00:00:00-05:00,43.777092600926416
2011-02-28 00:00:00-05:00,44.77276848529353
2011-03-01 00:00:00-05:00,44.01290836065945
2011-03-02 00:00:00-05:00,43.28581520206898
2011-03-03 00:00:00-05:00,43.96050730626357
2011-03-04 00:00:00-05:00,43.71813621202438
2011-03-07 00:00:00-05:00,44.22909116798002
2011-03-08 00:00:00-05:00,43.54127182046213
2011-03-09 00:00:00-05:00,44.16357525955982
2011-03-10 00:00:00-05:00,44.26184044767156
2011-03-11 00:00:00-05:00,44.019478911353545
2011-03-14 00:00:00-04:00,44.24217707041155
2011-03-15 00:00:00-04:00,43.03034901021458
2011-03-16 00:00:00-04:00,43.40371471334
2011-03-17 00:00:00-04:00,43.22029914721649
2011-03-18 00:00:00-04:00,42.92551984610452
2011-03-21 00:00:00-04:00,43.7836412089492
2011-03-22 00:00:00-04:00,44.28148012685485
2011-03-23 00:00:00-04:00,43.58712461937549
2011-03-24 00:00:00-04:00,43.750887524594766
2011-03-25 00:00:00-04:00,43.92120060325929
2011-03-28 00:00:00-04:00,44.1177144821075
2011-03-29 00:00:00-04:00,44.550053509785435
2011-03-30 00:00:00-04:00,45.58504722018039
2011-03-31 00:00:00-04:00,46.194226511762615
2011-04-01 00:00:00-04:00,46.63311181938355
2011-04-04 00:00:00-04:00,47.03270036890971
2011-04-05 00:00:00-04:00,46.665878535868764
2011-04-06 00:00:00-04:00,47.144054390049774
2011-04-07 00:00:00-04:00,47.71396052796403
2011-04-08 00:00:00-04:00,47.425729117562476
2011-04-11 00:00:00-04:00,46.13527427608818
2011-04-12 00:00:00-04:00,45.729149402210375
2011-04-13 00:00:00-04:00,45.95186304721214
2011-04-14 00:00:00-04:00,45.51953249092857
2011-04-15 00:00:00-04:00,45.94530700804577
2011-04-18 00:00:00-04:00,45.250953437983235
2011-04-19 00:00:00-04:00,45.83395526499714
2011-04-20 00:00:00-04:00,46.16147487106715
2011-04-21 00:00:00-04:00,46.056678379500426
2011-04-25 00:00:00-04:00,46.72482390988557
2011-04-26 00:00:00-04:00,46.665870605123985
2011-04-27 00:00:00-04:00,48.473817211170456
2011-04-28 00:00:00-04:00,49.168170804909906
2011-04-29 00:00:00-04:00,49.27298356136989
2011-05-02 00:00:00-04:00,49.53499859126504
2011-05-03 00:00:00-04:00,49.5087971473546
2011-05-04 00:00:00-04:00,49.56120226703598
2011-05-05 00:00:00-04:00,48.637577750957746
2011-05-06 00:00:00-04:00,49.921465920215475
2011-05-09 00:00:00-04:00,49.567752477611116
2011-05-10 00:00:00-04:00,49.8821757183921
2011-05-11 00:00:00-04:00,49.973887868973115
2011-05-12 00:00:00-04:00,49.81011828385186
2011-05-13 00:00:00-04:00,50.32760771166616
2011-05-16 00:00:00-04:00,50.11801088518678
2011-05-17 00:00:00-04:00,48.96509895767709
2011-05-18 00:00:00-04:00,49.626702649510634
2011-05-19 00:00:00-04:00,49.86253265657047
2011-05-20 00:00:00-04:00,50.34726264655777
2011-05-23 00:00:00-04:00,49.607050861564076
2011-05-24 00:00:00-04:00,49.96732540797605
2011-05-25 00:00:00-04:00,49.534991904857954
2011-05-26 00:00:00-04:00,49.227122991129285
2011-05-27 00:00:00-04:00,49.580843577796195
2011-05-31 00:00:00-04:00,50.02628209516328
2011-06-01 00:00:00-04:00,50.41276455531797
2011-06-02 00:00:00-04:00,49.259872284279886
2011-06-03 00:00:00-04:00,48.82098247358514
2011-06-06 00:00:00-04:00,48.021836120220335
2011-06-07 00:00:00-04:00,47.930119752758195
2011-06-08 00:00:00-04:00,47.36023740794722
2011-06-09 00:00:00-04:00,46.2663072636768
2011-06-10 00:00:00-04:00,46.29249667285195
2011-06-13 00:00:00-04:00,45.58503367165836
2011-06-14 00:00:00-04:00,45.748793408839816
2011-06-15 00:00:00-04:00,45.78811025193136
2011-06-16 00:00:00-04:00,45.52607069983981
2011-06-17 00:00:00-04:00,46.05012681070923
2011-06-20 00:00:00-04:00,45.63089206170024
2011-06-21 00:00:00-04:00,46.1287161763244
2011-06-22 00:00:00-04:00,46.678977573036924
2011-06-23 00:00:00-04:00,45.840508205688444
2011-06-24 00:00:00-04:00,46.21387925591961
2011-06-27 00:00:00-04:00,45.879803919264965
2011-06-28 00:00:00-04:00,46.24662984203595
2011-06-29 00:00:00-04:00,47.00649196421149
2011-06-30 00:00:00-04:00,47.34057461227248
2011-07-01 00:00:00-04:00,47.353668101363205
2011-07-05 00:00:00-04:00,48.50656407231732
2011-07-06 00:00:00-04:00,48.76858455000483
2011-07-07 00:00:00-04:00,49.633252902737524
2011-07-08 00:00:00-04:00,48.755487675418514
2011-07-11 00:00:00-04:00,49.31227871883957
2011-07-12 00:00:00-04:00,49.449836533680354
2011-07-13 00:00:00-04:00,49.2991748613024
2011-07-14 00:00:00-04:00,49.141966251838106
2011-07-15 00:00:00-04:00,49.62670910102695
2011-07-18 00:00:00-04:00,50.95646490042695
2011-07-19 00:00:00-04:00,51.66390618597664
2011-07-20 00:00:00-04:00,52.18139399133
2011-07-21 00:00:00-04:00,52.109347292486916
2011-07-22 00:00:00-04:00,52.25346043806345
2011-07-25 00:00:00-04:00,51.611506361937884
2011-07-26 00:00:00-04:00,51.441192380110515
2011-07-27 00:00:00-04:00,51.09400297059047
2011-07-28 00:00:00-04:00,53.58976114421346
2011-07-29 00:00:00-04:00,52.469634122373996
2011-08-01 00:00:00-04:00,53.137774212045755
2011-08-02 00:00:00-04:00,52.91505504414848
2011-08-03 00:00:00-04:00,52.397559716807685
2011-08-04 00:00:00-04:00,51.257789357893785
2011-08-05 00:00:00-04:00,50.04592953198182
2011-08-08 00:00:00-04:00,50.1441924281591
2011-08-09 00:00:00-04:00,48.1004358780221
2011-08-10 00:00:00-04:00,47.55674656086609
2011-08-11 00:00:00-04:00,46.75102479591513
2011-08-12 00:00:00-04:00,50.21624764190362
2011-08-15 00:00:00-04:00,49.77082404008157
2011-08-16 00:00:00-04:00,49.954226583603706
2011-08-17 00:00:00-04:00,49.64636143331458
2011-08-18 00:00:00-04:00,47.96286859661321
2011-08-19 00:00:00-04:00,46.92132509068646
2011-08-22 00:00:00-04:00,46.88858997070151
2011-08-23 00:00:00-04:00,45.93876524154126
2011-08-24 00:00:00-04:00,47.7466939994134
2011-08-25 00:00:00-04:00,49.14851899877395
2011-08-26 00:00:00-04:00,48.25109548638756
2011-08-29 00:00:00-04:00,49.58740276503067
2011-08-30 00:00:00-04:00,49.23367095023424
2011-08-31 00:00:00-04:00,49.98698136953533
2011-09-01 00:00:00-04:00,49.49570180409197
2011-09-02 00:00:00-04:00,47.851512625587446
2011-09-06 00:00:00-04:00,46.11562827602222
2011-09-07 00:00:00-04:00,47.576392075056596
2011-09-08 00:00:00-04:00,47.47159428092284
2011-09-09 00:00:00-04:00,46.54795725582137
2011-09-12 00:00:00-04:00,44.576255118909515
2011-09-13 00:00:00-04:00,45.467120723943296
2011-09-14 00:00:00-04:00,45.94530853265875
2011-09-15 00:00:00-04:00,46.423504891533106
2011-09-16 00:00:00-04:00,47.10475408696524
2011-09-19 00:00:00-04:00,46.4103921154627
2011-09-20 00:00:00-04:00,47.12440084456379
2011-09-21 00:00:00-04:00,46.27284474114176
2011-09-22 00:00:00-04:00,43.63298008618054
2011-09-23 00:00:00-04:00,43.56093401357409
2011-09-26 00:00:00-04:00,45.0413326223286
2011-09-27 00:00:00-04:00,45.1985612581848
2011-09-28 00:00:00-04:00,46.85583649559481
2011-09-29 00:00:00-04:00,45.64399476341694
2011-09-30 00:00:00-04:00,44.64831994473922
2011-10-03 00:00:00-04:00,43.23339704076414
2011-10-04 00:00:00-04:00,41.661274584252894
2011-10-05 00:00:00-04:00,44.052210706976425
2011-10-06 00:00:00-04:00,43.855702787029166
2011-10-07 00:00:00-04:00,45.10030297896451
2011-10-10 00:00:00-04:00,45.23785736241663
2011-10-11 00:00:00-04:00,45.30337045560027
2011-10-12 00:00:00-04:00,45.75533328893609
2011-10-13 00:00:00-04:00,46.384206017520526
2011-10-14 00:00:00-04:00,47.81876582276713
2011-10-17 00:00:00-04:00,48.2183447561572
2011-10-18 00:00:00-04:00,47.09164914932366
2011-10-19 00:00:00-04:00,47.596048063682474
2011-10-20 00:00:00-04:00,47.858063148477335
2011-10-21 00:00:00-04:00,48.84065247046259
2011-10-24 00:00:00-04:00,49.246767641225134
2011-10-25 00:00:00-04:00,49.128857235541126
2011-10-26 00:00:00-04:00,49.135409559161964
2011-10-27 00:00:00-04:00,50.19004370597037
2011-10-28 00:00:00-04:00,49.515343475830605
2011-10-31 00:00:00-04:00,48.866842506240275
2011-11-01 00:00:00-04:00,46.72481732920096
2011-11-02 00:00:00-04:00,47.55018877951305
2011-11-03 00:00:00-04:00,47.83840889232642
2011-11-04 00:00:00-04:00,46.41695382556542
2011-11-07 00:00:00-05:00,45.722589764710676
2011-11-08 00:00:00-05:00,46.23353616994847
2011-11-09 00:00:00-05:00,46.05667217280918
2011-11-10 00:00:00-05:00,45.89945732720497
2011-11-11 00:00:00-05:00,46.13527224952224
2011-11-14 00:00:00-05:00,46.469356536865234
2011-11-15 00:00:00-05:00,46.240089497758994
2011-11-16 00:00:00-05:00,46.05667246818065
2011-11-17 00:00:00-05:00,45.62433912524297
2011-11-18 00:00:00-05:00,45.68330450590499
2011-11-21 00:00:00-05:00,45.09374654100543
2011-11-22 00:00:00-05:00,44.85138396505286
2011-11-23 00:00:00-05:00,44.63520003755757
2011-11-25 00:00:00-05:00,44.08496205711614
2011-11-28 00:00:00-05:00,45.722607453941265
2011-11-29 00:00:00-05:00,46.31213860411045
2011-11-30 00:00:00-05:00,47.15061190585381
2011-12-01 00:00:00-05:00,47.19645059217219
2011-12-02 00:00:00-05:00,47.51088147106021
2011-12-05 00:00:00-05:00,47.75980077339678
2011-12-06 00:00:00-05:00,47.923572691942155
2011-12-07 00:00:00-05:00,47.64844863547969
2011-12-08 00:00:00-05:00,48.10043053182312
2011-12-09 00:00:00-05:00,47.92356313560899
2011-12-12 00:00:00-05:00,48.00218054405453
2011-12-13 00:00:00-05:00,48.44760701896778
2011-12-14 00:00:00-05:00,47.35367500170584
2011-12-15 00:00:00-05:00,47.55019390235775
2011-12-16 00:00:00-05:00,48.74238472313114
2011-12-19 00:00:00-05:00,48.67032616641968
2011-12-20 00:00:00-05:00,48.54586448801661
2011-12-21 00:00:00-05:00,49.07645767283662
2011-12-22 00:00:00-05:00,49.10920913351302
2011-12-23 00:00:00-05:00,49.738061806309595
2011-12-27 00:00:00-05:00,50.281759734311514
2011-12-28 00:00:00-05:00,50.91059997966694
2011-12-29 00:00:00-05:00,50.52412600874503
2011-12-30 00:00:00-05:00,50.91060387970838
2012-01-03 00:00:00-05:00,51.53946044170633
2012-01-04 00:00:00-05:00,50.989214083807944
2012-01-05 00:00:00-05:00,51.04161272753483
2012-01-06 00:00:00-05:00,51.34948386832599
2012-01-09 00:00:00-05:00,50.55032015232418
2012-01-10 00:00:00-05:00,51.46738994521591
2012-01-11 00:00:00-05:00,50.949912359021035
2012-01-12 00:00:00-05:00,51.23157893199063
2012-01-13 00:00:00-05:00,50.61582234797626
2012-01-17 00:00:00-05:00,50.53067960805971
2012-01-18 00:00:00-05:00,50.733748438766476
2012-01-19 00:00:00-05:00,51.16607773554019
2012-01-20 00:00:00-05:00,51.257790670338544
2012-01-23 00:00:00-05:00,51.506702844957786
2012-01-24 00:00:00-05:00,50.963002212540815
2012-01-25 00:00:00-05:00,51.565650195270635
2012-01-26 00:00:00-05:00,52.01764321172196
2012-01-27 00:00:00-05:00,51.83423584599963
2012-01-30 00:00:00-05:00,50.96956598008691
2012-01-31 00:00:00-05:00,51.37569842503049
2012-02-01 00:00:00-05:00,49.78391633069936
2012-02-02 00:00:00-05:00,50.30795697700907
2012-02-03 00:00:00-05:00,50.17693706979649
2012-02-06 00:00:00-05:00,49.71186023125147
2012-02-07 00:00:00-05:00,49.377786826466746
2012-02-08 00:00:00-05:00,50.01318073623371
2012-02-09 00:00:00-05:00,50.17040045351893
2012-02-10 00:00:00-05:00,49.82321699611766
2012-02-13 00:00:00-05:00,50.045936584472656
2012-02-14 00:00:00-05:00,50.01318283350721
2012-02-15 00:00:00-05:00,50.39966189561827
2012-02-16 00:00:00-05:00,50.96957348518334
2012-02-17 00:00:00-05:00,51.69667335241009
2012-02-21 00:00:00-05:00,51.30362660490295
2012-02-22 00:00:00-05:00,51.12675927673316
2012-02-23 00:00:00-05:00,50.72063625014314
2012-02-24 00:00:00-05:00,51.120213229479724
2012-02-27 00:00:00-05:00,50.36691007996426
2012-02-28 00:00:00-05:00,50.458621978759766
2012-02-29 00:00:00-05:00,50.419316927534226
2012-03-01 00:00:00-05:00,50.09178485884025
2012-03-02 00:00:00-05:00,49.65944825318258
2012-03-05 00:00:00-05:00,49.08956347610779
2012-03-06 00:00:00-05:00,49.23367568662807
2012-03-07 00:00:00-05:00,49.04370219594642
2012-03-08 00:00:00-05:00,49.875624315821405
2012-03-09 00:00:00-05:00,49.862517561464
2012-03-12 00:00:00-04:00,49.84287547970196
2012-03-13 00:00:00-04:00,50.27521005064105
2012-03-14 00:00:00-04:00,50.64857668414505
2012-03-15 00:00:00-04:00,50.59618092487812
2012-03-16 00:00:00-04:00,50.47827358122547
2012-03-19 00:00:00-04:00,49.75771224906197
2012-03-20 00:00:00-04:00,49.75771569256998
2012-03-21 00:00:00-04:00,49.711854329480545
2012-03-22 00:00:00-04:00,49.22058507712028
2012-03-23 00:00:00-04:00,48.60482739611171
2012-03-26 00:00:00-04:00,49.04370112482925
2012-03-27 00:00:00-04:00,48.29039807445655
2012-03-28 00:00:00-04:00,47.93666104806871
2012-03-29 00:00:00-04:00,48.048028675634924
2012-03-30 00:00:00-04:00,48.80133740412289
2012-04-02 00:00:00-04:00,48.696525139856774
2012-04-03 00:00:00-04:00,49.2860768825931
2012-04-04 00:00:00-04:00,48.886493860782274
2012-04-05 00:00:00-04:00,47.406068395302164
2012-04-09 00:00:00-04:00,47.07200794164681
2012-04-10 00:00:00-04:00,46.94098612366394
2012-04-11 00:00:00-04:00,47.04580138529557
2012-04-12 00:00:00-04:00,46.724819973422896
2012-04-13 00:00:00-04:00,47.216105110718196
2012-04-16 00:00:00-04:00,46.92132877219949
2012-04-17 00:00:00-04:00,47.11130494381901
2012-04-18 00:00:00-04:00,47.36022547658492
2012-04-19 00:00:00-04:00,47.445374320879516
2012-04-20 00:00:00-04:00,46.77068464130176
2012-04-23 00:00:00-04:00,46.397303826029756
2012-04-24 00:00:00-04:00,46.246643829076824
2012-04-25 00:00:00-04:00,46.77724227275546
2012-04-26 00:00:00-04:00,46.44314703226051
2012-04-27 00:00:00-04:00,46.770683466975285
2012-04-30 00:00:00-04:00,46.86893287238582
2012-05-01 00:00:00-04:00,46.51521524772357
2012-05-02 00:00:00-04:00,49.128855878142836
2012-05-03 00:00:00-04:00,50.5175698991468
2012-05-04 00:00:00-04:00,50.229355700140665
2012-05-07 00:00:00-04:00,49.607052717649005
2012-05-08 00:00:00-04:00,49.25987861450412
2012-05-09 00:00:00-04:00,48.40830481164347
2012-05-10 00:00:00-04:00,48.93234523568054
2012-05-11 00:00:00-04:00,48.51310891567914
2012-05-14 00:00:00-04:00,48.401755024925286
2012-05-15 00:00:00-04:00,48.82754111091939
2012-05-16 00:00:00-04:00,48.96509863187052
2012-05-17 00:00:00-04:00,48.801339007175166
2012-05-18 00:00:00-04:00,48.768595904351116
2012-05-21 00:00:00-04:00,48.02183467199688
2012-05-22 00:00:00-04:00,48.43450723070862
2012-05-23 00:00:00-04:00,47.75326424327567
2012-05-24 00:00:00-04:00,47.62224657642434
2012-05-25 00:00:00-04:00,47.27506972144878
2012-05-29 00:00:00-04:00,47.93667242732741
2012-05-30 00:00:00-04:00,48.21178615270327
2012-05-31 00:00:00-04:00,48.09388572033264
2012-06-01 00:00:00-04:00,46.95410233890254
2012-06-04 00:00:00-04:00,46.00426060228397
2012-06-05 00:00:00-04:00,45.72259735812962
2012-06-06 00:00:00-04:00,46.724821320987644
2012-06-07 00:00:00-04:00,48.01527712822916
2012-06-08 00:00:00-04:00,47.65499656001763
2012-06-11 00:00:00-04:00,48.310049772079886
2012-06-12 00:00:00-04:00,48.04802521092579
2012-06-13 00:00:00-04:00,48.65066527543884
2012-06-14 00:00:00-04:00,48.36244182975491
2012-06-15 00:00:00-04:00,48.82754621504997
2012-06-18 00:00:00-04:00,48.5524270260262
2012-06-19 00:00:00-04:00,48.310054999379155
2012-06-20 00:00:00-04:00,48.015287963811645
2012-06-21 00:00:00-04:00,47.582943706168365
2012-06-22 00:00:00-04:00,46.86237117908338
2012-06-25 00:00:00-04:00,46.65932316839085
2012-06-26 00:00:00-04:00,46.1352867103808
2012-06-27 00:00:00-04:00,46.96064060490923
2012-06-28 00:00:00-04:00,46.71827653546566
2012-06-29 00:00:00-04:00,48.50657363819394
2012-07-02 00:00:00-04:00,49.29262779378363
2012-07-03 00:00:00-04:00,49.16162112138958
2012-07-05 00:00:00-04:00,49.06990864816416
2012-07-06 00:00:00-04:00,49.292624981528185
2012-07-09 00:00:00-04:00,49.476036114314624
2012-07-10 00:00:00-04:00,49.41054385769224
2012-07-11 00:00:00-04:00,49.456395270436055
2012-07-12 00:00:00-04:00,48.748934011186066
2012-07-13 00:00:00-04:00,48.7096272334341
2012-07-16 00:00:00-04:00,49.351582879826225
2012-07-17 00:00:00-04:00,50.104885759586836
2012-07-18 00:00:00-04:00,50.32761605559311
2012-07-19 00:00:00-04:00,51.13331464342074
2012-07-20 00:00:00-04:00,50.96301398456358
2012-07-23 00:00:00-04:00,49.62015289583916
2012-07-24 00:00:00-04:00,51.02195141320626
2012-07-25 00:00:00-04:00,49.941131700671065
2012-07-26 00:00:00-04:00,50.94989932613889
2012-07-27 00:00:00-04:00,51.781817392338944
2012-07-30 00:00:00-04:00,52.14864903737715
2012-07-31 00:00:00-04:00,51.284002090607785
2012-08-01 00:00:00-04:00,47.045817108912985
2012-08-02 00:00:00-04:00,44.805517004693584
2012-08-03 00:00:00-04:00,44.75312110883725
2012-08-06 00:00:00-04:00,43.90154557695322
2012-08-07 00:00:00-04:00,43.325111067507066
2012-08-08 00:00:00-04:00,42.932068214875294
2012-08-09 00:00:00-04:00,43.200638875055674
2012-08-10 00:00:00-04:00,43.04999122882126
2012-08-13 00:00:00-04:00,43.004126736856634
2012-08-14 00:00:00-04:00,42.866576238384816
2012-08-15 00:00:00-04:00,42.73555295479004
2012-08-16 00:00:00-04:00,43.436452503537765
2012-08-17 00:00:00-04:00,44.209423127353794
2012-08-20 00:00:00-04:00,44.575594852158154
2012-08-21 00:00:00-04:00,44.85233833074479
2012-08-22 00:00:00-04:00,44.85893494466971
2012-08-23 00:00:00-04:00,45.06978089741471
2012-08-24 00:00:00-04:00,44.77986170035555
2012-08-27 00:00:00-04:00,45.20156916868659
2012-08-28 00:00:00-04:00,44.91164206208162
2012-08-29 00:00:00-04:00,44.812805732851764
2012-08-30 00:00:00-04:00,44.648083043976825
2012-08-31 00:00:00-04:00,45.20815379796075
2012-09-04 00:00:00-04:00,45.26745897123646
2012-09-05 00:00:00-04:00,45.14885813008693
2012-09-06 00:00:00-04:00,46.07134705955579
2012-09-07 00:00:00-04:00,46.50622845405156
2012-09-10 00:00:00-04:00,46.558921250476054
2012-09-11 00:00:00-04:00,46.381022516467915
2012-09-12 00:00:00-04:00,46.532567861059185
2012-09-13 00:00:00-04:00,46.545756894663214
2012-09-14 00:00:00-04:00,45.75505776884428
2012-09-17 00:00:00-04:00,44.99070780858014
2012-09-18 00:00:00-04:00,45.135677972138105
2012-09-19 00:00:00-04:00,49.69537323738437
2012-09-20 00:00:00-04:00,50.28839568250494
2012-09-21 00:00:00-04:00,50.7298633618895
2012-09-24 00:00:00-04:00,49.47133091445191
2012-09-25 00:00:00-04:00,50.29498556706091
2012-09-26 00:00:00-04:00,49.642648249352064
2012-09-27 00:00:00-04:00,49.715136153458054
2012-09-28 00:00:00-04:00,49.18800443870704
2012-10-01 00:00:00-04:00,49.22753410915605
2012-10-02 00:00:00-04:00,48.878313174450014
2012-10-03 00:00:00-04:00,48.91784258207025
2012-10-04 00:00:00-04:00,49.28025089707869
2012-10-05 00:00:00-04:00,49.2275307276491
2012-10-08 00:00:00-04:00,48.996912685271795
2012-10-09 00:00:00-04:00,48.924443259319794
2012-10-10 00:00:00-04:00,48.37095189281659
2012-10-11 00:00:00-04:00,48.957380174732286
2012-10-12 00:00:00-04:00,48.1007938392375
2012-10-15 00:00:00-04:00,48.120562168508954
2012-10-16 00:00:00-04:00,48.199635546241964
2012-10-17 00:00:00-04:00,48.219398445561346
2012-10-18 00:00:00-04:00,48.68064172966066
2012-10-19 00:00:00-04:00,48.95079208510627
2012-10-22 00:00:00-04:00,47.03334919114976
2012-10-23 00:00:00-04:00,46.52598817809199
2012-10-24 00:00:00-04:00,46.644591168148565
2012-10-25 00:00:00-04:00,46.78297374760145
2012-10-26 00:00:00-04:00,47.567064404424684
2012-10-31 00:00:00-04:00,47.909696293145785
2012-11-01 00:00:00-04:00,48.252338314251055
2012-11-02 00:00:00-04:00,49.253890485360735
2012-11-05 00:00:00-05:00,48.403897232652405
2012-11-06 00:00:00-05:00,47.929483961039345
2012-11-07 00:00:00-05:00,47.51435225476136
2012-11-08 00:00:00-05:00,46.72366546486598
2012-11-09 00:00:00-05:00,50.33451472419909
2012-11-12 00:00:00-05:00,50.22250177261031
2012-11-13 00:00:00-05:00,49.93916739329849
2012-11-14 00:00:00-05:00,49.58994216025106
2012-11-15 00:00:00-05:00,49.24730775755248
2012-11-16 00:00:00-05:00,48.77288538061611
2012-11-19 00:00:00-05:00,50.429117643609445
2012-11-20 00:00:00-05:00,50.800123482102244
2012-11-21 00:00:00-05:00,51.08499442721452
2012-11-23 00:00:00-05:00,51.36986347469446
2012-11-26 00:00:00-05:00,51.13137107038266
2012-11-27 00:00:00-05:00,51.38974449266881
2012-11-28 00:00:00-05:00,51.32347861134014
2012-11-29 00:00:00-05:00,52.25097947668826
2012-11-30 00:00:00-05:00,52.456364421321055
2012-12-03 00:00:00-05:00,52.70810901451438
2012-12-04 00:00:00-05:00,52.73461004494251
2012-12-05 00:00:00-05:00,52.46298575284794
2012-12-06 00:00:00-05:00,52.40335941227086
2012-12-07 00:00:00-05:00,53.50310182079174
2012-12-10 00:00:00-05:00,53.933724306192374
2012-12-11 00:00:00-05:00,54.298082207911555
2012-12-12 00:00:00-05:00,54.894347108684634
2012-12-13 00:00:00-05:00,54.245094525748804
2012-12-14 00:00:00-05:00,53.48985684304093
2012-12-17 00:00:00-05:00,52.99959938216387
2012-12-18 00:00:00-05:00,53.350722434307684
2012-12-19 00:00:00-05:00,53.45672771037331
2012-12-20 00:00:00-05:00,53.22484895558582
2012-12-21 00:00:00-05:00,53.16523179756512
2012-12-24 00:00:00-05:00,53.74159732094704
2012-12-26 00:00:00-05:00,53.132097057316514
2012-12-27 00:00:00-05:00,52.71473779175726
2012-12-28 00:00:00-05:00,52.436475796214246
2012-12-31 00:00:00-05:00,52.370226723656636
2013-01-02 00:00:00-05:00,53.980106130625956
2013-01-03 00:00:00-05:00,54.026466340719494
2013-01-04 00:00:00-05:00,53.907227993208295
2013-01-07 00:00:00-05:00,54.11921895547677
2013-01-08 00:00:00-05:00,53.82109870359887
2013-01-09 00:00:00-05:00,54.914209554796024
2013-01-10 00:00:00-05:00,55.15270282560434
2013-01-11 00:00:00-05:00,55.13283701871128
2013-01-14 00:00:00-05:00,54.973837507876965
2013-01-15 00:00:00-05:00,55.12620382466613
2013-01-16 00:00:00-05:00,56.2193318540676
2013-01-17 00:00:00-05:00,56.33194935631061
2013-01-18 00:00:00-05:00,57.24619637472713
2013-01-22 00:00:00-05:00,58.17368420413814
2013-01-23 00:00:00-05:00,57.86894436773392
2013-01-24 00:00:00-05:00,57.36544144569988
2013-01-25 00:00:00-05:00,58.00807445437608
2013-01-28 00:00:00-05:00,57.478081149942675
2013-01-29 00:00:00-05:00,57.67682502484757
2013-01-30 00:00:00-05:00,58.451939664786124
2013-01-31 00:00:00-05:00,56.762576424371844
2013-02-01 00:00:00-05:00,58.04119088588487
2013-02-04 00:00:00-05:00,58.16045266479546
2013-02-05 00:00:00-05:00,58.42543864125447
2013-02-06 00:00:00-05:00,58.41220482219608
2013-02-07 00:00:00-05:00,59.04156224683819
2013-02-08 00:00:00-05:00,58.78318798919603
2013-02-11 00:00:00-05:00,58.306196781796345
2013-02-12 00:00:00-05:00,58.630803602412726
2013-02-13 00:00:00-05:00,58.822929882877936
2013-02-14 00:00:00-05:00,58.84945213431083
2013-02-15 00:00:00-05:00,60.21372467260236
2013-02-19 00:00:00-05:00,60.32684482351972
2013-02-20 00:00:00-05:00,61.29171801755074
2013-02-21 00:00:00-05:00,60.88581248802359
2013-02-22 00:00:00-05:00,60.78599271463985
2013-02-25 00:00:00-05:00,61.04549624231665
2013-02-26 00:00:00-05:00,60.40004746920402
2013-02-27 00:00:00-05:00,60.17381827313682
2013-02-28 00:00:00-05:00,60.77934132593609
2013-03-01 00:00:00-05:00,60.92572956554264
2013-03-04 00:00:00-05:00,60.519822718945335
2013-03-05 00:00:00-05:00,61.53126499619646
2013-03-06 00:00:00-05:00,62.21664040863417
2013-03-07 00:00:00-05:00,62.00371257824566
2013-03-08 00:00:00-05:00,62.669125770119024
2013-03-11 00:00:00-04:00,63.14157709640099
2013-03-12 00:00:00-04:00,63.14158984341432
2013-03-13 00:00:00-04:00,62.97522580353199
2013-03-14 00:00:00-04:00,62.91535072434001
2013-03-15 00:00:00-04:00,63.11495702288994
2013-03-18 00:00:00-04:00,62.236623507081575
2013-03-19 00:00:00-04:00,62.26988858599492
2013-03-20 00:00:00-04:00,63.10832165744953
2013-03-21 00:00:00-04:00,63.89350777091621
2013-03-22 00:00:00-04:00,64.11973821219694
2013-03-25 00:00:00-04:00,64.54561385774582
2013-03-26 00:00:00-04:00,64.7452687685152
2013-03-27 00:00:00-04:00,65.0646590874019
2013-03-28 00:00:00-04:00,65.29752567139695
2013-04-01 00:00:00-04:00,66.50858982218757
2013-04-02 00:00:00-04:00,66.32894284288794
2013-04-03 00:00:00-04:00,65.76333312401385
2013-04-04 00:00:00-04:00,64.392580803575
2013-04-05 00:00:00-04:00,63.793688590312335
2013-04-08 00:00:00-04:00,63.72713804734787
2013-04-09 00:00:00-04:00,64.49902452901499
2013-04-10 00:00:00-04:00,65.01140658309667
2013-04-11 00:00:00-04:00,65.13118457104314
2013-04-12 00:00:00-04:00,65.63687960625495
2013-04-15 00:00:00-04:00,64.66539273839126
2013-04-16 00:00:00-04:00,63.88685785293048
2013-04-17 00:00:00-04:00,63.62733861787944
2013-04-18 00:00:00-04:00,62.35638052849394
2013-04-19 00:00:00-04:00,62.26987376805141
2013-04-22 00:00:00-04:00,63.134922502257496
2013-04-23 00:00:00-04:00,63.214789321257356
2013-04-24 00:00:00-04:00,63.69386690917924
2013-04-25 00:00:00-04:00,64.49237060546875
2013-04-26 00:00:00-04:00,64.53895439798588
2013-04-29 00:00:00-04:00,63.88019684555333
2013-04-30 00:00:00-04:00,63.7404607906882
2013-05-01 00:00:00-04:00,62.89538172804022
2013-05-02 00:00:00-04:00,63.88019719485973
2013-05-03 00:00:00-04:00,66.94111993969503
2013-05-06 00:00:00-04:00,65.88309089139885
2013-05-07 00:00:00-04:00,65.9829213180568
2013-05-08 00:00:00-04:00,66.79472402076594
2013-05-09 00:00:00-04:00,67.30707932500356
2013-05-10 00:00:00-04:00,66.65499671280739
2013-05-13 00:00:00-04:00,66.4088031868517
2013-05-14 00:00:00-04:00,66.19584879840768
2013-05-15 00:00:00-04:00,67.44683637521354
2013-05-16 00:00:00-04:00,67.98582434656531
2013-05-17 00:00:00-04:00,66.76997697155566
2013-05-20 00:00:00-04:00,68.41331772102751
2013-05-21 00:00:00-04:00,67.17748018881956
2013-05-22 00:00:00-04:00,66.60296000751164
2013-05-23 00:00:00-04:00,64.46524565721732
2013-05-24 00:00:00-04:00,64.1980237373545
2013-05-28 00:00:00-04:00,65.40048518524702
2013-05-29 00:00:00-04:00,66.11527364067962
2013-05-30 00:00:00-04:00,64.95959203739393
2013-05-31 00:00:00-04:00,64.97962295903538
2013-06-03 00:00:00-04:00,63.636891377686055
2013-06-04 00:00:00-04:00,62.45445452843257
2013-06-05 00:00:00-04:00,62.84861400435345
2013-06-06 00:00:00-04:00,63.71704296703151
2013-06-07 00:00:00-04:00,64.97295506548356
2013-06-10 00:00:00-04:00,66.43593782145119
2013-06-11 00:00:00-04:00,65.36708494879538
2013-06-12 00:00:00-04:00,66.87684167786726
2013-06-13 00:00:00-04:00,66.649732851808
2013-06-14 00:00:00-04:00,67.35114928785914
2013-06-17 00:00:00-04:00,67.37117239462374
2013-06-18 00:00:00-04:00,68.46008362268378
2013-06-19 00:00:00-04:00,68.19954975901975
2013-06-20 00:00:00-04:00,66.52946386651972
2013-06-21 00:00:00-04:00,66.7633047992283
2013-06-24 00:00:00-04:00,65.03307436778188
2013-06-25 00:00:00-04:00,65.38044255121052
2013-06-26 00:00:00-04:00,66.06853911183586
2013-06-27 00:00:00-04:00,66.43592849126424
2013-06-28 00:00:00-04:00,66.89687864784464
2013-07-01 00:00:00-04:00,67.6116949128807
2013-07-02 00:00:00-04:00,68.29975583311817
2013-07-03 00:00:00-04:00,67.40458773601742
2013-07-05 00:00:00-04:00,67.7452776649033
2013-07-08 00:00:00-04:00,68.44004502190356
2013-07-09 00:00:00-04:00,68.97446560914645
2013-07-10 00:00:00-04:00,69.8629612049742
2013-07-11 00:00:00-04:00,69.31517077510526
2013-07-12 00:00:00-04:00,69.7493739026079
2013-07-15 00:00:00-04:00,71.99398888744848
2013-07-16 00:00:00-04:00,71.16561340613727
2013-07-17 00:00:00-04:00,70.25710098731085
2013-07-18 00:00:00-04:00,70.1902823222524
2013-07-19 00:00:00-04:00,70.79819426775697
2013-07-22 00:00:00-04:00,70.73139788162237
2013-07-23 00:00:00-04:00,70.47752567322755
2013-07-24 00:00:00-04:00,70.77817353147255
2013-07-25 00:00:00-04:00,70.65791119258452
2013-07-26 00:00:00-04:00,71.36601037554307
2013-07-29 00:00:00-04:00,71.00528100960837
2013-07-30 00:00:00-04:00,71.42615739862993
2013-07-31 00:00:00-04:00,69.06798523562126
2013-08-01 00:00:00-04:00,68.76738564005397
2013-08-02 00:00:00-04:00,65.26689327384243
2013-08-05 00:00:00-04:00,67.6450881503184
2013-08-06 00:00:00-04:00,67.95904431035008
2013-08-07 00:00:00-04:00,67.23087557429403
2013-08-08 00:00:00-04:00,67.11065714462565
2013-08-09 00:00:00-04:00,66.86347084029934
2013-08-12 00:00:00-04:00,66.70314945232887
2013-08-13 00:00:00-04:00,66.7232154092895
2013-08-14 00:00:00-04:00,66.743244784374
2013-08-15 00:00:00-04:00,66.33572947841544
2013-08-16 00:00:00-04:00,65.94858564697942
2013-08-19 00:00:00-04:00,66.17686492049022
2013-08-20 00:00:00-04:00,66.0761377257041
2013-08-21 00:00:00-04:00,66.93560427158003
2013-08-22 00:00:00-04:00,66.12983343721332
2013-08-23 00:00:00-04:00,66.50588882570753
2013-08-26 00:00:00-04:00,66.42529934823347
2013-08-27 00:00:00-04:00,65.35100949283235
2013-08-28 00:00:00-04:00,65.69343682270551
2013-08-29 00:00:00-04:00,65.94186713559853
2013-08-30 00:00:00-04:00,66.82145366010003
2013-09-03 00:00:00-04:00,66.87517748921357
2013-09-04 00:00:00-04:00,64.03497504897646
2013-09-05 00:00:00-04:00,64.2095552894153
2013-09-06 00:00:00-04:00,63.679120562008045
2013-09-09 00:00:00-04:00,63.088251106285504
2013-09-10 00:00:00-04:00,64.10212735723047
2013-09-11 00:00:00-04:00,63.974554067267405
2013-09-12 00:00:00-04:00,63.5649829003926
2013-09-13 00:00:00-04:00,63.370260663220236
2013-09-16 00:00:00-04:00,63.93426293730888
2013-09-17 00:00:00-04:00,63.58512686490767
2013-09-18 00:00:00-04:00,64.06857302071812
2013-09-19 00:00:00-04:00,64.39756530323608
2013-09-20 00:00:00-04:00,64.20955984830242
2013-09-23 00:00:00-04:00,63.44412992962726
2013-09-24 00:00:00-04:00,63.27627525439248
2013-09-25 00:00:00-04:00,62.8734002291944
2013-09-26 00:00:00-04:00,62.01394307371728
2013-09-27 00:00:00-04:00,62.17509549641901
2013-09-30 00:00:00-04:00,61.658096823409586
2013-10-01 00:00:00-04:00,61.1813897004127
2013-10-02 00:00:00-04:00,62.16167547675256
2013-10-03 00:00:00-04:00,62.000528519883915
2013-10-04 00:00:00-04:00,62.054251645647206
2013-10-07 00:00:00-04:00,61.82595996357996
2013-10-08 00:00:00-04:00,63.021114729089696
2013-10-09 00:00:00-04:00,61.98040176663795
2013-10-10 00:00:00-04:00,62.43696879937362
2013-10-11 00:00:00-04:00,62.57124832256599
2013-10-14 00:00:00-04:00,62.77268292755286
2013-10-15 00:00:00-04:00,63.01439992647393
2013-10-16 00:00:00-04:00,62.40338190467083
2013-10-17 00:00:00-04:00,62.67868393177673
2013-10-18 00:00:00-04:00,62.90696431210481
2013-10-21 00:00:00-04:00,62.94054294883406
2013-10-22 00:00:00-04:00,62.55781710771142
2013-10-23 00:00:00-04:00,63.6656784456929
2013-10-24 00:00:00-04:00,65.68671086792153
2013-10-25 00:00:00-04:00,65.27714910646988
2013-10-28 00:00:00-04:00,65.90157215025503
2013-10-29 00:00:00-04:00,66.55958544303127
2013-10-30 00:00:00-04:00,67.03631581143546
2013-10-31 00:00:00-04:00,65.41144118954422
2013-11-01 00:00:00-04:00,65.80757591767659
2013-11-04 00:00:00-05:00,65.1898596933589
2013-11-05 00:00:00-05:00,67.20416249981726
2013-11-06 00:00:00-05:00,67.80846247207778
2013-11-07 00:00:00-05:00,68.19118649957514
2013-11-08 00:00:00-05:00,66.49244717994401
2013-11-11 00:00:00-05:00,68.94317743308346
2013-11-12 00:00:00-05:00,70.185352581712
2013-11-13 00:00:00-05:00,70.57477434522073
2013-11-14 00:00:00-05:00,71.81693488977855
2013-11-15 00:00:00-05:00,71.97808916099986
2013-11-18 00:00:00-05:00,71.15188214640575
2013-11-19 00:00:00-05:00,70.61896444587009
2013-11-20 00:00:00-05:00,71.37450555847518
2013-11-21 00:00:00-05:00,72.88568297247176
2013-11-22 00:00:00-05:00,74.16747308913158
2013-11-25 00:00:00-05:00,73.35791881445361
2013-11-26 00:00:00-05:00,74.20793066194581
2013-11-27 00:00:00-05:00,74.78808082107282
2013-11-29 00:00:00-05:00,74.82180947084268
2013-12-02 00:00:00-05:00,74.53848486391361
2013-12-03 00:00:00-05:00,73.97178995489412
2013-12-04 00:00:00-05:00,73.83011404844292
2013-12-05 00:00:00-05:00,74.35632428581224
2013-12-06 00:00:00-05:00,74.44403958689954
2013-12-09 00:00:00-05:00,75.57066342117507
2013-12-10 00:00:00-05:00,75.67182162811697
2013-12-11 00:00:00-05:00,75.04445309421929
2013-12-12 00:00:00-05:00,74.28213976769607
2013-12-13 00:00:00-05:00,73.62774553082242
2013-12-16 00:00:00-05:00,73.75590820634946
2013-12-17 00:00:00-05:00,72.65632138951449
2013-12-18 00:00:00-05:00,71.85348197449352
2013-12-19 00:00:00-05:00,72.81821271566602
2013-12-20 00:00:00-05:00,72.09637114539075
2013-12-23 00:00:00-05:00,72.8384610568317
2013-12-24 00:00:00-05:00,71.61066929356315
2013-12-26 00:00:00-05:00,72.2650234567407
2013-12-27 00:00:00-05:00,72.38644836486657
2013-12-30 00:00:00-05:00,72.5213848496698
2013-12-31 00:00:00-05:00,72.9126375346836
2014-01-02 00:00:00-05:00,72.9598795350071
2014-01-03 00:00:00-05:00,72.17731702085428
2014-01-06 00:00:00-05:00,71.79954343030845
2014-01-07 00:00:00-05:00,70.13324136899807
2014-01-08 00:00:00-05:00,71.19913278486018
2014-01-09 00:00:00-05:00,71.54318168821865
2014-01-10 00:00:00-05:00,71.79953088538646
2014-01-13 00:00:00-05:00,71.52294061886852
2014-01-14 00:00:00-05:00,70.85506821647289
2014-01-15 00:00:00-05:00,71.51619928256197
2014-01-16 00:00:00-05:00,71.9074676603913
2014-01-17 00:00:00-05:00,72.00192170236552
2014-01-21 00:00:00-05:00,71.71183590282234
2014-01-22 00:00:00-05:00,71.76579814348331
2014-01-23 00:00:00-05:00,71.94795165387555
2014-01-24 00:00:00-05:00,70.7268820993044
2014-01-27 00:00:00-05:00,69.12804426916189
2014-01-28 00:00:00-05:00,67.79230833965886
2014-01-29 00:00:00-05:00,63.73110975501149
2014-01-30 00:00:00-05:00,64.31127586679405
2014-01-31 00:00:00-05:00,63.07674283804849
2014-02-03 00:00:00-05:00,63.542215326199994
2014-02-04 00:00:00-05:00,62.638223521211806
2014-02-05 00:00:00-05:00,63.52871431415239
2014-02-06 00:00:00-05:00,63.758096694072286
2014-02-07 00:00:00-05:00,64.42596317146199
2014-02-10 00:00:00-05:00,63.74460894611672
2014-02-11 00:00:00-05:00,64.93193797126729
2014-02-12 00:00:00-05:00,64.00769513476158
2014-02-13 00:00:00-05:00,63.53546969006666
2014-02-14 00:00:00-05:00,64.75651775270705
2014-02-18 00:00:00-05:00,65.32860927636403
2014-02-19 00:00:00-05:00,65.1183941697746
2014-02-20 00:00:00-05:00,65.29470424795302
2014-02-21 00:00:00-05:00,65.44388258320703
2014-02-24 00:00:00-05:00,64.59624028114628
2014-02-25 00:00:00-05:00,64.76579130840679
2014-02-26 00:00:00-05:00,65.15226623014712
2014-02-27 00:00:00-05:00,64.52163607758405
2014-02-28 00:00:00-05:00,65.57948705654019
2014-03-03 00:00:00-05:00,65.3218030993
2014-03-04 00:00:00-05:00,64.69116250215205
2014-03-05 00:00:00-05:00,63.87745142039924
2014-03-06 00:00:00-05:00,63.68757311004349
2014-03-07 00:00:00-05:00,64.69796675187159
2014-03-10 00:00:00-04:00,64.51487508195254
2014-03-11 00:00:00-04:00,64.65049673264734
2014-03-12 00:00:00-04:00,64.35891259254994
2014-03-13 00:00:00-04:00,63.95882318416981
2014-03-14 00:00:00-04:00,63.3688621424848
2014-03-17 00:00:00-04:00,64.16226967012012
2014-03-18 00:00:00-04:00,64.33856121482032
2014-03-19 00:00:00-04:00,64.75221574686256
2014-03-20 00:00:00-04:00,64.41992604438109
2014-03-21 00:00:00-04:00,65.85073037449098
2014-03-24 00:00:00-04:00,66.21011252781408
2014-03-25 00:00:00-04:00,66.96961285586438
2014-03-26 00:00:00-04:00,66.67802322920808
2014-03-27 00:00:00-04:00,68.36649978133794
2014-03-28 00:00:00-04:00,67.52565509429081
2014-03-31 00:00:00-04:00,67.7833310692267
2014-04-01 00:00:00-04:00,68.44788940980041
2014-04-02 00:00:00-04:00,67.64093664547896
2014-04-03 00:00:00-04:00,67.1934160235889
2014-04-04 00:00:00-04:00,67.29509259972198
2014-04-07 00:00:00-04:00,66.67804363420555
2014-04-08 00:00:00-04:00,66.48815695468855
2014-04-09 00:00:00-04:00,66.86111004480497
2014-04-10 00:00:00-04:00,66.66446615368302
2014-04-11 00:00:00-04:00,66.03382814506939
2014-04-14 00:00:00-04:00,65.78971560511513
2014-04-15 00:00:00-04:00,65.57949402339196
2014-04-16 00:00:00-04:00,66.26437692142969
2014-04-17 00:00:00-04:00,66.74583259121209
2014-04-21 00:00:00-04:00,66.63056244387505
2014-04-22 00:00:00-04:00,66.79330538817874
2014-04-23 00:00:00-04:00,67.16625155983058
2014-04-24 00:00:00-04:00,66.79330743239802
2014-04-25 00:00:00-04:00,66.67802631684339
2014-04-28 00:00:00-04:00,66.98316884020502
2014-04-29 00:00:00-04:00,66.86110084126018
2014-04-30 00:00:00-04:00,77.83962549924279
2014-05-01 00:00:00-04:00,75.53408274251319
2014-05-02 00:00:00-04:00,76.96487359932601
2014-05-05 00:00:00-04:00,78.36853914494401
2014-05-06 00:00:00-04:00,78.2600531519592
2014-05-07 00:00:00-04:00,78.4906277694868
2014-05-08 00:00:00-04:00,78.605898079535
2014-05-09 00:00:00-04:00,78.165105097235
2014-05-12 00:00:00-04:00,78.54483743501717
2014-05-13 00:00:00-04:00,78.6262332317971
2014-05-14 00:00:00-04:00,78.38212424561435
2014-05-15 00:00:00-04:00,77.27680420150227
2014-05-16 00:00:00-04:00,77.10726742786903
2014-05-19 00:00:00-04:00,77.12133120680681
2014-05-20 00:00:00-04:00,77.33930726204429
2014-05-21 00:00:00-04:00,77.41421103843471
2014-05-22 00:00:00-04:00,77.42102299952067
2014-05-23 00:00:00-04:00,77.33928293371322
2014-05-27 00:00:00-04:00,77.87056664816711
2014-05-28 00:00:00-04:00,78.0612703213478
2014-05-29 00:00:00-04:00,77.79564601515943
2014-05-30 00:00:00-04:00,78.51761553088483
2014-06-02 00:00:00-04:00,79.1169717232017
2014-06-03 00:00:00-04:00,78.24515409102275
2014-06-04 00:00:00-04:00,78.29284157714845
2014-06-05 00:00:00-04:00,78.94669294144133
2014-06-06 00:00:00-04:00,79.52562529068979
2014-06-09 00:00:00-04:00,80.09776102148929
2014-06-10 00:00:00-04:00,80.66988638386943
2014-06-11 00:00:00-04:00,79.96838073340612
2014-06-12 00:00:00-04:00,80.43831632772651
2014-06-13 00:00:00-04:00,80.73799675958352
2014-06-16 00:00:00-04:00,80.92869536194742
2014-06-17 00:00:00-04:00,81.19434642004917
2014-06-18 00:00:00-04:00,81.73240256923943
2014-06-19 00:00:00-04:00,82.35222367467087
2014-06-20 00:00:00-04:00,82.57017553206107
2014-06-23 00:00:00-04:00,83.19677986584914
2014-06-24 00:00:00-04:00,82.41352168428848
2014-06-25 00:00:00-04:00,81.65069435274316
2014-06-26 00:00:00-04:00,81.99805152070729
2014-06-27 00:00:00-04:00,81.76645031758727
2014-06-30 00:00:00-04:00,82.767694689747
2014-07-01 00:00:00-04:00,83.196782454832
2014-07-02 00:00:00-04:00,83.12868071698458
2014-07-03 00:00:00-04:00,83.0060803354725
2014-07-07 00:00:00-04:00,82.70640710312341
2014-07-08 00:00:00-04:00,82.21599881858607
2014-07-09 00:00:00-04:00,82.75407726704073
2014-07-10 00:00:00-04:00,82.16830528792231
2014-07-11 00:00:00-04:00,83.21723728818509
2014-07-14 00:00:00-04:00,84.00048580774911
2014-07-15 00:00:00-04:00,83.89830903928994
2014-07-16 00:00:00-04:00,83.34663832329674
2014-07-17 00:00:00-04:00,81.65068467772014
2014-07-18 00:00:00-04:00,81.15348628798141
2014-07-21 00:00:00-04:00,80.84016474589033
2014-07-22 00:00:00-04:00,80.01603900461855
2014-07-23 00:00:00-04:00,79.33493122875637
2014-07-24 00:00:00-04:00,80.61540881147697
2014-07-25 00:00:00-04:00,81.03089001790669
2014-07-28 00:00:00-04:00,79.7163442749743
2014-07-29 00:00:00-04:00,78.3268834309608
2014-07-30 00:00:00-04:00,78.23835256797588
2014-07-31 00:00:00-04:00,80.11138222580854
2014-08-01 00:00:00-04:00,78.21793009996598
2014-08-04 00:00:00-04:00,80.79929414463393
2014-08-05 00:00:00-04:00,79.34854873970436
2014-08-06 00:00:00-04:00,79.04886093446663
2014-08-07 00:00:00-04:00,79.62099562744801
2014-08-08 00:00:00-04:00,78.63340719237146
2014-08-11 00:00:00-04:00,79.40985463841521
2014-08-12 00:00:00-04:00,79.39621625208945
2014-08-13 00:00:00-04:00,79.44391430663573
2014-08-14 00:00:00-04:00,80.14543707677491
2014-08-15 00:00:00-04:00,81.43953174467647
2014-08-18 00:00:00-04:00,81.87658367585996
2014-08-19 00:00:00-04:00,82.23224530244613
2014-08-20 00:00:00-04:00,81.43885374047082
2014-08-21 00:00:00-04:00,82.07491675009422
2014-08-22 00:00:00-04:00,82.07493552973092
2014-08-25 00:00:00-04:00,83.21714660711062
2014-08-26 00:00:00-04:00,83.8874067294671
2014-08-27 00:00:00-04:00,83.16241558051048
2014-08-28 00:00:00-04:00,83.39496649559615
2014-08-29 00:00:00-04:00,83.36076940182565
2014-09-02 00:00:00-04:00,83.14873558658557
2014-09-03 00:00:00-04:00,83.01877857320011
2014-09-04 00:00:00-04:00,83.55911354601464
2014-09-05 00:00:00-04:00,84.09259769406923
2014-09-08 00:00:00-04:00,84.61924294911957
2014-09-09 00:00:00-04:00,84.13363327531641
2014-09-10 00:00:00-04:00,84.18837183631614
2014-09-11 00:00:00-04:00,84.03106331627153
2014-09-12 00:00:00-04:00,84.29095302957465
2014-09-15 00:00:00-04:00,84.32513877920525
2014-09-16 00:00:00-04:00,84.0584138282045
2014-09-17 00:00:00-04:00,85.12538393554375
2014-09-18 00:00:00-04:00,85.24849724350439
2014-09-19 00:00:00-04:00,85.75462899460962
2014-09-22 00:00:00-04:00,85.29637196254282
2014-09-23 00:00:00-04:00,85.34423057681683
2014-09-24 00:00:00-04:00,84.3046154965957
2014-09-25 00:00:00-04:00,84.93386314152768
2014-09-26 00:00:00-04:00,84.05157123018763
2014-09-29 00:00:00-04:00,83.85321792462292
2014-09-30 00:00:00-04:00,84.81758323911198
2014-10-01 00:00:00-04:00,84.12680273948646
2014-10-02 00:00:00-04:00,83.63435688452753
2014-10-03 00:00:00-04:00,82.12964327450308
2014-10-06 00:00:00-04:00,80.7890974908057
2014-10-07 00:00:00-04:00,79.43486051502961
2014-10-08 00:00:00-04:00,79.35962819729272
2014-10-09 00:00:00-04:00,79.59899633091183
2014-10-10 00:00:00-04:00,78.1695477326879
2014-10-13 00:00:00-04:00,77.77968685978794
2014-10-14 00:00:00-04:00,76.7127026005043
2014-10-15 00:00:00-04:00,77.04784952371864
2014-10-16 00:00:00-04:00,76.77427771053009
2014-10-17 00:00:00-04:00,79.14077055149222
2014-10-20 00:00:00-04:00,78.64146495435864
2014-10-21 00:00:00-04:00,80.87801974946402
2014-10-22 00:00:00-04:00,81.36361779047805
2014-10-23 00:00:00-04:00,82.08859700997671
2014-10-24 00:00:00-04:00,82.20488703768952
2014-10-27 00:00:00-04:00,82.75887298583984
2014-10-28 00:00:00-04:00,83.17611683132166
2014-10-29 00:00:00-04:00,82.68367461358935
2014-10-30 00:00:00-04:00,82.19119964609973
2014-10-31 00:00:00-04:00,83.57963242885208
2014-11-03 00:00:00-05:00,83.77113893891577
2014-11-04 00:00:00-05:00,83.49071424356077
2014-11-05 00:00:00-05:00,84.11997602156967
2014-11-06 00:00:00-05:00,83.49072148841204
2014-11-07 00:00:00-05:00,84.1610151124664
2014-11-10 00:00:00-05:00,84.42092980348629
2014-11-11 00:00:00-05:00,85.54945196063306
2014-11-12 00:00:00-05:00,84.81077187638603
2014-11-13 00:00:00-05:00,87.43032355101947
2014-11-14 00:00:00-05:00,87.23197615419798
2014-11-17 00:00:00-05:00,85.51963360646289
2014-11-18 00:00:00-05:00,85.32047642135305
2014-11-19 00:00:00-05:00,85.65010675421294
2014-11-20 00:00:00-05:00,85.1763010207633
2014-11-21 00:00:00-05:00,85.83550654402443
2014-11-24 00:00:00-05:00,86.34363736433339
2014-11-25 00:00:00-05:00,87.55222172551584
2014-11-26 00:00:00-05:00,88.25950032054277
2014-11-28 00:00:00-05:00,88.66463898390961
2014-12-01 00:00:00-05:00,89.30326186514537
2014-12-02 00:00:00-05:00,90.16161739686878
2014-12-03 00:00:00-05:00,89.66032255867606
2014-12-04 00:00:00-05:00,89.72900099087545
2014-12-05 00:00:00-05:00,88.5204387087177
2014-12-08 00:00:00-05:00,88.46551214042616
2014-12-09 00:00:00-05:00,88.02601165130247
2014-12-10 00:00:00-05:00,88.11529199137719
2014-12-11 00:00:00-05:00,88.15648615621949
2014-12-12 00:00:00-05:00,87.3736585698958
2014-12-15 00:00:00-05:00,86.7831425621684
2014-12-16 00:00:00-05:00,86.27497764157832
2014-12-17 00:00:00-05:00,87.46292992888634
2014-12-18 00:00:00-05:00,89.20711203920607
2014-12-19 00:00:00-05:00,90.60795750324493
2014-12-22 00:00:00-05:00,90.12726081561692
2014-12-23 00:00:00-05:00,90.64228633246348
2014-12-24 00:00:00-05:00,90.81397357495023
2014-12-26 00:00:00-05:00,91.11609805377614
2014-12-29 00:00:00-05:00,90.70409500073814
2014-12-30 00:00:00-05:00,89.96249024713192
2014-12-31 00:00:00-05:00,90.20967873767171
2015-01-02 00:00:00-05:00,88.88437669882845
2015-01-05 00:00:00-05:00,87.68955218154696
2015-01-06 00:00:00-05:00,88.14962940419085
2015-01-07 00:00:00-05:00,87.83375107390168
2015-01-08 00:00:00-05:00,88.69898337483346
2015-01-09 00:00:00-05:00,90.71781082260735
2015-01-12 00:00:00-05:00,90.97876078768572
2015-01-13 00:00:00-05:00,90.98563130193969
2015-01-14 00:00:00-05:00,89.2551911774873
2015-01-15 00:00:00-05:00,90.08607848231557
2015-01-16 00:00:00-05:00,89.0491926884924
2015-01-20 00:00:00-05:00,90.11353895049
2015-01-21 00:00:00-05:00,89.00798222436676
2015-01-22 00:00:00-05:00,89.46807114050206
2015-01-23 00:00:00-05:00,90.23025701756896
2015-01-26 00:00:00-05:00,89.37878052815476
2015-01-27 00:00:00-05:00,89.26894524834206
2015-01-28 00:00:00-05:00,88.03288786060693
2015-01-29 00:00:00-05:00,87.92988975206904
2015-01-30 00:00:00-05:00,87.20888406618054
2015-02-02 00:00:00-05:00,87.92301560105722
2015-02-03 00:00:00-05:00,88.92557786049875
2015-02-04 00:00:00-05:00,90.2646002599882
2015-02-05 00:00:00-05:00,91.32898176291995
2015-02-06 00:00:00-05:00,92.44141672196288
2015-02-09 00:00:00-05:00,90.95130585167044
2015-02-10 00:00:00-05:00,90.97876372345412
2015-02-11 00:00:00-05:00,91.65171059208895
2015-02-12 00:00:00-05:00,92.48260037234566
2015-02-13 00:00:00-05:00,92.72293313941218
2015-02-17 00:00:00-05:00,94.72671940855487
2015-02-18 00:00:00-05:00,93.82390147310562
2015-02-19 00:00:00-05:00,93.90660702963108
2015-02-20 00:00:00-05:00,92.34907813498727
2015-02-23 00:00:00-05:00,92.71433811117754
2015-02-24 00:00:00-05:00,92.92109886613638
2015-02-25 00:00:00-05:00,93.17607990026484
2015-02-26 00:00:00-05:00,93.41728634276814
2015-02-27 00:00:00-05:00,92.81771479912169
2015-03-02 00:00:00-05:00,92.23191064560947
2015-03-03 00:00:00-05:00,94.35454144640089
2015-03-04 00:00:00-05:00,95.17466632828157
2015-03-05 00:00:00-05:00,95.37452608917688
2015-03-06 00:00:00-05:00,94.98860906933807
2015-03-09 00:00:00-04:00,93.85835530711245
2015-03-10 00:00:00-04:00,94.47172242986981
2015-03-11 00:00:00-04:00,91.9217851980541
2015-03-12 00:00:00-04:00,91.17749026004608
2015-03-13 00:00:00-04:00,91.69435666203536
2015-03-16 00:00:00-04:00,91.38423524120006
2015-03-17 00:00:00-04:00,93.40351004346309
2015-03-18 00:00:00-04:00,94.15470088266001
2015-03-19 00:00:00-04:00,94.57508863639877
2015-03-20 00:00:00-04:00,95.71222935778717
2015-03-23 00:00:00-04:00,96.20843770470674
2015-03-24 00:00:00-04:00,95.6295283483137
2015-03-25 00:00:00-04:00,96.08440925850441
2015-03-26 00:00:00-04:00,94.07201037440458
2015-03-27 00:00:00-04:00,94.34768416253658
2015-03-30 00:00:00-04:00,94.27186017474773
2015-03-31 00:00:00-04:00,93.63780954808529
2015-04-01 00:00:00-04:00,95.64331498513535
2015-04-02 00:00:00-04:00,96.23598518453359
2015-04-06 00:00:00-04:00,95.22293284875452
2015-04-07 00:00:00-04:00,95.21601292632144
2015-04-08 00:00:00-04:00,95.0575290325434
2015-04-09 00:00:00-04:00,95.85694178807321
2015-04-10 00:00:00-04:00,95.79495292380962
2015-04-13 00:00:00-04:00,96.82869540086261
2015-04-14 00:00:00-04:00,97.51096545904669
2015-04-15 00:00:00-04:00,97.42137761749133
2015-04-16 00:00:00-04:00,97.40069369097667
2015-04-17 00:00:00-04:00,97.42826812082079
2015-04-20 00:00:00-04:00,97.20084905316409
2015-04-21 00:00:00-04:00,96.3049255099866
2015-04-22 00:00:00-04:00,95.65019769726003
2015-04-23 00:00:00-04:00,95.96032975015066
2015-04-24 00:00:00-04:00,96.90448517112624
2015-04-27 00:00:00-04:00,96.85625687270361
2015-04-28 00:00:00-04:00,96.30492711202028
2015-04-29 00:00:00-04:00,96.03613917311115
2015-04-30 00:00:00-04:00,95.16089246974852
2015-05-01 00:00:00-04:00,94.26497122933264
2015-05-04 00:00:00-04:00,97.02168853855578
2015-05-05 00:00:00-04:00,96.89761191002174
2015-05-06 00:00:00-04:00,97.42828346400677
2015-05-07 00:00:00-04:00,97.0836895982514
2015-05-08 00:00:00-04:00,97.75907135009766
2015-05-11 00:00:00-04:00,97.51097661812844
2015-05-12 00:00:00-04:00,96.42205926765263
2015-05-13 00:00:00-04:00,96.44964288512257
2015-05-14 00:00:00-04:00,96.21532611276021
2015-05-15 00:00:00-04:00,96.98719737574993
2015-05-18 00:00:00-04:00,96.61516677965537
2015-05-19 00:00:00-04:00,96.41458236058446
2015-05-20 00:00:00-04:00,96.23472649381259
2015-05-21 00:00:00-04:00,96.09643909962135
2015-05-22 00:00:00-04:00,97.07164301530774
2015-05-26 00:00:00-04:00,99.6306886198213
2015-05-27 00:00:00-04:00,99.22956303029295
2015-05-28 00:00:00-04:00,98.84913874569666
2015-05-29 00:00:00-04:00,99.15346586373542
2015-06-01 00:00:00-04:00,98.08143216910321
2015-06-02 00:00:00-04:00,98.42033855771017
2015-06-03 00:00:00-04:00,97.0024772849352
2015-06-04 00:00:00-04:00,94.49872799060417
2015-06-05 00:00:00-04:00,94.07683457337542
2015-06-08 00:00:00-04:00,94.11834423967453
2015-06-09 00:00:00-04:00,94.48490277049385
2015-06-10 00:00:00-04:00,94.1114125986553
2015-06-11 00:00:00-04:00,93.40594675203975
2015-06-12 00:00:00-04:00,94.28433177109734
2015-06-15 00:00:00-04:00,93.39211994815602
2015-06-16 00:00:00-04:00,92.52064486145424
2015-06-17 00:00:00-04:00,93.32293783633688
2015-06-18 00:00:00-04:00,94.49873931254474
2015-06-19 00:00:00-04:00,94.2358995773022
2015-06-22 00:00:00-04:00,94.89988389396035
2015-06-23 00:00:00-04:00,95.71602763242255
2015-06-24 00:00:00-04:00,95.45318648546694
2015-06-25 00:00:00-04:00,94.53330543461875
2015-06-26 00:00:00-04:00,93.88317874257145
2015-06-29 00:00:00-04:00,93.06011754490979
2015-06-30 00:00:00-04:00,91.63535847639534
2015-07-01 00:00:00-04:00,90.96963663177998
2015-07-02 00:00:00-04:00,93.37684469860845
2015-07-06 00:00:00-04:00,93.30221306243577
2015-07-07 00:00:00-04:00,93.35817875004398
2015-07-08 00:00:00-04:00,90.14857087676914
2015-07-09 00:00:00-04:00,90.84833411318509
2015-07-10 00:00:00-04:00,90.50313550263922
2015-07-13 00:00:00-04:00,91.84668746860325
2015-07-14 00:00:00-04:00,90.96963410383418
2015-07-15 00:00:00-04:00,91.52945328908785
2015-07-16 00:00:00-04:00,91.21221722559741
2015-07-17 00:00:00-04:00,90.48447884963753
2015-07-20 00:00:00-04:00,90.96031495574061
2015-07-21 00:00:00-04:00,89.24354093492491
2015-07-22 00:00:00-04:00,87.44281745695582
2015-07-23 00:00:00-04:00,89.01027355754542
2015-07-24 00:00:00-04:00,88.55312429358668
2015-07-27 00:00:00-04:00,87.61076453134211
2015-07-28 00:00:00-04:00,87.62940420580401
2015-07-29 00:00:00-04:00,87.7040552876429
2015-07-30 00:00:00-04:00,87.92797442357275
2015-07-31 00:00:00-04:00,89.57011490166403
2015-08-03 00:00:00-04:00,89.25287261424718
2015-08-04 00:00:00-04:00,89.07560457015576
2015-08-05 00:00:00-04:00,76.97431871305558
2015-08-06 00:00:00-04:00,88.58112162985486
2015-08-07 00:00:00-04:00,86.66841180913659
2015-08-10 00:00:00-04:00,87.05094802017436
2015-08-11 00:00:00-04:00,86.37917852935819
2015-08-12 00:00:00-04:00,85.85667452061752
2015-08-13 00:00:00-04:00,86.30453391471046
2015-08-14 00:00:00-04:00,87.12560792979092
2015-08-17 00:00:00-04:00,87.28246632313896
2015-08-18 00:00:00-04:00,87.1327853518052
2015-08-19 00:00:00-04:00,86.16921258321031
2015-08-20 00:00:00-04:00,84.69111699889265
2015-08-21 00:00:00-04:00,84.00822742531466
2015-08-24 00:00:00-04:00,74.98060375976384
2015-08-25 00:00:00-04:00,80.21006518694026
2015-08-26 00:00:00-04:00,78.47936967982015
2015-08-27 00:00:00-04:00,81.03331267193548
2015-08-28 00:00:00-04:00,82.19333007696974
2015-08-31 00:00:00-04:00,82.59559341508992
2015-09-01 00:00:00-04:00,81.13621218961482
2015-09-02 00:00:00-04:00,80.44393529796716
2015-09-03 00:00:00-04:00,80.29424822745588
2015-09-04 00:00:00-04:00,79.1997139519576
2015-09-08 00:00:00-04:00,79.81715393066406
2015-09-09 00:00:00-04:00,80.9958968719191
2015-09-10 00:00:00-04:00,77.9742026375449
2015-09-11 00:00:00-04:00,78.34840452685829
2015-09-14 00:00:00-04:00,79.24648363886119
2015-09-15 00:00:00-04:00,79.29326678999418
2015-09-16 00:00:00-04:00,79.39617988872361
2015-09-17 00:00:00-04:00,79.96684199381463
2015-09-18 00:00:00-04:00,78.71327489279066
2015-09-21 00:00:00-04:00,78.58229852024587
2015-09-22 00:00:00-04:00,77.1603241880551
2015-09-23 00:00:00-04:00,75.93482674601873
2015-09-24 00:00:00-04:00,74.98059684314401
2015-09-25 00:00:00-04:00,76.58030220664197
2015-09-28 00:00:00-04:00,76.23418564183251
2015-09-29 00:00:00-04:00,73.34347151799996
2015-09-30 00:00:00-04:00,76.78611904201523
2015-10-01 00:00:00-04:00,76.77676140504704
2015-10-02 00:00:00-04:00,74.27897117187598
2015-10-05 00:00:00-04:00,77.02000753484535
2015-10-06 00:00:00-04:00,79.49907638188478
2015-10-07 00:00:00-04:00,78.72261383988774
2015-10-08 00:00:00-04:00,79.64875356022537
2015-10-09 00:00:00-04:00,80.19134689246047
2015-10-12 00:00:00-04:00,80.079090643985
2015-10-13 00:00:00-04:00,79.04068568041835
2015-10-14 00:00:00-04:00,78.39518785744886
2015-10-15 00:00:00-04:00,78.18937512548295
2015-10-16 00:00:00-04:00,78.0864697368694
2015-10-19 00:00:00-04:00,78.51681837210653
2015-10-20 00:00:00-04:00,78.43261816064576
2015-10-21 00:00:00-04:00,78.95648230873434
2015-10-22 00:00:00-04:00,78.65713181916317
2015-10-23 00:00:00-04:00,79.73294758477701
2015-10-26 00:00:00-04:00,79.49907733309011
2015-10-27 00:00:00-04:00,79.13424037917837
2015-10-28 00:00:00-04:00,79.33068553856745
2015-10-29 00:00:00-04:00,79.92941594242708
2015-10-30 00:00:00-04:00,81.0613693200074
2015-11-02 00:00:00-05:00,78.98455610650248
2015-11-03 00:00:00-05:00,79.71423961710803
2015-11-04 00:00:00-05:00,80.70588606051926
2015-11-05 00:00:00-05:00,79.6674787774875
2015-11-06 00:00:00-05:00,78.20808196772423
2015-11-09 00:00:00-05:00,76.58030715671497
2015-11-10 00:00:00-05:00,76.03770889683065
2015-11-11 00:00:00-05:00,77.19772303737136
2015-11-12 00:00:00-05:00,76.54288567708245
2015-11-13 00:00:00-05:00,67.84272414625677
2015-11-16 00:00:00-05:00,68.32917529777261
2015-11-17 00:00:00-05:00,70.46211854020837
2015-11-18 00:00:00-05:00,70.51824329553743
2015-11-19 00:00:00-05:00,74.15735929522239
2015-11-20 00:00:00-05:00,75.24253414433582
2015-11-23 00:00:00-05:00,75.64481066572738
2015-11-24 00:00:00-05:00,76.17802792631409
2015-11-25 00:00:00-05:00,76.35578640529677
2015-11-27 00:00:00-05:00,78.11453890551432
2015-11-30 00:00:00-05:00,76.86096057089577
2015-12-01 00:00:00-05:00,75.63544005101195
2015-12-02 00:00:00-05:00,74.89641019786193
2015-12-03 00:00:00-05:00,73.7457261239973
2015-12-04 00:00:00-05:00,73.4370197129047
2015-12-07 00:00:00-05:00,74.1012291762584
2015-12-08 00:00:00-05:00,73.11896410777413
2015-12-09 00:00:00-05:00,72.64184433909365
2015-12-10 00:00:00-05:00,72.55763512416644
2015-12-11 00:00:00-05:00,72.55762521454254
2015-12-14 00:00:00-05:00,72.19278693312924
2015-12-15 00:00:00-05:00,71.74376715735748
2015-12-16 00:00:00-05:00,71.91215547944876
2015-12-17 00:00:00-05:00,72.98796433753503
2015-12-18 00:00:00-05:00,70.49017927960979
2015-12-21 00:00:00-05:00,71.05147801043815
2015-12-22 00:00:00-05:00,71.82793802024892
2015-12-23 00:00:00-05:00,73.77380166719367
2015-12-24 00:00:00-05:00,73.69894725934975
2015-12-28 00:00:00-05:00,73.08152445870476
2015-12-29 00:00:00-05:00,73.14702464597973
2015-12-30 00:00:00-05:00,73.85798120568867
2015-12-31 00:00:00-05:00,73.70830885893174
2016-01-04 00:00:00-05:00,72.19279427055763
2016-01-05 00:00:00-05:00,73.81121754146146
2016-01-06 00:00:00-05:00,72.64183663020128
2016-01-07 00:00:00-05:00,71.50989196075373
2016-01-08 00:00:00-05:00,71.38825413869272
2016-01-11 00:00:00-05:00,69.85404738847683
2016-01-12 00:00:00-05:00,69.07756060550733
2016-01-13 00:00:00-05:00,69.33951720152585
2016-01-14 00:00:00-05:00,69.01208817839807
2016-01-15 00:00:00-05:00,68.3291754975593
2016-01-19 00:00:00-05:00,68.49755817109164
2016-01-20 00:00:00-05:00,66.85108196047182
2016-01-21 00:00:00-05:00,65.63493293161163
2016-01-22 00:00:00-05:00,67.15043791907932
2016-01-25 00:00:00-05:00,66.74816475811899
2016-01-26 00:00:00-05:00,67.35624745885123
2016-01-27 00:00:00-05:00,67.18785036500063
2016-01-28 00:00:00-05:00,67.11299920443453
2016-01-29 00:00:00-05:00,67.5807653551224
2016-02-01 00:00:00-05:00,68.93724227642328
2016-02-02 00:00:00-05:00,68.28238968210789
2016-02-03 00:00:00-05:00,70.16274870730393
2016-02-04 00:00:00-05:00,76.08448752042185
2016-02-05 00:00:00-05:00,71.33211550892864
2016-02-08 00:00:00-05:00,69.18982577502156
2016-02-09 00:00:00-05:00,68.29174308535805
2016-02-10 00:00:00-05:00,69.62952609749102
2016-02-11 00:00:00-05:00,68.45077979469923
2016-02-12 00:00:00-05:00,67.88013700514924
2016-02-16 00:00:00-05:00,71.3134456898643
2016-02-17 00:00:00-05:00,71.90279677576709
2016-02-18 00:00:00-05:00,72.15538784422856
2016-02-19 00:00:00-05:00,70.65856946074922
2016-02-22 00:00:00-05:00,71.17310269774332
2016-02-23 00:00:00-05:00,71.52859802114249
2016-02-24 00:00:00-05:00,70.65857277476107
2016-02-25 00:00:00-05:00,71.65021153473474
2016-02-26 00:00:00-05:00,72.64183749441675
2016-02-29 00:00:00-05:00,71.97763551892507
2016-03-01 00:00:00-05:00,72.1179538463241
2016-03-02 00:00:00-05:00,72.10860667363693
2016-03-03 00:00:00-05:00,73.05346120881342
2016-03-04 00:00:00-05:00,74.11993292124583
2016-03-07 00:00:00-05:00,75.08350140469638
2016-03-08 00:00:00-05:00,74.90574678397697
2016-03-09 00:00:00-05:00,74.44737644060804
2016-03-10 00:00:00-05:00,73.88606115180447
2016-03-11 00:00:00-05:00,75.26125403140931
2016-03-14 00:00:00-04:00,74.74671335515706
2016-03-15 00:00:00-04:00,73.90478004251926
2016-03-16 00:00:00-04:00,74.46607179357657
2016-03-17 00:00:00-04:00,75.45769784549672
2016-03-18 00:00:00-04:00,75.85996139027407
2016-03-21 00:00:00-04:00,76.37450745329507
2016-03-22 00:00:00-04:00,76.42127233267522
2016-03-23 00:00:00-04:00,76.14997451543152
2016-03-24 00:00:00-04:00,75.20510987415666
2016-03-28 00:00:00-04:00,74.75607118747111
2016-03-29 00:00:00-04:00,74.94318523775947
2016-03-30 00:00:00-04:00,76.3744746699396
2016-03-31 00:00:00-04:00,75.57932297818017
2016-04-01 00:00:00-04:00,74.82157799218882
2016-04-04 00:00:00-04:00,76.46804049762574
2016-04-05 00:00:00-04:00,75.35479369776813
2016-04-06 00:00:00-04:00,75.83190367040262
2016-04-07 00:00:00-04:00,76.3932200457375
2016-04-08 00:00:00-04:00,76.26225246432625
2016-04-11 00:00:00-04:00,76.39322576555944
2016-04-12 00:00:00-04:00,75.29867079676814
2016-04-13 00:00:00-04:00,76.35579027555562
2016-04-14 00:00:00-04:00,77.27257913526454
2016-04-15 00:00:00-04:00,77.4129064314851
2016-04-18 00:00:00-04:00,77.73097380116884
2016-04-19 00:00:00-04:00,78.09583083596812
2016-04-20 00:00:00-04:00,79.29325540162284
2016-04-21 00:00:00-04:00,77.34741655631993
2016-04-22 00:00:00-04:00,75.85061229075188
2016-04-25 00:00:00-04:00,75.97222321575363
2016-04-26 00:00:00-04:00,76.89838374815768
2016-04-27 00:00:00-04:00,77.00127775054793
2016-04-28 00:00:00-04:00,76.14997092309632
2016-04-29 00:00:00-04:00,75.63544862361309
2016-05-02 00:00:00-04:00,77.31000382110595
2016-05-03 00:00:00-04:00,75.7289919651639
2016-05-04 00:00:00-04:00,73.37153760991661
2016-05-05 00:00:00-04:00,74.28834359667283
2016-05-06 00:00:00-04:00,73.17507812869518
2016-05-09 00:00:00-04:00,73.06282903892533
2016-05-10 00:00:00-04:00,73.6054220763933
2016-05-11 00:00:00-04:00,73.94218603803749
2016-05-12 00:00:00-04:00,73.42767388864661
2016-05-13 00:00:00-04:00,72.87571301278362
2016-05-16 00:00:00-04:00,72.19280259646301
2016-05-17 00:00:00-04:00,72.55765028111722
2016-05-18 00:00:00-04:00,71.79989234098822
2016-05-19 00:00:00-04:00,71.22923463735876
2016-05-20 00:00:00-04:00,72.67926535989264
2016-05-23 00:00:00-04:00,72.78218224398523
2016-05-24 00:00:00-04:00,73.82991136857432
2016-05-25 00:00:00-04:00,74.606399354972
2016-05-26 00:00:00-04:00,74.42865702471109
2016-05-27 00:00:00-04:00,74.34444741612688
2016-05-31 00:00:00-04:00,75.37350294842707
2016-06-01 00:00:00-04:00,74.026377081151
2016-06-02 00:00:00-04:00,75.48578685671505
2016-06-03 00:00:00-04:00,76.3838555403891
2016-06-06 00:00:00-04:00,76.71127417510672
2016-06-07 00:00:00-04:00,76.56159149401181
2016-06-08 00:00:00-04:00,77.19773339736732
2016-06-09 00:00:00-04:00,76.91708503919364
2016-06-10 00:00:00-04:00,76.65515206950668
2016-06-13 00:00:00-04:00,76.7580442314833
2016-06-14 00:00:00-04:00,75.42029606081803
2016-06-15 00:00:00-04:00,75.70093363677759
2016-06-16 00:00:00-04:00,74.98996209445143
2016-06-17 00:00:00-04:00,75.49510913882939
2016-06-20 00:00:00-04:00,76.8703093155177
2016-06-21 00:00:00-04:00,77.34741544264185
2016-06-22 00:00:00-04:00,78.39519026128418
2016-06-23 00:00:00-04:00,78.58229132865051
2016-06-24 00:00:00-04:00,76.75806362019648
2016-06-27 00:00:00-04:00,74.2883179969971
2016-06-28 00:00:00-04:00,74.21349017133993
2016-06-29 00:00:00-04:00,76.12191960264872
2016-06-30 00:00:00-04:00,76.2902956099967
2016-07-01 00:00:00-04:00,79.19036257912174
2016-07-05 00:00:00-04:00,80.77137836364867
2016-07-06 00:00:00-04:00,78.24549806728167
2016-07-07 00:00:00-04:00,78.62907104724772
2016-07-08 00:00:00-04:00,79.93876685204916
2016-07-11 00:00:00-04:00,81.85654682948434
2016-07-12 00:00:00-04:00,82.2307227141028
2016-07-13 00:00:00-04:00,81.79107586734872
2016-07-14 00:00:00-04:00,81.6600808429961
2016-07-15 00:00:00-04:00,81.86591291881356
2016-07-18 00:00:00-04:00,80.81813255842702
2016-07-19 00:00:00-04:00,80.4252296966846
2016-07-20 00:00:00-04:00,79.67682437422401
2016-07-21 00:00:00-04:00,78.53550368376912
2016-07-22 00:00:00-04:00,77.57194383772116
2016-07-25 00:00:00-04:00,77.48775533664524
2016-07-26 00:00:00-04:00,77.97418940627541
2016-07-27 00:00:00-04:00,78.06776393634482
2016-07-28 00:00:00-04:00,78.03033266217034
2016-07-29 00:00:00-04:00,78.58230395269541
2016-08-01 00:00:00-04:00,79.0313374962638
2016-08-02 00:00:00-04:00,76.2903056321466
2016-08-03 00:00:00-04:00,73.83927590976342
2016-08-04 00:00:00-04:00,74.78413694586975
2016-08-05 00:00:00-04:00,75.9254657364271
2016-08-08 00:00:00-04:00,76.49610536483969
2016-08-09 00:00:00-04:00,77.38485303708573
2016-08-10 00:00:00-04:00,75.8506072208262
2016-08-11 00:00:00-04:00,75.81320446984085
2016-08-12 00:00:00-04:00,74.877685546875
2016-08-15 00:00:00-04:00,74.9431781645019
2016-08-16 00:00:00-04:00,75.1489857038981
2016-08-17 00:00:00-04:00,74.23219874427146
2016-08-18 00:00:00-04:00,73.78315583707582
2016-08-19 00:00:00-04:00,73.39958460110385
2016-08-22 00:00:00-04:00,73.13765749158047
2016-08-23 00:00:00-04:00,73.45570742147981
2016-08-24 00:00:00-04:00,72.33313764833997
2016-08-25 00:00:00-04:00,71.18244175152827
2016-08-26 00:00:00-04:00,72.9037652082156
2016-08-29 00:00:00-04:00,73.12829521689615
2016-08-30 00:00:00-04:00,74.48478647718453
2016-08-31 00:00:00-04:00,74.2134745091273
2016-09-01 00:00:00-04:00,74.60640071543986
2016-09-02 00:00:00-04:00,74.5970283633064
2016-09-06 00:00:00-04:00,75.26124822481442
2016-09-07 00:00:00-04:00,74.48477795641433
2016-09-08 00:00:00-04:00,73.8486453642239
2016-09-09 00:00:00-04:00,72.61377900272232
2016-09-12 00:00:00-04:00,71.60344376247734
2016-09-13 00:00:00-04:00,70.45274574862364
2016-09-14 00:00:00-04:00,71.28536883878625
2016-09-15 00:00:00-04:00,71.52857673480267
2016-09-16 00:00:00-04:00,70.99535045277916
2016-09-19 00:00:00-04:00,71.24795670261574
2016-09-20 00:00:00-04:00,71.49117207896848
2016-09-21 00:00:00-04:00,70.58372417072646
2016-09-22 00:00:00-04:00,71.70634088884731
2016-09-23 00:00:00-04:00,71.93085971845545
2016-09-26 00:00:00-04:00,71.93085279584744
2016-09-27 00:00:00-04:00,72.52021716887019
2016-09-28 00:00:00-04:00,72.21151172777634
2016-09-29 00:00:00-04:00,72.15537604792725
2016-09-30 00:00:00-04:00,73.33411144257654
2016-10-03 00:00:00-04:00,74.17606998158529
2016-10-04 00:00:00-04:00,74.34446379102451
2016-10-05 00:00:00-04:00,74.40992980086496
2016-10-06 00:00:00-04:00,74.83090294250007
2016-10-07 00:00:00-04:00,74.75608148849173
2016-10-10 00:00:00-04:00,74.91513411120718
2016-10-11 00:00:00-04:00,73.8767305107435
2016-10-12 00:00:00-04:00,72.92249858944352
2016-10-13 00:00:00-04:00,72.06182775371934
2016-10-14 00:00:00-04:00,72.43603293997485
2016-10-17 00:00:00-04:00,72.08988694559876
2016-10-18 00:00:00-04:00,72.33313959939515
2016-10-19 00:00:00-04:00,71.94020056839607
2016-10-20 00:00:00-04:00,71.61280119754827
2016-10-21 00:00:00-04:00,70.39662739579968
2016-10-24 00:00:00-04:00,71.91215260076325
2016-10-25 00:00:00-04:00,71.85601229482145
2016-10-26 00:00:00-04:00,71.61279008309147
2016-10-27 00:00:00-04:00,71.78119521773927
2016-10-28 00:00:00-04:00,70.63986430092987
2016-10-31 00:00:00-04:00,71.02342308979833
2016-11-01 00:00:00-04:00,70.52758499662887
2016-11-02 00:00:00-04:00,69.84469806621334
2016-11-03 00:00:00-04:00,70.00371533672829
2016-11-04 00:00:00-04:00,69.78855776551094
2016-11-07 00:00:00-05:00,69.85403817392745
2016-11-08 00:00:00-05:00,70.23760087937828
2016-11-09 00:00:00-05:00,69.3395062181229
2016-11-10 00:00:00-05:00,79.00328049961631
2016-11-11 00:00:00-05:00,74.70929604503115
2016-11-14 00:00:00-05:00,76.37450340917812
2016-11-15 00:00:00-05:00,76.52418467129392
2016-11-16 00:00:00-05:00,76.0377141515613
2016-11-17 00:00:00-05:00,76.26223460268487
2016-11-18 00:00:00-05:00,75.25189838822259
2016-11-21 00:00:00-05:00,75.67288644621482
2016-11-22 00:00:00-05:00,75.90675014468692
2016-11-23 00:00:00-05:00,76.0096574578156
2016-11-25 00:00:00-05:00,75.70093216590396
2016-11-28 00:00:00-05:00,75.87869009799569
2016-11-29 00:00:00-05:00,75.55124467752444
2016-11-30 00:00:00-05:00,75.46704732031495
2016-12-01 00:00:00-05:00,74.5315543368456
2016-12-02 00:00:00-05:00,72.44539218053968
2016-12-05 00:00:00-05:00,73.0628150212135
2016-12-06 00:00:00-05:00,73.33410564343474
2016-12-07 00:00:00-05:00,73.39023605056747
2016-12-08 00:00:00-05:00,71.70633897471826
2016-12-09 00:00:00-05:00,71.1918040237774
2016-12-12 00:00:00-05:00,71.45374356624575
2016-12-13 00:00:00-05:00,72.06183840684737
2016-12-14 00:00:00-05:00,72.15536219142602
2016-12-15 00:00:00-05:00,71.11696332191256
2016-12-16 00:00:00-05:00,70.61180608167226
2016-12-19 00:00:00-05:00,70.29371327321448
2016-12-20 00:00:00-05:00,70.79890784741521
2016-12-21 00:00:00-05:00,69.71369803372262
2016-12-22 00:00:00-05:00,69.91018395996431
2016-12-23 00:00:00-05:00,69.1898422241211
2016-12-27 00:00:00-05:00,69.20853820107192
2016-12-28 00:00:00-05:00,69.29274430386273
2016-12-29 00:00:00-05:00,68.34788964577658
2016-12-30 00:00:00-05:00,69.10564200815016
2017-01-03 00:00:00-05:00,68.4882133097807
2017-01-04 00:00:00-05:00,70.5556726610994
2017-01-05 00:00:00-05:00,72.07117872571166
2017-01-06 00:00:00-05:00,71.21987929342414
2017-01-09 00:00:00-05:00,71.59406214458326
2017-01-10 00:00:00-05:00,70.9392253995485
2017-01-11 00:00:00-05:00,70.27502576101581
2017-01-12 00:00:00-05:00,70.63986817321681
2017-01-13 00:00:00-05:00,70.6959911681717
2017-01-17 00:00:00-05:00,70.71469334270344
2017-01-18 00:00:00-05:00,71.97763587130584
2017-01-19 00:00:00-05:00,71.80924288222164
2017-01-20 00:00:00-05:00,71.40697585111849
2017-01-23 00:00:00-05:00,71.94958432891302
2017-01-24 00:00:00-05:00,71.76246337867333
2017-01-25 00:00:00-05:00,73.29668527786448
2017-01-26 00:00:00-05:00,74.21348440820765
2017-01-27 00:00:00-05:00,74.2696260907575
2017-01-30 00:00:00-05:00,72.93184475891195
2017-01-31 00:00:00-05:00,72.77279187957245
2017-02-01 00:00:00-05:00,73.51184226185751
2017-02-02 00:00:00-05:00,71.94956981949068
2017-02-03 00:00:00-05:00,71.13567360109022
2017-02-06 00:00:00-05:00,71.77182291842465
2017-02-07 00:00:00-05:00,71.25729235780702
2017-02-08 00:00:00-05:00,71.29469325905262
2017-02-09 00:00:00-05:00,71.67827282182222
2017-02-10 00:00:00-05:00,71.3321346025375
2017-02-13 00:00:00-05:00,72.66054227022943
2017-02-14 00:00:00-05:00,72.37992493086031
2017-02-15 00:00:00-05:00,72.77282423853214
2017-02-16 00:00:00-05:00,73.06281991663812
2017-02-17 00:00:00-05:00,72.71666696298921
2017-02-21 00:00:00-05:00,74.81218891086944
2017-02-22 00:00:00-05:00,75.64481066572738
2017-02-23 00:00:00-05:00,76.4680421986227
2017-02-24 00:00:00-05:00,70.3217946299175
2017-02-27 00:00:00-05:00,69.89145965154594
2017-02-28 00:00:00-05:00,69.81660117917558
2017-03-01 00:00:00-05:00,69.63887758313166
2017-03-02 00:00:00-05:00,70.74278563846671
2017-03-03 00:00:00-05:00,70.53694604795659
2017-03-06 00:00:00-05:00,70.95793476057332
2017-03-07 00:00:00-05:00,72.01505316797078
2017-03-08 00:00:00-05:00,70.65857576589164
2017-03-09 00:00:00-05:00,70.24694737935602
2017-03-10 00:00:00-05:00,70.08792266560258
2017-03-13 00:00:00-04:00,69.97565507021214
2017-03-14 00:00:00-04:00,69.53598522978083
2017-03-15 00:00:00-04:00,69.39564446713236
2017-03-16 00:00:00-04:00,69.57338578167835
2017-03-17 00:00:00-04:00,70.87372995893922
2017-03-20 00:00:00-04:00,70.29373050799215
2017-03-21 00:00:00-04:00,70.003720334678
2017-03-22 00:00:00-04:00,69.0869194883392
2017-03-23 00:00:00-04:00,69.11500126181855
2017-03-24 00:00:00-04:00,69.10564270184054
2017-03-27 00:00:00-04:00,68.25433196628883
2017-03-28 00:00:00-04:00,68.52563302673745
2017-03-29 00:00:00-04:00,69.43305467355889
2017-03-30 00:00:00-04:00,69.72306164320263
2017-03-31 00:00:00-04:00,68.60046980249874
2017-04-03 00:00:00-04:00,68.55367912488704
2017-04-04 00:00:00-04:00,68.17949550561943
2017-04-05 00:00:00-04:00,66.48622526094105
2017-04-06 00:00:00-04:00,65.41976603092463
2017-04-07 00:00:00-04:00,65.82201007331125
2017-04-10 00:00:00-04:00,66.80430906579288
2017-04-11 00:00:00-04:00,67.29076384091368
2017-04-12 00:00:00-04:00,66.1681691781526
2017-04-13 00:00:00-04:00,65.72846275274317
2017-04-17 00:00:00-04:00,66.04651627220456
2017-04-18 00:00:00-04:00,66.15879995356428
2017-04-19 00:00:00-04:00,66.62655997197234
2017-04-20 00:00:00-04:00,66.61719327308295
2017-04-21 00:00:00-04:00,66.70140483923734
2017-04-24 00:00:00-04:00,67.01010644918256
2017-04-25 00:00:00-04:00,67.82400055300307
2017-04-26 00:00:00-04:00,68.29175330647212
2017-04-27 00:00:00-04:00,68.34788693634825
2017-04-28 00:00:00-04:00,66.78560145805514
2017-05-01 00:00:00-04:00,67.6930219656397
2017-05-02 00:00:00-04:00,68.55368947545631
2017-05-03 00:00:00-04:00,70.09728414871621
2017-05-04 00:00:00-04:00,71.46311329594202
2017-05-05 00:00:00-04:00,70.28436444382771
2017-05-08 00:00:00-04:00,69.76984964518903
2017-05-09 00:00:00-04:00,69.68565985282046
2017-05-10 00:00:00-04:00,68.98403216603762
2017-05-11 00:00:00-04:00,69.1056324111679
2017-05-12 00:00:00-04:00,68.1795015641159
2017-05-15 00:00:00-04:00,67.9923819428469
2017-05-16 00:00:00-04:00,68.18884235307749
2017-05-17 00:00:00-04:00,67.15979853971538
2017-05-18 00:00:00-04:00,66.59849087631417
2017-05-19 00:00:00-04:00,66.00912947975337
2017-05-22 00:00:00-04:00,66.35526421883095
2017-05-23 00:00:00-04:00,68.17014368308115
2017-05-24 00:00:00-04:00,67.44043986877794
2017-05-25 00:00:00-04:00,67.93625152320386
2017-05-26 00:00:00-04:00,68.80628799502051
2017-05-30 00:00:00-04:00,68.35723707588792
2017-05-31 00:00:00-04:00,68.00174816460289
2017-06-01 00:00:00-04:00,68.81563346145872
2017-06-02 00:00:00-04:00,69.8727474728891
2017-06-05 00:00:00-04:00,69.62017207900263
2017-06-06 00:00:00-04:00,69.85402767998963
2017-06-07 00:00:00-04:00,70.04113640457537
2017-06-08 00:00:00-04:00,70.38726911744365
2017-06-09 00:00:00-04:00,70.66793485087736
2017-06-12 00:00:00-04:00,70.00372233333351
2017-06-13 00:00:00-04:00,70.6211409434585
2017-06-14 00:00:00-04:00,71.09827161200988
2017-06-15 00:00:00-04:00,71.28536324829831
2017-06-16 00:00:00-04:00,71.08889697164155
2017-06-19 00:00:00-04:00,70.89245080890795
2017-06-20 00:00:00-04:00,71.66892414827323
2017-06-21 00:00:00-04:00,70.89245488659125
2017-06-22 00:00:00-04:00,71.7437640760383
2017-06-23 00:00:00-04:00,72.5389360083044
2017-06-26 00:00:00-04:00,72.60441889947714
2017-06-27 00:00:00-04:00,71.94958845120176
2017-06-28 00:00:00-04:00,72.1834488096732
2017-06-29 00:00:00-04:00,72.23957061565046
2017-06-30 00:00:00-04:00,71.34149220533676
2017-07-03 00:00:00-04:00,71.24794006347656
2017-07-05 00:00:00-04:00,71.21052224533395
2017-07-06 00:00:00-04:00,70.39664073368236
2017-07-07 00:00:00-04:00,69.76048615426116
2017-07-10 00:00:00-04:00,69.88210218315497
2017-07-11 00:00:00-04:00,68.31980330519933
2017-07-12 00:00:00-04:00,68.41335572162963
2017-07-13 00:00:00-04:00,67.62753199572742
2017-07-14 00:00:00-04:00,67.88012184814406
2017-07-17 00:00:00-04:00,67.72110157362147
2017-07-18 00:00:00-04:00,67.36559986563114
2017-07-19 00:00:00-04:00,67.02882588705313
2017-07-20 00:00:00-04:00,67.44978101732157
2017-07-21 00:00:00-04:00,67.49657561932794
2017-07-24 00:00:00-04:00,68.5723935988909
2017-07-25 00:00:00-04:00,68.72208437882742
2017-07-26 00:00:00-04:00,68.5911044908877
2017-07-27 00:00:00-04:00,67.7585009233028
2017-07-28 00:00:00-04:00,67.88948002407705
2017-07-31 00:00:00-04:00,67.44977844018972
2017-08-01 00:00:00-04:00,67.59010792837452
2017-08-02 00:00:00-04:00,67.73980850785921
2017-08-03 00:00:00-04:00,68.17948260964911
2017-08-04 00:00:00-04:00,67.79594036059356
2017-08-07 00:00:00-04:00,66.28977510122284
2017-08-08 00:00:00-04:00,69.04015807859804
2017-08-09 00:00:00-04:00,68.67531636306543
2017-08-10 00:00:00-04:00,68.61917776098882
2017-08-11 00:00:00-04:00,68.83433173943243
2017-08-14 00:00:00-04:00,69.69501035984479
2017-08-15 00:00:00-04:00,70.15338349203066
2017-08-16 00:00:00-04:00,70.05048185387392
2017-08-17 00:00:00-04:00,70.06921167254704
2017-08-18 00:00:00-04:00,69.95694936076531
2017-08-21 00:00:00-04:00,70.15340846907813
2017-08-22 00:00:00-04:00,70.15337667511024
2017-08-23 00:00:00-04:00,69.928879300027
2017-08-24 00:00:00-04:00,70.25630898933044
2017-08-25 00:00:00-04:00,70.12533415796953
2017-08-28 00:00:00-04:00,70.09726935747716
2017-08-29 00:00:00-04:00,69.83533242596589
2017-08-30 00:00:00-04:00,70.06921353053418
2017-08-31 00:00:00-04:00,70.21887442689334
2017-09-01 00:00:00-04:00,71.25729843899016
2017-09-05 00:00:00-04:00,71.23858860348636
2017-09-06 00:00:00-04:00,70.71470828913475
2017-09-07 00:00:00-04:00,70.69597775053252
2017-09-08 00:00:00-04:00,68.66596019918869
2017-09-11 00:00:00-04:00,68.76887047908359
2017-09-12 00:00:00-04:00,69.43305406208087
2017-09-13 00:00:00-04:00,69.92887137178941
2017-09-14 00:00:00-04:00,69.16176842571551
2017-09-15 00:00:00-04:00,69.03079768020075
2017-09-18 00:00:00-04:00,69.3301504947229
2017-09-19 00:00:00-04:00,69.19917994292514
2017-09-20 00:00:00-04:00,69.21789330160932
2017-09-21 00:00:00-04:00,69.34886519272622
2017-09-22 00:00:00-04:00,68.57241192062374
2017-09-25 00:00:00-04:00,68.79691556311225
2017-09-26 00:00:00-04:00,69.09628719608446
2017-09-27 00:00:00-04:00,68.64724516548667
2017-09-28 00:00:00-04:00,67.00076878116369
2017-09-29 00:00:00-04:00,67.84269279018618
2017-10-02 00:00:00-04:00,68.14206640338914
2017-10-03 00:00:00-04:00,67.67429820674333
2017-10-04 00:00:00-04:00,66.65459470398605
2017-10-05 00:00:00-04:00,66.6171912560139
2017-10-06 00:00:00-04:00,67.71173090045541
2017-10-09 00:00:00-04:00,67.19720792453522
2017-10-10 00:00:00-04:00,66.95398977695896
2017-10-11 00:00:00-04:00,67.58077981559768
2017-10-12 00:00:00-04:00,67.70238578671868
2017-10-13 00:00:00-04:00,66.91655056202214
2017-10-16 00:00:00-04:00,67.2907431032208
2017-10-17 00:00:00-04:00,66.72946319506778
2017-10-18 00:00:00-04:00,66.27106605008557
2017-10-19 00:00:00-04:00,64.20359392819098
2017-10-20 00:00:00-04:00,63.380351963887996
2017-10-23 00:00:00-04:00,62.50098028676415
2017-10-24 00:00:00-04:00,61.36904120979829
2017-10-25 00:00:00-04:00,61.359657708587235
2017-10-26 00:00:00-04:00,61.4532210396662
2017-10-27 00:00:00-04:00,61.3503181339001
2017-10-30 00:00:00-04:00,60.88256264597106
2017-10-31 00:00:00-04:00,60.60190634530415
2017-11-01 00:00:00-04:00,60.93869433081592
2017-11-02 00:00:00-04:00,60.51772093435603
2017-11-03 00:00:00-04:00,58.468961962036424
2017-11-06 00:00:00-05:00,56.682146614391
2017-11-07 00:00:00-05:00,56.597957529452856
2017-11-08 00:00:00-05:00,56.93473507017638
2017-11-09 00:00:00-05:00,53.69789802656609
2017-11-10 00:00:00-05:00,54.17500147638645
2017-11-13 00:00:00-05:00,53.39853834331226
2017-11-14 00:00:00-05:00,55.166633330511175
2017-11-15 00:00:00-05:00,53.92241719849277
2017-11-16 00:00:00-05:00,54.24049130565816
2017-11-17 00:00:00-05:00,54.99824949163633
2017-11-20 00:00:00-05:00,55.756000376034955
2017-11-21 00:00:00-05:00,55.1759919389336
2017-11-22 00:00:00-05:00,54.33403767872675
2017-11-24 00:00:00-05:00,53.51079496011286
2017-11-27 00:00:00-05:00,52.958840244105666
2017-11-28 00:00:00-05:00,53.4359601529609
2017-11-29 00:00:00-05:00,52.734328166660006
2017-11-30 00:00:00-05:00,54.51177957365387
2017-12-01 00:00:00-05:00,54.118870220147635
2017-12-04 00:00:00-05:00,54.78307267784654
2017-12-05 00:00:00-05:00,55.72793873418854
2017-12-06 00:00:00-05:00,55.26953915820805
2017-12-07 00:00:00-05:00,55.1105017343641
2017-12-08 00:00:00-05:00,55.363094596460726
2017-12-11 00:00:00-05:00,55.69051430614641
2017-12-12 00:00:00-05:00,56.04600946913925
2017-12-13 00:00:00-05:00,55.91504669189453
2017-12-14 00:00:00-05:00,55.849555375953436
2017-12-15 00:00:00-05:00,55.943103181317895
2017-12-18 00:00:00-05:00,57.13119132918378
2017-12-19 00:00:00-05:00,56.97216050336208
2017-12-20 00:00:00-05:00,57.06570550775867
2017-12-21 00:00:00-05:00,56.73828524507223
2017-12-22 00:00:00-05:00,57.06571053168685
2017-12-26 00:00:00-05:00,57.14990169786703
2017-12-27 00:00:00-05:00,57.46797117537187
2017-12-28 00:00:00-05:00,57.196681204035585
2017-12-29 00:00:00-05:00,55.7934194480625
2018-01-02 00:00:00-05:00,55.830840459736045
2018-01-03 00:00:00-05:00,56.541821655664876
2018-01-04 00:00:00-05:00,55.19470025285938
2018-01-05 00:00:00-05:00,56.09278885358442
2018-01-08 00:00:00-05:00,56.56053495020762
2018-01-09 00:00:00-05:00,56.953449317172904
2018-01-10 00:00:00-05:00,56.27053716542168
2018-01-11 00:00:00-05:00,55.89632440312481
2018-01-12 00:00:00-05:00,56.345367976585855
2018-01-16 00:00:00-05:00,56.30794744210949
2018-01-17 00:00:00-05:00,58.16024033884878
2018-01-18 00:00:00-05:00,57.06570215075025
2018-01-19 00:00:00-05:00,56.055357535256775
2018-01-22 00:00:00-05:00,54.32468241366801
2018-01-23 00:00:00-05:00,54.736302574604274
2018-01-24 00:00:00-05:00,54.46500964924066
2018-01-25 00:00:00-05:00,55.77471001936145
2018-01-26 00:00:00-05:00,55.06373409862096
2018-01-29 00:00:00-05:00,55.0169632632864
2018-01-30 00:00:00-05:00,53.529498953366634
2018-01-31 00:00:00-05:00,53.21143670779233
2018-02-01 00:00:00-05:00,52.57529826702368
2018-02-02 00:00:00-05:00,51.28429771672162
2018-02-05 00:00:00-05:00,49.609739322590364
2018-02-06 00:00:00-05:00,47.86035462266444
2018-02-07 00:00:00-05:00,49.113932378490695
2018-02-08 00:00:00-05:00,44.72642540452833
2018-02-09 00:00:00-05:00,46.457093806810164
2018-02-12 00:00:00-05:00,47.32712122406728
2018-02-13 00:00:00-05:00,47.48615107715125
2018-02-14 00:00:00-05:00,46.99968522761521
2018-02-15 00:00:00-05:00,51.48074934717924
2018-02-16 00:00:00-05:00,50.98493690479197
2018-02-20 00:00:00-05:00,49.61910100004156
2018-02-21 00:00:00-05:00,49.1794075623771
2018-02-22 00:00:00-05:00,48.81457009891499
2018-02-23 00:00:00-05:00,48.66489412091956
2018-02-26 00:00:00-05:00,48.48714318718731
2018-02-27 00:00:00-05:00,48.22519043947154
2018-02-28 00:00:00-05:00,47.074526863208426
2018-03-01 00:00:00-05:00,46.99970269295461
2018-03-02 00:00:00-05:00,46.88742730325859
2018-03-05 00:00:00-05:00,48.44972718005361
2018-03-06 00:00:00-05:00,49.63781501401813
2018-03-07 00:00:00-05:00,49.51620311512784
2018-03-08 00:00:00-05:00,50.06814516368417
2018-03-09 00:00:00-05:00,50.74170659701998
2018-03-12 00:00:00-04:00,49.64716630766014
2018-03-13 00:00:00-04:00,48.87069682685216
2018-03-14 00:00:00-04:00,48.21584955684166
2018-03-15 00:00:00-04:00,47.08389164533533
2018-03-16 00:00:00-04:00,46.026772975152824
2018-03-19 00:00:00-04:00,46.494518676319714
2018-03-20 00:00:00-04:00,46.9809873833439
2018-03-21 00:00:00-04:00,44.87609664490185
2018-03-22 00:00:00-04:00,43.65994243737357
2018-03-23 00:00:00-04:00,43.463483119061394
2018-03-26 00:00:00-04:00,43.716077589635674
2018-03-27 00:00:00-04:00,43.66930011546626
2018-03-28 00:00:00-04:00,44.427061297346334
2018-03-29 00:00:00-04:00,45.36255803468545
2018-04-02 00:00:00-04:00,45.661921732952216
2018-04-03 00:00:00-04:00,44.42705211253703
2018-04-04 00:00:00-04:00,44.492543868797576
2018-04-05 00:00:00-04:00,45.91450778237753
2018-04-06 00:00:00-04:00,45.4280495475359
2018-04-09 00:00:00-04:00,44.9509364272896
2018-04-10 00:00:00-04:00,44.922876317518025
2018-04-11 00:00:00-04:00,44.93222868159372
2018-04-12 00:00:00-04:00,45.12868435237374
2018-04-13 00:00:00-04:00,44.40835765342919
2018-04-16 00:00:00-04:00,44.810617403349546
2018-04-17 00:00:00-04:00,44.773196669026625
2018-04-18 00:00:00-04:00,44.567385712783015
2018-04-19 00:00:00-04:00,43.14541490133798
2018-04-20 00:00:00-04:00,41.17150519318599
2018-04-23 00:00:00-04:00,40.114389970520186
2018-04-24 00:00:00-04:00,40.07696930896604
2018-04-25 00:00:00-04:00,40.79730208820841
2018-04-26 00:00:00-04:00,41.536354638504434
2018-04-27 00:00:00-04:00,40.49794715524964
2018-04-30 00:00:00-04:00,41.8637841728251
2018-05-01 00:00:00-04:00,40.92827586681752
2018-05-02 00:00:00-04:00,39.9085774656345
2018-05-03 00:00:00-04:00,38.41176958217406
2018-05-04 00:00:00-04:00,39.300497230001824
2018-05-07 00:00:00-04:00,38.81403545574542
2018-05-08 00:00:00-04:00,40.030197392460224
2018-05-09 00:00:00-04:00,40.40439028653439
2018-05-10 00:00:00-04:00,40.3669742242629
2018-05-11 00:00:00-04:00,40.42309727298853
2018-05-14 00:00:00-04:00,40.32019159411007
2018-05-15 00:00:00-04:00,40.57278557914548
2018-05-16 00:00:00-04:00,41.508280322748085
2018-05-17 00:00:00-04:00,41.79829203444976
2018-05-18 00:00:00-04:00,41.845065648571335
2018-05-21 00:00:00-04:00,41.21828098530683
2018-05-22 00:00:00-04:00,41.54571529313386
2018-05-23 00:00:00-04:00,41.714104334142974
2018-05-24 00:00:00-04:00,42.02281237018781
2018-05-25 00:00:00-04:00,41.414729416697405
2018-05-29 00:00:00-04:00,41.31183376724147
2018-05-30 00:00:00-04:00,42.58411484269515
2018-05-31 00:00:00-04:00,42.71507077816264
2018-06-01 00:00:00-04:00,41.05924210233307
2018-06-04 00:00:00-04:00,41.56441828311113
2018-06-05 00:00:00-04:00,41.22763378352052
2018-06-06 00:00:00-04:00,41.64860611016088
2018-06-07 00:00:00-04:00,42.200558172545904
2018-06-08 00:00:00-04:00,43.34187227363214
2018-06-11 00:00:00-04:00,44.3147915197284
2018-06-12 00:00:00-04:00,44.81060814998044
2018-06-13 00:00:00-04:00,46.793883931109235
2018-06-14 00:00:00-04:00,45.36256408314601
2018-06-15 00:00:00-04:00,45.13804068911298
2018-06-18 00:00:00-04:00,45.465470561481176
2018-06-19 00:00:00-04:00,45.04448851887453
2018-06-20 00:00:00-04:00,45.93321828926137
2018-06-21 00:00:00-04:00,45.764828748136495
2018-06-22 00:00:00-04:00,45.63385620361709
2018-06-25 00:00:00-04:00,45.53095002229184
2018-06-26 00:00:00-04:00,46.167089368318784
2018-06-27 00:00:00-04:00,46.588072201258285
2018-06-28 00:00:00-04:00,45.979997258507034
2018-06-29 00:00:00-04:00,46.33548683764904
2018-07-02 00:00:00-04:00,46.79388115060843
2018-07-03 00:00:00-04:00,47.13066414125982
2018-07-05 00:00:00-04:00,47.186784402673624
2018-07-06 00:00:00-04:00,48.178420402129966
2018-07-09 00:00:00-04:00,48.49649164917872
2018-07-10 00:00:00-04:00,47.94455398658551
2018-07-11 00:00:00-04:00,47.037101924619
2018-07-12 00:00:00-04:00,47.57034804897339
2018-07-13 00:00:00-04:00,48.178421127513424
2018-07-16 00:00:00-04:00,48.234558288650526
2018-07-17 00:00:00-04:00,48.449723578236174
2018-07-18 00:00:00-04:00,48.95488860869949
2018-07-19 00:00:00-04:00,47.86970704106848
2018-07-20 00:00:00-04:00,48.730371079086396
2018-07-23 00:00:00-04:00,49.40393739374716
2018-07-24 00:00:00-04:00,49.94652518078305
2018-07-25 00:00:00-04:00,49.54425742222706
2018-07-26 00:00:00-04:00,49.478777160402565
2018-07-27 00:00:00-04:00,50.02137307408717
2018-07-30 00:00:00-04:00,49.8249160755404
2018-07-31 00:00:00-04:00,49.8623320054908
2018-08-01 00:00:00-04:00,50.1242709389786
2018-08-02 00:00:00-04:00,49.88103586498147
2018-08-03 00:00:00-04:00,50.93816653226276
2018-08-06 00:00:00-04:00,51.883023501568466
2018-08-07 00:00:00-04:00,52.406905997493226
2018-08-08 00:00:00-04:00,50.5733184270352
2018-08-09 00:00:00-04:00,52.03269729816777
2018-08-10 00:00:00-04:00,52.50045520809008
2018-08-13 00:00:00-04:00,52.94013608115666
2018-08-14 00:00:00-04:00,53.4359504001142
2018-08-15 00:00:00-04:00,52.865293995162006
2018-08-16 00:00:00-04:00,52.61271451627449
2018-08-17 00:00:00-04:00,53.529508064780316
2018-08-20 00:00:00-04:00,53.875639679105234
2018-08-21 00:00:00-04:00,54.642750523595964
2018-08-22 00:00:00-04:00,54.51178545171044
2018-08-23 00:00:00-04:00,54.04403558893507
2018-08-24 00:00:00-04:00,52.96819788460704
2018-08-27 00:00:00-04:00,53.16466335645726
2018-08-28 00:00:00-04:00,53.23949362037474
2018-08-29 00:00:00-04:00,53.23949990720787
2018-08-30 00:00:00-04:00,53.05239730348263
2018-08-31 00:00:00-04:00,52.58463657300301
2018-09-04 00:00:00-04:00,52.79046062473049
2018-09-05 00:00:00-04:00,52.00463309810803
2018-09-06 00:00:00-04:00,52.12625496086895
2018-09-07 00:00:00-04:00,51.0597853978527
2018-09-10 00:00:00-04:00,49.94652296266713
2018-09-11 00:00:00-04:00,47.6171199653676
2018-09-12 00:00:00-04:00,46.681622919872936
2018-09-13 00:00:00-04:00,47.065182950239695
2018-09-14 00:00:00-04:00,46.372910019531794
2018-09-17 00:00:00-04:00,45.45611160718896
2018-09-18 00:00:00-04:00,44.62350818819252
2018-09-19 00:00:00-04:00,44.11834846322329
2018-09-20 00:00:00-04:00,44.87609621838192
2018-09-21 00:00:00-04:00,45.09126547228289
2018-09-24 00:00:00-04:00,45.54030412330103
2018-09-25 00:00:00-04:00,44.58610132770617
2018-09-26 00:00:00-04:00,43.6973626772903
2018-09-27 00:00:00-04:00,43.6318817168485
2018-09-28 00:00:00-04:00,43.248313903808594
2018-10-01 00:00:00-04:00,43.4354239296311
2018-10-02 00:00:00-04:00,42.87412550861785
2018-10-03 00:00:00-04:00,42.883477544559454
2018-10-04 00:00:00-04:00,43.11734865876402
2018-10-05 00:00:00-04:00,42.36895769170515
2018-10-08 00:00:00-04:00,42.46250153378773
2018-10-09 00:00:00-04:00,43.45413978716314
2018-10-10 00:00:00-04:00,43.248326540907215
2018-10-11 00:00:00-04:00,42.88347939994452
2018-10-12 00:00:00-04:00,42.08829283016992
2018-10-15 00:00:00-04:00,42.36895080165191
2018-10-16 00:00:00-04:00,43.83768984528745
2018-10-17 00:00:00-04:00,43.76283837795822
2018-10-18 00:00:00-04:00,42.62153878340854
2018-10-19 00:00:00-04:00,42.00411293608859
2018-10-22 00:00:00-04:00,42.74314012146404
2018-10-23 00:00:00-04:00,42.81799696632678
2018-10-24 00:00:00-04:00,41.62989208783874
2018-10-25 00:00:00-04:00,42.724443266534564
2018-10-26 00:00:00-04:00,43.18284347764014
2018-10-29 00:00:00-04:00,43.16412417061959
2018-10-30 00:00:00-04:00,42.95831690700526
2018-10-31 00:00:00-04:00,44.47383206319935
2018-11-01 00:00:00-04:00,45.01642736071034
2018-11-02 00:00:00-04:00,45.05384963727182
2018-11-05 00:00:00-05:00,44.96030071220365
2018-11-06 00:00:00-05:00,44.80125553462467
2018-11-07 00:00:00-05:00,44.71706517607822
2018-11-08 00:00:00-05:00,44.21188735961914
2018-11-09 00:00:00-05:00,44.0528620533939
2018-11-12 00:00:00-05:00,43.8657540572011
2018-11-13 00:00:00-05:00,42.28476393921729
2018-11-14 00:00:00-05:00,39.05726801536572
2018-11-15 00:00:00-05:00,38.96371765810448
2018-11-16 00:00:00-05:00,39.77760590861465
2018-11-19 00:00:00-05:00,40.535360564720676
2018-11-20 00:00:00-05:00,40.123739864359344
2018-11-21 00:00:00-05:00,40.20793872725028
2018-11-23 00:00:00-05:00,40.862775095508404
2018-11-26 00:00:00-05:00,40.97505630874084
2018-11-27 00:00:00-05:00,40.14245300182651
2018-11-28 00:00:00-05:00,39.69341151715967
2018-11-29 00:00:00-05:00,39.88986696819276
2018-11-30 00:00:00-05:00,39.14146304632071
2018-12-03 00:00:00-05:00,39.06662292406864
2018-12-04 00:00:00-05:00,39.3472795945788
2018-12-06 00:00:00-05:00,39.38469037289765
2018-12-07 00:00:00-05:00,39.70276943972375
2018-12-10 00:00:00-05:00,39.1601750078257
2018-12-11 00:00:00-05:00,40.441814152405385
2018-12-12 00:00:00-05:00,39.67469422246658
2018-12-13 00:00:00-05:00,38.767257274018526
2018-12-14 00:00:00-05:00,37.98143166743988
2018-12-17 00:00:00-05:00,37.85981665527198
2018-12-18 00:00:00-05:00,37.345290638801586
2018-12-19 00:00:00-05:00,37.22368437031955
2018-12-20 00:00:00-05:00,36.026229579144264
2018-12-21 00:00:00-05:00,35.31525685526892
2018-12-24 00:00:00-05:00,34.66975140334281
2018-12-26 00:00:00-05:00,34.454581063432066
2018-12-27 00:00:00-05:00,34.875564626455606
2018-12-28 00:00:00-05:00,35.50236083031412
2018-12-31 00:00:00-05:00,35.32460388794156
2019-01-02 00:00:00-05:00,34.56685257905993
2019-01-03 00:00:00-05:00,34.669759968627055
2019-01-04 00:00:00-05:00,34.40781415457751
2019-01-07 00:00:00-05:00,34.93169212637676
2019-01-08 00:00:00-05:00,34.81944554595619
2019-01-09 00:00:00-05:00,35.28717825573497
2019-01-10 00:00:00-05:00,34.91299105461897
2019-01-11 00:00:00-05:00,35.37138360371388
2019-01-14 00:00:00-05:00,36.19462933339152
2019-01-15 00:00:00-05:00,36.007531224487714
2019-01-16 00:00:00-05:00,36.475272710734174
2019-01-17 00:00:00-05:00,36.25074677293238
2019-01-18 00:00:00-05:00,36.32559867549418
2019-01-22 00:00:00-05:00,36.44721510736265
2019-01-23 00:00:00-05:00,36.17591576589943
2019-01-24 00:00:00-05:00,35.9139765410293
2019-01-25 00:00:00-05:00,36.10108130278769
2019-01-28 00:00:00-05:00,36.58753422993803
2019-01-29 00:00:00-05:00,37.045935045732335
2019-01-30 00:00:00-05:00,36.88689783763642
2019-01-31 00:00:00-05:00,36.6249588300129
2019-02-01 00:00:00-05:00,37.11141050123872
2019-02-04 00:00:00-05:00,37.20496505271781
2019-02-05 00:00:00-05:00,37.50432460759563
2019-02-06 00:00:00-05:00,37.13012433048929
2019-02-07 00:00:00-05:00,39.244370092600064
2019-02-08 00:00:00-05:00,39.44082008383428
2019-02-11 00:00:00-05:00,39.52501642959306
2019-02-12 00:00:00-05:00,40.36695960173571
2019-02-13 00:00:00-05:00,40.937620403539235
2019-02-14 00:00:00-05:00,41.592474629105816
2019-02-15 00:00:00-05:00,42.312826048030054
2019-02-19 00:00:00-05:00,41.91055102215098
2019-02-20 00:00:00-05:00,41.770222750125484
2019-02-21 00:00:00-05:00,42.73378998357007
2019-02-22 00:00:00-05:00,42.67766623150455
2019-02-25 00:00:00-05:00,43.49155945989066
2019-02-26 00:00:00-05:00,42.68701861578399
2019-02-27 00:00:00-05:00,41.87313563524508
2019-02-28 00:00:00-05:00,41.65795809305249
2019-03-01 00:00:00-05:00,41.63925460136574
2019-03-04 00:00:00-05:00,42.0508769535522
2019-03-05 00:00:00-05:00,41.236990070937736
2019-03-06 00:00:00-05:00,40.900207420104806
2019-03-07 00:00:00-05:00,40.17050887747121
2019-03-08 00:00:00-05:00,39.609216245345834
2019-03-11 00:00:00-04:00,40.56342529108557
2019-03-12 00:00:00-04:00,40.554070630342494
2019-03-13 00:00:00-04:00,40.71310300342939
2019-03-14 00:00:00-04:00,40.329551102445244
2019-03-15 00:00:00-04:00,40.441813666935545
2019-03-18 00:00:00-04:00,40.97505034730537
2019-03-19 00:00:00-04:00,40.9282783675112
2019-03-20 00:00:00-04:00,40.36697968136702
2019-03-21 00:00:00-04:00,39.899219158333075
2019-03-22 00:00:00-04:00,40.13310047133049
2019-03-25 00:00:00-04:00,39.29114784923481
2019-03-26 00:00:00-04:00,39.824374177416914
2019-03-27 00:00:00-04:00,40.32019873568691
2019-03-28 00:00:00-04:00,40.46052424751358
2019-03-29 00:00:00-04:00,41.04053175293661
2019-04-01 00:00:00-04:00,41.16214949672925
2019-04-02 00:00:00-04:00,41.45215264892913
2019-04-03 00:00:00-04:00,41.003118557490865
2019-04-04 00:00:00-04:00,40.918921605758975
2019-04-05 00:00:00-04:00,41.442799744610994
2019-04-08 00:00:00-04:00,41.79829610069612
2019-04-09 00:00:00-04:00,41.84506789877604
2019-04-10 00:00:00-04:00,41.20892580272168
2019-04-11 00:00:00-04:00,41.480228496290394
2019-04-12 00:00:00-04:00,41.49893975600182
2019-04-15 00:00:00-04:00,41.5924890710252
2019-04-16 00:00:00-04:00,41.42408587673854
2019-04-17 00:00:00-04:00,41.26505717767713
2019-04-18 00:00:00-04:00,40.451168749752675
2019-04-22 00:00:00-04:00,40.479228670514125
2019-04-23 00:00:00-04:00,39.65598807184386
2019-04-24 00:00:00-04:00,39.7401857893068
2019-04-25 00:00:00-04:00,39.30050111375666
2019-04-26 00:00:00-04:00,38.65500149936544
2019-04-29 00:00:00-04:00,38.757907860086036
2019-04-30 00:00:00-04:00,38.59886855586052
2019-05-01 00:00:00-04:00,38.75790887560906
2019-05-02 00:00:00-04:00,37.45756360393053
2019-05-03 00:00:00-04:00,38.71112980393099
2019-05-06 00:00:00-04:00,38.38369981342045
2019-05-07 00:00:00-04:00,39.13211108087965
2019-05-08 00:00:00-04:00,38.1124043562622
2019-05-09 00:00:00-04:00,37.017876661466524
2019-05-10 00:00:00-04:00,31.348721456470162
2019-05-13 00:00:00-04:00,30.478699757695296
2019-05-14 00:00:00-04:00,31.20839063002739
2019-05-15 00:00:00-04:00,31.526463358421633
2019-05-16 00:00:00-04:00,31.825826634968344
2019-05-17 00:00:00-04:00,30.6658030248218
2019-05-20 00:00:00-04:00,29.73029785716844
2019-05-21 00:00:00-04:00,29.936108376698932
2019-05-22 00:00:00-04:00,30.151273727416992
2019-05-23 00:00:00-04:00,30.001593408086684
2019-05-24 00:00:00-04:00,29.992242165628312
2019-05-28 00:00:00-04:00,29.047380789864945
2019-05-29 00:00:00-04:00,28.00897305776513
2019-05-30 00:00:00-04:00,27.22315345691214
2019-05-31 00:00:00-04:00,27.1763735128691
2019-06-03 00:00:00-04:00,26.708623880740802
2019-06-04 00:00:00-04:00,27.288636687708667
2019-06-05 00:00:00-04:00,28.196072743187433
2019-06-06 00:00:00-04:00,27.50379833939747
2019-06-07 00:00:00-04:00,28.30833478304283
2019-06-10 00:00:00-04:00,28.813505072205636
2019-06-11 00:00:00-04:00,28.710601805375344
2019-06-12 00:00:00-04:00,28.458016122929937
2019-06-13 00:00:00-04:00,28.54220948289841
2019-06-14 00:00:00-04:00,28.897697236205005
2019-06-17 00:00:00-04:00,28.63576228492915
2019-06-18 00:00:00-04:00,28.46737069065285
2019-06-19 00:00:00-04:00,28.345754671428278
2019-06-20 00:00:00-04:00,27.485090357719898
2019-06-21 00:00:00-04:00,26.521524309899906
2019-06-24 00:00:00-04:00,26.016351235913508
2019-06-25 00:00:00-04:00,25.455047422884356
2019-06-26 00:00:00-04:00,25.146329977954174
2019-06-27 00:00:00-04:00,24.818906579736662
2019-06-28 00:00:00-04:00,24.931166589426926
2019-07-01 00:00:00-04:00,25.5018225073605
2019-07-02 00:00:00-04:00,25.660857660535324
2019-07-03 00:00:00-04:00,25.726341035152032
2019-07-05 00:00:00-04:00,25.99763831988056
2019-07-08 00:00:00-04:00,27.54122195393966
2019-07-09 00:00:00-04:00,27.120240813127726
2019-07-10 00:00:00-04:00,27.045403189239536
2019-07-11 00:00:00-04:00,26.240870162422446
2019-07-12 00:00:00-04:00,26.427968084960423
2019-07-15 00:00:00-04:00,26.44668320298862
2019-07-16 00:00:00-04:00,26.10054372867469
2019-07-17 00:00:00-04:00,25.922798565227573
2019-07-18 00:00:00-04:00,26.371838818919425
2019-07-19 00:00:00-04:00,26.194096682554786
2019-07-22 00:00:00-04:00,26.82088268445975
2019-07-23 00:00:00-04:00,26.54958902428744
2019-07-24 00:00:00-04:00,26.540231749935266
2019-07-25 00:00:00-04:00,27.382183608011868
2019-07-26 00:00:00-04:00,27.092179240374012
2019-07-29 00:00:00-04:00,27.59735010640234
2019-07-30 00:00:00-04:00,27.597351425090864
2019-07-31 00:00:00-04:00,29.028669538047573
2019-08-01 00:00:00-04:00,28.458015061109542
2019-08-02 00:00:00-04:00,28.467369800626006
2019-08-05 00:00:00-04:00,27.971552064267925
2019-08-06 00:00:00-04:00,27.438314015542076
2019-08-07 00:00:00-04:00,28.822860180911878
2019-08-08 00:00:00-04:00,29.39351972135621
2019-08-09 00:00:00-04:00,29.253191541025952
2019-08-12 00:00:00-04:00,27.457024230343944
2019-08-13 00:00:00-04:00,26.484101929340497
2019-08-14 00:00:00-04:00,26.5589405480568
2019-08-15 00:00:00-04:00,25.838605828099034
2019-08-16 00:00:00-04:00,25.623438958125828
2019-08-19 00:00:00-04:00,26.830237943186628
2019-08-20 00:00:00-04:00,27.82186772459775
2019-08-21 00:00:00-04:00,27.65348175905574
2019-08-22 00:00:00-04:00,27.840579290485643
2019-08-23 00:00:00-04:00,28.07445682692225
2019-08-26 00:00:00-04:00,27.887355435996856
2019-08-27 00:00:00-04:00,27.68154711721819
2019-08-28 00:00:00-04:00,25.70763153576289
2019-08-29 00:00:00-04:00,26.36248313980037
2019-08-30 00:00:00-04:00,26.35313249754673
2019-09-03 00:00:00-04:00,25.632794025926703
2019-09-04 00:00:00-04:00,26.119256136478498
2019-09-05 00:00:00-04:00,26.74604465741761
2019-09-06 00:00:00-04:00,28.065102756930912
2019-09-09 00:00:00-04:00,28.673181230360708
2019-09-10 00:00:00-04:00,29.243839814121163
2019-09-11 00:00:00-04:00,30.497410621184823
2019-09-12 00:00:00-04:00,31.68549542485908
2019-09-13 00:00:00-04:00,31.99421878185049
2019-09-16 00:00:00-04:00,31.67614813751058
2019-09-17 00:00:00-04:00,32.08776963005672
2019-09-18 00:00:00-04:00,30.534824837898245
2019-09-19 00:00:00-04:00,29.823846076433373
2019-09-20 00:00:00-04:00,28.98188961977622
2019-09-23 00:00:00-04:00,29.646104015384164
2019-09-24 00:00:00-04:00,29.926753257528002
2019-09-25 00:00:00-04:00,29.73030244831781
2019-09-26 00:00:00-04:00,30.13256707429656
2019-09-27 00:00:00-04:00,30.665800528704967
2019-09-30 00:00:00-04:00,30.26353488242792
2019-10-01 00:00:00-04:00,30.366443035926054
2019-10-02 00:00:00-04:00,29.028668361592572
2019-10-03 00:00:00-04:00,28.065098536861058
2019-10-04 00:00:00-04:00,29.356092389873204
2019-10-07 00:00:00-04:00,29.225129386959065
2019-10-08 00:00:00-04:00,29.271905189474463
2019-10-09 00:00:00-04:00,29.09415688155128
2019-10-10 00:00:00-04:00,28.645113180988798
2019-10-11 00:00:00-04:00,29.34673992339346
2019-10-14 00:00:00-04:00,29.561909303552596
2019-10-15 00:00:00-04:00,29.07544742016378
2019-10-16 00:00:00-04:00,28.84157285122288
2019-10-17 00:00:00-04:00,29.56190730466051
2019-10-18 00:00:00-04:00,30.057725596717994
2019-10-21 00:00:00-04:00,30.675156458203638
2019-10-22 00:00:00-04:00,30.9370965055855
2019-10-23 00:00:00-04:00,32.09711935286497
2019-10-24 00:00:00-04:00,32.95778215026196
2019-10-25 00:00:00-04:00,32.72390697829448
2019-10-28 00:00:00-04:00,32.98583860313928
2019-10-29 00:00:00-04:00,32.83617315085098
2019-10-30 00:00:00-04:00,33.11681781017323
2019-10-31 00:00:00-04:00,33.247787372940884
2019-11-01 00:00:00-04:00,33.04197572339718
2019-11-04 00:00:00-05:00,33.79974136857945
2019-11-05 00:00:00-05:00,34.202009495756165
2019-11-06 00:00:00-05:00,34.576211130570385
2019-11-07 00:00:00-05:00,34.651051979525946
2019-11-08 00:00:00-05:00,34.89427829463045
2019-11-11 00:00:00-05:00,34.66040336389962
2019-11-12 00:00:00-05:00,33.68747629600818
2019-11-13 00:00:00-05:00,30.50676927419498
2019-11-14 00:00:00-05:00,29.99224052835521
2019-11-15 00:00:00-05:00,29.430934512237677
2019-11-18 00:00:00-05:00,28.813503013583748
2019-11-19 00:00:00-05:00,28.691890923944324
2019-11-20 00:00:00-05:00,28.532851539958358
2019-11-21 00:00:00-05:00,28.28962364843768
2019-11-22 00:00:00-05:00,28.532852192563404
2019-11-25 00:00:00-05:00,28.579626760282657
2019-11-26 00:00:00-05:00,29.000601821423093
2019-11-27 00:00:00-05:00,29.29996783470913
2019-11-29 00:00:00-05:00,29.65545841191032
2019-12-02 00:00:00-05:00,28.991247995394268
2019-12-03 00:00:00-05:00,28.22413551270254
2019-12-04 00:00:00-05:00,28.495434406990288
2019-12-05 00:00:00-05:00,29.075444927649194
2019-12-06 00:00:00-05:00,29.580615753312873
2019-12-09 00:00:00-05:00,29.636746934499275
2019-12-10 00:00:00-05:00,29.056736585326437
2019-12-11 00:00:00-05:00,29.038026543385843
2019-12-12 00:00:00-05:00,28.916411271698546
2019-12-13 00:00:00-05:00,29.561914114937284
2019-12-16 00:00:00-05:00,29.561904469161142
2019-12-17 00:00:00-05:00,29.861269616469677
2019-12-18 00:00:00-05:00,29.589967822129413
2019-12-19 00:00:00-05:00,28.79479793478234
2019-12-20 00:00:00-05:00,29.26254338345959
2019-12-23 00:00:00-05:00,29.365452906371218
2019-12-24 00:00:00-05:00,28.991250695072363
2019-12-26 00:00:00-05:00,29.112866713743816
2019-12-27 00:00:00-05:00,29.066093320575103
2019-12-30 00:00:00-05:00,28.841567536127442
2019-12-31 00:00:00-05:00,28.57962434192945
2020-01-02 00:00:00-05:00,29.281251812554576
2020-01-03 00:00:00-05:00,28.13994552661478
2020-01-06 00:00:00-05:00,27.54122122874735
2020-01-07 00:00:00-05:00,27.288636397081266
2020-01-08 00:00:00-05:00,27.064119008787262
2020-01-09 00:00:00-05:00,27.19508539308747
2020-01-10 00:00:00-05:00,26.717975381994684
2020-01-13 00:00:00-05:00,26.20344793756002
2020-01-14 00:00:00-05:00,26.362486632787387
2020-01-15 00:00:00-05:00,26.71797482967149
2020-01-16 00:00:00-05:00,27.68154557464664
2020-01-17 00:00:00-05:00,27.980904656344816
2020-01-21 00:00:00-05:00,26.93314448259278
2020-01-22 00:00:00-05:00,26.456034689620264
2020-01-23 00:00:00-05:00,25.090202004625773
2020-01-24 00:00:00-05:00,25.604729278045042
2020-01-27 00:00:00-05:00,24.78148210060752
2020-01-28 00:00:00-05:00,24.84696985342384
2020-01-29 00:00:00-05:00,24.706644234120667
2020-01-30 00:00:00-05:00,24.089215114094
2020-01-31 00:00:00-05:00,24.519541235795437
2020-02-03 00:00:00-05:00,24.248249920355814
2020-02-04 00:00:00-05:00,28.06510612612865
2020-02-05 00:00:00-05:00,29.131575433160037
2020-02-06 00:00:00-05:00,29.945464145949767
2020-02-07 00:00:00-05:00,29.43093391832945
2020-02-10 00:00:00-05:00,35.30590541255502
2020-02-11 00:00:00-05:00,35.895267672784705
2020-02-12 00:00:00-05:00,34.58555538439502
2020-02-13 00:00:00-05:00,32.21872865523662
2020-02-14 00:00:00-05:00,31.94744375738321
2020-02-18 00:00:00-05:00,31.49840011081968
2020-02-19 00:00:00-05:00,31.199035500529206
2020-02-20 00:00:00-05:00,31.2832330100755
2020-02-21 00:00:00-05:00,32.08776471208331
2020-02-24 00:00:00-05:00,30.89967347567836
2020-02-25 00:00:00-05:00,31.58259128339129
2020-02-26 00:00:00-05:00,30.35708758501394
2020-02-27 00:00:00-05:00,28.139943241646833
2020-02-28 00:00:00-05:00,28.635761854372774
2020-03-02 00:00:00-05:00,29.318676969558418
2020-03-03 00:00:00-05:00,30.32901810310362
2020-03-04 00:00:00-05:00,31.376774115351477
2020-03-05 00:00:00-05:00,31.0119437082085
2020-03-06 00:00:00-05:00,31.732276061894716
2020-03-09 00:00:00-04:00,30.357082455248086
2020-03-10 00:00:00-04:00,34.05232045023439
2020-03-11 00:00:00-04:00,30.24482373560731
2020-03-12 00:00:00-04:00,25.969577784251
2020-03-13 00:00:00-04:00,24.47276441009614
2020-03-16 00:00:00-04:00,25.2585918354764
2020-03-17 00:00:00-04:00,26.736685599785073
2020-03-18 00:00:00-04:00,29.038025146625063
2020-03-19 00:00:00-04:00,27.391539211895314
2020-03-20 00:00:00-04:00,29.43093637969563
2020-03-23 00:00:00-04:00,22.966605940977228
2020-03-24 00:00:00-04:00,20.740105161221162
2020-03-25 00:00:00-04:00,22.367886152870962
2020-03-26 00:00:00-04:00,23.836626072751315
2020-03-27 00:00:00-04:00,23.172420682409502
2020-03-30 00:00:00-04:00,23.49984896546555
2020-03-31 00:00:00-04:00,22.704668374920846
2020-04-01 00:00:00-04:00,21.638197431670694
2020-04-02 00:00:00-04:00,21.750453201983902
2020-04-03 00:00:00-04:00,24.940518318765708
2020-04-06 00:00:00-04:00,26.00699214865057
2020-04-07 00:00:00-04:00,26.474745859211623
2020-04-08 00:00:00-04:00,25.932153539672402
2020-04-09 00:00:00-04:00,27.129603852264044
2020-04-13 00:00:00-04:00,25.632792163218706
2020-04-14 00:00:00-04:00,26.50280990231848
2020-04-15 00:00:00-04:00,24.622448611501966
2020-04-16 00:00:00-04:00,24.641160547239693
2020-04-17 00:00:00-04:00,24.145339444915784
2020-04-20 00:00:00-04:00,23.312747504072284
2020-04-21 00:00:00-04:00,23.499845676169997
2020-04-22 00:00:00-04:00,25.417626319266567
2020-04-23 00:00:00-04:00,25.408276139940078
2020-04-24 00:00:00-04:00,24.856322970223356
2020-04-27 00:00:00-04:00,25.58601537593728
2020-04-28 00:00:00-04:00,26.76474967987822
2020-04-29 00:00:00-04:00,26.577656292997183
2020-04-30 00:00:00-04:00,25.342791865530636
2020-05-01 00:00:00-04:00,25.380207472939862
2020-05-04 00:00:00-04:00,24.809553104880546
2020-05-05 00:00:00-04:00,25.08084492914729
2020-05-06 00:00:00-04:00,25.043427895282804
2020-05-07 00:00:00-04:00,25.258587895782806
2020-05-08 00:00:00-04:00,26.427969758406928
2020-05-11 00:00:00-04:00,26.64313354836458
2020-05-12 00:00:00-04:00,26.353134683295664
2020-05-13 00:00:00-04:00,24.77213219123805
2020-05-14 00:00:00-04:00,24.491479192157414
2020-05-15 00:00:00-04:00,23.715013965694936
2020-05-18 00:00:00-04:00,24.959230615047773
2020-05-19 00:00:00-04:00,25.501821292444404
2020-05-20 00:00:00-04:00,25.25859074907014
2020-05-21 00:00:00-04:00,25.398917151593157
2020-05-22 00:00:00-04:00,25.85731362823754
2020-05-26 00:00:00-04:00,27.718964770586563
2020-05-27 00:00:00-04:00,27.690900742086672
2020-05-28 00:00:00-04:00,28.710602492455454
2020-05-29 00:00:00-04:00,27.93413400174752
2020-06-01 00:00:00-04:00,28.663823826887207
2020-06-02 00:00:00-04:00,28.046391799732657
2020-06-03 00:00:00-04:00,28.495430195778116
2020-06-04 00:00:00-04:00,27.915424008356357
2020-06-05 00:00:00-04:00,28.916410078453026
2020-06-08 00:00:00-04:00,29.954825217315232
2020-06-09 00:00:00-04:00,30.16998380042789
2020-06-10 00:00:00-04:00,29.758363513418193
2020-06-11 00:00:00-04:00,27.232504987843992
2020-06-12 00:00:00-04:00,27.251211088894227
2020-06-15 00:00:00-04:00,24.687933192470197
2020-06-16 00:00:00-04:00,25.726343675947593
2020-06-17 00:00:00-04:00,26.512166450237977
2020-06-18 00:00:00-04:00,26.549589157104492
2020-06-19 00:00:00-04:00,26.877011458239018
2020-06-22 00:00:00-04:00,26.47474415048951
2020-06-23 00:00:00-04:00,26.830233394810545
2020-06-24 00:00:00-04:00,26.774110327128923
2020-06-25 00:00:00-04:00,27.092175995037277
2020-06-26 00:00:00-04:00,27.831225835105368
2020-06-29 00:00:00-04:00,27.737675959539747
2020-06-30 00:00:00-04:00,28.588983325507655
2020-07-01 00:00:00-04:00,29.159638841881502
2020-07-02 00:00:00-04:00,28.916410742835104
2020-07-06 00:00:00-04:00,29.41222678871805
2020-07-07 00:00:00-04:00,29.084801479758347
2020-07-08 00:00:00-04:00,29.65545996552866
2020-07-09 00:00:00-04:00,29.225124772053853
2020-07-10 00:00:00-04:00,28.878990682287288
2020-07-13 00:00:00-04:00,29.59932851360756
2020-07-14 00:00:00-04:00,28.916411672369577
2020-07-15 00:00:00-04:00,29.543200105801557
2020-07-16 00:00:00-04:00,28.738663985650817
2020-07-17 00:00:00-04:00,28.757375089108287
2020-07-20 00:00:00-04:00,28.6918889143079
2020-07-21 00:00:00-04:00,28.336399753225052
2020-07-22 00:00:00-04:00,28.09317082634131
2020-07-23 00:00:00-04:00,27.42896028408757
2020-07-24 00:00:00-04:00,28.26155699338593
2020-07-27 00:00:00-04:00,27.38218312740428
2020-07-28 00:00:00-04:00,27.12959814454367
2020-07-29 00:00:00-04:00,27.419600751952085
2020-07-30 00:00:00-04:00,27.79380713072717
2020-07-31 00:00:00-04:00,27.485089396943035
2020-08-03 00:00:00-04:00,28.074453970872895
2020-08-04 00:00:00-04:00,26.680558166423765
2020-08-05 00:00:00-04:00,27.84058057407794
2020-08-06 00:00:00-04:00,26.474745438918866
2020-08-07 00:00:00-04:00,26.55894156556742
2020-08-10 00:00:00-04:00,27.672191775733687
2020-08-11 00:00:00-04:00,28.95382949831307
2020-08-12 00:00:00-04:00,28.916406220233007
2020-08-13 00:00:00-04:00,28.542207471977537
2020-08-14 00:00:00-04:00,28.32704209779589
2020-08-17 00:00:00-04:00,28.33639738834895
2020-08-18 00:00:00-04:00,28.9725423217915
2020-08-19 00:00:00-04:00,28.46736811320161
2020-08-20 00:00:00-04:00,28.18671774483063
2020-08-21 00:00:00-04:00,28.28962312686699
2020-08-24 00:00:00-04:00,26.970565156528522
2020-08-25 00:00:00-04:00,27.606707894780516
2020-08-26 00:00:00-04:00,27.120239669994135
2020-08-27 00:00:00-04:00,27.475734485953264
2020-08-28 00:00:00-04:00,27.559928446377977
2020-08-31 00:00:00-04:00,27.251216523894264
2020-09-01 00:00:00-04:00,26.74604186967638
2020-09-02 00:00:00-04:00,28.504790625700508
2020-09-03 00:00:00-04:00,28.47672555837582
2020-09-04 00:00:00-04:00,28.99125082683281
2020-09-08 00:00:00-04:00,28.158656382670202
2020-09-09 00:00:00-04:00,27.157665840915357
2020-09-10 00:00:00-04:00,27.026692233970703
2020-09-11 00:00:00-04:00,26.661848790542553
2020-09-14 00:00:00-04:00,26.839593174641628
2020-09-15 00:00:00-04:00,27.578642184299987
2020-09-16 00:00:00-04:00,27.90606715618766
2020-09-17 00:00:00-04:00,27.85929066911046
2020-09-18 00:00:00-04:00,27.45702876605675
2020-09-21 00:00:00-04:00,26.764754518903047
2020-09-22 00:00:00-04:00,26.20344979395837
2020-09-23 00:00:00-04:00,25.716986632657445
2020-09-24 00:00:00-04:00,24.80955545887511
2020-09-25 00:00:00-04:00,25.15568425165718
2020-09-28 00:00:00-04:00,25.87602357596101
2020-09-29 00:00:00-04:00,26.03506078605578
2020-09-30 00:00:00-04:00,25.782470210646913
2020-10-01 00:00:00-04:00,26.147317810179942
2020-10-02 00:00:00-04:00,26.1286086637886
2020-10-05 00:00:00-04:00,27.31669743658942
2020-10-06 00:00:00-04:00,27.26993049497506
2020-10-07 00:00:00-04:00,27.64412607422708
2020-10-08 00:00:00-04:00,27.578641259147993
2020-10-09 00:00:00-04:00,27.68154813816861
2020-10-12 00:00:00-04:00,27.79380776098261
2020-10-13 00:00:00-04:00,27.85929161744849
2020-10-14 00:00:00-04:00,28.308330848283017
2020-10-15 00:00:00-04:00,27.784451074657394
2020-10-16 00:00:00-04:00,28.448662433772565
2020-10-19 00:00:00-04:00,28.53285683021818
2020-10-20 00:00:00-04:00,27.840580704165475
2020-10-21 00:00:00-04:00,26.783459795053233
2020-10-22 00:00:00-04:00,26.830239523051713
2020-10-23 00:00:00-04:00,26.60571712793086
2020-10-26 00:00:00-04:00,26.2689352097753
2020-10-27 00:00:00-04:00,26.615072957105276
2020-10-28 00:00:00-04:00,25.745054197403466
2020-10-29 00:00:00-04:00,25.18375106961178
2020-10-30 00:00:00-04:00,24.977937337816822
2020-11-02 00:00:00-05:00,25.034069007445527
2020-11-03 00:00:00-05:00,25.445693532957872
2020-11-04 00:00:00-05:00,25.380202591195616
2020-11-05 00:00:00-05:00,25.66086340592896
2020-11-06 00:00:00-05:00,26.689915167064132
2020-11-09 00:00:00-05:00,28.64511472718148
2020-11-10 00:00:00-05:00,28.944478718224186
2020-11-11 00:00:00-05:00,29.608680476566185
2020-11-12 00:00:00-05:00,30.74065141285578
2020-11-13 00:00:00-05:00,32.15325309618162
2020-11-16 00:00:00-05:00,33.67811603196467
2020-11-17 00:00:00-05:00,33.621994672368594
2020-11-18 00:00:00-05:00,34.342324135192385
2020-11-19 00:00:00-05:00,32.4338946519361
2020-11-20 00:00:00-05:00,32.92971671486218
2020-11-23 00:00:00-05:00,33.09810379697291
2020-11-24 00:00:00-05:00,34.06167725851026
2020-11-25 00:00:00-05:00,33.46294575599811
2020-11-27 00:00:00-05:00,33.81844516249808
2020-11-30 00:00:00-05:00,33.05133697336285
2020-12-01 00:00:00-05:00,32.92973289082594
2020-12-02 00:00:00-05:00,32.49002908783085
2020-12-03 00:00:00-05:00,32.68648436848172
2020-12-04 00:00:00-05:00,32.51809578506518
2020-12-07 00:00:00-05:00,32.9671504552435
2020-12-08 00:00:00-05:00,31.900675119335677
2020-12-09 00:00:00-05:00,33.09911375529196
2020-12-10 00:00:00-05:00,33.61584195983226
2020-12-11 00:00:00-05:00,34.13257933352572
2020-12-14 00:00:00-05:00,34.56475951698157
2020-12-15 00:00:00-05:00,34.19834853097178
2020-12-16 00:00:00-05:00,34.58355301401556
2020-12-17 00:00:00-05:00,34.52717274173147
2020-12-18 00:00:00-05:00,34.06681551001388
2020-12-21 00:00:00-05:00,33.05213324313795
2020-12-22 00:00:00-05:00,32.79846764002846
2020-12-23 00:00:00-05:00,33.12729194842845
2020-12-24 00:00:00-05:00,33.7473807846038
2020-12-28 00:00:00-05:00,33.756777706053185
2020-12-29 00:00:00-05:00,33.831934505827554
2020-12-30 00:00:00-05:00,33.3527777132728
2020-12-31 00:00:00-05:00,33.00515867471371
2021-01-04 00:00:00-05:00,32.46963254095628
2021-01-05 00:00:00-05:00,32.10321829078911
2021-01-06 00:00:00-05:00,32.39448117513303
2021-01-07 00:00:00-05:00,32.93939430637336
2021-01-08 00:00:00-05:00,33.0709242938899
2021-01-11 00:00:00-05:00,32.225375082450505
2021-01-12 00:00:00-05:00,32.826653423868315
2021-01-13 00:00:00-05:00,32.34749715202159
2021-01-14 00:00:00-05:00,32.19718008239596
2021-01-15 00:00:00-05:00,32.14080283237741
2021-01-19 00:00:00-05:00,32.48843008711187
2021-01-20 00:00:00-05:00,32.338108769355635
2021-01-21 00:00:00-05:00,32.03745868000939
2021-01-22 00:00:00-05:00,31.80258572668105
2021-01-25 00:00:00-05:00,31.417366598747527
2021-01-26 00:00:00-05:00,33.352784301731006
2021-01-27 00:00:00-05:00,33.08971636020856
2021-01-28 00:00:00-05:00,34.01043698737048
2021-01-29 00:00:00-05:00,32.883021285781346
2021-02-01 00:00:00-05:00,31.398577685274915
2021-02-02 00:00:00-05:00,32.01867070450479
2021-02-03 00:00:00-05:00,31.0603639844206
2021-02-04 00:00:00-05:00,31.004001549061517
2021-02-05 00:00:00-05:00,31.314037311496506
2021-02-08 00:00:00-05:00,31.943515526987337
2021-02-09 00:00:00-05:00,32.67632602139076
2021-02-10 00:00:00-05:00,32.45084909755434
2021-02-11 00:00:00-05:00,32.27233517943213
2021-02-12 00:00:00-05:00,31.548921492365206
2021-02-16 00:00:00-05:00,31.003996144713582
2021-02-17 00:00:00-05:00,31.464359412102432
2021-02-18 00:00:00-05:00,30.900651781216876
2021-02-19 00:00:00-05:00,30.74093042287905
2021-02-22 00:00:00-05:00,29.8483947119092
2021-02-23 00:00:00-05:00,30.769110530703937
2021-02-24 00:00:00-05:00,30.205408936502256
2021-02-25 00:00:00-05:00,29.651094758629192
2021-02-26 00:00:00-05:00,28.824317838128003
2021-03-01 00:00:00-05:00,29.153151678864642
2021-03-02 00:00:00-05:00,28.81492465238345
2021-03-03 00:00:00-05:00,28.476695108713624
2021-03-04 00:00:00-05:00,28.900176507706224
2021-03-05 00:00:00-05:00,28.531958682208316
2021-03-08 00:00:00-05:00,30.004822148927907
2021-03-09 00:00:00-05:00,31.37382137726963
2021-03-10 00:00:00-05:00,30.533532146649385
2021-03-11 00:00:00-05:00,32.148013974983684
2021-03-12 00:00:00-05:00,33.016633880352316
2021-03-15 00:00:00-04:00,35.6696703379594
2021-03-16 00:00:00-04:00,35.43363783468165
2021-03-17 00:00:00-04:00,37.0575550111799
2021-03-18 00:00:00-04:00,38.15276070850409
2021-03-19 00:00:00-04:00,36.87816871601465
2021-03-22 00:00:00-04:00,36.58548916584164
2021-03-23 00:00:00-04:00,35.32978455057065
2021-03-24 00:00:00-04:00,35.631911550859016
2021-03-25 00:00:00-04:00,34.73497163984311
2021-03-26 00:00:00-04:00,36.67046615692269
2021-03-29 00:00:00-04:00,36.1700641769394
2021-03-30 00:00:00-04:00,37.567392773946054
2021-03-31 00:00:00-04:00,38.152756369772106
2021-04-01 00:00:00-04:00,37.33135620909818
2021-04-05 00:00:00-04:00,36.67046226095559
2021-04-06 00:00:00-04:00,37.727897096939444
2021-04-07 00:00:00-04:00,37.435216798944246
2021-04-08 00:00:00-04:00,36.94426121746105
2021-04-09 00:00:00-04:00,37.218064924533344
2021-04-12 00:00:00-04:00,36.594913785201335
2021-04-13 00:00:00-04:00,36.39665110985899
2021-04-14 00:00:00-04:00,36.28336055156286
2021-04-15 00:00:00-04:00,36.43442587493241
2021-04-16 00:00:00-04:00,36.830961044354545
2021-04-19 00:00:00-04:00,36.55716045821206
2021-04-20 00:00:00-04:00,36.29280391553477
2021-04-21 00:00:00-04:00,36.81207722129736
2021-04-22 00:00:00-04:00,37.58627771549804
2021-04-23 00:00:00-04:00,36.51938957713491
2021-04-26 00:00:00-04:00,36.65157234578191
2021-04-27 00:00:00-04:00,36.33056739085
2021-04-28 00:00:00-04:00,36.10397645923887
2021-04-29 00:00:00-04:00,36.18894809881187
2021-04-30 00:00:00-04:00,36.64213480678857
2021-05-03 00:00:00-04:00,36.17951046076527
2021-05-04 00:00:00-04:00,36.651574537756694
2021-05-05 00:00:00-04:00,37.53907291086643
2021-05-06 00:00:00-04:00,38.237727530851224
2021-05-07 00:00:00-04:00,41.287303886920526
2021-05-10 00:00:00-04:00,41.58944390020417
2021-05-11 00:00:00-04:00,41.83492052376224
2021-05-12 00:00:00-04:00,41.57055297663754
2021-05-13 00:00:00-04:00,40.12602052970519
2021-05-14 00:00:00-04:00,41.551666687637095
2021-05-17 00:00:00-04:00,40.99462964355279
2021-05-18 00:00:00-04:00,41.542238439394445
2021-05-19 00:00:00-04:00,40.853011769847065
2021-05-20 00:00:00-04:00,42.12759905900138
2021-05-21 00:00:00-04:00,42.48637188921918
2021-05-24 00:00:00-04:00,42.74129383663086
2021-05-25 00:00:00-04:00,43.22280165867521
2021-05-26 00:00:00-04:00,42.48637060720244
2021-05-27 00:00:00-04:00,42.760180200109524
2021-05-28 00:00:00-04:00,42.51468689259422
2021-06-01 00:00:00-04:00,42.98676361563526
2021-06-02 00:00:00-04:00,41.66496612067169
2021-06-03 00:00:00-04:00,41.7397965266073
2021-06-04 00:00:00-04:00,42.66818894775402
2021-06-07 00:00:00-04:00,42.83871232222184
2021-06-08 00:00:00-04:00,43.38817147002645
2021-06-09 00:00:00-04:00,43.928151061510704
2021-06-10 00:00:00-04:00,43.4828963092012
2021-06-11 00:00:00-04:00,43.17028448555331
2021-06-14 00:00:00-04:00,43.68184040822937
2021-06-15 00:00:00-04:00,43.625001614109344
2021-06-16 00:00:00-04:00,43.966045944951475
2021-06-17 00:00:00-04:00,43.435534725473325
2021-06-18 00:00:00-04:00,42.71555574374465
2021-06-21 00:00:00-04:00,40.69772255142967
2021-06-22 00:00:00-04:00,39.95879492235127
2021-06-23 00:00:00-04:00,40.03458308142489
2021-06-24 00:00:00-04:00,40.7356205800195
2021-06-25 00:00:00-04:00,41.7682157718927
2021-06-28 00:00:00-04:00,42.03346639943304
2021-06-29 00:00:00-04:00,41.730320095923005
2021-06-30 00:00:00-04:00,41.948216754372815
2021-07-01 00:00:00-04:00,41.90085230353181
2021-07-02 00:00:00-04:00,41.24718655061585
2021-07-06 00:00:00-04:00,41.01981155022626
2021-07-07 00:00:00-04:00,40.27141451206125
2021-07-08 00:00:00-04:00,39.76932898675546
2021-07-09 00:00:00-04:00,39.9114386237998
2021-07-12 00:00:00-04:00,40.01563542185962
2021-07-13 00:00:00-04:00,40.43247081004895
2021-07-14 00:00:00-04:00,40.11037523867622
2021-07-15 00:00:00-04:00,39.939854149081135
2021-07-16 00:00:00-04:00,39.608290897764384
2021-07-19 00:00:00-04:00,38.026225794537034
2021-07-20 00:00:00-04:00,38.27254211232646
2021-07-21 00:00:00-04:00,39.16302849739073
2021-07-22 00:00:00-04:00,38.367269839392605
2021-07-23 00:00:00-04:00,37.808334590819165
2021-07-26 00:00:00-04:00,39.03040373182863
2021-07-27 00:00:00-04:00,39.02093001398859
2021-07-28 00:00:00-04:00,39.36196575457085
2021-07-29 00:00:00-04:00,39.4472389033738
2021-07-30 00:00:00-04:00,39.23882495071614
2021-08-02 00:00:00-04:00,39.03040795768433
2021-08-03 00:00:00-04:00,38.41462931885086
2021-08-04 00:00:00-04:00,38.72725311222498
2021-08-05 00:00:00-04:00,41.29454544949417
2021-08-06 00:00:00-04:00,41.37033553857878
2021-08-09 00:00:00-04:00,41.88190215141189
2021-08-10 00:00:00-04:00,41.89137715725639
2021-08-11 00:00:00-04:00,42.55451275773978
2021-08-12 00:00:00-04:00,42.70608548320934
2021-08-13 00:00:00-04:00,42.2987261800169
2021-08-16 00:00:00-04:00,41.87242872185207
2021-08-17 00:00:00-04:00,41.89138128926096
2021-08-18 00:00:00-04:00,41.98610683555581
2021-08-19 00:00:00-04:00,41.5692807207306
2021-08-20 00:00:00-04:00,41.654534053399594
2021-08-23 00:00:00-04:00,42.34609368130465
2021-08-24 00:00:00-04:00,41.89136988357164
2021-08-25 00:00:00-04:00,40.90613442593421
2021-08-26 00:00:00-04:00,41.30401453614225
2021-08-27 00:00:00-04:00,40.51773752831265
2021-08-30 00:00:00-04:00,40.36615366609043
2021-08-31 00:00:00-04:00,40.14826053501645
2021-09-01 00:00:00-04:00,40.22404653373245
2021-09-02 00:00:00-04:00,40.48930896564783
2021-09-03 00:00:00-04:00,39.51354344227549
2021-09-07 00:00:00-04:00,39.144088865605326
2021-09-08 00:00:00-04:00,38.21457045064287
2021-09-09 00:00:00-04:00,38.43326697019463
2021-09-10 00:00:00-04:00,37.663083472157794
2021-09-13 00:00:00-04:00,36.38894385541688
2021-09-14 00:00:00-04:00,36.56009267074472
2021-09-15 00:00:00-04:00,35.181378305234475
2021-09-16 00:00:00-04:00,35.44760281753174
2021-09-17 00:00:00-04:00,35.01021322387088
2021-09-20 00:00:00-04:00,34.154455288648776
2021-09-21 00:00:00-04:00,34.3160928694658
2021-09-22 00:00:00-04:00,33.7075534347693
2021-09-23 00:00:00-04:00,33.88821125679477
2021-09-24 00:00:00-04:00,33.87870947144256
2021-09-27 00:00:00-04:00,34.154448081400794
2021-09-28 00:00:00-04:00,35.37153273681932
2021-09-29 00:00:00-04:00,35.60924735715673
2021-09-30 00:00:00-04:00,35.96105886316958
2021-10-01 00:00:00-04:00,34.839059764877696
2021-10-04 00:00:00-04:00,35.067265651612686
2021-10-05 00:00:00-04:00,34.73446074611588
2021-10-06 00:00:00-04:00,34.55380990034062
2021-10-07 00:00:00-04:00,34.8295598329548
2021-10-08 00:00:00-04:00,34.03084657301334
2021-10-11 00:00:00-04:00,33.869189606436805
2021-10-12 00:00:00-04:00,33.184579133579646
2021-10-13 00:00:00-04:00,33.32721890909902
2021-10-14 00:00:00-04:00,33.33671930671981
2021-10-15 00:00:00-04:00,33.77411381589626
2021-10-18 00:00:00-04:00,33.08000117307226
2021-10-19 00:00:00-04:00,33.00391798204248
2021-10-20 00:00:00-04:00,32.823259169468884
2021-10-21 00:00:00-04:00,33.38425623764782
2021-10-22 00:00:00-04:00,33.11802835702007
2021-10-25 00:00:00-04:00,33.03244995409567
2021-10-26 00:00:00-04:00,33.71706160760134
2021-10-27 00:00:00-04:00,33.28917825288265
2021-10-28 00:00:00-04:00,33.1750721507201
2021-10-29 00:00:00-04:00,33.85017857251552
2021-11-01 00:00:00-04:00,33.36524701816108
2021-11-02 00:00:00-04:00,33.88821173973327
2021-11-03 00:00:00-04:00,34.34461649079671
2021-11-04 00:00:00-04:00,35.78040582539594
2021-11-05 00:00:00-04:00,36.20828808625748
2021-11-08 00:00:00-05:00,36.41746574285508
2021-11-09 00:00:00-05:00,35.71384301031556
2021-11-10 00:00:00-05:00,35.96105626359195
2021-11-11 00:00:00-05:00,38.23358660767886
2021-11-12 00:00:00-05:00,41.54253786028424
2021-11-15 00:00:00-05:00,41.3143296092102
2021-11-16 00:00:00-05:00,40.715304214073846
2021-11-17 00:00:00-05:00,41.23827179973143
2021-11-18 00:00:00-05:00,41.2002359256835
2021-11-19 00:00:00-05:00,40.78186307509076
2021-11-22 00:00:00-05:00,41.97993006592435
2021-11-23 00:00:00-05:00,42.51239651306334
2021-11-24 00:00:00-05:00,42.816673917619426
2021-11-26 00:00:00-05:00,40.3634850451266
2021-11-29 00:00:00-05:00,40.90546812437118
2021-11-30 00:00:00-05:00,40.049701314009866
2021-12-01 00:00:00-05:00,40.71530233696894
2021-12-02 00:00:00-05:00,40.04191423467204
2021-12-03 00:00:00-05:00,39.765172932397356
2021-12-06 00:00:00-05:00,40.30912437552775
2021-12-07 00:00:00-05:00,41.57831976530993
2021-12-08 00:00:00-05:00,41.158432125831396
2021-12-09 00:00:00-05:00,41.750091813769714
2021-12-10 00:00:00-05:00,42.6280340655706
2021-12-13 00:00:00-05:00,42.04592672566305
2021-12-14 00:00:00-05:00,42.25586654537789
2021-12-15 00:00:00-05:00,41.97911635865919
2021-12-16 00:00:00-05:00,43.219696456910285
2021-12-17 00:00:00-05:00,42.38946212001968
2021-12-20 00:00:00-05:00,41.15843644367554
2021-12-21 00:00:00-05:00,42.18906498601058
2021-12-22 00:00:00-05:00,42.68529480530649
2021-12-23 00:00:00-05:00,43.171986086243024
2021-12-27 00:00:00-05:00,42.37992447167547
2021-12-28 00:00:00-05:00,43.64912301739514
2021-12-29 00:00:00-05:00,43.27695320337619
2021-12-30 00:00:00-05:00,43.62048847293159
2021-12-31 00:00:00-05:00,43.68729469788295
2022-01-03 00:00:00-05:00,43.38192148901212
2022-01-04 00:00:00-05:00,44.240782638407225
2022-01-05 00:00:00-05:00,44.96603931763589
2022-01-06 00:00:00-05:00,45.48135137743809
2022-01-07 00:00:00-05:00,46.99867849941086
2022-01-10 00:00:00-05:00,46.62649814349898
2022-01-11 00:00:00-05:00,46.72193180564127
2022-01-12 00:00:00-05:00,46.14935792503427
2022-01-13 00:00:00-05:00,46.66467693323241
2022-01-14 00:00:00-05:00,47.8289010442838
2022-01-18 00:00:00-05:00,49.19353475686622
2022-01-19 00:00:00-05:00,48.430110693578854
2022-01-20 00:00:00-05:00,47.1799822761857
2022-01-21 00:00:00-05:00,45.490902077588736
2022-01-24 00:00:00-05:00,45.32866835440537
2022-01-25 00:00:00-05:00,45.40501210791642
2022-01-26 00:00:00-05:00,44.79427135819976
2022-01-27 00:00:00-05:00,45.02329996249491
2022-01-28 00:00:00-05:00,44.364840304434274
2022-01-31 00:00:00-05:00,44.78472904000898
2022-02-01 00:00:00-05:00,43.50598275933704
2022-02-02 00:00:00-05:00,42.40855075473046
2022-02-03 00:00:00-05:00,42.56123875232333
2022-02-04 00:00:00-05:00,42.217698643232964
2022-02-07 00:00:00-05:00,41.10117218740195
2022-02-08 00:00:00-05:00,38.257399729268144
2022-02-09 00:00:00-05:00,35.51859471180253
2022-02-10 00:00:00-05:00,35.47087429780328
2022-02-11 00:00:00-05:00,35.34681790046339
2022-02-14 00:00:00-05:00,34.62156154474409
2022-02-15 00:00:00-05:00,33.99173467949612
2022-02-16 00:00:00-05:00,34.73607449847157
2022-02-17 00:00:00-05:00,35.194135140674994
2022-02-18 00:00:00-05:00,34.888761149942056
2022-02-22 00:00:00-05:00,34.15396219087288
2022-02-23 00:00:00-05:00,33.80086970575146
2022-02-24 00:00:00-05:00,33.27601752182216
2022-02-25 00:00:00-05:00,33.21876660756141
2022-02-28 00:00:00-05:00,34.07761581083408
2022-03-01 00:00:00-05:00,33.69589606844389
2022-03-02 00:00:00-05:00,33.676819672054435
2022-03-03 00:00:00-05:00,34.5833950339211
2022-03-04 00:00:00-05:00,34.7074474694773
2022-03-07 00:00:00-05:00,34.355525416227394
2022-03-08 00:00:00-05:00,33.493055449956124
2022-03-09 00:00:00-05:00,35.083852812772214
2022-03-10 00:00:00-05:00,34.365115715410994
2022-03-11 00:00:00-05:00,34.41303339764791
2022-03-14 00:00:00-04:00,34.43219445188159
2022-03-15 00:00:00-04:00,35.160509386126684
2022-03-16 00:00:00-04:00,36.2146593052229
2022-03-17 00:00:00-04:00,36.18590576114181
2022-03-18 00:00:00-04:00,36.32966162820874
2022-03-21 00:00:00-04:00,36.66505837658251
2022-03-22 00:00:00-04:00,36.58840149457909
2022-03-23 00:00:00-04:00,35.34259491447273
2022-03-24 00:00:00-04:00,34.07762012239395
2022-03-25 00:00:00-04:00,34.18303494819106
2022-03-28 00:00:00-04:00,34.307610224351286
2022-03-29 00:00:00-04:00,34.6046909803181
2022-03-30 00:00:00-04:00,34.57594634779099
2022-03-31 00:00:00-04:00,34.882604610981836
2022-04-01 00:00:00-04:00,35.65883531837752
2022-04-04 00:00:00-04:00,35.0742635825218
2022-04-05 00:00:00-04:00,35.476753676323895
2022-04-06 00:00:00-04:00,34.83468880863024
2022-04-07 00:00:00-04:00,34.81552301912517
2022-04-08 00:00:00-04:00,35.08384956319631
2022-04-11 00:00:00-04:00,35.53425103534967
2022-04-12 00:00:00-04:00,35.37134374515035
2022-04-13 00:00:00-04:00,35.122175796121304
2022-04-14 00:00:00-04:00,35.2659302642776
2022-04-18 00:00:00-04:00,34.690935991386944
2022-04-19 00:00:00-04:00,34.97843220252127
2022-04-20 00:00:00-04:00,35.946328235388414
2022-04-21 00:00:00-04:00,36.69381190095227
2022-04-22 00:00:00-04:00,36.473399885281836
2022-04-25 00:00:00-04:00,35.792993550772486
2022-04-26 00:00:00-04:00,36.15716150507316
2022-04-27 00:00:00-04:00,35.71633875597393
2022-04-28 00:00:00-04:00,36.578817340357574
2022-04-29 00:00:00-04:00,36.492567635766896
2022-05-02 00:00:00-04:00,36.578817229762414
2022-05-03 00:00:00-04:00,35.64924994914728
2022-05-04 00:00:00-04:00,35.96549779505401
2022-05-05 00:00:00-04:00,36.684234198399885
2022-05-06 00:00:00-04:00,36.46381753688288
2022-05-09 00:00:00-04:00,36.49257220801658
2022-05-10 00:00:00-04:00,34.49927793231301
2022-05-11 00:00:00-04:00,32.64015193838
2022-05-12 00:00:00-04:00,32.82222846783999
2022-05-13 00:00:00-04:00,33.88595884533668
2022-05-16 00:00:00-04:00,33.73263121410283
2022-05-17 00:00:00-04:00,35.534253434896726
2022-05-18 00:00:00-04:00,35.92716226151459
2022-05-19 00:00:00-04:00,34.14470335760125
2022-05-20 00:00:00-04:00,33.82845670997584
2022-05-23 00:00:00-04:00,32.88930917914885
2022-05-24 00:00:00-04:00,33.21513847682015
2022-05-25 00:00:00-04:00,33.23430982364143
2022-05-26 00:00:00-04:00,34.31719970356348
2022-05-27 00:00:00-04:00,35.17968134775636
2022-05-31 00:00:00-04:00,35.10301429370451
2022-06-01 00:00:00-04:00,34.99807357965621
2022-06-02 00:00:00-04:00,34.18976182203877
2022-06-03 00:00:00-04:00,34.41108454690463
2022-06-06 00:00:00-04:00,34.5842913646963
2022-06-07 00:00:00-04:00,33.766362186325274
2022-06-08 00:00:00-04:00,34.11278314438234
2022-06-09 00:00:00-04:00,34.738257440217524
2022-06-10 00:00:00-04:00,34.17051350886423
2022-06-13 00:00:00-04:00,32.96766966719513
2022-06-14 00:00:00-04:00,32.082369123583085
2022-06-15 00:00:00-04:00,31.784062145402572
2022-06-16 00:00:00-04:00,31.553119106558544
2022-06-17 00:00:00-04:00,31.687834709294624
2022-06-21 00:00:00-04:00,31.56274040654088
2022-06-22 00:00:00-04:00,32.03425804455137
2022-06-23 00:00:00-04:00,32.04387316463348
2022-06-24 00:00:00-04:00,33.07352172987287
2022-06-27 00:00:00-04:00,33.8144738919868
2022-06-28 00:00:00-04:00,33.87221930734746
2022-06-29 00:00:00-04:00,32.66936444111856
2022-06-30 00:00:00-04:00,32.71747581087456
2022-07-01 00:00:00-04:00,33.131253265137005
2022-07-05 00:00:00-04:00,32.90030740736366
2022-07-06 00:00:00-04:00,34.69977161990648
2022-07-07 00:00:00-04:00,34.0646640662618
2022-07-08 00:00:00-04:00,34.61316713029105
2022-07-11 00:00:00-04:00,34.39183461831645
2022-07-12 00:00:00-04:00,34.50731333224016
2022-07-13 00:00:00-04:00,34.53617808040656
2022-07-14 00:00:00-04:00,34.035791857269025
2022-07-15 00:00:00-04:00,34.64203902978077
2022-07-18 00:00:00-04:00,34.42071247076544
2022-07-19 00:00:00-04:00,35.60431403355882
2022-07-20 00:00:00-04:00,36.18167672817269
2022-07-21 00:00:00-04:00,36.16243272228145
2022-07-22 00:00:00-04:00,36.720552018706
2022-07-25 00:00:00-04:00,37.13433409834399
2022-07-26 00:00:00-04:00,37.23055948304148
2022-07-27 00:00:00-04:00,37.47112724606894
2022-07-28 00:00:00-04:00,38.26982563172995
2022-07-29 00:00:00-04:00,38.76058113726875
2022-08-01 00:00:00-04:00,38.00038564540753
2022-08-02 00:00:00-04:00,38.10623550415039
2022-08-03 00:00:00-04:00,38.491146087646484
2022-08-04 00:00:00-04:00,40.41570505281774
2022-08-05 00:00:00-04:00,38.827950395445015
2022-08-08 00:00:00-04:00,39.424558638747406
2022-08-09 00:00:00-04:00,39.944187006961954
2022-08-10 00:00:00-04:00,40.146269764947995
2022-08-11 00:00:00-04:00,40.56005286868792
2022-08-12 00:00:00-04:00,40.6370236332929
2022-08-15 00:00:00-04:00,40.64665748375846
2022-08-16 00:00:00-04:00,41.06043038478691
2022-08-17 00:00:00-04:00,40.95458378895771
2022-08-18 00:00:00-04:00,40.86797209249945
2022-08-19 00:00:00-04:00,41.13741215917125
2022-08-22 00:00:00-04:00,40.74287719507532
2022-08-23 00:00:00-04:00,40.27136554937693
2022-08-24 00:00:00-04:00,39.92494151206948
2022-08-25 00:00:00-04:00,39.9923072085906
2022-08-26 00:00:00-04:00,40.49269200338293
2022-08-29 00:00:00-04:00,39.501543051023376
2022-08-30 00:00:00-04:00,39.63625761379184
2022-08-31 00:00:00-04:00,38.83756315237929
2022-09-01 00:00:00-04:00,37.210233213233316
2022-09-02 00:00:00-04:00,37.77051263309186
2022-09-06 00:00:00-04:00,37.094319419645394
2022-09-07 00:00:00-04:00,36.76588205827514
2022-09-08 00:00:00-04:00,36.988066643963506
2022-09-09 00:00:00-04:00,37.519361272917685
2022-09-12 00:00:00-04:00,37.96371874059792
2022-09-13 00:00:00-04:00,37.519354280027294
2022-09-14 00:00:00-04:00,36.253903856746454
2022-09-15 00:00:00-04:00,35.9834170597672
2022-09-16 00:00:00-04:00,35.954444175308616
2022-09-19 00:00:00-04:00,35.983420403006484
2022-09-20 00:00:00-04:00,36.47607667923661
2022-09-21 00:00:00-04:00,37.471057536841364
2022-09-22 00:00:00-04:00,37.27785010317602
2022-09-23 00:00:00-04:00,36.60165775688691
2022-09-26 00:00:00-04:00,36.910777700546696
2022-09-27 00:00:00-04:00,36.765880718884254
2022-09-28 00:00:00-04:00,35.452127430819374
2022-09-29 00:00:00-04:00,35.77089992506438
2022-09-30 00:00:00-04:00,35.79988317094312
2022-10-03 00:00:00-04:00,36.35050418100695
2022-10-04 00:00:00-04:00,36.98805952146755
2022-10-05 00:00:00-04:00,37.422759421066324
2022-10-06 00:00:00-04:00,37.78017656548451
2022-10-07 00:00:00-04:00,37.84779950924755
2022-10-10 00:00:00-04:00,37.25853845170161
2022-10-11 00:00:00-04:00,37.21989946652395
2022-10-12 00:00:00-04:00,37.93473771404435
2022-10-13 00:00:00-04:00,36.862472849296246
2022-10-14 00:00:00-04:00,37.81881583591657
2022-10-17 00:00:00-04:00,35.80954318700668
2022-10-18 00:00:00-04:00,35.72260246528894
2022-10-19 00:00:00-04:00,36.58234162726679
2022-10-20 00:00:00-04:00,36.76587574778219
2022-10-21 00:00:00-04:00,36.19593493478068
2022-10-24 00:00:00-04:00,37.10397767922453
2022-10-25 00:00:00-04:00,38.08929957288197
2022-10-26 00:00:00-04:00,37.702890287110094
2022-10-27 00:00:00-04:00,37.886433610035965
2022-10-28 00:00:00-04:00,38.47569045325413
2022-10-31 00:00:00-04:00,38.842774503124275
2022-11-01 00:00:00-04:00,38.19556034815899
2022-11-02 00:00:00-04:00,37.760853907960346
2022-11-03 00:00:00-04:00,36.66927882503805
2022-11-04 00:00:00-04:00,36.80451802198633
2022-11-07 00:00:00-05:00,37.54834130478624
2022-11-08 00:00:00-05:00,38.98767194320688
2022-11-09 00:00:00-05:00,38.88141801761249
2022-11-10 00:00:00-05:00,39.57694028169666
2022-11-11 00:00:00-05:00,38.62059367554769
2022-11-14 00:00:00-05:00,38.263174234716985
2022-11-15 00:00:00-05:00,38.87175599141799
2022-11-16 00:00:00-05:00,39.23883336181129
2022-11-17 00:00:00-05:00,38.7365158150821
2022-11-18 00:00:00-05:00,40.030950029318504
2022-11-21 00:00:00-05:00,39.644555399333804
2022-11-22 00:00:00-05:00,39.98265319629867
2022-11-23 00:00:00-05:00,39.88604954758448
2022-11-25 00:00:00-05:00,39.60591685829495
2022-11-28 00:00:00-05:00,40.00119929157473
2022-11-29 00:00:00-05:00,40.340525484548294
2022-11-30 00:00:00-05:00,40.40839189551499
2022-12-01 00:00:00-05:00,41.60086158095132
2022-12-02 00:00:00-05:00,40.71862587929357
2022-12-05 00:00:00-05:00,40.88343462298793
2022-12-06 00:00:00-05:00,40.46655981116759
2022-12-07 00:00:00-05:00,39.97212124670545
2022-12-08 00:00:00-05:00,40.214490056167335
2022-12-09 00:00:00-05:00,39.9139477950167
2022-12-12 00:00:00-05:00,39.409815665115566
2022-12-13 00:00:00-05:00,40.19509945326
2022-12-14 00:00:00-05:00,39.322560986551686
2022-12-15 00:00:00-05:00,38.33368633728832
2022-12-16 00:00:00-05:00,37.0345592055239
2022-12-19 00:00:00-05:00,36.927917788687886
2022-12-20 00:00:00-05:00,37.75198370627393
2022-12-21 00:00:00-05:00,37.625950552376324
2022-12-22 00:00:00-05:00,38.256117838663755
2022-12-23 00:00:00-05:00,38.45970998709758
2022-12-27 00:00:00-05:00,37.96527338708986
2022-12-28 00:00:00-05:00,38.20763745700747
2022-12-29 00:00:00-05:00,37.64534416225415
2022-12-30 00:00:00-05:00,37.868324980833286
2023-01-03 00:00:00-05:00,37.722892899566006
2023-01-04 00:00:00-05:00,37.732590372925834
2023-01-05 00:00:00-05:00,38.197951652248676
2023-01-06 00:00:00-05:00,38.702080226737586
2023-01-09 00:00:00-05:00,38.2948953194274
2023-01-10 00:00:00-05:00,38.595440969084606
2023-01-11 00:00:00-05:00,38.8668975250507
2023-01-12 00:00:00-05:00,39.749134520196336
2023-01-13 00:00:00-05:00,39.70066724353717
2023-01-17 00:00:00-05:00,40.05936883670637
2023-01-18 00:00:00-05:00,40.91252547790159
2023-01-19 00:00:00-05:00,39.65218891233069
2023-01-20 00:00:00-05:00,38.760255235502036
2023-01-23 00:00:00-05:00,39.933340436659314
2023-01-24 00:00:00-05:00,38.828118235825826
2023-01-25 00:00:00-05:00,38.6826964728166
2023-01-26 00:00:00-05:00,39.312858702940865
2023-01-27 00:00:00-05:00,39.8073074392487
2023-01-30 00:00:00-05:00,39.75882835446997
2023-01-31 00:00:00-05:00,40.2920496048468
2023-02-01 00:00:00-05:00,41.25184542751696
2023-02-02 00:00:00-05:00,41.84323298201693
2023-02-03 00:00:00-05:00,42.52187853817172
2023-02-06 00:00:00-05:00,41.901403672805856
2023-02-07 00:00:00-05:00,41.5329993542222
2023-02-08 00:00:00-05:00,41.19368158054774
2023-02-09 00:00:00-05:00,43.345944710829095
2023-02-10 00:00:00-05:00,42.56065904691032
2023-02-13 00:00:00-05:00,42.46370809279056
2023-02-14 00:00:00-05:00,43.16174168368668
2023-02-15 00:00:00-05:00,42.13408053742001
2023-02-16 00:00:00-05:00,42.65760848951097
2023-02-17 00:00:00-05:00,42.8612082855181
2023-02-21 00:00:00-05:00,42.725468608190326
2023-02-22 00:00:00-05:00,42.638221520278336
2023-02-23 00:00:00-05:00,42.260110335757666
2023-02-24 00:00:00-05:00,41.620254378342096
2023-02-27 00:00:00-05:00,41.79476061973039
2023-02-28 00:00:00-05:00,41.38757703450276
2023-03-01 00:00:00-05:00,41.37788439547806
2023-03-02 00:00:00-05:00,41.11611844959487
2023-03-03 00:00:00-05:00,42.27951071943962
2023-03-06 00:00:00-05:00,42.51218320442799
2023-03-07 00:00:00-05:00,41.455816442214804
2023-03-08 00:00:00-05:00,41.09584386827704
2023-03-09 00:00:00-05:00,40.99854866669973
2023-03-10 00:00:00-05:00,40.16183634258443
2023-03-13 00:00:00-04:00,38.81922294669123
2023-03-14 00:00:00-04:00,40.16184087321978
2023-03-15 00:00:00-04:00,38.85813545466943
2023-03-16 00:00:00-04:00,39.89915223828567
2023-03-17 00:00:00-04:00,40.181297670374725
2023-03-20 00:00:00-04:00,39.4224262074467
2023-03-21 00:00:00-04:00,40.307779631520184
2023-03-22 00:00:00-04:00,39.850507171791676
2023-03-23 00:00:00-04:00,39.25703420318042
2023-03-24 00:00:00-04:00,39.06245113474177
2023-03-27 00:00:00-04:00,40.86233447411817
2023-03-28 00:00:00-04:00,40.72612873478186
2023-03-29 00:00:00-04:00,41.37797775461515
2023-03-30 00:00:00-04:00,41.01800520009872
2023-03-31 00:00:00-04:00,41.23204425659337
2023-04-03 00:00:00-04:00,40.959629660020994
2023-04-04 00:00:00-04:00,42.55520231755983
2023-04-05 00:00:00-04:00,41.212588733536805
2023-04-06 00:00:00-04:00,41.047191842463256
2023-04-10 00:00:00-04:00,40.88179760150057
2023-04-11 00:00:00-04:00,40.88179814934508
2023-04-12 00:00:00-04:00,41.03746434695639
2023-04-13 00:00:00-04:00,41.09583799820978
2023-04-14 00:00:00-04:00,41.52391781987422
2023-04-17 00:00:00-04:00,41.35852218354359
2023-04-18 00:00:00-04:00,41.91308948258886
2023-04-19 00:00:00-04:00,41.7574165128584
2023-04-20 00:00:00-04:00,42.12712081261556
2023-04-21 00:00:00-04:00,43.732433455773055
2023-04-24 00:00:00-04:00,43.537851160222836
2023-04-25 00:00:00-04:00,42.81788898719979
2023-04-26 00:00:00-04:00,42.07847669206026
2023-04-27 00:00:00-04:00,42.32170935928513
2023-04-28 00:00:00-04:00,42.44818500386166
2023-05-01 00:00:00-04:00,42.49683347652836
2023-05-02 00:00:00-04:00,42.27306203211733
2023-05-03 00:00:00-04:00,42.915181045667225
2023-05-04 00:00:00-04:00,42.88599907178533
2023-05-05 00:00:00-04:00,42.28278538559512
2023-05-08 00:00:00-04:00,41.45581569198403
2023-05-09 00:00:00-04:00,41.932540097078174
2023-05-10 00:00:00-04:00,44.8804716818206
2023-05-11 00:00:00-04:00,42.740056138739476
2023-05-12 00:00:00-04:00,43.17787125286814
2023-05-15 00:00:00-04:00,43.26543276355723
2023-05-16 00:00:00-04:00,42.856807569484914
2023-05-17 00:00:00-04:00,42.92491853964577
2023-05-18 00:00:00-04:00,42.37035320109928
2023-05-19 00:00:00-04:00,42.38981296249408
2023-05-22 00:00:00-04:00,42.55521145336951
2023-05-23 00:00:00-04:00,41.70876939876823
2023-05-24 00:00:00-04:00,41.12502807334067
2023-05-25 00:00:00-04:00,40.18130009376383
2023-05-26 00:00:00-04:00,39.64619530172397
2023-05-30 00:00:00-04:00,39.7824031096659
2023-05-31 00:00:00-04:00,38.78030518979933
2023-06-01 00:00:00-04:00,38.031165038736496
2023-06-02 00:00:00-04:00,39.19866183684282
2023-06-05 00:00:00-04:00,40.025630086321655
2023-06-06 00:00:00-04:00,39.91925265071005
2023-06-07 00:00:00-04:00,40.71998922604897
2023-06-08 00:00:00-04:00,41.1594080069449
2023-06-09 00:00:00-04:00,41.10081723078403
2023-06-12 00:00:00-04:00,40.846932128911384
2023-06-13 00:00:00-04:00,41.16917897619724
2023-06-14 00:00:00-04:00,41.9406117363279
2023-06-15 00:00:00-04:00,42.20427025368964
2023-06-16 00:00:00-04:00,42.86828119276264
2023-06-20 00:00:00-04:00,42.02849911190922
2023-06-21 00:00:00-04:00,41.5695378890486
2023-06-22 00:00:00-04:00,42.44838495555011
2023-06-23 00:00:00-04:00,41.47189212625803
2023-06-26 00:00:00-04:00,41.227768809129
2023-06-27 00:00:00-04:00,41.42306656830383
2023-06-28 00:00:00-04:00,40.89576048641806
2023-06-29 00:00:00-04:00,39.99737397211582
2023-06-30 00:00:00-04:00,40.57350700059904
2023-07-03 00:00:00-04:00,40.134088418826686
2023-07-05 00:00:00-04:00,40.43679928265598
2023-07-06 00:00:00-04:00,39.54818265926764
2023-07-07 00:00:00-04:00,39.15758629789029
2023-07-10 00:00:00-04:00,38.25921179101261
2023-07-11 00:00:00-04:00,38.43498357018908
2023-07-12 00:00:00-04:00,38.16156145336722
2023-07-13 00:00:00-04:00,37.8588467742746
2023-07-14 00:00:00-04:00,37.68307341649177
2023-07-17 00:00:00-04:00,37.59519226965473
2023-07-18 00:00:00-04:00,37.34130446642403
2023-07-19 00:00:00-04:00,37.595193103925574
2023-07-20 00:00:00-04:00,37.7221345944016
2023-07-21 00:00:00-04:00,37.321775094551036
2023-07-24 00:00:00-04:00,37.39012358000128
2023-07-25 00:00:00-04:00,38.24944350111736
2023-07-26 00:00:00-04:00,38.88416969909503
2023-07-27 00:00:00-04:00,39.011112135932244
2023-07-28 00:00:00-04:00,38.41544930090959
2023-07-31 00:00:00-04:00,38.50333702755657
2023-08-01 00:00:00-04:00,38.51309669013175
2023-08-02 00:00:00-04:00,38.42521468968308
2023-08-03 00:00:00-04:00,39.54818444517765
2023-08-04 00:00:00-04:00,40.036439989269326
2023-08-07 00:00:00-04:00,37.810017296364116
2023-08-08 00:00:00-04:00,38.259213813109845
2023-08-09 00:00:00-04:00,38.093202142732444
2023-08-10 00:00:00-04:00,38.337328064977925
2023-08-11 00:00:00-04:00,37.99555814434456
2023-08-14 00:00:00-04:00,38.31780478706126
2023-08-15 00:00:00-04:00,37.81002374943799
2023-08-16 00:00:00-04:00,37.458482813162874
2023-08-17 00:00:00-04:00,37.03858830668538
2023-08-18 00:00:00-04:00,36.120681320053244
2023-08-21 00:00:00-04:00,36.120676110195035
2023-08-22 00:00:00-04:00,35.64219585648726
2023-08-23 00:00:00-04:00,36.17926298171183
2023-08-24 00:00:00-04:00,36.550337827774335
2023-08-25 00:00:00-04:00,36.628453136131256
2023-08-28 00:00:00-04:00,36.784702018981164
2023-08-29 00:00:00-04:00,37.29247834207913
2023-08-30 00:00:00-04:00,37.4780099337169
2023-08-31 00:00:00-04:00,37.79049107901581
2023-09-01 00:00:00-04:00,37.966264990622136
2023-09-05 00:00:00-04:00,37.81001939134149
2023-09-06 00:00:00-04:00,37.331886249416236
2023-09-07 00:00:00-04:00,37.33189006833286
2023-09-08 00:00:00-04:00,37.49854279455165
2023-09-11 00:00:00-04:00,37.87108033307653
2023-09-12 00:00:00-04:00,37.5377616432147
2023-09-13 00:00:00-04:00,37.44952771449176
2023-09-14 00:00:00-04:00,37.63579371970226
2023-09-15 00:00:00-04:00,37.782846479178716
2023-09-18 00:00:00-04:00,38.214201089316184
2023-09-19 00:00:00-04:00,38.51811193782608
2023-09-20 00:00:00-04:00,38.11616690462411
2023-09-21 00:00:00-04:00,37.43972033231671
2023-09-22 00:00:00-04:00,38.02793871045994
2023-09-25 00:00:00-04:00,37.24365419088989
2023-09-26 00:00:00-04:00,36.812295784702684
2023-09-27 00:00:00-04:00,36.194673555200644
2023-09-28 00:00:00-04:00,36.322116922362866
2023-09-29 00:00:00-04:00,36.57700904754127
2023-10-02 00:00:00-04:00,36.18486969273499
2023-10-03 00:00:00-04:00,35.753513318117754
2023-10-04 00:00:00-04:00,35.792722684477376
2023-10-05 00:00:00-04:00,35.42999635631067
2023-10-06 00:00:00-04:00,34.733947740101385
2023-10-09 00:00:00-04:00,34.56728550898561
2023-10-10 00:00:00-04:00,34.53787237197172
2023-10-11 00:00:00-04:00,34.449642149455904
2023-10-12 00:00:00-04:00,33.93005180205978
2023-10-13 00:00:00-04:00,33.87123494172007
2023-10-16 00:00:00-04:00,34.40062147732137
2023-10-17 00:00:00-04:00,34.43984044539151
2023-10-18 00:00:00-04:00,35.155494672611844
2023-10-19 00:00:00-04:00,35.06726446242629
2023-10-20 00:00:00-04:00,34.97903618207033
2023-10-23 00:00:00-04:00,34.22415911452345
2023-10-24 00:00:00-04:00,34.03789340049992
2023-10-25 00:00:00-04:00,34.3123950546594
2023-10-26 00:00:00-04:00,34.27317609517913
2023-10-27 00:00:00-04:00,33.87123103990179
2023-10-30 00:00:00-04:00,33.92025003253022
2023-10-31 00:00:00-04:00,34.194747940338964
2023-11-01 00:00:00-04:00,34.05750467023568
2023-11-02 00:00:00-04:00,34.60649507877894
2023-11-03 00:00:00-04:00,35.60646055378091
2023-11-06 00:00:00-05:00,35.38097760552563
2023-11-07 00:00:00-05:00,35.361368114892315
2023-11-08 00:00:00-05:00,35.1751078091903
2023-11-09 00:00:00-05:00,36.126042553452855
2023-11-10 00:00:00-05:00,34.057502622018575
2023-11-13 00:00:00-05:00,33.24380880706836
2023-11-14 00:00:00-05:00,34.16533688217698
2023-11-15 00:00:00-05:00,34.77316101415686
2023-11-16 00:00:00-05:00,35.13589085279301
2023-11-17 00:00:00-05:00,34.900604138939016
2023-11-20 00:00:00-05:00,34.27317807381908
2023-11-21 00:00:00-05:00,34.126123345755666
2023-11-22 00:00:00-05:00,34.184947968753754
2023-11-24 00:00:00-05:00,34.126129170633945
2023-11-27 00:00:00-05:00,34.312389371051545
2023-11-28 00:00:00-05:00,34.106517663141744
2023-11-29 00:00:00-05:00,33.89083663229143
2023-11-30 00:00:00-05:00,33.8124161230181
2023-12-01 00:00:00-05:00,34.02808772591571
2023-12-04 00:00:00-05:00,34.13592741870537
2023-12-05 00:00:00-05:00,34.72385112515419
2023-12-06 00:00:00-05:00,33.670416057660155
2023-12-07 00:00:00-05:00,33.75902885804943
2023-12-08 00:00:00-05:00,34.60571219478382
2023-12-11 00:00:00-05:00,34.32020028955856
2023-12-12 00:00:00-05:00,34.546638333673606
2023-12-13 00:00:00-05:00,34.52695026201798
2023-12-14 00:00:00-05:00,36.16124438987406
2023-12-15 00:00:00-05:00,36.289235179493254
2023-12-18 00:00:00-05:00,35.3440966722266
2023-12-19 00:00:00-05:00,35.78712604829195
2023-12-20 00:00:00-05:00,36.269536603025536
2023-12-21 00:00:00-05:00,36.003719638020954
2023-12-22 00:00:00-05:00,35.95449416939374
2023-12-26 00:00:00-05:00,36.1120212986147
2023-12-27 00:00:00-05:00,36.092329669108246
2023-12-28 00:00:00-05:00,35.95449406954637
2023-12-29 00:00:00-05:00,35.767439915410264
2024-01-02 00:00:00-05:00,35.7083670987867
2024-01-03 00:00:00-05:00,35.826511778779185
2024-01-04 00:00:00-05:00,35.26532998795825
2024-01-05 00:00:00-05:00,34.96997889265174
2024-01-08 00:00:00-05:00,34.98966921680837
2024-01-09 00:00:00-05:00,35.521306229357
2024-01-10 00:00:00-05:00,36.59442693925606
2024-01-11 00:00:00-05:00,36.80118106321142
2024-01-12 00:00:00-05:00,37.63801236755458
2024-01-16 00:00:00-05:00,36.919316557238716
2024-01-17 00:00:00-05:00,35.83635426136192
2024-01-18 00:00:00-05:00,36.476284007426436
2024-01-19 00:00:00-05:00,36.34829854723377
2024-01-22 00:00:00-05:00,37.0571471416062
2024-01-23 00:00:00-05:00,38.04166658010559
2024-01-24 00:00:00-05:00,37.628174489439054
2024-01-25 00:00:00-05:00,36.84055653839019
2024-01-26 00:00:00-05:00,37.35250688172472
2024-01-29 00:00:00-05:00,37.05715067967184
2024-01-30 00:00:00-05:00,37.50018037620618
2024-01-31 00:00:00-05:00,37.224521505828726
2024-02-01 00:00:00-05:00,36.52550892127787
2024-02-02 00:00:00-05:00,36.64365514384698
2024-02-05 00:00:00-05:00,36.7125747364416
2024-02-06 00:00:00-05:00,36.35814760938988
2024-02-07 00:00:00-05:00,37.7266237085316
2024-02-08 00:00:00-05:00,37.893993561490944
2024-02-09 00:00:00-05:00,38.7209858108524
2024-02-12 00:00:00-05:00,38.83912767259024
2024-02-13 00:00:00-05:00,38.4354728103046
2024-02-14 00:00:00-05:00,38.44531901923187
2024-02-15 00:00:00-05:00,38.455161010408645
2024-02-16 00:00:00-05:00,38.15980864258645
2024-02-20 00:00:00-05:00,37.32297205608998
2024-02-21 00:00:00-05:00,37.293437479345705
2024-02-22 00:00:00-05:00,37.510030528152576
2024-02-23 00:00:00-05:00,38.08104705810547
2024-02-26 00:00:00-05:00,37.8743024807461
2024-02-27 00:00:00-05:00,37.78569182844862
2024-02-28 00:00:00-05:00,37.45095912516131
2024-02-29 00:00:00-05:00,37.43126323937586
2024-03-01 00:00:00-05:00,37.59863168902787
2024-03-04 00:00:00-05:00,37.39188710802813
2024-03-05 00:00:00-05:00,37.14575537144585
2024-03-06 00:00:00-05:00,37.68880876413496
2024-03-07 00:00:00-05:00,37.18470972623472
2024-03-08 00:00:00-05:00,38.18302162525835
2024-03-11 00:00:00-04:00,37.82719326980138
2024-03-12 00:00:00-04:00,37.16494205220849
2024-03-13 00:00:00-04:00,37.777766191614
2024-03-14 00:00:00-04:00,37.03644587073118
2024-03-15 00:00:00-04:00,36.305010138283784
2024-03-18 00:00:00-04:00,36.74980037411776
2024-03-19 00:00:00-04:00,36.73991272160081
2024-03-20 00:00:00-04:00,36.413732670487924
2024-03-21 00:00:00-04:00,37.520775042787065
2024-03-22 00:00:00-04:00,37.29343421224739
2024-03-25 00:00:00-04:00,37.28355162011033
2024-03-26 00:00:00-04:00,37.4021669311654
2024-03-27 00:00:00-04:00,37.73822632279934
2024-03-28 00:00:00-04:00,38.499323694698425
2024-04-01 00:00:00-04:00,38.11383737161042
2024-04-02 00:00:00-04:00,37.13528588058348
2024-04-03 00:00:00-04:00,36.502692039408075
2024-04-04 00:00:00-04:00,36.453274015720616
2024-04-05 00:00:00-04:00,35.97882839929441
2024-04-08 00:00:00-04:00,36.14685950604786
2024-04-09 00:00:00-04:00,36.403851728155495
2024-04-10 00:00:00-04:00,35.5933343055054
2024-04-11 00:00:00-04:00,35.43518696080057
2024-04-12 00:00:00-04:00,35.20784627407296
2024-04-15 00:00:00-04:00,35.35611358259645
2024-04-16 00:00:00-04:00,35.04969787597656
2024-04-17 00:00:00-04:00,35.31657942083576
2024-04-18 00:00:00-04:00,35.0398174544217
2024-04-19 00:00:00-04:00,35.484611146573386
2024-04-22 00:00:00-04:00,36.285237575254975
2024-04-23 00:00:00-04:00,36.57188251420016
2024-04-24 00:00:00-04:00,36.96725671726092
2024-04-25 00:00:00-04:00,37.63938677365277
2024-04-26 00:00:00-04:00,36.93760297805914
2024-04-29 00:00:00-04:00,37.09574891613451
2024-04-30 00:00:00-04:00,37.006790073462355
2024-05-01 00:00:00-04:00,37.046328192505314
2024-05-02 00:00:00-04:00,37.3428547568067
2024-05-03 00:00:00-04:00,37.846955824330095
2024-05-06 00:00:00-04:00,37.60973130407712
2024-05-07 00:00:00-04:00,37.2143618349261
2024-05-08 00:00:00-04:00,38.54874176887985
2024-05-09 00:00:00-04:00,38.697004867119745
2024-05-10 00:00:00-04:00,38.84526920275752
2024-05-13 00:00:00-04:00,39.64589921826666
2024-05-14 00:00:00-04:00,40.436640302549904
2024-05-15 00:00:00-04:00,40.723287353079364
2024-05-16 00:00:00-04:00,39.99184672989695
2024-05-17 00:00:00-04:00,40.01161837067338
2024-05-20 00:00:00-04:00,39.863356668052965
2024-05-21 00:00:00-04:00,39.1319169953625
2024-05-22 00:00:00-04:00,39.49763217475824
2024-05-23 00:00:00-04:00,39.734853263191425
2024-05-24 00:00:00-04:00,39.43832564074199
2024-05-28 00:00:00-04:00,38.47955051423956
2024-05-29 00:00:00-04:00,35.95905932980987
2024-05-30 00:00:00-04:00,36.24570148607691
2024-05-31 00:00:00-04:00,37.57019776121513
2024-06-03 00:00:00-04:00,38.1632535578961
2024-06-04 00:00:00-04:00,38.54874408097346
2024-06-05 00:00:00-04:00,38.874923902651254
2024-06-06 00:00:00-04:00,38.19210550423278
2024-06-07 00:00:00-04:00,38.50962837691907
2024-06-10 00:00:00-04:00,38.19210510265603
2024-06-11 00:00:00-04:00,37.606670716625686
2024-06-12 00:00:00-04:00,38.856920340181965
2024-06-13 00:00:00-04:00,38.22186998979271
2024-06-14 00:00:00-04:00,37.95396058291834
2024-06-17 00:00:00-04:00,38.033342148684
2024-06-18 00:00:00-04:00,38.8271521316182
2024-06-20 00:00:00-04:00,38.93630113021345
2024-06-21 00:00:00-04:00,39.88886922932459
2024-06-24 00:00:00-04:00,39.60110993117135
2024-06-25 00:00:00-04:00,40.06747630092343
2024-06-26 00:00:00-04:00,39.94840039680326
2024-06-27 00:00:00-04:00,40.14685279461845
2024-06-28 00:00:00-04:00,40.196467424417165
2024-07-01 00:00:00-04:00,39.87894092150264
2024-07-02 00:00:00-04:00,39.759875081839546
2024-07-03 00:00:00-04:00,39.84917856105242
2024-07-05 00:00:00-04:00,39.43242680751484
2024-07-08 00:00:00-04:00,38.916453963047665
2024-07-09 00:00:00-04:00,38.9759869150857
2024-07-10 00:00:00-04:00,38.92637506601788
2024-07-11 00:00:00-04:00,39.72018280130232
2024-07-12 00:00:00-04:00,40.03770542044699
2024-07-15 00:00:00-04:00,40.00794076311342
2024-07-16 00:00:00-04:00,39.94840208140007
2024-07-17 00:00:00-04:00,40.027784553119474
2024-07-18 00:00:00-04:00,40.831517268656526
2024-07-19 00:00:00-04:00,40.4147666149643
2024-07-22 00:00:00-04:00,40.14685628685073
2024-07-23 00:00:00-04:00,39.799561840951014
2024-07-24 00:00:00-04:00,39.03552257351953
2024-07-25 00:00:00-04:00,39.79956350219443
2024-07-26 00:00:00-04:00,40.05755209395915
2024-07-29 00:00:00-04:00,39.918632936461385
2024-07-30 00:00:00-04:00,39.194286100152254
2024-07-31 00:00:00-04:00,39.01567875906883
2024-08-01 00:00:00-04:00,38.94622148681282
2024-08-02 00:00:00-04:00,38.47985402297386
2024-08-05 00:00:00-04:00,38.1722576314463
2024-08-06 00:00:00-04:00,38.08295285289153
2024-08-07 00:00:00-04:00,37.70589668739688
2024-08-08 00:00:00-04:00,37.229610443115234
2024-08-09 00:00:00-04:00,37.12046372681838
2024-08-12 00:00:00-04:00,36.852551880987896
2024-08-13 00:00:00-04:00,36.39611138580566
2024-08-14 00:00:00-04:00,36.733478947882276
2024-08-15 00:00:00-04:00,37.21968957269378
2024-08-16 00:00:00-04:00,37.596746149440676
2024-08-19 00:00:00-04:00,38.14248810685588
2024-08-20 00:00:00-04:00,38.35086432179589
2024-08-21 00:00:00-04:00,39.10498090077602
2024-08-22 00:00:00-04:00,39.16451958442168
2024-08-23 00:00:00-04:00,39.67057053808642
2024-08-26 00:00:00-04:00,39.869024142327376
2024-08-27 00:00:00-04:00,39.64080293621599
2024-08-28 00:00:00-04:00,39.88886725788907
2024-08-29 00:00:00-04:00,39.869026704698435
2024-08-30 00:00:00-04:00,40.03770542044699
2024-09-03 00:00:00-04:00,39.630878111659754
2024-09-04 00:00:00-04:00,39.36300982484172
2024-09-05 00:00:00-04:00,39.990508148559975
2024-09-06 00:00:00-04:00,39.5821341656855
2024-09-09 00:00:00-04:00,37.809205288141
2024-09-10 00:00:00-04:00,36.564169035571034
2024-09-11 00:00:00-04:00,35.71754962102084
2024-09-12 00:00:00-04:00,36.30520577549599
2024-09-13 00:00:00-04:00,36.59405365285147
2024-09-16 00:00:00-04:00,37.56019596438614
2024-09-17 00:00:00-04:00,36.79325474924798
2024-09-18 00:00:00-04:00,36.27532130275933
2024-09-19 00:00:00-04:00,36.743455184328866
2024-09-20 00:00:00-04:00,36.28528134348743
2024-09-23 00:00:00-04:00,36.155798294584606
2024-09-24 00:00:00-04:00,36.3052056406291
2024-09-25 00:00:00-04:00,36.44464907448849
2024-09-26 00:00:00-04:00,36.18568170393903
2024-09-27 00:00:00-04:00,36.41476703217175
2024-09-30 00:00:00-04:00,36.464568452800414
2024-10-01 00:00:00-04:00,36.20559959134306
2024-10-02 00:00:00-04:00,35.69762515198173
2024-10-03 00:00:00-04:00,34.6816788334426
2024-10-04 00:00:00-04:00,34.253387451171875
2024-10-07 00:00:00-04:00,34.08406172885624
2024-10-08 00:00:00-04:00,33.62588631652511
2024-10-09 00:00:00-04:00,33.87489386060591
2024-10-10 00:00:00-04:00,33.51632700910735
2024-10-11 00:00:00-04:00,34.07410225876344
2024-10-14 00:00:00-04:00,34.58207686500124
2024-10-15 00:00:00-04:00,34.98048738726067
2024-10-16 00:00:00-04:00,35.22949294920516
2024-10-17 00:00:00-04:00,35.697625379621044
2024-10-18 00:00:00-04:00,35.75738985591059
2024-10-21 00:00:00-04:00,35.627906726319864
2024-10-22 00:00:00-04:00,35.02032749609168
2024-10-23 00:00:00-04:00,34.392828581114166
2024-10-24 00:00:00-04:00,34.62191535082576
2024-10-25 00:00:00-04:00,34.72151988574837
2024-10-28 00:00:00-04:00,34.64183659118562
2024-10-29 00:00:00-04:00,34.79124105367207
2024-10-30 00:00:00-04:00,35.10996863341736
2024-10-31 00:00:00-04:00,35.55818164815571
2024-11-01 00:00:00-04:00,34.99044997336046
2024-11-04 00:00:00-05:00,34.9306865769144
2024-11-05 00:00:00-05:00,34.741442865851155
2024-11-06 00:00:00-05:00,36.52432925774401
2024-11-07 00:00:00-05:00,35.299213877375216
2024-11-08 00:00:00-05:00,35.85698936199505
2024-11-11 00:00:00-05:00,36.28528440704457
2024-11-12 00:00:00-05:00,36.07611852940047
2024-11-13 00:00:00-05:00,35.35897862911573
2024-11-14 00:00:00-05:00,34.611957924665134
2024-11-15 00:00:00-05:00,34.98048734699385
2024-11-18 00:00:00-05:00,34.42271132737772
2024-11-19 00:00:00-05:00,34.47251246356445
2024-11-20 00:00:00-05:00,34.313148215173406
2024-11-21 00:00:00-05:00,34.81116286864207
2024-11-22 00:00:00-05:00,35.00040564406154
2024-11-25 00:00:00-05:00,36.076116614490225
2024-11-26 00:00:00-05:00,36.23548279294841
2024-11-27 00:00:00-05:00,37.01238240913527
2024-11-29 00:00:00-05:00,36.38488415239471
2024-12-02 00:00:00-05:00,36.514368063506645
2024-12-03 00:00:00-05:00,37.529998779296875
2024-12-04 00:00:00-05:00,37.65999984741211
2024-12-05 00:00:00-05:00,38.060001373291016
2024-12-06 00:00:00-05:00,37.540000915527344
2024-12-09 00:00:00-05:00,36.88999938964844
2024-12-10 00:00:00-05:00,37.0099983215332
2024-12-11 00:00:00-05:00,35.9900016784668
2024-12-12 00:00:00-05:00,35.310001373291016
2024-12-13 00:00:00-05:00,35.380001068115234
2024-12-16 00:00:00-05:00,35.29999923706055
2024-12-17 00:00:00-05:00,35.27000045776367
2024-12-18 00:00:00-05:00,35.099998474121094
2024-12-19 00:00:00-05:00,34.279998779296875
2024-12-20 00:00:00-05:00,34.099998474121094
2024-12-23 00:00:00-05:00,34.0
2024-12-24 00:00:00-05:00,33.779998779296875
2024-12-26 00:00:00-05:00,34.02000045776367
2024-12-27 00:00:00-05:00,34.0
2024-12-30 00:00:00-05:00,33.959999084472656
2024-12-31 00:00:00-05:00,33.75
2025-01-02 00:00:00-05:00,33.84000015258789
2025-01-03 00:00:00-05:00,33.560001373291016
2025-01-06 00:00:00-05:00,32.59000015258789
2025-01-07 00:00:00-05:00,32.029998779296875
2025-01-08 00:00:00-05:00,31.829999923706055
2025-01-10 00:00:00-05:00,31.979999542236328
2025-01-13 00:00:00-05:00,31.5
2025-01-14 00:00:00-05:00,31.920000076293945
