Date,Open
1995-10-02 00:00:00-04:00,7.514537888789392
1995-10-03 00:00:00-04:00,7.59281955195011
1995-10-04 00:00:00-04:00,8.140750248071413
1995-10-05 00:00:00-04:00,8.062477111816406
1995-10-06 00:00:00-04:00,8.062477111816406
1995-10-09 00:00:00-04:00,7.592814617283854
1995-10-10 00:00:00-04:00,8.062474875905876
1995-10-11 00:00:00-04:00,8.06246776696555
1995-10-12 00:00:00-04:00,8.219026565551758
1995-10-13 00:00:00-04:00,8.297304153442383
1995-10-16 00:00:00-04:00,8.297303231829574
1995-10-17 00:00:00-04:00,8.532133123977621
1995-10-18 00:00:00-04:00,8.688684112147282
1995-10-19 00:00:00-04:00,9.080065635474973
1995-10-20 00:00:00-04:00,9.549722324217335
1995-10-23 00:00:00-04:00,9.549728393554688
1995-10-24 00:00:00-04:00,9.549728393554688
1995-10-25 00:00:00-04:00,9.549727021007751
1995-10-26 00:00:00-04:00,9.628005480766296
1995-10-27 00:00:00-04:00,9.080069590730586
1995-10-30 00:00:00-05:00,9.549722324217335
1995-10-31 00:00:00-05:00,9.549728393554688
1995-11-01 00:00:00-05:00,9.080069590730586
1995-11-02 00:00:00-05:00,9.549726273613533
1995-11-03 00:00:00-05:00,9.54972646769195
1995-11-06 00:00:00-05:00,9.47144889831543
1995-11-07 00:00:00-05:00,9.47144889831543
1995-11-08 00:00:00-05:00,9.47144889831543
1995-11-09 00:00:00-05:00,9.47144889831543
1995-11-10 00:00:00-05:00,9.47144889831543
1995-11-13 00:00:00-05:00,9.471447101231997
1995-11-14 00:00:00-05:00,9.47145121074422
1995-11-15 00:00:00-05:00,9.47144889831543
1995-11-16 00:00:00-05:00,9.47144889831543
1995-11-17 00:00:00-05:00,9.47144889831543
1995-11-20 00:00:00-05:00,9.47144889831543
1995-11-21 00:00:00-05:00,9.47144889831543
1995-11-22 00:00:00-05:00,9.47144889831543
1995-11-24 00:00:00-05:00,9.47144889831543
1995-11-27 00:00:00-05:00,9.47144889831543
1995-11-28 00:00:00-05:00,9.47144889831543
1995-11-29 00:00:00-05:00,8.453854681985733
1995-11-30 00:00:00-05:00,9.47144889831543
1995-12-01 00:00:00-05:00,9.47144889831543
1995-12-04 00:00:00-05:00,9.47144889831543
1995-12-05 00:00:00-05:00,9.471453120821439
1995-12-06 00:00:00-05:00,9.236621856689453
1995-12-07 00:00:00-05:00,9.236623719409387
1995-12-08 00:00:00-05:00,9.549728393554688
1995-12-11 00:00:00-05:00,9.549728393554688
1995-12-12 00:00:00-05:00,8.532135535442103
1995-12-13 00:00:00-05:00,9.393176078796387
1995-12-14 00:00:00-05:00,9.393176078796387
1995-12-15 00:00:00-05:00,9.549728393554688
1995-12-18 00:00:00-05:00,9.549728393554688
1995-12-19 00:00:00-05:00,9.549728393554688
1995-12-20 00:00:00-05:00,9.549728393554688
1995-12-21 00:00:00-05:00,9.471453120821439
1995-12-22 00:00:00-05:00,9.549728393554688
1995-12-26 00:00:00-05:00,9.158346655069987
1995-12-27 00:00:00-05:00,9.549728393554688
1995-12-28 00:00:00-05:00,9.549721392786962
1995-12-29 00:00:00-05:00,8.923517253657936
1996-01-02 00:00:00-05:00,9.080063819885254
1996-01-03 00:00:00-05:00,9.73902416229248
1996-01-04 00:00:00-05:00,9.18923583984375
1996-01-05 00:00:00-05:00,9.562305450439453
1996-01-08 00:00:00-05:00,9.581939374904447
1996-01-09 00:00:00-05:00,8.953614923548743
1996-01-10 00:00:00-05:00,9.503398895263672
1996-01-11 00:00:00-05:00,9.562304539671459
1996-01-12 00:00:00-05:00,9.581939374904447
1996-01-15 00:00:00-05:00,9.110695281046675
1996-01-16 00:00:00-05:00,9.66047883267099
1996-01-17 00:00:00-05:00,9.542669106662597
1996-01-18 00:00:00-05:00,9.58193588256836
1996-01-19 00:00:00-05:00,9.58193588256836
1996-01-22 00:00:00-05:00,9.58193588256836
1996-01-23 00:00:00-05:00,9.581937755140295
1996-01-24 00:00:00-05:00,9.660479062869225
1996-01-25 00:00:00-05:00,9.424857622311439
1996-01-26 00:00:00-05:00,9.739020142271464
1996-01-29 00:00:00-05:00,9.89610129579825
1996-01-30 00:00:00-05:00,9.896100697527048
1996-01-31 00:00:00-05:00,9.267777442932129
1996-02-01 00:00:00-05:00,9.817562103271484
1996-02-02 00:00:00-05:00,9.719384613642637
1996-02-05 00:00:00-05:00,9.267777442932129
1996-02-06 00:00:00-05:00,9.581938171405106
1996-02-07 00:00:00-05:00,9.267779790365106
1996-02-08 00:00:00-05:00,9.817562103271484
1996-02-09 00:00:00-05:00,9.26778027106109
1996-02-12 00:00:00-05:00,9.8175572714647
1996-02-13 00:00:00-05:00,9.73902416229248
1996-02-14 00:00:00-05:00,9.739018001017392
1996-02-15 00:00:00-05:00,9.71938843492456
1996-02-16 00:00:00-05:00,9.719387579582774
1996-02-20 00:00:00-05:00,9.189241381945466
1996-02-21 00:00:00-05:00,9.621214866638184
1996-02-22 00:00:00-05:00,9.640844345092773
1996-02-23 00:00:00-05:00,9.640847323102552
1996-02-26 00:00:00-05:00,9.189234166957302
1996-02-27 00:00:00-05:00,9.581937298774607
1996-02-28 00:00:00-05:00,9.739020628920116
1996-02-29 00:00:00-05:00,9.81755991459795
1996-03-01 00:00:00-05:00,9.424858093261719
1996-03-04 00:00:00-05:00,9.346317291259766
1996-03-05 00:00:00-05:00,9.424855555853643
1996-03-06 00:00:00-05:00,9.58193588256836
1996-03-07 00:00:00-05:00,9.58193588256836
1996-03-08 00:00:00-05:00,9.719384908676147
1996-03-11 00:00:00-05:00,9.719382286071777
1996-03-12 00:00:00-05:00,9.581938462266407
1996-03-13 00:00:00-05:00,9.719382286071777
1996-03-14 00:00:00-05:00,9.719387075463079
1996-03-15 00:00:00-05:00,9.424858093261719
1996-03-18 00:00:00-05:00,9.424858093261719
1996-03-19 00:00:00-05:00,9.817562103271484
1996-03-20 00:00:00-05:00,9.739020628920116
1996-03-21 00:00:00-05:00,10.210262784069378
1996-03-22 00:00:00-05:00,9.739020628920116
1996-03-25 00:00:00-05:00,10.367344192704213
1996-03-26 00:00:00-05:00,9.896106181425207
1996-03-27 00:00:00-05:00,10.445884985914745
1996-03-28 00:00:00-05:00,10.52442455291748
1996-03-29 00:00:00-05:00,10.917131044601454
1996-04-01 00:00:00-05:00,12.40939151746494
1996-04-02 00:00:00-05:00,12.293849886826619
1996-04-03 00:00:00-05:00,11.663395733584887
1996-04-04 00:00:00-05:00,13.554759094380778
1996-04-08 00:00:00-04:00,13.318336934794909
1996-04-09 00:00:00-04:00,12.609080866688618
1996-04-10 00:00:00-04:00,13.55476188659668
1996-04-11 00:00:00-04:00,13.554749894881336
1996-04-12 00:00:00-04:00,13.475949735123118
1996-04-15 00:00:00-04:00,13.39714055938861
1996-04-16 00:00:00-04:00,13.712370816680338
1996-04-17 00:00:00-04:00,13.160722686259358
1996-04-18 00:00:00-04:00,13.948787754594676
1996-04-19 00:00:00-04:00,14.342823042590622
1996-04-22 00:00:00-04:00,14.579241339862776
1996-04-23 00:00:00-04:00,14.500439163584936
1996-04-24 00:00:00-04:00,14.73685951848398
1996-04-25 00:00:00-04:00,14.894471669670038
1996-04-26 00:00:00-04:00,14.973278499718708
1996-04-29 00:00:00-04:00,15.209701859974523
1996-04-30 00:00:00-04:00,16.076579439467277
1996-05-01 00:00:00-04:00,16.549414528740776
1996-05-02 00:00:00-04:00,17.022249031915628
1996-05-03 00:00:00-04:00,15.68253890288586
1996-05-06 00:00:00-04:00,15.761345761638326
1996-05-07 00:00:00-04:00,15.603732899257116
1996-05-08 00:00:00-04:00,16.549413681030273
1996-05-09 00:00:00-04:00,16.549415862817558
1996-05-10 00:00:00-04:00,16.431206513140513
1996-05-13 00:00:00-04:00,18.44077205657959
1996-05-14 00:00:00-04:00,19.386454123037833
1996-05-15 00:00:00-04:00,19.15003252029419
1996-05-16 00:00:00-04:00,19.150033950805664
1996-05-17 00:00:00-04:00,19.150039957176823
1996-05-20 00:00:00-04:00,19.150036585958382
1996-05-21 00:00:00-04:00,19.150036585958382
1996-05-22 00:00:00-04:00,19.150033950805664
1996-05-23 00:00:00-04:00,19.15003252029419
1996-05-24 00:00:00-04:00,18.913612365722656
1996-05-28 00:00:00-04:00,18.913623706714525
1996-05-29 00:00:00-04:00,19.150033950805664
1996-05-30 00:00:00-04:00,19.15003916260543
1996-05-31 00:00:00-04:00,19.150035988066588
1996-06-03 00:00:00-04:00,19.150025186659416
1996-06-04 00:00:00-04:00,19.15002685546875
1996-06-05 00:00:00-04:00,18.91360512262658
1996-06-06 00:00:00-04:00,18.677193426316784
1996-06-07 00:00:00-04:00,18.677196452159755
1996-06-10 00:00:00-04:00,18.677193177052033
1996-06-11 00:00:00-04:00,18.677186686197917
1996-06-12 00:00:00-04:00,17.731512986220324
1996-06-13 00:00:00-04:00,18.558983592243937
1996-06-14 00:00:00-04:00,18.558992441149726
1996-06-17 00:00:00-04:00,18.67718505859375
1996-06-18 00:00:00-04:00,18.67718505859375
1996-06-19 00:00:00-04:00,18.67718505859375
1996-06-20 00:00:00-04:00,16.076573924014443
1996-06-21 00:00:00-04:00,18.913613296136624
1996-06-24 00:00:00-04:00,17.495092745180482
1996-06-25 00:00:00-04:00,19.386454123037833
1996-06-26 00:00:00-04:00,19.150025186659416
1996-06-27 00:00:00-04:00,18.558989718069437
1996-06-28 00:00:00-04:00,19.386456398736865
1996-07-01 00:00:00-04:00,20.568554369608563
1996-07-02 00:00:00-04:00,21.316661834716797
1996-07-03 00:00:00-04:00,22.737774299172795
1996-07-05 00:00:00-04:00,21.790354625288263
1996-07-08 00:00:00-04:00,21.553514081378317
1996-07-09 00:00:00-04:00,21.316660472324916
1996-07-10 00:00:00-04:00,20.961382797786168
1996-07-11 00:00:00-04:00,21.07980832186612
1996-07-12 00:00:00-04:00,20.842947902449644
1996-07-15 00:00:00-04:00,20.783746820337633
1996-07-16 00:00:00-04:00,20.369257531514982
1996-07-17 00:00:00-04:00,20.606106549325077
1996-07-18 00:00:00-04:00,20.606102752685548
1996-07-19 00:00:00-04:00,20.606102752685548
1996-07-22 00:00:00-04:00,20.842958672102107
1996-07-23 00:00:00-04:00,19.421847853549693
1996-07-24 00:00:00-04:00,20.60609824569137
1996-07-25 00:00:00-04:00,19.184988021850586
1996-07-26 00:00:00-04:00,19.42184104696352
1996-07-29 00:00:00-04:00,18.71129343369428
1996-07-30 00:00:00-04:00,19.421850204467773
1996-07-31 00:00:00-04:00,19.895552158355713
1996-08-01 00:00:00-04:00,20.606115341186523
1996-08-02 00:00:00-04:00,20.606106869010038
1996-08-05 00:00:00-04:00,19.777125558187794
1996-08-06 00:00:00-04:00,20.606115341186523
1996-08-07 00:00:00-04:00,20.369255781173706
1996-08-08 00:00:00-04:00,20.369253340221587
1996-08-09 00:00:00-04:00,20.132401557195752
1996-08-12 00:00:00-04:00,20.36925614300896
1996-08-13 00:00:00-04:00,19.89555145973383
1996-08-14 00:00:00-04:00,20.369257531514982
1996-08-15 00:00:00-04:00,19.540264375748173
1996-08-16 00:00:00-04:00,20.36925614300896
1996-08-19 00:00:00-04:00,19.658697991144088
1996-08-20 00:00:00-04:00,19.89555225557494
1996-08-21 00:00:00-04:00,18.94813834846794
1996-08-22 00:00:00-04:00,18.94813834846794
1996-08-23 00:00:00-04:00,19.184994991009052
1996-08-26 00:00:00-04:00,18.00074216781124
1996-08-27 00:00:00-04:00,18.711297779698526
1996-08-28 00:00:00-04:00,16.816477090884476
1996-08-29 00:00:00-04:00,18.47443488975624
1996-08-30 00:00:00-04:00,18.47444558381242
1996-09-03 00:00:00-04:00,18.23758316040039
1996-09-04 00:00:00-04:00,18.23758996160407
1996-09-05 00:00:00-04:00,18.000735960144926
1996-09-06 00:00:00-04:00,17.763886326237728
1996-09-09 00:00:00-04:00,16.579625226449274
1996-09-10 00:00:00-04:00,18.237590498394436
1996-09-11 00:00:00-04:00,16.579629506496403
1996-09-12 00:00:00-04:00,17.763886849085488
1996-09-13 00:00:00-04:00,16.57963108372044
1996-09-16 00:00:00-04:00,18.47444430723885
1996-09-17 00:00:00-04:00,16.81647292881796
1996-09-18 00:00:00-04:00,18.000738673739964
1996-09-19 00:00:00-04:00,16.579625359896955
1996-09-20 00:00:00-04:00,17.763887996404943
1996-09-23 00:00:00-04:00,17.290181884765623
1996-09-24 00:00:00-04:00,17.527035024431015
1996-09-25 00:00:00-04:00,16.105915510735546
1996-09-26 00:00:00-04:00,16.934905462794834
1996-09-27 00:00:00-04:00,17.290182175979115
1996-09-30 00:00:00-04:00,18.000731585776972
1996-10-01 00:00:00-04:00,17.29017949785505
1996-10-02 00:00:00-04:00,16.618562698364258
1996-10-03 00:00:00-04:00,16.618562698364258
1996-10-04 00:00:00-04:00,16.618562698364258
1996-10-07 00:00:00-04:00,17.33078681400844
1996-10-08 00:00:00-04:00,16.618565718332924
1996-10-09 00:00:00-04:00,17.33078384399414
1996-10-10 00:00:00-04:00,17.330787337453742
1996-10-11 00:00:00-04:00,16.974670120765424
1996-10-14 00:00:00-04:00,16.618562698364258
1996-10-15 00:00:00-04:00,16.618562698364258
1996-10-16 00:00:00-04:00,16.61855985040534
1996-10-17 00:00:00-04:00,16.61855985040534
1996-10-18 00:00:00-04:00,17.33078681400844
1996-10-21 00:00:00-04:00,16.61855985040534
1996-10-22 00:00:00-04:00,16.618565718332924
1996-10-23 00:00:00-04:00,16.61855985040534
1996-10-24 00:00:00-04:00,16.61855985040534
1996-10-25 00:00:00-04:00,17.330789963404335
1996-10-28 00:00:00-05:00,15.668927920761929
1996-10-29 00:00:00-05:00,16.97467475618635
1996-10-30 00:00:00-05:00,16.61855741647574
1996-10-31 00:00:00-05:00,14.481886769684268
1996-11-01 00:00:00-05:00,15.431523901043517
1996-11-04 00:00:00-05:00,14.719303863525392
1996-11-05 00:00:00-05:00,16.381150311186115
1996-11-06 00:00:00-05:00,14.244479517782887
1996-11-07 00:00:00-05:00,13.294847142977977
1996-11-08 00:00:00-05:00,15.194111173115079
1996-11-11 00:00:00-05:00,15.194109807248976
1996-11-12 00:00:00-05:00,15.194115193684896
1996-11-13 00:00:00-05:00,14.956703186035156
1996-11-14 00:00:00-05:00,14.95670714378357
1996-11-15 00:00:00-05:00,14.007074944178264
1996-11-18 00:00:00-05:00,13.888367529838316
1996-11-19 00:00:00-05:00,14.719295797676876
1996-11-20 00:00:00-05:00,14.719299093882242
1996-11-21 00:00:00-05:00,13.53225884437561
1996-11-22 00:00:00-05:00,14.719295501708984
1996-11-25 00:00:00-05:00,14.244476117585835
1996-11-26 00:00:00-05:00,14.719302386772341
1996-11-27 00:00:00-05:00,14.2444794518607
1996-11-29 00:00:00-05:00,14.719295501708984
1996-12-02 00:00:00-05:00,12.82003469467163
1996-12-03 00:00:00-05:00,14.719295797676876
1996-12-04 00:00:00-05:00,13.650959537875266
1996-12-05 00:00:00-05:00,14.244477546821207
1996-12-06 00:00:00-05:00,14.719295433589389
1996-12-09 00:00:00-05:00,14.244479804203428
1996-12-10 00:00:00-05:00,14.007076904990456
1996-12-11 00:00:00-05:00,13.294850900632525
1996-12-12 00:00:00-05:00,13.29484745241561
1996-12-13 00:00:00-05:00,12.107810641647479
1996-12-16 00:00:00-05:00,14.481887509745937
1996-12-17 00:00:00-05:00,12.582623515810285
1996-12-18 00:00:00-05:00,13.057439557967648
1996-12-19 00:00:00-05:00,13.057438115604588
1996-12-20 00:00:00-05:00,14.48188591003418
1996-12-23 00:00:00-05:00,14.481888632489065
1996-12-24 00:00:00-05:00,14.600591205415272
1996-12-26 00:00:00-05:00,14.838003118832907
1996-12-27 00:00:00-05:00,12.864545504961695
1996-12-30 00:00:00-05:00,12.820031360187363
1996-12-31 00:00:00-05:00,12.820031566004598
1997-01-02 00:00:00-05:00,13.097579081853231
1997-01-03 00:00:00-05:00,14.288268456092247
1997-01-06 00:00:00-05:00,12.740367680265193
1997-01-07 00:00:00-05:00,12.859439039652326
1997-01-08 00:00:00-05:00,13.57385869015564
1997-01-09 00:00:00-05:00,12.918975251692313
1997-01-10 00:00:00-05:00,12.502233505249023
1997-01-13 00:00:00-05:00,13.573852096285139
1997-01-14 00:00:00-05:00,13.335714155627835
1997-01-15 00:00:00-05:00,14.764547902887518
1997-01-16 00:00:00-05:00,13.216647492514717
1997-01-17 00:00:00-05:00,12.859440803527832
1997-01-20 00:00:00-05:00,13.216647492514717
1997-01-21 00:00:00-05:00,13.216641426086426
1997-01-22 00:00:00-05:00,13.216647492514717
1997-01-23 00:00:00-05:00,12.918971061706543
1997-01-24 00:00:00-05:00,14.526406263693785
1997-01-27 00:00:00-05:00,14.526405890782675
1997-01-28 00:00:00-05:00,14.228730925491877
1997-01-29 00:00:00-05:00,14.288262818989
1997-01-30 00:00:00-05:00,13.335720686479048
1997-01-31 00:00:00-05:00,14.288265316985374
1997-02-03 00:00:00-05:00,14.764543969086493
1997-02-04 00:00:00-05:00,15.00268460016181
1997-02-05 00:00:00-05:00,14.645471949910007
1997-02-06 00:00:00-05:00,15.47895238019418
1997-02-07 00:00:00-05:00,15.002679824829102
1997-02-10 00:00:00-05:00,15.71709730818465
1997-02-11 00:00:00-05:00,16.074294794851273
1997-02-12 00:00:00-05:00,15.955235657868561
1997-02-13 00:00:00-05:00,15.478961758497285
1997-02-14 00:00:00-05:00,14.645479202270508
1997-02-18 00:00:00-05:00,15.35989282189346
1997-02-19 00:00:00-05:00,15.71709457039833
1997-02-20 00:00:00-05:00,14.764543384313583
1997-02-21 00:00:00-05:00,15.181281739665616
1997-02-24 00:00:00-05:00,14.407333513406606
1997-02-25 00:00:00-05:00,15.478964080810547
1997-02-26 00:00:00-05:00,15.717092378871648
1997-02-27 00:00:00-05:00,14.526405587792397
1997-02-28 00:00:00-05:00,14.764540672302246
1997-03-03 00:00:00-05:00,14.526402473449707
1997-03-04 00:00:00-05:00,15.181289416987722
1997-03-05 00:00:00-05:00,14.645471346182902
1997-03-06 00:00:00-05:00,15.002683662692545
1997-03-07 00:00:00-05:00,15.002678425081314
1997-03-10 00:00:00-05:00,14.645473162333172
1997-03-11 00:00:00-05:00,15.002677964382483
1997-03-12 00:00:00-05:00,15.002677964382483
1997-03-13 00:00:00-05:00,15.419418925505418
1997-03-14 00:00:00-05:00,14.52640811817066
1997-03-17 00:00:00-05:00,14.52640306122449
1997-03-18 00:00:00-05:00,14.943150520324707
1997-03-19 00:00:00-05:00,14.563612587808624
1997-03-20 00:00:00-05:00,15.002686012081984
1997-03-21 00:00:00-05:00,14.645479202270508
1997-03-24 00:00:00-05:00,14.5859375
1997-03-25 00:00:00-05:00,14.705009444686008
1997-03-26 00:00:00-05:00,14.407337188720703
1997-03-27 00:00:00-05:00,14.288268089294434
1997-03-31 00:00:00-05:00,13.573852966571677
1997-04-01 00:00:00-05:00,13.573852966571677
1997-04-02 00:00:00-05:00,14.335227012634277
1997-04-03 00:00:00-05:00,13.618461779185704
1997-04-04 00:00:00-05:00,13.140619010256048
1997-04-07 00:00:00-04:00,14.275496900081635
1997-04-08 00:00:00-04:00,13.857380047179104
1997-04-09 00:00:00-04:00,14.335230509440104
1997-04-10 00:00:00-04:00,14.275495529174805
1997-04-11 00:00:00-04:00,13.85738468170166
1997-04-14 00:00:00-04:00,13.618467171986898
1997-04-15 00:00:00-04:00,13.618461779185704
1997-04-16 00:00:00-04:00,13.976840219999614
1997-04-17 00:00:00-04:00,13.140619010256048
1997-04-18 00:00:00-04:00,13.85738468170166
1997-04-21 00:00:00-04:00,13.37954392692534
1997-04-22 00:00:00-04:00,14.275493748420107
1997-04-23 00:00:00-04:00,14.096303450322784
1997-04-24 00:00:00-04:00,13.618459701538086
1997-04-25 00:00:00-04:00,14.096303450322784
1997-04-28 00:00:00-04:00,14.096307884933601
1997-04-29 00:00:00-04:00,14.096305107248241
1997-04-30 00:00:00-04:00,13.37954362772279
1997-05-01 00:00:00-04:00,13.379546467055622
1997-05-02 00:00:00-04:00,13.857380047179104
1997-05-05 00:00:00-04:00,14.096300392820124
1997-05-06 00:00:00-04:00,14.096305107248241
1997-05-07 00:00:00-04:00,13.260083416760978
1997-05-08 00:00:00-04:00,13.3795438306085
1997-05-09 00:00:00-04:00,13.260079183076558
1997-05-12 00:00:00-04:00,13.618463043772847
1997-05-13 00:00:00-04:00,13.976849854510764
1997-05-14 00:00:00-04:00,13.3795438306085
1997-05-15 00:00:00-04:00,13.976852367017987
1997-05-16 00:00:00-04:00,13.260088323510212
1997-05-19 00:00:00-04:00,13.379541570490057
1997-05-20 00:00:00-04:00,13.558733944165505
1997-05-21 00:00:00-04:00,13.976844682531842
1997-05-22 00:00:00-04:00,13.260081206049238
1997-05-23 00:00:00-04:00,13.37954362772279
1997-05-27 00:00:00-04:00,13.618466689807027
1997-05-28 00:00:00-04:00,13.97684739217037
1997-05-29 00:00:00-04:00,14.096304893493652
1997-05-30 00:00:00-04:00,13.3795438306085
1997-06-02 00:00:00-04:00,13.49900404338179
1997-06-03 00:00:00-04:00,13.797652065753937
1997-06-04 00:00:00-04:00,13.379541397094727
1997-06-05 00:00:00-04:00,13.379541397094727
1997-06-06 00:00:00-04:00,13.49900404338179
1997-06-09 00:00:00-04:00,13.678194155127315
1997-06-10 00:00:00-04:00,13.499001763083719
1997-06-11 00:00:00-04:00,14.096303450322784
1997-06-12 00:00:00-04:00,13.499002456665039
1997-06-13 00:00:00-04:00,13.797652244567871
1997-06-16 00:00:00-04:00,13.618459701538086
1997-06-17 00:00:00-04:00,13.61846425615508
1997-06-18 00:00:00-04:00,13.61846425615508
1997-06-19 00:00:00-04:00,13.737930535246885
1997-06-20 00:00:00-04:00,13.857393288914162
1997-06-23 00:00:00-04:00,13.97684499509165
1997-06-24 00:00:00-04:00,14.096307884933601
1997-06-25 00:00:00-04:00,14.574145419538514
1997-06-26 00:00:00-04:00,13.976844377754148
1997-06-27 00:00:00-04:00,14.574145419538514
1997-06-30 00:00:00-04:00,14.454683838376573
1997-07-01 00:00:00-04:00,18.441518900626832
1997-07-02 00:00:00-04:00,15.8070117632548
1997-07-03 00:00:00-04:00,16.765008617091823
1997-07-07 00:00:00-04:00,18.44151033313069
1997-07-08 00:00:00-04:00,17.483509882984546
1997-07-09 00:00:00-04:00,17.723009930541185
1997-07-10 00:00:00-04:00,17.84276088915373
1997-07-11 00:00:00-04:00,17.84275199408547
1997-07-14 00:00:00-04:00,17.962499765249397
1997-07-15 00:00:00-04:00,18.201999762119392
1997-07-16 00:00:00-04:00,18.680999755859375
1997-07-17 00:00:00-04:00,18.20201100931539
1997-07-18 00:00:00-04:00,19.160011117543768
1997-07-21 00:00:00-04:00,18.44151033313069
1997-07-22 00:00:00-04:00,17.962510422697285
1997-07-23 00:00:00-04:00,18.441517232259116
1997-07-24 00:00:00-04:00,18.441510518391926
1997-07-25 00:00:00-04:00,17.962513367335
1997-07-28 00:00:00-04:00,17.483509063720703
1997-07-29 00:00:00-04:00,17.124268639255575
1997-07-30 00:00:00-04:00,16.765013168107217
1997-07-31 00:00:00-04:00,16.884764183892145
1997-08-01 00:00:00-04:00,16.884763717651367
1997-08-04 00:00:00-04:00,16.046512603759766
1997-08-05 00:00:00-04:00,16.046513036633215
1997-08-06 00:00:00-04:00,16.525511679889487
1997-08-07 00:00:00-04:00,16.884759073672086
1997-08-08 00:00:00-04:00,16.645261764526367
1997-08-11 00:00:00-04:00,16.2860107421875
1997-08-12 00:00:00-04:00,16.40576288593349
1997-08-13 00:00:00-04:00,16.525508880615234
1997-08-14 00:00:00-04:00,16.525510900160846
1997-08-15 00:00:00-04:00,16.525501179515867
1997-08-18 00:00:00-04:00,15.926751136779785
1997-08-19 00:00:00-04:00,15.807008494501527
1997-08-20 00:00:00-04:00,15.807013278537326
1997-08-21 00:00:00-04:00,15.56751222752813
1997-08-22 00:00:00-04:00,15.44775103032589
1997-08-25 00:00:00-04:00,15.32800762469952
1997-08-26 00:00:00-04:00,15.56750991821289
1997-08-27 00:00:00-04:00,14.968759536743164
1997-08-28 00:00:00-04:00,14.968757445995625
1997-08-29 00:00:00-04:00,15.687257803403416
1997-09-02 00:00:00-04:00,14.9687509983778
1997-09-03 00:00:00-04:00,15.567501038312912
1997-09-04 00:00:00-04:00,15.56750774383545
1997-09-05 00:00:00-04:00,15.328013102213541
1997-09-08 00:00:00-04:00,15.807013278537326
1997-09-09 00:00:00-04:00,16.286014990055516
1997-09-10 00:00:00-04:00,16.046504892621723
1997-09-11 00:00:00-04:00,16.52551180428832
1997-09-12 00:00:00-04:00,16.34588578168084
1997-09-15 00:00:00-04:00,16.465635860667508
1997-09-16 00:00:00-04:00,16.286011510615726
1997-09-17 00:00:00-04:00,16.286013680917247
1997-09-18 00:00:00-04:00,16.166261425978846
1997-09-19 00:00:00-04:00,16.40576171875
1997-09-22 00:00:00-04:00,16.166263580322266
1997-09-23 00:00:00-04:00,16.166263818740845
1997-09-24 00:00:00-04:00,16.16625505549307
1997-09-25 00:00:00-04:00,15.68726390505594
1997-09-26 00:00:00-04:00,15.807011275994974
1997-09-29 00:00:00-04:00,14.729253738883912
1997-09-30 00:00:00-04:00,14.84900738642766
1997-10-01 00:00:00-04:00,15.088512674967447
1997-10-02 00:00:00-04:00,16.211889266967773
1997-10-03 00:00:00-04:00,16.211889266967773
1997-10-06 00:00:00-04:00,16.211900818616826
1997-10-07 00:00:00-04:00,15.851617813110352
1997-10-08 00:00:00-04:00,15.851617813110352
1997-10-09 00:00:00-04:00,15.971705826846035
1997-10-10 00:00:00-04:00,15.971724510192871
1997-10-13 00:00:00-04:00,15.851623817726418
1997-10-14 00:00:00-04:00,14.890927225351334
1997-10-15 00:00:00-04:00,15.131103865062917
1997-10-16 00:00:00-04:00,15.611445426940918
1997-10-17 00:00:00-04:00,15.611450104486373
1997-10-20 00:00:00-04:00,15.371265758167613
1997-10-21 00:00:00-04:00,15.851632847078854
1997-10-22 00:00:00-04:00,15.131097793579102
1997-10-23 00:00:00-04:00,15.131097793579102
1997-10-24 00:00:00-04:00,15.251184490365041
1997-10-27 00:00:00-05:00,14.890922515118708
1997-10-28 00:00:00-05:00,14.650745482671828
1997-10-29 00:00:00-05:00,14.65074634552002
1997-10-30 00:00:00-05:00,15.131097793579102
1997-10-31 00:00:00-05:00,15.131098684717397
1997-11-03 00:00:00-05:00,14.89092877413883
1997-11-04 00:00:00-05:00,14.38055419921875
1997-11-05 00:00:00-05:00,14.380548611160151
1997-11-06 00:00:00-05:00,14.410570633312886
1997-11-07 00:00:00-05:00,14.290491104125977
1997-11-10 00:00:00-05:00,14.290491104125977
1997-11-11 00:00:00-05:00,14.230443117095204
1997-11-12 00:00:00-05:00,14.050310925739568
1997-11-13 00:00:00-05:00,14.230445861816406
1997-11-14 00:00:00-05:00,14.650746313730876
1997-11-17 00:00:00-05:00,14.41057014465332
1997-11-18 00:00:00-05:00,14.140372386345495
1997-11-19 00:00:00-05:00,13.93021780649821
1997-11-20 00:00:00-05:00,13.930218231983673
1997-11-21 00:00:00-05:00,13.930225484984838
1997-11-24 00:00:00-05:00,13.93021653740953
1997-11-25 00:00:00-05:00,13.69004014056662
1997-11-26 00:00:00-05:00,13.870174187880295
1997-11-28 00:00:00-05:00,13.810130143776917
1997-12-01 00:00:00-05:00,13.870174053678245
1997-12-02 00:00:00-05:00,13.930218231983673
1997-12-03 00:00:00-05:00,14.05030632019043
1997-12-04 00:00:00-05:00,14.05030632019043
1997-12-05 00:00:00-05:00,13.690042055570162
1997-12-08 00:00:00-05:00,13.930216283383578
1997-12-09 00:00:00-05:00,13.93022346496582
1997-12-10 00:00:00-05:00,13.930218231983673
1997-12-11 00:00:00-05:00,13.870179398306485
1997-12-12 00:00:00-05:00,13.690047198328479
1997-12-15 00:00:00-05:00,13.690042252057449
1997-12-16 00:00:00-05:00,13.810129902393522
1997-12-17 00:00:00-05:00,13.690042055570162
1997-12-18 00:00:00-05:00,14.17039966583252
1997-12-19 00:00:00-05:00,14.17039966583252
1997-12-22 00:00:00-05:00,14.17039966583252
1997-12-23 00:00:00-05:00,13.93021091661955
1997-12-24 00:00:00-05:00,13.69004014056662
1997-12-26 00:00:00-05:00,13.81012289147628
1997-12-29 00:00:00-05:00,14.230443732213166
1997-12-30 00:00:00-05:00,13.930220344575378
1997-12-31 00:00:00-05:00,14.290487798593812
1998-01-02 00:00:00-05:00,14.22247383374126
1998-01-05 00:00:00-05:00,14.22247309455705
1998-01-06 00:00:00-05:00,13.770475275620171
1998-01-07 00:00:00-05:00,13.86087487183927
1998-01-08 00:00:00-05:00,13.981414955203274
1998-01-09 00:00:00-05:00,14.584049876938519
1998-01-12 00:00:00-05:00,14.222466741289411
1998-01-13 00:00:00-05:00,14.101930916827659
1998-01-14 00:00:00-05:00,13.619818590811171
1998-01-15 00:00:00-05:00,13.680078282563583
1998-01-16 00:00:00-05:00,13.619815174331013
1998-01-20 00:00:00-05:00,13.740356076665286
1998-01-21 00:00:00-05:00,14.34299612045288
1998-01-22 00:00:00-05:00,13.55955645723163
1998-01-23 00:00:00-05:00,13.28835881840099
1998-01-26 00:00:00-05:00,13.619810932560972
1998-01-27 00:00:00-05:00,13.98141462612996
1998-01-28 00:00:00-05:00,13.499284296450409
1998-01-29 00:00:00-05:00,13.860885189697806
1998-01-30 00:00:00-05:00,13.74035575326565
1998-02-02 00:00:00-05:00,13.740347958871448
1998-02-03 00:00:00-05:00,13.981406694991998
1998-02-04 00:00:00-05:00,13.680085601477787
1998-02-05 00:00:00-05:00,13.64995093282624
1998-02-06 00:00:00-05:00,13.680090646035806
1998-02-09 00:00:00-05:00,13.740347958871448
1998-02-10 00:00:00-05:00,13.740340232849121
1998-02-11 00:00:00-05:00,13.8608796843167
1998-02-12 00:00:00-05:00,13.8608796843167
1998-02-13 00:00:00-05:00,14.041678945049968
1998-02-17 00:00:00-05:00,13.378762130079597
1998-02-18 00:00:00-05:00,13.981403476935773
1998-02-19 00:00:00-05:00,14.46353196056649
1998-02-20 00:00:00-05:00,13.86087314391033
1998-02-23 00:00:00-05:00,13.770476846613436
1998-02-24 00:00:00-05:00,13.981404990338264
1998-02-25 00:00:00-05:00,14.162197194547735
1998-02-26 00:00:00-05:00,13.981409072875977
1998-02-27 00:00:00-05:00,13.981412283981903
1998-03-02 00:00:00-05:00,14.041669667020756
1998-03-03 00:00:00-05:00,14.463530133484275
1998-03-04 00:00:00-05:00,14.342996493543042
1998-03-05 00:00:00-05:00,13.981407715102375
1998-03-06 00:00:00-05:00,14.342993553479513
1998-03-09 00:00:00-05:00,14.403261184692383
1998-03-10 00:00:00-05:00,14.252596535285313
1998-03-11 00:00:00-05:00,14.222470643609391
1998-03-12 00:00:00-05:00,14.222464195887248
1998-03-13 00:00:00-05:00,14.523797431913744
1998-03-16 00:00:00-05:00,14.523794174194336
1998-03-17 00:00:00-05:00,14.52378758986791
1998-03-18 00:00:00-05:00,14.463525875841723
1998-03-19 00:00:00-05:00,14.343003273010254
1998-03-20 00:00:00-05:00,14.343003273010254
1998-03-23 00:00:00-05:00,14.342996493543042
1998-03-24 00:00:00-05:00,14.343003273010254
1998-03-25 00:00:00-05:00,14.342991336447295
1998-03-26 00:00:00-05:00,14.915505368863382
1998-03-27 00:00:00-05:00,15.186696709179488
1998-03-30 00:00:00-05:00,15.066167039255943
1998-03-31 00:00:00-05:00,15.307226347544836
1998-04-01 00:00:00-05:00,15.066167958065778
1998-04-02 00:00:00-05:00,14.937310630314677
1998-04-03 00:00:00-05:00,14.786126386374235
1998-04-06 00:00:00-04:00,15.602540583925952
1998-04-07 00:00:00-04:00,15.118733406066895
1998-04-08 00:00:00-04:00,15.118733406066895
1998-04-09 00:00:00-04:00,14.997790880439695
1998-04-13 00:00:00-04:00,15.118740806894854
1998-04-14 00:00:00-04:00,14.816361870226999
1998-04-15 00:00:00-04:00,14.27208423614502
1998-04-16 00:00:00-04:00,14.272085320236336
1998-04-17 00:00:00-04:00,14.151135722293128
1998-04-20 00:00:00-04:00,14.51399117461906
1998-04-21 00:00:00-04:00,14.21160791741043
1998-04-22 00:00:00-04:00,14.211615473635284
1998-04-23 00:00:00-04:00,14.937309050744819
1998-04-24 00:00:00-04:00,15.11873288101025
1998-04-27 00:00:00-04:00,15.965388000011444
1998-04-28 00:00:00-04:00,15.30015866331352
1998-04-29 00:00:00-04:00,15.723483211310336
1998-04-30 00:00:00-04:00,15.663019229107954
1998-05-01 00:00:00-04:00,15.481588363647461
1998-05-04 00:00:00-04:00,15.60254425138939
1998-05-05 00:00:00-04:00,15.23968637906588
1998-05-06 00:00:00-04:00,15.239683727885401
1998-05-07 00:00:00-04:00,15.602532875061035
1998-05-08 00:00:00-04:00,14.997779846191406
1998-05-11 00:00:00-04:00,14.997786234295559
1998-05-12 00:00:00-04:00,15.239680223062004
1998-05-13 00:00:00-04:00,15.028023706542122
1998-05-14 00:00:00-04:00,15.36063006610218
1998-05-15 00:00:00-04:00,14.997779846191406
1998-05-18 00:00:00-04:00,14.997779846191406
1998-05-19 00:00:00-04:00,14.876833671569823
1998-05-20 00:00:00-04:00,15.360629358599262
1998-05-21 00:00:00-04:00,14.997786140441894
1998-05-22 00:00:00-04:00,14.997783434593071
1998-05-26 00:00:00-04:00,14.393043518066406
1998-05-27 00:00:00-04:00,14.755886415464689
1998-05-28 00:00:00-04:00,14.272094993091567
1998-05-29 00:00:00-04:00,14.45350654501664
1998-06-01 00:00:00-04:00,13.788287781272473
1998-06-02 00:00:00-04:00,14.51398713818155
1998-06-03 00:00:00-04:00,14.453516796765575
1998-06-04 00:00:00-04:00,14.665178582688007
1998-06-05 00:00:00-04:00,14.634932408567336
1998-06-08 00:00:00-04:00,14.634932408567336
1998-06-09 00:00:00-04:00,14.27208423614502
1998-06-10 00:00:00-04:00,14.513982553951076
1998-06-11 00:00:00-04:00,14.755886363983153
1998-06-12 00:00:00-04:00,14.513982553951076
1998-06-15 00:00:00-04:00,14.15113745972701
1998-06-16 00:00:00-04:00,14.453508941776757
1998-06-17 00:00:00-04:00,14.695413751720888
1998-06-18 00:00:00-04:00,14.39303724536337
1998-06-19 00:00:00-04:00,14.453512191772461
1998-06-22 00:00:00-04:00,14.151134904902031
1998-06-23 00:00:00-04:00,14.151143627006467
1998-06-24 00:00:00-04:00,14.272093572536438
1998-06-25 00:00:00-04:00,14.272084630275947
1998-06-26 00:00:00-04:00,14.090656280517578
1998-06-29 00:00:00-04:00,14.332555959153074
1998-06-30 00:00:00-04:00,14.090659261265875
1998-07-01 00:00:00-04:00,14.204260353420093
1998-07-02 00:00:00-04:00,13.84005018760418
1998-07-06 00:00:00-04:00,14.082854722675524
1998-07-07 00:00:00-04:00,13.840060418393431
1998-07-08 00:00:00-04:00,14.325656995271382
1998-07-09 00:00:00-04:00,14.204272534666943
1998-07-10 00:00:00-04:00,14.689875610351564
1998-07-13 00:00:00-04:00,14.811286894612293
1998-07-14 00:00:00-04:00,14.568484650940455
1998-07-15 00:00:00-04:00,14.932686638832092
1998-07-16 00:00:00-04:00,14.568484650940455
1998-07-17 00:00:00-04:00,14.811287936485803
1998-07-20 00:00:00-04:00,15.054095897597339
1998-07-21 00:00:00-04:00,14.75058006240936
1998-07-22 00:00:00-04:00,15.114792903264364
1998-07-23 00:00:00-04:00,15.661115932841547
1998-07-24 00:00:00-04:00,15.29689796635362
1998-07-27 00:00:00-04:00,14.81128215789795
1998-07-28 00:00:00-04:00,14.629176747798919
1998-07-29 00:00:00-04:00,14.568483967426394
1998-07-30 00:00:00-04:00,14.386371329239722
1998-07-31 00:00:00-04:00,14.629176830558619
1998-08-03 00:00:00-04:00,14.416709899902344
1998-08-04 00:00:00-04:00,14.871982602630487
1998-08-05 00:00:00-04:00,14.689888000488281
1998-08-06 00:00:00-04:00,15.054090062125786
1998-08-07 00:00:00-04:00,14.689878205784032
1998-08-10 00:00:00-04:00,14.689875610351564
1998-08-11 00:00:00-04:00,14.568483967426394
1998-08-12 00:00:00-04:00,15.175487936996833
1998-08-13 00:00:00-04:00,14.932696066612055
1998-08-14 00:00:00-04:00,14.689880064344898
1998-08-17 00:00:00-04:00,14.689878205784032
1998-08-18 00:00:00-04:00,14.568474769592285
1998-08-19 00:00:00-04:00,14.447070813179016
1998-08-20 00:00:00-04:00,14.568474769592285
1998-08-21 00:00:00-04:00,14.082858085632324
1998-08-24 00:00:00-04:00,14.082866685359239
1998-08-25 00:00:00-04:00,13.96145248413086
1998-08-26 00:00:00-04:00,14.082859957812923
1998-08-27 00:00:00-04:00,13.840046882629395
1998-08-28 00:00:00-04:00,13.840048549486243
1998-08-31 00:00:00-04:00,13.657947267804827
1998-09-01 00:00:00-04:00,12.565311059084806
1998-09-02 00:00:00-04:00,12.80811813573518
1998-09-03 00:00:00-04:00,12.62601089477539
1998-09-04 00:00:00-04:00,12.990220042108332
1998-09-08 00:00:00-04:00,12.62601089477539
1998-09-09 00:00:00-04:00,12.990226079832834
1998-09-10 00:00:00-04:00,12.62601089477539
1998-09-11 00:00:00-04:00,12.86882209777832
1998-09-14 00:00:00-04:00,12.868817494592822
1998-09-15 00:00:00-04:00,12.808114051818848
1998-09-16 00:00:00-04:00,12.808114051818848
1998-09-17 00:00:00-04:00,13.475835637458692
1998-09-18 00:00:00-04:00,13.23303604994928
1998-09-21 00:00:00-04:00,13.263382262046184
1998-09-22 00:00:00-04:00,13.293733251204184
1998-09-23 00:00:00-04:00,13.233033236335306
1998-09-24 00:00:00-04:00,13.354435229520185
1998-09-25 00:00:00-04:00,13.536537082571733
1998-09-28 00:00:00-04:00,13.263382262046184
1998-09-29 00:00:00-04:00,13.597243142784189
1998-09-30 00:00:00-04:00,13.11162731625618
1998-10-01 00:00:00-04:00,13.11162537184929
1998-10-02 00:00:00-04:00,13.103218997290375
1998-10-05 00:00:00-04:00,13.103217731822621
1998-10-06 00:00:00-04:00,13.164166216580373
1998-10-07 00:00:00-04:00,12.798489900392907
1998-10-08 00:00:00-04:00,12.189036149245041
1998-10-09 00:00:00-04:00,11.945254707336426
1998-10-12 00:00:00-04:00,11.549117332608828
1998-10-13 00:00:00-04:00,12.067145061492921
1998-10-14 00:00:00-04:00,12.189042793129975
1998-10-15 00:00:00-04:00,12.55471268459339
1998-10-16 00:00:00-04:00,12.493761939619056
1998-10-19 00:00:00-04:00,12.128091902529459
1998-10-20 00:00:00-04:00,12.676598571488077
1998-10-21 00:00:00-04:00,12.37187541448153
1998-10-22 00:00:00-04:00,12.371877020480586
1998-10-23 00:00:00-04:00,12.310927733634282
1998-10-26 00:00:00-05:00,12.189045518931776
1998-10-27 00:00:00-05:00,12.067145061492921
1998-10-28 00:00:00-05:00,12.067145061492921
1998-10-29 00:00:00-05:00,12.371870946884156
1998-10-30 00:00:00-05:00,12.554708480834961
1998-11-02 00:00:00-05:00,12.432819922084178
1998-11-03 00:00:00-05:00,12.432822470100461
1998-11-04 00:00:00-05:00,12.189039817223183
1998-11-05 00:00:00-05:00,12.432816123962402
1998-11-06 00:00:00-05:00,12.92038028039665
1998-11-09 00:00:00-05:00,12.950857312466617
1998-11-10 00:00:00-05:00,12.737544710391036
1998-11-11 00:00:00-05:00,12.737545174991384
1998-11-12 00:00:00-05:00,13.133688445403198
1998-11-13 00:00:00-05:00,12.9203807516659
1998-11-16 00:00:00-05:00,12.737556168937232
1998-11-17 00:00:00-05:00,13.103214869567003
1998-11-18 00:00:00-05:00,12.798491163116893
1998-11-19 00:00:00-05:00,12.676598571488077
1998-11-20 00:00:00-05:00,12.859439550127302
1998-11-23 00:00:00-05:00,12.676604504855174
1998-11-24 00:00:00-05:00,13.042275788649073
1998-11-25 00:00:00-05:00,12.98132740534269
1998-11-27 00:00:00-05:00,12.67660391671317
1998-11-30 00:00:00-05:00,12.676604504855174
1998-12-01 00:00:00-05:00,12.615655575072367
1998-12-02 00:00:00-05:00,12.676604504855174
1998-12-03 00:00:00-05:00,12.676603863496736
1998-12-04 00:00:00-05:00,12.798489900392907
1998-12-07 00:00:00-05:00,13.103215217590332
1998-12-08 00:00:00-05:00,13.011797437002492
1998-12-09 00:00:00-05:00,12.981328588013255
1998-12-10 00:00:00-05:00,13.286047706515083
1998-12-11 00:00:00-05:00,13.04227066040039
1998-12-14 00:00:00-05:00,13.16416005500685
1998-12-15 00:00:00-05:00,12.676604504855174
1998-12-16 00:00:00-05:00,12.798494932786474
1998-12-17 00:00:00-05:00,12.798491738059305
1998-12-18 00:00:00-05:00,13.316526101649492
1998-12-21 00:00:00-05:00,13.164155960083008
1998-12-22 00:00:00-05:00,13.346999815844613
1998-12-23 00:00:00-05:00,13.651717185974121
1998-12-24 00:00:00-05:00,13.529826853956495
1998-12-28 00:00:00-05:00,13.895499229431152
1998-12-29 00:00:00-05:00,13.773610488228176
1998-12-30 00:00:00-05:00,14.383065223693848
1998-12-31 00:00:00-05:00,14.565897777557373
1999-01-04 00:00:00-05:00,15.050305530942719
1999-01-05 00:00:00-05:00,15.539752960205078
1999-01-06 00:00:00-05:00,15.41739273071289
1999-01-07 00:00:00-05:00,15.417387001067993
1999-01-08 00:00:00-05:00,15.35621167949302
1999-01-11 00:00:00-05:00,15.233849537081834
1999-01-12 00:00:00-05:00,14.9891357421875
1999-01-13 00:00:00-05:00,14.622048406765378
1999-01-14 00:00:00-05:00,14.438508050195102
1999-01-15 00:00:00-05:00,14.193793787164726
1999-01-19 00:00:00-05:00,14.683229370117187
1999-01-20 00:00:00-05:00,15.050313903439429
1999-01-21 00:00:00-05:00,14.989133858289875
1999-01-22 00:00:00-05:00,14.805594485911412
1999-01-25 00:00:00-05:00,14.683228469476468
1999-01-26 00:00:00-05:00,14.683228469476468
1999-01-27 00:00:00-05:00,14.744417190551758
1999-01-28 00:00:00-05:00,14.744413352209675
1999-01-29 00:00:00-05:00,14.74441330550147
1999-02-01 00:00:00-05:00,14.927953720092773
1999-02-02 00:00:00-05:00,14.927957653504684
1999-02-03 00:00:00-05:00,14.438516657403175
1999-02-04 00:00:00-05:00,14.316152597189973
1999-02-05 00:00:00-05:00,14.193793413931864
1999-02-08 00:00:00-05:00,14.316153526306152
1999-02-09 00:00:00-05:00,14.438516003444857
1999-02-10 00:00:00-05:00,14.071433125880727
1999-02-11 00:00:00-05:00,13.887894630432129
1999-02-12 00:00:00-05:00,14.193801437105453
1999-02-16 00:00:00-05:00,13.704351476720861
1999-02-17 00:00:00-05:00,13.704351476720861
1999-02-18 00:00:00-05:00,13.459629050187784
1999-02-19 00:00:00-05:00,13.459631685625043
1999-02-22 00:00:00-05:00,13.459639293806894
1999-02-23 00:00:00-05:00,13.704351476720861
1999-02-24 00:00:00-05:00,13.581990351874708
1999-02-25 00:00:00-05:00,13.276090493073335
1999-02-26 00:00:00-05:00,13.520810215154551
1999-03-01 00:00:00-05:00,13.704360008239746
1999-03-02 00:00:00-05:00,13.704360008239746
1999-03-03 00:00:00-05:00,13.459629937839722
1999-03-04 00:00:00-05:00,13.459625244140625
1999-03-05 00:00:00-05:00,13.765531617241937
1999-03-08 00:00:00-05:00,13.581985473632812
1999-03-09 00:00:00-05:00,13.76554018684796
1999-03-10 00:00:00-05:00,13.796124458312988
1999-03-11 00:00:00-05:00,13.76552866623465
1999-03-12 00:00:00-05:00,13.857302621791238
1999-03-15 00:00:00-05:00,13.94907283782959
1999-03-16 00:00:00-05:00,13.826710669548957
1999-03-17 00:00:00-05:00,13.826714477875159
1999-03-18 00:00:00-05:00,13.76554018684796
1999-03-19 00:00:00-05:00,13.82671453471723
1999-03-22 00:00:00-05:00,13.765531539916992
1999-03-23 00:00:00-05:00,13.765531617241937
1999-03-24 00:00:00-05:00,13.581991195678711
1999-03-25 00:00:00-05:00,13.520812189137494
1999-03-26 00:00:00-05:00,13.21490953155377
1999-03-29 00:00:00-05:00,13.214909466830168
1999-03-30 00:00:00-05:00,13.337264088586073
1999-03-31 00:00:00-05:00,13.337269739671187
1999-04-01 00:00:00-05:00,13.64151448941012
1999-04-05 00:00:00-04:00,13.27282476739569
1999-04-06 00:00:00-04:00,13.948758415742354
1999-04-07 00:00:00-04:00,13.288184755316404
1999-04-08 00:00:00-04:00,13.149931340784459
1999-04-09 00:00:00-04:00,13.272828283975292
1999-04-12 00:00:00-04:00,13.211376645149441
1999-04-13 00:00:00-04:00,13.334273172081064
1999-04-14 00:00:00-04:00,13.33427566615018
1999-04-15 00:00:00-04:00,13.518619097872264
1999-04-16 00:00:00-04:00,13.211376645149441
1999-04-19 00:00:00-04:00,13.272828283975292
1999-04-20 00:00:00-04:00,13.395724842160247
1999-04-21 00:00:00-04:00,13.272824847228012
1999-04-22 00:00:00-04:00,13.211380004882812
1999-04-23 00:00:00-04:00,13.272828283975292
1999-04-26 00:00:00-04:00,13.211380004882812
1999-04-27 00:00:00-04:00,13.088479505644905
1999-04-28 00:00:00-04:00,13.149930529119844
1999-04-29 00:00:00-04:00,12.965589514381712
1999-04-30 00:00:00-04:00,13.14992838168363
1999-05-03 00:00:00-04:00,13.33427656306777
1999-05-04 00:00:00-04:00,13.14992618560791
1999-05-05 00:00:00-04:00,13.027031245055023
1999-05-06 00:00:00-04:00,13.14992618560791
1999-05-07 00:00:00-04:00,13.21137602682467
1999-05-10 00:00:00-04:00,13.272823946816581
1999-05-11 00:00:00-04:00,13.457166918280985
1999-05-12 00:00:00-04:00,13.487896353548223
1999-05-13 00:00:00-04:00,13.33427566615018
1999-05-14 00:00:00-04:00,13.14992618560791
1999-05-17 00:00:00-04:00,13.27282428741455
1999-05-18 00:00:00-04:00,13.211380004882812
1999-05-19 00:00:00-04:00,13.14992618560791
1999-05-20 00:00:00-04:00,13.149927766234788
1999-05-21 00:00:00-04:00,13.457170829245571
1999-05-24 00:00:00-04:00,13.334273730749372
1999-05-25 00:00:00-04:00,13.334274291992188
1999-05-26 00:00:00-04:00,13.334272548004433
1999-05-27 00:00:00-04:00,13.27282428741455
1999-05-28 00:00:00-04:00,13.211377754738804
1999-06-01 00:00:00-04:00,13.211377754738804
1999-06-02 00:00:00-04:00,13.272828283975292
1999-06-03 00:00:00-04:00,13.272828283975292
1999-06-04 00:00:00-04:00,13.211380004882812
1999-06-07 00:00:00-04:00,13.149931725790335
1999-06-08 00:00:00-04:00,13.027037805919067
1999-06-09 00:00:00-04:00,12.96558429903026
1999-06-10 00:00:00-04:00,13.272825633130504
1999-06-11 00:00:00-04:00,13.39572256061888
1999-06-14 00:00:00-04:00,13.334272548004433
1999-06-15 00:00:00-04:00,13.365000702614008
1999-06-16 00:00:00-04:00,13.211380004882812
1999-06-17 00:00:00-04:00,13.334274291992188
1999-06-18 00:00:00-04:00,13.21137602682467
1999-06-21 00:00:00-04:00,13.334272548004433
1999-06-22 00:00:00-04:00,13.27282428741455
1999-06-23 00:00:00-04:00,13.272828283975292
1999-06-24 00:00:00-04:00,13.242100776882346
1999-06-25 00:00:00-04:00,13.395720808594316
1999-06-28 00:00:00-04:00,13.211379290715744
1999-06-29 00:00:00-04:00,13.334272548004433
1999-06-30 00:00:00-04:00,13.27282694766396
1999-07-01 00:00:00-04:00,13.94602695217839
1999-07-02 00:00:00-04:00,13.390654197445622
1999-07-06 00:00:00-04:00,13.390654197445622
1999-07-07 00:00:00-04:00,13.328946113586426
1999-07-08 00:00:00-04:00,13.390653995219125
1999-07-09 00:00:00-04:00,13.452363788122419
1999-07-12 00:00:00-04:00,13.48321453162602
1999-07-13 00:00:00-04:00,13.699192796434675
1999-07-14 00:00:00-04:00,13.760900872094291
1999-07-15 00:00:00-04:00,13.884325305442639
1999-07-16 00:00:00-04:00,13.390656471252441
1999-07-19 00:00:00-04:00,13.390656346673364
1999-07-20 00:00:00-04:00,13.699194616741604
1999-07-21 00:00:00-04:00,13.575776674968651
1999-07-22 00:00:00-04:00,13.35980106327572
1999-07-23 00:00:00-04:00,13.483217239379883
1999-07-26 00:00:00-04:00,13.452359571952044
1999-07-27 00:00:00-04:00,13.575779188663587
1999-07-28 00:00:00-04:00,13.390654926999993
1999-07-29 00:00:00-04:00,13.328946839778794
1999-07-30 00:00:00-04:00,13.328948345380962
1999-08-02 00:00:00-04:00,13.514073444569084
1999-08-03 00:00:00-04:00,13.359801651965613
1999-08-04 00:00:00-04:00,13.406083607673645
1999-08-05 00:00:00-04:00,13.390656583959407
1999-08-06 00:00:00-04:00,13.699196815490723
1999-08-09 00:00:00-04:00,13.32895149408385
1999-08-10 00:00:00-04:00,13.514069615123427
1999-08-11 00:00:00-04:00,13.20552921295166
1999-08-12 00:00:00-04:00,13.205536167576629
1999-08-13 00:00:00-04:00,13.143824577331543
1999-08-16 00:00:00-04:00,13.26724428050923
1999-08-17 00:00:00-04:00,13.267237293386014
1999-08-18 00:00:00-04:00,13.082113778149639
1999-08-19 00:00:00-04:00,13.205535276546035
1999-08-20 00:00:00-04:00,13.205529945868033
1999-08-23 00:00:00-04:00,13.26724428050923
1999-08-24 00:00:00-04:00,13.020408384117163
1999-08-25 00:00:00-04:00,13.174675172734483
1999-08-26 00:00:00-04:00,13.082113052082953
1999-08-27 00:00:00-04:00,13.143827167777129
1999-08-30 00:00:00-04:00,13.143821132517306
1999-08-31 00:00:00-04:00,13.205529945868033
1999-09-01 00:00:00-04:00,13.359805548468302
1999-09-02 00:00:00-04:00,13.267238752557597
1999-09-03 00:00:00-04:00,13.822609173681307
1999-09-07 00:00:00-04:00,13.822617192974006
1999-09-08 00:00:00-04:00,13.76090829751102
1999-09-09 00:00:00-04:00,13.791755282084148
1999-09-10 00:00:00-04:00,13.791768388387089
1999-09-13 00:00:00-04:00,13.822608947753906
1999-09-14 00:00:00-04:00,13.822608947753906
1999-09-15 00:00:00-04:00,13.822609320746528
1999-09-16 00:00:00-04:00,13.791748105952172
1999-09-17 00:00:00-04:00,13.822608522079534
1999-09-20 00:00:00-04:00,14.377990440553914
1999-09-21 00:00:00-04:00,14.377986445697635
1999-09-22 00:00:00-04:00,14.16201607455378
1999-09-23 00:00:00-04:00,14.192868000319026
1999-09-24 00:00:00-04:00,14.439697265625
1999-09-27 00:00:00-04:00,14.316277156813872
1999-09-28 00:00:00-04:00,14.748229597803194
1999-09-29 00:00:00-04:00,14.624817612779689
1999-09-30 00:00:00-04:00,14.31627902586501
1999-10-01 00:00:00-04:00,15.735558732863394
1999-10-04 00:00:00-04:00,15.42502411190041
1999-10-05 00:00:00-04:00,14.898467063903809
1999-10-06 00:00:00-04:00,14.929438348052166
1999-10-07 00:00:00-04:00,16.01352766367394
1999-10-08 00:00:00-04:00,15.548913955688477
1999-10-11 00:00:00-04:00,15.548913955688477
1999-10-12 00:00:00-04:00,15.548913955688477
1999-10-13 00:00:00-04:00,15.54891692395191
1999-10-14 00:00:00-04:00,15.42501822695789
1999-10-15 00:00:00-04:00,15.363077026367188
1999-10-18 00:00:00-04:00,15.239177542996694
1999-10-19 00:00:00-04:00,15.239181243896484
1999-10-20 00:00:00-04:00,15.672815784206236
1999-10-21 00:00:00-04:00,15.11528618250911
1999-10-22 00:00:00-04:00,15.796705413149647
1999-10-25 00:00:00-04:00,15.73476512441522
1999-10-26 00:00:00-04:00,15.73476512441522
1999-10-27 00:00:00-04:00,15.486973547652777
1999-10-28 00:00:00-04:00,15.672814309127688
1999-10-29 00:00:00-04:00,15.70379482718075
1999-11-01 00:00:00-05:00,15.765742735769235
1999-11-02 00:00:00-05:00,15.641843283129305
1999-11-03 00:00:00-05:00,15.765736133094848
1999-11-04 00:00:00-05:00,15.734765196603442
1999-11-05 00:00:00-05:00,15.610869774451622
1999-11-08 00:00:00-05:00,15.610872964298023
1999-11-09 00:00:00-05:00,15.796710074417234
1999-11-10 00:00:00-05:00,15.610872534731282
1999-11-11 00:00:00-05:00,15.734762191772461
1999-11-12 00:00:00-05:00,15.781229194596323
1999-11-15 00:00:00-05:00,15.734764911234379
1999-11-16 00:00:00-05:00,15.734762956196231
1999-11-17 00:00:00-05:00,15.796710841850548
1999-11-18 00:00:00-05:00,15.858658727504864
1999-11-19 00:00:00-05:00,15.858664258566602
1999-11-22 00:00:00-05:00,16.04450934787966
1999-11-23 00:00:00-05:00,16.478134155273438
1999-11-24 00:00:00-05:00,16.292287906924425
1999-11-26 00:00:00-05:00,16.292294437235054
1999-11-29 00:00:00-05:00,16.3542423248291
1999-11-30 00:00:00-05:00,16.292301669049618
1999-12-01 00:00:00-05:00,16.416191208897047
1999-12-02 00:00:00-05:00,15.742511753000159
1999-12-03 00:00:00-05:00,15.827686751261353
1999-12-06 00:00:00-05:00,15.827686751261353
1999-12-07 00:00:00-05:00,15.827678936194642
1999-12-08 00:00:00-05:00,15.982551574707031
1999-12-09 00:00:00-05:00,15.982555900499658
1999-12-10 00:00:00-05:00,15.951577637546746
1999-12-13 00:00:00-05:00,15.85865910602031
1999-12-14 00:00:00-05:00,15.982560073086654
1999-12-15 00:00:00-05:00,15.889634063868847
1999-12-16 00:00:00-05:00,15.920608078062418
1999-12-17 00:00:00-05:00,15.858655826065892
1999-12-20 00:00:00-05:00,16.106450654551878
1999-12-21 00:00:00-05:00,15.982560935387244
1999-12-22 00:00:00-05:00,15.920605984726393
1999-12-23 00:00:00-05:00,15.858660697937012
1999-12-27 00:00:00-05:00,16.04450437799096
1999-12-28 00:00:00-05:00,15.796710841850548
1999-12-29 00:00:00-05:00,15.734768781474992
1999-12-30 00:00:00-05:00,15.858658727504864
1999-12-31 00:00:00-05:00,15.73476844404655
2000-01-03 00:00:00-05:00,15.734766996749725
2000-01-04 00:00:00-05:00,14.808215141296387
2000-01-05 00:00:00-05:00,14.43490273097776
2000-01-06 00:00:00-05:00,13.439386592681752
2000-01-07 00:00:00-05:00,13.937135893723061
2000-01-10 00:00:00-05:00,14.0615824076755
2000-01-11 00:00:00-05:00,14.777112503846485
2000-01-12 00:00:00-05:00,14.745995749946402
2000-01-13 00:00:00-05:00,14.683781172512981
2000-01-14 00:00:00-05:00,15.181533148674548
2000-01-18 00:00:00-05:00,14.932655556073327
2000-01-19 00:00:00-05:00,14.932661056518555
2000-01-20 00:00:00-05:00,14.49711933694624
2000-01-21 00:00:00-05:00,14.870441635449726
2000-01-24 00:00:00-05:00,14.932660248319982
2000-01-25 00:00:00-05:00,14.808218861006171
2000-01-26 00:00:00-05:00,15.430409130607684
2000-01-27 00:00:00-05:00,14.559333801269531
2000-01-28 00:00:00-05:00,14.559338733242146
2000-01-31 00:00:00-05:00,14.559336146370308
2000-02-01 00:00:00-05:00,14.8082222143809
2000-02-02 00:00:00-05:00,14.994864957085971
2000-02-03 00:00:00-05:00,14.18602277826966
2000-02-04 00:00:00-05:00,14.62155317648863
2000-02-07 00:00:00-05:00,14.55934453010559
2000-02-08 00:00:00-05:00,14.68377992976064
2000-02-09 00:00:00-05:00,14.745999336242676
2000-02-10 00:00:00-05:00,14.932653884257167
2000-02-11 00:00:00-05:00,14.559329460407126
2000-02-14 00:00:00-05:00,14.372671390401907
2000-02-15 00:00:00-05:00,14.683781967471969
2000-02-16 00:00:00-05:00,14.932650052584133
2000-02-17 00:00:00-05:00,14.497125109036762
2000-02-18 00:00:00-05:00,14.49712171031453
2000-02-22 00:00:00-05:00,14.497122954522538
2000-02-23 00:00:00-05:00,14.55933753715074
2000-02-24 00:00:00-05:00,14.559340221125904
2000-02-25 00:00:00-05:00,15.24375670351963
2000-02-28 00:00:00-05:00,15.057092834379567
2000-02-29 00:00:00-05:00,15.305973483670142
2000-03-01 00:00:00-05:00,15.430417546255145
2000-03-02 00:00:00-05:00,15.523741399088212
2000-03-03 00:00:00-05:00,15.368192888075306
2000-03-06 00:00:00-05:00,15.181529998779297
2000-03-07 00:00:00-05:00,15.24375816186269
2000-03-08 00:00:00-05:00,14.932652457815701
2000-03-09 00:00:00-05:00,14.932659627937596
2000-03-10 00:00:00-05:00,14.87043940775679
2000-03-13 00:00:00-05:00,15.057099898656208
2000-03-14 00:00:00-05:00,14.932658300578224
2000-03-15 00:00:00-05:00,14.963768689528756
2000-03-16 00:00:00-05:00,15.119313619222986
2000-03-17 00:00:00-05:00,15.803738238319518
2000-03-20 00:00:00-05:00,15.86595116966447
2000-03-21 00:00:00-05:00,15.55485310761825
2000-03-22 00:00:00-05:00,15.67928875416932
2000-03-23 00:00:00-05:00,15.430421587020632
2000-03-24 00:00:00-05:00,15.461512624155176
2000-03-27 00:00:00-05:00,15.461523819362185
2000-03-28 00:00:00-05:00,15.119317873286816
2000-03-29 00:00:00-05:00,15.337082754305706
2000-03-30 00:00:00-05:00,15.243750726144144
2000-03-31 00:00:00-05:00,15.803730209438786
2000-04-03 00:00:00-04:00,16.17704963684082
2000-04-04 00:00:00-04:00,16.244525909423828
2000-04-05 00:00:00-04:00,16.119568017812878
2000-04-06 00:00:00-04:00,16.275767865143422
2000-04-07 00:00:00-04:00,15.682217533111572
2000-04-10 00:00:00-04:00,15.494779088190482
2000-04-11 00:00:00-04:00,14.932466123162246
2000-04-12 00:00:00-04:00,15.27610028080824
2000-04-13 00:00:00-04:00,15.432294776884175
2000-04-14 00:00:00-04:00,14.745033133743156
2000-04-17 00:00:00-04:00,14.370159410003923
2000-04-18 00:00:00-04:00,14.37015529291822
2000-04-19 00:00:00-04:00,14.182716964071641
2000-04-20 00:00:00-04:00,13.807845437791613
2000-04-24 00:00:00-04:00,13.745364458571634
2000-04-25 00:00:00-04:00,13.745361786908191
2000-04-26 00:00:00-04:00,13.870320305710992
2000-04-27 00:00:00-04:00,14.182717839024098
2000-04-28 00:00:00-04:00,14.182720068122158
2000-05-01 00:00:00-04:00,14.432629057791381
2000-05-02 00:00:00-04:00,14.120234489440918
2000-05-03 00:00:00-04:00,14.120234489440918
2000-05-04 00:00:00-04:00,14.120238566502735
2000-05-05 00:00:00-04:00,14.370150144121288
2000-05-08 00:00:00-04:00,14.057756921519404
2000-05-09 00:00:00-04:00,14.15147803235783
2000-05-10 00:00:00-04:00,14.120237534506279
2000-05-11 00:00:00-04:00,14.245191628353862
2000-05-12 00:00:00-04:00,14.307677681381639
2000-05-15 00:00:00-04:00,13.870322631631465
2000-05-16 00:00:00-04:00,13.995280176000211
2000-05-17 00:00:00-04:00,13.932802411775103
2000-05-18 00:00:00-04:00,14.120237534506279
2000-05-19 00:00:00-04:00,14.213957786560059
2000-05-22 00:00:00-04:00,14.19833619343607
2000-05-23 00:00:00-04:00,14.182711601257324
2000-05-24 00:00:00-04:00,14.18271831889729
2000-05-25 00:00:00-04:00,14.21395105412353
2000-05-26 00:00:00-04:00,14.24520268815287
2000-05-30 00:00:00-04:00,13.870318834760548
2000-05-31 00:00:00-04:00,14.08900318145752
2000-06-01 00:00:00-04:00,14.057765810677175
2000-06-02 00:00:00-04:00,13.745363283049223
2000-06-05 00:00:00-04:00,13.776598315936305
2000-06-06 00:00:00-04:00,13.815654071674391
2000-06-07 00:00:00-04:00,13.839084009902177
2000-06-08 00:00:00-04:00,13.901558291595594
2000-06-09 00:00:00-04:00,13.839082852607351
2000-06-12 00:00:00-04:00,13.995281346357054
2000-06-13 00:00:00-04:00,13.745364458571634
2000-06-14 00:00:00-04:00,13.93279774843064
2000-06-15 00:00:00-04:00,14.182712717703186
2000-06-16 00:00:00-04:00,14.30767738689828
2000-06-19 00:00:00-04:00,14.182712717703186
2000-06-20 00:00:00-04:00,14.276431510269001
2000-06-21 00:00:00-04:00,14.307678347985114
2000-06-22 00:00:00-04:00,14.807502212195562
2000-06-23 00:00:00-04:00,14.932461537389313
2000-06-26 00:00:00-04:00,14.807503700256348
2000-06-27 00:00:00-04:00,14.495107650756836
2000-06-28 00:00:00-04:00,14.526347834694834
2000-06-29 00:00:00-04:00,14.8543698718439
2000-06-30 00:00:00-04:00,14.745029767354328
2000-07-03 00:00:00-04:00,15.655587093035379
2000-07-05 00:00:00-04:00,15.05948257446289
2000-07-06 00:00:00-04:00,14.933984816449243
2000-07-07 00:00:00-04:00,14.839869637449247
2000-07-10 00:00:00-04:00,14.933985475766457
2000-07-11 00:00:00-04:00,15.059486484131872
2000-07-12 00:00:00-04:00,15.24773006518352
2000-07-13 00:00:00-04:00,15.059481009069192
2000-07-14 00:00:00-04:00,15.686964988708494
2000-07-17 00:00:00-04:00,15.686963029758246
2000-07-18 00:00:00-04:00,15.43596918305005
2000-07-19 00:00:00-04:00,15.34184804170028
2000-07-20 00:00:00-04:00,15.122232539594668
2000-07-21 00:00:00-04:00,15.043797774167405
2000-07-24 00:00:00-04:00,15.137918657726711
2000-07-25 00:00:00-04:00,15.216353054969542
2000-07-26 00:00:00-04:00,15.530093075477915
2000-07-27 00:00:00-04:00,15.718338918685912
2000-07-28 00:00:00-04:00,15.62421684033475
2000-07-31 00:00:00-04:00,15.435976768942442
2000-08-01 00:00:00-04:00,15.937950674883144
2000-08-02 00:00:00-04:00,15.686958555191282
2000-08-03 00:00:00-04:00,15.93795394897461
2000-08-04 00:00:00-04:00,15.937952265143394
2000-08-07 00:00:00-04:00,15.875207901000977
2000-08-08 00:00:00-04:00,15.922264911160612
2000-08-09 00:00:00-04:00,15.922272785037173
2000-08-10 00:00:00-04:00,15.812458248588984
2000-08-11 00:00:00-04:00,15.812458248588984
2000-08-14 00:00:00-04:00,15.74971039839617
2000-08-15 00:00:00-04:00,15.812454223632812
2000-08-16 00:00:00-04:00,15.906580180337984
2000-08-17 00:00:00-04:00,15.906580180337984
2000-08-18 00:00:00-04:00,15.937949892074343
2000-08-21 00:00:00-04:00,15.812453207391393
2000-08-22 00:00:00-04:00,15.749713713864246
2000-08-23 00:00:00-04:00,15.467335700988771
2000-08-24 00:00:00-04:00,15.4987211227417
2000-08-25 00:00:00-04:00,15.561470965292886
2000-08-28 00:00:00-04:00,15.16928154255057
2000-08-29 00:00:00-04:00,14.30651891410223
2000-08-30 00:00:00-04:00,14.588881685378704
2000-08-31 00:00:00-04:00,14.808489265827218
2000-09-01 00:00:00-04:00,15.184976828300348
2000-09-05 00:00:00-04:00,14.808496563746456
2000-09-06 00:00:00-04:00,15.059481152033403
2000-09-07 00:00:00-04:00,14.847716683022519
2000-09-08 00:00:00-04:00,14.808490923749721
2000-09-11 00:00:00-04:00,14.9339889810105
2000-09-12 00:00:00-04:00,14.933986886342366
2000-09-13 00:00:00-04:00,14.87124356902948
2000-09-14 00:00:00-04:00,14.871238766646966
2000-09-15 00:00:00-04:00,15.561465038516657
2000-09-18 00:00:00-04:00,15.059486484131872
2000-09-19 00:00:00-04:00,15.310474826443581
2000-09-20 00:00:00-04:00,15.37322267409294
2000-09-21 00:00:00-04:00,15.435967203046454
2000-09-22 00:00:00-04:00,15.059490772003823
2000-09-25 00:00:00-04:00,14.996740164133064
2000-09-26 00:00:00-04:00,14.933992297337527
2000-09-27 00:00:00-04:00,14.996739295350404
2000-09-28 00:00:00-04:00,14.777120034729515
2000-09-29 00:00:00-04:00,15.028116832895481
2000-10-02 00:00:00-04:00,14.808499259137093
2000-10-03 00:00:00-04:00,14.714377441812069
2000-10-04 00:00:00-04:00,14.750787261185373
2000-10-05 00:00:00-04:00,14.798063195844703
2000-10-06 00:00:00-04:00,14.813831329345701
2000-10-09 00:00:00-04:00,14.845343589782715
2000-10-10 00:00:00-04:00,14.84534886555794
2000-10-11 00:00:00-04:00,14.813826223214468
2000-10-12 00:00:00-04:00,14.782312539283264
2000-10-13 00:00:00-04:00,14.750793749220827
2000-10-16 00:00:00-04:00,14.719266563333491
2000-10-17 00:00:00-04:00,14.971417046420745
2000-10-18 00:00:00-04:00,14.53015533037353
2000-10-19 00:00:00-04:00,14.24649429321289
2000-10-20 00:00:00-04:00,14.498635666279855
2000-10-23 00:00:00-04:00,15.002930715809699
2000-10-24 00:00:00-04:00,14.341036713641623
2000-10-25 00:00:00-04:00,14.498636727714127
2000-10-26 00:00:00-04:00,14.624713284628733
2000-10-27 00:00:00-04:00,14.120409217247598
2000-10-30 00:00:00-05:00,14.120412826538086
2000-10-31 00:00:00-05:00,14.278008493001028
2000-11-01 00:00:00-05:00,14.120415383924817
2000-11-02 00:00:00-05:00,14.057375269276756
2000-11-03 00:00:00-05:00,14.02585278386655
2000-11-06 00:00:00-05:00,13.742188124223189
2000-11-07 00:00:00-05:00,13.868263262208156
2000-11-08 00:00:00-05:00,13.663391191289172
2000-11-09 00:00:00-05:00,13.710668087005617
2000-11-10 00:00:00-05:00,13.237888049153447
2000-11-13 00:00:00-05:00,13.237887396328691
2000-11-14 00:00:00-05:00,13.080290910040977
2000-11-15 00:00:00-05:00,12.859660778045653
2000-11-16 00:00:00-05:00,12.73358454501121
2000-11-17 00:00:00-05:00,12.92269766932786
2000-11-20 00:00:00-05:00,12.985735187927881
2000-11-21 00:00:00-05:00,12.355359722869563
2000-11-22 00:00:00-05:00,12.103212778804867
2000-11-24 00:00:00-05:00,12.481434822082518
2000-11-27 00:00:00-05:00,12.418397257878231
2000-11-28 00:00:00-05:00,12.355355262756348
2000-11-29 00:00:00-05:00,12.355357998864775
2000-11-30 00:00:00-05:00,12.48143546104431
2000-12-01 00:00:00-05:00,12.670547470901951
2000-12-04 00:00:00-05:00,12.544473174748902
2000-12-05 00:00:00-05:00,12.765105377953008
2000-12-06 00:00:00-05:00,13.395480952172909
2000-12-07 00:00:00-05:00,13.742186864217123
2000-12-08 00:00:00-05:00,13.93129637384492
2000-12-11 00:00:00-05:00,14.309521840692877
2000-12-12 00:00:00-05:00,13.868263244628906
2000-12-13 00:00:00-05:00,13.74218611583339
2000-12-14 00:00:00-05:00,14.151930028932137
2000-12-15 00:00:00-05:00,13.962818535559816
2000-12-18 00:00:00-05:00,14.530163427369784
2000-12-19 00:00:00-05:00,14.498641014635798
2000-12-20 00:00:00-05:00,14.372563528816142
2000-12-21 00:00:00-05:00,13.74219036102295
2000-12-22 00:00:00-05:00,13.742183809214016
2000-12-26 00:00:00-05:00,13.868263244628906
2000-12-27 00:00:00-05:00,13.868265109211874
2000-12-28 00:00:00-05:00,14.12041293405043
2000-12-29 00:00:00-05:00,14.624715873030496
2001-01-02 00:00:00-05:00,14.750788664817811
2001-01-03 00:00:00-05:00,14.82639978671896
2001-01-04 00:00:00-05:00,14.192792262165902
2001-01-05 00:00:00-05:00,14.541282035844743
2001-01-08 00:00:00-05:00,14.002710844789231
2001-01-09 00:00:00-05:00,13.812631634046445
2001-01-10 00:00:00-05:00,13.464151458306745
2001-01-11 00:00:00-05:00,13.939350162233623
2001-01-12 00:00:00-05:00,14.129437446594238
2001-01-16 00:00:00-05:00,14.256159782409668
2001-01-17 00:00:00-05:00,14.129441678321967
2001-01-18 00:00:00-05:00,13.93934708498837
2001-01-19 00:00:00-05:00,14.066078229383987
2001-01-22 00:00:00-05:00,14.066072463989256
2001-01-23 00:00:00-05:00,14.066072463989256
2001-01-24 00:00:00-05:00,14.066072463989256
2001-01-25 00:00:00-05:00,14.002717560584394
2001-01-26 00:00:00-05:00,13.685904458304432
2001-01-29 00:00:00-05:00,13.685911644438995
2001-01-30 00:00:00-05:00,13.654229877171694
2001-01-31 00:00:00-05:00,13.685905686663919
2001-02-01 00:00:00-05:00,13.685910224914553
2001-02-02 00:00:00-05:00,13.780946698376862
2001-02-05 00:00:00-05:00,13.622543608068595
2001-02-06 00:00:00-05:00,13.622550942381407
2001-02-07 00:00:00-05:00,13.81262561190211
2001-02-08 00:00:00-05:00,13.717589264436793
2001-02-09 00:00:00-05:00,13.844308853149414
2001-02-12 00:00:00-05:00,14.06607196755605
2001-02-13 00:00:00-05:00,13.907676447521554
2001-02-14 00:00:00-05:00,14.129436269032496
2001-02-15 00:00:00-05:00,14.097750070753342
2001-02-16 00:00:00-05:00,13.654231337874148
2001-02-20 00:00:00-05:00,13.30574605200026
2001-02-21 00:00:00-05:00,13.685907860324805
2001-02-22 00:00:00-05:00,13.685906666722792
2001-02-23 00:00:00-05:00,13.590869181685978
2001-02-26 00:00:00-05:00,13.717592525646698
2001-02-27 00:00:00-05:00,13.749265127092878
2001-02-28 00:00:00-05:00,13.812629716890351
2001-03-01 00:00:00-05:00,14.06607997522945
2001-03-02 00:00:00-05:00,13.685910393210019
2001-03-05 00:00:00-05:00,14.667999509066473
2001-03-06 00:00:00-05:00,14.572957766953337
2001-03-07 00:00:00-05:00,14.921446800231934
2001-03-08 00:00:00-05:00,15.016480910575996
2001-03-09 00:00:00-05:00,15.143198178636094
2001-03-12 00:00:00-05:00,14.953124054476747
2001-03-13 00:00:00-05:00,14.842245914880383
2001-03-14 00:00:00-05:00,14.889757113510305
2001-03-15 00:00:00-05:00,14.224473233733857
2001-03-16 00:00:00-05:00,14.319513061795309
2001-03-19 00:00:00-05:00,14.192792892456053
2001-03-20 00:00:00-05:00,14.034395461708172
2001-03-21 00:00:00-05:00,13.93935440892008
2001-03-22 00:00:00-05:00,13.971034517137513
2001-03-23 00:00:00-05:00,14.256156712838349
2001-03-26 00:00:00-05:00,13.939352817940083
2001-03-27 00:00:00-05:00,13.564261162167208
2001-03-28 00:00:00-05:00,13.711247618067738
2001-03-29 00:00:00-05:00,14.496928896778936
2001-03-30 00:00:00-05:00,13.939348914367448
2001-04-02 00:00:00-04:00,14.192792686954393
2001-04-03 00:00:00-04:00,14.116761206770509
2001-04-04 00:00:00-04:00,14.067609800489238
2001-04-05 00:00:00-04:00,14.205225490556044
2001-04-06 00:00:00-04:00,14.526333487257375
2001-04-09 00:00:00-04:00,14.54671705993101
2001-04-10 00:00:00-04:00,14.205217696182618
2001-04-11 00:00:00-04:00,14.210312550010626
2001-04-12 00:00:00-04:00,14.215414047241211
2001-04-16 00:00:00-04:00,14.388715153411015
2001-04-17 00:00:00-04:00,14.388706636203173
2001-04-18 00:00:00-04:00,15.030930178769495
2001-04-19 00:00:00-04:00,14.781172521913197
2001-04-20 00:00:00-04:00,15.137966195414329
2001-04-23 00:00:00-04:00,15.036024746986719
2001-04-24 00:00:00-04:00,15.036018361574495
2001-04-25 00:00:00-04:00,14.781181443174171
2001-04-26 00:00:00-04:00,14.556910513668923
2001-04-27 00:00:00-04:00,14.475352106567104
2001-04-30 00:00:00-04:00,15.239905364911172
2001-05-01 00:00:00-04:00,15.204224286037997
2001-05-02 00:00:00-04:00,14.786266674829928
2001-05-03 00:00:00-04:00,14.643559124129013
2001-05-04 00:00:00-04:00,14.730208051984915
2001-05-07 00:00:00-04:00,14.985055945521566
2001-05-08 00:00:00-04:00,14.730213408957255
2001-05-09 00:00:00-04:00,14.908599215038752
2001-05-10 00:00:00-04:00,14.908596380442246
2001-05-11 00:00:00-04:00,14.862733376570223
2001-05-14 00:00:00-04:00,15.341841074076036
2001-05-15 00:00:00-04:00,15.326552633558869
2001-05-16 00:00:00-04:00,15.423392842195062
2001-05-17 00:00:00-04:00,15.953468840163495
2001-05-18 00:00:00-04:00,16.13186929181909
2001-05-21 00:00:00-04:00,16.768993596734052
2001-05-22 00:00:00-04:00,16.82506256695486
2001-05-23 00:00:00-04:00,17.12578010559082
2001-05-24 00:00:00-04:00,17.07480239868164
2001-05-25 00:00:00-04:00,17.074808399193554
2001-05-29 00:00:00-04:00,17.18693801576355
2001-05-30 00:00:00-04:00,17.584504083912464
2001-05-31 00:00:00-04:00,17.87502951555384
2001-06-01 00:00:00-04:00,18.277684858892542
2001-06-04 00:00:00-04:00,18.389825236022084
2001-06-05 00:00:00-04:00,18.185941052944656
2001-06-06 00:00:00-04:00,18.323554024509406
2001-06-07 00:00:00-04:00,18.226718869613283
2001-06-08 00:00:00-04:00,18.287889199642997
2001-06-11 00:00:00-04:00,18.221620880536932
2001-06-12 00:00:00-04:00,18.252206506079172
2001-06-13 00:00:00-04:00,18.24710944907972
2001-06-14 00:00:00-04:00,18.119678775051185
2001-06-15 00:00:00-04:00,17.477464070037367
2001-06-18 00:00:00-04:00,17.594694159450178
2001-06-19 00:00:00-04:00,17.839355552655366
2001-06-20 00:00:00-04:00,17.533530901876706
2001-06-21 00:00:00-04:00,17.711924863581313
2001-06-22 00:00:00-04:00,17.640567161274518
2001-06-25 00:00:00-04:00,17.68644598410345
2001-06-26 00:00:00-04:00,17.32965442441035
2001-06-27 00:00:00-04:00,16.74351184908834
2001-06-28 00:00:00-04:00,16.860736915211703
2001-06-29 00:00:00-04:00,16.330658212771244
2001-07-02 00:00:00-04:00,15.71392517709451
2001-07-03 00:00:00-04:00,16.744681425131688
2001-07-05 00:00:00-04:00,17.267001013013104
2001-07-06 00:00:00-04:00,17.154337574125094
2001-07-09 00:00:00-04:00,17.256751548570822
2001-07-10 00:00:00-04:00,16.93414565603699
2001-07-11 00:00:00-04:00,16.74980710853755
2001-07-12 00:00:00-04:00,16.87270773448446
2001-07-13 00:00:00-04:00,16.847098266261593
2001-07-16 00:00:00-04:00,16.89830148686344
2001-07-17 00:00:00-04:00,16.877819077690795
2001-07-18 00:00:00-04:00,16.749803685083855
2001-07-19 00:00:00-04:00,16.744681781274306
2001-07-20 00:00:00-04:00,17.051925519525625
2001-07-23 00:00:00-04:00,16.975106662201984
2001-07-24 00:00:00-04:00,17.205550266829718
2001-07-25 00:00:00-04:00,17.374528443301653
2001-07-26 00:00:00-04:00,17.538395695492127
2001-07-27 00:00:00-04:00,17.67664858981158
2001-07-30 00:00:00-04:00,18.22968572857505
2001-07-31 00:00:00-04:00,18.48571164090875
2001-08-01 00:00:00-04:00,18.43452048788265
2001-08-02 00:00:00-04:00,18.675191056492658
2001-08-03 00:00:00-04:00,18.84417152404785
2001-08-06 00:00:00-04:00,18.583015265856343
2001-08-07 00:00:00-04:00,18.588142168496365
2001-08-08 00:00:00-04:00,18.828810764373614
2001-08-09 00:00:00-04:00,18.849287190179908
2001-08-10 00:00:00-04:00,18.946580403897
2001-08-13 00:00:00-04:00,18.946576918316755
2001-08-14 00:00:00-04:00,19.002914819614247
2001-08-15 00:00:00-04:00,19.18212974040322
2001-08-16 00:00:00-04:00,19.41768348942935
2001-08-17 00:00:00-04:00,19.217984344202787
2001-08-20 00:00:00-04:00,19.07972110772064
2001-08-21 00:00:00-04:00,19.43304873479034
2001-08-22 00:00:00-04:00,19.32040200635277
2001-08-23 00:00:00-04:00,19.458648278036605
2001-08-24 00:00:00-04:00,19.289666873180163
2001-08-27 00:00:00-04:00,19.49961443612588
2001-08-28 00:00:00-04:00,19.58667399432208
2001-08-29 00:00:00-04:00,18.93122302244876
2001-08-30 00:00:00-04:00,18.84416464838432
2001-08-31 00:00:00-04:00,18.690548142662504
2001-09-04 00:00:00-04:00,18.43963872097409
2001-09-05 00:00:00-04:00,18.301371219273484
2001-09-06 00:00:00-04:00,19.07460336477038
2001-09-07 00:00:00-04:00,18.839048774732575
2001-09-10 00:00:00-04:00,18.82880748515714
2001-09-17 00:00:00-04:00,18.567656213201712
2001-09-18 00:00:00-04:00,18.19384667684504
2001-09-19 00:00:00-04:00,18.56253777763661
2001-09-20 00:00:00-04:00,18.634225079335287
2001-09-21 00:00:00-04:00,18.63422303020838
2001-09-24 00:00:00-04:00,18.38331641794699
2001-09-25 00:00:00-04:00,18.818567482058228
2001-09-26 00:00:00-04:00,18.818569401723554
2001-09-27 00:00:00-04:00,19.407447745642457
2001-09-28 00:00:00-04:00,19.97072892548512
2001-10-01 00:00:00-04:00,20.252362631593183
2001-10-02 00:00:00-04:00,19.84270968166704
2001-10-03 00:00:00-04:00,20.16173946476629
2001-10-04 00:00:00-04:00,20.583274898057063
2001-10-05 00:00:00-04:00,20.54729019625019
2001-10-08 00:00:00-04:00,20.465029736320485
2001-10-09 00:00:00-04:00,20.24912340263093
2001-10-10 00:00:00-04:00,20.542137559232163
2001-10-11 00:00:00-04:00,20.819735463888815
2001-10-12 00:00:00-04:00,20.59355348291339
2001-10-15 00:00:00-04:00,20.46503838208455
2001-10-16 00:00:00-04:00,20.999662816042534
2001-10-17 00:00:00-04:00,20.52157778591494
2001-10-18 00:00:00-04:00,20.624390458447
2001-10-19 00:00:00-04:00,20.614109221662652
2001-10-22 00:00:00-04:00,20.382783504056913
2001-10-23 00:00:00-04:00,20.537007698200046
2001-10-24 00:00:00-04:00,20.192572124827365
2001-10-25 00:00:00-04:00,20.238837715109987
2001-10-26 00:00:00-04:00,20.562706789776037
2001-10-29 00:00:00-05:00,20.357082323765244
2001-10-30 00:00:00-05:00,20.13088896435312
2001-10-31 00:00:00-05:00,20.485592330243392
2001-11-01 00:00:00-05:00,19.971528940254853
2001-11-02 00:00:00-05:00,20.511302786293605
2001-11-05 00:00:00-05:00,20.691221036318478
2001-11-06 00:00:00-05:00,20.66551927367058
2001-11-07 00:00:00-05:00,20.68607452203486
2001-11-08 00:00:00-05:00,20.567846214412338
2001-11-09 00:00:00-05:00,20.413624001698278
2001-11-12 00:00:00-05:00,20.1411728340077
2001-11-13 00:00:00-05:00,20.100043218418115
2001-11-14 00:00:00-05:00,19.796748722047145
2001-11-15 00:00:00-05:00,20.043493763008975
2001-11-16 00:00:00-05:00,19.914982077492414
2001-11-19 00:00:00-05:00,19.817313314044824
2001-11-20 00:00:00-05:00,19.442035766233754
2001-11-21 00:00:00-05:00,19.272403166329696
2001-11-23 00:00:00-05:00,19.097614907087266
2001-11-26 00:00:00-05:00,18.840578789316275
2001-11-27 00:00:00-05:00,19.693939945844967
2001-11-28 00:00:00-05:00,19.817308477934827
2001-11-29 00:00:00-05:00,19.796745789703042
2001-11-30 00:00:00-05:00,19.719630236861924
2001-12-03 00:00:00-05:00,19.06162983954901
2001-12-04 00:00:00-05:00,19.940686956281514
2001-12-05 00:00:00-05:00,19.61682302103788
2001-12-06 00:00:00-05:00,19.12845496987422
2001-12-07 00:00:00-05:00,19.80188467595409
2001-12-10 00:00:00-05:00,19.688792077715902
2001-12-11 00:00:00-05:00,19.287818622632884
2001-12-12 00:00:00-05:00,19.082191181053794
2001-12-13 00:00:00-05:00,18.974238872098407
2001-12-14 00:00:00-05:00,19.22098775755777
2001-12-17 00:00:00-05:00,19.364923117246946
2001-12-18 00:00:00-05:00,19.303229484477328
2001-12-19 00:00:00-05:00,19.32895070381202
2001-12-20 00:00:00-05:00,19.272392765005936
2001-12-21 00:00:00-05:00,19.31351920015354
2001-12-24 00:00:00-05:00,19.40605814685336
2001-12-26 00:00:00-05:00,19.01536663632431
2001-12-27 00:00:00-05:00,18.98451656429064
2001-12-28 00:00:00-05:00,19.5602696441269
2001-12-31 00:00:00-05:00,19.632240935027294
2002-01-02 00:00:00-05:00,19.657375086629514
2002-01-03 00:00:00-05:00,19.46633669844521
2002-01-04 00:00:00-05:00,19.569600857429673
2002-01-07 00:00:00-05:00,19.83809179386797
2002-01-08 00:00:00-05:00,19.62122958314185
2002-01-09 00:00:00-05:00,19.6470552415186
2002-01-10 00:00:00-05:00,19.62122655113279
2002-01-11 00:00:00-05:00,19.621224704430805
2002-01-14 00:00:00-05:00,19.698690660827925
2002-01-15 00:00:00-05:00,19.77613620237265
2002-01-16 00:00:00-05:00,19.770975689648292
2002-01-17 00:00:00-05:00,19.5437807279549
2002-01-18 00:00:00-05:00,19.54895024946094
2002-01-22 00:00:00-05:00,19.543778285057567
2002-01-23 00:00:00-05:00,19.55926282054857
2002-01-24 00:00:00-05:00,19.569595556334118
2002-01-25 00:00:00-05:00,19.667700995153556
2002-01-28 00:00:00-05:00,19.65736465237841
2002-01-29 00:00:00-05:00,19.678028641462216
2002-01-30 00:00:00-05:00,19.647047815652112
2002-01-31 00:00:00-05:00,19.466322183225305
2002-02-01 00:00:00-05:00,20.282155457829173
2002-02-04 00:00:00-05:00,20.246009781729168
2002-02-05 00:00:00-05:00,20.189218521118164
2002-02-06 00:00:00-05:00,20.199543432579993
2002-02-07 00:00:00-05:00,19.88456305086191
2002-02-08 00:00:00-05:00,19.993005891851425
2002-02-11 00:00:00-05:00,20.24084821894527
2002-02-12 00:00:00-05:00,19.848419944265107
2002-02-13 00:00:00-05:00,20.039484844322864
2002-02-14 00:00:00-05:00,20.03947408748649
2002-02-15 00:00:00-05:00,20.080775394527656
2002-02-19 00:00:00-05:00,19.63672115738031
2002-02-20 00:00:00-05:00,19.724504551766866
2002-02-21 00:00:00-05:00,20.13757385061547
2002-02-22 00:00:00-05:00,20.03431598522349
2002-02-25 00:00:00-05:00,19.987834307550546
2002-02-26 00:00:00-05:00,20.039476732176674
2002-02-27 00:00:00-05:00,19.93620264497028
2002-02-28 00:00:00-05:00,20.42157023632563
2002-03-01 00:00:00-05:00,20.364767687519787
2002-03-04 00:00:00-05:00,20.411242368303878
2002-03-05 00:00:00-05:00,20.566144230883967
2002-03-06 00:00:00-05:00,20.653929811290418
2002-03-07 00:00:00-05:00,20.674590795225598
2002-03-08 00:00:00-05:00,20.504188147336357
2002-03-11 00:00:00-05:00,20.679743261263347
2002-03-12 00:00:00-05:00,20.59196724566028
2002-03-13 00:00:00-05:00,20.65392222268929
2002-03-14 00:00:00-05:00,20.731388532253067
2002-03-15 00:00:00-05:00,20.731389435441454
2002-03-18 00:00:00-05:00,20.540326854830518
2002-03-19 00:00:00-05:00,20.78301825059277
2002-03-20 00:00:00-05:00,20.695228098348192
2002-03-21 00:00:00-05:00,20.757200277351217
2002-03-22 00:00:00-05:00,20.757198116562524
2002-03-25 00:00:00-05:00,20.762365373131733
2002-03-26 00:00:00-05:00,20.757200763892243
2002-03-27 00:00:00-05:00,21.170277620402956
2002-03-28 00:00:00-05:00,21.15994516038843
2002-04-01 00:00:00-05:00,20.989550746139095
2002-04-02 00:00:00-05:00,20.96373176574707
2002-04-03 00:00:00-05:00,21.05706713533319
2002-04-04 00:00:00-05:00,20.927437322363144
2002-04-05 00:00:00-05:00,21.10373299245122
2002-04-08 00:00:00-04:00,21.046693287765756
2002-04-09 00:00:00-04:00,20.97410414687826
2002-04-10 00:00:00-04:00,20.849667674204483
2002-04-11 00:00:00-04:00,20.932620767357243
2002-04-12 00:00:00-04:00,21.03632464289411
2002-04-15 00:00:00-04:00,20.756327564454654
2002-04-16 00:00:00-04:00,20.968915424410394
2002-04-17 00:00:00-04:00,20.97411599891335
2002-04-18 00:00:00-04:00,21.25929502088252
2002-04-19 00:00:00-04:00,21.622251438450835
2002-04-22 00:00:00-04:00,21.40966443244022
2002-04-23 00:00:00-04:00,21.513358193204112
2002-04-24 00:00:00-04:00,21.648178021876276
2002-04-25 00:00:00-04:00,21.70521513538614
2002-04-26 00:00:00-04:00,21.91263424178818
2002-04-29 00:00:00-04:00,22.30152451774934
2002-04-30 00:00:00-04:00,22.275589203225717
2002-05-01 00:00:00-04:00,22.29632352549498
2002-05-02 00:00:00-04:00,23.022266285770247
2002-05-03 00:00:00-04:00,22.467433664649047
2002-05-06 00:00:00-04:00,23.255595926720247
2002-05-07 00:00:00-04:00,23.26596842830796
2002-05-08 00:00:00-04:00,23.203735815762688
2002-05-09 00:00:00-04:00,22.9444767692658
2002-05-10 00:00:00-04:00,22.405220546226776
2002-05-13 00:00:00-04:00,22.037063894969805
2002-05-14 00:00:00-04:00,22.02151628129513
2002-05-15 00:00:00-04:00,22.03706388521362
2002-05-16 00:00:00-04:00,22.14595996124317
2002-05-17 00:00:00-04:00,21.78298856239559
2002-05-20 00:00:00-04:00,21.980038160422126
2002-05-21 00:00:00-04:00,21.98521408527029
2002-05-22 00:00:00-04:00,22.016321940468934
2002-05-23 00:00:00-04:00,22.223735084832
2002-05-24 00:00:00-04:00,22.037069289762517
2002-05-28 00:00:00-04:00,22.53484583962163
2002-05-29 00:00:00-04:00,22.088922369130888
2002-05-30 00:00:00-04:00,21.82966785842974
2002-05-31 00:00:00-04:00,22.19780895413884
2002-06-03 00:00:00-04:00,21.897075584575074
2002-06-04 00:00:00-04:00,21.90225847355413
2002-06-05 00:00:00-04:00,21.518551673015278
2002-06-06 00:00:00-04:00,21.757065111313803
2002-06-07 00:00:00-04:00,21.829667052103478
2002-06-10 00:00:00-04:00,21.77780613556759
2002-06-11 00:00:00-04:00,21.824482685276458
2002-06-12 00:00:00-04:00,21.59632832896543
2002-06-13 00:00:00-04:00,21.414846320854863
2002-06-14 00:00:00-04:00,21.000038797100007
2002-06-17 00:00:00-04:00,20.74077519219923
2002-06-18 00:00:00-04:00,21.502988748589296
2002-06-19 00:00:00-04:00,21.368178641894875
2002-06-20 00:00:00-04:00,20.979290037332653
2002-06-21 00:00:00-04:00,21.25929181918915
2002-06-24 00:00:00-04:00,21.285226934834935
2002-06-25 00:00:00-04:00,21.383738582493287
2002-06-26 00:00:00-04:00,21.212621244331057
2002-06-27 00:00:00-04:00,21.14003745642
2002-06-28 00:00:00-04:00,21.259291933398075
2002-07-01 00:00:00-04:00,20.766700197050568
2002-07-02 00:00:00-04:00,21.358158147442182
2002-07-03 00:00:00-04:00,21.26962975895965
2002-07-05 00:00:00-04:00,21.06658273876694
2002-07-08 00:00:00-04:00,21.16030144326051
2002-07-09 00:00:00-04:00,21.7538593146188
2002-07-10 00:00:00-04:00,21.587248504537122
2002-07-11 00:00:00-04:00,21.35294394423601
2002-07-12 00:00:00-04:00,21.18113163178718
2002-07-15 00:00:00-04:00,21.29567495962775
2002-07-16 00:00:00-04:00,21.186330694488667
2002-07-17 00:00:00-04:00,20.76979395431856
2002-07-18 00:00:00-04:00,20.046052932739258
2002-07-19 00:00:00-04:00,20.155384557657808
2002-07-22 00:00:00-04:00,20.379283174905186
2002-07-23 00:00:00-04:00,19.53058129418054
2002-07-24 00:00:00-04:00,19.39520104235875
2002-07-25 00:00:00-04:00,20.57193659774808
2002-07-26 00:00:00-04:00,20.827065690627947
2002-07-29 00:00:00-04:00,21.60287541467314
2002-07-30 00:00:00-04:00,22.30058471434591
2002-07-31 00:00:00-04:00,22.904568372992145
2002-08-01 00:00:00-04:00,23.013907151885725
2002-08-02 00:00:00-04:00,23.01911528704025
2002-08-05 00:00:00-04:00,22.519265389841316
2002-08-06 00:00:00-04:00,22.18603450856592
2002-08-07 00:00:00-04:00,22.5661215363526
2002-08-08 00:00:00-04:00,22.514054676349794
2002-08-09 00:00:00-04:00,22.748362964911593
2002-08-12 00:00:00-04:00,22.38909755271883
2002-08-13 00:00:00-04:00,22.560911389381605
2002-08-14 00:00:00-04:00,22.352649717278418
2002-08-15 00:00:00-04:00,22.540084211791577
2002-08-16 00:00:00-04:00,23.01390571052523
2002-08-19 00:00:00-04:00,22.961849953165693
2002-08-20 00:00:00-04:00,23.09201330559605
2002-08-21 00:00:00-04:00,22.878533517650048
2002-08-22 00:00:00-04:00,22.826469762955014
2002-08-23 00:00:00-04:00,22.909772448851296
2002-08-26 00:00:00-04:00,22.727536837162315
2002-08-27 00:00:00-04:00,22.696297412906215
2002-08-28 00:00:00-04:00,22.727544588910362
2002-08-29 00:00:00-04:00,22.310991809328666
2002-08-30 00:00:00-04:00,22.633817059879586
2002-09-03 00:00:00-04:00,22.550507760694924
2002-09-04 00:00:00-04:00,22.59736981304429
2002-09-05 00:00:00-04:00,22.65464942836621
2002-09-06 00:00:00-04:00,22.649433564445626
2002-09-09 00:00:00-04:00,23.03993431324634
2002-09-10 00:00:00-04:00,22.96184765377484
2002-09-11 00:00:00-04:00,23.01391622259255
2002-09-12 00:00:00-04:00,22.769191099108923
2002-09-13 00:00:00-04:00,22.91497108371089
2002-09-16 00:00:00-04:00,22.91497659383372
2002-09-17 00:00:00-04:00,22.59736329842837
2002-09-18 00:00:00-04:00,22.75357780827866
2002-09-19 00:00:00-04:00,22.862911647076995
2002-09-20 00:00:00-04:00,22.97226559907366
2002-09-23 00:00:00-04:00,22.258928044554644
2002-09-24 00:00:00-04:00,21.800727226258278
2002-09-25 00:00:00-04:00,21.347747339749247
2002-09-26 00:00:00-04:00,21.21758086369212
2002-09-27 00:00:00-04:00,21.43625851782027
2002-09-30 00:00:00-04:00,21.087400542939655
2002-10-01 00:00:00-04:00,21.52997826068076
2002-10-02 00:00:00-04:00,21.95648765563965
2002-10-03 00:00:00-04:00,21.616683902162922
2002-10-04 00:00:00-04:00,21.491226232984065
2002-10-07 00:00:00-04:00,21.229840124474176
2002-10-08 00:00:00-04:00,20.780250655280216
2002-10-09 00:00:00-04:00,20.874358021267515
2002-10-10 00:00:00-04:00,20.429999906900118
2002-10-11 00:00:00-04:00,20.91616066409495
2002-10-14 00:00:00-04:00,21.564414950849564
2002-10-15 00:00:00-04:00,21.167112299167147
2002-10-16 00:00:00-04:00,21.867636408668652
2002-10-17 00:00:00-04:00,21.188015314414574
2002-10-18 00:00:00-04:00,21.386666185948073
2002-10-21 00:00:00-04:00,21.580091953553005
2002-10-22 00:00:00-04:00,22.081956816787915
2002-10-23 00:00:00-04:00,21.66896046305795
2002-10-24 00:00:00-04:00,21.303024256670913
2002-10-25 00:00:00-04:00,21.219384803712067
2002-10-28 00:00:00-05:00,21.182793086614627
2002-10-29 00:00:00-05:00,20.90049161994389
2002-10-30 00:00:00-05:00,20.02222579032412
2002-10-31 00:00:00-05:00,20.87957682656629
2002-11-01 00:00:00-05:00,20.942325193968212
2002-11-04 00:00:00-05:00,21.26120865751414
2002-11-05 00:00:00-05:00,21.496450743840654
2002-11-06 00:00:00-05:00,21.229833786638377
2002-11-07 00:00:00-05:00,21.564407348632812
2002-11-08 00:00:00-05:00,21.553958044068274
2002-11-11 00:00:00-05:00,21.44940327401871
2002-11-12 00:00:00-05:00,21.18278809932595
2002-11-13 00:00:00-05:00,21.041637455975565
2002-11-14 00:00:00-05:00,21.172325789731886
2002-11-15 00:00:00-05:00,21.271663668973712
2002-11-18 00:00:00-05:00,20.56068609750464
2002-11-19 00:00:00-05:00,20.3881641213878
2002-11-20 00:00:00-05:00,20.513634687698502
2002-11-21 00:00:00-05:00,20.957999064961005
2002-11-22 00:00:00-05:00,21.072999412053495
2002-11-25 00:00:00-05:00,20.82731024667458
2002-11-26 00:00:00-05:00,20.759346053410173
2002-11-27 00:00:00-05:00,19.86539620459427
2002-11-29 00:00:00-05:00,20.450898629469627
2002-12-02 00:00:00-05:00,20.382940941488872
2002-12-03 00:00:00-05:00,19.896764080554608
2002-12-04 00:00:00-05:00,19.996089186446156
2002-12-05 00:00:00-05:00,20.189517581856606
2002-12-06 00:00:00-05:00,20.252250297569
2002-12-09 00:00:00-05:00,20.388177145975554
2002-12-10 00:00:00-05:00,20.105868075595364
2002-12-11 00:00:00-05:00,20.043137266413783
2002-12-12 00:00:00-05:00,19.964729303058295
2002-12-13 00:00:00-05:00,19.677188890627203
2002-12-16 00:00:00-05:00,19.405364649237153
2002-12-17 00:00:00-05:00,19.154430405696967
2002-12-18 00:00:00-05:00,19.091695446232887
2002-12-19 00:00:00-05:00,19.447182443194748
2002-12-20 00:00:00-05:00,19.107380303758134
2002-12-23 00:00:00-05:00,18.87735902647913
2002-12-24 00:00:00-05:00,18.9871356827108
2002-12-26 00:00:00-05:00,19.159662297131074
2002-12-27 00:00:00-05:00,19.19101187717993
2002-12-30 00:00:00-05:00,18.741435289867287
2002-12-31 00:00:00-05:00,19.238064853101708
2003-01-02 00:00:00-05:00,18.945267786962646
2003-01-03 00:00:00-05:00,19.334143511600733
2003-01-06 00:00:00-05:00,19.07664542644364
2003-01-07 00:00:00-05:00,19.323639772202494
2003-01-08 00:00:00-05:00,19.081904547274448
2003-01-09 00:00:00-05:00,19.12919657615787
2003-01-10 00:00:00-05:00,18.87695052169629
2003-01-13 00:00:00-05:00,18.992555448864373
2003-01-14 00:00:00-05:00,18.84541132254782
2003-01-15 00:00:00-05:00,19.02408614343534
2003-01-16 00:00:00-05:00,18.934750623021078
2003-01-17 00:00:00-05:00,18.86642837524414
2003-01-21 00:00:00-05:00,18.924242693511548
2003-01-22 00:00:00-05:00,18.940012330505382
2003-01-23 00:00:00-05:00,19.045120247953886
2003-01-24 00:00:00-05:00,19.355175854750446
2003-01-27 00:00:00-05:00,18.92424264895358
2003-01-28 00:00:00-05:00,18.52484292092468
2003-01-29 00:00:00-05:00,18.566881253241867
2003-01-30 00:00:00-05:00,18.141200225152556
2003-01-31 00:00:00-05:00,18.125440140880656
2003-02-03 00:00:00-05:00,18.05186697842954
2003-02-04 00:00:00-05:00,18.130695480895277
2003-02-05 00:00:00-05:00,18.06763166330151
2003-02-06 00:00:00-05:00,17.973037032398715
2003-02-07 00:00:00-05:00,17.94150840086694
2003-02-10 00:00:00-05:00,18.078138503823126
2003-02-11 00:00:00-05:00,18.619431597208457
2003-02-12 00:00:00-05:00,18.472287706757857
2003-02-13 00:00:00-05:00,18.199013532385997
2003-02-14 00:00:00-05:00,18.220028644686266
2003-02-18 00:00:00-05:00,18.28309890823897
2003-02-19 00:00:00-05:00,18.498567310549046
2003-02-20 00:00:00-05:00,18.388205396232582
2003-02-21 00:00:00-05:00,18.44600599385152
2003-02-24 00:00:00-05:00,18.91899377259931
2003-02-25 00:00:00-05:00,19.123944814595205
2003-02-26 00:00:00-05:00,19.3341459036211
2003-02-27 00:00:00-05:00,18.682496268558484
2003-02-28 00:00:00-05:00,18.924236931482227
2003-03-03 00:00:00-05:00,19.01883891689027
2003-03-04 00:00:00-05:00,19.40772751069209
2003-03-05 00:00:00-05:00,18.987309123249396
2003-03-06 00:00:00-05:00,19.234310961511017
2003-03-07 00:00:00-05:00,18.656218637712435
2003-03-10 00:00:00-05:00,18.82964638186025
2003-03-11 00:00:00-05:00,18.472280032170104
2003-03-12 00:00:00-05:00,18.593157218403007
2003-03-13 00:00:00-05:00,18.540611267089844
2003-03-14 00:00:00-05:00,18.393459455341315
2003-03-17 00:00:00-05:00,18.551122596618455
2003-03-18 00:00:00-05:00,18.761327351327868
2003-03-19 00:00:00-05:00,18.91373166812387
2003-03-20 00:00:00-05:00,19.15022136511109
2003-03-21 00:00:00-05:00,19.150210552799397
2003-03-24 00:00:00-05:00,19.39721415179205
2003-03-25 00:00:00-05:00,18.97153481963904
2003-03-26 00:00:00-05:00,19.129194686537517
2003-03-27 00:00:00-05:00,18.971539346613632
2003-03-28 00:00:00-05:00,18.924241989663095
2003-03-31 00:00:00-05:00,19.113437389471017
2003-04-01 00:00:00-05:00,19.00307707957847
2003-04-02 00:00:00-05:00,19.01854036380985
2003-04-03 00:00:00-05:00,19.44117419106133
2003-04-04 00:00:00-05:00,19.552116353840695
2003-04-07 00:00:00-04:00,19.663055714347426
2003-04-08 00:00:00-04:00,19.610218655717404
2003-04-09 00:00:00-04:00,19.610219458028148
2003-04-10 00:00:00-04:00,19.50984323609538
2003-04-11 00:00:00-04:00,19.2457029837926
2003-04-14 00:00:00-04:00,19.789842408026743
2003-04-15 00:00:00-04:00,20.154360494748094
2003-04-16 00:00:00-04:00,20.191346574816283
2003-04-17 00:00:00-04:00,20.20190890842244
2003-04-21 00:00:00-04:00,20.038140601209307
2003-04-22 00:00:00-04:00,20.07511826798689
2003-04-23 00:00:00-04:00,20.33398116014623
2003-04-24 00:00:00-04:00,20.080400577164628
2003-04-25 00:00:00-04:00,19.779272863982637
2003-04-28 00:00:00-04:00,19.441171395014557
2003-04-29 00:00:00-04:00,19.70531582722725
2003-04-30 00:00:00-04:00,19.75814827800347
2003-05-01 00:00:00-04:00,19.652489182153037
2003-05-02 00:00:00-04:00,19.82154312251454
2003-05-05 00:00:00-04:00,20.12794168998654
2003-05-06 00:00:00-04:00,20.053993683899122
2003-05-07 00:00:00-04:00,20.297005361978876
2003-05-08 00:00:00-04:00,20.07512028950959
2003-05-09 00:00:00-04:00,19.985308934314187
2003-05-12 00:00:00-04:00,20.26530013088346
2003-05-13 00:00:00-04:00,20.090968130738474
2003-05-14 00:00:00-04:00,20.36568057138957
2003-05-15 00:00:00-04:00,20.582286068055573
2003-05-16 00:00:00-04:00,20.70908216876401
2003-05-19 00:00:00-04:00,20.830584251522893
2003-05-20 00:00:00-04:00,20.79359577695987
2003-05-21 00:00:00-04:00,20.65623917384868
2003-05-22 00:00:00-04:00,20.82001872343207
2003-05-23 00:00:00-04:00,20.94679770462584
2003-05-27 00:00:00-04:00,20.81473589769656
2003-05-28 00:00:00-04:00,21.08414455431797
2003-05-29 00:00:00-04:00,21.126420974731445
2003-05-30 00:00:00-04:00,21.126426091222154
2003-06-02 00:00:00-04:00,21.21622716678801
2003-06-03 00:00:00-04:00,21.348304047956475
2003-06-04 00:00:00-04:00,21.263783519403596
2003-06-05 00:00:00-04:00,21.522640203047096
2003-06-06 00:00:00-04:00,21.501512343094607
2003-06-09 00:00:00-04:00,21.74451893630612
2003-06-10 00:00:00-04:00,21.60716632654564
2003-06-11 00:00:00-04:00,21.702261696238743
2003-06-12 00:00:00-04:00,21.807916018532925
2003-06-13 00:00:00-04:00,21.70754484776012
2003-06-16 00:00:00-04:00,21.850193601664778
2003-06-17 00:00:00-04:00,21.918860771524535
2003-06-18 00:00:00-04:00,21.8765958600425
2003-06-19 00:00:00-04:00,21.97169171494352
2003-06-20 00:00:00-04:00,22.172438359516356
2003-06-23 00:00:00-04:00,22.24112321085012
2003-06-24 00:00:00-04:00,22.135465043529994
2003-06-25 00:00:00-04:00,22.262247101020336
2003-06-26 00:00:00-04:00,22.013956685134023
2003-06-27 00:00:00-04:00,22.082641740837477
2003-06-30 00:00:00-04:00,21.92414738048207
2003-07-01 00:00:00-04:00,21.86637223363515
2003-07-02 00:00:00-04:00,21.908836780474164
2003-07-03 00:00:00-04:00,22.423649869995664
2003-07-07 00:00:00-04:00,22.264422425815194
2003-07-08 00:00:00-04:00,22.80045893686004
2003-07-09 00:00:00-04:00,22.67839318612649
2003-07-10 00:00:00-04:00,22.497946476096338
2003-07-11 00:00:00-04:00,22.529791598569325
2003-07-14 00:00:00-04:00,22.1954309832422
2003-07-15 00:00:00-04:00,22.50324847749343
2003-07-16 00:00:00-04:00,22.667791714071747
2003-07-17 00:00:00-04:00,22.402412649137567
2003-07-18 00:00:00-04:00,22.604092628455767
2003-07-21 00:00:00-04:00,22.662476530653883
2003-07-22 00:00:00-04:00,22.68902078378562
2003-07-23 00:00:00-04:00,22.68902779770504
2003-07-24 00:00:00-04:00,22.763307512245387
2003-07-25 00:00:00-04:00,21.325022503079666
2003-07-28 00:00:00-04:00,21.76022525783123
2003-07-29 00:00:00-04:00,21.293185591100922
2003-07-30 00:00:00-04:00,21.27194654447947
2003-07-31 00:00:00-04:00,21.240100841676593
2003-08-01 00:00:00-04:00,21.25072374381239
2003-08-04 00:00:00-04:00,21.49485480647585
2003-08-05 00:00:00-04:00,21.202946202363638
2003-08-06 00:00:00-04:00,21.197637697924257
2003-08-07 00:00:00-04:00,21.24540411487251
2003-08-08 00:00:00-04:00,21.303797597482955
2003-08-11 00:00:00-04:00,21.229482650756836
2003-08-12 00:00:00-04:00,21.224179747885664
2003-08-13 00:00:00-04:00,21.282550842367993
2003-08-14 00:00:00-04:00,21.229491538457314
2003-08-15 00:00:00-04:00,21.935355069902812
2003-08-18 00:00:00-04:00,21.627545840830994
2003-08-19 00:00:00-04:00,21.643465169908684
2003-08-20 00:00:00-04:00,21.6806124610368
2003-08-21 00:00:00-04:00,21.51608159669866
2003-08-22 00:00:00-04:00,21.33563934482471
2003-08-25 00:00:00-04:00,21.17641066342019
2003-08-26 00:00:00-04:00,21.409943474490326
2003-08-27 00:00:00-04:00,21.59038636385715
2003-08-28 00:00:00-04:00,21.569166782083553
2003-08-29 00:00:00-04:00,21.60631120614751
2003-09-02 00:00:00-04:00,21.68061637878418
2003-09-03 00:00:00-04:00,21.73368312575586
2003-09-04 00:00:00-04:00,21.66999524511062
2003-09-05 00:00:00-04:00,21.648764057755177
2003-09-08 00:00:00-04:00,21.76021957397461
2003-09-09 00:00:00-04:00,21.760224594202633
2003-09-10 00:00:00-04:00,21.988449931252735
2003-09-11 00:00:00-04:00,21.861065711935506
2003-09-12 00:00:00-04:00,22.158279124518238
2003-09-15 00:00:00-04:00,21.887594522154615
2003-09-16 00:00:00-04:00,21.73368312575586
2003-09-17 00:00:00-04:00,21.664699672375654
2003-09-18 00:00:00-04:00,21.76022959181066
2003-09-19 00:00:00-04:00,21.707151844013676
2003-09-22 00:00:00-04:00,21.57446834990021
2003-09-23 00:00:00-04:00,21.590394243471245
2003-09-24 00:00:00-04:00,21.54792300606395
2003-09-25 00:00:00-04:00,21.468314931830594
2003-09-26 00:00:00-04:00,21.516084502842197
2003-09-29 00:00:00-04:00,21.48423954505085
2003-09-30 00:00:00-04:00,20.868593926996812
2003-10-01 00:00:00-04:00,20.512996492562916
2003-10-02 00:00:00-04:00,20.533100660901454
2003-10-03 00:00:00-04:00,20.92777340471293
2003-10-06 00:00:00-04:00,21.09843401062683
2003-10-07 00:00:00-04:00,21.33310475008443
2003-10-08 00:00:00-04:00,21.08243158803088
2003-10-09 00:00:00-04:00,21.38109590071675
2003-10-10 00:00:00-04:00,21.466425303976624
2003-10-13 00:00:00-04:00,21.599754854759073
2003-10-14 00:00:00-04:00,21.535760769824492
2003-10-15 00:00:00-04:00,21.59975937701138
2003-10-16 00:00:00-04:00,21.55175670115245
2003-10-17 00:00:00-04:00,21.573090383035467
2003-10-20 00:00:00-04:00,21.589089140812497
2003-10-21 00:00:00-04:00,21.15709919574478
2003-10-22 00:00:00-04:00,21.359757892036214
2003-10-23 00:00:00-04:00,21.37576148861443
2003-10-24 00:00:00-04:00,21.25844234703217
2003-10-27 00:00:00-05:00,21.311771157058327
2003-10-28 00:00:00-05:00,21.306426413522377
2003-10-29 00:00:00-05:00,21.50909184833216
2003-10-30 00:00:00-05:00,21.86642593593466
2003-10-31 00:00:00-05:00,21.173109996814873
2003-11-03 00:00:00-05:00,21.33310261363509
2003-11-04 00:00:00-05:00,21.311761966710765
2003-11-05 00:00:00-05:00,21.311754375011894
2003-11-06 00:00:00-05:00,21.359761844036306
2003-11-07 00:00:00-05:00,21.39710399191497
2003-11-10 00:00:00-05:00,21.76509522148495
2003-11-11 00:00:00-05:00,21.743753464595322
2003-11-12 00:00:00-05:00,21.343758004322005
2003-11-13 00:00:00-05:00,21.44509618272536
2003-11-14 00:00:00-05:00,21.685101436175433
2003-11-17 00:00:00-05:00,21.349094960971033
2003-11-18 00:00:00-05:00,21.530432439330635
2003-11-19 00:00:00-05:00,21.3917710482232
2003-11-20 00:00:00-05:00,21.466435483731928
2003-11-21 00:00:00-05:00,21.397097533897952
2003-11-24 00:00:00-05:00,21.450438010504776
2003-11-25 00:00:00-05:00,21.445097087593314
2003-11-26 00:00:00-05:00,21.461090657036454
2003-11-28 00:00:00-05:00,21.450420586004757
2003-12-01 00:00:00-05:00,21.33309579016283
2003-12-02 00:00:00-05:00,21.562423491582095
2003-12-03 00:00:00-05:00,21.43975662993023
2003-12-04 00:00:00-05:00,21.791760935705643
2003-12-05 00:00:00-05:00,21.994421329239465
2003-12-08 00:00:00-05:00,21.893078782346198
2003-12-09 00:00:00-05:00,21.946428566717575
2003-12-10 00:00:00-05:00,21.679767184870286
2003-12-11 00:00:00-05:00,21.84509618239759
2003-12-12 00:00:00-05:00,22.165085078491064
2003-12-15 00:00:00-05:00,22.229095473390664
2003-12-16 00:00:00-05:00,21.86642074584961
2003-12-17 00:00:00-05:00,21.909085196507345
2003-12-18 00:00:00-05:00,21.733088912033452
2003-12-19 00:00:00-05:00,21.823753479805422
2003-12-22 00:00:00-05:00,21.877098347775288
2003-12-23 00:00:00-05:00,21.941093921134602
2003-12-24 00:00:00-05:00,21.71176569563319
2003-12-26 00:00:00-05:00,21.786428451538086
2003-12-29 00:00:00-05:00,21.95175633380974
2003-12-30 00:00:00-05:00,21.983758798506454
2003-12-31 00:00:00-05:00,22.499646056340463
2004-01-02 00:00:00-05:00,22.601510256896923
2004-01-05 00:00:00-05:00,22.435313494963353
2004-01-06 00:00:00-05:00,22.596141756875816
2004-01-07 00:00:00-05:00,22.542543802145932
2004-01-08 00:00:00-05:00,22.467485919396786
2004-01-09 00:00:00-05:00,22.515732381317576
2004-01-12 00:00:00-05:00,22.45139754816438
2004-01-13 00:00:00-05:00,22.649741648275228
2004-01-14 00:00:00-05:00,22.907084599086755
2004-01-15 00:00:00-05:00,22.676549613898477
2004-01-16 00:00:00-05:00,22.78377955071523
2004-01-20 00:00:00-05:00,22.783770333651017
2004-01-21 00:00:00-05:00,22.488926005728416
2004-01-22 00:00:00-05:00,22.649755098482906
2004-01-23 00:00:00-05:00,22.923158255652773
2004-01-26 00:00:00-05:00,22.907076393107893
2004-01-27 00:00:00-05:00,23.035745422430043
2004-01-28 00:00:00-05:00,23.121513006205383
2004-01-29 00:00:00-05:00,23.046457607490193
2004-01-30 00:00:00-05:00,22.75697659610209
2004-02-02 00:00:00-05:00,23.030368277296255
2004-02-03 00:00:00-05:00,23.073274770358996
2004-02-04 00:00:00-05:00,23.373468795398367
2004-02-05 00:00:00-05:00,23.45388258668188
2004-02-06 00:00:00-05:00,23.53431304889752
2004-02-09 00:00:00-05:00,23.539656868302103
2004-02-10 00:00:00-05:00,23.98997926948379
2004-02-11 00:00:00-05:00,24.027500843975382
2004-02-12 00:00:00-05:00,24.375960149279038
2004-02-13 00:00:00-05:00,24.40811594411013
2004-02-17 00:00:00-05:00,25.30874948796495
2004-02-18 00:00:00-05:00,24.670803290279967
2004-02-19 00:00:00-05:00,25.110404652835133
2004-02-20 00:00:00-05:00,25.351640362649487
2004-02-23 00:00:00-05:00,25.357000064614294
2004-02-24 00:00:00-05:00,25.1318381773205
2004-02-25 00:00:00-05:00,25.555345060555968
2004-02-26 00:00:00-05:00,25.73226547241211
2004-02-27 00:00:00-05:00,25.657207752707123
2004-03-01 00:00:00-05:00,25.533918574587876
2004-03-02 00:00:00-05:00,25.46422672714682
2004-03-03 00:00:00-05:00,25.51782912306982
2004-03-04 00:00:00-05:00,25.255141534703483
2004-03-05 00:00:00-05:00,25.121112985494626
2004-03-08 00:00:00-05:00,24.928138906142692
2004-03-09 00:00:00-05:00,25.22299430187983
2004-03-10 00:00:00-05:00,25.164008464051463
2004-03-11 00:00:00-05:00,24.681538190711912
2004-03-12 00:00:00-05:00,24.51534257419522
2004-03-15 00:00:00-05:00,24.81555576518693
2004-03-16 00:00:00-05:00,24.617206128396756
2004-03-17 00:00:00-05:00,24.708340424070485
2004-03-18 00:00:00-05:00,25.126482971621176
2004-03-19 00:00:00-05:00,25.410616670688952
2004-03-22 00:00:00-05:00,25.051430902785107
2004-03-23 00:00:00-05:00,24.794110661833624
2004-03-24 00:00:00-05:00,25.00319086640863
2004-03-25 00:00:00-05:00,24.917401855122414
2004-03-26 00:00:00-05:00,25.062154282824213
2004-03-29 00:00:00-05:00,24.901328909424976
2004-03-30 00:00:00-05:00,25.598244341605263
2004-03-31 00:00:00-05:00,25.742981009319998
2004-04-01 00:00:00-05:00,26.159731372335088
2004-04-02 00:00:00-05:00,26.159739160127078
2004-04-05 00:00:00-04:00,26.208196978596582
2004-04-06 00:00:00-04:00,26.579753689301473
2004-04-07 00:00:00-04:00,26.19743060348813
2004-04-08 00:00:00-04:00,26.003577052341235
2004-04-12 00:00:00-04:00,26.24050328841329
2004-04-13 00:00:00-04:00,26.186655344361156
2004-04-14 00:00:00-04:00,25.982039762057067
2004-04-15 00:00:00-04:00,26.38050982619064
2004-04-16 00:00:00-04:00,25.815107764296652
2004-04-19 00:00:00-04:00,25.815105257967115
2004-04-20 00:00:00-04:00,26.105891374072556
2004-04-21 00:00:00-04:00,26.19742302636572
2004-04-22 00:00:00-04:00,26.434367010112396
2004-04-23 00:00:00-04:00,26.542061640399954
2004-04-26 00:00:00-04:00,25.97663716000113
2004-04-27 00:00:00-04:00,25.4973965224569
2004-04-28 00:00:00-04:00,24.899673943834554
2004-04-29 00:00:00-04:00,25.233549812914053
2004-04-30 00:00:00-04:00,25.120449499842213
2004-05-03 00:00:00-04:00,24.770440039427776
2004-05-04 00:00:00-04:00,25.26046834781021
2004-05-05 00:00:00-04:00,25.055847774207038
2004-05-06 00:00:00-04:00,25.179694362421138
2004-05-07 00:00:00-04:00,24.872744974924526
2004-05-10 00:00:00-04:00,24.517347355535012
2004-05-11 00:00:00-04:00,24.275030295733657
2004-05-12 00:00:00-04:00,24.02194165736323
2004-05-13 00:00:00-04:00,23.93577830856726
2004-05-14 00:00:00-04:00,24.31810502224552
2004-05-17 00:00:00-04:00,23.930403281606708
2004-05-18 00:00:00-04:00,23.87655636503238
2004-05-19 00:00:00-04:00,24.19425681946915
2004-05-20 00:00:00-04:00,23.569609946534026
2004-05-21 00:00:00-04:00,23.82809537464086
2004-05-24 00:00:00-04:00,23.585759522082952
2004-05-25 00:00:00-04:00,23.84423748872339
2004-05-26 00:00:00-04:00,23.68268769724888
2004-05-27 00:00:00-04:00,24.32888281994716
2004-05-28 00:00:00-04:00,24.528112737052762
2004-06-01 00:00:00-04:00,24.495807649168082
2004-06-02 00:00:00-04:00,24.533505271414096
2004-06-03 00:00:00-04:00,24.598114305441296
2004-06-04 00:00:00-04:00,24.592734666334206
2004-06-07 00:00:00-04:00,24.86198374707765
2004-06-08 00:00:00-04:00,24.894296249977156
2004-06-09 00:00:00-04:00,25.168927677010515
2004-06-10 00:00:00-04:00,25.115074291871206
2004-06-14 00:00:00-04:00,25.055837930374363
2004-06-15 00:00:00-04:00,25.1689157390826
2004-06-16 00:00:00-04:00,25.276618614761805
2004-06-17 00:00:00-04:00,25.217379599292823
2004-06-18 00:00:00-04:00,25.335840225219727
2004-06-21 00:00:00-04:00,25.518938916898453
2004-06-22 00:00:00-04:00,25.174313669203066
2004-06-23 00:00:00-04:00,25.443543277929706
2004-06-24 00:00:00-04:00,25.3789340475734
2004-06-25 00:00:00-04:00,25.702021292687814
2004-06-28 00:00:00-04:00,25.368170965262934
2004-06-29 00:00:00-04:00,25.405855839555233
2004-06-30 00:00:00-04:00,25.179692108436296
2004-07-01 00:00:00-04:00,25.37169418499856
2004-07-02 00:00:00-04:00,25.55021160974866
2004-07-06 00:00:00-04:00,25.533973925363675
2004-07-07 00:00:00-04:00,25.452836087164805
2004-07-08 00:00:00-04:00,25.355459039785202
2004-07-09 00:00:00-04:00,25.452839816750494
2004-07-12 00:00:00-04:00,25.236428241347998
2004-07-13 00:00:00-04:00,25.50693290869291
2004-07-14 00:00:00-04:00,25.588070549071194
2004-07-15 00:00:00-04:00,25.409556973875212
2004-07-16 00:00:00-04:00,25.523168314560465
2004-07-19 00:00:00-04:00,25.366275118874494
2004-07-20 00:00:00-04:00,25.42036704450921
2004-07-21 00:00:00-04:00,25.474461264864143
2004-07-22 00:00:00-04:00,25.54480756258017
2004-07-23 00:00:00-04:00,25.10120099360496
2004-07-26 00:00:00-04:00,25.09579009654397
2004-07-27 00:00:00-04:00,25.041679550140007
2004-07-28 00:00:00-04:00,24.619736838433116
2004-07-29 00:00:00-04:00,24.938901597378873
2004-07-30 00:00:00-04:00,24.54399890460057
2004-08-02 00:00:00-04:00,24.41416219011783
2004-08-03 00:00:00-04:00,25.00383103726417
2004-08-04 00:00:00-04:00,25.350051655351475
2004-08-05 00:00:00-04:00,25.0308707370609
2004-08-06 00:00:00-04:00,24.884814776127065
2004-08-09 00:00:00-04:00,25.14447459325736
2004-08-10 00:00:00-04:00,25.4203649521835
2004-08-11 00:00:00-04:00,26.04249267786769
2004-08-12 00:00:00-04:00,25.891023323805662
2004-08-13 00:00:00-04:00,25.804466831338406
2004-08-16 00:00:00-04:00,26.080360004689368
2004-08-17 00:00:00-04:00,26.07494512896385
2004-08-18 00:00:00-04:00,26.372485329784407
2004-08-19 00:00:00-04:00,26.43199071257546
2004-08-20 00:00:00-04:00,26.545602983908438
2004-08-23 00:00:00-04:00,26.534785909955446
2004-08-24 00:00:00-04:00,26.637564330171013
2004-08-25 00:00:00-04:00,26.680854000449802
2004-08-26 00:00:00-04:00,26.913464409814424
2004-08-27 00:00:00-04:00,27.189355801699175
2004-08-30 00:00:00-04:00,27.032472638620924
2004-08-31 00:00:00-04:00,26.94050765983285
2004-09-01 00:00:00-04:00,26.967557091256637
2004-09-02 00:00:00-04:00,26.951331250765826
2004-09-03 00:00:00-04:00,26.897230808317467
2004-09-07 00:00:00-04:00,26.92428295673614
2004-09-08 00:00:00-04:00,26.967559814453125
2004-09-09 00:00:00-04:00,26.98379016238542
2004-09-10 00:00:00-04:00,26.88641007620772
2004-09-13 00:00:00-04:00,27.427394890089428
2004-09-14 00:00:00-04:00,27.568036718437103
2004-09-15 00:00:00-04:00,27.562631424488668
2004-09-16 00:00:00-04:00,27.183953315639695
2004-09-17 00:00:00-04:00,27.357052402609852
2004-09-20 00:00:00-04:00,27.15690444197241
2004-09-21 00:00:00-04:00,27.11903582380589
2004-09-22 00:00:00-04:00,27.18935995163196
2004-09-23 00:00:00-04:00,27.55720133534338
2004-09-24 00:00:00-04:00,27.74657003791388
2004-09-27 00:00:00-04:00,27.551805207317486
2004-09-28 00:00:00-04:00,27.476082189445318
2004-09-29 00:00:00-04:00,27.33001659601878
2004-09-30 00:00:00-04:00,27.46526416756352
2004-10-01 00:00:00-04:00,27.59777570353265
2004-10-04 00:00:00-04:00,27.614103502061347
2004-10-05 00:00:00-04:00,27.603214300790196
2004-10-06 00:00:00-04:00,27.57605209012869
2004-10-07 00:00:00-04:00,27.58148823814879
2004-10-08 00:00:00-04:00,27.54345110919541
2004-10-11 00:00:00-04:00,27.576049472684325
2004-10-12 00:00:00-04:00,27.4022108321056
2004-10-13 00:00:00-04:00,27.163171494303146
2004-10-14 00:00:00-04:00,26.973030637585538
2004-10-15 00:00:00-04:00,26.50583194464719
2004-10-18 00:00:00-04:00,26.207034460792944
2004-10-19 00:00:00-04:00,26.190722610449196
2004-10-20 00:00:00-04:00,26.212462650208114
2004-10-21 00:00:00-04:00,26.098381336743017
2004-10-22 00:00:00-04:00,26.250485149812526
2004-10-25 00:00:00-04:00,26.158142952137975
2004-10-26 00:00:00-04:00,26.484086771568258
2004-10-27 00:00:00-04:00,26.755724630854342
2004-10-28 00:00:00-04:00,26.674235321630967
2004-10-29 00:00:00-04:00,27.04366664545087
2004-11-01 00:00:00-05:00,27.114281191202842
2004-11-02 00:00:00-05:00,27.902007244895493
2004-11-03 00:00:00-05:00,28.108458182629548
2004-11-04 00:00:00-05:00,27.918320823103624
2004-11-05 00:00:00-05:00,28.385509290538508
2004-11-08 00:00:00-05:00,28.249691002250522
2004-11-09 00:00:00-05:00,28.428974316336664
2004-11-10 00:00:00-05:00,28.33118766278006
2004-11-11 00:00:00-05:00,28.532207312991797
2004-11-12 00:00:00-05:00,28.71689886682423
2004-11-15 00:00:00-05:00,28.678875096048134
2004-11-16 00:00:00-05:00,28.662570189664795
2004-11-17 00:00:00-05:00,28.309451846611104
2004-11-18 00:00:00-05:00,27.91830761176243
2004-11-19 00:00:00-05:00,28.314882278442383
2004-11-22 00:00:00-05:00,27.84768184999418
2004-11-23 00:00:00-05:00,28.657142595961616
2004-11-24 00:00:00-05:00,28.771238718207304
2004-11-26 00:00:00-05:00,28.472435608642485
2004-11-29 00:00:00-05:00,28.36378145864304
2004-11-30 00:00:00-05:00,28.40724007191014
2004-12-01 00:00:00-05:00,28.016081210732786
2004-12-02 00:00:00-05:00,28.548492300768206
2004-12-03 00:00:00-05:00,28.17907021338017
2004-12-06 00:00:00-05:00,28.4615690358892
2004-12-07 00:00:00-05:00,28.32030857427023
2004-12-08 00:00:00-05:00,28.20623300681577
2004-12-09 00:00:00-05:00,28.2931541641274
2004-12-10 00:00:00-05:00,28.684321953233496
2004-12-13 00:00:00-05:00,28.733195263145596
2004-12-14 00:00:00-05:00,28.304020981475222
2004-12-15 00:00:00-05:00,28.059550744289513
2004-12-16 00:00:00-05:00,27.880272953264903
2004-12-17 00:00:00-05:00,28.151911393935617
2004-12-20 00:00:00-05:00,27.78793511585395
2004-12-21 00:00:00-05:00,28.238833121522475
2004-12-22 00:00:00-05:00,28.189936088781337
2004-12-23 00:00:00-05:00,28.244256224799415
2004-12-27 00:00:00-05:00,28.119333297406786
2004-12-28 00:00:00-05:00,27.988943096342812
2004-12-29 00:00:00-05:00,28.24969449624511
2004-12-30 00:00:00-05:00,28.36923006379844
2004-12-31 00:00:00-05:00,28.51046670886587
2005-01-03 00:00:00-05:00,28.27143055671911
2005-01-04 00:00:00-05:00,27.88022619032104
2005-01-05 00:00:00-05:00,28.700228405542315
2005-01-06 00:00:00-05:00,28.45968270826761
2005-01-07 00:00:00-05:00,28.432357370589315
2005-01-10 00:00:00-05:00,28.787693692638207
2005-01-11 00:00:00-05:00,28.891555928157956
2005-01-12 00:00:00-05:00,28.62916042362217
2005-01-13 00:00:00-05:00,28.432362225889776
2005-01-14 00:00:00-05:00,28.97356256729997
2005-01-18 00:00:00-05:00,28.60729335266805
2005-01-19 00:00:00-05:00,28.85875214355743
2005-01-20 00:00:00-05:00,29.192227625535452
2005-01-21 00:00:00-05:00,28.8478158108371
2005-01-24 00:00:00-05:00,28.492489792173586
2005-01-25 00:00:00-05:00,28.52528546586743
2005-01-26 00:00:00-05:00,28.897022451796534
2005-01-27 00:00:00-05:00,28.918902623002186
2005-01-28 00:00:00-05:00,29.23596206057282
2005-01-31 00:00:00-05:00,28.727566180611984
2005-02-01 00:00:00-05:00,28.85876564501031
2005-02-02 00:00:00-05:00,28.804083777851634
2005-02-03 00:00:00-05:00,28.918895406163028
2005-02-04 00:00:00-05:00,29.192230481210775
2005-02-07 00:00:00-05:00,29.022765014317905
2005-02-08 00:00:00-05:00,29.307035797493608
2005-02-09 00:00:00-05:00,29.126622468435897
2005-02-10 00:00:00-05:00,29.077428226993167
2005-02-11 00:00:00-05:00,29.126633835845983
2005-02-14 00:00:00-05:00,29.203170209248324
2005-02-15 00:00:00-05:00,29.170366690538394
2005-02-16 00:00:00-05:00,29.542108245948043
2005-02-17 00:00:00-05:00,29.90291629634376
2005-02-18 00:00:00-05:00,29.307029191033006
2005-02-22 00:00:00-05:00,28.880633523552596
2005-02-23 00:00:00-05:00,28.968084379574968
2005-02-24 00:00:00-05:00,29.257841567593143
2005-02-25 00:00:00-05:00,28.32302484051894
2005-02-28 00:00:00-05:00,28.251955262650753
2005-03-01 00:00:00-05:00,27.809153493838416
2005-03-02 00:00:00-05:00,28.84782450458067
2005-03-03 00:00:00-05:00,29.017293099983362
2005-03-04 00:00:00-05:00,28.96810397287922
2005-03-07 00:00:00-05:00,29.186767696253483
2005-03-08 00:00:00-05:00,29.4054308052594
2005-03-09 00:00:00-05:00,29.028224815464654
2005-03-10 00:00:00-05:00,28.67289328745305
2005-03-11 00:00:00-05:00,28.924362763196225
2005-03-14 00:00:00-05:00,29.23048875677826
2005-03-15 00:00:00-05:00,29.525698677113947
2005-03-16 00:00:00-05:00,29.186759748583427
2005-03-17 00:00:00-05:00,28.973563569250764
2005-03-18 00:00:00-05:00,28.552625003498086
2005-03-21 00:00:00-05:00,29.08289693605011
2005-03-22 00:00:00-05:00,29.208629814651093
2005-03-23 00:00:00-05:00,28.815037542223997
2005-03-24 00:00:00-05:00,28.37222818968034
2005-03-28 00:00:00-05:00,28.415957899017922
2005-03-29 00:00:00-05:00,28.213701303405507
2005-03-30 00:00:00-05:00,28.558093025085633
2005-03-31 00:00:00-05:00,28.164494672202775
2005-04-01 00:00:00-05:00,28.497954915290894
2005-04-04 00:00:00-04:00,28.214346762450518
2005-04-05 00:00:00-04:00,28.494909077963925
2005-04-06 00:00:00-04:00,28.285857108030957
2005-04-07 00:00:00-04:00,28.109832351036438
2005-04-08 00:00:00-04:00,28.516900199473884
2005-04-11 00:00:00-04:00,28.10434353984515
2005-04-12 00:00:00-04:00,28.16483783696959
2005-04-13 00:00:00-04:00,28.219850553208286
2005-04-14 00:00:00-04:00,28.098828159486505
2005-04-15 00:00:00-04:00,28.24185707856668
2005-04-18 00:00:00-04:00,28.21984873624301
2005-04-19 00:00:00-04:00,28.296867971881884
2005-04-20 00:00:00-04:00,28.23635513614692
2005-04-21 00:00:00-04:00,28.054822341349706
2005-04-22 00:00:00-04:00,27.779777182240075
2005-04-25 00:00:00-04:00,27.636748737835198
2005-04-26 00:00:00-04:00,28.016313432401603
2005-04-27 00:00:00-04:00,27.867784415231664
2005-04-28 00:00:00-04:00,28.01081167435925
2005-04-29 00:00:00-04:00,27.906290845739274
2005-05-02 00:00:00-04:00,28.346358625990053
2005-05-03 00:00:00-04:00,28.08232047938964
2005-05-04 00:00:00-04:00,28.4563955637801
2005-05-05 00:00:00-04:00,28.841467268270666
2005-05-06 00:00:00-04:00,28.643430846969597
2005-05-09 00:00:00-04:00,28.55541671706161
2005-05-10 00:00:00-04:00,27.895299428344412
2005-05-11 00:00:00-04:00,27.999811101165278
2005-05-12 00:00:00-04:00,28.082336128446418
2005-05-13 00:00:00-04:00,27.928304016869976
2005-05-16 00:00:00-04:00,27.845781452079866
2005-05-17 00:00:00-04:00,27.614744385108782
2005-05-18 00:00:00-04:00,28.175851191578563
2005-05-19 00:00:00-04:00,28.599413784866165
2005-05-20 00:00:00-04:00,28.450895734467597
2005-05-23 00:00:00-04:00,28.37938451430958
2005-05-24 00:00:00-04:00,28.450880922227096
2005-05-25 00:00:00-04:00,28.054836141923754
2005-05-26 00:00:00-04:00,27.944810238325253
2005-05-27 00:00:00-04:00,28.39588033800116
2005-05-31 00:00:00-04:00,28.56090477863384
2005-06-01 00:00:00-04:00,28.68742494515403
2005-06-02 00:00:00-04:00,28.621415164847956
2005-06-03 00:00:00-04:00,28.39588033800116
2005-06-06 00:00:00-04:00,28.775447129295458
2005-06-07 00:00:00-04:00,28.423391782162494
2005-06-08 00:00:00-04:00,28.632416814549725
2005-06-09 00:00:00-04:00,28.522404723717713
2005-06-10 00:00:00-04:00,28.67642973614499
2005-06-13 00:00:00-04:00,28.588422169228433
2005-06-14 00:00:00-04:00,28.874468165634983
2005-06-15 00:00:00-04:00,29.000982761947476
2005-06-16 00:00:00-04:00,28.76444703097084
2005-06-17 00:00:00-04:00,28.940471469202745
2005-06-20 00:00:00-04:00,28.41240014076006
2005-06-21 00:00:00-04:00,28.59942084955269
2005-06-22 00:00:00-04:00,28.98999477687577
2005-06-23 00:00:00-04:00,29.061508756893552
2005-06-24 00:00:00-04:00,29.5456009418531
2005-06-27 00:00:00-04:00,30.12867718290688
2005-06-28 00:00:00-04:00,29.837127980048244
2005-06-29 00:00:00-04:00,29.70511292006927
2005-06-30 00:00:00-04:00,29.683102457619153
2005-07-01 00:00:00-04:00,29.64063452641293
2005-07-05 00:00:00-04:00,29.767914872751927
2005-07-06 00:00:00-04:00,29.87861138728594
2005-07-07 00:00:00-04:00,29.950555002559742
2005-07-08 00:00:00-04:00,29.889669430251246
2005-07-11 00:00:00-04:00,29.91734890830218
2005-07-12 00:00:00-04:00,29.73472161800072
2005-07-13 00:00:00-04:00,29.933941925102154
2005-07-14 00:00:00-04:00,29.82327092871889
2005-07-15 00:00:00-04:00,29.91181473766278
2005-07-18 00:00:00-04:00,30.072292036040253
2005-07-19 00:00:00-04:00,29.873076200515136
2005-07-20 00:00:00-04:00,30.06122776415873
2005-07-21 00:00:00-04:00,29.972690088315005
2005-07-22 00:00:00-04:00,29.862006635083414
2005-07-25 00:00:00-04:00,29.884136199951172
2005-07-26 00:00:00-04:00,29.900740165639597
2005-07-27 00:00:00-04:00,29.92841847579173
2005-07-28 00:00:00-04:00,29.900733117842613
2005-07-29 00:00:00-04:00,29.86753695079998
2005-08-01 00:00:00-04:00,30.011427994178867
2005-08-02 00:00:00-04:00,30.022495425468904
2005-08-03 00:00:00-04:00,29.884137721502274
2005-08-04 00:00:00-04:00,30.077837341308673
2005-08-05 00:00:00-04:00,29.989283494980484
2005-08-08 00:00:00-04:00,29.86199118899715
2005-08-09 00:00:00-04:00,29.62403302381826
2005-08-10 00:00:00-04:00,29.86199700083007
2005-08-11 00:00:00-04:00,29.463552737027683
2005-08-12 00:00:00-04:00,29.734714021000375
2005-08-15 00:00:00-04:00,29.961623013578368
2005-08-16 00:00:00-04:00,29.325198965929225
2005-08-17 00:00:00-04:00,29.092771074928905
2005-08-18 00:00:00-04:00,28.97655070828608
2005-08-19 00:00:00-04:00,28.998690167629515
2005-08-22 00:00:00-04:00,29.197913745712775
2005-08-23 00:00:00-04:00,29.21451083887716
2005-08-24 00:00:00-04:00,29.037425045198763
2005-08-25 00:00:00-04:00,29.026359733857745
2005-08-26 00:00:00-04:00,29.114892959594727
2005-08-29 00:00:00-04:00,29.253242808822755
2005-08-30 00:00:00-04:00,29.10382377751083
2005-08-31 00:00:00-04:00,28.854782104492184
2005-09-01 00:00:00-04:00,28.77732435834946
2005-09-02 00:00:00-04:00,29.06508525732196
2005-09-06 00:00:00-04:00,28.865850552085522
2005-09-07 00:00:00-04:00,28.79946437442318
2005-09-08 00:00:00-04:00,28.91566930274909
2005-09-09 00:00:00-04:00,28.97100205291529
2005-09-12 00:00:00-04:00,29.01528032635024
2005-09-13 00:00:00-04:00,28.954415229476442
2005-09-14 00:00:00-04:00,29.319670487500613
2005-09-15 00:00:00-04:00,29.247712055907385
2005-09-16 00:00:00-04:00,29.330729245989154
2005-09-19 00:00:00-04:00,29.330731441837067
2005-09-20 00:00:00-04:00,29.269847531008555
2005-09-21 00:00:00-04:00,28.98207925276071
2005-09-22 00:00:00-04:00,29.065093651432505
2005-09-23 00:00:00-04:00,29.08169406656141
2005-09-26 00:00:00-04:00,29.29198569744997
2005-09-27 00:00:00-04:00,29.20345072920415
2005-09-28 00:00:00-04:00,29.02635072199923
2005-09-29 00:00:00-04:00,29.231115014696783
2005-09-30 00:00:00-04:00,29.214510179215534
2005-10-03 00:00:00-04:00,29.378915587299783
2005-10-04 00:00:00-04:00,29.423466065596813
2005-10-05 00:00:00-04:00,29.30652405924408
2005-10-06 00:00:00-04:00,29.46244144954985
2005-10-07 00:00:00-04:00,29.25641426117089
2005-10-10 00:00:00-04:00,29.4680139666944
2005-10-11 00:00:00-04:00,29.451311686332783
2005-10-12 00:00:00-04:00,29.145036450294512
2005-10-13 00:00:00-04:00,29.078231939580288
2005-10-14 00:00:00-04:00,28.977998142985008
2005-10-17 00:00:00-04:00,28.77196775090482
2005-10-18 00:00:00-04:00,29.00026345317131
2005-10-19 00:00:00-04:00,28.85548287401556
2005-10-20 00:00:00-04:00,29.300963693607088
2005-10-21 00:00:00-04:00,29.28981891726185
2005-10-24 00:00:00-04:00,28.92788195072926
2005-10-25 00:00:00-04:00,29.339930578439372
2005-10-26 00:00:00-04:00,29.033679367966307
2005-10-27 00:00:00-04:00,29.178453439579304
2005-10-28 00:00:00-04:00,29.312099005841162
2005-10-31 00:00:00-05:00,29.31766659884686
2005-11-01 00:00:00-05:00,29.395619901535298
2005-11-02 00:00:00-05:00,29.601650357626074
2005-11-03 00:00:00-05:00,29.445749510649403
2005-11-04 00:00:00-05:00,28.81651296415891
2005-11-07 00:00:00-05:00,28.805372070448776
2005-11-08 00:00:00-05:00,28.705136309960473
2005-11-09 00:00:00-05:00,29.039235495006785
2005-11-10 00:00:00-05:00,29.150605747042746
2005-11-11 00:00:00-05:00,29.306528729019444
2005-11-14 00:00:00-05:00,29.10606106501833
2005-11-15 00:00:00-05:00,29.417894221051654
2005-11-16 00:00:00-05:00,29.423461693227644
2005-11-17 00:00:00-05:00,29.48472018349934
2005-11-18 00:00:00-05:00,29.5125617980957
2005-11-21 00:00:00-05:00,29.39562574228357
2005-11-22 00:00:00-05:00,29.39562591251453
2005-11-23 00:00:00-05:00,29.33994038891182
2005-11-25 00:00:00-05:00,29.406757092838262
2005-11-28 00:00:00-05:00,29.484705407823697
2005-11-29 00:00:00-05:00,29.42347366831481
2005-11-30 00:00:00-05:00,29.37891907418253
2005-12-01 00:00:00-05:00,29.506982940614773
2005-12-02 00:00:00-05:00,29.2396842356706
2005-12-05 00:00:00-05:00,29.367787797494916
2005-12-06 00:00:00-05:00,29.484695335668427
2005-12-07 00:00:00-05:00,29.568237146896823
2005-12-08 00:00:00-05:00,29.501417022272484
2005-12-09 00:00:00-05:00,29.495870605895185
2005-12-12 00:00:00-05:00,29.512568051990485
2005-12-13 00:00:00-05:00,29.3009599317561
2005-12-14 00:00:00-05:00,29.5292586295972
2005-12-15 00:00:00-05:00,29.46244031119964
2005-12-16 00:00:00-05:00,29.545976905898875
2005-12-19 00:00:00-05:00,29.51256118158638
2005-12-20 00:00:00-05:00,29.646202209679732
2005-12-21 00:00:00-05:00,29.61834706483729
2005-12-22 00:00:00-05:00,29.61835847307608
2005-12-23 00:00:00-05:00,29.623943790355796
2005-12-27 00:00:00-05:00,29.512563406865638
2005-12-28 00:00:00-05:00,29.57381832026845
2005-12-29 00:00:00-05:00,29.41788449790298
2005-12-30 00:00:00-05:00,29.4457392015351
2006-01-03 00:00:00-05:00,29.775312423706055
2006-01-04 00:00:00-05:00,29.708036851378466
2006-01-05 00:00:00-05:00,29.747270034763442
2006-01-06 00:00:00-05:00,29.78651884259203
2006-01-09 00:00:00-05:00,29.84817852990451
2006-01-10 00:00:00-05:00,30.10606556424036
2006-01-11 00:00:00-05:00,29.98273312867968
2006-01-12 00:00:00-05:00,29.881826400756836
2006-01-13 00:00:00-05:00,29.92666902442439
2006-01-17 00:00:00-05:00,29.864995207282973
2006-01-18 00:00:00-05:00,29.45573744297954
2006-01-19 00:00:00-05:00,29.42209950288512
2006-01-20 00:00:00-05:00,29.15298784412366
2006-01-23 00:00:00-05:00,28.665250531981208
2006-01-24 00:00:00-05:00,29.13616641915869
2006-01-25 00:00:00-05:00,29.293152315977274
2006-01-26 00:00:00-05:00,29.225878309274158
2006-01-27 00:00:00-05:00,29.237080252921526
2006-01-30 00:00:00-05:00,29.444531182939965
2006-01-31 00:00:00-05:00,29.32118795195335
2006-02-01 00:00:00-05:00,29.43331130266101
2006-02-02 00:00:00-05:00,29.01283064944385
2006-02-03 00:00:00-05:00,29.551042932807963
2006-02-06 00:00:00-05:00,29.354830433425327
2006-02-07 00:00:00-05:00,29.528614188027156
2006-02-08 00:00:00-05:00,29.31556783105562
2006-02-09 00:00:00-05:00,29.472558396656613
2006-02-10 00:00:00-05:00,29.21465468484677
2006-02-13 00:00:00-05:00,29.152990149195585
2006-02-14 00:00:00-05:00,29.248296074539248
2006-02-15 00:00:00-05:00,29.433317677694895
2006-02-16 00:00:00-05:00,29.34921154550115
2006-02-17 00:00:00-05:00,29.56226639371577
2006-02-21 00:00:00-05:00,29.478167540718015
2006-02-22 00:00:00-05:00,29.67998592553292
2006-02-23 00:00:00-05:00,29.60150743197839
2006-02-24 00:00:00-05:00,29.595896089396753
2006-02-27 00:00:00-05:00,29.915452893998552
2006-02-28 00:00:00-05:00,29.7080018703485
2006-03-01 00:00:00-05:00,29.685585148562115
2006-03-02 00:00:00-05:00,29.758476561280688
2006-03-03 00:00:00-05:00,29.808941642021395
2006-03-06 00:00:00-05:00,29.775293895555087
2006-03-07 00:00:00-05:00,29.607097030882894
2006-03-08 00:00:00-05:00,29.48377773833271
2006-03-09 00:00:00-05:00,29.141780911157912
2006-03-10 00:00:00-05:00,29.33800244161929
2006-03-13 00:00:00-05:00,29.640747132323803
2006-03-14 00:00:00-05:00,29.6407355036475
2006-03-15 00:00:00-05:00,29.618329445729216
2006-03-16 00:00:00-05:00,29.7024264753397
2006-03-17 00:00:00-05:00,29.75288056344693
2006-03-20 00:00:00-05:00,29.607116496144165
2006-03-21 00:00:00-05:00,29.635150909423828
2006-03-22 00:00:00-05:00,29.545430778150703
2006-03-23 00:00:00-05:00,29.551062293489625
2006-03-24 00:00:00-05:00,29.30435488850528
2006-03-27 00:00:00-05:00,29.53983390953187
2006-03-28 00:00:00-05:00,29.29875017663192
2006-03-29 00:00:00-05:00,29.489374223030598
2006-03-30 00:00:00-05:00,29.41649459233046
2006-03-31 00:00:00-05:00,29.248301857442762
2006-04-03 00:00:00-04:00,29.664219998483954
2006-04-04 00:00:00-04:00,29.675503468551856
2006-04-05 00:00:00-04:00,29.156170193341843
2006-04-06 00:00:00-04:00,29.274717203719565
2006-04-07 00:00:00-04:00,29.410185441763026
2006-04-10 00:00:00-04:00,29.35938279767232
2006-04-11 00:00:00-04:00,29.21261419280593
2006-04-12 00:00:00-04:00,29.240847625747215
2006-04-13 00:00:00-04:00,29.22955027523109
2006-04-17 00:00:00-04:00,28.89650271141727
2006-04-18 00:00:00-04:00,28.535231151162765
2006-04-19 00:00:00-04:00,28.411038745718542
2006-04-20 00:00:00-04:00,28.507001876831055
2006-04-21 00:00:00-04:00,28.5634505241469
2006-04-24 00:00:00-04:00,28.52958539609202
2006-04-25 00:00:00-04:00,28.4110318578406
2006-04-26 00:00:00-04:00,28.39410403584145
2006-04-27 00:00:00-04:00,28.490055568322894
2006-04-28 00:00:00-04:00,28.37717197348517
2006-05-01 00:00:00-04:00,28.59732297323853
2006-05-02 00:00:00-04:00,28.665046691894528
2006-05-03 00:00:00-04:00,28.76103539524553
2006-05-04 00:00:00-04:00,28.405384926139405
2006-05-05 00:00:00-04:00,28.721508467298975
2006-05-08 00:00:00-04:00,28.73278871918829
2006-05-09 00:00:00-04:00,28.789257256945852
2006-05-10 00:00:00-04:00,28.919070488890295
2006-05-11 00:00:00-04:00,28.856991892487972
2006-05-12 00:00:00-04:00,28.665066733268922
2006-05-15 00:00:00-04:00,28.777963073228545
2006-05-16 00:00:00-04:00,28.721506310021017
2006-05-17 00:00:00-04:00,28.783613786151136
2006-05-18 00:00:00-04:00,28.659419448412745
2006-05-19 00:00:00-04:00,28.78360166580252
2006-05-22 00:00:00-04:00,28.7779628609447
2006-05-23 00:00:00-04:00,28.85134922975835
2006-05-24 00:00:00-04:00,28.43925951145836
2006-05-25 00:00:00-04:00,28.309431966596946
2006-05-26 00:00:00-04:00,28.501364678307397
2006-05-30 00:00:00-04:00,28.388460509593113
2006-05-31 00:00:00-04:00,28.31506334866367
2006-06-01 00:00:00-04:00,28.495707595853734
2006-06-02 00:00:00-04:00,28.761018686415685
2006-06-05 00:00:00-04:00,28.72716465464156
2006-06-06 00:00:00-04:00,28.71586239549912
2006-06-07 00:00:00-04:00,28.721514418433014
2006-06-08 00:00:00-04:00,28.710232307736174
2006-06-09 00:00:00-04:00,28.631183045854534
2006-06-12 00:00:00-04:00,28.800529294358846
2006-06-13 00:00:00-04:00,28.580383116543658
2006-06-14 00:00:00-04:00,28.817477509543654
2006-06-15 00:00:00-04:00,29.060207530404117
2006-06-16 00:00:00-04:00,29.528736840200228
2006-06-19 00:00:00-04:00,29.37633309657649
2006-06-20 00:00:00-04:00,29.308579780536817
2006-06-21 00:00:00-04:00,29.365025616846083
2006-06-22 00:00:00-04:00,29.269068703637366
2006-06-23 00:00:00-04:00,29.353734542637195
2006-06-26 00:00:00-04:00,29.44969774619017
2006-06-27 00:00:00-04:00,29.65291389876168
2006-06-28 00:00:00-04:00,29.652905536531918
2006-06-29 00:00:00-04:00,29.619047236953953
2006-06-30 00:00:00-04:00,29.75453356816965
2006-07-03 00:00:00-04:00,29.433328603320984
2006-07-05 00:00:00-04:00,29.467430452537624
2006-07-06 00:00:00-04:00,28.79668071470886
2006-07-07 00:00:00-04:00,28.83079490206144
2006-07-10 00:00:00-04:00,28.89899834858785
2006-07-11 00:00:00-04:00,28.98994659573445
2006-07-12 00:00:00-04:00,28.94447811432217
2006-07-13 00:00:00-04:00,28.466986503421005
2006-07-14 00:00:00-04:00,28.02361445370746
2006-07-17 00:00:00-04:00,28.148678983556962
2006-07-18 00:00:00-04:00,27.56318018216262
2006-07-19 00:00:00-04:00,27.81898302245459
2006-07-20 00:00:00-04:00,28.216883627372567
2006-07-21 00:00:00-04:00,28.307833513872747
2006-07-24 00:00:00-04:00,28.063416004331376
2006-07-25 00:00:00-04:00,28.34762677911385
2006-07-26 00:00:00-04:00,28.38740773996311
2006-07-27 00:00:00-04:00,28.2737259965898
2006-07-28 00:00:00-04:00,28.137296581472015
2006-07-31 00:00:00-04:00,28.30215379040991
2006-08-01 00:00:00-04:00,28.074776738025843
2006-08-02 00:00:00-04:00,28.211196398461468
2006-08-03 00:00:00-04:00,27.85876414322988
2006-08-04 00:00:00-04:00,28.302147951413488
2006-08-07 00:00:00-04:00,28.472679371984025
2006-08-08 00:00:00-04:00,28.52951990170978
2006-08-09 00:00:00-04:00,28.29077739905402
2006-08-10 00:00:00-04:00,28.131622152978867
2006-08-11 00:00:00-04:00,28.55225340218389
2006-08-14 00:00:00-04:00,28.58636027509329
2006-08-15 00:00:00-04:00,28.785317356022563
2006-08-16 00:00:00-04:00,28.682997206619156
2006-08-17 00:00:00-04:00,29.154795530067037
2006-08-18 00:00:00-04:00,29.126379503204383
2006-08-21 00:00:00-04:00,28.864897974568517
2006-08-22 00:00:00-04:00,28.853520567966054
2006-08-23 00:00:00-04:00,28.825105667114254
2006-08-24 00:00:00-04:00,28.870574475936507
2006-08-25 00:00:00-04:00,28.739835127580267
2006-08-28 00:00:00-04:00,28.71140933474398
2006-08-29 00:00:00-04:00,28.904689537555388
2006-08-30 00:00:00-04:00,28.927424887912444
2006-08-31 00:00:00-04:00,28.575003536033226
2006-09-01 00:00:00-04:00,29.097946135202726
2006-09-05 00:00:00-04:00,29.06952742311275
2006-09-06 00:00:00-04:00,28.98994222699103
2006-09-07 00:00:00-04:00,28.98994222699103
2006-09-08 00:00:00-04:00,28.98995180468274
2006-09-11 00:00:00-04:00,29.21731502895194
2006-09-12 00:00:00-04:00,29.507225802561152
2006-09-13 00:00:00-04:00,29.67206435191583
2006-09-14 00:00:00-04:00,29.89942802006462
2006-09-15 00:00:00-04:00,29.842605613388162
2006-09-18 00:00:00-04:00,30.069965906100112
2006-09-19 00:00:00-04:00,29.689122082354608
2006-09-20 00:00:00-04:00,29.7004851415859
2006-09-21 00:00:00-04:00,29.592489946880193
2006-09-22 00:00:00-04:00,29.751652304747317
2006-09-25 00:00:00-04:00,29.50155260562662
2006-09-26 00:00:00-04:00,29.387854095498827
2006-09-27 00:00:00-04:00,29.615225282621463
2006-09-28 00:00:00-04:00,29.62091355062204
2006-09-29 00:00:00-04:00,29.603845096115904
2006-10-02 00:00:00-04:00,29.672066572140807
2006-10-03 00:00:00-04:00,29.860860181154624
2006-10-04 00:00:00-04:00,29.517429983256253
2006-10-05 00:00:00-04:00,29.75210962995125
2006-10-06 00:00:00-04:00,29.849413707435573
2006-10-09 00:00:00-04:00,29.803616325061956
2006-10-10 00:00:00-04:00,29.643360698067493
2006-10-11 00:00:00-04:00,29.488816724716195
2006-10-12 00:00:00-04:00,29.671989433756373
2006-10-13 00:00:00-04:00,29.36289269896803
2006-10-16 00:00:00-04:00,28.985142575647213
2006-10-17 00:00:00-04:00,28.90499935321342
2006-10-18 00:00:00-04:00,28.395595698388014
2006-10-19 00:00:00-04:00,28.618823566698175
2006-10-20 00:00:00-04:00,28.618809625585552
2006-10-23 00:00:00-04:00,28.77336390418638
2006-10-24 00:00:00-04:00,28.807709019577352
2006-10-25 00:00:00-04:00,29.185463378023243
2006-10-26 00:00:00-04:00,29.191185965189117
2006-10-27 00:00:00-04:00,29.231259769149055
2006-10-30 00:00:00-05:00,28.750468322557413
2006-10-31 00:00:00-05:00,28.99657897209131
2006-11-01 00:00:00-05:00,29.16257929371882
2006-11-02 00:00:00-05:00,28.882118096442557
2006-11-03 00:00:00-05:00,29.374348999047037
2006-11-06 00:00:00-05:00,29.546059737015366
2006-11-07 00:00:00-05:00,29.70059668043286
2006-11-08 00:00:00-05:00,30.46186699008369
2006-11-09 00:00:00-05:00,30.730876921240768
2006-11-10 00:00:00-05:00,31.125813325874265
2006-11-13 00:00:00-05:00,31.05713738324709
2006-11-14 00:00:00-05:00,31.303266284088377
2006-11-15 00:00:00-05:00,31.394832701785276
2006-11-16 00:00:00-05:00,31.43489885984031
2006-11-17 00:00:00-05:00,31.474962763631616
2006-11-20 00:00:00-05:00,31.245999782987624
2006-11-21 00:00:00-05:00,31.205949641978247
2006-11-22 00:00:00-05:00,31.595167845849637
2006-11-24 00:00:00-05:00,31.669585775574955
2006-11-27 00:00:00-05:00,31.812673854908347
2006-11-28 00:00:00-05:00,31.366216298140237
2006-11-29 00:00:00-05:00,31.320427132598166
2006-11-30 00:00:00-05:00,31.75544386961588
2006-12-01 00:00:00-05:00,32.12175738885892
2006-12-04 00:00:00-05:00,32.10459279030522
2006-12-05 00:00:00-05:00,32.36788132140902
2006-12-06 00:00:00-05:00,32.53387471223187
2006-12-07 00:00:00-05:00,33.008927408317625
2006-12-08 00:00:00-05:00,32.837236688150156
2006-12-11 00:00:00-05:00,32.44799535838745
2006-12-12 00:00:00-05:00,32.425106048583984
2006-12-13 00:00:00-05:00,32.53958193153628
2006-12-14 00:00:00-05:00,32.568204467089764
2006-12-15 00:00:00-05:00,32.67123235084891
2006-12-18 00:00:00-05:00,32.745651541964584
2006-12-19 00:00:00-05:00,32.72846447453397
2006-12-20 00:00:00-05:00,32.877292989436334
2006-12-21 00:00:00-05:00,33.02611692345078
2006-12-22 00:00:00-05:00,32.98033000846902
2006-12-26 00:00:00-05:00,33.00893508505476
2006-12-27 00:00:00-05:00,32.98605400375356
2006-12-28 00:00:00-05:00,33.192103464881164
2006-12-29 00:00:00-05:00,33.12341673500821
2007-01-03 00:00:00-05:00,33.30164510883631
2007-01-04 00:00:00-05:00,33.030761276250225
2007-01-05 00:00:00-05:00,32.892439221435936
2007-01-08 00:00:00-05:00,32.69072338177762
2007-01-09 00:00:00-05:00,32.437124602700614
2007-01-10 00:00:00-05:00,32.558147587185104
2007-01-11 00:00:00-05:00,32.27575204834953
2007-01-12 00:00:00-05:00,32.20657704179115
2007-01-16 00:00:00-05:00,32.24691034043805
2007-01-17 00:00:00-05:00,32.1719856262207
2007-01-18 00:00:00-05:00,32.06248952401266
2007-01-19 00:00:00-05:00,31.8089030131416
2007-01-22 00:00:00-05:00,31.878059872529054
2007-01-23 00:00:00-05:00,31.826196426241847
2007-01-24 00:00:00-05:00,31.70514834142737
2007-01-25 00:00:00-05:00,31.41120610641752
2007-01-26 00:00:00-05:00,31.324750149564736
2007-01-29 00:00:00-05:00,31.382392928342494
2007-01-30 00:00:00-05:00,31.555302273143425
2007-01-31 00:00:00-05:00,31.624448219650557
2007-02-01 00:00:00-05:00,31.71667866065263
2007-02-02 00:00:00-05:00,31.88958943448014
2007-02-05 00:00:00-05:00,31.682091156242212
2007-02-06 00:00:00-05:00,31.739726159080085
2007-02-07 00:00:00-05:00,32.01637268066406
2007-02-08 00:00:00-05:00,31.99332975978494
2007-02-09 00:00:00-05:00,31.976043512262827
2007-02-12 00:00:00-05:00,31.95875134677658
2007-02-13 00:00:00-05:00,31.71668108062766
2007-02-14 00:00:00-05:00,31.79735967040049
2007-02-15 00:00:00-05:00,31.843469879821807
2007-02-16 00:00:00-05:00,31.63021251450719
2007-02-20 00:00:00-05:00,31.872291400781823
2007-02-21 00:00:00-05:00,32.51780646338511
2007-02-22 00:00:00-05:00,32.177754298418805
2007-02-23 00:00:00-05:00,32.46594491219073
2007-02-26 00:00:00-05:00,32.31610239240112
2007-02-27 00:00:00-05:00,31.757012117635913
2007-02-28 00:00:00-05:00,31.676334807079726
2007-03-01 00:00:00-05:00,30.96164765544384
2007-03-02 00:00:00-05:00,30.661950373762544
2007-03-05 00:00:00-05:00,30.385309552730774
2007-03-06 00:00:00-05:00,30.01066695794639
2007-03-07 00:00:00-05:00,30.31614217905682
2007-03-08 00:00:00-05:00,30.5466709447372
2007-03-09 00:00:00-05:00,30.506341692384566
2007-03-12 00:00:00-04:00,30.5524358330515
2007-03-13 00:00:00-04:00,30.598572202798096
2007-03-14 00:00:00-04:00,30.206652600638467
2007-03-15 00:00:00-04:00,30.154753968012376
2007-03-16 00:00:00-04:00,30.57549725987543
2007-03-19 00:00:00-04:00,29.976097462391916
2007-03-20 00:00:00-04:00,30.114407253937838
2007-03-21 00:00:00-04:00,30.200868728476543
2007-03-22 00:00:00-04:00,30.425637102201904
2007-03-23 00:00:00-04:00,30.298847522087012
2007-03-26 00:00:00-04:00,30.06255033457659
2007-03-27 00:00:00-04:00,30.391066054735088
2007-03-28 00:00:00-04:00,30.45445773834918
2007-03-29 00:00:00-04:00,30.44294617888419
2007-03-30 00:00:00-04:00,30.37952825529784
2007-04-02 00:00:00-04:00,30.51786939816705
2007-04-03 00:00:00-04:00,30.46101994944468
2007-04-04 00:00:00-04:00,30.716560636217988
2007-04-05 00:00:00-04:00,30.65267484954989
2007-04-09 00:00:00-04:00,30.751411041387296
2007-04-10 00:00:00-04:00,30.530720360753534
2007-04-11 00:00:00-04:00,30.652662481404416
2007-04-12 00:00:00-04:00,30.56554248200445
2007-04-13 00:00:00-04:00,30.350689986773347
2007-04-16 00:00:00-04:00,30.461026913316456
2007-04-17 00:00:00-04:00,30.83852457002269
2007-04-18 00:00:00-04:00,30.80368019642565
2007-04-19 00:00:00-04:00,30.7804239009591
2007-04-20 00:00:00-04:00,30.99532532416982
2007-04-23 00:00:00-04:00,31.04758621227599
2007-04-24 00:00:00-04:00,30.925627978148004
2007-04-25 00:00:00-04:00,30.914014584618528
2007-04-26 00:00:00-04:00,30.873359222525288
2007-04-27 00:00:00-04:00,30.931448024235955
2007-04-30 00:00:00-04:00,31.25086292931414
2007-05-01 00:00:00-04:00,30.47264387882292
2007-05-02 00:00:00-04:00,30.32163483807862
2007-05-03 00:00:00-04:00,30.995313865316298
2007-05-04 00:00:00-04:00,31.448326923963407
2007-05-07 00:00:00-04:00,31.703853786225647
2007-05-08 00:00:00-04:00,31.796772445548385
2007-05-09 00:00:00-04:00,32.151044246376316
2007-05-10 00:00:00-04:00,32.37753006888975
2007-05-11 00:00:00-04:00,32.40658209047254
2007-05-14 00:00:00-04:00,32.42980371131987
2007-05-15 00:00:00-04:00,31.971008987892322
2007-05-16 00:00:00-04:00,31.96519917943437
2007-05-17 00:00:00-04:00,32.11618804647321
2007-05-18 00:00:00-04:00,32.03488418505125
2007-05-21 00:00:00-04:00,31.965194917070328
2007-05-22 00:00:00-04:00,32.33108648975134
2007-05-23 00:00:00-04:00,32.44723661928209
2007-05-24 00:00:00-04:00,32.60403719569588
2007-05-25 00:00:00-04:00,31.97681448857742
2007-05-29 00:00:00-04:00,31.994245074021503
2007-05-30 00:00:00-04:00,32.255572355934405
2007-05-31 00:00:00-04:00,32.23234602921395
2007-06-01 00:00:00-04:00,32.25557305539465
2007-06-04 00:00:00-04:00,32.47045966135793
2007-06-05 00:00:00-04:00,32.49949533437487
2007-06-06 00:00:00-04:00,32.01745537839823
2007-06-07 00:00:00-04:00,32.052318944374484
2007-06-08 00:00:00-04:00,31.651586976214336
2007-06-11 00:00:00-04:00,31.70385147221936
2007-06-12 00:00:00-04:00,31.425086321547685
2007-06-13 00:00:00-04:00,31.10567172854748
2007-06-14 00:00:00-04:00,31.07082430223271
2007-06-15 00:00:00-04:00,31.34377693023798
2007-06-18 00:00:00-04:00,31.547058224150817
2007-06-19 00:00:00-04:00,31.210200583084067
2007-06-20 00:00:00-04:00,31.36119919266615
2007-06-21 00:00:00-04:00,31.099862806728055
2007-06-22 00:00:00-04:00,31.070822448419396
2007-06-25 00:00:00-04:00,31.012761525154772
2007-06-26 00:00:00-04:00,31.24505357820245
2007-06-27 00:00:00-04:00,31.140507890749774
2007-06-28 00:00:00-04:00,31.39023205666998
2007-06-29 00:00:00-04:00,31.268276900100904
2007-07-02 00:00:00-04:00,31.500587998085237
2007-07-03 00:00:00-04:00,31.711128014753783
2007-07-05 00:00:00-04:00,31.646772175774014
2007-07-06 00:00:00-04:00,31.377633378543972
2007-07-09 00:00:00-04:00,31.68773003185438
2007-07-10 00:00:00-04:00,31.330823809429052
2007-07-11 00:00:00-04:00,31.20795933010742
2007-07-12 00:00:00-04:00,31.3308258091083
2007-07-13 00:00:00-04:00,31.722833124856322
2007-07-16 00:00:00-04:00,31.822300709721635
2007-07-17 00:00:00-04:00,31.63506754857318
2007-07-18 00:00:00-04:00,31.38934282002963
2007-07-19 00:00:00-04:00,31.20210964420336
2007-07-20 00:00:00-04:00,31.37176956068141
2007-07-23 00:00:00-04:00,31.00903528326197
2007-07-24 00:00:00-04:00,30.72234761648039
2007-07-25 00:00:00-04:00,30.160673369505563
2007-07-26 00:00:00-04:00,30.219197323904464
2007-07-27 00:00:00-04:00,30.21334282537635
2007-07-30 00:00:00-04:00,29.8681471072821
2007-07-31 00:00:00-04:00,30.13726499249447
2007-08-01 00:00:00-04:00,30.04365759709168
2007-08-02 00:00:00-04:00,30.312793345665856
2007-08-03 00:00:00-04:00,31.886647518285308
2007-08-06 00:00:00-04:00,31.559017133198815
2007-08-07 00:00:00-04:00,32.588743334441894
2007-08-08 00:00:00-04:00,32.93979096161414
2007-08-09 00:00:00-04:00,34.23280553171883
2007-08-10 00:00:00-04:00,34.66575320794079
2007-08-13 00:00:00-04:00,32.29035766350154
2007-08-14 00:00:00-04:00,32.37227149487601
2007-08-15 00:00:00-04:00,32.1440829779502
2007-08-16 00:00:00-04:00,32.23768837696028
2007-08-17 00:00:00-04:00,33.01584449990551
2007-08-20 00:00:00-04:00,32.75257132920942
2007-08-21 00:00:00-04:00,32.20258524355035
2007-08-22 00:00:00-04:00,32.75255978284618
2007-08-23 00:00:00-04:00,32.56534307504652
2007-08-24 00:00:00-04:00,32.758415911766335
2007-08-27 00:00:00-04:00,32.76426443948959
2007-08-28 00:00:00-04:00,32.62969725527386
2007-08-29 00:00:00-04:00,32.512675641030654
2007-08-30 00:00:00-04:00,32.664808726412964
2007-08-31 00:00:00-04:00,33.06851170727734
2007-09-04 00:00:00-04:00,32.76426894275636
2007-09-05 00:00:00-04:00,34.51365248344323
2007-09-06 00:00:00-04:00,35.888569813837066
2007-09-07 00:00:00-04:00,35.473154751380356
2007-09-10 00:00:00-04:00,34.95829909989977
2007-09-11 00:00:00-04:00,34.85885105192626
2007-09-12 00:00:00-04:00,35.51413603098668
2007-09-13 00:00:00-04:00,35.34444371602433
2007-09-14 00:00:00-04:00,35.777400271940444
2007-09-17 00:00:00-04:00,35.74231096272838
2007-09-18 00:00:00-04:00,35.71305043489135
2007-09-19 00:00:00-04:00,36.24547981761324
2007-09-20 00:00:00-04:00,35.689655067825726
2007-09-21 00:00:00-04:00,35.338611224040406
2007-09-24 00:00:00-04:00,35.163064784201424
2007-09-25 00:00:00-04:00,34.75936687256195
2007-09-26 00:00:00-04:00,35.43221464609754
2007-09-27 00:00:00-04:00,35.479027055096914
2007-09-28 00:00:00-04:00,35.748155119561176
2007-10-01 00:00:00-04:00,35.68964385986328
2007-10-02 00:00:00-04:00,35.76621553072538
2007-10-03 00:00:00-04:00,35.67198511099526
2007-10-04 00:00:00-04:00,35.4540627678848
2007-10-05 00:00:00-04:00,35.3303870200177
2007-10-08 00:00:00-04:00,35.22438656252106
2007-10-09 00:00:00-04:00,35.265619860044154
2007-10-10 00:00:00-04:00,35.071267159952534
2007-10-11 00:00:00-04:00,35.041813385167
2007-10-12 00:00:00-04:00,34.564789358905
2007-10-15 00:00:00-04:00,34.72967865609198
2007-10-16 00:00:00-04:00,34.41752833919928
2007-10-17 00:00:00-04:00,33.82270581692119
2007-10-18 00:00:00-04:00,33.66369040220225
2007-10-19 00:00:00-04:00,33.422230255396535
2007-10-22 00:00:00-04:00,32.99819935920907
2007-10-23 00:00:00-04:00,33.16310259552919
2007-10-24 00:00:00-04:00,33.004087283896794
2007-10-25 00:00:00-04:00,32.75673395081546
2007-10-26 00:00:00-04:00,33.31034974388252
2007-10-29 00:00:00-04:00,33.55770341451292
2007-10-30 00:00:00-04:00,32.9628625110508
2007-10-31 00:00:00-04:00,32.856852777128886
2007-11-01 00:00:00-04:00,33.21022252605287
2007-11-02 00:00:00-04:00,31.572973638615174
2007-11-05 00:00:00-05:00,31.107712794112256
2007-11-06 00:00:00-05:00,31.72608440599059
2007-11-07 00:00:00-05:00,32.103024697670335
2007-11-08 00:00:00-05:00,32.214919057672155
2007-11-09 00:00:00-05:00,32.27969317449634
2007-11-12 00:00:00-05:00,32.48582886111195
2007-11-13 00:00:00-05:00,32.78029167314402
2007-11-14 00:00:00-05:00,33.557704587539156
2007-11-15 00:00:00-05:00,33.17487917196087
2007-11-16 00:00:00-05:00,32.786183002146416
2007-11-19 00:00:00-05:00,32.78617883259336
2007-11-20 00:00:00-05:00,32.58594754935765
2007-11-21 00:00:00-05:00,32.356251654918964
2007-11-23 00:00:00-05:00,32.2738099139093
2007-11-26 00:00:00-05:00,32.89808287899054
2007-11-27 00:00:00-05:00,31.007602152024447
2007-11-28 00:00:00-05:00,31.437494333438828
2007-11-29 00:00:00-05:00,31.302062477686896
2007-11-30 00:00:00-05:00,30.624781626283394
2007-12-03 00:00:00-05:00,30.43633174944165
2007-12-04 00:00:00-05:00,30.159523010253903
2007-12-05 00:00:00-05:00,30.23607791355294
2007-12-06 00:00:00-05:00,30.306749840990648
2007-12-07 00:00:00-05:00,31.037038409967483
2007-12-10 00:00:00-05:00,30.153627903190785
2007-12-11 00:00:00-05:00,30.477547638632778
2007-12-12 00:00:00-05:00,30.30085935157633
2007-12-13 00:00:00-05:00,30.029958651020415
2007-12-14 00:00:00-05:00,30.548227067969304
2007-12-17 00:00:00-05:00,30.825020637477557
2007-12-18 00:00:00-05:00,30.825017191101683
2007-12-19 00:00:00-05:00,31.302063908971274
2007-12-20 00:00:00-05:00,31.184267173091744
2007-12-21 00:00:00-05:00,31.184270003798765
2007-12-24 00:00:00-05:00,31.35506804103033
2007-12-26 00:00:00-05:00,31.720225268639755
2007-12-27 00:00:00-05:00,31.431629542405027
2007-12-28 00:00:00-05:00,30.842693004712253
2007-12-31 00:00:00-05:00,30.389204970913095
2008-01-02 00:00:00-05:00,30.655031854703772
2008-01-03 00:00:00-05:00,30.233314928087637
2008-01-04 00:00:00-05:00,30.173910529831698
2008-01-07 00:00:00-05:00,29.85316393805052
2008-01-08 00:00:00-05:00,30.352096395919617
2008-01-09 00:00:00-05:00,29.954148772319307
2008-01-10 00:00:00-05:00,29.936327113406172
2008-01-11 00:00:00-05:00,30.761954102147797
2008-01-14 00:00:00-05:00,30.20362323115194
2008-01-15 00:00:00-05:00,29.93632698972478
2008-01-16 00:00:00-05:00,29.401749170680265
2008-01-17 00:00:00-05:00,30.19766841386262
2008-01-18 00:00:00-05:00,29.615563418046065
2008-01-22 00:00:00-05:00,28.124705093173283
2008-01-23 00:00:00-05:00,28.623641457735836
2008-01-24 00:00:00-05:00,30.25113970848823
2008-01-25 00:00:00-05:00,29.6987352214169
2008-01-28 00:00:00-05:00,28.599889368400326
2008-01-29 00:00:00-05:00,29.68091320333201
2008-01-30 00:00:00-05:00,30.007601142870364
2008-01-31 00:00:00-05:00,29.437391788859415
2008-02-01 00:00:00-05:00,30.23332167465181
2008-02-04 00:00:00-05:00,30.46496861738557
2008-02-05 00:00:00-05:00,30.12046027035449
2008-02-06 00:00:00-05:00,30.120456198732715
2008-02-07 00:00:00-05:00,29.76407369620195
2008-02-08 00:00:00-05:00,30.043235183662766
2008-02-11 00:00:00-05:00,29.966014240969034
2008-02-12 00:00:00-05:00,29.443328930114333
2008-02-13 00:00:00-05:00,30.1264000939119
2008-02-14 00:00:00-05:00,30.482789787841057
2008-02-15 00:00:00-05:00,29.443319086251137
2008-02-19 00:00:00-05:00,30.15014742936605
2008-02-20 00:00:00-05:00,29.110703374884487
2008-02-21 00:00:00-05:00,29.722492037945436
2008-02-22 00:00:00-05:00,28.59393544860775
2008-02-25 00:00:00-05:00,28.71866908945451
2008-02-26 00:00:00-05:00,29.31264579847234
2008-02-27 00:00:00-05:00,29.906621302726666
2008-02-28 00:00:00-05:00,30.399628351189268
2008-02-29 00:00:00-05:00,29.372047599116026
2008-03-03 00:00:00-05:00,29.484896754966698
2008-03-04 00:00:00-05:00,29.971956966049508
2008-03-05 00:00:00-05:00,31.10051889637816
2008-03-06 00:00:00-05:00,30.26894391807906
2008-03-07 00:00:00-05:00,29.716559550205446
2008-03-10 00:00:00-04:00,30.45308686575311
2008-03-11 00:00:00-04:00,30.363993874580505
2008-03-12 00:00:00-04:00,31.148033879462478
2008-03-13 00:00:00-04:00,29.99571182962745
2008-03-14 00:00:00-04:00,30.91044730202606
2008-03-17 00:00:00-04:00,29.69873030209227
2008-03-18 00:00:00-04:00,30.53624152420241
2008-03-19 00:00:00-04:00,30.8866815266705
2008-03-20 00:00:00-04:00,30.26301691502992
2008-03-24 00:00:00-04:00,30.750073617821876
2008-03-25 00:00:00-04:00,30.286761560733773
2008-03-26 00:00:00-04:00,30.57781371247497
2008-03-27 00:00:00-04:00,30.453085095661198
2008-03-28 00:00:00-04:00,30.17390910970027
2008-03-31 00:00:00-04:00,30.00166415085056
2008-04-01 00:00:00-04:00,31.005474436479254
2008-04-02 00:00:00-04:00,31.64108920394717
2008-04-03 00:00:00-04:00,31.33563159575574
2008-04-04 00:00:00-04:00,31.197877512620448
2008-04-07 00:00:00-04:00,31.16193704164647
2008-04-08 00:00:00-04:00,31.14396740084198
2008-04-09 00:00:00-04:00,30.910412382914654
2008-04-10 00:00:00-04:00,31.419473194089022
2008-04-11 00:00:00-04:00,31.37156482509021
2008-04-14 00:00:00-04:00,31.096051023441294
2008-04-15 00:00:00-04:00,31.335632368709813
2008-04-16 00:00:00-04:00,31.934551122687342
2008-04-17 00:00:00-04:00,32.563416117184595
2008-04-18 00:00:00-04:00,32.8269526339245
2008-04-21 00:00:00-04:00,32.53347057953498
2008-04-22 00:00:00-04:00,31.982463934656092
2008-04-23 00:00:00-04:00,32.00642577483478
2008-04-24 00:00:00-04:00,31.886638486030645
2008-04-25 00:00:00-04:00,32.8449077214669
2008-04-28 00:00:00-04:00,32.88684344668622
2008-04-29 00:00:00-04:00,32.56343377498376
2008-04-30 00:00:00-04:00,32.29989762154515
2008-05-01 00:00:00-04:00,31.97647215521687
2008-05-02 00:00:00-04:00,33.59356881909859
2008-05-05 00:00:00-04:00,33.31206504414426
2008-05-06 00:00:00-04:00,32.32982902554863
2008-05-07 00:00:00-04:00,32.44363697547861
2008-05-08 00:00:00-04:00,31.79080979382545
2008-05-09 00:00:00-04:00,31.79083024740047
2008-05-12 00:00:00-04:00,32.102244756182756
2008-05-13 00:00:00-04:00,32.10225752475235
2008-05-14 00:00:00-04:00,31.97648035518055
2008-05-15 00:00:00-04:00,31.98246260137949
2008-05-16 00:00:00-04:00,31.892615223511275
2008-05-19 00:00:00-04:00,32.33583408253252
2008-05-20 00:00:00-04:00,31.7429033529004
2008-05-21 00:00:00-04:00,31.36557871356021
2008-05-22 00:00:00-04:00,30.910389445399588
2008-05-23 00:00:00-04:00,30.784613718374235
2008-05-27 00:00:00-04:00,30.724725113416945
2008-05-28 00:00:00-04:00,30.53906978203438
2008-05-29 00:00:00-04:00,30.4432430267334
2008-05-30 00:00:00-04:00,30.54504383324996
2008-06-02 00:00:00-04:00,30.413292229571347
2008-06-03 00:00:00-04:00,29.97607657879351
2008-06-04 00:00:00-04:00,30.13777945624182
2008-06-05 00:00:00-04:00,30.209653930918222
2008-06-06 00:00:00-04:00,30.37735393627202
2008-06-09 00:00:00-04:00,29.862277536522274
2008-06-10 00:00:00-04:00,29.21543018228019
2008-06-11 00:00:00-04:00,29.62270784315465
2008-06-12 00:00:00-04:00,30.01200722362355
2008-06-13 00:00:00-04:00,29.85030967124676
2008-06-16 00:00:00-04:00,29.946140955067346
2008-06-17 00:00:00-04:00,29.760469746314868
2008-06-18 00:00:00-04:00,28.754272375719747
2008-06-19 00:00:00-04:00,28.975877930770483
2008-06-20 00:00:00-04:00,29.311277386891078
2008-06-23 00:00:00-04:00,28.939935107233463
2008-06-24 00:00:00-04:00,28.472789648571364
2008-06-25 00:00:00-04:00,28.448815757320542
2008-06-26 00:00:00-04:00,27.987663416404835
2008-06-27 00:00:00-04:00,27.81396868757464
2008-06-30 00:00:00-04:00,27.86787641225279
2008-07-01 00:00:00-04:00,27.531440645265604
2008-07-02 00:00:00-04:00,27.52538878252785
2008-07-03 00:00:00-04:00,27.28956517278128
2008-07-07 00:00:00-04:00,27.162570287270707
2008-07-08 00:00:00-04:00,26.79372763647551
2008-07-09 00:00:00-04:00,27.21700327182938
2008-07-10 00:00:00-04:00,26.624413378767503
2008-07-11 00:00:00-04:00,25.971343015107337
2008-07-14 00:00:00-04:00,26.25554120052519
2008-07-15 00:00:00-04:00,25.451321207469935
2008-07-16 00:00:00-04:00,25.34851787847848
2008-07-17 00:00:00-04:00,26.582079254213255
2008-07-18 00:00:00-04:00,26.69091930278905
2008-07-21 00:00:00-04:00,26.805812451667695
2008-07-22 00:00:00-04:00,26.255537712160994
2008-07-23 00:00:00-04:00,27.180718396835275
2008-07-24 00:00:00-04:00,27.144438885193985
2008-07-25 00:00:00-04:00,26.64859202258755
2008-07-28 00:00:00-04:00,26.53370263422053
2008-07-29 00:00:00-04:00,26.34624913429778
2008-07-30 00:00:00-04:00,27.27746671750933
2008-07-31 00:00:00-04:00,27.67656368898706
2008-08-01 00:00:00-04:00,26.436958084747705
2008-08-04 00:00:00-04:00,27.422597446797226
2008-08-05 00:00:00-04:00,27.43469036239696
2008-08-06 00:00:00-04:00,27.779361293738532
2008-08-07 00:00:00-04:00,27.791444054165755
2008-08-08 00:00:00-04:00,27.525391086432066
2008-08-11 00:00:00-04:00,27.82773259838904
2008-08-12 00:00:00-04:00,27.99704515692122
2008-08-13 00:00:00-04:00,27.386309258323326
2008-08-14 00:00:00-04:00,27.144438808636743
2008-08-15 00:00:00-04:00,27.80354372954356
2008-08-18 00:00:00-04:00,28.29938591735685
2008-08-19 00:00:00-04:00,27.337941503372722
2008-08-20 00:00:00-04:00,27.210944625175525
2008-08-21 00:00:00-04:00,27.186758187810728
2008-08-22 00:00:00-04:00,27.368174627773524
2008-08-25 00:00:00-04:00,27.368165600176493
2008-08-26 00:00:00-04:00,26.993264013208538
2008-08-27 00:00:00-04:00,27.28956165465216
2008-08-28 00:00:00-04:00,27.603992618364842
2008-08-29 00:00:00-04:00,27.67657168999903
2008-09-02 00:00:00-04:00,28.35987533543491
2008-09-03 00:00:00-04:00,28.281248619906197
2008-09-04 00:00:00-04:00,28.130072518615002
2008-09-05 00:00:00-04:00,27.815643651873387
2008-09-08 00:00:00-04:00,28.565442469348202
2008-09-09 00:00:00-04:00,28.384045429417707
2008-09-10 00:00:00-04:00,28.01518448989204
2008-09-11 00:00:00-04:00,27.978907357790963
2008-09-12 00:00:00-04:00,28.867796888556903
2008-09-15 00:00:00-04:00,27.138387520632133
2008-09-16 00:00:00-04:00,26.92070797762422
2008-09-17 00:00:00-04:00,27.392360731168335
2008-09-18 00:00:00-04:00,26.418812449223818
2008-09-19 00:00:00-04:00,29.00082389433507
2008-09-22 00:00:00-04:00,29.02501167951176
2008-09-23 00:00:00-04:00,27.930527376008982
2008-09-24 00:00:00-04:00,28.154271938249643
2008-09-25 00:00:00-04:00,29.025012193151
2008-09-26 00:00:00-04:00,28.72266748073232
2008-09-29 00:00:00-04:00,29.151998001578747
2008-09-30 00:00:00-04:00,26.55183169203835
2008-10-01 00:00:00-04:00,25.07742716429765
2008-10-02 00:00:00-04:00,26.495061584785265
2008-10-03 00:00:00-04:00,26.8616838527162
2008-10-06 00:00:00-04:00,25.059098274759894
2008-10-07 00:00:00-04:00,24.4908184026135
2008-10-08 00:00:00-04:00,23.873654596588878
2008-10-09 00:00:00-04:00,22.63933924189778
2008-10-10 00:00:00-04:00,20.94062614440918
2008-10-13 00:00:00-04:00,22.205498322679166
2008-10-14 00:00:00-04:00,23.164844722188388
2008-10-15 00:00:00-04:00,22.126056737539205
2008-10-16 00:00:00-04:00,21.02006833640622
2008-10-17 00:00:00-04:00,20.7817559315105
2008-10-20 00:00:00-04:00,21.466120855363265
2008-10-21 00:00:00-04:00,22.46212853951519
2008-10-22 00:00:00-04:00,21.58224037776316
2008-10-23 00:00:00-04:00,21.307253499063943
2008-10-24 00:00:00-04:00,20.714531906003213
2008-10-27 00:00:00-04:00,21.967191637197715
2008-10-28 00:00:00-04:00,20.402900846207523
2008-10-29 00:00:00-04:00,21.032291209633392
2008-10-30 00:00:00-04:00,21.99774075287045
2008-10-31 00:00:00-04:00,21.820521896150844
2008-11-03 00:00:00-05:00,22.810443595812238
2008-11-04 00:00:00-05:00,23.598698052977735
2008-11-05 00:00:00-05:00,23.030415698249875
2008-11-06 00:00:00-05:00,21.97329970891308
2008-11-07 00:00:00-05:00,21.765546684685887
2008-11-10 00:00:00-05:00,22.30937372277109
2008-11-11 00:00:00-05:00,21.4172503080572
2008-11-12 00:00:00-05:00,21.93662450305431
2008-11-13 00:00:00-05:00,22.156610000844818
2008-11-14 00:00:00-05:00,23.67812563962082
2008-11-17 00:00:00-05:00,22.914314971735994
2008-11-18 00:00:00-05:00,22.45602316045378
2008-11-19 00:00:00-05:00,22.14439755230437
2008-11-20 00:00:00-05:00,20.56788747219189
2008-11-21 00:00:00-05:00,19.48022440101066
2008-11-24 00:00:00-05:00,20.7756421919551
2008-11-25 00:00:00-05:00,21.997748857624448
2008-11-26 00:00:00-05:00,21.209485641524218
2008-11-28 00:00:00-05:00,21.942749739639144
2008-12-01 00:00:00-05:00,22.303262344008964
2008-12-02 00:00:00-05:00,20.83674897198248
2008-12-03 00:00:00-05:00,21.44780501247901
2008-12-04 00:00:00-05:00,22.29104408621406
2008-12-05 00:00:00-05:00,21.576119245015335
2008-12-08 00:00:00-05:00,22.755444992275574
2008-12-09 00:00:00-05:00,22.993744471423536
2008-12-10 00:00:00-05:00,22.541570700892322
2008-12-11 00:00:00-05:00,22.657668516367938
2008-12-12 00:00:00-05:00,21.368371025788147
2008-12-15 00:00:00-05:00,22.76766516187507
2008-12-16 00:00:00-05:00,22.51712913801127
2008-12-17 00:00:00-05:00,23.568129893994737
2008-12-18 00:00:00-05:00,23.170955661482846
2008-12-19 00:00:00-05:00,22.60268292736279
2008-12-22 00:00:00-05:00,22.67600458109436
2008-12-23 00:00:00-05:00,22.40102703949214
2008-12-24 00:00:00-05:00,22.413248587708512
2008-12-26 00:00:00-05:00,22.23604903225072
2008-12-29 00:00:00-05:00,22.822656642758993
2008-12-30 00:00:00-05:00,22.36436070008512
2008-12-31 00:00:00-05:00,23.08137653069683
2009-01-02 00:00:00-05:00,23.34731936272756
2009-01-05 00:00:00-05:00,23.48338443924603
2009-01-06 00:00:00-05:00,23.285469202271134
2009-01-07 00:00:00-05:00,23.34732005740172
2009-01-08 00:00:00-05:00,22.883462914021244
2009-01-09 00:00:00-05:00,23.273090067872943
2009-01-12 00:00:00-05:00,22.963864583363403
2009-01-13 00:00:00-05:00,22.574227009774585
2009-01-14 00:00:00-05:00,22.84635156701857
2009-01-15 00:00:00-05:00,22.320660029208824
2009-01-16 00:00:00-05:00,23.099939779278138
2009-01-20 00:00:00-05:00,23.471012991517483
2009-01-21 00:00:00-05:00,22.902010249055532
2009-01-22 00:00:00-05:00,23.22361767713707
2009-01-23 00:00:00-05:00,22.530936720414637
2009-01-26 00:00:00-05:00,22.30828454722383
2009-01-27 00:00:00-05:00,22.61752678175896
2009-01-28 00:00:00-05:00,22.98241466760074
2009-01-29 00:00:00-05:00,23.539037364876457
2009-01-30 00:00:00-05:00,22.376325369887056
2009-02-02 00:00:00-05:00,21.764025721630617
2009-02-03 00:00:00-05:00,22.28354805158508
2009-02-04 00:00:00-05:00,22.81543056996702
2009-02-05 00:00:00-05:00,22.03616398611142
2009-02-06 00:00:00-05:00,22.59278088455486
2009-02-09 00:00:00-05:00,22.71029771185294
2009-02-10 00:00:00-05:00,22.425799550898176
2009-02-11 00:00:00-05:00,21.906275571591614
2009-02-12 00:00:00-05:00,22.48144832801705
2009-02-13 00:00:00-05:00,22.636070392828334
2009-02-17 00:00:00-05:00,21.33728298845397
2009-02-18 00:00:00-05:00,21.436245125623543
2009-02-19 00:00:00-05:00,21.467169520851446
2009-02-20 00:00:00-05:00,20.465235052789836
2009-02-23 00:00:00-05:00,20.199293209957712
2009-02-24 00:00:00-05:00,19.321058587348336
2009-02-25 00:00:00-05:00,20.112711014143542
2009-02-26 00:00:00-05:00,20.434324621310346
2009-02-27 00:00:00-05:00,19.197367439773746
2009-03-02 00:00:00-05:00,18.52941986872614
2009-03-03 00:00:00-05:00,18.937618729231687
2009-03-04 00:00:00-05:00,18.387165704744532
2009-03-05 00:00:00-05:00,17.910952055952333
2009-03-06 00:00:00-05:00,17.867659564990653
2009-03-09 00:00:00-04:00,17.663558687530298
2009-03-10 00:00:00-04:00,18.164521377315253
2009-03-11 00:00:00-04:00,18.844847127203604
2009-03-12 00:00:00-04:00,18.770626418968337
2009-03-13 00:00:00-04:00,19.562273902875535
2009-03-16 00:00:00-04:00,19.791105728885906
2009-03-17 00:00:00-04:00,19.56226220807928
2009-03-18 00:00:00-04:00,20.162184983902492
2009-03-19 00:00:00-04:00,21.201214806645172
2009-03-20 00:00:00-04:00,20.582745690522326
2009-03-23 00:00:00-04:00,20.72499029297867
2009-03-24 00:00:00-04:00,21.529013180331265
2009-03-25 00:00:00-04:00,20.075598563876763
2009-03-26 00:00:00-04:00,21.30017275350315
2009-03-27 00:00:00-04:00,21.281621197117303
2009-03-30 00:00:00-04:00,20.61366734289308
2009-03-31 00:00:00-04:00,21.46098144837013
2009-04-01 00:00:00-04:00,21.321120215767458
2009-04-02 00:00:00-04:00,21.30858405744226
2009-04-03 00:00:00-04:00,21.208316643701814
2009-04-06 00:00:00-04:00,21.25217925041187
2009-04-07 00:00:00-04:00,21.014023081307837
2009-04-08 00:00:00-04:00,20.81347505289745
2009-04-09 00:00:00-04:00,21.358724072544582
2009-04-13 00:00:00-04:00,21.57180514559444
2009-04-14 00:00:00-04:00,21.759826130548994
2009-04-15 00:00:00-04:00,20.694396329659707
2009-04-16 00:00:00-04:00,21.65955690144691
2009-04-17 00:00:00-04:00,21.653284266783405
2009-04-20 00:00:00-04:00,21.321123578788193
2009-04-21 00:00:00-04:00,20.81974329923326
2009-04-22 00:00:00-04:00,21.60314748174675
2009-04-23 00:00:00-04:00,21.11430453155509
2009-04-24 00:00:00-04:00,21.665817443696866
2009-04-27 00:00:00-04:00,21.133110086637316
2009-04-28 00:00:00-04:00,21.220848974922713
2009-04-29 00:00:00-04:00,21.49033521474964
2009-04-30 00:00:00-04:00,22.173466601638403
2009-05-01 00:00:00-04:00,22.02305132267391
2009-05-04 00:00:00-04:00,21.64701660946966
2009-05-05 00:00:00-04:00,21.026565115221942
2009-05-06 00:00:00-04:00,21.640751162759415
2009-05-07 00:00:00-04:00,21.571812197656744
2009-05-08 00:00:00-04:00,21.471532948982098
2009-05-11 00:00:00-04:00,21.9854457606216
2009-05-12 00:00:00-04:00,22.148397956732985
2009-05-13 00:00:00-04:00,21.540467927023393
2009-05-14 00:00:00-04:00,21.258444726863065
2009-05-15 00:00:00-04:00,21.63448784274103
2009-05-18 00:00:00-04:00,21.71596089007698
2009-05-19 00:00:00-04:00,21.947840367691636
2009-05-20 00:00:00-04:00,21.74102755472868
2009-05-21 00:00:00-04:00,21.308585466837073
2009-05-22 00:00:00-04:00,21.158177201239596
2009-05-26 00:00:00-04:00,21.139371112678894
2009-05-27 00:00:00-04:00,21.77236161422568
2009-05-28 00:00:00-04:00,21.440196025088287
2009-05-29 00:00:00-04:00,21.521676723508406
2009-06-01 00:00:00-04:00,21.866370864485813
2009-06-02 00:00:00-04:00,22.267471633482618
2009-06-03 00:00:00-04:00,22.724981083859
2009-06-04 00:00:00-04:00,22.662310255906075
2009-06-05 00:00:00-04:00,23.144880367199068
2009-06-08 00:00:00-04:00,22.86286878245153
2009-06-09 00:00:00-04:00,23.00701142411393
2009-06-10 00:00:00-04:00,22.79392354751802
2009-06-11 00:00:00-04:00,22.850331488826217
2009-06-12 00:00:00-04:00,22.50563481951889
2009-06-15 00:00:00-04:00,22.530702207502944
2009-06-16 00:00:00-04:00,22.54323266275768
2009-06-17 00:00:00-04:00,21.803702913324727
2009-06-18 00:00:00-04:00,21.747293117135396
2009-06-19 00:00:00-04:00,22.342686186441576
2009-06-22 00:00:00-04:00,22.167200516932954
2009-06-23 00:00:00-04:00,21.903984758273282
2009-06-24 00:00:00-04:00,21.759825079904637
2009-06-25 00:00:00-04:00,21.55301728644234
2009-06-26 00:00:00-04:00,21.559282750254606
2009-06-29 00:00:00-04:00,22.041843574410272
2009-06-30 00:00:00-04:00,22.374015422677058
2009-07-01 00:00:00-04:00,22.53222535300639
2009-07-02 00:00:00-04:00,22.70993778798461
2009-07-06 00:00:00-04:00,21.897503245074617
2009-07-07 00:00:00-04:00,22.786104743901138
2009-07-08 00:00:00-04:00,22.284677486606252
2009-07-09 00:00:00-04:00,22.576640832719495
2009-07-10 00:00:00-04:00,22.46874708544133
2009-07-13 00:00:00-04:00,22.58299702486501
2009-07-14 00:00:00-04:00,22.849565793349413
2009-07-15 00:00:00-04:00,23.008246252938683
2009-07-16 00:00:00-04:00,23.03363915106041
2009-07-17 00:00:00-04:00,22.86226459772323
2009-07-20 00:00:00-04:00,23.141536880168
2009-07-21 00:00:00-04:00,22.976507153799393
2009-07-22 00:00:00-04:00,22.919383145340923
2009-07-23 00:00:00-04:00,23.09711993435334
2009-07-24 00:00:00-04:00,23.065361861112045
2009-07-27 00:00:00-04:00,23.24308446933955
2009-07-28 00:00:00-04:00,23.116147737892756
2009-07-29 00:00:00-04:00,23.64296455360856
2009-07-30 00:00:00-04:00,23.712781737015202
2009-07-31 00:00:00-04:00,23.59218453095426
2009-08-03 00:00:00-04:00,24.00474552500172
2009-08-04 00:00:00-04:00,23.98570806255895
2009-08-05 00:00:00-04:00,24.11899537669911
2009-08-06 00:00:00-04:00,24.461736924640707
2009-08-07 00:00:00-04:00,24.042836097230605
2009-08-10 00:00:00-04:00,23.750852838992337
2009-08-11 00:00:00-04:00,23.731812682236473
2009-08-12 00:00:00-04:00,23.58583876997063
2009-08-13 00:00:00-04:00,23.928582749634213
2009-08-14 00:00:00-04:00,24.08725825854807
2009-08-17 00:00:00-04:00,23.490626967188046
2009-08-18 00:00:00-04:00,23.70643316586729
2009-08-19 00:00:00-04:00,23.535060415398657
2009-08-20 00:00:00-04:00,24.207852353365006
2009-08-21 00:00:00-04:00,24.04917351624447
2009-08-24 00:00:00-04:00,24.42366158430463
2009-08-25 00:00:00-04:00,24.22688865479998
2009-08-26 00:00:00-04:00,24.315757984138024
2009-08-27 00:00:00-04:00,24.37288689050387
2009-08-28 00:00:00-04:00,24.54424153727834
2009-08-31 00:00:00-04:00,24.245930704185906
2009-09-01 00:00:00-04:00,24.442693591708398
2009-09-02 00:00:00-04:00,24.030138870904402
2009-09-03 00:00:00-04:00,24.068220333760507
2009-09-04 00:00:00-04:00,24.157072307531156
2009-09-08 00:00:00-04:00,24.417316777866446
2009-09-09 00:00:00-04:00,24.23323415249462
2009-09-10 00:00:00-04:00,24.119000684606412
2009-09-11 00:00:00-04:00,24.226896207976914
2009-09-14 00:00:00-04:00,23.744517341398875
2009-09-15 00:00:00-04:00,23.865100860595703
2009-09-16 00:00:00-04:00,23.909533585856508
2009-09-17 00:00:00-04:00,24.14438824525101
2009-09-18 00:00:00-04:00,24.214203437722237
2009-09-21 00:00:00-04:00,23.693739050324226
2009-09-22 00:00:00-04:00,24.15073799514535
2009-09-23 00:00:00-04:00,23.992051442283902
2009-09-24 00:00:00-04:00,23.82702727096307
2009-09-25 00:00:00-04:00,23.693726099328146
2009-09-28 00:00:00-04:00,23.58583850562669
2009-09-29 00:00:00-04:00,24.03649278560639
2009-09-30 00:00:00-04:00,24.37287625029087
2009-10-01 00:00:00-04:00,23.724857494458686
2009-10-02 00:00:00-04:00,23.191643156356733
2009-10-05 00:00:00-04:00,23.217340871698458
2009-10-06 00:00:00-04:00,23.474300968806727
2009-10-07 00:00:00-04:00,23.51285651130902
2009-10-08 00:00:00-04:00,23.577094657906887
2009-10-09 00:00:00-04:00,23.493586348282804
2009-10-12 00:00:00-04:00,23.88545703017693
2009-10-13 00:00:00-04:00,23.834057712359318
2009-10-14 00:00:00-04:00,23.930425798385134
2009-10-15 00:00:00-04:00,23.673464958702674
2009-10-16 00:00:00-04:00,23.609222404961454
2009-10-19 00:00:00-04:00,23.70557879569266
2009-10-20 00:00:00-04:00,23.859760187602678
2009-10-21 00:00:00-04:00,23.705582173444068
2009-10-22 00:00:00-04:00,23.44861207672137
2009-10-23 00:00:00-04:00,23.782679389854994
2009-10-26 00:00:00-04:00,23.532125022527097
2009-10-27 00:00:00-04:00,23.268735877846627
2009-10-28 00:00:00-04:00,23.095278906537246
2009-10-29 00:00:00-04:00,23.30726829106698
2009-10-30 00:00:00-04:00,23.243038350817788
2009-11-02 00:00:00-05:00,22.607032031368917
2009-11-03 00:00:00-05:00,22.594184344041565
2009-11-04 00:00:00-05:00,23.056723969194266
2009-11-05 00:00:00-05:00,22.767632798814073
2009-11-06 00:00:00-05:00,23.01818902809917
2009-11-09 00:00:00-05:00,23.27515411376953
2009-11-10 00:00:00-05:00,23.294423497497966
2009-11-11 00:00:00-05:00,23.281577676943222
2009-11-12 00:00:00-05:00,23.416490706002612
2009-11-13 00:00:00-05:00,23.448604583740234
2009-11-16 00:00:00-05:00,23.5771007458098
2009-11-17 00:00:00-05:00,23.43576321738078
2009-11-18 00:00:00-05:00,23.602793722980458
2009-11-19 00:00:00-05:00,23.795533796874047
2009-11-20 00:00:00-05:00,23.551400578769112
2009-11-23 00:00:00-05:00,23.65418875366938
2009-11-24 00:00:00-05:00,23.840490100352334
2009-11-25 00:00:00-05:00,23.808364338540986
2009-11-27 00:00:00-05:00,23.031028281788444
2009-11-30 00:00:00-05:00,23.35867558916683
2009-12-01 00:00:00-05:00,23.94970528632211
2009-12-02 00:00:00-05:00,23.75054809280662
2009-12-03 00:00:00-05:00,23.544980029698728
2009-12-04 00:00:00-05:00,23.744127113634377
2009-12-07 00:00:00-05:00,23.853342056274414
2009-12-08 00:00:00-05:00,23.834077763182925
2009-12-09 00:00:00-05:00,24.071764744321147
2009-12-10 00:00:00-05:00,24.08462181601394
2009-12-11 00:00:00-05:00,24.1552736667802
2009-12-14 00:00:00-05:00,24.444379056491094
2009-12-15 00:00:00-05:00,24.50219026283941
2009-12-16 00:00:00-05:00,24.694917602569966
2009-12-17 00:00:00-05:00,24.932614161583096
2009-12-18 00:00:00-05:00,25.17033082059634
2009-12-21 00:00:00-05:00,25.921952077277222
2009-12-22 00:00:00-05:00,25.485105028444497
2009-12-23 00:00:00-05:00,25.645709791932365
2009-12-24 00:00:00-05:00,25.62644710131047
2009-12-28 00:00:00-05:00,25.857719792514008
2009-12-29 00:00:00-05:00,25.72922646513567
2009-12-30 00:00:00-05:00,25.600747683874136
2009-12-31 00:00:00-05:00,25.508309794903656
2010-01-04 00:00:00-05:00,25.456285614056874
2010-01-05 00:00:00-05:00,25.709878819182403
2010-01-06 00:00:00-05:00,25.144194091710006
2010-01-07 00:00:00-05:00,25.059652892455485
2010-01-08 00:00:00-05:00,25.22871059924136
2010-01-11 00:00:00-05:00,25.29373453876377
2010-01-12 00:00:00-05:00,25.18319122522163
2010-01-13 00:00:00-05:00,25.07266149760022
2010-01-14 00:00:00-05:00,25.319745972817945
2010-01-15 00:00:00-05:00,25.157181653395778
2010-01-19 00:00:00-05:00,25.014139790803103
2010-01-20 00:00:00-05:00,25.3587546272644
2010-01-21 00:00:00-05:00,25.319738734616752
2010-01-22 00:00:00-05:00,25.352256752719914
2010-01-25 00:00:00-05:00,25.05314066621679
2010-01-26 00:00:00-05:00,25.137684780224486
2010-01-27 00:00:00-05:00,25.053149258408666
2010-01-28 00:00:00-05:00,25.28073266472033
2010-01-29 00:00:00-05:00,25.085660129664646
2010-02-01 00:00:00-05:00,25.35225776194167
2010-02-02 00:00:00-05:00,25.176695931933022
2010-02-03 00:00:00-05:00,25.261210676647103
2010-02-04 00:00:00-05:00,25.033647525767712
2010-02-05 00:00:00-05:00,24.793050911547784
2010-02-08 00:00:00-05:00,24.923111981526198
2010-02-09 00:00:00-05:00,24.884089967197106
2010-02-10 00:00:00-05:00,24.604502216358455
2010-02-11 00:00:00-05:00,24.702038323639268
2010-02-12 00:00:00-05:00,24.806077488374214
2010-02-16 00:00:00-05:00,25.098670427698977
2010-02-17 00:00:00-05:00,25.319746442101792
2010-02-18 00:00:00-05:00,25.52130848848367
2010-02-19 00:00:00-05:00,25.807412140621203
2010-02-22 00:00:00-05:00,25.774898500167605
2010-02-23 00:00:00-05:00,25.82042601453468
2010-02-24 00:00:00-05:00,25.72287895922798
2010-02-25 00:00:00-05:00,25.579831166881373
2010-02-26 00:00:00-05:00,25.755396886130868
2010-03-01 00:00:00-05:00,25.683866532126807
2010-03-02 00:00:00-05:00,25.7293867921689
2010-03-03 00:00:00-05:00,25.807414552108746
2010-03-04 00:00:00-05:00,26.347102673905844
2010-03-05 00:00:00-05:00,26.334090737097018
2010-03-08 00:00:00-05:00,25.995985510958995
2010-03-09 00:00:00-05:00,26.15202771867362
2010-03-10 00:00:00-05:00,26.646209259894658
2010-03-11 00:00:00-05:00,26.373105097803094
2010-03-12 00:00:00-05:00,26.65270900683036
2010-03-15 00:00:00-04:00,26.509663551630585
2010-03-16 00:00:00-04:00,26.802256188451597
2010-03-17 00:00:00-04:00,26.951795264535907
2010-03-18 00:00:00-04:00,27.15337703408101
2010-03-19 00:00:00-04:00,27.010325505252844
2010-03-22 00:00:00-04:00,27.18588735250752
2010-03-23 00:00:00-04:00,27.042843873963477
2010-03-24 00:00:00-04:00,27.335445428049333
2010-03-25 00:00:00-04:00,27.28341720455832
2010-03-26 00:00:00-04:00,27.471982509366228
2010-03-29 00:00:00-04:00,27.771084708395477
2010-03-30 00:00:00-04:00,27.881632329395337
2010-03-31 00:00:00-04:00,27.647550144986134
2010-04-01 00:00:00-04:00,28.11651505577591
2010-04-05 00:00:00-04:00,28.004732178985936
2010-04-06 00:00:00-04:00,28.24145837375803
2010-04-07 00:00:00-04:00,28.478160852377655
2010-04-08 00:00:00-04:00,28.57679717611851
2010-04-09 00:00:00-04:00,28.767475548886743
2010-04-12 00:00:00-04:00,28.747756976713045
2010-04-13 00:00:00-04:00,28.655696786978055
2010-04-14 00:00:00-04:00,29.102818034362112
2010-04-15 00:00:00-04:00,29.46449006656678
2010-04-16 00:00:00-04:00,29.53679385244524
2010-04-19 00:00:00-04:00,29.023924711523673
2010-04-20 00:00:00-04:00,29.43817665155161
2010-04-21 00:00:00-04:00,29.773522984963375
2010-04-22 00:00:00-04:00,29.780098270094406
2010-04-23 00:00:00-04:00,30.141735861902795
2010-04-26 00:00:00-04:00,30.14175100324998
2010-04-27 00:00:00-04:00,30.00366251072706
2010-04-28 00:00:00-04:00,29.766952156228975
2010-04-29 00:00:00-04:00,29.944482019598365
2010-04-30 00:00:00-04:00,30.470518818757196
2010-05-03 00:00:00-04:00,30.332430618714273
2010-05-04 00:00:00-04:00,30.648055301448906
2010-05-05 00:00:00-04:00,30.28640556859572
2010-05-06 00:00:00-04:00,30.529704871281815
2010-05-07 00:00:00-04:00,29.95763159974458
2010-05-10 00:00:00-04:00,30.312704997009334
2010-05-11 00:00:00-04:00,29.628863019992085
2010-05-12 00:00:00-04:00,30.70065577408179
2010-05-13 00:00:00-04:00,30.90448563855322
2010-05-14 00:00:00-04:00,30.575730516598174
2010-05-17 00:00:00-04:00,30.575729760334546
2010-05-18 00:00:00-04:00,30.9308017628163
2010-05-19 00:00:00-04:00,30.161470461101363
2010-05-20 00:00:00-04:00,29.98394001574075
2010-05-21 00:00:00-04:00,28.905572703301555
2010-05-24 00:00:00-04:00,29.503935023957855
2010-05-25 00:00:00-04:00,28.58994415384104
2010-05-26 00:00:00-04:00,28.84637131453395
2010-05-27 00:00:00-04:00,29.54995658721726
2010-05-28 00:00:00-04:00,30.680925651951185
2010-06-01 00:00:00-04:00,29.74722058669855
2010-06-02 00:00:00-04:00,29.668311704729007
2010-06-03 00:00:00-04:00,30.569137501149093
2010-06-04 00:00:00-04:00,30.13516529638733
2010-06-07 00:00:00-04:00,29.33955109666639
2010-06-08 00:00:00-04:00,29.727484623709202
2010-06-09 00:00:00-04:00,29.990510583057187
2010-06-10 00:00:00-04:00,30.089135076385464
2010-06-11 00:00:00-04:00,30.194342887971978
2010-06-14 00:00:00-04:00,30.707236171900966
2010-06-15 00:00:00-04:00,30.385026660928567
2010-06-16 00:00:00-04:00,30.56915543824302
2010-06-17 00:00:00-04:00,30.865042139995598
2010-06-18 00:00:00-04:00,30.62833629197054
2010-06-21 00:00:00-04:00,30.891349071456435
2010-06-22 00:00:00-04:00,30.424491519062432
2010-06-23 00:00:00-04:00,30.253516836778456
2010-06-24 00:00:00-04:00,29.924757401161177
2010-06-25 00:00:00-04:00,29.714341447075135
2010-06-28 00:00:00-04:00,30.496824915013917
2010-06-29 00:00:00-04:00,30.214068141945507
2010-06-30 00:00:00-04:00,29.905027409632634
2010-07-01 00:00:00-04:00,29.984624681847123
2010-07-02 00:00:00-04:00,29.619134465107344
2010-07-06 00:00:00-04:00,29.90488027564903
2010-07-07 00:00:00-04:00,29.75868638552137
2010-07-08 00:00:00-04:00,30.808688173628777
2010-07-09 00:00:00-04:00,30.875136703573386
2010-07-12 00:00:00-04:00,31.160889032467413
2010-07-13 00:00:00-04:00,31.220698020840995
2010-07-14 00:00:00-04:00,31.745696072634438
2010-07-15 00:00:00-04:00,31.845386487974142
2010-07-16 00:00:00-04:00,31.871970439059726
2010-07-19 00:00:00-04:00,31.34696672938009
2010-07-20 00:00:00-04:00,31.51310930233883
2010-07-21 00:00:00-04:00,32.39031967711474
2010-07-22 00:00:00-04:00,31.945064518690824
2010-07-23 00:00:00-04:00,31.73905367318673
2010-07-26 00:00:00-04:00,32.33714846522539
2010-07-27 00:00:00-04:00,32.72924234110945
2010-07-28 00:00:00-04:00,32.78904761335938
2010-07-29 00:00:00-04:00,32.696016561968044
2010-07-30 00:00:00-04:00,32.21752708100854
2010-08-02 00:00:00-04:00,32.89537618873525
2010-08-03 00:00:00-04:00,33.15455831086586
2010-08-04 00:00:00-04:00,33.639668637319254
2010-08-05 00:00:00-04:00,33.50676648747935
2010-08-06 00:00:00-04:00,33.38049868264183
2010-08-09 00:00:00-04:00,33.85232530754524
2010-08-10 00:00:00-04:00,34.124796073938484
2010-08-11 00:00:00-04:00,33.613103138813095
2010-08-12 00:00:00-04:00,33.21436382647207
2010-08-13 00:00:00-04:00,33.25424163978214
2010-08-16 00:00:00-04:00,32.60297641494521
2010-08-17 00:00:00-04:00,33.06151167289053
2010-08-18 00:00:00-04:00,33.40043224919597
2010-08-19 00:00:00-04:00,33.77924667139686
2010-08-20 00:00:00-04:00,33.41373687753223
2010-08-23 00:00:00-04:00,34.171317623648946
2010-08-24 00:00:00-04:00,33.49347288171318
2010-08-25 00:00:00-04:00,33.42701777665403
2010-08-26 00:00:00-04:00,34.01182536397999
2010-08-27 00:00:00-04:00,34.31086969919477
2010-08-30 00:00:00-04:00,34.70297793753515
2010-08-31 00:00:00-04:00,34.224481237502324
2010-09-01 00:00:00-04:00,35.22130465324607
2010-09-02 00:00:00-04:00,35.71974232727924
2010-09-03 00:00:00-04:00,36.018775373188504
2010-09-07 00:00:00-04:00,35.899149416547594
2010-09-08 00:00:00-04:00,35.45391037308155
2010-09-09 00:00:00-04:00,36.0054986828333
2010-09-10 00:00:00-04:00,36.21814287661419
2010-09-13 00:00:00-04:00,36.41087671558911
2010-09-14 00:00:00-04:00,36.37099698893197
2010-09-15 00:00:00-04:00,36.231445028551384
2010-09-16 00:00:00-04:00,36.54379019819578
2010-09-17 00:00:00-04:00,36.76972637907816
2010-09-20 00:00:00-04:00,36.96908968625091
2010-09-21 00:00:00-04:00,37.26813185568669
2010-09-22 00:00:00-04:00,37.41433017575064
2010-09-23 00:00:00-04:00,36.74978066562537
2010-09-24 00:00:00-04:00,37.04883578409539
2010-09-27 00:00:00-04:00,36.796306785247374
2010-09-28 00:00:00-04:00,37.048834391658005
2010-09-29 00:00:00-04:00,37.188393021325986
2010-09-30 00:00:00-04:00,37.33460178980396
2010-10-01 00:00:00-04:00,37.38889943573423
2010-10-04 00:00:00-04:00,37.26152939872138
2010-10-05 00:00:00-04:00,37.536365767163694
2010-10-06 00:00:00-04:00,37.24814423175314
2010-10-07 00:00:00-04:00,37.42912450588937
2010-10-08 00:00:00-04:00,37.16772219311811
2010-10-11 00:00:00-04:00,37.71064430549995
2010-10-12 00:00:00-04:00,37.43582565150569
2010-10-13 00:00:00-04:00,37.737453039216824
2010-10-14 00:00:00-04:00,37.69724971460289
2010-10-15 00:00:00-04:00,38.10611212863751
2010-10-18 00:00:00-04:00,38.32731590450806
2010-10-19 00:00:00-04:00,38.34742530528376
2010-10-20 00:00:00-04:00,38.40105641347535
2010-10-21 00:00:00-04:00,38.83674541283493
2010-10-22 00:00:00-04:00,38.89705281533545
2010-10-25 00:00:00-04:00,39.12495829817189
2010-10-26 00:00:00-04:00,38.87695077705062
2010-10-27 00:00:00-04:00,38.86355078564119
2010-10-28 00:00:00-04:00,39.21209822060791
2010-10-29 00:00:00-04:00,38.689282463636864
2010-11-01 00:00:00-04:00,38.68258491592766
2010-11-02 00:00:00-04:00,39.500323466148444
2010-11-03 00:00:00-04:00,39.31935001744749
2010-11-04 00:00:00-04:00,40.00974632855513
2010-11-05 00:00:00-04:00,40.35159866560193
2010-11-08 00:00:00-05:00,40.94816687344742
2010-11-09 00:00:00-05:00,40.787289015251844
2010-11-10 00:00:00-05:00,40.32478116360058
2010-11-11 00:00:00-05:00,40.887832504186996
2010-11-12 00:00:00-05:00,40.311374984907054
2010-11-15 00:00:00-05:00,40.69344397177637
2010-11-16 00:00:00-05:00,40.854311248839885
2010-11-17 00:00:00-05:00,40.70015187748047
2010-11-18 00:00:00-05:00,41.276604323359905
2010-11-19 00:00:00-05:00,41.06881537694134
2010-11-22 00:00:00-05:00,41.176065677190635
2010-11-23 00:00:00-05:00,41.16264403626629
2010-11-24 00:00:00-05:00,41.43745847679184
2010-11-26 00:00:00-05:00,41.35033143238389
2010-11-29 00:00:00-05:00,41.67207489448394
2010-11-30 00:00:00-05:00,42.23511322194307
2010-12-01 00:00:00-05:00,42.36246514950017
2010-12-02 00:00:00-05:00,42.087659592638886
2010-12-03 00:00:00-05:00,42.14798458187456
2010-12-06 00:00:00-05:00,42.335658081453005
2010-12-07 00:00:00-05:00,42.4429160213553
2010-12-08 00:00:00-05:00,42.48312638062585
2010-12-09 00:00:00-05:00,42.898709679702804
2010-12-10 00:00:00-05:00,42.55015578349287
2010-12-13 00:00:00-05:00,42.97914712231448
2010-12-14 00:00:00-05:00,42.630595647998355
2010-12-15 00:00:00-05:00,42.6037725840595
2010-12-16 00:00:00-05:00,42.22841942272236
2010-12-17 00:00:00-05:00,42.71772219322436
2010-12-20 00:00:00-05:00,42.342361606157176
2010-12-21 00:00:00-05:00,42.67751619568754
2010-12-22 00:00:00-05:00,42.563567612522334
2010-12-23 00:00:00-05:00,43.23386161236673
2010-12-27 00:00:00-05:00,43.166820895697526
2010-12-28 00:00:00-05:00,43.394724851393136
2010-12-29 00:00:00-05:00,43.46845464591949
2010-12-30 00:00:00-05:00,43.723173166576075
2010-12-31 00:00:00-05:00,43.6762480445045
2011-01-03 00:00:00-05:00,44.22522144539504
2011-01-04 00:00:00-05:00,44.36710210374066
2011-01-05 00:00:00-05:00,44.481942915735196
2011-01-06 00:00:00-05:00,44.44140432819742
2011-01-07 00:00:00-05:00,44.23198384218448
2011-01-10 00:00:00-05:00,44.29277106132705
2011-01-11 00:00:00-05:00,44.590052898834365
2011-01-12 00:00:00-05:00,44.5900389687961
2011-01-13 00:00:00-05:00,44.495454673452194
2011-01-14 00:00:00-05:00,44.49546579440085
2011-01-18 00:00:00-05:00,44.31979583487964
2011-01-19 00:00:00-05:00,44.32655242685848
2011-01-20 00:00:00-05:00,43.86715033778296
2011-01-21 00:00:00-05:00,44.2657629003831
2011-01-24 00:00:00-05:00,43.96848688343614
2011-01-25 00:00:00-05:00,44.03605958997478
2011-01-26 00:00:00-05:00,44.59005100123203
2011-01-27 00:00:00-05:00,44.55626342078228
2011-01-28 00:00:00-05:00,44.792730181070155
2011-01-31 00:00:00-05:00,46.035838872753644
2011-02-01 00:00:00-05:00,45.04946636908984
2011-02-02 00:00:00-05:00,45.51562789662272
2011-02-03 00:00:00-05:00,45.495361318102866
2011-02-04 00:00:00-05:00,46.24528482085146
2011-02-07 00:00:00-05:00,46.21824322650828
2011-02-08 00:00:00-05:00,46.32636735142723
2011-02-09 00:00:00-05:00,46.00204996933939
2011-02-10 00:00:00-05:00,45.90748919589443
2011-02-11 00:00:00-05:00,46.34661808249016
2011-02-14 00:00:00-05:00,46.56959044895951
2011-02-15 00:00:00-05:00,46.14396261533883
2011-02-16 00:00:00-05:00,46.44797677579133
2011-02-17 00:00:00-05:00,46.50877256994691
2011-02-18 00:00:00-05:00,46.5290432576147
2011-02-22 00:00:00-05:00,46.569582313386015
2011-02-23 00:00:00-05:00,46.2993252738925
2011-02-24 00:00:00-05:00,46.083147376402614
2011-02-25 00:00:00-05:00,46.10341186812878
2011-02-28 00:00:00-05:00,46.758741560350586
2011-03-01 00:00:00-05:00,47.157350322092945
2011-03-02 00:00:00-05:00,47.16412099593226
2011-03-03 00:00:00-05:00,47.468114900575635
2011-03-04 00:00:00-05:00,47.64378954889608
2011-03-07 00:00:00-05:00,47.47487831495291
2011-03-08 00:00:00-05:00,47.441119265861026
2011-03-09 00:00:00-05:00,47.96131143554595
2011-03-10 00:00:00-05:00,47.55596441533319
2011-03-11 00:00:00-05:00,47.06277877813787
2011-03-14 00:00:00-04:00,47.36002742298681
2011-03-15 00:00:00-04:00,46.88711195911855
2011-03-16 00:00:00-04:00,47.25867496154006
2011-03-17 00:00:00-04:00,47.72487820660453
2011-03-18 00:00:00-04:00,48.170759241484944
2011-03-21 00:00:00-04:00,47.292481494711666
2011-03-22 00:00:00-04:00,47.39381419585022
2011-03-23 00:00:00-04:00,47.39382170076606
2011-03-24 00:00:00-04:00,47.116820583220914
2011-03-25 00:00:00-04:00,47.19115566124949
2011-03-28 00:00:00-04:00,47.23842093127329
2011-03-29 00:00:00-04:00,47.29922194101427
2011-03-30 00:00:00-04:00,47.45461807306707
2011-03-31 00:00:00-04:00,47.79242398641793
2011-04-01 00:00:00-04:00,48.14375383289427
2011-04-04 00:00:00-04:00,48.81889010368563
2011-04-05 00:00:00-04:00,49.009417282735285
2011-04-06 00:00:00-04:00,49.06383728020665
2011-04-07 00:00:00-04:00,49.138719573735095
2011-04-08 00:00:00-04:00,48.8597204890772
2011-04-11 00:00:00-04:00,48.66235846376923
2011-04-12 00:00:00-04:00,48.66234756967975
2011-04-13 00:00:00-04:00,48.83928144930471
2011-04-14 00:00:00-04:00,48.66917665967932
2011-04-15 00:00:00-04:00,48.94817380375042
2011-04-18 00:00:00-04:00,48.51945957001001
2011-04-19 00:00:00-04:00,48.15198303827345
2011-04-20 00:00:00-04:00,49.19996922453934
2011-04-21 00:00:00-04:00,49.1523311105484
2011-04-25 00:00:00-04:00,48.68959010866211
2011-04-26 00:00:00-04:00,48.34253094101923
2011-04-27 00:00:00-04:00,48.03631269425736
2011-04-28 00:00:00-04:00,48.880109067412235
2011-04-29 00:00:00-04:00,49.13869237259545
2011-05-02 00:00:00-04:00,49.281598942537855
2011-05-03 00:00:00-04:00,48.989012313928605
2011-05-04 00:00:00-04:00,48.57389231764874
2011-05-05 00:00:00-04:00,47.84577708052348
2011-05-06 00:00:00-04:00,47.73006782553596
2011-05-09 00:00:00-04:00,48.2268351193575
2011-05-10 00:00:00-04:00,48.927754931636905
2011-05-11 00:00:00-04:00,48.85290608964537
2011-05-12 00:00:00-04:00,48.25408111394343
2011-05-13 00:00:00-04:00,48.75764098695795
2011-05-16 00:00:00-04:00,48.362956852650385
2011-05-17 00:00:00-04:00,48.13837628986771
2011-05-18 00:00:00-04:00,48.05673014312368
2011-05-19 00:00:00-04:00,49.03664233512421
2011-05-20 00:00:00-04:00,48.82566920587248
2011-05-23 00:00:00-04:00,48.57388509561036
2011-05-24 00:00:00-04:00,48.097553677155936
2011-05-25 00:00:00-04:00,46.70932973053182
2011-05-26 00:00:00-04:00,47.89339674589341
2011-05-27 00:00:00-04:00,48.26767715166813
2011-05-31 00:00:00-04:00,48.40378319810555
2011-06-01 00:00:00-04:00,48.38334791759002
2011-06-02 00:00:00-04:00,47.689257646287544
2011-06-03 00:00:00-04:00,47.634800353919424
2011-06-06 00:00:00-04:00,46.6208744299225
2011-06-07 00:00:00-04:00,47.083620023292404
2011-06-08 00:00:00-04:00,47.43067331584787
2011-06-09 00:00:00-04:00,46.68211757210811
2011-06-10 00:00:00-04:00,46.76377089603769
2011-06-13 00:00:00-04:00,46.72295355644618
2011-06-14 00:00:00-04:00,46.709343627626076
2011-06-15 00:00:00-04:00,46.53241022231531
2011-06-16 00:00:00-04:00,46.03564304629856
2011-06-17 00:00:00-04:00,46.375886546468244
2011-06-20 00:00:00-04:00,45.450402866897356
2011-06-21 00:00:00-04:00,45.715811792917634
2011-06-22 00:00:00-04:00,46.09007246511846
2011-06-23 00:00:00-04:00,45.74985374300403
2011-06-24 00:00:00-04:00,45.66137068644081
2011-06-27 00:00:00-04:00,46.253408930821706
2011-06-28 00:00:00-04:00,47.04959009275653
2011-06-29 00:00:00-04:00,47.22652737826306
2011-06-30 00:00:00-04:00,47.736887854909696
2011-07-01 00:00:00-04:00,48.0665085764154
2011-07-05 00:00:00-04:00,48.231020353818565
2011-07-06 00:00:00-04:00,48.683444936471105
2011-07-07 00:00:00-04:00,49.10843478244577
2011-07-08 00:00:00-04:00,50.335449724584116
2011-07-11 00:00:00-04:00,50.0201416015625
2011-07-12 00:00:00-04:00,49.94475340034849
2011-07-13 00:00:00-04:00,50.1640963830691
2011-07-14 00:00:00-04:00,50.41773986816407
2011-07-15 00:00:00-04:00,50.541140067286086
2011-07-18 00:00:00-04:00,50.4177293227149
2011-07-19 00:00:00-04:00,50.349203176842956
2011-07-20 00:00:00-04:00,50.93868327213027
2011-07-21 00:00:00-04:00,50.883875056874636
2011-07-22 00:00:00-04:00,51.25402721058921
2011-07-25 00:00:00-04:00,50.77419078014814
2011-07-26 00:00:00-04:00,51.11692383306687
2011-07-27 00:00:00-04:00,50.6782134693683
2011-07-28 00:00:00-04:00,50.34232696712779
2011-07-29 00:00:00-04:00,50.04071700369544
2011-08-01 00:00:00-04:00,50.87013995372284
2011-08-02 00:00:00-04:00,49.95158733978063
2011-08-03 00:00:00-04:00,51.58306090283347
2011-08-04 00:00:00-04:00,48.45723100485227
2011-08-05 00:00:00-04:00,48.08706117285439
2011-08-08 00:00:00-04:00,45.50277316966034
2011-08-09 00:00:00-04:00,43.92615979463062
2011-08-10 00:00:00-04:00,46.455598479077615
2011-08-11 00:00:00-04:00,45.48906365829281
2011-08-12 00:00:00-04:00,48.42297091259527
2011-08-15 00:00:00-04:00,48.08706869635263
2011-08-16 00:00:00-04:00,48.77255151277344
2011-08-17 00:00:00-04:00,49.15643659258189
2011-08-18 00:00:00-04:00,47.88826908615339
2011-08-19 00:00:00-04:00,47.19593396701608
2011-08-22 00:00:00-04:00,48.75884517587225
2011-08-23 00:00:00-04:00,48.004814370698845
2011-08-24 00:00:00-04:00,48.806824395821764
2011-08-25 00:00:00-04:00,50.03386897612993
2011-08-26 00:00:00-04:00,48.100768869406444
2011-08-29 00:00:00-04:00,49.69797065741331
2011-08-30 00:00:00-04:00,50.28063022150168
2011-08-31 00:00:00-04:00,50.5411232006405
2011-09-01 00:00:00-04:00,50.15724629567517
2011-09-02 00:00:00-04:00,49.0398923055855
2011-09-06 00:00:00-04:00,47.593517340732575
2011-09-07 00:00:00-04:00,48.841105686724774
2011-09-08 00:00:00-04:00,50.34917554552054
2011-09-09 00:00:00-04:00,49.89675735462921
2011-09-12 00:00:00-04:00,48.656044223901915
2011-09-13 00:00:00-04:00,49.84877253149395
2011-09-14 00:00:00-04:00,50.033845657569366
2011-09-15 00:00:00-04:00,50.561675294764974
2011-09-16 00:00:00-04:00,49.937883710317855
2011-09-19 00:00:00-04:00,49.272954688500306
2011-09-20 00:00:00-04:00,49.65684937904813
2011-09-21 00:00:00-04:00,49.670520018534745
2011-09-22 00:00:00-04:00,48.272148810094734
2011-09-23 00:00:00-04:00,47.285048575782405
2011-09-26 00:00:00-04:00,47.14108844493653
2011-09-27 00:00:00-04:00,48.20360000795126
2011-09-28 00:00:00-04:00,48.79996666049815
2011-09-29 00:00:00-04:00,48.251595000696845
2011-09-30 00:00:00-04:00,48.52576958758859
2011-10-03 00:00:00-04:00,48.70401066995597
2011-10-04 00:00:00-04:00,47.52136961815942
2011-10-05 00:00:00-04:00,49.22718103118109
2011-10-06 00:00:00-04:00,50.01449898255344
2011-10-07 00:00:00-04:00,50.76034764585541
2011-10-10 00:00:00-04:00,50.09735592782564
2011-10-11 00:00:00-04:00,51.036592603362855
2011-10-12 00:00:00-04:00,50.863944252242604
2011-10-13 00:00:00-04:00,50.939902796188576
2011-10-14 00:00:00-04:00,51.39572617245976
2011-10-17 00:00:00-04:00,51.47167335798665
2011-10-18 00:00:00-04:00,50.055918857019634
2011-10-19 00:00:00-04:00,51.89297750867103
2011-10-20 00:00:00-04:00,52.18303712320236
2011-10-21 00:00:00-04:00,53.053210143210464
2011-10-24 00:00:00-04:00,53.667869669839234
2011-10-25 00:00:00-04:00,54.185841260570996
2011-10-26 00:00:00-04:00,53.68166324662829
2011-10-27 00:00:00-04:00,55.31841641791403
2011-10-28 00:00:00-04:00,55.53942657967865
2011-10-31 00:00:00-04:00,54.28249697918075
2011-11-01 00:00:00-04:00,53.294922653256066
2011-11-02 00:00:00-04:00,53.557375434725046
2011-11-03 00:00:00-04:00,51.29901996361348
2011-11-04 00:00:00-04:00,54.0545857375551
2011-11-07 00:00:00-05:00,54.0546026636261
2011-11-08 00:00:00-05:00,54.144361489139804
2011-11-09 00:00:00-05:00,53.529738490558124
2011-11-10 00:00:00-05:00,53.10845111938138
2011-11-11 00:00:00-05:00,53.536628090783914
2011-11-14 00:00:00-05:00,53.232771914630575
2011-11-15 00:00:00-05:00,52.707871025486334
2011-11-16 00:00:00-05:00,53.07391715027633
2011-11-17 00:00:00-05:00,51.59600484905475
2011-11-18 00:00:00-05:00,51.699574598802165
2011-11-21 00:00:00-05:00,50.40815139145162
2011-11-22 00:00:00-05:00,50.042098063415224
2011-11-23 00:00:00-05:00,49.66228486963864
2011-11-25 00:00:00-05:00,48.26032119581759
2011-11-28 00:00:00-05:00,50.118085557885415
2011-11-29 00:00:00-05:00,49.51723870174542
2011-11-30 00:00:00-05:00,50.04211039086757
2011-12-01 00:00:00-05:00,50.96754741398013
2011-12-02 00:00:00-05:00,52.01727376717008
2011-12-05 00:00:00-05:00,52.17612226076586
2011-12-06 00:00:00-05:00,52.003445027996726
2011-12-07 00:00:00-05:00,52.05181688567842
2011-12-08 00:00:00-05:00,51.899873376499166
2011-12-09 00:00:00-05:00,52.07942741674096
2011-12-12 00:00:00-05:00,52.383282987164705
2011-12-13 00:00:00-05:00,53.01866806192043
2011-12-14 00:00:00-05:00,51.9482197294317
2011-12-15 00:00:00-05:00,52.7078814951687
2011-12-16 00:00:00-05:00,52.58357756153614
2011-12-19 00:00:00-05:00,52.83219527268051
2011-12-20 00:00:00-05:00,52.63192258390765
2011-12-21 00:00:00-05:00,53.30182926047715
2011-12-22 00:00:00-05:00,53.550432045769696
2011-12-23 00:00:00-05:00,53.633331468663194
2011-12-27 00:00:00-05:00,53.460666717117476
2011-12-28 00:00:00-05:00,53.60569195981896
2011-12-29 00:00:00-05:00,53.591878016336985
2011-12-30 00:00:00-05:00,54.20653351418159
2012-01-03 00:00:00-05:00,54.67625956083684
2012-01-04 00:00:00-05:00,53.19475404948627
2012-01-05 00:00:00-05:00,54.168521256455904
2012-01-06 00:00:00-05:00,52.44357867301415
2012-01-09 00:00:00-05:00,52.923488497371864
2012-01-10 00:00:00-05:00,53.146088050612505
2012-01-11 00:00:00-05:00,52.617472052095984
2012-01-12 00:00:00-05:00,52.457471475141155
2012-01-13 00:00:00-05:00,52.29751881649553
2012-01-17 00:00:00-05:00,53.1043209404568
2012-01-18 00:00:00-05:00,52.28359018795553
2012-01-19 00:00:00-05:00,52.28361558696883
2012-01-20 00:00:00-05:00,52.61051738396208
2012-01-23 00:00:00-05:00,52.874803849198734
2012-01-24 00:00:00-05:00,52.47140485306737
2012-01-25 00:00:00-05:00,52.33924641849071
2012-01-26 00:00:00-05:00,52.38794314565279
2012-01-27 00:00:00-05:00,52.492263507751886
2012-01-30 00:00:00-05:00,52.2349225685068
2012-01-31 00:00:00-05:00,53.18086095542762
2012-02-01 00:00:00-05:00,53.52862788291042
2012-02-02 00:00:00-05:00,53.84161989870353
2012-02-03 00:00:00-05:00,54.25199739912272
2012-02-06 00:00:00-05:00,54.801458166080984
2012-02-07 00:00:00-05:00,56.081235241313095
2012-02-08 00:00:00-05:00,54.81536179758632
2012-02-09 00:00:00-05:00,54.314582030888076
2012-02-10 00:00:00-05:00,54.30762226437339
2012-02-13 00:00:00-05:00,55.037929670041635
2012-02-14 00:00:00-05:00,54.342388943570164
2012-02-15 00:00:00-05:00,54.418901232427245
2012-02-16 00:00:00-05:00,53.7581567075332
2012-02-17 00:00:00-05:00,54.00159721969136
2012-02-21 00:00:00-05:00,53.97377188590601
2012-02-22 00:00:00-05:00,53.653798580586695
2012-02-23 00:00:00-05:00,53.382572033684205
2012-02-24 00:00:00-05:00,53.36865791742996
2012-02-27 00:00:00-05:00,53.945930753255105
2012-02-28 00:00:00-05:00,53.32690863043753
2012-02-29 00:00:00-05:00,53.19475947032893
2012-03-01 00:00:00-05:00,53.034787802018556
2012-03-02 00:00:00-05:00,53.07653107176056
2012-03-05 00:00:00-05:00,52.408807957971796
2012-03-06 00:00:00-05:00,51.96367726361612
2012-03-07 00:00:00-05:00,51.734122346731915
2012-03-08 00:00:00-05:00,52.24882981176083
2012-03-09 00:00:00-05:00,52.89568835043349
2012-03-12 00:00:00-04:00,52.7496111241642
2012-03-13 00:00:00-04:00,53.431241721069874
2012-03-14 00:00:00-04:00,54.24502769993584
2012-03-15 00:00:00-04:00,54.10592436432801
2012-03-16 00:00:00-04:00,54.55801194577711
2012-03-19 00:00:00-04:00,53.82769580142442
2012-03-20 00:00:00-04:00,53.5355711989946
2012-03-21 00:00:00-04:00,53.570333301661826
2012-03-22 00:00:00-04:00,52.93741366276877
2012-03-23 00:00:00-04:00,52.972186819287074
2012-03-26 00:00:00-04:00,53.68860236704469
2012-03-27 00:00:00-04:00,53.98072879991856
2012-03-28 00:00:00-04:00,54.03635594745065
2012-03-29 00:00:00-04:00,54.043299098285964
2012-03-30 00:00:00-04:00,53.730320220185455
2012-04-02 00:00:00-04:00,54.23808261779433
2012-04-03 00:00:00-04:00,54.0105944225287
2012-04-04 00:00:00-04:00,53.76538932870772
2012-04-05 00:00:00-04:00,53.807438077878274
2012-04-09 00:00:00-04:00,53.737384339183215
2012-04-10 00:00:00-04:00,53.772411527802134
2012-04-11 00:00:00-04:00,52.749653787939536
2012-04-12 00:00:00-04:00,52.917774975186845
2012-04-13 00:00:00-04:00,53.148951334814335
2012-04-16 00:00:00-04:00,53.120932065791386
2012-04-17 00:00:00-04:00,53.31706186128597
2012-04-18 00:00:00-04:00,53.21898776232748
2012-04-19 00:00:00-04:00,52.98780357274544
2012-04-20 00:00:00-04:00,53.261031944279075
2012-04-23 00:00:00-04:00,52.67257918311561
2012-04-24 00:00:00-04:00,52.35034339592258
2012-04-25 00:00:00-04:00,52.637554855410926
2012-04-26 00:00:00-04:00,52.77764862821074
2012-04-27 00:00:00-04:00,53.646302099863725
2012-04-30 00:00:00-04:00,53.85647750431132
2012-05-01 00:00:00-04:00,53.54824454578064
2012-05-02 00:00:00-04:00,53.53424498946042
2012-05-03 00:00:00-04:00,53.47817835951952
2012-05-04 00:00:00-04:00,50.662076052189875
2012-05-07 00:00:00-04:00,48.525444205148126
2012-05-08 00:00:00-04:00,47.9440286575201
2012-05-09 00:00:00-04:00,48.46942173682583
2012-05-10 00:00:00-04:00,49.68133092516943
2012-05-11 00:00:00-04:00,49.036848460528866
2012-05-14 00:00:00-04:00,49.18395836455937
2012-05-15 00:00:00-04:00,49.54824021391576
2012-05-16 00:00:00-04:00,49.33107672550093
2012-05-17 00:00:00-04:00,49.05786956743287
2012-05-18 00:00:00-04:00,49.33806948754885
2012-05-21 00:00:00-04:00,49.036849214302634
2012-05-22 00:00:00-04:00,49.24698943946192
2012-05-23 00:00:00-04:00,49.42913919881607
2012-05-24 00:00:00-04:00,49.646324867727756
2012-05-25 00:00:00-04:00,51.15243285411516
2012-05-29 00:00:00-04:00,50.486937719296705
2012-05-30 00:00:00-04:00,50.472920072469655
2012-05-31 00:00:00-04:00,49.8494818547369
2012-06-01 00:00:00-04:00,49.69534383186891
2012-06-04 00:00:00-04:00,49.443144086691014
2012-06-05 00:00:00-04:00,49.31706894385471
2012-06-06 00:00:00-04:00,49.42215991290437
2012-06-07 00:00:00-04:00,50.0035993520489
2012-06-08 00:00:00-04:00,49.45717031401278
2012-06-11 00:00:00-04:00,49.65331767540822
2012-06-12 00:00:00-04:00,48.05611805724504
2012-06-13 00:00:00-04:00,48.336338813506224
2012-06-14 00:00:00-04:00,47.600780364077046
2012-06-15 00:00:00-04:00,47.986043631128325
2012-06-18 00:00:00-04:00,48.350332172736145
2012-06-19 00:00:00-04:00,49.42915853888691
2012-06-20 00:00:00-04:00,49.20496770182951
2012-06-21 00:00:00-04:00,49.47117028378822
2012-06-22 00:00:00-04:00,48.79866914552353
2012-06-25 00:00:00-04:00,49.24700819265449
2012-06-26 00:00:00-04:00,48.931774239368366
2012-06-27 00:00:00-04:00,48.917766406333705
2012-06-28 00:00:00-04:00,48.77064470294766
2012-06-29 00:00:00-04:00,49.898505221726495
2012-07-02 00:00:00-04:00,50.416897673620014
2012-07-03 00:00:00-04:00,50.31360394691727
2012-07-05 00:00:00-04:00,50.715983275387075
2012-07-06 00:00:00-04:00,50.87131615701616
2012-07-09 00:00:00-04:00,50.22890740162802
2012-07-10 00:00:00-04:00,49.99593869617126
2012-07-11 00:00:00-04:00,50.00296291227322
2012-07-12 00:00:00-04:00,49.94650278669429
2012-07-13 00:00:00-04:00,50.2147551226993
2012-07-16 00:00:00-04:00,50.497164347177204
2012-07-17 00:00:00-04:00,50.828941345214844
2012-07-18 00:00:00-04:00,50.84306218425977
2012-07-19 00:00:00-04:00,51.068960445467546
2012-07-20 00:00:00-04:00,50.9419198281419
2012-07-23 00:00:00-04:00,49.99593228943893
2012-07-24 00:00:00-04:00,50.779542032689925
2012-07-25 00:00:00-04:00,50.285372638930866
2012-07-26 00:00:00-04:00,50.82895032686679
2012-07-27 00:00:00-04:00,51.196061278911586
2012-07-30 00:00:00-04:00,50.65244666892841
2012-07-31 00:00:00-04:00,50.539504701799636
2012-08-01 00:00:00-04:00,50.652469299157914
2012-08-02 00:00:00-04:00,49.67119092731955
2012-08-03 00:00:00-04:00,47.29916339344081
2012-08-06 00:00:00-04:00,46.572029080893486
2012-08-07 00:00:00-04:00,46.40260399035323
2012-08-08 00:00:00-04:00,45.011857505247235
2012-08-09 00:00:00-04:00,45.28718473094953
2012-08-10 00:00:00-04:00,45.87313312565704
2012-08-13 00:00:00-04:00,45.414259489140406
2012-08-14 00:00:00-04:00,44.83537017748072
2012-08-15 00:00:00-04:00,44.567114739509854
2012-08-16 00:00:00-04:00,45.315425763653735
2012-08-17 00:00:00-04:00,44.729475720901995
2012-08-20 00:00:00-04:00,44.934202823868596
2012-08-21 00:00:00-04:00,44.6235770388203
2012-08-22 00:00:00-04:00,44.78594545667208
2012-08-23 00:00:00-04:00,44.2000097908618
2012-08-24 00:00:00-04:00,44.404740723516255
2012-08-27 00:00:00-04:00,44.60239914440037
2012-08-28 00:00:00-04:00,44.40473086998509
2012-08-29 00:00:00-04:00,45.13187157990315
2012-08-30 00:00:00-04:00,44.78594720464921
2012-08-31 00:00:00-04:00,45.16716753542084
2012-09-04 00:00:00-04:00,45.068327472520686
2012-09-05 00:00:00-04:00,44.630645816455704
2012-09-06 00:00:00-04:00,45.1248119666233
2012-09-07 00:00:00-04:00,45.19541036552289
2012-09-10 00:00:00-04:00,45.230685813345886
2012-09-11 00:00:00-04:00,44.95537232455494
2012-09-12 00:00:00-04:00,45.50601158020885
2012-09-13 00:00:00-04:00,44.99774965365907
2012-09-14 00:00:00-04:00,45.53428003191948
2012-09-17 00:00:00-04:00,44.65887844375078
2012-09-18 00:00:00-04:00,45.15305450637675
2012-09-19 00:00:00-04:00,44.81419112221379
2012-09-20 00:00:00-04:00,44.35531379245753
2012-09-21 00:00:00-04:00,44.7224189089265
2012-09-24 00:00:00-04:00,45.42837400942895
2012-09-25 00:00:00-04:00,46.12727194930797
2012-09-26 00:00:00-04:00,45.76724606453836
2012-09-27 00:00:00-04:00,45.27305619950466
2012-09-28 00:00:00-04:00,45.67545683494926
2012-10-01 00:00:00-04:00,45.36484155871068
2012-10-02 00:00:00-04:00,45.63310209793575
2012-10-03 00:00:00-04:00,45.45973458839561
2012-10-04 00:00:00-04:00,45.17487508681217
2012-10-05 00:00:00-04:00,45.744561299879415
2012-10-08 00:00:00-04:00,46.25014145436889
2012-10-09 00:00:00-04:00,46.39968266571195
2012-10-10 00:00:00-04:00,46.0934938323598
2012-10-11 00:00:00-04:00,45.5451813998684
2012-10-12 00:00:00-04:00,45.63062489641096
2012-10-15 00:00:00-04:00,45.1677758657883
2012-10-16 00:00:00-04:00,45.751687709015506
2012-10-17 00:00:00-04:00,44.96838832418913
2012-10-18 00:00:00-04:00,45.33867245881109
2012-10-19 00:00:00-04:00,45.65198970461675
2012-10-22 00:00:00-04:00,45.17489569020479
2012-10-23 00:00:00-04:00,43.90026708339561
2012-10-24 00:00:00-04:00,45.153528445377155
2012-10-25 00:00:00-04:00,44.9826314677428
2012-10-26 00:00:00-04:00,45.28171058319065
2012-10-31 00:00:00-04:00,44.50552861329442
2012-11-01 00:00:00-04:00,44.47704618141973
2012-11-02 00:00:00-04:00,45.19626230381956
2012-11-05 00:00:00-05:00,46.84830702272717
2012-11-06 00:00:00-05:00,47.7099347558807
2012-11-07 00:00:00-05:00,47.05481159310036
2012-11-08 00:00:00-05:00,47.218588531274776
2012-11-09 00:00:00-05:00,47.1758590505257
2012-11-12 00:00:00-05:00,47.52480079269705
2012-11-13 00:00:00-05:00,46.34985397599793
2012-11-14 00:00:00-05:00,46.28575044157884
2012-11-15 00:00:00-05:00,45.75881111254511
2012-11-16 00:00:00-05:00,46.21454784037077
2012-11-19 00:00:00-05:00,47.26132060808328
2012-11-20 00:00:00-05:00,47.503437186385526
2012-11-21 00:00:00-05:00,47.474942900968614
2012-11-23 00:00:00-05:00,48.13719206738546
2012-11-26 00:00:00-05:00,48.571558185773405
2012-11-27 00:00:00-05:00,48.75671436453852
2012-11-28 00:00:00-05:00,50.551158630546674
2012-11-29 00:00:00-05:00,48.429141076814844
2012-11-30 00:00:00-05:00,49.01305656871198
2012-12-03 00:00:00-05:00,50.94280789525135
2012-12-04 00:00:00-05:00,49.89605636990711
2012-12-05 00:00:00-05:00,50.39750210500171
2012-12-06 00:00:00-05:00,50.833670101818086
2012-12-07 00:00:00-05:00,50.515780692159865
2012-12-10 00:00:00-05:00,49.658196308249394
2012-12-11 00:00:00-05:00,50.07220918321774
2012-12-12 00:00:00-05:00,49.68038007474932
2012-12-13 00:00:00-05:00,50.18309707602002
2012-12-14 00:00:00-05:00,50.4935997025534
2012-12-17 00:00:00-05:00,50.27180637866873
2012-12-18 00:00:00-05:00,50.027847968066624
2012-12-19 00:00:00-05:00,50.34574734255208
2012-12-20 00:00:00-05:00,50.914982747287205
2012-12-21 00:00:00-05:00,51.232883194386574
2012-12-24 00:00:00-05:00,50.67842714257699
2012-12-26 00:00:00-05:00,49.9391260931038
2012-12-27 00:00:00-05:00,50.08696739557663
2012-12-28 00:00:00-05:00,49.458586868644204
2012-12-31 00:00:00-05:00,48.89673660051507
2013-01-02 00:00:00-05:00,51.45467449711626
2013-01-03 00:00:00-05:00,51.54339744340453
2013-01-04 00:00:00-05:00,51.816928080002974
2013-01-07 00:00:00-05:00,52.060900732871914
2013-01-08 00:00:00-05:00,51.75039288214409
2013-01-09 00:00:00-05:00,51.669075101115624
2013-01-10 00:00:00-05:00,52.28268051147461
2013-01-11 00:00:00-05:00,52.47490089636371
2013-01-14 00:00:00-05:00,51.3289955294419
2013-01-15 00:00:00-05:00,50.90021045206991
2013-01-16 00:00:00-05:00,51.5655732269053
2013-01-17 00:00:00-05:00,51.60253757863998
2013-01-18 00:00:00-05:00,50.63405693359529
2013-01-22 00:00:00-05:00,51.484248257354466
2013-01-23 00:00:00-05:00,51.16636357419865
2013-01-24 00:00:00-05:00,51.38073042959682
2013-01-25 00:00:00-05:00,51.46205907407314
2013-01-28 00:00:00-05:00,51.50642539058828
2013-01-29 00:00:00-05:00,51.706035641074365
2013-01-30 00:00:00-05:00,52.48969647271571
2013-01-31 00:00:00-05:00,52.18657834356548
2013-02-01 00:00:00-05:00,52.9184838352249
2013-02-04 00:00:00-05:00,53.78344266141102
2013-02-05 00:00:00-05:00,54.64840379158669
2013-02-06 00:00:00-05:00,54.618853731098916
2013-02-07 00:00:00-05:00,54.72232509747337
2013-02-08 00:00:00-05:00,54.89978269331995
2013-02-11 00:00:00-05:00,55.15853032959888
2013-02-12 00:00:00-05:00,54.91456584310615
2013-02-13 00:00:00-05:00,55.18069305880743
2013-02-14 00:00:00-05:00,54.55968457272851
2013-02-15 00:00:00-05:00,53.879543148371006
2013-02-19 00:00:00-05:00,53.79824124899086
2013-02-20 00:00:00-05:00,53.84258197084685
2013-02-21 00:00:00-05:00,53.70212007382302
2013-02-22 00:00:00-05:00,53.82041566498799
2013-02-25 00:00:00-05:00,54.81845223968914
2013-02-26 00:00:00-05:00,53.569035407039884
2013-02-27 00:00:00-05:00,53.739103818952536
2013-02-28 00:00:00-05:00,53.45075797792335
2013-03-01 00:00:00-05:00,54.21961374188364
2013-03-04 00:00:00-05:00,55.01066601300679
2013-03-05 00:00:00-05:00,55.446847403572534
2013-03-06 00:00:00-05:00,55.09937887930749
2013-03-07 00:00:00-05:00,54.81103865961548
2013-03-08 00:00:00-05:00,54.374895604775254
2013-03-11 00:00:00-04:00,54.330520656560466
2013-03-12 00:00:00-04:00,54.382282864327934
2013-03-13 00:00:00-04:00,54.77408735278711
2013-03-14 00:00:00-04:00,55.40987391432831
2013-03-15 00:00:00-04:00,55.106757676704746
2013-03-18 00:00:00-04:00,55.86087014953492
2013-03-19 00:00:00-04:00,56.186156222444716
2013-03-20 00:00:00-04:00,56.56317899844538
2013-03-21 00:00:00-04:00,56.341398577005755
2013-03-22 00:00:00-04:00,55.432063422687996
2013-03-25 00:00:00-04:00,55.55774764836131
2013-03-26 00:00:00-04:00,56.12699586708795
2013-03-27 00:00:00-04:00,55.72040277901026
2013-03-28 00:00:00-04:00,55.84604423924016
2013-04-01 00:00:00-04:00,55.60209044230723
2013-04-02 00:00:00-04:00,56.11220771147929
2013-04-03 00:00:00-04:00,56.36773824256882
2013-04-04 00:00:00-04:00,55.81634354389716
2013-04-05 00:00:00-04:00,55.63752203659616
2013-04-08 00:00:00-04:00,55.91321633415591
2013-04-09 00:00:00-04:00,56.48693027291009
2013-04-10 00:00:00-04:00,56.58380379312183
2013-04-11 00:00:00-04:00,56.9414653446807
2013-04-12 00:00:00-04:00,58.11873882667534
2013-04-15 00:00:00-04:00,57.597168179208104
2013-04-16 00:00:00-04:00,56.777546646204605
2013-04-17 00:00:00-04:00,57.53009536259914
2013-04-18 00:00:00-04:00,57.13519467203999
2013-04-19 00:00:00-04:00,57.16499152135027
2013-04-22 00:00:00-04:00,57.03089465800052
2013-04-23 00:00:00-04:00,58.01442597900107
2013-04-24 00:00:00-04:00,58.11873662919145
2013-04-25 00:00:00-04:00,58.22305044493292
2013-04-26 00:00:00-04:00,59.09483953244851
2013-04-29 00:00:00-04:00,58.886196974654254
2013-04-30 00:00:00-04:00,58.97564365479908
2013-05-01 00:00:00-04:00,58.975611995891356
2013-05-02 00:00:00-04:00,59.303466375743376
2013-05-03 00:00:00-04:00,59.02778077490767
2013-05-06 00:00:00-04:00,59.44504412855434
2013-05-07 00:00:00-04:00,59.60896610829674
2013-05-08 00:00:00-04:00,60.115679417111224
2013-05-09 00:00:00-04:00,60.667016668115416
2013-05-10 00:00:00-04:00,60.354101167357726
2013-05-13 00:00:00-04:00,60.279555345239245
2013-05-14 00:00:00-04:00,60.43604785689466
2013-05-15 00:00:00-04:00,60.57761379978974
2013-05-16 00:00:00-04:00,61.255667171528415
2013-05-17 00:00:00-04:00,61.389790106927684
2013-05-20 00:00:00-04:00,61.367422895471954
2013-05-21 00:00:00-04:00,61.36741789288908
2013-05-22 00:00:00-04:00,60.71917427985906
2013-05-23 00:00:00-04:00,59.6015208535904
2013-05-24 00:00:00-04:00,59.54191260542222
2013-05-28 00:00:00-04:00,59.802705608337895
2013-05-29 00:00:00-04:00,58.02186708217543
2013-05-30 00:00:00-04:00,56.03241603033456
2013-05-31 00:00:00-04:00,54.30376429522679
2013-06-03 00:00:00-04:00,56.91165729572309
2013-06-04 00:00:00-04:00,57.00106663162275
2013-06-05 00:00:00-04:00,56.51674915265898
2013-06-06 00:00:00-04:00,55.644983588038606
2013-06-07 00:00:00-04:00,56.07710861335559
2013-06-10 00:00:00-04:00,56.762640755579916
2013-06-11 00:00:00-04:00,57.98461913596595
2013-06-12 00:00:00-04:00,57.38852521752931
2013-06-13 00:00:00-04:00,57.73871355826453
2013-06-14 00:00:00-04:00,58.357173116391365
2013-06-17 00:00:00-04:00,58.14854053580514
2013-06-18 00:00:00-04:00,56.01008733910529
2013-06-19 00:00:00-04:00,57.24698096636592
2013-06-20 00:00:00-04:00,55.8610645275989
2013-06-21 00:00:00-04:00,55.70457733688509
2013-06-24 00:00:00-04:00,54.728482036562276
2013-06-25 00:00:00-04:00,54.780648331601085
2013-06-26 00:00:00-04:00,56.59869596261823
2013-06-27 00:00:00-04:00,58.64776895356873
2013-06-28 00:00:00-04:00,58.7595462564211
2013-07-01 00:00:00-04:00,59.11718890011167
2013-07-02 00:00:00-04:00,60.6401889802026
2013-07-03 00:00:00-04:00,60.009688198374796
2013-07-05 00:00:00-04:00,59.859578371047974
2013-07-08 00:00:00-04:00,60.384989307509386
2013-07-09 00:00:00-04:00,60.047215548615455
2013-07-10 00:00:00-04:00,59.85957452800432
2013-07-11 00:00:00-04:00,60.05472055087321
2013-07-12 00:00:00-04:00,60.12228229078188
2013-07-15 00:00:00-04:00,61.000467268196964
2013-07-16 00:00:00-04:00,61.180612999232935
2013-07-17 00:00:00-04:00,61.916179656982415
2013-07-18 00:00:00-04:00,61.92367540889711
2013-07-19 00:00:00-04:00,62.156356477938445
2013-07-22 00:00:00-04:00,62.163864418323165
2013-07-23 00:00:00-04:00,62.366541431937556
2013-07-24 00:00:00-04:00,61.818606730119456
2013-07-25 00:00:00-04:00,60.04722319485198
2013-07-26 00:00:00-04:00,61.44331501107143
2013-07-29 00:00:00-04:00,60.977947289367876
2013-07-30 00:00:00-04:00,60.31743133947609
2013-07-31 00:00:00-04:00,60.347441254279715
2013-08-01 00:00:00-04:00,60.50508650815755
2013-08-02 00:00:00-04:00,60.047237662816244
2013-08-05 00:00:00-04:00,59.05646191188957
2013-08-06 00:00:00-04:00,58.04314306141149
2013-08-07 00:00:00-04:00,58.56856289433061
2013-08-08 00:00:00-04:00,58.10320819207313
2013-08-09 00:00:00-04:00,57.97561333105785
2013-08-12 00:00:00-04:00,58.06565069805883
2013-08-13 00:00:00-04:00,58.3959258308672
2013-08-14 00:00:00-04:00,57.75040298625891
2013-08-15 00:00:00-04:00,57.705370826752976
2013-08-16 00:00:00-04:00,56.81968262837261
2013-08-19 00:00:00-04:00,57.194963837008835
2013-08-20 00:00:00-04:00,56.294272872149264
2013-08-21 00:00:00-04:00,56.436877226290896
2013-08-22 00:00:00-04:00,55.96401162558889
2013-08-23 00:00:00-04:00,56.60202317362175
2013-08-26 00:00:00-04:00,56.541951892733834
2013-08-27 00:00:00-04:00,55.95651008618691
2013-08-28 00:00:00-04:00,55.54367856903073
2013-08-29 00:00:00-04:00,55.70130884443234
2013-08-30 00:00:00-04:00,56.18919655517578
2013-09-03 00:00:00-04:00,55.97902063880008
2013-09-04 00:00:00-04:00,55.10832853439206
2013-09-05 00:00:00-04:00,56.03157042890124
2013-09-06 00:00:00-04:00,56.33931903394931
2013-09-09 00:00:00-04:00,55.491154456622674
2013-09-10 00:00:00-04:00,56.28674828866794
2013-09-11 00:00:00-04:00,55.9339938429171
2013-09-12 00:00:00-04:00,55.964012012224906
2013-09-13 00:00:00-04:00,55.551162763187754
2013-09-16 00:00:00-04:00,56.20420455539274
2013-09-17 00:00:00-04:00,55.81390035918785
2013-09-18 00:00:00-04:00,55.858914438785575
2013-09-19 00:00:00-04:00,56.05408877278372
2013-09-20 00:00:00-04:00,55.99403504834804
2013-09-23 00:00:00-04:00,55.73133239492332
2013-09-24 00:00:00-04:00,55.49865350131978
2013-09-25 00:00:00-04:00,55.588677901440185
2013-09-26 00:00:00-04:00,57.067385738829834
2013-09-27 00:00:00-04:00,55.25844234189616
2013-09-30 00:00:00-04:00,55.03326794999418
2013-10-01 00:00:00-04:00,54.63546924543947
2013-10-02 00:00:00-04:00,53.95787982994172
2013-10-03 00:00:00-04:00,54.056242360419745
2013-10-04 00:00:00-04:00,53.57192645825994
2013-10-07 00:00:00-04:00,53.54922893078139
2013-10-08 00:00:00-04:00,53.35245273171237
2013-10-09 00:00:00-04:00,52.74705153978298
2013-10-10 00:00:00-04:00,53.12543840513961
2013-10-11 00:00:00-04:00,53.352459432564714
2013-10-14 00:00:00-04:00,53.32973898089045
2013-10-15 00:00:00-04:00,53.54165878417436
2013-10-16 00:00:00-04:00,54.17734496513967
2013-10-17 00:00:00-04:00,53.693001302898196
2013-10-18 00:00:00-04:00,54.94167944265977
2013-10-21 00:00:00-04:00,54.729780278921574
2013-10-22 00:00:00-04:00,55.0930405023551
2013-10-23 00:00:00-04:00,55.85737991333008
2013-10-24 00:00:00-04:00,56.53090078423177
2013-10-25 00:00:00-04:00,56.33414583377538
2013-10-28 00:00:00-04:00,56.27361509873943
2013-10-29 00:00:00-04:00,56.40981622098877
2013-10-30 00:00:00-04:00,55.698453268184416
2013-10-31 00:00:00-04:00,55.22169958905433
2013-11-01 00:00:00-04:00,53.738398420983614
2013-11-04 00:00:00-05:00,53.96543572865124
2013-11-05 00:00:00-05:00,53.54165232763809
2013-11-06 00:00:00-05:00,53.50381402141733
2013-11-07 00:00:00-05:00,52.98163111945374
2013-11-08 00:00:00-05:00,53.473561138711055
2013-11-11 00:00:00-05:00,53.88220421582848
2013-11-12 00:00:00-05:00,53.62489478497525
2013-11-13 00:00:00-05:00,53.125439563268706
2013-11-14 00:00:00-05:00,53.16325886594954
2013-11-15 00:00:00-05:00,53.291909718296935
2013-11-18 00:00:00-05:00,53.42813430686778
2013-11-19 00:00:00-05:00,52.91353792019676
2013-11-20 00:00:00-05:00,52.974076893741454
2013-11-21 00:00:00-05:00,53.06489944458008
2013-11-22 00:00:00-05:00,53.13299042769346
2013-11-25 00:00:00-05:00,53.02703857163806
2013-11-26 00:00:00-05:00,53.16327949442776
2013-11-27 00:00:00-05:00,53.534076108218194
2013-11-29 00:00:00-05:00,54.39679857203591
2013-12-02 00:00:00-05:00,54.75249624585426
2013-12-03 00:00:00-05:00,55.002206250636874
2013-12-04 00:00:00-05:00,54.109245321730754
2013-12-05 00:00:00-05:00,53.042171478271484
2013-12-06 00:00:00-05:00,53.269212783751364
2013-12-09 00:00:00-05:00,53.20866885718701
2013-12-10 00:00:00-05:00,54.10921728198587
2013-12-11 00:00:00-05:00,53.71571611932888
2013-12-12 00:00:00-05:00,53.2994768528547
2013-12-13 00:00:00-05:00,53.18598175048828
2013-12-16 00:00:00-05:00,53.25406614676775
2013-12-17 00:00:00-05:00,53.60220418110399
2013-12-18 00:00:00-05:00,53.53408521841725
2013-12-19 00:00:00-05:00,54.58598149826702
2013-12-20 00:00:00-05:00,53.58704050863708
2013-12-23 00:00:00-05:00,53.806517473022815
2013-12-24 00:00:00-05:00,54.003273767584304
2013-12-26 00:00:00-05:00,53.738400818609364
2013-12-27 00:00:00-05:00,54.42706795327002
2013-12-30 00:00:00-05:00,54.94168754767028
2013-12-31 00:00:00-05:00,55.789267405325944
2014-01-02 00:00:00-05:00,55.244401999148145
2014-01-03 00:00:00-05:00,55.077105486750305
2014-01-06 00:00:00-05:00,55.21452841976904
2014-01-07 00:00:00-05:00,55.14581694100967
2014-01-08 00:00:00-05:00,55.02365669454584
2014-01-09 00:00:00-05:00,54.985469818115234
2014-01-10 00:00:00-05:00,54.73354626331088
2014-01-13 00:00:00-05:00,54.80225052887782
2014-01-14 00:00:00-05:00,54.725916593434434
2014-01-15 00:00:00-05:00,54.69534888345256
2014-01-16 00:00:00-05:00,54.97021510733622
2014-01-17 00:00:00-05:00,55.443584911929655
2014-01-21 00:00:00-05:00,55.413013123295976
2014-01-22 00:00:00-05:00,55.13053555038745
2014-01-23 00:00:00-05:00,54.48160032151025
2014-01-24 00:00:00-05:00,54.05404750357657
2014-01-27 00:00:00-05:00,53.51961262533203
2014-01-28 00:00:00-05:00,52.90882881251535
2014-01-29 00:00:00-05:00,52.756135011803465
2014-01-30 00:00:00-05:00,53.1836821966626
2014-01-31 00:00:00-05:00,52.931742641774875
2014-02-03 00:00:00-05:00,53.305824977907406
2014-02-04 00:00:00-05:00,51.801786157161324
2014-02-05 00:00:00-05:00,52.14536328690025
2014-02-06 00:00:00-05:00,52.35147665936623
2014-02-07 00:00:00-05:00,52.71796656878534
2014-02-10 00:00:00-05:00,52.00030122912616
2014-02-11 00:00:00-05:00,53.11497401738502
2014-02-12 00:00:00-05:00,52.67214784404337
2014-02-13 00:00:00-05:00,52.46601979247343
2014-02-14 00:00:00-05:00,53.221866725633895
2014-02-18 00:00:00-05:00,54.10749415258789
2014-02-19 00:00:00-05:00,53.534872295597445
2014-02-20 00:00:00-05:00,53.443278653301014
2014-02-21 00:00:00-05:00,54.084565341162694
2014-02-24 00:00:00-05:00,53.45089074011871
2014-02-25 00:00:00-05:00,53.412730379341845
2014-02-26 00:00:00-05:00,53.282926284119156
2014-02-27 00:00:00-05:00,53.51959065171818
2014-02-28 00:00:00-05:00,54.86332189096316
2014-03-03 00:00:00-05:00,55.275608515880336
2014-03-04 00:00:00-05:00,56.115409300085666
2014-03-05 00:00:00-05:00,56.63458352599348
2014-03-06 00:00:00-05:00,56.84836791251437
2014-03-07 00:00:00-05:00,55.23742816007779
2014-03-10 00:00:00-04:00,53.878439685956735
2014-03-11 00:00:00-04:00,53.98531964998877
2014-03-12 00:00:00-04:00,53.75629304302629
2014-03-13 00:00:00-04:00,53.66465004993306
2014-03-14 00:00:00-04:00,53.42800120054389
2014-03-17 00:00:00-04:00,53.51961775027543
2014-03-18 00:00:00-04:00,52.527090653830754
2014-03-19 00:00:00-04:00,52.855374531117135
2014-03-20 00:00:00-04:00,51.76362103389087
2014-03-21 00:00:00-04:00,52.786670286177575
2014-03-24 00:00:00-04:00,50.88561965215587
2014-03-25 00:00:00-04:00,51.5269333397839
2014-03-26 00:00:00-04:00,51.45822349510334
2014-03-27 00:00:00-04:00,52.626342060905706
2014-03-28 00:00:00-04:00,52.36676840801776
2014-03-31 00:00:00-04:00,52.572900029540094
2014-04-01 00:00:00-04:00,53.44326952085554
2014-04-02 00:00:00-04:00,54.06929352532087
2014-04-03 00:00:00-04:00,54.585443487865874
2014-04-04 00:00:00-04:00,54.778031557845004
2014-04-07 00:00:00-04:00,54.39286180806473
2014-04-08 00:00:00-04:00,53.20656595341839
2014-04-09 00:00:00-04:00,53.784306489553934
2014-04-10 00:00:00-04:00,53.43767628013348
2014-04-11 00:00:00-04:00,53.06019630621617
2014-04-14 00:00:00-04:00,53.168050909955724
2014-04-15 00:00:00-04:00,53.36062415184349
2014-04-16 00:00:00-04:00,53.73808076973444
2014-04-17 00:00:00-04:00,53.7457792818895
2014-04-21 00:00:00-04:00,53.96148330833175
2014-04-22 00:00:00-04:00,54.33893204831829
2014-04-23 00:00:00-04:00,55.039937587986586
2014-04-24 00:00:00-04:00,54.60084448836397
2014-04-25 00:00:00-04:00,54.67017777052909
2014-04-28 00:00:00-04:00,54.847354509061525
2014-04-29 00:00:00-04:00,55.20939080987535
2014-04-30 00:00:00-04:00,55.201689908522106
2014-05-01 00:00:00-04:00,54.99370889450013
2014-05-02 00:00:00-04:00,55.463631536910405
2014-05-05 00:00:00-04:00,57.53579798193588
2014-05-06 00:00:00-04:00,58.483304975184936
2014-05-07 00:00:00-04:00,58.08273826512494
2014-05-08 00:00:00-04:00,58.313833460598765
2014-05-09 00:00:00-04:00,58.50642435194491
2014-05-12 00:00:00-04:00,58.313836187547935
2014-05-13 00:00:00-04:00,58.50640674985471
2014-05-14 00:00:00-04:00,58.93010280080712
2014-05-15 00:00:00-04:00,58.614251162091996
2014-05-16 00:00:00-04:00,59.06105677246733
2014-05-19 00:00:00-04:00,58.95322147486105
2014-05-20 00:00:00-04:00,59.007124391095466
2014-05-21 00:00:00-04:00,58.97630646589387
2014-05-22 00:00:00-04:00,59.13037405424962
2014-05-23 00:00:00-04:00,58.868475041837506
2014-05-27 00:00:00-04:00,58.9300854378396
2014-05-28 00:00:00-04:00,58.97631338976201
2014-05-29 00:00:00-04:00,58.63738131509359
2014-05-30 00:00:00-04:00,58.56804329372304
2014-06-02 00:00:00-04:00,58.32925996529044
2014-06-03 00:00:00-04:00,58.1058403858266
2014-06-04 00:00:00-04:00,57.94405009803838
2014-06-05 00:00:00-04:00,58.54493543836805
2014-06-06 00:00:00-04:00,59.12267142251478
2014-06-09 00:00:00-04:00,59.199707552141255
2014-06-10 00:00:00-04:00,59.10729249622932
2014-06-11 00:00:00-04:00,58.83766938261075
2014-06-12 00:00:00-04:00,58.06732841236606
2014-06-13 00:00:00-04:00,58.32152241277882
2014-06-16 00:00:00-04:00,57.689881555277054
2014-06-17 00:00:00-04:00,57.343223718673116
2014-06-18 00:00:00-04:00,57.851628065165166
2014-06-19 00:00:00-04:00,58.105839507135876
2014-06-20 00:00:00-04:00,58.12121594998149
2014-06-23 00:00:00-04:00,58.421675864042754
2014-06-24 00:00:00-04:00,58.26760850340882
2014-06-25 00:00:00-04:00,57.44335937500001
2014-06-26 00:00:00-04:00,57.54348992493815
2014-06-27 00:00:00-04:00,57.058212103992695
2014-06-30 00:00:00-04:00,57.250788936851514
2014-07-01 00:00:00-04:00,58.20405518313929
2014-07-02 00:00:00-04:00,58.77119603656321
2014-07-03 00:00:00-04:00,58.235146371652995
2014-07-07 00:00:00-04:00,58.17296974935475
2014-07-08 00:00:00-04:00,57.815637344559576
2014-07-09 00:00:00-04:00,57.61364814228083
2014-07-10 00:00:00-04:00,56.999935105133936
2014-07-11 00:00:00-04:00,56.813444554232774
2014-07-14 00:00:00-04:00,57.33396987537499
2014-07-15 00:00:00-04:00,57.16306855268145
2014-07-16 00:00:00-04:00,56.55708908976451
2014-07-17 00:00:00-04:00,56.68914949860648
2014-07-18 00:00:00-04:00,56.8289809668045
2014-07-21 00:00:00-04:00,56.96882940049915
2014-07-22 00:00:00-04:00,56.77462694402308
2014-07-23 00:00:00-04:00,56.69690699240427
2014-07-24 00:00:00-04:00,56.852291156866194
2014-07-25 00:00:00-04:00,56.79789652361961
2014-07-28 00:00:00-04:00,56.634777699871684
2014-07-29 00:00:00-04:00,56.89889535665843
2014-07-30 00:00:00-04:00,56.937754127903865
2014-07-31 00:00:00-04:00,56.696923003205995
2014-08-01 00:00:00-04:00,57.10089939125481
2014-08-04 00:00:00-04:00,57.73017663536428
2014-08-05 00:00:00-04:00,57.29510489432521
2014-08-06 00:00:00-04:00,57.06982644786207
2014-08-07 00:00:00-04:00,57.37280423412472
2014-08-08 00:00:00-04:00,57.45050355705346
2014-08-11 00:00:00-04:00,58.04870149129275
2014-08-12 00:00:00-04:00,57.97876515377469
2014-08-13 00:00:00-04:00,58.25068735167111
2014-08-14 00:00:00-04:00,58.56921229693033
2014-08-15 00:00:00-04:00,59.01202631773172
2014-08-18 00:00:00-04:00,59.06641316502884
2014-08-19 00:00:00-04:00,59.49369122098558
2014-08-20 00:00:00-04:00,59.447073417340015
2014-08-21 00:00:00-04:00,59.36162855003445
2014-08-22 00:00:00-04:00,59.633525037242485
2014-08-25 00:00:00-04:00,59.27617409969422
2014-08-26 00:00:00-04:00,59.17515280521206
2014-08-27 00:00:00-04:00,59.85103144837788
2014-08-28 00:00:00-04:00,59.734497882230514
2014-08-29 00:00:00-04:00,59.827761108118864
2014-09-02 00:00:00-04:00,59.68790664902411
2014-09-03 00:00:00-04:00,60.28610694946678
2014-09-04 00:00:00-04:00,60.20064004347968
2014-09-05 00:00:00-04:00,60.068587441748505
2014-09-08 00:00:00-04:00,60.23172526118863
2014-09-09 00:00:00-04:00,60.2161786347908
2014-09-10 00:00:00-04:00,59.78888629899934
2014-09-11 00:00:00-04:00,59.81219868522003
2014-09-12 00:00:00-04:00,60.11519547033121
2014-09-15 00:00:00-04:00,59.80443643739692
2014-09-16 00:00:00-04:00,59.93650131969996
2014-09-17 00:00:00-04:00,60.20843275135807
2014-09-18 00:00:00-04:00,60.425935632220316
2014-09-19 00:00:00-04:00,60.884317652563276
2014-09-22 00:00:00-04:00,60.94648241669668
2014-09-23 00:00:00-04:00,60.38712244781721
2014-09-24 00:00:00-04:00,59.6879317828813
2014-09-25 00:00:00-04:00,59.641322767622
2014-09-26 00:00:00-04:00,58.98872222147266
2014-09-29 00:00:00-04:00,59.454850857099565
2014-09-30 00:00:00-04:00,59.88743176673936
2014-10-01 00:00:00-04:00,59.50357030691808
2014-10-02 00:00:00-04:00,59.47221047408382
2014-10-03 00:00:00-04:00,61.203426300473
2014-10-06 00:00:00-04:00,62.39414244622044
2014-10-07 00:00:00-04:00,61.27394587868461
2014-10-08 00:00:00-04:00,60.78044716121347
2014-10-09 00:00:00-04:00,61.704808042353896
2014-10-10 00:00:00-04:00,61.07027574097907
2014-10-13 00:00:00-04:00,61.51677906219421
2014-10-14 00:00:00-04:00,61.7674520640084
2014-10-15 00:00:00-04:00,61.28177832801044
2014-10-16 00:00:00-04:00,60.22425429641
2014-10-17 00:00:00-04:00,62.19832497326649
2014-10-20 00:00:00-04:00,64.10968524030595
2014-10-21 00:00:00-04:00,62.5194724251834
2014-10-22 00:00:00-04:00,63.13048045732473
2014-10-23 00:00:00-04:00,64.25070434350744
2014-10-24 00:00:00-04:00,64.49351690352914
2014-10-27 00:00:00-04:00,64.43085236936733
2014-10-28 00:00:00-04:00,65.42573738028963
2014-10-29 00:00:00-04:00,65.80172606395908
2014-10-30 00:00:00-04:00,65.86440441369992
2014-10-31 00:00:00-04:00,65.09672107775444
2014-11-03 00:00:00-05:00,66.67908762948697
2014-11-04 00:00:00-05:00,66.70258579810691
2014-11-05 00:00:00-05:00,67.36842997694404
2014-11-06 00:00:00-05:00,67.20393332000822
2014-11-07 00:00:00-05:00,66.56941945124173
2014-11-10 00:00:00-05:00,66.90628286262586
2014-11-11 00:00:00-05:00,67.36844897900276
2014-11-12 00:00:00-05:00,67.12560897636911
2014-11-13 00:00:00-05:00,66.76527034410448
2014-11-14 00:00:00-05:00,67.36844518053458
2014-11-17 00:00:00-05:00,66.35010145667343
2014-11-18 00:00:00-05:00,66.8514496049479
2014-11-19 00:00:00-05:00,66.50674409823627
2014-11-20 00:00:00-05:00,65.91140194178348
2014-11-21 00:00:00-05:00,67.21175749964716
2014-11-24 00:00:00-05:00,66.88276073912039
2014-11-25 00:00:00-05:00,67.97161229873923
2014-11-26 00:00:00-05:00,68.69229521746895
2014-11-28 00:00:00-05:00,68.77064653057923
2014-12-01 00:00:00-05:00,68.23796209937254
2014-12-02 00:00:00-05:00,68.43380527806598
2014-12-03 00:00:00-05:00,69.47566334232744
2014-12-04 00:00:00-05:00,69.34251091775712
2014-12-05 00:00:00-05:00,70.7681871056736
2014-12-08 00:00:00-05:00,70.18068576116902
2014-12-09 00:00:00-05:00,72.83625271925759
2014-12-10 00:00:00-05:00,72.82841809376824
2014-12-11 00:00:00-05:00,72.25654493367945
2014-12-12 00:00:00-05:00,71.5750667249292
2014-12-15 00:00:00-05:00,71.77086372385185
2014-12-16 00:00:00-05:00,68.95078561960484
2014-12-17 00:00:00-05:00,69.52266813702272
2014-12-18 00:00:00-05:00,69.8751619809148
2014-12-19 00:00:00-05:00,69.49132207320923
2014-12-22 00:00:00-05:00,69.40514752122084
2014-12-23 00:00:00-05:00,70.43918826656123
2014-12-24 00:00:00-05:00,70.74468419175372
2014-12-26 00:00:00-05:00,71.03450902191173
2014-12-29 00:00:00-05:00,70.5097076904438
2014-12-30 00:00:00-05:00,71.54372543481047
2014-12-31 00:00:00-05:00,72.14688829866637
2015-01-02 00:00:00-05:00,71.46102764734768
2015-01-05 00:00:00-05:00,69.77195155728684
2015-01-06 00:00:00-05:00,67.70405209270416
2015-01-07 00:00:00-05:00,67.00950001736747
2015-01-08 00:00:00-05:00,68.61961349875565
2015-01-09 00:00:00-05:00,70.04028745851177
2015-01-12 00:00:00-05:00,69.03792260598094
2015-01-13 00:00:00-05:00,69.7956279508013
2015-01-14 00:00:00-05:00,69.02214762489783
2015-01-15 00:00:00-05:00,69.84300292671152
2015-01-16 00:00:00-05:00,69.47204600978262
2015-01-20 00:00:00-05:00,69.91402293408972
2015-01-21 00:00:00-05:00,69.47991665278869
2015-01-22 00:00:00-05:00,69.77196551911766
2015-01-23 00:00:00-05:00,71.22421305612663
2015-01-26 00:00:00-05:00,70.7506661353145
2015-01-27 00:00:00-05:00,70.19027656739425
2015-01-28 00:00:00-05:00,70.97166716295017
2015-01-29 00:00:00-05:00,70.27710317633193
2015-01-30 00:00:00-05:00,70.02454189861355
2015-02-02 00:00:00-05:00,68.79326633109484
2015-02-03 00:00:00-05:00,71.10582852694733
2015-02-04 00:00:00-05:00,70.72697621257403
2015-02-05 00:00:00-05:00,71.12950798907298
2015-02-06 00:00:00-05:00,71.68988845360943
2015-02-09 00:00:00-05:00,71.60308257471304
2015-02-10 00:00:00-05:00,70.81381818596307
2015-02-11 00:00:00-05:00,71.08214145567564
2015-02-12 00:00:00-05:00,71.64252322713146
2015-02-13 00:00:00-05:00,71.59517909542805
2015-02-17 00:00:00-05:00,71.90298629198664
2015-02-18 00:00:00-05:00,72.27396303792149
2015-02-19 00:00:00-05:00,72.98433280970717
2015-02-20 00:00:00-05:00,73.01588043536842
2015-02-23 00:00:00-05:00,72.98430534538143
2015-02-24 00:00:00-05:00,73.44999382234762
2015-02-25 00:00:00-05:00,73.19739348485544
2015-02-26 00:00:00-05:00,72.48707379872403
2015-02-27 00:00:00-05:00,72.77120191722648
2015-03-02 00:00:00-05:00,68.16972624253975
2015-03-03 00:00:00-05:00,68.73799271005744
2015-03-04 00:00:00-05:00,68.20131764335186
2015-03-05 00:00:00-05:00,67.06474011659408
2015-03-06 00:00:00-05:00,67.7119661436176
2015-03-09 00:00:00-04:00,67.39623349586378
2015-03-10 00:00:00-04:00,67.16733985741953
2015-03-11 00:00:00-04:00,66.59119107997287
2015-03-12 00:00:00-04:00,67.20682852204052
2015-03-13 00:00:00-04:00,68.80113114457852
2015-03-16 00:00:00-04:00,68.68275535754405
2015-03-17 00:00:00-04:00,69.25892654332247
2015-03-18 00:00:00-04:00,69.14053505391345
2015-03-19 00:00:00-04:00,69.1247440609
2015-03-20 00:00:00-04:00,69.45626180211728
2015-03-23 00:00:00-04:00,70.95587515872529
2015-03-24 00:00:00-04:00,71.72145841558249
2015-03-25 00:00:00-04:00,70.91639941736472
2015-03-26 00:00:00-04:00,68.91164711596726
2015-03-27 00:00:00-04:00,68.082905082696
2015-03-30 00:00:00-04:00,68.61962180662472
2015-03-31 00:00:00-04:00,69.6298808298001
2015-04-01 00:00:00-04:00,69.06160746919025
2015-04-02 00:00:00-04:00,69.04072041303192
2015-04-06 00:00:00-04:00,68.3327464145994
2015-04-07 00:00:00-04:00,69.00092682822891
2015-04-08 00:00:00-04:00,68.46796236034247
2015-04-09 00:00:00-04:00,68.55546548610957
2015-04-10 00:00:00-04:00,68.49978743787995
2015-04-13 00:00:00-04:00,67.66450601433908
2015-04-14 00:00:00-04:00,68.4838719169943
2015-04-15 00:00:00-04:00,69.09640145806232
2015-04-16 00:00:00-04:00,68.51568482814454
2015-04-17 00:00:00-04:00,67.75202357024605
2015-04-20 00:00:00-04:00,67.64860447258559
2015-04-21 00:00:00-04:00,68.61910138984096
2015-04-22 00:00:00-04:00,68.4202105829401
2015-04-23 00:00:00-04:00,68.11795293920858
2015-04-24 00:00:00-04:00,68.34862261453932
2015-04-27 00:00:00-04:00,67.93496313182162
2015-04-28 00:00:00-04:00,66.9405989351296
2015-04-29 00:00:00-04:00,67.17926014779273
2015-04-30 00:00:00-04:00,66.28034177169786
2015-05-01 00:00:00-04:00,65.49281000659573
2015-05-04 00:00:00-04:00,63.99728938348486
2015-05-05 00:00:00-04:00,64.14047286399285
2015-05-06 00:00:00-04:00,63.74271652783641
2015-05-07 00:00:00-04:00,63.76661945396438
2015-05-08 00:00:00-04:00,64.88028619877271
2015-05-11 00:00:00-04:00,64.60983970651422
2015-05-12 00:00:00-04:00,63.98138416274836
2015-05-13 00:00:00-04:00,64.25981307774359
2015-05-14 00:00:00-04:00,64.82461869370998
2015-05-15 00:00:00-04:00,64.65756182171614
2015-05-18 00:00:00-04:00,64.17229155689516
2015-05-19 00:00:00-04:00,64.76097952427966
2015-05-20 00:00:00-04:00,65.20645194427671
2015-05-21 00:00:00-04:00,64.9200540521373
2015-05-22 00:00:00-04:00,64.53028060360108
2015-05-26 00:00:00-04:00,64.30752937470008
2015-05-27 00:00:00-04:00,64.13253667739025
2015-05-28 00:00:00-04:00,64.90414805919512
2015-05-29 00:00:00-04:00,65.23028913650415
2015-06-01 00:00:00-04:00,65.34167395756359
2015-06-02 00:00:00-04:00,64.56212818051938
2015-06-03 00:00:00-04:00,64.2359393940933
2015-06-04 00:00:00-04:00,64.61781237305162
2015-06-05 00:00:00-04:00,64.43481555215074
2015-06-08 00:00:00-04:00,63.5597839915472
2015-06-09 00:00:00-04:00,63.71886147117091
2015-06-10 00:00:00-04:00,64.10069698290147
2015-06-11 00:00:00-04:00,65.03940017297451
2015-06-12 00:00:00-04:00,65.5405475626992
2015-06-15 00:00:00-04:00,65.0871219948059
2015-06-16 00:00:00-04:00,65.27011303818198
2015-06-17 00:00:00-04:00,66.16105494416105
2015-06-18 00:00:00-04:00,65.90647366528412
2015-06-19 00:00:00-04:00,66.46331005880654
2015-06-22 00:00:00-04:00,65.89055163421177
2015-06-23 00:00:00-04:00,66.21671598321228
2015-06-24 00:00:00-04:00,65.85079535915489
2015-06-25 00:00:00-04:00,65.65988251267234
2015-06-26 00:00:00-04:00,65.20645279048088
2015-06-29 00:00:00-04:00,64.74505481886865
2015-06-30 00:00:00-04:00,64.90417959863558
2015-07-01 00:00:00-04:00,65.7473796595582
2015-07-02 00:00:00-04:00,67.53168844839094
2015-07-06 00:00:00-04:00,66.58538861997972
2015-07-07 00:00:00-04:00,66.76985873702073
2015-07-08 00:00:00-04:00,67.05853780856123
2015-07-09 00:00:00-04:00,67.3632774545521
2015-07-10 00:00:00-04:00,67.46753576494197
2015-07-13 00:00:00-04:00,68.63836692398289
2015-07-14 00:00:00-04:00,67.82842784628569
2015-07-15 00:00:00-04:00,67.65199606740731
2015-07-16 00:00:00-04:00,67.35527245817437
2015-07-17 00:00:00-04:00,68.23741178877391
2015-07-20 00:00:00-04:00,68.11710643639954
2015-07-21 00:00:00-04:00,67.49161613250119
2015-07-22 00:00:00-04:00,66.80193473387905
2015-07-23 00:00:00-04:00,66.96231085612861
2015-07-24 00:00:00-04:00,66.6495573079577
2015-07-27 00:00:00-04:00,66.23254967891776
2015-07-28 00:00:00-04:00,66.705686917264
2015-07-29 00:00:00-04:00,65.68722940384932
2015-07-30 00:00:00-04:00,65.52682693487014
2015-07-31 00:00:00-04:00,66.62549187822458
2015-08-03 00:00:00-04:00,69.27190053052436
2015-08-04 00:00:00-04:00,69.36816201969074
2015-08-05 00:00:00-04:00,69.45637295621569
2015-08-06 00:00:00-04:00,69.19973463235462
2015-08-07 00:00:00-04:00,68.76666080153254
2015-08-10 00:00:00-04:00,69.52853457746942
2015-08-11 00:00:00-04:00,68.7987716512891
2015-08-12 00:00:00-04:00,68.91104540635831
2015-08-13 00:00:00-04:00,68.32561760900268
2015-08-14 00:00:00-04:00,68.71859358783055
2015-08-17 00:00:00-04:00,69.15965192123682
2015-08-18 00:00:00-04:00,70.00169033755739
2015-08-19 00:00:00-04:00,70.2984233221032
2015-08-20 00:00:00-04:00,69.8012000588432
2015-08-21 00:00:00-04:00,69.10351277420187
2015-08-24 00:00:00-04:00,65.17399066560162
2015-08-25 00:00:00-04:00,66.6816289358267
2015-08-26 00:00:00-04:00,65.358421270365
2015-08-27 00:00:00-04:00,66.49718967773376
2015-08-28 00:00:00-04:00,65.95991227488189
2015-08-31 00:00:00-04:00,65.7674300571426
2015-09-01 00:00:00-04:00,64.84518582697918
2015-09-02 00:00:00-04:00,64.99756454076208
2015-09-03 00:00:00-04:00,65.79949622378032
2015-09-04 00:00:00-04:00,64.37202446690846
2015-09-08 00:00:00-04:00,64.40412726718118
2015-09-09 00:00:00-04:00,65.33437811786878
2015-09-10 00:00:00-04:00,64.35600575789744
2015-09-11 00:00:00-04:00,64.35600514998335
2015-09-14 00:00:00-04:00,64.74094127592053
2015-09-15 00:00:00-04:00,64.50835628100668
2015-09-16 00:00:00-04:00,64.07530648719239
2015-09-17 00:00:00-04:00,64.54045916269257
2015-09-18 00:00:00-04:00,64.46829634150478
2015-09-21 00:00:00-04:00,65.45466553457008
2015-09-22 00:00:00-04:00,64.89329010204638
2015-09-23 00:00:00-04:00,64.7890592263825
2015-09-24 00:00:00-04:00,64.54845208948409
2015-09-25 00:00:00-04:00,64.93339162343325
2015-09-28 00:00:00-04:00,65.33437065108963
2015-09-29 00:00:00-04:00,65.10182605008978
2015-09-30 00:00:00-04:00,65.74336395631109
2015-10-01 00:00:00-04:00,66.53829026421289
2015-10-02 00:00:00-04:00,65.31734574509538
2015-10-05 00:00:00-04:00,66.18253233516636
2015-10-06 00:00:00-04:00,67.07194197748828
2015-10-07 00:00:00-04:00,66.95877027412205
2015-10-08 00:00:00-04:00,67.19326006402132
2015-10-09 00:00:00-04:00,68.23631213124568
2015-10-12 00:00:00-04:00,68.45463257523242
2015-10-13 00:00:00-04:00,68.38185765132187
2015-10-14 00:00:00-04:00,67.98566551985547
2015-10-15 00:00:00-04:00,67.42774765552616
2015-10-16 00:00:00-04:00,67.98567310222376
2015-10-19 00:00:00-04:00,68.81849413132436
2015-10-20 00:00:00-04:00,69.74027939802625
2015-10-21 00:00:00-04:00,70.16075096820693
2015-10-22 00:00:00-04:00,69.87775905547991
2015-10-23 00:00:00-04:00,70.93697420174425
2015-10-26 00:00:00-04:00,69.96668216196021
2015-10-27 00:00:00-04:00,70.75911336128769
2015-10-28 00:00:00-04:00,70.61355027129714
2015-10-29 00:00:00-04:00,71.08254545544736
2015-10-30 00:00:00-04:00,72.06901371112603
2015-11-02 00:00:00-05:00,70.83996586212953
2015-11-03 00:00:00-05:00,69.89391831166257
2015-11-04 00:00:00-05:00,70.57313428205012
2015-11-05 00:00:00-05:00,70.14457062256037
2015-11-06 00:00:00-05:00,70.37906988942086
2015-11-09 00:00:00-05:00,70.30628806548718
2015-11-10 00:00:00-05:00,69.69983697754361
2015-11-11 00:00:00-05:00,70.92078495238592
2015-11-12 00:00:00-05:00,70.94507133339911
2015-11-13 00:00:00-05:00,70.33053853619113
2015-11-16 00:00:00-05:00,70.21733191187688
2015-11-17 00:00:00-05:00,72.37624922514823
2015-11-18 00:00:00-05:00,73.21719707991694
2015-11-19 00:00:00-05:00,74.2521815799738
2015-11-20 00:00:00-05:00,73.78318832592555
2015-11-23 00:00:00-05:00,73.82360517031839
2015-11-24 00:00:00-05:00,74.26025572326486
2015-11-25 00:00:00-05:00,73.98534736901897
2015-11-27 00:00:00-05:00,74.67264898386368
2015-11-30 00:00:00-05:00,74.68072503650467
2015-12-01 00:00:00-05:00,77.91506237081633
2015-12-02 00:00:00-05:00,78.53763054122984
2015-12-03 00:00:00-05:00,79.4756194680485
2015-12-04 00:00:00-05:00,79.19262287322248
2015-12-07 00:00:00-05:00,80.86637170061339
2015-12-08 00:00:00-05:00,81.26259918945979
2015-12-09 00:00:00-05:00,79.64543000654413
2015-12-10 00:00:00-05:00,79.58072443239672
2015-12-11 00:00:00-05:00,77.8180271106679
2015-12-14 00:00:00-05:00,77.94737709587076
2015-12-15 00:00:00-05:00,78.35166891498939
2015-12-16 00:00:00-05:00,78.53768828998821
2015-12-17 00:00:00-05:00,79.4998908813633
2015-12-18 00:00:00-05:00,79.30580976783506
2015-12-21 00:00:00-05:00,76.57280655662835
2015-12-22 00:00:00-05:00,77.57544270185456
2015-12-23 00:00:00-05:00,78.65087086877404
2015-12-24 00:00:00-05:00,77.57544348796104
2015-12-28 00:00:00-05:00,78.17381814395651
2015-12-29 00:00:00-05:00,79.56455350474991
2015-12-30 00:00:00-05:00,79.79905235255633
2015-12-31 00:00:00-05:00,78.8426352054737
2016-01-04 00:00:00-05:00,76.82226978212273
2016-01-05 00:00:00-05:00,76.91187070063823
2016-01-06 00:00:00-05:00,76.01575336291769
2016-01-07 00:00:00-05:00,75.76323324747665
2016-01-08 00:00:00-05:00,76.16238988479493
2016-01-11 00:00:00-05:00,75.04631574965438
2016-01-12 00:00:00-05:00,74.9730055841441
2016-01-13 00:00:00-05:00,75.64100678768712
2016-01-14 00:00:00-05:00,74.38647126290377
2016-01-15 00:00:00-05:00,74.26424304766121
2016-01-19 00:00:00-05:00,75.58397698350637
2016-01-20 00:00:00-05:00,75.29071888982938
2016-01-21 00:00:00-05:00,74.04427576545864
2016-01-22 00:00:00-05:00,75.2581128459321
2016-01-25 00:00:00-05:00,76.20313956374495
2016-01-26 00:00:00-05:00,75.3966098255632
2016-01-27 00:00:00-05:00,76.3823692486533
2016-01-28 00:00:00-05:00,76.24383164857946
2016-01-29 00:00:00-05:00,76.97707271039894
2016-02-01 00:00:00-05:00,78.34568210331466
2016-02-02 00:00:00-05:00,78.19088721508686
2016-02-03 00:00:00-05:00,78.37826302738068
2016-02-04 00:00:00-05:00,78.01980150328244
2016-02-05 00:00:00-05:00,77.62878074578593
2016-02-08 00:00:00-05:00,77.00150292521079
2016-02-09 00:00:00-05:00,78.32124364000067
2016-02-10 00:00:00-05:00,79.04629846472947
2016-02-11 00:00:00-05:00,77.83245048451344
2016-02-12 00:00:00-05:00,77.9790756066747
2016-02-16 00:00:00-05:00,79.43733471285783
2016-02-17 00:00:00-05:00,80.23568258966384
2016-02-18 00:00:00-05:00,79.730598918529
2016-02-19 00:00:00-05:00,79.95054968695571
2016-02-22 00:00:00-05:00,80.27643135505583
2016-02-23 00:00:00-05:00,79.76318162966017
2016-02-24 00:00:00-05:00,80.43121278380599
2016-02-25 00:00:00-05:00,81.47396350362044
2016-02-26 00:00:00-05:00,80.76519653751417
2016-02-29 00:00:00-05:00,76.64304725043925
2016-03-01 00:00:00-05:00,76.72451989726693
2016-03-02 00:00:00-05:00,78.34568138860337
2016-03-03 00:00:00-05:00,77.8894735249071
2016-03-04 00:00:00-05:00,78.67154076698954
2016-03-07 00:00:00-05:00,77.67766898992018
2016-03-08 00:00:00-05:00,72.99339007623975
2016-03-09 00:00:00-05:00,74.28869416078682
2016-03-10 00:00:00-05:00,73.96284642784036
2016-03-11 00:00:00-05:00,73.67768739850437
2016-03-14 00:00:00-04:00,73.8161693127673
2016-03-15 00:00:00-04:00,73.18888018456667
2016-03-16 00:00:00-04:00,74.4027283612175
2016-03-17 00:00:00-04:00,74.00355460962219
2016-03-18 00:00:00-04:00,75.2825673301599
2016-03-21 00:00:00-04:00,75.79579260867662
2016-03-22 00:00:00-04:00,75.08703820935096
2016-03-23 00:00:00-04:00,75.13592362210854
2016-03-24 00:00:00-04:00,75.06261799131921
2016-03-28 00:00:00-04:00,74.95669831212483
2016-03-29 00:00:00-04:00,75.61656477834808
2016-03-30 00:00:00-04:00,76.76523199254001
2016-03-31 00:00:00-04:00,76.53714476921844
2016-04-01 00:00:00-04:00,75.64099012333024
2016-04-04 00:00:00-04:00,76.62045667552732
2016-04-05 00:00:00-04:00,75.72552033905778
2016-04-06 00:00:00-04:00,74.78132022777363
2016-04-07 00:00:00-04:00,74.96193101788307
2016-04-08 00:00:00-04:00,74.71561054902163
2016-04-11 00:00:00-04:00,75.23287115697535
2016-04-12 00:00:00-04:00,74.88803398048617
2016-04-13 00:00:00-04:00,75.46277894101178
2016-04-14 00:00:00-04:00,75.99645181651401
2016-04-15 00:00:00-04:00,75.8979491584823
2016-04-18 00:00:00-04:00,75.56950611857741
2016-04-19 00:00:00-04:00,77.35118480943203
2016-04-20 00:00:00-04:00,77.29372682959854
2016-04-21 00:00:00-04:00,77.17878352131257
2016-04-22 00:00:00-04:00,74.66636885321134
2016-04-25 00:00:00-04:00,75.29857527308663
2016-04-26 00:00:00-04:00,75.64340208421675
2016-04-27 00:00:00-04:00,75.20003380646521
2016-04-28 00:00:00-04:00,76.89139677978712
2016-04-29 00:00:00-04:00,74.46107781462486
2016-05-02 00:00:00-04:00,77.82739061132489
2016-05-03 00:00:00-04:00,77.07204519420976
2016-05-04 00:00:00-04:00,77.8766889392839
2016-05-05 00:00:00-04:00,77.63858185974222
2016-05-06 00:00:00-04:00,78.44318706733952
2016-05-09 00:00:00-04:00,77.66318839001609
2016-05-10 00:00:00-04:00,79.39560953743313
2016-05-11 00:00:00-04:00,78.71415729863953
2016-05-12 00:00:00-04:00,78.78803369652915
2016-05-13 00:00:00-04:00,79.59266379063864
2016-05-16 00:00:00-04:00,79.59266368969794
2016-05-17 00:00:00-04:00,78.99330567464727
2016-05-18 00:00:00-04:00,78.20508615980305
2016-05-19 00:00:00-04:00,78.76340896061926
2016-05-20 00:00:00-04:00,79.2067550041883
2016-05-23 00:00:00-04:00,79.80612832417287
2016-05-24 00:00:00-04:00,79.7158271428021
2016-05-25 00:00:00-04:00,80.32339669886166
2016-05-26 00:00:00-04:00,79.84717666476128
2016-05-27 00:00:00-04:00,79.53518158099313
2016-05-31 00:00:00-04:00,80.75856491562354
2016-06-01 00:00:00-04:00,80.39727216497282
2016-06-02 00:00:00-04:00,80.9966655562287
2016-06-03 00:00:00-04:00,80.78320012286203
2016-06-06 00:00:00-04:00,81.14444026850772
2016-06-07 00:00:00-04:00,80.8570793310071
2016-06-08 00:00:00-04:00,80.60256135085642
2016-06-09 00:00:00-04:00,80.48760605446539
2016-06-10 00:00:00-04:00,80.45477795878239
2016-06-13 00:00:00-04:00,80.43832572987104
2016-06-14 00:00:00-04:00,78.55813295370967
2016-06-15 00:00:00-04:00,78.78803490028709
2016-06-16 00:00:00-04:00,77.75351532894071
2016-06-17 00:00:00-04:00,78.476056724542
2016-06-20 00:00:00-04:00,77.59750278095697
2016-06-21 00:00:00-04:00,79.70761831074242
2016-06-22 00:00:00-04:00,80.02781160289692
2016-06-23 00:00:00-04:00,80.79140061373064
2016-06-24 00:00:00-04:00,78.451403042242
2016-06-27 00:00:00-04:00,79.00971964870075
2016-06-28 00:00:00-04:00,78.89477084764466
2016-06-29 00:00:00-04:00,80.4383627361921
2016-06-30 00:00:00-04:00,80.2494915540827
2016-07-01 00:00:00-04:00,81.61280463055567
2016-07-05 00:00:00-04:00,80.88493973535206
2016-07-06 00:00:00-04:00,80.76087393029943
2016-07-07 00:00:00-04:00,80.86012054878705
2016-07-08 00:00:00-04:00,81.01727433519464
2016-07-11 00:00:00-04:00,81.37296221124325
2016-07-12 00:00:00-04:00,81.92710649119445
2016-07-13 00:00:00-04:00,81.15790421460783
2016-07-14 00:00:00-04:00,81.58798550876837
2016-07-15 00:00:00-04:00,80.94283360221263
2016-07-18 00:00:00-04:00,81.05033420316516
2016-07-19 00:00:00-04:00,79.89236866431212
2016-07-20 00:00:00-04:00,80.61198696594974
2016-07-21 00:00:00-04:00,79.95856265945345
2016-07-22 00:00:00-04:00,79.8179378080576
2016-07-25 00:00:00-04:00,80.653354304533
2016-07-26 00:00:00-04:00,80.73605625945497
2016-07-27 00:00:00-04:00,80.50444949061375
2016-07-28 00:00:00-04:00,80.94285030610698
2016-07-29 00:00:00-04:00,80.90147463355545
2016-08-01 00:00:00-04:00,80.80223984848112
2016-08-02 00:00:00-04:00,81.32330414362889
2016-08-03 00:00:00-04:00,82.12562693729846
2016-08-04 00:00:00-04:00,81.79475967139732
2016-08-05 00:00:00-04:00,82.15870872940505
2016-08-08 00:00:00-04:00,81.79477836297099
2016-08-09 00:00:00-04:00,80.95110962170662
2016-08-10 00:00:00-04:00,82.10082664076639
2016-08-11 00:00:00-04:00,82.23314875122809
2016-08-12 00:00:00-04:00,81.80303272564164
2016-08-15 00:00:00-04:00,81.8609514920735
2016-08-16 00:00:00-04:00,81.5218227463934
2016-08-17 00:00:00-04:00,81.11655636872148
2016-08-18 00:00:00-04:00,80.80222751334138
2016-08-19 00:00:00-04:00,81.6458892626572
2016-08-22 00:00:00-04:00,81.41429768107686
2016-08-23 00:00:00-04:00,81.88576853471332
2016-08-24 00:00:00-04:00,81.06691334053679
2016-08-25 00:00:00-04:00,81.95194179648537
2016-08-26 00:00:00-04:00,83.33322979226801
2016-08-29 00:00:00-04:00,83.62272927057002
2016-08-30 00:00:00-04:00,84.04455303860165
2016-08-31 00:00:00-04:00,84.26788192952101
2016-09-01 00:00:00-04:00,84.6814650956994
2016-09-02 00:00:00-04:00,84.7807139594445
2016-09-06 00:00:00-04:00,85.76501686260812
2016-09-07 00:00:00-04:00,84.53257401960492
2016-09-08 00:00:00-04:00,84.63184567456481
2016-09-09 00:00:00-04:00,83.54830520306622
2016-09-12 00:00:00-04:00,81.96847951526746
2016-09-13 00:00:00-04:00,81.92713025819864
2016-09-14 00:00:00-04:00,81.81130795961461
2016-09-15 00:00:00-04:00,80.28941759153112
2016-09-16 00:00:00-04:00,80.64507504307787
2016-09-19 00:00:00-04:00,81.45567043816945
2016-09-20 00:00:00-04:00,82.6715413619514
2016-09-21 00:00:00-04:00,82.13393107828503
2016-09-22 00:00:00-04:00,83.1678245503069
2016-09-23 00:00:00-04:00,83.8625888770992
2016-09-26 00:00:00-04:00,83.11817583986894
2016-09-27 00:00:00-04:00,83.22571782572369
2016-09-28 00:00:00-04:00,84.15209545214951
2016-09-29 00:00:00-04:00,84.50775819634588
2016-09-30 00:00:00-04:00,83.35805929430536
2016-10-03 00:00:00-04:00,84.87490539085154
2016-10-04 00:00:00-04:00,83.508643269388
2016-10-05 00:00:00-04:00,83.17541251731838
2016-10-06 00:00:00-04:00,82.65058877324759
2016-10-07 00:00:00-04:00,82.8421852289445
2016-10-10 00:00:00-04:00,83.61695365182004
2016-10-11 00:00:00-04:00,83.16709139290035
2016-10-12 00:00:00-04:00,83.51699835603547
2016-10-13 00:00:00-04:00,84.64163155458029
2016-10-14 00:00:00-04:00,85.51641268436165
2016-10-17 00:00:00-04:00,85.89961526803926
2016-10-18 00:00:00-04:00,86.49111076977067
2016-10-19 00:00:00-04:00,87.30755165197985
2016-10-20 00:00:00-04:00,86.20786155520376
2016-10-21 00:00:00-04:00,84.88323044901904
2016-10-24 00:00:00-04:00,85.36645925096394
2016-10-25 00:00:00-04:00,85.45808775647531
2016-10-26 00:00:00-04:00,85.14148760445731
2016-10-27 00:00:00-04:00,85.23315010636213
2016-10-28 00:00:00-04:00,85.99957886618208
2016-10-31 00:00:00-04:00,84.67497409075908
2016-11-01 00:00:00-04:00,85.40809114359814
2016-11-02 00:00:00-04:00,86.00790498393427
2016-11-03 00:00:00-04:00,84.93321906317522
2016-11-04 00:00:00-04:00,84.40006046072367
2016-11-07 00:00:00-05:00,84.6583200763404
2016-11-08 00:00:00-05:00,85.05819263149895
2016-11-09 00:00:00-05:00,85.74131454213692
2016-11-10 00:00:00-05:00,86.41613182083024
2016-11-11 00:00:00-05:00,87.1575622296244
2016-11-14 00:00:00-05:00,89.057033327838
2016-11-15 00:00:00-05:00,88.04067853961357
2016-11-16 00:00:00-05:00,87.64076057792936
2016-11-17 00:00:00-05:00,87.5907838814838
2016-11-18 00:00:00-05:00,88.30722314880246
2016-11-21 00:00:00-05:00,89.05700346886479
2016-11-22 00:00:00-05:00,88.30725901053836
2016-11-23 00:00:00-05:00,89.14032291816676
2016-11-25 00:00:00-05:00,90.36496185741609
2016-11-28 00:00:00-05:00,90.72318529949756
2016-11-29 00:00:00-05:00,90.54824759571041
2016-11-30 00:00:00-05:00,90.33997618636657
2016-12-01 00:00:00-05:00,89.47353873343032
2016-12-02 00:00:00-05:00,89.6485258768815
2016-12-05 00:00:00-05:00,90.88147902897835
2016-12-06 00:00:00-05:00,90.41494145334741
2016-12-07 00:00:00-05:00,91.72290528650625
2016-12-08 00:00:00-05:00,93.66402224600658
2016-12-09 00:00:00-05:00,95.8549905067984
2016-12-12 00:00:00-05:00,95.82169947053724
2016-12-13 00:00:00-05:00,94.99692877663587
2016-12-14 00:00:00-05:00,95.0052479375035
2016-12-15 00:00:00-05:00,94.3471084587354
2016-12-16 00:00:00-05:00,93.90556543613805
2016-12-19 00:00:00-05:00,92.53933151922539
2016-12-20 00:00:00-05:00,94.4637336268647
2016-12-21 00:00:00-05:00,93.76396503518839
2016-12-22 00:00:00-05:00,94.24714963937127
2016-12-23 00:00:00-05:00,93.80562102720809
2016-12-27 00:00:00-05:00,95.18019780319727
2016-12-28 00:00:00-05:00,94.5637116306386
2016-12-29 00:00:00-05:00,94.23882389599665
2016-12-30 00:00:00-05:00,94.963611529499
2017-01-03 00:00:00-05:00,94.33752334227917
2017-01-04 00:00:00-05:00,94.01032376271095
2017-01-05 00:00:00-05:00,94.22845471797291
2017-01-06 00:00:00-05:00,93.96002058522704
2017-01-09 00:00:00-05:00,94.0690628677469
2017-01-10 00:00:00-05:00,93.09590120672722
2017-01-11 00:00:00-05:00,93.85096378158866
2017-01-12 00:00:00-05:00,93.08753621659407
2017-01-13 00:00:00-05:00,92.56738911297094
2017-01-17 00:00:00-05:00,92.45832663886256
2017-01-18 00:00:00-05:00,93.51539733786213
2017-01-19 00:00:00-05:00,93.67478812142203
2017-01-20 00:00:00-05:00,94.45498155226495
2017-01-23 00:00:00-05:00,94.22846861384718
2017-01-24 00:00:00-05:00,94.50531011558375
2017-01-25 00:00:00-05:00,94.97513618678701
2017-01-26 00:00:00-05:00,94.48855215748307
2017-01-27 00:00:00-05:00,94.75699975897507
2017-01-30 00:00:00-05:00,94.84088772182452
2017-01-31 00:00:00-05:00,94.71506164085685
2017-02-01 00:00:00-05:00,94.58083286472889
2017-02-02 00:00:00-05:00,93.68316598210232
2017-02-03 00:00:00-05:00,94.58919773959171
2017-02-06 00:00:00-05:00,94.79054906340035
2017-02-07 00:00:00-05:00,94.45495831036796
2017-02-08 00:00:00-05:00,95.13451682712224
2017-02-09 00:00:00-05:00,94.144558856547
2017-02-10 00:00:00-05:00,95.10935341780208
2017-02-13 00:00:00-05:00,94.67310906610484
2017-02-14 00:00:00-05:00,95.17644887259706
2017-02-15 00:00:00-05:00,95.24358557866286
2017-02-16 00:00:00-05:00,95.99021961635026
2017-02-17 00:00:00-05:00,96.82075166946457
2017-02-21 00:00:00-05:00,95.3861739535364
2017-02-22 00:00:00-05:00,96.83755133694056
2017-02-23 00:00:00-05:00,98.92648056606762
2017-02-24 00:00:00-05:00,100.67145410418237
2017-02-27 00:00:00-05:00,100.64628271913163
2017-02-28 00:00:00-05:00,99.97510797119122
2017-03-01 00:00:00-05:00,100.06740943858415
2017-03-02 00:00:00-05:00,102.63453213229944
2017-03-03 00:00:00-05:00,101.42648566294949
2017-03-06 00:00:00-05:00,101.22513740572636
2017-03-07 00:00:00-05:00,100.15129541498746
2017-03-08 00:00:00-05:00,101.57748439816152
2017-03-09 00:00:00-05:00,101.14124951907776
2017-03-10 00:00:00-05:00,101.2083699481773
2017-03-13 00:00:00-04:00,101.56909920413744
2017-03-14 00:00:00-04:00,101.69492652600184
2017-03-15 00:00:00-04:00,103.11273238898134
2017-03-16 00:00:00-04:00,105.04226196545079
2017-03-17 00:00:00-04:00,104.76539318079202
2017-03-20 00:00:00-04:00,102.43317256671075
2017-03-21 00:00:00-04:00,103.4650797664032
2017-03-22 00:00:00-04:00,102.09762102443563
2017-03-23 00:00:00-04:00,101.76205802783448
2017-03-24 00:00:00-04:00,102.24862048337707
2017-03-27 00:00:00-04:00,101.02380138399012
2017-03-28 00:00:00-04:00,102.52547405841706
2017-03-29 00:00:00-04:00,101.02377574311315
2017-03-30 00:00:00-04:00,100.89795123505422
2017-03-31 00:00:00-04:00,101.72010230166465
2017-04-03 00:00:00-04:00,103.36123815390165
2017-04-04 00:00:00-04:00,102.32272812328726
2017-04-05 00:00:00-04:00,102.9559494879919
2017-04-06 00:00:00-04:00,102.76178153229709
2017-04-07 00:00:00-04:00,101.78235897288627
2017-04-10 00:00:00-04:00,102.70266693734989
2017-04-11 00:00:00-04:00,102.39873123674042
2017-04-12 00:00:00-04:00,102.98975134358095
2017-04-13 00:00:00-04:00,103.13328285742017
2017-04-17 00:00:00-04:00,102.16232473420484
2017-04-18 00:00:00-04:00,102.9221925940864
2017-04-19 00:00:00-04:00,103.69893690082016
2017-04-20 00:00:00-04:00,104.47574476404895
2017-04-21 00:00:00-04:00,104.20553679680029
2017-04-24 00:00:00-04:00,104.83879610672349
2017-04-25 00:00:00-04:00,104.44196963237881
2017-04-26 00:00:00-04:00,104.34062585595963
2017-04-27 00:00:00-04:00,105.10897334625697
2017-04-28 00:00:00-04:00,106.24037523782651
2017-05-01 00:00:00-04:00,105.18496277970587
2017-05-02 00:00:00-04:00,103.85939870489076
2017-05-03 00:00:00-04:00,102.44093346497834
2017-05-04 00:00:00-04:00,101.63880585538894
2017-05-05 00:00:00-04:00,100.9380442565869
2017-05-08 00:00:00-04:00,100.34704250554628
2017-05-09 00:00:00-04:00,99.35073167358046
2017-05-10 00:00:00-04:00,98.01671282611673
2017-05-11 00:00:00-04:00,97.5523457599631
2017-05-12 00:00:00-04:00,97.33281701806564
2017-05-15 00:00:00-04:00,98.50643240164565
2017-05-16 00:00:00-04:00,96.85997965104544
2017-05-17 00:00:00-04:00,96.48849267291564
2017-05-18 00:00:00-04:00,96.34495806860784
2017-05-19 00:00:00-04:00,98.13492165634263
2017-05-22 00:00:00-04:00,97.58611569922687
2017-05-23 00:00:00-04:00,97.7887644449972
2017-05-24 00:00:00-04:00,98.60773842439835
2017-05-25 00:00:00-04:00,98.12647796084636
2017-05-26 00:00:00-04:00,98.10958425051795
2017-05-30 00:00:00-04:00,98.7428367159832
2017-05-31 00:00:00-04:00,98.89481087226895
2017-06-01 00:00:00-04:00,99.58710908876884
2017-06-02 00:00:00-04:00,100.4736800507225
2017-06-05 00:00:00-04:00,103.00662169430763
2017-06-06 00:00:00-04:00,101.216666304515
2017-06-07 00:00:00-04:00,100.1021748503373
2017-06-08 00:00:00-04:00,100.16126700649768
2017-06-09 00:00:00-04:00,102.66889723984272
2017-06-12 00:00:00-04:00,102.00188135353666
2017-06-13 00:00:00-04:00,103.06572232188364
2017-06-14 00:00:00-04:00,102.57603637187002
2017-06-15 00:00:00-04:00,103.8256042795527
2017-06-16 00:00:00-04:00,103.75806664967642
2017-06-19 00:00:00-04:00,106.80604670646663
2017-06-20 00:00:00-04:00,105.54802703857422
2017-06-21 00:00:00-04:00,105.61556116287653
2017-06-22 00:00:00-04:00,104.57705042246047
2017-06-23 00:00:00-04:00,103.85092954301511
2017-06-26 00:00:00-04:00,105.2440524728669
2017-06-27 00:00:00-04:00,104.17176946750645
2017-06-28 00:00:00-04:00,104.2815389553253
2017-06-29 00:00:00-04:00,106.99179311224535
2017-06-30 00:00:00-04:00,105.57335012112306
2017-07-03 00:00:00-04:00,106.28944267037784
2017-07-05 00:00:00-04:00,107.98020487124059
2017-07-06 00:00:00-04:00,105.11693647579625
2017-07-07 00:00:00-04:00,104.76008576778165
2017-07-10 00:00:00-04:00,104.74310571771005
2017-07-11 00:00:00-04:00,103.18823855041958
2017-07-12 00:00:00-04:00,103.83399470365275
2017-07-13 00:00:00-04:00,103.77452269623898
2017-07-14 00:00:00-04:00,102.52553088002597
2017-07-17 00:00:00-04:00,102.0582467158064
2017-07-18 00:00:00-04:00,102.71245643482474
2017-07-19 00:00:00-04:00,107.02012090066346
2017-07-20 00:00:00-04:00,105.95808642974926
2017-07-21 00:00:00-04:00,105.77963735434612
2017-07-24 00:00:00-04:00,106.14500142920578
2017-07-25 00:00:00-04:00,107.20705068063421
2017-07-26 00:00:00-04:00,106.74823209078114
2017-07-27 00:00:00-04:00,105.60122411030189
2017-07-28 00:00:00-04:00,104.50520761023527
2017-07-31 00:00:00-04:00,109.60300302212853
2017-08-01 00:00:00-04:00,108.70241553307652
2017-08-02 00:00:00-04:00,109.07623961779119
2017-08-03 00:00:00-04:00,107.69984149585159
2017-08-04 00:00:00-04:00,108.192616895404
2017-08-07 00:00:00-04:00,107.94621601403219
2017-08-08 00:00:00-04:00,106.75673582759777
2017-08-09 00:00:00-04:00,104.93001893279013
2017-08-10 00:00:00-04:00,105.54178761357649
2017-08-11 00:00:00-04:00,104.84503875135958
2017-08-14 00:00:00-04:00,104.92150953130876
2017-08-15 00:00:00-04:00,106.89265571494904
2017-08-16 00:00:00-04:00,104.52220005691645
2017-08-17 00:00:00-04:00,104.79408328881463
2017-08-18 00:00:00-04:00,104.00392969048485
2017-08-21 00:00:00-04:00,103.59607623296225
2017-08-22 00:00:00-04:00,104.3862537294484
2017-08-23 00:00:00-04:00,104.15684715457515
2017-08-24 00:00:00-04:00,103.20525156254126
2017-08-25 00:00:00-04:00,102.66998077040371
2017-08-28 00:00:00-04:00,102.85689328490122
2017-08-29 00:00:00-04:00,102.95884982968836
2017-08-30 00:00:00-04:00,102.04124422489194
2017-08-31 00:00:00-04:00,102.35561926222829
2017-09-01 00:00:00-04:00,102.72095592033459
2017-09-05 00:00:00-04:00,100.09560446655924
2017-09-06 00:00:00-04:00,97.6996111581638
2017-09-07 00:00:00-04:00,99.78122116775486
2017-09-08 00:00:00-04:00,98.78714431075791
2017-09-11 00:00:00-04:00,103.59607027364696
2017-09-12 00:00:00-04:00,102.18568300098669
2017-09-13 00:00:00-04:00,102.5935121056557
2017-09-14 00:00:00-04:00,103.02681200754252
2017-09-15 00:00:00-04:00,100.41845251537639
2017-09-18 00:00:00-04:00,100.86027688043272
2017-09-19 00:00:00-04:00,101.51446987268017
2017-09-20 00:00:00-04:00,100.86023965133472
2017-09-21 00:00:00-04:00,101.68440731690212
2017-09-22 00:00:00-04:00,99.28840816155261
2017-09-25 00:00:00-04:00,100.67336388974586
2017-09-26 00:00:00-04:00,101.49747396682126
2017-09-27 00:00:00-04:00,101.5314900190933
2017-09-28 00:00:00-04:00,101.38703583518803
2017-09-29 00:00:00-04:00,101.00467321401636
2017-10-02 00:00:00-04:00,102.41509451997644
2017-10-03 00:00:00-04:00,104.24180060325718
2017-10-04 00:00:00-04:00,100.97111236300431
2017-10-05 00:00:00-04:00,101.04811911884116
2017-10-06 00:00:00-04:00,101.7836286545968
2017-10-09 00:00:00-04:00,101.38165016127695
2017-10-10 00:00:00-04:00,101.20205654044965
2017-10-11 00:00:00-04:00,101.57840029601603
2017-10-12 00:00:00-04:00,102.1000848042821
2017-10-13 00:00:00-04:00,103.20335644288846
2017-10-16 00:00:00-04:00,102.10009370393777
2017-10-17 00:00:00-04:00,103.83623556031054
2017-10-18 00:00:00-04:00,104.02437274224741
2017-10-19 00:00:00-04:00,105.10199076911861
2017-10-20 00:00:00-04:00,106.0513562259533
2017-10-23 00:00:00-04:00,105.98291692828396
2017-10-24 00:00:00-04:00,106.0513579909461
2017-10-25 00:00:00-04:00,104.54607791233636
2017-10-26 00:00:00-04:00,104.26388712957433
2017-10-27 00:00:00-04:00,106.0513429069371
2017-10-30 00:00:00-04:00,105.65791578423202
2017-10-31 00:00:00-04:00,104.66583146356962
2017-11-01 00:00:00-04:00,103.62242655817927
2017-11-02 00:00:00-04:00,104.48622363145748
2017-11-03 00:00:00-04:00,105.18754201358388
2017-11-06 00:00:00-05:00,105.05923356857308
2017-11-07 00:00:00-05:00,104.76848852500405
2017-11-08 00:00:00-05:00,104.68292198275273
2017-11-09 00:00:00-05:00,103.65663016938893
2017-11-10 00:00:00-05:00,103.70793661994753
2017-11-13 00:00:00-05:00,104.50335290689767
2017-11-14 00:00:00-05:00,103.95597077797413
2017-11-15 00:00:00-05:00,104.36650656842338
2017-11-16 00:00:00-05:00,105.19609185549164
2017-11-17 00:00:00-05:00,104.40071236236066
2017-11-20 00:00:00-05:00,105.16187967589148
2017-11-21 00:00:00-05:00,104.62309510962284
2017-11-22 00:00:00-05:00,105.1533401277386
2017-11-24 00:00:00-05:00,104.29807757191915
2017-11-27 00:00:00-05:00,104.7770262670072
2017-11-28 00:00:00-05:00,105.23886357925784
2017-11-29 00:00:00-05:00,105.19608598126786
2017-11-30 00:00:00-05:00,106.2565819802415
2017-12-01 00:00:00-05:00,105.94870998972274
2017-12-04 00:00:00-05:00,104.11846665704712
2017-12-05 00:00:00-05:00,104.27241752690782
2017-12-06 00:00:00-05:00,103.2888797045076
2017-12-07 00:00:00-05:00,103.58821760839403
2017-12-08 00:00:00-05:00,103.23754257822662
2017-12-11 00:00:00-05:00,102.4592951110324
2017-12-12 00:00:00-05:00,102.64742655897992
2017-12-13 00:00:00-05:00,102.76716384954634
2017-12-14 00:00:00-05:00,100.56917221182255
2017-12-15 00:00:00-05:00,99.60273422124315
2017-12-18 00:00:00-05:00,101.50143306803369
2017-12-19 00:00:00-05:00,101.23627230320574
2017-12-20 00:00:00-05:00,102.17706197738538
2017-12-21 00:00:00-05:00,101.54418973947755
2017-12-22 00:00:00-05:00,101.62969739590858
2017-12-26 00:00:00-05:00,102.12573540786097
2017-12-27 00:00:00-05:00,102.20271109699864
2017-12-28 00:00:00-05:00,102.87836599994635
2017-12-29 00:00:00-05:00,103.90466519285758
2018-01-02 00:00:00-05:00,104.59740589867474
2018-01-03 00:00:00-05:00,101.86914903907558
2018-01-04 00:00:00-05:00,102.22836484074821
2018-01-05 00:00:00-05:00,102.90885587045658
2018-01-08 00:00:00-05:00,102.11647223947087
2018-01-09 00:00:00-05:00,101.30683577262313
2018-01-10 00:00:00-05:00,100.11821246828707
2018-01-11 00:00:00-05:00,100.14407615191234
2018-01-12 00:00:00-05:00,100.99675989060486
2018-01-16 00:00:00-05:00,100.94506708864431
2018-01-17 00:00:00-05:00,99.96317606610968
2018-01-18 00:00:00-05:00,101.05706109596369
2018-01-19 00:00:00-05:00,100.78142175814365
2018-01-22 00:00:00-05:00,102.65045671292816
2018-01-23 00:00:00-05:00,101.41019033791753
2018-01-24 00:00:00-05:00,102.18534138909465
2018-01-25 00:00:00-05:00,102.51265065860153
2018-01-26 00:00:00-05:00,101.95280164905876
2018-01-29 00:00:00-05:00,102.28010146939367
2018-01-30 00:00:00-05:00,100.45412441995487
2018-01-31 00:00:00-05:00,101.34129129482558
2018-02-01 00:00:00-05:00,102.0733996619658
2018-02-02 00:00:00-05:00,102.33177996428445
2018-02-05 00:00:00-05:00,100.2904908262087
2018-02-06 00:00:00-05:00,95.42410323784569
2018-02-07 00:00:00-05:00,96.01842939034499
2018-02-08 00:00:00-05:00,97.01751584768242
2018-02-09 00:00:00-05:00,96.84525063340942
2018-02-12 00:00:00-05:00,98.61955403312803
2018-02-13 00:00:00-05:00,95.70835724416081
2018-02-14 00:00:00-05:00,94.8728736720174
2018-02-15 00:00:00-05:00,97.76686251897996
2018-02-16 00:00:00-05:00,97.47401121746194
2018-02-20 00:00:00-05:00,98.8176574056363
2018-02-21 00:00:00-05:00,97.71517853748152
2018-02-22 00:00:00-05:00,98.99854299408548
2018-02-23 00:00:00-05:00,97.28452883376937
2018-02-26 00:00:00-05:00,97.3878937685632
2018-02-27 00:00:00-05:00,98.05968763986068
2018-02-28 00:00:00-05:00,98.10277218875943
2018-03-01 00:00:00-05:00,99.59282333653405
2018-03-02 00:00:00-05:00,96.93998988807762
2018-03-05 00:00:00-05:00,97.93911468776065
2018-03-06 00:00:00-05:00,103.01223733830494
2018-03-07 00:00:00-05:00,101.75469945182951
2018-03-08 00:00:00-05:00,101.58246482995268
2018-03-09 00:00:00-05:00,101.90974629839874
2018-03-12 00:00:00-04:00,102.23706313709971
2018-03-13 00:00:00-04:00,102.83134270762997
2018-03-14 00:00:00-04:00,103.55486056903301
2018-03-15 00:00:00-04:00,103.07250509501932
2018-03-16 00:00:00-04:00,102.50405002638094
2018-03-19 00:00:00-04:00,103.15861694488746
2018-03-20 00:00:00-04:00,102.09060587018055
2018-03-21 00:00:00-04:00,103.14141487188112
2018-03-22 00:00:00-04:00,101.91834604428975
2018-03-23 00:00:00-04:00,100.8244842988651
2018-03-26 00:00:00-04:00,98.78320850174846
2018-03-27 00:00:00-04:00,99.93734811177532
2018-03-28 00:00:00-04:00,98.533433507469
2018-03-29 00:00:00-04:00,100.35938568829718
2018-04-02 00:00:00-04:00,100.8675768936197
2018-04-03 00:00:00-04:00,98.94686394697587
2018-04-04 00:00:00-04:00,99.08464576799383
2018-04-05 00:00:00-04:00,101.57787012378373
2018-04-06 00:00:00-04:00,100.15513663083061
2018-04-09 00:00:00-04:00,99.66065339539296
2018-04-10 00:00:00-04:00,100.80577994550026
2018-04-11 00:00:00-04:00,100.27657858124657
2018-04-12 00:00:00-04:00,101.12677879966562
2018-04-13 00:00:00-04:00,101.24819774011844
2018-04-16 00:00:00-04:00,101.56053630492113
2018-04-17 00:00:00-04:00,102.54081318774075
2018-04-18 00:00:00-04:00,102.64492798242775
2018-04-19 00:00:00-04:00,102.10706790484336
2018-04-20 00:00:00-04:00,102.98324377188068
2018-04-23 00:00:00-04:00,102.88783253554382
2018-04-24 00:00:00-04:00,102.79239645907883
2018-04-25 00:00:00-04:00,103.07864445447551
2018-04-26 00:00:00-04:00,103.06132965145092
2018-04-27 00:00:00-04:00,103.14808786887791
2018-04-30 00:00:00-04:00,101.72532884338304
2018-05-01 00:00:00-04:00,100.81446347794544
2018-05-02 00:00:00-04:00,101.06604507363166
2018-05-03 00:00:00-04:00,97.59595999680118
2018-05-04 00:00:00-04:00,98.43744416711893
2018-05-07 00:00:00-04:00,98.25526546538838
2018-05-08 00:00:00-04:00,99.65198516158497
2018-05-09 00:00:00-04:00,99.22687653938122
2018-05-10 00:00:00-04:00,98.7931067373318
2018-05-11 00:00:00-04:00,98.66299655164171
2018-05-14 00:00:00-04:00,98.61962892666297
2018-05-15 00:00:00-04:00,97.03207054932521
2018-05-16 00:00:00-04:00,97.31834291554038
2018-05-17 00:00:00-04:00,97.85619708187143
2018-05-18 00:00:00-04:00,96.84987719537966
2018-05-21 00:00:00-04:00,97.33571052442136
2018-05-22 00:00:00-04:00,98.4374461746827
2018-05-23 00:00:00-04:00,98.52418756277295
2018-05-24 00:00:00-04:00,98.81915222812266
2018-05-25 00:00:00-04:00,98.59358403722615
2018-05-29 00:00:00-04:00,98.6803533244252
2018-05-30 00:00:00-04:00,96.90193397756735
2018-05-31 00:00:00-04:00,97.82151882742612
2018-06-01 00:00:00-04:00,98.49818000491439
2018-06-04 00:00:00-04:00,98.8972487499577
2018-06-05 00:00:00-04:00,98.78446018258002
2018-06-06 00:00:00-04:00,98.34201305342324
2018-06-07 00:00:00-04:00,98.6369667641066
2018-06-08 00:00:00-04:00,100.03368360800373
2018-06-11 00:00:00-04:00,101.90752871473657
2018-06-12 00:00:00-04:00,102.89648964447825
2018-06-13 00:00:00-04:00,101.60390471719141
2018-06-14 00:00:00-04:00,102.6795901284669
2018-06-15 00:00:00-04:00,101.69064637855425
2018-06-18 00:00:00-04:00,102.40202254184543
2018-06-19 00:00:00-04:00,102.11573279506385
2018-06-20 00:00:00-04:00,104.05897464196
2018-06-21 00:00:00-04:00,103.2521849894384
2018-06-22 00:00:00-04:00,103.35628507619029
2018-06-25 00:00:00-04:00,104.19777823301456
2018-06-26 00:00:00-04:00,102.85310631898663
2018-06-27 00:00:00-04:00,102.53215467208003
2018-06-28 00:00:00-04:00,100.57153761505457
2018-06-29 00:00:00-04:00,100.71900085870926
2018-07-02 00:00:00-04:00,101.23087467003113
2018-07-03 00:00:00-04:00,100.97061399975819
2018-07-05 00:00:00-04:00,101.94632535756607
2018-07-06 00:00:00-04:00,101.21231811672048
2018-07-09 00:00:00-04:00,103.33565411613252
2018-07-10 00:00:00-04:00,103.79003703580018
2018-07-11 00:00:00-04:00,102.75019897609027
2018-07-12 00:00:00-04:00,103.4317730242689
2018-07-13 00:00:00-04:00,102.94246561923293
2018-07-16 00:00:00-04:00,103.36187632634771
2018-07-17 00:00:00-04:00,103.66769966802974
2018-07-18 00:00:00-04:00,103.38806131284049
2018-07-19 00:00:00-04:00,104.2444043030069
2018-07-20 00:00:00-04:00,103.98225066626952
2018-07-23 00:00:00-04:00,104.85607890128591
2018-07-24 00:00:00-04:00,105.18812818597802
2018-07-25 00:00:00-04:00,104.63759577600261
2018-07-26 00:00:00-04:00,104.9871434870808
2018-07-27 00:00:00-04:00,106.21048585955553
2018-07-30 00:00:00-04:00,108.04545964260703
2018-07-31 00:00:00-04:00,108.5260289274423
2018-08-01 00:00:00-04:00,108.47359246135017
2018-08-02 00:00:00-04:00,110.39596680360033
2018-08-03 00:00:00-04:00,110.56199461482355
2018-08-06 00:00:00-04:00,110.54449975405785
2018-08-07 00:00:00-04:00,110.42216524849833
2018-08-08 00:00:00-04:00,110.42218445670476
2018-08-09 00:00:00-04:00,109.5308944771956
2018-08-10 00:00:00-04:00,109.46097399290835
2018-08-13 00:00:00-04:00,109.43477825122609
2018-08-14 00:00:00-04:00,109.60081574218599
2018-08-15 00:00:00-04:00,109.29497747501277
2018-08-16 00:00:00-04:00,110.0813969791802
2018-08-17 00:00:00-04:00,110.1862577075999
2018-08-20 00:00:00-04:00,110.55324341284364
2018-08-21 00:00:00-04:00,110.36976555671376
2018-08-22 00:00:00-04:00,112.06489691177238
2018-08-23 00:00:00-04:00,110.64061931122143
2018-08-24 00:00:00-04:00,110.74548307093187
2018-08-27 00:00:00-04:00,110.92899747783838
2018-08-28 00:00:00-04:00,111.14741754742407
2018-08-29 00:00:00-04:00,110.12508300703908
2018-08-30 00:00:00-04:00,109.9066293330645
2018-08-31 00:00:00-04:00,110.238682018313
2018-09-04 00:00:00-04:00,108.04543774260611
2018-09-05 00:00:00-04:00,110.77168991670615
2018-09-06 00:00:00-04:00,109.5745934687916
2018-09-07 00:00:00-04:00,110.20371935062575
2018-09-10 00:00:00-04:00,110.92898644979753
2018-09-11 00:00:00-04:00,110.09887178642164
2018-09-12 00:00:00-04:00,111.10373563751854
2018-09-13 00:00:00-04:00,110.745469853505
2018-09-14 00:00:00-04:00,111.61052966055668
2018-09-17 00:00:00-04:00,112.43193861884778
2018-09-18 00:00:00-04:00,112.84260747222422
2018-09-19 00:00:00-04:00,112.72899377230334
2018-09-20 00:00:00-04:00,113.00862189040822
2018-09-21 00:00:00-04:00,113.37562152539289
2018-09-24 00:00:00-04:00,112.4319035901555
2018-09-25 00:00:00-04:00,111.53191147287778
2018-09-26 00:00:00-04:00,110.58819249985011
2018-09-27 00:00:00-04:00,110.12507928745902
2018-09-28 00:00:00-04:00,110.18624832957616
2018-10-01 00:00:00-04:00,111.6454817492803
2018-10-02 00:00:00-04:00,109.74933959434908
2018-10-03 00:00:00-04:00,110.21243657549411
2018-10-04 00:00:00-04:00,109.91536615186727
2018-10-05 00:00:00-04:00,109.89665001824783
2018-10-08 00:00:00-04:00,108.99060984584318
2018-10-09 00:00:00-04:00,110.26613890344166
2018-10-10 00:00:00-04:00,110.89949807434272
2018-10-11 00:00:00-04:00,109.46563531905974
2018-10-12 00:00:00-04:00,108.76189785711914
2018-10-15 00:00:00-04:00,107.12569784845702
2018-10-16 00:00:00-04:00,107.06413169603452
2018-10-17 00:00:00-04:00,109.17533307770158
2018-10-18 00:00:00-04:00,110.08139253885325
2018-10-19 00:00:00-04:00,109.61517876564086
2018-10-22 00:00:00-04:00,111.34811055148036
2018-10-23 00:00:00-04:00,110.81151711225552
2018-10-24 00:00:00-04:00,108.87625104070433
2018-10-25 00:00:00-04:00,109.3248904131906
2018-10-26 00:00:00-04:00,113.03705717501934
2018-10-29 00:00:00-04:00,115.31541572506849
2018-10-30 00:00:00-04:00,113.81998512765294
2018-10-31 00:00:00-04:00,115.93998098172722
2018-11-01 00:00:00-04:00,114.55012041644912
2018-11-02 00:00:00-04:00,114.65567410371389
2018-11-05 00:00:00-05:00,114.34778111331416
2018-11-06 00:00:00-05:00,114.8227775723817
2018-11-07 00:00:00-05:00,115.6672893480498
2018-11-08 00:00:00-05:00,116.3446162062564
2018-11-09 00:00:00-05:00,117.69049020891937
2018-11-12 00:00:00-05:00,117.78729648457225
2018-11-13 00:00:00-05:00,117.70808535701462
2018-11-14 00:00:00-05:00,117.8664591867694
2018-11-15 00:00:00-05:00,117.01317332354313
2018-11-16 00:00:00-05:00,117.78725372412956
2018-11-19 00:00:00-05:00,118.22709592192037
2018-11-20 00:00:00-05:00,117.73450122533339
2018-11-21 00:00:00-05:00,117.55854185068755
2018-11-23 00:00:00-05:00,115.67609535524998
2018-11-26 00:00:00-05:00,117.44419644735056
2018-11-27 00:00:00-05:00,117.29466910902191
2018-11-28 00:00:00-05:00,118.71091754901529
2018-11-29 00:00:00-05:00,119.92486866285597
2018-11-30 00:00:00-05:00,121.00684902494646
2018-12-03 00:00:00-05:00,120.71657309886203
2018-12-04 00:00:00-05:00,120.16235432998782
2018-12-06 00:00:00-05:00,116.3622188459403
2018-12-07 00:00:00-05:00,116.81962272753908
2018-12-10 00:00:00-05:00,115.62329405004752
2018-12-11 00:00:00-05:00,115.62328063028717
2018-12-12 00:00:00-05:00,115.79922667213279
2018-12-13 00:00:00-05:00,114.91074521331586
2018-12-14 00:00:00-05:00,114.52372122403199
2018-12-17 00:00:00-05:00,115.58809883767282
2018-12-18 00:00:00-05:00,111.70877781203123
2018-12-19 00:00:00-05:00,112.87873484365106
2018-12-20 00:00:00-05:00,112.24536831252063
2018-12-21 00:00:00-05:00,112.21017647182109
2018-12-24 00:00:00-05:00,114.21582366868164
2018-12-26 00:00:00-05:00,110.0286153090491
2018-12-27 00:00:00-05:00,113.05465315273402
2018-12-28 00:00:00-05:00,116.41496215902936
2018-12-31 00:00:00-05:00,116.72290655647517
2019-01-02 00:00:00-05:00,116.73167381812041
2019-01-03 00:00:00-05:00,114.52371123181382
2019-01-04 00:00:00-05:00,117.52336531125557
2019-01-07 00:00:00-05:00,117.9998285339583
2019-01-08 00:00:00-05:00,119.15997346661337
2019-01-09 00:00:00-05:00,120.81611097069263
2019-01-10 00:00:00-05:00,121.01975014961143
2019-01-11 00:00:00-05:00,122.10026318765412
2019-01-14 00:00:00-05:00,122.14449886040465
2019-01-15 00:00:00-05:00,121.4891496040178
2019-01-16 00:00:00-05:00,123.65892585671948
2019-01-17 00:00:00-05:00,123.62348373252088
2019-01-18 00:00:00-05:00,123.80946642909764
2019-01-22 00:00:00-05:00,126.20068700725479
2019-01-23 00:00:00-05:00,125.3770202662738
2019-01-24 00:00:00-05:00,125.74899284614958
2019-01-25 00:00:00-05:00,126.15642327127922
2019-01-28 00:00:00-05:00,125.93500901933908
2019-01-29 00:00:00-05:00,126.7851466402891
2019-01-30 00:00:00-05:00,126.65231707384851
2019-01-31 00:00:00-05:00,128.75122231712896
2019-02-01 00:00:00-05:00,129.71654320907865
2019-02-04 00:00:00-05:00,134.61402598401753
2019-02-05 00:00:00-05:00,135.38450220062836
2019-02-06 00:00:00-05:00,135.61477001569455
2019-02-07 00:00:00-05:00,135.69449615341188
2019-02-08 00:00:00-05:00,138.2982012756529
2019-02-11 00:00:00-05:00,140.8399208112786
2019-02-12 00:00:00-05:00,139.98972473070032
2019-02-13 00:00:00-05:00,141.7875530715113
2019-02-14 00:00:00-05:00,143.47905060607255
2019-02-15 00:00:00-05:00,144.25843162689895
2019-02-19 00:00:00-05:00,146.33962314680213
2019-02-20 00:00:00-05:00,148.03112664004374
2019-02-21 00:00:00-05:00,148.2436997188871
2019-02-22 00:00:00-05:00,151.76843378583894
2019-02-25 00:00:00-05:00,158.45486717650977
2019-02-26 00:00:00-05:00,159.47332167104776
2019-02-27 00:00:00-05:00,163.5737428948159
2019-02-28 00:00:00-05:00,161.62539215053374
2019-03-01 00:00:00-05:00,159.05711441837892
2019-03-04 00:00:00-05:00,162.8829488475814
2019-03-05 00:00:00-05:00,163.8394366303524
2019-03-06 00:00:00-05:00,164.30879308415624
2019-03-07 00:00:00-05:00,163.58265258766096
2019-03-08 00:00:00-05:00,158.8268168807769
2019-03-11 00:00:00-04:00,159.19878555465505
2019-03-12 00:00:00-04:00,159.83644980963803
2019-03-13 00:00:00-04:00,156.02826020540954
2019-03-14 00:00:00-04:00,156.47106741229982
2019-03-15 00:00:00-04:00,155.90428040249202
2019-03-18 00:00:00-04:00,153.75225063879043
2019-03-19 00:00:00-04:00,154.52274998712792
2019-03-20 00:00:00-04:00,152.25554086433357
2019-03-21 00:00:00-04:00,152.34409189426833
2019-03-22 00:00:00-04:00,154.97442259721564
2019-03-25 00:00:00-04:00,156.4445048403451
2019-03-26 00:00:00-04:00,156.03713451332894
2019-03-27 00:00:00-04:00,156.47993113892247
2019-03-28 00:00:00-04:00,156.78104712111985
2019-03-29 00:00:00-04:00,156.95817618514582
2019-04-01 00:00:00-04:00,158.5257479015236
2019-04-02 00:00:00-04:00,159.08365788665162
2019-04-03 00:00:00-04:00,157.50724794572304
2019-04-04 00:00:00-04:00,155.90431582052798
2019-04-05 00:00:00-04:00,155.9156968337953
2019-04-08 00:00:00-04:00,155.21246729410637
2019-04-09 00:00:00-04:00,154.09083054818626
2019-04-10 00:00:00-04:00,154.24216476377833
2019-04-11 00:00:00-04:00,154.97208779115476
2019-04-12 00:00:00-04:00,156.90379148234686
2019-04-15 00:00:00-04:00,158.31919817541333
2019-04-16 00:00:00-04:00,158.31922929627333
2019-04-17 00:00:00-04:00,160.97191335461093
2019-04-18 00:00:00-04:00,159.81467733531898
2019-04-22 00:00:00-04:00,160.19745156395928
2019-04-23 00:00:00-04:00,157.01954210015083
2019-04-24 00:00:00-04:00,161.15000721325504
2019-04-25 00:00:00-04:00,160.20640498279528
2019-04-26 00:00:00-04:00,163.7582060834821
2019-04-29 00:00:00-04:00,164.30122908561285
2019-04-30 00:00:00-04:00,166.50000065823968
2019-05-01 00:00:00-04:00,168.80558854560232
2019-05-02 00:00:00-04:00,167.19434547337696
2019-05-03 00:00:00-04:00,166.09047747528805
2019-05-06 00:00:00-04:00,174.55614268656043
2019-05-07 00:00:00-04:00,176.70148673691023
2019-05-08 00:00:00-04:00,174.6273972426088
2019-05-09 00:00:00-04:00,175.36623692706158
2019-05-10 00:00:00-04:00,174.60067298039277
2019-05-13 00:00:00-04:00,174.8499183111395
2019-05-14 00:00:00-04:00,174.00424520007408
2019-05-15 00:00:00-04:00,174.22676242628697
2019-05-16 00:00:00-04:00,179.08721627418055
2019-05-17 00:00:00-04:00,179.13170566952985
2019-05-20 00:00:00-04:00,180.8942826862781
2019-05-21 00:00:00-04:00,182.959489563409
2019-05-22 00:00:00-04:00,182.89719854124814
2019-05-23 00:00:00-04:00,182.54112109996143
2019-05-24 00:00:00-04:00,183.9476234965769
2019-05-28 00:00:00-04:00,178.0367994999195
2019-05-29 00:00:00-04:00,178.3394278282067
2019-05-30 00:00:00-04:00,182.4520623281096
2019-05-31 00:00:00-04:00,184.17906420320688
2019-06-03 00:00:00-04:00,189.46674571561354
2019-06-04 00:00:00-04:00,192.520085276683
2019-06-05 00:00:00-04:00,196.51698047500832
2019-06-06 00:00:00-04:00,202.89958903483839
2019-06-07 00:00:00-04:00,204.87579824293223
2019-06-10 00:00:00-04:00,209.3890300624696
2019-06-11 00:00:00-04:00,212.75396119034446
2019-06-12 00:00:00-04:00,213.67080770095518
2019-06-13 00:00:00-04:00,221.5489958838888
2019-06-14 00:00:00-04:00,218.09506331289714
2019-06-17 00:00:00-04:00,220.1513747751252
2019-06-18 00:00:00-04:00,220.24036888740935
2019-06-19 00:00:00-04:00,221.03264182547397
2019-06-20 00:00:00-04:00,226.8900498801068
2019-06-21 00:00:00-04:00,226.1512325009649
2019-06-24 00:00:00-04:00,225.60822593661533
2019-06-25 00:00:00-04:00,226.99687201667876
2019-06-26 00:00:00-04:00,227.91379818214847
2019-06-27 00:00:00-04:00,222.34122610683937
2019-06-28 00:00:00-04:00,222.79525153128088
2019-07-01 00:00:00-04:00,228.84845825380557
2019-07-02 00:00:00-04:00,228.06512777337602
2019-07-03 00:00:00-04:00,232.96113001440753
2019-07-05 00:00:00-04:00,234.70591310073303
2019-07-08 00:00:00-04:00,235.17514313962334
2019-07-09 00:00:00-04:00,236.13089712786518
2019-07-10 00:00:00-04:00,237.33669629504476
2019-07-11 00:00:00-04:00,236.84550715027484
2019-07-12 00:00:00-04:00,237.73865601471317
2019-07-15 00:00:00-04:00,238.91769650666203
2019-07-16 00:00:00-04:00,237.16701853525265
2019-07-17 00:00:00-04:00,236.36310737662845
2019-07-18 00:00:00-04:00,235.35375449075747
2019-07-19 00:00:00-04:00,238.4711022058626
2019-07-22 00:00:00-04:00,235.52348299194108
2019-07-23 00:00:00-04:00,236.8007573893896
2019-07-24 00:00:00-04:00,237.1938135136668
2019-07-25 00:00:00-04:00,238.462246691654
2019-07-26 00:00:00-04:00,236.79186490343855
2019-07-29 00:00:00-04:00,209.13787159251956
2019-07-30 00:00:00-04:00,205.52033050486267
2019-07-31 00:00:00-04:00,201.27754025505234
2019-08-01 00:00:00-04:00,198.41032332931906
2019-08-02 00:00:00-04:00,196.54347067859877
2019-08-05 00:00:00-04:00,197.10622278701496
2019-08-06 00:00:00-04:00,190.0498176400827
2019-08-07 00:00:00-04:00,194.00676026228268
2019-08-08 00:00:00-04:00,195.7663983311643
2019-08-09 00:00:00-04:00,199.63403545081397
2019-08-12 00:00:00-04:00,197.79399078400968
2019-08-13 00:00:00-04:00,193.37258810180506
2019-08-14 00:00:00-04:00,196.77570833639288
2019-08-15 00:00:00-04:00,192.72051528947932
2019-08-16 00:00:00-04:00,196.36489582567935
2019-08-19 00:00:00-04:00,199.97347659892458
2019-08-20 00:00:00-04:00,198.9641396746093
2019-08-21 00:00:00-04:00,197.3652283750839
2019-08-22 00:00:00-04:00,197.56172977369403
2019-08-23 00:00:00-04:00,200.04490713086702
2019-08-26 00:00:00-04:00,192.52401459938724
2019-08-27 00:00:00-04:00,191.51468228551414
2019-08-28 00:00:00-04:00,189.20125589494415
2019-08-29 00:00:00-04:00,189.29053531186315
2019-08-30 00:00:00-04:00,194.1943418587981
2019-09-03 00:00:00-04:00,194.4355170976579
2019-09-04 00:00:00-04:00,194.792814295204
2019-09-05 00:00:00-04:00,196.50773745929396
2019-09-06 00:00:00-04:00,191.75586478674975
2019-09-09 00:00:00-04:00,193.54226779356893
2019-09-10 00:00:00-04:00,191.08594918556474
2019-09-11 00:00:00-04:00,181.7428859040016
2019-09-12 00:00:00-04:00,184.2081298828125
2019-09-13 00:00:00-04:00,184.70835750799878
2019-09-16 00:00:00-04:00,183.10950815712528
2019-09-17 00:00:00-04:00,183.80620787602038
2019-09-18 00:00:00-04:00,187.1289892490679
2019-09-19 00:00:00-04:00,183.07378245521664
2019-09-20 00:00:00-04:00,177.5894182199957
2019-09-23 00:00:00-04:00,168.86268525830823
2019-09-24 00:00:00-04:00,170.7652811386001
2019-09-25 00:00:00-04:00,170.73842626633936
2019-09-26 00:00:00-04:00,173.08758361005806
2019-09-27 00:00:00-04:00,169.30930482402184
2019-09-30 00:00:00-04:00,165.34339819062967
2019-10-01 00:00:00-04:00,165.70964210438456
2019-10-02 00:00:00-04:00,160.88624673372328
2019-10-03 00:00:00-04:00,158.40310641135224
2019-10-04 00:00:00-04:00,161.01235986415384
2019-10-07 00:00:00-04:00,162.682077677835
2019-10-08 00:00:00-04:00,160.1595291841677
2019-10-09 00:00:00-04:00,161.47916355751073
2019-10-10 00:00:00-04:00,162.125522441005
2019-10-11 00:00:00-04:00,165.77018581694688
2019-10-14 00:00:00-04:00,165.94075132252047
2019-10-15 00:00:00-04:00,164.56725983309371
2019-10-16 00:00:00-04:00,160.82383411086596
2019-10-17 00:00:00-04:00,165.24056023281204
2019-10-18 00:00:00-04:00,166.94618421548364
2019-10-21 00:00:00-04:00,169.50461690045148
2019-10-22 00:00:00-04:00,170.56394233130843
2019-10-23 00:00:00-04:00,166.97313588882028
2019-10-24 00:00:00-04:00,165.3841359989406
2019-10-25 00:00:00-04:00,163.79519457247468
2019-10-28 00:00:00-04:00,167.88876113345532
2019-10-29 00:00:00-04:00,165.46497143266822
2019-10-30 00:00:00-04:00,168.2388297248547
2019-10-31 00:00:00-04:00,170.00737810043225
2019-11-01 00:00:00-04:00,166.0753846342303
2019-11-04 00:00:00-05:00,165.1597418902891
2019-11-05 00:00:00-05:00,162.38583229236878
2019-11-06 00:00:00-05:00,163.33737863979871
2019-11-07 00:00:00-05:00,159.30671679123262
2019-11-08 00:00:00-05:00,158.8488724691185
2019-11-11 00:00:00-05:00,161.28169931904424
2019-11-12 00:00:00-05:00,162.58333526955343
2019-11-13 00:00:00-05:00,163.1218960407839
2019-11-14 00:00:00-05:00,163.89398412141324
2019-11-15 00:00:00-05:00,166.18309769310048
2019-11-18 00:00:00-05:00,158.8488873140169
2019-11-19 00:00:00-05:00,160.11461864396728
2019-11-20 00:00:00-05:00,158.93865960263196
2019-11-21 00:00:00-05:00,158.12172647358622
2019-11-22 00:00:00-05:00,153.848668741161
2019-11-25 00:00:00-05:00,155.78770076355127
2019-11-26 00:00:00-05:00,153.8127730697589
2019-11-27 00:00:00-05:00,156.07496760322806
2019-11-29 00:00:00-05:00,154.27953673120842
2019-12-02 00:00:00-05:00,151.89169479937746
2019-12-03 00:00:00-05:00,146.12839031637142
2019-12-04 00:00:00-05:00,149.66535808743922
2019-12-05 00:00:00-05:00,151.2992129876786
2019-12-06 00:00:00-05:00,151.13760211222345
2019-12-09 00:00:00-05:00,151.43383446497293
2019-12-10 00:00:00-05:00,151.30816295340168
2019-12-11 00:00:00-05:00,150.1501381569749
2019-12-12 00:00:00-05:00,154.55787996548233
2019-12-13 00:00:00-05:00,151.43384468462304
2019-12-16 00:00:00-05:00,152.98689111005191
2019-12-17 00:00:00-05:00,154.18083699883883
2019-12-18 00:00:00-05:00,154.50400421342053
2019-12-19 00:00:00-05:00,151.90965617522565
2019-12-20 00:00:00-05:00,152.0622576225691
2019-12-23 00:00:00-05:00,152.8342617197551
2019-12-24 00:00:00-05:00,149.07286444237056
2019-12-26 00:00:00-05:00,150.16808569171317
2019-12-27 00:00:00-05:00,150.20398613752425
2019-12-30 00:00:00-05:00,149.58454200791553
2019-12-31 00:00:00-05:00,148.9471944158824
2020-01-02 00:00:00-05:00,149.24344705507866
2020-01-03 00:00:00-05:00,146.4785326661366
2020-01-06 00:00:00-05:00,148.56709595358606
2020-01-07 00:00:00-05:00,151.284918453564
2020-01-08 00:00:00-05:00,149.7137833823359
2020-01-09 00:00:00-05:00,149.786054068066
2020-01-10 00:00:00-05:00,150.94181093654188
2020-01-13 00:00:00-05:00,148.98245174769716
2020-01-14 00:00:00-05:00,149.2081563430581
2020-01-15 00:00:00-05:00,149.62352819611755
2020-01-16 00:00:00-05:00,150.91469987471828
2020-01-17 00:00:00-05:00,152.57606010226633
2020-01-21 00:00:00-05:00,153.03659156745192
2020-01-22 00:00:00-05:00,154.49025233422702
2020-01-23 00:00:00-05:00,151.4383846741536
2020-01-24 00:00:00-05:00,150.89664418052894
2020-01-27 00:00:00-05:00,149.17208506781841
2020-01-28 00:00:00-05:00,151.22169130779915
2020-01-29 00:00:00-05:00,152.07043562071098
2020-01-30 00:00:00-05:00,150.76118519093913
2020-01-31 00:00:00-05:00,152.2781032954284
2020-02-03 00:00:00-05:00,150.9237107003838
2020-02-04 00:00:00-05:00,151.90791402355765
2020-02-05 00:00:00-05:00,150.17431792205704
2020-02-06 00:00:00-05:00,148.70255815715691
2020-02-07 00:00:00-05:00,148.32332506451056
2020-02-10 00:00:00-05:00,146.9418597316008
2020-02-11 00:00:00-05:00,145.91253100322336
2020-02-12 00:00:00-05:00,147.149515853361
2020-02-13 00:00:00-05:00,144.98251056251857
2020-02-14 00:00:00-05:00,146.51746991072602
2020-02-18 00:00:00-05:00,147.80863145439696
2020-02-19 00:00:00-05:00,146.89669274204286
2020-02-20 00:00:00-05:00,146.37300393078309
2020-02-21 00:00:00-05:00,144.71159742421725
2020-02-24 00:00:00-05:00,140.9374068595097
2020-02-25 00:00:00-05:00,142.58976156855036
2020-02-26 00:00:00-05:00,142.32789823850445
2020-02-27 00:00:00-05:00,142.23758991511903
2020-02-28 00:00:00-05:00,136.6214142098979
2020-03-02 00:00:00-05:00,129.60568353283202
2020-03-03 00:00:00-05:00,136.82912143319808
2020-03-04 00:00:00-05:00,139.11347521499175
2020-03-05 00:00:00-05:00,138.4091847838282
2020-03-06 00:00:00-05:00,133.6868983268613
2020-03-09 00:00:00-04:00,130.25575735539152
2020-03-10 00:00:00-04:00,138.30988067519908
2020-03-11 00:00:00-04:00,138.2918317569522
2020-03-12 00:00:00-04:00,125.16327479927463
2020-03-13 00:00:00-04:00,126.64409150482457
2020-03-16 00:00:00-04:00,117.56070782456241
2020-03-17 00:00:00-04:00,134.6350005515435
2020-03-18 00:00:00-04:00,152.50384993493276
2020-03-19 00:00:00-04:00,149.89441909458864
2020-03-20 00:00:00-04:00,143.5648832665247
2020-03-23 00:00:00-04:00,162.52630300379224
2020-03-24 00:00:00-04:00,146.7702618286981
2020-03-25 00:00:00-04:00,138.51756569485457
2020-03-26 00:00:00-04:00,130.34608997050137
2020-03-27 00:00:00-04:00,145.51526968895124
2020-03-30 00:00:00-04:00,148.80189675689522
2020-03-31 00:00:00-04:00,156.20579632214202
2020-04-01 00:00:00-04:00,131.82687065325277
2020-04-02 00:00:00-04:00,135.96227803551986
2020-04-03 00:00:00-04:00,145.06414976412754
2020-04-06 00:00:00-04:00,151.53165731932782
2020-04-07 00:00:00-04:00,157.1452976777851
2020-04-08 00:00:00-04:00,152.96688869759328
2020-04-09 00:00:00-04:00,154.68363039460448
2020-04-13 00:00:00-04:00,149.65138449043852
2020-04-14 00:00:00-04:00,154.02056469827053
2020-04-15 00:00:00-04:00,150.069202053591
2020-04-16 00:00:00-04:00,147.9073057995257
2020-04-17 00:00:00-04:00,157.09987927085393
2020-04-20 00:00:00-04:00,160.44261045661975
2020-04-21 00:00:00-04:00,163.4946630814031
2020-04-22 00:00:00-04:00,165.5021595577189
2020-04-23 00:00:00-04:00,159.1164017169246
2020-04-24 00:00:00-04:00,156.30964009722246
2020-04-27 00:00:00-04:00,158.6259086913771
2020-04-28 00:00:00-04:00,165.44763562535618
2020-04-29 00:00:00-04:00,166.1198572120126
2020-04-30 00:00:00-04:00,167.81845427847676
2020-05-01 00:00:00-04:00,159.74318186677039
2020-05-04 00:00:00-04:00,155.73731258737476
2020-05-05 00:00:00-04:00,163.02232026115107
2020-05-06 00:00:00-04:00,164.51203916484934
2020-05-07 00:00:00-04:00,167.41876481337266
2020-05-08 00:00:00-04:00,167.13722411212484
2020-05-11 00:00:00-04:00,152.8578600883781
2020-05-12 00:00:00-04:00,157.7084813055855
2020-05-13 00:00:00-04:00,154.6926744595229
2020-05-14 00:00:00-04:00,143.99235983973156
2020-05-15 00:00:00-04:00,145.4093444100009
2020-05-18 00:00:00-04:00,154.14770775772826
2020-05-19 00:00:00-04:00,153.8297833151674
2020-05-20 00:00:00-04:00,155.74642639918443
2020-05-21 00:00:00-04:00,156.36410620755976
2020-05-22 00:00:00-04:00,157.90827889490532
2020-05-26 00:00:00-04:00,159.24359559785938
2020-05-27 00:00:00-04:00,161.11477929766545
2020-05-28 00:00:00-04:00,156.66385717699944
2020-05-29 00:00:00-04:00,158.33522345435276
2020-06-01 00:00:00-04:00,164.32129364044488
2020-06-02 00:00:00-04:00,160.0701670507049
2020-06-03 00:00:00-04:00,164.40301648432052
2020-06-04 00:00:00-04:00,166.48316129513114
2020-06-05 00:00:00-04:00,165.72922693980064
2020-06-08 00:00:00-04:00,168.04553465327686
2020-06-09 00:00:00-04:00,171.5336191396966
2020-06-10 00:00:00-04:00,169.09013052587102
2020-06-11 00:00:00-04:00,166.5376540666479
2020-06-12 00:00:00-04:00,164.63010612750264
2020-06-15 00:00:00-04:00,158.45330250009022
2020-06-16 00:00:00-04:00,165.44759616599103
2020-06-17 00:00:00-04:00,163.2857635240071
2020-06-18 00:00:00-04:00,165.4930523194094
2020-06-19 00:00:00-04:00,165.7383084586793
2020-06-22 00:00:00-04:00,169.8077242466692
2020-06-23 00:00:00-04:00,167.41879236342226
2020-06-24 00:00:00-04:00,169.27179004622903
2020-06-25 00:00:00-04:00,166.4922897049412
2020-06-26 00:00:00-04:00,170.20739588272463
2020-06-29 00:00:00-04:00,170.42543622879037
2020-06-30 00:00:00-04:00,171.96056736058944
2020-07-01 00:00:00-04:00,175.02170133675645
2020-07-02 00:00:00-04:00,173.8499130906064
2020-07-06 00:00:00-04:00,175.27500289023737
2020-07-07 00:00:00-04:00,173.9694092154376
2020-07-08 00:00:00-04:00,173.8689988393374
2020-07-09 00:00:00-04:00,176.22448262656417
2020-07-10 00:00:00-04:00,172.94685942723828
2020-07-13 00:00:00-04:00,177.41136134312546
2020-07-14 00:00:00-04:00,176.19709249498482
2020-07-15 00:00:00-04:00,181.19113817398753
2020-07-16 00:00:00-04:00,182.8253503712205
2020-07-17 00:00:00-04:00,185.11695215933833
2020-07-20 00:00:00-04:00,184.02138415465487
2020-07-21 00:00:00-04:00,189.7275325381443
2020-07-22 00:00:00-04:00,188.46762198526912
2020-07-23 00:00:00-04:00,188.60458705588962
2020-07-24 00:00:00-04:00,191.19746192172735
2020-07-27 00:00:00-04:00,188.57719302833078
2020-07-28 00:00:00-04:00,190.84138497294884
2020-07-29 00:00:00-04:00,191.30701021031877
2020-07-30 00:00:00-04:00,190.52182793521524
2020-07-31 00:00:00-04:00,194.8493724041916
2020-08-03 00:00:00-04:00,193.5986324967889
2020-08-04 00:00:00-04:00,194.2833252756924
2020-08-05 00:00:00-04:00,196.41969871264274
2020-08-06 00:00:00-04:00,198.29134462632115
2020-08-07 00:00:00-04:00,196.98575938026232
2020-08-10 00:00:00-04:00,199.17694965464358
2020-08-11 00:00:00-04:00,199.50563688549352
2020-08-12 00:00:00-04:00,199.89817342490716
2020-08-13 00:00:00-04:00,196.7210790794552
2020-08-14 00:00:00-04:00,197.99920997564573
2020-08-17 00:00:00-04:00,198.28220730489457
2020-08-18 00:00:00-04:00,201.26769685333235
2020-08-19 00:00:00-04:00,203.2579824093637
2020-08-20 00:00:00-04:00,201.925035711721
2020-08-21 00:00:00-04:00,201.24943605765114
2020-08-24 00:00:00-04:00,192.81342394296516
2020-08-25 00:00:00-04:00,190.9144341664737
2020-08-26 00:00:00-04:00,193.09649067899608
2020-08-27 00:00:00-04:00,188.82369883761007
2020-08-28 00:00:00-04:00,192.79517456100467
2020-08-31 00:00:00-04:00,192.7312925237275
2020-09-01 00:00:00-04:00,193.34296322371938
2020-09-02 00:00:00-04:00,195.35154725738352
2020-09-03 00:00:00-04:00,198.674785869706
2020-09-04 00:00:00-04:00,197.65226952149558
2020-09-08 00:00:00-04:00,190.92353965830208
2020-09-09 00:00:00-04:00,194.8220137855213
2020-09-10 00:00:00-04:00,202.07112547267465
2020-09-11 00:00:00-04:00,202.4728337659555
2020-09-14 00:00:00-04:00,201.38637545191816
2020-09-15 00:00:00-04:00,205.28479353782035
2020-09-16 00:00:00-04:00,201.36811398432587
2020-09-17 00:00:00-04:00,201.08508303901755
2020-09-18 00:00:00-04:00,201.7972160540907
2020-09-21 00:00:00-04:00,199.7612451617331
2020-09-22 00:00:00-04:00,191.7270073101675
2020-09-23 00:00:00-04:00,192.11042283798233
2020-09-24 00:00:00-04:00,186.6781779781227
2020-09-25 00:00:00-04:00,184.97088075801565
2020-09-28 00:00:00-04:00,188.5406972301496
2020-09-29 00:00:00-04:00,189.5632064399312
2020-09-30 00:00:00-04:00,192.30215550311507
2020-10-01 00:00:00-04:00,192.93213748284583
2020-10-02 00:00:00-04:00,190.83698257658924
2020-10-05 00:00:00-04:00,197.1838668690062
2020-10-06 00:00:00-04:00,201.0084784901658
2020-10-07 00:00:00-04:00,202.77863815328962
2020-10-08 00:00:00-04:00,202.25588093699318
2020-10-09 00:00:00-04:00,203.12715639208767
2020-10-12 00:00:00-04:00,203.96182696222095
2020-10-13 00:00:00-04:00,210.10692934507824
2020-10-14 00:00:00-04:00,209.66661403489525
2020-10-15 00:00:00-04:00,208.3092196527522
2020-10-16 00:00:00-04:00,210.28114998026234
2020-10-19 00:00:00-04:00,210.7214079203347
2020-10-20 00:00:00-04:00,208.79531402021405
2020-10-21 00:00:00-04:00,207.84146768834225
2020-10-22 00:00:00-04:00,211.57437163204716
2020-10-23 00:00:00-04:00,212.45486683009327
2020-10-26 00:00:00-04:00,211.16166646142878
2020-10-27 00:00:00-04:00,211.0057239239792
2020-10-28 00:00:00-04:00,212.2530693833604
2020-10-29 00:00:00-04:00,213.43625948795219
2020-10-30 00:00:00-04:00,215.8209065580963
2020-11-02 00:00:00-05:00,215.4999080948745
2020-11-03 00:00:00-05:00,218.82008692752063
2020-11-04 00:00:00-05:00,221.608314183304
2020-11-05 00:00:00-05:00,220.85618903341432
2020-11-06 00:00:00-05:00,216.60967458236067
2020-11-09 00:00:00-05:00,221.80085704068009
2020-11-10 00:00:00-05:00,214.01408956885606
2020-11-11 00:00:00-05:00,219.88398691964
2020-11-12 00:00:00-05:00,227.4415242568804
2020-11-13 00:00:00-05:00,218.3431262608252
2020-11-16 00:00:00-05:00,217.36176475874464
2020-11-17 00:00:00-05:00,223.58020917661125
2020-11-18 00:00:00-05:00,222.89232810273933
2020-11-19 00:00:00-05:00,223.51600638750128
2020-11-20 00:00:00-05:00,222.2686572893025
2020-11-23 00:00:00-05:00,220.7919917168681
2020-11-24 00:00:00-05:00,218.15970659850902
2020-11-25 00:00:00-05:00,209.65753043000893
2020-11-27 00:00:00-05:00,209.0704467931536
2020-11-30 00:00:00-05:00,209.12550490300492
2020-12-01 00:00:00-05:00,207.5571399246529
2020-12-02 00:00:00-05:00,207.36450707019975
2020-12-03 00:00:00-05:00,201.98986557067477
2020-12-04 00:00:00-05:00,200.1922411959505
2020-12-07 00:00:00-05:00,204.14524570445084
2020-12-08 00:00:00-05:00,201.79728951974363
2020-12-09 00:00:00-05:00,205.3100801874398
2020-12-10 00:00:00-05:00,208.83200524487683
2020-12-11 00:00:00-05:00,212.14302622606874
2020-12-14 00:00:00-05:00,214.05993639056243
2020-12-15 00:00:00-05:00,216.79309610523975
2020-12-16 00:00:00-05:00,221.25059972992315
2020-12-17 00:00:00-05:00,226.33176144184884
2020-12-18 00:00:00-05:00,228.62728946994767
2020-12-21 00:00:00-05:00,228.75674915400526
2020-12-22 00:00:00-05:00,229.55193577179773
2020-12-23 00:00:00-05:00,232.97315887315108
2020-12-24 00:00:00-05:00,231.15159587995873
2020-12-28 00:00:00-05:00,226.11227159893264
2020-12-29 00:00:00-05:00,226.14927562455077
2020-12-30 00:00:00-05:00,223.68969185853737
2020-12-31 00:00:00-05:00,226.8242832417129
2021-01-04 00:00:00-05:00,228.053510679216
2021-01-05 00:00:00-05:00,223.61497561698292
2021-01-06 00:00:00-05:00,225.2863730135975
2021-01-07 00:00:00-05:00,234.2469323580963
2021-01-08 00:00:00-05:00,237.6176064489452
2021-01-11 00:00:00-05:00,239.75327999355386
2021-01-12 00:00:00-05:00,238.06330710352336
2021-01-13 00:00:00-05:00,239.90181538230843
2021-01-14 00:00:00-05:00,236.8097595353802
2021-01-15 00:00:00-05:00,229.4927305824882
2021-01-19 00:00:00-05:00,232.02770308611653
2021-01-20 00:00:00-05:00,226.9391653022842
2021-01-21 00:00:00-05:00,226.4470599067315
2021-01-22 00:00:00-05:00,223.59640099797676
2021-01-25 00:00:00-05:00,219.56643680616872
2021-01-26 00:00:00-05:00,221.92499034888223
2021-01-27 00:00:00-05:00,218.29432346506735
2021-01-28 00:00:00-05:00,226.03851382131242
2021-01-29 00:00:00-05:00,228.99128337078773
2021-02-01 00:00:00-05:00,226.6234432917606
2021-02-02 00:00:00-05:00,230.3933988134581
2021-02-03 00:00:00-05:00,233.89409253110253
2021-02-04 00:00:00-05:00,231.61914777113412
2021-02-05 00:00:00-05:00,232.51052221566331
2021-02-08 00:00:00-05:00,240.99753959181515
2021-02-09 00:00:00-05:00,240.3011430784419
2021-02-10 00:00:00-05:00,244.34037939927504
2021-02-11 00:00:00-05:00,238.5554615978492
2021-02-12 00:00:00-05:00,240.4032515011005
2021-02-16 00:00:00-05:00,240.97898767914793
2021-02-17 00:00:00-05:00,238.91758617292354
2021-02-18 00:00:00-05:00,239.06614403161362
2021-02-19 00:00:00-05:00,238.2490171724543
2021-02-22 00:00:00-05:00,237.8590153806445
2021-02-23 00:00:00-05:00,233.30909842675769
2021-02-24 00:00:00-05:00,234.08908999508455
2021-02-25 00:00:00-05:00,227.49633736919952
2021-02-26 00:00:00-05:00,226.51209909178186
2021-03-01 00:00:00-05:00,226.56779848150632
2021-03-02 00:00:00-05:00,232.18555429929032
2021-03-03 00:00:00-05:00,224.36709546444283
2021-03-04 00:00:00-05:00,225.10994606763532
2021-03-05 00:00:00-05:00,212.14730295042824
2021-03-08 00:00:00-05:00,220.1421654203542
2021-03-09 00:00:00-05:00,217.56079081089564
2021-03-10 00:00:00-05:00,215.7408132830467
2021-03-11 00:00:00-05:00,217.73725476075904
2021-03-12 00:00:00-05:00,215.10011274520215
2021-03-15 00:00:00-04:00,212.49086539694866
2021-03-16 00:00:00-04:00,217.96938441452403
2021-03-17 00:00:00-04:00,217.1150849244125
2021-03-18 00:00:00-04:00,215.79650162483003
2021-03-19 00:00:00-04:00,213.90225213024777
2021-03-22 00:00:00-04:00,207.8016509419914
2021-03-23 00:00:00-04:00,214.1158121892361
2021-03-24 00:00:00-04:00,211.27445298295203
2021-03-25 00:00:00-04:00,208.73020381789817
2021-03-26 00:00:00-04:00,207.6530997205509
2021-03-29 00:00:00-04:00,207.0680818993272
2021-03-30 00:00:00-04:00,207.9130709332642
2021-03-31 00:00:00-04:00,207.77378829731728
2021-04-01 00:00:00-04:00,205.53600854469877
2021-04-05 00:00:00-04:00,208.63790638178295
2021-04-06 00:00:00-04:00,206.52962937589533
2021-04-07 00:00:00-04:00,211.6138116992294
2021-04-08 00:00:00-04:00,207.6584106722938
2021-04-09 00:00:00-04:00,207.38783004580583
2021-04-12 00:00:00-04:00,205.73669564712722
2021-04-13 00:00:00-04:00,208.68456565284365
2021-04-14 00:00:00-04:00,208.94575803240525
2021-04-15 00:00:00-04:00,208.34872738221966
2021-04-16 00:00:00-04:00,209.18829130417487
2021-04-19 00:00:00-04:00,212.2294566015842
2021-04-20 00:00:00-04:00,210.8581683466913
2021-04-21 00:00:00-04:00,208.72188291050873
2021-04-22 00:00:00-04:00,212.52802795948637
2021-04-23 00:00:00-04:00,210.93280042494305
2021-04-26 00:00:00-04:00,213.19968479486178
2021-04-27 00:00:00-04:00,207.32254834540433
2021-04-28 00:00:00-04:00,209.001707507628
2021-04-29 00:00:00-04:00,206.26841433610286
2021-04-30 00:00:00-04:00,203.03132185541136
2021-05-03 00:00:00-04:00,200.4846047466338
2021-05-04 00:00:00-04:00,201.84653917842806
2021-05-05 00:00:00-04:00,199.59833598154438
2021-05-06 00:00:00-04:00,196.95832231749608
2021-05-07 00:00:00-04:00,195.74555192957254
2021-05-10 00:00:00-04:00,196.37057375912542
2021-05-11 00:00:00-04:00,193.7212002213106
2021-05-12 00:00:00-04:00,187.88138754156603
2021-05-13 00:00:00-04:00,187.20974827501047
2021-05-14 00:00:00-04:00,190.95989851856123
2021-05-17 00:00:00-04:00,190.45614207866592
2021-05-18 00:00:00-04:00,190.726654584004
2021-05-19 00:00:00-04:00,186.55669561906194
2021-05-20 00:00:00-04:00,183.580825835914
2021-05-21 00:00:00-04:00,187.27502661952744
2021-05-24 00:00:00-04:00,184.0752652461423
2021-05-25 00:00:00-04:00,184.21518238429067
2021-05-26 00:00:00-04:00,182.48935541825395
2021-05-27 00:00:00-04:00,181.6404516572457
2021-05-28 00:00:00-04:00,188.40383670243568
2021-06-01 00:00:00-04:00,188.69303310141294
2021-06-02 00:00:00-04:00,186.55672861018698
2021-06-03 00:00:00-04:00,184.8308739822049
2021-06-04 00:00:00-04:00,183.83272184062514
2021-06-07 00:00:00-04:00,181.6218248729775
2021-06-08 00:00:00-04:00,181.23932110075032
2021-06-09 00:00:00-04:00,179.85868113798148
2021-06-10 00:00:00-04:00,179.07504492462405
2021-06-11 00:00:00-04:00,177.69436332354275
2021-06-14 00:00:00-04:00,176.9760775833438
2021-06-15 00:00:00-04:00,178.68324107197273
2021-06-16 00:00:00-04:00,179.57879694740916
2021-06-17 00:00:00-04:00,176.63089043875792
2021-06-18 00:00:00-04:00,176.79881840134703
2021-06-21 00:00:00-04:00,176.36038012356477
2021-06-22 00:00:00-04:00,177.70371683040628
2021-06-23 00:00:00-04:00,177.43318286067046
2021-06-24 00:00:00-04:00,178.3753958794408
2021-06-25 00:00:00-04:00,179.14964699859576
2021-06-28 00:00:00-04:00,179.9426205908469
2021-06-29 00:00:00-04:00,180.00793875319533
2021-06-30 00:00:00-04:00,180.87549712834334
2021-07-01 00:00:00-04:00,181.0807201336583
2021-07-02 00:00:00-04:00,181.54552020942293
2021-07-06 00:00:00-04:00,179.81036766702334
2021-07-07 00:00:00-04:00,177.43758079918945
2021-07-08 00:00:00-04:00,180.14804768369143
2021-07-09 00:00:00-04:00,176.98738323380283
2021-07-12 00:00:00-04:00,175.58061061813598
2021-07-13 00:00:00-04:00,175.3648655983386
2021-07-14 00:00:00-04:00,173.50785236584707
2021-07-15 00:00:00-04:00,172.4480180048475
2021-07-16 00:00:00-04:00,172.8138181251845
2021-07-19 00:00:00-04:00,173.53596345998903
2021-07-20 00:00:00-04:00,171.68835346930717
2021-07-21 00:00:00-04:00,174.19248495678457
2021-07-22 00:00:00-04:00,174.35194372998544
2021-07-23 00:00:00-04:00,172.02597747697155
2021-07-26 00:00:00-04:00,172.17604223144303
2021-07-27 00:00:00-04:00,171.93220908772233
2021-07-28 00:00:00-04:00,173.1514454261342
2021-07-29 00:00:00-04:00,173.6297877331589
2021-07-30 00:00:00-04:00,169.7094278807486
2021-08-02 00:00:00-04:00,173.50785906874833
2021-08-03 00:00:00-04:00,174.32380172019342
2021-08-04 00:00:00-04:00,171.66959718914998
2021-08-05 00:00:00-04:00,173.6485259459005
2021-08-06 00:00:00-04:00,173.31091187392272
2021-08-09 00:00:00-04:00,170.9943515537725
2021-08-10 00:00:00-04:00,169.65312245416322
2021-08-11 00:00:00-04:00,167.54290657641334
2021-08-12 00:00:00-04:00,165.8922486262314
2021-08-13 00:00:00-04:00,162.3470657363599
2021-08-16 00:00:00-04:00,162.34708842592897
2021-08-17 00:00:00-04:00,160.95901533179992
2021-08-18 00:00:00-04:00,162.60034231632798
2021-08-19 00:00:00-04:00,158.37984937486553
2021-08-20 00:00:00-04:00,162.06569813486607
2021-08-23 00:00:00-04:00,165.87352019452373
2021-08-24 00:00:00-04:00,162.73157812723
2021-08-25 00:00:00-04:00,163.44440518319817
2021-08-26 00:00:00-04:00,163.40686003870712
2021-08-27 00:00:00-04:00,162.9285654366555
2021-08-30 00:00:00-04:00,164.45732616308288
2021-08-31 00:00:00-04:00,165.2169963338419
2021-09-01 00:00:00-04:00,166.26739514509327
2021-09-02 00:00:00-04:00,167.08338106538784
2021-09-03 00:00:00-04:00,168.95910927849863
2021-09-07 00:00:00-04:00,170.30028144205286
2021-09-08 00:00:00-04:00,166.00478476379055
2021-09-09 00:00:00-04:00,165.22639627327305
2021-09-10 00:00:00-04:00,165.06693326177407
2021-09-13 00:00:00-04:00,166.03295726490308
2021-09-14 00:00:00-04:00,167.7680521747956
2021-09-15 00:00:00-04:00,165.8359896994456
2021-09-16 00:00:00-04:00,168.84658963575362
2021-09-17 00:00:00-04:00,169.21237208287775
2021-09-20 00:00:00-04:00,171.32258804083565
2021-09-21 00:00:00-04:00,173.02952086995873
2021-09-22 00:00:00-04:00,171.81026953990474
2021-09-23 00:00:00-04:00,173.5547480567324
2021-09-24 00:00:00-04:00,171.14437866676445
2021-09-27 00:00:00-04:00,169.67194753209517
2021-09-28 00:00:00-04:00,170.6942306780176
2021-09-29 00:00:00-04:00,166.53940704492362
2021-09-30 00:00:00-04:00,166.88643032965788
2021-10-01 00:00:00-04:00,168.34950734083336
2021-10-04 00:00:00-04:00,170.62931298947808
2021-10-05 00:00:00-04:00,170.85570476253568
2021-10-06 00:00:00-04:00,173.31749010255746
2021-10-07 00:00:00-04:00,172.88360781382676
2021-10-08 00:00:00-04:00,177.50542667392827
2021-10-11 00:00:00-04:00,180.49543229396355
2021-10-12 00:00:00-04:00,182.11783367609246
2021-10-13 00:00:00-04:00,181.58959027704796
2021-10-14 00:00:00-04:00,187.13573593099403
2021-10-15 00:00:00-04:00,185.50395157658593
2021-10-18 00:00:00-04:00,183.11762712643414
2021-10-19 00:00:00-04:00,184.40041017542063
2021-10-20 00:00:00-04:00,185.96616065142754
2021-10-21 00:00:00-04:00,188.1827340224304
2021-10-22 00:00:00-04:00,188.49399022229613
2021-10-25 00:00:00-04:00,191.2387819373368
2021-10-26 00:00:00-04:00,189.93712935999224
2021-10-27 00:00:00-04:00,189.78621791762313
2021-10-28 00:00:00-04:00,187.80542857732837
2021-10-29 00:00:00-04:00,188.87129242375028
2021-11-01 00:00:00-04:00,192.25747901223193
2021-11-02 00:00:00-04:00,195.95488263279674
2021-11-03 00:00:00-04:00,200.4069099454111
2021-11-04 00:00:00-04:00,200.79365167800654
2021-11-05 00:00:00-04:00,207.40564755280582
2021-11-08 00:00:00-05:00,212.28212812944915
2021-11-09 00:00:00-05:00,215.49854862030043
2021-11-10 00:00:00-05:00,212.8291891676869
2021-11-11 00:00:00-05:00,217.74336863333178
2021-11-12 00:00:00-05:00,218.0829708473762
2021-11-15 00:00:00-05:00,216.97937409881956
2021-11-16 00:00:00-05:00,214.81939392289115
2021-11-17 00:00:00-05:00,210.50886104093033
2021-11-18 00:00:00-05:00,211.76331478710858
2021-11-19 00:00:00-05:00,206.1700233105957
2021-11-22 00:00:00-05:00,204.37788206530075
2021-11-23 00:00:00-05:00,202.90645964261606
2021-11-24 00:00:00-05:00,200.90681408866118
2021-11-26 00:00:00-05:00,197.59612638606583
2021-11-29 00:00:00-05:00,198.29408509985026
2021-11-30 00:00:00-05:00,192.54042374722673
2021-12-01 00:00:00-05:00,175.93966634239044
2021-12-02 00:00:00-05:00,175.4397906552094
2021-12-03 00:00:00-05:00,175.59071435827923
2021-12-06 00:00:00-05:00,173.98719320320902
2021-12-07 00:00:00-05:00,181.71219890639887
2021-12-08 00:00:00-05:00,184.54188774154807
2021-12-09 00:00:00-05:00,182.99494954858858
2021-12-10 00:00:00-05:00,179.94839153990327
2021-12-13 00:00:00-05:00,183.16476592616442
2021-12-14 00:00:00-05:00,183.80620328068608
2021-12-15 00:00:00-05:00,182.54224443561398
2021-12-16 00:00:00-05:00,184.428654117751
2021-12-17 00:00:00-05:00,180.38227064759374
2021-12-20 00:00:00-05:00,173.90231399052422
2021-12-21 00:00:00-05:00,178.5995821035228
2021-12-22 00:00:00-05:00,179.25038865371565
2021-12-23 00:00:00-05:00,180.2124674448276
2021-12-27 00:00:00-05:00,180.77839424043597
2021-12-28 00:00:00-05:00,182.03290650838602
2021-12-29 00:00:00-05:00,182.48564549365605
2021-12-30 00:00:00-05:00,183.28736457054546
2021-12-31 00:00:00-05:00,182.87235358626825
2022-01-03 00:00:00-05:00,181.7593584655137
2022-01-04 00:00:00-05:00,183.10460728601106
2022-01-05 00:00:00-05:00,180.92265540694603
2022-01-06 00:00:00-05:00,178.58887666073838
2022-01-07 00:00:00-05:00,181.63411977038552
2022-01-10 00:00:00-05:00,184.21451009273275
2022-01-11 00:00:00-05:00,181.91873576332108
2022-01-12 00:00:00-05:00,180.63800351540684
2022-01-13 00:00:00-05:00,176.82433588188505
2022-01-14 00:00:00-05:00,175.44874813917642
2022-01-18 00:00:00-05:00,173.05809216892214
2022-01-19 00:00:00-05:00,169.30129144315234
2022-01-20 00:00:00-05:00,168.01112148685004
2022-01-21 00:00:00-05:00,166.22758819296615
2022-01-24 00:00:00-05:00,164.90891635099584
2022-01-25 00:00:00-05:00,168.93132336841347
2022-01-26 00:00:00-05:00,168.03004750299598
2022-01-27 00:00:00-05:00,166.03781572174208
2022-01-28 00:00:00-05:00,164.66222719819964
2022-01-31 00:00:00-05:00,167.8972640434709
2022-02-01 00:00:00-05:00,174.21546827037892
2022-02-02 00:00:00-05:00,174.9649064542668
2022-02-03 00:00:00-05:00,174.60441516281824
2022-02-04 00:00:00-05:00,174.29135333461082
2022-02-07 00:00:00-05:00,174.5854653826842
2022-02-08 00:00:00-05:00,175.06926550919582
2022-02-09 00:00:00-05:00,177.33659907823207
2022-02-10 00:00:00-05:00,174.46209991443394
2022-02-11 00:00:00-05:00,178.21888566350844
2022-02-14 00:00:00-05:00,175.5246392573439
2022-02-15 00:00:00-05:00,175.77130753817923
2022-02-16 00:00:00-05:00,177.30815831507132
2022-02-17 00:00:00-05:00,174.31033283917546
2022-02-18 00:00:00-05:00,171.53070605310054
2022-02-22 00:00:00-05:00,172.45090314510333
2022-02-23 00:00:00-05:00,173.91187279787508
2022-02-24 00:00:00-05:00,164.35870735682624
2022-02-25 00:00:00-05:00,163.38153307141297
2022-02-28 00:00:00-05:00,167.41345568329322
2022-03-01 00:00:00-05:00,166.4647589407902
2022-03-02 00:00:00-05:00,162.7649209240618
2022-03-03 00:00:00-05:00,166.0378412720026
2022-03-04 00:00:00-05:00,161.82570832634167
2022-03-07 00:00:00-05:00,161.8352095934883
2022-03-08 00:00:00-05:00,161.33238605057426
2022-03-09 00:00:00-05:00,160.53550231386743
2022-03-10 00:00:00-05:00,159.31172948834163
2022-03-11 00:00:00-05:00,162.67953388024355
2022-03-14 00:00:00-04:00,161.68340234526093
2022-03-15 00:00:00-04:00,161.03829711465275
2022-03-16 00:00:00-04:00,161.5126540330553
2022-03-17 00:00:00-04:00,161.4082894739031
2022-03-18 00:00:00-04:00,164.45356536226697
2022-03-21 00:00:00-04:00,167.3185625258304
2022-03-22 00:00:00-04:00,170.60099301174375
2022-03-23 00:00:00-04:00,171.07532776279132
2022-03-24 00:00:00-04:00,170.07922909240477
2022-03-25 00:00:00-04:00,169.102088307072
2022-03-28 00:00:00-04:00,169.07361918587085
2022-03-29 00:00:00-04:00,170.09821799367603
2022-03-30 00:00:00-04:00,171.3599250394225
2022-03-31 00:00:00-04:00,170.32586659662152
2022-04-01 00:00:00-04:00,168.37159473320273
2022-04-04 00:00:00-04:00,172.12882715906375
2022-04-05 00:00:00-04:00,170.51568538955487
2022-04-06 00:00:00-04:00,171.72796016546653
2022-04-07 00:00:00-04:00,175.24058046580092
2022-04-08 00:00:00-04:00,178.02778666881704
2022-04-11 00:00:00-04:00,175.99464571305464
2022-04-12 00:00:00-04:00,178.47637645693095
2022-04-13 00:00:00-04:00,176.15692753693395
2022-04-14 00:00:00-04:00,178.77230158810525
2022-04-18 00:00:00-04:00,177.35964033281385
2022-04-19 00:00:00-04:00,171.42249334953445
2022-04-20 00:00:00-04:00,172.21475059322464
2022-04-21 00:00:00-04:00,171.27932478043195
2022-04-22 00:00:00-04:00,169.01709356672154
2022-04-25 00:00:00-04:00,165.70493888953237
2022-04-26 00:00:00-04:00,166.0485504788366
2022-04-27 00:00:00-04:00,158.7655637076211
2022-04-28 00:00:00-04:00,160.6459614693648
2022-04-29 00:00:00-04:00,158.517347700616
2022-05-02 00:00:00-04:00,153.1911386498603
2022-05-03 00:00:00-04:00,158.60329394750408
2022-05-04 00:00:00-04:00,160.29276704140327
2022-05-05 00:00:00-04:00,164.0058944264747
2022-05-06 00:00:00-04:00,162.6504560981017
2022-05-09 00:00:00-04:00,160.73184709105072
2022-05-10 00:00:00-04:00,160.340491735051
2022-05-11 00:00:00-04:00,157.4292341242692
2022-05-12 00:00:00-04:00,154.72792762396796
2022-05-13 00:00:00-04:00,158.08782179415198
2022-05-16 00:00:00-04:00,157.62964400794021
2022-05-17 00:00:00-04:00,158.09737143680397
2022-05-18 00:00:00-04:00,157.96374358614463
2022-05-19 00:00:00-04:00,155.081086898882
2022-05-20 00:00:00-04:00,156.7896367520259
2022-05-23 00:00:00-04:00,157.11422050834037
2022-05-24 00:00:00-04:00,154.52747282125134
2022-05-25 00:00:00-04:00,154.23157672228345
2022-05-26 00:00:00-04:00,157.0856023706619
2022-05-27 00:00:00-04:00,156.44603924097152
2022-05-31 00:00:00-04:00,158.97556401343513
2022-06-01 00:00:00-04:00,161.2091190103625
2022-06-02 00:00:00-04:00,157.88737831437174
2022-06-03 00:00:00-04:00,163.93904096977604
2022-06-06 00:00:00-04:00,163.81496499612803
2022-06-07 00:00:00-04:00,165.18945569002315
2022-06-08 00:00:00-04:00,169.20800508402178
2022-06-09 00:00:00-04:00,168.83574267774426
2022-06-10 00:00:00-04:00,167.5662117316083
2022-06-13 00:00:00-04:00,164.14906127994638
2022-06-14 00:00:00-04:00,164.42583890836772
2022-06-15 00:00:00-04:00,165.54263809477865
2022-06-16 00:00:00-04:00,165.66673297873962
2022-06-17 00:00:00-04:00,162.03000094418832
2022-06-21 00:00:00-04:00,165.87674054096465
2022-06-22 00:00:00-04:00,167.80485369922886
2022-06-23 00:00:00-04:00,172.01431416614238
2022-06-24 00:00:00-04:00,176.6437211032845
2022-06-27 00:00:00-04:00,183.22036056434206
2022-06-28 00:00:00-04:00,182.48537118975415
2022-06-29 00:00:00-04:00,181.3018079407625
2022-06-30 00:00:00-04:00,178.08505749700782
2022-07-01 00:00:00-04:00,183.93627303393205
2022-07-05 00:00:00-04:00,185.6986971525726
2022-07-06 00:00:00-04:00,185.97709388234748
2022-07-07 00:00:00-04:00,186.3035000385541
2022-07-08 00:00:00-04:00,189.94182331287016
2022-07-11 00:00:00-04:00,187.39785389818545
2022-07-12 00:00:00-04:00,186.86986494476147
2022-07-13 00:00:00-04:00,182.92437447910606
2022-07-14 00:00:00-04:00,184.52751409147928
2022-07-15 00:00:00-04:00,185.1803121161048
2022-07-18 00:00:00-04:00,186.29387897448825
2022-07-19 00:00:00-04:00,183.6827463532947
2022-07-20 00:00:00-04:00,184.20114213226273
2022-07-21 00:00:00-04:00,185.2187046715351
2022-07-22 00:00:00-04:00,185.07468819606277
2022-07-25 00:00:00-04:00,185.02672805644187
2022-07-26 00:00:00-04:00,183.45231731692624
2022-07-27 00:00:00-04:00,184.74829877369496
2022-07-28 00:00:00-04:00,187.5034643057191
2022-07-29 00:00:00-04:00,185.97707520828143
2022-08-01 00:00:00-04:00,194.97211097353446
2022-08-02 00:00:00-04:00,194.7897211859183
2022-08-03 00:00:00-04:00,200.7127888902732
2022-08-04 00:00:00-04:00,203.85195135300967
2022-08-05 00:00:00-04:00,202.4695555806547
2022-08-08 00:00:00-04:00,207.3462769562291
2022-08-09 00:00:00-04:00,209.14145073339668
2022-08-10 00:00:00-04:00,209.7557957246402
2022-08-11 00:00:00-04:00,209.6118215553003
2022-08-12 00:00:00-04:00,207.19266933898214
2022-08-15 00:00:00-04:00,207.53828140262144
2022-08-16 00:00:00-04:00,211.02298967482886
2022-08-17 00:00:00-04:00,208.59424064351018
2022-08-18 00:00:00-04:00,209.5733962809623
2022-08-19 00:00:00-04:00,212.77016959519997
2022-08-22 00:00:00-04:00,211.09019214960753
2022-08-23 00:00:00-04:00,210.20701150322984
2022-08-24 00:00:00-04:00,206.05986443573107
2022-08-25 00:00:00-04:00,207.1542742176908
2022-08-26 00:00:00-04:00,209.2566322249372
2022-08-29 00:00:00-04:00,208.69023959461342
2022-08-30 00:00:00-04:00,204.13990428888002
2022-08-31 00:00:00-04:00,203.880734899966
2022-09-01 00:00:00-04:00,205.19589841073784
2022-09-02 00:00:00-04:00,209.79420555254623
2022-09-06 00:00:00-04:00,207.13507367153218
2022-09-07 00:00:00-04:00,214.40211277154552
2022-09-08 00:00:00-04:00,214.31574835670534
2022-09-09 00:00:00-04:00,216.20686934020085
2022-09-12 00:00:00-04:00,214.2965207156225
2022-09-13 00:00:00-04:00,210.2454055927064
2022-09-14 00:00:00-04:00,213.2597316081017
2022-09-15 00:00:00-04:00,213.59574847109943
2022-09-16 00:00:00-04:00,213.26935218353339
2022-09-19 00:00:00-04:00,210.86940180870323
2022-09-20 00:00:00-04:00,213.95090518884962
2022-09-21 00:00:00-04:00,215.6116971394656
2022-09-22 00:00:00-04:00,212.37655200080403
2022-09-23 00:00:00-04:00,210.26462250102756
2022-09-26 00:00:00-04:00,209.72704449906234
2022-09-27 00:00:00-04:00,208.80539686387723
2022-09-28 00:00:00-04:00,207.4614621307408
2022-09-29 00:00:00-04:00,209.7654369460824
2022-09-30 00:00:00-04:00,211.0229872522702
2022-10-03 00:00:00-04:00,213.88373853972126
2022-10-04 00:00:00-04:00,221.00079205418385
2022-10-05 00:00:00-04:00,225.68899301797654
2022-10-06 00:00:00-04:00,226.64398643587535
2022-10-07 00:00:00-04:00,222.5345687151507
2022-10-10 00:00:00-04:00,221.0007812763572
2022-10-11 00:00:00-04:00,226.99124992783433
2022-10-12 00:00:00-04:00,226.09414998515132
2022-10-13 00:00:00-04:00,220.93326038863052
2022-10-14 00:00:00-04:00,229.15203351153477
2022-10-17 00:00:00-04:00,226.08445274124853
2022-10-18 00:00:00-04:00,227.65686019306236
2022-10-19 00:00:00-04:00,227.09735805741488
2022-10-20 00:00:00-04:00,230.32894112460556
2022-10-21 00:00:00-04:00,227.09734189719256
2022-10-24 00:00:00-04:00,230.71480690177205
2022-10-25 00:00:00-04:00,231.882031100204
2022-10-26 00:00:00-04:00,228.49607835361815
2022-10-27 00:00:00-04:00,229.83693558054827
2022-10-28 00:00:00-04:00,232.49938469451
2022-10-31 00:00:00-04:00,241.15227213594048
2022-11-01 00:00:00-04:00,249.49650028637228
2022-11-02 00:00:00-04:00,246.43855641210803
2022-11-03 00:00:00-04:00,248.65726750598964
2022-11-04 00:00:00-04:00,254.1171591841104
2022-11-07 00:00:00-05:00,254.28112017364143
2022-11-08 00:00:00-05:00,254.1074976020989
2022-11-09 00:00:00-05:00,253.19107871247195
2022-11-10 00:00:00-05:00,253.6541114906068
2022-11-11 00:00:00-05:00,263.541764471499
2022-11-14 00:00:00-05:00,244.35491956366846
2022-11-15 00:00:00-05:00,251.6283396683395
2022-11-16 00:00:00-05:00,251.69586476996741
2022-11-17 00:00:00-05:00,252.56407121936127
2022-11-18 00:00:00-05:00,258.02396279837717
2022-11-21 00:00:00-05:00,258.89218645262315
2022-11-22 00:00:00-05:00,255.63165325853257
2022-11-23 00:00:00-05:00,260.36803511368777
2022-11-25 00:00:00-05:00,261.51600206938394
2022-11-28 00:00:00-05:00,260.0111335228719
2022-11-29 00:00:00-05:00,256.56732315342447
2022-11-30 00:00:00-05:00,260.7153354700197
2022-12-01 00:00:00-05:00,274.67374735817884
2022-12-02 00:00:00-05:00,268.6157558537938
2022-12-05 00:00:00-05:00,268.2395841064032
2022-12-06 00:00:00-05:00,263.15592318739806
2022-12-07 00:00:00-05:00,267.4389482571556
2022-12-08 00:00:00-05:00,263.29096760407606
2022-12-09 00:00:00-05:00,263.0208579768294
2022-12-12 00:00:00-05:00,257.7153176049812
2022-12-13 00:00:00-05:00,261.60279638967893
2022-12-14 00:00:00-05:00,260.2908440053367
2022-12-15 00:00:00-05:00,261.4099018682525
2022-12-16 00:00:00-05:00,261.6799220006366
2022-12-19 00:00:00-05:00,259.5480869824728
2022-12-20 00:00:00-05:00,262.3552520721711
2022-12-21 00:00:00-05:00,266.27170528491047
2022-12-22 00:00:00-05:00,270.680137584959
2022-12-23 00:00:00-05:00,266.5320767978535
2022-12-27 00:00:00-05:00,267.72835858189984
2022-12-28 00:00:00-05:00,266.1076942868194
2022-12-29 00:00:00-05:00,242.52209532476405
2022-12-30 00:00:00-05:00,241.0268675554715
2023-01-03 00:00:00-05:00,239.74390051327765
2023-01-04 00:00:00-05:00,236.65149799377448
2023-01-05 00:00:00-05:00,234.92600764935392
2023-01-06 00:00:00-05:00,237.40759327526186
2023-01-09 00:00:00-05:00,242.87482298995636
2023-01-10 00:00:00-05:00,248.15786268416247
2023-01-11 00:00:00-05:00,245.0268193068277
2023-01-12 00:00:00-05:00,245.29824870557314
2023-01-13 00:00:00-05:00,240.07334539513096
2023-01-17 00:00:00-05:00,244.0380484365648
2023-01-18 00:00:00-05:00,241.12026588448836
2023-01-19 00:00:00-05:00,239.2978400584261
2023-01-20 00:00:00-05:00,237.22339151636842
2023-01-23 00:00:00-05:00,235.8856651633609
2023-01-24 00:00:00-05:00,244.18345520907346
2023-01-25 00:00:00-05:00,241.82790118997298
2023-01-26 00:00:00-05:00,241.67278858103157
2023-01-27 00:00:00-05:00,243.7181443870272
2023-01-30 00:00:00-05:00,236.7193457927134
2023-01-31 00:00:00-05:00,232.7352497041261
2023-02-01 00:00:00-05:00,236.01170627118822
2023-02-02 00:00:00-05:00,237.55297349898837
2023-02-03 00:00:00-05:00,236.0020384937948
2023-02-06 00:00:00-05:00,237.28156174990622
2023-02-07 00:00:00-05:00,235.59487439782913
2023-02-08 00:00:00-05:00,238.2703474403379
2023-02-09 00:00:00-05:00,239.33662098841495
2023-02-10 00:00:00-05:00,232.521962912205
2023-02-13 00:00:00-05:00,233.66583729009707
2023-02-14 00:00:00-05:00,235.60456694491657
2023-02-15 00:00:00-05:00,229.3618267192341
2023-02-16 00:00:00-05:00,233.24899291992188
2023-02-17 00:00:00-05:00,231.90157593508346
2023-02-21 00:00:00-05:00,232.49289027995187
2023-02-22 00:00:00-05:00,231.80465765348808
2023-02-23 00:00:00-05:00,233.5882790240122
2023-02-24 00:00:00-05:00,233.08419117950373
2023-02-27 00:00:00-05:00,228.85776624487167
2023-02-28 00:00:00-05:00,227.88840152512623
2023-03-01 00:00:00-05:00,226.68638153475163
2023-03-02 00:00:00-05:00,228.16954178764476
2023-03-03 00:00:00-05:00,225.30988453017594
2023-03-06 00:00:00-05:00,228.2082848912321
2023-03-07 00:00:00-05:00,232.86125073213398
2023-03-08 00:00:00-05:00,231.35872898311635
2023-03-09 00:00:00-05:00,228.47970845355584
2023-03-10 00:00:00-05:00,222.43087575932677
2023-03-13 00:00:00-04:00,217.47741857206543
2023-03-14 00:00:00-04:00,220.83141062568478
2023-03-15 00:00:00-04:00,224.0109383091446
2023-03-16 00:00:00-04:00,219.94926581173777
2023-03-17 00:00:00-04:00,226.7736397556641
2023-03-20 00:00:00-04:00,223.08034100962692
2023-03-21 00:00:00-04:00,227.23893695289593
2023-03-22 00:00:00-04:00,221.2094571106039
2023-03-23 00:00:00-04:00,218.4176992203396
2023-03-24 00:00:00-04:00,216.01366050870016
2023-03-27 00:00:00-04:00,218.96054970496445
2023-03-28 00:00:00-04:00,220.7441561652452
2023-03-29 00:00:00-04:00,223.5262580373496
2023-03-30 00:00:00-04:00,222.6441495455846
2023-03-31 00:00:00-04:00,220.26917470952424
2023-04-03 00:00:00-04:00,224.26298519005
2023-04-04 00:00:00-04:00,226.35124898402458
2023-04-05 00:00:00-04:00,221.15796408403338
2023-04-06 00:00:00-04:00,224.3538238081652
2023-04-10 00:00:00-04:00,226.6338388295037
2023-04-11 00:00:00-04:00,228.90404865166678
2023-04-12 00:00:00-04:00,229.63479647194293
2023-04-13 00:00:00-04:00,230.49222921311312
2023-04-14 00:00:00-04:00,229.26457751767023
2023-04-17 00:00:00-04:00,225.91277728616697
2023-04-18 00:00:00-04:00,229.39121908718877
2023-04-19 00:00:00-04:00,232.63579175611764
2023-04-20 00:00:00-04:00,230.83326720351468
2023-04-21 00:00:00-04:00,226.7410123605034
2023-04-24 00:00:00-04:00,222.9994797377825
2023-04-25 00:00:00-04:00,218.8974696742914
2023-04-26 00:00:00-04:00,214.41545539958926
2023-04-27 00:00:00-04:00,211.58985552439808
2023-04-28 00:00:00-04:00,210.43036136926784
2023-05-01 00:00:00-04:00,212.8857502834286
2023-05-02 00:00:00-04:00,221.840023907113
2023-05-03 00:00:00-04:00,221.88872205237882
2023-05-04 00:00:00-04:00,221.31386304862315
2023-05-05 00:00:00-04:00,221.79129621870902
2023-05-08 00:00:00-04:00,223.32101486320923
2023-05-09 00:00:00-04:00,226.7702269008229
2023-05-10 00:00:00-04:00,224.92871563601003
2023-05-11 00:00:00-04:00,226.73125634597224
2023-05-12 00:00:00-04:00,228.0076392683346
2023-05-15 00:00:00-04:00,226.84817443572484
2023-05-16 00:00:00-04:00,225.6789505194761
2023-05-17 00:00:00-04:00,226.17586485273495
2023-05-18 00:00:00-04:00,222.13230352892163
2023-05-19 00:00:00-04:00,224.46099853005043
2023-05-22 00:00:00-04:00,222.08357327279649
2023-05-23 00:00:00-04:00,221.88869931009725
2023-05-24 00:00:00-04:00,210.77138980112386
2023-05-25 00:00:00-04:00,212.2913939029989
2023-05-26 00:00:00-04:00,210.91755548699177
2023-05-30 00:00:00-04:00,213.85035073085865
2023-05-31 00:00:00-04:00,215.10725000782784
2023-06-01 00:00:00-04:00,209.36832309815983
2023-06-02 00:00:00-04:00,210.11858928148388
2023-06-05 00:00:00-04:00,212.7882952241719
2023-06-06 00:00:00-04:00,210.3036864005911
2023-06-07 00:00:00-04:00,209.53396470708165
2023-06-08 00:00:00-04:00,209.64115137897747
2023-06-09 00:00:00-04:00,211.10268738221646
2023-06-12 00:00:00-04:00,212.85651337447865
2023-06-13 00:00:00-04:00,212.57391726761938
2023-06-14 00:00:00-04:00,210.83959880675857
2023-06-15 00:00:00-04:00,211.89191356745803
2023-06-16 00:00:00-04:00,213.8308706909012
2023-06-20 00:00:00-04:00,210.22575647994657
2023-06-21 00:00:00-04:00,205.99707705267986
2023-06-22 00:00:00-04:00,208.1991055792181
2023-06-23 00:00:00-04:00,205.62681398795587
2023-06-26 00:00:00-04:00,207.07862638572357
2023-06-27 00:00:00-04:00,205.85095405632293
2023-06-28 00:00:00-04:00,204.5258174701257
2023-06-29 00:00:00-04:00,201.10584144785506
2023-06-30 00:00:00-04:00,203.41504554382854
2023-07-03 00:00:00-04:00,204.32121202506968
2023-07-05 00:00:00-04:00,202.9801381611495
2023-07-06 00:00:00-04:00,201.26529880663793
2023-07-07 00:00:00-04:00,201.90224220279958
2023-07-10 00:00:00-04:00,200.78512283056247
2023-07-11 00:00:00-04:00,201.25551991491278
2023-07-12 00:00:00-04:00,202.3726038831837
2023-07-13 00:00:00-04:00,196.94385353054633
2023-07-14 00:00:00-04:00,197.4142436930814
2023-07-17 00:00:00-04:00,202.57838086723538
2023-07-18 00:00:00-04:00,201.7748684999614
2023-07-19 00:00:00-04:00,201.5984658287422
2023-07-20 00:00:00-04:00,202.38240346008678
2023-07-21 00:00:00-04:00,205.78270939729128
2023-07-24 00:00:00-04:00,205.19476592218606
2023-07-25 00:00:00-04:00,204.28344110700442
2023-07-26 00:00:00-04:00,205.79250863779868
2023-07-27 00:00:00-04:00,205.90029194580106
2023-07-28 00:00:00-04:00,212.49517541901372
2023-07-31 00:00:00-04:00,214.51378107024823
2023-08-01 00:00:00-04:00,216.90478811614594
2023-08-02 00:00:00-04:00,237.74763363865313
2023-08-03 00:00:00-04:00,251.8780663784132
2023-08-04 00:00:00-04:00,261.9123896816835
2023-08-07 00:00:00-04:00,270.4572995307165
2023-08-08 00:00:00-04:00,267.71352080107584
2023-08-09 00:00:00-04:00,269.49695590891565
2023-08-10 00:00:00-04:00,279.87432593471965
2023-08-11 00:00:00-04:00,281.1874073153237
2023-08-14 00:00:00-04:00,284.5681265306826
2023-08-15 00:00:00-04:00,282.9708749616514
2023-08-16 00:00:00-04:00,279.3549565954171
2023-08-17 00:00:00-04:00,284.17614106974924
2023-08-18 00:00:00-04:00,277.41471353763495
2023-08-21 00:00:00-04:00,275.1413075088332
2023-08-22 00:00:00-04:00,274.12218377490046
2023-08-23 00:00:00-04:00,271.5058271693694
2023-08-24 00:00:00-04:00,273.3676296687674
2023-08-25 00:00:00-04:00,272.10353972854165
2023-08-28 00:00:00-04:00,274.5827141656761
2023-08-29 00:00:00-04:00,273.28924941436765
2023-08-30 00:00:00-04:00,273.3382524758042
2023-08-31 00:00:00-04:00,275.27852976274545
2023-09-01 00:00:00-04:00,273.3578461381463
2023-09-05 00:00:00-04:00,275.36668151693044
2023-09-06 00:00:00-04:00,270.35929473473175
2023-09-07 00:00:00-04:00,269.22258953702936
2023-09-08 00:00:00-04:00,269.67333478412354
2023-09-11 00:00:00-04:00,272.0546035801015
2023-09-12 00:00:00-04:00,278.25740917365755
2023-09-13 00:00:00-04:00,282.5690922462405
2023-09-14 00:00:00-04:00,284.17615258514786
2023-09-15 00:00:00-04:00,283.6469710589575
2023-09-18 00:00:00-04:00,280.8150304296499
2023-09-19 00:00:00-04:00,283.7351896520385
2023-09-20 00:00:00-04:00,287.5960359733456
2023-09-21 00:00:00-04:00,286.5867179235293
2023-09-22 00:00:00-04:00,282.60827724707445
2023-09-25 00:00:00-04:00,283.6469461151529
2023-09-26 00:00:00-04:00,288.4877664023448
2023-09-27 00:00:00-04:00,290.04580486297147
2023-09-28 00:00:00-04:00,293.8283230429595
2023-09-29 00:00:00-04:00,293.36781291760275
2023-10-02 00:00:00-04:00,288.88950523989905
2023-10-03 00:00:00-04:00,284.7836826152421
2023-10-04 00:00:00-04:00,285.0942259102608
2023-10-05 00:00:00-04:00,295.94697877468093
2023-10-06 00:00:00-04:00,298.27890614702903
2023-10-09 00:00:00-04:00,296.9801094639306
2023-10-10 00:00:00-04:00,303.3067962953285
2023-10-11 00:00:00-04:00,301.04371611250133
2023-10-12 00:00:00-04:00,300.3549822752215
2023-10-13 00:00:00-04:00,302.5294736657235
2023-10-16 00:00:00-04:00,302.2343060037317
2023-10-17 00:00:00-04:00,306.0421492578959
2023-10-18 00:00:00-04:00,306.77023281576663
2023-10-19 00:00:00-04:00,301.5946963802372
2023-10-20 00:00:00-04:00,299.3710657454182
2023-10-23 00:00:00-04:00,295.0417618229406
2023-10-24 00:00:00-04:00,292.90661851590517
2023-10-25 00:00:00-04:00,288.70524279729005
2023-10-26 00:00:00-04:00,289.2759518374711
2023-10-27 00:00:00-04:00,284.4841938471526
2023-10-30 00:00:00-04:00,269.59727660272966
2023-10-31 00:00:00-04:00,274.0249855969939
2023-11-01 00:00:00-04:00,272.28344452870255
2023-11-02 00:00:00-04:00,271.84064654669345
2023-11-03 00:00:00-04:00,274.3693504521543
2023-11-06 00:00:00-05:00,273.4936571108392
2023-11-07 00:00:00-05:00,275.46150718366175
2023-11-08 00:00:00-05:00,276.35690206341815
2023-11-09 00:00:00-05:00,273.86754268803685
2023-11-10 00:00:00-05:00,275.09745380302536
2023-11-13 00:00:00-05:00,274.16272852865654
2023-11-14 00:00:00-05:00,280.53860210856493
2023-11-15 00:00:00-05:00,284.4251371272666
2023-11-16 00:00:00-05:00,272.72619798316214
2023-11-17 00:00:00-05:00,275.5008322282006
2023-11-20 00:00:00-05:00,274.3004548966333
2023-11-21 00:00:00-05:00,280.1056878752734
2023-11-22 00:00:00-05:00,280.7845455400902
2023-11-24 00:00:00-05:00,282.85086401812185
2023-11-27 00:00:00-05:00,286.8751276072298
2023-11-28 00:00:00-05:00,288.5183012634542
2023-11-29 00:00:00-05:00,283.1657179351933
2023-11-30 00:00:00-05:00,283.75608244979236
2023-12-01 00:00:00-05:00,290.52553128418526
2023-12-04 00:00:00-05:00,293.4379607762442
2023-12-05 00:00:00-05:00,298.82003653661695
2023-12-06 00:00:00-05:00,298.99716824907375
2023-12-07 00:00:00-05:00,301.9095838449766
2023-12-08 00:00:00-05:00,302.57867604501706
2023-12-11 00:00:00-05:00,302.7262730859614
2023-12-12 00:00:00-05:00,312.84108807855387
2023-12-13 00:00:00-05:00,321.51937350034177
2023-12-14 00:00:00-05:00,317.9673575458375
2023-12-15 00:00:00-05:00,316.8259937131325
2023-12-18 00:00:00-05:00,319.0202075263728
2023-12-19 00:00:00-05:00,323.99888132418647
2023-12-20 00:00:00-05:00,324.2546947057299
2023-12-21 00:00:00-05:00,321.6964666592926
2023-12-22 00:00:00-05:00,325.60268726350296
2023-12-26 00:00:00-05:00,327.45245802509106
2023-12-27 00:00:00-05:00,324.5203222854074
2023-12-28 00:00:00-05:00,326.49803725749666
2023-12-29 00:00:00-05:00,328.82014067253243
2024-01-02 00:00:00-05:00,327.13762933824825
2024-01-03 00:00:00-05:00,329.3908316955522
2024-01-04 00:00:00-05:00,327.3048731659296
2024-01-05 00:00:00-05:00,328.94428614915176
2024-01-08 00:00:00-05:00,326.800941378942
2024-01-09 00:00:00-05:00,323.9662183217604
2024-01-10 00:00:00-05:00,324.2132001962495
2024-01-11 00:00:00-05:00,324.16381940734186
2024-01-12 00:00:00-05:00,331.84815245013493
2024-01-16 00:00:00-05:00,336.7076334403537
2024-01-17 00:00:00-05:00,331.1863467997199
2024-01-18 00:00:00-05:00,335.9075255589603
2024-01-19 00:00:00-05:00,340.5299958205757
2024-01-22 00:00:00-05:00,337.86325783836566
2024-01-23 00:00:00-05:00,338.633665586195
2024-01-24 00:00:00-05:00,334.8803561344614
2024-01-25 00:00:00-05:00,334.54454101090766
2024-01-26 00:00:00-05:00,335.18653889477275
2024-01-29 00:00:00-05:00,340.75723479956696
2024-01-30 00:00:00-05:00,338.45585618977424
2024-01-31 00:00:00-05:00,341.14243466684746
2024-02-01 00:00:00-05:00,339.40405293709244
2024-02-02 00:00:00-05:00,343.2462043156629
2024-02-05 00:00:00-05:00,342.1004579045111
2024-02-06 00:00:00-05:00,340.7473280726855
2024-02-07 00:00:00-05:00,343.7993080752902
2024-02-08 00:00:00-05:00,345.6956949978117
2024-02-09 00:00:00-05:00,345.8932626655877
2024-02-12 00:00:00-05:00,349.6465332207399
2024-02-13 00:00:00-05:00,350.4366489618475
2024-02-14 00:00:00-05:00,345.70557848408095
2024-02-15 00:00:00-05:00,348.8563476005373
2024-02-16 00:00:00-05:00,351.4935223277114
2024-02-20 00:00:00-05:00,355.829521092151
2024-02-21 00:00:00-05:00,349.5378654635134
2024-02-22 00:00:00-05:00,348.9254691568413
2024-02-23 00:00:00-05:00,347.7896186735793
2024-02-26 00:00:00-05:00,344.00674883392145
2024-02-27 00:00:00-05:00,347.33527703251826
2024-02-28 00:00:00-05:00,386.8631261441582
2024-02-29 00:00:00-05:00,409.8074359530745
2024-03-01 00:00:00-05:00,402.84409668094065
2024-03-04 00:00:00-05:00,398.67603762569445
2024-03-05 00:00:00-05:00,406.70605553082555
2024-03-06 00:00:00-05:00,403.535534221313
2024-03-07 00:00:00-05:00,408.05922074364395
2024-03-08 00:00:00-05:00,410.4593166989903
2024-03-11 00:00:00-04:00,410.7556412889749
2024-03-12 00:00:00-04:00,396.14751838008897
2024-03-13 00:00:00-04:00,406.35047463566195
2024-03-14 00:00:00-04:00,404.78990505701154
2024-03-15 00:00:00-04:00,401.7774004165096
2024-03-18 00:00:00-04:00,410.34083783610146
2024-03-19 00:00:00-04:00,407.76289360920526
2024-03-20 00:00:00-04:00,409.2543223935192
2024-03-21 00:00:00-04:00,401.3230693941612
2024-03-22 00:00:00-04:00,403.29845574609175
2024-03-25 00:00:00-04:00,397.81670492011403
2024-03-26 00:00:00-04:00,397.2537597254861
2024-03-27 00:00:00-04:00,403.94047911527014
2024-03-28 00:00:00-04:00,404.99736856944315
2024-04-01 00:00:00-04:00,398.74519618640556
2024-04-02 00:00:00-04:00,396.55244031604275
2024-04-03 00:00:00-04:00,394.0338067515132
2024-04-04 00:00:00-04:00,396.7796370285317
2024-04-05 00:00:00-04:00,393.4807600296194
2024-04-08 00:00:00-04:00,397.5214227876037
2024-04-09 00:00:00-04:00,396.9962795813655
2024-04-10 00:00:00-04:00,387.67233973926307
2024-04-11 00:00:00-04:00,389.6243052061697
2024-04-12 00:00:00-04:00,378.47718184486206
2024-04-15 00:00:00-04:00,381.43985654607144
2024-04-16 00:00:00-04:00,374.67230133537436
2024-04-17 00:00:00-04:00,379.250050433608
2024-04-18 00:00:00-04:00,376.87200792579506
2024-04-19 00:00:00-04:00,377.793514942397
2024-04-22 00:00:00-04:00,381.4497680907219
2024-04-23 00:00:00-04:00,380.4688225320628
2024-04-24 00:00:00-04:00,379.2005313711429
2024-04-25 00:00:00-04:00,376.0297768282778
2024-04-26 00:00:00-04:00,382.08390535236293
2024-04-29 00:00:00-04:00,378.2195477844412
2024-04-30 00:00:00-04:00,374.87046607208
2024-05-01 00:00:00-04:00,377.4070837656486
2024-05-02 00:00:00-04:00,381.93527808878395
2024-05-03 00:00:00-04:00,382.5297722042161
2024-05-06 00:00:00-04:00,389.1586353667896
2024-05-07 00:00:00-04:00,396.3918472330401
2024-05-08 00:00:00-04:00,401.7325542770851
2024-05-09 00:00:00-04:00,401.73254894755354
2024-05-10 00:00:00-04:00,407.95513500664134
2024-05-13 00:00:00-04:00,403.13957229450347
2024-05-14 00:00:00-04:00,397.66014421629063
2024-05-15 00:00:00-04:00,390.3377276920912
2024-05-16 00:00:00-04:00,393.2508611116639
2024-05-17 00:00:00-04:00,393.8750686219112
2024-05-20 00:00:00-04:00,391.9032700744856
2024-05-21 00:00:00-04:00,394.47950878568133
2024-05-22 00:00:00-04:00,391.31867582625785
2024-05-23 00:00:00-04:00,387.5335674421064
2024-05-24 00:00:00-04:00,382.2523451251212
2024-05-28 00:00:00-04:00,384.3529551804613
2024-05-29 00:00:00-04:00,374.34532350300725
2024-05-30 00:00:00-04:00,365.34833115094403
2024-05-31 00:00:00-04:00,369.97567703467956
2024-06-03 00:00:00-04:00,359.74008730037673
2024-06-04 00:00:00-04:00,359.2446752999607
2024-06-05 00:00:00-04:00,359.98782278892475
2024-06-06 00:00:00-04:00,357.39179848044375
2024-06-07 00:00:00-04:00,358.5015435393328
2024-06-10 00:00:00-04:00,351.14939860314826
2024-06-11 00:00:00-04:00,353.69586647756546
2024-06-12 00:00:00-04:00,352.36812789918355
2024-06-13 00:00:00-04:00,349.26674329322526
2024-06-14 00:00:00-04:00,345.06553443011205
2024-06-17 00:00:00-04:00,346.1059196772339
2024-06-18 00:00:00-04:00,352.5861393179733
2024-06-20 00:00:00-04:00,352.4176884436058
2024-06-21 00:00:00-04:00,354.06248164661605
2024-06-24 00:00:00-04:00,356.7081038562924
2024-06-25 00:00:00-04:00,358.1646250054428
2024-06-26 00:00:00-04:00,361.6326343007237
2024-06-27 00:00:00-04:00,356.3712181658414
2024-06-28 00:00:00-04:00,359.1356815364732
2024-07-01 00:00:00-04:00,360.86968861241934
2024-07-02 00:00:00-04:00,359.7401043866113
2024-07-03 00:00:00-04:00,364.8330964078414
2024-07-05 00:00:00-04:00,362.3361455810035
2024-07-08 00:00:00-04:00,364.8628138951413
2024-07-09 00:00:00-04:00,365.67021936531694
2024-07-10 00:00:00-04:00,354.2756638513851
2024-07-11 00:00:00-04:00,357.46731303749175
2024-07-12 00:00:00-04:00,362.3393445561741
2024-07-15 00:00:00-04:00,368.5238723346582
2024-07-16 00:00:00-04:00,373.14727684519556
2024-07-17 00:00:00-04:00,377.32331534452936
2024-07-18 00:00:00-04:00,378.87437583807935
2024-07-19 00:00:00-04:00,377.74094201104265
2024-07-22 00:00:00-04:00,377.03496314211344
2024-07-23 00:00:00-04:00,383.9452981826144
2024-07-24 00:00:00-04:00,383.86574688589155
2024-07-25 00:00:00-04:00,382.702432234652
2024-07-26 00:00:00-04:00,394.4549145799661
2024-07-29 00:00:00-04:00,419.27240289468716
2024-07-30 00:00:00-04:00,426.51084908482517
2024-07-31 00:00:00-04:00,438.10428334252117
2024-08-01 00:00:00-04:00,438.78040785760476
2024-08-02 00:00:00-04:00,434.1867751480316
2024-08-05 00:00:00-04:00,423.2993125703532
2024-08-06 00:00:00-04:00,433.868605279636
2024-08-07 00:00:00-04:00,437.91535169181515
2024-08-08 00:00:00-04:00,436.4935288615257
2024-08-09 00:00:00-04:00,443.1154973232922
2024-08-12 00:00:00-04:00,448.16649784518046
2024-08-13 00:00:00-04:00,450.02581757239216
2024-08-14 00:00:00-04:00,453.3666717060534
2024-08-15 00:00:00-04:00,464.9799500421519
2024-08-16 00:00:00-04:00,465.15890958768836
2024-08-19 00:00:00-04:00,473.0635525736495
2024-08-20 00:00:00-04:00,474.614614573548
2024-08-21 00:00:00-04:00,467.306594991578
2024-08-22 00:00:00-04:00,473.7794159607993
2024-08-23 00:00:00-04:00,483.1357117003016
2024-08-26 00:00:00-04:00,490.354258662046
2024-08-27 00:00:00-04:00,480.8786843972083
2024-08-28 00:00:00-04:00,486.15834633757504
2024-08-29 00:00:00-04:00,496.1509506147859
2024-08-30 00:00:00-04:00,499.1934917808104
2024-09-03 00:00:00-04:00,505.4774089712882
2024-09-04 00:00:00-04:00,490.60282724634766
2024-09-05 00:00:00-04:00,495.43506116223784
2024-09-06 00:00:00-04:00,494.46065668286104
2024-09-09 00:00:00-04:00,513.6604088501412
2024-09-10 00:00:00-04:00,500.1181817691784
2024-09-11 00:00:00-04:00,503.82688479018594
2024-09-12 00:00:00-04:00,499.5216210711176
2024-09-13 00:00:00-04:00,511.80106927617385
2024-09-16 00:00:00-04:00,522.4897122061568
2024-09-17 00:00:00-04:00,524.0307995432531
2024-09-18 00:00:00-04:00,521.7937409110939
2024-09-19 00:00:00-04:00,534.7692448716494
2024-09-20 00:00:00-04:00,523.7524484216734
2024-09-23 00:00:00-04:00,523.5436570983533
2024-09-24 00:00:00-04:00,536.4992704486851
2024-09-25 00:00:00-04:00,541.7292492335142
2024-09-26 00:00:00-04:00,536.1910382715512
2024-09-27 00:00:00-04:00,534.6598390013478
2024-09-30 00:00:00-04:00,535.9225285889586
2024-10-01 00:00:00-04:00,536.0816829884233
2024-10-02 00:00:00-04:00,537.2947521384061
2024-10-03 00:00:00-04:00,538.5077076163736
2024-10-04 00:00:00-04:00,532.402785143537
2024-10-07 00:00:00-04:00,539.8153619515598
2024-10-08 00:00:00-04:00,524.6466227554733
2024-10-09 00:00:00-04:00,526.9089846610178
2024-10-10 00:00:00-04:00,529.9088694745662
2024-10-11 00:00:00-04:00,529.649715061135
2024-10-14 00:00:00-04:00,535.0514439381624
2024-10-15 00:00:00-04:00,531.473598177174
2024-10-16 00:00:00-04:00,523.8792395915576
2024-10-17 00:00:00-04:00,514.7500820569225
2024-10-18 00:00:00-04:00,474.3267127304349
2024-10-21 00:00:00-04:00,479.12050190971826
2024-10-22 00:00:00-04:00,475.3134069583293
2024-10-23 00:00:00-04:00,467.7190450542539
2024-10-24 00:00:00-04:00,463.9119392221538
2024-10-25 00:00:00-04:00,456.7461479633682
2024-10-28 00:00:00-04:00,447.6070214572507
2024-10-29 00:00:00-04:00,446.92932171604326
2024-10-30 00:00:00-04:00,449.44083924932517
2024-10-31 00:00:00-04:00,447.945878928774
2024-11-01 00:00:00-04:00,449.6999723117
2024-11-04 00:00:00-05:00,413.6418377329451
2024-11-05 00:00:00-05:00,400.5460976447017
2024-11-06 00:00:00-05:00,419.6415464844963
2024-11-07 00:00:00-05:00,425.2227092463277
2024-11-08 00:00:00-05:00,424.3157759209305
2024-11-11 00:00:00-05:00,426.49837900011323
2024-11-12 00:00:00-05:00,421.3756857113013
2024-11-13 00:00:00-05:00,416.33272491775017
2024-11-14 00:00:00-05:00,409.2367296286681
2024-11-15 00:00:00-05:00,407.3630417251844
2024-11-18 00:00:00-05:00,404.3931078596491
2024-11-19 00:00:00-05:00,406.82488096121136
2024-11-20 00:00:00-05:00,413.5321946180456
2024-11-21 00:00:00-05:00,419.5119808787076
2024-11-22 00:00:00-05:00,424.6247053686638
2024-11-25 00:00:00-05:00,430.51480221834294
2024-11-26 00:00:00-05:00,430.78389923569455
2024-11-27 00:00:00-05:00,438.6473120090873
2024-11-29 00:00:00-05:00,437.50120268651887
2024-12-02 00:00:00-05:00,439.0758550154943
2024-12-03 00:00:00-05:00,434.19238937416264
2024-12-04 00:00:00-05:00,430.6642871323771
2024-12-05 00:00:00-05:00,426.9668075360037
2024-12-06 00:00:00-05:00,422.86068709676323
2024-12-09 00:00:00-05:00,412.23658075544273
2024-12-10 00:00:00-05:00,403.9745077859425
2024-12-11 00:00:00-05:00,402.23041880570486
2024-12-12 00:00:00-05:00,407.2235272114205
2024-12-13 00:00:00-05:00,412.8744087521659
2024-12-16 00:00:00-05:00,420.0202848642743
2024-12-17 00:00:00-05:00,420.0003760953616
2024-12-18 00:00:00-05:00,419.6714573246105
2024-12-19 00:00:00-05:00,401.12415420183794
2024-12-20 00:00:00-05:00,404.5824699556546
2024-12-23 00:00:00-05:00,411.4791471203209
2024-12-24 00:00:00-05:00,419.15320718990085
2024-12-26 00:00:00-05:00,420.827564411126
2024-12-27 00:00:00-05:00,420.09006514572565
2024-12-30 00:00:00-05:00,413.1833729143378
2024-12-31 00:00:00-05:00,412.43589425206204
2025-01-02 00:00:00-05:00,413.40264759566156
2025-01-03 00:00:00-05:00,411.9774723823299
2025-01-06 00:00:00-05:00,413.7016346686755
2025-01-07 00:00:00-05:00,405.4200134277344
2025-01-08 00:00:00-05:00,402.07000732421875
2025-01-10 00:00:00-05:00,397.1499938964844
2025-01-13 00:00:00-05:00,385.239990234375
2025-01-14 00:00:00-05:00,388.45001220703125
