Date,Open
1994-03-18 00:00:00-05:00,1.4365110397338867
1994-03-21 00:00:00-05:00,1.3423130512237549
1994-03-22 00:00:00-05:00,1.3187639713287354
1994-03-23 00:00:00-05:00,1.3187639713287354
1994-03-24 00:00:00-05:00,1.3187639713287354
1994-03-25 00:00:00-05:00,1.2952150106430054
1994-03-28 00:00:00-05:00,1.2952150106430054
1994-03-29 00:00:00-05:00,1.2952150106430054
1994-03-30 00:00:00-05:00,1.2716649770736694
1994-03-31 00:00:00-05:00,1.2010170221328735
1994-04-04 00:00:00-04:00,1.153918981552124
1994-04-05 00:00:00-04:00,1.1656930446624756
1994-04-06 00:00:00-04:00,1.153918981552124
1994-04-07 00:00:00-04:00,1.130368947982788
1994-04-08 00:00:00-04:00,1.153918981552124
1994-04-11 00:00:00-04:00,1.130368947982788
1994-04-12 00:00:00-04:00,1.2010170221328735
1994-04-13 00:00:00-04:00,1.2245670557022095
1994-04-14 00:00:00-04:00,1.2010170221328735
1994-04-15 00:00:00-04:00,1.2245670557022095
1994-04-18 00:00:00-04:00,1.177467942237854
1994-04-19 00:00:00-04:00,1.130368947982788
1994-04-20 00:00:00-04:00,1.0361720323562622
1994-04-21 00:00:00-04:00,0.8948760032653809
1994-04-22 00:00:00-04:00,0.9184250235557556
1994-04-25 00:00:00-04:00,0.9184250235557556
1994-04-26 00:00:00-04:00,1.0126219987869263
1994-04-28 00:00:00-04:00,0.9890729784965515
1994-04-29 00:00:00-04:00,1.0597209930419922
1994-05-02 00:00:00-04:00,1.0597209930419922
1994-05-03 00:00:00-04:00,1.2010170221328735
1994-05-04 00:00:00-04:00,1.2010170221328735
1994-05-05 00:00:00-04:00,1.3187639713287354
1994-05-06 00:00:00-04:00,1.2481160163879395
1994-05-09 00:00:00-04:00,1.2010170221328735
1994-05-10 00:00:00-04:00,1.130368947982788
1994-05-11 00:00:00-04:00,1.177467942237854
1994-05-12 00:00:00-04:00,1.130368947982788
1994-05-13 00:00:00-04:00,1.177467942237854
1994-05-16 00:00:00-04:00,1.142143964767456
1994-05-17 00:00:00-04:00,1.177467942237854
1994-05-18 00:00:00-04:00,1.153918981552124
1994-05-19 00:00:00-04:00,1.177467942237854
1994-05-20 00:00:00-04:00,1.130368947982788
1994-05-23 00:00:00-04:00,1.177467942237854
1994-05-24 00:00:00-04:00,1.130368947982788
1994-05-25 00:00:00-04:00,1.177467942237854
1994-05-26 00:00:00-04:00,1.106819987297058
1994-05-27 00:00:00-04:00,1.153918981552124
1994-05-31 00:00:00-04:00,1.0832710266113281
1994-06-01 00:00:00-04:00,1.0832710266113281
1994-06-02 00:00:00-04:00,1.0126219987869263
1994-06-03 00:00:00-04:00,1.0597209930419922
1994-06-06 00:00:00-04:00,1.0597209930419922
1994-06-07 00:00:00-04:00,1.0361720323562622
1994-06-08 00:00:00-04:00,1.0597209930419922
1994-06-09 00:00:00-04:00,1.0008480548858643
1994-06-10 00:00:00-04:00,1.0832710266113281
1994-06-13 00:00:00-04:00,1.0832710266113281
1994-06-14 00:00:00-04:00,1.106819987297058
1994-06-15 00:00:00-04:00,1.153918981552124
1994-06-16 00:00:00-04:00,1.118595004081726
1994-06-17 00:00:00-04:00,1.118595004081726
1994-06-20 00:00:00-04:00,1.106819987297058
1994-06-21 00:00:00-04:00,1.106819987297058
1994-06-22 00:00:00-04:00,1.0479459762573242
1994-06-23 00:00:00-04:00,1.0361720323562622
1994-06-24 00:00:00-04:00,0.9655240178108215
1994-06-27 00:00:00-04:00,0.9184250235557556
1994-06-28 00:00:00-04:00,0.8713260293006897
1994-06-29 00:00:00-04:00,0.8713260293006897
1994-06-30 00:00:00-04:00,0.9419739842414856
1994-07-01 00:00:00-04:00,0.9184250235557556
1994-07-05 00:00:00-04:00,0.8948760032653809
1994-07-06 00:00:00-04:00,0.9301999807357788
1994-07-07 00:00:00-04:00,0.9419739842414856
1994-07-08 00:00:00-04:00,0.9890729784965515
1994-07-11 00:00:00-04:00,0.9419739842414856
1994-07-12 00:00:00-04:00,0.9890729784965515
1994-07-13 00:00:00-04:00,0.9655240178108215
1994-07-14 00:00:00-04:00,0.9890729784965515
1994-07-15 00:00:00-04:00,0.9655240178108215
1994-07-18 00:00:00-04:00,1.0597209930419922
1994-07-19 00:00:00-04:00,1.0361720323562622
1994-07-20 00:00:00-04:00,0.9655240178108215
1994-07-21 00:00:00-04:00,1.0361720323562622
1994-07-22 00:00:00-04:00,1.0361720323562622
1994-07-25 00:00:00-04:00,1.0597209930419922
1994-07-26 00:00:00-04:00,1.0597209930419922
1994-07-27 00:00:00-04:00,1.0832710266113281
1994-07-28 00:00:00-04:00,1.0361720323562622
1994-07-29 00:00:00-04:00,1.0126219987869263
1994-08-01 00:00:00-04:00,1.0361720323562622
1994-08-02 00:00:00-04:00,0.9655240178108215
1994-08-03 00:00:00-04:00,1.0126219987869263
1994-08-04 00:00:00-04:00,0.9655240178108215
1994-08-05 00:00:00-04:00,0.9655240178108215
1994-08-08 00:00:00-04:00,0.9655240178108215
1994-08-09 00:00:00-04:00,0.8713260293006897
1994-08-10 00:00:00-04:00,0.9184250235557556
1994-08-11 00:00:00-04:00,1.0597209930419922
1994-08-12 00:00:00-04:00,1.0832710266113281
1994-08-15 00:00:00-04:00,1.0126219987869263
1994-08-16 00:00:00-04:00,1.0832710266113281
1994-08-17 00:00:00-04:00,1.0832710266113281
1994-08-18 00:00:00-04:00,1.106819987297058
1994-08-19 00:00:00-04:00,1.0832710266113281
1994-08-22 00:00:00-04:00,1.106819987297058
1994-08-23 00:00:00-04:00,1.130368947982788
1994-08-24 00:00:00-04:00,1.2245670557022095
1994-08-25 00:00:00-04:00,1.177467942237854
1994-08-26 00:00:00-04:00,1.2245670557022095
1994-08-29 00:00:00-04:00,1.177467942237854
1994-08-30 00:00:00-04:00,1.2245670557022095
1994-08-31 00:00:00-04:00,1.2952150106430054
1994-09-01 00:00:00-04:00,1.3658629655838013
1994-09-02 00:00:00-04:00,1.3187639713287354
1994-09-06 00:00:00-04:00,1.3658629655838013
1994-09-07 00:00:00-04:00,1.3187639713287354
1994-09-08 00:00:00-04:00,1.3423130512237549
1994-09-09 00:00:00-04:00,1.3187639713287354
1994-09-12 00:00:00-04:00,1.4129619598388672
1994-09-13 00:00:00-04:00,1.5307079553604126
1994-09-14 00:00:00-04:00,1.4365110397338867
1994-09-15 00:00:00-04:00,1.4011869430541992
1994-09-16 00:00:00-04:00,1.3894120454788208
1994-09-19 00:00:00-04:00,1.4129619598388672
1994-09-20 00:00:00-04:00,1.2010170221328735
1994-09-21 00:00:00-04:00,1.2245670557022095
1994-09-22 00:00:00-04:00,1.2716649770736694
1994-09-23 00:00:00-04:00,1.2245670557022095
1994-09-26 00:00:00-04:00,1.2245670557022095
1994-09-27 00:00:00-04:00,1.2952150106430054
1994-09-28 00:00:00-04:00,1.3423130512237549
1994-09-29 00:00:00-04:00,1.3894120454788208
1994-09-30 00:00:00-04:00,1.3894120454788208
1994-10-03 00:00:00-04:00,1.3894120454788208
1994-10-04 00:00:00-04:00,1.3423130512237549
1994-10-05 00:00:00-04:00,1.2716649770736694
1994-10-06 00:00:00-04:00,1.2245670557022095
1994-10-07 00:00:00-04:00,1.2245670557022095
1994-10-10 00:00:00-04:00,1.2481160163879395
1994-10-11 00:00:00-04:00,1.2481160163879395
1994-10-12 00:00:00-04:00,1.2010170221328735
1994-10-13 00:00:00-04:00,1.2481160163879395
1994-10-14 00:00:00-04:00,1.2127920389175415
1994-10-17 00:00:00-04:00,1.2481160163879395
1994-10-18 00:00:00-04:00,1.2481160163879395
1994-10-19 00:00:00-04:00,1.2245670557022095
1994-10-20 00:00:00-04:00,1.2952150106430054
1994-10-21 00:00:00-04:00,1.2245670557022095
1994-10-24 00:00:00-04:00,1.2598910331726074
1994-10-25 00:00:00-04:00,1.2716649770736694
1994-10-26 00:00:00-04:00,1.2952150106430054
1994-10-27 00:00:00-04:00,1.2952150106430054
1994-10-28 00:00:00-04:00,1.2481160163879395
1994-10-31 00:00:00-05:00,1.2716649770736694
1994-11-01 00:00:00-05:00,1.3423130512237549
1994-11-02 00:00:00-05:00,1.3423130512237549
1994-11-03 00:00:00-05:00,1.2481160163879395
1994-11-04 00:00:00-05:00,1.2952150106430054
1994-11-07 00:00:00-05:00,1.2952150106430054
1994-11-08 00:00:00-05:00,1.2481160163879395
1994-11-09 00:00:00-05:00,1.2834399938583374
1994-11-10 00:00:00-05:00,1.2716649770736694
1994-11-11 00:00:00-05:00,1.2952150106430054
1994-11-14 00:00:00-05:00,1.2952150106430054
1994-11-15 00:00:00-05:00,1.3658629655838013
1994-11-16 00:00:00-05:00,1.3423130512237549
1994-11-17 00:00:00-05:00,1.3423130512237549
1994-11-18 00:00:00-05:00,1.2834399938583374
1994-11-21 00:00:00-05:00,1.2716649770736694
1994-11-22 00:00:00-05:00,1.2716649770736694
1994-11-23 00:00:00-05:00,1.2952150106430054
1994-11-25 00:00:00-05:00,1.2952150106430054
1994-11-28 00:00:00-05:00,1.3658629655838013
1994-11-29 00:00:00-05:00,1.2952150106430054
1994-11-30 00:00:00-05:00,1.3894120454788208
1994-12-01 00:00:00-05:00,1.3423130512237549
1994-12-02 00:00:00-05:00,1.3776379823684692
1994-12-05 00:00:00-05:00,1.5071589946746826
1994-12-06 00:00:00-05:00,1.4836100339889526
1994-12-07 00:00:00-05:00,1.4836100339889526
1994-12-08 00:00:00-05:00,1.4129619598388672
1994-12-09 00:00:00-05:00,1.3658629655838013
1994-12-12 00:00:00-05:00,1.3423130512237549
1994-12-13 00:00:00-05:00,1.3187639713287354
1994-12-14 00:00:00-05:00,1.3423130512237549
1994-12-15 00:00:00-05:00,1.3894120454788208
1994-12-16 00:00:00-05:00,1.383525013923645
1994-12-19 00:00:00-05:00,1.4129619598388672
1994-12-20 00:00:00-05:00,1.5071589946746826
1994-12-21 00:00:00-05:00,1.4600600004196167
1994-12-22 00:00:00-05:00,1.4365110397338867
1994-12-23 00:00:00-05:00,1.5071589946746826
1994-12-27 00:00:00-05:00,1.4718350172042847
1994-12-28 00:00:00-05:00,1.4365110397338867
1994-12-29 00:00:00-05:00,1.5542579889297485
1994-12-30 00:00:00-05:00,1.5307079553604126
1995-01-03 00:00:00-05:00,1.4365110397338867
1995-01-04 00:00:00-05:00,1.4600600004196167
1995-01-05 00:00:00-05:00,1.5778069496154785
1995-01-06 00:00:00-05:00,1.5778069496154785
1995-01-09 00:00:00-05:00,1.648455023765564
1995-01-10 00:00:00-05:00,1.5778069496154785
1995-01-11 00:00:00-05:00,1.5778069496154785
1995-01-12 00:00:00-05:00,1.5542579889297485
1995-01-13 00:00:00-05:00,1.5542579889297485
1995-01-16 00:00:00-05:00,1.5778069496154785
1995-01-17 00:00:00-05:00,1.601356029510498
1995-01-18 00:00:00-05:00,1.7191029787063599
1995-01-19 00:00:00-05:00,1.6249059438705444
1995-01-20 00:00:00-05:00,1.6720050573349
1995-01-23 00:00:00-05:00,1.5778069496154785
1995-01-24 00:00:00-05:00,1.5542579889297485
1995-01-25 00:00:00-05:00,1.4600600004196167
1995-01-26 00:00:00-05:00,1.4600600004196167
1995-01-27 00:00:00-05:00,1.5071589946746826
1995-01-30 00:00:00-05:00,1.5071589946746826
1995-01-31 00:00:00-05:00,1.4129619598388672
1995-02-01 00:00:00-05:00,1.4129619598388672
1995-02-02 00:00:00-05:00,1.4836100339889526
1995-02-03 00:00:00-05:00,1.4836100339889526
1995-02-06 00:00:00-05:00,1.4600600004196167
1995-02-07 00:00:00-05:00,1.5071589946746826
1995-02-08 00:00:00-05:00,1.4365110397338867
1995-02-09 00:00:00-05:00,1.5071589946746826
1995-02-10 00:00:00-05:00,1.4600600004196167
1995-02-13 00:00:00-05:00,1.4836100339889526
1995-02-14 00:00:00-05:00,1.4836100339889526
1995-02-15 00:00:00-05:00,1.4129619598388672
1995-02-16 00:00:00-05:00,1.5307079553604126
1995-02-17 00:00:00-05:00,1.4836100339889526
1995-02-21 00:00:00-05:00,1.4129619598388672
1995-02-22 00:00:00-05:00,1.4718350172042847
1995-02-23 00:00:00-05:00,1.4836100339889526
1995-02-24 00:00:00-05:00,1.4953839778900146
1995-02-27 00:00:00-05:00,1.4365110397338867
1995-02-28 00:00:00-05:00,1.4247360229492188
1995-03-01 00:00:00-05:00,1.3894120454788208
1995-03-02 00:00:00-05:00,1.3894120454788208
1995-03-03 00:00:00-05:00,1.4600600004196167
1995-03-06 00:00:00-05:00,1.4129619598388672
1995-03-07 00:00:00-05:00,1.4129619598388672
1995-03-08 00:00:00-05:00,1.3894120454788208
1995-03-09 00:00:00-05:00,1.4365110397338867
1995-03-10 00:00:00-05:00,1.3776379823684692
1995-03-13 00:00:00-05:00,1.3658629655838013
1995-03-14 00:00:00-05:00,1.3894120454788208
1995-03-15 00:00:00-05:00,1.3894120454788208
1995-03-16 00:00:00-05:00,1.3658629655838013
1995-03-17 00:00:00-05:00,1.3187639713287354
1995-03-20 00:00:00-05:00,1.2952150106430054
1995-03-21 00:00:00-05:00,1.2716649770736694
1995-03-22 00:00:00-05:00,1.3423130512237549
1995-03-23 00:00:00-05:00,1.2952150106430054
1995-03-24 00:00:00-05:00,1.3423130512237549
1995-03-27 00:00:00-05:00,1.3187639713287354
1995-03-28 00:00:00-05:00,1.3187639713287354
1995-03-29 00:00:00-05:00,1.2716649770736694
1995-03-30 00:00:00-05:00,1.2716649770736694
1995-03-31 00:00:00-05:00,1.2716649770736694
1995-04-03 00:00:00-04:00,1.2716649770736694
1995-04-04 00:00:00-04:00,1.2716649770736694
1995-04-05 00:00:00-04:00,1.3187639713287354
1995-04-06 00:00:00-04:00,1.2834399938583374
1995-04-07 00:00:00-04:00,1.2952150106430054
1995-04-10 00:00:00-04:00,1.3658629655838013
1995-04-11 00:00:00-04:00,1.3894120454788208
1995-04-12 00:00:00-04:00,1.3894120454788208
1995-04-13 00:00:00-04:00,1.4836100339889526
1995-04-17 00:00:00-04:00,1.4600600004196167
1995-04-18 00:00:00-04:00,1.4600600004196167
1995-04-19 00:00:00-04:00,1.4600600004196167
1995-04-20 00:00:00-04:00,1.4365110397338867
1995-04-21 00:00:00-04:00,1.4600600004196167
1995-04-24 00:00:00-04:00,1.4600600004196167
1995-04-25 00:00:00-04:00,1.4836100339889526
1995-04-26 00:00:00-04:00,1.4836100339889526
1995-04-27 00:00:00-04:00,1.4953839778900146
1995-04-28 00:00:00-04:00,1.4836100339889526
1995-05-01 00:00:00-04:00,1.5542579889297485
1995-05-02 00:00:00-04:00,1.4836100339889526
1995-05-03 00:00:00-04:00,1.4836100339889526
1995-05-04 00:00:00-04:00,1.4836100339889526
1995-05-05 00:00:00-04:00,1.4836100339889526
1995-05-08 00:00:00-04:00,1.5307079553604126
1995-05-09 00:00:00-04:00,1.5071589946746826
1995-05-10 00:00:00-04:00,1.4365110397338867
1995-05-11 00:00:00-04:00,1.5307079553604126
1995-05-12 00:00:00-04:00,1.4836100339889526
1995-05-15 00:00:00-04:00,1.5542579889297485
1995-05-16 00:00:00-04:00,1.5542579889297485
1995-05-17 00:00:00-04:00,1.5248210430145264
1995-05-18 00:00:00-04:00,1.601356029510498
1995-05-19 00:00:00-04:00,1.5307079553604126
1995-05-22 00:00:00-04:00,1.5189340114593506
1995-05-23 00:00:00-04:00,1.5307079553604126
1995-05-24 00:00:00-04:00,1.8603990077972412
1995-05-25 00:00:00-04:00,1.8133009672164917
1995-05-26 00:00:00-04:00,1.6955540180206299
1995-05-30 00:00:00-04:00,1.7897510528564453
1995-05-31 00:00:00-04:00,1.6955540180206299
1995-06-01 00:00:00-04:00,1.7191029787063599
1995-06-02 00:00:00-04:00,1.7191029787063599
1995-06-05 00:00:00-04:00,1.7191029787063599
1995-06-06 00:00:00-04:00,1.7426530122756958
1995-06-07 00:00:00-04:00,1.7544269561767578
1995-06-08 00:00:00-04:00,1.7544269561767578
1995-06-09 00:00:00-04:00,1.7308779954910278
1995-06-12 00:00:00-04:00,1.7191029787063599
1995-06-13 00:00:00-04:00,1.7308779954910278
1995-06-14 00:00:00-04:00,1.8368500471115112
1995-06-15 00:00:00-04:00,1.9074980020523071
1995-06-16 00:00:00-04:00,1.8839490413665771
1995-06-19 00:00:00-04:00,1.8957229852676392
1995-06-20 00:00:00-04:00,1.931046962738037
1995-06-21 00:00:00-04:00,1.9074980020523071
1995-06-22 00:00:00-04:00,1.9074980020523071
1995-06-23 00:00:00-04:00,1.8603990077972412
1995-06-26 00:00:00-04:00,1.8603990077972412
1995-06-27 00:00:00-04:00,1.8603990077972412
1995-06-28 00:00:00-04:00,1.9074980020523071
1995-06-29 00:00:00-04:00,1.9074980020523071
1995-06-30 00:00:00-04:00,2.025244951248169
1995-07-03 00:00:00-04:00,2.084117889404297
1995-07-05 00:00:00-04:00,2.095892906188965
1995-07-06 00:00:00-04:00,2.0723440647125244
1995-07-07 00:00:00-04:00,2.0723440647125244
1995-07-10 00:00:00-04:00,2.0487940311431885
1995-07-11 00:00:00-04:00,2.0487940311431885
1995-07-12 00:00:00-04:00,2.0487940311431885
1995-07-13 00:00:00-04:00,2.284287929534912
1995-07-14 00:00:00-04:00,2.284287929534912
1995-07-17 00:00:00-04:00,2.284287929534912
1995-07-18 00:00:00-04:00,2.2607390880584717
1995-07-19 00:00:00-04:00,2.16654109954834
1995-07-20 00:00:00-04:00,2.16654109954834
1995-07-21 00:00:00-04:00,2.1429920196533203
1995-07-24 00:00:00-04:00,2.1194419860839844
1995-07-25 00:00:00-04:00,2.366710901260376
1995-07-26 00:00:00-04:00,2.1429920196533203
1995-07-27 00:00:00-04:00,2.0016961097717285
1995-07-28 00:00:00-04:00,2.284287929534912
1995-07-31 00:00:00-04:00,2.284287929534912
1995-08-01 00:00:00-04:00,2.3078370094299316
1995-08-02 00:00:00-04:00,2.2371890544891357
1995-08-03 00:00:00-04:00,2.1900899410247803
1995-08-04 00:00:00-04:00,2.0723440647125244
1995-08-07 00:00:00-04:00,2.1194419860839844
1995-08-08 00:00:00-04:00,2.1429920196533203
1995-08-09 00:00:00-04:00,2.1429920196533203
1995-08-10 00:00:00-04:00,2.1429920196533203
1995-08-11 00:00:00-04:00,2.2371890544891357
1995-08-14 00:00:00-04:00,2.2371890544891357
1995-08-15 00:00:00-04:00,2.2371890544891357
1995-08-16 00:00:00-04:00,2.1900899410247803
1995-08-17 00:00:00-04:00,2.1900899410247803
1995-08-18 00:00:00-04:00,2.1900899410247803
1995-08-21 00:00:00-04:00,2.2371890544891357
1995-08-22 00:00:00-04:00,2.2607390880584717
1995-08-23 00:00:00-04:00,2.213639974594116
1995-08-24 00:00:00-04:00,2.2607390880584717
1995-08-25 00:00:00-04:00,2.2607390880584717
1995-08-28 00:00:00-04:00,2.2607390880584717
1995-08-29 00:00:00-04:00,2.16654109954834
1995-08-30 00:00:00-04:00,2.0723440647125244
1995-08-31 00:00:00-04:00,2.0723440647125244
1995-09-01 00:00:00-04:00,2.025244951248169
1995-09-05 00:00:00-04:00,2.025244951248169
1995-09-06 00:00:00-04:00,2.095892906188965
1995-09-07 00:00:00-04:00,2.213639974594116
1995-09-08 00:00:00-04:00,2.213639974594116
1995-09-11 00:00:00-04:00,2.354935884475708
1995-09-12 00:00:00-04:00,2.3078370094299316
1995-09-13 00:00:00-04:00,2.284287929534912
1995-09-14 00:00:00-04:00,2.2371890544891357
1995-09-15 00:00:00-04:00,2.2607390880584717
1995-09-18 00:00:00-04:00,2.2371890544891357
1995-09-19 00:00:00-04:00,2.2371890544891357
1995-09-20 00:00:00-04:00,2.3313870429992676
1995-09-21 00:00:00-04:00,2.4726829528808594
1995-09-22 00:00:00-04:00,2.496232032775879
1995-09-25 00:00:00-04:00,2.5197811126708984
1995-09-26 00:00:00-04:00,2.437359094619751
1995-09-27 00:00:00-04:00,2.354935884475708
1995-09-28 00:00:00-04:00,2.3784849643707275
1995-09-29 00:00:00-04:00,2.425584077835083
1995-10-02 00:00:00-04:00,2.4726829528808594
1995-10-03 00:00:00-04:00,2.4609079360961914
1995-10-04 00:00:00-04:00,2.425584077835083
1995-10-05 00:00:00-04:00,2.3784849643707275
1995-10-06 00:00:00-04:00,2.425584077835083
1995-10-09 00:00:00-04:00,2.4491329193115234
1995-10-10 00:00:00-04:00,2.3078370094299316
1995-10-11 00:00:00-04:00,2.2607390880584717
1995-10-12 00:00:00-04:00,2.2371890544891357
1995-10-13 00:00:00-04:00,2.2371890544891357
1995-10-16 00:00:00-04:00,2.2371890544891357
1995-10-17 00:00:00-04:00,2.2607390880584717
1995-10-18 00:00:00-04:00,2.284287929534912
1995-10-19 00:00:00-04:00,2.2254140377044678
1995-10-20 00:00:00-04:00,2.095892906188965
1995-10-23 00:00:00-04:00,2.1429920196533203
1995-10-24 00:00:00-04:00,2.16654109954834
1995-10-25 00:00:00-04:00,2.2371890544891357
1995-10-26 00:00:00-04:00,2.2607390880584717
1995-10-27 00:00:00-04:00,2.284287929534912
1995-10-30 00:00:00-05:00,2.213639974594116
1995-10-31 00:00:00-05:00,2.284287929534912
1995-11-01 00:00:00-05:00,2.2607390880584717
1995-11-02 00:00:00-05:00,2.154766082763672
1995-11-03 00:00:00-05:00,2.095892906188965
1995-11-06 00:00:00-05:00,2.1194419860839844
1995-11-07 00:00:00-05:00,2.025244951248169
1995-11-08 00:00:00-05:00,2.025244951248169
1995-11-09 00:00:00-05:00,2.0016961097717285
1995-11-10 00:00:00-05:00,1.978145956993103
1995-11-13 00:00:00-05:00,2.025244951248169
1995-11-14 00:00:00-05:00,2.213639974594116
1995-11-15 00:00:00-05:00,2.284287929534912
1995-11-16 00:00:00-05:00,2.425584077835083
1995-11-17 00:00:00-05:00,2.4609079360961914
1995-11-20 00:00:00-05:00,2.496232032775879
1995-11-21 00:00:00-05:00,2.6139791011810303
1995-11-22 00:00:00-05:00,2.4020349979400635
1995-11-24 00:00:00-05:00,2.4491329193115234
1995-11-27 00:00:00-05:00,2.5433309078216553
1995-11-28 00:00:00-05:00,2.496232032775879
1995-11-29 00:00:00-05:00,2.5433309078216553
1995-11-30 00:00:00-05:00,2.5433309078216553
1995-12-01 00:00:00-05:00,2.684627056121826
1995-12-04 00:00:00-05:00,2.6375279426574707
1995-12-05 00:00:00-05:00,2.7081758975982666
1995-12-06 00:00:00-05:00,2.7081758975982666
1995-12-07 00:00:00-05:00,2.755275011062622
1995-12-08 00:00:00-05:00,2.743499994277954
1995-12-11 00:00:00-05:00,2.743499994277954
1995-12-12 00:00:00-05:00,2.7081758975982666
1995-12-13 00:00:00-05:00,2.825922966003418
1995-12-14 00:00:00-05:00,2.8023738861083984
1995-12-15 00:00:00-05:00,2.755275011062622
1995-12-18 00:00:00-05:00,2.5904300212860107
1995-12-19 00:00:00-05:00,2.3313870429992676
1995-12-20 00:00:00-05:00,2.425584077835083
1995-12-21 00:00:00-05:00,2.496232032775879
1995-12-22 00:00:00-05:00,2.5433309078216553
1995-12-26 00:00:00-05:00,2.5433309078216553
1995-12-27 00:00:00-05:00,2.7317259311676025
1995-12-28 00:00:00-05:00,2.7317259311676025
1995-12-29 00:00:00-05:00,2.7317259311676025
1996-01-02 00:00:00-05:00,2.825922966003418
1996-01-03 00:00:00-05:00,2.7317259311676025
1996-01-04 00:00:00-05:00,2.566879987716675
1996-01-05 00:00:00-05:00,2.5197811126708984
1996-01-08 00:00:00-05:00,2.6375279426574707
1996-01-09 00:00:00-05:00,2.6375279426574707
1996-01-10 00:00:00-05:00,2.5433309078216553
1996-01-11 00:00:00-05:00,2.4726829528808594
1996-01-12 00:00:00-05:00,2.4726829528808594
1996-01-15 00:00:00-05:00,2.425584077835083
1996-01-16 00:00:00-05:00,2.4726829528808594
1996-01-17 00:00:00-05:00,2.566879987716675
1996-01-18 00:00:00-05:00,2.6139791011810303
1996-01-19 00:00:00-05:00,2.5197811126708984
1996-01-22 00:00:00-05:00,2.566879987716675
1996-01-23 00:00:00-05:00,2.6139791011810303
1996-01-24 00:00:00-05:00,2.5433309078216553
1996-01-25 00:00:00-05:00,2.6139791011810303
1996-01-26 00:00:00-05:00,2.566879987716675
1996-01-29 00:00:00-05:00,2.5551059246063232
1996-01-30 00:00:00-05:00,2.6139791011810303
1996-01-31 00:00:00-05:00,2.6022040843963623
1996-02-01 00:00:00-05:00,2.6375279426574707
1996-02-02 00:00:00-05:00,2.6610779762268066
1996-02-05 00:00:00-05:00,2.7317259311676025
1996-02-06 00:00:00-05:00,2.755275011062622
1996-02-07 00:00:00-05:00,2.7081758975982666
1996-02-08 00:00:00-05:00,2.7317259311676025
1996-02-09 00:00:00-05:00,2.8023738861083984
1996-02-12 00:00:00-05:00,2.92012095451355
1996-02-13 00:00:00-05:00,2.92012095451355
1996-02-14 00:00:00-05:00,2.8730220794677734
1996-02-15 00:00:00-05:00,2.9907689094543457
1996-02-16 00:00:00-05:00,3.1085150241851807
1996-02-20 00:00:00-05:00,3.0614171028137207
1996-02-21 00:00:00-05:00,3.0378670692443848
1996-02-22 00:00:00-05:00,3.1320650577545166
1996-02-23 00:00:00-05:00,3.155613899230957
1996-02-26 00:00:00-05:00,3.249811887741089
1996-02-27 00:00:00-05:00,3.2027130126953125
1996-02-28 00:00:00-05:00,3.2733609676361084
1996-02-29 00:00:00-05:00,3.143838882446289
1996-03-01 00:00:00-05:00,3.179163932800293
1996-03-04 00:00:00-05:00,3.1320650577545166
1996-03-05 00:00:00-05:00,3.084965944290161
1996-03-06 00:00:00-05:00,3.1320650577545166
1996-03-07 00:00:00-05:00,3.155613899230957
1996-03-08 00:00:00-05:00,3.1320650577545166
1996-03-11 00:00:00-05:00,3.2027130126953125
1996-03-12 00:00:00-05:00,3.155613899230957
1996-03-13 00:00:00-05:00,3.155613899230957
1996-03-14 00:00:00-05:00,3.1909379959106445
1996-03-15 00:00:00-05:00,3.155613899230957
1996-03-18 00:00:00-05:00,3.2203750610351562
1996-03-19 00:00:00-05:00,3.179163932800293
1996-03-20 00:00:00-05:00,3.320460081100464
1996-03-21 00:00:00-05:00,3.296910047531128
1996-03-22 00:00:00-05:00,3.320460081100464
1996-03-25 00:00:00-05:00,3.3911080360412598
1996-03-26 00:00:00-05:00,3.2733609676361084
1996-03-27 00:00:00-05:00,3.2027130126953125
1996-03-28 00:00:00-05:00,2.9907689094543457
1996-03-29 00:00:00-05:00,2.8023738861083984
1996-04-01 00:00:00-05:00,2.8730220794677734
1996-04-02 00:00:00-05:00,3.084965944290161
1996-04-03 00:00:00-05:00,3.155613899230957
1996-04-04 00:00:00-05:00,3.084965944290161
1996-04-08 00:00:00-04:00,3.0378670692443848
1996-04-09 00:00:00-04:00,3.1085150241851807
1996-04-10 00:00:00-04:00,3.167388916015625
1996-04-11 00:00:00-04:00,3.179163932800293
1996-04-12 00:00:00-04:00,3.2027130126953125
1996-04-15 00:00:00-04:00,3.2733609676361084
1996-04-16 00:00:00-04:00,3.226262092590332
1996-04-17 00:00:00-04:00,3.296910047531128
1996-04-18 00:00:00-04:00,3.226262092590332
1996-04-19 00:00:00-04:00,3.226262092590332
1996-04-22 00:00:00-04:00,3.1085150241851807
1996-04-23 00:00:00-04:00,3.155613899230957
1996-04-24 00:00:00-04:00,3.179163932800293
1996-04-25 00:00:00-04:00,3.179163932800293
1996-04-26 00:00:00-04:00,3.5324039459228516
1996-04-29 00:00:00-04:00,3.626600980758667
1996-04-30 00:00:00-04:00,3.579503059387207
1996-05-01 00:00:00-04:00,3.579503059387207
1996-05-02 00:00:00-04:00,3.650151014328003
1996-05-03 00:00:00-04:00,3.626600980758667
1996-05-06 00:00:00-04:00,3.650151014328003
1996-05-07 00:00:00-04:00,3.579503059387207
1996-05-08 00:00:00-04:00,3.4146571159362793
1996-05-09 00:00:00-04:00,3.4146571159362793
1996-05-10 00:00:00-04:00,3.3440089225769043
1996-05-13 00:00:00-04:00,3.4382059574127197
1996-05-14 00:00:00-04:00,3.485305070877075
1996-05-15 00:00:00-04:00,3.4617559909820557
1996-05-16 00:00:00-04:00,3.367558002471924
1996-05-17 00:00:00-04:00,3.367558002471924
1996-05-20 00:00:00-04:00,3.2733609676361084
1996-05-21 00:00:00-04:00,3.249811887741089
1996-05-22 00:00:00-04:00,3.226262092590332
1996-05-23 00:00:00-04:00,3.0614171028137207
1996-05-24 00:00:00-04:00,2.9436700344085693
1996-05-28 00:00:00-04:00,2.967219114303589
1996-05-29 00:00:00-04:00,3.026093006134033
1996-05-30 00:00:00-04:00,2.92012095451355
1996-05-31 00:00:00-04:00,2.9436700344085693
1996-06-03 00:00:00-04:00,2.967219114303589
1996-06-04 00:00:00-04:00,2.9436700344085693
1996-06-05 00:00:00-04:00,2.967219114303589
1996-06-06 00:00:00-04:00,2.896570920944214
1996-06-07 00:00:00-04:00,2.8494720458984375
1996-06-10 00:00:00-04:00,2.8494720458984375
1996-06-11 00:00:00-04:00,2.7081758975982666
1996-06-12 00:00:00-04:00,2.5433309078216553
1996-06-13 00:00:00-04:00,2.4726829528808594
1996-06-14 00:00:00-04:00,2.5904300212860107
1996-06-17 00:00:00-04:00,2.5904300212860107
1996-06-18 00:00:00-04:00,2.566879987716675
1996-06-19 00:00:00-04:00,2.4491329193115234
1996-06-20 00:00:00-04:00,2.4491329193115234
1996-06-21 00:00:00-04:00,2.4726829528808594
1996-06-24 00:00:00-04:00,2.4491329193115234
1996-06-25 00:00:00-04:00,2.4491329193115234
1996-06-26 00:00:00-04:00,2.354935884475708
1996-06-27 00:00:00-04:00,2.354935884475708
1996-06-28 00:00:00-04:00,2.425584077835083
1996-07-01 00:00:00-04:00,2.425584077835083
1996-07-02 00:00:00-04:00,2.5433309078216553
1996-07-03 00:00:00-04:00,2.566879987716675
1996-07-05 00:00:00-04:00,2.5904300212860107
1996-07-08 00:00:00-04:00,2.566879987716675
1996-07-09 00:00:00-04:00,2.496232032775879
1996-07-10 00:00:00-04:00,2.4609079360961914
1996-07-11 00:00:00-04:00,2.2371890544891357
1996-07-12 00:00:00-04:00,2.025244951248169
1996-07-15 00:00:00-04:00,1.7897510528564453
1996-07-16 00:00:00-04:00,1.8133009672164917
1996-07-17 00:00:00-04:00,1.9074980020523071
1996-07-18 00:00:00-04:00,1.8603990077972412
1996-07-19 00:00:00-04:00,1.7426530122756958
1996-07-22 00:00:00-04:00,1.7191029787063599
1996-07-23 00:00:00-04:00,1.648455023765564
1996-07-24 00:00:00-04:00,1.5542579889297485
1996-07-25 00:00:00-04:00,1.6955540180206299
1996-07-26 00:00:00-04:00,1.7191029787063599
1996-07-29 00:00:00-04:00,1.7191029787063599
1996-07-30 00:00:00-04:00,1.8133009672164917
1996-07-31 00:00:00-04:00,1.8133009672164917
1996-08-01 00:00:00-04:00,1.8368500471115112
1996-08-02 00:00:00-04:00,1.954596996307373
1996-08-05 00:00:00-04:00,1.978145956993103
1996-08-06 00:00:00-04:00,2.0487940311431885
1996-08-07 00:00:00-04:00,1.978145956993103
1996-08-08 00:00:00-04:00,1.9840339422225952
1996-08-09 00:00:00-04:00,1.931046962738037
1996-08-12 00:00:00-04:00,1.954596996307373
1996-08-13 00:00:00-04:00,1.954596996307373
1996-08-14 00:00:00-04:00,1.8603990077972412
1996-08-15 00:00:00-04:00,1.648455023765564
1996-08-16 00:00:00-04:00,1.6955540180206299
1996-08-19 00:00:00-04:00,1.6720050573349
1996-08-20 00:00:00-04:00,1.7426530122756958
1996-08-21 00:00:00-04:00,1.7897510528564453
1996-08-22 00:00:00-04:00,1.8368500471115112
1996-08-23 00:00:00-04:00,1.7897510528564453
1996-08-26 00:00:00-04:00,1.8603990077972412
1996-08-27 00:00:00-04:00,1.7897510528564453
1996-08-28 00:00:00-04:00,1.8603990077972412
1996-08-29 00:00:00-04:00,2.0487940311431885
1996-08-30 00:00:00-04:00,1.7897510528564453
1996-09-03 00:00:00-04:00,1.8133009672164917
1996-09-04 00:00:00-04:00,1.7662019729614258
1996-09-05 00:00:00-04:00,1.8368500471115112
1996-09-06 00:00:00-04:00,1.7662019729614258
1996-09-09 00:00:00-04:00,1.7897510528564453
1996-09-10 00:00:00-04:00,1.7897510528564453
1996-09-11 00:00:00-04:00,1.7662019729614258
1996-09-12 00:00:00-04:00,1.7662019729614258
1996-09-13 00:00:00-04:00,1.7897510528564453
1996-09-16 00:00:00-04:00,1.7191029787063599
1996-09-17 00:00:00-04:00,1.7426530122756958
1996-09-18 00:00:00-04:00,1.7426530122756958
1996-09-19 00:00:00-04:00,1.8839490413665771
1996-09-20 00:00:00-04:00,1.931046962738037
1996-09-23 00:00:00-04:00,1.9074980020523071
1996-09-24 00:00:00-04:00,1.9074980020523071
1996-09-25 00:00:00-04:00,1.978145956993103
1996-09-26 00:00:00-04:00,2.2254140377044678
1996-09-27 00:00:00-04:00,2.2371890544891357
1996-09-30 00:00:00-04:00,2.6139791011810303
1996-10-01 00:00:00-04:00,2.6375279426574707
1996-10-02 00:00:00-04:00,2.4726829528808594
1996-10-03 00:00:00-04:00,2.4726829528808594
1996-10-04 00:00:00-04:00,2.425584077835083
1996-10-07 00:00:00-04:00,2.5433309078216553
1996-10-08 00:00:00-04:00,2.566879987716675
1996-10-09 00:00:00-04:00,2.5197811126708984
1996-10-10 00:00:00-04:00,2.6139791011810303
1996-10-11 00:00:00-04:00,2.6139791011810303
1996-10-14 00:00:00-04:00,2.6139791011810303
1996-10-15 00:00:00-04:00,2.6610779762268066
1996-10-16 00:00:00-04:00,2.566879987716675
1996-10-17 00:00:00-04:00,2.4726829528808594
1996-10-18 00:00:00-04:00,2.4020349979400635
1996-10-21 00:00:00-04:00,2.284287929534912
1996-10-22 00:00:00-04:00,2.2607390880584717
1996-10-23 00:00:00-04:00,2.2371890544891357
1996-10-24 00:00:00-04:00,2.2607390880584717
1996-10-25 00:00:00-04:00,2.2371890544891357
1996-10-28 00:00:00-05:00,2.2607390880584717
1996-10-29 00:00:00-05:00,2.2371890544891357
1996-10-30 00:00:00-05:00,2.2607390880584717
1996-10-31 00:00:00-05:00,2.2371890544891357
1996-11-01 00:00:00-05:00,2.2371890544891357
1996-11-04 00:00:00-05:00,2.16654109954834
1996-11-05 00:00:00-05:00,2.0487940311431885
1996-11-06 00:00:00-05:00,1.954596996307373
1996-11-07 00:00:00-05:00,1.978145956993103
1996-11-08 00:00:00-05:00,2.0723440647125244
1996-11-11 00:00:00-05:00,2.1900899410247803
1996-11-12 00:00:00-05:00,2.3078370094299316
1996-11-13 00:00:00-05:00,2.4726829528808594
1996-11-14 00:00:00-05:00,2.5433309078216553
1996-11-15 00:00:00-05:00,2.684627056121826
1996-11-18 00:00:00-05:00,2.7081758975982666
1996-11-19 00:00:00-05:00,2.825922966003418
1996-11-20 00:00:00-05:00,3.084965944290161
1996-11-21 00:00:00-05:00,3.096740961074829
1996-11-22 00:00:00-05:00,3.1085150241851807
1996-11-25 00:00:00-05:00,3.1085150241851807
1996-11-26 00:00:00-05:00,3.096740961074829
1996-11-27 00:00:00-05:00,3.096740961074829
1996-11-29 00:00:00-05:00,3.296910047531128
1996-12-02 00:00:00-05:00,3.296910047531128
1996-12-03 00:00:00-05:00,3.2733609676361084
1996-12-04 00:00:00-05:00,2.8023738861083984
1996-12-05 00:00:00-05:00,2.684627056121826
1996-12-06 00:00:00-05:00,2.3902599811553955
1996-12-09 00:00:00-05:00,2.7317259311676025
1996-12-10 00:00:00-05:00,2.825922966003418
1996-12-11 00:00:00-05:00,2.696402072906494
1996-12-12 00:00:00-05:00,2.6610779762268066
1996-12-13 00:00:00-05:00,2.6139791011810303
1996-12-16 00:00:00-05:00,2.7081758975982666
1996-12-17 00:00:00-05:00,2.5904300212860107
1996-12-18 00:00:00-05:00,2.5197811126708984
1996-12-19 00:00:00-05:00,2.496232032775879
1996-12-20 00:00:00-05:00,2.496232032775879
1996-12-23 00:00:00-05:00,2.3078370094299316
1996-12-24 00:00:00-05:00,2.3078370094299316
1996-12-26 00:00:00-05:00,2.3784849643707275
1996-12-27 00:00:00-05:00,2.4726829528808594
1996-12-30 00:00:00-05:00,2.508007049560547
1996-12-31 00:00:00-05:00,2.5433309078216553
1997-01-02 00:00:00-05:00,2.6257541179656982
1997-01-03 00:00:00-05:00,2.5197811126708984
1997-01-06 00:00:00-05:00,2.496232032775879
1997-01-07 00:00:00-05:00,2.684627056121826
1997-01-08 00:00:00-05:00,2.7317259311676025
1997-01-09 00:00:00-05:00,2.6610779762268066
1997-01-10 00:00:00-05:00,2.6375279426574707
1997-01-13 00:00:00-05:00,2.6493029594421387
1997-01-14 00:00:00-05:00,2.6610779762268066
1997-01-15 00:00:00-05:00,2.6375279426574707
1997-01-16 00:00:00-05:00,2.6493029594421387
1997-01-17 00:00:00-05:00,2.684627056121826
1997-01-20 00:00:00-05:00,2.684627056121826
1997-01-21 00:00:00-05:00,2.7317259311676025
1997-01-22 00:00:00-05:00,2.7081758975982666
1997-01-23 00:00:00-05:00,2.7081758975982666
1997-01-24 00:00:00-05:00,2.6139791011810303
1997-01-27 00:00:00-05:00,2.6257541179656982
1997-01-28 00:00:00-05:00,2.6139791011810303
1997-01-29 00:00:00-05:00,2.6139791011810303
1997-01-30 00:00:00-05:00,2.6139791011810303
1997-01-31 00:00:00-05:00,2.496232032775879
1997-02-03 00:00:00-05:00,2.3784849643707275
1997-02-04 00:00:00-05:00,2.272512912750244
1997-02-05 00:00:00-05:00,2.2018649578094482
1997-02-06 00:00:00-05:00,2.5197811126708984
1997-02-07 00:00:00-05:00,2.5433309078216553
1997-02-10 00:00:00-05:00,2.4491329193115234
1997-02-11 00:00:00-05:00,2.496232032775879
1997-02-12 00:00:00-05:00,2.4726829528808594
1997-02-13 00:00:00-05:00,2.4726829528808594
1997-02-14 00:00:00-05:00,2.484457015991211
1997-02-18 00:00:00-05:00,2.4491329193115234
1997-02-19 00:00:00-05:00,2.343161106109619
1997-02-20 00:00:00-05:00,2.3078370094299316
1997-02-21 00:00:00-05:00,2.2254140377044678
1997-02-24 00:00:00-05:00,2.2254140377044678
1997-02-25 00:00:00-05:00,2.2607390880584717
1997-02-26 00:00:00-05:00,2.2607390880584717
1997-02-27 00:00:00-05:00,2.213639974594116
1997-02-28 00:00:00-05:00,2.025244951248169
1997-03-03 00:00:00-05:00,2.107667922973633
1997-03-04 00:00:00-05:00,2.095892906188965
1997-03-05 00:00:00-05:00,2.213639974594116
1997-03-06 00:00:00-05:00,2.16654109954834
1997-03-07 00:00:00-05:00,2.095892906188965
1997-03-10 00:00:00-05:00,2.0487940311431885
1997-03-11 00:00:00-05:00,2.1194419860839844
1997-03-12 00:00:00-05:00,2.1900899410247803
1997-03-13 00:00:00-05:00,2.2371890544891357
1997-03-14 00:00:00-05:00,2.1900899410247803
1997-03-17 00:00:00-05:00,2.213639974594116
1997-03-18 00:00:00-05:00,2.154766082763672
1997-03-19 00:00:00-05:00,2.0487940311431885
1997-03-20 00:00:00-05:00,2.1900899410247803
1997-03-21 00:00:00-05:00,2.2254140377044678
1997-03-24 00:00:00-05:00,2.213639974594116
1997-03-25 00:00:00-05:00,2.16654109954834
1997-03-26 00:00:00-05:00,2.1194419860839844
1997-03-27 00:00:00-05:00,2.025244951248169
1997-03-31 00:00:00-05:00,1.8839490413665771
1997-04-01 00:00:00-05:00,1.8486249446868896
1997-04-02 00:00:00-05:00,1.8368500471115112
1997-04-03 00:00:00-05:00,1.648455023765564
1997-04-04 00:00:00-05:00,1.7191029787063599
1997-04-07 00:00:00-04:00,1.683779001235962
1997-04-08 00:00:00-04:00,1.7662019729614258
1997-04-09 00:00:00-04:00,1.7720890045166016
1997-04-10 00:00:00-04:00,1.8486249446868896
1997-04-11 00:00:00-04:00,1.8250750303268433
1997-04-14 00:00:00-04:00,1.8250750303268433
1997-04-15 00:00:00-04:00,1.8839490413665771
1997-04-16 00:00:00-04:00,1.966372013092041
1997-04-17 00:00:00-04:00,2.0016961097717285
1997-04-18 00:00:00-04:00,2.0016961097717285
1997-04-21 00:00:00-04:00,1.9074980020523071
1997-04-22 00:00:00-04:00,1.8368500471115112
1997-04-23 00:00:00-04:00,1.8133009672164917
1997-04-24 00:00:00-04:00,1.8721740245819092
1997-04-25 00:00:00-04:00,1.8368500471115112
1997-04-28 00:00:00-04:00,1.7426530122756958
1997-04-29 00:00:00-04:00,1.7544269561767578
1997-04-30 00:00:00-04:00,1.6955540180206299
1997-05-01 00:00:00-04:00,1.8133009672164917
1997-05-02 00:00:00-04:00,2.013469934463501
1997-05-05 00:00:00-04:00,1.989920973777771
1997-05-06 00:00:00-04:00,2.0487940311431885
1997-05-07 00:00:00-04:00,2.095892906188965
1997-05-08 00:00:00-04:00,1.978145956993103
1997-05-09 00:00:00-04:00,2.0723440647125244
1997-05-12 00:00:00-04:00,2.1429920196533203
1997-05-13 00:00:00-04:00,2.025244951248169
1997-05-14 00:00:00-04:00,2.0487940311431885
1997-05-15 00:00:00-04:00,1.919273018836975
1997-05-16 00:00:00-04:00,2.0487940311431885
1997-05-19 00:00:00-04:00,2.1900899410247803
1997-05-20 00:00:00-04:00,2.1429920196533203
1997-05-21 00:00:00-04:00,2.16654109954834
1997-05-22 00:00:00-04:00,2.0487940311431885
1997-05-23 00:00:00-04:00,2.025244951248169
1997-05-27 00:00:00-04:00,2.0723440647125244
1997-05-28 00:00:00-04:00,2.1429920196533203
1997-05-29 00:00:00-04:00,2.2254140377044678
1997-05-30 00:00:00-04:00,2.1194419860839844
1997-06-02 00:00:00-04:00,2.2371890544891357
1997-06-03 00:00:00-04:00,2.095892906188965
1997-06-04 00:00:00-04:00,2.025244951248169
1997-06-05 00:00:00-04:00,2.1429920196533203
1997-06-06 00:00:00-04:00,2.16654109954834
1997-06-09 00:00:00-04:00,2.2371890544891357
1997-06-10 00:00:00-04:00,2.213639974594116
1997-06-11 00:00:00-04:00,2.16654109954834
1997-06-12 00:00:00-04:00,2.1900899410247803
1997-06-13 00:00:00-04:00,2.2254140377044678
1997-06-16 00:00:00-04:00,2.16654109954834
1997-06-17 00:00:00-04:00,2.1429920196533203
1997-06-18 00:00:00-04:00,2.16654109954834
1997-06-19 00:00:00-04:00,2.16654109954834
1997-06-20 00:00:00-04:00,2.16654109954834
1997-06-23 00:00:00-04:00,2.154766082763672
1997-06-24 00:00:00-04:00,2.1429920196533203
1997-06-25 00:00:00-04:00,2.284287929534912
1997-06-26 00:00:00-04:00,2.425584077835083
1997-06-27 00:00:00-04:00,2.3902599811553955
1997-06-30 00:00:00-04:00,2.4020349979400635
1997-07-01 00:00:00-04:00,2.5433309078216553
1997-07-02 00:00:00-04:00,2.5315558910369873
1997-07-03 00:00:00-04:00,2.4726829528808594
1997-07-07 00:00:00-04:00,2.5433309078216553
1997-07-08 00:00:00-04:00,2.6375279426574707
1997-07-09 00:00:00-04:00,2.696402072906494
1997-07-10 00:00:00-04:00,2.7905991077423096
1997-07-11 00:00:00-04:00,2.825922966003418
1997-07-14 00:00:00-04:00,2.896570920944214
1997-07-15 00:00:00-04:00,3.155613899230957
1997-07-16 00:00:00-04:00,3.096740961074829
1997-07-17 00:00:00-04:00,3.0614171028137207
1997-07-18 00:00:00-04:00,2.9907689094543457
1997-07-21 00:00:00-04:00,2.970163106918335
1997-07-22 00:00:00-04:00,2.837697982788086
1997-07-23 00:00:00-04:00,2.825922966003418
1997-07-24 00:00:00-04:00,2.8730220794677734
1997-07-25 00:00:00-04:00,2.81414794921875
1997-07-28 00:00:00-04:00,3.1202900409698486
1997-07-29 00:00:00-04:00,3.1085150241851807
1997-07-30 00:00:00-04:00,3.026093006134033
1997-07-31 00:00:00-04:00,3.026093006134033
1997-08-01 00:00:00-04:00,2.9436700344085693
1997-08-04 00:00:00-04:00,2.825922966003418
1997-08-05 00:00:00-04:00,3.179163932800293
1997-08-06 00:00:00-04:00,3.5206289291381836
1997-08-07 00:00:00-04:00,3.4499809741973877
1997-08-08 00:00:00-04:00,3.2027130126953125
1997-08-11 00:00:00-04:00,3.296910047531128
1997-08-12 00:00:00-04:00,3.3911080360412598
1997-08-13 00:00:00-04:00,3.367558002471924
1997-08-14 00:00:00-04:00,3.3557839393615723
1997-08-15 00:00:00-04:00,3.3322339057922363
1997-08-18 00:00:00-04:00,3.179163932800293
1997-08-19 00:00:00-04:00,3.0496420860290527
1997-08-20 00:00:00-04:00,3.296910047531128
1997-08-21 00:00:00-04:00,3.3440089225769043
1997-08-22 00:00:00-04:00,3.226262092590332
1997-08-25 00:00:00-04:00,3.4617559909820557
1997-08-26 00:00:00-04:00,3.3911080360412598
1997-08-27 00:00:00-04:00,3.5912768840789795
1997-08-28 00:00:00-04:00,3.7561230659484863
1997-08-29 00:00:00-04:00,3.7678980827331543
1997-09-02 00:00:00-04:00,3.7443480491638184
1997-09-03 00:00:00-04:00,3.7678980827331543
1997-09-04 00:00:00-04:00,3.720798969268799
1997-09-05 00:00:00-04:00,3.6737000942230225
1997-09-08 00:00:00-04:00,3.720798969268799
1997-09-09 00:00:00-04:00,3.8267710208892822
1997-09-10 00:00:00-04:00,3.8032219409942627
1997-09-11 00:00:00-04:00,3.697248935699463
1997-09-12 00:00:00-04:00,3.6737000942230225
1997-09-15 00:00:00-04:00,3.650151014328003
1997-09-16 00:00:00-04:00,3.88564395904541
1997-09-17 00:00:00-04:00,3.8503201007843018
1997-09-18 00:00:00-04:00,3.7914469242095947
1997-09-19 00:00:00-04:00,3.7796719074249268
1997-09-22 00:00:00-04:00,4.19178581237793
1997-09-23 00:00:00-04:00,4.46260404586792
1997-09-24 00:00:00-04:00,4.427279949188232
1997-09-25 00:00:00-04:00,4.285983085632324
1997-09-26 00:00:00-04:00,4.4758501052856445
1997-09-29 00:00:00-04:00,4.30953311920166
1997-09-30 00:00:00-04:00,4.46260404586792
1997-10-01 00:00:00-04:00,4.450829029083252
1997-10-02 00:00:00-04:00,4.427279949188232
1997-10-03 00:00:00-04:00,4.427279949188232
1997-10-06 00:00:00-04:00,4.33308219909668
1997-10-07 00:00:00-04:00,4.30953311920166
1997-10-08 00:00:00-04:00,4.4037299156188965
1997-10-09 00:00:00-04:00,4.497928142547607
1997-10-10 00:00:00-04:00,4.4743781089782715
1997-10-13 00:00:00-04:00,4.427279949188232
1997-10-14 00:00:00-04:00,4.285983085632324
1997-10-15 00:00:00-04:00,4.168237209320068
1997-10-16 00:00:00-04:00,4.344857215881348
1997-10-17 00:00:00-04:00,4.227109909057617
1997-10-20 00:00:00-04:00,4.215334892272949
1997-10-21 00:00:00-04:00,4.285983085632324
1997-10-22 00:00:00-04:00,4.4155049324035645
1997-10-23 00:00:00-04:00,4.33308219909668
1997-10-24 00:00:00-04:00,4.285983085632324
1997-10-27 00:00:00-05:00,3.909193992614746
1997-10-28 00:00:00-05:00,3.508855104446411
1997-10-29 00:00:00-05:00,3.8032219409942627
1997-10-30 00:00:00-05:00,3.579503059387207
1997-10-31 00:00:00-05:00,3.6030519008636475
1997-11-03 00:00:00-05:00,3.638375997543335
1997-11-04 00:00:00-05:00,3.7561230659484863
1997-11-05 00:00:00-05:00,3.979841947555542
1997-11-06 00:00:00-05:00,3.909193992614746
1997-11-07 00:00:00-05:00,3.697248935699463
1997-11-10 00:00:00-05:00,3.697248935699463
1997-11-11 00:00:00-05:00,3.579503059387207
1997-11-12 00:00:00-05:00,3.4146571159362793
1997-11-13 00:00:00-05:00,3.4146571159362793
1997-11-14 00:00:00-05:00,3.650151014328003
1997-11-17 00:00:00-05:00,3.7325730323791504
1997-11-18 00:00:00-05:00,4.144687175750732
1997-11-19 00:00:00-05:00,4.121138095855713
1997-11-20 00:00:00-05:00,4.144687175750732
1997-11-21 00:00:00-05:00,4.19178581237793
1997-11-24 00:00:00-05:00,4.144687175750732
1997-11-25 00:00:00-05:00,4.003390789031982
1997-11-26 00:00:00-05:00,3.7678980827331543
1997-11-28 00:00:00-05:00,3.7678980827331543
1997-12-01 00:00:00-05:00,3.897418975830078
1997-12-02 00:00:00-05:00,3.720798969268799
1997-12-03 00:00:00-05:00,3.7678980827331543
1997-12-04 00:00:00-05:00,3.485305070877075
1997-12-05 00:00:00-05:00,3.567728042602539
1997-12-08 00:00:00-05:00,3.555953025817871
1997-12-09 00:00:00-05:00,3.5441789627075195
1997-12-10 00:00:00-05:00,3.579503059387207
1997-12-11 00:00:00-05:00,3.320460081100464
1997-12-12 00:00:00-05:00,3.249811887741089
1997-12-15 00:00:00-05:00,2.9907689094543457
1997-12-16 00:00:00-05:00,3.249811887741089
1997-12-17 00:00:00-05:00,3.4382059574127197
1997-12-18 00:00:00-05:00,3.4499809741973877
1997-12-19 00:00:00-05:00,3.096740961074829
1997-12-22 00:00:00-05:00,3.3322339057922363
1997-12-23 00:00:00-05:00,3.3557839393615723
1997-12-24 00:00:00-05:00,3.2851359844207764
1997-12-26 00:00:00-05:00,3.155613899230957
1997-12-29 00:00:00-05:00,3.296910047531128
1997-12-30 00:00:00-05:00,3.2851359844207764
1997-12-31 00:00:00-05:00,3.296910047531128
1998-01-02 00:00:00-05:00,3.2733609676361084
1998-01-05 00:00:00-05:00,3.226262092590332
1998-01-06 00:00:00-05:00,3.249811887741089
1998-01-07 00:00:00-05:00,3.238037109375
1998-01-08 00:00:00-05:00,3.226262092590332
1998-01-09 00:00:00-05:00,3.2027130126953125
1998-01-12 00:00:00-05:00,2.8494720458984375
1998-01-13 00:00:00-05:00,2.9436700344085693
1998-01-14 00:00:00-05:00,3.0614171028137207
1998-01-15 00:00:00-05:00,3.0496420860290527
1998-01-16 00:00:00-05:00,3.1085150241851807
1998-01-20 00:00:00-05:00,3.1320650577545166
1998-01-21 00:00:00-05:00,3.238037109375
1998-01-22 00:00:00-05:00,3.4735310077667236
1998-01-23 00:00:00-05:00,3.4617559909820557
1998-01-26 00:00:00-05:00,3.3440089225769043
1998-01-27 00:00:00-05:00,3.2027130126953125
1998-01-28 00:00:00-05:00,3.1320650577545166
1998-01-29 00:00:00-05:00,3.1909379959106445
1998-01-30 00:00:00-05:00,3.308685064315796
1998-02-02 00:00:00-05:00,3.379333019256592
1998-02-03 00:00:00-05:00,3.650151014328003
1998-02-04 00:00:00-05:00,3.709023952484131
1998-02-05 00:00:00-05:00,3.7678980827331543
1998-02-06 00:00:00-05:00,3.7443480491638184
1998-02-09 00:00:00-05:00,3.7796719074249268
1998-02-10 00:00:00-05:00,3.709023952484131
1998-02-11 00:00:00-05:00,3.720798969268799
1998-02-12 00:00:00-05:00,3.626600980758667
1998-02-13 00:00:00-05:00,3.4499809741973877
1998-02-17 00:00:00-05:00,3.485305070877075
1998-02-18 00:00:00-05:00,3.4382059574127197
1998-02-19 00:00:00-05:00,3.650151014328003
1998-02-20 00:00:00-05:00,3.697248935699463
1998-02-23 00:00:00-05:00,3.7443480491638184
1998-02-24 00:00:00-05:00,4.03871488571167
1998-02-25 00:00:00-05:00,4.132913112640381
1998-02-26 00:00:00-05:00,4.238884925842285
1998-02-27 00:00:00-05:00,4.497928142547607
1998-03-02 00:00:00-05:00,4.427279949188232
1998-03-03 00:00:00-05:00,4.19178581237793
1998-03-04 00:00:00-05:00,4.01516580581665
1998-03-05 00:00:00-05:00,3.979841947555542
1998-03-06 00:00:00-05:00,4.109363079071045
1998-03-09 00:00:00-05:00,4.250658988952637
1998-03-10 00:00:00-05:00,3.968066930770874
1998-03-11 00:00:00-05:00,4.062264919281006
1998-03-12 00:00:00-05:00,3.956291913986206
1998-03-13 00:00:00-05:00,3.9327430725097656
1998-03-16 00:00:00-05:00,3.8032219409942627
1998-03-17 00:00:00-05:00,3.8149960041046143
1998-03-18 00:00:00-05:00,3.6030519008636475
1998-03-19 00:00:00-05:00,3.555953025817871
1998-03-20 00:00:00-05:00,3.697248935699463
1998-03-23 00:00:00-05:00,3.597165107727051
1998-03-24 00:00:00-05:00,3.6619250774383545
1998-03-25 00:00:00-05:00,3.7796719074249268
1998-03-26 00:00:00-05:00,3.8738698959350586
1998-03-27 00:00:00-05:00,3.9327430725097656
1998-03-30 00:00:00-05:00,3.9916160106658936
1998-03-31 00:00:00-05:00,4.01516580581665
1998-04-01 00:00:00-05:00,4.050489902496338
1998-04-02 00:00:00-05:00,3.8620951175689697
1998-04-03 00:00:00-05:00,3.88564395904541
1998-04-06 00:00:00-04:00,4.144687175750732
1998-04-07 00:00:00-04:00,4.144687175750732
1998-04-08 00:00:00-04:00,3.9916160106658936
1998-04-09 00:00:00-04:00,4.074038982391357
1998-04-13 00:00:00-04:00,4.144687175750732
1998-04-14 00:00:00-04:00,4.427279949188232
1998-04-15 00:00:00-04:00,4.468491077423096
1998-04-16 00:00:00-04:00,4.33308219909668
1998-04-17 00:00:00-04:00,4.215334892272949
1998-04-20 00:00:00-04:00,4.450829029083252
1998-04-21 00:00:00-04:00,4.450829029083252
1998-04-22 00:00:00-04:00,4.721646785736084
1998-04-23 00:00:00-04:00,4.674548149108887
1998-04-24 00:00:00-04:00,4.698097229003906
1998-04-27 00:00:00-04:00,4.4743781089782715
1998-04-28 00:00:00-04:00,4.368405818939209
1998-04-29 00:00:00-04:00,4.3389692306518555
1998-04-30 00:00:00-04:00,4.427279949188232
1998-05-01 00:00:00-04:00,4.521477222442627
1998-05-04 00:00:00-04:00,4.639224052429199
1998-05-05 00:00:00-04:00,4.556800842285156
1998-05-06 00:00:00-04:00,4.497928142547607
1998-05-07 00:00:00-04:00,4.497928142547607
1998-05-08 00:00:00-04:00,4.321307182312012
1998-05-11 00:00:00-04:00,4.391955852508545
1998-05-12 00:00:00-04:00,4.521477222442627
1998-05-13 00:00:00-04:00,4.686323165893555
1998-05-14 00:00:00-04:00,4.4743781089782715
1998-05-15 00:00:00-04:00,4.568575859069824
1998-05-18 00:00:00-04:00,4.356630802154541
1998-05-19 00:00:00-04:00,4.227109909057617
1998-05-20 00:00:00-04:00,4.297758102416992
1998-05-21 00:00:00-04:00,4.026939868927002
1998-05-22 00:00:00-04:00,3.956291913986206
1998-05-26 00:00:00-04:00,3.7443480491638184
1998-05-27 00:00:00-04:00,3.579503059387207
1998-05-28 00:00:00-04:00,3.7914469242095947
1998-05-29 00:00:00-04:00,3.8679819107055664
1998-06-01 00:00:00-04:00,3.650151014328003
1998-06-02 00:00:00-04:00,3.497080087661743
1998-06-03 00:00:00-04:00,3.5912768840789795
1998-06-04 00:00:00-04:00,3.579503059387207
1998-06-05 00:00:00-04:00,3.7561230659484863
1998-06-08 00:00:00-04:00,3.7443480491638184
1998-06-09 00:00:00-04:00,3.8503201007843018
1998-06-10 00:00:00-04:00,3.7561230659484863
1998-06-11 00:00:00-04:00,3.7914469242095947
1998-06-12 00:00:00-04:00,3.650151014328003
1998-06-15 00:00:00-04:00,3.567728042602539
1998-06-16 00:00:00-04:00,3.4382059574127197
1998-06-17 00:00:00-04:00,3.638375997543335
1998-06-18 00:00:00-04:00,3.6030519008636475
1998-06-19 00:00:00-04:00,3.6148269176483154
1998-06-22 00:00:00-04:00,3.555953025817871
1998-06-23 00:00:00-04:00,3.6118829250335693
1998-06-24 00:00:00-04:00,3.720798969268799
1998-06-25 00:00:00-04:00,3.7678980827331543
1998-06-26 00:00:00-04:00,3.83854603767395
1998-06-29 00:00:00-04:00,3.88564395904541
1998-06-30 00:00:00-04:00,4.144687175750732
1998-07-01 00:00:00-04:00,4.01516580581665
1998-07-02 00:00:00-04:00,3.9916160106658936
1998-07-06 00:00:00-04:00,4.026939868927002
1998-07-07 00:00:00-04:00,4.01516580581665
1998-07-08 00:00:00-04:00,4.050489902496338
1998-07-09 00:00:00-04:00,4.03871488571167
1998-07-10 00:00:00-04:00,4.262434005737305
1998-07-13 00:00:00-04:00,4.238884925842285
1998-07-14 00:00:00-04:00,4.4037299156188965
1998-07-15 00:00:00-04:00,4.215334892272949
1998-07-16 00:00:00-04:00,4.380180835723877
1998-07-17 00:00:00-04:00,4.368405818939209
1998-07-20 00:00:00-04:00,4.30953311920166
1998-07-21 00:00:00-04:00,4.1564621925354
1998-07-22 00:00:00-04:00,4.250658988952637
1998-07-23 00:00:00-04:00,4.180010795593262
1998-07-24 00:00:00-04:00,3.968066930770874
1998-07-27 00:00:00-04:00,3.88564395904541
1998-07-28 00:00:00-04:00,3.6737000942230225
1998-07-29 00:00:00-04:00,3.8032219409942627
1998-07-30 00:00:00-04:00,3.8032219409942627
1998-07-31 00:00:00-04:00,3.9445180892944336
1998-08-03 00:00:00-04:00,3.8149960041046143
1998-08-04 00:00:00-04:00,3.7443480491638184
1998-08-05 00:00:00-04:00,3.5324039459228516
1998-08-06 00:00:00-04:00,3.555953025817871
1998-08-07 00:00:00-04:00,3.7678980827331543
1998-08-10 00:00:00-04:00,3.555953025817871
1998-08-11 00:00:00-04:00,3.485305070877075
1998-08-12 00:00:00-04:00,3.5441789627075195
1998-08-13 00:00:00-04:00,3.5441789627075195
1998-08-14 00:00:00-04:00,3.485305070877075
1998-08-17 00:00:00-04:00,3.320460081100464
1998-08-18 00:00:00-04:00,3.4146571159362793
1998-08-19 00:00:00-04:00,3.579503059387207
1998-08-20 00:00:00-04:00,3.6148269176483154
1998-08-21 00:00:00-04:00,3.555953025817871
1998-08-24 00:00:00-04:00,3.626600980758667
1998-08-25 00:00:00-04:00,3.626600980758667
1998-08-26 00:00:00-04:00,3.508855104446411
1998-08-27 00:00:00-04:00,3.4382059574127197
1998-08-28 00:00:00-04:00,3.3911080360412598
1998-08-31 00:00:00-04:00,3.2144880294799805
1998-09-01 00:00:00-04:00,2.5786550045013428
1998-09-02 00:00:00-04:00,2.7081758975982666
1998-09-03 00:00:00-04:00,2.4020349979400635
1998-09-04 00:00:00-04:00,2.3196120262145996
1998-09-08 00:00:00-04:00,2.272512912750244
1998-09-09 00:00:00-04:00,2.354935884475708
1998-09-10 00:00:00-04:00,2.354935884475708
1998-09-11 00:00:00-04:00,2.4726829528808594
1998-09-14 00:00:00-04:00,2.7788240909576416
1998-09-15 00:00:00-04:00,2.808260917663574
1998-09-16 00:00:00-04:00,3.0143179893493652
1998-09-17 00:00:00-04:00,3.0025429725646973
1998-09-18 00:00:00-04:00,2.92012095451355
1998-09-21 00:00:00-04:00,2.92012095451355
1998-09-22 00:00:00-04:00,2.92012095451355
1998-09-23 00:00:00-04:00,3.0143179893493652
1998-09-24 00:00:00-04:00,3.4382059574127197
1998-09-25 00:00:00-04:00,3.3911080360412598
1998-09-28 00:00:00-04:00,3.4617559909820557
1998-09-29 00:00:00-04:00,3.6030519008636475
1998-09-30 00:00:00-04:00,3.4617559909820557
1998-10-01 00:00:00-04:00,3.249811887741089
1998-10-02 00:00:00-04:00,3.084965944290161
1998-10-05 00:00:00-04:00,3.073190927505493
1998-10-06 00:00:00-04:00,2.7788240909576416
1998-10-07 00:00:00-04:00,2.743499994277954
1998-10-08 00:00:00-04:00,2.684627056121826
1998-10-09 00:00:00-04:00,2.8847970962524414
1998-10-12 00:00:00-04:00,2.9436700344085693
1998-10-13 00:00:00-04:00,3.167388916015625
1998-10-14 00:00:00-04:00,3.238037109375
1998-10-15 00:00:00-04:00,3.2615859508514404
1998-10-16 00:00:00-04:00,3.6737000942230225
1998-10-19 00:00:00-04:00,3.968066930770874
1998-10-20 00:00:00-04:00,4.097589015960693
1998-10-21 00:00:00-04:00,4.026939868927002
1998-10-22 00:00:00-04:00,3.979841947555542
1998-10-23 00:00:00-04:00,4.003390789031982
1998-10-26 00:00:00-05:00,4.262434005737305
1998-10-27 00:00:00-05:00,4.285983085632324
1998-10-28 00:00:00-05:00,4.391955852508545
1998-10-29 00:00:00-05:00,4.4743781089782715
1998-10-30 00:00:00-05:00,4.698097229003906
1998-11-02 00:00:00-05:00,5.016014099121094
1998-11-03 00:00:00-05:00,4.6922101974487305
1998-11-04 00:00:00-05:00,4.709871768951416
1998-11-05 00:00:00-05:00,4.7569708824157715
1998-11-06 00:00:00-05:00,4.762857913970947
1998-11-09 00:00:00-05:00,4.892378807067871
1998-11-10 00:00:00-05:00,5.180859088897705
1998-11-11 00:00:00-05:00,5.169084072113037
1998-11-12 00:00:00-05:00,5.275056838989258
1998-11-13 00:00:00-05:00,5.1573100090026855
1998-11-16 00:00:00-05:00,5.192634105682373
1998-11-17 00:00:00-05:00,5.169084072113037
1998-11-18 00:00:00-05:00,5.286830902099609
1998-11-19 00:00:00-05:00,5.651845932006836
1998-11-20 00:00:00-05:00,6.0286359786987305
1998-11-23 00:00:00-05:00,5.934439182281494
1998-11-24 00:00:00-05:00,6.20525598526001
1998-11-25 00:00:00-05:00,6.499622821807861
1998-11-27 00:00:00-05:00,6.405426025390625
1998-11-30 00:00:00-05:00,6.452524185180664
1998-12-01 00:00:00-05:00,6.217031002044678
1998-12-02 00:00:00-05:00,6.122832775115967
1998-12-03 00:00:00-05:00,6.33477783203125
1998-12-04 00:00:00-05:00,6.593821048736572
1998-12-07 00:00:00-05:00,6.911736965179443
1998-12-08 00:00:00-05:00,6.711566925048828
1998-12-09 00:00:00-05:00,6.947061061859131
1998-12-10 00:00:00-05:00,6.888187885284424
1998-12-11 00:00:00-05:00,6.711566925048828
1998-12-14 00:00:00-05:00,6.711566925048828
1998-12-15 00:00:00-05:00,6.7822160720825195
1998-12-16 00:00:00-05:00,7.206103801727295
1998-12-17 00:00:00-05:00,7.111907005310059
1998-12-18 00:00:00-05:00,7.25320291519165
1998-12-21 00:00:00-05:00,7.370950222015381
1998-12-22 00:00:00-05:00,7.40627384185791
1998-12-23 00:00:00-05:00,7.665317058563232
1998-12-24 00:00:00-05:00,7.5711188316345215
1998-12-28 00:00:00-05:00,7.6535420417785645
1998-12-29 00:00:00-05:00,7.877261161804199
1998-12-30 00:00:00-05:00,7.806612968444824
1998-12-31 00:00:00-05:00,8.0303316116333
1999-01-04 00:00:00-05:00,8.0303316116333
1999-01-05 00:00:00-05:00,7.747738838195801
1999-01-06 00:00:00-05:00,7.465147018432617
1999-01-07 00:00:00-05:00,7.606442928314209
1999-01-08 00:00:00-05:00,7.688866138458252
1999-01-11 00:00:00-05:00,7.92435884475708
1999-01-12 00:00:00-05:00,7.9125847816467285
1999-01-13 00:00:00-05:00,7.394498825073242
1999-01-14 00:00:00-05:00,8.124528884887695
1999-01-15 00:00:00-05:00,8.0303316116333
1999-01-19 00:00:00-05:00,8.38357162475586
1999-01-20 00:00:00-05:00,8.66616439819336
1999-01-21 00:00:00-05:00,8.36002254486084
1999-01-22 00:00:00-05:00,7.347400188446045
1999-01-25 00:00:00-05:00,7.27675199508667
1999-01-26 00:00:00-05:00,7.2296528816223145
1999-01-27 00:00:00-05:00,7.323851108551025
1999-01-28 00:00:00-05:00,7.25320291519165
1999-01-29 00:00:00-05:00,7.677091121673584
1999-02-01 00:00:00-05:00,8.17162799835205
1999-02-02 00:00:00-05:00,7.70064115524292
1999-02-03 00:00:00-05:00,6.546721935272217
1999-02-04 00:00:00-05:00,7.041257858276367
1999-02-05 00:00:00-05:00,6.97061014175415
1999-02-08 00:00:00-05:00,6.852863788604736
1999-02-09 00:00:00-05:00,7.111907005310059
1999-02-10 00:00:00-05:00,6.770441055297852
1999-02-11 00:00:00-05:00,6.829314231872559
1999-02-12 00:00:00-05:00,7.017708778381348
1999-02-16 00:00:00-05:00,6.829314231872559
1999-02-17 00:00:00-05:00,6.947061061859131
1999-02-18 00:00:00-05:00,6.735116958618164
1999-02-19 00:00:00-05:00,6.7822160720825195
1999-02-22 00:00:00-05:00,6.852863788604736
1999-02-23 00:00:00-05:00,6.97061014175415
1999-02-24 00:00:00-05:00,7.535795211791992
1999-02-25 00:00:00-05:00,7.606442928314209
1999-02-26 00:00:00-05:00,7.465147018432617
1999-03-01 00:00:00-05:00,7.182555198669434
1999-03-02 00:00:00-05:00,7.135456085205078
1999-03-03 00:00:00-05:00,6.97061014175415
1999-03-04 00:00:00-05:00,6.7822160720825195
1999-03-05 00:00:00-05:00,6.346551895141602
1999-03-08 00:00:00-05:00,6.688017845153809
1999-03-09 00:00:00-05:00,7.2296528816223145
1999-03-10 00:00:00-05:00,7.217878818511963
1999-03-11 00:00:00-05:00,7.794837951660156
1999-03-12 00:00:00-05:00,8.289375305175781
1999-03-15 00:00:00-05:00,8.33647346496582
1999-03-16 00:00:00-05:00,8.477768898010254
1999-03-17 00:00:00-05:00,8.52486801147461
1999-03-18 00:00:00-05:00,8.52486801147461
1999-03-19 00:00:00-05:00,9.396194458007812
1999-03-22 00:00:00-05:00,9.231348991394043
1999-03-23 00:00:00-05:00,9.090052604675293
1999-03-24 00:00:00-05:00,9.042954444885254
1999-03-25 00:00:00-05:00,9.137150764465332
1999-03-26 00:00:00-05:00,9.278448104858398
1999-03-29 00:00:00-05:00,9.231348991394043
1999-03-30 00:00:00-05:00,9.396194458007812
1999-03-31 00:00:00-05:00,9.419743537902832
1999-04-01 00:00:00-05:00,9.702336311340332
1999-04-05 00:00:00-04:00,9.961379051208496
1999-04-06 00:00:00-04:00,9.702336311340332
1999-04-07 00:00:00-04:00,9.890730857849121
1999-04-08 00:00:00-04:00,10.008478164672852
1999-04-09 00:00:00-04:00,9.961379051208496
1999-04-12 00:00:00-04:00,10.314619064331055
1999-04-13 00:00:00-04:00,9.820082664489746
1999-04-14 00:00:00-04:00,9.867181777954102
1999-04-15 00:00:00-04:00,10.102675437927246
1999-04-16 00:00:00-04:00,9.207799911499023
1999-04-19 00:00:00-04:00,8.94875717163086
1999-04-20 00:00:00-04:00,8.124528884887695
1999-04-21 00:00:00-04:00,7.9125847816467285
1999-04-22 00:00:00-04:00,8.760361671447754
1999-04-23 00:00:00-04:00,8.995855331420898
1999-04-26 00:00:00-04:00,8.831009864807129
1999-04-27 00:00:00-04:00,9.278448104858398
1999-04-28 00:00:00-04:00,8.94875717163086
1999-04-29 00:00:00-04:00,8.407120704650879
1999-04-30 00:00:00-04:00,8.689714431762695
1999-05-03 00:00:00-04:00,8.760361671447754
1999-05-04 00:00:00-04:00,8.760361671447754
1999-05-05 00:00:00-04:00,8.454219818115234
1999-05-06 00:00:00-04:00,8.66616439819336
1999-05-07 00:00:00-04:00,8.50131893157959
1999-05-10 00:00:00-04:00,8.783910751342773
1999-05-11 00:00:00-04:00,9.702336311340332
1999-05-12 00:00:00-04:00,9.725885391235352
1999-05-13 00:00:00-04:00,9.984928131103516
1999-05-14 00:00:00-04:00,9.91427993774414
1999-05-17 00:00:00-04:00,10.126225471496582
1999-05-18 00:00:00-04:00,10.19687271118164
1999-05-19 00:00:00-04:00,10.503013610839844
1999-05-20 00:00:00-04:00,10.644309997558594
1999-05-21 00:00:00-04:00,10.33816909790039
1999-05-24 00:00:00-04:00,10.22042179107666
1999-05-25 00:00:00-04:00,9.537490844726562
1999-05-26 00:00:00-04:00,9.466842651367188
1999-05-27 00:00:00-04:00,8.831009864807129
1999-05-28 00:00:00-04:00,9.137150764465332
1999-06-01 00:00:00-04:00,9.443292617797852
1999-06-02 00:00:00-04:00,9.137150764465332
1999-06-03 00:00:00-04:00,9.449179649353027
1999-06-04 00:00:00-04:00,9.372645378112793
1999-06-07 00:00:00-04:00,9.608139038085938
1999-06-08 00:00:00-04:00,10.102675437927246
1999-06-09 00:00:00-04:00,9.843631744384766
1999-06-10 00:00:00-04:00,9.796533584594727
1999-06-11 00:00:00-04:00,10.173322677612305
1999-06-14 00:00:00-04:00,10.149773597717285
1999-06-15 00:00:00-04:00,10.585436820983887
1999-06-16 00:00:00-04:00,10.397042274475098
1999-06-17 00:00:00-04:00,10.503013610839844
1999-06-18 00:00:00-04:00,10.22042179107666
1999-06-21 00:00:00-04:00,10.385268211364746
1999-06-22 00:00:00-04:00,10.903352737426758
1999-06-23 00:00:00-04:00,10.008478164672852
1999-06-24 00:00:00-04:00,9.702336311340332
1999-06-25 00:00:00-04:00,10.137998580932617
1999-06-28 00:00:00-04:00,9.890730857849121
1999-06-29 00:00:00-04:00,9.749435424804688
1999-06-30 00:00:00-04:00,10.314619064331055
1999-07-01 00:00:00-04:00,10.385268211364746
1999-07-02 00:00:00-04:00,10.5501127243042
1999-07-06 00:00:00-04:00,10.5501127243042
1999-07-07 00:00:00-04:00,10.608985900878906
1999-07-08 00:00:00-04:00,10.80915641784668
1999-07-09 00:00:00-04:00,10.832704544067383
1999-07-12 00:00:00-04:00,11.044650077819824
1999-07-13 00:00:00-04:00,10.644309997558594
1999-07-14 00:00:00-04:00,10.879803657531738
1999-07-15 00:00:00-04:00,11.162396430969238
1999-07-16 00:00:00-04:00,10.52656364440918
1999-07-19 00:00:00-04:00,10.173322677612305
1999-07-20 00:00:00-04:00,9.419743537902832
1999-07-21 00:00:00-04:00,9.820082664489746
1999-07-22 00:00:00-04:00,9.725885391235352
1999-07-23 00:00:00-04:00,9.537490844726562
1999-07-26 00:00:00-04:00,9.137150764465332
1999-07-27 00:00:00-04:00,8.94875717163086
1999-07-28 00:00:00-04:00,8.901658058166504
1999-07-29 00:00:00-04:00,8.148077964782715
1999-07-30 00:00:00-04:00,8.66616439819336
1999-08-02 00:00:00-04:00,8.66616439819336
1999-08-03 00:00:00-04:00,8.84278392791748
1999-08-04 00:00:00-04:00,8.66616439819336
1999-08-05 00:00:00-04:00,8.465994834899902
1999-08-06 00:00:00-04:00,8.50131893157959
1999-08-09 00:00:00-04:00,8.783910751342773
1999-08-10 00:00:00-04:00,8.807459831237793
1999-08-11 00:00:00-04:00,8.972306251525879
1999-08-12 00:00:00-04:00,9.207799911499023
1999-08-13 00:00:00-04:00,9.537490844726562
1999-08-16 00:00:00-04:00,9.584589004516602
1999-08-17 00:00:00-04:00,10.444141387939453
1999-08-18 00:00:00-04:00,10.067351341247559
1999-08-19 00:00:00-04:00,10.008478164672852
1999-08-20 00:00:00-04:00,9.77298355102539
1999-08-23 00:00:00-04:00,9.608139038085938
1999-08-24 00:00:00-04:00,10.032027244567871
1999-08-25 00:00:00-04:00,10.503013610839844
1999-08-26 00:00:00-04:00,10.991663932800293
1999-08-27 00:00:00-04:00,10.738508224487305
1999-08-30 00:00:00-04:00,10.503013610839844
1999-08-31 00:00:00-04:00,10.856254577636719
1999-09-01 00:00:00-04:00,11.091748237609863
1999-09-02 00:00:00-04:00,11.492087364196777
1999-09-03 00:00:00-04:00,11.751130104064941
1999-09-07 00:00:00-04:00,11.986623764038086
1999-09-08 00:00:00-04:00,11.821778297424316
1999-09-09 00:00:00-04:00,12.316314697265625
1999-09-10 00:00:00-04:00,12.198568344116211
1999-09-13 00:00:00-04:00,11.915975570678711
1999-09-14 00:00:00-04:00,12.422286987304688
1999-09-15 00:00:00-04:00,12.787302017211914
1999-09-16 00:00:00-04:00,11.915975570678711
1999-09-17 00:00:00-04:00,11.40966510772705
1999-09-20 00:00:00-04:00,11.021100044250488
1999-09-21 00:00:00-04:00,11.397890090942383
1999-09-22 00:00:00-04:00,11.233043670654297
1999-09-23 00:00:00-04:00,12.198568344116211
1999-09-24 00:00:00-04:00,11.480313301086426
1999-09-27 00:00:00-04:00,11.492087364196777
1999-09-28 00:00:00-04:00,11.397890090942383
1999-09-29 00:00:00-04:00,11.397890090942383
1999-09-30 00:00:00-04:00,11.280142784118652
1999-10-01 00:00:00-04:00,10.856254577636719
1999-10-04 00:00:00-04:00,11.021100044250488
1999-10-05 00:00:00-04:00,11.633383750915527
1999-10-06 00:00:00-04:00,11.774680137634277
1999-10-07 00:00:00-04:00,12.316314697265625
1999-10-08 00:00:00-04:00,12.175019264221191
1999-10-11 00:00:00-04:00,11.821778297424316
1999-10-12 00:00:00-04:00,12.233892440795898
1999-10-13 00:00:00-04:00,12.198568344116211
1999-10-14 00:00:00-04:00,12.422286987304688
1999-10-15 00:00:00-04:00,12.434062004089355
1999-10-18 00:00:00-04:00,12.386962890625
1999-10-19 00:00:00-04:00,11.93952465057373
1999-10-20 00:00:00-04:00,11.727581024169922
1999-10-21 00:00:00-04:00,11.963074684143066
1999-10-22 00:00:00-04:00,12.434062004089355
1999-10-25 00:00:00-04:00,13.028682708740234
1999-10-26 00:00:00-04:00,12.869725227355957
1999-10-27 00:00:00-04:00,12.763752937316895
1999-10-28 00:00:00-04:00,12.863838195800781
1999-10-29 00:00:00-04:00,13.376035690307617
1999-11-01 00:00:00-05:00,13.446683883666992
1999-11-02 00:00:00-05:00,13.328936576843262
1999-11-03 00:00:00-05:00,13.116992950439453
1999-11-04 00:00:00-05:00,13.281839370727539
1999-11-05 00:00:00-05:00,13.517332077026367
1999-11-08 00:00:00-05:00,14.10606575012207
1999-11-09 00:00:00-05:00,14.10606575012207
1999-11-10 00:00:00-05:00,14.200263977050781
1999-11-11 00:00:00-05:00,15.036266326904297
1999-11-12 00:00:00-05:00,14.741898536682129
1999-11-15 00:00:00-05:00,14.741898536682129
1999-11-16 00:00:00-05:00,14.765447616577148
1999-11-17 00:00:00-05:00,15.048041343688965
1999-11-18 00:00:00-05:00,14.953843116760254
1999-11-19 00:00:00-05:00,15.613224983215332
1999-11-22 00:00:00-05:00,14.612378120422363
1999-11-23 00:00:00-05:00,15.589675903320312
1999-11-24 00:00:00-05:00,16.296157836914062
1999-11-26 00:00:00-05:00,16.084213256835938
1999-11-29 00:00:00-05:00,16.0606632232666
1999-11-30 00:00:00-05:00,15.990015029907227
1999-12-01 00:00:00-05:00,15.683873176574707
1999-12-02 00:00:00-05:00,15.860493659973145
1999-12-03 00:00:00-05:00,16.614072799682617
1999-12-06 00:00:00-05:00,16.81424331665039
1999-12-07 00:00:00-05:00,17.238130569458008
1999-12-08 00:00:00-05:00,16.95553970336914
1999-12-09 00:00:00-05:00,17.04973602294922
1999-12-10 00:00:00-05:00,16.72004508972168
1999-12-13 00:00:00-05:00,16.931989669799805
1999-12-14 00:00:00-05:00,16.555200576782227
1999-12-15 00:00:00-05:00,15.730972290039062
1999-12-16 00:00:00-05:00,15.530802726745605
1999-12-17 00:00:00-05:00,16.66117286682129
1999-12-20 00:00:00-05:00,16.837791442871094
1999-12-21 00:00:00-05:00,16.296157836914062
1999-12-22 00:00:00-05:00,16.23728370666504
1999-12-23 00:00:00-05:00,16.76714324951172
1999-12-27 00:00:00-05:00,16.272607803344727
1999-12-28 00:00:00-05:00,16.01356315612793
1999-12-29 00:00:00-05:00,16.296157836914062
1999-12-30 00:00:00-05:00,17.921062469482422
1999-12-31 00:00:00-05:00,16.979087829589844
2000-01-03 00:00:00-05:00,17.803316116333008
2000-01-04 00:00:00-05:00,16.76714324951172
2000-01-05 00:00:00-05:00,15.259984970092773
2000-01-06 00:00:00-05:00,15.730972290039062
2000-01-07 00:00:00-05:00,14.788997650146484
2000-01-10 00:00:00-05:00,16.6258487701416
2000-01-11 00:00:00-05:00,17.28523063659668
2000-01-12 00:00:00-05:00,17.426525115966797
2000-01-13 00:00:00-05:00,16.6258487701416
2000-01-14 00:00:00-05:00,16.67294692993164
2000-01-18 00:00:00-05:00,17.379426956176758
2000-01-19 00:00:00-05:00,17.00263786315918
2000-01-20 00:00:00-05:00,17.214582443237305
2000-01-21 00:00:00-05:00,20.158252716064453
2000-01-24 00:00:00-05:00,20.935380935668945
2000-01-25 00:00:00-05:00,22.207046508789062
2000-01-26 00:00:00-05:00,21.453466415405273
2000-01-27 00:00:00-05:00,20.888282775878906
2000-01-28 00:00:00-05:00,19.310474395751953
2000-01-31 00:00:00-05:00,19.33402442932129
2000-02-01 00:00:00-05:00,18.933685302734375
2000-02-02 00:00:00-05:00,19.216276168823242
2000-02-03 00:00:00-05:00,19.852109909057617
2000-02-04 00:00:00-05:00,21.571212768554688
2000-02-07 00:00:00-05:00,21.406368255615234
2000-02-08 00:00:00-05:00,21.61831283569336
2000-02-09 00:00:00-05:00,21.900903701782227
2000-02-10 00:00:00-05:00,23.031274795532227
2000-02-11 00:00:00-05:00,22.065750122070312
2000-02-14 00:00:00-05:00,21.312170028686523
2000-02-15 00:00:00-05:00,20.91183090209961
2000-02-16 00:00:00-05:00,20.417295455932617
2000-02-17 00:00:00-05:00,21.33572006225586
2000-02-18 00:00:00-05:00,20.44084358215332
2000-02-22 00:00:00-05:00,21.24152183532715
2000-02-23 00:00:00-05:00,22.418989181518555
2000-02-24 00:00:00-05:00,24.491334915161133
2000-02-25 00:00:00-05:00,22.607385635375977
2000-02-28 00:00:00-05:00,23.831951141357422
2000-02-29 00:00:00-05:00,23.549358367919922
2000-03-01 00:00:00-05:00,23.031274795532227
2000-03-02 00:00:00-05:00,23.360965728759766
2000-03-03 00:00:00-05:00,25.0565185546875
2000-03-06 00:00:00-05:00,26.35173225402832
2000-03-07 00:00:00-05:00,25.621702194213867
2000-03-08 00:00:00-05:00,26.092689514160156
2000-03-09 00:00:00-05:00,25.00942039489746
2000-03-10 00:00:00-05:00,26.092689514160156
2000-03-13 00:00:00-05:00,25.951393127441406
2000-03-14 00:00:00-05:00,26.540128707885742
2000-03-15 00:00:00-05:00,24.86812400817871
2000-03-16 00:00:00-05:00,23.313865661621094
2000-03-17 00:00:00-05:00,23.478710174560547
2000-03-20 00:00:00-05:00,24.96232032775879
2000-03-21 00:00:00-05:00,24.326488494873047
2000-03-22 00:00:00-05:00,26.092689514160156
2000-03-23 00:00:00-05:00,27.317256927490234
2000-03-24 00:00:00-05:00,27.223060607910156
2000-03-27 00:00:00-05:00,28.49472427368164
2000-03-28 00:00:00-05:00,29.53089714050293
2000-03-29 00:00:00-05:00,29.38960075378418
2000-03-30 00:00:00-05:00,26.657875061035156
2000-03-31 00:00:00-05:00,25.66880226135254
2000-04-03 00:00:00-04:00,26.469480514526367
2000-04-04 00:00:00-04:00,24.24406623840332
2000-04-05 00:00:00-04:00,22.44253921508789
2000-04-06 00:00:00-04:00,23.737754821777344
2000-04-07 00:00:00-04:00,23.926149368286133
2000-04-10 00:00:00-04:00,24.63262939453125
2000-04-11 00:00:00-04:00,22.230594635009766
2000-04-12 00:00:00-04:00,21.671297073364258
2000-04-13 00:00:00-04:00,20.11115264892578
2000-04-14 00:00:00-04:00,19.593067169189453
2000-04-17 00:00:00-04:00,18.368499755859375
2000-04-18 00:00:00-04:00,21.429916381835938
2000-04-19 00:00:00-04:00,23.33741569519043
2000-04-20 00:00:00-04:00,24.96232032775879
2000-04-24 00:00:00-04:00,23.62000846862793
2000-04-25 00:00:00-04:00,24.821025848388672
2000-04-26 00:00:00-04:00,25.080068588256836
2000-04-27 00:00:00-04:00,23.737754821777344
2000-04-28 00:00:00-04:00,26.48125457763672
2000-05-01 00:00:00-04:00,26.35173225402832
2000-05-02 00:00:00-04:00,25.00942039489746
2000-05-03 00:00:00-04:00,23.33741569519043
2000-05-04 00:00:00-04:00,22.48963737487793
2000-05-05 00:00:00-04:00,21.33572006225586
2000-05-08 00:00:00-04:00,20.158252716064453
2000-05-09 00:00:00-04:00,20.11115264892578
2000-05-10 00:00:00-04:00,18.76883888244629
2000-05-11 00:00:00-04:00,18.085908889770508
2000-05-12 00:00:00-04:00,19.781461715698242
2000-05-15 00:00:00-04:00,20.275997161865234
2000-05-16 00:00:00-04:00,22.15994644165039
2000-05-17 00:00:00-04:00,20.25244903564453
2000-05-18 00:00:00-04:00,20.67633819580078
2000-05-19 00:00:00-04:00,18.933685302734375
2000-05-22 00:00:00-04:00,19.640165328979492
2000-05-23 00:00:00-04:00,19.027881622314453
2000-05-24 00:00:00-04:00,18.76883888244629
2000-05-25 00:00:00-04:00,18.980783462524414
2000-05-26 00:00:00-04:00,19.122079849243164
2000-05-30 00:00:00-04:00,19.00433349609375
2000-05-31 00:00:00-04:00,22.042200088500977
2000-06-01 00:00:00-04:00,21.406368255615234
2000-06-02 00:00:00-04:00,24.844573974609375
2000-06-05 00:00:00-04:00,25.06829261779785
2000-06-06 00:00:00-04:00,25.15071678161621
2000-06-07 00:00:00-04:00,24.679729461669922
2000-06-08 00:00:00-04:00,24.255840301513672
2000-06-09 00:00:00-04:00,23.649444580078125
2000-06-12 00:00:00-04:00,24.609081268310547
2000-06-13 00:00:00-04:00,24.279390335083008
2000-06-14 00:00:00-04:00,24.63262939453125
2000-06-15 00:00:00-04:00,25.66880226135254
2000-06-16 00:00:00-04:00,26.116239547729492
2000-06-19 00:00:00-04:00,26.693199157714844
2000-06-20 00:00:00-04:00,27.458553314208984
2000-06-21 00:00:00-04:00,27.43500328063965
2000-06-22 00:00:00-04:00,28.612472534179688
2000-06-23 00:00:00-04:00,27.034664154052734
2000-06-26 00:00:00-04:00,27.05821418762207
2000-06-27 00:00:00-04:00,27.046438217163086
2000-06-28 00:00:00-04:00,26.281084060668945
2000-06-29 00:00:00-04:00,25.339111328125
2000-06-30 00:00:00-04:00,25.339111328125
2000-07-03 00:00:00-04:00,25.880746841430664
2000-07-05 00:00:00-04:00,26.092689514160156
2000-07-06 00:00:00-04:00,24.467784881591797
2000-07-07 00:00:00-04:00,26.02204132080078
2000-07-10 00:00:00-04:00,25.621702194213867
2000-07-11 00:00:00-04:00,26.657875061035156
2000-07-12 00:00:00-04:00,27.29370880126953
2000-07-13 00:00:00-04:00,28.30632972717285
2000-07-14 00:00:00-04:00,31.932931900024414
2000-07-17 00:00:00-04:00,32.144874572753906
2000-07-18 00:00:00-04:00,31.367746353149414
2000-07-19 00:00:00-04:00,29.954784393310547
2000-07-20 00:00:00-04:00,29.036359786987305
2000-07-21 00:00:00-04:00,30.048982620239258
2000-07-24 00:00:00-04:00,30.461095809936523
2000-07-25 00:00:00-04:00,31.556142807006836
2000-07-26 00:00:00-04:00,31.509042739868164
2000-07-27 00:00:00-04:00,29.0128116607666
2000-07-28 00:00:00-04:00,27.95309066772461
2000-07-31 00:00:00-04:00,26.563676834106445
2000-08-01 00:00:00-04:00,26.657875061035156
2000-08-02 00:00:00-04:00,26.657875061035156
2000-08-03 00:00:00-04:00,26.540128707885742
2000-08-04 00:00:00-04:00,27.505651473999023
2000-08-07 00:00:00-04:00,27.38790512084961
2000-08-08 00:00:00-04:00,28.82441520690918
2000-08-09 00:00:00-04:00,29.53089714050293
2000-08-10 00:00:00-04:00,29.118783950805664
2000-08-11 00:00:00-04:00,27.764694213867188
2000-08-14 00:00:00-04:00,28.90683937072754
2000-08-15 00:00:00-04:00,29.224754333496094
2000-08-16 00:00:00-04:00,29.931236267089844
2000-08-17 00:00:00-04:00,29.424924850463867
2000-08-18 00:00:00-04:00,30.178504943847656
2000-08-21 00:00:00-04:00,28.87151527404785
2000-08-22 00:00:00-04:00,30.190279006958008
2000-08-23 00:00:00-04:00,29.38960075378418
2000-08-24 00:00:00-04:00,30.21382713317871
2000-08-25 00:00:00-04:00,29.789939880371094
2000-08-28 00:00:00-04:00,30.849660873413086
2000-08-29 00:00:00-04:00,30.378673553466797
2000-08-30 00:00:00-04:00,31.320648193359375
2000-08-31 00:00:00-04:00,30.755462646484375
2000-09-01 00:00:00-04:00,32.1213264465332
2000-09-05 00:00:00-04:00,31.226451873779297
2000-09-06 00:00:00-04:00,33.48719024658203
2000-09-07 00:00:00-04:00,33.46363830566406
2000-09-08 00:00:00-04:00,33.39299011230469
2000-09-11 00:00:00-04:00,32.87490463256836
2000-09-12 00:00:00-04:00,31.756311416625977
2000-09-13 00:00:00-04:00,28.847965240478516
2000-09-14 00:00:00-04:00,31.6856632232666
2000-09-15 00:00:00-04:00,31.791635513305664
2000-09-18 00:00:00-04:00,31.697437286376953
2000-09-19 00:00:00-04:00,30.54351806640625
2000-09-20 00:00:00-04:00,31.603239059448242
2000-09-21 00:00:00-04:00,31.273548126220703
2000-09-22 00:00:00-04:00,29.34250259399414
2000-09-25 00:00:00-04:00,31.932931900024414
2000-09-26 00:00:00-04:00,32.509891510009766
2000-09-27 00:00:00-04:00,32.92200469970703
2000-09-28 00:00:00-04:00,30.708364486694336
2000-09-29 00:00:00-04:00,32.07422637939453
2000-10-02 00:00:00-04:00,31.5325927734375
2000-10-03 00:00:00-04:00,31.367746353149414
2000-10-04 00:00:00-04:00,31.085153579711914
2000-10-05 00:00:00-04:00,29.38960075378418
2000-10-06 00:00:00-04:00,29.036359786987305
2000-10-09 00:00:00-04:00,28.035512924194336
2000-10-10 00:00:00-04:00,27.364355087280273
2000-10-11 00:00:00-04:00,23.00772476196289
2000-10-12 00:00:00-04:00,24.208742141723633
2000-10-13 00:00:00-04:00,23.360965728759766
2000-10-16 00:00:00-04:00,27.0111141204834
2000-10-17 00:00:00-04:00,27.599849700927734
2000-10-18 00:00:00-04:00,26.092689514160156
2000-10-19 00:00:00-04:00,30.284475326538086
2000-10-20 00:00:00-04:00,30.14318084716797
2000-10-23 00:00:00-04:00,31.367746353149414
2000-10-24 00:00:00-04:00,30.237377166748047
2000-10-25 00:00:00-04:00,27.882442474365234
2000-10-26 00:00:00-04:00,26.610776901245117
2000-10-27 00:00:00-04:00,27.694047927856445
2000-10-30 00:00:00-05:00,26.563676834106445
2000-10-31 00:00:00-05:00,26.186887741088867
2000-11-01 00:00:00-05:00,27.694047927856445
2000-11-02 00:00:00-05:00,29.05990982055664
2000-11-03 00:00:00-05:00,28.683120727539062
2000-11-06 00:00:00-05:00,28.07083511352539
2000-11-07 00:00:00-05:00,28.07083511352539
2000-11-08 00:00:00-05:00,25.574604034423828
2000-11-09 00:00:00-05:00,21.995101928710938
2000-11-10 00:00:00-05:00,21.1002254486084
2000-11-13 00:00:00-05:00,20.62923812866211
2000-11-14 00:00:00-05:00,23.926149368286133
2000-11-15 00:00:00-05:00,23.643556594848633
2000-11-16 00:00:00-05:00,23.502260208129883
2000-11-17 00:00:00-05:00,24.16164207458496
2000-11-20 00:00:00-05:00,23.549358367919922
2000-11-21 00:00:00-05:00,21.9480037689209
2000-11-22 00:00:00-05:00,20.39374542236328
2000-11-24 00:00:00-05:00,20.58213996887207
2000-11-27 00:00:00-05:00,22.607385635375977
2000-11-28 00:00:00-05:00,22.795780181884766
2000-11-29 00:00:00-05:00,21.05312728881836
2000-11-30 00:00:00-05:00,18.839487075805664
2000-12-01 00:00:00-05:00,20.44084358215332
2000-12-04 00:00:00-05:00,22.560285568237305
2000-12-05 00:00:00-05:00,22.607385635375977
2000-12-06 00:00:00-05:00,23.87904930114746
2000-12-07 00:00:00-05:00,20.53504180908203
2000-12-08 00:00:00-05:00,22.418989181518555
2000-12-11 00:00:00-05:00,23.031274795532227
2000-12-12 00:00:00-05:00,23.784852981567383
2000-12-13 00:00:00-05:00,23.33741569519043
2000-12-14 00:00:00-05:00,21.076677322387695
2000-12-15 00:00:00-05:00,20.58213996887207
2000-12-18 00:00:00-05:00,22.042200088500977
2000-12-19 00:00:00-05:00,21.853805541992188
2000-12-20 00:00:00-05:00,18.745290756225586
2000-12-21 00:00:00-05:00,17.33232879638672
2000-12-22 00:00:00-05:00,19.216276168823242
2000-12-26 00:00:00-05:00,19.875659942626953
2000-12-27 00:00:00-05:00,19.640165328979492
2000-12-28 00:00:00-05:00,20.81763458251953
2000-12-29 00:00:00-05:00,21.52411460876465
2001-01-02 00:00:00-05:00,21.1002254486084
2001-01-03 00:00:00-05:00,17.897512435913086
2001-01-04 00:00:00-05:00,22.607385635375977
2001-01-05 00:00:00-05:00,22.701583862304688
2001-01-08 00:00:00-05:00,20.016956329345703
2001-01-09 00:00:00-05:00,20.25244903564453
2001-01-10 00:00:00-05:00,20.487943649291992
2001-01-11 00:00:00-05:00,20.72343635559082
2001-01-12 00:00:00-05:00,24.679729461669922
2001-01-16 00:00:00-05:00,24.114543914794922
2001-01-17 00:00:00-05:00,24.58553123474121
2001-01-18 00:00:00-05:00,25.00942039489746
2001-01-19 00:00:00-05:00,29.05990982055664
2001-01-22 00:00:00-05:00,28.212133407592773
2001-01-23 00:00:00-05:00,28.541824340820312
2001-01-24 00:00:00-05:00,26.752071380615234
2001-01-25 00:00:00-05:00,26.893369674682617
2001-01-26 00:00:00-05:00,26.233985900878906
2001-01-29 00:00:00-05:00,29.29540252685547
2001-01-30 00:00:00-05:00,30.00188446044922
2001-01-31 00:00:00-05:00,29.67219352722168
2001-02-01 00:00:00-05:00,28.91861343383789
2001-02-02 00:00:00-05:00,29.29540252685547
2001-02-05 00:00:00-05:00,28.58892250061035
2001-02-06 00:00:00-05:00,28.1650333404541
2001-02-07 00:00:00-05:00,26.987565994262695
2001-02-08 00:00:00-05:00,26.469480514526367
2001-02-09 00:00:00-05:00,25.362659454345703
2001-02-12 00:00:00-05:00,23.596458435058594
2001-02-13 00:00:00-05:00,26.893369674682617
2001-02-14 00:00:00-05:00,25.857196807861328
2001-02-15 00:00:00-05:00,28.58892250061035
2001-02-16 00:00:00-05:00,25.904294967651367
2001-02-20 00:00:00-05:00,25.81009864807129
2001-02-21 00:00:00-05:00,22.689807891845703
2001-02-22 00:00:00-05:00,23.643556594848633
2001-02-23 00:00:00-05:00,21.995101928710938
2001-02-26 00:00:00-05:00,23.078371047973633
2001-02-27 00:00:00-05:00,21.19442367553711
2001-02-28 00:00:00-05:00,19.687265396118164
2001-03-01 00:00:00-05:00,19.498870849609375
2001-03-02 00:00:00-05:00,19.074981689453125
2001-03-05 00:00:00-05:00,20.91183090209961
2001-03-06 00:00:00-05:00,21.00602912902832
2001-03-07 00:00:00-05:00,22.513187408447266
2001-03-08 00:00:00-05:00,22.701583862304688
2001-03-09 00:00:00-05:00,21.24152183532715
2001-03-12 00:00:00-05:00,18.745290756225586
2001-03-13 00:00:00-05:00,19.922758102416992
2001-03-14 00:00:00-05:00,19.122079849243164
2001-03-15 00:00:00-05:00,18.698190689086914
2001-03-16 00:00:00-05:00,16.86134147644043
2001-03-19 00:00:00-05:00,15.730972290039062
2001-03-20 00:00:00-05:00,16.072437286376953
2001-03-21 00:00:00-05:00,14.318011283874512
2001-03-22 00:00:00-05:00,13.234740257263184
2001-03-23 00:00:00-05:00,15.636775016784668
2001-03-26 00:00:00-05:00,16.43745231628418
2001-03-27 00:00:00-05:00,15.589675903320312
2001-03-28 00:00:00-05:00,14.788997650146484
2001-03-29 00:00:00-05:00,12.434062004089355
2001-03-30 00:00:00-05:00,11.821778297424316
2001-04-02 00:00:00-04:00,11.774680137634277
2001-04-03 00:00:00-04:00,10.832704544067383
2001-04-04 00:00:00-04:00,9.702336311340332
2001-04-05 00:00:00-04:00,10.926902770996094
2001-04-06 00:00:00-04:00,11.397890090942383
2001-04-09 00:00:00-04:00,11.409193992614746
2001-04-10 00:00:00-04:00,11.92162799835205
2001-04-11 00:00:00-04:00,14.981161117553711
2001-04-12 00:00:00-04:00,14.973625183105469
2001-04-16 00:00:00-04:00,15.568952560424805
2001-04-17 00:00:00-04:00,13.85832691192627
2001-04-18 00:00:00-04:00,16.111530303955078
2001-04-19 00:00:00-04:00,17.792011260986328
2001-04-20 00:00:00-04:00,20.158252716064453
2001-04-23 00:00:00-04:00,18.462697982788086
2001-04-24 00:00:00-04:00,17.294649124145508
2001-04-25 00:00:00-04:00,16.375282287597656
2001-04-26 00:00:00-04:00,19.30670738220215
2001-04-27 00:00:00-04:00,20.120573043823242
2001-04-30 00:00:00-04:00,21.296157836914062
2001-05-01 00:00:00-04:00,20.135644912719727
2001-05-02 00:00:00-04:00,21.838733673095703
2001-05-03 00:00:00-04:00,21.273548126220703
2001-05-04 00:00:00-04:00,20.369253158569336
2001-05-07 00:00:00-04:00,21.273548126220703
2001-05-08 00:00:00-04:00,21.507158279418945
2001-05-09 00:00:00-04:00,20.180858612060547
2001-05-10 00:00:00-04:00,22.192916870117188
2001-05-11 00:00:00-04:00,20.331575393676758
2001-05-14 00:00:00-04:00,19.706104278564453
2001-05-15 00:00:00-04:00,18.613414764404297
2001-05-16 00:00:00-04:00,19.19367027282715
2001-05-17 00:00:00-04:00,21.28862190246582
2001-05-18 00:00:00-04:00,21.853805541992188
2001-05-21 00:00:00-04:00,22.185380935668945
2001-05-22 00:00:00-04:00,24.491334915161133
2001-05-23 00:00:00-04:00,23.172569274902344
2001-05-24 00:00:00-04:00,22.042200088500977
2001-05-25 00:00:00-04:00,22.449132919311523
2001-05-29 00:00:00-04:00,21.7784481048584
2001-05-30 00:00:00-04:00,19.2388858795166
2001-05-31 00:00:00-04:00,18.28937530517578
2001-06-01 00:00:00-04:00,19.96985626220703
2001-06-04 00:00:00-04:00,20.83647346496582
2001-06-05 00:00:00-04:00,20.045215606689453
2001-06-06 00:00:00-04:00,20.565185546875
2001-06-07 00:00:00-04:00,20.482290267944336
2001-06-08 00:00:00-04:00,21.7784481048584
2001-06-11 00:00:00-04:00,19.344385147094727
2001-06-12 00:00:00-04:00,18.048229217529297
2001-06-13 00:00:00-04:00,18.538055419921875
2001-06-14 00:00:00-04:00,16.737001419067383
2001-06-15 00:00:00-04:00,15.109269142150879
2001-06-18 00:00:00-04:00,16.435569763183594
2001-06-19 00:00:00-04:00,17.008289337158203
2001-06-20 00:00:00-04:00,15.501130104064941
2001-06-21 00:00:00-04:00,15.636775016784668
2001-06-22 00:00:00-04:00,17.317256927490234
2001-06-25 00:00:00-04:00,17.965335845947266
2001-06-26 00:00:00-04:00,17.22682762145996
2001-06-27 00:00:00-04:00,18.236623764038086
2001-06-28 00:00:00-04:00,18.44009017944336
2001-06-29 00:00:00-04:00,19.19367027282715
2001-07-02 00:00:00-04:00,20.113037109375
2001-07-03 00:00:00-04:00,19.24641990661621
2001-07-05 00:00:00-04:00,19.065561294555664
2001-07-06 00:00:00-04:00,18.048229217529297
2001-07-09 00:00:00-04:00,17.558401107788086
2001-07-10 00:00:00-04:00,18.97513198852539
2001-07-11 00:00:00-04:00,17.44536590576172
2001-07-12 00:00:00-04:00,17.82969093322754
2001-07-13 00:00:00-04:00,18.198944091796875
2001-07-16 00:00:00-04:00,18.63602066040039
2001-07-17 00:00:00-04:00,17.467973709106445
2001-07-18 00:00:00-04:00,17.79954719543457
2001-07-19 00:00:00-04:00,17.844762802124023
2001-07-20 00:00:00-04:00,18.236623764038086
2001-07-23 00:00:00-04:00,18.990203857421875
2001-07-24 00:00:00-04:00,18.198944091796875
2001-07-25 00:00:00-04:00,18.794273376464844
2001-07-26 00:00:00-04:00,19.284099578857422
2001-07-27 00:00:00-04:00,19.902034759521484
2001-07-30 00:00:00-04:00,21.168048858642578
2001-07-31 00:00:00-04:00,20.113037109375
2001-08-01 00:00:00-04:00,21.02486801147461
2001-08-02 00:00:00-04:00,22.064807891845703
2001-08-03 00:00:00-04:00,21.755840301513672
2001-08-06 00:00:00-04:00,20.821401596069336
2001-08-07 00:00:00-04:00,19.92464256286621
2001-08-08 00:00:00-04:00,20.045215606689453
2001-08-09 00:00:00-04:00,18.990203857421875
2001-08-10 00:00:00-04:00,19.110776901245117
2001-08-13 00:00:00-04:00,18.6737003326416
2001-08-14 00:00:00-04:00,19.46495819091797
2001-08-15 00:00:00-04:00,18.718915939331055
2001-08-16 00:00:00-04:00,17.513187408447266
2001-08-17 00:00:00-04:00,16.91786003112793
2001-08-20 00:00:00-04:00,16.4958553314209
2001-08-21 00:00:00-04:00,16.84250259399414
2001-08-22 00:00:00-04:00,16.69178581237793
2001-08-23 00:00:00-04:00,16.95553970336914
2001-08-24 00:00:00-04:00,17.520723342895508
2001-08-27 00:00:00-04:00,18.869630813598633
2001-08-28 00:00:00-04:00,18.244159698486328
2001-08-29 00:00:00-04:00,17.761869430541992
2001-08-30 00:00:00-04:00,17.460437774658203
2001-08-31 00:00:00-04:00,16.850038528442383
2001-09-04 00:00:00-04:00,15.870384216308594
2001-09-05 00:00:00-04:00,15.162019729614258
2001-09-06 00:00:00-04:00,13.602109909057617
2001-09-07 00:00:00-04:00,13.571967124938965
2001-09-10 00:00:00-04:00,13.66993236541748
2001-09-17 00:00:00-04:00,12.486811637878418
2001-09-18 00:00:00-04:00,12.321024894714355
2001-09-19 00:00:00-04:00,11.710624694824219
2001-09-20 00:00:00-04:00,10.926902770996094
2001-09-21 00:00:00-04:00,9.675960540771484
2001-09-24 00:00:00-04:00,11.341371536254883
2001-09-25 00:00:00-04:00,11.899020195007324
2001-09-26 00:00:00-04:00,12.660136222839355
2001-09-27 00:00:00-04:00,11.650339126586914
2001-09-28 00:00:00-04:00,11.974377632141113
2001-10-01 00:00:00-04:00,12.411454200744629
2001-10-02 00:00:00-04:00,12.268274307250977
2001-10-03 00:00:00-04:00,12.162773132324219
2001-10-04 00:00:00-04:00,14.348154067993164
2001-10-05 00:00:00-04:00,14.770157814025879
2001-10-08 00:00:00-04:00,14.506404876708984
2001-10-09 00:00:00-04:00,15.30519962310791
2001-10-10 00:00:00-04:00,14.483798027038574
2001-10-11 00:00:00-04:00,16.586284637451172
2001-10-12 00:00:00-04:00,16.985681533813477
2001-10-15 00:00:00-04:00,16.782215118408203
2001-10-16 00:00:00-04:00,16.65410614013672
2001-10-17 00:00:00-04:00,17.196683883666992
2001-10-18 00:00:00-04:00,15.373022079467773
2001-10-19 00:00:00-04:00,15.033910751342773
2001-10-22 00:00:00-04:00,16.27731704711914
2001-10-23 00:00:00-04:00,16.95553970336914
2001-10-24 00:00:00-04:00,16.8349666595459
2001-10-25 00:00:00-04:00,17.10625457763672
2001-10-26 00:00:00-04:00,17.392614364624023
2001-10-29 00:00:00-05:00,16.337604522705078
2001-10-30 00:00:00-05:00,13.828184127807617
2001-10-31 00:00:00-05:00,14.242652893066406
2001-11-01 00:00:00-05:00,15.244913101196289
2001-11-02 00:00:00-05:00,15.448380470275879
2001-11-05 00:00:00-05:00,16.262245178222656
2001-11-06 00:00:00-05:00,16.284852981567383
2001-11-07 00:00:00-05:00,17.324792861938477
2001-11-08 00:00:00-05:00,17.671438217163086
2001-11-09 00:00:00-05:00,16.7219295501709
2001-11-12 00:00:00-05:00,16.872644424438477
2001-11-13 00:00:00-05:00,17.44536590576172
2001-11-14 00:00:00-05:00,18.236623764038086
2001-11-15 00:00:00-05:00,17.987943649291992
2001-11-16 00:00:00-05:00,17.37000846862793
2001-11-19 00:00:00-05:00,18.274303436279297
2001-11-20 00:00:00-05:00,18.20648193359375
2001-11-21 00:00:00-05:00,17.400150299072266
2001-11-23 00:00:00-05:00,17.249435424804688
2001-11-26 00:00:00-05:00,18.078371047973633
2001-11-27 00:00:00-05:00,18.538055419921875
2001-11-28 00:00:00-05:00,19.668424606323242
2001-11-29 00:00:00-05:00,19.894498825073242
2001-11-30 00:00:00-05:00,19.366992950439453
2001-12-03 00:00:00-05:00,18.50791358947754
2001-12-04 00:00:00-05:00,19.600603103637695
2001-12-05 00:00:00-05:00,21.25094223022461
2001-12-06 00:00:00-05:00,22.38884735107422
2001-12-07 00:00:00-05:00,21.59005355834961
2001-12-10 00:00:00-05:00,20.633007049560547
2001-12-11 00:00:00-05:00,20.482290267944336
2001-12-12 00:00:00-05:00,20.58025550842285
2001-12-13 00:00:00-05:00,20.105501174926758
2001-12-14 00:00:00-05:00,19.480030059814453
2001-12-17 00:00:00-05:00,19.442350387573242
2001-12-18 00:00:00-05:00,19.615673065185547
2001-12-19 00:00:00-05:00,18.944988250732422
2001-12-20 00:00:00-05:00,17.362472534179688
2001-12-21 00:00:00-05:00,17.792011260986328
2001-12-24 00:00:00-05:00,17.874906539916992
2001-12-26 00:00:00-05:00,17.927656173706055
2001-12-27 00:00:00-05:00,18.214017868041992
2001-12-28 00:00:00-05:00,18.274303436279297
2001-12-31 00:00:00-05:00,18.816879272460938
2002-01-02 00:00:00-05:00,18.40241050720215
2002-01-03 00:00:00-05:00,19.065561294555664
2002-01-04 00:00:00-05:00,20.69329261779785
2002-01-07 00:00:00-05:00,20.489826202392578
2002-01-08 00:00:00-05:00,19.216276168823242
2002-01-09 00:00:00-05:00,19.57799530029297
2002-01-10 00:00:00-05:00,19.434814453125
2002-01-11 00:00:00-05:00,19.608139038085938
2002-01-14 00:00:00-05:00,18.455162048339844
2002-01-15 00:00:00-05:00,17.822154998779297
2002-01-16 00:00:00-05:00,17.927656173706055
2002-01-17 00:00:00-05:00,17.920120239257812
2002-01-18 00:00:00-05:00,17.234363555908203
2002-01-22 00:00:00-05:00,17.784475326538086
2002-01-23 00:00:00-05:00,16.646570205688477
2002-01-24 00:00:00-05:00,18.16880226135254
2002-01-25 00:00:00-05:00,16.91786003112793
2002-01-28 00:00:00-05:00,17.25697135925293
2002-01-29 00:00:00-05:00,17.709117889404297
2002-01-30 00:00:00-05:00,17.023361206054688
2002-01-31 00:00:00-05:00,16.88018035888672
2002-02-01 00:00:00-05:00,16.623964309692383
2002-02-04 00:00:00-05:00,16.42803382873535
2002-02-05 00:00:00-05:00,15.124341011047363
2002-02-06 00:00:00-05:00,14.815373420715332
2002-02-07 00:00:00-05:00,14.408439636230469
2002-02-08 00:00:00-05:00,14.370760917663574
2002-02-11 00:00:00-05:00,14.837980270385742
2002-02-12 00:00:00-05:00,14.001506805419922
2002-02-13 00:00:00-05:00,13.903541564941406
2002-02-14 00:00:00-05:00,13.391107559204102
2002-02-15 00:00:00-05:00,13.752825736999512
2002-02-19 00:00:00-05:00,13.33082103729248
2002-02-20 00:00:00-05:00,13.051997184753418
2002-02-21 00:00:00-05:00,12.72042179107666
2002-02-22 00:00:00-05:00,12.35870361328125
2002-02-25 00:00:00-05:00,12.057271957397461
2002-02-26 00:00:00-05:00,11.409193992614746
2002-02-27 00:00:00-05:00,11.627732276916504
2002-02-28 00:00:00-05:00,11.567444801330566
2002-03-01 00:00:00-05:00,10.994725227355957
2002-03-04 00:00:00-05:00,11.793519020080566
2002-03-05 00:00:00-05:00,12.908817291259766
2002-03-06 00:00:00-05:00,13.481536865234375
2002-03-07 00:00:00-05:00,14.408439636230469
2002-03-08 00:00:00-05:00,14.966089248657227
2002-03-11 00:00:00-05:00,15.116805076599121
2002-03-12 00:00:00-05:00,13.647324562072754
2002-03-13 00:00:00-05:00,13.489072799682617
2002-03-14 00:00:00-05:00,12.871137619018555
2002-03-15 00:00:00-05:00,12.622456550598145
2002-03-18 00:00:00-05:00,12.81085205078125
2002-03-19 00:00:00-05:00,12.923888206481934
2002-03-20 00:00:00-05:00,12.81085205078125
2002-03-21 00:00:00-05:00,12.645064353942871
2002-03-22 00:00:00-05:00,13.05953311920166
2002-03-25 00:00:00-05:00,13.55689525604248
2002-03-26 00:00:00-05:00,12.931424140930176
2002-03-27 00:00:00-05:00,13.112282752990723
2002-03-28 00:00:00-05:00,13.639788627624512
2002-04-01 00:00:00-05:00,13.730218887329102
2002-04-02 00:00:00-05:00,13.790505409240723
2002-04-03 00:00:00-05:00,13.715147018432617
2002-04-04 00:00:00-05:00,13.180106163024902
2002-04-05 00:00:00-05:00,13.903541564941406
2002-04-08 00:00:00-04:00,13.021854400634766
2002-04-09 00:00:00-04:00,13.262998580932617
2002-04-10 00:00:00-04:00,12.456668853759766
2002-04-11 00:00:00-04:00,11.597588539123535
2002-04-12 00:00:00-04:00,12.057271957397461
2002-04-15 00:00:00-04:00,12.11002254486084
2002-04-16 00:00:00-04:00,12.622456550598145
2002-04-17 00:00:00-04:00,13.255462646484375
2002-04-18 00:00:00-04:00,12.660136222839355
2002-04-19 00:00:00-04:00,12.622456550598145
2002-04-22 00:00:00-04:00,11.567444801330566
2002-04-23 00:00:00-04:00,11.537302017211914
2002-04-24 00:00:00-04:00,11.740769386291504
2002-04-25 00:00:00-04:00,10.693292617797852
2002-04-26 00:00:00-04:00,10.783722877502441
2002-04-29 00:00:00-04:00,10.47475528717041
2002-04-30 00:00:00-04:00,10.527505874633789
2002-05-01 00:00:00-04:00,10.482291221618652
2002-05-02 00:00:00-04:00,10.165786743164062
2002-05-03 00:00:00-04:00,9.743782997131348
2002-05-06 00:00:00-04:00,9.404671669006348
2002-05-07 00:00:00-04:00,9.721176147460938
2002-05-08 00:00:00-04:00,10.24868106842041
2002-05-09 00:00:00-04:00,10.595328330993652
2002-05-10 00:00:00-04:00,10.693292617797852
2002-05-13 00:00:00-04:00,10.173322677612305
2002-05-14 00:00:00-04:00,11.537302017211914
2002-05-15 00:00:00-04:00,11.326299667358398
2002-05-16 00:00:00-04:00,12.102486610412598
2002-05-17 00:00:00-04:00,12.765637397766113
2002-05-20 00:00:00-04:00,11.567444801330566
2002-05-21 00:00:00-04:00,11.492087364196777
2002-05-22 00:00:00-04:00,10.708365440368652
2002-05-23 00:00:00-04:00,11.175583839416504
2002-05-24 00:00:00-04:00,11.039939880371094
2002-05-28 00:00:00-04:00,11.266014099121094
2002-05-29 00:00:00-04:00,10.61039924621582
2002-05-30 00:00:00-04:00,10.113037109375
2002-05-31 00:00:00-04:00,10.211002349853516
2002-06-03 00:00:00-04:00,9.939714431762695
2002-06-04 00:00:00-04:00,7.543331146240234
2002-06-05 00:00:00-04:00,7.648831844329834
2002-06-06 00:00:00-04:00,8.221551895141602
2002-06-07 00:00:00-04:00,6.69932222366333
2002-06-10 00:00:00-04:00,7.226827144622803
2002-06-11 00:00:00-04:00,7.648831844329834
2002-06-12 00:00:00-04:00,7.045968055725098
2002-06-13 00:00:00-04:00,7.091183185577393
2002-06-14 00:00:00-04:00,6.729465007781982
2002-06-17 00:00:00-04:00,7.505651950836182
2002-06-18 00:00:00-04:00,7.30218505859375
2002-06-19 00:00:00-04:00,6.993217945098877
2002-06-20 00:00:00-04:00,6.714393138885498
2002-06-21 00:00:00-04:00,6.11906623840332
2002-06-24 00:00:00-04:00,6.201959133148193
2002-06-25 00:00:00-04:00,6.880180835723877
2002-06-26 00:00:00-04:00,6.134137153625488
2002-06-27 00:00:00-04:00,6.330068111419678
2002-06-28 00:00:00-04:00,5.945742130279541
2002-07-01 00:00:00-04:00,5.463450908660889
2002-07-02 00:00:00-04:00,4.566691875457764
2002-07-03 00:00:00-04:00,4.732479095458984
2002-07-05 00:00:00-04:00,6.0286359786987305
2002-07-08 00:00:00-04:00,6.2547101974487305
2002-07-09 00:00:00-04:00,5.757347106933594
2002-07-10 00:00:00-04:00,5.885456085205078
2002-07-11 00:00:00-04:00,5.237378120422363
2002-07-12 00:00:00-04:00,6.405426025390625
2002-07-15 00:00:00-04:00,6.33760404586792
2002-07-16 00:00:00-04:00,6.819893836975098
2002-07-17 00:00:00-04:00,6.842502117156982
2002-07-18 00:00:00-04:00,6.405426025390625
2002-07-19 00:00:00-04:00,6.11152982711792
2002-07-22 00:00:00-04:00,5.870384216308594
2002-07-23 00:00:00-04:00,5.975884914398193
2002-07-24 00:00:00-04:00,5.237378120422363
2002-07-25 00:00:00-04:00,5.727203845977783
2002-07-26 00:00:00-04:00,5.3278069496154785
2002-07-29 00:00:00-04:00,5.599095821380615
2002-07-30 00:00:00-04:00,5.629239082336426
2002-07-31 00:00:00-04:00,5.9155988693237305
2002-08-01 00:00:00-04:00,6.480783939361572
2002-08-02 00:00:00-04:00,6.058778762817383
2002-08-05 00:00:00-04:00,5.742276191711426
2002-08-06 00:00:00-04:00,5.727203845977783
2002-08-07 00:00:00-04:00,6.0286359786987305
2002-08-08 00:00:00-04:00,5.960813999176025
2002-08-09 00:00:00-04:00,5.9834208488464355
2002-08-12 00:00:00-04:00,5.825170040130615
2002-08-13 00:00:00-04:00,5.870384216308594
2002-08-14 00:00:00-04:00,5.764883041381836
2002-08-15 00:00:00-04:00,6.4883198738098145
2002-08-16 00:00:00-04:00,6.480783939361572
2002-08-19 00:00:00-04:00,6.82742977142334
2002-08-20 00:00:00-04:00,6.985682010650635
2002-08-21 00:00:00-04:00,7.287114143371582
2002-08-22 00:00:00-04:00,7.181612968444824
2002-08-23 00:00:00-04:00,7.573473930358887
2002-08-26 00:00:00-04:00,7.317256927490234
2002-08-27 00:00:00-04:00,7.422758102416992
2002-08-28 00:00:00-04:00,6.7822160720825195
2002-08-29 00:00:00-04:00,6.978146076202393
2002-08-30 00:00:00-04:00,7.18914794921875
2002-09-03 00:00:00-04:00,6.925395965576172
2002-09-04 00:00:00-04:00,6.752071857452393
2002-09-05 00:00:00-04:00,6.593821048736572
2002-09-06 00:00:00-04:00,6.865108966827393
2002-09-09 00:00:00-04:00,6.865108966827393
2002-09-10 00:00:00-04:00,7.076111793518066
2002-09-11 00:00:00-04:00,7.264505863189697
2002-09-12 00:00:00-04:00,7.159005165100098
2002-09-13 00:00:00-04:00,6.80482292175293
2002-09-16 00:00:00-04:00,6.623963832855225
2002-09-17 00:00:00-04:00,6.676713943481445
2002-09-18 00:00:00-04:00,6.021100044250488
2002-09-19 00:00:00-04:00,5.591559886932373
2002-09-20 00:00:00-04:00,5.53127384185791
2002-09-23 00:00:00-04:00,5.207233905792236
2002-09-24 00:00:00-04:00,4.958552837371826
2002-09-25 00:00:00-04:00,5.636775016784668
2002-09-26 00:00:00-04:00,5.930671215057373
2002-09-27 00:00:00-04:00,5.546345233917236
2002-09-30 00:00:00-04:00,5.312735080718994
2002-10-01 00:00:00-04:00,5.373022079467773
2002-10-02 00:00:00-04:00,5.810098171234131
2002-10-03 00:00:00-04:00,5.312735080718994
2002-10-04 00:00:00-04:00,5.561417102813721
2002-10-07 00:00:00-04:00,4.7852301597595215
2002-10-08 00:00:00-04:00,4.596835136413574
2002-10-09 00:00:00-04:00,4.272796154022217
2002-10-10 00:00:00-04:00,4.619441986083984
2002-10-11 00:00:00-04:00,5.259984970092773
2002-10-14 00:00:00-04:00,5.131875991821289
2002-10-15 00:00:00-04:00,5.840240955352783
2002-10-16 00:00:00-04:00,5.410700798034668
2002-10-17 00:00:00-04:00,5.89299201965332
2002-10-18 00:00:00-04:00,5.614167213439941
2002-10-21 00:00:00-04:00,5.727203845977783
2002-10-22 00:00:00-04:00,6.194424152374268
2002-10-23 00:00:00-04:00,6.171815872192383
2002-10-24 00:00:00-04:00,6.887716770172119
2002-10-25 00:00:00-04:00,6.021100044250488
2002-10-28 00:00:00-05:00,6.405426025390625
2002-10-29 00:00:00-05:00,6.217031002044678
2002-10-30 00:00:00-05:00,5.968349933624268
2002-10-31 00:00:00-05:00,6.435568809509277
2002-11-01 00:00:00-05:00,6.36021089553833
2002-11-04 00:00:00-05:00,7.091183185577393
2002-11-05 00:00:00-05:00,7.1514692306518555
2002-11-06 00:00:00-05:00,7.4529008865356445
2002-11-07 00:00:00-05:00,7.234363079071045
2002-11-08 00:00:00-05:00,6.706858158111572
2002-11-11 00:00:00-05:00,6.262246131896973
2002-11-12 00:00:00-05:00,6.0286359786987305
2002-11-13 00:00:00-05:00,6.239637851715088
2002-11-14 00:00:00-05:00,6.706858158111572
2002-11-15 00:00:00-05:00,6.925395965576172
2002-11-18 00:00:00-05:00,7.347400188446045
2002-11-19 00:00:00-05:00,6.978146076202393
2002-11-20 00:00:00-05:00,6.69178581237793
2002-11-21 00:00:00-05:00,7.347400188446045
2002-11-22 00:00:00-05:00,8.116050720214844
2002-11-25 00:00:00-05:00,8.470233917236328
2002-11-26 00:00:00-05:00,8.66616439819336
2002-11-27 00:00:00-05:00,8.66616439819336
2002-11-29 00:00:00-05:00,8.590806007385254
2002-12-02 00:00:00-05:00,8.741521835327148
2002-12-03 00:00:00-05:00,8.55312728881836
2002-12-04 00:00:00-05:00,7.972870826721191
2002-12-05 00:00:00-05:00,8.063301086425781
2002-12-06 00:00:00-05:00,7.249434947967529
2002-12-09 00:00:00-05:00,7.4529008865356445
2002-12-10 00:00:00-05:00,7.076111793518066
2002-12-11 00:00:00-05:00,6.925395965576172
2002-12-12 00:00:00-05:00,7.483044147491455
2002-12-13 00:00:00-05:00,7.2569708824157715
2002-12-16 00:00:00-05:00,6.963075160980225
2002-12-17 00:00:00-05:00,7.000753879547119
2002-12-18 00:00:00-05:00,6.842502117156982
2002-12-19 00:00:00-05:00,6.420496940612793
2002-12-20 00:00:00-05:00,6.428032875061035
2002-12-23 00:00:00-05:00,6.390354156494141
2002-12-24 00:00:00-05:00,6.435568809509277
2002-12-26 00:00:00-05:00,6.593821048736572
2002-12-27 00:00:00-05:00,6.45064115524292
2002-12-30 00:00:00-05:00,6.412961959838867
2002-12-31 00:00:00-05:00,6.036171913146973
2003-01-02 00:00:00-05:00,6.307459831237793
2003-01-03 00:00:00-05:00,6.865108966827393
2003-01-06 00:00:00-05:00,6.812358856201172
2003-01-07 00:00:00-05:00,6.850038051605225
2003-01-08 00:00:00-05:00,7.05350399017334
2003-01-09 00:00:00-05:00,6.895252227783203
2003-01-10 00:00:00-05:00,6.9103240966796875
2003-01-13 00:00:00-05:00,7.204219818115234
2003-01-14 00:00:00-05:00,6.85757303237915
2003-01-15 00:00:00-05:00,6.812358856201172
2003-01-16 00:00:00-05:00,6.503390789031982
2003-01-17 00:00:00-05:00,6.2094950675964355
2003-01-21 00:00:00-05:00,6.066315174102783
2003-01-22 00:00:00-05:00,5.636775016784668
2003-01-23 00:00:00-05:00,5.870384216308594
2003-01-24 00:00:00-05:00,6.45064115524292
2003-01-27 00:00:00-05:00,6.036171913146973
2003-01-28 00:00:00-05:00,6.390354156494141
2003-01-29 00:00:00-05:00,6.277317047119141
2003-01-30 00:00:00-05:00,6.548605918884277
2003-01-31 00:00:00-05:00,5.953278064727783
2003-02-03 00:00:00-05:00,6.22456693649292
2003-02-04 00:00:00-05:00,5.923134803771973
2003-02-05 00:00:00-05:00,6.179351806640625
2003-02-06 00:00:00-05:00,6.201959133148193
2003-02-07 00:00:00-05:00,6.134137153625488
2003-02-10 00:00:00-05:00,5.930671215057373
2003-02-11 00:00:00-05:00,5.975884914398193
2003-02-12 00:00:00-05:00,5.77995491027832
2003-02-13 00:00:00-05:00,5.651845932006836
2003-02-14 00:00:00-05:00,5.727203845977783
2003-02-18 00:00:00-05:00,6.043707847595215
2003-02-19 00:00:00-05:00,6.171815872192383
2003-02-20 00:00:00-05:00,6.1416730880737305
2003-02-21 00:00:00-05:00,6.081387042999268
2003-02-24 00:00:00-05:00,6.103993892669678
2003-02-25 00:00:00-05:00,5.953278064727783
2003-02-26 00:00:00-05:00,6.021100044250488
2003-02-27 00:00:00-05:00,6.179351806640625
2003-02-28 00:00:00-05:00,6.2094950675964355
2003-03-03 00:00:00-05:00,6.639035224914551
2003-03-04 00:00:00-05:00,6.428032875061035
2003-03-05 00:00:00-05:00,6.465712070465088
2003-03-06 00:00:00-05:00,6.5712127685546875
2003-03-07 00:00:00-05:00,6.578749179840088
2003-03-10 00:00:00-05:00,6.435568809509277
2003-03-11 00:00:00-05:00,6.345139026641846
2003-03-12 00:00:00-05:00,6.262246131896973
2003-03-13 00:00:00-05:00,6.82742977142334
2003-03-14 00:00:00-05:00,7.1439337730407715
2003-03-17 00:00:00-05:00,6.993217945098877
2003-03-18 00:00:00-05:00,7.234363079071045
2003-03-19 00:00:00-05:00,7.196683883666992
2003-03-20 00:00:00-05:00,6.880180835723877
2003-03-21 00:00:00-05:00,7.332328796386719
2003-03-24 00:00:00-05:00,7.000753879547119
2003-03-25 00:00:00-05:00,6.819893836975098
2003-03-26 00:00:00-05:00,7.03089714050293
2003-03-27 00:00:00-05:00,6.985682010650635
2003-03-28 00:00:00-05:00,6.955539226531982
2003-03-31 00:00:00-05:00,6.714393138885498
2003-04-01 00:00:00-05:00,6.631499767303467
2003-04-02 00:00:00-05:00,6.7972869873046875
2003-04-03 00:00:00-05:00,6.819893836975098
2003-04-04 00:00:00-05:00,6.812358856201172
2003-04-07 00:00:00-04:00,6.97061014175415
2003-04-08 00:00:00-04:00,6.706858158111572
2003-04-09 00:00:00-04:00,6.631499767303467
2003-04-10 00:00:00-04:00,6.4883198738098145
2003-04-11 00:00:00-04:00,6.33760404586792
2003-04-14 00:00:00-04:00,6.262246131896973
2003-04-15 00:00:00-04:00,6.171815872192383
2003-04-16 00:00:00-04:00,6.480783939361572
2003-04-17 00:00:00-04:00,6.443105220794678
2003-04-21 00:00:00-04:00,6.69178581237793
2003-04-22 00:00:00-04:00,6.850038051605225
2003-04-23 00:00:00-04:00,7.008288860321045
2003-04-24 00:00:00-04:00,6.932930946350098
2003-04-25 00:00:00-04:00,6.45064115524292
2003-04-28 00:00:00-04:00,6.22456693649292
2003-04-29 00:00:00-04:00,6.480783939361572
2003-04-30 00:00:00-04:00,6.45064115524292
2003-05-01 00:00:00-04:00,6.45064115524292
2003-05-02 00:00:00-04:00,6.465712070465088
2003-05-05 00:00:00-04:00,6.631499767303467
2003-05-06 00:00:00-04:00,6.744536876678467
2003-05-07 00:00:00-04:00,6.752071857452393
2003-05-08 00:00:00-04:00,6.661643028259277
2003-05-09 00:00:00-04:00,6.744536876678467
2003-05-12 00:00:00-04:00,6.895252227783203
2003-05-13 00:00:00-04:00,6.948002815246582
2003-05-14 00:00:00-04:00,7.2569708824157715
2003-05-15 00:00:00-04:00,7.061039924621582
2003-05-16 00:00:00-04:00,7.2720417976379395
2003-05-19 00:00:00-04:00,7.287114143371582
2003-05-20 00:00:00-04:00,6.895252227783203
2003-05-21 00:00:00-04:00,6.752071857452393
2003-05-22 00:00:00-04:00,6.9103240966796875
2003-05-23 00:00:00-04:00,6.82742977142334
2003-05-27 00:00:00-04:00,6.925395965576172
2003-05-28 00:00:00-04:00,7.317256927490234
2003-05-29 00:00:00-04:00,7.332328796386719
2003-05-30 00:00:00-04:00,7.754333019256592
2003-06-02 00:00:00-04:00,8.13865852355957
2003-06-03 00:00:00-04:00,7.671439170837402
2003-06-04 00:00:00-04:00,8.153730392456055
2003-06-05 00:00:00-04:00,8.52298355102539
2003-06-06 00:00:00-04:00,9.020346641540527
2003-06-09 00:00:00-04:00,7.950263977050781
2003-06-10 00:00:00-04:00,7.935192108154297
2003-06-11 00:00:00-04:00,7.935192108154297
2003-06-12 00:00:00-04:00,8.131122589111328
2003-06-13 00:00:00-04:00,8.183873176574707
2003-06-16 00:00:00-04:00,7.799548149108887
2003-06-17 00:00:00-04:00,7.987943172454834
2003-06-18 00:00:00-04:00,7.950263977050781
2003-06-19 00:00:00-04:00,8.146194458007812
2003-06-20 00:00:00-04:00,8.244159698486328
2003-06-23 00:00:00-04:00,8.040693283081055
2003-06-24 00:00:00-04:00,7.867370128631592
2003-06-25 00:00:00-04:00,7.543331146240234
2003-06-26 00:00:00-04:00,7.550867080688477
2003-06-27 00:00:00-04:00,7.867370128631592
2003-06-30 00:00:00-04:00,8.040693283081055
2003-07-01 00:00:00-04:00,7.656367778778076
2003-07-02 00:00:00-04:00,7.950263977050781
2003-07-03 00:00:00-04:00,7.972870826721191
2003-07-07 00:00:00-04:00,8.229087829589844
2003-07-08 00:00:00-04:00,8.123586654663086
2003-07-09 00:00:00-04:00,8.72645092010498
2003-07-10 00:00:00-04:00,8.786737442016602
2003-07-11 00:00:00-04:00,8.628484725952148
2003-07-14 00:00:00-04:00,9.16352653503418
2003-07-15 00:00:00-04:00,9.480030059814453
2003-07-16 00:00:00-04:00,9.269027709960938
2003-07-17 00:00:00-04:00,8.44009017944336
2003-07-18 00:00:00-04:00,8.379803657531738
2003-07-21 00:00:00-04:00,8.13865852355957
2003-07-22 00:00:00-04:00,8.319518089294434
2003-07-23 00:00:00-04:00,8.605877876281738
2003-07-24 00:00:00-04:00,8.764129638671875
2003-07-25 00:00:00-04:00,8.289375305175781
2003-07-28 00:00:00-04:00,8.470233917236328
2003-07-29 00:00:00-04:00,8.892237663269043
2003-07-30 00:00:00-04:00,8.854558944702148
2003-07-31 00:00:00-04:00,8.364731788635254
2003-08-01 00:00:00-04:00,8.425019264221191
2003-08-04 00:00:00-04:00,8.402411460876465
2003-08-05 00:00:00-04:00,8.50037670135498
2003-08-06 00:00:00-04:00,8.394875526428223
2003-08-07 00:00:00-04:00,8.289375305175781
2003-08-08 00:00:00-04:00,8.342124938964844
2003-08-11 00:00:00-04:00,8.063301086425781
2003-08-12 00:00:00-04:00,8.146194458007812
2003-08-13 00:00:00-04:00,8.44009017944336
2003-08-14 00:00:00-04:00,8.515447616577148
2003-08-15 00:00:00-04:00,8.492840766906738
2003-08-18 00:00:00-04:00,8.55312728881836
2003-08-19 00:00:00-04:00,9.186134338378906
2003-08-20 00:00:00-04:00,9.487565994262695
2003-08-21 00:00:00-04:00,9.796533584594727
2003-08-22 00:00:00-04:00,10.09043025970459
2003-08-25 00:00:00-04:00,9.600603103637695
2003-08-26 00:00:00-04:00,9.382064819335938
2003-08-27 00:00:00-04:00,9.63828182220459
2003-08-28 00:00:00-04:00,10.037678718566895
2003-08-29 00:00:00-04:00,9.969857215881348
2003-09-02 00:00:00-04:00,10.173322677612305
2003-09-03 00:00:00-04:00,10.195931434631348
2003-09-04 00:00:00-04:00,10.271288871765137
2003-09-05 00:00:00-04:00,10.746044158935547
2003-09-08 00:00:00-04:00,10.708365440368652
2003-09-09 00:00:00-04:00,11.205726623535156
2003-09-10 00:00:00-04:00,10.519969940185547
2003-09-11 00:00:00-04:00,10.36171817779541
2003-09-12 00:00:00-04:00,10.61039924621582
2003-09-15 00:00:00-04:00,10.640542984008789
2003-09-16 00:00:00-04:00,10.625471115112305
2003-09-17 00:00:00-04:00,11.409193992614746
2003-09-18 00:00:00-04:00,11.303692817687988
2003-09-19 00:00:00-04:00,11.552373886108398
2003-09-22 00:00:00-04:00,11.318763732910156
2003-09-23 00:00:00-04:00,11.371515274047852
2003-09-24 00:00:00-04:00,11.703089714050293
2003-09-25 00:00:00-04:00,10.5501127243042
2003-09-26 00:00:00-04:00,10.565184593200684
2003-09-29 00:00:00-04:00,10.68575668334961
2003-09-30 00:00:00-04:00,10.859081268310547
2003-10-01 00:00:00-04:00,10.68575668334961
2003-10-02 00:00:00-04:00,10.655613899230957
2003-10-03 00:00:00-04:00,10.7761869430542
2003-10-06 00:00:00-04:00,10.941973686218262
2003-10-07 00:00:00-04:00,10.79879379272461
2003-10-08 00:00:00-04:00,11.039939880371094
2003-10-09 00:00:00-04:00,11.122833251953125
2003-10-10 00:00:00-04:00,11.070082664489746
2003-10-13 00:00:00-04:00,11.27354907989502
2003-10-14 00:00:00-04:00,11.484552383422852
2003-10-15 00:00:00-04:00,11.853805541992188
2003-10-16 00:00:00-04:00,11.627732276916504
2003-10-17 00:00:00-04:00,11.567444801330566
2003-10-20 00:00:00-04:00,11.424264907836914
2003-10-21 00:00:00-04:00,11.58251667022705
2003-10-22 00:00:00-04:00,11.605124473571777
2003-10-23 00:00:00-04:00,10.813865661621094
2003-10-24 00:00:00-04:00,10.5501127243042
2003-10-27 00:00:00-05:00,10.5501127243042
2003-10-28 00:00:00-05:00,10.504898071289062
2003-10-29 00:00:00-05:00,10.941973686218262
2003-10-30 00:00:00-05:00,11.1152982711792
2003-10-31 00:00:00-05:00,10.904294967651367
2003-11-03 00:00:00-05:00,10.746044158935547
2003-11-04 00:00:00-05:00,10.535040855407715
2003-11-05 00:00:00-05:00,10.828936576843262
2003-11-06 00:00:00-05:00,10.859081268310547
2003-11-07 00:00:00-05:00,10.949509620666504
2003-11-10 00:00:00-05:00,11.198190689086914
2003-11-11 00:00:00-05:00,11.02486801147461
2003-11-12 00:00:00-05:00,11.145441055297852
2003-11-13 00:00:00-05:00,11.318763732910156
2003-11-14 00:00:00-05:00,11.627732276916504
2003-11-17 00:00:00-05:00,10.934438705444336
2003-11-18 00:00:00-05:00,11.1152982711792
2003-11-19 00:00:00-05:00,10.957045555114746
2003-11-20 00:00:00-05:00,10.715901374816895
2003-11-21 00:00:00-05:00,10.934438705444336
2003-11-24 00:00:00-05:00,10.964582443237305
2003-11-25 00:00:00-05:00,11.235870361328125
2003-11-26 00:00:00-05:00,11.740769386291504
2003-11-28 00:00:00-05:00,12.042200088500977
2003-12-01 00:00:00-05:00,12.207987785339355
2003-12-02 00:00:00-05:00,11.755840301513672
2003-12-03 00:00:00-05:00,11.36397933959961
2003-12-04 00:00:00-05:00,11.122833251953125
2003-12-05 00:00:00-05:00,11.2283353805542
2003-12-08 00:00:00-05:00,11.152976989746094
2003-12-09 00:00:00-05:00,11.27354907989502
2003-12-10 00:00:00-05:00,10.715901374816895
2003-12-11 00:00:00-05:00,10.58779239654541
2003-12-12 00:00:00-05:00,11.077618598937988
2003-12-15 00:00:00-05:00,11.213262557983398
2003-12-16 00:00:00-05:00,10.738508224487305
2003-12-17 00:00:00-05:00,10.72343635559082
2003-12-18 00:00:00-05:00,10.467219352722168
2003-12-19 00:00:00-05:00,11.2283353805542
2003-12-22 00:00:00-05:00,11.235870361328125
2003-12-23 00:00:00-05:00,11.009797096252441
2003-12-24 00:00:00-05:00,11.220799446105957
2003-12-26 00:00:00-05:00,11.039939880371094
2003-12-29 00:00:00-05:00,11.02486801147461
2003-12-30 00:00:00-05:00,11.13790512084961
2003-12-31 00:00:00-05:00,11.070082664489746
2004-01-02 00:00:00-05:00,11.243406295776367
2004-01-05 00:00:00-05:00,11.642803192138672
2004-01-06 00:00:00-05:00,11.635268211364746
2004-01-07 00:00:00-05:00,11.906556129455566
2004-01-08 00:00:00-05:00,12.26073932647705
2004-01-09 00:00:00-05:00,12.207987785339355
2004-01-12 00:00:00-05:00,12.501884460449219
2004-01-13 00:00:00-05:00,12.532027244567871
2004-01-14 00:00:00-05:00,12.456668853759766
2004-01-15 00:00:00-05:00,12.539563179016113
2004-01-16 00:00:00-05:00,12.373774528503418
2004-01-20 00:00:00-05:00,12.72042179107666
2004-01-21 00:00:00-05:00,12.795780181884766
2004-01-22 00:00:00-05:00,13.639788627624512
2004-01-23 00:00:00-05:00,13.790505409240723
2004-01-26 00:00:00-05:00,13.481536865234375
2004-01-27 00:00:00-05:00,13.38357162475586
2004-01-28 00:00:00-05:00,14.06179428100586
2004-01-29 00:00:00-05:00,13.926149368286133
2004-01-30 00:00:00-05:00,13.83572006225586
2004-02-02 00:00:00-05:00,14.551619529724121
2004-02-03 00:00:00-05:00,13.956292152404785
2004-02-04 00:00:00-05:00,14.016578674316406
2004-02-05 00:00:00-05:00,13.602109909057617
2004-02-06 00:00:00-05:00,13.654861450195312
2004-02-09 00:00:00-05:00,14.385832786560059
2004-02-10 00:00:00-05:00,13.941221237182617
2004-02-11 00:00:00-05:00,14.227581024169922
2004-02-12 00:00:00-05:00,14.453655242919922
2004-02-13 00:00:00-05:00,14.634513854980469
2004-02-17 00:00:00-05:00,14.212509155273438
2004-02-18 00:00:00-05:00,14.318011283874512
2004-02-19 00:00:00-05:00,14.724943161010742
2004-02-20 00:00:00-05:00,14.001506805419922
2004-02-23 00:00:00-05:00,14.046722412109375
2004-02-24 00:00:00-05:00,13.458930015563965
2004-02-25 00:00:00-05:00,13.262998580932617
2004-02-26 00:00:00-05:00,13.33082103729248
2004-02-27 00:00:00-05:00,13.865862846374512
2004-03-01 00:00:00-05:00,13.579503059387207
2004-03-02 00:00:00-05:00,13.66993236541748
2004-03-03 00:00:00-05:00,13.850790977478027
2004-03-04 00:00:00-05:00,13.715147018432617
2004-03-05 00:00:00-05:00,13.752825736999512
2004-03-08 00:00:00-05:00,13.896005630493164
2004-03-09 00:00:00-05:00,13.127354621887207
2004-03-10 00:00:00-05:00,12.712885856628418
2004-03-11 00:00:00-05:00,12.140166282653809
2004-03-12 00:00:00-05:00,12.434062004089355
2004-03-15 00:00:00-05:00,12.682743072509766
2004-03-16 00:00:00-05:00,12.456668853759766
2004-03-17 00:00:00-05:00,13.029390335083008
2004-03-18 00:00:00-05:00,12.74302864074707
2004-03-19 00:00:00-05:00,12.840994834899902
2004-03-22 00:00:00-05:00,12.22305965423584
2004-03-23 00:00:00-05:00,12.396383285522461
2004-03-24 00:00:00-05:00,11.996986389160156
2004-03-25 00:00:00-05:00,12.170309066772461
2004-03-26 00:00:00-05:00,12.207987785339355
2004-03-29 00:00:00-05:00,12.547099113464355
2004-03-30 00:00:00-05:00,12.434062004089355
2004-03-31 00:00:00-05:00,12.954031944274902
2004-04-01 00:00:00-05:00,12.991710662841797
2004-04-02 00:00:00-05:00,13.489072799682617
2004-04-05 00:00:00-04:00,13.51921558380127
2004-04-06 00:00:00-04:00,13.60964584350586
2004-04-07 00:00:00-04:00,13.677468299865723
2004-04-08 00:00:00-04:00,13.767897605895996
2004-04-12 00:00:00-04:00,14.001506805419922
2004-04-13 00:00:00-04:00,14.016578674316406
2004-04-14 00:00:00-04:00,13.338356971740723
2004-04-15 00:00:00-04:00,13.564431190490723
2004-04-16 00:00:00-04:00,13.28560733795166
2004-04-19 00:00:00-04:00,12.923888206481934
2004-04-20 00:00:00-04:00,13.28560733795166
2004-04-21 00:00:00-04:00,13.240391731262207
2004-04-22 00:00:00-04:00,13.262998580932617
2004-04-23 00:00:00-04:00,13.986435890197754
2004-04-26 00:00:00-04:00,14.295402526855469
2004-04-27 00:00:00-04:00,13.963828086853027
2004-04-28 00:00:00-04:00,13.089675903320312
2004-04-29 00:00:00-04:00,12.840994834899902
2004-04-30 00:00:00-04:00,12.58477783203125
2004-05-03 00:00:00-04:00,12.22305965423584
2004-05-04 00:00:00-04:00,12.305953025817871
2004-05-05 00:00:00-04:00,12.305953025817871
2004-05-06 00:00:00-04:00,12.215523719787598
2004-05-07 00:00:00-04:00,12.049736022949219
2004-05-10 00:00:00-04:00,12.012057304382324
2004-05-11 00:00:00-04:00,12.230594635009766
2004-05-12 00:00:00-04:00,11.944234848022461
2004-05-13 00:00:00-04:00,11.92162799835205
2004-05-14 00:00:00-04:00,12.057271957397461
2004-05-17 00:00:00-04:00,11.710624694824219
2004-05-18 00:00:00-04:00,11.740769386291504
2004-05-19 00:00:00-04:00,12.283346176147461
2004-05-20 00:00:00-04:00,12.313488960266113
2004-05-21 00:00:00-04:00,12.516956329345703
2004-05-24 00:00:00-04:00,12.434062004089355
2004-05-25 00:00:00-04:00,12.516956329345703
2004-05-26 00:00:00-04:00,12.712885856628418
2004-05-27 00:00:00-04:00,13.104747772216797
2004-05-28 00:00:00-04:00,13.225319862365723
2004-06-01 00:00:00-04:00,13.19517707824707
2004-06-02 00:00:00-04:00,13.391107559204102
2004-06-03 00:00:00-04:00,12.916353225708008
2004-06-04 00:00:00-04:00,12.901281356811523
2004-06-07 00:00:00-04:00,12.931424140930176
2004-06-08 00:00:00-04:00,12.825922966003418
2004-06-09 00:00:00-04:00,12.916353225708008
2004-06-10 00:00:00-04:00,12.780708312988281
2004-06-14 00:00:00-04:00,12.682743072509766
2004-06-15 00:00:00-04:00,12.464204788208008
2004-06-16 00:00:00-04:00,12.456668853759766
2004-06-17 00:00:00-04:00,11.914092063903809
2004-06-18 00:00:00-04:00,11.597588539123535
2004-06-21 00:00:00-04:00,11.401658058166504
2004-06-22 00:00:00-04:00,11.296156883239746
2004-06-23 00:00:00-04:00,11.590052604675293
2004-06-24 00:00:00-04:00,11.492087364196777
2004-06-25 00:00:00-04:00,11.567444801330566
2004-06-28 00:00:00-04:00,11.763376235961914
2004-06-29 00:00:00-04:00,11.846269607543945
2004-06-30 00:00:00-04:00,12.102486610412598
2004-07-01 00:00:00-04:00,11.981913566589355
2004-07-02 00:00:00-04:00,11.680481910705566
2004-07-06 00:00:00-04:00,11.69555377960205
2004-07-07 00:00:00-04:00,11.055010795593262
2004-07-08 00:00:00-04:00,10.746044158935547
2004-07-09 00:00:00-04:00,10.768651008605957
2004-07-12 00:00:00-04:00,10.761115074157715
2004-07-13 00:00:00-04:00,10.648077964782715
2004-07-14 00:00:00-04:00,10.49736213684082
2004-07-15 00:00:00-04:00,10.422004699707031
2004-07-16 00:00:00-04:00,10.640542984008789
2004-07-19 00:00:00-04:00,10.738508224487305
2004-07-20 00:00:00-04:00,9.721176147460938
2004-07-21 00:00:00-04:00,10.324039459228516
2004-07-22 00:00:00-04:00,9.826677322387695
2004-07-23 00:00:00-04:00,9.464959144592285
2004-07-26 00:00:00-04:00,9.419743537902832
2004-07-27 00:00:00-04:00,9.095705032348633
2004-07-28 00:00:00-04:00,9.140918731689453
2004-07-29 00:00:00-04:00,9.125847816467285
2004-07-30 00:00:00-04:00,9.42728042602539
2004-08-02 00:00:00-04:00,9.329314231872559
2004-08-03 00:00:00-04:00,9.4498872756958
2004-08-04 00:00:00-04:00,9.095705032348633
2004-08-05 00:00:00-04:00,9.261491775512695
2004-08-06 00:00:00-04:00,8.929917335510254
2004-08-09 00:00:00-04:00,8.620949745178223
2004-08-10 00:00:00-04:00,8.55312728881836
2004-08-11 00:00:00-04:00,8.176338195800781
2004-08-12 00:00:00-04:00,7.942728042602539
2004-08-13 00:00:00-04:00,7.7241902351379395
2004-08-16 00:00:00-04:00,7.852297782897949
2004-08-17 00:00:00-04:00,8.07837200164795
2004-08-18 00:00:00-04:00,8.19140911102295
2004-08-19 00:00:00-04:00,8.334589004516602
2004-08-20 00:00:00-04:00,8.507912635803223
2004-08-23 00:00:00-04:00,8.628484725952148
2004-08-24 00:00:00-04:00,8.824416160583496
2004-08-25 00:00:00-04:00,8.756593704223633
2004-08-26 00:00:00-04:00,8.86209487915039
2004-08-27 00:00:00-04:00,9.63828182220459
2004-08-30 00:00:00-04:00,9.63828182220459
2004-08-31 00:00:00-04:00,9.487565994262695
2004-09-01 00:00:00-04:00,9.344386100769043
2004-09-02 00:00:00-04:00,9.480030059814453
2004-09-03 00:00:00-04:00,9.660888671875
2004-09-07 00:00:00-04:00,9.593067169189453
2004-09-08 00:00:00-04:00,9.404671669006348
2004-09-09 00:00:00-04:00,9.42728042602539
2004-09-10 00:00:00-04:00,9.826677322387695
2004-09-13 00:00:00-04:00,10.082894325256348
2004-09-14 00:00:00-04:00,10.331575393676758
2004-09-15 00:00:00-04:00,9.902034759521484
2004-09-16 00:00:00-04:00,9.608139038085938
2004-09-17 00:00:00-04:00,9.630745887756348
2004-09-20 00:00:00-04:00,9.615674018859863
2004-09-21 00:00:00-04:00,9.698568344116211
2004-09-22 00:00:00-04:00,10.030142784118652
2004-09-23 00:00:00-04:00,10.113037109375
2004-09-24 00:00:00-04:00,10.22607421875
2004-09-27 00:00:00-04:00,10.02260684967041
2004-09-28 00:00:00-04:00,9.947249412536621
2004-09-29 00:00:00-04:00,9.962321281433105
2004-09-30 00:00:00-04:00,10.060285568237305
2004-10-01 00:00:00-04:00,10.045214653015137
2004-10-04 00:00:00-04:00,10.429539680480957
2004-10-05 00:00:00-04:00,10.399396896362305
2004-10-06 00:00:00-04:00,10.406932830810547
2004-10-07 00:00:00-04:00,10.414468765258789
2004-10-08 00:00:00-04:00,10.391860961914062
2004-10-11 00:00:00-04:00,9.902034759521484
2004-10-12 00:00:00-04:00,9.615674018859863
2004-10-13 00:00:00-04:00,10.22607421875
2004-10-14 00:00:00-04:00,9.63828182220459
2004-10-15 00:00:00-04:00,9.5478515625
2004-10-18 00:00:00-04:00,9.419743537902832
2004-10-19 00:00:00-04:00,9.819141387939453
2004-10-20 00:00:00-04:00,9.653352737426758
2004-10-21 00:00:00-04:00,9.984928131103516
2004-10-22 00:00:00-04:00,9.811605453491211
2004-10-25 00:00:00-04:00,9.419743537902832
2004-10-26 00:00:00-04:00,8.507912635803223
2004-10-27 00:00:00-04:00,8.809344291687012
2004-10-28 00:00:00-04:00,8.952524185180664
2004-10-29 00:00:00-04:00,9.042954444885254
2004-11-01 00:00:00-05:00,8.967596054077148
2004-11-02 00:00:00-05:00,9.434815406799316
2004-11-03 00:00:00-05:00,10.067822456359863
2004-11-04 00:00:00-05:00,9.668424606323242
2004-11-05 00:00:00-05:00,9.856820106506348
2004-11-08 00:00:00-05:00,10.02260684967041
2004-11-09 00:00:00-05:00,10.030142784118652
2004-11-10 00:00:00-05:00,10.052750587463379
2004-11-11 00:00:00-05:00,10.263752937316895
2004-11-12 00:00:00-05:00,10.761115074157715
2004-11-15 00:00:00-05:00,10.738508224487305
2004-11-16 00:00:00-05:00,10.821401596069336
2004-11-17 00:00:00-05:00,11.077618598937988
2004-11-18 00:00:00-05:00,11.175583839416504
2004-11-19 00:00:00-05:00,11.175583839416504
2004-11-22 00:00:00-05:00,10.874152183532715
2004-11-23 00:00:00-05:00,11.0022611618042
2004-11-24 00:00:00-05:00,11.183119773864746
2004-11-26 00:00:00-05:00,11.0022611618042
2004-11-29 00:00:00-05:00,11.152976989746094
2004-11-30 00:00:00-05:00,11.0022611618042
2004-12-01 00:00:00-05:00,10.83647346496582
2004-12-02 00:00:00-05:00,10.8892240524292
2004-12-03 00:00:00-05:00,11.032403945922852
2004-12-06 00:00:00-05:00,10.866616249084473
2004-12-07 00:00:00-05:00,10.746044158935547
2004-12-08 00:00:00-05:00,10.467219352722168
2004-12-09 00:00:00-05:00,10.22607421875
2004-12-10 00:00:00-05:00,10.339111328125
2004-12-13 00:00:00-05:00,10.316502571105957
2004-12-14 00:00:00-05:00,11.085153579711914
2004-12-15 00:00:00-05:00,10.941973686218262
2004-12-16 00:00:00-05:00,11.017332077026367
2004-12-17 00:00:00-05:00,10.994725227355957
2004-12-20 00:00:00-05:00,10.738508224487305
2004-12-21 00:00:00-05:00,10.768651008605957
2004-12-22 00:00:00-05:00,10.595328330993652
2004-12-23 00:00:00-05:00,10.542576789855957
2004-12-27 00:00:00-05:00,10.49736213684082
2004-12-28 00:00:00-05:00,10.308967590332031
2004-12-29 00:00:00-05:00,10.414468765258789
2004-12-30 00:00:00-05:00,10.557648658752441
2004-12-31 00:00:00-05:00,10.36171817779541
2005-01-03 00:00:00-05:00,10.49736213684082
2005-01-04 00:00:00-05:00,10.256217002868652
2005-01-05 00:00:00-05:00,9.623209953308105
2005-01-06 00:00:00-05:00,9.819141387939453
2005-01-07 00:00:00-05:00,9.675960540771484
2005-01-10 00:00:00-05:00,9.434815406799316
2005-01-11 00:00:00-05:00,9.4498872756958
2005-01-12 00:00:00-05:00,9.510172843933105
2005-01-13 00:00:00-05:00,9.555388450622559
2005-01-14 00:00:00-05:00,9.623209953308105
2005-01-18 00:00:00-05:00,9.788997650146484
2005-01-19 00:00:00-05:00,9.917105674743652
2005-01-20 00:00:00-05:00,9.63828182220459
2005-01-21 00:00:00-05:00,9.758854866027832
2005-01-24 00:00:00-05:00,9.532780647277832
2005-01-25 00:00:00-05:00,9.464959144592285
2005-01-26 00:00:00-05:00,9.969857215881348
2005-01-27 00:00:00-05:00,10.467219352722168
2005-01-28 00:00:00-05:00,10.580256462097168
2005-01-31 00:00:00-05:00,10.512434005737305
2005-02-01 00:00:00-05:00,10.640542984008789
2005-02-02 00:00:00-05:00,10.655613899230957
2005-02-03 00:00:00-05:00,10.535040855407715
2005-02-04 00:00:00-05:00,10.406932830810547
2005-02-07 00:00:00-05:00,10.648077964782715
2005-02-08 00:00:00-05:00,10.655613899230957
2005-02-09 00:00:00-05:00,10.670685768127441
2005-02-10 00:00:00-05:00,10.444611549377441
2005-02-11 00:00:00-05:00,10.406932830810547
2005-02-14 00:00:00-05:00,10.753580093383789
2005-02-15 00:00:00-05:00,10.6631498336792
2005-02-16 00:00:00-05:00,10.730972290039062
2005-02-17 00:00:00-05:00,10.595328330993652
2005-02-18 00:00:00-05:00,10.263752937316895
2005-02-22 00:00:00-05:00,10.045214653015137
2005-02-23 00:00:00-05:00,10.030142784118652
2005-02-24 00:00:00-05:00,9.992464065551758
2005-02-25 00:00:00-05:00,10.4521484375
2005-02-28 00:00:00-05:00,10.346647262573242
2005-03-01 00:00:00-05:00,10.037678718566895
2005-03-02 00:00:00-05:00,10.045214653015137
2005-03-03 00:00:00-05:00,10.158251762390137
2005-03-04 00:00:00-05:00,10.211002349853516
2005-03-07 00:00:00-05:00,10.399396896362305
2005-03-08 00:00:00-05:00,10.354182243347168
2005-03-09 00:00:00-05:00,10.0
2005-03-10 00:00:00-05:00,9.758854866027832
2005-03-11 00:00:00-05:00,9.721176147460938
2005-03-14 00:00:00-05:00,9.653352737426758
2005-03-15 00:00:00-05:00,9.555388450622559
2005-03-16 00:00:00-05:00,9.231348991394043
2005-03-17 00:00:00-05:00,9.035417556762695
2005-03-18 00:00:00-05:00,9.291634559631348
2005-03-21 00:00:00-05:00,9.186134338378906
2005-03-22 00:00:00-05:00,9.269027709960938
2005-03-23 00:00:00-05:00,9.1107759475708
2005-03-24 00:00:00-05:00,9.171063423156738
2005-03-28 00:00:00-05:00,9.208742141723633
2005-03-29 00:00:00-05:00,9.08816909790039
2005-03-30 00:00:00-05:00,9.16352653503418
2005-03-31 00:00:00-05:00,9.253955841064453
2005-04-01 00:00:00-05:00,9.155990600585938
2005-04-04 00:00:00-04:00,8.922381401062012
2005-04-05 00:00:00-04:00,9.020346641540527
2005-04-06 00:00:00-04:00,9.073097229003906
2005-04-07 00:00:00-04:00,9.16352653503418
2005-04-08 00:00:00-04:00,8.9977388381958
2005-04-11 00:00:00-04:00,9.133383750915527
2005-04-12 00:00:00-04:00,8.944989204406738
2005-04-13 00:00:00-04:00,8.83948802947998
2005-04-14 00:00:00-04:00,8.628484725952148
2005-04-15 00:00:00-04:00,8.168802261352539
2005-04-18 00:00:00-04:00,7.972870826721191
2005-04-19 00:00:00-04:00,8.063301086425781
2005-04-20 00:00:00-04:00,8.153730392456055
2005-04-21 00:00:00-04:00,8.19140911102295
2005-04-22 00:00:00-04:00,8.50037670135498
2005-04-25 00:00:00-04:00,8.52298355102539
2005-04-26 00:00:00-04:00,8.432555198669434
2005-04-27 00:00:00-04:00,8.229087829589844
2005-04-28 00:00:00-04:00,8.116050720214844
2005-04-29 00:00:00-04:00,8.327054023742676
2005-05-02 00:00:00-04:00,8.447626113891602
2005-05-03 00:00:00-04:00,8.327054023742676
2005-05-04 00:00:00-04:00,8.41748332977295
2005-05-05 00:00:00-04:00,8.628484725952148
2005-05-06 00:00:00-04:00,8.575735092163086
2005-05-09 00:00:00-04:00,8.568199157714844
2005-05-10 00:00:00-04:00,8.66616439819336
2005-05-11 00:00:00-04:00,8.86209487915039
2005-05-12 00:00:00-04:00,8.9977388381958
2005-05-13 00:00:00-04:00,9.118311882019043
2005-05-16 00:00:00-04:00,9.306707382202148
2005-05-17 00:00:00-04:00,9.374528884887695
2005-05-18 00:00:00-04:00,9.510172843933105
2005-05-19 00:00:00-04:00,9.623209953308105
2005-05-20 00:00:00-04:00,9.487565994262695
2005-05-23 00:00:00-04:00,9.668424606323242
2005-05-24 00:00:00-04:00,9.540316581726074
2005-05-25 00:00:00-04:00,9.555388450622559
2005-05-26 00:00:00-04:00,9.623209953308105
2005-05-27 00:00:00-04:00,9.555388450622559
2005-05-31 00:00:00-04:00,9.713640213012695
2005-06-01 00:00:00-04:00,9.577995300292969
2005-06-02 00:00:00-04:00,9.623209953308105
2005-06-03 00:00:00-04:00,10.0
2005-06-06 00:00:00-04:00,9.804068565368652
2005-06-07 00:00:00-04:00,9.97739315032959
2005-06-08 00:00:00-04:00,9.879426956176758
2005-06-09 00:00:00-04:00,10.052750587463379
2005-06-10 00:00:00-04:00,10.143179893493652
2005-06-13 00:00:00-04:00,9.894498825073242
2005-06-14 00:00:00-04:00,10.128108978271484
2005-06-15 00:00:00-04:00,10.173322677612305
2005-06-16 00:00:00-04:00,10.097965240478516
2005-06-17 00:00:00-04:00,10.211002349853516
2005-06-20 00:00:00-04:00,10.09043025970459
2005-06-21 00:00:00-04:00,10.173322677612305
2005-06-22 00:00:00-04:00,10.233610153198242
2005-06-23 00:00:00-04:00,10.339111328125
2005-06-24 00:00:00-04:00,10.188394546508789
2005-06-27 00:00:00-04:00,9.90956974029541
2005-06-28 00:00:00-04:00,9.856820106506348
2005-06-29 00:00:00-04:00,9.86435604095459
2005-06-30 00:00:00-04:00,9.954785346984863
2005-07-01 00:00:00-04:00,9.984928131103516
2005-07-05 00:00:00-04:00,9.856820106506348
2005-07-06 00:00:00-04:00,10.015071868896484
2005-07-07 00:00:00-04:00,9.819141387939453
2005-07-08 00:00:00-04:00,9.879426956176758
2005-07-11 00:00:00-04:00,10.105501174926758
2005-07-12 00:00:00-04:00,10.173322677612305
2005-07-13 00:00:00-04:00,10.308967590332031
2005-07-14 00:00:00-04:00,10.36171817779541
2005-07-15 00:00:00-04:00,10.47475528717041
2005-07-18 00:00:00-04:00,10.414468765258789
2005-07-19 00:00:00-04:00,10.459683418273926
2005-07-20 00:00:00-04:00,10.4521484375
2005-07-21 00:00:00-04:00,10.625471115112305
2005-07-22 00:00:00-04:00,10.670685768127441
2005-07-25 00:00:00-04:00,10.406932830810547
2005-07-26 00:00:00-04:00,10.339111328125
2005-07-27 00:00:00-04:00,10.173322677612305
2005-07-28 00:00:00-04:00,10.165786743164062
2005-07-29 00:00:00-04:00,10.24868106842041
2005-08-01 00:00:00-04:00,10.278823852539062
2005-08-02 00:00:00-04:00,10.256217002868652
2005-08-03 00:00:00-04:00,9.939714431762695
2005-08-04 00:00:00-04:00,9.811605453491211
2005-08-05 00:00:00-04:00,9.63828182220459
2005-08-08 00:00:00-04:00,9.623209953308105
2005-08-09 00:00:00-04:00,9.788997650146484
2005-08-10 00:00:00-04:00,9.841748237609863
2005-08-11 00:00:00-04:00,9.841748237609863
2005-08-12 00:00:00-04:00,10.02260684967041
2005-08-15 00:00:00-04:00,10.075358390808105
2005-08-16 00:00:00-04:00,10.060285568237305
2005-08-17 00:00:00-04:00,9.886962890625
2005-08-18 00:00:00-04:00,9.841748237609863
2005-08-19 00:00:00-04:00,9.886962890625
2005-08-22 00:00:00-04:00,10.060285568237305
2005-08-23 00:00:00-04:00,9.969857215881348
2005-08-24 00:00:00-04:00,9.879426956176758
2005-08-25 00:00:00-04:00,9.796533584594727
2005-08-26 00:00:00-04:00,9.77392578125
2005-08-29 00:00:00-04:00,9.698568344116211
2005-08-30 00:00:00-04:00,9.75131893157959
2005-08-31 00:00:00-04:00,9.721176147460938
2005-09-01 00:00:00-04:00,9.826677322387695
2005-09-02 00:00:00-04:00,9.645817756652832
2005-09-06 00:00:00-04:00,9.721176147460938
2005-09-07 00:00:00-04:00,9.819141387939453
2005-09-08 00:00:00-04:00,10.180858612060547
2005-09-09 00:00:00-04:00,10.173322677612305
2005-09-12 00:00:00-04:00,10.444611549377441
2005-09-13 00:00:00-04:00,10.36171817779541
2005-09-14 00:00:00-04:00,10.263752937316895
2005-09-15 00:00:00-04:00,10.0
2005-09-16 00:00:00-04:00,9.811605453491211
2005-09-19 00:00:00-04:00,9.75131893157959
2005-09-20 00:00:00-04:00,9.698568344116211
2005-09-21 00:00:00-04:00,9.4498872756958
2005-09-22 00:00:00-04:00,9.540316581726074
2005-09-23 00:00:00-04:00,9.329314231872559
2005-09-26 00:00:00-04:00,9.464959144592285
2005-09-27 00:00:00-04:00,9.382064819335938
2005-09-28 00:00:00-04:00,9.329314231872559
2005-09-29 00:00:00-04:00,9.480030059814453
2005-09-30 00:00:00-04:00,9.464959144592285
2005-10-03 00:00:00-04:00,9.706104278564453
2005-10-04 00:00:00-04:00,9.608139038085938
2005-10-05 00:00:00-04:00,9.434815406799316
2005-10-06 00:00:00-04:00,9.08816909790039
2005-10-07 00:00:00-04:00,9.208742141723633
2005-10-10 00:00:00-04:00,8.990202903747559
2005-10-11 00:00:00-04:00,8.97513198852539
2005-10-12 00:00:00-04:00,8.794273376464844
2005-10-13 00:00:00-04:00,8.786737442016602
2005-10-14 00:00:00-04:00,8.922381401062012
2005-10-17 00:00:00-04:00,8.982667922973633
2005-10-18 00:00:00-04:00,8.877166748046875
2005-10-19 00:00:00-04:00,8.72645092010498
2005-10-20 00:00:00-04:00,9.16352653503418
2005-10-21 00:00:00-04:00,9.073097229003906
2005-10-24 00:00:00-04:00,8.899773597717285
2005-10-25 00:00:00-04:00,9.005274772644043
2005-10-26 00:00:00-04:00,7.362472057342529
2005-10-27 00:00:00-04:00,6.97061014175415
2005-10-28 00:00:00-04:00,7.1514692306518555
2005-10-31 00:00:00-05:00,7.264505863189697
2005-11-01 00:00:00-05:00,6.97061014175415
2005-11-02 00:00:00-05:00,7.159005165100098
2005-11-03 00:00:00-05:00,7.211756229400635
2005-11-04 00:00:00-05:00,6.993217945098877
2005-11-07 00:00:00-05:00,7.076111793518066
2005-11-08 00:00:00-05:00,7.249434947967529
2005-11-09 00:00:00-05:00,7.528258800506592
2005-11-10 00:00:00-05:00,7.437829971313477
2005-11-11 00:00:00-05:00,7.4529008865356445
2005-11-14 00:00:00-05:00,7.6111531257629395
2005-11-15 00:00:00-05:00,7.6789751052856445
2005-11-16 00:00:00-05:00,7.5659379959106445
2005-11-17 00:00:00-05:00,7.41522216796875
2005-11-18 00:00:00-05:00,7.648831844329834
2005-11-21 00:00:00-05:00,7.535795211791992
2005-11-22 00:00:00-05:00,7.437829971313477
2005-11-23 00:00:00-05:00,7.573473930358887
2005-11-25 00:00:00-05:00,7.814619064331055
2005-11-28 00:00:00-05:00,8.116050720214844
2005-11-29 00:00:00-05:00,7.980407238006592
2005-11-30 00:00:00-05:00,7.663904190063477
2005-12-01 00:00:00-05:00,7.889976978302002
2005-12-02 00:00:00-05:00,8.131122589111328
2005-12-05 00:00:00-05:00,8.040693283081055
2005-12-06 00:00:00-05:00,8.040693283081055
2005-12-07 00:00:00-05:00,8.153730392456055
2005-12-08 00:00:00-05:00,8.033157348632812
2005-12-09 00:00:00-05:00,7.942728042602539
2005-12-12 00:00:00-05:00,8.063301086425781
2005-12-13 00:00:00-05:00,8.063301086425781
2005-12-14 00:00:00-05:00,8.244159698486328
2005-12-15 00:00:00-05:00,8.07837200164795
2005-12-16 00:00:00-05:00,8.13865852355957
2005-12-19 00:00:00-05:00,8.364731788635254
2005-12-20 00:00:00-05:00,8.236623764038086
2005-12-21 00:00:00-05:00,8.13865852355957
2005-12-22 00:00:00-05:00,8.168802261352539
2005-12-23 00:00:00-05:00,8.342124938964844
2005-12-27 00:00:00-05:00,8.311982154846191
2005-12-28 00:00:00-05:00,8.176338195800781
2005-12-29 00:00:00-05:00,8.018086433410645
2005-12-30 00:00:00-05:00,7.769404888153076
2006-01-03 00:00:00-05:00,7.882441997528076
2006-01-04 00:00:00-05:00,7.9125847816467285
2006-01-05 00:00:00-05:00,8.25169563293457
2006-01-06 00:00:00-05:00,8.327054023742676
2006-01-09 00:00:00-05:00,8.432555198669434
2006-01-10 00:00:00-05:00,8.44009017944336
2006-01-11 00:00:00-05:00,8.357196807861328
2006-01-12 00:00:00-05:00,8.327054023742676
2006-01-13 00:00:00-05:00,8.116050720214844
2006-01-17 00:00:00-05:00,8.040693283081055
2006-01-18 00:00:00-05:00,7.980407238006592
2006-01-19 00:00:00-05:00,8.146194458007812
2006-01-20 00:00:00-05:00,8.198945045471191
2006-01-23 00:00:00-05:00,7.950263977050781
2006-01-24 00:00:00-05:00,7.935192108154297
2006-01-25 00:00:00-05:00,8.025622367858887
2006-01-26 00:00:00-05:00,8.13865852355957
2006-01-27 00:00:00-05:00,8.146194458007812
2006-01-30 00:00:00-05:00,7.965334892272949
2006-01-31 00:00:00-05:00,7.935192108154297
2006-02-01 00:00:00-05:00,7.377542972564697
2006-02-02 00:00:00-05:00,7.965334892272949
2006-02-03 00:00:00-05:00,7.761868953704834
2006-02-06 00:00:00-05:00,7.535795211791992
2006-02-07 00:00:00-05:00,7.603617191314697
2006-02-08 00:00:00-05:00,7.701582908630371
2006-02-09 00:00:00-05:00,7.663904190063477
2006-02-10 00:00:00-05:00,7.5659379959106445
2006-02-13 00:00:00-05:00,7.558402061462402
2006-02-14 00:00:00-05:00,7.558402061462402
2006-02-15 00:00:00-05:00,7.490580081939697
2006-02-16 00:00:00-05:00,7.671439170837402
2006-02-17 00:00:00-05:00,7.731726169586182
2006-02-21 00:00:00-05:00,7.995479106903076
2006-02-22 00:00:00-05:00,7.867370128631592
2006-02-23 00:00:00-05:00,7.897512912750244
2006-02-24 00:00:00-05:00,7.85983419418335
2006-02-27 00:00:00-05:00,8.063301086425781
2006-02-28 00:00:00-05:00,8.003013610839844
2006-03-01 00:00:00-05:00,8.100979804992676
2006-03-02 00:00:00-05:00,7.844762802124023
2006-03-03 00:00:00-05:00,7.807084083557129
2006-03-06 00:00:00-05:00,7.7920122146606445
2006-03-07 00:00:00-05:00,7.74679708480835
2006-03-08 00:00:00-05:00,7.663904190063477
2006-03-09 00:00:00-05:00,7.74679708480835
2006-03-10 00:00:00-05:00,7.618689060211182
2006-03-13 00:00:00-05:00,7.6789751052856445
2006-03-14 00:00:00-05:00,7.603617191314697
2006-03-15 00:00:00-05:00,7.671439170837402
2006-03-16 00:00:00-05:00,7.814619064331055
2006-03-17 00:00:00-05:00,7.7241902351379395
2006-03-20 00:00:00-05:00,7.709117889404297
2006-03-21 00:00:00-05:00,7.626224994659424
2006-03-22 00:00:00-05:00,7.6111531257629395
2006-03-23 00:00:00-05:00,7.618689060211182
2006-03-24 00:00:00-05:00,7.648831844329834
2006-03-27 00:00:00-05:00,7.686511039733887
2006-03-28 00:00:00-05:00,7.648831844329834
2006-03-29 00:00:00-05:00,7.6111531257629395
2006-03-30 00:00:00-05:00,7.844762802124023
2006-03-31 00:00:00-05:00,7.829690933227539
2006-04-03 00:00:00-04:00,7.776939868927002
2006-04-04 00:00:00-04:00,7.9125847816467285
2006-04-05 00:00:00-04:00,8.085907936096191
2006-04-06 00:00:00-04:00,8.206480979919434
2006-04-07 00:00:00-04:00,8.206480979919434
2006-04-10 00:00:00-04:00,8.085907936096191
2006-04-11 00:00:00-04:00,8.063301086425781
2006-04-12 00:00:00-04:00,7.9125847816467285
2006-04-13 00:00:00-04:00,7.987943172454834
2006-04-17 00:00:00-04:00,8.334589004516602
2006-04-18 00:00:00-04:00,8.492840766906738
2006-04-19 00:00:00-04:00,8.651092529296875
2006-04-20 00:00:00-04:00,8.560663223266602
2006-04-21 00:00:00-04:00,8.41748332977295
2006-04-24 00:00:00-04:00,8.364731788635254
2006-04-25 00:00:00-04:00,8.409947395324707
2006-04-26 00:00:00-04:00,8.349660873413086
2006-04-27 00:00:00-04:00,8.515447616577148
2006-04-28 00:00:00-04:00,8.470233917236328
2006-05-01 00:00:00-04:00,8.681236267089844
2006-05-02 00:00:00-04:00,8.462697982788086
2006-05-03 00:00:00-04:00,8.756593704223633
2006-05-04 00:00:00-04:00,8.764129638671875
2006-05-05 00:00:00-04:00,9.020346641540527
2006-05-08 00:00:00-04:00,8.824416160583496
2006-05-09 00:00:00-04:00,9.193670272827148
2006-05-10 00:00:00-04:00,9.291634559631348
2006-05-11 00:00:00-04:00,9.118311882019043
2006-05-12 00:00:00-04:00,8.944989204406738
2006-05-15 00:00:00-04:00,8.86209487915039
2006-05-16 00:00:00-04:00,8.651092529296875
2006-05-17 00:00:00-04:00,8.55312728881836
2006-05-18 00:00:00-04:00,8.357196807861328
2006-05-19 00:00:00-04:00,8.357196807861328
2006-05-22 00:00:00-04:00,8.30444622039795
2006-05-23 00:00:00-04:00,8.357196807861328
2006-05-24 00:00:00-04:00,8.146194458007812
2006-05-25 00:00:00-04:00,8.342124938964844
2006-05-26 00:00:00-04:00,8.515447616577148
2006-05-30 00:00:00-04:00,8.568199157714844
2006-05-31 00:00:00-04:00,8.402411460876465
2006-06-01 00:00:00-04:00,8.41748332977295
2006-06-02 00:00:00-04:00,8.688772201538086
2006-06-05 00:00:00-04:00,8.605877876281738
2006-06-06 00:00:00-04:00,8.477768898010254
2006-06-07 00:00:00-04:00,8.38733959197998
2006-06-08 00:00:00-04:00,8.033157348632812
2006-06-09 00:00:00-04:00,7.905048847198486
2006-06-12 00:00:00-04:00,7.957799911499023
2006-06-13 00:00:00-04:00,7.648831844329834
2006-06-14 00:00:00-04:00,7.490580081939697
2006-06-15 00:00:00-04:00,7.648831844329834
2006-06-16 00:00:00-04:00,7.927656173706055
2006-06-19 00:00:00-04:00,7.769404888153076
2006-06-20 00:00:00-04:00,7.573473930358887
2006-06-21 00:00:00-04:00,7.822154998779297
2006-06-22 00:00:00-04:00,7.897512912750244
2006-06-23 00:00:00-04:00,7.731726169586182
2006-06-26 00:00:00-04:00,7.63375997543335
2006-06-27 00:00:00-04:00,7.63375997543335
2006-06-28 00:00:00-04:00,7.52072286605835
2006-06-29 00:00:00-04:00,7.739261150360107
2006-06-30 00:00:00-04:00,8.100979804992676
2006-07-03 00:00:00-04:00,7.995479106903076
2006-07-05 00:00:00-04:00,8.040693283081055
2006-07-06 00:00:00-04:00,7.965334892272949
2006-07-07 00:00:00-04:00,7.905048847198486
2006-07-10 00:00:00-04:00,7.769404888153076
2006-07-11 00:00:00-04:00,7.641295909881592
2006-07-12 00:00:00-04:00,7.626224994659424
2006-07-13 00:00:00-04:00,7.528258800506592
2006-07-14 00:00:00-04:00,7.535795211791992
2006-07-17 00:00:00-04:00,7.4981160163879395
2006-07-18 00:00:00-04:00,7.573473930358887
2006-07-19 00:00:00-04:00,7.663904190063477
2006-07-20 00:00:00-04:00,7.74679708480835
2006-07-21 00:00:00-04:00,7.837226867675781
2006-07-24 00:00:00-04:00,7.6111531257629395
2006-07-25 00:00:00-04:00,7.731726169586182
2006-07-26 00:00:00-04:00,8.281839370727539
2006-07-27 00:00:00-04:00,8.55312728881836
2006-07-28 00:00:00-04:00,8.470233917236328
2006-07-31 00:00:00-04:00,8.44009017944336
2006-08-01 00:00:00-04:00,8.515447616577148
2006-08-02 00:00:00-04:00,8.342124938964844
2006-08-03 00:00:00-04:00,8.372267723083496
2006-08-04 00:00:00-04:00,8.756593704223633
2006-08-07 00:00:00-04:00,8.72645092010498
2006-08-08 00:00:00-04:00,8.66616439819336
2006-08-09 00:00:00-04:00,8.854558944702148
2006-08-10 00:00:00-04:00,8.764129638671875
2006-08-11 00:00:00-04:00,8.711379051208496
2006-08-14 00:00:00-04:00,8.816880226135254
2006-08-15 00:00:00-04:00,8.831952095031738
2006-08-16 00:00:00-04:00,8.944989204406738
2006-08-17 00:00:00-04:00,8.944989204406738
2006-08-18 00:00:00-04:00,9.080633163452148
2006-08-21 00:00:00-04:00,9.118311882019043
2006-08-22 00:00:00-04:00,8.990202903747559
2006-08-23 00:00:00-04:00,8.967596054077148
2006-08-24 00:00:00-04:00,8.854558944702148
2006-08-25 00:00:00-04:00,8.696307182312012
2006-08-28 00:00:00-04:00,8.718914985656738
2006-08-29 00:00:00-04:00,8.74905776977539
2006-08-30 00:00:00-04:00,8.74905776977539
2006-08-31 00:00:00-04:00,8.809344291687012
2006-09-01 00:00:00-04:00,8.892237663269043
2006-09-05 00:00:00-04:00,8.801809310913086
2006-09-06 00:00:00-04:00,8.7716646194458
2006-09-07 00:00:00-04:00,8.477768898010254
2006-09-08 00:00:00-04:00,8.756593704223633
2006-09-11 00:00:00-04:00,8.854558944702148
2006-09-12 00:00:00-04:00,8.960060119628906
2006-09-13 00:00:00-04:00,9.344386100769043
2006-09-14 00:00:00-04:00,9.329314231872559
2006-09-15 00:00:00-04:00,9.487565994262695
2006-09-18 00:00:00-04:00,9.344386100769043
2006-09-19 00:00:00-04:00,9.41220760345459
2006-09-20 00:00:00-04:00,9.238884925842285
2006-09-21 00:00:00-04:00,9.457423210144043
2006-09-22 00:00:00-04:00,9.299171447753906
2006-09-25 00:00:00-04:00,9.155990600585938
2006-09-26 00:00:00-04:00,9.366992950439453
2006-09-27 00:00:00-04:00,9.517708778381348
2006-09-28 00:00:00-04:00,9.675960540771484
2006-09-29 00:00:00-04:00,9.721176147460938
2006-10-02 00:00:00-04:00,9.52524471282959
2006-10-03 00:00:00-04:00,9.480030059814453
2006-10-04 00:00:00-04:00,9.532780647277832
2006-10-05 00:00:00-04:00,9.721176147460938
2006-10-06 00:00:00-04:00,9.623209953308105
2006-10-09 00:00:00-04:00,9.41220760345459
2006-10-10 00:00:00-04:00,9.457423210144043
2006-10-11 00:00:00-04:00,9.359457015991211
2006-10-12 00:00:00-04:00,9.894498825073242
2006-10-13 00:00:00-04:00,9.856820106506348
2006-10-16 00:00:00-04:00,9.894498825073242
2006-10-17 00:00:00-04:00,9.811605453491211
2006-10-18 00:00:00-04:00,9.736247062683105
2006-10-19 00:00:00-04:00,9.540316581726074
2006-10-20 00:00:00-04:00,9.660888671875
2006-10-23 00:00:00-04:00,9.5629243850708
2006-10-24 00:00:00-04:00,9.306707382202148
2006-10-25 00:00:00-04:00,8.937453269958496
2006-10-26 00:00:00-04:00,9.103240013122559
2006-10-27 00:00:00-04:00,9.058026313781738
2006-10-30 00:00:00-05:00,8.801809310913086
2006-10-31 00:00:00-05:00,8.892237663269043
2006-11-01 00:00:00-05:00,8.764129638671875
2006-11-02 00:00:00-05:00,8.492840766906738
2006-11-03 00:00:00-05:00,8.560663223266602
2006-11-06 00:00:00-05:00,8.55312728881836
2006-11-07 00:00:00-05:00,8.643556594848633
2006-11-08 00:00:00-05:00,8.66616439819336
2006-11-09 00:00:00-05:00,8.779200553894043
2006-11-10 00:00:00-05:00,8.711379051208496
2006-11-13 00:00:00-05:00,8.7716646194458
2006-11-14 00:00:00-05:00,8.86209487915039
2006-11-15 00:00:00-05:00,8.779200553894043
2006-11-16 00:00:00-05:00,8.816880226135254
2006-11-17 00:00:00-05:00,8.786737442016602
2006-11-20 00:00:00-05:00,8.681236267089844
2006-11-21 00:00:00-05:00,8.718914985656738
2006-11-22 00:00:00-05:00,8.66616439819336
2006-11-24 00:00:00-05:00,8.628484725952148
2006-11-27 00:00:00-05:00,8.568199157714844
2006-11-28 00:00:00-05:00,8.447626113891602
2006-11-29 00:00:00-05:00,8.379803657531738
2006-11-30 00:00:00-05:00,8.477768898010254
2006-12-01 00:00:00-05:00,8.507912635803223
2006-12-04 00:00:00-05:00,8.477768898010254
2006-12-05 00:00:00-05:00,8.605877876281738
2006-12-06 00:00:00-05:00,8.658628463745117
2006-12-07 00:00:00-05:00,8.899773597717285
2006-12-08 00:00:00-05:00,8.794273376464844
2006-12-11 00:00:00-05:00,8.7716646194458
2006-12-12 00:00:00-05:00,8.756593704223633
2006-12-13 00:00:00-05:00,8.801809310913086
2006-12-14 00:00:00-05:00,8.703843116760254
2006-12-15 00:00:00-05:00,8.869630813598633
2006-12-18 00:00:00-05:00,8.960060119628906
2006-12-19 00:00:00-05:00,8.86209487915039
2006-12-20 00:00:00-05:00,8.741521835327148
2006-12-21 00:00:00-05:00,8.696307182312012
2006-12-22 00:00:00-05:00,8.605877876281738
2006-12-26 00:00:00-05:00,8.492840766906738
2006-12-27 00:00:00-05:00,8.605877876281738
2006-12-28 00:00:00-05:00,8.560663223266602
2006-12-29 00:00:00-05:00,8.66616439819336
2007-01-03 00:00:00-05:00,8.688772201538086
2007-01-04 00:00:00-05:00,8.583271026611328
2007-01-05 00:00:00-05:00,8.681236267089844
2007-01-08 00:00:00-05:00,8.733985900878906
2007-01-09 00:00:00-05:00,8.756593704223633
2007-01-10 00:00:00-05:00,8.66616439819336
2007-01-11 00:00:00-05:00,8.83948802947998
2007-01-12 00:00:00-05:00,8.877166748046875
2007-01-16 00:00:00-05:00,9.103240013122559
2007-01-17 00:00:00-05:00,9.216277122497559
2007-01-18 00:00:00-05:00,9.005274772644043
2007-01-19 00:00:00-05:00,8.816880226135254
2007-01-22 00:00:00-05:00,8.877166748046875
2007-01-23 00:00:00-05:00,8.711379051208496
2007-01-24 00:00:00-05:00,8.711379051208496
2007-01-25 00:00:00-05:00,8.681236267089844
2007-01-26 00:00:00-05:00,8.590806007385254
2007-01-29 00:00:00-05:00,8.455162048339844
2007-01-30 00:00:00-05:00,8.515447616577148
2007-01-31 00:00:00-05:00,8.74905776977539
2007-02-01 00:00:00-05:00,9.042954444885254
2007-02-02 00:00:00-05:00,8.74905776977539
2007-02-05 00:00:00-05:00,8.658628463745117
2007-02-06 00:00:00-05:00,8.402411460876465
2007-02-07 00:00:00-05:00,8.628484725952148
2007-02-08 00:00:00-05:00,8.703843116760254
2007-02-09 00:00:00-05:00,8.741521835327148
2007-02-12 00:00:00-05:00,8.673700332641602
2007-02-13 00:00:00-05:00,8.568199157714844
2007-02-14 00:00:00-05:00,8.74905776977539
2007-02-15 00:00:00-05:00,8.7716646194458
2007-02-16 00:00:00-05:00,9.027881622314453
2007-02-20 00:00:00-05:00,8.982667922973633
2007-02-21 00:00:00-05:00,8.914846420288086
2007-02-22 00:00:00-05:00,9.125847816467285
2007-02-23 00:00:00-05:00,9.035417556762695
2007-02-26 00:00:00-05:00,9.012810707092285
2007-02-27 00:00:00-05:00,8.696307182312012
2007-02-28 00:00:00-05:00,8.485304832458496
2007-03-01 00:00:00-05:00,8.085907936096191
2007-03-02 00:00:00-05:00,8.221551895141602
2007-03-05 00:00:00-05:00,8.176338195800781
2007-03-06 00:00:00-05:00,8.214016914367676
2007-03-07 00:00:00-05:00,8.319518089294434
2007-03-08 00:00:00-05:00,8.364731788635254
2007-03-09 00:00:00-05:00,8.372267723083496
2007-03-12 00:00:00-04:00,8.327054023742676
2007-03-13 00:00:00-04:00,8.319518089294434
2007-03-14 00:00:00-04:00,8.311982154846191
2007-03-15 00:00:00-04:00,8.349660873413086
2007-03-16 00:00:00-04:00,8.25169563293457
2007-03-19 00:00:00-04:00,8.349660873413086
2007-03-20 00:00:00-04:00,8.379803657531738
2007-03-21 00:00:00-04:00,8.327054023742676
2007-03-22 00:00:00-04:00,8.25169563293457
2007-03-23 00:00:00-04:00,8.327054023742676
2007-03-26 00:00:00-04:00,8.41748332977295
2007-03-27 00:00:00-04:00,8.409947395324707
2007-03-28 00:00:00-04:00,8.274303436279297
2007-03-29 00:00:00-04:00,8.131122589111328
2007-03-30 00:00:00-04:00,8.168802261352539
2007-04-02 00:00:00-04:00,8.244159698486328
2007-04-03 00:00:00-04:00,8.236623764038086
2007-04-04 00:00:00-04:00,8.25169563293457
2007-04-05 00:00:00-04:00,8.349660873413086
2007-04-09 00:00:00-04:00,8.30444622039795
2007-04-10 00:00:00-04:00,8.296910285949707
2007-04-11 00:00:00-04:00,8.214016914367676
2007-04-12 00:00:00-04:00,8.214016914367676
2007-04-13 00:00:00-04:00,8.259230613708496
2007-04-16 00:00:00-04:00,8.311982154846191
2007-04-17 00:00:00-04:00,8.447626113891602
2007-04-18 00:00:00-04:00,8.492840766906738
2007-04-19 00:00:00-04:00,8.334589004516602
2007-04-20 00:00:00-04:00,8.53052043914795
2007-04-23 00:00:00-04:00,8.409947395324707
2007-04-24 00:00:00-04:00,8.357196807861328
2007-04-25 00:00:00-04:00,8.319518089294434
2007-04-26 00:00:00-04:00,8.477768898010254
2007-04-27 00:00:00-04:00,8.673700332641602
2007-04-30 00:00:00-04:00,8.794273376464844
2007-05-01 00:00:00-04:00,8.402411460876465
2007-05-02 00:00:00-04:00,8.492840766906738
2007-05-03 00:00:00-04:00,8.696307182312012
2007-05-04 00:00:00-04:00,8.801809310913086
2007-05-07 00:00:00-04:00,8.658628463745117
2007-05-08 00:00:00-04:00,8.651092529296875
2007-05-09 00:00:00-04:00,8.681236267089844
2007-05-10 00:00:00-04:00,8.809344291687012
2007-05-11 00:00:00-04:00,8.598341941833496
2007-05-14 00:00:00-04:00,8.643556594848633
2007-05-15 00:00:00-04:00,8.63602066040039
2007-05-16 00:00:00-04:00,8.492840766906738
2007-05-17 00:00:00-04:00,8.515447616577148
2007-05-18 00:00:00-04:00,8.462697982788086
2007-05-21 00:00:00-04:00,8.432555198669434
2007-05-22 00:00:00-04:00,8.515447616577148
2007-05-23 00:00:00-04:00,8.545592308044434
2007-05-24 00:00:00-04:00,8.55312728881836
2007-05-25 00:00:00-04:00,8.507912635803223
2007-05-29 00:00:00-04:00,8.372267723083496
2007-05-30 00:00:00-04:00,8.357196807861328
2007-05-31 00:00:00-04:00,8.52298355102539
2007-06-01 00:00:00-04:00,8.688772201538086
2007-06-04 00:00:00-04:00,8.831952095031738
2007-06-05 00:00:00-04:00,8.590806007385254
2007-06-06 00:00:00-04:00,8.221551895141602
2007-06-07 00:00:00-04:00,8.183873176574707
2007-06-08 00:00:00-04:00,8.206480979919434
2007-06-11 00:00:00-04:00,8.198945045471191
2007-06-12 00:00:00-04:00,8.349660873413086
2007-06-13 00:00:00-04:00,8.334589004516602
2007-06-14 00:00:00-04:00,8.372267723083496
2007-06-15 00:00:00-04:00,8.470233917236328
2007-06-18 00:00:00-04:00,8.349660873413086
2007-06-19 00:00:00-04:00,8.409947395324707
2007-06-20 00:00:00-04:00,8.447626113891602
2007-06-21 00:00:00-04:00,8.327054023742676
2007-06-22 00:00:00-04:00,8.50037670135498
2007-06-25 00:00:00-04:00,8.372267723083496
2007-06-26 00:00:00-04:00,8.289375305175781
2007-06-27 00:00:00-04:00,8.100979804992676
2007-06-28 00:00:00-04:00,8.311982154846191
2007-06-29 00:00:00-04:00,8.402411460876465
2007-07-02 00:00:00-04:00,8.229087829589844
2007-07-03 00:00:00-04:00,8.30444622039795
2007-07-05 00:00:00-04:00,8.38733959197998
2007-07-06 00:00:00-04:00,8.327054023742676
2007-07-09 00:00:00-04:00,8.30444622039795
2007-07-10 00:00:00-04:00,8.334589004516602
2007-07-11 00:00:00-04:00,8.221551895141602
2007-07-12 00:00:00-04:00,8.266766548156738
2007-07-13 00:00:00-04:00,8.402411460876465
2007-07-16 00:00:00-04:00,8.470233917236328
2007-07-17 00:00:00-04:00,8.50037670135498
2007-07-18 00:00:00-04:00,8.598341941833496
2007-07-19 00:00:00-04:00,8.507912635803223
2007-07-20 00:00:00-04:00,8.7716646194458
2007-07-23 00:00:00-04:00,8.658628463745117
2007-07-24 00:00:00-04:00,8.643556594848633
2007-07-25 00:00:00-04:00,8.598341941833496
2007-07-26 00:00:00-04:00,8.462697982788086
2007-07-27 00:00:00-04:00,8.53052043914795
2007-07-30 00:00:00-04:00,8.364731788635254
2007-07-31 00:00:00-04:00,8.462697982788086
2007-08-01 00:00:00-04:00,8.41748332977295
2007-08-02 00:00:00-04:00,8.583271026611328
2007-08-03 00:00:00-04:00,8.63602066040039
2007-08-06 00:00:00-04:00,8.30444622039795
2007-08-07 00:00:00-04:00,8.334589004516602
2007-08-08 00:00:00-04:00,8.50037670135498
2007-08-09 00:00:00-04:00,8.53052043914795
2007-08-10 00:00:00-04:00,8.620949745178223
2007-08-13 00:00:00-04:00,8.831952095031738
2007-08-14 00:00:00-04:00,8.72645092010498
2007-08-15 00:00:00-04:00,8.507912635803223
2007-08-16 00:00:00-04:00,8.259230613708496
2007-08-17 00:00:00-04:00,8.289375305175781
2007-08-20 00:00:00-04:00,8.372267723083496
2007-08-21 00:00:00-04:00,8.311982154846191
2007-08-22 00:00:00-04:00,8.259230613708496
2007-08-23 00:00:00-04:00,8.402411460876465
2007-08-24 00:00:00-04:00,8.25169563293457
2007-08-27 00:00:00-04:00,8.379803657531738
2007-08-28 00:00:00-04:00,8.229087829589844
2007-08-29 00:00:00-04:00,8.176338195800781
2007-08-30 00:00:00-04:00,8.402411460876465
2007-08-31 00:00:00-04:00,8.538056373596191
2007-09-04 00:00:00-04:00,8.583271026611328
2007-09-05 00:00:00-04:00,8.741521835327148
2007-09-06 00:00:00-04:00,9.035417556762695
2007-09-07 00:00:00-04:00,8.960060119628906
2007-09-10 00:00:00-04:00,9.012810707092285
2007-09-11 00:00:00-04:00,8.97513198852539
2007-09-12 00:00:00-04:00,8.929917335510254
2007-09-13 00:00:00-04:00,8.960060119628906
2007-09-14 00:00:00-04:00,8.892237663269043
2007-09-17 00:00:00-04:00,8.877166748046875
2007-09-18 00:00:00-04:00,8.86209487915039
2007-09-19 00:00:00-04:00,8.967596054077148
2007-09-20 00:00:00-04:00,8.794273376464844
2007-09-21 00:00:00-04:00,8.66616439819336
2007-09-24 00:00:00-04:00,8.681236267089844
2007-09-25 00:00:00-04:00,8.651092529296875
2007-09-26 00:00:00-04:00,8.72645092010498
2007-09-27 00:00:00-04:00,8.703843116760254
2007-09-28 00:00:00-04:00,8.470233917236328
2007-10-01 00:00:00-04:00,8.44009017944336
2007-10-02 00:00:00-04:00,8.545592308044434
2007-10-03 00:00:00-04:00,8.55312728881836
2007-10-04 00:00:00-04:00,8.52298355102539
2007-10-05 00:00:00-04:00,8.402411460876465
2007-10-08 00:00:00-04:00,8.61341381072998
2007-10-09 00:00:00-04:00,8.575735092163086
2007-10-10 00:00:00-04:00,8.741521835327148
2007-10-11 00:00:00-04:00,8.892237663269043
2007-10-12 00:00:00-04:00,8.598341941833496
2007-10-15 00:00:00-04:00,8.590806007385254
2007-10-16 00:00:00-04:00,8.63602066040039
2007-10-17 00:00:00-04:00,8.809344291687012
2007-10-18 00:00:00-04:00,8.8847017288208
2007-10-19 00:00:00-04:00,9.155990600585938
2007-10-22 00:00:00-04:00,8.643556594848633
2007-10-23 00:00:00-04:00,8.681236267089844
2007-10-24 00:00:00-04:00,8.907309532165527
2007-10-25 00:00:00-04:00,8.990202903747559
2007-10-26 00:00:00-04:00,8.922381401062012
2007-10-29 00:00:00-04:00,9.118311882019043
2007-10-30 00:00:00-04:00,9.261491775512695
2007-10-31 00:00:00-04:00,9.231348991394043
2007-11-01 00:00:00-04:00,9.231348991394043
2007-11-02 00:00:00-04:00,9.171063423156738
2007-11-05 00:00:00-05:00,9.193670272827148
2007-11-06 00:00:00-05:00,9.246419906616211
2007-11-07 00:00:00-05:00,9.969857215881348
2007-11-08 00:00:00-05:00,9.947249412536621
2007-11-09 00:00:00-05:00,9.472494125366211
2007-11-12 00:00:00-05:00,9.42728042602539
2007-11-13 00:00:00-05:00,9.246419906616211
2007-11-14 00:00:00-05:00,9.186134338378906
2007-11-15 00:00:00-05:00,9.193670272827148
2007-11-16 00:00:00-05:00,9.050490379333496
2007-11-19 00:00:00-05:00,9.027881622314453
2007-11-20 00:00:00-05:00,9.012810707092285
2007-11-21 00:00:00-05:00,8.703843116760254
2007-11-23 00:00:00-05:00,9.08816909790039
2007-11-26 00:00:00-05:00,9.080633163452148
2007-11-27 00:00:00-05:00,9.050490379333496
2007-11-28 00:00:00-05:00,9.140918731689453
2007-11-29 00:00:00-05:00,9.058026313781738
2007-11-30 00:00:00-05:00,9.148454666137695
2007-12-03 00:00:00-05:00,8.97513198852539
2007-12-04 00:00:00-05:00,8.952524185180664
2007-12-05 00:00:00-05:00,9.050490379333496
2007-12-06 00:00:00-05:00,8.990202903747559
2007-12-07 00:00:00-05:00,9.027881622314453
2007-12-10 00:00:00-05:00,9.058026313781738
2007-12-11 00:00:00-05:00,8.982667922973633
2007-12-12 00:00:00-05:00,9.012810707092285
2007-12-13 00:00:00-05:00,8.86209487915039
2007-12-14 00:00:00-05:00,8.794273376464844
2007-12-17 00:00:00-05:00,8.801809310913086
2007-12-18 00:00:00-05:00,8.816880226135254
2007-12-19 00:00:00-05:00,8.847023010253906
2007-12-20 00:00:00-05:00,9.005274772644043
2007-12-21 00:00:00-05:00,9.171063423156738
2007-12-24 00:00:00-05:00,9.171063423156738
2007-12-26 00:00:00-05:00,9.095705032348633
2007-12-27 00:00:00-05:00,9.16352653503418
2007-12-28 00:00:00-05:00,9.140918731689453
2007-12-31 00:00:00-05:00,9.118311882019043
2008-01-02 00:00:00-05:00,9.118311882019043
2008-01-03 00:00:00-05:00,8.816880226135254
2008-01-04 00:00:00-05:00,8.816880226135254
2008-01-07 00:00:00-05:00,8.425019264221191
2008-01-08 00:00:00-05:00,8.462697982788086
2008-01-09 00:00:00-05:00,8.25169563293457
2008-01-10 00:00:00-05:00,8.13865852355957
2008-01-11 00:00:00-05:00,8.153730392456055
2008-01-14 00:00:00-05:00,8.221551895141602
2008-01-15 00:00:00-05:00,8.19140911102295
2008-01-16 00:00:00-05:00,8.116050720214844
2008-01-17 00:00:00-05:00,7.663904190063477
2008-01-18 00:00:00-05:00,7.490580081939697
2008-01-22 00:00:00-05:00,7.000753879547119
2008-01-23 00:00:00-05:00,6.895252227783203
2008-01-24 00:00:00-05:00,7.234363079071045
2008-01-25 00:00:00-05:00,7.535795211791992
2008-01-28 00:00:00-05:00,7.407687187194824
2008-01-29 00:00:00-05:00,7.6111531257629395
2008-01-30 00:00:00-05:00,7.987943172454834
2008-01-31 00:00:00-05:00,8.598341941833496
2008-02-01 00:00:00-05:00,8.922381401062012
2008-02-04 00:00:00-05:00,9.065561294555664
2008-02-05 00:00:00-05:00,8.66616439819336
2008-02-06 00:00:00-05:00,8.409947395324707
2008-02-07 00:00:00-05:00,8.289375305175781
2008-02-08 00:00:00-05:00,8.327054023742676
2008-02-11 00:00:00-05:00,8.41748332977295
2008-02-12 00:00:00-05:00,8.605877876281738
2008-02-13 00:00:00-05:00,8.545592308044434
2008-02-14 00:00:00-05:00,8.651092529296875
2008-02-15 00:00:00-05:00,8.183873176574707
2008-02-19 00:00:00-05:00,8.372267723083496
2008-02-20 00:00:00-05:00,8.018086433410645
2008-02-21 00:00:00-05:00,8.100979804992676
2008-02-22 00:00:00-05:00,7.995479106903076
2008-02-25 00:00:00-05:00,7.965334892272949
2008-02-26 00:00:00-05:00,8.123586654663086
2008-02-27 00:00:00-05:00,8.07837200164795
2008-02-28 00:00:00-05:00,7.957799911499023
2008-02-29 00:00:00-05:00,7.829690933227539
2008-03-03 00:00:00-05:00,7.701582908630371
2008-03-04 00:00:00-05:00,7.7241902351379395
2008-03-05 00:00:00-05:00,7.754333019256592
2008-03-06 00:00:00-05:00,7.905048847198486
2008-03-07 00:00:00-05:00,7.543331146240234
2008-03-10 00:00:00-04:00,7.648831844329834
2008-03-11 00:00:00-04:00,7.490580081939697
2008-03-12 00:00:00-04:00,7.490580081939697
2008-03-13 00:00:00-04:00,7.354936122894287
2008-03-14 00:00:00-04:00,7.603617191314697
2008-03-17 00:00:00-04:00,7.1439337730407715
2008-03-18 00:00:00-04:00,7.05350399017334
2008-03-19 00:00:00-04:00,7.234363079071045
2008-03-20 00:00:00-04:00,7.249434947967529
2008-03-24 00:00:00-04:00,7.2720417976379395
2008-03-25 00:00:00-04:00,7.550867080688477
2008-03-26 00:00:00-04:00,7.4981160163879395
2008-03-27 00:00:00-04:00,7.347400188446045
2008-03-28 00:00:00-04:00,7.309720993041992
2008-03-31 00:00:00-04:00,7.008288860321045
2008-04-01 00:00:00-04:00,7.241899013519287
2008-04-02 00:00:00-04:00,7.41522216796875
2008-04-03 00:00:00-04:00,7.475509166717529
2008-04-04 00:00:00-04:00,7.27957820892334
2008-04-07 00:00:00-04:00,7.573473930358887
2008-04-08 00:00:00-04:00,7.174077033996582
2008-04-09 00:00:00-04:00,7.324792861938477
2008-04-10 00:00:00-04:00,7.083646774291992
2008-04-11 00:00:00-04:00,7.204219818115234
2008-04-14 00:00:00-04:00,6.993217945098877
2008-04-15 00:00:00-04:00,6.993217945098877
2008-04-16 00:00:00-04:00,7.015824794769287
2008-04-17 00:00:00-04:00,7.287114143371582
2008-04-18 00:00:00-04:00,7.362472057342529
2008-04-21 00:00:00-04:00,7.430294036865234
2008-04-22 00:00:00-04:00,7.354936122894287
2008-04-23 00:00:00-04:00,7.2720417976379395
2008-04-24 00:00:00-04:00,7.294650077819824
2008-04-25 00:00:00-04:00,7.573473930358887
2008-04-28 00:00:00-04:00,7.739261150360107
2008-04-29 00:00:00-04:00,7.671439170837402
2008-04-30 00:00:00-04:00,8.183873176574707
2008-05-01 00:00:00-04:00,7.822154998779297
2008-05-02 00:00:00-04:00,8.349660873413086
2008-05-05 00:00:00-04:00,8.244159698486328
2008-05-06 00:00:00-04:00,7.965334892272949
2008-05-07 00:00:00-04:00,8.070836067199707
2008-05-08 00:00:00-04:00,7.987943172454834
2008-05-09 00:00:00-04:00,7.889976978302002
2008-05-12 00:00:00-04:00,7.950263977050781
2008-05-13 00:00:00-04:00,8.176338195800781
2008-05-14 00:00:00-04:00,8.085907936096191
2008-05-15 00:00:00-04:00,8.070836067199707
2008-05-16 00:00:00-04:00,8.100979804992676
2008-05-19 00:00:00-04:00,8.040693283081055
2008-05-20 00:00:00-04:00,8.070836067199707
2008-05-21 00:00:00-04:00,7.980407238006592
2008-05-22 00:00:00-04:00,7.889976978302002
2008-05-23 00:00:00-04:00,7.799548149108887
2008-05-27 00:00:00-04:00,7.7920122146606445
2008-05-28 00:00:00-04:00,7.972870826721191
2008-05-29 00:00:00-04:00,7.965334892272949
2008-05-30 00:00:00-04:00,7.957799911499023
2008-06-02 00:00:00-04:00,8.085907936096191
2008-06-03 00:00:00-04:00,8.025622367858887
2008-06-04 00:00:00-04:00,7.980407238006592
2008-06-05 00:00:00-04:00,8.19140911102295
2008-06-06 00:00:00-04:00,8.357196807861328
2008-06-09 00:00:00-04:00,8.281839370727539
2008-06-10 00:00:00-04:00,8.168802261352539
2008-06-11 00:00:00-04:00,8.259230613708496
2008-06-12 00:00:00-04:00,8.025622367858887
2008-06-13 00:00:00-04:00,8.040693283081055
2008-06-16 00:00:00-04:00,8.244159698486328
2008-06-17 00:00:00-04:00,8.244159698486328
2008-06-18 00:00:00-04:00,7.972870826721191
2008-06-19 00:00:00-04:00,7.761868953704834
2008-06-20 00:00:00-04:00,7.837226867675781
2008-06-23 00:00:00-04:00,7.701582908630371
2008-06-24 00:00:00-04:00,7.41522216796875
2008-06-25 00:00:00-04:00,7.4981160163879395
2008-06-26 00:00:00-04:00,7.4529008865356445
2008-06-27 00:00:00-04:00,7.241899013519287
2008-06-30 00:00:00-04:00,7.121325969696045
2008-07-01 00:00:00-04:00,7.061039924621582
2008-07-02 00:00:00-04:00,7.038433074951172
2008-07-03 00:00:00-04:00,6.601356029510498
2008-07-07 00:00:00-04:00,6.69932222366333
2008-07-08 00:00:00-04:00,6.72192907333374
2008-07-09 00:00:00-04:00,6.865108966827393
2008-07-10 00:00:00-04:00,6.60889196395874
2008-07-11 00:00:00-04:00,6.7822160720825195
2008-07-14 00:00:00-04:00,6.865108966827393
2008-07-15 00:00:00-04:00,6.646571159362793
2008-07-16 00:00:00-04:00,6.7972869873046875
2008-07-17 00:00:00-04:00,7.045968055725098
2008-07-18 00:00:00-04:00,7.249434947967529
2008-07-21 00:00:00-04:00,7.159005165100098
2008-07-22 00:00:00-04:00,7.038433074951172
2008-07-23 00:00:00-04:00,7.113790988922119
2008-07-24 00:00:00-04:00,6.85757303237915
2008-07-25 00:00:00-04:00,6.714393138885498
2008-07-28 00:00:00-04:00,6.5712127685546875
2008-07-29 00:00:00-04:00,6.616427898406982
2008-07-30 00:00:00-04:00,6.993217945098877
2008-07-31 00:00:00-04:00,6.819893836975098
2008-08-01 00:00:00-04:00,6.94046688079834
2008-08-04 00:00:00-04:00,6.812358856201172
2008-08-05 00:00:00-04:00,6.850038051605225
2008-08-06 00:00:00-04:00,6.7822160720825195
2008-08-07 00:00:00-04:00,6.5561418533325195
2008-08-08 00:00:00-04:00,6.714393138885498
2008-08-11 00:00:00-04:00,6.887716770172119
2008-08-12 00:00:00-04:00,6.880180835723877
2008-08-13 00:00:00-04:00,6.85757303237915
2008-08-14 00:00:00-04:00,6.85757303237915
2008-08-15 00:00:00-04:00,7.1439337730407715
2008-08-18 00:00:00-04:00,7.211756229400635
2008-08-19 00:00:00-04:00,7.106255054473877
2008-08-20 00:00:00-04:00,6.978146076202393
2008-08-21 00:00:00-04:00,6.83496618270874
2008-08-22 00:00:00-04:00,6.850038051605225
2008-08-25 00:00:00-04:00,6.865108966827393
2008-08-26 00:00:00-04:00,6.69932222366333
2008-08-27 00:00:00-04:00,6.729465007781982
2008-08-28 00:00:00-04:00,6.80482292175293
2008-08-29 00:00:00-04:00,6.80482292175293
2008-09-02 00:00:00-04:00,6.948002815246582
2008-09-03 00:00:00-04:00,6.420496940612793
2008-09-04 00:00:00-04:00,6.510927200317383
2008-09-05 00:00:00-04:00,6.33760404586792
2008-09-08 00:00:00-04:00,6.458176136016846
2008-09-09 00:00:00-04:00,6.405426025390625
2008-09-10 00:00:00-04:00,6.164279937744141
2008-09-11 00:00:00-04:00,5.930671215057373
2008-09-12 00:00:00-04:00,6.239637851715088
2008-09-15 00:00:00-04:00,6.11906623840332
2008-09-16 00:00:00-04:00,6.081387042999268
2008-09-17 00:00:00-04:00,5.975884914398193
2008-09-18 00:00:00-04:00,5.862849235534668
2008-09-19 00:00:00-04:00,5.930671215057373
2008-09-22 00:00:00-04:00,6.013564109802246
2008-09-23 00:00:00-04:00,5.742276191711426
2008-09-24 00:00:00-04:00,5.727203845977783
2008-09-25 00:00:00-04:00,5.621703147888184
2008-09-26 00:00:00-04:00,5.501130104064941
2008-09-29 00:00:00-04:00,5.689525127410889
2008-09-30 00:00:00-04:00,5.448379993438721
2008-10-01 00:00:00-04:00,5.259984970092773
2008-10-02 00:00:00-04:00,5.259984970092773
2008-10-03 00:00:00-04:00,4.709871768951416
2008-10-06 00:00:00-04:00,4.039186000823975
2008-10-07 00:00:00-04:00,4.295403003692627
2008-10-08 00:00:00-04:00,3.8357200622558594
2008-10-09 00:00:00-04:00,3.4363229274749756
2008-10-10 00:00:00-04:00,3.7302188873291016
2008-10-13 00:00:00-04:00,3.880934000015259
2008-10-14 00:00:00-04:00,4.122079849243164
2008-10-15 00:00:00-04:00,3.6322529315948486
2008-10-16 00:00:00-04:00,3.345892906188965
2008-10-17 00:00:00-04:00,3.2629990577697754
2008-10-20 00:00:00-04:00,3.3760359287261963
2008-10-21 00:00:00-04:00,3.3911080360412598
2008-10-22 00:00:00-04:00,3.2102489471435547
2008-10-23 00:00:00-04:00,3.1951770782470703
2008-10-24 00:00:00-04:00,2.5470991134643555
2008-10-27 00:00:00-04:00,3.466465950012207
2008-10-28 00:00:00-04:00,2.9314239025115967
2008-10-29 00:00:00-04:00,2.991710901260376
2008-10-30 00:00:00-04:00,3.172569990158081
2008-10-31 00:00:00-04:00,3.1122829914093018
2008-11-03 00:00:00-05:00,3.172569990158081
2008-11-04 00:00:00-05:00,3.3835721015930176
2008-11-05 00:00:00-05:00,3.172569990158081
2008-11-06 00:00:00-05:00,2.991710901260376
2008-11-07 00:00:00-05:00,2.667670965194702
2008-11-10 00:00:00-05:00,2.9163529872894287
2008-11-11 00:00:00-05:00,2.6224570274353027
2008-11-12 00:00:00-05:00,2.7430291175842285
2008-11-13 00:00:00-05:00,2.3436319828033447
2008-11-14 00:00:00-05:00,2.41145396232605
2008-11-17 00:00:00-05:00,2.3285610675811768
2008-11-18 00:00:00-05:00,2.2079880237579346
2008-11-19 00:00:00-05:00,1.9819140434265137
2008-11-20 00:00:00-05:00,1.703089952468872
2008-11-21 00:00:00-05:00,1.341372013092041
2008-11-24 00:00:00-05:00,1.5825170278549194
2008-11-25 00:00:00-05:00,1.7332329750061035
2008-11-26 00:00:00-05:00,1.620195984840393
2008-11-28 00:00:00-05:00,1.8538060188293457
2008-12-01 00:00:00-05:00,1.7256970405578613
2008-12-02 00:00:00-05:00,1.6955540180206299
2008-12-03 00:00:00-05:00,1.6428029537200928
2008-12-04 00:00:00-05:00,1.7181609869003296
2008-12-05 00:00:00-05:00,1.6126600503921509
2008-12-08 00:00:00-05:00,1.7935190200805664
2008-12-09 00:00:00-05:00,1.7558399438858032
2008-12-10 00:00:00-05:00,1.83119797706604
2008-12-11 00:00:00-05:00,1.8839490413665771
2008-12-12 00:00:00-05:00,1.7859829664230347
2008-12-15 00:00:00-05:00,1.6880179643630981
2008-12-16 00:00:00-05:00,1.5297659635543823
2008-12-17 00:00:00-05:00,1.5825170278549194
2008-12-18 00:00:00-05:00,1.83119797706604
2008-12-19 00:00:00-05:00,1.7106250524520874
2008-12-22 00:00:00-05:00,1.9668430089950562
2008-12-23 00:00:00-05:00,1.8161269426345825
2008-12-24 00:00:00-05:00,1.846269965171814
2008-12-26 00:00:00-05:00,1.7106250524520874
2008-12-29 00:00:00-05:00,1.7332329750061035
2008-12-30 00:00:00-05:00,1.680482029914856
2008-12-31 00:00:00-05:00,1.8764129877090454
2009-01-02 00:00:00-05:00,1.9216279983520508
2009-01-05 00:00:00-05:00,2.0874149799346924
2009-01-06 00:00:00-05:00,2.1552369594573975
2009-01-07 00:00:00-05:00,2.2758100032806396
2009-01-08 00:00:00-05:00,2.4265260696411133
2009-01-09 00:00:00-05:00,2.3813109397888184
2009-01-12 00:00:00-05:00,2.192915916442871
2009-01-13 00:00:00-05:00,2.117558002471924
2009-01-14 00:00:00-05:00,2.0949509143829346
2009-01-15 00:00:00-05:00,2.0874149799346924
2009-01-16 00:00:00-05:00,2.2532029151916504
2009-01-20 00:00:00-05:00,2.102487087249756
2009-01-21 00:00:00-05:00,1.9442349672317505
2009-01-22 00:00:00-05:00,1.9291640520095825
2009-01-23 00:00:00-05:00,1.9517710208892822
2009-01-26 00:00:00-05:00,1.9291640520095825
2009-01-27 00:00:00-05:00,1.9668430089950562
2009-01-28 00:00:00-05:00,2.004520893096924
2009-01-29 00:00:00-05:00,1.846269965171814
2009-01-30 00:00:00-05:00,1.914091944694519
2009-02-02 00:00:00-05:00,1.9442349672317505
2009-02-03 00:00:00-05:00,2.012057065963745
2009-02-04 00:00:00-05:00,2.0874149799346924
2009-02-05 00:00:00-05:00,2.1552369594573975
2009-02-06 00:00:00-05:00,2.177845001220703
2009-02-09 00:00:00-05:00,2.230595111846924
2009-02-10 00:00:00-05:00,2.0422000885009766
2009-02-11 00:00:00-05:00,2.0723440647125244
2009-02-12 00:00:00-05:00,1.9291640520095825
2009-02-13 00:00:00-05:00,2.0723440647125244
2009-02-17 00:00:00-05:00,1.9291640520095825
2009-02-18 00:00:00-05:00,1.8839490413665771
2009-02-19 00:00:00-05:00,1.8839490413665771
2009-02-20 00:00:00-05:00,1.680482029914856
2009-02-23 00:00:00-05:00,1.8914849758148193
2009-02-24 00:00:00-05:00,1.6880179643630981
2009-02-25 00:00:00-05:00,1.83119797706604
2009-02-26 00:00:00-05:00,1.7106250524520874
2009-02-27 00:00:00-05:00,1.6277320384979248
2009-03-02 00:00:00-05:00,1.5222309827804565
2009-03-03 00:00:00-05:00,1.484552025794983
2009-03-04 00:00:00-05:00,1.537302017211914
2009-03-05 00:00:00-05:00,1.6955540180206299
2009-03-06 00:00:00-05:00,1.7256970405578613
2009-03-09 00:00:00-04:00,1.4770159721374512
2009-03-10 00:00:00-04:00,1.4318009614944458
2009-03-11 00:00:00-04:00,1.6503390073776245
2009-03-12 00:00:00-04:00,1.680482029914856
2009-03-13 00:00:00-04:00,1.8613409996032715
2009-03-16 00:00:00-04:00,1.8764129877090454
2009-03-17 00:00:00-04:00,1.8990199565887451
2009-03-18 00:00:00-04:00,1.9819140434265137
2009-03-19 00:00:00-04:00,2.057271957397461
2009-03-20 00:00:00-04:00,2.004520893096924
2009-03-23 00:00:00-04:00,1.8990199565887451
2009-03-24 00:00:00-04:00,2.004520893096924
2009-03-25 00:00:00-04:00,1.9593069553375244
2009-03-26 00:00:00-04:00,1.974377989768982
2009-03-27 00:00:00-04:00,2.192915916442871
2009-03-30 00:00:00-04:00,2.1627728939056396
2009-03-31 00:00:00-04:00,2.1627728939056396
2009-04-01 00:00:00-04:00,2.1401660442352295
2009-04-02 00:00:00-04:00,2.290882110595703
2009-04-03 00:00:00-04:00,2.351167917251587
2009-04-06 00:00:00-04:00,2.471740961074829
2009-04-07 00:00:00-04:00,2.351167917251587
2009-04-08 00:00:00-04:00,2.283345937728882
2009-04-09 00:00:00-04:00,2.351167917251587
2009-04-13 00:00:00-04:00,2.7204220294952393
2009-04-14 00:00:00-04:00,2.6375279426574707
2009-04-15 00:00:00-04:00,2.52449107170105
2009-04-16 00:00:00-04:00,2.7505650520324707
2009-04-17 00:00:00-04:00,2.8636019229888916
2009-04-20 00:00:00-04:00,2.9992458820343018
2009-04-21 00:00:00-04:00,2.712886095046997
2009-04-22 00:00:00-04:00,2.7731730937957764
2009-04-23 00:00:00-04:00,2.938960075378418
2009-04-24 00:00:00-04:00,2.7957799434661865
2009-04-27 00:00:00-04:00,2.825922966003418
2009-04-28 00:00:00-04:00,2.7882440090179443
2009-04-29 00:00:00-04:00,2.818387031555176
2009-04-30 00:00:00-04:00,2.9691030979156494
2009-05-01 00:00:00-04:00,2.9088170528411865
2009-05-04 00:00:00-04:00,3.0143179893493652
2009-05-05 00:00:00-04:00,3.1574978828430176
2009-05-06 00:00:00-04:00,3.165034055709839
2009-05-07 00:00:00-04:00,3.2177839279174805
2009-05-08 00:00:00-04:00,3.0293900966644287
2009-05-11 00:00:00-04:00,2.9163529872894287
2009-05-12 00:00:00-04:00,2.780708074569702
2009-05-13 00:00:00-04:00,2.5018839836120605
2009-05-14 00:00:00-04:00,2.418989896774292
2009-05-15 00:00:00-04:00,2.6375279426574707
2009-05-18 00:00:00-04:00,2.705349922180176
2009-05-19 00:00:00-04:00,2.765636920928955
2009-05-20 00:00:00-04:00,2.83345890045166
2009-05-21 00:00:00-04:00,2.667670965194702
2009-05-22 00:00:00-04:00,2.5546350479125977
2009-05-26 00:00:00-04:00,2.4491329193115234
2009-05-27 00:00:00-04:00,2.7882440090179443
2009-05-28 00:00:00-04:00,2.712886095046997
2009-05-29 00:00:00-04:00,2.780708074569702
2009-06-01 00:00:00-04:00,2.9992458820343018
2009-06-02 00:00:00-04:00,3.1574978828430176
2009-06-03 00:00:00-04:00,3.05953311920166
2009-06-04 00:00:00-04:00,2.991710901260376
2009-06-05 00:00:00-04:00,3.1424269676208496
2009-06-08 00:00:00-04:00,3.0218539237976074
2009-06-09 00:00:00-04:00,3.097212076187134
2009-06-10 00:00:00-04:00,3.1801059246063232
2009-06-11 00:00:00-04:00,3.2253201007843018
2009-06-12 00:00:00-04:00,3.4513940811157227
2009-06-15 00:00:00-04:00,3.2705349922180176
2009-06-16 00:00:00-04:00,3.2102489471435547
2009-06-17 00:00:00-04:00,3.119818925857544
2009-06-18 00:00:00-04:00,3.0896759033203125
2009-06-19 00:00:00-04:00,3.255462884902954
2009-06-22 00:00:00-04:00,3.1801059246063232
2009-06-23 00:00:00-04:00,2.9992458820343018
2009-06-24 00:00:00-04:00,3.0369250774383545
2009-06-25 00:00:00-04:00,3.0821399688720703
2009-06-26 00:00:00-04:00,3.1574978828430176
2009-06-29 00:00:00-04:00,3.1273550987243652
2009-06-30 00:00:00-04:00,3.0821399688720703
2009-07-01 00:00:00-04:00,3.172569990158081
2009-07-02 00:00:00-04:00,3.2102489471435547
2009-07-06 00:00:00-04:00,3.0821399688720703
2009-07-07 00:00:00-04:00,3.1273550987243652
2009-07-08 00:00:00-04:00,3.0896759033203125
2009-07-09 00:00:00-04:00,3.0444610118865967
2009-07-10 00:00:00-04:00,3.0821399688720703
2009-07-13 00:00:00-04:00,3.0821399688720703
2009-07-14 00:00:00-04:00,3.2479279041290283
2009-07-15 00:00:00-04:00,3.5418241024017334
2009-07-16 00:00:00-04:00,3.66239595413208
2009-07-17 00:00:00-04:00,3.6774680614471436
2009-07-20 00:00:00-04:00,3.647325038909912
2009-07-21 00:00:00-04:00,3.7000749111175537
2009-07-22 00:00:00-04:00,3.6774680614471436
2009-07-23 00:00:00-04:00,3.880934000015259
2009-07-24 00:00:00-04:00,4.122079849243164
2009-07-27 00:00:00-04:00,4.137150764465332
2009-07-28 00:00:00-04:00,4.046721935272217
2009-07-29 00:00:00-04:00,4.039186000823975
2009-07-30 00:00:00-04:00,3.6322529315948486
2009-07-31 00:00:00-04:00,3.8055760860443115
2009-08-03 00:00:00-04:00,4.069328784942627
2009-08-04 00:00:00-04:00,4.129615783691406
2009-08-05 00:00:00-04:00,4.10700798034668
2009-08-06 00:00:00-04:00,4.091937065124512
2009-08-07 00:00:00-04:00,4.069328784942627
2009-08-10 00:00:00-04:00,4.204974174499512
2009-08-11 00:00:00-04:00,4.287867069244385
2009-08-12 00:00:00-04:00,4.204974174499512
2009-08-13 00:00:00-04:00,4.4461188316345215
2009-08-14 00:00:00-04:00,4.272796154022217
2009-08-17 00:00:00-04:00,4.10700798034668
2009-08-18 00:00:00-04:00,4.001506805419922
2009-08-19 00:00:00-04:00,4.076865196228027
2009-08-20 00:00:00-04:00,4.22004508972168
2009-08-21 00:00:00-04:00,4.483798027038574
2009-08-24 00:00:00-04:00,4.408440113067627
2009-08-25 00:00:00-04:00,4.363224983215332
2009-08-26 00:00:00-04:00,4.272796154022217
2009-08-27 00:00:00-04:00,4.310474872589111
2009-08-28 00:00:00-04:00,4.400904178619385
2009-08-31 00:00:00-04:00,4.5591559410095215
2009-09-01 00:00:00-04:00,4.453654766082764
2009-09-02 00:00:00-04:00,4.295403003692627
2009-09-03 00:00:00-04:00,4.295403003692627
2009-09-04 00:00:00-04:00,4.453654766082764
2009-09-08 00:00:00-04:00,4.581762790679932
2009-09-09 00:00:00-04:00,4.491333961486816
2009-09-10 00:00:00-04:00,4.717408180236816
2009-09-11 00:00:00-04:00,5.064054012298584
2009-09-14 00:00:00-04:00,4.9133381843566895
2009-09-15 00:00:00-04:00,5.048983097076416
2009-09-16 00:00:00-04:00,5.810098171234131
2009-09-17 00:00:00-04:00,5.636775016784668
2009-09-18 00:00:00-04:00,5.53127384185791
2009-09-21 00:00:00-04:00,5.546345233917236
2009-09-22 00:00:00-04:00,5.576488018035889
2009-09-23 00:00:00-04:00,5.6819891929626465
2009-09-24 00:00:00-04:00,5.651845932006836
2009-09-25 00:00:00-04:00,5.267520904541016
2009-09-28 00:00:00-04:00,5.290128231048584
2009-09-29 00:00:00-04:00,5.425772190093994
2009-09-30 00:00:00-04:00,5.538808822631836
2009-10-01 00:00:00-04:00,5.591559886932373
2009-10-02 00:00:00-04:00,5.146947860717773
2009-10-05 00:00:00-04:00,5.267520904541016
2009-10-06 00:00:00-04:00,5.410700798034668
2009-10-07 00:00:00-04:00,5.433308124542236
2009-10-08 00:00:00-04:00,5.523737907409668
2009-10-09 00:00:00-04:00,5.5538811683654785
2009-10-12 00:00:00-04:00,5.66691780090332
2009-10-13 00:00:00-04:00,5.719667911529541
2009-10-14 00:00:00-04:00,5.9005279541015625
2009-10-15 00:00:00-04:00,5.870384216308594
2009-10-16 00:00:00-04:00,5.885456085205078
2009-10-19 00:00:00-04:00,5.719667911529541
2009-10-20 00:00:00-04:00,5.855312824249268
2009-10-21 00:00:00-04:00,5.614167213439941
2009-10-22 00:00:00-04:00,5.599095821380615
2009-10-23 00:00:00-04:00,5.644309997558594
2009-10-26 00:00:00-04:00,5.455915927886963
2009-10-27 00:00:00-04:00,5.410700798034668
2009-10-28 00:00:00-04:00,5.041447162628174
2009-10-29 00:00:00-04:00,4.973625183105469
2009-10-30 00:00:00-04:00,5.048983097076416
2009-11-02 00:00:00-05:00,4.9133381843566895
2009-11-03 00:00:00-05:00,4.837979793548584
2009-11-04 00:00:00-05:00,5.0866618156433105
2009-11-05 00:00:00-05:00,5.177091121673584
2009-11-06 00:00:00-05:00,5.192162990570068
2009-11-09 00:00:00-05:00,5.275056838989258
2009-11-10 00:00:00-05:00,5.290128231048584
2009-11-11 00:00:00-05:00,5.410700798034668
2009-11-12 00:00:00-05:00,5.425772190093994
2009-11-13 00:00:00-05:00,5.365486145019531
2009-11-16 00:00:00-05:00,5.357950210571289
2009-11-17 00:00:00-05:00,5.493595123291016
2009-11-18 00:00:00-05:00,5.470986843109131
2009-11-19 00:00:00-05:00,5.478522777557373
2009-11-20 00:00:00-05:00,5.290128231048584
2009-11-23 00:00:00-05:00,5.470986843109131
2009-11-24 00:00:00-05:00,5.606630802154541
2009-11-25 00:00:00-05:00,5.53127384185791
2009-11-27 00:00:00-05:00,5.312735080718994
2009-11-30 00:00:00-05:00,5.478522777557373
2009-12-01 00:00:00-05:00,5.425772190093994
2009-12-02 00:00:00-05:00,5.516201972961426
2009-12-03 00:00:00-05:00,5.689525127410889
2009-12-04 00:00:00-05:00,5.614167213439941
2009-12-07 00:00:00-05:00,5.493595123291016
2009-12-08 00:00:00-05:00,5.463450908660889
2009-12-09 00:00:00-05:00,5.335342884063721
2009-12-10 00:00:00-05:00,5.486059188842773
2009-12-11 00:00:00-05:00,5.433308124542236
2009-12-14 00:00:00-05:00,5.380558013916016
2009-12-15 00:00:00-05:00,5.335342884063721
2009-12-16 00:00:00-05:00,5.350413799285889
2009-12-17 00:00:00-05:00,5.3278069496154785
2009-12-18 00:00:00-05:00,5.342878818511963
2009-12-21 00:00:00-05:00,5.380558013916016
2009-12-22 00:00:00-05:00,5.591559886932373
2009-12-23 00:00:00-05:00,5.659381866455078
2009-12-24 00:00:00-05:00,5.621703147888184
2009-12-28 00:00:00-05:00,5.697061061859131
2009-12-29 00:00:00-05:00,5.614167213439941
2009-12-30 00:00:00-05:00,5.546345233917236
2009-12-31 00:00:00-05:00,5.584023952484131
2010-01-04 00:00:00-05:00,5.621703147888184
2010-01-05 00:00:00-05:00,5.546345233917236
2010-01-06 00:00:00-05:00,5.455915927886963
2010-01-07 00:00:00-05:00,5.448379993438721
2010-01-08 00:00:00-05:00,5.388092994689941
2010-01-11 00:00:00-05:00,5.448379993438721
2010-01-12 00:00:00-05:00,5.3278069496154785
2010-01-13 00:00:00-05:00,5.312735080718994
2010-01-14 00:00:00-05:00,5.388092994689941
2010-01-15 00:00:00-05:00,5.395628929138184
2010-01-19 00:00:00-05:00,5.350413799285889
2010-01-20 00:00:00-05:00,5.418237209320068
2010-01-21 00:00:00-05:00,5.305200099945068
2010-01-22 00:00:00-05:00,5.335342884063721
2010-01-25 00:00:00-05:00,5.2147698402404785
2010-01-26 00:00:00-05:00,5.162020206451416
2010-01-27 00:00:00-05:00,5.124341011047363
2010-01-28 00:00:00-05:00,5.1996989250183105
2010-01-29 00:00:00-05:00,5.124341011047363
2010-02-01 00:00:00-05:00,4.928410053253174
2010-02-02 00:00:00-05:00,4.973625183105469
2010-02-03 00:00:00-05:00,5.131875991821289
2010-02-04 00:00:00-05:00,5.116805076599121
2010-02-05 00:00:00-05:00,4.973625183105469
2010-02-08 00:00:00-05:00,4.935945987701416
2010-02-09 00:00:00-05:00,4.966088771820068
2010-02-10 00:00:00-05:00,4.996232032775879
2010-02-11 00:00:00-05:00,5.033911228179932
2010-02-12 00:00:00-05:00,5.079125881195068
2010-02-16 00:00:00-05:00,5.154483795166016
2010-02-17 00:00:00-05:00,5.244913101196289
2010-02-18 00:00:00-05:00,5.312735080718994
2010-02-19 00:00:00-05:00,5.335342884063721
2010-02-22 00:00:00-05:00,5.486059188842773
2010-02-23 00:00:00-05:00,5.380558013916016
2010-02-24 00:00:00-05:00,5.357950210571289
2010-02-25 00:00:00-05:00,5.252449035644531
2010-02-26 00:00:00-05:00,5.244913101196289
2010-03-01 00:00:00-05:00,5.282591819763184
2010-03-02 00:00:00-05:00,5.403164863586426
2010-03-03 00:00:00-05:00,5.380558013916016
2010-03-04 00:00:00-05:00,5.410700798034668
2010-03-05 00:00:00-05:00,5.433308124542236
2010-03-08 00:00:00-05:00,5.455915927886963
2010-03-09 00:00:00-05:00,5.425772190093994
2010-03-10 00:00:00-05:00,5.425772190093994
2010-03-11 00:00:00-05:00,5.644309997558594
2010-03-12 00:00:00-05:00,5.621703147888184
2010-03-15 00:00:00-04:00,5.584023952484131
2010-03-16 00:00:00-04:00,5.629239082336426
2010-03-17 00:00:00-04:00,5.772418975830078
2010-03-18 00:00:00-04:00,5.802562236785889
2010-03-19 00:00:00-04:00,5.855312824249268
2010-03-22 00:00:00-04:00,5.825170040130615
2010-03-23 00:00:00-04:00,6.073851108551025
2010-03-24 00:00:00-04:00,6.1416730880737305
2010-03-25 00:00:00-04:00,6.126601219177246
2010-03-26 00:00:00-04:00,5.975884914398193
2010-03-29 00:00:00-04:00,5.975884914398193
2010-03-30 00:00:00-04:00,6.021100044250488
2010-03-31 00:00:00-04:00,5.975884914398193
2010-04-01 00:00:00-04:00,5.945742130279541
2010-04-05 00:00:00-04:00,5.930671215057373
2010-04-06 00:00:00-04:00,5.9834208488464355
2010-04-07 00:00:00-04:00,5.9834208488464355
2010-04-08 00:00:00-04:00,6.0286359786987305
2010-04-09 00:00:00-04:00,6.00602912902832
2010-04-12 00:00:00-04:00,6.021100044250488
2010-04-13 00:00:00-04:00,6.103993892669678
2010-04-14 00:00:00-04:00,6.00602912902832
2010-04-15 00:00:00-04:00,6.1416730880737305
2010-04-16 00:00:00-04:00,6.0286359786987305
2010-04-19 00:00:00-04:00,5.930671215057373
2010-04-20 00:00:00-04:00,5.870384216308594
2010-04-21 00:00:00-04:00,5.908062934875488
2010-04-22 00:00:00-04:00,5.817634105682373
2010-04-23 00:00:00-04:00,6.081387042999268
2010-04-26 00:00:00-04:00,6.2547101974487305
2010-04-27 00:00:00-04:00,6.11906623840332
2010-04-28 00:00:00-04:00,5.862849235534668
2010-04-29 00:00:00-04:00,5.990956783294678
2010-04-30 00:00:00-04:00,6.051242828369141
2010-05-03 00:00:00-04:00,5.923134803771973
2010-05-04 00:00:00-04:00,5.810098171234131
2010-05-05 00:00:00-04:00,5.538808822631836
2010-05-06 00:00:00-04:00,5.629239082336426
2010-05-07 00:00:00-04:00,5.388092994689941
2010-05-10 00:00:00-04:00,5.546345233917236
2010-05-11 00:00:00-04:00,5.365486145019531
2010-05-12 00:00:00-04:00,5.425772190093994
2010-05-13 00:00:00-04:00,5.478522777557373
2010-05-14 00:00:00-04:00,5.357950210571289
2010-05-17 00:00:00-04:00,5.222305774688721
2010-05-18 00:00:00-04:00,5.267520904541016
2010-05-19 00:00:00-04:00,5.116805076599121
2010-05-20 00:00:00-04:00,4.9133381843566895
2010-05-21 00:00:00-04:00,4.702335834503174
2010-05-24 00:00:00-04:00,4.755086898803711
2010-05-25 00:00:00-04:00,4.724943161010742
2010-05-26 00:00:00-04:00,4.928410053253174
2010-05-27 00:00:00-04:00,4.920874118804932
2010-05-28 00:00:00-04:00,5.101733207702637
2010-06-01 00:00:00-04:00,4.883194923400879
2010-06-02 00:00:00-04:00,4.755086898803711
2010-06-03 00:00:00-04:00,4.890730857849121
2010-06-04 00:00:00-04:00,4.935945987701416
2010-06-07 00:00:00-04:00,4.822908878326416
2010-06-08 00:00:00-04:00,4.657121181488037
2010-06-09 00:00:00-04:00,4.8003010749816895
2010-06-10 00:00:00-04:00,4.973625183105469
2010-06-11 00:00:00-04:00,4.883194923400879
2010-06-14 00:00:00-04:00,5.109269142150879
2010-06-15 00:00:00-04:00,5.033911228179932
2010-06-16 00:00:00-04:00,5.139411926269531
2010-06-17 00:00:00-04:00,5.0866618156433105
2010-06-18 00:00:00-04:00,5.026374816894531
2010-06-21 00:00:00-04:00,5.139411926269531
2010-06-22 00:00:00-04:00,4.973625183105469
2010-06-23 00:00:00-04:00,4.860588073730469
2010-06-24 00:00:00-04:00,4.830444812774658
2010-06-25 00:00:00-04:00,4.777694225311279
2010-06-28 00:00:00-04:00,4.717408180236816
2010-06-29 00:00:00-04:00,4.529013156890869
2010-06-30 00:00:00-04:00,4.167294979095459
2010-07-01 00:00:00-04:00,4.197437763214111
2010-07-02 00:00:00-04:00,4.272796154022217
2010-07-06 00:00:00-04:00,4.378296852111816
2010-07-07 00:00:00-04:00,4.310474872589111
2010-07-08 00:00:00-04:00,4.453654766082764
2010-07-09 00:00:00-04:00,4.400904178619385
2010-07-12 00:00:00-04:00,4.536549091339111
2010-07-13 00:00:00-04:00,4.709871768951416
2010-07-14 00:00:00-04:00,4.966088771820068
2010-07-15 00:00:00-04:00,5.056518077850342
2010-07-16 00:00:00-04:00,5.033911228179932
2010-07-19 00:00:00-04:00,4.890730857849121
2010-07-20 00:00:00-04:00,4.807837009429932
2010-07-21 00:00:00-04:00,4.717408180236816
2010-07-22 00:00:00-04:00,4.724943161010742
2010-07-23 00:00:00-04:00,4.709871768951416
2010-07-26 00:00:00-04:00,4.604371070861816
2010-07-27 00:00:00-04:00,4.822908878326416
2010-07-28 00:00:00-04:00,4.732479095458984
2010-07-29 00:00:00-04:00,4.717408180236816
2010-07-30 00:00:00-04:00,4.619441986083984
2010-08-02 00:00:00-04:00,4.762621879577637
2010-08-03 00:00:00-04:00,4.724943161010742
2010-08-04 00:00:00-04:00,4.657121181488037
2010-08-05 00:00:00-04:00,4.566691875457764
2010-08-06 00:00:00-04:00,4.596835136413574
2010-08-09 00:00:00-04:00,4.6721930503845215
2010-08-10 00:00:00-04:00,4.581762790679932
2010-08-11 00:00:00-04:00,4.325545787811279
2010-08-12 00:00:00-04:00,4.144687175750732
2010-08-13 00:00:00-04:00,4.0165791511535645
2010-08-16 00:00:00-04:00,3.986435890197754
2010-08-17 00:00:00-04:00,3.956291913986206
2010-08-18 00:00:00-04:00,4.001506805419922
2010-08-19 00:00:00-04:00,4.144687175750732
2010-08-20 00:00:00-04:00,4.046721935272217
2010-08-23 00:00:00-04:00,4.039186000823975
2010-08-24 00:00:00-04:00,3.941220998764038
2010-08-25 00:00:00-04:00,3.7980411052703857
2010-08-26 00:00:00-04:00,3.956291913986206
2010-08-27 00:00:00-04:00,3.8131120204925537
2010-08-30 00:00:00-04:00,3.820647954940796
2010-08-31 00:00:00-04:00,3.752825975418091
2010-09-01 00:00:00-04:00,3.820647954940796
2010-09-02 00:00:00-04:00,3.873399019241333
2010-09-03 00:00:00-04:00,4.144687175750732
2010-09-07 00:00:00-04:00,4.0844011306762695
2010-09-08 00:00:00-04:00,3.986435890197754
2010-09-09 00:00:00-04:00,4.144687175750732
2010-09-10 00:00:00-04:00,4.2125091552734375
2010-09-13 00:00:00-04:00,4.22004508972168
2010-09-14 00:00:00-04:00,4.22004508972168
2010-09-15 00:00:00-04:00,4.182365894317627
2010-09-16 00:00:00-04:00,4.302938938140869
2010-09-17 00:00:00-04:00,4.227581024169922
2010-09-20 00:00:00-04:00,4.2125091552734375
2010-09-21 00:00:00-04:00,4.400904178619385
2010-09-22 00:00:00-04:00,4.423511981964111
2010-09-23 00:00:00-04:00,4.22004508972168
2010-09-24 00:00:00-04:00,4.355690002441406
2010-09-27 00:00:00-04:00,4.46872615814209
2010-09-28 00:00:00-04:00,4.536549091339111
2010-09-29 00:00:00-04:00,4.4461188316345215
2010-09-30 00:00:00-04:00,4.626977920532227
2010-10-01 00:00:00-04:00,4.611907005310059
2010-10-04 00:00:00-04:00,4.529013156890869
2010-10-05 00:00:00-04:00,4.581762790679932
2010-10-06 00:00:00-04:00,4.611907005310059
2010-10-07 00:00:00-04:00,4.581762790679932
2010-10-08 00:00:00-04:00,4.626977920532227
2010-10-11 00:00:00-04:00,4.483798027038574
2010-10-12 00:00:00-04:00,4.5591559410095215
2010-10-13 00:00:00-04:00,4.604371070861816
2010-10-14 00:00:00-04:00,4.6721930503845215
2010-10-15 00:00:00-04:00,4.657121181488037
2010-10-18 00:00:00-04:00,4.596835136413574
2010-10-19 00:00:00-04:00,4.5591559410095215
2010-10-20 00:00:00-04:00,4.604371070861816
2010-10-21 00:00:00-04:00,4.649586200714111
2010-10-22 00:00:00-04:00,4.642049789428711
2010-10-25 00:00:00-04:00,4.709871768951416
2010-10-26 00:00:00-04:00,4.732479095458984
2010-10-27 00:00:00-04:00,4.777694225311279
2010-10-28 00:00:00-04:00,5.275056838989258
2010-10-29 00:00:00-04:00,5.312735080718994
2010-11-01 00:00:00-04:00,5.4408440589904785
2010-11-02 00:00:00-04:00,5.335342884063721
2010-11-03 00:00:00-04:00,5.350413799285889
2010-11-04 00:00:00-04:00,5.365486145019531
2010-11-05 00:00:00-04:00,5.425772190093994
2010-11-08 00:00:00-05:00,5.425772190093994
2010-11-09 00:00:00-05:00,5.403164863586426
2010-11-10 00:00:00-05:00,5.380558013916016
2010-11-11 00:00:00-05:00,5.0866618156433105
2010-11-12 00:00:00-05:00,5.131875991821289
2010-11-15 00:00:00-05:00,5.109269142150879
2010-11-16 00:00:00-05:00,5.101733207702637
2010-11-17 00:00:00-05:00,5.124341011047363
2010-11-18 00:00:00-05:00,5.290128231048584
2010-11-19 00:00:00-05:00,5.350413799285889
2010-11-22 00:00:00-05:00,5.267520904541016
2010-11-23 00:00:00-05:00,5.297664165496826
2010-11-24 00:00:00-05:00,5.342878818511963
2010-11-26 00:00:00-05:00,5.342878818511963
2010-11-29 00:00:00-05:00,5.320271015167236
2010-11-30 00:00:00-05:00,5.192162990570068
2010-12-01 00:00:00-05:00,5.53127384185791
2010-12-02 00:00:00-05:00,5.5538811683654785
2010-12-03 00:00:00-05:00,5.584023952484131
2010-12-06 00:00:00-05:00,5.636775016784668
2010-12-07 00:00:00-05:00,5.885456085205078
2010-12-08 00:00:00-05:00,5.870384216308594
2010-12-09 00:00:00-05:00,5.923134803771973
2010-12-10 00:00:00-05:00,5.877920150756836
2010-12-13 00:00:00-05:00,5.938206195831299
2010-12-14 00:00:00-05:00,5.840240955352783
2010-12-15 00:00:00-05:00,5.862849235534668
2010-12-16 00:00:00-05:00,5.704596996307373
2010-12-17 00:00:00-05:00,5.7874908447265625
2010-12-20 00:00:00-05:00,5.802562236785889
2010-12-21 00:00:00-05:00,5.847776889801025
2010-12-22 00:00:00-05:00,5.923134803771973
2010-12-23 00:00:00-05:00,5.855312824249268
2010-12-27 00:00:00-05:00,5.855312824249268
2010-12-28 00:00:00-05:00,5.923134803771973
2010-12-29 00:00:00-05:00,5.930671215057373
2010-12-30 00:00:00-05:00,5.990956783294678
2010-12-31 00:00:00-05:00,5.885456085205078
2011-01-03 00:00:00-05:00,6.013564109802246
2011-01-04 00:00:00-05:00,6.066315174102783
2011-01-05 00:00:00-05:00,5.968349933624268
2011-01-06 00:00:00-05:00,5.945742130279541
2011-01-07 00:00:00-05:00,6.043707847595215
2011-01-10 00:00:00-05:00,6.0964579582214355
2011-01-11 00:00:00-05:00,6.149209022521973
2011-01-12 00:00:00-05:00,6.179351806640625
2011-01-13 00:00:00-05:00,6.262246131896973
2011-01-14 00:00:00-05:00,6.24717378616333
2011-01-18 00:00:00-05:00,6.3225321769714355
2011-01-19 00:00:00-05:00,6.352674961090088
2011-01-20 00:00:00-05:00,6.217031002044678
2011-01-21 00:00:00-05:00,6.284852981567383
2011-01-24 00:00:00-05:00,6.036171913146973
2011-01-25 00:00:00-05:00,6.22456693649292
2011-01-26 00:00:00-05:00,6.171815872192383
2011-01-27 00:00:00-05:00,6.24717378616333
2011-01-28 00:00:00-05:00,6.36021089553833
2011-01-31 00:00:00-05:00,6.073851108551025
2011-02-01 00:00:00-05:00,6.088922023773193
2011-02-02 00:00:00-05:00,6.0286359786987305
2011-02-03 00:00:00-05:00,6.021100044250488
2011-02-04 00:00:00-05:00,6.036171913146973
2011-02-07 00:00:00-05:00,6.013564109802246
2011-02-08 00:00:00-05:00,5.975884914398193
2011-02-09 00:00:00-05:00,5.9005279541015625
2011-02-10 00:00:00-05:00,5.862849235534668
2011-02-11 00:00:00-05:00,6.00602912902832
2011-02-14 00:00:00-05:00,6.0286359786987305
2011-02-15 00:00:00-05:00,6.171815872192383
2011-02-16 00:00:00-05:00,6.171815872192383
2011-02-17 00:00:00-05:00,6.217031002044678
2011-02-18 00:00:00-05:00,6.33760404586792
2011-02-22 00:00:00-05:00,6.22456693649292
2011-02-23 00:00:00-05:00,6.081387042999268
2011-02-24 00:00:00-05:00,6.11152982711792
2011-02-25 00:00:00-05:00,6.149209022521973
2011-02-28 00:00:00-05:00,6.134137153625488
2011-03-01 00:00:00-05:00,6.134137153625488
2011-03-02 00:00:00-05:00,5.953278064727783
2011-03-03 00:00:00-05:00,5.923134803771973
2011-03-04 00:00:00-05:00,6.103993892669678
2011-03-07 00:00:00-05:00,6.11152982711792
2011-03-08 00:00:00-05:00,5.9005279541015625
2011-03-09 00:00:00-05:00,5.953278064727783
2011-03-10 00:00:00-05:00,5.674454212188721
2011-03-11 00:00:00-05:00,5.546345233917236
2011-03-14 00:00:00-04:00,5.636775016784668
2011-03-15 00:00:00-04:00,5.410700798034668
2011-03-16 00:00:00-04:00,5.53127384185791
2011-03-17 00:00:00-04:00,5.53127384185791
2011-03-18 00:00:00-04:00,5.448379993438721
2011-03-21 00:00:00-04:00,5.523737907409668
2011-03-22 00:00:00-04:00,5.418237209320068
2011-03-23 00:00:00-04:00,5.410700798034668
2011-03-24 00:00:00-04:00,5.5538811683654785
2011-03-25 00:00:00-04:00,5.5538811683654785
2011-03-28 00:00:00-04:00,5.561417102813721
2011-03-29 00:00:00-04:00,5.470986843109131
2011-03-30 00:00:00-04:00,5.621703147888184
2011-03-31 00:00:00-04:00,5.719667911529541
2011-04-01 00:00:00-04:00,5.644309997558594
2011-04-04 00:00:00-04:00,5.478522777557373
2011-04-05 00:00:00-04:00,5.493595123291016
2011-04-06 00:00:00-04:00,5.486059188842773
2011-04-07 00:00:00-04:00,5.463450908660889
2011-04-08 00:00:00-04:00,5.546345233917236
2011-04-11 00:00:00-04:00,5.455915927886963
2011-04-12 00:00:00-04:00,5.275056838989258
2011-04-13 00:00:00-04:00,5.244913101196289
2011-04-14 00:00:00-04:00,5.275056838989258
2011-04-15 00:00:00-04:00,5.297664165496826
2011-04-18 00:00:00-04:00,5.252449035644531
2011-04-19 00:00:00-04:00,5.305200099945068
2011-04-20 00:00:00-04:00,5.312735080718994
2011-04-21 00:00:00-04:00,5.388092994689941
2011-04-25 00:00:00-04:00,5.463450908660889
2011-04-26 00:00:00-04:00,5.501130104064941
2011-04-27 00:00:00-04:00,5.66691780090332
2011-04-28 00:00:00-04:00,5.312735080718994
2011-04-29 00:00:00-04:00,5.320271015167236
2011-05-02 00:00:00-04:00,5.259984970092773
2011-05-03 00:00:00-04:00,5.282591819763184
2011-05-04 00:00:00-04:00,5.192162990570068
2011-05-05 00:00:00-04:00,5.139411926269531
2011-05-06 00:00:00-04:00,5.275056838989258
2011-05-09 00:00:00-04:00,5.290128231048584
2011-05-10 00:00:00-04:00,5.229842185974121
2011-05-11 00:00:00-04:00,5.305200099945068
2011-05-12 00:00:00-04:00,5.275056838989258
2011-05-13 00:00:00-04:00,5.312735080718994
2011-05-16 00:00:00-04:00,5.2147698402404785
2011-05-17 00:00:00-04:00,5.146947860717773
2011-05-18 00:00:00-04:00,5.048983097076416
2011-05-19 00:00:00-04:00,5.0866618156433105
2011-05-20 00:00:00-04:00,5.071589946746826
2011-05-23 00:00:00-04:00,5.026374816894531
2011-05-24 00:00:00-04:00,5.124341011047363
2011-05-25 00:00:00-04:00,5.244913101196289
2011-05-26 00:00:00-04:00,5.275056838989258
2011-05-27 00:00:00-04:00,5.297664165496826
2011-05-31 00:00:00-04:00,5.388092994689941
2011-06-01 00:00:00-04:00,5.463450908660889
2011-06-02 00:00:00-04:00,5.320271015167236
2011-06-03 00:00:00-04:00,5.267520904541016
2011-06-06 00:00:00-04:00,5.162020206451416
2011-06-07 00:00:00-04:00,5.1996989250183105
2011-06-08 00:00:00-04:00,5.139411926269531
2011-06-09 00:00:00-04:00,5.139411926269531
2011-06-10 00:00:00-04:00,5.229842185974121
2011-06-13 00:00:00-04:00,5.282591819763184
2011-06-14 00:00:00-04:00,5.267520904541016
2011-06-15 00:00:00-04:00,5.244913101196289
2011-06-16 00:00:00-04:00,5.101733207702637
2011-06-17 00:00:00-04:00,5.011303901672363
2011-06-20 00:00:00-04:00,4.724943161010742
2011-06-21 00:00:00-04:00,4.732479095458984
2011-06-22 00:00:00-04:00,4.792766094207764
2011-06-23 00:00:00-04:00,4.815372943878174
2011-06-24 00:00:00-04:00,4.822908878326416
2011-06-27 00:00:00-04:00,4.807837009429932
2011-06-28 00:00:00-04:00,4.8003010749816895
2011-06-29 00:00:00-04:00,4.770157814025879
2011-06-30 00:00:00-04:00,4.868124008178711
2011-07-01 00:00:00-04:00,4.860588073730469
2011-07-05 00:00:00-04:00,4.875658988952637
2011-07-06 00:00:00-04:00,4.973625183105469
2011-07-07 00:00:00-04:00,4.9133381843566895
2011-07-08 00:00:00-04:00,4.935945987701416
2011-07-11 00:00:00-04:00,4.9133381843566895
2011-07-12 00:00:00-04:00,4.822908878326416
2011-07-13 00:00:00-04:00,4.755086898803711
2011-07-14 00:00:00-04:00,4.815372943878174
2011-07-15 00:00:00-04:00,4.732479095458984
2011-07-18 00:00:00-04:00,4.589299201965332
2011-07-19 00:00:00-04:00,4.6721930503845215
2011-07-20 00:00:00-04:00,4.702335834503174
2011-07-21 00:00:00-04:00,4.755086898803711
2011-07-22 00:00:00-04:00,4.853052139282227
2011-07-25 00:00:00-04:00,5.1996989250183105
2011-07-26 00:00:00-04:00,5.0866618156433105
2011-07-27 00:00:00-04:00,5.041447162628174
2011-07-28 00:00:00-04:00,4.928410053253174
2011-07-29 00:00:00-04:00,4.845516204833984
2011-08-01 00:00:00-04:00,4.905803203582764
2011-08-02 00:00:00-04:00,4.694799900054932
2011-08-03 00:00:00-04:00,4.581762790679932
2011-08-04 00:00:00-04:00,4.536549091339111
2011-08-05 00:00:00-04:00,4.355690002441406
2011-08-08 00:00:00-04:00,4.114543914794922
2011-08-09 00:00:00-04:00,3.956291913986206
2011-08-10 00:00:00-04:00,3.986435890197754
2011-08-11 00:00:00-04:00,3.9261488914489746
2011-08-12 00:00:00-04:00,4.250187873840332
2011-08-15 00:00:00-04:00,4.174829959869385
2011-08-16 00:00:00-04:00,4.257723808288574
2011-08-17 00:00:00-04:00,4.302938938140869
2011-08-18 00:00:00-04:00,4.144687175750732
2011-08-19 00:00:00-04:00,3.8357200622558594
2011-08-22 00:00:00-04:00,3.993971109390259
2011-08-23 00:00:00-04:00,3.873399019241333
2011-08-24 00:00:00-04:00,4.039186000823975
2011-08-25 00:00:00-04:00,4.10700798034668
2011-08-26 00:00:00-04:00,3.9638280868530273
2011-08-29 00:00:00-04:00,4.197437763214111
2011-08-30 00:00:00-04:00,4.33308219909668
2011-08-31 00:00:00-04:00,4.370760917663574
2011-09-01 00:00:00-04:00,4.393369197845459
2011-09-02 00:00:00-04:00,4.182365894317627
2011-09-06 00:00:00-04:00,4.069328784942627
2011-09-07 00:00:00-04:00,4.137150764465332
2011-09-08 00:00:00-04:00,4.257723808288574
2011-09-09 00:00:00-04:00,4.129615783691406
2011-09-12 00:00:00-04:00,4.001506805419922
2011-09-13 00:00:00-04:00,4.174829959869385
2011-09-14 00:00:00-04:00,4.265260219573975
2011-09-15 00:00:00-04:00,4.423511981964111
2011-09-16 00:00:00-04:00,4.4461188316345215
2011-09-19 00:00:00-04:00,4.408440113067627
2011-09-20 00:00:00-04:00,4.544084072113037
2011-09-21 00:00:00-04:00,4.408440113067627
2011-09-22 00:00:00-04:00,4.257723808288574
2011-09-23 00:00:00-04:00,4.061793804168701
2011-09-26 00:00:00-04:00,4.174829959869385
2011-09-27 00:00:00-04:00,4.287867069244385
2011-09-28 00:00:00-04:00,4.4461188316345215
2011-09-29 00:00:00-04:00,4.4461188316345215
2011-09-30 00:00:00-04:00,4.33308219909668
2011-10-03 00:00:00-04:00,4.250187873840332
2011-10-04 00:00:00-04:00,4.031650066375732
2011-10-05 00:00:00-04:00,4.295403003692627
2011-10-06 00:00:00-04:00,4.46872615814209
2011-10-07 00:00:00-04:00,4.5591559410095215
2011-10-10 00:00:00-04:00,4.649586200714111
2011-10-11 00:00:00-04:00,4.747550964355469
2011-10-12 00:00:00-04:00,4.815372943878174
2011-10-13 00:00:00-04:00,4.747550964355469
2011-10-14 00:00:00-04:00,4.845516204833984
2011-10-17 00:00:00-04:00,4.853052139282227
2011-10-18 00:00:00-04:00,4.792766094207764
2011-10-19 00:00:00-04:00,4.845516204833984
2011-10-20 00:00:00-04:00,4.611907005310059
2011-10-21 00:00:00-04:00,4.694799900054932
2011-10-24 00:00:00-04:00,4.951016902923584
2011-10-25 00:00:00-04:00,4.943481922149658
2011-10-26 00:00:00-04:00,5.018838882446289
2011-10-27 00:00:00-04:00,5.041447162628174
2011-10-28 00:00:00-04:00,5.056518077850342
2011-10-31 00:00:00-04:00,4.973625183105469
2011-11-01 00:00:00-04:00,4.7852301597595215
2011-11-02 00:00:00-04:00,4.853052139282227
2011-11-03 00:00:00-04:00,4.898266792297363
2011-11-04 00:00:00-04:00,5.003767967224121
2011-11-07 00:00:00-05:00,5.033911228179932
2011-11-08 00:00:00-05:00,5.018838882446289
2011-11-09 00:00:00-05:00,4.883194923400879
2011-11-10 00:00:00-05:00,4.740015029907227
2011-11-11 00:00:00-05:00,4.717408180236816
2011-11-14 00:00:00-05:00,4.755086898803711
2011-11-15 00:00:00-05:00,4.687264919281006
2011-11-16 00:00:00-05:00,4.8003010749816895
2011-11-17 00:00:00-05:00,4.657121181488037
2011-11-18 00:00:00-05:00,4.415976047515869
2011-11-21 00:00:00-05:00,4.325545787811279
2011-11-22 00:00:00-05:00,4.302938938140869
2011-11-23 00:00:00-05:00,4.257723808288574
2011-11-25 00:00:00-05:00,4.144687175750732
2011-11-28 00:00:00-05:00,4.250187873840332
2011-11-29 00:00:00-05:00,4.265260219573975
2011-11-30 00:00:00-05:00,4.235116958618164
2011-12-01 00:00:00-05:00,4.476262092590332
2011-12-02 00:00:00-05:00,4.506404876708984
2011-12-05 00:00:00-05:00,4.566691875457764
2011-12-06 00:00:00-05:00,4.5591559410095215
2011-12-07 00:00:00-05:00,4.476262092590332
2011-12-08 00:00:00-05:00,4.483798027038574
2011-12-09 00:00:00-05:00,4.3180108070373535
2011-12-12 00:00:00-05:00,4.408440113067627
2011-12-13 00:00:00-05:00,4.589299201965332
2011-12-14 00:00:00-05:00,4.400904178619385
2011-12-15 00:00:00-05:00,4.400904178619385
2011-12-16 00:00:00-05:00,4.4461188316345215
2011-12-19 00:00:00-05:00,4.340618133544922
2011-12-20 00:00:00-05:00,4.385832786560059
2011-12-21 00:00:00-05:00,4.400904178619385
2011-12-22 00:00:00-05:00,4.265260219573975
2011-12-23 00:00:00-05:00,4.461191177368164
2011-12-27 00:00:00-05:00,4.4461188316345215
2011-12-28 00:00:00-05:00,4.491333961486816
2011-12-29 00:00:00-05:00,4.272796154022217
2011-12-30 00:00:00-05:00,4.302938938140869
2012-01-03 00:00:00-05:00,4.355690002441406
2012-01-04 00:00:00-05:00,4.385832786560059
2012-01-05 00:00:00-05:00,4.363224983215332
2012-01-06 00:00:00-05:00,4.385832786560059
2012-01-09 00:00:00-05:00,4.340618133544922
2012-01-10 00:00:00-05:00,4.476262092590332
2012-01-11 00:00:00-05:00,4.506404876708984
2012-01-12 00:00:00-05:00,4.709871768951416
2012-01-13 00:00:00-05:00,4.679728984832764
2012-01-17 00:00:00-05:00,4.709871768951416
2012-01-18 00:00:00-05:00,4.702335834503174
2012-01-19 00:00:00-05:00,4.837979793548584
2012-01-20 00:00:00-05:00,4.981161117553711
2012-01-23 00:00:00-05:00,5.003767967224121
2012-01-24 00:00:00-05:00,5.033911228179932
2012-01-25 00:00:00-05:00,5.109269142150879
2012-01-26 00:00:00-05:00,5.101733207702637
2012-01-27 00:00:00-05:00,5.139411926269531
2012-01-30 00:00:00-05:00,5.041447162628174
2012-01-31 00:00:00-05:00,5.139411926269531
2012-02-01 00:00:00-05:00,5.2147698402404785
2012-02-02 00:00:00-05:00,5.3278069496154785
2012-02-03 00:00:00-05:00,5.297664165496826
2012-02-06 00:00:00-05:00,5.380558013916016
2012-02-07 00:00:00-05:00,5.350413799285889
2012-02-08 00:00:00-05:00,5.237378120422363
2012-02-09 00:00:00-05:00,5.259984970092773
2012-02-10 00:00:00-05:00,5.275056838989258
2012-02-13 00:00:00-05:00,5.275056838989258
2012-02-14 00:00:00-05:00,5.229842185974121
2012-02-15 00:00:00-05:00,5.267520904541016
2012-02-16 00:00:00-05:00,5.244913101196289
2012-02-17 00:00:00-05:00,5.267520904541016
2012-02-21 00:00:00-05:00,5.1996989250183105
2012-02-22 00:00:00-05:00,5.252449035644531
2012-02-23 00:00:00-05:00,5.237378120422363
2012-02-24 00:00:00-05:00,5.463450908660889
2012-02-27 00:00:00-05:00,5.365486145019531
2012-02-28 00:00:00-05:00,5.297664165496826
2012-02-29 00:00:00-05:00,5.342878818511963
2012-03-01 00:00:00-05:00,5.3278069496154785
2012-03-02 00:00:00-05:00,5.388092994689941
2012-03-05 00:00:00-05:00,5.448379993438721
2012-03-06 00:00:00-05:00,5.207233905792236
2012-03-07 00:00:00-05:00,5.139411926269531
2012-03-08 00:00:00-05:00,5.184627056121826
2012-03-09 00:00:00-05:00,5.350413799285889
2012-03-12 00:00:00-04:00,5.403164863586426
2012-03-13 00:00:00-04:00,5.418237209320068
2012-03-14 00:00:00-04:00,5.470986843109131
2012-03-15 00:00:00-04:00,5.516201972961426
2012-03-16 00:00:00-04:00,5.568953037261963
2012-03-19 00:00:00-04:00,5.5538811683654785
2012-03-20 00:00:00-04:00,5.538808822631836
2012-03-21 00:00:00-04:00,5.4408440589904785
2012-03-22 00:00:00-04:00,5.380558013916016
2012-03-23 00:00:00-04:00,5.373022079467773
2012-03-26 00:00:00-04:00,5.357950210571289
2012-03-27 00:00:00-04:00,5.418237209320068
2012-03-28 00:00:00-04:00,5.448379993438721
2012-03-29 00:00:00-04:00,5.486059188842773
2012-03-30 00:00:00-04:00,5.501130104064941
2012-04-02 00:00:00-04:00,5.425772190093994
2012-04-03 00:00:00-04:00,5.433308124542236
2012-04-04 00:00:00-04:00,5.448379993438721
2012-04-05 00:00:00-04:00,5.312735080718994
2012-04-09 00:00:00-04:00,5.365486145019531
2012-04-10 00:00:00-04:00,5.312735080718994
2012-04-11 00:00:00-04:00,5.2147698402404785
2012-04-12 00:00:00-04:00,5.229842185974121
2012-04-13 00:00:00-04:00,5.267520904541016
2012-04-16 00:00:00-04:00,5.177091121673584
2012-04-17 00:00:00-04:00,5.222305774688721
2012-04-18 00:00:00-04:00,5.335342884063721
2012-04-19 00:00:00-04:00,5.192162990570068
2012-04-20 00:00:00-04:00,5.169555187225342
2012-04-23 00:00:00-04:00,5.064054012298584
2012-04-24 00:00:00-04:00,5.041447162628174
2012-04-25 00:00:00-04:00,5.003767967224121
2012-04-26 00:00:00-04:00,5.018838882446289
2012-04-27 00:00:00-04:00,5.071589946746826
2012-04-30 00:00:00-04:00,5.048983097076416
2012-05-01 00:00:00-04:00,5.048983097076416
2012-05-02 00:00:00-04:00,5.071589946746826
2012-05-03 00:00:00-04:00,5.335342884063721
2012-05-04 00:00:00-04:00,5.124341011047363
2012-05-07 00:00:00-04:00,5.026374816894531
2012-05-08 00:00:00-04:00,4.981161117553711
2012-05-09 00:00:00-04:00,4.973625183105469
2012-05-10 00:00:00-04:00,5.056518077850342
2012-05-11 00:00:00-04:00,4.996232032775879
2012-05-14 00:00:00-04:00,4.958552837371826
2012-05-15 00:00:00-04:00,5.048983097076416
2012-05-16 00:00:00-04:00,5.101733207702637
2012-05-17 00:00:00-04:00,4.981161117553711
2012-05-18 00:00:00-04:00,4.943481922149658
2012-05-21 00:00:00-04:00,4.815372943878174
2012-05-22 00:00:00-04:00,4.966088771820068
2012-05-23 00:00:00-04:00,4.860588073730469
2012-05-24 00:00:00-04:00,4.883194923400879
2012-05-25 00:00:00-04:00,4.830444812774658
2012-05-29 00:00:00-04:00,4.943481922149658
2012-05-30 00:00:00-04:00,4.807837009429932
2012-05-31 00:00:00-04:00,4.7852301597595215
2012-06-01 00:00:00-04:00,4.732479095458984
2012-06-04 00:00:00-04:00,4.634513854980469
2012-06-05 00:00:00-04:00,4.657121181488037
2012-06-06 00:00:00-04:00,4.883194923400879
2012-06-07 00:00:00-04:00,5.011303901672363
2012-06-08 00:00:00-04:00,5.026374816894531
2012-06-11 00:00:00-04:00,5.064054012298584
2012-06-12 00:00:00-04:00,4.860588073730469
2012-06-13 00:00:00-04:00,4.905803203582764
2012-06-14 00:00:00-04:00,4.830444812774658
2012-06-15 00:00:00-04:00,4.740015029907227
2012-06-18 00:00:00-04:00,4.837979793548584
2012-06-19 00:00:00-04:00,4.845516204833984
2012-06-20 00:00:00-04:00,4.9133381843566895
2012-06-21 00:00:00-04:00,4.981161117553711
2012-06-22 00:00:00-04:00,4.7852301597595215
2012-06-25 00:00:00-04:00,4.747550964355469
2012-06-26 00:00:00-04:00,4.709871768951416
2012-06-27 00:00:00-04:00,4.702335834503174
2012-06-28 00:00:00-04:00,4.649586200714111
2012-06-29 00:00:00-04:00,4.702335834503174
2012-07-02 00:00:00-04:00,4.709871768951416
2012-07-03 00:00:00-04:00,4.694799900054932
2012-07-05 00:00:00-04:00,4.875658988952637
2012-07-06 00:00:00-04:00,4.928410053253174
2012-07-09 00:00:00-04:00,4.792766094207764
2012-07-10 00:00:00-04:00,4.717408180236816
2012-07-11 00:00:00-04:00,4.657121181488037
2012-07-12 00:00:00-04:00,4.566691875457764
2012-07-13 00:00:00-04:00,4.551620006561279
2012-07-16 00:00:00-04:00,4.551620006561279
2012-07-17 00:00:00-04:00,4.513940811157227
2012-07-18 00:00:00-04:00,4.529013156890869
2012-07-19 00:00:00-04:00,4.717408180236816
2012-07-20 00:00:00-04:00,4.740015029907227
2012-07-23 00:00:00-04:00,4.544084072113037
2012-07-24 00:00:00-04:00,4.604371070861816
2012-07-25 00:00:00-04:00,4.581762790679932
2012-07-26 00:00:00-04:00,4.792766094207764
2012-07-27 00:00:00-04:00,4.8003010749816895
2012-07-30 00:00:00-04:00,4.898266792297363
2012-07-31 00:00:00-04:00,4.830444812774658
2012-08-01 00:00:00-04:00,4.853052139282227
2012-08-02 00:00:00-04:00,4.702335834503174
2012-08-03 00:00:00-04:00,4.649586200714111
2012-08-06 00:00:00-04:00,4.830444812774658
2012-08-07 00:00:00-04:00,4.966088771820068
2012-08-08 00:00:00-04:00,5.079125881195068
2012-08-09 00:00:00-04:00,5.026374816894531
2012-08-10 00:00:00-04:00,5.018838882446289
2012-08-13 00:00:00-04:00,5.003767967224121
2012-08-14 00:00:00-04:00,4.981161117553711
2012-08-15 00:00:00-04:00,4.951016902923584
2012-08-16 00:00:00-04:00,4.981161117553711
2012-08-17 00:00:00-04:00,5.026374816894531
2012-08-20 00:00:00-04:00,5.116805076599121
2012-08-21 00:00:00-04:00,5.101733207702637
2012-08-22 00:00:00-04:00,5.101733207702637
2012-08-23 00:00:00-04:00,5.033911228179932
2012-08-24 00:00:00-04:00,5.003767967224121
2012-08-27 00:00:00-04:00,5.026374816894531
2012-08-28 00:00:00-04:00,5.003767967224121
2012-08-29 00:00:00-04:00,5.003767967224121
2012-08-30 00:00:00-04:00,5.026374816894531
2012-08-31 00:00:00-04:00,5.033911228179932
2012-09-04 00:00:00-04:00,5.109269142150879
2012-09-05 00:00:00-04:00,5.011303901672363
2012-09-06 00:00:00-04:00,5.018838882446289
2012-09-07 00:00:00-04:00,5.139411926269531
2012-09-10 00:00:00-04:00,5.048983097076416
2012-09-11 00:00:00-04:00,4.928410053253174
2012-09-12 00:00:00-04:00,4.898266792297363
2012-09-13 00:00:00-04:00,4.837979793548584
2012-09-14 00:00:00-04:00,4.883194923400879
2012-09-17 00:00:00-04:00,5.018838882446289
2012-09-18 00:00:00-04:00,4.890730857849121
2012-09-19 00:00:00-04:00,4.7852301597595215
2012-09-20 00:00:00-04:00,4.657121181488037
2012-09-21 00:00:00-04:00,4.634513854980469
2012-09-24 00:00:00-04:00,4.702335834503174
2012-09-25 00:00:00-04:00,4.657121181488037
2012-09-26 00:00:00-04:00,4.619441986083984
2012-09-27 00:00:00-04:00,4.566691875457764
2012-09-28 00:00:00-04:00,4.604371070861816
2012-10-01 00:00:00-04:00,4.536549091339111
2012-10-02 00:00:00-04:00,4.521477222442627
2012-10-03 00:00:00-04:00,4.574227809906006
2012-10-04 00:00:00-04:00,4.5591559410095215
2012-10-05 00:00:00-04:00,4.544084072113037
2012-10-08 00:00:00-04:00,4.566691875457764
2012-10-09 00:00:00-04:00,4.544084072113037
2012-10-10 00:00:00-04:00,4.491333961486816
2012-10-11 00:00:00-04:00,4.506404876708984
2012-10-12 00:00:00-04:00,4.461191177368164
2012-10-15 00:00:00-04:00,4.476262092590332
2012-10-16 00:00:00-04:00,4.536549091339111
2012-10-17 00:00:00-04:00,4.604371070861816
2012-10-18 00:00:00-04:00,4.724943161010742
2012-10-19 00:00:00-04:00,4.461191177368164
2012-10-22 00:00:00-04:00,4.476262092590332
2012-10-23 00:00:00-04:00,4.431046962738037
2012-10-24 00:00:00-04:00,4.4461188316345215
2012-10-25 00:00:00-04:00,4.4461188316345215
2012-10-26 00:00:00-04:00,4.355690002441406
2012-10-31 00:00:00-04:00,4.257723808288574
2012-11-01 00:00:00-04:00,4.370760917663574
2012-11-02 00:00:00-04:00,4.4461188316345215
2012-11-05 00:00:00-05:00,4.325545787811279
2012-11-06 00:00:00-05:00,4.521477222442627
2012-11-07 00:00:00-05:00,4.566691875457764
2012-11-08 00:00:00-05:00,4.491333961486816
2012-11-09 00:00:00-05:00,4.423511981964111
2012-11-12 00:00:00-05:00,4.513940811157227
2012-11-13 00:00:00-05:00,4.4461188316345215
2012-11-14 00:00:00-05:00,4.393369197845459
2012-11-15 00:00:00-05:00,4.22004508972168
2012-11-16 00:00:00-05:00,4.174829959869385
2012-11-19 00:00:00-05:00,4.227581024169922
2012-11-20 00:00:00-05:00,4.340618133544922
2012-11-21 00:00:00-05:00,4.295403003692627
2012-11-23 00:00:00-05:00,4.355690002441406
2012-11-26 00:00:00-05:00,4.363224983215332
2012-11-27 00:00:00-05:00,4.348154067993164
2012-11-28 00:00:00-05:00,4.257723808288574
2012-11-29 00:00:00-05:00,4.355690002441406
2012-11-30 00:00:00-05:00,4.393369197845459
2012-12-03 00:00:00-05:00,4.385832786560059
2012-12-04 00:00:00-05:00,4.348154067993164
2012-12-05 00:00:00-05:00,4.355690002441406
2012-12-06 00:00:00-05:00,4.431046962738037
2012-12-07 00:00:00-05:00,4.498869895935059
2012-12-10 00:00:00-05:00,4.415976047515869
2012-12-11 00:00:00-05:00,4.400904178619385
2012-12-12 00:00:00-05:00,4.626977920532227
2012-12-13 00:00:00-05:00,4.581762790679932
2012-12-14 00:00:00-05:00,4.5591559410095215
2012-12-17 00:00:00-05:00,4.589299201965332
2012-12-18 00:00:00-05:00,4.619441986083984
2012-12-19 00:00:00-05:00,4.634513854980469
2012-12-20 00:00:00-05:00,4.626977920532227
2012-12-21 00:00:00-05:00,4.634513854980469
2012-12-24 00:00:00-05:00,4.724943161010742
2012-12-26 00:00:00-05:00,4.664657115936279
2012-12-27 00:00:00-05:00,4.604371070861816
2012-12-28 00:00:00-05:00,4.581762790679932
2012-12-31 00:00:00-05:00,4.5591559410095215
2013-01-02 00:00:00-05:00,4.732479095458984
2013-01-03 00:00:00-05:00,4.8003010749816895
2013-01-04 00:00:00-05:00,4.807837009429932
2013-01-07 00:00:00-05:00,4.762621879577637
2013-01-08 00:00:00-05:00,4.770157814025879
2013-01-09 00:00:00-05:00,4.755086898803711
2013-01-10 00:00:00-05:00,4.822908878326416
2013-01-11 00:00:00-05:00,4.792766094207764
2013-01-14 00:00:00-05:00,4.868124008178711
2013-01-15 00:00:00-05:00,4.777694225311279
2013-01-16 00:00:00-05:00,4.830444812774658
2013-01-17 00:00:00-05:00,5.003767967224121
2013-01-18 00:00:00-05:00,5.011303901672363
2013-01-22 00:00:00-05:00,4.988696098327637
2013-01-23 00:00:00-05:00,4.988696098327637
2013-01-24 00:00:00-05:00,5.011303901672363
2013-01-25 00:00:00-05:00,4.596835136413574
2013-01-28 00:00:00-05:00,4.822908878326416
2013-01-29 00:00:00-05:00,4.649586200714111
2013-01-30 00:00:00-05:00,4.634513854980469
2013-01-31 00:00:00-05:00,4.6721930503845215
2013-02-01 00:00:00-05:00,4.679728984832764
2013-02-04 00:00:00-05:00,4.687264919281006
2013-02-05 00:00:00-05:00,4.777694225311279
2013-02-06 00:00:00-05:00,4.890730857849121
2013-02-07 00:00:00-05:00,4.981161117553711
2013-02-08 00:00:00-05:00,5.003767967224121
2013-02-11 00:00:00-05:00,4.928410053253174
2013-02-12 00:00:00-05:00,4.966088771820068
2013-02-13 00:00:00-05:00,5.041447162628174
2013-02-14 00:00:00-05:00,4.973625183105469
2013-02-15 00:00:00-05:00,4.966088771820068
2013-02-19 00:00:00-05:00,5.033911228179932
2013-02-20 00:00:00-05:00,4.973625183105469
2013-02-21 00:00:00-05:00,4.935945987701416
2013-02-22 00:00:00-05:00,4.958552837371826
2013-02-25 00:00:00-05:00,4.966088771820068
2013-02-26 00:00:00-05:00,4.973625183105469
2013-02-27 00:00:00-05:00,4.958552837371826
2013-02-28 00:00:00-05:00,4.973625183105469
2013-03-01 00:00:00-05:00,5.011303901672363
2013-03-04 00:00:00-05:00,4.958552837371826
2013-03-05 00:00:00-05:00,5.033911228179932
2013-03-06 00:00:00-05:00,5.079125881195068
2013-03-07 00:00:00-05:00,5.026374816894531
2013-03-08 00:00:00-05:00,5.131875991821289
2013-03-11 00:00:00-04:00,5.109269142150879
2013-03-12 00:00:00-04:00,5.229842185974121
2013-03-13 00:00:00-04:00,5.146947860717773
2013-03-14 00:00:00-04:00,5.184627056121826
2013-03-15 00:00:00-04:00,5.177091121673584
2013-03-18 00:00:00-04:00,5.101733207702637
2013-03-19 00:00:00-04:00,5.139411926269531
2013-03-20 00:00:00-04:00,5.192162990570068
2013-03-21 00:00:00-04:00,5.131875991821289
2013-03-22 00:00:00-04:00,5.064054012298584
2013-03-25 00:00:00-04:00,5.071589946746826
2013-03-26 00:00:00-04:00,5.0866618156433105
2013-03-27 00:00:00-04:00,5.011303901672363
2013-03-28 00:00:00-04:00,5.094196796417236
2013-04-01 00:00:00-04:00,5.094196796417236
2013-04-02 00:00:00-04:00,5.026374816894531
2013-04-03 00:00:00-04:00,5.033911228179932
2013-04-04 00:00:00-04:00,5.011303901672363
2013-04-05 00:00:00-04:00,4.996232032775879
2013-04-08 00:00:00-04:00,5.094196796417236
2013-04-09 00:00:00-04:00,5.094196796417236
2013-04-10 00:00:00-04:00,5.124341011047363
2013-04-11 00:00:00-04:00,5.237378120422363
2013-04-12 00:00:00-04:00,5.192162990570068
2013-04-15 00:00:00-04:00,5.131875991821289
2013-04-16 00:00:00-04:00,5.0866618156433105
2013-04-17 00:00:00-04:00,5.237378120422363
2013-04-18 00:00:00-04:00,5.048983097076416
2013-04-19 00:00:00-04:00,5.056518077850342
2013-04-22 00:00:00-04:00,5.048983097076416
2013-04-23 00:00:00-04:00,5.079125881195068
2013-04-24 00:00:00-04:00,5.162020206451416
2013-04-25 00:00:00-04:00,5.1996989250183105
2013-04-26 00:00:00-04:00,5.2147698402404785
2013-04-29 00:00:00-04:00,5.1996989250183105
2013-04-30 00:00:00-04:00,5.237378120422363
2013-05-01 00:00:00-04:00,5.275056838989258
2013-05-02 00:00:00-04:00,5.162020206451416
2013-05-03 00:00:00-04:00,5.094196796417236
2013-05-06 00:00:00-04:00,5.1996989250183105
2013-05-07 00:00:00-04:00,5.403164863586426
2013-05-08 00:00:00-04:00,5.403164863586426
2013-05-09 00:00:00-04:00,5.410700798034668
2013-05-10 00:00:00-04:00,5.388092994689941
2013-05-13 00:00:00-04:00,5.433308124542236
2013-05-14 00:00:00-04:00,5.373022079467773
2013-05-15 00:00:00-04:00,5.418237209320068
2013-05-16 00:00:00-04:00,5.501130104064941
2013-05-17 00:00:00-04:00,5.493595123291016
2013-05-20 00:00:00-04:00,5.523737907409668
2013-05-21 00:00:00-04:00,5.561417102813721
2013-05-22 00:00:00-04:00,5.6819891929626465
2013-05-23 00:00:00-04:00,5.305200099945068
2013-05-24 00:00:00-04:00,5.478522777557373
2013-05-28 00:00:00-04:00,5.463450908660889
2013-05-29 00:00:00-04:00,5.501130104064941
2013-05-30 00:00:00-04:00,5.546345233917236
2013-05-31 00:00:00-04:00,5.599095821380615
2013-06-03 00:00:00-04:00,5.651845932006836
2013-06-04 00:00:00-04:00,5.636775016784668
2013-06-05 00:00:00-04:00,5.712132930755615
2013-06-06 00:00:00-04:00,5.659381866455078
2013-06-07 00:00:00-04:00,5.77995491027832
2013-06-10 00:00:00-04:00,5.938206195831299
2013-06-11 00:00:00-04:00,5.825170040130615
2013-06-12 00:00:00-04:00,5.885456085205078
2013-06-13 00:00:00-04:00,5.757347106933594
2013-06-14 00:00:00-04:00,5.847776889801025
2013-06-17 00:00:00-04:00,5.795025825500488
2013-06-18 00:00:00-04:00,5.734739780426025
2013-06-19 00:00:00-04:00,5.712132930755615
2013-06-20 00:00:00-04:00,5.599095821380615
2013-06-21 00:00:00-04:00,5.644309997558594
2013-06-24 00:00:00-04:00,5.53127384185791
2013-06-25 00:00:00-04:00,5.546345233917236
2013-06-26 00:00:00-04:00,5.614167213439941
2013-06-27 00:00:00-04:00,5.651845932006836
2013-06-28 00:00:00-04:00,5.7874908447265625
2013-07-01 00:00:00-04:00,5.840240955352783
2013-07-02 00:00:00-04:00,5.855312824249268
2013-07-03 00:00:00-04:00,5.817634105682373
2013-07-05 00:00:00-04:00,5.810098171234131
2013-07-08 00:00:00-04:00,5.795025825500488
2013-07-09 00:00:00-04:00,5.840240955352783
2013-07-10 00:00:00-04:00,5.870384216308594
2013-07-11 00:00:00-04:00,5.953278064727783
2013-07-12 00:00:00-04:00,5.9155988693237305
2013-07-15 00:00:00-04:00,5.960813999176025
2013-07-16 00:00:00-04:00,6.00602912902832
2013-07-17 00:00:00-04:00,6.013564109802246
2013-07-18 00:00:00-04:00,5.998493194580078
2013-07-19 00:00:00-04:00,6.00602912902832
2013-07-22 00:00:00-04:00,6.00602912902832
2013-07-23 00:00:00-04:00,6.0964579582214355
2013-07-24 00:00:00-04:00,6.0964579582214355
2013-07-25 00:00:00-04:00,6.088922023773193
2013-07-26 00:00:00-04:00,6.262246131896973
2013-07-29 00:00:00-04:00,6.299924850463867
2013-07-30 00:00:00-04:00,6.277317047119141
2013-07-31 00:00:00-04:00,6.518463134765625
2013-08-01 00:00:00-04:00,6.60889196395874
2013-08-02 00:00:00-04:00,6.6691789627075195
2013-08-05 00:00:00-04:00,6.601356029510498
2013-08-06 00:00:00-04:00,6.631499767303467
2013-08-07 00:00:00-04:00,6.706858158111572
2013-08-08 00:00:00-04:00,6.7822160720825195
2013-08-09 00:00:00-04:00,7.234363079071045
2013-08-12 00:00:00-04:00,6.789751052856445
2013-08-13 00:00:00-04:00,6.83496618270874
2013-08-14 00:00:00-04:00,6.902788162231445
2013-08-15 00:00:00-04:00,6.819893836975098
2013-08-16 00:00:00-04:00,6.744536876678467
2013-08-19 00:00:00-04:00,6.7972869873046875
2013-08-20 00:00:00-04:00,6.774680137634277
2013-08-21 00:00:00-04:00,6.80482292175293
2013-08-22 00:00:00-04:00,6.819893836975098
2013-08-23 00:00:00-04:00,6.925395965576172
2013-08-26 00:00:00-04:00,6.706858158111572
2013-08-27 00:00:00-04:00,6.548605918884277
2013-08-28 00:00:00-04:00,6.593821048736572
2013-08-29 00:00:00-04:00,6.6842498779296875
2013-08-30 00:00:00-04:00,6.842502117156982
2013-09-03 00:00:00-04:00,6.789751052856445
2013-09-04 00:00:00-04:00,6.737000942230225
2013-09-05 00:00:00-04:00,6.895252227783203
2013-09-06 00:00:00-04:00,6.932930946350098
2013-09-09 00:00:00-04:00,6.963075160980225
2013-09-10 00:00:00-04:00,7.159005165100098
2013-09-11 00:00:00-04:00,7.113790988922119
2013-09-12 00:00:00-04:00,7.1439337730407715
2013-09-13 00:00:00-04:00,7.045968055725098
2013-09-16 00:00:00-04:00,7.136397838592529
2013-09-17 00:00:00-04:00,7.0233612060546875
2013-09-18 00:00:00-04:00,6.895252227783203
2013-09-19 00:00:00-04:00,7.015824794769287
2013-09-20 00:00:00-04:00,7.038433074951172
2013-09-23 00:00:00-04:00,6.948002815246582
2013-09-24 00:00:00-04:00,6.963075160980225
2013-09-25 00:00:00-04:00,6.9103240966796875
2013-09-26 00:00:00-04:00,6.97061014175415
2013-09-27 00:00:00-04:00,6.850038051605225
2013-09-30 00:00:00-04:00,6.85757303237915
2013-10-01 00:00:00-04:00,6.819893836975098
2013-10-02 00:00:00-04:00,6.865108966827393
2013-10-03 00:00:00-04:00,6.932930946350098
2013-10-04 00:00:00-04:00,6.932930946350098
2013-10-07 00:00:00-04:00,6.842502117156982
2013-10-08 00:00:00-04:00,6.83496618270874
2013-10-09 00:00:00-04:00,6.6842498779296875
2013-10-10 00:00:00-04:00,6.69178581237793
2013-10-11 00:00:00-04:00,6.661643028259277
2013-10-14 00:00:00-04:00,6.729465007781982
2013-10-15 00:00:00-04:00,6.7972869873046875
2013-10-16 00:00:00-04:00,6.887716770172119
2013-10-17 00:00:00-04:00,6.865108966827393
2013-10-18 00:00:00-04:00,6.955539226531982
2013-10-21 00:00:00-04:00,6.9103240966796875
2013-10-22 00:00:00-04:00,6.955539226531982
2013-10-23 00:00:00-04:00,6.97061014175415
2013-10-24 00:00:00-04:00,6.902788162231445
2013-10-25 00:00:00-04:00,6.887716770172119
2013-10-28 00:00:00-04:00,6.646571159362793
2013-10-29 00:00:00-04:00,6.744536876678467
2013-10-30 00:00:00-04:00,6.352674961090088
2013-10-31 00:00:00-04:00,5.9155988693237305
2013-11-01 00:00:00-04:00,5.923134803771973
2013-11-04 00:00:00-05:00,5.975884914398193
2013-11-05 00:00:00-05:00,5.945742130279541
2013-11-06 00:00:00-05:00,5.89299201965332
2013-11-07 00:00:00-05:00,5.908062934875488
2013-11-08 00:00:00-05:00,5.862849235534668
2013-11-11 00:00:00-05:00,5.802562236785889
2013-11-12 00:00:00-05:00,5.742276191711426
2013-11-13 00:00:00-05:00,5.651845932006836
2013-11-14 00:00:00-05:00,5.727203845977783
2013-11-15 00:00:00-05:00,5.727203845977783
2013-11-18 00:00:00-05:00,5.832705020904541
2013-11-19 00:00:00-05:00,5.825170040130615
2013-11-20 00:00:00-05:00,5.719667911529541
2013-11-21 00:00:00-05:00,5.659381866455078
2013-11-22 00:00:00-05:00,5.659381866455078
2013-11-25 00:00:00-05:00,5.614167213439941
2013-11-26 00:00:00-05:00,5.66691780090332
2013-11-27 00:00:00-05:00,5.651845932006836
2013-11-29 00:00:00-05:00,5.689525127410889
2013-12-02 00:00:00-05:00,5.727203845977783
2013-12-03 00:00:00-05:00,5.606630802154541
2013-12-04 00:00:00-05:00,5.433308124542236
2013-12-05 00:00:00-05:00,5.516201972961426
2013-12-06 00:00:00-05:00,5.523737907409668
2013-12-09 00:00:00-05:00,5.651845932006836
2013-12-10 00:00:00-05:00,5.501130104064941
2013-12-11 00:00:00-05:00,5.478522777557373
2013-12-12 00:00:00-05:00,5.388092994689941
2013-12-13 00:00:00-05:00,5.282591819763184
2013-12-16 00:00:00-05:00,5.433308124542236
2013-12-17 00:00:00-05:00,5.538808822631836
2013-12-18 00:00:00-05:00,5.576488018035889
2013-12-19 00:00:00-05:00,5.493595123291016
2013-12-20 00:00:00-05:00,5.576488018035889
2013-12-23 00:00:00-05:00,5.704596996307373
2013-12-24 00:00:00-05:00,5.764883041381836
2013-12-26 00:00:00-05:00,5.802562236785889
2013-12-27 00:00:00-05:00,5.77995491027832
2013-12-30 00:00:00-05:00,5.840240955352783
2013-12-31 00:00:00-05:00,5.870384216308594
2014-01-02 00:00:00-05:00,5.817634105682373
2014-01-03 00:00:00-05:00,5.825170040130615
2014-01-06 00:00:00-05:00,5.840240955352783
2014-01-07 00:00:00-05:00,5.810098171234131
2014-01-08 00:00:00-05:00,5.7874908447265625
2014-01-09 00:00:00-05:00,5.817634105682373
2014-01-10 00:00:00-05:00,5.840240955352783
2014-01-13 00:00:00-05:00,5.764883041381836
2014-01-14 00:00:00-05:00,5.855312824249268
2014-01-15 00:00:00-05:00,5.840240955352783
2014-01-16 00:00:00-05:00,5.923134803771973
2014-01-17 00:00:00-05:00,5.923134803771973
2014-01-21 00:00:00-05:00,5.885456085205078
2014-01-22 00:00:00-05:00,5.764883041381836
2014-01-23 00:00:00-05:00,5.742276191711426
2014-01-24 00:00:00-05:00,5.742276191711426
2014-01-27 00:00:00-05:00,5.636775016784668
2014-01-28 00:00:00-05:00,5.644309997558594
2014-01-29 00:00:00-05:00,5.749812126159668
2014-01-30 00:00:00-05:00,6.2547101974487305
2014-01-31 00:00:00-05:00,6.201959133148193
2014-02-03 00:00:00-05:00,6.194424152374268
2014-02-04 00:00:00-05:00,6.149209022521973
2014-02-05 00:00:00-05:00,6.1416730880737305
2014-02-06 00:00:00-05:00,6.171815872192383
2014-02-07 00:00:00-05:00,6.292388916015625
2014-02-10 00:00:00-05:00,6.3752827644348145
2014-02-11 00:00:00-05:00,6.435568809509277
2014-02-12 00:00:00-05:00,6.578749179840088
2014-02-13 00:00:00-05:00,6.58628511428833
2014-02-14 00:00:00-05:00,6.676713943481445
2014-02-18 00:00:00-05:00,6.850038051605225
2014-02-19 00:00:00-05:00,6.80482292175293
2014-02-20 00:00:00-05:00,6.82742977142334
2014-02-21 00:00:00-05:00,6.963075160980225
2014-02-24 00:00:00-05:00,7.136397838592529
2014-02-25 00:00:00-05:00,7.136397838592529
2014-02-26 00:00:00-05:00,6.985682010650635
2014-02-27 00:00:00-05:00,6.94046688079834
2014-02-28 00:00:00-05:00,6.7972869873046875
2014-03-03 00:00:00-05:00,6.646571159362793
2014-03-04 00:00:00-05:00,6.7822160720825195
2014-03-05 00:00:00-05:00,6.955539226531982
2014-03-06 00:00:00-05:00,6.978146076202393
2014-03-07 00:00:00-05:00,6.955539226531982
2014-03-10 00:00:00-04:00,6.7822160720825195
2014-03-11 00:00:00-04:00,6.85757303237915
2014-03-12 00:00:00-04:00,6.706858158111572
2014-03-13 00:00:00-04:00,6.932930946350098
2014-03-14 00:00:00-04:00,6.774680137634277
2014-03-17 00:00:00-04:00,6.895252227783203
2014-03-18 00:00:00-04:00,7.008288860321045
2014-03-19 00:00:00-04:00,7.068575859069824
2014-03-20 00:00:00-04:00,7.045968055725098
2014-03-21 00:00:00-04:00,7.113790988922119
2014-03-24 00:00:00-04:00,7.106255054473877
2014-03-25 00:00:00-04:00,7.061039924621582
2014-03-26 00:00:00-04:00,7.061039924621582
2014-03-27 00:00:00-04:00,6.902788162231445
2014-03-28 00:00:00-04:00,6.850038051605225
2014-03-31 00:00:00-04:00,6.850038051605225
2014-04-01 00:00:00-04:00,6.97061014175415
2014-04-02 00:00:00-04:00,6.993217945098877
2014-04-03 00:00:00-04:00,7.045968055725098
2014-04-04 00:00:00-04:00,7.128861904144287
2014-04-07 00:00:00-04:00,6.955539226531982
2014-04-08 00:00:00-04:00,6.819893836975098
2014-04-09 00:00:00-04:00,6.91786003112793
2014-04-10 00:00:00-04:00,7.05350399017334
2014-04-11 00:00:00-04:00,6.9103240966796875
2014-04-14 00:00:00-04:00,6.865108966827393
2014-04-15 00:00:00-04:00,6.895252227783203
2014-04-16 00:00:00-04:00,6.948002815246582
2014-04-17 00:00:00-04:00,7.038433074951172
2014-04-21 00:00:00-04:00,7.113790988922119
2014-04-22 00:00:00-04:00,7.106255054473877
2014-04-23 00:00:00-04:00,7.136397838592529
2014-04-24 00:00:00-04:00,7.234363079071045
2014-04-25 00:00:00-04:00,7.121325969696045
2014-04-28 00:00:00-04:00,7.0233612060546875
2014-04-29 00:00:00-04:00,6.7822160720825195
2014-04-30 00:00:00-04:00,6.69932222366333
2014-05-01 00:00:00-04:00,7.015824794769287
2014-05-02 00:00:00-04:00,6.82742977142334
2014-05-05 00:00:00-04:00,7.015824794769287
2014-05-06 00:00:00-04:00,7.136397838592529
2014-05-07 00:00:00-04:00,7.121325969696045
2014-05-08 00:00:00-04:00,7.204219818115234
2014-05-09 00:00:00-04:00,7.076111793518066
2014-05-12 00:00:00-04:00,7.098719120025635
2014-05-13 00:00:00-04:00,7.347400188446045
2014-05-14 00:00:00-04:00,7.234363079071045
2014-05-15 00:00:00-04:00,7.226827144622803
2014-05-16 00:00:00-04:00,7.008288860321045
2014-05-19 00:00:00-04:00,7.061039924621582
2014-05-20 00:00:00-04:00,7.196683883666992
2014-05-21 00:00:00-04:00,7.159005165100098
2014-05-22 00:00:00-04:00,7.309720993041992
2014-05-23 00:00:00-04:00,7.596080780029297
2014-05-27 00:00:00-04:00,7.6789751052856445
2014-05-28 00:00:00-04:00,7.573473930358887
2014-05-29 00:00:00-04:00,7.6111531257629395
2014-05-30 00:00:00-04:00,7.694046974182129
2014-06-02 00:00:00-04:00,7.694046974182129
2014-06-03 00:00:00-04:00,7.74679708480835
2014-06-04 00:00:00-04:00,7.822154998779297
2014-06-05 00:00:00-04:00,8.108514785766602
2014-06-06 00:00:00-04:00,8.214016914367676
2014-06-09 00:00:00-04:00,8.221551895141602
2014-06-10 00:00:00-04:00,8.394875526428223
2014-06-11 00:00:00-04:00,8.477768898010254
2014-06-12 00:00:00-04:00,8.538056373596191
2014-06-13 00:00:00-04:00,8.492840766906738
2014-06-16 00:00:00-04:00,8.492840766906738
2014-06-17 00:00:00-04:00,8.492840766906738
2014-06-18 00:00:00-04:00,8.146194458007812
2014-06-19 00:00:00-04:00,8.357196807861328
2014-06-20 00:00:00-04:00,8.470233917236328
2014-06-23 00:00:00-04:00,8.402411460876465
2014-06-24 00:00:00-04:00,8.319518089294434
2014-06-25 00:00:00-04:00,8.25169563293457
2014-06-26 00:00:00-04:00,8.327054023742676
2014-06-27 00:00:00-04:00,8.349660873413086
2014-06-30 00:00:00-04:00,8.364731788635254
2014-07-01 00:00:00-04:00,8.432555198669434
2014-07-02 00:00:00-04:00,8.44009017944336
2014-07-03 00:00:00-04:00,8.477768898010254
2014-07-07 00:00:00-04:00,8.44009017944336
2014-07-08 00:00:00-04:00,8.30444622039795
2014-07-09 00:00:00-04:00,8.259230613708496
2014-07-10 00:00:00-04:00,8.13865852355957
2014-07-11 00:00:00-04:00,8.116050720214844
2014-07-14 00:00:00-04:00,8.289375305175781
2014-07-15 00:00:00-04:00,8.236623764038086
2014-07-16 00:00:00-04:00,8.19140911102295
2014-07-17 00:00:00-04:00,8.123586654663086
2014-07-18 00:00:00-04:00,8.161266326904297
2014-07-21 00:00:00-04:00,8.274303436279297
2014-07-22 00:00:00-04:00,8.281839370727539
2014-07-23 00:00:00-04:00,8.409947395324707
2014-07-24 00:00:00-04:00,8.598341941833496
2014-07-25 00:00:00-04:00,8.379803657531738
2014-07-28 00:00:00-04:00,8.13865852355957
2014-07-29 00:00:00-04:00,8.168802261352539
2014-07-30 00:00:00-04:00,8.116050720214844
2014-07-31 00:00:00-04:00,7.889976978302002
2014-08-01 00:00:00-04:00,7.74679708480835
2014-08-04 00:00:00-04:00,7.807084083557129
2014-08-05 00:00:00-04:00,7.844762802124023
2014-08-06 00:00:00-04:00,7.920121192932129
2014-08-07 00:00:00-04:00,7.972870826721191
2014-08-08 00:00:00-04:00,7.867370128631592
2014-08-11 00:00:00-04:00,8.018086433410645
2014-08-12 00:00:00-04:00,8.025622367858887
2014-08-13 00:00:00-04:00,7.972870826721191
2014-08-14 00:00:00-04:00,7.987943172454834
2014-08-15 00:00:00-04:00,8.010549545288086
2014-08-18 00:00:00-04:00,8.010549545288086
2014-08-19 00:00:00-04:00,8.033157348632812
2014-08-20 00:00:00-04:00,8.161266326904297
2014-08-21 00:00:00-04:00,8.198945045471191
2014-08-22 00:00:00-04:00,8.274303436279297
2014-08-25 00:00:00-04:00,8.206480979919434
2014-08-26 00:00:00-04:00,8.168802261352539
2014-08-27 00:00:00-04:00,8.327054023742676
2014-08-28 00:00:00-04:00,8.25169563293457
2014-08-29 00:00:00-04:00,8.266766548156738
2014-09-02 00:00:00-04:00,8.334589004516602
2014-09-03 00:00:00-04:00,8.66616439819336
2014-09-04 00:00:00-04:00,8.651092529296875
2014-09-05 00:00:00-04:00,8.409947395324707
2014-09-08 00:00:00-04:00,8.30444622039795
2014-09-09 00:00:00-04:00,8.394875526428223
2014-09-10 00:00:00-04:00,8.364731788635254
2014-09-11 00:00:00-04:00,8.364731788635254
2014-09-12 00:00:00-04:00,8.327054023742676
2014-09-15 00:00:00-04:00,8.281839370727539
2014-09-16 00:00:00-04:00,8.176338195800781
2014-09-17 00:00:00-04:00,8.153730392456055
2014-09-18 00:00:00-04:00,8.19140911102295
2014-09-19 00:00:00-04:00,8.259230613708496
2014-09-22 00:00:00-04:00,8.108514785766602
2014-09-23 00:00:00-04:00,8.033157348632812
2014-09-24 00:00:00-04:00,8.13865852355957
2014-09-25 00:00:00-04:00,8.168802261352539
2014-09-26 00:00:00-04:00,7.920121192932129
2014-09-29 00:00:00-04:00,7.85983419418335
2014-09-30 00:00:00-04:00,7.7920122146606445
2014-10-01 00:00:00-04:00,7.761868953704834
2014-10-02 00:00:00-04:00,7.52072286605835
2014-10-03 00:00:00-04:00,7.543331146240234
2014-10-06 00:00:00-04:00,7.709117889404297
2014-10-07 00:00:00-04:00,7.739261150360107
2014-10-08 00:00:00-04:00,7.63375997543335
2014-10-09 00:00:00-04:00,7.74679708480835
2014-10-10 00:00:00-04:00,7.460436820983887
2014-10-13 00:00:00-04:00,6.759607791900635
2014-10-14 00:00:00-04:00,6.623963832855225
2014-10-15 00:00:00-04:00,6.623963832855225
2014-10-16 00:00:00-04:00,6.47324800491333
2014-10-17 00:00:00-04:00,6.767144203186035
2014-10-20 00:00:00-04:00,6.661643028259277
2014-10-21 00:00:00-04:00,6.7822160720825195
2014-10-22 00:00:00-04:00,6.955539226531982
2014-10-23 00:00:00-04:00,6.9103240966796875
2014-10-24 00:00:00-04:00,6.97061014175415
2014-10-27 00:00:00-04:00,7.015824794769287
2014-10-28 00:00:00-04:00,7.0233612060546875
2014-10-29 00:00:00-04:00,7.3398637771606445
2014-10-30 00:00:00-04:00,7.460436820983887
2014-10-31 00:00:00-04:00,8.085907936096191
2014-11-03 00:00:00-05:00,8.055765151977539
2014-11-04 00:00:00-05:00,8.116050720214844
2014-11-05 00:00:00-05:00,8.221551895141602
2014-11-06 00:00:00-05:00,8.176338195800781
2014-11-07 00:00:00-05:00,8.183873176574707
2014-11-10 00:00:00-05:00,8.206480979919434
2014-11-11 00:00:00-05:00,8.093443870544434
2014-11-12 00:00:00-05:00,8.198945045471191
2014-11-13 00:00:00-05:00,8.296910285949707
2014-11-14 00:00:00-05:00,8.334589004516602
2014-11-17 00:00:00-05:00,8.357196807861328
2014-11-18 00:00:00-05:00,8.274303436279297
2014-11-19 00:00:00-05:00,8.349660873413086
2014-11-20 00:00:00-05:00,8.236623764038086
2014-11-21 00:00:00-05:00,8.372267723083496
2014-11-24 00:00:00-05:00,8.402411460876465
2014-11-25 00:00:00-05:00,8.44009017944336
2014-11-26 00:00:00-05:00,8.379803657531738
2014-11-28 00:00:00-05:00,8.334589004516602
2014-12-01 00:00:00-05:00,8.311982154846191
2014-12-02 00:00:00-05:00,8.394875526428223
2014-12-03 00:00:00-05:00,8.334589004516602
2014-12-04 00:00:00-05:00,8.485304832458496
2014-12-05 00:00:00-05:00,8.492840766906738
2014-12-08 00:00:00-05:00,8.53052043914795
2014-12-09 00:00:00-05:00,8.176338195800781
2014-12-10 00:00:00-05:00,8.342124938964844
2014-12-11 00:00:00-05:00,8.266766548156738
2014-12-12 00:00:00-05:00,8.116050720214844
2014-12-15 00:00:00-05:00,8.070836067199707
2014-12-16 00:00:00-05:00,8.085907936096191
2014-12-17 00:00:00-05:00,8.123586654663086
2014-12-18 00:00:00-05:00,8.206480979919434
2014-12-19 00:00:00-05:00,8.274303436279297
2014-12-22 00:00:00-05:00,8.296910285949707
2014-12-23 00:00:00-05:00,8.425019264221191
2014-12-24 00:00:00-05:00,8.38733959197998
2014-12-26 00:00:00-05:00,8.50037670135498
2014-12-29 00:00:00-05:00,8.462697982788086
2014-12-30 00:00:00-05:00,8.53052043914795
2014-12-31 00:00:00-05:00,8.575735092163086
2015-01-02 00:00:00-05:00,8.455162048339844
2015-01-05 00:00:00-05:00,8.296910285949707
2015-01-06 00:00:00-05:00,8.153730392456055
2015-01-07 00:00:00-05:00,7.950263977050781
2015-01-08 00:00:00-05:00,8.244159698486328
2015-01-09 00:00:00-05:00,8.357196807861328
2015-01-12 00:00:00-05:00,8.334589004516602
2015-01-13 00:00:00-05:00,8.19140911102295
2015-01-14 00:00:00-05:00,8.063301086425781
2015-01-15 00:00:00-05:00,8.206480979919434
2015-01-16 00:00:00-05:00,8.055765151977539
2015-01-20 00:00:00-05:00,8.266766548156738
2015-01-21 00:00:00-05:00,8.100979804992676
2015-01-22 00:00:00-05:00,8.214016914367676
2015-01-23 00:00:00-05:00,8.25169563293457
2015-01-26 00:00:00-05:00,8.319518089294434
2015-01-27 00:00:00-05:00,8.214016914367676
2015-01-28 00:00:00-05:00,8.229087829589844
2015-01-29 00:00:00-05:00,8.357196807861328
2015-01-30 00:00:00-05:00,8.394875526428223
2015-02-02 00:00:00-05:00,8.357196807861328
2015-02-03 00:00:00-05:00,8.515447616577148
2015-02-04 00:00:00-05:00,8.801809310913086
2015-02-05 00:00:00-05:00,8.816880226135254
2015-02-06 00:00:00-05:00,8.960060119628906
2015-02-09 00:00:00-05:00,8.816880226135254
2015-02-10 00:00:00-05:00,8.847023010253906
2015-02-11 00:00:00-05:00,8.899773597717285
2015-02-12 00:00:00-05:00,9.042954444885254
2015-02-13 00:00:00-05:00,9.155990600585938
2015-02-17 00:00:00-05:00,9.080633163452148
2015-02-18 00:00:00-05:00,9.193670272827148
2015-02-19 00:00:00-05:00,9.073097229003906
2015-02-20 00:00:00-05:00,9.095705032348633
2015-02-23 00:00:00-05:00,9.231348991394043
2015-02-24 00:00:00-05:00,9.216277122497559
2015-02-25 00:00:00-05:00,9.3368501663208
2015-02-26 00:00:00-05:00,9.269027709960938
2015-02-27 00:00:00-05:00,9.261491775512695
2015-03-02 00:00:00-05:00,9.155990600585938
2015-03-03 00:00:00-05:00,9.186134338378906
2015-03-04 00:00:00-05:00,8.982667922973633
2015-03-05 00:00:00-05:00,9.012810707092285
2015-03-06 00:00:00-05:00,8.990202903747559
2015-03-09 00:00:00-04:00,8.86209487915039
2015-03-10 00:00:00-04:00,8.688772201538086
2015-03-11 00:00:00-04:00,8.598341941833496
2015-03-12 00:00:00-04:00,8.598341941833496
2015-03-13 00:00:00-04:00,8.794273376464844
2015-03-16 00:00:00-04:00,8.83948802947998
2015-03-17 00:00:00-04:00,8.907309532165527
2015-03-18 00:00:00-04:00,9.005274772644043
2015-03-19 00:00:00-04:00,9.08816909790039
2015-03-20 00:00:00-04:00,9.231348991394043
2015-03-23 00:00:00-04:00,9.3368501663208
2015-03-24 00:00:00-04:00,9.299171447753906
2015-03-25 00:00:00-04:00,9.38960075378418
2015-03-26 00:00:00-04:00,9.178598403930664
2015-03-27 00:00:00-04:00,9.231348991394043
2015-03-30 00:00:00-04:00,9.359457015991211
2015-03-31 00:00:00-04:00,9.517708778381348
2015-04-01 00:00:00-04:00,9.50263786315918
2015-04-02 00:00:00-04:00,9.495101928710938
2015-04-06 00:00:00-04:00,9.344386100769043
2015-04-07 00:00:00-04:00,9.495101928710938
2015-04-08 00:00:00-04:00,9.495101928710938
2015-04-09 00:00:00-04:00,9.585531234741211
2015-04-10 00:00:00-04:00,9.577995300292969
2015-04-13 00:00:00-04:00,9.668424606323242
2015-04-14 00:00:00-04:00,9.480030059814453
2015-04-15 00:00:00-04:00,9.52524471282959
2015-04-16 00:00:00-04:00,9.5478515625
2015-04-17 00:00:00-04:00,9.404671669006348
2015-04-20 00:00:00-04:00,9.31424331665039
2015-04-21 00:00:00-04:00,9.419743537902832
2015-04-22 00:00:00-04:00,9.382064819335938
2015-04-23 00:00:00-04:00,9.434815406799316
2015-04-24 00:00:00-04:00,9.419743537902832
2015-04-27 00:00:00-04:00,9.31424331665039
2015-04-28 00:00:00-04:00,9.208742141723633
2015-04-29 00:00:00-04:00,9.125847816467285
2015-04-30 00:00:00-04:00,8.779200553894043
2015-05-01 00:00:00-04:00,8.681236267089844
2015-05-04 00:00:00-04:00,9.042954444885254
2015-05-05 00:00:00-04:00,9.050490379333496
2015-05-06 00:00:00-04:00,8.982667922973633
2015-05-07 00:00:00-04:00,8.929917335510254
2015-05-08 00:00:00-04:00,9.027881622314453
2015-05-11 00:00:00-04:00,8.990202903747559
2015-05-12 00:00:00-04:00,9.012810707092285
2015-05-13 00:00:00-04:00,9.140918731689453
2015-05-14 00:00:00-04:00,9.193670272827148
2015-05-15 00:00:00-04:00,9.442351341247559
2015-05-18 00:00:00-04:00,9.41220760345459
2015-05-19 00:00:00-04:00,9.472494125366211
2015-05-20 00:00:00-04:00,9.397135734558105
2015-05-21 00:00:00-04:00,9.374528884887695
2015-05-22 00:00:00-04:00,9.133383750915527
2015-05-26 00:00:00-04:00,9.095705032348633
2015-05-27 00:00:00-04:00,9.148454666137695
2015-05-28 00:00:00-04:00,9.148454666137695
2015-05-29 00:00:00-04:00,9.20120620727539
2015-06-01 00:00:00-04:00,9.216277122497559
2015-06-02 00:00:00-04:00,9.012810707092285
2015-06-03 00:00:00-04:00,9.118311882019043
2015-06-04 00:00:00-04:00,9.035417556762695
2015-06-05 00:00:00-04:00,9.1107759475708
2015-06-08 00:00:00-04:00,9.095705032348633
2015-06-09 00:00:00-04:00,9.027881622314453
2015-06-10 00:00:00-04:00,9.1107759475708
2015-06-11 00:00:00-04:00,9.125847816467285
2015-06-12 00:00:00-04:00,9.050490379333496
2015-06-15 00:00:00-04:00,9.058026313781738
2015-06-16 00:00:00-04:00,9.027881622314453
2015-06-17 00:00:00-04:00,9.058026313781738
2015-06-18 00:00:00-04:00,8.990202903747559
2015-06-19 00:00:00-04:00,9.005274772644043
2015-06-22 00:00:00-04:00,9.080633163452148
2015-06-23 00:00:00-04:00,9.148454666137695
2015-06-24 00:00:00-04:00,9.042954444885254
2015-06-25 00:00:00-04:00,8.990202903747559
2015-06-26 00:00:00-04:00,8.929917335510254
2015-06-29 00:00:00-04:00,8.854558944702148
2015-06-30 00:00:00-04:00,8.741521835327148
2015-07-01 00:00:00-04:00,8.55312728881836
2015-07-02 00:00:00-04:00,8.568199157714844
2015-07-06 00:00:00-04:00,8.44009017944336
2015-07-07 00:00:00-04:00,8.349660873413086
2015-07-08 00:00:00-04:00,8.327054023742676
2015-07-09 00:00:00-04:00,8.281839370727539
2015-07-10 00:00:00-04:00,8.281839370727539
2015-07-13 00:00:00-04:00,8.38733959197998
2015-07-14 00:00:00-04:00,8.123586654663086
2015-07-15 00:00:00-04:00,8.176338195800781
2015-07-16 00:00:00-04:00,8.108514785766602
2015-07-17 00:00:00-04:00,8.183873176574707
2015-07-20 00:00:00-04:00,8.13865852355957
2015-07-21 00:00:00-04:00,8.018086433410645
2015-07-22 00:00:00-04:00,8.100979804992676
2015-07-23 00:00:00-04:00,8.206480979919434
2015-07-24 00:00:00-04:00,8.30444622039795
2015-07-27 00:00:00-04:00,8.003013610839844
2015-07-28 00:00:00-04:00,8.063301086425781
2015-07-29 00:00:00-04:00,8.085907936096191
2015-07-30 00:00:00-04:00,8.25169563293457
2015-07-31 00:00:00-04:00,8.289375305175781
2015-08-03 00:00:00-04:00,8.281839370727539
2015-08-04 00:00:00-04:00,8.168802261352539
2015-08-05 00:00:00-04:00,8.289375305175781
2015-08-06 00:00:00-04:00,8.492840766906738
2015-08-07 00:00:00-04:00,8.266766548156738
2015-08-10 00:00:00-04:00,8.38733959197998
2015-08-11 00:00:00-04:00,8.402411460876465
2015-08-12 00:00:00-04:00,8.30444622039795
2015-08-13 00:00:00-04:00,8.402411460876465
2015-08-14 00:00:00-04:00,8.334589004516602
2015-08-17 00:00:00-04:00,8.38733959197998
2015-08-18 00:00:00-04:00,8.349660873413086
2015-08-19 00:00:00-04:00,8.296910285949707
2015-08-20 00:00:00-04:00,8.19140911102295
2015-08-21 00:00:00-04:00,8.025622367858887
2015-08-24 00:00:00-04:00,7.3700079917907715
2015-08-25 00:00:00-04:00,7.965334892272949
2015-08-26 00:00:00-04:00,7.5659379959106445
2015-08-27 00:00:00-04:00,7.905048847198486
2015-08-28 00:00:00-04:00,7.987943172454834
2015-08-31 00:00:00-04:00,7.897512912750244
2015-09-01 00:00:00-04:00,7.7241902351379395
2015-09-02 00:00:00-04:00,7.686511039733887
2015-09-03 00:00:00-04:00,7.784475803375244
2015-09-04 00:00:00-04:00,7.784475803375244
2015-09-08 00:00:00-04:00,7.9125847816467285
2015-09-09 00:00:00-04:00,8.206480979919434
2015-09-10 00:00:00-04:00,8.13865852355957
2015-09-11 00:00:00-04:00,8.123586654663086
2015-09-14 00:00:00-04:00,8.214016914367676
2015-09-15 00:00:00-04:00,8.010549545288086
2015-09-16 00:00:00-04:00,8.266766548156738
2015-09-17 00:00:00-04:00,8.402411460876465
2015-09-18 00:00:00-04:00,8.25169563293457
2015-09-21 00:00:00-04:00,8.274303436279297
2015-09-22 00:00:00-04:00,7.9125847816467285
2015-09-23 00:00:00-04:00,7.844762802124023
2015-09-24 00:00:00-04:00,7.754333019256592
2015-09-25 00:00:00-04:00,7.942728042602539
2015-09-28 00:00:00-04:00,7.814619064331055
2015-09-29 00:00:00-04:00,7.7241902351379395
2015-09-30 00:00:00-04:00,7.889976978302002
2015-10-01 00:00:00-04:00,7.9125847816467285
2015-10-02 00:00:00-04:00,7.822154998779297
2015-10-05 00:00:00-04:00,8.085907936096191
2015-10-06 00:00:00-04:00,8.311982154846191
2015-10-07 00:00:00-04:00,8.296910285949707
2015-10-08 00:00:00-04:00,8.25169563293457
2015-10-09 00:00:00-04:00,8.327054023742676
2015-10-12 00:00:00-04:00,8.44009017944336
2015-10-13 00:00:00-04:00,8.41748332977295
2015-10-14 00:00:00-04:00,8.41748332977295
2015-10-15 00:00:00-04:00,8.515447616577148
2015-10-16 00:00:00-04:00,8.61341381072998
2015-10-19 00:00:00-04:00,8.492840766906738
2015-10-20 00:00:00-04:00,9.042954444885254
2015-10-21 00:00:00-04:00,8.907309532165527
2015-10-22 00:00:00-04:00,8.658628463745117
2015-10-23 00:00:00-04:00,8.590806007385254
2015-10-26 00:00:00-04:00,8.72645092010498
2015-10-27 00:00:00-04:00,8.50037670135498
2015-10-28 00:00:00-04:00,8.455162048339844
2015-10-29 00:00:00-04:00,8.598341941833496
2015-10-30 00:00:00-04:00,8.61341381072998
2015-11-02 00:00:00-05:00,8.673700332641602
2015-11-03 00:00:00-05:00,8.7716646194458
2015-11-04 00:00:00-05:00,8.892237663269043
2015-11-05 00:00:00-05:00,8.83948802947998
2015-11-06 00:00:00-05:00,8.854558944702148
2015-11-09 00:00:00-05:00,8.801809310913086
2015-11-10 00:00:00-05:00,8.696307182312012
2015-11-11 00:00:00-05:00,8.688772201538086
2015-11-12 00:00:00-05:00,8.515447616577148
2015-11-13 00:00:00-05:00,8.342124938964844
2015-11-16 00:00:00-05:00,8.327054023742676
2015-11-17 00:00:00-05:00,8.402411460876465
2015-11-18 00:00:00-05:00,8.289375305175781
2015-11-19 00:00:00-05:00,8.342124938964844
2015-11-20 00:00:00-05:00,8.485304832458496
2015-11-23 00:00:00-05:00,8.477768898010254
2015-11-24 00:00:00-05:00,8.492840766906738
2015-11-25 00:00:00-05:00,8.455162048339844
2015-11-27 00:00:00-05:00,8.394875526428223
2015-11-30 00:00:00-05:00,8.462697982788086
2015-12-01 00:00:00-05:00,8.545592308044434
2015-12-02 00:00:00-05:00,8.55312728881836
2015-12-03 00:00:00-05:00,8.470233917236328
2015-12-04 00:00:00-05:00,8.409947395324707
2015-12-07 00:00:00-05:00,8.492840766906738
2015-12-08 00:00:00-05:00,8.296910285949707
2015-12-09 00:00:00-05:00,8.229087829589844
2015-12-10 00:00:00-05:00,8.116050720214844
2015-12-11 00:00:00-05:00,8.229087829589844
2015-12-14 00:00:00-05:00,8.19140911102295
2015-12-15 00:00:00-05:00,8.183873176574707
2015-12-16 00:00:00-05:00,8.379803657531738
2015-12-17 00:00:00-05:00,8.357196807861328
2015-12-18 00:00:00-05:00,8.281839370727539
2015-12-21 00:00:00-05:00,8.206480979919434
2015-12-22 00:00:00-05:00,8.221551895141602
2015-12-23 00:00:00-05:00,8.357196807861328
2015-12-24 00:00:00-05:00,8.515447616577148
2015-12-28 00:00:00-05:00,8.55312728881836
2015-12-29 00:00:00-05:00,8.583271026611328
2015-12-30 00:00:00-05:00,8.538056373596191
2015-12-31 00:00:00-05:00,8.485304832458496
2016-01-04 00:00:00-05:00,8.327054023742676
2016-01-05 00:00:00-05:00,8.38733959197998
2016-01-06 00:00:00-05:00,8.266766548156738
2016-01-07 00:00:00-05:00,8.153730392456055
2016-01-08 00:00:00-05:00,8.206480979919434
2016-01-11 00:00:00-05:00,7.656367778778076
2016-01-12 00:00:00-05:00,7.648831844329834
2016-01-13 00:00:00-05:00,7.5659379959106445
2016-01-14 00:00:00-05:00,7.347400188446045
2016-01-15 00:00:00-05:00,7.16654109954834
2016-01-19 00:00:00-05:00,7.136397838592529
2016-01-20 00:00:00-05:00,6.865108966827393
2016-01-21 00:00:00-05:00,6.895252227783203
2016-01-22 00:00:00-05:00,6.978146076202393
2016-01-25 00:00:00-05:00,7.159005165100098
2016-01-26 00:00:00-05:00,7.287114143371582
2016-01-27 00:00:00-05:00,7.324792861938477
2016-01-28 00:00:00-05:00,7.226827144622803
2016-01-29 00:00:00-05:00,8.198945045471191
2016-02-01 00:00:00-05:00,7.942728042602539
2016-02-02 00:00:00-05:00,7.686511039733887
2016-02-03 00:00:00-05:00,7.671439170837402
2016-02-04 00:00:00-05:00,7.709117889404297
2016-02-05 00:00:00-05:00,7.671439170837402
2016-02-08 00:00:00-05:00,7.467973232269287
2016-02-09 00:00:00-05:00,7.30218505859375
2016-02-10 00:00:00-05:00,7.513187885284424
2016-02-11 00:00:00-05:00,7.41522216796875
2016-02-12 00:00:00-05:00,7.558402061462402
2016-02-16 00:00:00-05:00,7.761868953704834
2016-02-17 00:00:00-05:00,7.965334892272949
2016-02-18 00:00:00-05:00,8.003013610839844
2016-02-19 00:00:00-05:00,8.033157348632812
2016-02-22 00:00:00-05:00,7.995479106903076
2016-02-23 00:00:00-05:00,8.048229217529297
2016-02-24 00:00:00-05:00,7.844762802124023
2016-02-25 00:00:00-05:00,8.040693283081055
2016-02-26 00:00:00-05:00,8.153730392456055
2016-02-29 00:00:00-05:00,8.19140911102295
2016-03-01 00:00:00-05:00,8.25169563293457
2016-03-02 00:00:00-05:00,8.327054023742676
2016-03-03 00:00:00-05:00,8.372267723083496
2016-03-04 00:00:00-05:00,8.53052043914795
2016-03-07 00:00:00-05:00,8.515447616577148
2016-03-08 00:00:00-05:00,8.455162048339844
2016-03-09 00:00:00-05:00,8.41748332977295
2016-03-10 00:00:00-05:00,8.492840766906738
2016-03-11 00:00:00-05:00,8.44009017944336
2016-03-14 00:00:00-04:00,8.590806007385254
2016-03-15 00:00:00-04:00,8.590806007385254
2016-03-16 00:00:00-04:00,8.605877876281738
2016-03-17 00:00:00-04:00,8.733985900878906
2016-03-18 00:00:00-04:00,8.877166748046875
2016-03-21 00:00:00-04:00,8.944989204406738
2016-03-22 00:00:00-04:00,8.824416160583496
2016-03-23 00:00:00-04:00,9.035417556762695
2016-03-24 00:00:00-04:00,8.892237663269043
2016-03-28 00:00:00-04:00,8.854558944702148
2016-03-29 00:00:00-04:00,8.854558944702148
2016-03-30 00:00:00-04:00,8.922381401062012
2016-03-31 00:00:00-04:00,8.9977388381958
2016-04-01 00:00:00-04:00,9.027881622314453
2016-04-04 00:00:00-04:00,9.238884925842285
2016-04-05 00:00:00-04:00,8.952524185180664
2016-04-06 00:00:00-04:00,8.8847017288208
2016-04-07 00:00:00-04:00,8.967596054077148
2016-04-08 00:00:00-04:00,8.922381401062012
2016-04-11 00:00:00-04:00,9.005274772644043
2016-04-12 00:00:00-04:00,9.005274772644043
2016-04-13 00:00:00-04:00,9.125847816467285
2016-04-14 00:00:00-04:00,9.261491775512695
2016-04-15 00:00:00-04:00,9.27656364440918
2016-04-18 00:00:00-04:00,9.216277122497559
2016-04-19 00:00:00-04:00,9.246419906616211
2016-04-20 00:00:00-04:00,9.231348991394043
2016-04-21 00:00:00-04:00,9.178598403930664
2016-04-22 00:00:00-04:00,9.193670272827148
2016-04-25 00:00:00-04:00,9.118311882019043
2016-04-26 00:00:00-04:00,9.216277122497559
2016-04-27 00:00:00-04:00,9.253955841064453
2016-04-28 00:00:00-04:00,9.321778297424316
2016-04-29 00:00:00-04:00,8.967596054077148
2016-05-02 00:00:00-04:00,9.148454666137695
2016-05-03 00:00:00-04:00,9.374528884887695
2016-05-04 00:00:00-04:00,9.261491775512695
2016-05-05 00:00:00-04:00,9.178598403930664
2016-05-06 00:00:00-04:00,9.08816909790039
2016-05-09 00:00:00-04:00,9.186134338378906
2016-05-10 00:00:00-04:00,9.125847816467285
2016-05-11 00:00:00-04:00,9.1107759475708
2016-05-12 00:00:00-04:00,9.291634559631348
2016-05-13 00:00:00-04:00,9.08816909790039
2016-05-16 00:00:00-04:00,9.16352653503418
2016-05-17 00:00:00-04:00,9.382064819335938
2016-05-18 00:00:00-04:00,9.155990600585938
2016-05-19 00:00:00-04:00,9.31424331665039
2016-05-20 00:00:00-04:00,9.216277122497559
2016-05-23 00:00:00-04:00,9.31424331665039
2016-05-24 00:00:00-04:00,9.382064819335938
2016-05-25 00:00:00-04:00,9.366992950439453
2016-05-26 00:00:00-04:00,9.269027709960938
2016-05-27 00:00:00-04:00,9.299171447753906
2016-05-31 00:00:00-04:00,9.374528884887695
2016-06-01 00:00:00-04:00,9.351922035217285
2016-06-02 00:00:00-04:00,9.532780647277832
2016-06-03 00:00:00-04:00,9.577995300292969
2016-06-06 00:00:00-04:00,9.577995300292969
2016-06-07 00:00:00-04:00,9.600603103637695
2016-06-08 00:00:00-04:00,9.608139038085938
2016-06-09 00:00:00-04:00,9.675960540771484
2016-06-10 00:00:00-04:00,9.623209953308105
2016-06-13 00:00:00-04:00,9.608139038085938
2016-06-14 00:00:00-04:00,9.487565994262695
2016-06-15 00:00:00-04:00,9.706104278564453
2016-06-16 00:00:00-04:00,9.623209953308105
2016-06-17 00:00:00-04:00,9.743782997131348
2016-06-20 00:00:00-04:00,9.698568344116211
2016-06-21 00:00:00-04:00,9.871891021728516
2016-06-22 00:00:00-04:00,9.796533584594727
2016-06-23 00:00:00-04:00,9.90956974029541
2016-06-24 00:00:00-04:00,9.608139038085938
2016-06-27 00:00:00-04:00,9.178598403930664
2016-06-28 00:00:00-04:00,8.9977388381958
2016-06-29 00:00:00-04:00,8.929917335510254
2016-06-30 00:00:00-04:00,8.944989204406738
2016-07-01 00:00:00-04:00,8.86209487915039
2016-07-05 00:00:00-04:00,8.816880226135254
2016-07-06 00:00:00-04:00,8.72645092010498
2016-07-07 00:00:00-04:00,8.899773597717285
2016-07-08 00:00:00-04:00,9.005274772644043
2016-07-11 00:00:00-04:00,9.495101928710938
2016-07-12 00:00:00-04:00,9.645817756652832
2016-07-13 00:00:00-04:00,9.675960540771484
2016-07-14 00:00:00-04:00,9.698568344116211
2016-07-15 00:00:00-04:00,9.721176147460938
2016-07-18 00:00:00-04:00,9.736247062683105
2016-07-19 00:00:00-04:00,9.653352737426758
2016-07-20 00:00:00-04:00,9.766389846801758
2016-07-21 00:00:00-04:00,10.02260684967041
2016-07-22 00:00:00-04:00,9.208742141723633
2016-07-25 00:00:00-04:00,9.796533584594727
2016-07-26 00:00:00-04:00,9.721176147460938
2016-07-27 00:00:00-04:00,9.668424606323242
2016-07-28 00:00:00-04:00,9.570460319519043
2016-07-29 00:00:00-04:00,9.555388450622559
2016-08-01 00:00:00-04:00,9.52524471282959
2016-08-02 00:00:00-04:00,9.4498872756958
2016-08-03 00:00:00-04:00,9.329314231872559
2016-08-04 00:00:00-04:00,9.41220760345459
2016-08-05 00:00:00-04:00,9.434815406799316
2016-08-08 00:00:00-04:00,9.5478515625
2016-08-09 00:00:00-04:00,9.593067169189453
2016-08-10 00:00:00-04:00,9.540316581726074
2016-08-11 00:00:00-04:00,9.683497428894043
2016-08-12 00:00:00-04:00,9.608139038085938
2016-08-15 00:00:00-04:00,9.675960540771484
2016-08-16 00:00:00-04:00,9.758854866027832
2016-08-17 00:00:00-04:00,9.736247062683105
2016-08-18 00:00:00-04:00,9.555388450622559
2016-08-19 00:00:00-04:00,9.600603103637695
2016-08-22 00:00:00-04:00,9.645817756652832
2016-08-23 00:00:00-04:00,9.691032409667969
2016-08-24 00:00:00-04:00,9.653352737426758
2016-08-25 00:00:00-04:00,9.713640213012695
2016-08-26 00:00:00-04:00,9.796533584594727
2016-08-29 00:00:00-04:00,9.743782997131348
2016-08-30 00:00:00-04:00,9.954785346984863
2016-08-31 00:00:00-04:00,9.947249412536621
2016-09-01 00:00:00-04:00,9.954785346984863
2016-09-02 00:00:00-04:00,9.962321281433105
2016-09-06 00:00:00-04:00,9.992464065551758
2016-09-07 00:00:00-04:00,9.939714431762695
2016-09-08 00:00:00-04:00,9.856820106506348
2016-09-09 00:00:00-04:00,9.834213256835938
2016-09-12 00:00:00-04:00,9.42728042602539
2016-09-13 00:00:00-04:00,9.480030059814453
2016-09-14 00:00:00-04:00,9.540316581726074
2016-09-15 00:00:00-04:00,9.721176147460938
2016-09-16 00:00:00-04:00,9.728711128234863
2016-09-19 00:00:00-04:00,9.788997650146484
2016-09-20 00:00:00-04:00,10.165786743164062
2016-09-21 00:00:00-04:00,9.932177543640137
2016-09-22 00:00:00-04:00,10.271288871765137
2016-09-23 00:00:00-04:00,10.24868106842041
2016-09-26 00:00:00-04:00,10.195931434631348
2016-09-27 00:00:00-04:00,10.195931434631348
2016-09-28 00:00:00-04:00,10.346647262573242
2016-09-29 00:00:00-04:00,10.263752937316895
2016-09-30 00:00:00-04:00,10.13564395904541
2016-10-03 00:00:00-04:00,10.241145133972168
2016-10-04 00:00:00-04:00,10.24868106842041
2016-10-05 00:00:00-04:00,10.444611549377441
2016-10-06 00:00:00-04:00,10.580256462097168
2016-10-07 00:00:00-04:00,10.61039924621582
2016-10-10 00:00:00-04:00,10.715901374816895
2016-10-11 00:00:00-04:00,10.58779239654541
2016-10-12 00:00:00-04:00,10.519969940185547
2016-10-13 00:00:00-04:00,10.324039459228516
2016-10-14 00:00:00-04:00,10.324039459228516
2016-10-17 00:00:00-04:00,10.369254112243652
2016-10-18 00:00:00-04:00,10.512434005737305
2016-10-19 00:00:00-04:00,10.467219352722168
2016-10-20 00:00:00-04:00,10.535040855407715
2016-10-21 00:00:00-04:00,10.369254112243652
2016-10-24 00:00:00-04:00,10.422004699707031
2016-10-25 00:00:00-04:00,10.36171817779541
2016-10-26 00:00:00-04:00,10.211002349853516
2016-10-27 00:00:00-04:00,10.316502571105957
2016-10-28 00:00:00-04:00,10.052750587463379
2016-10-31 00:00:00-04:00,10.949509620666504
2016-11-01 00:00:00-04:00,10.738508224487305
2016-11-02 00:00:00-04:00,10.58779239654541
2016-11-03 00:00:00-04:00,10.482291221618652
2016-11-04 00:00:00-04:00,10.278823852539062
2016-11-07 00:00:00-05:00,10.429539680480957
2016-11-08 00:00:00-05:00,10.467219352722168
2016-11-09 00:00:00-05:00,10.293895721435547
2016-11-10 00:00:00-05:00,11.371515274047852
2016-11-11 00:00:00-05:00,10.406932830810547
2016-11-14 00:00:00-05:00,10.58779239654541
2016-11-15 00:00:00-05:00,10.504898071289062
2016-11-16 00:00:00-05:00,10.580256462097168
2016-11-17 00:00:00-05:00,10.61039924621582
2016-11-18 00:00:00-05:00,10.633007049560547
2016-11-21 00:00:00-05:00,10.633007049560547
2016-11-22 00:00:00-05:00,10.693292617797852
2016-11-23 00:00:00-05:00,10.791257858276367
2016-11-25 00:00:00-05:00,10.896759986877441
2016-11-28 00:00:00-05:00,11.009797096252441
2016-11-29 00:00:00-05:00,10.919366836547852
2016-11-30 00:00:00-05:00,10.979653358459473
2016-12-01 00:00:00-05:00,10.761115074157715
2016-12-02 00:00:00-05:00,10.535040855407715
2016-12-05 00:00:00-05:00,10.881688117980957
2016-12-06 00:00:00-05:00,10.957045555114746
2016-12-07 00:00:00-05:00,11.039939880371094
2016-12-08 00:00:00-05:00,11.122833251953125
2016-12-09 00:00:00-05:00,11.2283353805542
2016-12-12 00:00:00-05:00,11.085153579711914
2016-12-13 00:00:00-05:00,11.16051197052002
2016-12-14 00:00:00-05:00,11.130369186401367
2016-12-15 00:00:00-05:00,10.934438705444336
2016-12-16 00:00:00-05:00,11.1152982711792
2016-12-19 00:00:00-05:00,11.198190689086914
2016-12-20 00:00:00-05:00,10.994725227355957
2016-12-21 00:00:00-05:00,10.979653358459473
2016-12-22 00:00:00-05:00,11.092690467834473
2016-12-23 00:00:00-05:00,11.009797096252441
2016-12-27 00:00:00-05:00,11.055010795593262
2016-12-28 00:00:00-05:00,11.085153579711914
2016-12-29 00:00:00-05:00,10.783722877502441
2016-12-30 00:00:00-05:00,10.8892240524292
2017-01-03 00:00:00-05:00,10.874152183532715
2017-01-04 00:00:00-05:00,10.859081268310547
2017-01-05 00:00:00-05:00,10.964582443237305
2017-01-06 00:00:00-05:00,10.866616249084473
2017-01-09 00:00:00-05:00,10.896759986877441
2017-01-10 00:00:00-05:00,10.813865661621094
2017-01-11 00:00:00-05:00,11.032403945922852
2017-01-12 00:00:00-05:00,10.91183090209961
2017-01-13 00:00:00-05:00,10.8892240524292
2017-01-17 00:00:00-05:00,11.062546730041504
2017-01-18 00:00:00-05:00,11.02486801147461
2017-01-19 00:00:00-05:00,11.122833251953125
2017-01-20 00:00:00-05:00,11.047475814819336
2017-01-23 00:00:00-05:00,11.032403945922852
2017-01-24 00:00:00-05:00,11.017332077026367
2017-01-25 00:00:00-05:00,11.27354907989502
2017-01-26 00:00:00-05:00,11.44687271118164
2017-01-27 00:00:00-05:00,11.303692817687988
2017-01-30 00:00:00-05:00,12.057271957397461
2017-01-31 00:00:00-05:00,12.064807891845703
2017-02-01 00:00:00-05:00,11.951770782470703
2017-02-02 00:00:00-05:00,11.665410995483398
2017-02-03 00:00:00-05:00,11.597588539123535
2017-02-06 00:00:00-05:00,11.710624694824219
2017-02-07 00:00:00-05:00,11.710624694824219
2017-02-08 00:00:00-05:00,11.620196342468262
2017-02-09 00:00:00-05:00,11.838733673095703
2017-02-10 00:00:00-05:00,11.936698913574219
2017-02-13 00:00:00-05:00,12.094950675964355
2017-02-14 00:00:00-05:00,12.057271957397461
2017-02-15 00:00:00-05:00,12.373774528503418
2017-02-16 00:00:00-05:00,12.532027244567871
2017-02-17 00:00:00-05:00,12.351167678833008
2017-02-21 00:00:00-05:00,12.524491310119629
2017-02-22 00:00:00-05:00,12.637528419494629
2017-02-23 00:00:00-05:00,12.652600288391113
2017-02-24 00:00:00-05:00,12.479276657104492
2017-02-27 00:00:00-05:00,12.614920616149902
2017-02-28 00:00:00-05:00,12.562170028686523
2017-03-01 00:00:00-05:00,12.524491310119629
2017-03-02 00:00:00-05:00,12.554635047912598
2017-03-03 00:00:00-05:00,12.396383285522461
2017-03-06 00:00:00-05:00,12.328560829162598
2017-03-07 00:00:00-05:00,12.283346176147461
2017-03-08 00:00:00-05:00,12.441597938537598
2017-03-09 00:00:00-05:00,12.313488960266113
2017-03-10 00:00:00-05:00,12.47174072265625
2017-03-13 00:00:00-04:00,12.554635047912598
2017-03-14 00:00:00-04:00,12.456668853759766
2017-03-15 00:00:00-04:00,12.69781494140625
2017-03-16 00:00:00-04:00,12.72042179107666
2017-03-17 00:00:00-04:00,12.652600288391113
2017-03-20 00:00:00-04:00,12.750564575195312
2017-03-21 00:00:00-04:00,12.58477783203125
2017-03-22 00:00:00-04:00,12.140166282653809
2017-03-23 00:00:00-04:00,12.516956329345703
2017-03-24 00:00:00-04:00,12.554635047912598
2017-03-27 00:00:00-04:00,12.366239547729492
2017-03-28 00:00:00-04:00,12.479276657104492
2017-03-29 00:00:00-04:00,12.577241897583008
2017-03-30 00:00:00-04:00,12.509420394897461
2017-03-31 00:00:00-04:00,12.58477783203125
2017-04-03 00:00:00-04:00,12.62999153137207
2017-04-04 00:00:00-04:00,12.49434757232666
2017-04-05 00:00:00-04:00,12.645064353942871
2017-04-06 00:00:00-04:00,12.396383285522461
2017-04-07 00:00:00-04:00,12.351167678833008
2017-04-10 00:00:00-04:00,12.336095809936523
2017-04-11 00:00:00-04:00,12.207987785339355
2017-04-12 00:00:00-04:00,12.200451850891113
2017-04-13 00:00:00-04:00,12.012057304382324
2017-04-17 00:00:00-04:00,11.981913566589355
2017-04-18 00:00:00-04:00,12.012057304382324
2017-04-19 00:00:00-04:00,12.094950675964355
2017-04-20 00:00:00-04:00,12.072343826293945
2017-04-21 00:00:00-04:00,12.027129173278809
2017-04-24 00:00:00-04:00,12.170309066772461
2017-04-25 00:00:00-04:00,12.170309066772461
2017-04-26 00:00:00-04:00,12.185380935668945
2017-04-27 00:00:00-04:00,12.117557525634766
2017-04-28 00:00:00-04:00,11.69555377960205
2017-05-01 00:00:00-04:00,11.680481910705566
2017-05-02 00:00:00-04:00,11.680481910705566
2017-05-03 00:00:00-04:00,11.61266040802002
2017-05-04 00:00:00-04:00,11.49962329864502
2017-05-05 00:00:00-04:00,11.424264907836914
2017-05-08 00:00:00-04:00,11.416728973388672
2017-05-09 00:00:00-04:00,11.58251667022705
2017-05-10 00:00:00-04:00,11.574980735778809
2017-05-11 00:00:00-04:00,11.672945976257324
2017-05-12 00:00:00-04:00,12.441597938537598
2017-05-15 00:00:00-04:00,12.162773132324219
2017-05-16 00:00:00-04:00,12.313488960266113
2017-05-17 00:00:00-04:00,12.434062004089355
2017-05-18 00:00:00-04:00,12.140166282653809
2017-05-19 00:00:00-04:00,12.155237197875977
2017-05-22 00:00:00-04:00,12.516956329345703
2017-05-23 00:00:00-04:00,12.652600288391113
2017-05-24 00:00:00-04:00,12.501884460449219
2017-05-25 00:00:00-04:00,12.81085205078125
2017-05-26 00:00:00-04:00,12.94649600982666
2017-05-30 00:00:00-04:00,12.735493659973145
2017-05-31 00:00:00-04:00,12.984174728393555
2017-06-01 00:00:00-04:00,13.112282752990723
2017-06-02 00:00:00-04:00,13.262998580932617
2017-06-05 00:00:00-04:00,13.210248947143555
2017-06-06 00:00:00-04:00,13.104747772216797
2017-06-07 00:00:00-04:00,13.165034294128418
2017-06-08 00:00:00-04:00,13.127354621887207
2017-06-09 00:00:00-04:00,13.067069053649902
2017-06-12 00:00:00-04:00,12.923888206481934
2017-06-13 00:00:00-04:00,12.403919219970703
2017-06-14 00:00:00-04:00,12.660136222839355
2017-06-15 00:00:00-04:00,12.004521369934082
2017-06-16 00:00:00-04:00,12.403919219970703
2017-06-19 00:00:00-04:00,12.479276657104492
2017-06-20 00:00:00-04:00,12.682743072509766
2017-06-21 00:00:00-04:00,12.667671203613281
2017-06-22 00:00:00-04:00,12.660136222839355
2017-06-23 00:00:00-04:00,12.712885856628418
2017-06-26 00:00:00-04:00,12.901281356811523
2017-06-27 00:00:00-04:00,12.818387031555176
2017-06-28 00:00:00-04:00,12.47174072265625
2017-06-29 00:00:00-04:00,12.554635047912598
2017-06-30 00:00:00-04:00,12.373774528503418
2017-07-03 00:00:00-04:00,12.388847351074219
2017-07-05 00:00:00-04:00,12.26073932647705
2017-07-06 00:00:00-04:00,12.117557525634766
2017-07-07 00:00:00-04:00,12.162773132324219
2017-07-10 00:00:00-04:00,12.26073932647705
2017-07-11 00:00:00-04:00,12.388847351074219
2017-07-12 00:00:00-04:00,12.547099113464355
2017-07-13 00:00:00-04:00,12.554635047912598
2017-07-14 00:00:00-04:00,12.509420394897461
2017-07-17 00:00:00-04:00,12.660136222839355
2017-07-18 00:00:00-04:00,12.682743072509766
2017-07-19 00:00:00-04:00,12.705349922180176
2017-07-20 00:00:00-04:00,12.818387031555176
2017-07-21 00:00:00-04:00,12.652600288391113
2017-07-24 00:00:00-04:00,13.089675903320312
2017-07-25 00:00:00-04:00,12.893745422363281
2017-07-26 00:00:00-04:00,12.923888206481934
2017-07-27 00:00:00-04:00,12.871137619018555
2017-07-28 00:00:00-04:00,12.622456550598145
2017-07-31 00:00:00-04:00,12.290882110595703
2017-08-01 00:00:00-04:00,12.064807891845703
2017-08-02 00:00:00-04:00,12.313488960266113
2017-08-03 00:00:00-04:00,12.170309066772461
2017-08-04 00:00:00-04:00,12.027129173278809
2017-08-07 00:00:00-04:00,12.11002254486084
2017-08-08 00:00:00-04:00,12.185380935668945
2017-08-09 00:00:00-04:00,11.959306716918945
2017-08-10 00:00:00-04:00,11.981913566589355
2017-08-11 00:00:00-04:00,11.853805541992188
2017-08-14 00:00:00-04:00,11.891485214233398
2017-08-15 00:00:00-04:00,12.049736022949219
2017-08-16 00:00:00-04:00,11.989450454711914
2017-08-17 00:00:00-04:00,12.072343826293945
2017-08-18 00:00:00-04:00,11.876413345336914
2017-08-21 00:00:00-04:00,11.733233451843262
2017-08-22 00:00:00-04:00,11.740769386291504
2017-08-23 00:00:00-04:00,11.785983085632324
2017-08-24 00:00:00-04:00,11.831197738647461
2017-08-25 00:00:00-04:00,11.944234848022461
2017-08-28 00:00:00-04:00,11.899020195007324
2017-08-29 00:00:00-04:00,11.876413345336914
2017-08-30 00:00:00-04:00,12.049736022949219
2017-08-31 00:00:00-04:00,12.275810241699219
2017-09-01 00:00:00-04:00,12.290882110595703
2017-09-05 00:00:00-04:00,12.449132919311523
2017-09-06 00:00:00-04:00,12.388847351074219
2017-09-07 00:00:00-04:00,12.26073932647705
2017-09-08 00:00:00-04:00,12.170309066772461
2017-09-11 00:00:00-04:00,12.35870361328125
2017-09-12 00:00:00-04:00,12.614920616149902
2017-09-13 00:00:00-04:00,12.645064353942871
2017-09-14 00:00:00-04:00,12.516956329345703
2017-09-15 00:00:00-04:00,12.509420394897461
2017-09-18 00:00:00-04:00,12.614920616149902
2017-09-19 00:00:00-04:00,12.645064353942871
2017-09-20 00:00:00-04:00,12.72042179107666
2017-09-21 00:00:00-04:00,12.58477783203125
2017-09-22 00:00:00-04:00,12.622456550598145
2017-09-25 00:00:00-04:00,12.486811637878418
2017-09-26 00:00:00-04:00,12.516956329345703
2017-09-27 00:00:00-04:00,12.735493659973145
2017-09-28 00:00:00-04:00,12.569705963134766
2017-09-29 00:00:00-04:00,12.403919219970703
2017-10-02 00:00:00-04:00,12.486811637878418
2017-10-03 00:00:00-04:00,12.667671203613281
2017-10-04 00:00:00-04:00,12.682743072509766
2017-10-05 00:00:00-04:00,12.69781494140625
2017-10-06 00:00:00-04:00,12.652600288391113
2017-10-09 00:00:00-04:00,12.901281356811523
2017-10-10 00:00:00-04:00,12.886208534240723
2017-10-11 00:00:00-04:00,12.931424140930176
2017-10-12 00:00:00-04:00,13.036925315856934
2017-10-13 00:00:00-04:00,13.119818687438965
2017-10-16 00:00:00-04:00,13.255462646484375
2017-10-17 00:00:00-04:00,13.28560733795166
2017-10-18 00:00:00-04:00,13.24792766571045
2017-10-19 00:00:00-04:00,13.225319862365723
2017-10-20 00:00:00-04:00,13.391107559204102
2017-10-23 00:00:00-04:00,13.44385814666748
2017-10-24 00:00:00-04:00,13.436323165893555
2017-10-25 00:00:00-04:00,13.368499755859375
2017-10-26 00:00:00-04:00,13.300678253173828
2017-10-27 00:00:00-04:00,13.112282752990723
2017-10-30 00:00:00-04:00,13.51921558380127
2017-10-31 00:00:00-04:00,13.458930015563965
2017-11-01 00:00:00-04:00,13.564431190490723
2017-11-02 00:00:00-04:00,13.579503059387207
2017-11-03 00:00:00-04:00,13.60964584350586
2017-11-06 00:00:00-05:00,13.813112258911133
2017-11-07 00:00:00-05:00,13.903541564941406
2017-11-08 00:00:00-05:00,13.798041343688965
2017-11-09 00:00:00-05:00,13.707611083984375
2017-11-10 00:00:00-05:00,13.767897605895996
2017-11-13 00:00:00-05:00,13.737753868103027
2017-11-14 00:00:00-05:00,13.730218887329102
2017-11-15 00:00:00-05:00,13.685004234313965
2017-11-16 00:00:00-05:00,13.843255043029785
2017-11-17 00:00:00-05:00,13.873398780822754
2017-11-20 00:00:00-05:00,14.024114608764648
2017-11-21 00:00:00-05:00,14.19743824005127
2017-11-22 00:00:00-05:00,14.295402526855469
2017-11-24 00:00:00-05:00,14.182366371154785
2017-11-27 00:00:00-05:00,14.385832786560059
2017-11-28 00:00:00-05:00,14.054258346557617
2017-11-29 00:00:00-05:00,14.031649589538574
2017-11-30 00:00:00-05:00,13.677468299865723
2017-12-01 00:00:00-05:00,13.60964584350586
2017-12-04 00:00:00-05:00,13.624716758728027
2017-12-05 00:00:00-05:00,13.594573974609375
2017-12-06 00:00:00-05:00,13.55689525604248
2017-12-07 00:00:00-05:00,13.345892906188965
2017-12-08 00:00:00-05:00,13.44385814666748
2017-12-11 00:00:00-05:00,13.481536865234375
2017-12-12 00:00:00-05:00,13.60964584350586
2017-12-13 00:00:00-05:00,13.707611083984375
2017-12-14 00:00:00-05:00,13.44385814666748
2017-12-15 00:00:00-05:00,13.436323165893555
2017-12-18 00:00:00-05:00,13.60964584350586
2017-12-19 00:00:00-05:00,13.692540168762207
2017-12-20 00:00:00-05:00,13.978899955749512
2017-12-21 00:00:00-05:00,13.986435890197754
2017-12-22 00:00:00-05:00,13.737753868103027
2017-12-26 00:00:00-05:00,13.451394081115723
2017-12-27 00:00:00-05:00,13.391107559204102
2017-12-28 00:00:00-05:00,13.504144668579102
2017-12-29 00:00:00-05:00,13.624716758728027
2018-01-02 00:00:00-05:00,13.677468299865723
2018-01-03 00:00:00-05:00,13.737753868103027
2018-01-04 00:00:00-05:00,13.88093376159668
2018-01-05 00:00:00-05:00,13.99397087097168
2018-01-08 00:00:00-05:00,13.933685302734375
2018-01-09 00:00:00-05:00,14.08440113067627
2018-01-10 00:00:00-05:00,14.039185523986816
2018-01-11 00:00:00-05:00,14.08440113067627
2018-01-12 00:00:00-05:00,14.189902305603027
2018-01-16 00:00:00-05:00,14.461191177368164
2018-01-17 00:00:00-05:00,14.431047439575195
2018-01-18 00:00:00-05:00,14.619441986083984
2018-01-19 00:00:00-05:00,14.815373420715332
2018-01-22 00:00:00-05:00,14.566692352294922
2018-01-23 00:00:00-05:00,14.657120704650879
2018-01-24 00:00:00-05:00,14.415975570678711
2018-01-25 00:00:00-05:00,14.400903701782227
2018-01-26 00:00:00-05:00,14.709872245788574
2018-01-29 00:00:00-05:00,14.58176326751709
2018-01-30 00:00:00-05:00,14.08440113067627
2018-01-31 00:00:00-05:00,13.820648193359375
2018-02-01 00:00:00-05:00,13.579503059387207
2018-02-02 00:00:00-05:00,13.564431190490723
2018-02-05 00:00:00-05:00,13.225319862365723
2018-02-06 00:00:00-05:00,12.682743072509766
2018-02-07 00:00:00-05:00,12.976638793945312
2018-02-08 00:00:00-05:00,13.097211837768555
2018-02-09 00:00:00-05:00,12.758101463317871
2018-02-12 00:00:00-05:00,12.705349922180176
2018-02-13 00:00:00-05:00,12.74302864074707
2018-02-14 00:00:00-05:00,12.675207138061523
2018-02-15 00:00:00-05:00,13.006781578063965
2018-02-16 00:00:00-05:00,13.36096477508545
2018-02-20 00:00:00-05:00,13.33082103729248
2018-02-21 00:00:00-05:00,13.504144668579102
2018-02-22 00:00:00-05:00,13.489072799682617
2018-02-23 00:00:00-05:00,13.33082103729248
2018-02-26 00:00:00-05:00,13.55689525604248
2018-02-27 00:00:00-05:00,13.707611083984375
2018-02-28 00:00:00-05:00,13.654861450195312
2018-03-01 00:00:00-05:00,13.579503059387207
2018-03-02 00:00:00-05:00,13.323286056518555
2018-03-05 00:00:00-05:00,13.63225269317627
2018-03-06 00:00:00-05:00,13.78296947479248
2018-03-07 00:00:00-05:00,13.730218887329102
2018-03-08 00:00:00-05:00,14.076865196228027
2018-03-09 00:00:00-05:00,14.129615783691406
2018-03-12 00:00:00-04:00,14.318011283874512
2018-03-13 00:00:00-04:00,14.265259742736816
2018-03-14 00:00:00-04:00,14.272795677185059
2018-03-15 00:00:00-04:00,13.903541564941406
2018-03-16 00:00:00-04:00,13.707611083984375
2018-03-19 00:00:00-04:00,13.692540168762207
2018-03-20 00:00:00-04:00,13.489072799682617
2018-03-21 00:00:00-04:00,13.44385814666748
2018-03-22 00:00:00-04:00,13.436323165893555
2018-03-23 00:00:00-04:00,13.08213996887207
2018-03-26 00:00:00-04:00,12.74302864074707
2018-03-27 00:00:00-04:00,13.044461250305176
2018-03-28 00:00:00-04:00,12.539563179016113
2018-03-29 00:00:00-04:00,12.366239547729492
2018-04-02 00:00:00-04:00,12.177845001220703
2018-04-03 00:00:00-04:00,12.057271957397461
2018-04-04 00:00:00-04:00,12.215523719787598
2018-04-05 00:00:00-04:00,12.418990135192871
2018-04-06 00:00:00-04:00,12.22305965423584
2018-04-09 00:00:00-04:00,12.162773132324219
2018-04-10 00:00:00-04:00,12.305953025817871
2018-04-11 00:00:00-04:00,12.313488960266113
2018-04-12 00:00:00-04:00,12.501884460449219
2018-04-13 00:00:00-04:00,12.660136222839355
2018-04-16 00:00:00-04:00,12.83345890045166
2018-04-17 00:00:00-04:00,12.991710662841797
2018-04-18 00:00:00-04:00,13.006781578063965
2018-04-19 00:00:00-04:00,13.029390335083008
2018-04-20 00:00:00-04:00,13.036925315856934
2018-04-23 00:00:00-04:00,12.954031944274902
2018-04-24 00:00:00-04:00,13.021854400634766
2018-04-25 00:00:00-04:00,12.599848747253418
2018-04-26 00:00:00-04:00,12.58477783203125
2018-04-27 00:00:00-04:00,10.128108978271484
2018-04-30 00:00:00-04:00,9.811605453491211
2018-05-01 00:00:00-04:00,9.788997650146484
2018-05-02 00:00:00-04:00,10.308967590332031
2018-05-03 00:00:00-04:00,10.331575393676758
2018-05-04 00:00:00-04:00,10.512434005737305
2018-05-07 00:00:00-04:00,10.68575668334961
2018-05-08 00:00:00-04:00,10.68575668334961
2018-05-09 00:00:00-04:00,10.783722877502441
2018-05-10 00:00:00-04:00,10.866616249084473
2018-05-11 00:00:00-04:00,11.047475814819336
2018-05-14 00:00:00-04:00,11.145441055297852
2018-05-15 00:00:00-04:00,11.039939880371094
2018-05-16 00:00:00-04:00,10.83647346496582
2018-05-17 00:00:00-04:00,10.896759986877441
2018-05-18 00:00:00-04:00,10.813865661621094
2018-05-21 00:00:00-04:00,10.926902770996094
2018-05-22 00:00:00-04:00,10.83647346496582
2018-05-23 00:00:00-04:00,10.670685768127441
2018-05-24 00:00:00-04:00,10.57271957397461
2018-05-25 00:00:00-04:00,10.459683418273926
2018-05-29 00:00:00-04:00,10.512434005737305
2018-05-30 00:00:00-04:00,10.6631498336792
2018-05-31 00:00:00-04:00,10.58779239654541
2018-06-01 00:00:00-04:00,10.57271957397461
2018-06-04 00:00:00-04:00,10.519969940185547
2018-06-05 00:00:00-04:00,10.4521484375
2018-06-06 00:00:00-04:00,10.700828552246094
2018-06-07 00:00:00-04:00,10.72343635559082
2018-06-08 00:00:00-04:00,10.58779239654541
2018-06-11 00:00:00-04:00,10.595328330993652
2018-06-12 00:00:00-04:00,10.68575668334961
2018-06-13 00:00:00-04:00,10.617935180664062
2018-06-14 00:00:00-04:00,10.6631498336792
2018-06-15 00:00:00-04:00,10.625471115112305
2018-06-18 00:00:00-04:00,10.72343635559082
2018-06-19 00:00:00-04:00,10.655613899230957
2018-06-20 00:00:00-04:00,10.738508224487305
2018-06-21 00:00:00-04:00,10.753580093383789
2018-06-22 00:00:00-04:00,10.926902770996094
2018-06-25 00:00:00-04:00,10.844009399414062
2018-06-26 00:00:00-04:00,10.61039924621582
2018-06-27 00:00:00-04:00,10.813865661621094
2018-06-28 00:00:00-04:00,10.595328330993652
2018-06-29 00:00:00-04:00,10.489827156066895
2018-07-02 00:00:00-04:00,10.527505874633789
2018-07-03 00:00:00-04:00,10.5501127243042
2018-07-05 00:00:00-04:00,10.384325981140137
2018-07-06 00:00:00-04:00,10.700828552246094
2018-07-09 00:00:00-04:00,10.813865661621094
2018-07-10 00:00:00-04:00,11.032403945922852
2018-07-11 00:00:00-04:00,10.972118377685547
2018-07-12 00:00:00-04:00,10.844009399414062
2018-07-13 00:00:00-04:00,11.168047904968262
2018-07-16 00:00:00-04:00,11.085153579711914
2018-07-17 00:00:00-04:00,11.168047904968262
2018-07-18 00:00:00-04:00,11.33383560180664
2018-07-19 00:00:00-04:00,11.318763732910156
2018-07-20 00:00:00-04:00,11.46947956085205
2018-07-23 00:00:00-04:00,11.318763732910156
2018-07-24 00:00:00-04:00,11.44687271118164
2018-07-25 00:00:00-04:00,11.235870361328125
2018-07-26 00:00:00-04:00,11.2283353805542
2018-07-27 00:00:00-04:00,11.574980735778809
2018-07-30 00:00:00-04:00,10.595328330993652
2018-07-31 00:00:00-04:00,10.557648658752441
2018-08-01 00:00:00-04:00,10.47475528717041
2018-08-02 00:00:00-04:00,10.4521484375
2018-08-03 00:00:00-04:00,10.512434005737305
2018-08-06 00:00:00-04:00,10.602864265441895
2018-08-07 00:00:00-04:00,10.655613899230957
2018-08-08 00:00:00-04:00,10.715901374816895
2018-08-09 00:00:00-04:00,10.6631498336792
2018-08-10 00:00:00-04:00,10.399396896362305
2018-08-13 00:00:00-04:00,10.339111328125
2018-08-14 00:00:00-04:00,10.218538284301758
2018-08-15 00:00:00-04:00,10.211002349853516
2018-08-16 00:00:00-04:00,10.158251762390137
2018-08-17 00:00:00-04:00,10.052750587463379
2018-08-20 00:00:00-04:00,10.203466415405273
2018-08-21 00:00:00-04:00,10.301431655883789
2018-08-22 00:00:00-04:00,10.542576789855957
2018-08-23 00:00:00-04:00,10.57271957397461
2018-08-24 00:00:00-04:00,10.444611549377441
2018-08-27 00:00:00-04:00,10.535040855407715
2018-08-28 00:00:00-04:00,10.512434005737305
2018-08-29 00:00:00-04:00,10.482291221618652
2018-08-30 00:00:00-04:00,10.429539680480957
2018-08-31 00:00:00-04:00,10.391860961914062
2018-09-04 00:00:00-04:00,10.36171817779541
2018-09-05 00:00:00-04:00,10.391860961914062
2018-09-06 00:00:00-04:00,10.195931434631348
2018-09-07 00:00:00-04:00,9.902034759521484
2018-09-10 00:00:00-04:00,9.962321281433105
2018-09-11 00:00:00-04:00,9.796533584594727
2018-09-12 00:00:00-04:00,9.721176147460938
2018-09-13 00:00:00-04:00,9.954785346984863
2018-09-14 00:00:00-04:00,9.736247062683105
2018-09-17 00:00:00-04:00,9.796533584594727
2018-09-18 00:00:00-04:00,9.826677322387695
2018-09-19 00:00:00-04:00,9.834213256835938
2018-09-20 00:00:00-04:00,10.082894325256348
2018-09-21 00:00:00-04:00,9.97739315032959
2018-09-24 00:00:00-04:00,10.015071868896484
2018-09-25 00:00:00-04:00,10.037678718566895
2018-09-26 00:00:00-04:00,9.856820106506348
2018-09-27 00:00:00-04:00,9.804068565368652
2018-09-28 00:00:00-04:00,9.691032409667969
2018-10-01 00:00:00-04:00,9.939714431762695
2018-10-02 00:00:00-04:00,9.63828182220459
2018-10-03 00:00:00-04:00,9.736247062683105
2018-10-04 00:00:00-04:00,9.706104278564453
2018-10-05 00:00:00-04:00,9.495101928710938
2018-10-08 00:00:00-04:00,9.299171447753906
2018-10-09 00:00:00-04:00,9.171063423156738
2018-10-10 00:00:00-04:00,9.125847816467285
2018-10-11 00:00:00-04:00,8.824416160583496
2018-10-12 00:00:00-04:00,8.990202903747559
2018-10-15 00:00:00-04:00,9.042954444885254
2018-10-16 00:00:00-04:00,9.095705032348633
2018-10-17 00:00:00-04:00,9.31424331665039
2018-10-18 00:00:00-04:00,9.171063423156738
2018-10-19 00:00:00-04:00,9.065561294555664
2018-10-22 00:00:00-04:00,8.990202903747559
2018-10-23 00:00:00-04:00,8.718914985656738
2018-10-24 00:00:00-04:00,8.718914985656738
2018-10-25 00:00:00-04:00,8.296910285949707
2018-10-26 00:00:00-04:00,5.712132930755615
2018-10-29 00:00:00-04:00,5.516201972961426
2018-10-30 00:00:00-04:00,5.192162990570068
2018-10-31 00:00:00-04:00,5.817634105682373
2018-11-01 00:00:00-04:00,5.938206195831299
2018-11-02 00:00:00-04:00,6.578749179840088
2018-11-05 00:00:00-05:00,6.525998115539551
2018-11-06 00:00:00-05:00,6.458176136016846
2018-11-07 00:00:00-05:00,6.465712070465088
2018-11-08 00:00:00-05:00,6.601356029510498
2018-11-09 00:00:00-05:00,6.345139026641846
2018-11-12 00:00:00-05:00,6.194424152374268
2018-11-13 00:00:00-05:00,5.953278064727783
2018-11-14 00:00:00-05:00,5.953278064727783
2018-11-15 00:00:00-05:00,5.930671215057373
2018-11-16 00:00:00-05:00,6.1416730880737305
2018-11-19 00:00:00-05:00,6.217031002044678
2018-11-20 00:00:00-05:00,5.953278064727783
2018-11-21 00:00:00-05:00,6.103993892669678
2018-11-23 00:00:00-05:00,6.013564109802246
2018-11-26 00:00:00-05:00,6.284852981567383
2018-11-27 00:00:00-05:00,6.239637851715088
2018-11-28 00:00:00-05:00,6.443105220794678
2018-11-29 00:00:00-05:00,6.47324800491333
2018-11-30 00:00:00-05:00,6.390354156494141
2018-12-03 00:00:00-05:00,6.654107093811035
2018-12-04 00:00:00-05:00,6.616427898406982
2018-12-06 00:00:00-05:00,6.284852981567383
2018-12-07 00:00:00-05:00,6.330068111419678
2018-12-10 00:00:00-05:00,6.345139026641846
2018-12-11 00:00:00-05:00,6.330068111419678
2018-12-12 00:00:00-05:00,6.262246131896973
2018-12-13 00:00:00-05:00,6.156744956970215
2018-12-14 00:00:00-05:00,5.840240955352783
2018-12-17 00:00:00-05:00,5.7874908447265625
2018-12-18 00:00:00-05:00,5.810098171234131
2018-12-19 00:00:00-05:00,5.764883041381836
2018-12-20 00:00:00-05:00,5.599095821380615
2018-12-21 00:00:00-05:00,5.659381866455078
2018-12-24 00:00:00-05:00,5.53127384185791
2018-12-26 00:00:00-05:00,5.538808822631836
2018-12-27 00:00:00-05:00,5.651845932006836
2018-12-28 00:00:00-05:00,5.795025825500488
2018-12-31 00:00:00-05:00,5.749812126159668
2019-01-02 00:00:00-05:00,5.516201972961426
2019-01-03 00:00:00-05:00,5.870384216308594
2019-01-04 00:00:00-05:00,5.734739780426025
2019-01-07 00:00:00-05:00,5.9155988693237305
2019-01-08 00:00:00-05:00,6.036171913146973
2019-01-09 00:00:00-05:00,5.9155988693237305
2019-01-10 00:00:00-05:00,6.0286359786987305
2019-01-11 00:00:00-05:00,5.998493194580078
2019-01-14 00:00:00-05:00,6.036171913146973
2019-01-15 00:00:00-05:00,5.990956783294678
2019-01-16 00:00:00-05:00,5.953278064727783
2019-01-17 00:00:00-05:00,5.930671215057373
2019-01-18 00:00:00-05:00,6.0286359786987305
2019-01-22 00:00:00-05:00,6.11906623840332
2019-01-23 00:00:00-05:00,6.217031002044678
2019-01-24 00:00:00-05:00,6.1416730880737305
2019-01-25 00:00:00-05:00,6.533534049987793
2019-01-28 00:00:00-05:00,6.480783939361572
2019-01-29 00:00:00-05:00,6.83496618270874
2019-01-30 00:00:00-05:00,6.767144203186035
2019-01-31 00:00:00-05:00,7.950263977050781
2019-02-01 00:00:00-05:00,7.287114143371582
2019-02-04 00:00:00-05:00,7.113790988922119
2019-02-05 00:00:00-05:00,7.091183185577393
2019-02-06 00:00:00-05:00,7.091183185577393
2019-02-07 00:00:00-05:00,7.30218505859375
2019-02-08 00:00:00-05:00,7.241899013519287
2019-02-11 00:00:00-05:00,7.204219818115234
2019-02-12 00:00:00-05:00,7.7241902351379395
2019-02-13 00:00:00-05:00,7.709117889404297
2019-02-14 00:00:00-05:00,7.686511039733887
2019-02-15 00:00:00-05:00,7.739261150360107
2019-02-19 00:00:00-05:00,7.716653823852539
2019-02-20 00:00:00-05:00,7.829690933227539
2019-02-21 00:00:00-05:00,7.829690933227539
2019-02-22 00:00:00-05:00,7.882441997528076
2019-02-25 00:00:00-05:00,8.055765151977539
2019-02-26 00:00:00-05:00,8.018086433410645
2019-02-27 00:00:00-05:00,8.025622367858887
2019-02-28 00:00:00-05:00,7.882441997528076
2019-03-01 00:00:00-05:00,7.972870826721191
2019-03-04 00:00:00-05:00,7.882441997528076
2019-03-05 00:00:00-05:00,7.852297782897949
2019-03-06 00:00:00-05:00,7.739261150360107
2019-03-07 00:00:00-05:00,7.694046974182129
2019-03-08 00:00:00-05:00,7.467973232269287
2019-03-11 00:00:00-04:00,7.528258800506592
2019-03-12 00:00:00-04:00,7.671439170837402
2019-03-13 00:00:00-04:00,7.626224994659424
2019-03-14 00:00:00-04:00,7.6789751052856445
2019-03-15 00:00:00-04:00,7.535795211791992
2019-03-18 00:00:00-04:00,7.761868953704834
2019-03-19 00:00:00-04:00,7.799548149108887
2019-03-20 00:00:00-04:00,7.85983419418335
2019-03-21 00:00:00-04:00,7.814619064331055
2019-03-22 00:00:00-04:00,7.927656173706055
2019-03-25 00:00:00-04:00,7.6789751052856445
2019-03-26 00:00:00-04:00,7.543331146240234
2019-03-27 00:00:00-04:00,7.558402061462402
2019-03-28 00:00:00-04:00,7.483044147491455
2019-03-29 00:00:00-04:00,7.422758102416992
2019-04-01 00:00:00-04:00,7.618689060211182
2019-04-02 00:00:00-04:00,7.799548149108887
2019-04-03 00:00:00-04:00,7.9125847816467285
2019-04-04 00:00:00-04:00,7.942728042602539
2019-04-05 00:00:00-04:00,8.176338195800781
2019-04-08 00:00:00-04:00,8.214016914367676
2019-04-09 00:00:00-04:00,8.085907936096191
2019-04-10 00:00:00-04:00,8.19140911102295
2019-04-11 00:00:00-04:00,8.379803657531738
2019-04-12 00:00:00-04:00,8.507912635803223
2019-04-15 00:00:00-04:00,8.53052043914795
2019-04-16 00:00:00-04:00,8.507912635803223
2019-04-17 00:00:00-04:00,8.658628463745117
2019-04-18 00:00:00-04:00,8.425019264221191
2019-04-22 00:00:00-04:00,8.402411460876465
2019-04-23 00:00:00-04:00,8.364731788635254
2019-04-24 00:00:00-04:00,8.538056373596191
2019-04-25 00:00:00-04:00,8.455162048339844
2019-04-26 00:00:00-04:00,8.108514785766602
2019-04-29 00:00:00-04:00,8.048229217529297
2019-04-30 00:00:00-04:00,8.168802261352539
2019-05-01 00:00:00-04:00,8.651092529296875
2019-05-02 00:00:00-04:00,8.568199157714844
2019-05-03 00:00:00-04:00,8.590806007385254
2019-05-06 00:00:00-04:00,8.281839370727539
2019-05-07 00:00:00-04:00,8.342124938964844
2019-05-08 00:00:00-04:00,8.25169563293457
2019-05-09 00:00:00-04:00,7.829690933227539
2019-05-10 00:00:00-04:00,7.776939868927002
2019-05-13 00:00:00-04:00,7.6789751052856445
2019-05-14 00:00:00-04:00,7.588545799255371
2019-05-15 00:00:00-04:00,7.776939868927002
2019-05-16 00:00:00-04:00,7.942728042602539
2019-05-17 00:00:00-04:00,7.784475803375244
2019-05-20 00:00:00-04:00,7.618689060211182
2019-05-21 00:00:00-04:00,7.505651950836182
2019-05-22 00:00:00-04:00,7.437829971313477
2019-05-23 00:00:00-04:00,7.211756229400635
2019-05-24 00:00:00-04:00,7.196683883666992
2019-05-28 00:00:00-04:00,7.008288860321045
2019-05-29 00:00:00-04:00,7.008288860321045
2019-05-30 00:00:00-04:00,6.97061014175415
2019-05-31 00:00:00-04:00,6.789751052856445
2019-06-03 00:00:00-04:00,6.72192907333374
2019-06-04 00:00:00-04:00,6.948002815246582
2019-06-05 00:00:00-04:00,7.264505863189697
2019-06-06 00:00:00-04:00,7.430294036865234
2019-06-07 00:00:00-04:00,7.27957820892334
2019-06-10 00:00:00-04:00,7.226827144622803
2019-06-11 00:00:00-04:00,7.354936122894287
2019-06-12 00:00:00-04:00,7.16654109954834
2019-06-13 00:00:00-04:00,7.113790988922119
2019-06-14 00:00:00-04:00,7.015824794769287
2019-06-17 00:00:00-04:00,6.819893836975098
2019-06-18 00:00:00-04:00,6.759607791900635
2019-06-19 00:00:00-04:00,6.932930946350098
2019-06-20 00:00:00-04:00,7.174077033996582
2019-06-21 00:00:00-04:00,7.159005165100098
2019-06-24 00:00:00-04:00,7.076111793518066
2019-06-25 00:00:00-04:00,7.083646774291992
2019-06-26 00:00:00-04:00,7.128861904144287
2019-06-27 00:00:00-04:00,7.16654109954834
2019-06-28 00:00:00-04:00,7.159005165100098
2019-07-01 00:00:00-04:00,7.535795211791992
2019-07-02 00:00:00-04:00,7.324792861938477
2019-07-03 00:00:00-04:00,7.226827144622803
2019-07-05 00:00:00-04:00,7.294650077819824
2019-07-08 00:00:00-04:00,7.2720417976379395
2019-07-09 00:00:00-04:00,7.264505863189697
2019-07-10 00:00:00-04:00,7.347400188446045
2019-07-11 00:00:00-04:00,7.324792861938477
2019-07-12 00:00:00-04:00,7.241899013519287
2019-07-15 00:00:00-04:00,7.460436820983887
2019-07-16 00:00:00-04:00,7.324792861938477
2019-07-17 00:00:00-04:00,7.241899013519287
2019-07-18 00:00:00-04:00,7.332328796386719
2019-07-19 00:00:00-04:00,7.437829971313477
2019-07-22 00:00:00-04:00,7.422758102416992
2019-07-23 00:00:00-04:00,7.573473930358887
2019-07-24 00:00:00-04:00,7.588545799255371
2019-07-25 00:00:00-04:00,7.648831844329834
2019-07-26 00:00:00-04:00,7.987943172454834
2019-07-29 00:00:00-04:00,8.455162048339844
2019-07-30 00:00:00-04:00,8.425019264221191
2019-07-31 00:00:00-04:00,8.620949745178223
2019-08-01 00:00:00-04:00,8.38733959197998
2019-08-02 00:00:00-04:00,8.19140911102295
2019-08-05 00:00:00-04:00,7.837226867675781
2019-08-06 00:00:00-04:00,7.897512912750244
2019-08-07 00:00:00-04:00,7.701582908630371
2019-08-08 00:00:00-04:00,7.950263977050781
2019-08-09 00:00:00-04:00,7.844762802124023
2019-08-12 00:00:00-04:00,7.769404888153076
2019-08-13 00:00:00-04:00,7.716653823852539
2019-08-14 00:00:00-04:00,7.63375997543335
2019-08-15 00:00:00-04:00,7.483044147491455
2019-08-16 00:00:00-04:00,7.377542972564697
2019-08-19 00:00:00-04:00,7.63375997543335
2019-08-20 00:00:00-04:00,7.4981160163879395
2019-08-21 00:00:00-04:00,7.618689060211182
2019-08-22 00:00:00-04:00,7.581009864807129
2019-08-23 00:00:00-04:00,7.618689060211182
2019-08-26 00:00:00-04:00,7.4529008865356445
2019-08-27 00:00:00-04:00,7.211756229400635
2019-08-28 00:00:00-04:00,6.82742977142334
2019-08-29 00:00:00-04:00,7.128861904144287
2019-08-30 00:00:00-04:00,7.332328796386719
2019-09-03 00:00:00-04:00,7.18914794921875
2019-09-04 00:00:00-04:00,7.249434947967529
2019-09-05 00:00:00-04:00,7.535795211791992
2019-09-06 00:00:00-04:00,7.852297782897949
2019-09-09 00:00:00-04:00,7.7241902351379395
2019-09-10 00:00:00-04:00,7.935192108154297
2019-09-11 00:00:00-04:00,8.168802261352539
2019-09-12 00:00:00-04:00,8.116050720214844
2019-09-13 00:00:00-04:00,8.274303436279297
2019-09-16 00:00:00-04:00,8.116050720214844
2019-09-17 00:00:00-04:00,8.010549545288086
2019-09-18 00:00:00-04:00,8.07837200164795
2019-09-19 00:00:00-04:00,8.07837200164795
2019-09-20 00:00:00-04:00,8.055765151977539
2019-09-23 00:00:00-04:00,7.85983419418335
2019-09-24 00:00:00-04:00,8.025622367858887
2019-09-25 00:00:00-04:00,7.701582908630371
2019-09-26 00:00:00-04:00,7.935192108154297
2019-09-27 00:00:00-04:00,7.897512912750244
2019-09-30 00:00:00-04:00,7.867370128631592
2019-10-01 00:00:00-04:00,7.965334892272949
2019-10-02 00:00:00-04:00,7.694046974182129
2019-10-03 00:00:00-04:00,7.588545799255371
2019-10-04 00:00:00-04:00,7.513187885284424
2019-10-07 00:00:00-04:00,7.430294036865234
2019-10-08 00:00:00-04:00,7.41522216796875
2019-10-09 00:00:00-04:00,7.113790988922119
2019-10-10 00:00:00-04:00,7.226827144622803
2019-10-11 00:00:00-04:00,7.3398637771606445
2019-10-14 00:00:00-04:00,7.407687187194824
2019-10-15 00:00:00-04:00,7.362472057342529
2019-10-16 00:00:00-04:00,7.558402061462402
2019-10-17 00:00:00-04:00,7.671439170837402
2019-10-18 00:00:00-04:00,7.618689060211182
2019-10-21 00:00:00-04:00,7.581009864807129
2019-10-22 00:00:00-04:00,7.844762802124023
2019-10-23 00:00:00-04:00,7.897512912750244
2019-10-24 00:00:00-04:00,7.769404888153076
2019-10-25 00:00:00-04:00,7.9125847816467285
2019-10-28 00:00:00-04:00,8.86209487915039
2019-10-29 00:00:00-04:00,8.786737442016602
2019-10-30 00:00:00-04:00,8.847023010253906
2019-10-31 00:00:00-04:00,8.960060119628906
2019-11-01 00:00:00-04:00,8.907309532165527
2019-11-04 00:00:00-05:00,9.269027709960938
2019-11-05 00:00:00-05:00,9.148454666137695
2019-11-06 00:00:00-05:00,8.914846420288086
2019-11-07 00:00:00-05:00,8.937453269958496
2019-11-08 00:00:00-05:00,8.869630813598633
2019-11-11 00:00:00-05:00,8.847023010253906
2019-11-12 00:00:00-05:00,8.892237663269043
2019-11-13 00:00:00-05:00,8.914846420288086
2019-11-14 00:00:00-05:00,9.208742141723633
2019-11-15 00:00:00-05:00,9.095705032348633
2019-11-18 00:00:00-05:00,9.155990600585938
2019-11-19 00:00:00-05:00,9.125847816467285
2019-11-20 00:00:00-05:00,8.944989204406738
2019-11-21 00:00:00-05:00,8.877166748046875
2019-11-22 00:00:00-05:00,8.847023010253906
2019-11-25 00:00:00-05:00,8.914846420288086
2019-11-26 00:00:00-05:00,9.058026313781738
2019-11-27 00:00:00-05:00,9.050490379333496
2019-11-29 00:00:00-05:00,9.035417556762695
2019-12-02 00:00:00-05:00,8.922381401062012
2019-12-03 00:00:00-05:00,8.643556594848633
2019-12-04 00:00:00-05:00,8.658628463745117
2019-12-05 00:00:00-05:00,8.63602066040039
2019-12-06 00:00:00-05:00,8.364731788635254
2019-12-09 00:00:00-05:00,8.590806007385254
2019-12-10 00:00:00-05:00,8.432555198669434
2019-12-11 00:00:00-05:00,8.470233917236328
2019-12-12 00:00:00-05:00,8.688772201538086
2019-12-13 00:00:00-05:00,9.042954444885254
2019-12-16 00:00:00-05:00,9.095705032348633
2019-12-17 00:00:00-05:00,9.419743537902832
2019-12-18 00:00:00-05:00,9.540316581726074
2019-12-19 00:00:00-05:00,9.5478515625
2019-12-20 00:00:00-05:00,9.683497428894043
2019-12-23 00:00:00-05:00,9.577995300292969
2019-12-24 00:00:00-05:00,9.630745887756348
2019-12-26 00:00:00-05:00,9.63828182220459
2019-12-27 00:00:00-05:00,9.675960540771484
2019-12-30 00:00:00-05:00,9.5629243850708
2019-12-31 00:00:00-05:00,9.487565994262695
2020-01-02 00:00:00-05:00,9.623209953308105
2020-01-03 00:00:00-05:00,9.457423210144043
2020-01-06 00:00:00-05:00,9.329314231872559
2020-01-07 00:00:00-05:00,9.31424331665039
2020-01-08 00:00:00-05:00,9.41220760345459
2020-01-09 00:00:00-05:00,9.570460319519043
2020-01-10 00:00:00-05:00,9.5629243850708
2020-01-13 00:00:00-05:00,9.540316581726074
2020-01-14 00:00:00-05:00,9.924641609191895
2020-01-15 00:00:00-05:00,10.060285568237305
2020-01-16 00:00:00-05:00,10.128108978271484
2020-01-17 00:00:00-05:00,10.203466415405273
2020-01-21 00:00:00-05:00,10.158251762390137
2020-01-22 00:00:00-05:00,10.165786743164062
2020-01-23 00:00:00-05:00,9.962321281433105
2020-01-24 00:00:00-05:00,10.278823852539062
2020-01-27 00:00:00-05:00,9.841748237609863
2020-01-28 00:00:00-05:00,9.804068565368652
2020-01-29 00:00:00-05:00,9.97739315032959
2020-01-30 00:00:00-05:00,9.743782997131348
2020-01-31 00:00:00-05:00,10.5501127243042
2020-02-03 00:00:00-05:00,10.015071868896484
2020-02-04 00:00:00-05:00,9.871891021728516
2020-02-05 00:00:00-05:00,10.173322677612305
2020-02-06 00:00:00-05:00,10.24868106842041
2020-02-07 00:00:00-05:00,10.097965240478516
2020-02-10 00:00:00-05:00,9.879426956176758
2020-02-11 00:00:00-05:00,9.879426956176758
2020-02-12 00:00:00-05:00,10.195931434631348
2020-02-13 00:00:00-05:00,10.263752937316895
2020-02-14 00:00:00-05:00,10.263752937316895
2020-02-18 00:00:00-05:00,10.097965240478516
2020-02-19 00:00:00-05:00,9.97739315032959
2020-02-20 00:00:00-05:00,10.02260684967041
2020-02-21 00:00:00-05:00,10.301431655883789
2020-02-24 00:00:00-05:00,9.487565994262695
2020-02-25 00:00:00-05:00,9.683497428894043
2020-02-26 00:00:00-05:00,9.38960075378418
2020-02-27 00:00:00-05:00,8.718914985656738
2020-02-28 00:00:00-05:00,8.19140911102295
2020-03-02 00:00:00-05:00,8.485304832458496
2020-03-03 00:00:00-05:00,8.914846420288086
2020-03-04 00:00:00-05:00,8.733985900878906
2020-03-05 00:00:00-05:00,8.477768898010254
2020-03-06 00:00:00-05:00,7.965334892272949
2020-03-09 00:00:00-04:00,7.377542972564697
2020-03-10 00:00:00-04:00,7.400150775909424
2020-03-11 00:00:00-04:00,7.437829971313477
2020-03-12 00:00:00-04:00,6.428032875061035
2020-03-13 00:00:00-04:00,6.382818222045898
2020-03-16 00:00:00-04:00,5.048983097076416
2020-03-17 00:00:00-04:00,5.033911228179932
2020-03-18 00:00:00-04:00,4.581762790679932
2020-03-19 00:00:00-04:00,4.431046962738037
2020-03-20 00:00:00-04:00,5.810098171234131
2020-03-23 00:00:00-04:00,4.905803203582764
2020-03-24 00:00:00-04:00,5.410700798034668
2020-03-25 00:00:00-04:00,5.885456085205078
2020-03-26 00:00:00-04:00,6.47324800491333
2020-03-27 00:00:00-04:00,6.33760404586792
2020-03-30 00:00:00-04:00,6.11152982711792
2020-03-31 00:00:00-04:00,6.33760404586792
2020-04-01 00:00:00-04:00,5.953278064727783
2020-04-02 00:00:00-04:00,5.9005279541015625
2020-04-03 00:00:00-04:00,5.975884914398193
2020-04-06 00:00:00-04:00,6.066315174102783
2020-04-07 00:00:00-04:00,6.978146076202393
2020-04-08 00:00:00-04:00,6.541069984436035
2020-04-09 00:00:00-04:00,6.83496618270874
2020-04-13 00:00:00-04:00,6.5561418533325195
2020-04-14 00:00:00-04:00,6.631499767303467
2020-04-15 00:00:00-04:00,6.103993892669678
2020-04-16 00:00:00-04:00,6.00602912902832
2020-04-17 00:00:00-04:00,6.217031002044678
2020-04-20 00:00:00-04:00,5.953278064727783
2020-04-21 00:00:00-04:00,5.659381866455078
2020-04-22 00:00:00-04:00,5.825170040130615
2020-04-23 00:00:00-04:00,5.9155988693237305
2020-04-24 00:00:00-04:00,6.036171913146973
2020-04-27 00:00:00-04:00,6.149209022521973
2020-04-28 00:00:00-04:00,6.865108966827393
2020-04-29 00:00:00-04:00,7.16654109954834
2020-04-30 00:00:00-04:00,7.27957820892334
2020-05-01 00:00:00-04:00,7.121325969696045
2020-05-04 00:00:00-04:00,6.744536876678467
2020-05-05 00:00:00-04:00,6.80482292175293
2020-05-06 00:00:00-04:00,6.676713943481445
2020-05-07 00:00:00-04:00,6.80482292175293
2020-05-08 00:00:00-04:00,7.528258800506592
2020-05-11 00:00:00-04:00,7.3850789070129395
2020-05-12 00:00:00-04:00,7.52072286605835
2020-05-13 00:00:00-04:00,7.159005165100098
2020-05-14 00:00:00-04:00,6.812358856201172
2020-05-15 00:00:00-04:00,6.880180835723877
2020-05-18 00:00:00-04:00,7.362472057342529
2020-05-19 00:00:00-04:00,7.6111531257629395
2020-05-20 00:00:00-04:00,7.581009864807129
2020-05-21 00:00:00-04:00,7.686511039733887
2020-05-22 00:00:00-04:00,7.362472057342529
2020-05-26 00:00:00-04:00,7.581009864807129
2020-05-27 00:00:00-04:00,7.648831844329834
2020-05-28 00:00:00-04:00,7.618689060211182
2020-05-29 00:00:00-04:00,7.309720993041992
2020-06-01 00:00:00-04:00,7.377542972564697
2020-06-02 00:00:00-04:00,7.769404888153076
2020-06-03 00:00:00-04:00,7.867370128631592
2020-06-04 00:00:00-04:00,8.289375305175781
2020-06-05 00:00:00-04:00,8.575735092163086
2020-06-08 00:00:00-04:00,9.027881622314453
2020-06-09 00:00:00-04:00,8.590806007385254
2020-06-10 00:00:00-04:00,8.990202903747559
2020-06-11 00:00:00-04:00,7.950263977050781
2020-06-12 00:00:00-04:00,7.957799911499023
2020-06-15 00:00:00-04:00,7.550867080688477
2020-06-16 00:00:00-04:00,8.198945045471191
2020-06-17 00:00:00-04:00,7.987943172454834
2020-06-18 00:00:00-04:00,7.867370128631592
2020-06-19 00:00:00-04:00,8.063301086425781
2020-06-22 00:00:00-04:00,7.927656173706055
2020-06-23 00:00:00-04:00,7.972870826721191
2020-06-24 00:00:00-04:00,7.920121192932129
2020-06-25 00:00:00-04:00,7.63375997543335
2020-06-26 00:00:00-04:00,7.701582908630371
2020-06-29 00:00:00-04:00,7.535795211791992
2020-06-30 00:00:00-04:00,7.641295909881592
2020-07-01 00:00:00-04:00,7.822154998779297
2020-07-02 00:00:00-04:00,7.701582908630371
2020-07-06 00:00:00-04:00,7.671439170837402
2020-07-07 00:00:00-04:00,7.6111531257629395
2020-07-08 00:00:00-04:00,7.4529008865356445
2020-07-09 00:00:00-04:00,7.445364952087402
2020-07-10 00:00:00-04:00,7.407687187194824
2020-07-13 00:00:00-04:00,7.558402061462402
2020-07-14 00:00:00-04:00,7.505651950836182
2020-07-15 00:00:00-04:00,7.85983419418335
2020-07-16 00:00:00-04:00,8.108514785766602
2020-07-17 00:00:00-04:00,8.244159698486328
2020-07-20 00:00:00-04:00,8.236623764038086
2020-07-21 00:00:00-04:00,8.281839370727539
2020-07-22 00:00:00-04:00,8.146194458007812
2020-07-23 00:00:00-04:00,8.176338195800781
2020-07-24 00:00:00-04:00,8.221551895141602
2020-07-27 00:00:00-04:00,8.040693283081055
2020-07-28 00:00:00-04:00,8.289375305175781
2020-07-29 00:00:00-04:00,8.116050720214844
2020-07-30 00:00:00-04:00,8.30444622039795
2020-07-31 00:00:00-04:00,8.982667922973633
2020-08-03 00:00:00-04:00,8.681236267089844
2020-08-04 00:00:00-04:00,8.590806007385254
2020-08-05 00:00:00-04:00,8.598341941833496
2020-08-06 00:00:00-04:00,8.892237663269043
2020-08-07 00:00:00-04:00,8.741521835327148
2020-08-10 00:00:00-04:00,8.741521835327148
2020-08-11 00:00:00-04:00,8.801809310913086
2020-08-12 00:00:00-04:00,8.794273376464844
2020-08-13 00:00:00-04:00,8.711379051208496
2020-08-14 00:00:00-04:00,8.598341941833496
2020-08-17 00:00:00-04:00,8.545592308044434
2020-08-18 00:00:00-04:00,8.432555198669434
2020-08-19 00:00:00-04:00,8.244159698486328
2020-08-20 00:00:00-04:00,8.13865852355957
2020-08-21 00:00:00-04:00,7.9125847816467285
2020-08-24 00:00:00-04:00,8.070836067199707
2020-08-25 00:00:00-04:00,8.055765151977539
2020-08-26 00:00:00-04:00,7.980407238006592
2020-08-27 00:00:00-04:00,8.063301086425781
2020-08-28 00:00:00-04:00,7.995479106903076
2020-08-31 00:00:00-04:00,8.13865852355957
2020-09-01 00:00:00-04:00,8.176338195800781
2020-09-02 00:00:00-04:00,8.236623764038086
2020-09-03 00:00:00-04:00,8.349660873413086
2020-09-04 00:00:00-04:00,8.30444622039795
2020-09-08 00:00:00-04:00,7.882441997528076
2020-09-09 00:00:00-04:00,7.686511039733887
2020-09-10 00:00:00-04:00,7.897512912750244
2020-09-11 00:00:00-04:00,7.7920122146606445
2020-09-14 00:00:00-04:00,7.7920122146606445
2020-09-15 00:00:00-04:00,8.153730392456055
2020-09-16 00:00:00-04:00,8.409947395324707
2020-09-17 00:00:00-04:00,8.214016914367676
2020-09-18 00:00:00-04:00,8.447626113891602
2020-09-21 00:00:00-04:00,8.123586654663086
2020-09-22 00:00:00-04:00,7.995479106903076
2020-09-23 00:00:00-04:00,8.116050720214844
2020-09-24 00:00:00-04:00,7.829690933227539
2020-09-25 00:00:00-04:00,8.025622367858887
2020-09-28 00:00:00-04:00,8.116050720214844
2020-09-29 00:00:00-04:00,8.214016914367676
2020-09-30 00:00:00-04:00,8.198945045471191
2020-10-01 00:00:00-04:00,8.477768898010254
2020-10-02 00:00:00-04:00,8.357196807861328
2020-10-05 00:00:00-04:00,8.545592308044434
2020-10-06 00:00:00-04:00,8.779200553894043
2020-10-07 00:00:00-04:00,9.005274772644043
2020-10-08 00:00:00-04:00,9.1107759475708
2020-10-09 00:00:00-04:00,9.31424331665039
2020-10-12 00:00:00-04:00,9.253955841064453
2020-10-13 00:00:00-04:00,9.253955841064453
2020-10-14 00:00:00-04:00,9.140918731689453
2020-10-15 00:00:00-04:00,8.937453269958496
2020-10-16 00:00:00-04:00,10.580256462097168
2020-10-19 00:00:00-04:00,10.678221702575684
2020-10-20 00:00:00-04:00,11.085153579711914
2020-10-21 00:00:00-04:00,11.085153579711914
2020-10-22 00:00:00-04:00,10.670685768127441
2020-10-23 00:00:00-04:00,10.806329727172852
2020-10-26 00:00:00-04:00,10.821401596069336
2020-10-27 00:00:00-04:00,10.595328330993652
2020-10-28 00:00:00-04:00,10.13564395904541
2020-10-29 00:00:00-04:00,10.045214653015137
2020-10-30 00:00:00-04:00,11.318763732910156
2020-11-02 00:00:00-05:00,10.783722877502441
2020-11-03 00:00:00-05:00,10.565184593200684
2020-11-04 00:00:00-05:00,10.708365440368652
2020-11-05 00:00:00-05:00,10.987189292907715
2020-11-06 00:00:00-05:00,11.213262557983398
2020-11-09 00:00:00-05:00,11.823661804199219
2020-11-10 00:00:00-05:00,11.552373886108398
2020-11-11 00:00:00-05:00,11.597588539123535
2020-11-12 00:00:00-05:00,11.80859088897705
2020-11-13 00:00:00-05:00,11.605124473571777
2020-11-16 00:00:00-05:00,12.11002254486084
2020-11-17 00:00:00-05:00,12.094950675964355
2020-11-18 00:00:00-05:00,12.298417091369629
2020-11-19 00:00:00-05:00,12.245667457580566
2020-11-20 00:00:00-05:00,12.418990135192871
2020-11-23 00:00:00-05:00,12.569705963134766
2020-11-24 00:00:00-05:00,12.705349922180176
2020-11-25 00:00:00-05:00,12.74302864074707
2020-11-27 00:00:00-05:00,12.614920616149902
2020-11-30 00:00:00-05:00,12.072343826293945
2020-12-01 00:00:00-05:00,12.47174072265625
2020-12-02 00:00:00-05:00,12.464204788208008
2020-12-03 00:00:00-05:00,12.690279006958008
2020-12-04 00:00:00-05:00,12.62999153137207
2020-12-07 00:00:00-05:00,12.712885856628418
2020-12-08 00:00:00-05:00,12.479276657104492
2020-12-09 00:00:00-05:00,12.539563179016113
2020-12-10 00:00:00-05:00,12.192915916442871
2020-12-11 00:00:00-05:00,12.275810241699219
2020-12-14 00:00:00-05:00,12.577241897583008
2020-12-15 00:00:00-05:00,12.848530769348145
2020-12-16 00:00:00-05:00,13.036925315856934
2020-12-17 00:00:00-05:00,13.08213996887207
2020-12-18 00:00:00-05:00,12.871137619018555
2020-12-21 00:00:00-05:00,12.999245643615723
2020-12-22 00:00:00-05:00,13.564431190490723
2020-12-23 00:00:00-05:00,13.63225269317627
2020-12-24 00:00:00-05:00,13.820648193359375
2020-12-28 00:00:00-05:00,13.790505409240723
2020-12-29 00:00:00-05:00,13.654861450195312
2020-12-30 00:00:00-05:00,13.36096477508545
2020-12-31 00:00:00-05:00,13.564431190490723
2021-01-04 00:00:00-05:00,13.72268295288086
2021-01-05 00:00:00-05:00,13.466465950012207
2021-01-06 00:00:00-05:00,13.654861450195312
2021-01-07 00:00:00-05:00,14.19743824005127
2021-01-08 00:00:00-05:00,14.649585723876953
2021-01-11 00:00:00-05:00,13.99397087097168
2021-01-12 00:00:00-05:00,14.129615783691406
2021-01-13 00:00:00-05:00,13.730218887329102
2021-01-14 00:00:00-05:00,14.129615783691406
2021-01-15 00:00:00-05:00,14.039185523986816
2021-01-19 00:00:00-05:00,13.911078453063965
2021-01-20 00:00:00-05:00,13.956292152404785
2021-01-21 00:00:00-05:00,14.076865196228027
2021-01-22 00:00:00-05:00,14.144686698913574
2021-01-25 00:00:00-05:00,14.853052139282227
2021-01-26 00:00:00-05:00,14.596835136413574
2021-01-27 00:00:00-05:00,13.677468299865723
2021-01-28 00:00:00-05:00,15.003767967224121
2021-01-29 00:00:00-05:00,14.039185523986816
2021-02-01 00:00:00-05:00,13.55689525604248
2021-02-02 00:00:00-05:00,14.046722412109375
2021-02-03 00:00:00-05:00,13.97136402130127
2021-02-04 00:00:00-05:00,13.978899955749512
2021-02-05 00:00:00-05:00,14.385832786560059
2021-02-08 00:00:00-05:00,14.242652893066406
2021-02-09 00:00:00-05:00,14.770157814025879
2021-02-10 00:00:00-05:00,14.55915641784668
2021-02-11 00:00:00-05:00,14.212509155273438
2021-02-12 00:00:00-05:00,14.325546264648438
2021-02-16 00:00:00-05:00,14.905802726745605
2021-02-17 00:00:00-05:00,15.071590423583984
2021-02-18 00:00:00-05:00,14.483798027038574
2021-02-19 00:00:00-05:00,14.498869895935059
2021-02-22 00:00:00-05:00,14.137150764465332
2021-02-23 00:00:00-05:00,13.639788627624512
2021-02-24 00:00:00-05:00,13.850790977478027
2021-02-25 00:00:00-05:00,14.076865196228027
2021-02-26 00:00:00-05:00,13.715147018432617
2021-03-01 00:00:00-05:00,14.091937065124512
2021-03-02 00:00:00-05:00,14.227581024169922
2021-03-03 00:00:00-05:00,13.813112258911133
2021-03-04 00:00:00-05:00,13.44385814666748
2021-03-05 00:00:00-05:00,13.21778392791748
2021-03-08 00:00:00-05:00,12.645064353942871
2021-03-09 00:00:00-05:00,12.62999153137207
2021-03-10 00:00:00-05:00,13.014318466186523
2021-03-11 00:00:00-05:00,13.481536865234375
2021-03-12 00:00:00-05:00,13.53428840637207
2021-03-15 00:00:00-04:00,13.715147018432617
2021-03-16 00:00:00-04:00,13.896005630493164
2021-03-17 00:00:00-04:00,13.489072799682617
2021-03-18 00:00:00-04:00,13.406179428100586
2021-03-19 00:00:00-04:00,13.089675903320312
2021-03-22 00:00:00-04:00,13.36096477508545
2021-03-23 00:00:00-04:00,13.368499755859375
2021-03-24 00:00:00-04:00,12.893745422363281
2021-03-25 00:00:00-04:00,12.547099113464355
2021-03-26 00:00:00-04:00,13.044461250305176
2021-03-29 00:00:00-04:00,13.067069053649902
2021-03-30 00:00:00-04:00,12.901281356811523
2021-03-31 00:00:00-04:00,13.49660873413086
2021-04-01 00:00:00-04:00,13.933685302734375
2021-04-05 00:00:00-04:00,14.016578674316406
2021-04-06 00:00:00-04:00,13.80557632446289
2021-04-07 00:00:00-04:00,14.009042739868164
2021-04-08 00:00:00-04:00,13.888469696044922
2021-04-09 00:00:00-04:00,13.933685302734375
2021-04-12 00:00:00-04:00,13.700075149536133
2021-04-13 00:00:00-04:00,13.850790977478027
2021-04-14 00:00:00-04:00,13.66993236541748
2021-04-15 00:00:00-04:00,13.752825736999512
2021-04-16 00:00:00-04:00,13.956292152404785
2021-04-19 00:00:00-04:00,13.865862846374512
2021-04-20 00:00:00-04:00,13.775432586669922
2021-04-21 00:00:00-04:00,13.413715362548828
2021-04-22 00:00:00-04:00,13.767897605895996
2021-04-23 00:00:00-04:00,13.564431190490723
2021-04-26 00:00:00-04:00,13.911078453063965
2021-04-27 00:00:00-04:00,13.730218887329102
2021-04-28 00:00:00-04:00,14.204974174499512
2021-04-29 00:00:00-04:00,13.790505409240723
2021-04-30 00:00:00-04:00,13.436323165893555
2021-05-03 00:00:00-04:00,13.338356971740723
2021-05-04 00:00:00-04:00,13.006781578063965
2021-05-05 00:00:00-04:00,13.262998580932617
2021-05-06 00:00:00-04:00,13.692540168762207
2021-05-07 00:00:00-04:00,13.790505409240723
2021-05-10 00:00:00-04:00,14.054258346557617
2021-05-11 00:00:00-04:00,13.541824340820312
2021-05-12 00:00:00-04:00,12.72042179107666
2021-05-13 00:00:00-04:00,12.705349922180176
2021-05-14 00:00:00-04:00,13.240391731262207
2021-05-17 00:00:00-04:00,12.893745422363281
2021-05-18 00:00:00-04:00,13.232855796813965
2021-05-19 00:00:00-04:00,12.961566925048828
2021-05-20 00:00:00-04:00,13.549359321594238
2021-05-21 00:00:00-04:00,13.541824340820312
2021-05-24 00:00:00-04:00,13.707611083984375
2021-05-25 00:00:00-04:00,13.692540168762207
2021-05-26 00:00:00-04:00,13.42125129699707
2021-05-27 00:00:00-04:00,13.760361671447754
2021-05-28 00:00:00-04:00,13.896005630493164
2021-06-01 00:00:00-04:00,13.865862846374512
2021-06-02 00:00:00-04:00,13.865862846374512
2021-06-03 00:00:00-04:00,13.798041343688965
2021-06-04 00:00:00-04:00,14.144686698913574
2021-06-07 00:00:00-04:00,14.370760917663574
2021-06-08 00:00:00-04:00,14.22004508972168
2021-06-09 00:00:00-04:00,14.001506805419922
2021-06-10 00:00:00-04:00,13.767897605895996
2021-06-11 00:00:00-04:00,14.08440113067627
2021-06-14 00:00:00-04:00,13.896005630493164
2021-06-15 00:00:00-04:00,13.737753868103027
2021-06-16 00:00:00-04:00,13.489072799682617
2021-06-17 00:00:00-04:00,13.300678253173828
2021-06-18 00:00:00-04:00,12.923888206481934
2021-06-21 00:00:00-04:00,12.74302864074707
2021-06-22 00:00:00-04:00,12.788244247436523
2021-06-23 00:00:00-04:00,12.961566925048828
2021-06-24 00:00:00-04:00,12.976638793945312
2021-06-25 00:00:00-04:00,13.300678253173828
2021-06-28 00:00:00-04:00,13.564431190490723
2021-06-29 00:00:00-04:00,13.55689525604248
2021-06-30 00:00:00-04:00,13.549359321594238
2021-07-01 00:00:00-04:00,13.489072799682617
2021-07-02 00:00:00-04:00,13.466465950012207
2021-07-06 00:00:00-04:00,13.481536865234375
2021-07-07 00:00:00-04:00,13.074604034423828
2021-07-08 00:00:00-04:00,12.780708312988281
2021-07-09 00:00:00-04:00,12.908817291259766
2021-07-12 00:00:00-04:00,13.08213996887207
2021-07-13 00:00:00-04:00,13.044461250305176
2021-07-14 00:00:00-04:00,13.097211837768555
2021-07-15 00:00:00-04:00,12.840994834899902
2021-07-16 00:00:00-04:00,12.682743072509766
2021-07-19 00:00:00-04:00,11.974377632141113
2021-07-20 00:00:00-04:00,11.831197738647461
2021-07-21 00:00:00-04:00,12.343631744384766
2021-07-22 00:00:00-04:00,12.411454200744629
2021-07-23 00:00:00-04:00,12.155237197875977
2021-07-26 00:00:00-04:00,12.509420394897461
2021-07-27 00:00:00-04:00,12.539563179016113
2021-07-28 00:00:00-04:00,12.388847351074219
2021-07-29 00:00:00-04:00,13.112282752990723
2021-07-30 00:00:00-04:00,13.13489055633545
2021-08-02 00:00:00-04:00,13.639788627624512
2021-08-03 00:00:00-04:00,13.49660873413086
2021-08-04 00:00:00-04:00,13.293142318725586
2021-08-05 00:00:00-04:00,13.376035690307617
2021-08-06 00:00:00-04:00,13.240391731262207
2021-08-09 00:00:00-04:00,13.549359321594238
2021-08-10 00:00:00-04:00,13.564431190490723
2021-08-11 00:00:00-04:00,13.692540168762207
2021-08-12 00:00:00-04:00,13.700075149536133
2021-08-13 00:00:00-04:00,13.602109909057617
2021-08-16 00:00:00-04:00,13.72268295288086
2021-08-17 00:00:00-04:00,13.685004234313965
2021-08-18 00:00:00-04:00,13.413715362548828
2021-08-19 00:00:00-04:00,13.17257022857666
2021-08-20 00:00:00-04:00,13.21778392791748
2021-08-23 00:00:00-04:00,13.39864444732666
2021-08-24 00:00:00-04:00,13.42125129699707
2021-08-25 00:00:00-04:00,13.571967124938965
2021-08-26 00:00:00-04:00,13.752825736999512
2021-08-27 00:00:00-04:00,13.752825736999512
2021-08-30 00:00:00-04:00,14.174830436706543
2021-08-31 00:00:00-04:00,14.159758567810059
2021-09-01 00:00:00-04:00,14.076865196228027
2021-09-02 00:00:00-04:00,14.091937065124512
2021-09-03 00:00:00-04:00,14.318011283874512
2021-09-07 00:00:00-04:00,14.461191177368164
2021-09-08 00:00:00-04:00,14.31047534942627
2021-09-09 00:00:00-04:00,13.790505409240723
2021-09-10 00:00:00-04:00,13.775432586669922
2021-09-13 00:00:00-04:00,13.820648193359375
2021-09-14 00:00:00-04:00,14.046722412109375
2021-09-15 00:00:00-04:00,13.978899955749512
2021-09-16 00:00:00-04:00,14.33308219909668
2021-09-17 00:00:00-04:00,14.099472045898438
2021-09-20 00:00:00-04:00,13.541824340820312
2021-09-21 00:00:00-04:00,13.47400188446045
2021-09-22 00:00:00-04:00,13.541824340820312
2021-09-23 00:00:00-04:00,13.94875717163086
2021-09-24 00:00:00-04:00,14.039185523986816
2021-09-27 00:00:00-04:00,14.302939414978027
2021-09-28 00:00:00-04:00,14.08440113067627
2021-09-29 00:00:00-04:00,13.986435890197754
2021-09-30 00:00:00-04:00,13.53428840637207
2021-10-01 00:00:00-04:00,13.345892906188965
2021-10-04 00:00:00-04:00,13.53428840637207
2021-10-05 00:00:00-04:00,13.53428840637207
2021-10-06 00:00:00-04:00,13.293142318725586
2021-10-07 00:00:00-04:00,13.83572006225586
2021-10-08 00:00:00-04:00,14.099472045898438
2021-10-11 00:00:00-04:00,14.114543914794922
2021-10-12 00:00:00-04:00,14.152222633361816
2021-10-13 00:00:00-04:00,13.85832691192627
2021-10-14 00:00:00-04:00,13.986435890197754
2021-10-15 00:00:00-04:00,14.3933687210083
2021-10-18 00:00:00-04:00,14.355690002441406
2021-10-19 00:00:00-04:00,14.476262092590332
2021-10-20 00:00:00-04:00,14.363224983215332
2021-10-21 00:00:00-04:00,14.08440113067627
2021-10-22 00:00:00-04:00,14.227581024169922
2021-10-25 00:00:00-04:00,14.114543914794922
2021-10-26 00:00:00-04:00,14.3933687210083
2021-10-27 00:00:00-04:00,14.091937065124512
2021-10-28 00:00:00-04:00,12.825922966003418
2021-10-29 00:00:00-04:00,12.825922966003418
2021-11-01 00:00:00-04:00,12.773173332214355
2021-11-02 00:00:00-04:00,13.345892906188965
2021-11-03 00:00:00-04:00,13.278071403503418
2021-11-04 00:00:00-04:00,13.451394081115723
2021-11-05 00:00:00-04:00,13.624716758728027
2021-11-08 00:00:00-05:00,13.685004234313965
2021-11-09 00:00:00-05:00,13.489072799682617
2021-11-10 00:00:00-05:00,13.28560733795166
2021-11-11 00:00:00-05:00,13.17257022857666
2021-11-12 00:00:00-05:00,13.775432586669922
2021-11-15 00:00:00-05:00,14.370760917663574
2021-11-16 00:00:00-05:00,14.250187873840332
2021-11-17 00:00:00-05:00,14.529012680053711
2021-11-18 00:00:00-05:00,14.619441986083984
2021-11-19 00:00:00-05:00,13.85832691192627
2021-11-22 00:00:00-05:00,13.39864444732666
2021-11-23 00:00:00-05:00,13.270535469055176
2021-11-24 00:00:00-05:00,13.293142318725586
2021-11-26 00:00:00-05:00,13.051997184753418
2021-11-29 00:00:00-05:00,13.44385814666748
2021-11-30 00:00:00-05:00,13.051997184753418
2021-12-01 00:00:00-05:00,13.210248947143555
2021-12-02 00:00:00-05:00,12.509420394897461
2021-12-03 00:00:00-05:00,12.961566925048828
2021-12-06 00:00:00-05:00,12.69781494140625
2021-12-07 00:00:00-05:00,13.044461250305176
2021-12-08 00:00:00-05:00,13.278071403503418
2021-12-09 00:00:00-05:00,13.067069053649902
2021-12-10 00:00:00-05:00,13.187641143798828
2021-12-13 00:00:00-05:00,13.021854400634766
2021-12-14 00:00:00-05:00,12.62999153137207
2021-12-15 00:00:00-05:00,12.60738468170166
2021-12-16 00:00:00-05:00,12.886208534240723
2021-12-17 00:00:00-05:00,12.58477783203125
2021-12-20 00:00:00-05:00,12.381311416625977
2021-12-21 00:00:00-05:00,12.938960075378418
2021-12-22 00:00:00-05:00,13.21778392791748
2021-12-23 00:00:00-05:00,13.36096477508545
2021-12-27 00:00:00-05:00,13.451394081115723
2021-12-28 00:00:00-05:00,13.80557632446289
2021-12-29 00:00:00-05:00,13.707611083984375
2021-12-30 00:00:00-05:00,13.78296947479248
2021-12-31 00:00:00-05:00,13.85832691192627
2022-01-03 00:00:00-05:00,13.873398780822754
2022-01-04 00:00:00-05:00,14.189902305603027
2022-01-05 00:00:00-05:00,14.137150764465332
2022-01-06 00:00:00-05:00,13.564431190490723
2022-01-07 00:00:00-05:00,13.489072799682617
2022-01-10 00:00:00-05:00,13.08213996887207
2022-01-11 00:00:00-05:00,13.49660873413086
2022-01-12 00:00:00-05:00,13.903541564941406
2022-01-13 00:00:00-05:00,13.91861343383789
2022-01-14 00:00:00-05:00,13.451394081115723
2022-01-18 00:00:00-05:00,13.602109909057617
2022-01-19 00:00:00-05:00,13.255462646484375
2022-01-20 00:00:00-05:00,12.780708312988281
2022-01-21 00:00:00-05:00,12.58477783203125
2022-01-24 00:00:00-05:00,12.042200088500977
2022-01-25 00:00:00-05:00,12.117557525634766
2022-01-26 00:00:00-05:00,12.313488960266113
2022-01-27 00:00:00-05:00,12.524491310119629
2022-01-28 00:00:00-05:00,11.801054954528809
2022-01-31 00:00:00-05:00,12.102486610412598
2022-02-01 00:00:00-05:00,12.275810241699219
2022-02-02 00:00:00-05:00,12.388847351074219
2022-02-03 00:00:00-05:00,13.255462646484375
2022-02-04 00:00:00-05:00,13.142427444458008
2022-02-07 00:00:00-05:00,13.006781578063965
2022-02-08 00:00:00-05:00,12.825922966003418
2022-02-09 00:00:00-05:00,13.074604034423828
2022-02-10 00:00:00-05:00,13.149962425231934
2022-02-11 00:00:00-05:00,13.187641143798828
2022-02-14 00:00:00-05:00,12.848530769348145
2022-02-15 00:00:00-05:00,12.96910285949707
2022-02-16 00:00:00-05:00,13.17257022857666
2022-02-17 00:00:00-05:00,12.999245643615723
2022-02-18 00:00:00-05:00,12.916353225708008
2022-02-22 00:00:00-05:00,12.72042179107666
2022-02-23 00:00:00-05:00,12.667671203613281
2022-02-24 00:00:00-05:00,11.883949279785156
2022-02-25 00:00:00-05:00,12.524491310119629
2022-02-28 00:00:00-05:00,12.381311416625977
2022-03-01 00:00:00-05:00,12.366239547729492
2022-03-02 00:00:00-05:00,11.966842651367188
2022-03-03 00:00:00-05:00,12.532027244567871
2022-03-04 00:00:00-05:00,12.207987785339355
2022-03-07 00:00:00-05:00,11.846269607543945
2022-03-08 00:00:00-05:00,11.38658618927002
2022-03-09 00:00:00-05:00,11.831197738647461
2022-03-10 00:00:00-05:00,11.868877410888672
2022-03-11 00:00:00-05:00,12.132630348205566
2022-03-14 00:00:00-04:00,12.057271957397461
2022-03-15 00:00:00-04:00,11.951770782470703
2022-03-16 00:00:00-04:00,12.313488960266113
2022-03-17 00:00:00-04:00,12.58477783203125
2022-03-18 00:00:00-04:00,12.411454200744629
2022-03-21 00:00:00-04:00,12.931424140930176
2022-03-22 00:00:00-04:00,13.127354621887207
2022-03-23 00:00:00-04:00,12.893745422363281
2022-03-24 00:00:00-04:00,12.863601684570312
2022-03-25 00:00:00-04:00,12.954031944274902
2022-03-28 00:00:00-04:00,13.014318466186523
2022-03-29 00:00:00-04:00,13.165034294128418
2022-03-30 00:00:00-04:00,13.300678253173828
2022-03-31 00:00:00-04:00,13.42125129699707
2022-04-01 00:00:00-04:00,13.956292152404785
2022-04-04 00:00:00-04:00,13.896005630493164
2022-04-05 00:00:00-04:00,13.579503059387207
2022-04-06 00:00:00-04:00,13.210248947143555
2022-04-07 00:00:00-04:00,12.893745422363281
2022-04-08 00:00:00-04:00,12.795780181884766
2022-04-11 00:00:00-04:00,12.569705963134766
2022-04-12 00:00:00-04:00,12.501884460449219
2022-04-13 00:00:00-04:00,12.577241897583008
2022-04-14 00:00:00-04:00,12.81085205078125
2022-04-18 00:00:00-04:00,12.788244247436523
2022-04-19 00:00:00-04:00,12.72042179107666
2022-04-20 00:00:00-04:00,13.127354621887207
2022-04-21 00:00:00-04:00,13.315750122070312
2022-04-22 00:00:00-04:00,12.893745422363281
2022-04-25 00:00:00-04:00,12.426526069641113
2022-04-26 00:00:00-04:00,12.569705963134766
2022-04-27 00:00:00-04:00,12.230594635009766
2022-04-28 00:00:00-04:00,12.366239547729492
2022-04-29 00:00:00-04:00,12.569705963134766
2022-05-02 00:00:00-04:00,12.366239547729492
2022-05-03 00:00:00-04:00,12.569705963134766
2022-05-04 00:00:00-04:00,12.96910285949707
2022-05-05 00:00:00-04:00,13.376035690307617
2022-05-06 00:00:00-04:00,12.840994834899902
2022-05-09 00:00:00-04:00,12.577241897583008
2022-05-10 00:00:00-04:00,12.479276657104492
2022-05-11 00:00:00-04:00,12.434062004089355
2022-05-12 00:00:00-04:00,11.944234848022461
2022-05-13 00:00:00-04:00,11.944234848022461
2022-05-16 00:00:00-04:00,12.14770221710205
2022-05-17 00:00:00-04:00,12.418990135192871
2022-05-18 00:00:00-04:00,12.660136222839355
2022-05-19 00:00:00-04:00,12.012057304382324
2022-05-20 00:00:00-04:00,12.283346176147461
2022-05-23 00:00:00-04:00,12.012057304382324
2022-05-24 00:00:00-04:00,12.03466510772705
2022-05-25 00:00:00-04:00,11.642803192138672
2022-05-26 00:00:00-04:00,12.192915916442871
2022-05-27 00:00:00-04:00,12.569705963134766
2022-05-31 00:00:00-04:00,12.886208534240723
2022-06-01 00:00:00-04:00,12.74302864074707
2022-06-02 00:00:00-04:00,12.727957725524902
2022-06-03 00:00:00-04:00,12.840994834899902
2022-06-06 00:00:00-04:00,13.149962425231934
2022-06-07 00:00:00-04:00,12.878673553466797
2022-06-08 00:00:00-04:00,12.923888206481934
2022-06-09 00:00:00-04:00,12.645064353942871
2022-06-10 00:00:00-04:00,12.441597938537598
2022-06-13 00:00:00-04:00,11.92162799835205
2022-06-14 00:00:00-04:00,11.793519020080566
2022-06-15 00:00:00-04:00,11.755840301513672
2022-06-16 00:00:00-04:00,11.484552383422852
2022-06-17 00:00:00-04:00,10.806329727172852
2022-06-21 00:00:00-04:00,11.484552383422852
2022-06-22 00:00:00-04:00,11.152976989746094
2022-06-23 00:00:00-04:00,11.02486801147461
2022-06-24 00:00:00-04:00,11.107762336730957
2022-06-27 00:00:00-04:00,11.567444801330566
2022-06-28 00:00:00-04:00,11.846269607543945
2022-06-29 00:00:00-04:00,11.36397933959961
2022-06-30 00:00:00-04:00,10.934438705444336
2022-07-01 00:00:00-04:00,10.768651008605957
2022-07-05 00:00:00-04:00,10.519969940185547
2022-07-06 00:00:00-04:00,10.617935180664062
2022-07-07 00:00:00-04:00,10.934438705444336
2022-07-08 00:00:00-04:00,10.972118377685547
2022-07-11 00:00:00-04:00,10.896759986877441
2022-07-12 00:00:00-04:00,10.806329727172852
2022-07-13 00:00:00-04:00,10.655613899230957
2022-07-14 00:00:00-04:00,10.693292617797852
2022-07-15 00:00:00-04:00,10.821401596069336
2022-07-18 00:00:00-04:00,10.979653358459473
2022-07-19 00:00:00-04:00,11.047475814819336
2022-07-20 00:00:00-04:00,11.281085014343262
2022-07-21 00:00:00-04:00,11.58251667022705
2022-07-22 00:00:00-04:00,11.755840301513672
2022-07-25 00:00:00-04:00,11.507159233093262
2022-07-26 00:00:00-04:00,11.356443405151367
2022-07-27 00:00:00-04:00,11.55990982055664
2022-07-28 00:00:00-04:00,12.057271957397461
2022-07-29 00:00:00-04:00,12.35870361328125
2022-08-01 00:00:00-04:00,12.479276657104492
2022-08-02 00:00:00-04:00,12.336095809936523
2022-08-03 00:00:00-04:00,12.539563179016113
2022-08-04 00:00:00-04:00,12.758101463317871
2022-08-05 00:00:00-04:00,12.727957725524902
2022-08-08 00:00:00-04:00,12.94649600982666
2022-08-09 00:00:00-04:00,12.938960075378418
2022-08-10 00:00:00-04:00,12.999245643615723
2022-08-11 00:00:00-04:00,13.99397087097168
2022-08-12 00:00:00-04:00,14.099472045898438
2022-08-15 00:00:00-04:00,14.144686698913574
2022-08-16 00:00:00-04:00,14.325546264648438
2022-08-17 00:00:00-04:00,14.001506805419922
2022-08-18 00:00:00-04:00,13.97136402130127
2022-08-19 00:00:00-04:00,14.370760917663574
2022-08-22 00:00:00-04:00,13.602109909057617
2022-08-23 00:00:00-04:00,13.677468299865723
2022-08-24 00:00:00-04:00,13.549359321594238
2022-08-25 00:00:00-04:00,13.798041343688965
2022-08-26 00:00:00-04:00,14.114543914794922
2022-08-29 00:00:00-04:00,13.511679649353027
2022-08-30 00:00:00-04:00,13.78296947479248
2022-08-31 00:00:00-04:00,13.587038040161133
2022-09-01 00:00:00-04:00,13.202713012695312
2022-09-02 00:00:00-04:00,13.270535469055176
2022-09-06 00:00:00-04:00,13.149962425231934
2022-09-07 00:00:00-04:00,12.991710662841797
2022-09-08 00:00:00-04:00,13.436323165893555
2022-09-09 00:00:00-04:00,14.461191177368164
2022-09-12 00:00:00-04:00,14.672192573547363
2022-09-13 00:00:00-04:00,14.159758567810059
2022-09-14 00:00:00-04:00,13.83572006225586
2022-09-15 00:00:00-04:00,13.72268295288086
2022-09-16 00:00:00-04:00,13.278071403503418
2022-09-19 00:00:00-04:00,13.127354621887207
2022-09-20 00:00:00-04:00,13.752825736999512
2022-09-21 00:00:00-04:00,13.677468299865723
2022-09-22 00:00:00-04:00,13.406179428100586
2022-09-23 00:00:00-04:00,12.878673553466797
2022-09-26 00:00:00-04:00,12.622456550598145
2022-09-27 00:00:00-04:00,12.516956329345703
2022-09-28 00:00:00-04:00,12.35870361328125
2022-09-29 00:00:00-04:00,12.72042179107666
2022-09-30 00:00:00-04:00,12.577241897583008
2022-10-03 00:00:00-04:00,12.622456550598145
2022-10-04 00:00:00-04:00,13.391107559204102
2022-10-05 00:00:00-04:00,13.481536865234375
2022-10-06 00:00:00-04:00,13.700075149536133
2022-10-07 00:00:00-04:00,13.406179428100586
2022-10-10 00:00:00-04:00,13.338356971740723
2022-10-11 00:00:00-04:00,13.014318466186523
2022-10-12 00:00:00-04:00,12.712885856628418
2022-10-13 00:00:00-04:00,12.418990135192871
2022-10-14 00:00:00-04:00,13.044461250305176
2022-10-17 00:00:00-04:00,13.021854400634766
2022-10-18 00:00:00-04:00,13.549359321594238
2022-10-19 00:00:00-04:00,13.262998580932617
2022-10-20 00:00:00-04:00,13.240391731262207
2022-10-21 00:00:00-04:00,13.127354621887207
2022-10-24 00:00:00-04:00,13.624716758728027
2022-10-25 00:00:00-04:00,13.685004234313965
2022-10-26 00:00:00-04:00,13.865862846374512
2022-10-27 00:00:00-04:00,14.732479095458984
2022-10-28 00:00:00-04:00,14.378296852111816
2022-10-31 00:00:00-04:00,14.709872245788574
2022-11-01 00:00:00-04:00,14.958553314208984
2022-11-02 00:00:00-04:00,14.792765617370605
2022-11-03 00:00:00-04:00,14.378296852111816
2022-11-04 00:00:00-04:00,14.702336311340332
2022-11-07 00:00:00-05:00,14.400903701782227
2022-11-08 00:00:00-05:00,14.649585723876953
2022-11-09 00:00:00-05:00,14.69480037689209
2022-11-10 00:00:00-05:00,14.943482398986816
2022-11-11 00:00:00-05:00,15.071590423583984
2022-11-14 00:00:00-05:00,15.079126358032227
2022-11-15 00:00:00-05:00,14.966089248657227
2022-11-16 00:00:00-05:00,14.996232032775879
2022-11-17 00:00:00-05:00,14.642049789428711
2022-11-18 00:00:00-05:00,14.898266792297363
2022-11-21 00:00:00-05:00,15.350414276123047
2022-11-22 00:00:00-05:00,15.222306251525879
2022-11-23 00:00:00-05:00,15.704597473144531
2022-11-25 00:00:00-05:00,15.53127384185791
2022-11-28 00:00:00-05:00,15.448380470275879
2022-11-29 00:00:00-05:00,15.493595123291016
2022-11-30 00:00:00-05:00,15.523737907409668
2022-12-01 00:00:00-05:00,16.57874870300293
2022-12-02 00:00:00-05:00,16.209495544433594
2022-12-05 00:00:00-05:00,16.232101440429688
2022-12-06 00:00:00-05:00,16.021099090576172
2022-12-07 00:00:00-05:00,15.817633628845215
2022-12-08 00:00:00-05:00,16.322532653808594
2022-12-09 00:00:00-05:00,16.623964309692383
2022-12-12 00:00:00-05:00,16.84250259399414
2022-12-13 00:00:00-05:00,17.37754249572754
2022-12-14 00:00:00-05:00,17.505651473999023
2022-12-15 00:00:00-05:00,17.038433074951172
2022-12-16 00:00:00-05:00,16.548606872558594
2022-12-19 00:00:00-05:00,16.65410614013672
2022-12-20 00:00:00-05:00,16.12660026550293
2022-12-21 00:00:00-05:00,16.262245178222656
2022-12-22 00:00:00-05:00,16.254709243774414
2022-12-23 00:00:00-05:00,16.20195960998535
2022-12-27 00:00:00-05:00,16.179351806640625
2022-12-28 00:00:00-05:00,16.15674591064453
2022-12-29 00:00:00-05:00,15.870384216308594
2022-12-30 00:00:00-05:00,15.968350410461426
2023-01-03 00:00:00-05:00,16.31499671936035
2023-01-04 00:00:00-05:00,16.42049789428711
2023-01-05 00:00:00-05:00,16.134136199951172
2023-01-06 00:00:00-05:00,16.533533096313477
2023-01-09 00:00:00-05:00,16.925395965576172
2023-01-10 00:00:00-05:00,17.354936599731445
2023-01-11 00:00:00-05:00,17.520723342895508
2023-01-12 00:00:00-05:00,17.626224517822266
2023-01-13 00:00:00-05:00,17.505651473999023
2023-01-17 00:00:00-05:00,18.86209487915039
2023-01-18 00:00:00-05:00,18.085908889770508
2023-01-19 00:00:00-05:00,17.558401107788086
2023-01-20 00:00:00-05:00,18.18387222290039
2023-01-23 00:00:00-05:00,18.244159698486328
2023-01-24 00:00:00-05:00,18.29690933227539
2023-01-25 00:00:00-05:00,18.198944091796875
2023-01-26 00:00:00-05:00,18.32705307006836
2023-01-27 00:00:00-05:00,18.02562141418457
2023-01-30 00:00:00-05:00,17.520723342895508
2023-01-31 00:00:00-05:00,17.49057960510254
2023-02-01 00:00:00-05:00,17.475509643554688
2023-02-02 00:00:00-05:00,18.20648193359375
2023-02-03 00:00:00-05:00,18.085908889770508
2023-02-06 00:00:00-05:00,18.16880226135254
2023-02-07 00:00:00-05:00,18.372268676757812
2023-02-08 00:00:00-05:00,18.319517135620117
2023-02-09 00:00:00-05:00,18.455162048339844
2023-02-10 00:00:00-05:00,17.460437774658203
2023-02-13 00:00:00-05:00,18.462697982788086
2023-02-14 00:00:00-05:00,18.387340545654297
2023-02-15 00:00:00-05:00,18.50791358947754
2023-02-16 00:00:00-05:00,18.304445266723633
2023-02-17 00:00:00-05:00,18.17633819580078
2023-02-21 00:00:00-05:00,17.671438217163086
2023-02-22 00:00:00-05:00,17.761869430541992
2023-02-23 00:00:00-05:00,17.769405364990234
2023-02-24 00:00:00-05:00,17.33986473083496
2023-02-27 00:00:00-05:00,17.709117889404297
2023-02-28 00:00:00-05:00,17.437829971313477
2023-03-01 00:00:00-05:00,17.18914794921875
2023-03-02 00:00:00-05:00,17.00075340270996
2023-03-03 00:00:00-05:00,17.287113189697266
2023-03-06 00:00:00-05:00,17.25697135925293
2023-03-07 00:00:00-05:00,17.392614364624023
2023-03-08 00:00:00-05:00,17.30218505859375
2023-03-09 00:00:00-05:00,17.38507843017578
2023-03-10 00:00:00-05:00,16.789751052856445
2023-03-13 00:00:00-04:00,15.953277587890625
2023-03-14 00:00:00-04:00,16.186887741088867
2023-03-15 00:00:00-04:00,15.787490844726562
2023-03-16 00:00:00-04:00,15.395628929138184
2023-03-17 00:00:00-04:00,15.855313301086426
2023-03-20 00:00:00-04:00,15.712133407592773
2023-03-21 00:00:00-04:00,16.066314697265625
2023-03-22 00:00:00-04:00,16.16427993774414
2023-03-23 00:00:00-04:00,16.224567413330078
2023-03-24 00:00:00-04:00,15.990957260131836
2023-03-27 00:00:00-04:00,15.968350410461426
2023-03-28 00:00:00-04:00,16.01356315612793
2023-03-29 00:00:00-04:00,16.3828182220459
2023-03-30 00:00:00-04:00,16.872644424438477
2023-03-31 00:00:00-04:00,16.789751052856445
2023-04-03 00:00:00-04:00,17.25697135925293
2023-04-04 00:00:00-04:00,17.04596710205078
2023-04-05 00:00:00-04:00,16.247173309326172
2023-04-06 00:00:00-04:00,16.224567413330078
2023-04-10 00:00:00-04:00,15.953277587890625
2023-04-11 00:00:00-04:00,16.35267448425293
2023-04-12 00:00:00-04:00,16.299924850463867
2023-04-13 00:00:00-04:00,16.27731704711914
2023-04-14 00:00:00-04:00,16.345138549804688
2023-04-17 00:00:00-04:00,16.217031478881836
2023-04-18 00:00:00-04:00,16.3828182220459
2023-04-19 00:00:00-04:00,16.254709243774414
2023-04-20 00:00:00-04:00,15.7196683883667
2023-04-21 00:00:00-04:00,15.644309997558594
2023-04-24 00:00:00-04:00,15.508666038513184
2023-04-25 00:00:00-04:00,15.335343360900879
2023-04-26 00:00:00-04:00,14.815373420715332
2023-04-27 00:00:00-04:00,14.951017379760742
2023-04-28 00:00:00-04:00,15.162019729614258
2023-05-01 00:00:00-04:00,15.470987319946289
2023-05-02 00:00:00-04:00,15.508666038513184
2023-05-03 00:00:00-04:00,15.388092994689941
2023-05-04 00:00:00-04:00,15.079126358032227
2023-05-05 00:00:00-04:00,15.433307647705078
2023-05-08 00:00:00-04:00,15.448380470275879
2023-05-09 00:00:00-04:00,15.591560363769531
2023-05-10 00:00:00-04:00,15.825169563293457
2023-05-11 00:00:00-04:00,16.337604522705078
2023-05-12 00:00:00-04:00,17.430294036865234
2023-05-15 00:00:00-04:00,17.792011260986328
2023-05-16 00:00:00-04:00,17.739261627197266
2023-05-17 00:00:00-04:00,17.75433349609375
2023-05-18 00:00:00-04:00,18.085908889770508
2023-05-19 00:00:00-04:00,18.372268676757812
2023-05-22 00:00:00-04:00,18.266767501831055
2023-05-23 00:00:00-04:00,18.372268676757812
2023-05-24 00:00:00-04:00,18.417482376098633
2023-05-25 00:00:00-04:00,18.688772201538086
2023-05-26 00:00:00-04:00,19.291635513305664
2023-05-30 00:00:00-04:00,19.781461715698242
2023-05-31 00:00:00-04:00,19.216276168823242
2023-06-01 00:00:00-04:00,19.216276168823242
2023-06-02 00:00:00-04:00,19.434814453125
2023-06-05 00:00:00-04:00,19.638282775878906
2023-06-06 00:00:00-04:00,19.38960075378418
2023-06-07 00:00:00-04:00,19.766389846801758
2023-06-08 00:00:00-04:00,19.902034759521484
2023-06-09 00:00:00-04:00,19.992464065551758
2023-06-12 00:00:00-04:00,19.879426956176758
2023-06-13 00:00:00-04:00,20.120573043823242
2023-06-14 00:00:00-04:00,19.96985626220703
2023-06-15 00:00:00-04:00,20.045215606689453
2023-06-16 00:00:00-04:00,20.26375389099121
2023-06-20 00:00:00-04:00,19.96232032775879
2023-06-21 00:00:00-04:00,20.35418128967285
2023-06-22 00:00:00-04:00,20.30143165588379
2023-06-23 00:00:00-04:00,19.796533584594727
2023-06-26 00:00:00-04:00,19.841747283935547
2023-06-27 00:00:00-04:00,19.73624610900879
2023-06-28 00:00:00-04:00,19.864355087280273
2023-06-29 00:00:00-04:00,20.218538284301758
2023-06-30 00:00:00-04:00,20.670686721801758
2023-07-03 00:00:00-04:00,20.80632972717285
2023-07-05 00:00:00-04:00,20.625471115112305
2023-07-06 00:00:00-04:00,20.41446876525879
2023-07-07 00:00:00-04:00,20.557649612426758
2023-07-10 00:00:00-04:00,20.738508224487305
2023-07-11 00:00:00-04:00,21.085153579711914
2023-07-12 00:00:00-04:00,21.1002254486084
2023-07-13 00:00:00-04:00,21.198190689086914
2023-07-14 00:00:00-04:00,21.281084060668945
2023-07-17 00:00:00-04:00,20.99472427368164
2023-07-18 00:00:00-04:00,21.273548126220703
2023-07-19 00:00:00-04:00,21.52223014831543
2023-07-20 00:00:00-04:00,21.70309066772461
2023-07-21 00:00:00-04:00,21.74830436706543
2023-07-24 00:00:00-04:00,21.36397933959961
2023-07-25 00:00:00-04:00,21.273548126220703
2023-07-26 00:00:00-04:00,21.416728973388672
2023-07-27 00:00:00-04:00,21.47701644897461
2023-07-28 00:00:00-04:00,20.46721839904785
2023-07-31 00:00:00-04:00,20.429540634155273
2023-08-01 00:00:00-04:00,20.45968246459961
2023-08-02 00:00:00-04:00,20.391860961914062
2023-08-03 00:00:00-04:00,20.15071678161621
2023-08-04 00:00:00-04:00,20.128108978271484
2023-08-07 00:00:00-04:00,20.46721839904785
2023-08-08 00:00:00-04:00,20.565185546875
2023-08-09 00:00:00-04:00,20.670686721801758
2023-08-10 00:00:00-04:00,20.57271957397461
2023-08-11 00:00:00-04:00,20.090429306030273
2023-08-14 00:00:00-04:00,19.91710662841797
2023-08-15 00:00:00-04:00,20.218538284301758
2023-08-16 00:00:00-04:00,19.743783950805664
2023-08-17 00:00:00-04:00,19.449886322021484
2023-08-18 00:00:00-04:00,18.997739791870117
2023-08-21 00:00:00-04:00,19.38960075378418
2023-08-22 00:00:00-04:00,19.77392578125
2023-08-23 00:00:00-04:00,19.5478515625
2023-08-24 00:00:00-04:00,20.007535934448242
2023-08-25 00:00:00-04:00,19.64581871032715
2023-08-28 00:00:00-04:00,19.977392196655273
2023-08-29 00:00:00-04:00,20.504898071289062
2023-08-30 00:00:00-04:00,20.57271957397461
2023-08-31 00:00:00-04:00,20.715900421142578
2023-09-01 00:00:00-04:00,20.851545333862305
2023-09-05 00:00:00-04:00,20.587791442871094
2023-09-06 00:00:00-04:00,20.14318084716797
2023-09-07 00:00:00-04:00,20.022607803344727
2023-09-08 00:00:00-04:00,19.879426956176758
2023-09-11 00:00:00-04:00,19.91710662841797
2023-09-12 00:00:00-04:00,19.819141387939453
2023-09-13 00:00:00-04:00,19.77392578125
2023-09-14 00:00:00-04:00,19.69103240966797
2023-09-15 00:00:00-04:00,19.85681915283203
2023-09-18 00:00:00-04:00,19.284099578857422
2023-09-19 00:00:00-04:00,19.19367027282715
2023-09-20 00:00:00-04:00,19.570459365844727
2023-09-21 00:00:00-04:00,19.23134994506836
2023-09-22 00:00:00-04:00,19.216276168823242
2023-09-25 00:00:00-04:00,19.38960075378418
2023-09-26 00:00:00-04:00,19.284099578857422
2023-09-27 00:00:00-04:00,19.133384704589844
2023-09-28 00:00:00-04:00,19.05048942565918
2023-09-29 00:00:00-04:00,20.165786743164062
2023-10-02 00:00:00-04:00,20.256216049194336
2023-10-03 00:00:00-04:00,20.052751541137695
2023-10-04 00:00:00-04:00,19.939714431762695
2023-10-05 00:00:00-04:00,20.0
2023-10-06 00:00:00-04:00,19.54031753540039
2023-10-09 00:00:00-04:00,19.713640213012695
2023-10-10 00:00:00-04:00,20.128108978271484
2023-10-11 00:00:00-04:00,20.346647262573242
2023-10-12 00:00:00-04:00,20.361717224121094
2023-10-13 00:00:00-04:00,20.060285568237305
2023-10-16 00:00:00-04:00,19.600603103637695
2023-10-17 00:00:00-04:00,19.58553123474121
2023-10-18 00:00:00-04:00,19.261491775512695
2023-10-19 00:00:00-04:00,19.374528884887695
2023-10-20 00:00:00-04:00,18.538055419921875
2023-10-23 00:00:00-04:00,18.085908889770508
2023-10-24 00:00:00-04:00,18.02562141418457
2023-10-25 00:00:00-04:00,17.897512435913086
2023-10-26 00:00:00-04:00,19.208742141723633
2023-10-27 00:00:00-04:00,19.397136688232422
2023-10-30 00:00:00-04:00,19.41974449157715
2023-10-31 00:00:00-04:00,19.261491775512695
2023-11-01 00:00:00-04:00,19.329313278198242
2023-11-02 00:00:00-04:00,19.638282775878906
2023-11-03 00:00:00-04:00,19.397136688232422
2023-11-06 00:00:00-05:00,19.69103240966797
2023-11-07 00:00:00-05:00,19.510173797607422
2023-11-08 00:00:00-05:00,19.397136688232422
2023-11-09 00:00:00-05:00,19.510173797607422
2023-11-10 00:00:00-05:00,19.35192108154297
2023-11-13 00:00:00-05:00,19.653352737426758
2023-11-14 00:00:00-05:00,19.902034759521484
2023-11-15 00:00:00-05:00,20.218538284301758
2023-11-16 00:00:00-05:00,19.92464256286621
2023-11-17 00:00:00-05:00,20.022607803344727
2023-11-20 00:00:00-05:00,19.841747283935547
2023-11-21 00:00:00-05:00,19.826677322387695
2023-11-22 00:00:00-05:00,19.91710662841797
2023-11-24 00:00:00-05:00,19.788997650146484
2023-11-27 00:00:00-05:00,19.788997650146484
2023-11-28 00:00:00-05:00,20.105501174926758
2023-11-29 00:00:00-05:00,19.434814453125
2023-11-30 00:00:00-05:00,19.517709732055664
2023-12-01 00:00:00-05:00,19.178598403930664
2023-12-04 00:00:00-05:00,19.336849212646484
2023-12-05 00:00:00-05:00,19.035417556762695
2023-12-06 00:00:00-05:00,19.140918731689453
2023-12-07 00:00:00-05:00,19.110776901245117
2023-12-08 00:00:00-05:00,19.08816909790039
2023-12-11 00:00:00-05:00,19.344385147094727
2023-12-12 00:00:00-05:00,19.47249412536621
2023-12-13 00:00:00-05:00,19.660888671875
2023-12-14 00:00:00-05:00,20.19593048095703
2023-12-15 00:00:00-05:00,21.650339126586914
2023-12-18 00:00:00-05:00,22.004520416259766
2023-12-19 00:00:00-05:00,21.620195388793945
2023-12-20 00:00:00-05:00,22.607385635375977
2023-12-21 00:00:00-05:00,22.50942039489746
2023-12-22 00:00:00-05:00,22.750564575195312
2023-12-26 00:00:00-05:00,22.85606575012207
2023-12-27 00:00:00-05:00,23.014318466186523
2023-12-28 00:00:00-05:00,22.991710662841797
2023-12-29 00:00:00-05:00,23.097211837768555
2024-01-02 00:00:00-05:00,22.55463409423828
2024-01-03 00:00:00-05:00,23.829999923706055
2024-01-04 00:00:00-05:00,23.829999923706055
2024-01-05 00:00:00-05:00,23.030000686645508
2024-01-08 00:00:00-05:00,23.34000015258789
2024-01-09 00:00:00-05:00,23.350000381469727
2024-01-10 00:00:00-05:00,23.739999771118164
2024-01-11 00:00:00-05:00,23.18000030517578
2024-01-12 00:00:00-05:00,23.739999771118164
2024-01-16 00:00:00-05:00,23.299999237060547
2024-01-17 00:00:00-05:00,22.399999618530273
2024-01-18 00:00:00-05:00,22.3700008392334
2024-01-19 00:00:00-05:00,22.5
2024-01-22 00:00:00-05:00,23.209999084472656
2024-01-23 00:00:00-05:00,23.360000610351562
2024-01-24 00:00:00-05:00,23.260000228881836
2024-01-25 00:00:00-05:00,23.06999969482422
2024-01-26 00:00:00-05:00,23.309999465942383
2024-01-29 00:00:00-05:00,22.850000381469727
2024-01-30 00:00:00-05:00,23.489999771118164
2024-01-31 00:00:00-05:00,23.979999542236328
2024-02-01 00:00:00-05:00,24.860000610351562
2024-02-02 00:00:00-05:00,25.229999542236328
2024-02-05 00:00:00-05:00,24.760000228881836
2024-02-06 00:00:00-05:00,24.389999389648438
2024-02-07 00:00:00-05:00,24.260000228881836
2024-02-08 00:00:00-05:00,24.68000030517578
2024-02-09 00:00:00-05:00,25.549999237060547
2024-02-12 00:00:00-05:00,26.799999237060547
2024-02-13 00:00:00-05:00,26.809999465942383
2024-02-14 00:00:00-05:00,27.700000762939453
2024-02-15 00:00:00-05:00,28.5
2024-02-16 00:00:00-05:00,28.739999771118164
2024-02-20 00:00:00-05:00,27.709999084472656
2024-02-21 00:00:00-05:00,27.399999618530273
2024-02-22 00:00:00-05:00,27.729999542236328
2024-02-23 00:00:00-05:00,28.100000381469727
2024-02-26 00:00:00-05:00,28.0
2024-02-27 00:00:00-05:00,28.1200008392334
2024-02-28 00:00:00-05:00,27.420000076293945
2024-02-29 00:00:00-05:00,28.06999969482422
2024-03-01 00:00:00-05:00,28.200000762939453
2024-03-04 00:00:00-05:00,29.3799991607666
2024-03-05 00:00:00-05:00,29.979999542236328
2024-03-06 00:00:00-05:00,30.520000457763672
2024-03-07 00:00:00-05:00,30.59000015258789
2024-03-08 00:00:00-05:00,30.8700008392334
2024-03-11 00:00:00-04:00,29.469999313354492
2024-03-12 00:00:00-04:00,29.040000915527344
2024-03-13 00:00:00-04:00,28.950000762939453
2024-03-14 00:00:00-04:00,28.739999771118164
2024-03-15 00:00:00-04:00,27.649999618530273
2024-03-18 00:00:00-04:00,27.31999969482422
2024-03-19 00:00:00-04:00,27.139999389648438
2024-03-20 00:00:00-04:00,26.790000915527344
2024-03-21 00:00:00-04:00,27.719999313354492
2024-03-22 00:00:00-04:00,28.450000762939453
2024-03-25 00:00:00-04:00,28.81999969482422
2024-03-26 00:00:00-04:00,28.899999618530273
2024-03-27 00:00:00-04:00,28.65999984741211
2024-03-28 00:00:00-04:00,28.540000915527344
2024-04-01 00:00:00-04:00,28.540000915527344
2024-04-02 00:00:00-04:00,28.1299991607666
2024-04-03 00:00:00-04:00,28.1200008392334
2024-04-04 00:00:00-04:00,29.520000457763672
2024-04-05 00:00:00-04:00,28.799999237060547
2024-04-08 00:00:00-04:00,29.170000076293945
2024-04-09 00:00:00-04:00,28.93000030517578
2024-04-10 00:00:00-04:00,28.1299991607666
2024-04-11 00:00:00-04:00,28.520000457763672
2024-04-12 00:00:00-04:00,28.809999465942383
2024-04-15 00:00:00-04:00,28.799999237060547
2024-04-16 00:00:00-04:00,27.81999969482422
2024-04-17 00:00:00-04:00,28.489999771118164
2024-04-18 00:00:00-04:00,27.950000762939453
2024-04-19 00:00:00-04:00,27.579999923706055
2024-04-22 00:00:00-04:00,27.43000030517578
2024-04-23 00:00:00-04:00,28.0
2024-04-24 00:00:00-04:00,28.75
2024-04-25 00:00:00-04:00,28.270000457763672
2024-04-26 00:00:00-04:00,28.709999084472656
2024-04-29 00:00:00-04:00,28.969999313354492
2024-04-30 00:00:00-04:00,29.049999237060547
2024-05-01 00:00:00-04:00,26.959999084472656
2024-05-02 00:00:00-04:00,25.850000381469727
2024-05-03 00:00:00-04:00,27.81999969482422
2024-05-06 00:00:00-04:00,28.1299991607666
2024-05-07 00:00:00-04:00,29.360000610351562
2024-05-08 00:00:00-04:00,29.0
2024-05-09 00:00:00-04:00,28.56999969482422
2024-05-10 00:00:00-04:00,29.020000457763672
2024-05-13 00:00:00-04:00,28.799999237060547
2024-05-14 00:00:00-04:00,28.59000015258789
2024-05-15 00:00:00-04:00,29.25
2024-05-16 00:00:00-04:00,29.350000381469727
2024-05-17 00:00:00-04:00,29.200000762939453
2024-05-20 00:00:00-04:00,29.260000228881836
2024-05-21 00:00:00-04:00,29.56999969482422
2024-05-22 00:00:00-04:00,29.75
2024-05-23 00:00:00-04:00,31.639999389648438
2024-05-24 00:00:00-04:00,32.439998626708984
2024-05-28 00:00:00-04:00,33.29999923706055
2024-05-29 00:00:00-04:00,33.459999084472656
2024-05-30 00:00:00-04:00,33.47999954223633
2024-05-31 00:00:00-04:00,33.83000183105469
2024-06-03 00:00:00-04:00,33.380001068115234
2024-06-04 00:00:00-04:00,32.83000183105469
2024-06-05 00:00:00-04:00,32.5099983215332
2024-06-06 00:00:00-04:00,33.56999969482422
2024-06-07 00:00:00-04:00,32.04999923706055
2024-06-10 00:00:00-04:00,31.920000076293945
2024-06-11 00:00:00-04:00,32.470001220703125
2024-06-12 00:00:00-04:00,32.59000015258789
2024-06-13 00:00:00-04:00,31.969999313354492
2024-06-14 00:00:00-04:00,31.610000610351562
2024-06-17 00:00:00-04:00,31.399999618530273
2024-06-18 00:00:00-04:00,31.729999542236328
2024-06-20 00:00:00-04:00,31.25
2024-06-21 00:00:00-04:00,30.270000457763672
2024-06-24 00:00:00-04:00,30.559999465942383
2024-06-25 00:00:00-04:00,30.530000686645508
2024-06-26 00:00:00-04:00,30.600000381469727
2024-06-27 00:00:00-04:00,30.34000015258789
2024-06-28 00:00:00-04:00,29.610000610351562
2024-07-01 00:00:00-04:00,29.549999237060547
2024-07-02 00:00:00-04:00,29.639999389648438
2024-07-03 00:00:00-04:00,29.469999313354492
2024-07-05 00:00:00-04:00,30.100000381469727
2024-07-08 00:00:00-04:00,29.600000381469727
2024-07-09 00:00:00-04:00,29.649999618530273
2024-07-10 00:00:00-04:00,29.6299991607666
2024-07-11 00:00:00-04:00,30.170000076293945
2024-07-12 00:00:00-04:00,30.280000686645508
2024-07-15 00:00:00-04:00,30.43000030517578
2024-07-16 00:00:00-04:00,30.549999237060547
2024-07-17 00:00:00-04:00,31.200000762939453
2024-07-18 00:00:00-04:00,31.1299991607666
2024-07-19 00:00:00-04:00,29.280000686645508
2024-07-22 00:00:00-04:00,29.360000610351562
2024-07-23 00:00:00-04:00,29.510000228881836
2024-07-24 00:00:00-04:00,31.81999969482422
2024-07-25 00:00:00-04:00,31.940000534057617
2024-07-26 00:00:00-04:00,31.420000076293945
2024-07-29 00:00:00-04:00,32.150001525878906
2024-07-30 00:00:00-04:00,31.729999542236328
2024-07-31 00:00:00-04:00,31.850000381469727
2024-08-01 00:00:00-04:00,32.09000015258789
2024-08-02 00:00:00-04:00,29.530000686645508
2024-08-05 00:00:00-04:00,26.18000030517578
2024-08-06 00:00:00-04:00,28.3700008392334
2024-08-07 00:00:00-04:00,29.299999237060547
2024-08-08 00:00:00-04:00,28.610000610351562
2024-08-09 00:00:00-04:00,28.959999084472656
2024-08-12 00:00:00-04:00,29.3700008392334
2024-08-13 00:00:00-04:00,29.950000762939453
2024-08-14 00:00:00-04:00,30.639999389648438
2024-08-15 00:00:00-04:00,31.0
2024-08-16 00:00:00-04:00,31.489999771118164
2024-08-19 00:00:00-04:00,31.75
2024-08-20 00:00:00-04:00,31.81999969482422
2024-08-21 00:00:00-04:00,31.690000534057617
2024-08-22 00:00:00-04:00,31.979999542236328
2024-08-23 00:00:00-04:00,31.75
2024-08-26 00:00:00-04:00,32.97999954223633
2024-08-27 00:00:00-04:00,32.25
2024-08-28 00:00:00-04:00,32.25
2024-08-29 00:00:00-04:00,32.18000030517578
2024-08-30 00:00:00-04:00,32.68000030517578
2024-09-03 00:00:00-04:00,32.15999984741211
2024-09-04 00:00:00-04:00,30.06999969482422
2024-09-05 00:00:00-04:00,30.489999771118164
2024-09-06 00:00:00-04:00,30.420000076293945
2024-09-09 00:00:00-04:00,29.649999618530273
2024-09-10 00:00:00-04:00,28.90999984741211
2024-09-11 00:00:00-04:00,28.43000030517578
2024-09-12 00:00:00-04:00,30.040000915527344
2024-09-13 00:00:00-04:00,29.899999618530273
2024-09-16 00:00:00-04:00,29.329999923706055
2024-09-17 00:00:00-04:00,29.989999771118164
2024-09-18 00:00:00-04:00,30.8700008392334
2024-09-19 00:00:00-04:00,31.979999542236328
2024-09-20 00:00:00-04:00,32.38999938964844
2024-09-23 00:00:00-04:00,33.09000015258789
2024-09-24 00:00:00-04:00,33.119998931884766
2024-09-25 00:00:00-04:00,31.90999984741211
2024-09-26 00:00:00-04:00,32.619998931884766
2024-09-27 00:00:00-04:00,34.13999938964844
2024-09-30 00:00:00-04:00,33.47999954223633
2024-10-01 00:00:00-04:00,33.310001373291016
2024-10-02 00:00:00-04:00,32.4900016784668
2024-10-03 00:00:00-04:00,32.34000015258789
2024-10-04 00:00:00-04:00,33.25
2024-10-07 00:00:00-04:00,33.529998779296875
2024-10-08 00:00:00-04:00,33.68000030517578
2024-10-09 00:00:00-04:00,33.43000030517578
2024-10-10 00:00:00-04:00,33.709999084472656
2024-10-11 00:00:00-04:00,33.849998474121094
2024-10-14 00:00:00-04:00,35.040000915527344
2024-10-15 00:00:00-04:00,35.40999984741211
2024-10-16 00:00:00-04:00,34.630001068115234
2024-10-17 00:00:00-04:00,34.97999954223633
2024-10-18 00:00:00-04:00,35.20000076293945
2024-10-21 00:00:00-04:00,34.900001525878906
2024-10-22 00:00:00-04:00,34.43000030517578
2024-10-23 00:00:00-04:00,34.04999923706055
2024-10-24 00:00:00-04:00,34.560001373291016
2024-10-25 00:00:00-04:00,35.2599983215332
2024-10-28 00:00:00-04:00,35.459999084472656
2024-10-29 00:00:00-04:00,35.189998626708984
2024-10-30 00:00:00-04:00,34.5
2024-10-31 00:00:00-04:00,35.63999938964844
2024-11-01 00:00:00-04:00,35.09000015258789
2024-11-04 00:00:00-05:00,35.189998626708984
2024-11-05 00:00:00-05:00,35.130001068115234
2024-11-06 00:00:00-05:00,37.59000015258789
2024-11-07 00:00:00-05:00,39.150001525878906
2024-11-08 00:00:00-05:00,39.68000030517578
2024-11-11 00:00:00-05:00,40.02000045776367
2024-11-12 00:00:00-05:00,38.790000915527344
2024-11-13 00:00:00-05:00,38.02000045776367
2024-11-14 00:00:00-05:00,37.939998626708984
2024-11-15 00:00:00-05:00,37.130001068115234
2024-11-18 00:00:00-05:00,37.380001068115234
2024-11-19 00:00:00-05:00,36.65999984741211
2024-11-20 00:00:00-05:00,39.86000061035156
2024-11-21 00:00:00-05:00,40.119998931884766
2024-11-22 00:00:00-05:00,40.79999923706055
2024-11-25 00:00:00-05:00,42.220001220703125
2024-11-26 00:00:00-05:00,41.08000183105469
2024-11-27 00:00:00-05:00,39.83000183105469
2024-11-29 00:00:00-05:00,39.2400016784668
2024-12-02 00:00:00-05:00,38.9900016784668
2024-12-03 00:00:00-05:00,39.11000061035156
2024-12-04 00:00:00-05:00,38.90999984741211
2024-12-05 00:00:00-05:00,39.619998931884766
2024-12-06 00:00:00-05:00,39.36000061035156
2024-12-09 00:00:00-05:00,38.29999923706055
2024-12-10 00:00:00-05:00,38.560001373291016
2024-12-11 00:00:00-05:00,38.189998626708984
2024-12-12 00:00:00-05:00,38.08000183105469
2024-12-13 00:00:00-05:00,38.31999969482422
2024-12-16 00:00:00-05:00,38.310001373291016
2024-12-17 00:00:00-05:00,37.779998779296875
2024-12-18 00:00:00-05:00,38.5
2024-12-19 00:00:00-05:00,38.22999954223633
2024-12-20 00:00:00-05:00,37.45000076293945
2024-12-23 00:00:00-05:00,38.63999938964844
2024-12-24 00:00:00-05:00,38.7400016784668
2024-12-26 00:00:00-05:00,39.13999938964844
2024-12-27 00:00:00-05:00,39.2400016784668
2024-12-30 00:00:00-05:00,38.560001373291016
2024-12-31 00:00:00-05:00,38.689998626708984
2025-01-02 00:00:00-05:00,38.5099983215332
2025-01-03 00:00:00-05:00,38.83000183105469
2025-01-06 00:00:00-05:00,40.66999816894531
2025-01-07 00:00:00-05:00,41.04999923706055
2025-01-08 00:00:00-05:00,40.38999938964844
2025-01-10 00:00:00-05:00,40.720001220703125
2025-01-13 00:00:00-05:00,39.61000061035156
2025-01-14 00:00:00-05:00,39.77000045776367
