Date,Open
1980-03-17 00:00:00-05:00,0.0
1980-03-18 00:00:00-05:00,0.0
1980-03-19 00:00:00-05:00,0.0
1980-03-20 00:00:00-05:00,0.0
1980-03-21 00:00:00-05:00,0.0
1980-03-24 00:00:00-05:00,0.0
1980-03-25 00:00:00-05:00,0.0
1980-03-26 00:00:00-05:00,0.0
1980-03-27 00:00:00-05:00,0.0
1980-03-28 00:00:00-05:00,0.0
1980-03-31 00:00:00-05:00,0.0
1980-04-01 00:00:00-05:00,0.0
1980-04-02 00:00:00-05:00,0.0
1980-04-03 00:00:00-05:00,0.0
1980-04-07 00:00:00-05:00,0.0
1980-04-08 00:00:00-05:00,0.0
1980-04-09 00:00:00-05:00,0.0
1980-04-10 00:00:00-05:00,0.0
1980-04-11 00:00:00-05:00,0.0
1980-04-14 00:00:00-05:00,0.0
1980-04-15 00:00:00-05:00,0.0
1980-04-16 00:00:00-05:00,0.0
1980-04-17 00:00:00-05:00,0.0
1980-04-18 00:00:00-05:00,0.0
1980-04-21 00:00:00-05:00,0.0
1980-04-22 00:00:00-05:00,0.0
1980-04-23 00:00:00-05:00,0.0
1980-04-24 00:00:00-05:00,0.0
1980-04-25 00:00:00-05:00,0.0
1980-04-28 00:00:00-04:00,0.0
1980-04-29 00:00:00-04:00,0.0
1980-04-30 00:00:00-04:00,0.0
1980-05-01 00:00:00-04:00,0.0
1980-05-02 00:00:00-04:00,0.0
1980-05-05 00:00:00-04:00,0.0
1980-05-06 00:00:00-04:00,0.0
1980-05-07 00:00:00-04:00,0.0
1980-05-08 00:00:00-04:00,0.0
1980-05-09 00:00:00-04:00,0.0
1980-05-12 00:00:00-04:00,0.0
1980-05-13 00:00:00-04:00,0.0
1980-05-14 00:00:00-04:00,0.0
1980-05-15 00:00:00-04:00,0.0
1980-05-16 00:00:00-04:00,0.0
1980-05-19 00:00:00-04:00,0.0
1980-05-20 00:00:00-04:00,0.0
1980-05-21 00:00:00-04:00,0.0
1980-05-22 00:00:00-04:00,0.0
1980-05-23 00:00:00-04:00,0.0
1980-05-27 00:00:00-04:00,0.0
1980-05-28 00:00:00-04:00,0.0
1980-05-29 00:00:00-04:00,0.0
1980-05-30 00:00:00-04:00,0.0
1980-06-02 00:00:00-04:00,0.0
1980-06-03 00:00:00-04:00,0.0
1980-06-04 00:00:00-04:00,0.0
1980-06-05 00:00:00-04:00,0.0
1980-06-06 00:00:00-04:00,0.0
1980-06-09 00:00:00-04:00,0.0
1980-06-10 00:00:00-04:00,0.0
1980-06-11 00:00:00-04:00,0.0
1980-06-12 00:00:00-04:00,0.0
1980-06-13 00:00:00-04:00,0.0
1980-06-16 00:00:00-04:00,0.0
1980-06-17 00:00:00-04:00,0.0
1980-06-18 00:00:00-04:00,0.0
1980-06-19 00:00:00-04:00,0.0
1980-06-20 00:00:00-04:00,0.0
1980-06-23 00:00:00-04:00,0.0
1980-06-24 00:00:00-04:00,0.0
1980-06-25 00:00:00-04:00,0.0
1980-06-26 00:00:00-04:00,0.0
1980-06-27 00:00:00-04:00,0.0
1980-06-30 00:00:00-04:00,0.0
1980-07-01 00:00:00-04:00,0.0
1980-07-02 00:00:00-04:00,0.0
1980-07-03 00:00:00-04:00,0.0
1980-07-07 00:00:00-04:00,0.0
1980-07-08 00:00:00-04:00,0.0
1980-07-09 00:00:00-04:00,0.0
1980-07-10 00:00:00-04:00,0.0
1980-07-11 00:00:00-04:00,0.0
1980-07-14 00:00:00-04:00,0.0
1980-07-15 00:00:00-04:00,0.0
1980-07-16 00:00:00-04:00,0.0
1980-07-17 00:00:00-04:00,0.0
1980-07-18 00:00:00-04:00,0.0
1980-07-21 00:00:00-04:00,0.0
1980-07-22 00:00:00-04:00,0.0
1980-07-23 00:00:00-04:00,0.0
1980-07-24 00:00:00-04:00,0.0
1980-07-25 00:00:00-04:00,0.0
1980-07-28 00:00:00-04:00,0.0
1980-07-29 00:00:00-04:00,0.0
1980-07-30 00:00:00-04:00,0.0
1980-07-31 00:00:00-04:00,0.0
1980-08-01 00:00:00-04:00,0.0
1980-08-04 00:00:00-04:00,0.0
1980-08-05 00:00:00-04:00,0.0
1980-08-06 00:00:00-04:00,0.0
1980-08-07 00:00:00-04:00,0.0
1980-08-08 00:00:00-04:00,0.0
1980-08-11 00:00:00-04:00,0.0
1980-08-12 00:00:00-04:00,0.0
1980-08-13 00:00:00-04:00,0.0
1980-08-14 00:00:00-04:00,0.0
1980-08-15 00:00:00-04:00,0.0
1980-08-18 00:00:00-04:00,0.0
1980-08-19 00:00:00-04:00,0.0
1980-08-20 00:00:00-04:00,0.0
1980-08-21 00:00:00-04:00,0.0
1980-08-22 00:00:00-04:00,0.0
1980-08-25 00:00:00-04:00,0.0
1980-08-26 00:00:00-04:00,0.0
1980-08-27 00:00:00-04:00,0.0
1980-08-28 00:00:00-04:00,0.0
1980-08-29 00:00:00-04:00,0.0
1980-09-02 00:00:00-04:00,0.0
1980-09-03 00:00:00-04:00,0.0
1980-09-04 00:00:00-04:00,0.0
1980-09-05 00:00:00-04:00,0.0
1980-09-08 00:00:00-04:00,0.0
1980-09-09 00:00:00-04:00,0.0
1980-09-10 00:00:00-04:00,0.0
1980-09-11 00:00:00-04:00,0.0
1980-09-12 00:00:00-04:00,0.0
1980-09-15 00:00:00-04:00,0.0
1980-09-16 00:00:00-04:00,0.0
1980-09-17 00:00:00-04:00,0.0
1980-09-18 00:00:00-04:00,0.0
1980-09-19 00:00:00-04:00,0.0
1980-09-22 00:00:00-04:00,0.0
1980-09-23 00:00:00-04:00,0.0
1980-09-24 00:00:00-04:00,0.0
1980-09-25 00:00:00-04:00,0.0
1980-09-26 00:00:00-04:00,0.0
1980-09-29 00:00:00-04:00,0.0
1980-09-30 00:00:00-04:00,0.0
1980-10-01 00:00:00-04:00,0.0
1980-10-02 00:00:00-04:00,0.0
1980-10-03 00:00:00-04:00,0.0
1980-10-06 00:00:00-04:00,0.0
1980-10-07 00:00:00-04:00,0.0
1980-10-08 00:00:00-04:00,0.0
1980-10-09 00:00:00-04:00,0.0
1980-10-10 00:00:00-04:00,0.0
1980-10-13 00:00:00-04:00,0.0
1980-10-14 00:00:00-04:00,0.0
1980-10-15 00:00:00-04:00,0.0
1980-10-16 00:00:00-04:00,0.0
1980-10-17 00:00:00-04:00,0.0
1980-10-20 00:00:00-04:00,0.0
1980-10-21 00:00:00-04:00,0.0
1980-10-22 00:00:00-04:00,0.0
1980-10-23 00:00:00-04:00,0.0
1980-10-24 00:00:00-04:00,0.0
1980-10-27 00:00:00-05:00,0.0
1980-10-28 00:00:00-05:00,0.0
1980-10-29 00:00:00-05:00,0.0
1980-10-30 00:00:00-05:00,0.0
1980-10-31 00:00:00-05:00,0.0
1980-11-03 00:00:00-05:00,0.0
1980-11-05 00:00:00-05:00,0.0
1980-11-06 00:00:00-05:00,0.0
1980-11-07 00:00:00-05:00,0.0
1980-11-10 00:00:00-05:00,0.0
1980-11-11 00:00:00-05:00,0.0
1980-11-12 00:00:00-05:00,0.0
1980-11-13 00:00:00-05:00,0.0
1980-11-14 00:00:00-05:00,0.0
1980-11-17 00:00:00-05:00,0.0
1980-11-18 00:00:00-05:00,0.0
1980-11-19 00:00:00-05:00,0.0
1980-11-20 00:00:00-05:00,0.0
1980-11-21 00:00:00-05:00,0.0
1980-11-24 00:00:00-05:00,0.0
1980-11-25 00:00:00-05:00,0.0
1980-11-26 00:00:00-05:00,0.0
1980-11-28 00:00:00-05:00,0.0
1980-12-01 00:00:00-05:00,0.0
1980-12-02 00:00:00-05:00,0.0
1980-12-03 00:00:00-05:00,0.0
1980-12-04 00:00:00-05:00,0.0
1980-12-05 00:00:00-05:00,0.0
1980-12-08 00:00:00-05:00,0.0
1980-12-09 00:00:00-05:00,0.0
1980-12-10 00:00:00-05:00,0.0
1980-12-11 00:00:00-05:00,0.0
1980-12-12 00:00:00-05:00,0.0
1980-12-15 00:00:00-05:00,0.0
1980-12-16 00:00:00-05:00,0.0
1980-12-17 00:00:00-05:00,0.0
1980-12-18 00:00:00-05:00,0.0
1980-12-19 00:00:00-05:00,0.0
1980-12-22 00:00:00-05:00,0.0
1980-12-23 00:00:00-05:00,0.0
1980-12-24 00:00:00-05:00,0.0
1980-12-26 00:00:00-05:00,0.0
1980-12-29 00:00:00-05:00,0.0
1980-12-30 00:00:00-05:00,0.0
1980-12-31 00:00:00-05:00,0.0
1981-01-02 00:00:00-05:00,0.0
1981-01-05 00:00:00-05:00,0.0
1981-01-06 00:00:00-05:00,0.0
1981-01-07 00:00:00-05:00,0.0
1981-01-08 00:00:00-05:00,0.0
1981-01-09 00:00:00-05:00,0.0
1981-01-12 00:00:00-05:00,0.0
1981-01-13 00:00:00-05:00,0.0
1981-01-14 00:00:00-05:00,0.0
1981-01-15 00:00:00-05:00,0.0
1981-01-16 00:00:00-05:00,0.0
1981-01-19 00:00:00-05:00,0.0
1981-01-20 00:00:00-05:00,0.0
1981-01-21 00:00:00-05:00,0.0
1981-01-22 00:00:00-05:00,0.0
1981-01-23 00:00:00-05:00,0.0
1981-01-26 00:00:00-05:00,0.0
1981-01-27 00:00:00-05:00,0.0
1981-01-28 00:00:00-05:00,0.0
1981-01-29 00:00:00-05:00,0.0
1981-01-30 00:00:00-05:00,0.0
1981-02-02 00:00:00-05:00,0.0
1981-02-03 00:00:00-05:00,0.0
1981-02-04 00:00:00-05:00,0.0
1981-02-05 00:00:00-05:00,0.0
1981-02-06 00:00:00-05:00,0.0
1981-02-09 00:00:00-05:00,0.0
1981-02-10 00:00:00-05:00,0.0
1981-02-11 00:00:00-05:00,0.0
1981-02-12 00:00:00-05:00,0.0
1981-02-13 00:00:00-05:00,0.0
1981-02-17 00:00:00-05:00,0.0
1981-02-18 00:00:00-05:00,0.0
1981-02-19 00:00:00-05:00,0.0
1981-02-20 00:00:00-05:00,0.0
1981-02-23 00:00:00-05:00,0.0
1981-02-24 00:00:00-05:00,0.0
1981-02-25 00:00:00-05:00,0.0
1981-02-26 00:00:00-05:00,0.0
1981-02-27 00:00:00-05:00,0.0
1981-03-02 00:00:00-05:00,0.0
1981-03-03 00:00:00-05:00,0.0
1981-03-04 00:00:00-05:00,0.0
1981-03-05 00:00:00-05:00,0.0
1981-03-06 00:00:00-05:00,0.0
1981-03-09 00:00:00-05:00,0.0
1981-03-10 00:00:00-05:00,0.0
1981-03-11 00:00:00-05:00,0.0
1981-03-12 00:00:00-05:00,0.0
1981-03-13 00:00:00-05:00,0.0
1981-03-16 00:00:00-05:00,0.0
1981-03-17 00:00:00-05:00,0.0
1981-03-18 00:00:00-05:00,0.0
1981-03-19 00:00:00-05:00,0.0
1981-03-20 00:00:00-05:00,0.0
1981-03-23 00:00:00-05:00,0.0
1981-03-24 00:00:00-05:00,0.0
1981-03-25 00:00:00-05:00,0.0
1981-03-26 00:00:00-05:00,0.0
1981-03-27 00:00:00-05:00,0.0
1981-03-30 00:00:00-05:00,0.0
1981-03-31 00:00:00-05:00,0.0
1981-04-01 00:00:00-05:00,0.0
1981-04-02 00:00:00-05:00,0.0
1981-04-03 00:00:00-05:00,0.0
1981-04-06 00:00:00-05:00,0.0
1981-04-07 00:00:00-05:00,0.0
1981-04-08 00:00:00-05:00,0.0
1981-04-09 00:00:00-05:00,0.0
1981-04-10 00:00:00-05:00,0.0
1981-04-13 00:00:00-05:00,0.0
1981-04-14 00:00:00-05:00,0.0
1981-04-15 00:00:00-05:00,0.0
1981-04-16 00:00:00-05:00,0.0
1981-04-20 00:00:00-05:00,0.0
1981-04-21 00:00:00-05:00,0.0
1981-04-22 00:00:00-05:00,0.0
1981-04-23 00:00:00-05:00,0.0
1981-04-24 00:00:00-05:00,0.0
1981-04-27 00:00:00-04:00,0.0
1981-04-28 00:00:00-04:00,0.0
1981-04-29 00:00:00-04:00,0.0
1981-04-30 00:00:00-04:00,0.0
1981-05-01 00:00:00-04:00,0.0
1981-05-04 00:00:00-04:00,0.0
1981-05-05 00:00:00-04:00,0.0
1981-05-06 00:00:00-04:00,0.0
1981-05-07 00:00:00-04:00,0.0
1981-05-08 00:00:00-04:00,0.0
1981-05-11 00:00:00-04:00,0.0
1981-05-12 00:00:00-04:00,0.0
1981-05-13 00:00:00-04:00,0.0
1981-05-14 00:00:00-04:00,0.0
1981-05-15 00:00:00-04:00,0.0
1981-05-18 00:00:00-04:00,0.0
1981-05-19 00:00:00-04:00,0.0
1981-05-20 00:00:00-04:00,0.0
1981-05-21 00:00:00-04:00,0.0
1981-05-22 00:00:00-04:00,0.0
1981-05-26 00:00:00-04:00,0.0
1981-05-27 00:00:00-04:00,0.0
1981-05-28 00:00:00-04:00,0.0
1981-05-29 00:00:00-04:00,0.0
1981-06-01 00:00:00-04:00,0.0
1981-06-02 00:00:00-04:00,0.0
1981-06-03 00:00:00-04:00,0.0
1981-06-04 00:00:00-04:00,0.0
1981-06-05 00:00:00-04:00,0.0
1981-06-08 00:00:00-04:00,0.0
1981-06-09 00:00:00-04:00,0.0
1981-06-10 00:00:00-04:00,0.0
1981-06-11 00:00:00-04:00,0.0
1981-06-12 00:00:00-04:00,0.0
1981-06-15 00:00:00-04:00,0.0
1981-06-16 00:00:00-04:00,0.0
1981-06-17 00:00:00-04:00,0.0
1981-06-18 00:00:00-04:00,0.0
1981-06-19 00:00:00-04:00,0.0
1981-06-22 00:00:00-04:00,0.0
1981-06-23 00:00:00-04:00,0.0
1981-06-24 00:00:00-04:00,0.0
1981-06-25 00:00:00-04:00,0.0
1981-06-26 00:00:00-04:00,0.0
1981-06-29 00:00:00-04:00,0.0
1981-06-30 00:00:00-04:00,0.0
1981-07-01 00:00:00-04:00,0.0
1981-07-02 00:00:00-04:00,0.0
1981-07-06 00:00:00-04:00,0.0
1981-07-07 00:00:00-04:00,0.0
1981-07-08 00:00:00-04:00,0.0
1981-07-09 00:00:00-04:00,0.0
1981-07-10 00:00:00-04:00,0.0
1981-07-13 00:00:00-04:00,0.0
1981-07-14 00:00:00-04:00,0.0
1981-07-15 00:00:00-04:00,0.0
1981-07-16 00:00:00-04:00,0.0
1981-07-17 00:00:00-04:00,0.0
1981-07-20 00:00:00-04:00,0.0
1981-07-21 00:00:00-04:00,0.0
1981-07-22 00:00:00-04:00,0.0
1981-07-23 00:00:00-04:00,0.0
1981-07-24 00:00:00-04:00,0.0
1981-07-27 00:00:00-04:00,0.0
1981-07-28 00:00:00-04:00,0.0
1981-07-29 00:00:00-04:00,0.0
1981-07-30 00:00:00-04:00,0.0
1981-07-31 00:00:00-04:00,0.0
1981-08-03 00:00:00-04:00,0.0
1981-08-04 00:00:00-04:00,0.0
1981-08-05 00:00:00-04:00,0.0
1981-08-06 00:00:00-04:00,0.0
1981-08-07 00:00:00-04:00,0.0
1981-08-10 00:00:00-04:00,0.0
1981-08-11 00:00:00-04:00,0.0
1981-08-12 00:00:00-04:00,0.0
1981-08-13 00:00:00-04:00,0.0
1981-08-14 00:00:00-04:00,0.0
1981-08-17 00:00:00-04:00,0.0
1981-08-18 00:00:00-04:00,0.0
1981-08-19 00:00:00-04:00,0.0
1981-08-20 00:00:00-04:00,0.0
1981-08-21 00:00:00-04:00,0.0
1981-08-24 00:00:00-04:00,0.0
1981-08-25 00:00:00-04:00,0.0
1981-08-26 00:00:00-04:00,0.0
1981-08-27 00:00:00-04:00,0.0
1981-08-28 00:00:00-04:00,0.0
1981-08-31 00:00:00-04:00,0.0
1981-09-01 00:00:00-04:00,0.0
1981-09-02 00:00:00-04:00,0.0
1981-09-03 00:00:00-04:00,0.0
1981-09-04 00:00:00-04:00,0.0
1981-09-08 00:00:00-04:00,0.0
1981-09-09 00:00:00-04:00,0.0
1981-09-10 00:00:00-04:00,0.0
1981-09-11 00:00:00-04:00,0.0
1981-09-14 00:00:00-04:00,0.0
1981-09-15 00:00:00-04:00,0.0
1981-09-16 00:00:00-04:00,0.0
1981-09-17 00:00:00-04:00,0.0
1981-09-18 00:00:00-04:00,0.0
1981-09-21 00:00:00-04:00,0.0
1981-09-22 00:00:00-04:00,0.0
1981-09-23 00:00:00-04:00,0.0
1981-09-24 00:00:00-04:00,0.0
1981-09-25 00:00:00-04:00,0.0
1981-09-28 00:00:00-04:00,0.0
1981-09-29 00:00:00-04:00,0.0
1981-09-30 00:00:00-04:00,0.0
1981-10-01 00:00:00-04:00,0.0
1981-10-02 00:00:00-04:00,0.0
1981-10-05 00:00:00-04:00,0.0
1981-10-06 00:00:00-04:00,0.0
1981-10-07 00:00:00-04:00,0.0
1981-10-08 00:00:00-04:00,0.0
1981-10-09 00:00:00-04:00,0.0
1981-10-12 00:00:00-04:00,0.0
1981-10-13 00:00:00-04:00,0.0
1981-10-14 00:00:00-04:00,0.0
1981-10-15 00:00:00-04:00,0.0
1981-10-16 00:00:00-04:00,0.0
1981-10-19 00:00:00-04:00,0.0
1981-10-20 00:00:00-04:00,0.0
1981-10-21 00:00:00-04:00,0.0
1981-10-22 00:00:00-04:00,0.0
1981-10-23 00:00:00-04:00,0.0
1981-10-26 00:00:00-05:00,0.0
1981-10-27 00:00:00-05:00,0.0
1981-10-28 00:00:00-05:00,0.0
1981-10-29 00:00:00-05:00,0.0
1981-10-30 00:00:00-05:00,0.0
1981-11-02 00:00:00-05:00,0.0
1981-11-03 00:00:00-05:00,0.0
1981-11-04 00:00:00-05:00,0.0
1981-11-05 00:00:00-05:00,0.0
1981-11-06 00:00:00-05:00,0.0
1981-11-09 00:00:00-05:00,0.0
1981-11-10 00:00:00-05:00,0.0
1981-11-11 00:00:00-05:00,0.0
1981-11-12 00:00:00-05:00,0.0
1981-11-13 00:00:00-05:00,0.0
1981-11-16 00:00:00-05:00,0.0
1981-11-17 00:00:00-05:00,0.0
1981-11-18 00:00:00-05:00,0.0
1981-11-19 00:00:00-05:00,0.0
1981-11-20 00:00:00-05:00,0.0
1981-11-23 00:00:00-05:00,0.0
1981-11-24 00:00:00-05:00,0.0
1981-11-25 00:00:00-05:00,0.0
1981-11-27 00:00:00-05:00,0.0
1981-11-30 00:00:00-05:00,0.0
1981-12-01 00:00:00-05:00,0.0
1981-12-02 00:00:00-05:00,0.0
1981-12-03 00:00:00-05:00,0.0
1981-12-04 00:00:00-05:00,0.0
1981-12-07 00:00:00-05:00,0.0
1981-12-08 00:00:00-05:00,0.0
1981-12-09 00:00:00-05:00,0.0
1981-12-10 00:00:00-05:00,0.0
1981-12-11 00:00:00-05:00,0.0
1981-12-14 00:00:00-05:00,0.0
1981-12-15 00:00:00-05:00,0.0
1981-12-16 00:00:00-05:00,0.0
1981-12-17 00:00:00-05:00,0.0
1981-12-18 00:00:00-05:00,0.0
1981-12-21 00:00:00-05:00,0.0
1981-12-22 00:00:00-05:00,0.0
1981-12-23 00:00:00-05:00,0.0
1981-12-24 00:00:00-05:00,0.0
1981-12-28 00:00:00-05:00,0.0
1981-12-29 00:00:00-05:00,0.0
1981-12-30 00:00:00-05:00,0.0
1981-12-31 00:00:00-05:00,0.0
1982-01-04 00:00:00-05:00,0.0
1982-01-05 00:00:00-05:00,0.0
1982-01-06 00:00:00-05:00,0.0
1982-01-07 00:00:00-05:00,0.0
1982-01-08 00:00:00-05:00,0.0
1982-01-11 00:00:00-05:00,0.0
1982-01-12 00:00:00-05:00,0.0
1982-01-13 00:00:00-05:00,0.0
1982-01-14 00:00:00-05:00,0.0
1982-01-15 00:00:00-05:00,0.0
1982-01-18 00:00:00-05:00,0.0
1982-01-19 00:00:00-05:00,0.0
1982-01-20 00:00:00-05:00,0.0
1982-01-21 00:00:00-05:00,0.0
1982-01-22 00:00:00-05:00,0.0
1982-01-25 00:00:00-05:00,0.0
1982-01-26 00:00:00-05:00,0.0
1982-01-27 00:00:00-05:00,0.0
1982-01-28 00:00:00-05:00,0.0
1982-01-29 00:00:00-05:00,0.0
1982-02-01 00:00:00-05:00,0.0
1982-02-02 00:00:00-05:00,0.0
1982-02-03 00:00:00-05:00,0.0
1982-02-04 00:00:00-05:00,0.0
1982-02-05 00:00:00-05:00,0.0
1982-02-08 00:00:00-05:00,0.0
1982-02-09 00:00:00-05:00,0.0
1982-02-10 00:00:00-05:00,0.0
1982-02-11 00:00:00-05:00,0.0
1982-02-12 00:00:00-05:00,0.0
1982-02-16 00:00:00-05:00,0.0
1982-02-17 00:00:00-05:00,0.0
1982-02-18 00:00:00-05:00,0.0
1982-02-19 00:00:00-05:00,0.0
1982-02-22 00:00:00-05:00,0.0
1982-02-23 00:00:00-05:00,0.0
1982-02-24 00:00:00-05:00,0.0
1982-02-25 00:00:00-05:00,0.0
1982-02-26 00:00:00-05:00,0.0
1982-03-01 00:00:00-05:00,0.0
1982-03-02 00:00:00-05:00,0.0
1982-03-03 00:00:00-05:00,0.0
1982-03-04 00:00:00-05:00,0.0
1982-03-05 00:00:00-05:00,0.0
1982-03-08 00:00:00-05:00,0.0
1982-03-09 00:00:00-05:00,0.0
1982-03-10 00:00:00-05:00,0.0
1982-03-11 00:00:00-05:00,0.0
1982-03-12 00:00:00-05:00,0.0
1982-03-15 00:00:00-05:00,0.0
1982-03-16 00:00:00-05:00,0.0
1982-03-17 00:00:00-05:00,0.0
1982-03-18 00:00:00-05:00,0.0
1982-03-19 00:00:00-05:00,0.0
1982-03-22 00:00:00-05:00,0.0
1982-03-23 00:00:00-05:00,0.0
1982-03-24 00:00:00-05:00,0.0
1982-03-25 00:00:00-05:00,0.0
1982-03-26 00:00:00-05:00,0.0
1982-03-29 00:00:00-05:00,0.0
1982-03-30 00:00:00-05:00,0.0
1982-03-31 00:00:00-05:00,0.0
1982-04-01 00:00:00-05:00,0.0
1982-04-02 00:00:00-05:00,0.0
1982-04-05 00:00:00-05:00,0.0
1982-04-06 00:00:00-05:00,0.0
1982-04-07 00:00:00-05:00,0.0
1982-04-08 00:00:00-05:00,0.0
1982-04-12 00:00:00-05:00,0.0
1982-04-13 00:00:00-05:00,0.0
1982-04-14 00:00:00-05:00,0.0
1982-04-15 00:00:00-05:00,0.0
1982-04-16 00:00:00-05:00,0.0
1982-04-19 00:00:00-05:00,0.0
1982-04-20 00:00:00-05:00,0.0
1982-04-21 00:00:00-05:00,0.0
1982-04-22 00:00:00-05:00,0.0
1982-04-23 00:00:00-05:00,0.0
1982-04-26 00:00:00-04:00,0.0
1982-04-27 00:00:00-04:00,0.0
1982-04-28 00:00:00-04:00,0.0
1982-04-29 00:00:00-04:00,0.0
1982-04-30 00:00:00-04:00,0.0
1982-05-03 00:00:00-04:00,0.0
1982-05-04 00:00:00-04:00,0.0
1982-05-05 00:00:00-04:00,0.0
1982-05-06 00:00:00-04:00,0.0
1982-05-07 00:00:00-04:00,0.0
1982-05-10 00:00:00-04:00,0.0
1982-05-11 00:00:00-04:00,0.0
1982-05-12 00:00:00-04:00,0.0
1982-05-13 00:00:00-04:00,0.0
1982-05-14 00:00:00-04:00,0.0
1982-05-17 00:00:00-04:00,0.0
1982-05-18 00:00:00-04:00,0.0
1982-05-19 00:00:00-04:00,0.0
1982-05-20 00:00:00-04:00,0.0
1982-05-21 00:00:00-04:00,0.0
1982-05-24 00:00:00-04:00,0.0
1982-05-25 00:00:00-04:00,0.0
1982-05-26 00:00:00-04:00,0.0
1982-05-27 00:00:00-04:00,0.0
1982-05-28 00:00:00-04:00,0.0
1982-06-01 00:00:00-04:00,0.0
1982-06-02 00:00:00-04:00,0.0
1982-06-03 00:00:00-04:00,0.0
1982-06-04 00:00:00-04:00,0.0
1982-06-07 00:00:00-04:00,0.0
1982-06-08 00:00:00-04:00,0.0
1982-06-09 00:00:00-04:00,0.0
1982-06-10 00:00:00-04:00,0.0
1982-06-11 00:00:00-04:00,0.0
1982-06-14 00:00:00-04:00,0.0
1982-06-15 00:00:00-04:00,0.0
1982-06-16 00:00:00-04:00,0.0
1982-06-17 00:00:00-04:00,0.0
1982-06-18 00:00:00-04:00,0.0
1982-06-21 00:00:00-04:00,0.0
1982-06-22 00:00:00-04:00,0.0
1982-06-23 00:00:00-04:00,0.0
1982-06-24 00:00:00-04:00,0.0
1982-06-25 00:00:00-04:00,0.0
1982-06-28 00:00:00-04:00,0.0
1982-06-29 00:00:00-04:00,0.0
1982-06-30 00:00:00-04:00,0.0
1982-07-01 00:00:00-04:00,0.0
1982-07-02 00:00:00-04:00,0.0
1982-07-06 00:00:00-04:00,0.0
1982-07-07 00:00:00-04:00,0.0
1982-07-08 00:00:00-04:00,0.0
1982-07-09 00:00:00-04:00,0.0
1982-07-12 00:00:00-04:00,0.0
1982-07-13 00:00:00-04:00,0.0
1982-07-14 00:00:00-04:00,0.0
1982-07-15 00:00:00-04:00,0.0
1982-07-16 00:00:00-04:00,0.0
1982-07-19 00:00:00-04:00,0.0
1982-07-20 00:00:00-04:00,0.0
1982-07-21 00:00:00-04:00,0.0
1982-07-22 00:00:00-04:00,0.0
1982-07-23 00:00:00-04:00,0.0
1982-07-26 00:00:00-04:00,0.0
1982-07-27 00:00:00-04:00,0.0
1982-07-28 00:00:00-04:00,0.0
1982-07-29 00:00:00-04:00,0.0
1982-07-30 00:00:00-04:00,0.0
1982-08-02 00:00:00-04:00,0.0
1982-08-03 00:00:00-04:00,0.0
1982-08-04 00:00:00-04:00,0.0
1982-08-05 00:00:00-04:00,0.0
1982-08-06 00:00:00-04:00,0.0
1982-08-09 00:00:00-04:00,0.0
1982-08-10 00:00:00-04:00,0.0
1982-08-11 00:00:00-04:00,0.0
1982-08-12 00:00:00-04:00,0.0
1982-08-13 00:00:00-04:00,0.0
1982-08-16 00:00:00-04:00,0.0
1982-08-17 00:00:00-04:00,0.0
1982-08-18 00:00:00-04:00,0.0
1982-08-19 00:00:00-04:00,0.0
1982-08-20 00:00:00-04:00,0.0
1982-08-23 00:00:00-04:00,0.0
1982-08-24 00:00:00-04:00,0.0
1982-08-25 00:00:00-04:00,0.0
1982-08-26 00:00:00-04:00,0.0
1982-08-27 00:00:00-04:00,0.0
1982-08-30 00:00:00-04:00,0.0
1982-08-31 00:00:00-04:00,0.0
1982-09-01 00:00:00-04:00,0.0
1982-09-02 00:00:00-04:00,0.0
1982-09-03 00:00:00-04:00,0.0
1982-09-07 00:00:00-04:00,0.0
1982-09-08 00:00:00-04:00,0.0
1982-09-09 00:00:00-04:00,0.0
1982-09-10 00:00:00-04:00,0.0
1982-09-13 00:00:00-04:00,0.0
1982-09-14 00:00:00-04:00,0.0
1982-09-15 00:00:00-04:00,0.0
1982-09-16 00:00:00-04:00,0.0
1982-09-17 00:00:00-04:00,0.0
1982-09-20 00:00:00-04:00,0.0
1982-09-21 00:00:00-04:00,0.0
1982-09-22 00:00:00-04:00,0.0
1982-09-23 00:00:00-04:00,0.0
1982-09-24 00:00:00-04:00,0.0
1982-09-27 00:00:00-04:00,0.0
1982-09-28 00:00:00-04:00,0.0
1982-09-29 00:00:00-04:00,0.0
1982-09-30 00:00:00-04:00,0.0
1982-10-01 00:00:00-04:00,0.0
1982-10-04 00:00:00-04:00,0.0
1982-10-05 00:00:00-04:00,0.0
1982-10-06 00:00:00-04:00,0.0
1982-10-07 00:00:00-04:00,0.0
1982-10-08 00:00:00-04:00,0.0
1982-10-11 00:00:00-04:00,0.0
1982-10-12 00:00:00-04:00,0.0
1982-10-13 00:00:00-04:00,0.0
1982-10-14 00:00:00-04:00,0.0
1982-10-15 00:00:00-04:00,0.0
1982-10-18 00:00:00-04:00,0.0
1982-10-19 00:00:00-04:00,0.0
1982-10-20 00:00:00-04:00,0.0
1982-10-21 00:00:00-04:00,0.0
1982-10-22 00:00:00-04:00,0.0
1982-10-25 00:00:00-04:00,0.0
1982-10-26 00:00:00-04:00,0.0
1982-10-27 00:00:00-04:00,0.0
1982-10-28 00:00:00-04:00,0.0
1982-10-29 00:00:00-04:00,0.0
1982-11-01 00:00:00-05:00,0.0
1982-11-02 00:00:00-05:00,0.0
1982-11-03 00:00:00-05:00,0.0
1982-11-04 00:00:00-05:00,0.0
1982-11-05 00:00:00-05:00,0.0
1982-11-08 00:00:00-05:00,0.0
1982-11-09 00:00:00-05:00,0.0
1982-11-10 00:00:00-05:00,0.0
1982-11-11 00:00:00-05:00,0.0
1982-11-12 00:00:00-05:00,0.0
1982-11-15 00:00:00-05:00,0.0
1982-11-16 00:00:00-05:00,0.0
1982-11-17 00:00:00-05:00,0.0
1982-11-18 00:00:00-05:00,0.0
1982-11-19 00:00:00-05:00,0.0
1982-11-22 00:00:00-05:00,0.0
1982-11-23 00:00:00-05:00,0.0
1982-11-24 00:00:00-05:00,0.0
1982-11-26 00:00:00-05:00,0.0
1982-11-29 00:00:00-05:00,0.0
1982-11-30 00:00:00-05:00,0.0
1982-12-01 00:00:00-05:00,0.0
1982-12-02 00:00:00-05:00,0.0
1982-12-03 00:00:00-05:00,0.0
1982-12-06 00:00:00-05:00,0.0
1982-12-07 00:00:00-05:00,0.0
1982-12-08 00:00:00-05:00,0.0
1982-12-09 00:00:00-05:00,0.0
1982-12-10 00:00:00-05:00,0.0
1982-12-13 00:00:00-05:00,0.0
1982-12-14 00:00:00-05:00,0.0
1982-12-15 00:00:00-05:00,0.0
1982-12-16 00:00:00-05:00,0.0
1982-12-17 00:00:00-05:00,0.0
1982-12-20 00:00:00-05:00,0.0
1982-12-21 00:00:00-05:00,0.0
1982-12-22 00:00:00-05:00,0.0
1982-12-23 00:00:00-05:00,0.0
1982-12-27 00:00:00-05:00,0.0
1982-12-28 00:00:00-05:00,0.0
1982-12-29 00:00:00-05:00,0.0
1982-12-30 00:00:00-05:00,0.0
1982-12-31 00:00:00-05:00,0.0
1983-01-03 00:00:00-05:00,0.0
1983-01-04 00:00:00-05:00,0.0
1983-01-05 00:00:00-05:00,0.0
1983-01-06 00:00:00-05:00,0.0
1983-01-07 00:00:00-05:00,0.0
1983-01-10 00:00:00-05:00,0.0
1983-01-11 00:00:00-05:00,0.0
1983-01-12 00:00:00-05:00,0.0
1983-01-13 00:00:00-05:00,0.0
1983-01-14 00:00:00-05:00,0.0
1983-01-17 00:00:00-05:00,0.0
1983-01-18 00:00:00-05:00,0.0
1983-01-19 00:00:00-05:00,0.0
1983-01-20 00:00:00-05:00,0.0
1983-01-21 00:00:00-05:00,0.0
1983-01-24 00:00:00-05:00,0.0
1983-01-25 00:00:00-05:00,0.0
1983-01-26 00:00:00-05:00,0.0
1983-01-27 00:00:00-05:00,0.0
1983-01-28 00:00:00-05:00,0.0
1983-01-31 00:00:00-05:00,0.0
1983-02-01 00:00:00-05:00,0.0
1983-02-02 00:00:00-05:00,0.0
1983-02-03 00:00:00-05:00,0.0
1983-02-04 00:00:00-05:00,0.0
1983-02-07 00:00:00-05:00,0.0
1983-02-08 00:00:00-05:00,0.0
1983-02-09 00:00:00-05:00,0.0
1983-02-10 00:00:00-05:00,0.0
1983-02-11 00:00:00-05:00,0.0
1983-02-14 00:00:00-05:00,0.0
1983-02-15 00:00:00-05:00,0.0
1983-02-16 00:00:00-05:00,0.0
1983-02-17 00:00:00-05:00,0.0
1983-02-18 00:00:00-05:00,0.0
1983-02-22 00:00:00-05:00,0.0
1983-02-23 00:00:00-05:00,0.0
1983-02-24 00:00:00-05:00,0.0
1983-02-25 00:00:00-05:00,0.0
1983-02-28 00:00:00-05:00,0.0
1983-03-01 00:00:00-05:00,0.0
1983-03-02 00:00:00-05:00,0.0
1983-03-03 00:00:00-05:00,0.0
1983-03-04 00:00:00-05:00,0.0
1983-03-07 00:00:00-05:00,0.0
1983-03-08 00:00:00-05:00,0.0
1983-03-09 00:00:00-05:00,0.0
1983-03-10 00:00:00-05:00,0.0
1983-03-11 00:00:00-05:00,0.0
1983-03-14 00:00:00-05:00,0.0
1983-03-15 00:00:00-05:00,0.0
1983-03-16 00:00:00-05:00,0.0
1983-03-17 00:00:00-05:00,0.0
1983-03-18 00:00:00-05:00,0.0
1983-03-21 00:00:00-05:00,0.0
1983-03-22 00:00:00-05:00,0.0
1983-03-23 00:00:00-05:00,0.0
1983-03-24 00:00:00-05:00,0.0
1983-03-25 00:00:00-05:00,0.0
1983-03-28 00:00:00-05:00,0.0
1983-03-29 00:00:00-05:00,0.0
1983-03-30 00:00:00-05:00,0.0
1983-03-31 00:00:00-05:00,0.0
1983-04-04 00:00:00-05:00,0.0
1983-04-05 00:00:00-05:00,0.0
1983-04-06 00:00:00-05:00,0.0
1983-04-07 00:00:00-05:00,0.0
1983-04-08 00:00:00-05:00,0.0
1983-04-11 00:00:00-05:00,0.0
1983-04-12 00:00:00-05:00,0.0
1983-04-13 00:00:00-05:00,0.0
1983-04-14 00:00:00-05:00,0.0
1983-04-15 00:00:00-05:00,0.0
1983-04-18 00:00:00-05:00,0.0
1983-04-19 00:00:00-05:00,0.0
1983-04-20 00:00:00-05:00,0.0
1983-04-21 00:00:00-05:00,0.0
1983-04-22 00:00:00-05:00,0.0
1983-04-25 00:00:00-04:00,0.0
1983-04-26 00:00:00-04:00,0.0
1983-04-27 00:00:00-04:00,0.0
1983-04-28 00:00:00-04:00,0.0
1983-04-29 00:00:00-04:00,0.0
1983-05-02 00:00:00-04:00,0.0
1983-05-03 00:00:00-04:00,0.0
1983-05-04 00:00:00-04:00,0.0
1983-05-05 00:00:00-04:00,0.0
1983-05-06 00:00:00-04:00,0.0
1983-05-09 00:00:00-04:00,0.0
1983-05-10 00:00:00-04:00,0.0
1983-05-11 00:00:00-04:00,0.0
1983-05-12 00:00:00-04:00,0.0
1983-05-13 00:00:00-04:00,0.0
1983-05-16 00:00:00-04:00,0.0
1983-05-17 00:00:00-04:00,0.0
1983-05-18 00:00:00-04:00,0.0
1983-05-19 00:00:00-04:00,0.0
1983-05-20 00:00:00-04:00,0.0
1983-05-23 00:00:00-04:00,0.0
1983-05-24 00:00:00-04:00,0.0
1983-05-25 00:00:00-04:00,0.0
1983-05-26 00:00:00-04:00,0.0
1983-05-27 00:00:00-04:00,0.0
1983-05-31 00:00:00-04:00,0.0
1983-06-01 00:00:00-04:00,0.0
1983-06-02 00:00:00-04:00,0.0
1983-06-03 00:00:00-04:00,0.0
1983-06-06 00:00:00-04:00,0.0
1983-06-07 00:00:00-04:00,0.0
1983-06-08 00:00:00-04:00,0.0
1983-06-09 00:00:00-04:00,0.0
1983-06-10 00:00:00-04:00,0.0
1983-06-13 00:00:00-04:00,0.0
1983-06-14 00:00:00-04:00,0.0
1983-06-15 00:00:00-04:00,0.0
1983-06-16 00:00:00-04:00,0.0
1983-06-17 00:00:00-04:00,0.0
1983-06-20 00:00:00-04:00,0.0
1983-06-21 00:00:00-04:00,0.0
1983-06-22 00:00:00-04:00,0.0
1983-06-23 00:00:00-04:00,0.0
1983-06-24 00:00:00-04:00,0.0
1983-06-27 00:00:00-04:00,0.0
1983-06-28 00:00:00-04:00,0.0
1983-06-29 00:00:00-04:00,0.0
1983-06-30 00:00:00-04:00,0.0
1983-07-01 00:00:00-04:00,0.0
1983-07-05 00:00:00-04:00,0.0
1983-07-06 00:00:00-04:00,0.0
1983-07-07 00:00:00-04:00,0.0
1983-07-08 00:00:00-04:00,0.0
1983-07-11 00:00:00-04:00,0.0
1983-07-12 00:00:00-04:00,0.0
1983-07-13 00:00:00-04:00,0.0
1983-07-14 00:00:00-04:00,0.0
1983-07-15 00:00:00-04:00,0.0
1983-07-18 00:00:00-04:00,0.0
1983-07-19 00:00:00-04:00,0.0
1983-07-20 00:00:00-04:00,0.0
1983-07-21 00:00:00-04:00,0.0
1983-07-22 00:00:00-04:00,0.0
1983-07-25 00:00:00-04:00,0.0
1983-07-26 00:00:00-04:00,0.0
1983-07-27 00:00:00-04:00,0.0
1983-07-28 00:00:00-04:00,0.0
1983-07-29 00:00:00-04:00,0.0
1983-08-01 00:00:00-04:00,0.0
1983-08-02 00:00:00-04:00,0.0
1983-08-03 00:00:00-04:00,0.0
1983-08-04 00:00:00-04:00,0.0
1983-08-05 00:00:00-04:00,0.0
1983-08-08 00:00:00-04:00,0.0
1983-08-09 00:00:00-04:00,0.0
1983-08-10 00:00:00-04:00,0.0
1983-08-11 00:00:00-04:00,0.0
1983-08-12 00:00:00-04:00,0.0
1983-08-15 00:00:00-04:00,0.0
1983-08-16 00:00:00-04:00,0.0
1983-08-17 00:00:00-04:00,0.0
1983-08-18 00:00:00-04:00,0.0
1983-08-19 00:00:00-04:00,0.0
1983-08-22 00:00:00-04:00,0.0
1983-08-23 00:00:00-04:00,0.0
1983-08-24 00:00:00-04:00,0.0
1983-08-25 00:00:00-04:00,0.0
1983-08-26 00:00:00-04:00,0.0
1983-08-29 00:00:00-04:00,0.0
1983-08-30 00:00:00-04:00,0.0
1983-08-31 00:00:00-04:00,0.0
1983-09-01 00:00:00-04:00,0.0
1983-09-02 00:00:00-04:00,0.0
1983-09-06 00:00:00-04:00,0.0
1983-09-07 00:00:00-04:00,0.0
1983-09-08 00:00:00-04:00,0.0
1983-09-09 00:00:00-04:00,0.0
1983-09-12 00:00:00-04:00,0.0
1983-09-13 00:00:00-04:00,0.0
1983-09-14 00:00:00-04:00,0.0
1983-09-15 00:00:00-04:00,0.0
1983-09-16 00:00:00-04:00,0.0
1983-09-19 00:00:00-04:00,0.0
1983-09-20 00:00:00-04:00,0.0
1983-09-21 00:00:00-04:00,0.0
1983-09-22 00:00:00-04:00,0.0
1983-09-23 00:00:00-04:00,0.0
1983-09-26 00:00:00-04:00,0.0
1983-09-27 00:00:00-04:00,0.0
1983-09-28 00:00:00-04:00,0.0
1983-09-29 00:00:00-04:00,0.0
1983-09-30 00:00:00-04:00,0.0
1983-10-03 00:00:00-04:00,0.0
1983-10-04 00:00:00-04:00,0.0
1983-10-05 00:00:00-04:00,0.0
1983-10-06 00:00:00-04:00,0.0
1983-10-07 00:00:00-04:00,0.0
1983-10-10 00:00:00-04:00,0.0
1983-10-11 00:00:00-04:00,0.0
1983-10-12 00:00:00-04:00,0.0
1983-10-13 00:00:00-04:00,0.0
1983-10-14 00:00:00-04:00,0.0
1983-10-17 00:00:00-04:00,0.0
1983-10-18 00:00:00-04:00,0.0
1983-10-19 00:00:00-04:00,0.0
1983-10-20 00:00:00-04:00,0.0
1983-10-21 00:00:00-04:00,0.0
1983-10-24 00:00:00-04:00,0.0
1983-10-25 00:00:00-04:00,0.0
1983-10-26 00:00:00-04:00,0.0
1983-10-27 00:00:00-04:00,0.0
1983-10-28 00:00:00-04:00,0.0
1983-10-31 00:00:00-05:00,0.0
1983-11-01 00:00:00-05:00,0.0
1983-11-02 00:00:00-05:00,0.0
1983-11-03 00:00:00-05:00,0.0
1983-11-04 00:00:00-05:00,0.0
1983-11-07 00:00:00-05:00,0.0
1983-11-08 00:00:00-05:00,0.0
1983-11-09 00:00:00-05:00,0.0
1983-11-10 00:00:00-05:00,0.0
1983-11-11 00:00:00-05:00,0.0
1983-11-14 00:00:00-05:00,0.0
1983-11-15 00:00:00-05:00,0.0
1983-11-16 00:00:00-05:00,0.0
1983-11-17 00:00:00-05:00,0.0
1983-11-18 00:00:00-05:00,0.0
1983-11-21 00:00:00-05:00,0.0
1983-11-22 00:00:00-05:00,0.0
1983-11-23 00:00:00-05:00,0.0
1983-11-25 00:00:00-05:00,0.0
1983-11-28 00:00:00-05:00,0.0
1983-11-29 00:00:00-05:00,0.0
1983-11-30 00:00:00-05:00,0.0
1983-12-01 00:00:00-05:00,0.0
1983-12-02 00:00:00-05:00,0.0
1983-12-05 00:00:00-05:00,0.0
1983-12-06 00:00:00-05:00,0.0
1983-12-07 00:00:00-05:00,0.0
1983-12-08 00:00:00-05:00,0.0
1983-12-09 00:00:00-05:00,0.0
1983-12-12 00:00:00-05:00,0.0
1983-12-13 00:00:00-05:00,0.0
1983-12-14 00:00:00-05:00,0.0
1983-12-15 00:00:00-05:00,0.0
1983-12-16 00:00:00-05:00,0.0
1983-12-19 00:00:00-05:00,0.0
1983-12-20 00:00:00-05:00,0.0
1983-12-21 00:00:00-05:00,0.0
1983-12-22 00:00:00-05:00,0.0
1983-12-23 00:00:00-05:00,0.0
1983-12-27 00:00:00-05:00,0.0
1983-12-28 00:00:00-05:00,0.0
1983-12-29 00:00:00-05:00,0.0
1983-12-30 00:00:00-05:00,0.0
1984-01-03 00:00:00-05:00,0.0
1984-01-04 00:00:00-05:00,0.0
1984-01-05 00:00:00-05:00,0.0
1984-01-06 00:00:00-05:00,0.0
1984-01-09 00:00:00-05:00,0.0
1984-01-10 00:00:00-05:00,0.0
1984-01-11 00:00:00-05:00,0.0
1984-01-12 00:00:00-05:00,0.0
1984-01-13 00:00:00-05:00,0.0
1984-01-16 00:00:00-05:00,0.0
1984-01-17 00:00:00-05:00,0.0
1984-01-18 00:00:00-05:00,0.0
1984-01-19 00:00:00-05:00,0.0
1984-01-20 00:00:00-05:00,0.0
1984-01-23 00:00:00-05:00,0.0
1984-01-24 00:00:00-05:00,0.0
1984-01-25 00:00:00-05:00,0.0
1984-01-26 00:00:00-05:00,0.0
1984-01-27 00:00:00-05:00,0.0
1984-01-30 00:00:00-05:00,0.0
1984-01-31 00:00:00-05:00,0.0
1984-02-01 00:00:00-05:00,0.0
1984-02-02 00:00:00-05:00,0.0
1984-02-03 00:00:00-05:00,0.0
1984-02-06 00:00:00-05:00,0.0
1984-02-07 00:00:00-05:00,0.0
1984-02-08 00:00:00-05:00,0.0
1984-02-09 00:00:00-05:00,0.0
1984-02-10 00:00:00-05:00,0.0
1984-02-13 00:00:00-05:00,0.0
1984-02-14 00:00:00-05:00,0.0
1984-02-15 00:00:00-05:00,0.0
1984-02-16 00:00:00-05:00,0.0
1984-02-17 00:00:00-05:00,0.0
1984-02-21 00:00:00-05:00,0.0
1984-02-22 00:00:00-05:00,0.0
1984-02-23 00:00:00-05:00,0.0
1984-02-24 00:00:00-05:00,0.0
1984-02-27 00:00:00-05:00,0.0
1984-02-28 00:00:00-05:00,0.0
1984-02-29 00:00:00-05:00,0.0
1984-03-01 00:00:00-05:00,0.0
1984-03-02 00:00:00-05:00,0.0
1984-03-05 00:00:00-05:00,0.0
1984-03-06 00:00:00-05:00,0.0
1984-03-07 00:00:00-05:00,0.0
1984-03-08 00:00:00-05:00,0.0
1984-03-09 00:00:00-05:00,0.0
1984-03-12 00:00:00-05:00,0.0
1984-03-13 00:00:00-05:00,0.0
1984-03-14 00:00:00-05:00,0.0
1984-03-15 00:00:00-05:00,0.0
1984-03-16 00:00:00-05:00,0.0
1984-03-19 00:00:00-05:00,0.0
1984-03-20 00:00:00-05:00,0.0
1984-03-21 00:00:00-05:00,0.0
1984-03-22 00:00:00-05:00,0.0
1984-03-23 00:00:00-05:00,0.0
1984-03-26 00:00:00-05:00,0.0
1984-03-27 00:00:00-05:00,0.0
1984-03-28 00:00:00-05:00,0.0
1984-03-29 00:00:00-05:00,0.0
1984-03-30 00:00:00-05:00,0.0
1984-04-02 00:00:00-05:00,0.0
1984-04-03 00:00:00-05:00,0.0
1984-04-04 00:00:00-05:00,0.0
1984-04-05 00:00:00-05:00,0.0
1984-04-06 00:00:00-05:00,0.0
1984-04-09 00:00:00-05:00,0.0
1984-04-10 00:00:00-05:00,0.0
1984-04-11 00:00:00-05:00,0.0
1984-04-12 00:00:00-05:00,0.0
1984-04-13 00:00:00-05:00,0.0
1984-04-16 00:00:00-05:00,0.0
1984-04-17 00:00:00-05:00,0.0
1984-04-18 00:00:00-05:00,0.0
1984-04-19 00:00:00-05:00,0.0
1984-04-23 00:00:00-05:00,0.0
1984-04-24 00:00:00-05:00,0.0
1984-04-25 00:00:00-05:00,0.0
1984-04-26 00:00:00-05:00,0.0
1984-04-27 00:00:00-05:00,0.0
1984-04-30 00:00:00-04:00,0.0
1984-05-01 00:00:00-04:00,0.0
1984-05-02 00:00:00-04:00,0.0
1984-05-03 00:00:00-04:00,0.0
1984-05-04 00:00:00-04:00,0.0
1984-05-07 00:00:00-04:00,0.0
1984-05-08 00:00:00-04:00,0.0
1984-05-09 00:00:00-04:00,0.0
1984-05-10 00:00:00-04:00,0.0
1984-05-11 00:00:00-04:00,0.0
1984-05-14 00:00:00-04:00,0.0
1984-05-15 00:00:00-04:00,0.0
1984-05-16 00:00:00-04:00,0.0
1984-05-17 00:00:00-04:00,0.0
1984-05-18 00:00:00-04:00,0.0
1984-05-21 00:00:00-04:00,0.0
1984-05-22 00:00:00-04:00,0.0
1984-05-23 00:00:00-04:00,0.0
1984-05-24 00:00:00-04:00,0.0
1984-05-25 00:00:00-04:00,0.0
1984-05-29 00:00:00-04:00,0.0
1984-05-30 00:00:00-04:00,0.0
1984-05-31 00:00:00-04:00,0.0
1984-06-01 00:00:00-04:00,0.0
1984-06-04 00:00:00-04:00,0.0
1984-06-05 00:00:00-04:00,0.0
1984-06-06 00:00:00-04:00,0.0
1984-06-07 00:00:00-04:00,0.0
1984-06-08 00:00:00-04:00,0.0
1984-06-11 00:00:00-04:00,0.0
1984-06-12 00:00:00-04:00,0.0
1984-06-13 00:00:00-04:00,0.0
1984-06-14 00:00:00-04:00,0.0
1984-06-15 00:00:00-04:00,0.0
1984-06-18 00:00:00-04:00,0.0
1984-06-19 00:00:00-04:00,0.0
1984-06-20 00:00:00-04:00,0.0
1984-06-21 00:00:00-04:00,0.0
1984-06-22 00:00:00-04:00,0.0
1984-06-25 00:00:00-04:00,0.0
1984-06-26 00:00:00-04:00,0.0
1984-06-27 00:00:00-04:00,0.0
1984-06-28 00:00:00-04:00,0.0
1984-06-29 00:00:00-04:00,0.0
1984-07-02 00:00:00-04:00,0.0
1984-07-03 00:00:00-04:00,0.0
1984-07-05 00:00:00-04:00,0.0
1984-07-06 00:00:00-04:00,0.0
1984-07-09 00:00:00-04:00,0.0
1984-07-10 00:00:00-04:00,0.0
1984-07-11 00:00:00-04:00,0.0
1984-07-12 00:00:00-04:00,0.0
1984-07-13 00:00:00-04:00,0.0
1984-07-16 00:00:00-04:00,0.0
1984-07-17 00:00:00-04:00,0.0
1984-07-18 00:00:00-04:00,0.0
1984-07-19 00:00:00-04:00,0.0
1984-07-20 00:00:00-04:00,0.0
1984-07-23 00:00:00-04:00,0.0
1984-07-24 00:00:00-04:00,0.0
1984-07-25 00:00:00-04:00,0.0
1984-07-26 00:00:00-04:00,0.0
1984-07-27 00:00:00-04:00,0.0
1984-07-30 00:00:00-04:00,0.0
1984-07-31 00:00:00-04:00,0.0
1984-08-01 00:00:00-04:00,0.0
1984-08-02 00:00:00-04:00,0.0
1984-08-03 00:00:00-04:00,0.0
1984-08-06 00:00:00-04:00,0.0
1984-08-07 00:00:00-04:00,0.0
1984-08-08 00:00:00-04:00,0.0
1984-08-09 00:00:00-04:00,0.0
1984-08-10 00:00:00-04:00,0.0
1984-08-13 00:00:00-04:00,0.0
1984-08-14 00:00:00-04:00,0.0
1984-08-15 00:00:00-04:00,0.0
1984-08-16 00:00:00-04:00,0.0
1984-08-17 00:00:00-04:00,0.0
1984-08-20 00:00:00-04:00,0.0
1984-08-21 00:00:00-04:00,0.0
1984-08-22 00:00:00-04:00,0.0
1984-08-23 00:00:00-04:00,0.0
1984-08-24 00:00:00-04:00,0.0
1984-08-27 00:00:00-04:00,0.0
1984-08-28 00:00:00-04:00,0.0
1984-08-29 00:00:00-04:00,0.0
1984-08-30 00:00:00-04:00,0.0
1984-08-31 00:00:00-04:00,0.0
1984-09-04 00:00:00-04:00,0.0
1984-09-05 00:00:00-04:00,0.0
1984-09-06 00:00:00-04:00,0.0
1984-09-07 00:00:00-04:00,0.0
1984-09-10 00:00:00-04:00,0.0
1984-09-11 00:00:00-04:00,0.0
1984-09-12 00:00:00-04:00,0.0
1984-09-13 00:00:00-04:00,0.0
1984-09-14 00:00:00-04:00,0.0
1984-09-17 00:00:00-04:00,0.0
1984-09-18 00:00:00-04:00,0.0
1984-09-19 00:00:00-04:00,0.0
1984-09-20 00:00:00-04:00,0.0
1984-09-21 00:00:00-04:00,0.0
1984-09-24 00:00:00-04:00,0.0
1984-09-25 00:00:00-04:00,0.0
1984-09-26 00:00:00-04:00,0.0
1984-09-27 00:00:00-04:00,0.0
1984-09-28 00:00:00-04:00,0.0
1984-10-01 00:00:00-04:00,0.0
1984-10-02 00:00:00-04:00,0.0
1984-10-03 00:00:00-04:00,0.0
1984-10-04 00:00:00-04:00,0.0
1984-10-05 00:00:00-04:00,0.0
1984-10-08 00:00:00-04:00,0.0
1984-10-09 00:00:00-04:00,0.0
1984-10-10 00:00:00-04:00,0.0
1984-10-11 00:00:00-04:00,0.0
1984-10-12 00:00:00-04:00,0.0
1984-10-15 00:00:00-04:00,0.0
1984-10-16 00:00:00-04:00,0.0
1984-10-17 00:00:00-04:00,0.0
1984-10-18 00:00:00-04:00,0.0
1984-10-19 00:00:00-04:00,0.0
1984-10-22 00:00:00-04:00,0.0
1984-10-23 00:00:00-04:00,0.0
1984-10-24 00:00:00-04:00,0.0
1984-10-25 00:00:00-04:00,0.0
1984-10-26 00:00:00-04:00,0.0
1984-10-29 00:00:00-05:00,0.0
1984-10-30 00:00:00-05:00,0.0
1984-10-31 00:00:00-05:00,0.0
1984-11-01 00:00:00-05:00,0.0
1984-11-02 00:00:00-05:00,0.0
1984-11-05 00:00:00-05:00,0.0
1984-11-06 00:00:00-05:00,0.0
1984-11-07 00:00:00-05:00,0.0
1984-11-08 00:00:00-05:00,0.0
1984-11-09 00:00:00-05:00,0.0
1984-11-12 00:00:00-05:00,0.0
1984-11-13 00:00:00-05:00,0.0
1984-11-14 00:00:00-05:00,0.0
1984-11-15 00:00:00-05:00,0.0
1984-11-16 00:00:00-05:00,0.0
1984-11-19 00:00:00-05:00,0.0
1984-11-20 00:00:00-05:00,0.0
1984-11-21 00:00:00-05:00,0.0
1984-11-23 00:00:00-05:00,0.0
1984-11-26 00:00:00-05:00,0.0
1984-11-27 00:00:00-05:00,0.0
1984-11-28 00:00:00-05:00,0.0
1984-11-29 00:00:00-05:00,0.0
1984-11-30 00:00:00-05:00,0.0
1984-12-03 00:00:00-05:00,0.0
1984-12-04 00:00:00-05:00,0.0
1984-12-05 00:00:00-05:00,0.0
1984-12-06 00:00:00-05:00,0.0
1984-12-07 00:00:00-05:00,0.0
1984-12-10 00:00:00-05:00,0.0
1984-12-11 00:00:00-05:00,0.0
1984-12-12 00:00:00-05:00,0.0
1984-12-13 00:00:00-05:00,0.0
1984-12-14 00:00:00-05:00,0.0
1984-12-17 00:00:00-05:00,0.0
1984-12-18 00:00:00-05:00,0.0
1984-12-19 00:00:00-05:00,0.0
1984-12-20 00:00:00-05:00,0.0
1984-12-21 00:00:00-05:00,0.0
1984-12-24 00:00:00-05:00,0.0
1984-12-26 00:00:00-05:00,0.0
1984-12-27 00:00:00-05:00,0.0
1984-12-28 00:00:00-05:00,0.0
1984-12-31 00:00:00-05:00,0.0
1985-01-02 00:00:00-05:00,0.0
1985-01-03 00:00:00-05:00,0.0
1985-01-04 00:00:00-05:00,0.0
1985-01-07 00:00:00-05:00,0.0
1985-01-08 00:00:00-05:00,0.0
1985-01-09 00:00:00-05:00,0.0
1985-01-10 00:00:00-05:00,0.0
1985-01-11 00:00:00-05:00,0.0
1985-01-14 00:00:00-05:00,0.0
1985-01-15 00:00:00-05:00,0.0
1985-01-16 00:00:00-05:00,0.0
1985-01-17 00:00:00-05:00,0.0
1985-01-18 00:00:00-05:00,0.0
1985-01-21 00:00:00-05:00,0.0
1985-01-22 00:00:00-05:00,0.0
1985-01-23 00:00:00-05:00,0.0
1985-01-24 00:00:00-05:00,0.0
1985-01-25 00:00:00-05:00,0.0
1985-01-28 00:00:00-05:00,0.0
1985-01-29 00:00:00-05:00,0.0
1985-01-30 00:00:00-05:00,0.0
1985-01-31 00:00:00-05:00,0.0
1985-02-01 00:00:00-05:00,0.0
1985-02-04 00:00:00-05:00,0.0
1985-02-05 00:00:00-05:00,0.0
1985-02-06 00:00:00-05:00,0.0
1985-02-07 00:00:00-05:00,0.0
1985-02-08 00:00:00-05:00,0.0
1985-02-11 00:00:00-05:00,0.0
1985-02-12 00:00:00-05:00,0.0
1985-02-13 00:00:00-05:00,0.0
1985-02-14 00:00:00-05:00,0.0
1985-02-15 00:00:00-05:00,0.0
1985-02-19 00:00:00-05:00,0.0
1985-02-20 00:00:00-05:00,0.0
1985-02-21 00:00:00-05:00,0.0
1985-02-22 00:00:00-05:00,0.0
1985-02-25 00:00:00-05:00,0.0
1985-02-26 00:00:00-05:00,0.0
1985-02-27 00:00:00-05:00,0.0
1985-02-28 00:00:00-05:00,0.0
1985-03-01 00:00:00-05:00,0.0
1985-03-04 00:00:00-05:00,0.0
1985-03-05 00:00:00-05:00,0.0
1985-03-06 00:00:00-05:00,0.0
1985-03-07 00:00:00-05:00,0.0
1985-03-08 00:00:00-05:00,0.0
1985-03-11 00:00:00-05:00,0.0
1985-03-12 00:00:00-05:00,0.0
1985-03-13 00:00:00-05:00,0.0
1985-03-14 00:00:00-05:00,0.0
1985-03-15 00:00:00-05:00,0.0
1985-03-18 00:00:00-05:00,0.0
1985-03-19 00:00:00-05:00,0.0
1985-03-20 00:00:00-05:00,0.0
1985-03-21 00:00:00-05:00,0.0
1985-03-22 00:00:00-05:00,0.0
1985-03-25 00:00:00-05:00,0.0
1985-03-26 00:00:00-05:00,0.0
1985-03-27 00:00:00-05:00,0.0
1985-03-28 00:00:00-05:00,0.0
1985-03-29 00:00:00-05:00,0.0
1985-04-01 00:00:00-05:00,0.0
1985-04-02 00:00:00-05:00,0.0
1985-04-03 00:00:00-05:00,0.0
1985-04-04 00:00:00-05:00,0.0
1985-04-08 00:00:00-05:00,0.0
1985-04-09 00:00:00-05:00,0.0
1985-04-10 00:00:00-05:00,0.0
1985-04-11 00:00:00-05:00,0.0
1985-04-12 00:00:00-05:00,0.0
1985-04-15 00:00:00-05:00,0.0
1985-04-16 00:00:00-05:00,0.0
1985-04-17 00:00:00-05:00,0.0
1985-04-18 00:00:00-05:00,0.0
1985-04-19 00:00:00-05:00,0.0
1985-04-22 00:00:00-05:00,0.0
1985-04-23 00:00:00-05:00,0.0
1985-04-24 00:00:00-05:00,0.0
1985-04-25 00:00:00-05:00,0.0
1985-04-26 00:00:00-05:00,0.0
1985-04-29 00:00:00-04:00,0.0
1985-04-30 00:00:00-04:00,0.0
1985-05-01 00:00:00-04:00,0.0
1985-05-02 00:00:00-04:00,0.0
1985-05-03 00:00:00-04:00,0.0
1985-05-06 00:00:00-04:00,0.0
1985-05-07 00:00:00-04:00,0.0
1985-05-08 00:00:00-04:00,0.0
1985-05-09 00:00:00-04:00,0.0
1985-05-10 00:00:00-04:00,0.0
1985-05-13 00:00:00-04:00,0.0
1985-05-14 00:00:00-04:00,0.0
1985-05-15 00:00:00-04:00,0.0
1985-05-16 00:00:00-04:00,0.0
1985-05-17 00:00:00-04:00,0.0
1985-05-20 00:00:00-04:00,0.0
1985-05-21 00:00:00-04:00,0.0
1985-05-22 00:00:00-04:00,0.0
1985-05-23 00:00:00-04:00,0.0
1985-05-24 00:00:00-04:00,0.0
1985-05-28 00:00:00-04:00,0.0
1985-05-29 00:00:00-04:00,0.0
1985-05-30 00:00:00-04:00,0.0
1985-05-31 00:00:00-04:00,0.0
1985-06-03 00:00:00-04:00,0.0
1985-06-04 00:00:00-04:00,0.0
1985-06-05 00:00:00-04:00,0.0
1985-06-06 00:00:00-04:00,0.0
1985-06-07 00:00:00-04:00,0.0
1985-06-10 00:00:00-04:00,0.0
1985-06-11 00:00:00-04:00,0.0
1985-06-12 00:00:00-04:00,0.0
1985-06-13 00:00:00-04:00,0.0
1985-06-14 00:00:00-04:00,0.0
1985-06-17 00:00:00-04:00,0.0
1985-06-18 00:00:00-04:00,0.0
1985-06-19 00:00:00-04:00,0.0
1985-06-20 00:00:00-04:00,0.0
1985-06-21 00:00:00-04:00,0.0
1985-06-24 00:00:00-04:00,0.0
1985-06-25 00:00:00-04:00,0.0
1985-06-26 00:00:00-04:00,0.0
1985-06-27 00:00:00-04:00,0.0
1985-06-28 00:00:00-04:00,0.0
1985-07-01 00:00:00-04:00,1.1538156043768877
1985-07-02 00:00:00-04:00,1.1771470258221681
1985-07-03 00:00:00-04:00,1.1750255860273704
1985-07-05 00:00:00-04:00,1.1729047615999606
1985-07-08 00:00:00-04:00,1.1835100336488689
1985-07-09 00:00:00-04:00,1.1750262440870751
1985-07-10 00:00:00-04:00,1.1622993221640194
1985-07-11 00:00:00-04:00,1.145332373951014
1985-07-12 00:00:00-04:00,1.1538161039352417
1985-07-15 00:00:00-04:00,1.1538152254859577
1985-07-16 00:00:00-04:00,1.1453318635048833
1985-07-17 00:00:00-04:00,1.143210407825078
1985-07-18 00:00:00-04:00,1.1453324656980517
1985-07-19 00:00:00-04:00,1.1410895244321326
1985-07-22 00:00:00-04:00,1.1368482160478515
1985-07-23 00:00:00-04:00,1.1347272290459605
1985-07-24 00:00:00-04:00,1.1326066470720755
1985-07-25 00:00:00-04:00,1.0986700806959722
1985-07-26 00:00:00-04:00,1.0923079665178779
1985-07-29 00:00:00-04:00,1.098670205085675
1985-07-30 00:00:00-04:00,1.0901864767074585
1985-07-31 00:00:00-04:00,1.0944278929789464
1985-08-01 00:00:00-04:00,1.1135175228118896
1985-08-02 00:00:00-04:00,1.1135173712993216
1985-08-05 00:00:00-04:00,1.109275460243225
1985-08-06 00:00:00-04:00,1.1092754648234637
1985-08-07 00:00:00-04:00,1.1071546959476513
1985-08-08 00:00:00-04:00,1.102912453726671
1985-08-09 00:00:00-04:00,1.1092755630676983
1985-08-12 00:00:00-04:00,1.105033278465271
1985-08-13 00:00:00-04:00,1.105033278465271
1985-08-14 00:00:00-04:00,1.105033180596759
1985-08-15 00:00:00-04:00,1.1071544674106255
1985-08-16 00:00:00-04:00,1.1050332724531269
1985-08-19 00:00:00-04:00,1.1007913582662134
1985-08-20 00:00:00-04:00,1.1092749952487897
1985-08-21 00:00:00-04:00,1.1113957166671753
1985-08-22 00:00:00-04:00,1.1177591041330892
1985-08-23 00:00:00-04:00,1.119880199432373
1985-08-26 00:00:00-04:00,1.119880289151629
1985-08-27 00:00:00-04:00,1.1071545154295426
1985-08-28 00:00:00-04:00,1.11351690452673
1985-08-29 00:00:00-04:00,1.1113962210159085
1985-08-30 00:00:00-04:00,1.1177592277526855
1985-09-03 00:00:00-04:00,1.1177592168516588
1985-09-04 00:00:00-04:00,1.1156379990980507
1985-09-05 00:00:00-04:00,1.111396285571645
1985-09-06 00:00:00-04:00,1.105033278465271
1985-09-09 00:00:00-04:00,1.1144448075402418
1985-09-10 00:00:00-04:00,1.1165839186996835
1985-09-11 00:00:00-04:00,1.112306138168555
1985-09-12 00:00:00-04:00,1.1080282739745781
1985-09-13 00:00:00-04:00,1.1016109908739036
1985-09-16 00:00:00-04:00,1.1080281032086348
1985-09-17 00:00:00-04:00,1.1101670513133606
1985-09-18 00:00:00-04:00,1.0951936440851024
1985-09-19 00:00:00-04:00,1.090915322303772
1985-09-20 00:00:00-04:00,1.090915051809092
1985-09-23 00:00:00-04:00,1.078080654144287
1985-09-24 00:00:00-04:00,1.078080654144287
1985-09-25 00:00:00-04:00,1.0780809901188542
1985-09-26 00:00:00-04:00,1.0652470588684082
1985-09-30 00:00:00-04:00,1.0652467268934243
1985-10-01 00:00:00-04:00,1.0716647769534777
1985-10-02 00:00:00-04:00,1.0994714110017503
1985-10-03 00:00:00-04:00,1.0780813257689346
1985-10-04 00:00:00-04:00,1.0887765377443537
1985-10-07 00:00:00-04:00,1.0844983343859673
1985-10-08 00:00:00-04:00,1.073803186416626
1985-10-09 00:00:00-04:00,1.073802709754929
1985-10-10 00:00:00-04:00,1.0780811327049662
1985-10-11 00:00:00-04:00,1.0738034736541473
1985-10-14 00:00:00-04:00,1.0759418701151848
1985-10-15 00:00:00-04:00,1.0780815904286554
1985-10-16 00:00:00-04:00,1.060968783054624
1985-10-17 00:00:00-04:00,1.0738030207189817
1985-10-18 00:00:00-04:00,1.0844978529766895
1985-10-21 00:00:00-04:00,1.0780812522181646
1985-10-22 00:00:00-04:00,1.0866373322887697
1985-10-23 00:00:00-04:00,1.0930545330047607
1985-10-24 00:00:00-04:00,1.0930548185499267
1985-10-25 00:00:00-04:00,1.0866376161575317
1985-10-28 00:00:00-05:00,1.0866372827708768
1985-10-29 00:00:00-05:00,1.0909151401341106
1985-10-30 00:00:00-05:00,1.1016114463764175
1985-10-31 00:00:00-05:00,1.099471715778538
1985-11-01 00:00:00-05:00,1.1230010842165608
1985-11-04 00:00:00-05:00,1.1508089334810145
1985-11-05 00:00:00-05:00,1.1593652963638306
1985-11-06 00:00:00-05:00,1.1593649138676123
1985-11-07 00:00:00-05:00,1.155087372722198
1985-11-08 00:00:00-05:00,1.174338439373
1985-11-11 00:00:00-05:00,1.1935897254208925
1985-11-12 00:00:00-05:00,1.2320930689124867
1985-11-13 00:00:00-05:00,1.2064244262107089
1985-11-14 00:00:00-05:00,1.1593656106987296
1985-11-15 00:00:00-05:00,1.1294184937975866
1985-11-18 00:00:00-05:00,1.1315575325631284
1985-11-19 00:00:00-05:00,1.1379741735920255
1985-11-20 00:00:00-05:00,1.1508089334810145
1985-11-21 00:00:00-05:00,1.1636432910929544
1985-11-22 00:00:00-05:00,1.1721998453140259
1985-11-25 00:00:00-05:00,1.1636428586905736
1985-11-26 00:00:00-05:00,1.1593652487989188
1985-11-27 00:00:00-05:00,1.1700605623861322
1985-11-29 00:00:00-05:00,1.163643077358473
1985-12-02 00:00:00-05:00,1.1657829956752885
1985-12-03 00:00:00-05:00,1.1721993964005364
1985-12-04 00:00:00-05:00,1.189311250270017
1985-12-05 00:00:00-05:00,1.2042848377234354
1985-12-06 00:00:00-05:00,1.2021464063602836
1985-12-09 00:00:00-05:00,1.2073542242148652
1985-12-10 00:00:00-05:00,1.2138222813537844
1985-12-11 00:00:00-05:00,1.1901063919067383
1985-12-12 00:00:00-05:00,1.185794519263067
1985-12-13 00:00:00-05:00,1.172858621631271
1985-12-16 00:00:00-05:00,1.1642352913979601
1985-12-17 00:00:00-05:00,1.1663908172854827
1985-12-18 00:00:00-05:00,1.1469859727339125
1985-12-19 00:00:00-05:00,1.121115016743878
1985-12-20 00:00:00-05:00,1.112490253823869
1985-12-23 00:00:00-05:00,1.1189586240518057
1985-12-24 00:00:00-05:00,1.0952427387237549
1985-12-26 00:00:00-05:00,1.0952427391289645
1985-12-27 00:00:00-05:00,1.0995549325908187
1985-12-30 00:00:00-05:00,1.1017108694507811
1985-12-31 00:00:00-05:00,1.1124910550110214
1986-01-02 00:00:00-05:00,1.129738368595239
1986-01-03 00:00:00-05:00,1.1362069446927503
1986-01-06 00:00:00-05:00,1.1556107523224683
1986-01-07 00:00:00-05:00,1.1642351134731908
1986-01-08 00:00:00-05:00,1.1728585489158059
1986-01-09 00:00:00-05:00,1.1771703470421506
1986-01-10 00:00:00-05:00,1.1577670709502135
1986-01-13 00:00:00-05:00,1.1383634805679321
1986-01-14 00:00:00-05:00,1.1383632686924883
1986-01-15 00:00:00-05:00,1.1340514421463013
1986-01-16 00:00:00-05:00,1.134051001153668
1986-01-17 00:00:00-05:00,1.1405192929757788
1986-01-20 00:00:00-05:00,1.1469865922610467
1986-01-21 00:00:00-05:00,1.1620790108360861
1986-01-22 00:00:00-05:00,1.168546760122713
1986-01-23 00:00:00-05:00,1.1599232811072362
1986-01-24 00:00:00-05:00,1.1383628830136656
1986-01-27 00:00:00-05:00,1.1642346842676676
1986-01-28 00:00:00-05:00,1.1556110644549225
1986-01-29 00:00:00-05:00,1.1512987370095005
1986-01-30 00:00:00-05:00,1.1599229081989815
1986-01-31 00:00:00-05:00,1.172858466686351
1986-02-03 00:00:00-05:00,1.1879509919397628
1986-02-04 00:00:00-05:00,1.1836385140042818
1986-02-05 00:00:00-05:00,1.1857945092008537
1986-02-06 00:00:00-05:00,1.1879508133937564
1986-02-07 00:00:00-05:00,1.1857945923372581
1986-02-10 00:00:00-05:00,1.1814826015491087
1986-02-11 00:00:00-05:00,1.1987305873587133
1986-02-12 00:00:00-05:00,1.2051979894003886
1986-02-13 00:00:00-05:00,1.2116671532220094
1986-02-14 00:00:00-05:00,1.2246029080539396
1986-02-18 00:00:00-05:00,1.23753875223315
1986-02-19 00:00:00-05:00,1.2720343588285175
1986-02-20 00:00:00-05:00,1.3022183768281044
1986-02-21 00:00:00-05:00,1.4013941762959041
1986-02-24 00:00:00-05:00,1.4833216837231002
1986-02-25 00:00:00-05:00,1.509193557945457
1986-02-26 00:00:00-05:00,1.489788950631653
1986-02-27 00:00:00-05:00,1.4941014125198124
1986-02-28 00:00:00-05:00,1.5307535083947545
1986-03-03 00:00:00-05:00,1.5230383218412082
1986-03-04 00:00:00-05:00,1.5143596461493536
1986-03-05 00:00:00-05:00,1.507850835971728
1986-03-06 00:00:00-05:00,1.5100208482896547
1986-03-07 00:00:00-05:00,1.5143595965165229
1986-03-10 00:00:00-05:00,1.5100203804503411
1986-03-11 00:00:00-05:00,1.501342170852111
1986-03-12 00:00:00-05:00,1.5100208482896547
1986-03-13 00:00:00-05:00,1.5165298626664407
1986-03-14 00:00:00-05:00,1.5230379889111778
1986-03-17 00:00:00-05:00,1.5273770616981506
1986-03-18 00:00:00-05:00,1.5273772645096082
1986-03-19 00:00:00-05:00,1.536055326461792
1986-03-20 00:00:00-05:00,1.536055319129582
1986-03-21 00:00:00-05:00,1.5447336228765414
1986-03-24 00:00:00-05:00,1.5403946840731155
1986-03-25 00:00:00-05:00,1.5447335736747816
1986-03-26 00:00:00-05:00,1.5425642101901587
1986-03-27 00:00:00-05:00,1.5620900303816563
1986-03-31 00:00:00-05:00,1.5707688935195263
1986-04-01 00:00:00-05:00,1.5881251096725464
1986-04-02 00:00:00-05:00,1.5837858975435182
1986-04-03 00:00:00-05:00,1.5751077671733782
1986-04-04 00:00:00-05:00,1.5794468228664202
1986-04-07 00:00:00-05:00,1.627177092918185
1986-04-08 00:00:00-05:00,1.596802951769882
1986-04-09 00:00:00-05:00,1.6445332504467418
1986-04-10 00:00:00-05:00,1.6488733368940234
1986-04-11 00:00:00-05:00,1.6662293699624549
1986-04-14 00:00:00-05:00,1.6618906057342953
1986-04-15 00:00:00-05:00,1.6575505774258639
1986-04-16 00:00:00-05:00,1.6510420726401767
1986-04-17 00:00:00-05:00,1.6618903875350952
1986-04-18 00:00:00-05:00,1.6618908604312919
1986-04-21 00:00:00-05:00,1.6662298517450433
1986-04-22 00:00:00-05:00,1.6835867215471079
1986-04-23 00:00:00-05:00,1.6792477369308472
1986-04-24 00:00:00-05:00,1.6770771123063604
1986-04-25 00:00:00-05:00,1.6618903875350952
1986-04-28 00:00:00-04:00,1.709620518950518
1986-04-29 00:00:00-04:00,1.7269782515000471
1986-04-30 00:00:00-04:00,1.7291480012606804
1986-05-01 00:00:00-04:00,1.7139599816478999
1986-05-02 00:00:00-04:00,1.7117903795449612
1986-05-05 00:00:00-04:00,1.700942701577475
1986-05-06 00:00:00-04:00,1.7074515858083676
1986-05-07 00:00:00-04:00,1.696603987599346
1986-05-08 00:00:00-04:00,1.6749081797632848
1986-05-09 00:00:00-04:00,1.6792473098465148
1986-05-12 00:00:00-04:00,1.6792477369308472
1986-05-13 00:00:00-04:00,1.6792473098465148
1986-05-14 00:00:00-04:00,1.6770775318145752
1986-05-15 00:00:00-04:00,1.6770768146227233
1986-05-16 00:00:00-04:00,1.6814165924161366
1986-05-19 00:00:00-04:00,1.6966038405965833
1986-05-20 00:00:00-04:00,1.703113137381254
1986-05-21 00:00:00-04:00,1.7139599816478999
1986-05-22 00:00:00-04:00,1.7117899144825923
1986-05-23 00:00:00-04:00,1.7182989642963438
1986-05-27 00:00:00-04:00,1.7117905338398074
1986-05-28 00:00:00-04:00,1.71613029944526
1986-05-29 00:00:00-04:00,1.692264817082799
1986-05-30 00:00:00-04:00,1.6705692599848976
1986-06-02 00:00:00-04:00,1.7248080926574552
1986-06-03 00:00:00-04:00,1.703113137381254
1986-06-04 00:00:00-04:00,1.7139599416915745
1986-06-05 00:00:00-04:00,1.7356560592874635
1986-06-06 00:00:00-04:00,1.746504585807312
1986-06-09 00:00:00-04:00,1.7898942802475093
1986-06-10 00:00:00-04:00,1.7681992617019653
1986-06-11 00:00:00-04:00,1.7573508693295616
1986-06-12 00:00:00-04:00,1.7682000839454082
1986-06-13 00:00:00-04:00,1.789894858589716
1986-06-16 00:00:00-04:00,1.8007430730100389
1986-06-17 00:00:00-04:00,1.7790470057266234
1986-06-18 00:00:00-04:00,1.7573522001356925
1986-06-19 00:00:00-04:00,1.7248085737228394
1986-06-20 00:00:00-04:00,1.7248083126918288
1986-06-23 00:00:00-04:00,1.7465041875839233
1986-06-24 00:00:00-04:00,1.746503551323496
1986-06-25 00:00:00-04:00,1.7356560592874635
1986-06-26 00:00:00-04:00,1.746504451898369
1986-06-27 00:00:00-04:00,1.7139605002915113
1986-06-30 00:00:00-04:00,1.6705692599848976
1986-07-01 00:00:00-04:00,1.7248073711773033
1986-07-02 00:00:00-04:00,1.6271767508578099
1986-07-03 00:00:00-04:00,1.6488726139068604
1986-07-07 00:00:00-04:00,1.6488729358425147
1986-07-08 00:00:00-04:00,1.5620903397235824
1986-07-09 00:00:00-04:00,1.5729373090562648
1986-07-10 00:00:00-04:00,1.5837855973106343
1986-07-11 00:00:00-04:00,1.6705688818752291
1986-07-14 00:00:00-04:00,1.6597211360931396
1986-07-15 00:00:00-04:00,1.6597203545810773
1986-07-16 00:00:00-04:00,1.6488727872092506
1986-07-17 00:00:00-04:00,1.6488733903110502
1986-07-18 00:00:00-04:00,1.6597203545810773
1986-07-21 00:00:00-04:00,1.6488726139068604
1986-07-22 00:00:00-04:00,1.6488727872092506
1986-07-23 00:00:00-04:00,1.6488732288136378
1986-07-24 00:00:00-04:00,1.6271769218798877
1986-07-25 00:00:00-04:00,1.6380250453948975
1986-07-28 00:00:00-04:00,1.6163291196011524
1986-07-29 00:00:00-04:00,1.5729379346463728
1986-07-30 00:00:00-04:00,1.5403944582436742
1986-07-31 00:00:00-04:00,1.5620901908017686
1986-08-01 00:00:00-04:00,1.5403944582436742
1986-08-04 00:00:00-04:00,1.5403944582436742
1986-08-05 00:00:00-04:00,1.5620903397235824
1986-08-06 00:00:00-04:00,1.5620901908017686
1986-08-07 00:00:00-04:00,1.5512423515319824
1986-08-08 00:00:00-04:00,1.5620901268273013
1986-08-11 00:00:00-04:00,1.5403947545408443
1986-08-12 00:00:00-04:00,1.572938084602356
1986-08-13 00:00:00-04:00,1.5620900392532349
1986-08-14 00:00:00-04:00,1.5620903397235824
1986-08-15 00:00:00-04:00,1.572938084602356
1986-08-18 00:00:00-04:00,1.5620903397235824
1986-08-19 00:00:00-04:00,1.572937782045429
1986-08-20 00:00:00-04:00,1.551242186338784
1986-08-21 00:00:00-04:00,1.583785906538314
1986-08-22 00:00:00-04:00,1.5620900392532349
1986-08-25 00:00:00-04:00,1.5620900392532349
1986-08-26 00:00:00-04:00,1.5620903397235824
1986-08-27 00:00:00-04:00,1.572937782045429
1986-08-28 00:00:00-04:00,1.5620900392532349
1986-08-29 00:00:00-04:00,1.5620903397235824
1986-09-02 00:00:00-04:00,1.5512422880017818
1986-09-03 00:00:00-04:00,1.5512423515319824
1986-09-04 00:00:00-04:00,1.551242186338784
1986-09-05 00:00:00-04:00,1.583785906538314
1986-09-08 00:00:00-04:00,1.583785906538314
1986-09-09 00:00:00-04:00,1.5837862111818939
1986-09-10 00:00:00-04:00,1.5946341753005981
1986-09-11 00:00:00-04:00,1.5729379792884342
1986-09-12 00:00:00-04:00,1.518698270251709
1986-09-15 00:00:00-04:00,1.464459462322577
1986-09-16 00:00:00-04:00,1.4102202653884888
1986-09-17 00:00:00-04:00,1.3885245941826878
1986-09-18 00:00:00-04:00,1.4536112546920776
1986-09-19 00:00:00-04:00,1.4536119157285021
1986-09-22 00:00:00-04:00,1.4753072724510063
1986-09-23 00:00:00-04:00,1.5078509418224604
1986-09-24 00:00:00-04:00,1.497003197669983
1986-09-25 00:00:00-04:00,1.4861556256123098
1986-09-26 00:00:00-04:00,1.4753075020227233
1986-09-29 00:00:00-04:00,1.4861549533221985
1986-09-30 00:00:00-04:00,1.4427641668518039
1986-10-01 00:00:00-04:00,1.4644592690168163
1986-10-02 00:00:00-04:00,1.4644589951935303
1986-10-03 00:00:00-04:00,1.4753068311201354
1986-10-06 00:00:00-04:00,1.4644589951935303
1986-10-07 00:00:00-04:00,1.4753071069717407
1986-10-08 00:00:00-04:00,1.4536115264870626
1986-10-09 00:00:00-04:00,1.4536112546920776
1986-10-10 00:00:00-04:00,1.4536112546920776
1986-10-13 00:00:00-04:00,1.464459346990137
1986-10-14 00:00:00-04:00,1.4319161810114964
1986-10-15 00:00:00-04:00,1.4427637839573089
1986-10-16 00:00:00-04:00,1.4753071069717407
1986-10-17 00:00:00-04:00,1.4753068311201354
1986-10-20 00:00:00-04:00,1.4536112546920776
1986-10-21 00:00:00-04:00,1.4536116681858915
1986-10-22 00:00:00-04:00,1.4427639245986938
1986-10-23 00:00:00-04:00,1.4427637839573089
1986-10-24 00:00:00-04:00,1.4536120588128822
1986-10-27 00:00:00-05:00,1.5403949850833059
1986-10-28 00:00:00-05:00,1.5403945446014404
1986-10-29 00:00:00-05:00,1.551242186338784
1986-10-30 00:00:00-05:00,1.5946336010116642
1986-10-31 00:00:00-05:00,1.6380248732326435
1986-11-03 00:00:00-05:00,1.6597203154430764
1986-11-04 00:00:00-05:00,1.6814157962799072
1986-11-05 00:00:00-05:00,1.6922651979104728
1986-11-06 00:00:00-05:00,1.7139605660961938
1986-11-07 00:00:00-05:00,1.7465031293070115
1986-11-10 00:00:00-05:00,1.768198609352112
1986-11-11 00:00:00-05:00,1.7681991806841157
1986-11-12 00:00:00-05:00,1.800742766546605
1986-11-13 00:00:00-05:00,1.7139608254855156
1986-11-14 00:00:00-05:00,1.7139605660961938
1986-11-17 00:00:00-05:00,1.7356550075838675
1986-11-18 00:00:00-05:00,1.7898942802475093
1986-11-19 00:00:00-05:00,1.7465041875839233
1986-11-20 00:00:00-05:00,1.7465040995328227
1986-11-21 00:00:00-05:00,1.789894902991048
1986-11-24 00:00:00-05:00,1.8875257348104304
1986-11-25 00:00:00-05:00,1.898374025662314
1986-11-26 00:00:00-05:00,1.941763814978091
1986-11-28 00:00:00-05:00,1.9960039854049683
1986-12-01 00:00:00-05:00,1.996003083129516
1986-12-02 00:00:00-05:00,1.9634604511608693
1986-12-03 00:00:00-05:00,2.0393955340510317
1986-12-04 00:00:00-05:00,1.996003083129516
1986-12-05 00:00:00-05:00,1.9743084973574871
1986-12-08 00:00:00-05:00,2.0068512012810653
1986-12-09 00:00:00-05:00,2.0393963003691393
1986-12-10 00:00:00-05:00,2.0285484370778946
1986-12-11 00:00:00-05:00,2.104483630861284
1986-12-12 00:00:00-05:00,2.0610920789369254
1986-12-15 00:00:00-05:00,2.039396202081942
1986-12-16 00:00:00-05:00,2.0502427302546624
1986-12-17 00:00:00-05:00,2.0393946094484123
1986-12-18 00:00:00-05:00,2.0610907740004305
1986-12-19 00:00:00-05:00,2.061092245636557
1986-12-22 00:00:00-05:00,2.1695706844329834
1986-12-23 00:00:00-05:00,2.18041635552002
1986-12-24 00:00:00-05:00,2.19126578940615
1986-12-26 00:00:00-05:00,2.2780489921569824
1986-12-29 00:00:00-05:00,2.2671992147262046
1986-12-30 00:00:00-05:00,2.2671992147262046
1986-12-31 00:00:00-05:00,2.2346556186676025
1987-01-02 00:00:00-05:00,2.299743413925171
1987-01-05 00:00:00-05:00,2.2780475803366778
1987-01-06 00:00:00-05:00,2.343135892649124
1987-01-07 00:00:00-05:00,2.3105924736196592
1987-01-08 00:00:00-05:00,2.3214403984611662
1987-01-09 00:00:00-05:00,2.2997444859999203
1987-01-12 00:00:00-05:00,2.2563518739159383
1987-01-13 00:00:00-05:00,2.299743413925171
1987-01-14 00:00:00-05:00,2.278048196359222
1987-01-15 00:00:00-05:00,2.1912646903741235
1987-01-16 00:00:00-05:00,2.2780489066219207
1987-01-19 00:00:00-05:00,2.2129614974868006
1987-01-20 00:00:00-05:00,2.2455044267642577
1987-01-21 00:00:00-05:00,2.191266191448233
1987-01-22 00:00:00-05:00,2.0827857581944773
1987-01-23 00:00:00-05:00,2.2997443456593545
1987-01-26 00:00:00-05:00,2.3214403615436945
1987-01-27 00:00:00-05:00,2.2780475803366778
1987-01-28 00:00:00-05:00,2.3431354189327496
1987-01-29 00:00:00-05:00,2.603483767412878
1987-01-30 00:00:00-05:00,2.6143317031216466
1987-02-02 00:00:00-05:00,2.6143322041578023
1987-02-03 00:00:00-05:00,2.84213718004728
1987-02-04 00:00:00-05:00,2.7770486061487687
1987-02-05 00:00:00-05:00,2.8421359909547235
1987-02-06 00:00:00-05:00,2.711961886307248
1987-02-09 00:00:00-05:00,2.614330951262493
1987-02-10 00:00:00-05:00,2.668571447837184
1987-02-11 00:00:00-05:00,2.7119617462158203
1987-02-12 00:00:00-05:00,2.733658582145669
1987-02-13 00:00:00-05:00,2.7445056716649177
1987-02-17 00:00:00-05:00,2.8529843225219302
1987-02-18 00:00:00-05:00,2.8312886564393445
1987-02-19 00:00:00-05:00,2.798743918181301
1987-02-20 00:00:00-05:00,2.874678840999102
1987-02-23 00:00:00-05:00,2.8204410937357305
1987-02-24 00:00:00-05:00,2.755354044423479
1987-02-25 00:00:00-05:00,2.711963010207652
1987-02-26 00:00:00-05:00,2.668570933765362
1987-02-27 00:00:00-05:00,2.6577231884002686
1987-03-02 00:00:00-05:00,2.6577231884002686
1987-03-03 00:00:00-05:00,2.6794181650958175
1987-03-04 00:00:00-05:00,2.6902659068344867
1987-03-05 00:00:00-05:00,2.6902669951112284
1987-03-06 00:00:00-05:00,2.7228104541990663
1987-03-09 00:00:00-05:00,2.7770488262176514
1987-03-10 00:00:00-05:00,2.777050316722313
1987-03-11 00:00:00-05:00,2.787897737164366
1987-03-12 00:00:00-05:00,2.7553539276123047
1987-03-13 00:00:00-05:00,2.7553530975120086
1987-03-16 00:00:00-05:00,2.668571447837184
1987-03-17 00:00:00-05:00,2.668571447837184
1987-03-18 00:00:00-05:00,2.711963010207652
1987-03-19 00:00:00-05:00,2.7011147424118147
1987-03-20 00:00:00-05:00,2.668570204069294
1987-03-23 00:00:00-05:00,2.7011135840361398
1987-03-24 00:00:00-05:00,2.7662005125515754
1987-03-25 00:00:00-05:00,2.7445062982966397
1987-03-26 00:00:00-05:00,2.733658271278391
1987-03-27 00:00:00-05:00,2.70111414334801
1987-03-30 00:00:00-05:00,2.5166993141174316
1987-03-31 00:00:00-05:00,2.5167007668081496
1987-04-01 00:00:00-05:00,2.581788239234137
1987-04-02 00:00:00-05:00,2.581786938654746
1987-04-03 00:00:00-05:00,2.570940569292283
1987-04-06 00:00:00-04:00,2.7011149624464332
1987-04-07 00:00:00-04:00,2.6794193590080004
1987-04-08 00:00:00-04:00,2.6251801760943034
1987-04-09 00:00:00-04:00,2.5492453007643054
1987-04-10 00:00:00-04:00,2.462461230935549
1987-04-13 00:00:00-04:00,2.408221611196843
1987-04-14 00:00:00-04:00,2.2129619732692722
1987-04-15 00:00:00-04:00,2.3648313345879237
1987-04-16 00:00:00-04:00,2.429917812347412
1987-04-20 00:00:00-04:00,2.408223031501885
1987-04-21 00:00:00-04:00,2.4516143176697147
1987-04-22 00:00:00-04:00,2.6034833116127767
1987-04-23 00:00:00-04:00,2.6251801661539074
1987-04-24 00:00:00-04:00,2.6468747192715383
1987-04-27 00:00:00-04:00,2.777049976999528
1987-04-28 00:00:00-04:00,2.8638320791746144
1987-04-29 00:00:00-04:00,2.842136400400979
1987-04-30 00:00:00-04:00,2.8312890867519473
1987-05-01 00:00:00-04:00,2.9289179903870606
1987-05-04 00:00:00-04:00,2.9397669479011226
1987-05-05 00:00:00-04:00,2.9614612728170693
1987-05-06 00:00:00-04:00,3.069940493654372
1987-05-07 00:00:00-04:00,3.12418053715314
1987-05-08 00:00:00-04:00,3.145876654402829
1987-05-11 00:00:00-04:00,3.210963582517555
1987-05-12 00:00:00-04:00,3.156724473371602
1987-05-13 00:00:00-04:00,3.1567233818099982
1987-05-14 00:00:00-04:00,3.135028281537842
1987-05-15 00:00:00-04:00,3.167571742004288
1987-05-18 00:00:00-04:00,3.0157021977838534
1987-05-19 00:00:00-04:00,2.9506156064159477
1987-05-20 00:00:00-04:00,2.7770492779055935
1987-05-21 00:00:00-04:00,2.9723109587010117
1987-05-22 00:00:00-04:00,2.994006313505702
1987-05-26 00:00:00-04:00,3.037397563617881
1987-05-27 00:00:00-04:00,3.080789300696403
1987-05-28 00:00:00-04:00,3.124180381603537
1987-05-29 00:00:00-04:00,3.145875945791549
1987-06-01 00:00:00-04:00,3.1458762225433867
1987-06-02 00:00:00-04:00,3.015701801217661
1987-06-03 00:00:00-04:00,3.0373976722341878
1987-06-04 00:00:00-04:00,3.167572320994692
1987-06-05 00:00:00-04:00,3.156724256665196
1987-06-08 00:00:00-04:00,3.1024841005690225
1987-06-09 00:00:00-04:00,3.0916369592193607
1987-06-10 00:00:00-04:00,3.20011581956929
1987-06-11 00:00:00-04:00,3.2109619447889513
1987-06-12 00:00:00-04:00,3.3411370111863086
1987-06-15 00:00:00-04:00,3.4387674460362585
1987-06-16 00:00:00-04:00,3.384527310890833
1987-06-17 00:00:00-04:00,3.341138680108782
1987-06-18 00:00:00-04:00,3.3953779964463853
1987-06-19 00:00:00-04:00,3.4062263177549874
1987-06-22 00:00:00-04:00,3.373680462138445
1987-06-23 00:00:00-04:00,3.330290208818767
1987-06-24 00:00:00-04:00,3.3194407091621545
1987-06-25 00:00:00-04:00,3.308593639560636
1987-06-26 00:00:00-04:00,3.2435062539559927
1987-06-29 00:00:00-04:00,3.178418865285996
1987-06-30 00:00:00-04:00,3.1458761737495884
1987-07-01 00:00:00-04:00,2.950615467232826
1987-07-02 00:00:00-04:00,2.983157895405183
1987-07-06 00:00:00-04:00,3.1024844020717364
1987-07-07 00:00:00-04:00,3.145876407623291
1987-07-08 00:00:00-04:00,3.145875570858685
1987-07-09 00:00:00-04:00,3.2435055701910946
1987-07-10 00:00:00-04:00,3.2977469013307488
1987-07-13 00:00:00-04:00,3.3411377637504582
1987-07-14 00:00:00-04:00,3.3194422721862793
1987-07-15 00:00:00-04:00,3.2977460869108275
1987-07-16 00:00:00-04:00,3.2652021719324913
1987-07-17 00:00:00-04:00,3.221810088842661
1987-07-20 00:00:00-04:00,3.2326572977555306
1987-07-21 00:00:00-04:00,3.2326600066318036
1987-07-22 00:00:00-04:00,3.4713121347683265
1987-07-23 00:00:00-04:00,3.482160132825651
1987-07-24 00:00:00-04:00,3.4604652087146204
1987-07-27 00:00:00-04:00,3.406226274762508
1987-07-28 00:00:00-04:00,3.42792031975588
1987-07-29 00:00:00-04:00,3.536396988018008
1987-07-30 00:00:00-04:00,3.7967492223177706
1987-07-31 00:00:00-04:00,3.926921668936273
1987-08-03 00:00:00-04:00,4.057094573974609
1987-08-04 00:00:00-04:00,4.057093959939734
1987-08-05 00:00:00-04:00,3.926919589822272
1987-08-06 00:00:00-04:00,3.970312484836896
1987-08-07 00:00:00-04:00,3.970313042980873
1987-08-10 00:00:00-04:00,4.067942796732691
1987-08-11 00:00:00-04:00,4.295747756958008
1987-08-12 00:00:00-04:00,4.360836865774807
1987-08-13 00:00:00-04:00,4.360834726138358
1987-08-14 00:00:00-04:00,4.38253052870645
1987-08-17 00:00:00-04:00,4.382532362683647
1987-08-18 00:00:00-04:00,4.295747053182905
1987-08-19 00:00:00-04:00,4.252356560906809
1987-08-20 00:00:00-04:00,4.252355712027463
1987-08-21 00:00:00-04:00,4.219813215359993
1987-08-24 00:00:00-04:00,4.252356560906809
1987-08-25 00:00:00-04:00,4.230660931895474
1987-08-26 00:00:00-04:00,4.241507780135414
1987-08-27 00:00:00-04:00,4.1981169422334625
1987-08-28 00:00:00-04:00,4.0353998498930865
1987-08-31 00:00:00-04:00,3.926921878316262
1987-09-01 00:00:00-04:00,3.970313031316892
1987-09-02 00:00:00-04:00,3.742507760923119
1987-09-03 00:00:00-04:00,3.9703122534395874
1987-09-04 00:00:00-04:00,4.067943316135401
1987-09-08 00:00:00-04:00,4.035401092603261
1987-09-09 00:00:00-04:00,4.04624903119325
1987-09-10 00:00:00-04:00,4.1655719155595134
1987-09-11 00:00:00-04:00,4.14388063021393
1987-09-14 00:00:00-04:00,4.2198126030570915
1987-09-15 00:00:00-04:00,4.295747756958008
1987-09-16 00:00:00-04:00,4.295748553800746
1987-09-17 00:00:00-04:00,4.382530383955105
1987-09-18 00:00:00-04:00,4.556095142756574
1987-09-21 00:00:00-04:00,4.501857465041347
1987-09-22 00:00:00-04:00,4.39337789693275
1987-09-23 00:00:00-04:00,4.523552558709374
1987-09-24 00:00:00-04:00,4.4476181372981385
1987-09-25 00:00:00-04:00,4.425922302784329
1987-09-28 00:00:00-04:00,4.447619369996766
1987-09-29 00:00:00-04:00,4.58864023768459
1987-09-30 00:00:00-04:00,4.577792006642444
1987-10-01 00:00:00-04:00,4.859836175182904
1987-10-02 00:00:00-04:00,5.000857582014599
1987-10-05 00:00:00-04:00,5.087640424197394
1987-10-06 00:00:00-04:00,4.968315924395448
1987-10-07 00:00:00-04:00,4.816444912983261
1987-10-08 00:00:00-04:00,4.707966769059749
1987-10-09 00:00:00-04:00,4.556096680031445
1987-10-12 00:00:00-04:00,4.58863817237404
1987-10-13 00:00:00-04:00,4.545250046542078
1987-10-14 00:00:00-04:00,4.4910079193764005
1987-10-15 00:00:00-04:00,4.230660229943997
1987-10-16 00:00:00-04:00,4.165572512166633
1987-10-19 00:00:00-04:00,3.7858996280977224
1987-10-20 00:00:00-04:00,3.1567237139949302
1987-10-21 00:00:00-04:00,3.113332302941027
1987-10-22 00:00:00-04:00,3.2543551160349615
1987-10-23 00:00:00-04:00,3.145876254292329
1987-10-26 00:00:00-05:00,2.950615574061041
1987-10-27 00:00:00-05:00,2.8963756095686213
1987-10-28 00:00:00-05:00,2.733658360207877
1987-10-29 00:00:00-05:00,2.7336584416362038
1987-10-30 00:00:00-05:00,3.1241800785064697
1987-11-02 00:00:00-05:00,3.0373976722341878
1987-11-03 00:00:00-05:00,3.1675718963926944
1987-11-04 00:00:00-05:00,3.037397268440375
1987-11-05 00:00:00-05:00,3.080789089202881
1987-11-06 00:00:00-05:00,3.0157014300926517
1987-11-09 00:00:00-05:00,2.9180716451390922
1987-11-10 00:00:00-05:00,2.89637616601117
1987-11-11 00:00:00-05:00,3.0157014300926517
1987-11-12 00:00:00-05:00,2.97231125831604
1987-11-13 00:00:00-05:00,3.0916375275718653
1987-11-16 00:00:00-05:00,3.276049019277607
1987-11-17 00:00:00-05:00,3.221811297682406
1987-11-18 00:00:00-05:00,3.1024851009090337
1987-11-19 00:00:00-05:00,3.2001158081937158
1987-11-20 00:00:00-05:00,2.994006313505702
1987-11-23 00:00:00-05:00,3.0590933183195634
1987-11-24 00:00:00-05:00,3.0807873519696707
1987-11-25 00:00:00-05:00,3.1133329070541396
1987-11-27 00:00:00-05:00,3.2543545188155623
1987-11-30 00:00:00-05:00,3.080788866910967
1987-12-01 00:00:00-05:00,2.863831165677735
1987-12-02 00:00:00-05:00,2.8855283337036077
1987-12-03 00:00:00-05:00,2.918071795127357
1987-12-04 00:00:00-05:00,2.7770504491885677
1987-12-07 00:00:00-05:00,2.6685710080246627
1987-12-08 00:00:00-05:00,2.7662018208830403
1987-12-09 00:00:00-05:00,2.874678840999102
1987-12-10 00:00:00-05:00,2.8204407639348164
1987-12-11 00:00:00-05:00,2.6251801661539074
1987-12-14 00:00:00-05:00,2.679419140643921
1987-12-15 00:00:00-05:00,2.950615764660905
1987-12-16 00:00:00-05:00,3.0048540573616815
1987-12-17 00:00:00-05:00,3.1024844270463046
1987-12-18 00:00:00-05:00,3.080788235392371
1987-12-21 00:00:00-05:00,3.0807882956454478
1987-12-22 00:00:00-05:00,3.069940493654372
1987-12-23 00:00:00-05:00,3.1133334973470634
1987-12-24 00:00:00-05:00,3.102484960392331
1987-12-28 00:00:00-05:00,3.0590939122271577
1987-12-29 00:00:00-05:00,2.994006236851233
1987-12-30 00:00:00-05:00,3.004853980429482
1987-12-31 00:00:00-05:00,2.961463124115205
1988-01-04 00:00:00-05:00,2.95061488083752
1988-01-05 00:00:00-05:00,3.037398420522085
1988-01-06 00:00:00-05:00,3.015701801217661
1988-01-07 00:00:00-05:00,2.9940048703997704
1988-01-08 00:00:00-05:00,3.0807893702939255
1988-01-11 00:00:00-05:00,2.939766059815875
1988-01-12 00:00:00-05:00,2.8638326821975926
1988-01-13 00:00:00-05:00,2.777048723278876
1988-01-14 00:00:00-05:00,2.73365718787584
1988-01-15 00:00:00-05:00,2.7878974729869346
1988-01-18 00:00:00-05:00,2.8312888145446777
1988-01-19 00:00:00-05:00,2.8312892215633787
1988-01-20 00:00:00-05:00,2.6902665870126516
1988-01-21 00:00:00-05:00,2.5167003255325575
1988-01-22 00:00:00-05:00,2.4299168358085663
1988-01-25 00:00:00-05:00,2.5383965010793514
1988-01-26 00:00:00-05:00,2.4516133268316618
1988-01-27 00:00:00-05:00,2.299743715756727
1988-01-28 00:00:00-05:00,2.234657431919852
1988-01-29 00:00:00-05:00,2.2780489921569824
1988-02-01 00:00:00-05:00,2.256352170052539
1988-02-02 00:00:00-05:00,2.1912646903741235
1988-02-03 00:00:00-05:00,2.234657440372629
1988-02-04 00:00:00-05:00,2.180418042891987
1988-02-05 00:00:00-05:00,2.2455047317720043
1988-02-08 00:00:00-05:00,2.2238090206121996
1988-02-09 00:00:00-05:00,2.212960142428886
1988-02-10 00:00:00-05:00,2.2563517093658447
1988-02-11 00:00:00-05:00,2.2672009692573467
1988-02-12 00:00:00-05:00,2.245504132051377
1988-02-16 00:00:00-05:00,2.2780479301960486
1988-02-17 00:00:00-05:00,2.2888970625342755
1988-02-18 00:00:00-05:00,2.12617826461792
1988-02-19 00:00:00-05:00,2.147872759461418
1988-02-22 00:00:00-05:00,2.2563522798325026
1988-02-23 00:00:00-05:00,2.278048426512471
1988-02-24 00:00:00-05:00,2.408222057282489
1988-02-25 00:00:00-05:00,2.4950038376779142
1988-02-26 00:00:00-05:00,2.4950051124764845
1988-02-29 00:00:00-05:00,2.5492445728031656
1988-03-01 00:00:00-05:00,2.5926357605890678
1988-03-02 00:00:00-05:00,2.5492442441621894
1988-03-03 00:00:00-05:00,2.5275476248879856
1988-03-04 00:00:00-05:00,2.5275490838405723
1988-03-07 00:00:00-05:00,2.603483728627704
1988-03-08 00:00:00-05:00,2.6034836769104004
1988-03-09 00:00:00-05:00,2.6034836769104004
1988-03-10 00:00:00-05:00,2.603483310540276
1988-03-11 00:00:00-05:00,2.5817886183837473
1988-03-14 00:00:00-05:00,2.5275494494554787
1988-03-15 00:00:00-05:00,2.5492444038391113
1988-03-16 00:00:00-05:00,2.5492445728031656
1988-03-17 00:00:00-05:00,2.6034836769104004
1988-03-18 00:00:00-05:00,2.60348241711918
1988-03-21 00:00:00-05:00,2.5926358082286245
1988-03-22 00:00:00-05:00,2.7770501396800498
1988-03-23 00:00:00-05:00,2.7770501396800498
1988-03-24 00:00:00-05:00,2.7553537222333495
1988-03-25 00:00:00-05:00,2.6468748184253985
1988-03-28 00:00:00-05:00,2.4733094700312708
1988-03-29 00:00:00-05:00,2.5275489163144957
1988-03-30 00:00:00-05:00,2.560090839547262
1988-03-31 00:00:00-05:00,2.5383966600768035
1988-04-04 00:00:00-04:00,2.549244811752056
1988-04-05 00:00:00-04:00,2.46246075630188
1988-04-06 00:00:00-04:00,2.4841560994581555
1988-04-07 00:00:00-04:00,2.5383972515235986
1988-04-08 00:00:00-04:00,2.538395643234253
1988-04-11 00:00:00-04:00,2.5492433392575284
1988-04-12 00:00:00-04:00,2.6360276976700816
1988-04-13 00:00:00-04:00,2.690265752194731
1988-04-14 00:00:00-04:00,2.711962708695191
1988-04-15 00:00:00-04:00,2.668571447837184
1988-04-18 00:00:00-04:00,2.690266458135166
1988-04-19 00:00:00-04:00,2.8638325293842577
1988-04-20 00:00:00-04:00,2.7662005125515754
1988-04-21 00:00:00-04:00,2.7987438562509794
1988-04-22 00:00:00-04:00,2.7987452176259744
1988-04-25 00:00:00-04:00,2.8095932138305053
1988-04-26 00:00:00-04:00,2.8963760454248155
1988-04-27 00:00:00-04:00,2.9614627811817944
1988-04-28 00:00:00-04:00,3.0048537254333496
1988-04-29 00:00:00-04:00,3.037397563617881
1988-05-02 00:00:00-04:00,3.0916372156479857
1988-05-03 00:00:00-04:00,3.080788833674028
1988-05-04 00:00:00-04:00,3.113332726119436
1988-05-05 00:00:00-04:00,2.9831581115722656
1988-05-06 00:00:00-04:00,2.9831587044351044
1988-05-09 00:00:00-04:00,2.961463511488472
1988-05-10 00:00:00-04:00,2.97231125831604
1988-05-11 00:00:00-04:00,2.91807107995898
1988-05-12 00:00:00-04:00,2.9072225093841553
1988-05-13 00:00:00-04:00,2.928918823546178
1988-05-16 00:00:00-04:00,2.907223878575414
1988-05-17 00:00:00-04:00,2.907223336371783
1988-05-18 00:00:00-04:00,2.8746802750512153
1988-05-19 00:00:00-04:00,2.733658634976935
1988-05-20 00:00:00-04:00,2.7553537613027954
1988-05-23 00:00:00-04:00,2.6685698882638427
1988-05-24 00:00:00-04:00,2.7987449624662917
1988-05-25 00:00:00-04:00,2.863830928347058
1988-05-26 00:00:00-04:00,2.8529845984585913
1988-05-27 00:00:00-04:00,2.85298430367947
1988-05-31 00:00:00-04:00,2.8312885751171883
1988-06-01 00:00:00-04:00,2.907223911745263
1988-06-02 00:00:00-04:00,2.983158157842242
1988-06-03 00:00:00-04:00,3.0048546104132776
1988-06-06 00:00:00-04:00,3.0157017707824707
1988-06-07 00:00:00-04:00,3.0157018836449208
1988-06-08 00:00:00-04:00,2.9940048703997704
1988-06-09 00:00:00-04:00,3.0482461663746214
1988-06-10 00:00:00-04:00,3.048245306410075
1988-06-13 00:00:00-04:00,3.1350283854757457
1988-06-14 00:00:00-04:00,3.1241800785064697
1988-06-15 00:00:00-04:00,3.1458749998131057
1988-06-16 00:00:00-04:00,3.1892673851620983
1988-06-17 00:00:00-04:00,3.1675715295258486
1988-06-20 00:00:00-04:00,3.221811409353838
1988-06-21 00:00:00-04:00,3.200115331461865
1988-06-22 00:00:00-04:00,3.276050716417444
1988-06-23 00:00:00-04:00,3.2218097490755877
1988-06-24 00:00:00-04:00,3.2109633735018153
1988-06-27 00:00:00-04:00,3.2543545188155623
1988-06-28 00:00:00-04:00,3.124180955938677
1988-06-29 00:00:00-04:00,3.167571544647217
1988-06-30 00:00:00-04:00,3.18926595793403
1988-07-01 00:00:00-04:00,3.1784198901098017
1988-07-05 00:00:00-04:00,3.1784201665568186
1988-07-06 00:00:00-04:00,3.3845277923472743
1988-07-07 00:00:00-04:00,3.232658480807679
1988-07-08 00:00:00-04:00,3.232658369996475
1988-07-11 00:00:00-04:00,3.2109633735018153
1988-07-12 00:00:00-04:00,3.2326591777283156
1988-07-13 00:00:00-04:00,3.1675720126694302
1988-07-14 00:00:00-04:00,3.210962883739834
1988-07-15 00:00:00-04:00,3.232658863067627
1988-07-18 00:00:00-04:00,3.2109618186950684
1988-07-19 00:00:00-04:00,3.232658385428555
1988-07-20 00:00:00-04:00,3.1892666070239946
1988-07-21 00:00:00-04:00,3.113332637758933
1988-07-22 00:00:00-04:00,3.102484706317318
1988-07-25 00:00:00-04:00,3.048245906829834
1988-07-26 00:00:00-04:00,3.026550568377733
1988-07-27 00:00:00-04:00,3.0482456053366924
1988-07-28 00:00:00-04:00,3.0373986969182227
1988-07-29 00:00:00-04:00,3.0699409017745043
1988-08-01 00:00:00-04:00,3.167571854727529
1988-08-02 00:00:00-04:00,3.232657884554007
1988-08-03 00:00:00-04:00,3.254354953765869
1988-08-04 00:00:00-04:00,3.2868971646016485
1988-08-05 00:00:00-04:00,3.2543551160349615
1988-08-08 00:00:00-04:00,3.2109636860507074
1988-08-09 00:00:00-04:00,3.156724152007993
1988-08-10 00:00:00-04:00,3.1241812441867194
1988-08-11 00:00:00-04:00,3.0482461663746214
1988-08-12 00:00:00-04:00,3.0265497053793347
1988-08-15 00:00:00-04:00,3.0265502599226672
1988-08-16 00:00:00-04:00,2.950615378706573
1988-08-17 00:00:00-04:00,2.928919281272204
1988-08-18 00:00:00-04:00,2.950615344388298
1988-08-19 00:00:00-04:00,2.928918535672866
1988-08-22 00:00:00-04:00,2.9072225093841553
1988-08-23 00:00:00-04:00,2.896374768882703
1988-08-24 00:00:00-04:00,2.8855283337036077
1988-08-25 00:00:00-04:00,2.928918823546178
1988-08-26 00:00:00-04:00,2.9072238245208712
1988-08-29 00:00:00-04:00,2.9289194032134485
1988-08-30 00:00:00-04:00,2.939767292876839
1988-08-31 00:00:00-04:00,2.972310525334272
1988-09-01 00:00:00-04:00,2.9723103876701122
1988-09-02 00:00:00-04:00,2.8855284202770775
1988-09-06 00:00:00-04:00,2.961462373101888
1988-09-07 00:00:00-04:00,3.0265497359240046
1988-09-08 00:00:00-04:00,2.9940057289373985
1988-09-09 00:00:00-04:00,3.1133320331573486
1988-09-12 00:00:00-04:00,3.102484675006294
1988-09-13 00:00:00-04:00,3.0157018836449208
1988-09-14 00:00:00-04:00,2.994006395339966
1988-09-15 00:00:00-04:00,2.994006043999401
1988-09-16 00:00:00-04:00,2.928918572577777
1988-09-19 00:00:00-04:00,2.994006236851233
1988-09-20 00:00:00-04:00,2.994006313505702
1988-09-21 00:00:00-04:00,3.0265497359240046
1988-09-22 00:00:00-04:00,3.0265494015990804
1988-09-23 00:00:00-04:00,3.004853786878918
1988-09-26 00:00:00-04:00,2.9506146907806396
1988-09-27 00:00:00-04:00,2.9397669479011226
1988-09-28 00:00:00-04:00,2.928919281272204
1988-09-29 00:00:00-04:00,2.950615764660905
1988-09-30 00:00:00-04:00,2.9723103679940173
1988-10-03 00:00:00-04:00,2.9723103679940173
1988-10-04 00:00:00-04:00,2.994006742041883
1988-10-05 00:00:00-04:00,2.9289194032134485
1988-10-06 00:00:00-04:00,2.9506145932659087
1988-10-07 00:00:00-04:00,2.91807162418574
1988-10-10 00:00:00-04:00,2.885527865918563
1988-10-11 00:00:00-04:00,2.8638316988461225
1988-10-12 00:00:00-04:00,2.91807107995898
1988-10-13 00:00:00-04:00,2.8963760791122395
1988-10-14 00:00:00-04:00,2.939767599105835
1988-10-17 00:00:00-04:00,2.939766303439429
1988-10-18 00:00:00-04:00,2.9072238245208712
1988-10-19 00:00:00-04:00,2.918071569929503
1988-10-20 00:00:00-04:00,2.907224204799384
1988-10-21 00:00:00-04:00,2.928918572577777
1988-10-24 00:00:00-04:00,2.983158580235686
1988-10-25 00:00:00-04:00,2.9506146907806396
1988-10-26 00:00:00-04:00,2.9289193153381348
1988-10-27 00:00:00-04:00,2.9289179903870606
1988-10-28 00:00:00-04:00,2.91807107995898
1988-10-31 00:00:00-05:00,2.885528109932789
1988-11-01 00:00:00-05:00,2.755352326250349
1988-11-02 00:00:00-05:00,2.744506329142278
1988-11-03 00:00:00-05:00,2.679418973666227
1988-11-04 00:00:00-05:00,2.701114932088472
1988-11-07 00:00:00-05:00,2.7119626782153117
1988-11-08 00:00:00-05:00,2.7445045868879054
1988-11-09 00:00:00-05:00,2.766200410014922
1988-11-10 00:00:00-05:00,2.744506181945347
1988-11-11 00:00:00-05:00,2.7445063814323714
1988-11-14 00:00:00-05:00,2.733657612714253
1988-11-15 00:00:00-05:00,2.7011152627528556
1988-11-16 00:00:00-05:00,2.6902668061963304
1988-11-17 00:00:00-05:00,2.6577234049001817
1988-11-18 00:00:00-05:00,2.7011150139098064
1988-11-21 00:00:00-05:00,2.70111324773756
1988-11-22 00:00:00-05:00,2.766200065612793
1988-11-23 00:00:00-05:00,2.7770483775260923
1988-11-25 00:00:00-05:00,2.7445062982966397
1988-11-28 00:00:00-05:00,2.7119627603652425
1988-11-29 00:00:00-05:00,2.7336585521698
1988-11-30 00:00:00-05:00,2.7553526693018946
1988-12-01 00:00:00-05:00,2.7445053551131307
1988-12-02 00:00:00-05:00,2.668570204069294
1988-12-05 00:00:00-05:00,2.7119627079532758
1988-12-06 00:00:00-05:00,2.7770501092283713
1988-12-07 00:00:00-05:00,2.7119626782153117
1988-12-08 00:00:00-05:00,2.711963010207652
1988-12-09 00:00:00-05:00,2.6685711511489396
1988-12-12 00:00:00-05:00,2.6794192790985107
1988-12-13 00:00:00-05:00,2.6577222999178245
1988-12-14 00:00:00-05:00,2.668571447837184
1988-12-15 00:00:00-05:00,2.6685711511489396
1988-12-16 00:00:00-05:00,2.7011151339087354
1988-12-19 00:00:00-05:00,2.7662018208830403
1988-12-20 00:00:00-05:00,2.7770488262176514
1988-12-21 00:00:00-05:00,2.7770488262176514
1988-12-22 00:00:00-05:00,2.7770488262176514
1988-12-23 00:00:00-05:00,2.777050316722313
1988-12-27 00:00:00-05:00,2.7770499914974085
1988-12-28 00:00:00-05:00,2.7553539276123047
1988-12-29 00:00:00-05:00,2.7770488262176514
1988-12-30 00:00:00-05:00,2.7770488262176514
1989-01-03 00:00:00-05:00,2.787896116888536
1989-01-04 00:00:00-05:00,2.7770497283478948
1989-01-05 00:00:00-05:00,2.8204404497664086
1989-01-06 00:00:00-05:00,2.8421365778828904
1989-01-09 00:00:00-05:00,2.809593557534378
1989-01-10 00:00:00-05:00,2.8095933784174214
1989-01-11 00:00:00-05:00,2.7878965673327794
1989-01-12 00:00:00-05:00,2.7662019972337024
1989-01-13 00:00:00-05:00,2.787898063659668
1989-01-16 00:00:00-05:00,2.7878965673327794
1989-01-17 00:00:00-05:00,2.7987458105970227
1989-01-18 00:00:00-05:00,2.7770495549304393
1989-01-19 00:00:00-05:00,2.8204412759267594
1989-01-20 00:00:00-05:00,2.98315791941919
1989-01-23 00:00:00-05:00,2.9506149266027375
1989-01-24 00:00:00-05:00,3.015700347654541
1989-01-25 00:00:00-05:00,3.091636358831024
1989-01-26 00:00:00-05:00,3.113332637758933
1989-01-27 00:00:00-05:00,3.1241801271328757
1989-01-30 00:00:00-05:00,3.156724152007993
1989-01-31 00:00:00-05:00,3.1567238014671113
1989-02-01 00:00:00-05:00,3.1892670157824896
1989-02-02 00:00:00-05:00,3.210962784245404
1989-02-03 00:00:00-05:00,3.124180651837045
1989-02-06 00:00:00-05:00,3.2218113091351017
1989-02-07 00:00:00-05:00,3.221811418117058
1989-02-08 00:00:00-05:00,3.254355564988274
1989-02-09 00:00:00-05:00,3.2435063039751473
1989-02-10 00:00:00-05:00,3.210962834222542
1989-02-13 00:00:00-05:00,3.1567238014671113
1989-02-14 00:00:00-05:00,3.1784198563213204
1989-02-15 00:00:00-05:00,3.1892675022352424
1989-02-16 00:00:00-05:00,3.232657884554007
1989-02-17 00:00:00-05:00,3.297745694130469
1989-02-21 00:00:00-05:00,3.3519854888504956
1989-02-22 00:00:00-05:00,3.276050716417444
1989-02-23 00:00:00-05:00,3.2435058169036646
1989-02-24 00:00:00-05:00,3.276050716417444
1989-02-27 00:00:00-05:00,3.243506908416748
1989-02-28 00:00:00-05:00,3.2326576386665695
1989-03-01 00:00:00-05:00,3.2977460869108275
1989-03-02 00:00:00-05:00,3.276050716417444
1989-03-03 00:00:00-05:00,3.243506798700914
1989-03-06 00:00:00-05:00,3.243506934074912
1989-03-07 00:00:00-05:00,3.2001152821118564
1989-03-08 00:00:00-05:00,3.178420066833496
1989-03-09 00:00:00-05:00,3.2001142700151255
1989-03-10 00:00:00-05:00,3.210962899068344
1989-03-13 00:00:00-05:00,3.1892676014416597
1989-03-14 00:00:00-05:00,3.2109636860507074
1989-03-15 00:00:00-05:00,3.1892676014416597
1989-03-16 00:00:00-05:00,3.1892676014416597
1989-03-17 00:00:00-05:00,3.145875701598035
1989-03-20 00:00:00-05:00,3.0916364192962646
1989-03-21 00:00:00-05:00,3.1024841612464202
1989-03-22 00:00:00-05:00,3.080789141616529
1989-03-23 00:00:00-05:00,3.059093073827543
1989-03-27 00:00:00-05:00,2.9506150370293165
1989-03-28 00:00:00-05:00,3.0048537254333496
1989-03-29 00:00:00-05:00,3.0265497053793347
1989-03-30 00:00:00-05:00,3.026549818647768
1989-03-31 00:00:00-05:00,2.9723101765396733
1989-04-03 00:00:00-04:00,2.9614626244157685
1989-04-04 00:00:00-04:00,2.961463212966919
1989-04-05 00:00:00-04:00,2.9723109587010117
1989-04-06 00:00:00-04:00,2.9506146907806396
1989-04-07 00:00:00-04:00,2.9506145932659087
1989-04-10 00:00:00-04:00,2.91807107995898
1989-04-11 00:00:00-04:00,2.8638316988461225
1989-04-12 00:00:00-04:00,2.907223146711531
1989-04-13 00:00:00-04:00,2.9723101157595817
1989-04-14 00:00:00-04:00,3.059093049202269
1989-04-17 00:00:00-04:00,3.145876250993474
1989-04-18 00:00:00-04:00,3.091636358831024
1989-04-19 00:00:00-04:00,3.113332641023662
1989-04-20 00:00:00-04:00,3.059092751916373
1989-04-21 00:00:00-04:00,3.124180855203716
1989-04-24 00:00:00-04:00,3.1458771195668644
1989-04-25 00:00:00-04:00,3.0916354722976007
1989-04-26 00:00:00-04:00,3.080788833674028
1989-04-27 00:00:00-04:00,3.080788235392371
1989-04-28 00:00:00-04:00,3.1133323357142757
1989-05-01 00:00:00-04:00,3.124180640731401
1989-05-02 00:00:00-04:00,3.0807885827376937
1989-05-03 00:00:00-04:00,3.156724267886524
1989-05-04 00:00:00-04:00,3.2109633735018153
1989-05-05 00:00:00-04:00,3.210962883739834
1989-05-08 00:00:00-04:00,3.2001161310623023
1989-05-09 00:00:00-04:00,3.178419964349669
1989-05-10 00:00:00-04:00,3.156724152007993
1989-05-11 00:00:00-04:00,3.1458767278825683
1989-05-12 00:00:00-04:00,3.167572320994692
1989-05-15 00:00:00-04:00,3.1784198901098017
1989-05-16 00:00:00-04:00,3.2001159531322823
1989-05-17 00:00:00-04:00,3.200115660004685
1989-05-18 00:00:00-04:00,3.2326576386665695
1989-05-19 00:00:00-04:00,3.297746196988105
1989-05-22 00:00:00-04:00,3.2868969145885787
1989-05-23 00:00:00-04:00,3.2760501059111635
1989-05-24 00:00:00-04:00,3.2218111484887135
1989-05-25 00:00:00-04:00,3.2543547312094443
1989-05-26 00:00:00-04:00,3.286897880574752
1989-05-30 00:00:00-04:00,3.297746196988105
1989-05-31 00:00:00-04:00,3.3194422721862793
1989-06-01 00:00:00-04:00,3.2977467806221004
1989-06-02 00:00:00-04:00,3.3194416676228884
1989-06-05 00:00:00-04:00,3.3194407091621545
1989-06-06 00:00:00-04:00,3.319441684712624
1989-06-07 00:00:00-04:00,3.319441684712624
1989-06-08 00:00:00-04:00,3.3302896194252476
1989-06-09 00:00:00-04:00,3.2977450095404834
1989-06-12 00:00:00-04:00,3.373681697136039
1989-06-13 00:00:00-04:00,3.3194416676228884
1989-06-14 00:00:00-04:00,3.330289602279663
1989-06-15 00:00:00-04:00,3.319441684712624
1989-06-16 00:00:00-04:00,3.3085937329661137
1989-06-19 00:00:00-04:00,3.3411359693653626
1989-06-20 00:00:00-04:00,3.3628337601064806
1989-06-21 00:00:00-04:00,3.3411366629630233
1989-06-22 00:00:00-04:00,3.3302892558548582
1989-06-23 00:00:00-04:00,3.38452836624191
1989-06-26 00:00:00-04:00,3.4496171474456787
1989-06-27 00:00:00-04:00,3.4387676554865902
1989-06-28 00:00:00-04:00,3.4604650865334436
1989-06-29 00:00:00-04:00,3.4496172692438396
1989-06-30 00:00:00-04:00,3.427919034116895
1989-07-03 00:00:00-04:00,3.351984977722168
1989-07-05 00:00:00-04:00,3.3194431825942816
1989-07-06 00:00:00-04:00,3.373681697136039
1989-07-07 00:00:00-04:00,3.3953752416973484
1989-07-10 00:00:00-04:00,3.3736824989318848
1989-07-11 00:00:00-04:00,3.3845300568386847
1989-07-12 00:00:00-04:00,3.3845280134962485
1989-07-13 00:00:00-04:00,3.3519862047777322
1989-07-14 00:00:00-04:00,3.3519851229115503
1989-07-17 00:00:00-04:00,3.384528964658451
1989-07-18 00:00:00-04:00,3.4170727729797363
1989-07-19 00:00:00-04:00,3.4387690557978208
1989-07-20 00:00:00-04:00,3.6448767211766615
1989-07-21 00:00:00-04:00,3.6882683890514483
1989-07-24 00:00:00-04:00,3.731659809248096
1989-07-25 00:00:00-04:00,3.6991156358521042
1989-07-26 00:00:00-04:00,3.666572219663001
1989-07-27 00:00:00-04:00,3.6774214540277628
1989-07-28 00:00:00-04:00,3.7208121929926903
1989-07-31 00:00:00-04:00,3.7533546603704173
1989-08-01 00:00:00-04:00,3.9052261340731094
1989-08-02 00:00:00-04:00,3.818443536758423
1989-08-03 00:00:00-04:00,3.8184430817992037
1989-08-04 00:00:00-04:00,3.7425083681248172
1989-08-07 00:00:00-04:00,3.894379928602257
1989-08-08 00:00:00-04:00,3.926922851805966
1989-08-09 00:00:00-04:00,4.046249069680593
1989-08-10 00:00:00-04:00,4.0245515377620675
1989-08-11 00:00:00-04:00,4.0353998770576975
1989-08-14 00:00:00-04:00,4.0570949073251565
1989-08-15 00:00:00-04:00,4.024551868438721
1989-08-16 00:00:00-04:00,4.035399089266023
1989-08-17 00:00:00-04:00,4.035397529602051
1989-08-18 00:00:00-04:00,4.035397529602051
1989-08-21 00:00:00-04:00,4.046247258293584
1989-08-22 00:00:00-04:00,3.992007970809936
1989-08-23 00:00:00-04:00,3.9920077153213223
1989-08-24 00:00:00-04:00,3.9811597140097965
1989-08-25 00:00:00-04:00,4.1113348100303595
1989-08-28 00:00:00-04:00,4.02455023963473
1989-08-29 00:00:00-04:00,4.12218057722353
1989-08-30 00:00:00-04:00,4.122181166300243
1989-08-31 00:00:00-04:00,4.154725074768066
1989-09-01 00:00:00-04:00,4.111334150939108
1989-09-05 00:00:00-04:00,4.230663776397705
1989-09-06 00:00:00-04:00,4.252357288841813
1989-09-07 00:00:00-04:00,4.176420580008843
1989-09-08 00:00:00-04:00,4.1113333473422475
1989-09-11 00:00:00-04:00,4.133029234042318
1989-09-12 00:00:00-04:00,4.122180198296617
1989-09-13 00:00:00-04:00,4.0570965880823735
1989-09-14 00:00:00-04:00,4.057093005925428
1989-09-15 00:00:00-04:00,4.002857658534159
1989-09-18 00:00:00-04:00,4.04624903119325
1989-09-19 00:00:00-04:00,4.04624903119325
1989-09-20 00:00:00-04:00,4.089639171968785
1989-09-21 00:00:00-04:00,4.078791766284425
1989-09-22 00:00:00-04:00,4.06794250717924
1989-09-25 00:00:00-04:00,4.0570948104297555
1989-09-26 00:00:00-04:00,4.013706135338323
1989-09-27 00:00:00-04:00,3.9160733255518
1989-09-28 00:00:00-04:00,3.905225772003204
1989-09-29 00:00:00-04:00,3.905225277809628
1989-10-02 00:00:00-04:00,3.9377671377006376
1989-10-03 00:00:00-04:00,3.9486148609074854
1989-10-04 00:00:00-04:00,4.046247812380066
1989-10-05 00:00:00-04:00,4.078791766284425
1989-10-06 00:00:00-04:00,4.05709551315202
1989-10-09 00:00:00-04:00,4.067943316135401
1989-10-10 00:00:00-04:00,4.089639171968785
1989-10-11 00:00:00-04:00,4.078790822084547
1989-10-12 00:00:00-04:00,4.046247959136963
1989-10-13 00:00:00-04:00,4.024552253100445
1989-10-16 00:00:00-04:00,3.558094916260712
1989-10-17 00:00:00-04:00,3.699116323698529
1989-10-18 00:00:00-04:00,3.70996356010437
1989-10-19 00:00:00-04:00,3.753355869953585
1989-10-20 00:00:00-04:00,3.7316588293136905
1989-10-23 00:00:00-04:00,3.5363993516744014
1989-10-24 00:00:00-04:00,3.4930077315028965
1989-10-25 00:00:00-04:00,3.341136190510588
1989-10-26 00:00:00-04:00,3.308594030799872
1989-10-27 00:00:00-04:00,3.210962883739834
1989-10-30 00:00:00-05:00,3.210962883739834
1989-10-31 00:00:00-05:00,3.265202780417212
1989-11-01 00:00:00-05:00,3.243507246157651
1989-11-02 00:00:00-05:00,3.2977463124346684
1989-11-03 00:00:00-05:00,3.221811443603597
1989-11-06 00:00:00-05:00,3.1567236494438085
1989-11-07 00:00:00-05:00,2.994006283289468
1989-11-08 00:00:00-05:00,3.0157014680910432
1989-11-09 00:00:00-05:00,3.0048540270359694
1989-11-10 00:00:00-05:00,3.0157014680910432
1989-11-13 00:00:00-05:00,2.972311261628204
1989-11-14 00:00:00-05:00,3.0807896842768456
1989-11-15 00:00:00-05:00,3.0807882956454478
1989-11-16 00:00:00-05:00,3.1241801271328757
1989-11-17 00:00:00-05:00,3.167572144874144
1989-11-20 00:00:00-05:00,3.221810717887944
1989-11-21 00:00:00-05:00,3.145876407623291
1989-11-22 00:00:00-05:00,3.156723072246435
1989-11-24 00:00:00-05:00,3.2760491479274525
1989-11-27 00:00:00-05:00,3.384529894619972
1989-11-28 00:00:00-05:00,3.471312071814434
1989-11-29 00:00:00-05:00,3.3953760936235606
1989-11-30 00:00:00-05:00,3.351986082083742
1989-12-01 00:00:00-05:00,3.3411359693653626
1989-12-04 00:00:00-05:00,3.3845291285796124
1989-12-05 00:00:00-05:00,3.341137569017288
1989-12-06 00:00:00-05:00,3.254355226117754
1989-12-07 00:00:00-05:00,3.2326572977555306
1989-12-08 00:00:00-05:00,3.2326572977555306
1989-12-11 00:00:00-05:00,3.2218097490755877
1989-12-12 00:00:00-05:00,3.2109633735018153
1989-12-13 00:00:00-05:00,3.2109633735018153
1989-12-14 00:00:00-05:00,3.254355564988274
1989-12-15 00:00:00-05:00,3.2652023875359406
1989-12-18 00:00:00-05:00,3.1241788790300293
1989-12-19 00:00:00-05:00,3.0590939122271577
1989-12-20 00:00:00-05:00,3.0157015054824563
1989-12-21 00:00:00-05:00,3.1024855596569907
1989-12-22 00:00:00-05:00,3.037397861480713
1989-12-26 00:00:00-05:00,3.0590933183195634
1989-12-27 00:00:00-05:00,3.015702630687661
1989-12-28 00:00:00-05:00,3.0590918747148996
1989-12-29 00:00:00-05:00,3.059094190597534
1990-01-02 00:00:00-05:00,3.080788235392371
1990-01-03 00:00:00-05:00,3.1241801902260895
1990-01-04 00:00:00-05:00,3.254355226117754
1990-01-05 00:00:00-05:00,3.2435066369727417
1990-01-08 00:00:00-05:00,3.2760496139526367
1990-01-09 00:00:00-05:00,3.254354953765869
1990-01-10 00:00:00-05:00,3.232658972416516
1990-01-11 00:00:00-05:00,3.2543538834162367
1990-01-12 00:00:00-05:00,3.2760504422498977
1990-01-15 00:00:00-05:00,3.265202806247004
1990-01-16 00:00:00-05:00,3.1458763662435003
1990-01-17 00:00:00-05:00,3.2435063039751473
1990-01-18 00:00:00-05:00,3.200115331461865
1990-01-19 00:00:00-05:00,3.2218113091351017
1990-01-22 00:00:00-05:00,3.254355733065923
1990-01-23 00:00:00-05:00,3.0590933459848197
1990-01-24 00:00:00-05:00,3.1024844503604587
1990-01-25 00:00:00-05:00,3.156723994838078
1990-01-26 00:00:00-05:00,3.0807886449546102
1990-01-29 00:00:00-05:00,3.145876058287006
1990-01-30 00:00:00-05:00,3.1892670157824896
1990-01-31 00:00:00-05:00,3.243507246157651
1990-02-01 00:00:00-05:00,3.254354953765869
1990-02-02 00:00:00-05:00,3.254354953765869
1990-02-05 00:00:00-05:00,3.243507246157651
1990-02-06 00:00:00-05:00,3.2977463124346684
1990-02-07 00:00:00-05:00,3.254354130953968
1990-02-08 00:00:00-05:00,3.286897995641541
1990-02-09 00:00:00-05:00,3.232658480807679
1990-02-12 00:00:00-05:00,3.243506798700914
1990-02-13 00:00:00-05:00,3.232658480807679
1990-02-14 00:00:00-05:00,3.2760504422498977
1990-02-15 00:00:00-05:00,3.232657884554007
1990-02-16 00:00:00-05:00,3.2543535402171453
1990-02-20 00:00:00-05:00,3.189267709838702
1990-02-21 00:00:00-05:00,3.12418053715314
1990-02-22 00:00:00-05:00,3.156724473371602
1990-02-23 00:00:00-05:00,3.1350278700939094
1990-02-26 00:00:00-05:00,3.156723737716675
1990-02-27 00:00:00-05:00,3.167571544647217
1990-02-28 00:00:00-05:00,3.167571480677709
1990-03-01 00:00:00-05:00,3.1350278700939094
1990-03-02 00:00:00-05:00,3.167571544647217
1990-03-05 00:00:00-05:00,3.178419964349669
1990-03-06 00:00:00-05:00,3.124179835997062
1990-03-07 00:00:00-05:00,3.091637812817335
1990-03-08 00:00:00-05:00,3.048245306410075
1990-03-09 00:00:00-05:00,3.1024855596569907
1990-03-12 00:00:00-05:00,3.037397268440375
1990-03-13 00:00:00-05:00,3.0916372682461937
1990-03-14 00:00:00-05:00,3.069941344458536
1990-03-15 00:00:00-05:00,3.0807894039322306
1990-03-16 00:00:00-05:00,3.059093651758732
1990-03-19 00:00:00-05:00,3.026548277132199
1990-03-20 00:00:00-05:00,3.0482456021402156
1990-03-21 00:00:00-05:00,3.102484703063965
1990-03-22 00:00:00-05:00,3.091636358831024
1990-03-23 00:00:00-05:00,3.102484857533363
1990-03-26 00:00:00-05:00,3.167572320994692
1990-03-27 00:00:00-05:00,3.156723737716675
1990-03-28 00:00:00-05:00,3.18926595793403
1990-03-29 00:00:00-05:00,3.23265832014461
1990-03-30 00:00:00-05:00,3.145876654402829
1990-04-02 00:00:00-04:00,3.1675702152401155
1990-04-03 00:00:00-04:00,3.0699408397766597
1990-04-04 00:00:00-04:00,3.156723994838078
1990-04-05 00:00:00-04:00,3.080788833674028
1990-04-06 00:00:00-04:00,3.124180855203716
1990-04-09 00:00:00-04:00,3.124180381603537
1990-04-10 00:00:00-04:00,3.0807896842768456
1990-04-11 00:00:00-04:00,3.0699413966876303
1990-04-12 00:00:00-04:00,3.048246440361097
1990-04-16 00:00:00-04:00,2.994006395339966
1990-04-17 00:00:00-04:00,3.0048548804995763
1990-04-18 00:00:00-04:00,2.983158580235686
1990-04-19 00:00:00-04:00,2.9506148832716517
1990-04-20 00:00:00-04:00,2.8638320791746144
1990-04-23 00:00:00-04:00,2.8312893073279115
1990-04-24 00:00:00-04:00,2.744506181945347
1990-04-25 00:00:00-04:00,2.766201790550319
1990-04-26 00:00:00-04:00,2.7553530975120086
1990-04-27 00:00:00-04:00,2.711962399553218
1990-04-30 00:00:00-04:00,2.733657289206191
1990-05-01 00:00:00-04:00,2.7553527714364474
1990-05-02 00:00:00-04:00,2.7987440866597533
1990-05-03 00:00:00-04:00,2.852984524926538
1990-05-04 00:00:00-04:00,2.950615344388298
1990-05-07 00:00:00-04:00,2.9397669479011226
1990-05-08 00:00:00-04:00,2.950615378706573
1990-05-09 00:00:00-04:00,2.950615344388298
1990-05-10 00:00:00-04:00,2.9397668507448986
1990-05-11 00:00:00-04:00,2.9180707931518555
1990-05-14 00:00:00-04:00,2.9397669479011226
1990-05-15 00:00:00-04:00,2.9397669479011226
1990-05-16 00:00:00-04:00,2.9397669479011226
1990-05-17 00:00:00-04:00,2.9506146907806396
1990-05-18 00:00:00-04:00,2.9289186324705647
1990-05-21 00:00:00-04:00,2.9614626244157685
1990-05-22 00:00:00-04:00,3.0373977837153054
1990-05-23 00:00:00-04:00,2.9723104140957406
1990-05-24 00:00:00-04:00,3.015702630687661
1990-05-25 00:00:00-04:00,3.037397830826561
1990-05-29 00:00:00-04:00,3.0157020481856707
1990-05-30 00:00:00-04:00,3.1024844503604587
1990-05-31 00:00:00-04:00,3.1458760432692077
1990-06-01 00:00:00-04:00,3.243506798700914
1990-06-04 00:00:00-04:00,3.232658972416516
1990-06-05 00:00:00-04:00,3.2435055701910946
1990-06-06 00:00:00-04:00,3.2760501059111635
1990-06-07 00:00:00-04:00,3.2001142700151255
1990-06-08 00:00:00-04:00,3.1892678126723006
1990-06-11 00:00:00-04:00,3.167571480677709
1990-06-12 00:00:00-04:00,3.145876058287006
1990-06-13 00:00:00-04:00,3.145876250993474
1990-06-14 00:00:00-04:00,3.1241797748953473
1990-06-15 00:00:00-04:00,3.037397861480713
1990-06-18 00:00:00-04:00,3.048245268615154
1990-06-19 00:00:00-04:00,2.9831581115722656
1990-06-20 00:00:00-04:00,3.0048545776040845
1990-06-21 00:00:00-04:00,2.983158157842242
1990-06-22 00:00:00-04:00,3.026549660933113
1990-06-25 00:00:00-04:00,2.8855284080744363
1990-06-26 00:00:00-04:00,2.896376132965088
1990-06-27 00:00:00-04:00,2.874680260043646
1990-06-28 00:00:00-04:00,2.907223899450874
1990-06-29 00:00:00-04:00,2.8638319969177246
1990-07-02 00:00:00-04:00,2.863831980322274
1990-07-03 00:00:00-04:00,2.896376153762655
1990-07-05 00:00:00-04:00,2.86383110074361
1990-07-06 00:00:00-04:00,2.8204404497664086
1990-07-09 00:00:00-04:00,2.885527865918563
1990-07-10 00:00:00-04:00,2.874680002650388
1990-07-11 00:00:00-04:00,2.7878974729869346
1990-07-12 00:00:00-04:00,2.8204405307769775
1990-07-13 00:00:00-04:00,2.8421360229537616
1990-07-16 00:00:00-04:00,2.939767687957577
1990-07-17 00:00:00-04:00,2.885528451783381
1990-07-18 00:00:00-04:00,3.059094190597534
1990-07-19 00:00:00-04:00,3.059092751916373
1990-07-20 00:00:00-04:00,3.102484960392331
1990-07-23 00:00:00-04:00,3.080789089202881
1990-07-24 00:00:00-04:00,3.080789089202881
1990-07-25 00:00:00-04:00,3.1024851009090337
1990-07-26 00:00:00-04:00,3.189267610116362
1990-07-27 00:00:00-04:00,3.3411377637504582
1990-07-30 00:00:00-04:00,3.2977452278137207
1990-07-31 00:00:00-04:00,3.308593639560636
1990-08-01 00:00:00-04:00,3.265201088897088
1990-08-02 00:00:00-04:00,3.1675708129206517
1990-08-03 00:00:00-04:00,3.2977463124346684
1990-08-06 00:00:00-04:00,3.232658851576371
1990-08-07 00:00:00-04:00,3.1241800785064697
1990-08-08 00:00:00-04:00,3.1241791390520675
1990-08-09 00:00:00-04:00,3.2001153467385905
1990-08-10 00:00:00-04:00,3.156723994838078
1990-08-13 00:00:00-04:00,3.0807882956454478
1990-08-14 00:00:00-04:00,3.1024841612464202
1990-08-15 00:00:00-04:00,3.1024855596569907
1990-08-16 00:00:00-04:00,3.048245574573062
1990-08-17 00:00:00-04:00,3.037397830826561
1990-08-20 00:00:00-04:00,3.0157014680910432
1990-08-21 00:00:00-04:00,2.9289179903870606
1990-08-22 00:00:00-04:00,2.9506146907806396
1990-08-23 00:00:00-04:00,2.9289179903870606
1990-08-24 00:00:00-04:00,2.907224204799384
1990-08-27 00:00:00-04:00,2.9940068645607414
1990-08-28 00:00:00-04:00,3.0482456053366924
1990-08-29 00:00:00-04:00,3.0590918747148996
1990-08-30 00:00:00-04:00,3.069941093048651
1990-08-31 00:00:00-04:00,3.037396397460129
1990-09-04 00:00:00-04:00,3.0265497359240046
1990-09-05 00:00:00-04:00,3.059093049202269
1990-09-06 00:00:00-04:00,3.102484706317318
1990-09-07 00:00:00-04:00,3.0157018836449208
1990-09-10 00:00:00-04:00,3.0157021977838534
1990-09-11 00:00:00-04:00,2.939767687957577
1990-09-12 00:00:00-04:00,2.8204396311210087
1990-09-13 00:00:00-04:00,2.8855283873547624
1990-09-14 00:00:00-04:00,2.896375403832014
1990-09-17 00:00:00-04:00,2.9397671372592713
1990-09-18 00:00:00-04:00,2.97231125831604
1990-09-19 00:00:00-04:00,2.994006395339966
1990-09-20 00:00:00-04:00,2.983158157842242
1990-09-21 00:00:00-04:00,3.026549658436338
1990-09-24 00:00:00-04:00,2.9723108695238367
1990-09-25 00:00:00-04:00,2.950615378706573
1990-09-26 00:00:00-04:00,2.950615378706573
1990-09-27 00:00:00-04:00,2.907224372898261
1990-09-28 00:00:00-04:00,2.6902666404538675
1990-10-01 00:00:00-04:00,2.54924527543054
1990-10-02 00:00:00-04:00,2.4516130740371174
1990-10-03 00:00:00-04:00,2.4299186052460318
1990-10-04 00:00:00-04:00,2.3973753452301025
1990-10-05 00:00:00-04:00,2.3648314812856346
1990-10-08 00:00:00-04:00,2.3539834281613135
1990-10-09 00:00:00-04:00,2.3539834281613135
1990-10-10 00:00:00-04:00,2.3756794929504395
1990-10-11 00:00:00-04:00,2.3756789528354414
1990-10-12 00:00:00-04:00,2.3865275365595418
1990-10-15 00:00:00-04:00,2.484157604706639
1990-10-16 00:00:00-04:00,2.4082229477642603
1990-10-17 00:00:00-04:00,2.332288108465163
1990-10-18 00:00:00-04:00,2.278048538608348
1990-10-19 00:00:00-04:00,2.2346569870102697
1990-10-22 00:00:00-04:00,2.2238084861454572
1990-10-23 00:00:00-04:00,2.2346556186676025
1990-10-24 00:00:00-04:00,2.2346556186676025
1990-10-25 00:00:00-04:00,2.25635234414471
1990-10-26 00:00:00-04:00,2.267199832139938
1990-10-29 00:00:00-05:00,2.2780485678267732
1990-10-30 00:00:00-05:00,2.3322866630301795
1990-10-31 00:00:00-05:00,2.343135054768896
1990-11-01 00:00:00-05:00,2.310591825124073
1990-11-02 00:00:00-05:00,2.3322876740318814
1990-11-05 00:00:00-05:00,2.364831113749837
1990-11-06 00:00:00-05:00,2.3105919531646433
1990-11-07 00:00:00-05:00,2.2671992147262046
1990-11-08 00:00:00-05:00,2.2455050945281982
1990-11-09 00:00:00-05:00,2.2672004053492945
1990-11-12 00:00:00-05:00,2.3105926513671875
1990-11-13 00:00:00-05:00,2.299743893196837
1990-11-14 00:00:00-05:00,2.278049028384409
1990-11-15 00:00:00-05:00,2.3865275974820133
1990-11-16 00:00:00-05:00,2.4190712224271467
1990-11-19 00:00:00-05:00,2.408222057282489
1990-11-20 00:00:00-05:00,2.5167008390851366
1990-11-21 00:00:00-05:00,2.462461230935549
1990-11-23 00:00:00-05:00,2.440765142440796
1990-11-26 00:00:00-05:00,2.4190705633985012
1990-11-27 00:00:00-05:00,2.3865275974820133
1990-11-28 00:00:00-05:00,2.4190702898881584
1990-11-29 00:00:00-05:00,2.4624620732427274
1990-11-30 00:00:00-05:00,2.5058518097778113
1990-12-03 00:00:00-05:00,2.6143321161727013
1990-12-04 00:00:00-05:00,2.6143320382043367
1990-12-05 00:00:00-05:00,2.6794183281688486
1990-12-06 00:00:00-05:00,2.7553530975120086
1990-12-07 00:00:00-05:00,2.7336585828935203
1990-12-10 00:00:00-05:00,2.6794183281688486
1990-12-11 00:00:00-05:00,2.690267324447632
1990-12-12 00:00:00-05:00,2.711960987100004
1990-12-13 00:00:00-05:00,2.755354044423479
1990-12-14 00:00:00-05:00,2.7119615811621527
1990-12-17 00:00:00-05:00,2.646875319397571
1990-12-18 00:00:00-05:00,2.6143316122420726
1990-12-19 00:00:00-05:00,2.603483804328889
1990-12-20 00:00:00-05:00,2.701114932088472
1990-12-21 00:00:00-05:00,2.7662016732792623
1990-12-24 00:00:00-05:00,2.7228094886146983
1990-12-26 00:00:00-05:00,2.690266718678429
1990-12-27 00:00:00-05:00,2.6685711511489396
1990-12-28 00:00:00-05:00,2.7011146545410156
1990-12-31 00:00:00-05:00,2.711960987100004
1991-01-02 00:00:00-05:00,2.7770501933499103
1991-01-03 00:00:00-05:00,2.6685711511489396
1991-01-04 00:00:00-05:00,2.7011138394234835
1991-01-07 00:00:00-05:00,2.6468749046325684
1991-01-08 00:00:00-05:00,2.6468759529275916
1991-01-09 00:00:00-05:00,2.6902662084301725
1991-01-10 00:00:00-05:00,2.570940081675968
1991-01-11 00:00:00-05:00,2.5926356162887787
1991-01-14 00:00:00-05:00,2.6034841787500143
1991-01-15 00:00:00-05:00,2.6034833594473255
1991-01-16 00:00:00-05:00,2.6685708469532554
1991-01-17 00:00:00-05:00,2.711960987100004
1991-01-18 00:00:00-05:00,2.777049893065777
1991-01-21 00:00:00-05:00,2.9180712320207753
1991-01-22 00:00:00-05:00,2.9723101765396733
1991-01-23 00:00:00-05:00,2.961463124115205
1991-01-24 00:00:00-05:00,2.950615378706573
1991-01-25 00:00:00-05:00,2.950615378706573
1991-01-28 00:00:00-05:00,2.950615433567903
1991-01-29 00:00:00-05:00,2.863830928347058
1991-01-30 00:00:00-05:00,2.8312885563746293
1991-01-31 00:00:00-05:00,2.994006283289468
1991-02-01 00:00:00-05:00,3.037396397460129
1991-02-04 00:00:00-05:00,3.0373983187402693
1991-02-05 00:00:00-05:00,3.1350281254481414
1991-02-06 00:00:00-05:00,3.102485013175092
1991-02-07 00:00:00-05:00,3.048246440361097
1991-02-08 00:00:00-05:00,2.9506150370293165
1991-02-11 00:00:00-05:00,3.0373978582956114
1991-02-12 00:00:00-05:00,3.1133323841718417
1991-02-13 00:00:00-05:00,3.1784197574523363
1991-02-14 00:00:00-05:00,3.221810833098802
1991-02-15 00:00:00-05:00,3.1567239999758163
1991-02-19 00:00:00-05:00,3.3194407091621545
1991-02-20 00:00:00-05:00,3.28689656795755
1991-02-21 00:00:00-05:00,3.189266916960325
1991-02-22 00:00:00-05:00,3.1024844503604587
1991-02-25 00:00:00-05:00,3.2109636860507074
1991-02-26 00:00:00-05:00,3.156723688583743
1991-02-27 00:00:00-05:00,3.1458761511056292
1991-02-28 00:00:00-05:00,3.276049019277607
1991-03-01 00:00:00-05:00,3.1675716381059624
1991-03-04 00:00:00-05:00,3.254354619654522
1991-03-05 00:00:00-05:00,3.243506798700914
1991-03-06 00:00:00-05:00,3.2435052281360495
1991-03-07 00:00:00-05:00,3.2326572977555306
1991-03-08 00:00:00-05:00,3.2109618186950684
1991-03-11 00:00:00-05:00,3.2109618186950684
1991-03-12 00:00:00-05:00,3.210962883739834
1991-03-13 00:00:00-05:00,3.2001142700151255
1991-03-14 00:00:00-05:00,3.232658963623791
1991-03-15 00:00:00-05:00,3.189267031007428
1991-03-18 00:00:00-05:00,3.1567238014671113
1991-03-19 00:00:00-05:00,3.1675718963926944
1991-03-20 00:00:00-05:00,3.1241800785064697
1991-03-21 00:00:00-05:00,3.156723688583743
1991-03-22 00:00:00-05:00,3.1458767278825683
1991-03-25 00:00:00-05:00,3.156724575155888
1991-03-26 00:00:00-05:00,3.2109618186950684
1991-03-27 00:00:00-05:00,3.210963473383112
1991-03-28 00:00:00-05:00,3.210963482116826
1991-04-01 00:00:00-05:00,3.232658385428555
1991-04-02 00:00:00-05:00,3.178418218403799
1991-04-03 00:00:00-05:00,3.210963473383112
1991-04-04 00:00:00-05:00,3.1892670157824896
1991-04-05 00:00:00-05:00,3.221810717887944
1991-04-08 00:00:00-04:00,3.1133327927684387
1991-04-09 00:00:00-04:00,3.1350278212986638
1991-04-10 00:00:00-04:00,3.113331140402644
1991-04-11 00:00:00-04:00,3.091636358831024
1991-04-12 00:00:00-04:00,3.1350283854757457
1991-04-15 00:00:00-04:00,3.0807873519696707
1991-04-16 00:00:00-04:00,3.0482464437578782
1991-04-17 00:00:00-04:00,3.059092451926942
1991-04-18 00:00:00-04:00,3.254354484557809
1991-04-19 00:00:00-04:00,3.384529894619972
1991-04-22 00:00:00-04:00,3.460464704777028
1991-04-23 00:00:00-04:00,3.493005876913429
1991-04-24 00:00:00-04:00,3.525552182948946
1991-04-25 00:00:00-04:00,3.677421000756623
1991-04-26 00:00:00-04:00,3.644878362517837
1991-04-29 00:00:00-04:00,3.644877644618136
1991-04-30 00:00:00-04:00,3.6448770119459613
1991-05-01 00:00:00-04:00,3.8509852839552154
1991-05-02 00:00:00-04:00,3.9269222343436314
1991-05-03 00:00:00-04:00,3.8835304868065172
1991-05-06 00:00:00-04:00,3.8943775989412184
1991-05-07 00:00:00-04:00,3.8292914733809265
1991-05-08 00:00:00-04:00,3.796746972120801
1991-05-09 00:00:00-04:00,3.709965230755099
1991-05-10 00:00:00-04:00,3.5797912581766416
1991-05-13 00:00:00-04:00,3.493007163504458
1991-05-14 00:00:00-04:00,3.49300694473127
1991-05-15 00:00:00-04:00,3.438767529421112
1991-05-16 00:00:00-04:00,3.493007271964085
1991-05-17 00:00:00-04:00,3.5363985212777367
1991-05-20 00:00:00-04:00,3.568942325883247
1991-05-21 00:00:00-04:00,3.5255514345866796
1991-05-22 00:00:00-04:00,3.482158660888672
1991-05-23 00:00:00-04:00,3.4930085220958556
1991-05-24 00:00:00-04:00,3.4821605805590816
1991-05-28 00:00:00-04:00,3.493006913286148
1991-05-29 00:00:00-04:00,3.5797900043168136
1991-05-30 00:00:00-04:00,3.579790239391742
1991-05-31 00:00:00-04:00,3.623180870843978
1991-06-03 00:00:00-04:00,3.677421820903476
1991-06-04 00:00:00-04:00,3.666572219663001
1991-06-05 00:00:00-04:00,3.6774210856721825
1991-06-06 00:00:00-04:00,3.764203549880286
1991-06-07 00:00:00-04:00,3.709963876644883
1991-06-10 00:00:00-04:00,3.7425063898583573
1991-06-11 00:00:00-04:00,3.7858990345842214
1991-06-12 00:00:00-04:00,3.77505258168195
1991-06-13 00:00:00-04:00,3.720812427230743
1991-06-14 00:00:00-04:00,3.7642019946852487
1991-06-17 00:00:00-04:00,3.753355869953585
1991-06-18 00:00:00-04:00,3.7750518513216247
1991-06-19 00:00:00-04:00,3.731661212183393
1991-06-20 00:00:00-04:00,3.70996356010437
1991-06-21 00:00:00-04:00,3.6882671170298975
1991-06-24 00:00:00-04:00,3.78589929440265
1991-06-25 00:00:00-04:00,3.7533540645200336
1991-06-26 00:00:00-04:00,3.8401383077074036
1991-06-27 00:00:00-04:00,3.8618345260620117
1991-06-28 00:00:00-04:00,3.8726828381701455
1991-07-01 00:00:00-04:00,3.8184434074338633
1991-07-02 00:00:00-04:00,3.818441755761544
1991-07-03 00:00:00-04:00,3.9052260065147224
1991-07-05 00:00:00-04:00,3.9160725650237875
1991-07-08 00:00:00-04:00,3.9811601638793945
1991-07-09 00:00:00-04:00,4.002854931783616
1991-07-10 00:00:00-04:00,3.8943780706139526
1991-07-11 00:00:00-04:00,3.8943776175707803
1991-07-12 00:00:00-04:00,3.8292914733809265
1991-07-15 00:00:00-04:00,3.8401388982432834
1991-07-16 00:00:00-04:00,3.8184434074338633
1991-07-17 00:00:00-04:00,3.8943778629691708
1991-07-18 00:00:00-04:00,4.05709551315202
1991-07-19 00:00:00-04:00,4.024553535714137
1991-07-22 00:00:00-04:00,4.057094892972598
1991-07-23 00:00:00-04:00,4.133029211055157
1991-07-24 00:00:00-04:00,4.143877142911611
1991-07-25 00:00:00-04:00,4.165572394627673
1991-07-26 00:00:00-04:00,4.187268373955732
1991-07-29 00:00:00-04:00,4.122182596235137
1991-07-30 00:00:00-04:00,4.035399089266023
1991-07-31 00:00:00-04:00,4.0570948104297555
1991-08-01 00:00:00-04:00,3.9811612409606703
1991-08-02 00:00:00-04:00,4.013701671578145
1991-08-05 00:00:00-04:00,4.057093005925428
1991-08-06 00:00:00-04:00,4.05709551315202
1991-08-07 00:00:00-04:00,4.035401092603261
1991-08-08 00:00:00-04:00,4.06794250717924
1991-08-09 00:00:00-04:00,4.05709551315202
1991-08-12 00:00:00-04:00,4.078790337859635
1991-08-13 00:00:00-04:00,4.133032067939179
1991-08-14 00:00:00-04:00,4.165573470146924
1991-08-15 00:00:00-04:00,4.230660931895474
1991-08-16 00:00:00-04:00,4.241510698086368
1991-08-19 00:00:00-04:00,4.100484721973239
1991-08-20 00:00:00-04:00,4.057093005925428
1991-08-21 00:00:00-04:00,4.0570965880823735
1991-08-22 00:00:00-04:00,4.122184128584282
1991-08-23 00:00:00-04:00,4.165576130484162
1991-08-26 00:00:00-04:00,4.252356417578657
1991-08-27 00:00:00-04:00,4.230661042982983
1991-08-28 00:00:00-04:00,4.263204574584961
1991-08-29 00:00:00-04:00,4.263204081511916
1991-08-30 00:00:00-04:00,4.252355462980827
1991-09-03 00:00:00-04:00,4.16557251083703
1991-09-04 00:00:00-04:00,4.165572624923892
1991-09-05 00:00:00-04:00,4.15472436725094
1991-09-06 00:00:00-04:00,4.154724960978297
1991-09-09 00:00:00-04:00,4.122180461883545
1991-09-10 00:00:00-04:00,4.100487122220995
1991-09-11 00:00:00-04:00,4.11133337020874
1991-09-12 00:00:00-04:00,4.111332647214392
1991-09-13 00:00:00-04:00,4.143877165959107
1991-09-16 00:00:00-04:00,4.057093265350449
1991-09-17 00:00:00-04:00,4.12218057722353
1991-09-18 00:00:00-04:00,4.154724960978297
1991-09-19 00:00:00-04:00,4.122181302125529
1991-09-20 00:00:00-04:00,4.143877165959107
1991-09-23 00:00:00-04:00,4.100487122220995
1991-09-24 00:00:00-04:00,4.089640403852341
1991-09-25 00:00:00-04:00,4.067944526672363
1991-09-26 00:00:00-04:00,4.0570965880823735
1991-09-27 00:00:00-04:00,4.057094092325427
1991-09-30 00:00:00-04:00,4.111332532177937
1991-10-01 00:00:00-04:00,4.100485819992582
1991-10-02 00:00:00-04:00,4.111335742357524
1991-10-03 00:00:00-04:00,4.078792846963218
1991-10-04 00:00:00-04:00,4.067942744266625
1991-10-07 00:00:00-04:00,4.013704285791468
1991-10-08 00:00:00-04:00,4.002856731414795
1991-10-09 00:00:00-04:00,3.992009092247693
1991-10-10 00:00:00-04:00,3.894376513300003
1991-10-11 00:00:00-04:00,3.9377690619591585
1991-10-14 00:00:00-04:00,3.937768683326288
1991-10-15 00:00:00-04:00,4.0245515377620675
1991-10-16 00:00:00-04:00,4.057097484030155
1991-10-17 00:00:00-04:00,4.230663140432363
1991-10-18 00:00:00-04:00,4.143877142911611
1991-10-21 00:00:00-04:00,4.15472436725094
1991-10-22 00:00:00-04:00,4.154724957984713
1991-10-23 00:00:00-04:00,4.208964793328721
1991-10-24 00:00:00-04:00,4.284899121302756
1991-10-25 00:00:00-04:00,4.252355346754501
1991-10-28 00:00:00-05:00,4.30659529553462
1991-10-29 00:00:00-05:00,4.328293429561102
1991-10-30 00:00:00-05:00,4.360835381300913
1991-10-31 00:00:00-05:00,4.436768758163462
1991-11-01 00:00:00-05:00,4.4584660384084245
1991-11-04 00:00:00-05:00,4.425922267767576
1991-11-05 00:00:00-05:00,4.404226330130351
1991-11-06 00:00:00-05:00,4.295747915436398
1991-11-07 00:00:00-05:00,4.187268373955732
1991-11-08 00:00:00-05:00,4.143880007294076
1991-11-11 00:00:00-05:00,4.165573470146924
1991-11-12 00:00:00-05:00,4.219811916351318
1991-11-13 00:00:00-05:00,4.208964824676514
1991-11-14 00:00:00-05:00,4.20896398445927
1991-11-15 00:00:00-05:00,4.241508293351312
1991-11-18 00:00:00-05:00,4.067944371355149
1991-11-19 00:00:00-05:00,4.089639171968785
1991-11-20 00:00:00-05:00,4.078792846963218
1991-11-21 00:00:00-05:00,4.046247812380066
1991-11-22 00:00:00-05:00,4.078790822084547
1991-11-25 00:00:00-05:00,4.0570948104297555
1991-11-26 00:00:00-05:00,4.002854124266721
1991-11-27 00:00:00-05:00,4.046247354929914
1991-11-29 00:00:00-05:00,4.00285769660877
1991-12-02 00:00:00-05:00,4.0245533820536235
1991-12-03 00:00:00-05:00,4.111335742357524
1991-12-04 00:00:00-05:00,4.122180461883545
1991-12-05 00:00:00-05:00,4.111334885354004
1991-12-06 00:00:00-05:00,4.154724960978297
1991-12-09 00:00:00-05:00,4.154725074768066
1991-12-10 00:00:00-05:00,4.133028391589153
1991-12-11 00:00:00-05:00,4.143879556884944
1991-12-12 00:00:00-05:00,4.122180461883545
1991-12-13 00:00:00-05:00,4.1221817915017205
1991-12-16 00:00:00-05:00,4.089640442752417
1991-12-17 00:00:00-05:00,4.0137024812833735
1991-12-18 00:00:00-05:00,3.8184416281798708
1991-12-19 00:00:00-05:00,3.861833795180495
1991-12-20 00:00:00-05:00,3.9377679756526733
1991-12-23 00:00:00-05:00,3.9269221459017847
1991-12-24 00:00:00-05:00,3.8835291472966578
1991-12-26 00:00:00-05:00,3.9920085174689777
1991-12-27 00:00:00-05:00,4.057094092325427
1991-12-30 00:00:00-05:00,4.133031618709137
1991-12-31 00:00:00-05:00,4.1113333473422475
1992-01-02 00:00:00-05:00,4.154724251000369
1992-01-03 00:00:00-05:00,4.111334675882109
1992-01-06 00:00:00-05:00,4.067943316135401
1992-01-07 00:00:00-05:00,4.0787902034640755
1992-01-08 00:00:00-05:00,4.143877952869447
1992-01-09 00:00:00-05:00,4.252356420375987
1992-01-10 00:00:00-05:00,4.317443717674722
1992-01-13 00:00:00-05:00,4.3499890290543926
1992-01-14 00:00:00-05:00,4.415074790267018
1992-01-15 00:00:00-05:00,4.534399707051875
1992-01-16 00:00:00-05:00,4.588639609420778
1992-01-17 00:00:00-05:00,4.5777914388089584
1992-01-20 00:00:00-05:00,4.5777926588829985
1992-01-21 00:00:00-05:00,4.588637310899465
1992-01-22 00:00:00-05:00,4.447615761096488
1992-01-23 00:00:00-05:00,4.46931362512797
1992-01-24 00:00:00-05:00,4.404226462067735
1992-01-27 00:00:00-05:00,4.339139587376937
1992-01-28 00:00:00-05:00,4.3608347239015295
1992-01-29 00:00:00-05:00,4.230660931895474
1992-01-30 00:00:00-05:00,4.252359276667937
1992-01-31 00:00:00-05:00,4.230659495614334
1992-02-03 00:00:00-05:00,4.111333234740893
1992-02-04 00:00:00-05:00,4.133030546605838
1992-02-05 00:00:00-05:00,4.100487107291152
1992-02-06 00:00:00-05:00,4.089638373588502
1992-02-07 00:00:00-05:00,4.078792846963218
1992-02-10 00:00:00-05:00,4.100485098905819
1992-02-11 00:00:00-05:00,4.100484984172882
1992-02-12 00:00:00-05:00,4.111332647214392
1992-02-13 00:00:00-05:00,4.143880007294076
1992-02-14 00:00:00-05:00,4.1764203258843935
1992-02-18 00:00:00-05:00,4.176420556780347
1992-02-19 00:00:00-05:00,4.154725074768066
1992-02-20 00:00:00-05:00,4.143877026433178
1992-02-21 00:00:00-05:00,4.198117990969756
1992-02-24 00:00:00-05:00,4.165573470146924
1992-02-25 00:00:00-05:00,4.187272012455343
1992-02-26 00:00:00-05:00,4.230663776397705
1992-02-27 00:00:00-05:00,4.219811669210666
1992-02-28 00:00:00-05:00,4.187268257141113
1992-03-02 00:00:00-05:00,4.20896398445927
1992-03-03 00:00:00-05:00,4.198117272319646
1992-03-04 00:00:00-05:00,4.1981193223676705
1992-03-05 00:00:00-05:00,4.165572624923892
1992-03-06 00:00:00-05:00,4.165575051535706
1992-03-09 00:00:00-05:00,4.122182596235137
1992-03-10 00:00:00-05:00,4.089639171968785
1992-03-11 00:00:00-05:00,4.089639320299482
1992-03-12 00:00:00-05:00,4.057095366001683
1992-03-13 00:00:00-05:00,4.078790822084547
1992-03-16 00:00:00-05:00,4.078792846963218
1992-03-17 00:00:00-05:00,4.057095380773537
1992-03-18 00:00:00-05:00,4.100484721973239
1992-03-19 00:00:00-05:00,4.057096626672898
1992-03-20 00:00:00-05:00,4.013704006412962
1992-03-23 00:00:00-05:00,4.0787902034640755
1992-03-24 00:00:00-05:00,4.165572624923892
1992-03-25 00:00:00-05:00,4.15472749506075
1992-03-26 00:00:00-05:00,4.111335742357524
1992-03-27 00:00:00-05:00,4.078789458825416
1992-03-30 00:00:00-05:00,3.992007970809936
1992-03-31 00:00:00-05:00,3.9811611082435663
1992-04-01 00:00:00-05:00,4.024551868438721
1992-04-02 00:00:00-05:00,4.024550192631397
1992-04-03 00:00:00-05:00,3.992007738148174
1992-04-06 00:00:00-04:00,4.035399420833964
1992-04-07 00:00:00-04:00,4.013703456782976
1992-04-08 00:00:00-04:00,3.9703116525390794
1992-04-09 00:00:00-04:00,3.9377689555881252
1992-04-10 00:00:00-04:00,3.8726832019627015
1992-04-13 00:00:00-04:00,3.709963876644883
1992-04-14 00:00:00-04:00,3.753356245915311
1992-04-15 00:00:00-04:00,3.731659809248096
1992-04-16 00:00:00-04:00,3.7316608071799853
1992-04-20 00:00:00-04:00,3.8075943316218446
1992-04-21 00:00:00-04:00,4.013703456782976
1992-04-22 00:00:00-04:00,3.99200971994417
1992-04-23 00:00:00-04:00,4.078791157217763
1992-04-24 00:00:00-04:00,4.013702615389097
1992-04-27 00:00:00-04:00,3.905227869678523
1992-04-28 00:00:00-04:00,3.9160728299855014
1992-04-29 00:00:00-04:00,3.9269208798670623
1992-04-30 00:00:00-04:00,4.00285433347357
1992-05-01 00:00:00-04:00,3.992007970809936
1992-05-04 00:00:00-04:00,4.00285769660877
1992-05-05 00:00:00-04:00,4.024553535714137
1992-05-06 00:00:00-04:00,4.057096433179342
1992-05-07 00:00:00-04:00,4.078790089675734
1992-05-08 00:00:00-04:00,4.208963737953946
1992-05-11 00:00:00-04:00,4.1872700550551905
1992-05-12 00:00:00-04:00,4.154725074768066
1992-05-13 00:00:00-04:00,4.1547266290122655
1992-05-14 00:00:00-04:00,4.1655741832260595
1992-05-15 00:00:00-04:00,4.176421404204498
1992-05-18 00:00:00-04:00,4.230659866534654
1992-05-19 00:00:00-04:00,4.263203257542458
1992-05-20 00:00:00-04:00,4.284899949465476
1992-05-21 00:00:00-04:00,4.230661532292169
1992-05-22 00:00:00-04:00,4.274052509816389
1992-05-26 00:00:00-04:00,4.241507646995756
1992-05-27 00:00:00-04:00,4.1981199534409335
1992-05-28 00:00:00-04:00,4.241510001715048
1992-05-29 00:00:00-04:00,4.328292738904449
1992-06-01 00:00:00-04:00,4.339139109886807
1992-06-02 00:00:00-04:00,4.295746688894792
1992-06-03 00:00:00-04:00,4.29574777347159
1992-06-04 00:00:00-04:00,4.317445490256237
1992-06-05 00:00:00-04:00,4.36083280733259
1992-06-08 00:00:00-04:00,4.349987522228044
1992-06-09 00:00:00-04:00,4.360834581952276
1992-06-10 00:00:00-04:00,4.371682515575945
1992-06-11 00:00:00-04:00,4.339139109886807
1992-06-12 00:00:00-04:00,4.317445490256237
1992-06-15 00:00:00-04:00,4.339139096405628
1992-06-16 00:00:00-04:00,4.328293429561102
1992-06-17 00:00:00-04:00,4.328294100165171
1992-06-18 00:00:00-04:00,4.241508483886719
1992-06-19 00:00:00-04:00,4.241511335682346
1992-06-22 00:00:00-04:00,4.252357021054279
1992-06-23 00:00:00-04:00,4.2849004450478185
1992-06-24 00:00:00-04:00,4.284899949465476
1992-06-25 00:00:00-04:00,4.263204081511916
1992-06-26 00:00:00-04:00,4.252357021054279
1992-06-29 00:00:00-04:00,4.274053432735866
1992-06-30 00:00:00-04:00,4.274053432735866
1992-07-01 00:00:00-04:00,4.30659529553462
1992-07-02 00:00:00-04:00,4.371683253119887
1992-07-06 00:00:00-04:00,4.349987030029297
1992-07-07 00:00:00-04:00,4.328290100074861
1992-07-08 00:00:00-04:00,4.263206835952578
1992-07-09 00:00:00-04:00,4.208966880021676
1992-07-10 00:00:00-04:00,4.154724960978297
1992-07-13 00:00:00-04:00,4.154724960978297
1992-07-14 00:00:00-04:00,4.122181302125529
1992-07-15 00:00:00-04:00,4.111336189229384
1992-07-16 00:00:00-04:00,4.133028391589153
1992-07-17 00:00:00-04:00,4.100485819992582
1992-07-20 00:00:00-04:00,4.122182611243973
1992-07-21 00:00:00-04:00,4.089640692220481
1992-07-22 00:00:00-04:00,4.143876437241802
1992-07-23 00:00:00-04:00,4.154724251000369
1992-07-24 00:00:00-04:00,4.111332532177937
1992-07-27 00:00:00-04:00,4.111332532177937
1992-07-28 00:00:00-04:00,4.100487122220995
1992-07-29 00:00:00-04:00,4.100484984172882
1992-07-30 00:00:00-04:00,4.122182084915887
1992-07-31 00:00:00-04:00,4.252358637441266
1992-08-03 00:00:00-04:00,4.143877142911611
1992-08-04 00:00:00-04:00,4.143877142911611
1992-08-05 00:00:00-04:00,4.143877142911611
1992-08-06 00:00:00-04:00,4.154725917790056
1992-08-07 00:00:00-04:00,4.208964669399719
1992-08-10 00:00:00-04:00,4.295747770645715
1992-08-11 00:00:00-04:00,4.230660097144838
1992-08-12 00:00:00-04:00,4.19811776179096
1992-08-13 00:00:00-04:00,4.089640247706762
1992-08-14 00:00:00-04:00,4.122181166300243
1992-08-17 00:00:00-04:00,4.165573970990681
1992-08-18 00:00:00-04:00,4.0787895064622175
1992-08-19 00:00:00-04:00,4.122183837921443
1992-08-20 00:00:00-04:00,4.078791633198017
1992-08-21 00:00:00-04:00,4.1113348100303595
1992-08-24 00:00:00-04:00,4.0245524694060855
1992-08-25 00:00:00-04:00,4.046247959136963
1992-08-26 00:00:00-04:00,4.035399089266023
1992-08-27 00:00:00-04:00,4.04624903119325
1992-08-28 00:00:00-04:00,4.057096433179342
1992-08-31 00:00:00-04:00,4.111332532177937
1992-09-01 00:00:00-04:00,4.122181302125529
1992-09-02 00:00:00-04:00,4.111332532177937
1992-09-03 00:00:00-04:00,4.122182596235137
1992-09-04 00:00:00-04:00,4.10048838144559
1992-09-08 00:00:00-04:00,4.035399324456715
1992-09-09 00:00:00-04:00,4.013703456782976
1992-09-10 00:00:00-04:00,3.9920077153213223
1992-09-11 00:00:00-04:00,3.9703122307367935
1992-09-14 00:00:00-04:00,3.992006562215578
1992-09-15 00:00:00-04:00,4.089637888075793
1992-09-16 00:00:00-04:00,4.089637054467273
1992-09-17 00:00:00-04:00,4.122181302125529
1992-09-18 00:00:00-04:00,4.122182611243973
1992-09-21 00:00:00-04:00,4.067944526672363
1992-09-22 00:00:00-04:00,4.057097517942434
1992-09-23 00:00:00-04:00,3.9486192522826338
1992-09-24 00:00:00-04:00,3.9377689774306686
1992-09-25 00:00:00-04:00,3.7858978345787824
1992-09-28 00:00:00-04:00,3.872680323628253
1992-09-29 00:00:00-04:00,3.9594641692993284
1992-09-30 00:00:00-04:00,3.970312484836896
1992-10-01 00:00:00-04:00,3.992007985420813
1992-10-02 00:00:00-04:00,3.937769789527105
1992-10-05 00:00:00-04:00,3.894378335981898
1992-10-06 00:00:00-04:00,3.861833829450115
1992-10-07 00:00:00-04:00,3.807595218435123
1992-10-08 00:00:00-04:00,3.8075945221610974
1992-10-09 00:00:00-04:00,3.8075947647684574
1992-10-12 00:00:00-04:00,3.7858990374737207
1992-10-13 00:00:00-04:00,3.7208121901528672
1992-10-14 00:00:00-04:00,3.8075929519449714
1992-10-15 00:00:00-04:00,3.742508362101693
1992-10-16 00:00:00-04:00,3.807594525067155
1992-10-19 00:00:00-04:00,3.72081090974733
1992-10-20 00:00:00-04:00,3.8075942546211703
1992-10-21 00:00:00-04:00,3.926921224976586
1992-10-22 00:00:00-04:00,4.035399324456715
1992-10-23 00:00:00-04:00,3.992007970809936
1992-10-26 00:00:00-05:00,4.002854124266721
1992-10-27 00:00:00-05:00,4.0462454586140035
1992-10-28 00:00:00-05:00,4.024550192631397
1992-10-29 00:00:00-05:00,3.959463457726723
1992-10-30 00:00:00-05:00,3.9160739157585476
1992-11-02 00:00:00-05:00,3.916072111877994
1992-11-03 00:00:00-05:00,3.905224561691284
1992-11-04 00:00:00-05:00,3.9052260065147224
1992-11-05 00:00:00-05:00,3.8943778367538604
1992-11-06 00:00:00-05:00,3.894378335981898
1992-11-09 00:00:00-05:00,3.861833795180495
1992-11-10 00:00:00-05:00,3.8509852839552154
1992-11-11 00:00:00-05:00,3.8943766298039444
1992-11-12 00:00:00-05:00,3.905224314381562
1992-11-13 00:00:00-05:00,3.894376383181199
1992-11-16 00:00:00-05:00,3.861833795180495
1992-11-17 00:00:00-05:00,3.861833795180495
1992-11-18 00:00:00-05:00,3.8835319875259913
1992-11-19 00:00:00-05:00,3.9269215087799503
1992-11-20 00:00:00-05:00,4.01370192822857
1992-11-23 00:00:00-05:00,4.122182115617335
1992-11-24 00:00:00-05:00,4.208967512725574
1992-11-25 00:00:00-05:00,4.241508470371836
1992-11-27 00:00:00-05:00,4.3065942381544176
1992-11-30 00:00:00-05:00,4.306596022097735
1992-12-01 00:00:00-05:00,4.328291652525829
1992-12-02 00:00:00-05:00,4.371681442215153
1992-12-03 00:00:00-05:00,4.284899836953778
1992-12-04 00:00:00-05:00,4.241506925244129
1992-12-07 00:00:00-05:00,4.111332647214392
1992-12-08 00:00:00-05:00,4.122184748242749
1992-12-09 00:00:00-05:00,4.252355712027463
1992-12-10 00:00:00-05:00,4.219812758734087
1992-12-11 00:00:00-05:00,4.208967512725574
1992-12-14 00:00:00-05:00,4.208965280128565
1992-12-15 00:00:00-05:00,4.263204081511916
1992-12-16 00:00:00-05:00,4.187268502375804
1992-12-17 00:00:00-05:00,4.219811916351318
1992-12-18 00:00:00-05:00,4.241507780135414
1992-12-21 00:00:00-05:00,4.230660097144838
1992-12-22 00:00:00-05:00,4.165573955823858
1992-12-23 00:00:00-05:00,4.057093845461687
1992-12-24 00:00:00-05:00,4.187267658416641
1992-12-28 00:00:00-05:00,4.122181292724145
1992-12-29 00:00:00-05:00,4.1981199534409335
1992-12-30 00:00:00-05:00,4.230660918415156
1992-12-31 00:00:00-05:00,4.317443242572062
1993-01-04 00:00:00-05:00,4.30659532263696
1993-01-05 00:00:00-05:00,4.230661042982983
1993-01-06 00:00:00-05:00,4.274051876364301
1993-01-07 00:00:00-05:00,4.371680736541748
1993-01-08 00:00:00-05:00,4.382530212402344
1993-01-11 00:00:00-05:00,4.404227353856635
1993-01-12 00:00:00-05:00,4.480159166304827
1993-01-13 00:00:00-05:00,4.447619264730261
1993-01-14 00:00:00-05:00,4.545248021691813
1993-01-15 00:00:00-05:00,4.59948803699643
1993-01-18 00:00:00-05:00,4.556095738189759
1993-01-19 00:00:00-05:00,4.523550500482788
1993-01-20 00:00:00-05:00,4.501858603487928
1993-01-21 00:00:00-05:00,4.501858016065047
1993-01-22 00:00:00-05:00,4.501857780856883
1993-01-25 00:00:00-05:00,4.447618716871398
1993-01-26 00:00:00-05:00,4.512704982488366
1993-01-27 00:00:00-05:00,4.382531663372202
1993-01-28 00:00:00-05:00,4.295747057895026
1993-01-29 00:00:00-05:00,4.241511335682346
1993-02-01 00:00:00-05:00,4.241507780135414
1993-02-02 00:00:00-05:00,4.208964824676514
1993-02-03 00:00:00-05:00,4.230660100193136
1993-02-04 00:00:00-05:00,4.143877165959107
1993-02-05 00:00:00-05:00,4.111332647214392
1993-02-08 00:00:00-05:00,4.133029097859595
1993-02-09 00:00:00-05:00,4.143878481967703
1993-02-10 00:00:00-05:00,4.089637888075793
1993-02-11 00:00:00-05:00,4.1004872560153025
1993-02-12 00:00:00-05:00,4.046247354929914
1993-02-16 00:00:00-05:00,4.013701881351936
1993-02-17 00:00:00-05:00,3.9486174327283186
1993-02-18 00:00:00-05:00,4.02455215929797
1993-02-19 00:00:00-05:00,3.9811588560162914
1993-02-22 00:00:00-05:00,3.970312484836896
1993-02-23 00:00:00-05:00,3.9811622009232925
1993-02-24 00:00:00-05:00,4.013704151989501
1993-02-25 00:00:00-05:00,4.046249069680593
1993-02-26 00:00:00-05:00,4.0462454586140035
1993-03-01 00:00:00-05:00,4.013705215423283
1993-03-02 00:00:00-05:00,4.057093217967041
1993-03-03 00:00:00-05:00,3.9594641692993284
1993-03-04 00:00:00-05:00,4.013703552642064
1993-03-05 00:00:00-05:00,4.035399089266023
1993-03-08 00:00:00-05:00,4.057095380773537
1993-03-09 00:00:00-05:00,4.078792691231806
1993-03-10 00:00:00-05:00,4.100486629202893
1993-03-11 00:00:00-05:00,4.208966880021676
1993-03-12 00:00:00-05:00,4.133028507232666
1993-03-15 00:00:00-05:00,4.15472436725094
1993-03-16 00:00:00-05:00,4.133028507232666
1993-03-17 00:00:00-05:00,4.133028982558121
1993-03-18 00:00:00-05:00,4.187269197127723
1993-03-19 00:00:00-05:00,4.360834581952276
1993-03-22 00:00:00-05:00,4.328290467122722
1993-03-23 00:00:00-05:00,4.274051059949743
1993-03-24 00:00:00-05:00,4.208964793328721
1993-03-25 00:00:00-05:00,4.252355346754501
1993-03-26 00:00:00-05:00,4.27405204732125
1993-03-29 00:00:00-05:00,4.241511335682346
1993-03-30 00:00:00-05:00,4.219812758734087
1993-03-31 00:00:00-05:00,4.198116434267852
1993-04-01 00:00:00-05:00,4.1872700550551905
1993-04-02 00:00:00-05:00,4.176420580008843
1993-04-05 00:00:00-04:00,4.046247959136963
1993-04-06 00:00:00-04:00,4.06794344886784
1993-04-07 00:00:00-04:00,4.06794250717924
1993-04-08 00:00:00-04:00,4.067941147545954
1993-04-12 00:00:00-04:00,4.01370322285676
1993-04-13 00:00:00-04:00,4.057093005925428
1993-04-14 00:00:00-04:00,4.024549982290626
1993-04-15 00:00:00-04:00,4.013703552642064
1993-04-16 00:00:00-04:00,4.013705253601074
1993-04-19 00:00:00-04:00,3.9920064038946568
1993-04-20 00:00:00-04:00,3.9920083546581404
1993-04-21 00:00:00-04:00,3.959464183791094
1993-04-22 00:00:00-04:00,3.9377679756526733
1993-04-23 00:00:00-04:00,3.9052255335281263
1993-04-26 00:00:00-04:00,3.861834882620331
1993-04-27 00:00:00-04:00,3.8401383077074036
1993-04-28 00:00:00-04:00,3.8726828381701455
1993-04-29 00:00:00-04:00,3.840139028302634
1993-04-30 00:00:00-04:00,3.8184428541188846
1993-05-03 00:00:00-04:00,3.7858997268909116
1993-05-04 00:00:00-04:00,3.8075929519449714
1993-05-05 00:00:00-04:00,3.7967469847525415
1993-05-06 00:00:00-04:00,3.8075933152789028
1993-05-07 00:00:00-04:00,3.894378423690796
1993-05-10 00:00:00-04:00,3.894378335981898
1993-05-11 00:00:00-04:00,3.872680902481079
1993-05-12 00:00:00-04:00,3.8726821114681274
1993-05-13 00:00:00-04:00,3.8726828381701455
1993-05-14 00:00:00-04:00,3.7967469692230225
1993-05-17 00:00:00-04:00,3.785899598668559
1993-05-18 00:00:00-04:00,3.8401383417845
1993-05-19 00:00:00-04:00,3.807595089477979
1993-05-20 00:00:00-04:00,3.8401383260775006
1993-05-21 00:00:00-04:00,3.796745765779145
1993-05-24 00:00:00-04:00,3.8943773296795094
1993-05-25 00:00:00-04:00,3.970310926437378
1993-05-26 00:00:00-04:00,3.970310926437378
1993-05-27 00:00:00-04:00,3.948617368417031
1993-05-28 00:00:00-04:00,3.937771311206368
1993-06-01 00:00:00-04:00,3.948615067279551
1993-06-02 00:00:00-04:00,3.948615067279551
1993-06-03 00:00:00-04:00,3.948615907540013
1993-06-04 00:00:00-04:00,3.9052261340731094
1993-06-07 00:00:00-04:00,3.87268284440277
1993-06-08 00:00:00-04:00,3.8618343890527034
1993-06-09 00:00:00-04:00,3.829291479543718
1993-06-10 00:00:00-04:00,3.8509866378277646
1993-06-11 00:00:00-04:00,3.731659809248096
1993-06-14 00:00:00-04:00,3.6991164893214434
1993-06-15 00:00:00-04:00,3.655724779555351
1993-06-16 00:00:00-04:00,3.644878362517837
1993-06-17 00:00:00-04:00,3.677421904884988
1993-06-18 00:00:00-04:00,3.7099642371150523
1993-06-21 00:00:00-04:00,3.764203562403755
1993-06-22 00:00:00-04:00,3.8184430817992037
1993-06-23 00:00:00-04:00,3.7533562987241966
1993-06-24 00:00:00-04:00,3.8075948950233833
1993-06-25 00:00:00-04:00,3.77505018257579
1993-06-28 00:00:00-04:00,3.796747669623832
1993-06-29 00:00:00-04:00,3.8726811477298946
1993-06-30 00:00:00-04:00,3.905227869678523
1993-07-01 00:00:00-04:00,3.9269220065833124
1993-07-02 00:00:00-04:00,3.87268284440277
1993-07-06 00:00:00-04:00,3.8726823479559207
1993-07-07 00:00:00-04:00,3.905224561691284
1993-07-08 00:00:00-04:00,3.992009757915597
1993-07-09 00:00:00-04:00,4.013704151989501
1993-07-12 00:00:00-04:00,4.057095366001683
1993-07-13 00:00:00-04:00,4.078791618347168
1993-07-14 00:00:00-04:00,4.078791618347168
1993-07-15 00:00:00-04:00,4.067941890204106
1993-07-16 00:00:00-04:00,4.154725097875896
1993-07-19 00:00:00-04:00,4.111334675882109
1993-07-20 00:00:00-04:00,4.100487107291152
1993-07-21 00:00:00-04:00,4.0787895064622175
1993-07-22 00:00:00-04:00,4.122181302125529
1993-07-23 00:00:00-04:00,4.111332532177937
1993-07-26 00:00:00-04:00,4.122180461883545
1993-07-27 00:00:00-04:00,4.122181163330108
1993-07-28 00:00:00-04:00,4.198116434267852
1993-07-29 00:00:00-04:00,4.219812758734087
1993-07-30 00:00:00-04:00,4.230659982167993
1993-08-02 00:00:00-04:00,4.198116434267852
1993-08-03 00:00:00-04:00,4.208964824676514
1993-08-04 00:00:00-04:00,4.198116302490234
1993-08-05 00:00:00-04:00,4.198116434267852
1993-08-06 00:00:00-04:00,4.198117272319646
1993-08-09 00:00:00-04:00,4.198117130819661
1993-08-10 00:00:00-04:00,4.230661042982983
1993-08-11 00:00:00-04:00,4.274051189422607
1993-08-12 00:00:00-04:00,4.2632031283982075
1993-08-13 00:00:00-04:00,4.208963852341151
1993-08-16 00:00:00-04:00,4.1981193223676705
1993-08-17 00:00:00-04:00,4.165571799005424
1993-08-18 00:00:00-04:00,4.143876321294761
1993-08-19 00:00:00-04:00,4.122181279198703
1993-08-20 00:00:00-04:00,4.1655719155595134
1993-08-23 00:00:00-04:00,4.14387691381484
1993-08-24 00:00:00-04:00,4.165573439122304
1993-08-25 00:00:00-04:00,4.27405190326184
1993-08-26 00:00:00-04:00,4.2523557073629386
1993-08-27 00:00:00-04:00,4.263204574584961
1993-08-30 00:00:00-04:00,4.2740508269743485
1993-08-31 00:00:00-04:00,4.28489875793457
1993-09-01 00:00:00-04:00,4.274051889643263
1993-09-02 00:00:00-04:00,4.295747756958008
1993-09-03 00:00:00-04:00,4.306595325469971
1993-09-07 00:00:00-04:00,4.317443259169044
1993-09-08 00:00:00-04:00,4.29574930788363
1993-09-09 00:00:00-04:00,4.306595308914689
1993-09-10 00:00:00-04:00,4.306595325469971
1993-09-13 00:00:00-04:00,4.306596863756684
1993-09-14 00:00:00-04:00,4.29574777347159
1993-09-15 00:00:00-04:00,4.29574777347159
1993-09-16 00:00:00-04:00,4.328291192868119
1993-09-17 00:00:00-04:00,4.29574930788363
1993-09-20 00:00:00-04:00,4.328292738904449
1993-09-21 00:00:00-04:00,4.328291192868119
1993-09-22 00:00:00-04:00,4.317443242572062
1993-09-23 00:00:00-04:00,4.3065946033624245
1993-09-24 00:00:00-04:00,4.2849004450478185
1993-09-27 00:00:00-04:00,4.274050943793659
1993-09-28 00:00:00-04:00,4.1872713830127735
1993-09-29 00:00:00-04:00,4.165573439122304
1993-09-30 00:00:00-04:00,4.241509085822851
1993-10-01 00:00:00-04:00,4.263203257542458
1993-10-04 00:00:00-04:00,4.295747756958008
1993-10-05 00:00:00-04:00,4.317443242572062
1993-10-06 00:00:00-04:00,4.295750658909349
1993-10-07 00:00:00-04:00,4.230659866534654
1993-10-08 00:00:00-04:00,4.295747756958008
1993-10-11 00:00:00-04:00,4.317442169114639
1993-10-12 00:00:00-04:00,4.306595435718333
1993-10-13 00:00:00-04:00,4.263204574584961
1993-10-14 00:00:00-04:00,4.274051889643263
1993-10-15 00:00:00-04:00,4.339139109886807
1993-10-18 00:00:00-04:00,4.295748468344672
1993-10-19 00:00:00-04:00,4.328291893005371
1993-10-20 00:00:00-04:00,4.328291804272785
1993-10-21 00:00:00-04:00,4.274051180087182
1993-10-22 00:00:00-04:00,4.1872700550551905
1993-10-25 00:00:00-04:00,4.1764203258843935
1993-10-26 00:00:00-04:00,4.165573470146924
1993-10-27 00:00:00-04:00,4.20896398445927
1993-10-28 00:00:00-04:00,4.241509085822851
1993-10-29 00:00:00-04:00,4.263204574584961
1993-11-01 00:00:00-05:00,4.263203257542458
1993-11-02 00:00:00-05:00,4.263204113263677
1993-11-03 00:00:00-05:00,4.1981190263505015
1993-11-04 00:00:00-05:00,4.078791766284425
1993-11-05 00:00:00-05:00,4.03540113098742
1993-11-08 00:00:00-05:00,4.024550928652529
1993-11-09 00:00:00-05:00,3.9486166316152205
1993-11-10 00:00:00-05:00,3.9486174327283186
1993-11-11 00:00:00-05:00,3.9920064038946568
1993-11-12 00:00:00-05:00,3.9703142622301195
1993-11-15 00:00:00-05:00,3.9920080661508712
1993-11-16 00:00:00-05:00,4.0462454586140035
1993-11-17 00:00:00-05:00,4.013701881351936
1993-11-18 00:00:00-05:00,3.9920064038946568
1993-11-19 00:00:00-05:00,3.9703122307367935
1993-11-22 00:00:00-05:00,3.981159584101893
1993-11-23 00:00:00-05:00,3.970315134435165
1993-11-24 00:00:00-05:00,3.9377686977386475
1993-11-26 00:00:00-05:00,3.9594639158935188
1993-11-29 00:00:00-05:00,4.002856000246821
1993-11-30 00:00:00-05:00,4.024552603569696
1993-12-01 00:00:00-05:00,4.0353990661910535
1993-12-02 00:00:00-05:00,3.9594626151579164
1993-12-03 00:00:00-05:00,3.981160418673765
1993-12-06 00:00:00-05:00,3.9920071339640884
1993-12-07 00:00:00-05:00,3.970310926437378
1993-12-08 00:00:00-05:00,3.970310926437378
1993-12-09 00:00:00-05:00,3.948617368417031
1993-12-10 00:00:00-05:00,3.926921878316262
1993-12-13 00:00:00-05:00,3.9160725650237875
1993-12-14 00:00:00-05:00,3.9703133048832195
1993-12-15 00:00:00-05:00,4.013703456782976
1993-12-16 00:00:00-05:00,4.013701881351936
1993-12-17 00:00:00-05:00,3.9703142622301195
1993-12-20 00:00:00-05:00,4.013705215423283
1993-12-21 00:00:00-05:00,4.057094573974609
1993-12-22 00:00:00-05:00,4.03540015794637
1993-12-23 00:00:00-05:00,4.024549982290626
1993-12-27 00:00:00-05:00,4.057095380773537
1993-12-28 00:00:00-05:00,4.122180461883545
1993-12-29 00:00:00-05:00,4.122181166300243
1993-12-30 00:00:00-05:00,4.143876321294761
1993-12-31 00:00:00-05:00,4.122182611243973
1994-01-03 00:00:00-05:00,4.089640247706762
1994-01-04 00:00:00-05:00,4.100487122220995
1994-01-05 00:00:00-05:00,4.078791633198017
1994-01-06 00:00:00-05:00,4.089640247706762
1994-01-07 00:00:00-05:00,4.111335742357524
1994-01-10 00:00:00-05:00,4.100487331140209
1994-01-11 00:00:00-05:00,4.1655741832260595
1994-01-12 00:00:00-05:00,4.176421373099084
1994-01-13 00:00:00-05:00,4.252359276667937
1994-01-14 00:00:00-05:00,4.219811783892687
1994-01-17 00:00:00-05:00,4.20896398445927
1994-01-18 00:00:00-05:00,4.230663776397705
1994-01-19 00:00:00-05:00,4.2415084866769135
1994-01-20 00:00:00-05:00,4.317443957551553
1994-01-21 00:00:00-05:00,4.328291192868119
1994-01-24 00:00:00-05:00,4.317445490256237
1994-01-25 00:00:00-05:00,4.317443259169044
1994-01-26 00:00:00-05:00,4.306594608086445
1994-01-27 00:00:00-05:00,4.230660100193136
1994-01-28 00:00:00-05:00,4.143876437241802
1994-01-31 00:00:00-05:00,4.15472484507156
1994-02-01 00:00:00-05:00,4.187269338262072
1994-02-02 00:00:00-05:00,4.230663776397705
1994-02-03 00:00:00-05:00,4.208965545183551
1994-02-04 00:00:00-05:00,4.1655755043029785
1994-02-07 00:00:00-05:00,4.176421404204498
1994-02-08 00:00:00-05:00,4.208967512725574
1994-02-09 00:00:00-05:00,4.219813215359993
1994-02-10 00:00:00-05:00,4.26320395598589
1994-02-11 00:00:00-05:00,4.274051889643263
1994-02-14 00:00:00-05:00,4.295747053182905
1994-02-15 00:00:00-05:00,4.295748468344672
1994-02-16 00:00:00-05:00,4.328292738904449
1994-02-17 00:00:00-05:00,4.317443242572062
1994-02-18 00:00:00-05:00,4.306596863756684
1994-02-22 00:00:00-05:00,4.295748468344672
1994-02-23 00:00:00-05:00,4.3065946033624245
1994-02-24 00:00:00-05:00,4.263204574584961
1994-02-25 00:00:00-05:00,4.252356417578657
1994-02-28 00:00:00-05:00,4.241508483886719
1994-03-01 00:00:00-05:00,4.241511335682346
1994-03-02 00:00:00-05:00,4.198116434267852
1994-03-03 00:00:00-05:00,4.219811783892687
1994-03-04 00:00:00-05:00,4.198116188397833
1994-03-07 00:00:00-05:00,4.208964824676514
1994-03-08 00:00:00-05:00,4.219811669210666
1994-03-09 00:00:00-05:00,4.176421856135026
1994-03-10 00:00:00-05:00,4.252355462980827
1994-03-11 00:00:00-05:00,4.176420439387165
1994-03-14 00:00:00-05:00,4.198116302490234
1994-03-15 00:00:00-05:00,4.187268257141113
1994-03-16 00:00:00-05:00,4.198116420493256
1994-03-17 00:00:00-05:00,4.154724251000369
1994-03-18 00:00:00-05:00,4.1655741832260595
1994-03-21 00:00:00-05:00,4.187268257141113
1994-03-22 00:00:00-05:00,4.208964824676514
1994-03-23 00:00:00-05:00,4.208964824676514
1994-03-24 00:00:00-05:00,4.208963737953946
1994-03-25 00:00:00-05:00,4.176423443657876
1994-03-28 00:00:00-05:00,4.1655755043029785
1994-03-29 00:00:00-05:00,4.154724960978297
1994-03-30 00:00:00-05:00,4.1438784668798725
1994-03-31 00:00:00-05:00,4.0787895064622175
1994-04-04 00:00:00-04:00,4.078789245649862
1994-04-05 00:00:00-04:00,4.05709551315202
1994-04-06 00:00:00-04:00,4.046247812380066
1994-04-07 00:00:00-04:00,4.067940934937381
1994-04-08 00:00:00-04:00,4.035397529602051
1994-04-11 00:00:00-04:00,4.0353998770576975
1994-04-12 00:00:00-04:00,4.078791618347168
1994-04-13 00:00:00-04:00,4.089637054467273
1994-04-14 00:00:00-04:00,4.122181302125529
1994-04-15 00:00:00-04:00,4.100484984172882
1994-04-18 00:00:00-04:00,4.122183680533331
1994-04-19 00:00:00-04:00,4.078792846963218
1994-04-20 00:00:00-04:00,4.024550928652529
1994-04-21 00:00:00-04:00,3.992007970809936
1994-04-22 00:00:00-04:00,3.9920077153213223
1994-04-25 00:00:00-04:00,3.9811622009232925
1994-04-26 00:00:00-04:00,4.078791633198017
1994-04-28 00:00:00-04:00,4.089638373588502
1994-04-29 00:00:00-04:00,4.067942024242216
1994-05-02 00:00:00-04:00,4.154727946648974
1994-05-03 00:00:00-04:00,4.165572394627673
1994-05-04 00:00:00-04:00,4.198116305515082
1994-05-05 00:00:00-04:00,4.133028507232666
1994-05-06 00:00:00-04:00,4.133030531557505
1994-05-09 00:00:00-04:00,4.111332532177937
1994-05-10 00:00:00-04:00,4.122181166300243
1994-05-11 00:00:00-04:00,4.143876437241802
1994-05-12 00:00:00-04:00,4.1655719155595134
1994-05-13 00:00:00-04:00,4.133029211055157
1994-05-16 00:00:00-04:00,4.143876321294761
1994-05-17 00:00:00-04:00,4.133029211055157
1994-05-18 00:00:00-04:00,4.16557250783563
1994-05-19 00:00:00-04:00,4.230659866534654
1994-05-20 00:00:00-04:00,4.295747883442257
1994-05-23 00:00:00-04:00,4.274052778970172
1994-05-24 00:00:00-04:00,4.176424071469752
1994-05-25 00:00:00-04:00,4.2306610744923665
1994-05-26 00:00:00-04:00,4.219813215359993
1994-05-27 00:00:00-04:00,4.2632039695699016
1994-05-31 00:00:00-04:00,4.241507531724106
1994-06-01 00:00:00-04:00,4.1872713830127735
1994-06-02 00:00:00-04:00,4.1655755043029785
1994-06-03 00:00:00-04:00,4.1872700550551905
1994-06-06 00:00:00-04:00,4.165572624923892
1994-06-07 00:00:00-04:00,4.16557250783563
1994-06-08 00:00:00-04:00,4.198116188397833
1994-06-09 00:00:00-04:00,4.1981199534409335
1994-06-10 00:00:00-04:00,4.230660931895474
1994-06-13 00:00:00-04:00,4.252359276667937
1994-06-14 00:00:00-04:00,4.252356404029209
1994-06-15 00:00:00-04:00,4.29574777347159
1994-06-16 00:00:00-04:00,4.29574774361164
1994-06-17 00:00:00-04:00,4.360835040876618
1994-06-20 00:00:00-04:00,4.415075897305514
1994-06-21 00:00:00-04:00,4.447617072031149
1994-06-22 00:00:00-04:00,4.44761859793339
1994-06-23 00:00:00-04:00,4.534398899043533
1994-06-24 00:00:00-04:00,4.534401619748879
1994-06-27 00:00:00-04:00,4.545248635208127
1994-06-28 00:00:00-04:00,4.566944699071012
1994-06-29 00:00:00-04:00,4.632031550310484
1994-06-30 00:00:00-04:00,4.686270442618221
1994-07-01 00:00:00-04:00,4.697119201316931
1994-07-05 00:00:00-04:00,4.816444858345813
1994-07-06 00:00:00-04:00,4.794749503614904
1994-07-07 00:00:00-04:00,4.773052352782871
1994-07-08 00:00:00-04:00,4.729663264008768
1994-07-11 00:00:00-04:00,4.740509840852685
1994-07-12 00:00:00-04:00,4.762205620325249
1994-07-13 00:00:00-04:00,4.718815326690674
1994-07-14 00:00:00-04:00,4.707966417318464
1994-07-15 00:00:00-04:00,4.7730536460876465
1994-07-18 00:00:00-04:00,4.794749478932
1994-07-19 00:00:00-04:00,4.816445948637387
1994-07-20 00:00:00-04:00,4.881531642227715
1994-07-21 00:00:00-04:00,5.065946361687121
1994-07-22 00:00:00-04:00,5.044249857520989
1994-07-25 00:00:00-04:00,5.141879686914507
1994-07-26 00:00:00-04:00,5.13103320320569
1994-07-27 00:00:00-04:00,5.10933784070549
1994-07-28 00:00:00-04:00,5.055095044233623
1994-07-29 00:00:00-04:00,5.087640873065553
1994-08-01 00:00:00-04:00,5.120185648235894
1994-08-02 00:00:00-04:00,5.1310316323008065
1994-08-03 00:00:00-04:00,5.022554049956494
1994-08-04 00:00:00-04:00,5.0008581806397245
1994-08-05 00:00:00-04:00,4.990010134807242
1994-08-08 00:00:00-04:00,4.979162246368284
1994-08-09 00:00:00-04:00,4.946619987487793
1994-08-10 00:00:00-04:00,4.946617470836793
1994-08-11 00:00:00-04:00,4.924921510296157
1994-08-12 00:00:00-04:00,4.859835624694824
1994-08-15 00:00:00-04:00,4.881533728841194
1994-08-16 00:00:00-04:00,4.924922959642619
1994-08-17 00:00:00-04:00,4.935770511627197
1994-08-18 00:00:00-04:00,4.946617470836793
1994-08-19 00:00:00-04:00,4.924921510296157
1994-08-22 00:00:00-04:00,4.85983823204283
1994-08-23 00:00:00-04:00,4.9249213974990385
1994-08-24 00:00:00-04:00,4.914076557986819
1994-08-25 00:00:00-04:00,4.990009798352863
1994-08-26 00:00:00-04:00,4.968311822151545
1994-08-29 00:00:00-04:00,5.055098533630371
1994-08-30 00:00:00-04:00,5.065942412977024
1994-08-31 00:00:00-04:00,5.033399565399885
1994-09-01 00:00:00-04:00,5.055095772117791
1994-09-02 00:00:00-04:00,5.022551081687978
1994-09-06 00:00:00-04:00,5.033400290160117
1994-09-07 00:00:00-04:00,5.022552609973902
1994-09-08 00:00:00-04:00,4.94661877884116
1994-09-09 00:00:00-04:00,4.957464806531665
1994-09-12 00:00:00-04:00,4.935770511627197
1994-09-13 00:00:00-04:00,4.946620571326452
1994-09-14 00:00:00-04:00,4.935769667099014
1994-09-15 00:00:00-04:00,5.011707059873242
1994-09-16 00:00:00-04:00,5.055095772117791
1994-09-19 00:00:00-04:00,5.00085757720986
1994-09-20 00:00:00-04:00,5.02255358566525
1994-09-21 00:00:00-04:00,5.02255358566525
1994-09-22 00:00:00-04:00,5.011704808202442
1994-09-23 00:00:00-04:00,5.000856156298992
1994-09-26 00:00:00-04:00,5.076793771941924
1994-09-27 00:00:00-04:00,5.152729584936847
1994-09-28 00:00:00-04:00,5.217816582076892
1994-09-29 00:00:00-04:00,5.250358439936553
1994-09-30 00:00:00-04:00,5.347990011469867
1994-10-03 00:00:00-04:00,5.4022281023898175
1994-10-04 00:00:00-04:00,5.423924367815326
1994-10-05 00:00:00-04:00,5.304595823280295
1994-10-06 00:00:00-04:00,5.163574084004301
1994-10-07 00:00:00-04:00,5.206967534825756
1994-10-10 00:00:00-04:00,5.293749920377668
1994-10-11 00:00:00-04:00,5.315446203882106
1994-10-12 00:00:00-04:00,5.4022281023898175
1994-10-13 00:00:00-04:00,5.413076235266292
1994-10-14 00:00:00-04:00,5.5432504337502495
1994-10-17 00:00:00-04:00,5.554098821832937
1994-10-18 00:00:00-04:00,5.619186456996562
1994-10-19 00:00:00-04:00,5.499856938165434
1994-10-20 00:00:00-04:00,5.36968469619751
1994-10-21 00:00:00-04:00,5.369686018266442
1994-10-24 00:00:00-04:00,5.358838239213221
1994-10-25 00:00:00-04:00,5.272055886506689
1994-10-26 00:00:00-04:00,5.272056143631683
1994-10-27 00:00:00-04:00,5.120183924069363
1994-10-28 00:00:00-04:00,5.2286630779361065
1994-10-31 00:00:00-05:00,5.337141163600028
1994-11-01 00:00:00-05:00,5.315446872009547
1994-11-02 00:00:00-05:00,5.250357152852769
1994-11-03 00:00:00-05:00,5.196117877960205
1994-11-04 00:00:00-05:00,5.196117285856427
1994-11-07 00:00:00-05:00,5.196117285856427
1994-11-08 00:00:00-05:00,5.185270758774045
1994-11-09 00:00:00-05:00,5.228663724932175
1994-11-10 00:00:00-05:00,5.16357445094489
1994-11-11 00:00:00-05:00,5.141878968466478
1994-11-14 00:00:00-05:00,5.131033709455053
1994-11-15 00:00:00-05:00,5.196118973240066
1994-11-16 00:00:00-05:00,5.163576001229701
1994-11-17 00:00:00-05:00,5.141878968466478
1994-11-18 00:00:00-05:00,5.152729584936847
1994-11-21 00:00:00-05:00,5.228662032154144
1994-11-22 00:00:00-05:00,5.228663606184896
1994-11-23 00:00:00-05:00,5.196120441528458
1994-11-25 00:00:00-05:00,5.1093358860987586
1994-11-28 00:00:00-05:00,5.141881344554785
1994-11-29 00:00:00-05:00,5.120185648235894
1994-11-30 00:00:00-05:00,5.10933784070549
1994-12-01 00:00:00-05:00,5.04424749566704
1994-12-02 00:00:00-05:00,5.065943356201351
1994-12-05 00:00:00-05:00,5.076792728955089
1994-12-06 00:00:00-05:00,5.033401819926911
1994-12-07 00:00:00-05:00,5.065945625305176
1994-12-08 00:00:00-05:00,5.055098213057977
1994-12-09 00:00:00-05:00,4.946617492758903
1994-12-12 00:00:00-05:00,4.892378194796179
1994-12-13 00:00:00-05:00,4.9249213974990385
1994-12-14 00:00:00-05:00,4.9140763929484175
1994-12-15 00:00:00-05:00,5.022551081687978
1994-12-16 00:00:00-05:00,5.098486765302243
1994-12-19 00:00:00-05:00,5.055098229436329
1994-12-20 00:00:00-05:00,5.087642040743555
1994-12-21 00:00:00-05:00,5.141881344554785
1994-12-22 00:00:00-05:00,5.1310316323008065
1994-12-23 00:00:00-05:00,5.011706115298109
1994-12-27 00:00:00-05:00,4.990007296945818
1994-12-28 00:00:00-05:00,5.0334013619742475
1994-12-29 00:00:00-05:00,5.000856876373291
1994-12-30 00:00:00-05:00,5.000857941257616
1995-01-03 00:00:00-05:00,5.000855225193204
1995-01-04 00:00:00-05:00,5.033398628234863
1995-01-05 00:00:00-05:00,5.033402551578314
1995-01-06 00:00:00-05:00,5.065946361687121
1995-01-09 00:00:00-05:00,5.055097308478344
1995-01-10 00:00:00-05:00,5.065945164391588
1995-01-11 00:00:00-05:00,5.033400995557426
1995-01-12 00:00:00-05:00,5.109335049562917
1995-01-13 00:00:00-05:00,5.022552740031593
1995-01-16 00:00:00-05:00,5.022551081687978
1995-01-17 00:00:00-05:00,5.022553443908691
1995-01-18 00:00:00-05:00,5.033401819926911
1995-01-19 00:00:00-05:00,5.076794485341959
1995-01-20 00:00:00-05:00,5.131033407452377
1995-01-23 00:00:00-05:00,5.131030174403136
1995-01-24 00:00:00-05:00,5.1201846769035635
1995-01-25 00:00:00-05:00,5.109337329864502
1995-01-26 00:00:00-05:00,5.098489774894706
1995-01-27 00:00:00-05:00,5.131031637230615
1995-01-30 00:00:00-05:00,5.076793560431264
1995-01-31 00:00:00-05:00,5.076792728955089
1995-02-01 00:00:00-05:00,5.033400290160117
1995-02-02 00:00:00-05:00,4.990009784698486
1995-02-03 00:00:00-05:00,5.0008581806397245
1995-02-06 00:00:00-05:00,4.990009784698486
1995-02-07 00:00:00-05:00,5.011704808202442
1995-02-08 00:00:00-05:00,5.033401137620146
1995-02-09 00:00:00-05:00,5.011705510559276
1995-02-10 00:00:00-05:00,5.033399565399885
1995-02-13 00:00:00-05:00,5.120185648235894
1995-02-14 00:00:00-05:00,5.120185648235894
1995-02-15 00:00:00-05:00,5.120185852050781
1995-02-16 00:00:00-05:00,5.120185852050781
1995-02-17 00:00:00-05:00,5.120185648235894
1995-02-21 00:00:00-05:00,5.120186160161517
1995-02-22 00:00:00-05:00,5.065943356201351
1995-02-23 00:00:00-05:00,5.098490284651135
1995-02-24 00:00:00-05:00,5.076794790841589
1995-02-27 00:00:00-05:00,5.055097308478344
1995-02-28 00:00:00-05:00,5.065943356201351
1995-03-01 00:00:00-05:00,5.076794485341959
1995-03-02 00:00:00-05:00,5.141878968466478
1995-03-03 00:00:00-05:00,5.141878968466478
1995-03-06 00:00:00-05:00,5.131030174403136
1995-03-07 00:00:00-05:00,5.076792733832786
1995-03-08 00:00:00-05:00,5.109337533247559
1995-03-09 00:00:00-05:00,5.120185852050781
1995-03-10 00:00:00-05:00,5.141878603067641
1995-03-13 00:00:00-05:00,5.206968263149951
1995-03-14 00:00:00-05:00,5.272055421699754
1995-03-15 00:00:00-05:00,5.250357525960449
1995-03-16 00:00:00-05:00,5.131031753309258
1995-03-17 00:00:00-05:00,5.152726900556002
1995-03-20 00:00:00-05:00,5.163576111463948
1995-03-21 00:00:00-05:00,5.120185023245398
1995-03-22 00:00:00-05:00,5.131033407452377
1995-03-23 00:00:00-05:00,5.131032686430594
1995-03-24 00:00:00-05:00,5.163576111463948
1995-03-27 00:00:00-05:00,5.163575172424316
1995-03-28 00:00:00-05:00,5.163575172424316
1995-03-29 00:00:00-05:00,5.174424648284912
1995-03-30 00:00:00-05:00,5.217814557827056
1995-03-31 00:00:00-05:00,5.239512074828321
1995-04-03 00:00:00-04:00,5.239510520921347
1995-04-04 00:00:00-04:00,5.282902703086374
1995-04-05 00:00:00-04:00,5.26120506495094
1995-04-06 00:00:00-04:00,5.250357514585553
1995-04-07 00:00:00-04:00,5.228664519303015
1995-04-10 00:00:00-04:00,5.239510520921347
1995-04-11 00:00:00-04:00,5.293751379258119
1995-04-12 00:00:00-04:00,5.2395100421617276
1995-04-13 00:00:00-04:00,5.228664767422294
1995-04-17 00:00:00-04:00,5.206966525144625
1995-04-18 00:00:00-04:00,5.185271982620024
1995-04-19 00:00:00-04:00,5.152729281657194
1995-04-20 00:00:00-04:00,5.131031753309258
1995-04-21 00:00:00-04:00,5.1852718648582075
1995-04-24 00:00:00-04:00,5.206966609154806
1995-04-25 00:00:00-04:00,5.282901875256238
1995-04-26 00:00:00-04:00,5.2937496976962874
1995-04-27 00:00:00-04:00,5.2720544336051995
1995-04-28 00:00:00-04:00,5.347991348107952
1995-05-01 00:00:00-04:00,5.347988492932512
1995-05-02 00:00:00-04:00,5.33714340953411
1995-05-03 00:00:00-04:00,5.315444694585417
1995-05-04 00:00:00-04:00,5.380532235510835
1995-05-05 00:00:00-04:00,5.423925997188618
1995-05-08 00:00:00-04:00,5.434771164694979
1995-05-09 00:00:00-04:00,5.499860300408048
1995-05-10 00:00:00-04:00,5.489009966620995
1995-05-11 00:00:00-04:00,5.5432485384620165
1995-05-12 00:00:00-04:00,5.532400608062744
1995-05-15 00:00:00-04:00,5.510705448479628
1995-05-16 00:00:00-04:00,5.575795650482178
1995-05-17 00:00:00-04:00,5.586642043829791
1995-05-18 00:00:00-04:00,5.532401795848202
1995-05-19 00:00:00-04:00,5.478162307315016
1995-05-22 00:00:00-04:00,5.499857898400625
1995-05-23 00:00:00-04:00,5.564947453054671
1995-05-24 00:00:00-04:00,5.60833740234375
1995-05-25 00:00:00-04:00,5.608337989040611
1995-05-26 00:00:00-04:00,5.6191854659413805
1995-05-30 00:00:00-04:00,5.564947712879496
1995-05-31 00:00:00-04:00,5.5757938543743855
1995-06-01 00:00:00-04:00,5.586642043829791
1995-06-02 00:00:00-04:00,5.564946211844188
1995-06-05 00:00:00-04:00,5.467315563155668
1995-06-06 00:00:00-04:00,5.456468690713962
1995-06-07 00:00:00-04:00,5.467315563155668
1995-06-08 00:00:00-04:00,5.456468690713962
1995-06-09 00:00:00-04:00,5.45646945363012
1995-06-12 00:00:00-04:00,5.380532235510835
1995-06-13 00:00:00-04:00,5.423925997188618
1995-06-14 00:00:00-04:00,5.4564690462730505
1995-06-15 00:00:00-04:00,5.4564670230260175
1995-06-16 00:00:00-04:00,5.434772140826404
1995-06-19 00:00:00-04:00,5.489012363890694
1995-06-20 00:00:00-04:00,5.510705338603789
1995-06-21 00:00:00-04:00,5.4890104466357315
1995-06-22 00:00:00-04:00,5.521556344169598
1995-06-23 00:00:00-04:00,5.575794564273113
1995-06-26 00:00:00-04:00,5.608337857775354
1995-06-27 00:00:00-04:00,5.651729577555579
1995-06-28 00:00:00-04:00,5.727664580410363
1995-06-29 00:00:00-04:00,5.738510715547376
1995-06-30 00:00:00-04:00,5.79275061621967
1995-07-03 00:00:00-04:00,5.8144450187683105
1995-07-05 00:00:00-04:00,5.836143958056551
1995-07-06 00:00:00-04:00,5.814447743473405
1995-07-07 00:00:00-04:00,5.846989901375744
1995-07-10 00:00:00-04:00,5.814446309633662
1995-07-11 00:00:00-04:00,5.912077552740363
1995-07-12 00:00:00-04:00,5.922925487606291
1995-07-13 00:00:00-04:00,5.922928078522718
1995-07-14 00:00:00-04:00,5.955468891052015
1995-07-17 00:00:00-04:00,6.009708020606254
1995-07-18 00:00:00-04:00,6.085644385180579
1995-07-19 00:00:00-04:00,6.020555384374736
1995-07-20 00:00:00-04:00,6.009708841861985
1995-07-21 00:00:00-04:00,6.053099792459394
1995-07-24 00:00:00-04:00,6.020555988668803
1995-07-25 00:00:00-04:00,6.042252271239831
1995-07-26 00:00:00-04:00,6.1507313858967505
1995-07-27 00:00:00-04:00,6.118187320547372
1995-07-28 00:00:00-04:00,6.40023128443168
1995-07-31 00:00:00-04:00,6.345990796394413
1995-08-01 00:00:00-04:00,6.2483601570129395
1995-08-02 00:00:00-04:00,6.270057215894084
1995-08-03 00:00:00-04:00,6.302600641305743
1995-08-04 00:00:00-04:00,6.2917532769333695
1995-08-07 00:00:00-04:00,6.367687225341797
1995-08-08 00:00:00-04:00,6.367687225341797
1995-08-09 00:00:00-04:00,6.356838545308339
1995-08-10 00:00:00-04:00,6.41108086205247
1995-08-11 00:00:00-04:00,6.421926851307346
1995-08-14 00:00:00-04:00,6.378535955590806
1995-08-15 00:00:00-04:00,6.443622807904493
1995-08-16 00:00:00-04:00,6.487012785236782
1995-08-17 00:00:00-04:00,6.508708699017457
1995-08-18 00:00:00-04:00,6.530404680774565
1995-08-21 00:00:00-04:00,6.465318451816113
1995-08-22 00:00:00-04:00,6.508707887832523
1995-08-23 00:00:00-04:00,6.497859954833984
1995-08-24 00:00:00-04:00,6.497862079788717
1995-08-25 00:00:00-04:00,6.541253836996884
1995-08-28 00:00:00-04:00,6.682274707743929
1995-08-29 00:00:00-04:00,6.714817746529731
1995-08-30 00:00:00-04:00,6.725664867271193
1995-08-31 00:00:00-04:00,6.682276248931885
1995-09-01 00:00:00-04:00,6.693121069019433
1995-09-05 00:00:00-04:00,6.714816934520607
1995-09-06 00:00:00-04:00,6.682276248931885
1995-09-07 00:00:00-04:00,6.682273787254114
1995-09-08 00:00:00-04:00,6.682273899670166
1995-09-11 00:00:00-04:00,6.725667310625501
1995-09-12 00:00:00-04:00,6.834143921360506
1995-09-13 00:00:00-04:00,6.769058659824388
1995-09-14 00:00:00-04:00,6.855840063465786
1995-09-15 00:00:00-04:00,6.899230141819907
1995-09-18 00:00:00-04:00,6.866690720075336
1995-09-19 00:00:00-04:00,6.855840903097452
1995-09-20 00:00:00-04:00,6.920930173066887
1995-09-21 00:00:00-04:00,6.899234538487679
1995-09-22 00:00:00-04:00,6.834146283491126
1995-09-25 00:00:00-04:00,6.812446345007728
1995-09-26 00:00:00-04:00,6.7256671777960575
1995-09-27 00:00:00-04:00,6.46531867980957
1995-09-28 00:00:00-04:00,6.46531772501679
1995-09-29 00:00:00-04:00,6.541251082212292
1995-10-02 00:00:00-04:00,6.595492003130207
1995-10-03 00:00:00-04:00,6.541253237404569
1995-10-04 00:00:00-04:00,6.476166615762109
1995-10-05 00:00:00-04:00,6.443621536067849
1995-10-06 00:00:00-04:00,6.335145725037573
1995-10-09 00:00:00-04:00,6.280905340244166
1995-10-10 00:00:00-04:00,6.302599443524946
1995-10-11 00:00:00-04:00,6.248360894385979
1995-10-12 00:00:00-04:00,6.183272576157489
1995-10-13 00:00:00-04:00,6.291750916220891
1995-10-16 00:00:00-04:00,6.237509828582401
1995-10-17 00:00:00-04:00,6.139880987308744
1995-10-18 00:00:00-04:00,6.226666286587674
1995-10-19 00:00:00-04:00,6.345991987737246
1995-10-20 00:00:00-04:00,6.24836177779974
1995-10-23 00:00:00-04:00,6.291750916220891
1995-10-24 00:00:00-04:00,6.2375135174814265
1995-10-25 00:00:00-04:00,6.270055907645654
1995-10-26 00:00:00-04:00,6.183274291360946
1995-10-27 00:00:00-04:00,6.00970976769601
1995-10-30 00:00:00-05:00,6.12903424496388
1995-10-31 00:00:00-05:00,6.204970468598917
1995-11-01 00:00:00-05:00,6.23751185950545
1995-11-02 00:00:00-05:00,6.270056248513095
1995-11-03 00:00:00-05:00,6.335143089294434
1995-11-06 00:00:00-05:00,6.335144506049583
1995-11-07 00:00:00-05:00,6.335144641989384
1995-11-08 00:00:00-05:00,6.335143089294434
1995-11-09 00:00:00-05:00,6.356838447277486
1995-11-10 00:00:00-05:00,6.302599541621967
1995-11-13 00:00:00-05:00,6.335144330484834
1995-11-14 00:00:00-05:00,6.411080061244578
1995-11-15 00:00:00-05:00,6.313450229650931
1995-11-16 00:00:00-05:00,6.324296622926139
1995-11-17 00:00:00-05:00,6.313447602934223
1995-11-20 00:00:00-05:00,6.345991134643555
1995-11-21 00:00:00-05:00,6.345991023324892
1995-11-22 00:00:00-05:00,6.335144641989384
1995-11-24 00:00:00-05:00,6.378536388746197
1995-11-27 00:00:00-05:00,6.378535124040877
1995-11-28 00:00:00-05:00,6.465317836946048
1995-11-29 00:00:00-05:00,6.476166387386109
1995-11-30 00:00:00-05:00,6.497861846018729
1995-12-01 00:00:00-05:00,6.421923637390137
1995-12-04 00:00:00-05:00,6.443621053242626
1995-12-05 00:00:00-05:00,6.497864494390158
1995-12-06 00:00:00-05:00,6.454471182169025
1995-12-07 00:00:00-05:00,6.3676870030850505
1995-12-08 00:00:00-05:00,6.345992442506011
1995-12-11 00:00:00-05:00,6.335144641989384
1995-12-12 00:00:00-05:00,6.356838687163592
1995-12-13 00:00:00-05:00,6.3242954092447325
1995-12-14 00:00:00-05:00,6.313448687032953
1995-12-15 00:00:00-05:00,6.280903576239867
1995-12-18 00:00:00-05:00,6.248360894385979
1995-12-19 00:00:00-05:00,6.172425983743753
1995-12-20 00:00:00-05:00,6.204968688702034
1995-12-21 00:00:00-05:00,6.150730406178736
1995-12-22 00:00:00-05:00,6.074794593670708
1995-12-26 00:00:00-05:00,5.857839107513428
1995-12-27 00:00:00-05:00,5.857839107513428
1995-12-28 00:00:00-05:00,5.857838740270273
1995-12-29 00:00:00-05:00,5.879534230079743
1996-01-02 00:00:00-05:00,5.868686690456327
1996-01-03 00:00:00-05:00,5.944621989150262
1996-01-04 00:00:00-05:00,6.053099922825756
1996-01-05 00:00:00-05:00,5.988012184878211
1996-01-08 00:00:00-05:00,6.053099792459394
1996-01-09 00:00:00-05:00,6.053098576138989
1996-01-10 00:00:00-05:00,6.053098941458143
1996-01-11 00:00:00-05:00,5.977164780235196
1996-01-12 00:00:00-05:00,5.9554680899872094
1996-01-15 00:00:00-05:00,5.836144943333751
1996-01-16 00:00:00-05:00,6.020558771622018
1996-01-17 00:00:00-05:00,5.955469853986513
1996-01-18 00:00:00-05:00,5.890381066130721
1996-01-19 00:00:00-05:00,5.879534894743414
1996-01-22 00:00:00-05:00,5.901230934465652
1996-01-23 00:00:00-05:00,5.912078489349348
1996-01-24 00:00:00-05:00,5.901230934465652
1996-01-25 00:00:00-05:00,5.944620751353566
1996-01-26 00:00:00-05:00,5.933774197949827
1996-01-29 00:00:00-05:00,5.944622726252308
1996-01-30 00:00:00-05:00,6.031400695309082
1996-01-31 00:00:00-05:00,6.118187685424976
1996-02-01 00:00:00-05:00,6.302601078381089
1996-02-02 00:00:00-05:00,6.302600751139768
1996-02-05 00:00:00-05:00,6.270056024298019
1996-02-06 00:00:00-05:00,6.248360490058248
1996-02-07 00:00:00-05:00,6.32429553696468
1996-02-08 00:00:00-05:00,6.356836436807598
1996-02-09 00:00:00-05:00,6.443623912085125
1996-02-12 00:00:00-05:00,6.421924803110676
1996-02-13 00:00:00-05:00,6.519557366264577
1996-02-14 00:00:00-05:00,6.55209961982668
1996-02-15 00:00:00-05:00,6.497860541928967
1996-02-16 00:00:00-05:00,6.443622928641283
1996-02-20 00:00:00-05:00,6.400229818723332
1996-02-21 00:00:00-05:00,6.4219270563296815
1996-02-22 00:00:00-05:00,6.432775561765924
1996-02-23 00:00:00-05:00,6.487011219673252
1996-02-26 00:00:00-05:00,6.421927372101415
1996-02-27 00:00:00-05:00,6.335143089294434
1996-02-28 00:00:00-05:00,6.367687935661498
1996-02-29 00:00:00-05:00,6.378534825416265
1996-03-01 00:00:00-05:00,6.367688287955592
1996-03-04 00:00:00-05:00,6.378534794966385
1996-03-05 00:00:00-05:00,6.454471849896569
1996-03-06 00:00:00-05:00,6.400229818723332
1996-03-07 00:00:00-05:00,6.41108086205247
1996-03-08 00:00:00-05:00,6.4110796018114815
1996-03-11 00:00:00-05:00,6.280903800842848
1996-03-12 00:00:00-05:00,6.313449014837517
1996-03-13 00:00:00-05:00,6.335143089294434
1996-03-14 00:00:00-05:00,6.3459920640425445
1996-03-15 00:00:00-05:00,6.40023136138916
1996-03-18 00:00:00-05:00,6.400231075777039
1996-03-19 00:00:00-05:00,6.541253892818526
1996-03-20 00:00:00-05:00,6.595491630574752
1996-03-21 00:00:00-05:00,6.595492003130207
1996-03-22 00:00:00-05:00,6.552100549851219
1996-03-25 00:00:00-05:00,6.497862421059153
1996-03-26 00:00:00-05:00,6.497862079788717
1996-03-27 00:00:00-05:00,6.497859954833984
1996-03-28 00:00:00-05:00,6.46531772501679
1996-03-29 00:00:00-05:00,6.53040588942693
1996-04-01 00:00:00-05:00,6.552099014208144
1996-04-02 00:00:00-05:00,6.595490588419499
1996-04-03 00:00:00-05:00,6.497862079788717
1996-04-04 00:00:00-05:00,6.530405956161599
1996-04-08 00:00:00-04:00,6.573796226476413
1996-04-09 00:00:00-04:00,6.32429553696468
1996-04-10 00:00:00-04:00,6.335143089294434
1996-04-11 00:00:00-04:00,6.324295310810025
1996-04-12 00:00:00-04:00,6.2700588571767835
1996-04-15 00:00:00-04:00,6.335144506049583
1996-04-16 00:00:00-04:00,6.270058363753583
1996-04-17 00:00:00-04:00,6.118189464721319
1996-04-18 00:00:00-04:00,5.955470071912716
1996-04-19 00:00:00-04:00,5.955468148443418
1996-04-22 00:00:00-04:00,6.0205548982728025
1996-04-23 00:00:00-04:00,6.074796076274483
1996-04-24 00:00:00-04:00,6.074794179733001
1996-04-25 00:00:00-04:00,6.06394624710083
1996-04-26 00:00:00-04:00,6.042250852864684
1996-04-29 00:00:00-04:00,6.020557524398427
1996-04-30 00:00:00-04:00,6.03140209283208
1996-05-01 00:00:00-04:00,6.042253017425537
1996-05-02 00:00:00-04:00,6.02055536760971
1996-05-03 00:00:00-04:00,5.988012838953748
1996-05-06 00:00:00-04:00,5.901229381561279
1996-05-07 00:00:00-04:00,5.8795342445373535
1996-05-08 00:00:00-04:00,5.879534598683045
1996-05-09 00:00:00-04:00,5.857837453046413
1996-05-10 00:00:00-04:00,5.857837453046413
1996-05-13 00:00:00-04:00,5.846990110913986
1996-05-14 00:00:00-04:00,5.933773040771484
1996-05-15 00:00:00-04:00,5.944622299102818
1996-05-16 00:00:00-04:00,5.9337724193494825
1996-05-17 00:00:00-04:00,5.901229174424777
1996-05-20 00:00:00-04:00,5.901229186531817
1996-05-21 00:00:00-04:00,5.846991552779015
1996-05-22 00:00:00-04:00,5.857838615988514
1996-05-23 00:00:00-04:00,5.868687043948631
1996-05-24 00:00:00-04:00,5.8578387546745345
1996-05-28 00:00:00-04:00,5.879534894743414
1996-05-29 00:00:00-04:00,5.94462053831654
1996-05-30 00:00:00-04:00,5.857837662973399
1996-05-31 00:00:00-04:00,5.901229186531817
1996-06-03 00:00:00-04:00,5.846992277537237
1996-06-04 00:00:00-04:00,5.857839188127691
1996-06-05 00:00:00-04:00,5.955470071912716
1996-06-06 00:00:00-04:00,5.977165727155493
1996-06-07 00:00:00-04:00,5.922926642669191
1996-06-10 00:00:00-04:00,5.998859657800014
1996-06-11 00:00:00-04:00,5.977164634583274
1996-06-12 00:00:00-04:00,5.977165727155493
1996-06-13 00:00:00-04:00,5.771056038502816
1996-06-14 00:00:00-04:00,5.423925180807204
1996-06-17 00:00:00-04:00,5.402230122197892
1996-06-18 00:00:00-04:00,5.456466648450884
1996-06-19 00:00:00-04:00,5.499860437867881
1996-06-20 00:00:00-04:00,5.467316983768414
1996-06-21 00:00:00-04:00,5.4564690462730505
1996-06-24 00:00:00-04:00,5.445620075503068
1996-06-25 00:00:00-04:00,5.4347735529831525
1996-06-26 00:00:00-04:00,5.456466648450884
1996-06-27 00:00:00-04:00,5.52155526852678
1996-06-28 00:00:00-04:00,5.619185793010873
1996-07-01 00:00:00-04:00,5.640881663481909
1996-07-02 00:00:00-04:00,5.662577131049733
1996-07-03 00:00:00-04:00,5.71681605933503
1996-07-05 00:00:00-04:00,5.684270858764648
1996-07-08 00:00:00-04:00,5.640881205407546
1996-07-09 00:00:00-04:00,5.608337857775354
1996-07-10 00:00:00-04:00,5.684270516583611
1996-07-11 00:00:00-04:00,5.716816319954334
1996-07-12 00:00:00-04:00,5.640881663481909
1996-07-15 00:00:00-04:00,5.6517270790535905
1996-07-16 00:00:00-04:00,5.5432522193749625
1996-07-17 00:00:00-04:00,5.597489978433896
1996-07-18 00:00:00-04:00,5.543249243818515
1996-07-19 00:00:00-04:00,5.564946174621582
1996-07-22 00:00:00-04:00,5.5757919479592575
1996-07-23 00:00:00-04:00,5.543249728576484
1996-07-24 00:00:00-04:00,5.489012858759138
1996-07-25 00:00:00-04:00,5.467314103061737
1996-07-26 00:00:00-04:00,5.554099074995033
1996-07-29 00:00:00-04:00,5.597490592596263
1996-07-30 00:00:00-04:00,5.521553380259257
1996-07-31 00:00:00-04:00,5.554099897659287
1996-08-01 00:00:00-04:00,5.597491264343262
1996-08-02 00:00:00-04:00,5.640882902268638
1996-08-05 00:00:00-04:00,5.771057008579973
1996-08-06 00:00:00-04:00,5.77105367506189
1996-08-07 00:00:00-04:00,5.825293409808456
1996-08-08 00:00:00-04:00,5.781903947768665
1996-08-09 00:00:00-04:00,5.792749060232346
1996-08-12 00:00:00-04:00,5.7710531993173575
1996-08-13 00:00:00-04:00,5.771055941155064
1996-08-14 00:00:00-04:00,5.738512295713286
1996-08-15 00:00:00-04:00,5.738509787146887
1996-08-16 00:00:00-04:00,5.716813926241345
1996-08-19 00:00:00-04:00,5.716814270381427
1996-08-20 00:00:00-04:00,5.673422927658855
1996-08-21 00:00:00-04:00,5.695118789870442
1996-08-22 00:00:00-04:00,5.695118789870442
1996-08-23 00:00:00-04:00,5.684272896670202
1996-08-26 00:00:00-04:00,5.662578123518817
1996-08-27 00:00:00-04:00,5.619187019192075
1996-08-28 00:00:00-04:00,5.597490435251949
1996-08-29 00:00:00-04:00,5.619185336698349
1996-08-30 00:00:00-04:00,5.619184002874667
1996-09-03 00:00:00-04:00,5.532402625262991
1996-09-04 00:00:00-04:00,5.695118059878014
1996-09-05 00:00:00-04:00,5.640881205407546
1996-09-06 00:00:00-04:00,5.608337989040611
1996-09-09 00:00:00-04:00,5.6191856684012
1996-09-10 00:00:00-04:00,5.640880854748618
1996-09-11 00:00:00-04:00,5.630032539367676
1996-09-12 00:00:00-04:00,5.630034312230227
1996-09-13 00:00:00-04:00,5.6191833155675655
1996-09-16 00:00:00-04:00,5.749357717599658
1996-09-17 00:00:00-04:00,5.716816425323486
1996-09-18 00:00:00-04:00,5.705968124834611
1996-09-19 00:00:00-04:00,5.749359862836287
1996-09-20 00:00:00-04:00,5.749361515045166
1996-09-23 00:00:00-04:00,5.7385124703161745
1996-09-24 00:00:00-04:00,5.846992277537237
1996-09-25 00:00:00-04:00,5.836143958056551
1996-09-26 00:00:00-04:00,5.814448464197691
1996-09-27 00:00:00-04:00,5.836141574330204
1996-09-30 00:00:00-04:00,5.836141574330204
1996-10-01 00:00:00-04:00,5.890381082553026
1996-10-02 00:00:00-04:00,5.901230934465652
1996-10-03 00:00:00-04:00,5.912076812695739
1996-10-04 00:00:00-04:00,5.988012313842773
1996-10-07 00:00:00-04:00,5.998859657800014
1996-10-08 00:00:00-04:00,5.955468891052015
1996-10-09 00:00:00-04:00,5.988012187484134
1996-10-10 00:00:00-04:00,5.9663166999816895
1996-10-11 00:00:00-04:00,5.966315858584735
1996-10-14 00:00:00-04:00,5.955468891052015
1996-10-15 00:00:00-04:00,5.988012184878211
1996-10-16 00:00:00-04:00,6.27005753970244
1996-10-17 00:00:00-04:00,6.0856445681248506
1996-10-18 00:00:00-04:00,6.118185984577664
1996-10-21 00:00:00-04:00,6.150731068250827
1996-10-22 00:00:00-04:00,6.280904755363774
1996-10-23 00:00:00-04:00,6.248359567445637
1996-10-24 00:00:00-04:00,6.215817708288516
1996-10-25 00:00:00-04:00,6.1724252868230725
1996-10-28 00:00:00-05:00,6.16157733663985
1996-10-29 00:00:00-05:00,6.1832728218206
1996-10-30 00:00:00-05:00,6.183272936858393
1996-10-31 00:00:00-05:00,6.248359899098605
1996-11-01 00:00:00-05:00,6.378535159941179
1996-11-04 00:00:00-05:00,6.367686400839704
1996-11-05 00:00:00-05:00,6.3893841950035
1996-11-06 00:00:00-05:00,6.443621053242626
1996-11-07 00:00:00-05:00,6.497860764666932
1996-11-08 00:00:00-05:00,6.5412516665880585
1996-11-11 00:00:00-05:00,6.6280366077400705
1996-11-12 00:00:00-05:00,6.649731269902552
1996-11-13 00:00:00-05:00,6.6605769541380235
1996-11-14 00:00:00-05:00,6.6171875
1996-11-15 00:00:00-05:00,6.638883369425248
1996-11-18 00:00:00-05:00,6.584643363952637
1996-11-19 00:00:00-05:00,6.584643398447951
1996-11-20 00:00:00-05:00,6.617188576424949
1996-11-21 00:00:00-05:00,6.638883700793284
1996-11-22 00:00:00-05:00,6.638881808548204
1996-11-25 00:00:00-05:00,6.725669118648368
1996-11-26 00:00:00-05:00,6.747359523569818
1996-11-27 00:00:00-05:00,6.747360732772365
1996-11-29 00:00:00-05:00,6.725664867271193
1996-12-02 00:00:00-05:00,6.682276290902509
1996-12-03 00:00:00-05:00,6.649730198000167
1996-12-04 00:00:00-05:00,6.5846430249542465
1996-12-05 00:00:00-05:00,6.530403753829602
1996-12-06 00:00:00-05:00,6.421929673751926
1996-12-09 00:00:00-05:00,6.519557366264577
1996-12-10 00:00:00-05:00,6.465318952240791
1996-12-11 00:00:00-05:00,6.324296498079931
1996-12-12 00:00:00-05:00,6.248361833107923
1996-12-13 00:00:00-05:00,6.194122155609455
1996-12-16 00:00:00-05:00,6.291752815246582
1996-12-17 00:00:00-05:00,6.291753141924661
1996-12-18 00:00:00-05:00,6.313448362913486
1996-12-19 00:00:00-05:00,6.183274111961722
1996-12-20 00:00:00-05:00,6.5087090423266325
1996-12-23 00:00:00-05:00,6.139882308560339
1996-12-24 00:00:00-05:00,6.16157733663985
1996-12-26 00:00:00-05:00,6.194120755261317
1996-12-27 00:00:00-05:00,6.1832705628946565
1996-12-30 00:00:00-05:00,6.139882308560339
1996-12-31 00:00:00-05:00,6.139883067931599
1997-01-02 00:00:00-05:00,6.096490770098531
1997-01-03 00:00:00-05:00,5.9229253406984785
1997-01-06 00:00:00-05:00,6.074794059272463
1997-01-07 00:00:00-05:00,6.05310058896491
1997-01-08 00:00:00-05:00,6.172426740129932
1997-01-09 00:00:00-05:00,6.129035131667233
1997-01-10 00:00:00-05:00,6.020556777880864
1997-01-13 00:00:00-05:00,6.096489542405937
1997-01-14 00:00:00-05:00,6.107337923364418
1997-01-15 00:00:00-05:00,6.139882308560339
1997-01-16 00:00:00-05:00,6.150731549238255
1997-01-17 00:00:00-05:00,6.215816151289361
1997-01-20 00:00:00-05:00,6.259209769660373
1997-01-21 00:00:00-05:00,6.215816492100726
1997-01-22 00:00:00-05:00,6.118188381195068
1997-01-23 00:00:00-05:00,6.129034321537037
1997-01-24 00:00:00-05:00,5.988010746567879
1997-01-27 00:00:00-05:00,5.998861287543881
1997-01-28 00:00:00-05:00,6.074796076274483
1997-01-29 00:00:00-05:00,6.074796213746962
1997-01-30 00:00:00-05:00,6.085641609988876
1997-01-31 00:00:00-05:00,6.085643768310547
1997-02-03 00:00:00-05:00,6.074796213746962
1997-02-04 00:00:00-05:00,6.074794059272463
1997-02-05 00:00:00-05:00,6.085643768310547
1997-02-06 00:00:00-05:00,6.074795847303274
1997-02-07 00:00:00-05:00,6.096487890474484
1997-02-10 00:00:00-05:00,6.129031297206913
1997-02-11 00:00:00-05:00,6.139882932057019
1997-02-12 00:00:00-05:00,6.139882697561743
1997-02-13 00:00:00-05:00,6.107339505684881
1997-02-14 00:00:00-05:00,6.13988134130504
1997-02-18 00:00:00-05:00,6.15072954052965
1997-02-19 00:00:00-05:00,6.237513592874207
1997-02-20 00:00:00-05:00,6.107340443504996
1997-02-21 00:00:00-05:00,6.118186602569368
1997-02-24 00:00:00-05:00,6.0530986961693145
1997-02-25 00:00:00-05:00,6.05310259045572
1997-02-26 00:00:00-05:00,5.966315264286095
1997-02-27 00:00:00-05:00,6.02055536760971
1997-02-28 00:00:00-05:00,5.998860503786443
1997-03-03 00:00:00-05:00,5.944620374141886
1997-03-04 00:00:00-05:00,5.998863274100453
1997-03-05 00:00:00-05:00,5.944620734780041
1997-03-06 00:00:00-05:00,5.912076933590448
1997-03-07 00:00:00-05:00,5.879534105337686
1997-03-10 00:00:00-05:00,5.868686690456327
1997-03-11 00:00:00-05:00,5.87953230744615
1997-03-12 00:00:00-05:00,5.781902774115632
1997-03-13 00:00:00-05:00,5.79275158998704
1997-03-14 00:00:00-05:00,5.738509789645454
1997-03-17 00:00:00-05:00,5.760207415635985
1997-03-18 00:00:00-05:00,5.72766220148722
1997-03-19 00:00:00-05:00,5.662577026680289
1997-03-20 00:00:00-05:00,5.630033221695418
1997-03-21 00:00:00-05:00,5.640881205407546
1997-03-24 00:00:00-05:00,5.630033859117592
1997-03-25 00:00:00-05:00,5.554098367858531
1997-03-26 00:00:00-05:00,5.586642043829791
1997-03-27 00:00:00-05:00,5.586642081197516
1997-03-31 00:00:00-05:00,5.456468402499488
1997-04-01 00:00:00-05:00,5.293751223322
1997-04-02 00:00:00-05:00,5.337142249231506
1997-04-03 00:00:00-05:00,5.315446376800537
1997-04-04 00:00:00-05:00,5.293751905855183
1997-04-07 00:00:00-04:00,5.423926536423979
1997-04-08 00:00:00-04:00,5.326294694716803
1997-04-09 00:00:00-04:00,5.3371405601501465
1997-04-10 00:00:00-04:00,5.3371405601501465
1997-04-11 00:00:00-04:00,5.31544529558223
1997-04-14 00:00:00-04:00,5.358834710291664
1997-04-15 00:00:00-04:00,5.2178141000881215
1997-04-16 00:00:00-04:00,5.217816010737326
1997-04-17 00:00:00-04:00,5.196119275649781
1997-04-18 00:00:00-04:00,5.380532691645836
1997-04-21 00:00:00-04:00,5.4781617194675345
1997-04-22 00:00:00-04:00,5.54325196056309
1997-04-23 00:00:00-04:00,5.532400608062744
1997-04-24 00:00:00-04:00,5.554098493972188
1997-04-25 00:00:00-04:00,5.6083372749985205
1997-04-28 00:00:00-04:00,5.586642499762531
1997-04-29 00:00:00-04:00,5.619185287037567
1997-04-30 00:00:00-04:00,5.771057094779132
1997-05-01 00:00:00-04:00,5.803597927093506
1997-05-02 00:00:00-04:00,5.792751903385311
1997-05-05 00:00:00-04:00,5.879532190057062
1997-05-06 00:00:00-04:00,5.988012333400389
1997-05-07 00:00:00-04:00,5.955469413309136
1997-05-08 00:00:00-04:00,5.890381683008507
1997-05-09 00:00:00-04:00,5.922925343276075
1997-05-12 00:00:00-04:00,5.977164598697609
1997-05-13 00:00:00-04:00,6.074794670214235
1997-05-14 00:00:00-04:00,6.020555988668803
1997-05-15 00:00:00-04:00,6.031404468689494
1997-05-16 00:00:00-04:00,6.096490770098531
1997-05-19 00:00:00-04:00,5.977163791656494
1997-05-20 00:00:00-04:00,5.977163549444775
1997-05-21 00:00:00-04:00,6.042251606294526
1997-05-22 00:00:00-04:00,6.0097093751191295
1997-05-23 00:00:00-04:00,5.944619782004311
1997-05-27 00:00:00-04:00,6.009709587034461
1997-05-28 00:00:00-04:00,6.042253199065394
1997-05-29 00:00:00-04:00,6.107337923364418
1997-05-30 00:00:00-04:00,6.1398815839889265
1997-06-02 00:00:00-04:00,6.2375133943483805
1997-06-03 00:00:00-04:00,6.259208424278995
1997-06-04 00:00:00-04:00,6.335144478726667
1997-06-05 00:00:00-04:00,6.378536388746197
1997-06-06 00:00:00-04:00,6.3459909930303695
1997-06-09 00:00:00-04:00,6.421927372101415
1997-06-10 00:00:00-04:00,6.32429553696468
1997-06-11 00:00:00-04:00,6.3242934090671925
1997-06-12 00:00:00-04:00,6.443621053242626
1997-06-13 00:00:00-04:00,6.508710027303824
1997-06-16 00:00:00-04:00,6.693120829356295
1997-06-17 00:00:00-04:00,6.7690582146435325
1997-06-18 00:00:00-04:00,6.6605769541380235
1997-06-19 00:00:00-04:00,6.628034320413249
1997-06-20 00:00:00-04:00,6.769058659824388
1997-06-23 00:00:00-04:00,6.801599633123978
1997-06-24 00:00:00-04:00,6.693122979104048
1997-06-25 00:00:00-04:00,6.8287182412175005
1997-06-26 00:00:00-04:00,6.703968638119832
1997-06-27 00:00:00-04:00,6.698548138052169
1997-06-30 00:00:00-04:00,6.877535321418707
1997-07-01 00:00:00-04:00,6.87211202764975
1997-07-02 00:00:00-04:00,6.823298160363041
1997-07-03 00:00:00-04:00,7.0077103465995
1997-07-07 00:00:00-04:00,7.007711861826138
1997-07-08 00:00:00-04:00,6.986018149171083
1997-07-09 00:00:00-04:00,6.98601388803178
1997-07-10 00:00:00-04:00,6.899232929583146
1997-07-11 00:00:00-04:00,6.942621457955948
1997-07-14 00:00:00-04:00,6.964320875443599
1997-07-15 00:00:00-04:00,6.986018149171083
1997-07-16 00:00:00-04:00,6.991437600250447
1997-07-17 00:00:00-04:00,6.9860152398000315
1997-07-18 00:00:00-04:00,6.986015449070881
1997-07-21 00:00:00-04:00,6.937197905771949
1997-07-22 00:00:00-04:00,6.866689536444247
1997-07-23 00:00:00-04:00,6.95347261428833
1997-07-24 00:00:00-04:00,6.942622661590576
1997-07-25 00:00:00-04:00,6.942623242655209
1997-07-28 00:00:00-04:00,7.061949168947285
1997-07-29 00:00:00-04:00,7.175848815475516
1997-07-30 00:00:00-04:00,7.257212243228226
1997-07-31 00:00:00-04:00,7.485017345182697
1997-08-01 00:00:00-04:00,7.4524691431063115
1997-08-04 00:00:00-04:00,7.495865282705178
1997-08-05 00:00:00-04:00,7.441625589800415
1997-08-06 00:00:00-04:00,7.360266045508608
1997-08-07 00:00:00-04:00,7.447047268596458
1997-08-08 00:00:00-04:00,7.5501013024858
1997-08-11 00:00:00-04:00,7.517560678553602
1997-08-12 00:00:00-04:00,7.729090337716782
1997-08-13 00:00:00-04:00,7.588068842945095
1997-08-14 00:00:00-04:00,7.512135197789951
1997-08-15 00:00:00-04:00,7.419926767991183
1997-08-18 00:00:00-04:00,7.300603444017418
1997-08-19 00:00:00-04:00,7.316874137603371
1997-08-20 00:00:00-04:00,7.327720108623365
1997-08-21 00:00:00-04:00,7.300600942901167
1997-08-22 00:00:00-04:00,7.192123907905725
1997-08-25 00:00:00-04:00,7.219243746378646
1997-08-26 00:00:00-04:00,7.257213777199525
1997-08-27 00:00:00-04:00,7.154156242523189
1997-08-28 00:00:00-04:00,7.235513809058037
1997-08-29 00:00:00-04:00,7.30060457897963
1997-09-02 00:00:00-04:00,7.1921261446225735
1997-09-03 00:00:00-04:00,7.224669777068945
1997-09-04 00:00:00-04:00,7.257212737199102
1997-09-05 00:00:00-04:00,7.235516862782595
1997-09-08 00:00:00-04:00,7.219243855845132
1997-09-09 00:00:00-04:00,7.246363584851567
1997-09-10 00:00:00-04:00,7.219245991529637
1997-09-11 00:00:00-04:00,7.181275056966359
1997-09-12 00:00:00-04:00,7.1324632448287755
1997-09-15 00:00:00-04:00,7.181276380248473
1997-09-16 00:00:00-04:00,7.300603158872063
1997-09-17 00:00:00-04:00,7.4850153554594865
1997-09-18 00:00:00-04:00,7.593494724866123
1997-09-19 00:00:00-04:00,7.723669570695929
1997-09-22 00:00:00-04:00,7.777907586898052
1997-09-23 00:00:00-04:00,7.870113571450987
1997-09-24 00:00:00-04:00,7.83214815750771
1997-09-25 00:00:00-04:00,7.842996503378172
1997-09-26 00:00:00-04:00,7.631462846740176
1997-09-29 00:00:00-04:00,7.647731456098905
1997-09-30 00:00:00-04:00,7.772483296002075
1997-10-01 00:00:00-04:00,7.712819017158544
1997-10-02 00:00:00-04:00,7.734514934666458
1997-10-03 00:00:00-04:00,7.701972484588623
1997-10-06 00:00:00-04:00,7.734516760662498
1997-10-07 00:00:00-04:00,7.767059803009033
1997-10-08 00:00:00-04:00,7.6802768754681185
1997-10-09 00:00:00-04:00,7.593493572841503
1997-10-10 00:00:00-04:00,7.593491325373633
1997-10-13 00:00:00-04:00,7.582646982388837
1997-10-14 00:00:00-04:00,7.593492838198359
1997-10-15 00:00:00-04:00,7.550102419418981
1997-10-16 00:00:00-04:00,7.528406568803306
1997-10-17 00:00:00-04:00,7.354843199095666
1997-10-20 00:00:00-04:00,7.268060116367468
1997-10-21 00:00:00-04:00,7.349418101828372
1997-10-22 00:00:00-04:00,7.419926975794325
1997-10-23 00:00:00-04:00,7.300603575402363
1997-10-24 00:00:00-04:00,7.148734128518201
1997-10-27 00:00:00-05:00,7.202970782379805
1997-10-28 00:00:00-05:00,6.920925081728383
1997-10-29 00:00:00-05:00,7.018556883224665
1997-10-30 00:00:00-05:00,7.1107667411126725
1997-10-31 00:00:00-05:00,6.980590673453877
1997-11-03 00:00:00-05:00,7.013132236134496
1997-11-04 00:00:00-05:00,7.11619099300104
1997-11-05 00:00:00-05:00,7.2029700111682775
1997-11-06 00:00:00-05:00,7.3006007724683375
1997-11-07 00:00:00-05:00,7.192121248601167
1997-11-10 00:00:00-05:00,6.937198434613711
1997-11-11 00:00:00-05:00,6.763633027261331
1997-11-12 00:00:00-05:00,6.714818770447976
1997-11-13 00:00:00-05:00,6.400232974599225
1997-11-14 00:00:00-05:00,6.335143988377675
1997-11-17 00:00:00-05:00,6.519557501986539
1997-11-18 00:00:00-05:00,6.497861575476458
1997-11-19 00:00:00-05:00,6.280904130247462
1997-11-20 00:00:00-05:00,6.421926042146779
1997-11-21 00:00:00-05:00,6.552101762519073
1997-11-24 00:00:00-05:00,6.5087104110296075
1997-11-25 00:00:00-05:00,6.3459904262013715
1997-11-26 00:00:00-05:00,6.2809030055192645
1997-11-28 00:00:00-05:00,6.340566635131836
1997-12-01 00:00:00-05:00,6.373111571043932
1997-12-02 00:00:00-05:00,6.297175574716276
1997-12-03 00:00:00-05:00,6.32429553696468
1997-12-04 00:00:00-05:00,6.313448687032953
1997-12-05 00:00:00-05:00,6.302601269724183
1997-12-08 00:00:00-05:00,6.291752481638185
1997-12-09 00:00:00-05:00,6.37310999689763
1997-12-10 00:00:00-05:00,6.150730613896631
1997-12-11 00:00:00-05:00,5.727663699047345
1997-12-12 00:00:00-05:00,5.668002356703313
1997-12-15 00:00:00-05:00,5.532402716920166
1997-12-16 00:00:00-05:00,5.662579022826175
1997-12-17 00:00:00-05:00,5.803600542367749
1997-12-18 00:00:00-05:00,5.619185336698349
1997-12-19 00:00:00-05:00,5.554098806988885
1997-12-22 00:00:00-05:00,5.505283262285088
1997-12-23 00:00:00-05:00,5.662578123518817
1997-12-24 00:00:00-05:00,5.6191856684012
1997-12-26 00:00:00-05:00,5.6625773169493305
1997-12-29 00:00:00-05:00,5.6788492518599805
1997-12-30 00:00:00-05:00,5.738514212858452
1997-12-31 00:00:00-05:00,5.78190245072946
1998-01-02 00:00:00-05:00,5.836140554427435
1998-01-05 00:00:00-05:00,5.89580650333585
1998-01-06 00:00:00-05:00,5.868687043948631
1998-01-07 00:00:00-05:00,5.879531358790561
1998-01-08 00:00:00-05:00,5.76020526635185
1998-01-09 00:00:00-05:00,5.705967584400912
1998-01-12 00:00:00-05:00,5.402228682362912
1998-01-13 00:00:00-05:00,5.564944017559985
1998-01-14 00:00:00-05:00,5.548672828007704
1998-01-15 00:00:00-05:00,5.575794146520852
1998-01-16 00:00:00-05:00,5.489009966620995
1998-01-20 00:00:00-05:00,5.5866393463053905
1998-01-21 00:00:00-05:00,5.602913604109498
1998-01-22 00:00:00-05:00,5.554098661443333
1998-01-23 00:00:00-05:00,5.581217821428526
1998-01-26 00:00:00-05:00,5.581218097918427
1998-01-27 00:00:00-05:00,5.613761317075504
1998-01-28 00:00:00-05:00,5.695119559668516
1998-01-29 00:00:00-05:00,5.760207796921277
1998-01-30 00:00:00-05:00,5.825294034633042
1998-02-02 00:00:00-05:00,5.879535099340173
1998-02-03 00:00:00-05:00,5.922926848775902
1998-02-04 00:00:00-05:00,5.901229023555517
1998-02-05 00:00:00-05:00,5.9880120030085715
1998-02-06 00:00:00-05:00,6.069369297565959
1998-02-09 00:00:00-05:00,6.074795282596087
1998-02-10 00:00:00-05:00,5.966317482471251
1998-02-11 00:00:00-05:00,6.139881469758415
1998-02-12 00:00:00-05:00,6.129033118760445
1998-02-13 00:00:00-05:00,6.172426550626713
1998-02-17 00:00:00-05:00,6.1507313858967505
1998-02-18 00:00:00-05:00,6.085644343876693
1998-02-19 00:00:00-05:00,6.19954413696672
1998-02-20 00:00:00-05:00,6.129034373637627
1998-02-23 00:00:00-05:00,6.172426425899361
1998-02-24 00:00:00-05:00,6.145304856582063
1998-02-25 00:00:00-05:00,6.129034684011164
1998-02-26 00:00:00-05:00,6.145304953602907
1998-02-27 00:00:00-05:00,6.248361344485803
1998-03-02 00:00:00-05:00,6.28090391101978
1998-03-03 00:00:00-05:00,6.324294397197631
1998-03-04 00:00:00-05:00,6.308025763968004
1998-03-05 00:00:00-05:00,6.107339194767821
1998-03-06 00:00:00-05:00,6.161579523208254
1998-03-09 00:00:00-05:00,6.2266656436247905
1998-03-10 00:00:00-05:00,6.237513571690868
1998-03-11 00:00:00-05:00,6.280902551336675
1998-03-12 00:00:00-05:00,6.356839997261648
1998-03-13 00:00:00-05:00,6.324297756075809
1998-03-16 00:00:00-05:00,6.318871519644576
1998-03-17 00:00:00-05:00,6.3893823472443545
1998-03-18 00:00:00-05:00,6.454471830164091
1998-03-19 00:00:00-05:00,6.373114322855653
1998-03-20 00:00:00-05:00,6.459892952740435
1998-03-23 00:00:00-05:00,6.508708699017457
1998-03-24 00:00:00-05:00,6.530403699411919
1998-03-25 00:00:00-05:00,6.606341047466382
1998-03-26 00:00:00-05:00,6.628037458817234
1998-03-27 00:00:00-05:00,6.682274511512737
1998-03-30 00:00:00-05:00,6.747361216535111
1998-03-31 00:00:00-05:00,6.769058659824388
1998-04-01 00:00:00-05:00,6.812449202234605
1998-04-02 00:00:00-05:00,7.0511021551601925
1998-04-03 00:00:00-05:00,7.127036093195939
1998-04-06 00:00:00-04:00,7.061951385060498
1998-04-07 00:00:00-04:00,6.975166805723475
1998-04-08 00:00:00-04:00,6.91008247795846
1998-04-09 00:00:00-04:00,6.855841243344418
1998-04-13 00:00:00-04:00,6.861267513741738
1998-04-14 00:00:00-04:00,6.839569419970423
1998-04-15 00:00:00-04:00,6.850418036663709
1998-04-16 00:00:00-04:00,6.834146283491126
1998-04-17 00:00:00-04:00,6.834144337618289
1998-04-20 00:00:00-04:00,6.953470705736359
1998-04-21 00:00:00-04:00,6.877537564140603
1998-04-22 00:00:00-04:00,6.866687209533298
1998-04-23 00:00:00-04:00,6.823296235789416
1998-04-24 00:00:00-04:00,6.758209940438416
1998-04-27 00:00:00-04:00,6.666000919633806
1998-04-28 00:00:00-04:00,6.628036921759252
1998-04-29 00:00:00-04:00,6.6063411552267
1998-04-30 00:00:00-04:00,6.655155289030145
1998-05-01 00:00:00-04:00,6.752787155416092
1998-05-04 00:00:00-04:00,6.747363187067877
1998-05-05 00:00:00-04:00,6.725666419424422
1998-05-06 00:00:00-04:00,6.649732207652711
1998-05-07 00:00:00-04:00,6.61176187678406
1998-05-08 00:00:00-04:00,6.600917488100825
1998-05-11 00:00:00-04:00,6.660579290666736
1998-05-12 00:00:00-04:00,6.693120956420898
1998-05-13 00:00:00-04:00,6.676852280649708
1998-05-14 00:00:00-04:00,6.703970179784971
1998-05-15 00:00:00-04:00,6.676852747828686
1998-05-18 00:00:00-04:00,6.6171886183939135
1998-05-19 00:00:00-04:00,6.497860598584938
1998-05-20 00:00:00-04:00,6.514132028114646
1998-05-21 00:00:00-04:00,6.595492703470411
1998-05-22 00:00:00-04:00,6.530404512173074
1998-05-26 00:00:00-04:00,6.584645583254296
1998-05-27 00:00:00-04:00,6.687699220904105
1998-05-28 00:00:00-04:00,6.61718952079181
1998-05-29 00:00:00-04:00,6.676852747828686
1998-06-01 00:00:00-04:00,6.6497311811402104
1998-06-02 00:00:00-04:00,6.682273787254114
1998-06-03 00:00:00-04:00,6.703970714999415
1998-06-04 00:00:00-04:00,6.649731082172846
1998-06-05 00:00:00-04:00,6.51955521822059
1998-06-08 00:00:00-04:00,6.595492812701567
1998-06-09 00:00:00-04:00,6.562949108544562
1998-06-10 00:00:00-04:00,6.497864494390158
1998-06-11 00:00:00-04:00,6.421927206686818
1998-06-12 00:00:00-04:00,6.253784123834209
1998-06-15 00:00:00-04:00,6.259208303896244
1998-06-16 00:00:00-04:00,6.101915212369327
1998-06-17 00:00:00-04:00,6.129034807861691
1998-06-18 00:00:00-04:00,6.156154836093475
1998-06-19 00:00:00-04:00,6.085642205075316
1998-06-22 00:00:00-04:00,5.998859811165272
1998-06-23 00:00:00-04:00,5.846992297067932
1998-06-24 00:00:00-04:00,5.890381663769766
1998-06-25 00:00:00-04:00,6.009707760193459
1998-06-26 00:00:00-04:00,5.922925343276075
1998-06-29 00:00:00-04:00,5.988014952788317
1998-06-30 00:00:00-04:00,5.944622723493766
1998-07-01 00:00:00-04:00,5.9337720593694545
1998-07-02 00:00:00-04:00,5.998861819838494
1998-07-06 00:00:00-04:00,5.944619725989759
1998-07-07 00:00:00-04:00,5.998859811165272
1998-07-08 00:00:00-04:00,5.92292488383335
1998-07-09 00:00:00-04:00,5.966315383407871
1998-07-10 00:00:00-04:00,5.825293484453429
1998-07-13 00:00:00-04:00,5.798172990273672
1998-07-14 00:00:00-04:00,5.673426657232039
1998-07-15 00:00:00-04:00,5.727664360518387
1998-07-16 00:00:00-04:00,5.814447078676094
1998-07-17 00:00:00-04:00,5.716815925862831
1998-07-20 00:00:00-04:00,5.5649446147198525
1998-07-21 00:00:00-04:00,5.505281163765139
1998-07-22 00:00:00-04:00,5.53240353775727
1998-07-23 00:00:00-04:00,5.5378252779287
1998-07-24 00:00:00-04:00,5.54325072676164
1998-07-27 00:00:00-04:00,5.537824045858248
1998-07-28 00:00:00-04:00,5.559523404371203
1998-07-29 00:00:00-04:00,5.483587177855411
1998-07-30 00:00:00-04:00,5.564946320640451
1998-07-31 00:00:00-04:00,5.630033859117592
1998-08-03 00:00:00-04:00,5.554098621718202
1998-08-04 00:00:00-04:00,5.5595219921603825
1998-08-05 00:00:00-04:00,5.445620591626357
1998-08-06 00:00:00-04:00,5.434772913727372
1998-08-07 00:00:00-04:00,5.4130745302991965
1998-08-10 00:00:00-04:00,5.445620847984785
1998-08-11 00:00:00-04:00,5.272056136685047
1998-08-12 00:00:00-04:00,5.196118235956077
1998-08-13 00:00:00-04:00,5.206968024362717
1998-08-14 00:00:00-04:00,5.0822174889507705
1998-08-17 00:00:00-04:00,4.838140074273039
1998-08-18 00:00:00-04:00,5.00085839624939
1998-08-19 00:00:00-04:00,5.0659460223465285
1998-08-20 00:00:00-04:00,5.114760234602073
1998-08-21 00:00:00-04:00,5.141879268344419
1998-08-24 00:00:00-04:00,5.0713696086339
1998-08-25 00:00:00-04:00,5.131033244219561
1998-08-26 00:00:00-04:00,5.0822160112521475
1998-08-27 00:00:00-04:00,4.935770784437062
1998-08-28 00:00:00-04:00,4.642879376251744
1998-08-31 00:00:00-04:00,4.642880265411467
1998-09-01 00:00:00-04:00,4.4693120764074035
1998-09-02 00:00:00-04:00,4.534400374116056
1998-09-03 00:00:00-04:00,4.556096680031445
1998-09-04 00:00:00-04:00,4.621182788865375
1998-09-08 00:00:00-04:00,4.686271514736391
1998-09-09 00:00:00-04:00,4.697116928780111
1998-09-10 00:00:00-04:00,4.697120008243897
1998-09-11 00:00:00-04:00,4.610336060464249
1998-09-14 00:00:00-04:00,4.653728417375821
1998-09-15 00:00:00-04:00,4.816447619073397
1998-09-16 00:00:00-04:00,4.71339027970902
1998-09-17 00:00:00-04:00,4.664577849727545
1998-09-18 00:00:00-04:00,4.588639720629275
1998-09-21 00:00:00-04:00,4.556097193419758
1998-09-22 00:00:00-04:00,4.512704793724363
1998-09-23 00:00:00-04:00,4.501856671635395
1998-09-24 00:00:00-04:00,4.577791409628921
1998-09-25 00:00:00-04:00,4.512703591962726
1998-09-28 00:00:00-04:00,4.463890675460832
1998-09-29 00:00:00-04:00,4.491010739383478
1998-09-30 00:00:00-04:00,4.534399073107403
1998-10-01 00:00:00-04:00,4.453041573578514
1998-10-02 00:00:00-04:00,4.290324262247688
1998-10-05 00:00:00-04:00,4.360835473031711
1998-10-06 00:00:00-04:00,4.409650365619654
1998-10-07 00:00:00-04:00,4.382530729332293
1998-10-08 00:00:00-04:00,4.355410452416043
1998-10-09 00:00:00-04:00,4.3933786977726434
1998-10-12 00:00:00-04:00,4.28489953312753
1998-10-13 00:00:00-04:00,4.317442950195119
1998-10-14 00:00:00-04:00,4.306595974346978
1998-10-15 00:00:00-04:00,4.241510337777483
1998-10-16 00:00:00-04:00,4.2415106785239605
1998-10-19 00:00:00-04:00,4.328291804272785
1998-10-20 00:00:00-04:00,4.263202896014127
1998-10-21 00:00:00-04:00,4.425922082633647
1998-10-22 00:00:00-04:00,4.523551523385372
1998-10-23 00:00:00-04:00,4.480161764988501
1998-10-26 00:00:00-05:00,4.425922083514835
1998-10-27 00:00:00-05:00,4.447618340903597
1998-10-28 00:00:00-05:00,4.366258750424856
1998-10-29 00:00:00-05:00,4.382529903761305
1998-10-30 00:00:00-05:00,4.377107593129045
1998-11-02 00:00:00-05:00,4.431346542176345
1998-11-03 00:00:00-05:00,4.610337617748185
1998-11-04 00:00:00-05:00,4.816445004700187
1998-11-05 00:00:00-05:00,4.773051681370963
1998-11-06 00:00:00-05:00,4.762206631483531
1998-11-09 00:00:00-05:00,4.838139339304256
1998-11-10 00:00:00-05:00,4.859835942551266
1998-11-11 00:00:00-05:00,5.011707819711315
1998-11-12 00:00:00-05:00,4.952042263596009
1998-11-13 00:00:00-05:00,5.076794485341959
1998-11-16 00:00:00-05:00,5.120183434543492
1998-11-17 00:00:00-05:00,5.071365995400216
1998-11-18 00:00:00-05:00,5.011705665723405
1998-11-19 00:00:00-05:00,4.91949861109929
1998-11-20 00:00:00-05:00,4.957467782905884
1998-11-23 00:00:00-05:00,5.103913416562772
1998-11-24 00:00:00-05:00,5.076791778557052
1998-11-25 00:00:00-05:00,5.185271539865945
1998-11-27 00:00:00-05:00,5.206966525144625
1998-11-30 00:00:00-05:00,5.141881155206074
1998-12-01 00:00:00-05:00,5.033400002955824
1998-12-02 00:00:00-05:00,4.979161716384364
1998-12-03 00:00:00-05:00,4.870681930261316
1998-12-04 00:00:00-05:00,4.859835739231682
1998-12-07 00:00:00-05:00,4.903228480820161
1998-12-08 00:00:00-05:00,5.1093357085729405
1998-12-09 00:00:00-05:00,5.0008588500189415
1998-12-10 00:00:00-05:00,4.957467122745942
1998-12-11 00:00:00-05:00,4.848989201941044
1998-12-14 00:00:00-05:00,4.794749970376706
1998-12-15 00:00:00-05:00,4.729662478686038
1998-12-16 00:00:00-05:00,4.632031254699024
1998-12-17 00:00:00-05:00,4.664575247285507
1998-12-18 00:00:00-05:00,4.610333977581578
1998-12-21 00:00:00-05:00,4.713390853187833
1998-12-22 00:00:00-05:00,4.664575065516351
1998-12-23 00:00:00-05:00,4.588642385578693
1998-12-24 00:00:00-05:00,4.713390384857624
1998-12-28 00:00:00-05:00,4.762207182123114
1998-12-29 00:00:00-05:00,4.924922843571782
1998-12-30 00:00:00-05:00,4.859837138750265
1998-12-31 00:00:00-05:00,4.805596720948157
1999-01-04 00:00:00-05:00,4.892380994105851
1999-01-05 00:00:00-05:00,5.044250090661845
1999-01-06 00:00:00-05:00,4.990010852213267
1999-01-07 00:00:00-05:00,5.11476007416524
1999-01-08 00:00:00-05:00,5.027977323836112
1999-01-11 00:00:00-05:00,5.060521706352444
1999-01-12 00:00:00-05:00,5.147302514670729
1999-01-13 00:00:00-05:00,5.033401490773323
1999-01-14 00:00:00-05:00,4.968313333933287
1999-01-15 00:00:00-05:00,4.946618889048528
1999-01-19 00:00:00-05:00,4.990013330584362
1999-01-20 00:00:00-05:00,4.968316178457938
1999-01-21 00:00:00-05:00,4.957465833306026
1999-01-22 00:00:00-05:00,4.886954385760006
1999-01-25 00:00:00-05:00,4.664573250243792
1999-01-26 00:00:00-05:00,4.729661845798968
1999-01-27 00:00:00-05:00,4.680845376822195
1999-01-28 00:00:00-05:00,4.637454346147682
1999-01-29 00:00:00-05:00,4.7459350936711235
1999-02-01 00:00:00-05:00,4.70796466855528
1999-02-02 00:00:00-05:00,4.702542360231361
1999-02-03 00:00:00-05:00,4.71881240829771
1999-02-04 00:00:00-05:00,4.702543423891701
1999-02-05 00:00:00-05:00,4.827293286504458
1999-02-08 00:00:00-05:00,4.816443022122459
1999-02-09 00:00:00-05:00,4.762205620325249
1999-02-10 00:00:00-05:00,4.729662496275501
1999-02-11 00:00:00-05:00,4.680845860107305
1999-02-12 00:00:00-05:00,4.740511659406581
1999-02-16 00:00:00-05:00,4.648301410434515
1999-02-17 00:00:00-05:00,4.66457330694114
1999-02-18 00:00:00-05:00,4.659150475278832
1999-02-19 00:00:00-05:00,4.718814353647856
1999-02-22 00:00:00-05:00,4.66999689074275
1999-02-23 00:00:00-05:00,4.664575382125178
1999-02-24 00:00:00-05:00,4.566942867375339
1999-02-25 00:00:00-05:00,4.474738175617833
1999-02-26 00:00:00-05:00,4.523552728936506
1999-03-01 00:00:00-05:00,4.425922121583038
1999-03-02 00:00:00-05:00,4.523550500482788
1999-03-03 00:00:00-05:00,4.469313302560393
1999-03-04 00:00:00-05:00,4.404226134841447
1999-03-05 00:00:00-05:00,4.409650733229445
1999-03-08 00:00:00-05:00,4.3716818708995895
1999-03-09 00:00:00-05:00,4.279476517713883
1999-03-10 00:00:00-05:00,4.257780805708637
1999-03-11 00:00:00-05:00,4.409651387519384
1999-03-12 00:00:00-05:00,4.425920000887
1999-03-15 00:00:00-05:00,4.349987943291212
1999-03-16 00:00:00-05:00,4.371682515575945
1999-03-17 00:00:00-05:00,4.37168223310821
1999-03-18 00:00:00-05:00,4.328291473065391
1999-03-19 00:00:00-05:00,4.274053771376775
1999-03-22 00:00:00-05:00,4.27405119411093
1999-03-23 00:00:00-05:00,4.339139269965988
1999-03-24 00:00:00-05:00,4.2523571941804095
1999-03-25 00:00:00-05:00,4.22523942420396
1999-03-26 00:00:00-05:00,4.219812758734087
1999-03-29 00:00:00-05:00,4.241508903560716
1999-03-30 00:00:00-05:00,4.382530210154386
1999-03-31 00:00:00-05:00,4.2740508269743485
1999-04-01 00:00:00-05:00,4.328291893005371
1999-04-05 00:00:00-04:00,4.382528187278758
1999-04-06 00:00:00-04:00,4.447618578053364
1999-04-07 00:00:00-04:00,4.4204998666099184
1999-04-08 00:00:00-04:00,4.4259199031572445
1999-04-09 00:00:00-04:00,4.458465336977338
1999-04-12 00:00:00-04:00,4.42592191696167
1999-04-13 00:00:00-04:00,4.425923594101345
1999-04-14 00:00:00-04:00,4.675423851011117
1999-04-15 00:00:00-04:00,5.011705665723405
1999-04-16 00:00:00-04:00,4.957466630546875
1999-04-19 00:00:00-04:00,5.640879176473107
1999-04-20 00:00:00-04:00,5.771055597804483
1999-04-21 00:00:00-04:00,5.494435584250694
1999-04-22 00:00:00-04:00,5.5269792362714885
1999-04-23 00:00:00-04:00,5.619187027033
1999-04-26 00:00:00-04:00,5.749359566931553
1999-04-27 00:00:00-04:00,5.662577152252197
1999-04-28 00:00:00-04:00,5.640880682549894
1999-04-29 00:00:00-04:00,5.868684525303008
1999-04-30 00:00:00-04:00,5.640881538391113
1999-05-03 00:00:00-04:00,5.630033753106652
1999-05-04 00:00:00-04:00,6.0531005859375
1999-05-05 00:00:00-04:00,6.053099974280857
1999-05-06 00:00:00-04:00,6.161579181765323
1999-05-07 00:00:00-04:00,6.345990109390985
1999-05-10 00:00:00-04:00,6.4490448432558205
1999-05-11 00:00:00-04:00,6.177848751367884
1999-05-12 00:00:00-04:00,6.226664091481424
1999-05-13 00:00:00-04:00,6.069371497797514
1999-05-14 00:00:00-04:00,6.085644616405826
1999-05-17 00:00:00-04:00,5.9663168258825126
1999-05-18 00:00:00-04:00,5.966316833015761
1999-05-19 00:00:00-04:00,5.803598716156667
1999-05-20 00:00:00-04:00,5.83614416631961
1999-05-21 00:00:00-04:00,5.971739057570588
1999-05-24 00:00:00-04:00,6.036828681909181
1999-05-25 00:00:00-04:00,6.042250852864684
1999-05-26 00:00:00-04:00,6.004284216088519
1999-05-27 00:00:00-04:00,5.977164139487731
1999-05-28 00:00:00-04:00,5.75478543060757
1999-06-01 00:00:00-04:00,5.749361620124851
1999-06-02 00:00:00-04:00,5.906652966725517
1999-06-03 00:00:00-04:00,5.906652759398643
1999-06-04 00:00:00-04:00,5.901229381561279
1999-06-07 00:00:00-04:00,5.901230934465652
1999-06-08 00:00:00-04:00,5.91207791191258
1999-06-09 00:00:00-04:00,5.868684348787485
1999-06-10 00:00:00-04:00,5.852412396798853
1999-06-11 00:00:00-04:00,5.792751903385311
1999-06-14 00:00:00-04:00,5.901232581001152
1999-06-15 00:00:00-04:00,5.944620374141886
1999-06-16 00:00:00-04:00,5.9988605011758
1999-06-17 00:00:00-04:00,6.009708841861985
1999-06-18 00:00:00-04:00,6.031402449204318
1999-06-21 00:00:00-04:00,6.063945588145331
1999-06-22 00:00:00-04:00,5.87410935310344
1999-06-23 00:00:00-04:00,5.81444547760066
1999-06-24 00:00:00-04:00,5.7819029210051935
1999-06-25 00:00:00-04:00,5.630033346545643
1999-06-28 00:00:00-04:00,5.668001560027938
1999-06-29 00:00:00-04:00,5.792752061522605
1999-06-30 00:00:00-04:00,5.803598921435523
1999-07-01 00:00:00-04:00,5.92292568009618
1999-07-02 00:00:00-04:00,5.852415219835446
1999-07-06 00:00:00-04:00,5.901228514384368
1999-07-07 00:00:00-04:00,5.846990052641427
1999-07-08 00:00:00-04:00,5.857837828939116
1999-07-09 00:00:00-04:00,5.998858886764265
1999-07-12 00:00:00-04:00,6.074793763555765
1999-07-13 00:00:00-04:00,5.99343567316304
1999-07-14 00:00:00-04:00,5.9663184459708445
1999-07-15 00:00:00-04:00,5.9608928779363035
1999-07-16 00:00:00-04:00,5.9391958160087075
1999-07-19 00:00:00-04:00,6.020557312100574
1999-07-20 00:00:00-04:00,5.879534679595877
1999-07-21 00:00:00-04:00,5.922926848775902
1999-07-22 00:00:00-04:00,5.922926848775902
1999-07-23 00:00:00-04:00,5.917503129470803
1999-07-26 00:00:00-04:00,5.884957360626333
1999-07-27 00:00:00-04:00,6.009708841861985
1999-07-28 00:00:00-04:00,6.074796213746962
1999-07-29 00:00:00-04:00,6.08564279896
1999-07-30 00:00:00-04:00,6.074796076274483
1999-08-02 00:00:00-04:00,6.0531015184563
1999-08-03 00:00:00-04:00,6.112762669340695
1999-08-04 00:00:00-04:00,6.031403887178702
1999-08-05 00:00:00-04:00,5.84699004242512
1999-08-06 00:00:00-04:00,5.982588728128258
1999-08-09 00:00:00-04:00,5.9771663837469795
1999-08-10 00:00:00-04:00,5.939196725281999
1999-08-11 00:00:00-04:00,5.825295191114377
1999-08-12 00:00:00-04:00,5.846991200593509
1999-08-13 00:00:00-04:00,5.901229855773631
1999-08-16 00:00:00-04:00,5.9500441233015335
1999-08-17 00:00:00-04:00,5.825295314705684
1999-08-18 00:00:00-04:00,5.857838116694399
1999-08-19 00:00:00-04:00,5.781903495065669
1999-08-20 00:00:00-04:00,5.72766417496316
1999-08-23 00:00:00-04:00,5.727664415647703
1999-08-24 00:00:00-04:00,5.727663124913278
1999-08-25 00:00:00-04:00,5.570370016127661
1999-08-26 00:00:00-04:00,5.456468402499488
1999-08-27 00:00:00-04:00,5.337140965006241
1999-08-30 00:00:00-04:00,5.185269355773926
1999-08-31 00:00:00-04:00,5.163577147780609
1999-09-01 00:00:00-04:00,5.065944367173922
1999-09-02 00:00:00-04:00,5.16357443975801
1999-09-03 00:00:00-04:00,5.244935554801453
1999-09-07 00:00:00-04:00,5.310020770752197
1999-09-08 00:00:00-04:00,4.946618652262757
1999-09-09 00:00:00-04:00,5.011704678425655
1999-09-10 00:00:00-04:00,4.838141441345215
1999-09-13 00:00:00-04:00,4.843566407154848
1999-09-14 00:00:00-04:00,4.794748686789319
1999-09-15 00:00:00-04:00,4.686270736618512
1999-09-16 00:00:00-04:00,4.610335293169976
1999-09-17 00:00:00-04:00,4.523551833799211
1999-09-20 00:00:00-04:00,4.469314093101534
1999-09-21 00:00:00-04:00,4.355410469904193
1999-09-22 00:00:00-04:00,4.246934286062925
1999-09-23 00:00:00-04:00,4.176422825322167
1999-09-24 00:00:00-04:00,4.0787906168496875
1999-09-27 00:00:00-04:00,4.035401563524936
1999-09-28 00:00:00-04:00,4.138452091814545
1999-09-29 00:00:00-04:00,4.046247812380066
1999-09-30 00:00:00-04:00,4.089637639231847
1999-10-01 00:00:00-04:00,4.187269978340341
1999-10-04 00:00:00-04:00,4.067943534311171
1999-10-05 00:00:00-04:00,3.959464255690294
1999-10-06 00:00:00-04:00,3.8781059338798447
1999-10-07 00:00:00-04:00,3.8835299380799637
1999-10-08 00:00:00-04:00,3.899801381687134
1999-10-11 00:00:00-04:00,3.926920494993047
1999-10-12 00:00:00-04:00,3.9920090023399646
1999-10-13 00:00:00-04:00,3.850986260716302
1999-10-14 00:00:00-04:00,3.840137614939092
1999-10-15 00:00:00-04:00,3.6340281808359225
1999-10-18 00:00:00-04:00,3.5472464362808602
1999-10-19 00:00:00-04:00,3.720812060385104
1999-10-20 00:00:00-04:00,3.5635193513401013
1999-10-21 00:00:00-04:00,3.5038543526884065
1999-10-22 00:00:00-04:00,3.482159718459494
1999-10-25 00:00:00-04:00,3.5743660194931373
1999-10-26 00:00:00-04:00,3.5689428613937286
1999-10-27 00:00:00-04:00,3.4496162621606716
1999-10-28 00:00:00-04:00,3.4984312057495113
1999-10-29 00:00:00-04:00,3.5038551734438945
1999-11-01 00:00:00-05:00,3.5309742068909724
1999-11-02 00:00:00-05:00,3.6665729557646722
1999-11-03 00:00:00-05:00,3.818443895455841
1999-11-04 00:00:00-05:00,3.9052261761327447
1999-11-05 00:00:00-05:00,3.8835298311966797
1999-11-08 00:00:00-05:00,3.8726810318749934
1999-11-09 00:00:00-05:00,3.992007970809936
1999-11-10 00:00:00-05:00,3.9920080661508712
1999-11-11 00:00:00-05:00,4.008277897776833
1999-11-12 00:00:00-05:00,4.013704285791468
1999-11-15 00:00:00-05:00,4.00285607131603
1999-11-16 00:00:00-05:00,4.062518439984451
1999-11-17 00:00:00-05:00,4.111333532757432
1999-11-18 00:00:00-05:00,4.1981193223676705
1999-11-19 00:00:00-05:00,4.181846958799416
1999-11-22 00:00:00-05:00,4.100487107291152
1999-11-23 00:00:00-05:00,4.078791633198017
1999-11-24 00:00:00-05:00,4.100488024482114
1999-11-26 00:00:00-05:00,4.089640086733295
1999-11-29 00:00:00-05:00,4.0842139221173985
1999-11-30 00:00:00-05:00,4.127606082646122
1999-12-01 00:00:00-05:00,4.252355462980827
1999-12-02 00:00:00-05:00,4.187269826468592
1999-12-03 00:00:00-05:00,4.122182084915887
1999-12-06 00:00:00-05:00,4.263204040255293
1999-12-07 00:00:00-05:00,4.198117914056161
1999-12-08 00:00:00-05:00,4.057093955721517
1999-12-09 00:00:00-05:00,4.187271127589238
1999-12-10 00:00:00-05:00,4.0570939237544605
1999-12-13 00:00:00-05:00,4.095060637619524
1999-12-14 00:00:00-05:00,4.122182346980138
1999-12-15 00:00:00-05:00,4.5777925579817325
1999-12-16 00:00:00-05:00,4.317442187422105
1999-12-17 00:00:00-05:00,4.512705425600981
1999-12-20 00:00:00-05:00,4.57778976363037
1999-12-21 00:00:00-05:00,4.469313477510251
1999-12-22 00:00:00-05:00,4.480162023898992
1999-12-23 00:00:00-05:00,4.577792254308448
1999-12-27 00:00:00-05:00,4.686270204388887
1999-12-28 00:00:00-05:00,4.729659987910363
1999-12-29 00:00:00-05:00,4.832715356099382
1999-12-30 00:00:00-05:00,4.8923786378401095
1999-12-31 00:00:00-05:00,4.892378042325416
2000-01-03 00:00:00-05:00,4.990010439150351
2000-01-04 00:00:00-05:00,4.756779783728947
2000-01-05 00:00:00-05:00,4.713390562134202
2000-01-06 00:00:00-05:00,4.762207256365504
2000-01-07 00:00:00-05:00,4.794749777514202
2000-01-10 00:00:00-05:00,4.88153155404168
2000-01-11 00:00:00-05:00,4.957466170178971
2000-01-12 00:00:00-05:00,5.022555181530728
2000-01-13 00:00:00-05:00,5.131031753309258
2000-01-14 00:00:00-05:00,5.185272202622434
2000-01-18 00:00:00-05:00,5.1906968826713475
2000-01-19 00:00:00-05:00,5.087642024259762
2000-01-20 00:00:00-05:00,4.957467820412128
2000-01-21 00:00:00-05:00,4.8327175553797606
2000-01-24 00:00:00-05:00,4.870685147461424
2000-01-25 00:00:00-05:00,4.740510995726522
2000-01-26 00:00:00-05:00,4.621184505670164
2000-01-27 00:00:00-05:00,4.74051137916846
2000-01-28 00:00:00-05:00,4.794750144012811
2000-01-31 00:00:00-05:00,4.675422557173204
2000-02-01 00:00:00-05:00,4.664575264632913
2000-02-02 00:00:00-05:00,4.664576848129726
2000-02-03 00:00:00-05:00,4.659150656075263
2000-02-04 00:00:00-05:00,4.659149770596965
2000-02-07 00:00:00-05:00,4.577792056717975
2000-02-08 00:00:00-05:00,4.5669441237716635
2000-02-09 00:00:00-05:00,4.480161933381198
2000-02-10 00:00:00-05:00,4.339139421836828
2000-02-11 00:00:00-05:00,4.366258228703242
2000-02-14 00:00:00-05:00,4.274051600204779
2000-02-15 00:00:00-05:00,4.322867308261237
2000-02-16 00:00:00-05:00,4.425924119903108
2000-02-17 00:00:00-05:00,4.317443067852406
2000-02-18 00:00:00-05:00,4.377106796170652
2000-02-22 00:00:00-05:00,4.241510001715048
2000-02-23 00:00:00-05:00,4.317442720522782
2000-02-24 00:00:00-05:00,4.192693305290859
2000-02-25 00:00:00-05:00,4.208966020364829
2000-02-28 00:00:00-05:00,4.051671780041249
2000-02-29 00:00:00-05:00,4.089638625109285
2000-03-01 00:00:00-05:00,4.252355712027463
2000-03-02 00:00:00-05:00,4.219812092812948
2000-03-03 00:00:00-05:00,4.187268497782676
2000-03-06 00:00:00-05:00,4.279478104127617
2000-03-07 00:00:00-05:00,4.1764202704948445
2000-03-08 00:00:00-05:00,4.057093845461687
2000-03-09 00:00:00-05:00,4.252356378220577
2000-03-10 00:00:00-05:00,4.219813481098116
2000-03-13 00:00:00-05:00,4.165572394627673
2000-03-14 00:00:00-05:00,4.165573602147621
2000-03-15 00:00:00-05:00,4.2523557557666
2000-03-16 00:00:00-05:00,4.566942475936063
2000-03-17 00:00:00-05:00,4.773053464856371
2000-03-20 00:00:00-05:00,4.599489332155905
2000-03-21 00:00:00-05:00,4.632030641167971
2000-03-22 00:00:00-05:00,4.686269623099667
2000-03-23 00:00:00-05:00,4.512705401904275
2000-03-24 00:00:00-05:00,4.6266079641245
2000-03-27 00:00:00-05:00,4.6862702556510385
2000-03-28 00:00:00-05:00,4.566944406402521
2000-03-29 00:00:00-05:00,4.762206470868875
2000-03-30 00:00:00-05:00,4.832714753822787
2000-03-31 00:00:00-05:00,4.946620608619538
2000-04-03 00:00:00-04:00,4.903228069742316
2000-04-04 00:00:00-04:00,4.979161394415617
2000-04-05 00:00:00-04:00,4.968317829557131
2000-04-06 00:00:00-04:00,4.968313531917959
2000-04-07 00:00:00-04:00,5.0550968485517656
2000-04-10 00:00:00-04:00,5.017129931851074
2000-04-11 00:00:00-04:00,4.9466188682030126
2000-04-12 00:00:00-04:00,5.120186153414991
2000-04-13 00:00:00-04:00,5.239511806510037
2000-04-14 00:00:00-04:00,5.098488715572804
2000-04-17 00:00:00-04:00,4.946617470836793
2000-04-18 00:00:00-04:00,4.968315877719497
2000-04-19 00:00:00-04:00,5.109333362565569
2000-04-20 00:00:00-04:00,5.011708683854154
2000-04-24 00:00:00-04:00,5.027976989746094
2000-04-25 00:00:00-04:00,5.027976324245541
2000-04-26 00:00:00-04:00,4.9900095881632955
2000-04-27 00:00:00-04:00,5.022553738543923
2000-04-28 00:00:00-04:00,5.076792435412636
2000-05-01 00:00:00-04:00,5.049671460800618
2000-05-02 00:00:00-04:00,5.07679360919788
2000-05-03 00:00:00-04:00,5.120184919234874
2000-05-04 00:00:00-04:00,4.92492183595593
2000-05-05 00:00:00-04:00,4.957467025332831
2000-05-08 00:00:00-04:00,5.0659456739675885
2000-05-09 00:00:00-04:00,5.120185852050781
2000-05-10 00:00:00-04:00,5.10933606532807
2000-05-11 00:00:00-04:00,5.060522393335654
2000-05-12 00:00:00-04:00,5.1201853497942
2000-05-15 00:00:00-04:00,5.174424732802368
2000-05-16 00:00:00-04:00,5.3208695901228875
2000-05-17 00:00:00-04:00,5.423922449171748
2000-05-18 00:00:00-04:00,5.537827834926759
2000-05-19 00:00:00-04:00,5.532401009958393
2000-05-22 00:00:00-04:00,5.510705994621529
2000-05-23 00:00:00-04:00,5.570373956600977
2000-05-24 00:00:00-04:00,5.630032965032398
2000-05-25 00:00:00-04:00,5.74936385504155
2000-05-26 00:00:00-04:00,5.619186163574645
2000-05-30 00:00:00-04:00,5.494435540903546
2000-05-31 00:00:00-04:00,5.315446128511916
2000-06-01 00:00:00-04:00,5.3045978933241855
2000-06-02 00:00:00-04:00,5.364262472511949
2000-06-05 00:00:00-04:00,5.337139840000628
2000-06-06 00:00:00-04:00,5.196120880095323
2000-06-07 00:00:00-04:00,5.288326494312388
2000-06-08 00:00:00-04:00,5.163577067336754
2000-06-09 00:00:00-04:00,5.282903573150559
2000-06-12 00:00:00-04:00,5.445620075503068
2000-06-13 00:00:00-04:00,5.4130778849877785
2000-06-14 00:00:00-04:00,5.418501293655083
2000-06-15 00:00:00-04:00,5.467316520561982
2000-06-16 00:00:00-04:00,5.326294281052911
2000-06-19 00:00:00-04:00,5.342565748374645
2000-06-20 00:00:00-04:00,5.1635761664072
2000-06-21 00:00:00-04:00,5.163575903842402
2000-06-22 00:00:00-04:00,5.250358638366303
2000-06-23 00:00:00-04:00,5.196118247213463
2000-06-26 00:00:00-04:00,5.131031933299634
2000-06-27 00:00:00-04:00,5.055096053041278
2000-06-28 00:00:00-04:00,5.206967215879713
2000-06-29 00:00:00-04:00,5.16899961925913
2000-06-30 00:00:00-04:00,5.10391095986516
2000-07-03 00:00:00-04:00,5.038825544064066
2000-07-05 00:00:00-04:00,5.282901146760021
2000-07-06 00:00:00-04:00,5.082217910512489
2000-07-07 00:00:00-04:00,5.120184382083389
2000-07-10 00:00:00-04:00,5.1310318087708024
2000-07-11 00:00:00-04:00,5.185272459783086
2000-07-12 00:00:00-04:00,5.337141275623317
2000-07-13 00:00:00-04:00,5.293749920377668
2000-07-14 00:00:00-04:00,5.326294167568731
2000-07-17 00:00:00-04:00,5.244932441994136
2000-07-18 00:00:00-04:00,5.25578351729517
2000-07-19 00:00:00-04:00,5.282902169290719
2000-07-20 00:00:00-04:00,5.16357683705879
2000-07-21 00:00:00-04:00,5.098486765302243
2000-07-24 00:00:00-04:00,5.087642040743555
2000-07-25 00:00:00-04:00,5.141880683974671
2000-07-26 00:00:00-04:00,5.272055886506689
2000-07-27 00:00:00-04:00,5.239512596029918
2000-07-28 00:00:00-04:00,5.358837739961692
2000-07-31 00:00:00-04:00,5.293749325549409
2000-08-01 00:00:00-04:00,5.250359277660832
2000-08-02 00:00:00-04:00,5.2937505749988825
2000-08-03 00:00:00-04:00,5.163574844614224
2000-08-04 00:00:00-04:00,5.28832586683138
2000-08-07 00:00:00-04:00,5.402227748210791
2000-08-08 00:00:00-04:00,5.521555601613453
2000-08-09 00:00:00-04:00,5.548675100845603
2000-08-10 00:00:00-04:00,5.575794149105992
2000-08-11 00:00:00-04:00,5.559523613814822
2000-08-14 00:00:00-04:00,5.695121123602427
2000-08-15 00:00:00-04:00,5.695121765136719
2000-08-16 00:00:00-04:00,5.705967705415258
2000-08-17 00:00:00-04:00,5.7493602434035465
2000-08-18 00:00:00-04:00,5.8144487092100245
2000-08-21 00:00:00-04:00,5.727664360518387
2000-08-22 00:00:00-04:00,5.7168168906778565
2000-08-23 00:00:00-04:00,5.771056338717612
2000-08-24 00:00:00-04:00,5.787326840799096
2000-08-25 00:00:00-04:00,5.890379829993571
2000-08-28 00:00:00-04:00,5.868686194977386
2000-08-29 00:00:00-04:00,5.917502019773628
2000-08-30 00:00:00-04:00,5.8849585796580675
2000-08-31 00:00:00-04:00,5.857839853183179
2000-09-01 00:00:00-04:00,5.890382616180368
2000-09-05 00:00:00-04:00,5.922923918021895
2000-09-06 00:00:00-04:00,6.020556115515668
2000-09-07 00:00:00-04:00,6.0747956940191985
2000-09-08 00:00:00-04:00,6.22666404352071
2000-09-11 00:00:00-04:00,6.118187449228117
2000-09-12 00:00:00-04:00,6.194121837615967
2000-09-13 00:00:00-04:00,6.204970096612661
2000-09-14 00:00:00-04:00,6.118185167061113
2000-09-15 00:00:00-04:00,5.944619861226834
2000-09-18 00:00:00-04:00,5.814446784296929
2000-09-19 00:00:00-04:00,5.700543951517495
2000-09-20 00:00:00-04:00,5.6842728765878565
2000-09-21 00:00:00-04:00,5.586642531493622
2000-09-22 00:00:00-04:00,5.662576844359579
2000-09-25 00:00:00-04:00,5.619186756834843
2000-09-26 00:00:00-04:00,5.608335003856003
2000-09-27 00:00:00-04:00,5.640880866598419
2000-09-28 00:00:00-04:00,5.716815639118296
2000-09-29 00:00:00-04:00,5.7330868229069205
2000-10-02 00:00:00-04:00,5.803596988162933
2000-10-03 00:00:00-04:00,5.727664186822526
2000-10-04 00:00:00-04:00,5.933772211070701
2000-10-05 00:00:00-04:00,5.901230811620069
2000-10-06 00:00:00-04:00,5.803598741393892
2000-10-09 00:00:00-04:00,5.988012313842773
2000-10-10 00:00:00-04:00,5.9880141555544695
2000-10-11 00:00:00-04:00,6.0314036714640284
2000-10-12 00:00:00-04:00,5.977164170933194
2000-10-13 00:00:00-04:00,5.8903818744407515
2000-10-16 00:00:00-04:00,5.819872431095523
2000-10-17 00:00:00-04:00,5.950045761832507
2000-10-18 00:00:00-04:00,5.781902774115632
2000-10-19 00:00:00-04:00,5.749360888263764
2000-10-20 00:00:00-04:00,5.836141643588664
2000-10-23 00:00:00-04:00,5.998860649967051
2000-10-24 00:00:00-04:00,5.933773021391021
2000-10-25 00:00:00-04:00,6.053099184898847
2000-10-26 00:00:00-04:00,6.031403581361032
2000-10-27 00:00:00-04:00,6.031403246625539
2000-10-30 00:00:00-05:00,5.912077459568155
2000-10-31 00:00:00-05:00,6.335141901093648
2000-11-01 00:00:00-05:00,6.584646043981577
2000-11-02 00:00:00-05:00,6.649732385856756
2000-11-03 00:00:00-05:00,6.562948139922135
2000-11-06 00:00:00-05:00,6.579219975739562
2000-11-07 00:00:00-05:00,6.3568381022519524
2000-11-08 00:00:00-05:00,6.497861597624519
2000-11-09 00:00:00-05:00,6.411078024259727
2000-11-10 00:00:00-05:00,6.270057404927831
2000-11-13 00:00:00-05:00,6.2429362599706755
2000-11-14 00:00:00-05:00,6.2049700915026405
2000-11-15 00:00:00-05:00,6.302600648525308
2000-11-16 00:00:00-05:00,6.367686102468096
2000-11-17 00:00:00-05:00,6.248359254370194
2000-11-20 00:00:00-05:00,6.237512903520374
2000-11-21 00:00:00-05:00,6.172425983743753
2000-11-22 00:00:00-05:00,6.248360894385979
2000-11-24 00:00:00-05:00,6.150730496054544
2000-11-27 00:00:00-05:00,6.237511976827582
2000-11-28 00:00:00-05:00,6.204968804143473
2000-11-29 00:00:00-05:00,6.20496855888696
2000-11-30 00:00:00-05:00,6.139881417900788
2000-12-01 00:00:00-05:00,5.91207891141697
2000-12-04 00:00:00-05:00,5.933774310680219
2000-12-05 00:00:00-05:00,6.080218599235838
2000-12-06 00:00:00-05:00,6.226665327254246
2000-12-07 00:00:00-05:00,6.270057081746295
2000-12-08 00:00:00-05:00,6.1453060914305615
2000-12-11 00:00:00-05:00,6.063945717079216
2000-12-12 00:00:00-05:00,6.0151328098714245
2000-12-13 00:00:00-05:00,6.053099184898847
2000-12-14 00:00:00-05:00,6.015133806413885
2000-12-15 00:00:00-05:00,5.846990694839827
2000-12-18 00:00:00-05:00,5.7602075595857585
2000-12-19 00:00:00-05:00,5.868685374377491
2000-12-20 00:00:00-05:00,5.857837021447206
2000-12-21 00:00:00-05:00,5.809021053092432
2000-12-22 00:00:00-05:00,5.792752061522605
2000-12-26 00:00:00-05:00,5.80359853768428
2000-12-27 00:00:00-05:00,5.9012282686216615
2000-12-28 00:00:00-05:00,6.053101295407312
2000-12-29 00:00:00-05:00,6.204968050017433
2001-01-02 00:00:00-05:00,6.199545516234535
2001-01-03 00:00:00-05:00,6.04767481531781
2001-01-04 00:00:00-05:00,6.1832753275983885
2001-01-05 00:00:00-05:00,6.3785349373057985
2001-01-08 00:00:00-05:00,6.340568074998884
2001-01-09 00:00:00-05:00,6.335144506049583
2001-01-10 00:00:00-05:00,6.302600421250079
2001-01-11 00:00:00-05:00,6.541253771918552
2001-01-12 00:00:00-05:00,6.324297741261761
2001-01-16 00:00:00-05:00,6.291751704837712
2001-01-17 00:00:00-05:00,6.465317036191265
2001-01-18 00:00:00-05:00,6.394807442830302
2001-01-19 00:00:00-05:00,6.291751142853411
2001-01-22 00:00:00-05:00,6.23751426172629
2001-01-23 00:00:00-05:00,6.074795755455126
2001-01-24 00:00:00-05:00,6.118186809188218
2001-01-25 00:00:00-05:00,5.988012187484134
2001-01-26 00:00:00-05:00,5.988013939822279
2001-01-29 00:00:00-05:00,5.97499517374691
2001-01-30 00:00:00-05:00,5.970656516819449
2001-01-31 00:00:00-05:00,6.04876112437602
2001-02-01 00:00:00-05:00,6.191953297389986
2001-02-02 00:00:00-05:00,6.1876143198845694
2001-02-05 00:00:00-05:00,6.257907503973801
2001-02-06 00:00:00-05:00,6.343823373041546
2001-02-07 00:00:00-05:00,6.356838894821936
2001-02-08 00:00:00-05:00,6.30390188356008
2001-02-09 00:00:00-05:00,6.23621118833127
2001-02-12 00:00:00-05:00,6.29175111859656
2001-02-13 00:00:00-05:00,6.336011835842369
2001-02-14 00:00:00-05:00,6.50957527346466
2001-02-15 00:00:00-05:00,6.617188500023246
2001-02-16 00:00:00-05:00,6.656239967229042
2001-02-20 00:00:00-05:00,6.5260644593181
2001-02-21 00:00:00-05:00,6.578136450314428
2001-02-22 00:00:00-05:00,6.508708521538023
2001-02-23 00:00:00-05:00,6.5434227884683835
2001-02-26 00:00:00-05:00,6.443624605992857
2001-02-27 00:00:00-05:00,6.695291626945217
2001-02-28 00:00:00-05:00,6.676198825174711
2001-03-01 00:00:00-05:00,6.643220261054966
2001-03-02 00:00:00-05:00,6.595493679302394
2001-03-05 00:00:00-05:00,6.747361432262889
2001-03-06 00:00:00-05:00,6.9686573064339425
2001-03-07 00:00:00-05:00,6.96084793088162
2001-03-08 00:00:00-05:00,7.202969805636672
2001-03-09 00:00:00-05:00,7.211647321279503
2001-03-12 00:00:00-05:00,7.159582202674825
2001-03-13 00:00:00-05:00,7.051966429961188
2001-03-14 00:00:00-05:00,6.821127897297588
2001-03-15 00:00:00-05:00,6.708307708145871
2001-03-16 00:00:00-05:00,6.508708532770153
2001-03-19 00:00:00-05:00,6.495693719283683
2001-03-20 00:00:00-05:00,6.560780826546816
2001-03-21 00:00:00-05:00,6.591152287259173
2001-03-22 00:00:00-05:00,6.356838715544685
2001-03-23 00:00:00-05:00,6.2049705762614815
2001-03-26 00:00:00-05:00,6.309107943631573
2001-03-27 00:00:00-05:00,6.49135152422318
2001-03-28 00:00:00-05:00,6.587681973652194
2001-03-29 00:00:00-05:00,6.3785347704045074
2001-03-30 00:00:00-05:00,6.361179230201361
2001-04-02 00:00:00-04:00,6.421926656222599
2001-04-03 00:00:00-04:00,6.34902922300446
2001-04-04 00:00:00-04:00,6.185877117404931
2001-04-05 00:00:00-04:00,6.248360924657791
2001-04-06 00:00:00-04:00,6.301299240721731
2001-04-09 00:00:00-04:00,6.126863774899474
2001-04-10 00:00:00-04:00,6.178933267364318
2001-04-11 00:00:00-04:00,6.335142762072461
2001-04-12 00:00:00-04:00,6.2049717476895285
2001-04-16 00:00:00-04:00,6.222327592522415
2001-04-17 00:00:00-04:00,6.0834741707556255
2001-04-18 00:00:00-04:00,6.430603994160777
2001-04-19 00:00:00-04:00,6.465319982206477
2001-04-20 00:00:00-04:00,6.270054197803752
2001-04-23 00:00:00-04:00,6.1572385167180155
2001-04-24 00:00:00-04:00,6.139881717716893
2001-04-25 00:00:00-04:00,6.2101743478408045
2001-04-26 00:00:00-04:00,6.161577416280556
2001-04-27 00:00:00-04:00,6.322127599984071
2001-04-30 00:00:00-04:00,6.335140890800619
2001-05-01 00:00:00-04:00,6.2205904854672704
2001-05-02 00:00:00-04:00,6.183273522218103
2001-05-03 00:00:00-04:00,6.152898757938639
2001-05-04 00:00:00-04:00,6.226666290475781
2001-05-07 00:00:00-04:00,6.245757861261596
2001-05-08 00:00:00-04:00,6.35250204515943
2001-05-09 00:00:00-04:00,6.322125393765886
2001-05-10 00:00:00-04:00,6.421926935999416
2001-05-11 00:00:00-04:00,6.443623600371014
2001-05-14 00:00:00-04:00,6.417586518746747
2001-05-15 00:00:00-04:00,6.465316986245326
2001-05-16 00:00:00-04:00,6.504371468769672
2001-05-17 00:00:00-04:00,6.7161210650551855
2001-05-18 00:00:00-04:00,6.699629847414536
2001-05-21 00:00:00-04:00,6.682273926596896
2001-05-22 00:00:00-04:00,6.725664867271193
2001-05-23 00:00:00-04:00,6.686613518759335
2001-05-24 00:00:00-04:00,6.617186058601927
2001-05-25 00:00:00-04:00,6.552100612350818
2001-05-29 00:00:00-04:00,6.621526463265592
2001-05-30 00:00:00-04:00,6.638882389218084
2001-05-31 00:00:00-04:00,6.513048319708834
2001-06-01 00:00:00-04:00,6.634543750972055
2001-06-04 00:00:00-04:00,6.637146944949528
2001-06-05 00:00:00-04:00,6.841953790275896
2001-06-06 00:00:00-04:00,6.703967760612987
2001-06-07 00:00:00-04:00,6.697027628423017
2001-06-08 00:00:00-04:00,6.6215286364856105
2001-06-11 00:00:00-04:00,6.682277378295613
2001-06-12 00:00:00-04:00,6.560777531852412
2001-06-13 00:00:00-04:00,6.635411738371195
2001-06-14 00:00:00-04:00,6.615451509500122
2001-06-15 00:00:00-04:00,6.418454210149969
2001-06-18 00:00:00-04:00,6.3715919348513
2001-06-19 00:00:00-04:00,6.435812184288709
2001-06-20 00:00:00-04:00,6.45663982235231
2001-06-21 00:00:00-04:00,6.434075172160908
2001-06-22 00:00:00-04:00,6.285679088666622
2001-06-25 00:00:00-04:00,6.122528162659597
2001-06-26 00:00:00-04:00,6.02619843024566
2001-06-27 00:00:00-04:00,6.017518600824469
2001-06-28 00:00:00-04:00,5.998425312308582
2001-06-29 00:00:00-04:00,5.8717223683798245
2001-07-02 00:00:00-04:00,5.901229438090037
2001-07-03 00:00:00-04:00,5.935072597099093
2001-07-05 00:00:00-04:00,5.93160440816112
2001-07-06 00:00:00-04:00,6.044419824864677
2001-07-09 00:00:00-04:00,5.96197630221875
2001-07-10 00:00:00-04:00,5.961978227688414
2001-07-11 00:00:00-04:00,5.959375353888002
2001-07-12 00:00:00-04:00,5.982804276905906
2001-07-13 00:00:00-04:00,5.975864265778839
2001-07-16 00:00:00-04:00,5.9420183124959065
2001-07-17 00:00:00-04:00,5.823993693335455
2001-07-18 00:00:00-04:00,5.862176871342052
2001-07-19 00:00:00-04:00,5.850029827954527
2001-07-20 00:00:00-04:00,5.933340645101523
2001-07-23 00:00:00-04:00,5.901229669260924
2001-07-24 00:00:00-04:00,5.776263311228179
2001-07-25 00:00:00-04:00,5.610509308223329
2001-07-26 00:00:00-04:00,5.790149043651858
2001-07-27 00:00:00-04:00,5.806636436042993
2001-07-30 00:00:00-04:00,5.758038264033066
2001-07-31 00:00:00-04:00,5.69295268999867
2001-08-01 00:00:00-04:00,5.764980538494119
2001-08-02 00:00:00-04:00,5.701629506049129
2001-08-03 00:00:00-04:00,5.678199102393481
2001-08-06 00:00:00-04:00,5.632201628340659
2001-08-07 00:00:00-04:00,5.548022422906266
2001-08-08 00:00:00-04:00,5.519385187439483
2001-08-09 00:00:00-04:00,5.436942943971299
2001-08-10 00:00:00-04:00,5.326727334955161
2001-08-13 00:00:00-04:00,5.402230079366016
2001-08-14 00:00:00-04:00,5.450827916264273
2001-08-15 00:00:00-04:00,5.467315719878924
2001-08-16 00:00:00-04:00,5.528062021447536
2001-08-17 00:00:00-04:00,5.482936009952571
2001-08-20 00:00:00-04:00,5.458636543518577
2001-08-21 00:00:00-04:00,5.423924312863588
2001-08-22 00:00:00-04:00,5.475994976933225
2001-08-23 00:00:00-04:00,5.467316156929068
2001-08-24 00:00:00-04:00,5.467315755158103
2001-08-27 00:00:00-04:00,5.484672609128696
2001-08-28 00:00:00-04:00,5.5723226697848345
2001-08-29 00:00:00-04:00,5.53153495293606
2001-08-30 00:00:00-04:00,5.456901044923905
2001-08-31 00:00:00-04:00,5.357968339870732
2001-09-04 00:00:00-04:00,5.41090811960395
2001-09-05 00:00:00-04:00,5.4638457964502285
2001-09-06 00:00:00-04:00,5.410908490740046
2001-09-07 00:00:00-04:00,5.345818888799162
2001-09-10 00:00:00-04:00,5.2711873081403136
2001-09-17 00:00:00-04:00,5.0767934386634765
2001-09-18 00:00:00-04:00,4.686270243326132
2001-09-19 00:00:00-04:00,4.6697802890458115
2001-09-20 00:00:00-04:00,4.478860135850604
2001-09-21 00:00:00-04:00,4.165573955823858
2001-09-24 00:00:00-04:00,4.239339458387831
2001-09-25 00:00:00-04:00,4.23847167739723
2001-09-26 00:00:00-04:00,4.280126247629756
2001-09-27 00:00:00-04:00,4.2783939533324045
2001-09-28 00:00:00-04:00,3.9703126703058853
2001-10-01 00:00:00-04:00,4.268845510356401
2001-10-02 00:00:00-04:00,4.197682410746555
2001-10-03 00:00:00-04:00,4.232398603342189
2001-10-04 00:00:00-04:00,4.317441611627157
2001-10-05 00:00:00-04:00,4.330464301899213
2001-10-08 00:00:00-04:00,4.286201548862409
2001-10-09 00:00:00-04:00,4.248016798191247
2001-10-10 00:00:00-04:00,4.228926971145932
2001-10-11 00:00:00-04:00,4.339140775056236
2001-10-12 00:00:00-04:00,4.484065117105408
2001-10-15 00:00:00-04:00,4.413772560818874
2001-10-16 00:00:00-04:00,4.387737513104941
2001-10-17 00:00:00-04:00,4.391209030856315
2001-10-18 00:00:00-04:00,4.261034762627221
2001-10-19 00:00:00-04:00,4.182930714566725
2001-10-22 00:00:00-04:00,4.1395375084359385
2001-10-23 00:00:00-04:00,4.30529515557492
2001-10-24 00:00:00-04:00,4.260166644859745
2001-10-25 00:00:00-04:00,4.143877983732483
2001-10-26 00:00:00-04:00,4.161234206172735
2001-10-29 00:00:00-05:00,4.266242956451601
2001-10-30 00:00:00-05:00,4.161234925237979
2001-10-31 00:00:00-05:00,4.094411545705972
2001-11-01 00:00:00-05:00,4.118709940912603
2001-11-02 00:00:00-05:00,4.248885302316009
2001-11-05 00:00:00-05:00,4.320046252444106
2001-11-06 00:00:00-05:00,4.269711260824027
2001-11-07 00:00:00-05:00,4.382530534254263
2001-11-08 00:00:00-05:00,4.418980339343243
2001-11-09 00:00:00-05:00,4.382530181339845
2001-11-12 00:00:00-05:00,4.404225280942239
2001-11-13 00:00:00-05:00,4.388605630513345
2001-11-14 00:00:00-05:00,4.512705220182622
2001-11-15 00:00:00-05:00,4.46497450304183
2001-11-16 00:00:00-05:00,4.447616789881909
2001-11-19 00:00:00-05:00,4.49968611747757
2001-11-20 00:00:00-05:00,4.549156113434931
2001-11-21 00:00:00-05:00,4.524855401289896
2001-11-23 00:00:00-05:00,4.492744949348006
2001-11-26 00:00:00-05:00,4.5734517803377575
2001-11-27 00:00:00-05:00,4.530061773530846
2001-11-28 00:00:00-05:00,4.564775107910014
2001-11-29 00:00:00-05:00,4.590808021796397
2001-11-30 00:00:00-05:00,4.563039654982109
2001-12-03 00:00:00-05:00,4.634201156277294
2001-12-04 00:00:00-05:00,4.6125049713996376
2001-12-05 00:00:00-05:00,4.687138887745228
2001-12-06 00:00:00-05:00,4.867647668292978
2001-12-07 00:00:00-05:00,4.885869556423361
2001-12-10 00:00:00-05:00,4.8381414072801165
2001-12-11 00:00:00-05:00,4.777391884789751
2001-12-12 00:00:00-05:00,4.773055417599123
2001-12-13 00:00:00-05:00,4.745282835686662
2001-12-14 00:00:00-05:00,4.677592590844948
2001-12-17 00:00:00-05:00,4.702758182868979
2001-12-18 00:00:00-05:00,4.7600357055766045
2001-12-19 00:00:00-05:00,4.877193503735281
2001-12-20 00:00:00-05:00,4.916243862777407
2001-12-21 00:00:00-05:00,5.0507585242694315
2001-12-24 00:00:00-05:00,5.024723114220994
2001-12-26 00:00:00-05:00,5.069851013286641
2001-12-27 00:00:00-05:00,5.16357683705879
2001-12-28 00:00:00-05:00,5.03773931681756
2001-12-31 00:00:00-05:00,5.098488334194198
2002-01-02 00:00:00-05:00,5.300853581070428
2002-01-03 00:00:00-05:00,5.457977031540336
2002-01-04 00:00:00-05:00,5.66306438481394
2002-01-07 00:00:00-05:00,5.656446743785409
2002-01-08 00:00:00-05:00,5.697797068071852
2002-01-09 00:00:00-05:00,5.623370323874677
2002-01-10 00:00:00-05:00,5.633289351273022
2002-01-11 00:00:00-05:00,5.519170852430155
2002-01-14 00:00:00-05:00,5.471207387837603
2002-01-15 00:00:00-05:00,5.410011121499396
2002-01-16 00:00:00-05:00,5.209886355067025
2002-01-17 00:00:00-05:00,5.218157020390549
2002-01-18 00:00:00-05:00,5.233040673934312
2002-01-22 00:00:00-05:00,5.223117698623994
2002-01-23 00:00:00-05:00,5.190039564134724
2002-01-24 00:00:00-05:00,5.368663114788158
2002-01-25 00:00:00-05:00,5.457977473454324
2002-01-28 00:00:00-05:00,5.714336317511381
2002-01-29 00:00:00-05:00,5.749066089066482
2002-01-30 00:00:00-05:00,5.742451454899196
2002-01-31 00:00:00-05:00,5.871458548691395
2002-02-01 00:00:00-05:00,5.962426172025562
2002-02-04 00:00:00-05:00,5.830110936796052
2002-02-05 00:00:00-05:00,5.71433541632731
2002-02-06 00:00:00-05:00,5.535710458248337
2002-02-07 00:00:00-05:00,5.499325102373885
2002-02-08 00:00:00-05:00,5.573751553255697
2002-02-11 00:00:00-05:00,5.5075950343139315
2002-02-12 00:00:00-05:00,5.639907462963335
2002-02-13 00:00:00-05:00,5.606828926015532
2002-02-14 00:00:00-05:00,5.623368740081787
2002-02-15 00:00:00-05:00,5.639909051414271
2002-02-19 00:00:00-05:00,5.64817902620157
2002-02-20 00:00:00-05:00,5.596907733698659
2002-02-21 00:00:00-05:00,5.706064863897152
2002-02-22 00:00:00-05:00,5.902883648760658
2002-02-25 00:00:00-05:00,6.003771770539709
2002-02-26 00:00:00-05:00,6.083161864451993
2002-02-27 00:00:00-05:00,6.142702646830424
2002-02-28 00:00:00-05:00,6.205551385710844
2002-03-01 00:00:00-05:00,6.243593614502857
2002-03-04 00:00:00-05:00,6.243593269076358
2002-03-05 00:00:00-05:00,6.447029718640192
2002-03-06 00:00:00-05:00,6.375907528134708
2002-03-07 00:00:00-05:00,6.442066610088548
2002-03-08 00:00:00-05:00,6.3676390504236275
2002-03-11 00:00:00-05:00,6.367638606069812
2002-03-12 00:00:00-05:00,6.390793646221779
2002-03-13 00:00:00-05:00,6.465220834837033
2002-03-14 00:00:00-05:00,6.438754762080918
2002-03-15 00:00:00-05:00,6.460258185220983
2002-03-18 00:00:00-05:00,6.450335695475124
2002-03-19 00:00:00-05:00,6.470181147221652
2002-03-20 00:00:00-05:00,6.513181924050603
2002-03-21 00:00:00-05:00,6.382524938007321
2002-03-22 00:00:00-05:00,6.28494195284861
2002-03-25 00:00:00-05:00,6.475141720309664
2002-03-26 00:00:00-05:00,6.450334976231749
2002-03-27 00:00:00-05:00,6.80096940837134
2002-03-28 00:00:00-05:00,6.9647068104784715
2002-04-01 00:00:00-05:00,6.9349384526390105
2002-04-02 00:00:00-05:00,6.8257770936618085
2002-04-03 00:00:00-05:00,6.748043895635236
2002-04-04 00:00:00-05:00,6.450336212059061
2002-04-05 00:00:00-05:00,6.4172548760606745
2002-04-08 00:00:00-04:00,6.450336410893428
2002-04-09 00:00:00-04:00,6.564456169995016
2002-04-10 00:00:00-04:00,6.5909197494394265
2002-04-11 00:00:00-04:00,6.630615052548142
2002-04-12 00:00:00-04:00,6.648808017152832
2002-04-15 00:00:00-04:00,6.650461869637067
2002-04-16 00:00:00-04:00,6.5694203670390765
2002-04-17 00:00:00-04:00,6.665347544642276
2002-04-18 00:00:00-04:00,6.64880797703462
2002-04-19 00:00:00-04:00,6.549570083618164
2002-04-22 00:00:00-04:00,6.49995446986229
2002-04-23 00:00:00-04:00,6.387483379820414
2002-04-24 00:00:00-04:00,6.334560514408463
2002-04-25 00:00:00-04:00,6.351101447676637
2002-04-26 00:00:00-04:00,6.43875873831184
2002-04-29 00:00:00-04:00,6.382525363859752
2002-04-30 00:00:00-04:00,6.284944639703221
2002-05-01 00:00:00-04:00,6.400717421071621
2002-05-02 00:00:00-04:00,6.361023028922854
2002-05-03 00:00:00-04:00,6.4172593133540845
2002-05-06 00:00:00-04:00,6.524763518650933
2002-05-07 00:00:00-04:00,6.417256041093465
2002-05-08 00:00:00-04:00,6.460257676043776
2002-05-09 00:00:00-04:00,6.5082206258599
2002-05-10 00:00:00-04:00,6.420564798648748
2002-05-13 00:00:00-04:00,6.318020699550478
2002-05-14 00:00:00-04:00,6.3262924688793065
2002-05-15 00:00:00-04:00,6.447029941507382
2002-05-16 00:00:00-04:00,6.4668763955708775
2002-05-17 00:00:00-04:00,6.3841755030889304
2002-05-20 00:00:00-04:00,6.379216133790694
2002-05-21 00:00:00-04:00,6.301482582379349
2002-05-22 00:00:00-04:00,6.318021060860382
2002-05-23 00:00:00-04:00,6.036851838566121
2002-05-24 00:00:00-04:00,5.773877614496235
2002-05-28 00:00:00-04:00,5.780492236170054
2002-05-29 00:00:00-04:00,5.755683302639455
2002-05-30 00:00:00-04:00,5.747416060073708
2002-05-31 00:00:00-04:00,5.821841738491349
2002-06-03 00:00:00-04:00,5.8631906146839246
2002-06-04 00:00:00-04:00,5.704411028577295
2002-06-05 00:00:00-04:00,5.585328689944155
2002-06-06 00:00:00-04:00,5.400089793219718
2002-06-07 00:00:00-04:00,5.052762773219145
2002-06-10 00:00:00-04:00,5.29258357509042
2002-06-11 00:00:00-04:00,5.307471156751354
2002-06-12 00:00:00-04:00,5.127188775083158
2002-06-13 00:00:00-04:00,5.193346863867156
2002-06-14 00:00:00-04:00,4.951873161456673
2002-06-17 00:00:00-04:00,4.978335087665726
2002-06-18 00:00:00-04:00,4.771592994327573
2002-06-19 00:00:00-04:00,4.781516295718074
2002-06-20 00:00:00-04:00,4.708744707408323
2002-06-21 00:00:00-04:00,4.81294258532843
2002-06-24 00:00:00-04:00,4.791441090965304
2002-06-25 00:00:00-04:00,4.920448677439318
2002-06-26 00:00:00-04:00,4.788131711908016
2002-06-27 00:00:00-04:00,4.961795337221971
2002-06-28 00:00:00-04:00,4.895638735336254
2002-07-01 00:00:00-04:00,5.022989961846711
2002-07-02 00:00:00-04:00,4.98329734608521
2002-07-03 00:00:00-04:00,4.832789624943704
2002-07-05 00:00:00-04:00,4.773248315175543
2002-07-08 00:00:00-04:00,4.936988171307431
2002-07-09 00:00:00-04:00,4.895638568763329
2002-07-10 00:00:00-04:00,4.811287919092239
2002-07-11 00:00:00-04:00,4.5979315461620285
2002-07-12 00:00:00-04:00,4.564852540227791
2002-07-15 00:00:00-04:00,4.55162126061778
2002-07-16 00:00:00-04:00,4.4490777185707575
2002-07-17 00:00:00-04:00,4.4408083324703025
2002-07-18 00:00:00-04:00,4.50696804504941
2002-07-19 00:00:00-04:00,4.295262814913436
2002-07-22 00:00:00-04:00,4.07198088288963
2002-07-23 00:00:00-04:00,4.05213385659262
2002-07-24 00:00:00-04:00,3.8784706348598488
2002-07-25 00:00:00-04:00,4.1298692462508
2002-07-26 00:00:00-04:00,3.9992063275104393
2002-07-29 00:00:00-04:00,3.952899679806484
2002-07-30 00:00:00-04:00,4.110021010571516
2002-07-31 00:00:00-04:00,4.03394166953838
2002-08-01 00:00:00-04:00,4.100098157698192
2002-08-02 00:00:00-04:00,4.159640186255268
2002-08-05 00:00:00-04:00,3.9793591388758034
2002-08-06 00:00:00-04:00,3.9528979060339418
2002-08-07 00:00:00-04:00,4.09679009171379
2002-08-08 00:00:00-04:00,4.164601061629056
2002-08-09 00:00:00-04:00,4.2588730656216125
2002-08-12 00:00:00-04:00,4.290299691251197
2002-08-13 00:00:00-04:00,4.288647855753363
2002-08-14 00:00:00-04:00,4.305183998631042
2002-08-15 00:00:00-04:00,4.425921023725026
2002-08-16 00:00:00-04:00,4.391188379518528
2002-08-19 00:00:00-04:00,4.465615897800023
2002-08-20 00:00:00-04:00,4.586355160555419
2002-08-21 00:00:00-04:00,4.54500515797599
2002-08-22 00:00:00-04:00,4.66905042934644
2002-08-23 00:00:00-04:00,4.7633229451637575
2002-08-26 00:00:00-04:00,4.6591266195985135
2002-08-27 00:00:00-04:00,4.836099229852453
2002-08-28 00:00:00-04:00,4.7550559265675645
2002-08-29 00:00:00-04:00,4.6128160418961395
2002-08-30 00:00:00-04:00,4.6210857813984365
2002-09-03 00:00:00-04:00,4.664088169432583
2002-09-04 00:00:00-04:00,4.500350399254863
2002-09-05 00:00:00-04:00,4.548314286020331
2002-09-06 00:00:00-04:00,4.526811902361128
2002-09-09 00:00:00-04:00,4.667396054138499
2002-09-10 00:00:00-04:00,4.751747896165138
2002-09-11 00:00:00-04:00,4.789786287411761
2002-09-12 00:00:00-04:00,4.796400846399493
2002-09-13 00:00:00-04:00,4.778209882594287
2002-09-16 00:00:00-04:00,4.796401602068513
2002-09-17 00:00:00-04:00,4.784823440623059
2002-09-18 00:00:00-04:00,4.639279923793556
2002-09-19 00:00:00-04:00,4.6095091710377405
2002-09-20 00:00:00-04:00,4.5168880712969965
2002-09-23 00:00:00-04:00,4.622740521670336
2002-09-24 00:00:00-04:00,4.440807878703183
2002-09-25 00:00:00-04:00,4.440805095449517
2002-09-26 00:00:00-04:00,4.569813807098597
2002-09-27 00:00:00-04:00,4.540043647831326
2002-09-30 00:00:00-04:00,4.346534141952208
2002-10-01 00:00:00-04:00,4.275414174237066
2002-10-02 00:00:00-04:00,4.341572469811343
2002-10-03 00:00:00-04:00,4.283685286803916
2002-10-04 00:00:00-04:00,4.2820295326175275
2002-10-07 00:00:00-04:00,4.3002246735592875
2002-10-08 00:00:00-04:00,4.2704538934298375
2002-10-09 00:00:00-04:00,4.42261489988864
2002-10-10 00:00:00-04:00,4.24564360926579
2002-10-11 00:00:00-04:00,4.515235069332646
2002-10-14 00:00:00-04:00,4.566506937677692
2002-10-15 00:00:00-04:00,4.713705462168907
2002-10-16 00:00:00-04:00,5.027953139663725
2002-10-17 00:00:00-04:00,4.920449255062932
2002-10-18 00:00:00-04:00,4.989912897469214
2002-10-21 00:00:00-04:00,5.001488784059394
2002-10-22 00:00:00-04:00,5.209887580470807
2002-10-23 00:00:00-04:00,5.1056892990250775
2002-10-24 00:00:00-04:00,5.233040628090301
2002-10-25 00:00:00-04:00,5.05937720881283
2002-10-28 00:00:00-05:00,5.218156804876379
2002-10-29 00:00:00-05:00,5.1023818166670445
2002-10-30 00:00:00-05:00,5.003144820066057
2002-10-31 00:00:00-05:00,5.04449388193683
2002-11-01 00:00:00-05:00,5.051108090107556
2002-11-04 00:00:00-05:00,5.135459545754205
2002-11-05 00:00:00-05:00,5.009760369825558
2002-11-06 00:00:00-05:00,4.91218054449724
2002-11-07 00:00:00-05:00,4.869177662938102
2002-11-08 00:00:00-05:00,4.768287433881015
2002-11-11 00:00:00-05:00,4.548314869274709
2002-11-12 00:00:00-05:00,4.470578254769437
2002-11-13 00:00:00-05:00,4.530119442448902
2002-11-14 00:00:00-05:00,4.470577438611215
2002-11-15 00:00:00-05:00,4.51358043091443
2002-11-18 00:00:00-05:00,4.670705990019148
2002-11-19 00:00:00-05:00,4.559892102321494
2002-11-20 00:00:00-05:00,4.511925817815683
2002-11-21 00:00:00-05:00,4.551619715804933
2002-11-22 00:00:00-05:00,4.624393711651543
2002-11-25 00:00:00-05:00,4.523503252825956
2002-11-26 00:00:00-05:00,4.533430627833382
2002-11-27 00:00:00-05:00,4.477195548592484
2002-11-29 00:00:00-05:00,4.713705551832342
2002-12-02 00:00:00-05:00,4.72859228365142
2002-12-03 00:00:00-05:00,4.586353622141226
2002-12-04 00:00:00-05:00,4.518541810223612
2002-12-05 00:00:00-05:00,4.500349502644745
2002-12-06 00:00:00-05:00,4.366382430836015
2002-12-09 00:00:00-05:00,4.472231326819451
2002-12-10 00:00:00-05:00,4.424268177209223
2002-12-11 00:00:00-05:00,4.46561754271262
2002-12-12 00:00:00-05:00,4.490426010457145
2002-12-13 00:00:00-05:00,4.473886984608866
2002-12-16 00:00:00-05:00,4.4159971978938595
2002-12-17 00:00:00-05:00,4.57808516505849
2002-12-18 00:00:00-05:00,4.627703320730886
2002-12-19 00:00:00-05:00,4.445768407126866
2002-12-20 00:00:00-05:00,4.4374995977977525
2002-12-23 00:00:00-05:00,4.457345987444084
2002-12-24 00:00:00-05:00,4.430885053974635
2002-12-26 00:00:00-05:00,4.425923788371939
2002-12-27 00:00:00-05:00,4.482154852506594
2002-12-30 00:00:00-05:00,4.407730569673423
2002-12-31 00:00:00-05:00,4.4623072857959505
2003-01-02 00:00:00-05:00,4.559890611395934
2003-01-03 00:00:00-05:00,4.57477585385687
2003-01-06 00:00:00-05:00,4.548311504903543
2003-01-07 00:00:00-05:00,4.5979327815505595
2003-01-08 00:00:00-05:00,4.53012102250213
2003-01-09 00:00:00-05:00,4.472232915173911
2003-01-10 00:00:00-05:00,4.5168878856272645
2003-01-13 00:00:00-05:00,4.498695738582866
2003-01-14 00:00:00-05:00,4.53177373437798
2003-01-15 00:00:00-05:00,4.545006543584097
2003-01-16 00:00:00-05:00,4.541698917407643
2003-01-17 00:00:00-05:00,4.505309581056965
2003-01-21 00:00:00-05:00,4.5003504233431135
2003-01-22 00:00:00-05:00,4.361419146720381
2003-01-23 00:00:00-05:00,4.283684402359379
2003-01-24 00:00:00-05:00,4.267144027539075
2003-01-27 00:00:00-05:00,4.179489225911264
2003-01-28 00:00:00-05:00,4.113327718491183
2003-01-29 00:00:00-05:00,4.172871305260316
2003-01-30 00:00:00-05:00,3.1474325001014116
2003-01-31 00:00:00-05:00,3.2168979591764644
2003-02-03 00:00:00-05:00,3.345903698269055
2003-02-04 00:00:00-05:00,3.307865321708258
2003-02-05 00:00:00-05:00,3.258247186500944
2003-02-06 00:00:00-05:00,3.1474318089299818
2003-02-07 00:00:00-05:00,3.092851781569486
2003-02-10 00:00:00-05:00,3.1424704099015557
2003-02-11 00:00:00-05:00,3.117661018975731
2003-02-12 00:00:00-05:00,3.0349654297622166
2003-02-13 00:00:00-05:00,2.9191893710262553
2003-02-14 00:00:00-05:00,2.943998905598965
2003-02-18 00:00:00-05:00,2.925805251387584
2003-02-19 00:00:00-05:00,2.9605382276663237
2003-02-20 00:00:00-05:00,2.8695717071211297
2003-02-21 00:00:00-05:00,2.7951455116271973
2003-02-24 00:00:00-05:00,2.795145215314302
2003-02-25 00:00:00-05:00,2.6181734195209336
2003-02-26 00:00:00-05:00,2.652907008865282
2003-02-27 00:00:00-05:00,2.6710997922047093
2003-02-28 00:00:00-05:00,2.646292441094357
2003-03-03 00:00:00-05:00,2.5966731889337815
2003-03-04 00:00:00-05:00,2.6148670044259226
2003-03-05 00:00:00-05:00,2.520592259944656
2003-03-06 00:00:00-05:00,2.5040525827772124
2003-03-07 00:00:00-05:00,2.50901440653773
2003-03-10 00:00:00-05:00,2.48916796716092
2003-03-11 00:00:00-05:00,2.411432323715941
2003-03-12 00:00:00-05:00,2.389932682809514
2003-03-13 00:00:00-05:00,2.429625776198535
2003-03-14 00:00:00-05:00,2.4230106016021673
2003-03-17 00:00:00-05:00,2.4726291968502396
2003-03-18 00:00:00-05:00,2.59667203628852
2003-03-19 00:00:00-05:00,2.6198286759640963
2003-03-20 00:00:00-05:00,2.61817400202254
2003-03-21 00:00:00-05:00,2.6859861343546463
2003-03-24 00:00:00-05:00,2.662831015948141
2003-03-25 00:00:00-05:00,2.616520774355651
2003-03-26 00:00:00-05:00,2.647945051761203
2003-03-27 00:00:00-05:00,2.5635945111761873
2003-03-28 00:00:00-05:00,2.590058244485772
2003-03-31 00:00:00-05:00,2.616521207912137
2003-04-01 00:00:00-05:00,2.5933650396683414
2003-04-02 00:00:00-05:00,2.712448707355241
2003-04-03 00:00:00-05:00,2.7868761658382946
2003-04-04 00:00:00-05:00,2.7604124771251897
2003-04-07 00:00:00-04:00,2.770336403521251
2003-04-08 00:00:00-04:00,2.762066709304333
2003-04-09 00:00:00-04:00,2.743873057403267
2003-04-10 00:00:00-04:00,2.687639669669417
2003-04-11 00:00:00-04:00,2.7488354685678487
2003-04-14 00:00:00-04:00,2.7091411660414297
2003-04-15 00:00:00-04:00,2.8083774893765865
2003-04-16 00:00:00-04:00,2.813338889296007
2003-04-17 00:00:00-04:00,2.7686822961804394
2003-04-21 00:00:00-04:00,2.821607519635539
2003-04-22 00:00:00-04:00,2.8282239647679317
2003-04-23 00:00:00-04:00,2.8943811708086953
2003-04-24 00:00:00-04:00,2.919190485917054
2003-04-25 00:00:00-04:00,2.972116691120637
2003-04-28 00:00:00-04:00,2.9026507584206604
2003-04-29 00:00:00-04:00,3.0018872752685635
2003-04-30 00:00:00-04:00,2.93903710415545
2003-05-01 00:00:00-04:00,2.998578086601199
2003-05-02 00:00:00-04:00,3.061427141077232
2003-05-05 00:00:00-04:00,3.2020116858755494
2003-05-06 00:00:00-04:00,3.1656251207111277
2003-05-07 00:00:00-04:00,3.168933201024863
2003-05-08 00:00:00-04:00,3.1887808778297577
2003-05-09 00:00:00-04:00,3.198704382876483
2003-05-12 00:00:00-04:00,3.2383986271273484
2003-05-13 00:00:00-04:00,3.2433620848787026
2003-05-14 00:00:00-04:00,3.271477184729437
2003-05-15 00:00:00-04:00,3.2532840123601634
2003-05-16 00:00:00-04:00,3.2549379671131606
2003-05-19 00:00:00-04:00,3.2317832410223426
2003-05-20 00:00:00-04:00,3.116008025494744
2003-05-21 00:00:00-04:00,3.1656265483322885
2003-05-22 00:00:00-04:00,3.208629170941232
2003-05-23 00:00:00-04:00,3.188780733102989
2003-05-27 00:00:00-04:00,3.1755486163149067
2003-05-28 00:00:00-04:00,3.301248381525992
2003-05-29 00:00:00-04:00,3.3723662655422784
2003-05-30 00:00:00-04:00,3.3012476301421336
2003-06-02 00:00:00-04:00,3.4633329172185454
2003-06-03 00:00:00-04:00,3.4534102960059965
2003-06-04 00:00:00-04:00,3.421987098243916
2003-06-05 00:00:00-04:00,3.451758784601362
2003-06-06 00:00:00-04:00,3.464988194563788
2003-06-09 00:00:00-04:00,3.4633351742211644
2003-06-10 00:00:00-04:00,3.378984014189218
2003-06-11 00:00:00-04:00,3.3657507523721577
2003-06-12 00:00:00-04:00,3.3822903633117676
2003-06-13 00:00:00-04:00,3.3756754129276487
2003-06-16 00:00:00-04:00,3.398830949811951
2003-06-17 00:00:00-04:00,3.546030708495114
2003-06-18 00:00:00-04:00,3.532798263680685
2003-06-19 00:00:00-04:00,3.532798649199197
2003-06-20 00:00:00-04:00,3.658499935570896
2003-06-23 00:00:00-04:00,3.66841956055042
2003-06-24 00:00:00-04:00,3.580764819264636
2003-06-25 00:00:00-04:00,3.650227709606675
2003-06-26 00:00:00-04:00,3.668420963177035
2003-06-27 00:00:00-04:00,3.759388216491562
2003-06-30 00:00:00-04:00,3.7676563748961334
2003-07-01 00:00:00-04:00,3.742847922091043
2003-07-02 00:00:00-04:00,3.8090055051161738
2003-07-03 00:00:00-04:00,3.880122476469941
2003-07-07 00:00:00-04:00,3.8867382240964243
2003-07-08 00:00:00-04:00,3.903278877775618
2003-07-09 00:00:00-04:00,3.916509605302505
2003-07-10 00:00:00-04:00,3.8983184269371334
2003-07-11 00:00:00-04:00,3.866894367627639
2003-07-14 00:00:00-04:00,3.9363584164868572
2003-07-15 00:00:00-04:00,3.886740877672225
2003-07-16 00:00:00-04:00,3.8850870193913445
2003-07-17 00:00:00-04:00,3.8271988377219004
2003-07-18 00:00:00-04:00,3.8238912373086547
2003-07-21 00:00:00-04:00,3.8834330824864813
2003-07-22 00:00:00-04:00,3.8387747592199157
2003-07-23 00:00:00-04:00,3.952895613540981
2003-07-24 00:00:00-04:00,3.966127922040795
2003-07-25 00:00:00-04:00,3.9611677299053505
2003-07-28 00:00:00-04:00,3.9611673608393363
2003-07-29 00:00:00-04:00,4.068673313579168
2003-07-30 00:00:00-04:00,4.007477964019076
2003-07-31 00:00:00-04:00,3.9777058718758824
2003-08-01 00:00:00-04:00,3.9446258205556997
2003-08-04 00:00:00-04:00,3.961167929894806
2003-08-05 00:00:00-04:00,3.895010780934692
2003-08-06 00:00:00-04:00,3.7610421920241466
2003-08-07 00:00:00-04:00,3.82058191067403
2003-08-08 00:00:00-04:00,3.7941208668218454
2003-08-11 00:00:00-04:00,3.8536597015182634
2003-08-12 00:00:00-04:00,3.883430835271768
2003-08-13 00:00:00-04:00,3.9611657604648443
2003-08-14 00:00:00-04:00,3.9280906480504076
2003-08-15 00:00:00-04:00,3.9644751847849635
2003-08-18 00:00:00-04:00,3.966127977594902
2003-08-19 00:00:00-04:00,3.96943776112203
2003-08-20 00:00:00-04:00,3.952898844416722
2003-08-21 00:00:00-04:00,4.03559335364033
2003-08-22 00:00:00-04:00,4.101750762531128
2003-08-25 00:00:00-04:00,4.048825036179989
2003-08-26 00:00:00-04:00,4.048823956745037
2003-08-27 00:00:00-04:00,4.020707309611018
2003-08-28 00:00:00-04:00,4.052132543245762
2003-08-29 00:00:00-04:00,4.043864290705217
2003-09-02 00:00:00-04:00,4.114981954226242
2003-09-03 00:00:00-04:00,4.204295745657036
2003-09-04 00:00:00-04:00,4.200987305991382
2003-09-05 00:00:00-04:00,4.293606911241191
2003-09-08 00:00:00-04:00,4.392843709790579
2003-09-09 00:00:00-04:00,4.457346806879849
2003-09-10 00:00:00-04:00,4.506964331812301
2003-09-11 00:00:00-04:00,4.447422835928274
2003-09-12 00:00:00-04:00,4.419305185790261
2003-09-15 00:00:00-04:00,4.432537011578342
2003-09-16 00:00:00-04:00,4.531773539812061
2003-09-17 00:00:00-04:00,4.5317733570743535
2003-09-18 00:00:00-04:00,4.458999847032372
2003-09-19 00:00:00-04:00,4.445768180918308
2003-09-22 00:00:00-04:00,4.424267151771715
2003-09-23 00:00:00-04:00,4.391188635041071
2003-09-24 00:00:00-04:00,4.407727312115381
2003-09-25 00:00:00-04:00,4.280375451288459
2003-09-26 00:00:00-04:00,4.230756840287646
2003-09-29 00:00:00-04:00,4.202639374944406
2003-09-30 00:00:00-04:00,4.1827929267687365
2003-10-01 00:00:00-04:00,4.159638528459445
2003-10-02 00:00:00-04:00,4.263837492536182
2003-10-03 00:00:00-04:00,4.341573150941145
2003-10-06 00:00:00-04:00,4.419305537583355
2003-10-07 00:00:00-04:00,4.434194223682184
2003-10-08 00:00:00-04:00,4.473887072129145
2003-10-09 00:00:00-04:00,4.545005636098704
2003-10-10 00:00:00-04:00,4.548313886743219
2003-10-13 00:00:00-04:00,4.520197102719724
2003-10-14 00:00:00-04:00,4.6111641996475115
2003-10-15 00:00:00-04:00,4.697165551283591
2003-10-16 00:00:00-04:00,4.672357426286847
2003-10-17 00:00:00-04:00,4.6177785961958495
2003-10-20 00:00:00-04:00,4.559892165898644
2003-10-21 00:00:00-04:00,4.573121510296645
2003-10-22 00:00:00-04:00,4.5152340962215005
2003-10-23 00:00:00-04:00,4.470578005824188
2003-10-24 00:00:00-04:00,4.425923900441288
2003-10-27 00:00:00-05:00,4.435843844590882
2003-10-28 00:00:00-05:00,4.554927147242998
2003-10-29 00:00:00-05:00,4.631008676049875
2003-10-30 00:00:00-05:00,4.697169635662964
2003-10-31 00:00:00-05:00,4.692204471235984
2003-11-03 00:00:00-05:00,4.665741620510389
2003-11-04 00:00:00-05:00,4.7682876660969535
2003-11-05 00:00:00-05:00,4.738514464063859
2003-11-06 00:00:00-05:00,4.829483562459452
2003-11-07 00:00:00-05:00,4.846017765968934
2003-11-10 00:00:00-05:00,4.746785818243014
2003-11-11 00:00:00-05:00,4.6723591522311025
2003-11-12 00:00:00-05:00,4.619432065393191
2003-11-13 00:00:00-05:00,4.80963436185737
2003-11-14 00:00:00-05:00,4.887369478402351
2003-11-17 00:00:00-05:00,4.7930963024551865
2003-11-18 00:00:00-05:00,4.75505476897544
2003-11-19 00:00:00-05:00,4.731896862409129
2003-11-20 00:00:00-05:00,4.7964024794199505
2003-11-21 00:00:00-05:00,4.796403979323661
2003-11-24 00:00:00-05:00,4.812943306830488
2003-11-25 00:00:00-05:00,4.860907048523932
2003-11-26 00:00:00-05:00,4.951873183848805
2003-11-28 00:00:00-05:00,4.965107036966467
2003-12-01 00:00:00-05:00,4.970066102854601
2003-12-02 00:00:00-05:00,5.031260352209731
2003-12-03 00:00:00-05:00,5.0626862971491144
2003-12-04 00:00:00-05:00,5.061032779979637
2003-12-05 00:00:00-05:00,5.171845833146425
2003-12-08 00:00:00-05:00,5.190039059850451
2003-12-09 00:00:00-05:00,5.267775073383307
2003-12-10 00:00:00-05:00,5.267771800471659
2003-12-11 00:00:00-05:00,5.209887275542233
2003-12-12 00:00:00-05:00,5.289274695934843
2003-12-15 00:00:00-05:00,5.502632831199346
2003-12-16 00:00:00-05:00,5.441437325733233
2003-12-17 00:00:00-05:00,5.42489610248258
2003-12-18 00:00:00-05:00,5.391817299944051
2003-12-19 00:00:00-05:00,5.540673678588379
2003-12-22 00:00:00-05:00,5.548941213560701
2003-12-23 00:00:00-05:00,5.598560447680982
2003-12-24 00:00:00-05:00,5.638252571148272
2003-12-26 00:00:00-05:00,5.623368624512792
2003-12-29 00:00:00-05:00,5.638255647168443
2003-12-30 00:00:00-05:00,5.5572123497463926
2003-12-31 00:00:00-05:00,5.75568276958474
2004-01-02 00:00:00-05:00,5.669680610265045
2004-01-05 00:00:00-05:00,5.681257315349006
2004-01-06 00:00:00-05:00,5.672986192564222
2004-01-07 00:00:00-05:00,5.697793244557994
2004-01-08 00:00:00-05:00,5.68787258437395
2004-01-09 00:00:00-05:00,5.777184701856506
2004-01-12 00:00:00-05:00,5.648176906621492
2004-01-13 00:00:00-05:00,5.755682625990205
2004-01-14 00:00:00-05:00,5.701103687286377
2004-01-15 00:00:00-05:00,5.701104072463296
2004-01-16 00:00:00-05:00,5.636600951042817
2004-01-20 00:00:00-05:00,5.608485374582558
2004-01-21 00:00:00-05:00,5.557212522875371
2004-01-22 00:00:00-05:00,5.608485698699951
2004-01-23 00:00:00-05:00,5.611791489103128
2004-01-26 00:00:00-05:00,5.586980459953927
2004-01-27 00:00:00-05:00,5.623369594788961
2004-01-28 00:00:00-05:00,5.788763229369412
2004-01-29 00:00:00-05:00,5.758991378024034
2004-01-30 00:00:00-05:00,5.63990922340572
2004-02-02 00:00:00-05:00,5.639908332400751
2004-02-03 00:00:00-05:00,5.591943640884213
2004-02-04 00:00:00-05:00,5.482782935232855
2004-02-05 00:00:00-05:00,5.582019211081512
2004-02-06 00:00:00-05:00,5.706066927289592
2004-02-09 00:00:00-05:00,5.854918231392303
2004-02-10 00:00:00-05:00,5.931001105835038
2004-02-11 00:00:00-05:00,6.069929367372227
2004-02-12 00:00:00-05:00,6.193973286441335
2004-02-13 00:00:00-05:00,6.2766727992918305
2004-02-17 00:00:00-05:00,6.250210779214745
2004-02-18 00:00:00-05:00,6.442065189262112
2004-02-19 00:00:00-05:00,6.058354290095312
2004-02-20 00:00:00-05:00,6.131127211994547
2004-02-23 00:00:00-05:00,6.099701632942241
2004-02-24 00:00:00-05:00,6.094740725567346
2004-02-25 00:00:00-05:00,6.0881229775291255
2004-02-26 00:00:00-05:00,6.142704421491787
2004-02-27 00:00:00-05:00,6.260132776191146
2004-03-01 00:00:00-05:00,6.212169708959327
2004-03-02 00:00:00-05:00,6.483414604936141
2004-03-03 00:00:00-05:00,6.470179604910468
2004-03-04 00:00:00-05:00,6.442064757826054
2004-03-05 00:00:00-05:00,6.450335151053287
2004-03-08 00:00:00-05:00,6.549570449476971
2004-03-09 00:00:00-05:00,6.533034024180106
2004-03-10 00:00:00-05:00,6.3990631555135025
2004-03-11 00:00:00-05:00,6.144355698402102
2004-03-12 00:00:00-05:00,6.1658592502980705
2004-03-15 00:00:00-05:00,6.3147125064927
2004-03-16 00:00:00-05:00,6.124509895209979
2004-03-17 00:00:00-05:00,6.179088717874517
2004-03-18 00:00:00-05:00,6.1956281661987305
2004-03-19 00:00:00-05:00,6.195627334886997
2004-03-22 00:00:00-05:00,6.169164615477416
2004-03-23 00:00:00-05:00,6.079854352856639
2004-03-24 00:00:00-05:00,6.051737785914268
2004-03-25 00:00:00-05:00,6.0087359116604375
2004-03-26 00:00:00-05:00,6.099703119581797
2004-03-29 00:00:00-05:00,6.5495718428679774
2004-03-30 00:00:00-05:00,6.946515107386516
2004-03-31 00:00:00-05:00,7.111908266608735
2004-04-01 00:00:00-05:00,7.073866167584634
2004-04-02 00:00:00-05:00,7.078829531403039
2004-04-05 00:00:00-04:00,7.126793627422193
2004-04-06 00:00:00-04:00,7.154908457382232
2004-04-07 00:00:00-04:00,7.186336626950073
2004-04-08 00:00:00-04:00,7.219414312661058
2004-04-12 00:00:00-04:00,7.138372818452721
2004-04-13 00:00:00-04:00,7.120175637024276
2004-04-14 00:00:00-04:00,6.9795932629754756
2004-04-15 00:00:00-04:00,6.98289976746652
2004-04-16 00:00:00-04:00,6.934936471209932
2004-04-19 00:00:00-04:00,7.1863345579199605
2004-04-20 00:00:00-04:00,7.244223045763561
2004-04-21 00:00:00-04:00,7.037481446178927
2004-04-22 00:00:00-04:00,7.153257575965854
2004-04-23 00:00:00-04:00,7.442698053392447
2004-04-26 00:00:00-04:00,7.310383828707997
2004-04-27 00:00:00-04:00,7.300454996177339
2004-04-28 00:00:00-04:00,7.247530805437225
2004-04-29 00:00:00-04:00,6.987862574221467
2004-04-30 00:00:00-04:00,7.065596366076661
2004-05-03 00:00:00-04:00,7.13505904124966
2004-05-04 00:00:00-04:00,7.078828648921718
2004-05-05 00:00:00-04:00,7.09371403248621
2004-05-06 00:00:00-04:00,7.035827578761219
2004-05-07 00:00:00-04:00,6.880357658163074
2004-05-10 00:00:00-04:00,6.559494997994758
2004-05-11 00:00:00-04:00,6.49995404687681
2004-05-12 00:00:00-04:00,6.721578552728749
2004-05-13 00:00:00-04:00,6.590921179355448
2004-05-14 00:00:00-04:00,6.681885954093648
2004-05-17 00:00:00-04:00,6.582650181447292
2004-05-18 00:00:00-04:00,6.529722553191193
2004-05-19 00:00:00-04:00,6.6322673239011625
2004-05-20 00:00:00-04:00,6.551223075002391
2004-05-21 00:00:00-04:00,6.499951930396539
2004-05-24 00:00:00-04:00,6.49664525450403
2004-05-25 00:00:00-04:00,6.418906184232956
2004-05-26 00:00:00-04:00,6.483412852921784
2004-05-27 00:00:00-04:00,6.524763584718144
2004-05-28 00:00:00-04:00,6.660385964987881
2004-06-01 00:00:00-04:00,6.698425770469873
2004-06-02 00:00:00-04:00,6.827430548737587
2004-06-03 00:00:00-04:00,6.8853181208840875
2004-06-04 00:00:00-04:00,6.830739324219033
2004-06-07 00:00:00-04:00,6.863817482410329
2004-06-08 00:00:00-04:00,6.999438260833678
2004-06-09 00:00:00-04:00,6.971323542141458
2004-06-10 00:00:00-04:00,6.913436083364608
2004-06-14 00:00:00-04:00,6.888628459487527
2004-06-15 00:00:00-04:00,6.810890525643682
2004-06-16 00:00:00-04:00,6.789391105873758
2004-06-17 00:00:00-04:00,6.835700961721067
2004-06-18 00:00:00-04:00,6.845624923706055
2004-06-21 00:00:00-04:00,6.830741689424643
2004-06-22 00:00:00-04:00,6.839008801440828
2004-06-23 00:00:00-04:00,6.686848327640741
2004-06-24 00:00:00-04:00,6.880360141767957
2004-06-25 00:00:00-04:00,6.938248455243911
2004-06-28 00:00:00-04:00,7.135062062181876
2004-06-29 00:00:00-04:00,7.090406397583586
2004-06-30 00:00:00-04:00,7.138370452409186
2004-07-01 00:00:00-04:00,7.130104812519638
2004-07-02 00:00:00-04:00,6.9647101333900014
2004-07-06 00:00:00-04:00,6.94320708040657
2004-07-07 00:00:00-04:00,6.896896787411076
2004-07-08 00:00:00-04:00,6.829087006179833
2004-07-09 00:00:00-04:00,6.842317402002659
2004-07-12 00:00:00-04:00,6.847279141040465
2004-07-13 00:00:00-04:00,6.723233372625804
2004-07-14 00:00:00-04:00,6.716619820657863
2004-07-15 00:00:00-04:00,6.731502218705673
2004-07-16 00:00:00-04:00,6.688498891571611
2004-07-19 00:00:00-04:00,6.62399919274156
2004-07-20 00:00:00-04:00,6.58595803450587
2004-07-21 00:00:00-04:00,6.642194069390335
2004-07-22 00:00:00-04:00,6.533030297293182
2004-07-23 00:00:00-04:00,6.602497172453944
2004-07-26 00:00:00-04:00,6.491686272476377
2004-07-27 00:00:00-04:00,6.427178039597951
2004-07-28 00:00:00-04:00,6.698422908484196
2004-07-29 00:00:00-04:00,7.308728864273367
2004-07-30 00:00:00-04:00,7.277302456139754
2004-08-02 00:00:00-04:00,7.207833607185891
2004-08-03 00:00:00-04:00,7.199566653602426
2004-08-04 00:00:00-04:00,7.244223834224559
2004-08-05 00:00:00-04:00,7.277301669259373
2004-08-06 00:00:00-04:00,7.095367006852929
2004-08-09 00:00:00-04:00,6.93163254881562
2004-08-10 00:00:00-04:00,6.929976363905654
2004-08-11 00:00:00-04:00,7.125140249886326
2004-08-12 00:00:00-04:00,7.111907009398401
2004-08-13 00:00:00-04:00,7.012671687525696
2004-08-16 00:00:00-04:00,6.938245553414577
2004-08-17 00:00:00-04:00,7.0440947129381035
2004-08-18 00:00:00-04:00,7.0523655026914085
2004-08-19 00:00:00-04:00,7.054020202592909
2004-08-20 00:00:00-04:00,7.115215759469114
2004-08-23 00:00:00-04:00,7.260761132205001
2004-08-24 00:00:00-04:00,7.359997791866111
2004-08-25 00:00:00-04:00,7.581625075260021
2004-08-26 00:00:00-04:00,7.608091034675282
2004-08-27 00:00:00-04:00,7.669284745910992
2004-08-30 00:00:00-04:00,7.608091919343244
2004-08-31 00:00:00-04:00,7.484045196378546
2004-09-01 00:00:00-04:00,7.646130015128647
2004-09-02 00:00:00-04:00,7.5915451419460815
2004-09-03 00:00:00-04:00,7.732131214190901
2004-09-07 00:00:00-04:00,7.748671659568271
2004-09-08 00:00:00-04:00,7.748671093669063
2004-09-09 00:00:00-04:00,7.750323810690614
2004-09-10 00:00:00-04:00,7.723863012792798
2004-09-13 00:00:00-04:00,7.770173326873407
2004-09-14 00:00:00-04:00,7.756942244856939
2004-09-15 00:00:00-04:00,7.649434744294251
2004-09-16 00:00:00-04:00,7.6362005809307805
2004-09-17 00:00:00-04:00,7.732133186005917
2004-09-20 00:00:00-04:00,7.642823463350181
2004-09-21 00:00:00-04:00,7.672588375886993
2004-09-22 00:00:00-04:00,7.756942261319589
2004-09-23 00:00:00-04:00,7.624626555685372
2004-09-24 00:00:00-04:00,7.70732373789986
2004-09-27 00:00:00-04:00,7.773478762398686
2004-09-28 00:00:00-04:00,7.6411651142040204
2004-09-29 00:00:00-04:00,7.955412829269972
2004-09-30 00:00:00-04:00,7.988489543516783
2004-10-01 00:00:00-04:00,8.074495161662325
2004-10-04 00:00:00-04:00,8.13403872329308
2004-10-05 00:00:00-04:00,8.086073024765476
2004-10-06 00:00:00-04:00,8.079457382831674
2004-10-07 00:00:00-04:00,8.162155066843537
2004-10-08 00:00:00-04:00,8.021570951044572
2004-10-11 00:00:00-04:00,7.985184298746414
2004-10-12 00:00:00-04:00,7.943833121021979
2004-10-13 00:00:00-04:00,7.917375597942182
2004-10-14 00:00:00-04:00,7.614704425215217
2004-10-15 00:00:00-04:00,7.710629831173951
2004-10-18 00:00:00-04:00,7.876026347402693
2004-10-19 00:00:00-04:00,7.8181368308173385
2004-10-20 00:00:00-04:00,7.641164715013143
2004-10-21 00:00:00-04:00,7.831368275901655
2004-10-22 00:00:00-04:00,7.814827874756576
2004-10-25 00:00:00-04:00,7.717246987270073
2004-10-26 00:00:00-04:00,7.854523582249139
2004-10-27 00:00:00-04:00,7.996765561946565
2004-10-28 00:00:00-04:00,7.2773032861428675
2004-10-29 00:00:00-04:00,7.328576363632519
2004-11-01 00:00:00-05:00,7.2194135517288
2004-11-02 00:00:00-05:00,7.326919568896259
2004-11-03 00:00:00-05:00,7.401346803033037
2004-11-04 00:00:00-05:00,7.426153662358279
2004-11-05 00:00:00-05:00,7.64447460985426
2004-11-08 00:00:00-05:00,7.684168990464459
2004-11-09 00:00:00-05:00,7.624624773033314
2004-11-10 00:00:00-05:00,7.799944771483552
2004-11-11 00:00:00-05:00,7.837988382911329
2004-11-12 00:00:00-05:00,7.928952294493092
2004-11-15 00:00:00-05:00,8.031496062768529
2004-11-16 00:00:00-05:00,8.026532189987067
2004-11-17 00:00:00-05:00,7.943836718534741
2004-11-18 00:00:00-05:00,7.98518321649947
2004-11-19 00:00:00-05:00,8.104265246528671
2004-11-22 00:00:00-05:00,7.970302661857789
2004-11-23 00:00:00-05:00,8.005031561452958
2004-11-24 00:00:00-05:00,8.069538064092889
2004-11-26 00:00:00-05:00,8.137346925633242
2004-11-29 00:00:00-05:00,8.15388757055545
2004-11-30 00:00:00-05:00,8.249814872204901
2004-12-01 00:00:00-05:00,8.228315164320756
2004-12-02 00:00:00-05:00,8.269657838867525
2004-12-03 00:00:00-05:00,8.178690737988113
2004-12-06 00:00:00-05:00,8.09103656842094
2004-12-07 00:00:00-05:00,7.899176210875161
2004-12-08 00:00:00-05:00,7.7073205872576995
2004-12-09 00:00:00-05:00,7.780098590864058
2004-12-10 00:00:00-05:00,7.715591868235783
2004-12-13 00:00:00-05:00,7.781748470991994
2004-12-14 00:00:00-05:00,7.81317578382443
2004-12-15 00:00:00-05:00,7.897524831645904
2004-12-16 00:00:00-05:00,8.024880081908554
2004-12-17 00:00:00-05:00,7.938874364914294
2004-12-20 00:00:00-05:00,7.975262170396595
2004-12-21 00:00:00-05:00,7.971954610377046
2004-12-22 00:00:00-05:00,8.011644466094374
2004-12-23 00:00:00-05:00,8.059612018671054
2004-12-27 00:00:00-05:00,8.148920598989095
2004-12-28 00:00:00-05:00,8.005032402739992
2004-12-29 00:00:00-05:00,8.107575011952736
2004-12-30 00:00:00-05:00,8.018265055845186
2004-12-31 00:00:00-05:00,8.021571624939043
2005-01-03 00:00:00-05:00,8.029839973161442
2005-01-04 00:00:00-05:00,7.849561555537824
2005-01-05 00:00:00-05:00,7.442693672653924
2005-01-06 00:00:00-05:00,7.359996567554147
2005-01-07 00:00:00-05:00,7.4906587101434825
2005-01-10 00:00:00-05:00,7.389769197130652
2005-01-11 00:00:00-05:00,7.409614772224468
2005-01-12 00:00:00-05:00,7.355035576821975
2005-01-13 00:00:00-05:00,7.345111928032891
2005-01-14 00:00:00-05:00,7.384806700581229
2005-01-18 00:00:00-05:00,7.442696715378692
2005-01-19 00:00:00-05:00,7.5320068547465455
2005-01-20 00:00:00-05:00,7.474119432967793
2005-01-21 00:00:00-05:00,7.422847578155498
2005-01-24 00:00:00-05:00,7.345109996237076
2005-01-25 00:00:00-05:00,7.247529992104394
2005-01-26 00:00:00-05:00,7.245879797093508
2005-01-27 00:00:00-05:00,7.321956119956292
2005-01-28 00:00:00-05:00,7.616356104457935
2005-01-31 00:00:00-05:00,7.765213392109237
2005-02-01 00:00:00-05:00,7.806559282889469
2005-02-02 00:00:00-05:00,7.9868391564288075
2005-02-03 00:00:00-05:00,7.968644473368534
2005-02-04 00:00:00-05:00,7.823101149200609
2005-02-07 00:00:00-05:00,7.933913698987167
2005-02-08 00:00:00-05:00,7.889253791563693
2005-02-09 00:00:00-05:00,7.892561770831765
2005-02-10 00:00:00-05:00,7.359997963092085
2005-02-11 00:00:00-05:00,7.599817328554701
2005-02-14 00:00:00-05:00,7.756941351115438
2005-02-15 00:00:00-05:00,7.91406205339966
2005-02-16 00:00:00-05:00,7.981876099257127
2005-02-17 00:00:00-05:00,8.023224028679964
2005-02-18 00:00:00-05:00,7.985180366318547
2005-02-22 00:00:00-05:00,7.948796149618448
2005-02-23 00:00:00-05:00,7.9306022277569195
2005-02-24 00:00:00-05:00,7.978567758294145
2005-02-25 00:00:00-05:00,8.145616204962561
2005-02-28 00:00:00-05:00,8.309354456424508
2005-03-01 00:00:00-05:00,8.158847062279591
2005-03-02 00:00:00-05:00,8.474744272342631
2005-03-03 00:00:00-05:00,8.410243728777697
2005-03-04 00:00:00-05:00,8.425135103717079
2005-03-07 00:00:00-05:00,8.590522882070015
2005-03-08 00:00:00-05:00,8.526018156909265
2005-03-09 00:00:00-05:00,8.461514421478103
2005-03-10 00:00:00-05:00,8.550829053774784
2005-03-11 00:00:00-05:00,8.565714582267596
2005-03-14 00:00:00-05:00,8.60044892419536
2005-03-15 00:00:00-05:00,8.587212864728947
2005-03-16 00:00:00-05:00,8.575637741948855
2005-03-17 00:00:00-05:00,8.428436776888226
2005-03-18 00:00:00-05:00,8.60044712855444
2005-03-21 00:00:00-05:00,8.486326663482764
2005-03-22 00:00:00-05:00,8.45159487390924
2005-03-23 00:00:00-05:00,8.423476169406532
2005-03-24 00:00:00-05:00,8.7493022127217
2005-03-28 00:00:00-05:00,9.195861190788042
2005-03-29 00:00:00-05:00,8.956041219259042
2005-03-30 00:00:00-05:00,8.775764050903902
2005-03-31 00:00:00-05:00,8.840264320373535
2005-04-01 00:00:00-05:00,8.914694024739958
2005-04-04 00:00:00-04:00,8.828690245494201
2005-04-05 00:00:00-04:00,8.94777299337305
2005-04-06 00:00:00-04:00,8.984158291940206
2005-04-07 00:00:00-04:00,8.817113500487304
2005-04-08 00:00:00-04:00,8.856810067457609
2005-04-11 00:00:00-04:00,8.749300627916176
2005-04-12 00:00:00-04:00,8.549177312558298
2005-04-13 00:00:00-04:00,8.659990542492272
2005-04-14 00:00:00-04:00,8.337469711325443
2005-04-15 00:00:00-04:00,8.143960761652679
2005-04-18 00:00:00-04:00,7.971951629358149
2005-04-19 00:00:00-04:00,8.08772531416153
2005-04-20 00:00:00-04:00,8.178692803816645
2005-04-21 00:00:00-04:00,8.186965210638208
2005-04-22 00:00:00-04:00,8.221698419721728
2005-04-25 00:00:00-04:00,8.162157138303305
2005-04-26 00:00:00-04:00,8.228313911156938
2005-04-27 00:00:00-04:00,8.054646624601325
2005-04-28 00:00:00-04:00,8.005029984938357
2005-04-29 00:00:00-04:00,7.980221963074967
2005-05-02 00:00:00-04:00,8.14561336969066
2005-05-03 00:00:00-04:00,8.261389571316158
2005-05-04 00:00:00-04:00,8.476406997315888
2005-05-05 00:00:00-04:00,8.590522323655238
2005-05-06 00:00:00-04:00,8.6500638315362
2005-05-09 00:00:00-04:00,8.62360108989678
2005-05-10 00:00:00-04:00,8.765843699808485
2005-05-11 00:00:00-04:00,8.765837679790552
2005-05-12 00:00:00-04:00,8.894843952249909
2005-05-13 00:00:00-04:00,8.658333172444406
2005-05-16 00:00:00-04:00,8.484669869578571
2005-05-17 00:00:00-04:00,8.709612186278651
2005-05-18 00:00:00-04:00,8.989119220550037
2005-05-19 00:00:00-04:00,9.147901263363787
2005-05-20 00:00:00-04:00,9.162784186432033
2005-05-23 00:00:00-04:00,9.12309000340692
2005-05-24 00:00:00-04:00,9.204135064945076
2005-05-25 00:00:00-04:00,9.228941626938687
2005-05-26 00:00:00-04:00,9.093315258085338
2005-05-27 00:00:00-04:00,9.204130858211565
2005-05-31 00:00:00-04:00,9.283519653417228
2005-06-01 00:00:00-04:00,9.18759188162628
2005-06-02 00:00:00-04:00,9.457183652575779
2005-06-03 00:00:00-04:00,9.323214530944824
2005-06-06 00:00:00-04:00,9.318255564242738
2005-06-07 00:00:00-04:00,9.33314151998444
2005-06-08 00:00:00-04:00,9.260363469575987
2005-06-09 00:00:00-04:00,9.119779162607617
2005-06-10 00:00:00-04:00,9.27855726337988
2005-06-13 00:00:00-04:00,9.260365308209163
2005-06-14 00:00:00-04:00,9.382755378322505
2005-06-15 00:00:00-04:00,9.59280787312364
2005-06-16 00:00:00-04:00,9.577918441795743
2005-06-17 00:00:00-04:00,9.581224426957363
2005-06-20 00:00:00-04:00,9.485298841407856
2005-06-21 00:00:00-04:00,9.419140816394856
2005-06-22 00:00:00-04:00,9.331483711323731
2005-06-23 00:00:00-04:00,9.26201971265557
2005-06-24 00:00:00-04:00,9.129703094514422
2005-06-27 00:00:00-04:00,9.142934656756962
2005-06-28 00:00:00-04:00,9.328177811330244
2005-06-29 00:00:00-04:00,9.394338962945014
2005-06-30 00:00:00-04:00,9.485299842907116
2005-07-01 00:00:00-04:00,9.326520695092555
2005-07-05 00:00:00-04:00,9.410869784479708
2005-07-06 00:00:00-04:00,9.442296893046784
2005-07-07 00:00:00-04:00,9.361256010706787
2005-07-08 00:00:00-04:00,9.518378617360641
2005-07-11 00:00:00-04:00,9.749927185364381
2005-07-12 00:00:00-04:00,10.045979057367997
2005-07-13 00:00:00-04:00,10.021173895456615
2005-07-14 00:00:00-04:00,9.9368229535667
2005-07-15 00:00:00-04:00,10.016213755856926
2005-07-18 00:00:00-04:00,9.998019186885971
2005-07-19 00:00:00-04:00,10.130333053749688
2005-07-20 00:00:00-04:00,10.199802726672884
2005-07-21 00:00:00-04:00,10.394965034859242
2005-07-22 00:00:00-04:00,10.312267854220698
2005-07-25 00:00:00-04:00,10.4363110625645
2005-07-26 00:00:00-04:00,10.163411658990185
2005-07-27 00:00:00-04:00,9.986440008681143
2005-07-28 00:00:00-04:00,9.913666978592785
2005-07-29 00:00:00-04:00,10.054252090864852
2005-08-01 00:00:00-04:00,9.84585647254103
2005-08-02 00:00:00-04:00,10.088986946473172
2005-08-03 00:00:00-04:00,10.37842265733813
2005-08-04 00:00:00-04:00,10.229572111657067
2005-08-05 00:00:00-04:00,10.069138672864515
2005-08-08 00:00:00-04:00,10.087331934431226
2005-08-09 00:00:00-04:00,10.105528024439984
2005-08-10 00:00:00-04:00,10.055906435204996
2005-08-11 00:00:00-04:00,10.03936587578596
2005-08-12 00:00:00-04:00,10.105527142129867
2005-08-15 00:00:00-04:00,9.978170688784044
2005-08-16 00:00:00-04:00,9.910360510442402
2005-08-17 00:00:00-04:00,9.738352424478693
2005-08-18 00:00:00-04:00,9.642421999339456
2005-08-19 00:00:00-04:00,9.692044471630336
2005-08-22 00:00:00-04:00,9.584532897983083
2005-08-23 00:00:00-04:00,9.572958694147848
2005-08-24 00:00:00-04:00,9.425760177913597
2005-08-25 00:00:00-04:00,9.427410029660594
2005-08-26 00:00:00-04:00,9.306676434411903
2005-08-29 00:00:00-04:00,9.321560313921307
2005-08-30 00:00:00-04:00,9.2752521019832
2005-08-31 00:00:00-04:00,9.300062539135276
2005-09-01 00:00:00-04:00,9.420798952989175
2005-09-02 00:00:00-04:00,9.52664611875466
2005-09-06 00:00:00-04:00,9.443951476881349
2005-09-07 00:00:00-04:00,9.510107963835816
2005-09-08 00:00:00-04:00,9.56303131370551
2005-09-09 00:00:00-04:00,9.625883232147753
2005-09-12 00:00:00-04:00,9.690387317794414
2005-09-13 00:00:00-04:00,9.740005881920325
2005-09-14 00:00:00-04:00,9.741659593342114
2005-09-15 00:00:00-04:00,9.769775567870667
2005-09-16 00:00:00-04:00,9.541528305781862
2005-09-19 00:00:00-04:00,9.576266281414457
2005-09-20 00:00:00-04:00,9.538229759952769
2005-09-21 00:00:00-04:00,9.291791837590582
2005-09-22 00:00:00-04:00,9.109856658721263
2005-09-23 00:00:00-04:00,9.262021438611704
2005-09-26 00:00:00-04:00,9.313293056916761
2005-09-27 00:00:00-04:00,9.280213356446609
2005-09-28 00:00:00-04:00,9.323209552706873
2005-09-29 00:00:00-04:00,9.276907524927223
2005-09-30 00:00:00-04:00,9.283521193514503
2005-10-03 00:00:00-04:00,9.478683908378047
2005-10-04 00:00:00-04:00,9.346366603246015
2005-10-05 00:00:00-04:00,9.144592878860276
2005-10-06 00:00:00-04:00,8.797266923677409
2005-10-07 00:00:00-04:00,8.706298252471523
2005-10-10 00:00:00-04:00,8.765845057999517
2005-10-11 00:00:00-04:00,8.587220191695376
2005-10-12 00:00:00-04:00,8.560751949125889
2005-10-13 00:00:00-04:00,8.410243145656903
2005-10-14 00:00:00-04:00,8.476398351987456
2005-10-17 00:00:00-04:00,8.406935150319528
2005-10-18 00:00:00-04:00,8.483016410142527
2005-10-19 00:00:00-04:00,8.397011848314689
2005-10-20 00:00:00-04:00,8.49129161187333
2005-10-21 00:00:00-04:00,8.55578967527691
2005-10-24 00:00:00-04:00,8.612024978105119
2005-10-25 00:00:00-04:00,8.788996213343566
2005-10-26 00:00:00-04:00,8.66329288482666
2005-10-27 00:00:00-04:00,8.65172080242497
2005-10-28 00:00:00-04:00,8.741030018301979
2005-10-31 00:00:00-05:00,8.93123047206179
2005-11-01 00:00:00-05:00,9.047004169725987
2005-11-02 00:00:00-05:00,8.931231155800312
2005-11-03 00:00:00-05:00,8.72449177454733
2005-11-04 00:00:00-05:00,8.47474667492964
2005-11-07 00:00:00-05:00,8.476400680193084
2005-11-08 00:00:00-05:00,8.246503854028775
2005-11-09 00:00:00-05:00,8.279580133727702
2005-11-10 00:00:00-05:00,8.360628595691594
2005-11-11 00:00:00-05:00,8.507828280677876
2005-11-14 00:00:00-05:00,8.393708242530376
2005-11-15 00:00:00-05:00,8.22169658623008
2005-11-16 00:00:00-05:00,8.218385334525507
2005-11-17 00:00:00-05:00,8.119155031931713
2005-11-18 00:00:00-05:00,8.162154491030927
2005-11-21 00:00:00-05:00,8.079456217561418
2005-11-22 00:00:00-05:00,8.104269694505792
2005-11-23 00:00:00-05:00,8.807189449954272
2005-11-25 00:00:00-05:00,8.737722071497236
2005-11-28 00:00:00-05:00,8.757570111885785
2005-11-29 00:00:00-05:00,8.689757496159425
2005-11-30 00:00:00-05:00,8.78238119037649
2005-12-01 00:00:00-05:00,8.92957913226774
2005-12-02 00:00:00-05:00,9.055278800729075
2005-12-05 00:00:00-05:00,9.096628861727979
2005-12-06 00:00:00-05:00,8.992424584561086
2005-12-07 00:00:00-05:00,9.020544243607826
2005-12-08 00:00:00-05:00,8.856804571799199
2005-12-09 00:00:00-05:00,8.908078050098384
2005-12-12 00:00:00-05:00,9.007311542907704
2005-12-13 00:00:00-05:00,8.89980868163364
2005-12-14 00:00:00-05:00,8.989123990698905
2005-12-15 00:00:00-05:00,8.871692008888036
2005-12-16 00:00:00-05:00,8.831997255775244
2005-12-19 00:00:00-05:00,8.686451277180566
2005-12-20 00:00:00-05:00,8.575636939087754
2005-12-21 00:00:00-05:00,8.668256056631876
2005-12-22 00:00:00-05:00,8.742682560528939
2005-12-23 00:00:00-05:00,8.896500734144032
2005-12-27 00:00:00-05:00,8.896502416910584
2005-12-28 00:00:00-05:00,8.80553411001626
2005-12-29 00:00:00-05:00,8.734416913193419
2005-12-30 00:00:00-05:00,8.865077741886076
2006-01-03 00:00:00-05:00,8.75591611974143
2006-01-04 00:00:00-05:00,8.931231605191275
2006-01-05 00:00:00-05:00,9.013930202203545
2006-01-06 00:00:00-05:00,9.113166823134858
2006-01-09 00:00:00-05:00,9.10985957969479
2006-01-10 00:00:00-05:00,9.013932139802533
2006-01-11 00:00:00-05:00,8.93123759233936
2006-01-12 00:00:00-05:00,8.93784862914654
2006-01-13 00:00:00-05:00,8.987465559044328
2006-01-17 00:00:00-05:00,8.932889653421924
2006-01-18 00:00:00-05:00,8.944463211807985
2006-01-19 00:00:00-05:00,8.848539067373707
2006-01-20 00:00:00-05:00,8.797263466637906
2006-01-23 00:00:00-05:00,8.633523266734915
2006-01-24 00:00:00-05:00,8.78237909025844
2006-01-25 00:00:00-05:00,8.964312391530907
2006-01-26 00:00:00-05:00,9.022197821409199
2006-01-27 00:00:00-05:00,9.088354502925739
2006-01-30 00:00:00-05:00,9.220673509418129
2006-01-31 00:00:00-05:00,9.314947021486121
2006-02-01 00:00:00-05:00,9.331487483513166
2006-02-02 00:00:00-05:00,9.533263951288559
2006-02-03 00:00:00-05:00,9.386061688166912
2006-02-06 00:00:00-05:00,9.349677769845272
2006-02-07 00:00:00-05:00,9.447260663571077
2006-02-08 00:00:00-05:00,9.758202855482407
2006-02-09 00:00:00-05:00,9.741664012720685
2006-02-10 00:00:00-05:00,9.877280483786219
2006-02-13 00:00:00-05:00,9.840894218864259
2006-02-14 00:00:00-05:00,9.873973823458318
2006-02-15 00:00:00-05:00,9.964938978446707
2006-02-16 00:00:00-05:00,10.166720634475844
2006-02-17 00:00:00-05:00,10.090637259476962
2006-02-21 00:00:00-05:00,10.37842331902726
2006-02-22 00:00:00-05:00,10.287454892740657
2006-02-23 00:00:00-05:00,10.254377343845098
2006-02-24 00:00:00-05:00,10.345344612391502
2006-02-27 00:00:00-05:00,10.153485981362403
2006-02-28 00:00:00-05:00,10.10718119292492
2006-03-01 00:00:00-05:00,10.181605850854337
2006-03-02 00:00:00-05:00,10.237839736428016
2006-03-03 00:00:00-05:00,10.148527118308035
2006-03-06 00:00:00-05:00,10.138606272705028
2006-03-07 00:00:00-05:00,10.02283172922238
2006-03-08 00:00:00-05:00,9.973209775299948
2006-03-09 00:00:00-05:00,10.012905240273342
2006-03-10 00:00:00-05:00,9.98809911599646
2006-03-13 00:00:00-05:00,10.171681319851277
2006-03-14 00:00:00-05:00,10.034404716042584
2006-03-15 00:00:00-05:00,10.065830513518694
2006-03-16 00:00:00-05:00,10.270918143570018
2006-03-17 00:00:00-05:00,10.378423282761073
2006-03-20 00:00:00-05:00,10.312271133849888
2006-03-21 00:00:00-05:00,10.287457689986933
2006-03-22 00:00:00-05:00,10.188218207520222
2006-03-23 00:00:00-05:00,10.23784074138681
2006-03-24 00:00:00-05:00,10.34038547751603
2006-03-27 00:00:00-05:00,10.254375996182787
2006-03-28 00:00:00-05:00,10.246113311414694
2006-03-29 00:00:00-05:00,10.15028869476123
2006-03-30 00:00:00-05:00,10.384180326065131
2006-03-31 00:00:00-05:00,10.307878556958071
2006-04-03 00:00:00-04:00,10.151946986513687
2006-04-04 00:00:00-04:00,10.188442166266253
2006-04-05 00:00:00-04:00,10.243182606566414
2006-04-06 00:00:00-04:00,10.155266229180281
2006-04-07 00:00:00-04:00,10.329439950675543
2006-04-10 00:00:00-04:00,10.311197496360663
2006-04-11 00:00:00-04:00,10.307876188773387
2006-04-12 00:00:00-04:00,10.268067557427722
2006-04-13 00:00:00-04:00,10.284653734171947
2006-04-17 00:00:00-04:00,10.316166717251
2006-04-18 00:00:00-04:00,10.32114293666362
2006-04-19 00:00:00-04:00,10.533476225079296
2006-04-20 00:00:00-04:00,10.647934890401142
2006-04-21 00:00:00-04:00,10.707649602547813
2006-04-24 00:00:00-04:00,10.558361301719906
2006-04-25 00:00:00-04:00,10.392476503702406
2006-04-26 00:00:00-04:00,10.498642165509915
2006-04-27 00:00:00-04:00,10.506931093301414
2006-04-28 00:00:00-04:00,10.699357250292735
2006-05-01 00:00:00-04:00,10.61475840082979
2006-05-02 00:00:00-04:00,10.477070335294634
2006-05-03 00:00:00-04:00,10.601488733499004
2006-05-04 00:00:00-04:00,10.62471104043353
2006-05-05 00:00:00-04:00,10.815470967641872
2006-05-08 00:00:00-04:00,10.9481791561723
2006-05-09 00:00:00-04:00,10.860260973942381
2006-05-10 00:00:00-04:00,10.88182491737191
2006-05-11 00:00:00-04:00,10.95646903450094
2006-05-12 00:00:00-04:00,10.918320993884672
2006-05-15 00:00:00-04:00,10.633005347656
2006-05-16 00:00:00-04:00,10.72257796519066
2006-05-17 00:00:00-04:00,10.699356040051056
2006-05-18 00:00:00-04:00,10.541770125843698
2006-05-19 00:00:00-04:00,10.528496523429098
2006-05-22 00:00:00-04:00,10.45385597728474
2006-05-23 00:00:00-04:00,10.35764401207201
2006-05-24 00:00:00-04:00,10.286312938937787
2006-05-25 00:00:00-04:00,10.384183590487059
2006-05-26 00:00:00-04:00,10.51688565291622
2006-05-30 00:00:00-04:00,10.569967151703233
2006-05-31 00:00:00-04:00,10.409064571785876
2006-06-01 00:00:00-04:00,10.765710222010698
2006-06-02 00:00:00-04:00,10.916661429675372
2006-06-05 00:00:00-04:00,11.022825474712626
2006-06-06 00:00:00-04:00,10.890121586508721
2006-06-07 00:00:00-04:00,10.71760370249033
2006-06-08 00:00:00-04:00,10.400773872044798
2006-06-09 00:00:00-04:00,10.407408392170908
2006-06-12 00:00:00-04:00,10.394138695722457
2006-06-13 00:00:00-04:00,10.417355896532944
2006-06-14 00:00:00-04:00,10.16853599711883
2006-06-15 00:00:00-04:00,10.201712970857036
2006-06-16 00:00:00-04:00,10.584897211164892
2006-06-19 00:00:00-04:00,10.649593427946556
2006-06-20 00:00:00-04:00,10.50195972661271
2006-06-21 00:00:00-04:00,10.518547925542194
2006-06-22 00:00:00-04:00,10.624709472820413
2006-06-23 00:00:00-04:00,10.573290067819155
2006-06-26 00:00:00-04:00,10.591537475585938
2006-06-27 00:00:00-04:00,10.584898690794756
2006-06-28 00:00:00-04:00,10.380893004700122
2006-06-29 00:00:00-04:00,10.447432551199624
2006-06-30 00:00:00-04:00,10.731911659334138
2006-07-03 00:00:00-04:00,10.728585265642248
2006-07-05 00:00:00-04:00,10.813430706255875
2006-07-06 00:00:00-04:00,10.800122385407334
2006-07-07 00:00:00-04:00,10.663703837621398
2006-07-10 00:00:00-04:00,10.716942780767909
2006-07-11 00:00:00-04:00,10.713613253275378
2006-07-12 00:00:00-04:00,10.71527852992663
2006-07-13 00:00:00-04:00,10.64540608174323
2006-07-14 00:00:00-04:00,10.41416660923266
2006-07-17 00:00:00-04:00,10.252795479126261
2006-07-18 00:00:00-04:00,10.231169557946952
2006-07-19 00:00:00-04:00,10.26111419002189
2006-07-20 00:00:00-04:00,10.410837915474062
2006-07-21 00:00:00-04:00,10.197898522745607
2006-07-24 00:00:00-04:00,10.1063970142256
2006-07-25 00:00:00-04:00,10.254459347228922
2006-07-26 00:00:00-04:00,10.380891660289857
2006-07-27 00:00:00-04:00,10.370908217072271
2006-07-28 00:00:00-04:00,10.297714847212385
2006-07-31 00:00:00-04:00,10.330982343433194
2006-08-01 00:00:00-04:00,10.264437403137544
2006-08-02 00:00:00-04:00,9.33282198824672
2006-08-03 00:00:00-04:00,9.565726768988496
2006-08-04 00:00:00-04:00,9.88180911507754
2006-08-07 00:00:00-04:00,9.815267432231357
2006-08-08 00:00:00-04:00,9.702141956273529
2006-08-09 00:00:00-04:00,9.57404585504274
2006-08-10 00:00:00-04:00,9.554078646407634
2006-08-11 00:00:00-04:00,9.663879352852577
2006-08-14 00:00:00-04:00,9.798630955024167
2006-08-15 00:00:00-04:00,9.940037709584033
2006-08-16 00:00:00-04:00,10.078118489063623
2006-08-17 00:00:00-04:00,10.196234222185426
2006-08-18 00:00:00-04:00,10.197897117300906
2006-08-21 00:00:00-04:00,10.231169568668884
2006-08-22 00:00:00-04:00,10.182921138785659
2006-08-23 00:00:00-04:00,10.24780172473718
2006-08-24 00:00:00-04:00,10.302704688978253
2006-08-25 00:00:00-04:00,9.994935704927578
2006-08-28 00:00:00-04:00,10.031535117433092
2006-08-29 00:00:00-04:00,10.048167776861368
2006-08-30 00:00:00-04:00,10.004914356282056
2006-08-31 00:00:00-04:00,10.18624998564971
2006-09-01 00:00:00-04:00,10.179598757974768
2006-09-05 00:00:00-04:00,10.237826502513547
2006-09-06 00:00:00-04:00,10.291057287104298
2006-09-07 00:00:00-04:00,10.09807813640027
2006-09-08 00:00:00-04:00,10.038191995334483
2006-09-11 00:00:00-04:00,10.247803952370225
2006-09-12 00:00:00-04:00,10.162961616670447
2006-09-13 00:00:00-04:00,10.415830433709843
2006-09-14 00:00:00-04:00,10.365920764052868
2006-09-15 00:00:00-04:00,10.455753156705608
2006-09-18 00:00:00-04:00,10.419156362712929
2006-09-19 00:00:00-04:00,10.365922581257236
2006-09-20 00:00:00-04:00,10.345958061767973
2006-09-21 00:00:00-04:00,10.394201570977462
2006-09-22 00:00:00-04:00,10.302705218481051
2006-09-25 00:00:00-04:00,10.311023056825912
2006-09-26 00:00:00-04:00,10.321002994947042
2006-09-27 00:00:00-04:00,10.56228046702812
2006-09-28 00:00:00-04:00,10.677395648548044
2006-09-29 00:00:00-04:00,10.685730542950953
2006-10-02 00:00:00-04:00,10.665712611357876
2006-10-03 00:00:00-04:00,10.775826627790437
2006-10-04 00:00:00-04:00,10.830881135451282
2006-10-05 00:00:00-04:00,10.991042038050173
2006-10-06 00:00:00-04:00,11.242960859219737
2006-10-09 00:00:00-04:00,11.13785815707231
2006-10-10 00:00:00-04:00,11.161215633941548
2006-10-11 00:00:00-04:00,11.239623754717433
2006-10-12 00:00:00-04:00,11.122843491718996
2006-10-13 00:00:00-04:00,11.227942462487764
2006-10-16 00:00:00-04:00,11.344735363181865
2006-10-17 00:00:00-04:00,11.37976666721704
2006-10-18 00:00:00-04:00,11.404791641129727
2006-10-19 00:00:00-04:00,11.29301780162175
2006-10-20 00:00:00-04:00,11.506561364819431
2006-10-23 00:00:00-04:00,11.34472809639296
2006-10-24 00:00:00-04:00,11.449838811252793
2006-10-25 00:00:00-04:00,11.449837386308872
2006-10-26 00:00:00-04:00,11.529916337065538
2006-10-27 00:00:00-04:00,11.593311325090546
2006-10-30 00:00:00-05:00,11.41146241477514
2006-10-31 00:00:00-05:00,11.509898614764392
2006-11-01 00:00:00-05:00,11.428151634629765
2006-11-02 00:00:00-05:00,11.227949168708559
2006-11-03 00:00:00-05:00,11.578295669524834
2006-11-06 00:00:00-05:00,11.476528148171061
2006-11-07 00:00:00-05:00,11.508229482201696
2006-11-08 00:00:00-05:00,11.586644709135095
2006-11-09 00:00:00-05:00,11.69341461835055
2006-11-10 00:00:00-05:00,11.68507467550284
2006-11-13 00:00:00-05:00,11.594984766888347
2006-11-14 00:00:00-05:00,11.703425739723029
2006-11-15 00:00:00-05:00,11.72845087676176
2006-11-16 00:00:00-05:00,11.710096430506976
2006-11-17 00:00:00-05:00,11.72010602219966
2006-11-20 00:00:00-05:00,11.833558702881373
2006-11-21 00:00:00-05:00,11.840227877377519
2006-11-22 00:00:00-05:00,11.962020623149177
2006-11-24 00:00:00-05:00,11.973696220419196
2006-11-27 00:00:00-05:00,11.945333045186787
2006-11-28 00:00:00-05:00,11.781837086304131
2006-11-29 00:00:00-05:00,11.766824906265562
2006-11-30 00:00:00-05:00,11.831889204948158
2006-12-01 00:00:00-05:00,11.84189738811267
2006-12-04 00:00:00-05:00,11.878602190140404
2006-12-05 00:00:00-05:00,11.953678730762254
2006-12-06 00:00:00-05:00,11.953674045924338
2006-12-07 00:00:00-05:00,11.978704326586936
2006-12-08 00:00:00-05:00,12.083803620149249
2006-12-11 00:00:00-05:00,12.172225520277024
2006-12-12 00:00:00-05:00,12.220610611404837
2006-12-13 00:00:00-05:00,12.329050925935269
2006-12-14 00:00:00-05:00,12.319044509979017
2006-12-15 00:00:00-05:00,12.487546944473152
2006-12-18 00:00:00-05:00,12.585980516592672
2006-12-19 00:00:00-05:00,12.495890271257858
2006-12-20 00:00:00-05:00,12.597662153541616
2006-12-21 00:00:00-05:00,12.73446185691133
2006-12-22 00:00:00-05:00,12.559282213808357
2006-12-26 00:00:00-05:00,12.512576336348182
2006-12-27 00:00:00-05:00,12.73454429252694
2006-12-28 00:00:00-05:00,12.903441148029321
2006-12-29 00:00:00-05:00,12.908469780709854
2007-01-03 00:00:00-05:00,12.846585764972152
2007-01-04 00:00:00-05:00,12.767988637125834
2007-01-05 00:00:00-05:00,12.610795440588172
2007-01-08 00:00:00-05:00,12.395066429895127
2007-01-09 00:00:00-05:00,12.32483131048821
2007-01-10 00:00:00-05:00,12.329850490255573
2007-01-11 00:00:00-05:00,12.430184887616855
2007-01-12 00:00:00-05:00,12.67768884186236
2007-01-16 00:00:00-05:00,12.977028971776582
2007-01-17 00:00:00-05:00,12.778022853303387
2007-01-18 00:00:00-05:00,12.824848018688778
2007-01-19 00:00:00-05:00,12.828188441392921
2007-01-22 00:00:00-05:00,12.920170112221998
2007-01-23 00:00:00-05:00,12.704441998690664
2007-01-24 00:00:00-05:00,12.972006940307795
2007-01-25 00:00:00-05:00,13.082380205051125
2007-01-26 00:00:00-05:00,12.953619184066149
2007-01-29 00:00:00-05:00,12.831530248108697
2007-01-30 00:00:00-05:00,12.955289029942358
2007-01-31 00:00:00-05:00,12.99709224310855
2007-02-01 00:00:00-05:00,13.07234835112398
2007-02-02 00:00:00-05:00,13.144257465962113
2007-02-05 00:00:00-05:00,12.901773740221785
2007-02-06 00:00:00-05:00,13.092418881976787
2007-02-07 00:00:00-05:00,12.793075258752971
2007-02-08 00:00:00-05:00,12.56564164001432
2007-02-09 00:00:00-05:00,12.33319579807512
2007-02-12 00:00:00-05:00,12.217803402082817
2007-02-13 00:00:00-05:00,12.207769628545519
2007-02-14 00:00:00-05:00,12.378345102644497
2007-02-15 00:00:00-05:00,12.371658265729295
2007-02-16 00:00:00-05:00,12.466974203228
2007-02-20 00:00:00-05:00,12.716147198390185
2007-02-21 00:00:00-05:00,12.78304023460747
2007-02-22 00:00:00-05:00,13.115830511538782
2007-02-23 00:00:00-05:00,12.943577169913443
2007-02-26 00:00:00-05:00,12.915152941045692
2007-02-27 00:00:00-05:00,12.542231587218257
2007-02-28 00:00:00-05:00,12.319814497031421
2007-03-01 00:00:00-05:00,12.207768551993649
2007-03-02 00:00:00-05:00,12.303092352835451
2007-03-05 00:00:00-05:00,12.124160708088246
2007-03-06 00:00:00-05:00,11.963612752200458
2007-03-07 00:00:00-05:00,12.175998092584365
2007-03-08 00:00:00-05:00,12.259612469092039
2007-03-09 00:00:00-05:00,12.324829936086454
2007-03-12 00:00:00-04:00,12.374998511876761
2007-03-13 00:00:00-04:00,12.445240487960517
2007-03-14 00:00:00-04:00,12.221147739388456
2007-03-15 00:00:00-04:00,12.207768286623443
2007-03-16 00:00:00-04:00,12.468646119403159
2007-03-19 00:00:00-04:00,12.45861450579821
2007-03-20 00:00:00-04:00,12.542232769076854
2007-03-21 00:00:00-04:00,12.63922229574625
2007-03-22 00:00:00-04:00,12.901774697371673
2007-03-23 00:00:00-04:00,12.985387464565314
2007-03-26 00:00:00-04:00,13.04057061659381
2007-03-27 00:00:00-04:00,12.943579339216596
2007-03-28 00:00:00-04:00,12.741180284621695
2007-03-29 00:00:00-04:00,12.71436140651186
2007-03-30 00:00:00-04:00,12.597028041715184
2007-04-02 00:00:00-04:00,12.685864596584977
2007-04-03 00:00:00-04:00,12.674133640086241
2007-04-04 00:00:00-04:00,12.64899001745589
2007-04-05 00:00:00-04:00,12.60708661523427
2007-04-09 00:00:00-04:00,12.655694847686089
2007-04-10 00:00:00-04:00,12.529974903942827
2007-04-11 00:00:00-04:00,12.439458050080244
2007-04-12 00:00:00-04:00,12.370734403832849
2007-04-13 00:00:00-04:00,12.486389969566508
2007-04-16 00:00:00-04:00,12.605405109729414
2007-04-17 00:00:00-04:00,12.823320026559081
2007-04-18 00:00:00-04:00,12.759622754391058
2007-04-19 00:00:00-04:00,12.72274407887571
2007-04-20 00:00:00-04:00,12.818290618250527
2007-04-23 00:00:00-04:00,12.803203057039203
2007-04-24 00:00:00-04:00,12.831696937296757
2007-04-25 00:00:00-04:00,12.88366121949965
2007-04-26 00:00:00-04:00,12.960768172785762
2007-04-27 00:00:00-04:00,12.928921269203824
2007-04-30 00:00:00-04:00,12.977539589478724
2007-05-01 00:00:00-04:00,13.410004230652257
2007-05-02 00:00:00-04:00,13.733519458206663
2007-05-03 00:00:00-04:00,13.876002071923978
2007-05-04 00:00:00-04:00,13.91288237467831
2007-05-07 00:00:00-04:00,13.870970222847328
2007-05-08 00:00:00-04:00,13.94640530274128
2007-05-09 00:00:00-04:00,14.063746818781919
2007-05-10 00:00:00-04:00,14.197841591753285
2007-05-11 00:00:00-04:00,14.271603929032684
2007-05-14 00:00:00-04:00,14.197840791280436
2007-05-15 00:00:00-04:00,14.036927387720397
2007-05-16 00:00:00-04:00,14.011784305209913
2007-05-17 00:00:00-04:00,14.114031729237592
2007-05-18 00:00:00-04:00,14.209576885804747
2007-05-21 00:00:00-04:00,14.248134458095842
2007-05-22 00:00:00-04:00,14.397320894117737
2007-05-23 00:00:00-04:00,14.234724552801596
2007-05-24 00:00:00-04:00,14.080503268385575
2007-05-25 00:00:00-04:00,13.929644793413596
2007-05-29 00:00:00-04:00,14.181082448956655
2007-05-30 00:00:00-04:00,13.996696847748234
2007-05-31 00:00:00-04:00,14.189458821367147
2007-06-01 00:00:00-04:00,14.04698101303235
2007-06-04 00:00:00-04:00,14.23304281094844
2007-06-05 00:00:00-04:00,14.331941701122961
2007-06-06 00:00:00-04:00,14.499569620302603
2007-06-07 00:00:00-04:00,14.181086005180335
2007-06-08 00:00:00-04:00,13.995019367509427
2007-06-11 00:00:00-04:00,14.412403648855177
2007-06-12 00:00:00-04:00,14.24980637863037
2007-06-13 00:00:00-04:00,14.043627109036201
2007-06-14 00:00:00-04:00,14.377206457778573
2007-06-15 00:00:00-04:00,14.566623501228971
2007-06-18 00:00:00-04:00,14.462689731728592
2007-06-19 00:00:00-04:00,14.566620303820825
2007-06-20 00:00:00-04:00,14.575003349188684
2007-06-21 00:00:00-04:00,14.420786947593523
2007-06-22 00:00:00-04:00,14.38893957223562
2007-06-25 00:00:00-04:00,14.331945892672717
2007-06-26 00:00:00-04:00,14.910253002011956
2007-06-27 00:00:00-04:00,14.81450897190701
2007-06-28 00:00:00-04:00,14.878352569648762
2007-06-29 00:00:00-04:00,14.829631961401493
2007-07-02 00:00:00-04:00,15.076622916393159
2007-07-03 00:00:00-04:00,15.127034647156167
2007-07-05 00:00:00-04:00,15.10518319699127
2007-07-06 00:00:00-04:00,15.138790910617002
2007-07-09 00:00:00-04:00,15.258089748574799
2007-07-10 00:00:00-04:00,15.222802369347914
2007-07-11 00:00:00-04:00,15.169035902094402
2007-07-12 00:00:00-04:00,15.239603832234787
2007-07-13 00:00:00-04:00,15.421072547120252
2007-07-16 00:00:00-04:00,15.431155471884184
2007-07-17 00:00:00-04:00,15.50340116135937
2007-07-18 00:00:00-04:00,15.649577734607085
2007-07-19 00:00:00-04:00,15.790710172320336
2007-07-20 00:00:00-04:00,15.824320962497268
2007-07-23 00:00:00-04:00,15.55044004877856
2007-07-24 00:00:00-04:00,15.39586430007597
2007-07-25 00:00:00-04:00,15.458033063581794
2007-07-26 00:00:00-04:00,14.811156362378071
2007-07-27 00:00:00-04:00,14.911966278607787
2007-07-30 00:00:00-04:00,14.755704350476288
2007-07-31 00:00:00-04:00,15.113586457083063
2007-08-01 00:00:00-04:00,14.962375968258014
2007-08-02 00:00:00-04:00,15.12199042690177
2007-08-03 00:00:00-04:00,15.261448213311944
2007-08-06 00:00:00-04:00,15.004372295548881
2007-08-07 00:00:00-04:00,15.037983424303972
2007-08-08 00:00:00-04:00,15.105180773604658
2007-08-09 00:00:00-04:00,14.785950647611129
2007-08-10 00:00:00-04:00,14.113854666104237
2007-08-13 00:00:00-04:00,14.344045896197283
2007-08-14 00:00:00-04:00,15.096786957265389
2007-08-15 00:00:00-04:00,14.84475307486328
2007-08-16 00:00:00-04:00,14.456618406121935
2007-08-17 00:00:00-04:00,14.617921829223635
2007-08-20 00:00:00-04:00,14.785950343797476
2007-08-21 00:00:00-04:00,14.66665113073824
2007-08-22 00:00:00-04:00,14.639759729395598
2007-08-23 00:00:00-04:00,14.634726457492262
2007-08-24 00:00:00-04:00,14.698571553609035
2007-08-27 00:00:00-04:00,14.76074037045484
2007-08-28 00:00:00-04:00,14.784273633012555
2007-08-29 00:00:00-04:00,14.599440886067644
2007-08-30 00:00:00-04:00,14.769152608418572
2007-08-31 00:00:00-04:00,14.953969181363046
2007-09-04 00:00:00-04:00,15.194237468937937
2007-09-05 00:00:00-04:00,15.379067551053277
2007-09-06 00:00:00-04:00,15.37402416442169
2007-09-07 00:00:00-04:00,15.248010832246655
2007-09-10 00:00:00-04:00,15.142156804413812
2007-09-11 00:00:00-04:00,15.130391097475867
2007-09-12 00:00:00-04:00,15.053105112797198
2007-09-13 00:00:00-04:00,15.592453188542766
2007-09-14 00:00:00-04:00,15.683182441325009
2007-09-17 00:00:00-04:00,15.817604657825216
2007-09-18 00:00:00-04:00,15.928496194306335
2007-09-19 00:00:00-04:00,16.80221197664527
2007-09-20 00:00:00-04:00,17.00720021547019
2007-09-21 00:00:00-04:00,17.265951505434348
2007-09-24 00:00:00-04:00,17.168497885810392
2007-09-25 00:00:00-04:00,16.734993990668194
2007-09-26 00:00:00-04:00,17.00911307592798
2007-09-27 00:00:00-04:00,17.453610727349023
2007-09-28 00:00:00-04:00,17.527694270359213
2007-10-01 00:00:00-04:00,17.477187821047384
2007-10-02 00:00:00-04:00,17.66576335368294
2007-10-03 00:00:00-04:00,17.45361415500183
2007-10-04 00:00:00-04:00,17.719640294844954
2007-10-05 00:00:00-04:00,17.8476084097213
2007-10-08 00:00:00-04:00,17.669132602838665
2007-10-09 00:00:00-04:00,17.645554117298712
2007-10-10 00:00:00-04:00,17.709537389998072
2007-10-11 00:00:00-04:00,17.71963710326085
2007-10-12 00:00:00-04:00,17.753322690345453
2007-10-15 00:00:00-04:00,17.847608752372754
2007-10-16 00:00:00-04:00,17.672505076025264
2007-10-17 00:00:00-04:00,17.847609038345475
2007-10-18 00:00:00-04:00,17.783622214663787
2007-10-19 00:00:00-04:00,17.898118212582826
2007-10-22 00:00:00-04:00,17.51085307466294
2007-10-23 00:00:00-04:00,17.80382843901025
2007-10-24 00:00:00-04:00,17.86444540829831
2007-10-25 00:00:00-04:00,17.98904385305494
2007-10-26 00:00:00-04:00,18.147309674673853
2007-10-29 00:00:00-04:00,19.191224755426465
2007-10-30 00:00:00-04:00,18.773666404929287
2007-10-31 00:00:00-04:00,19.255212132926086
2007-11-01 00:00:00-04:00,18.480695819165447
2007-11-02 00:00:00-04:00,18.8578496456885
2007-11-05 00:00:00-05:00,19.133983468276803
2007-11-06 00:00:00-05:00,19.127246255672844
2007-11-07 00:00:00-05:00,19.763690192581745
2007-11-08 00:00:00-05:00,19.305722687632755
2007-11-09 00:00:00-05:00,18.938663024336897
2007-11-12 00:00:00-05:00,18.5177377859597
2007-11-13 00:00:00-05:00,17.925063659152183
2007-11-14 00:00:00-05:00,17.975571476437448
2007-11-15 00:00:00-05:00,17.773523776976408
2007-11-16 00:00:00-05:00,17.652291126345432
2007-11-19 00:00:00-05:00,17.45697360294632
2007-11-20 00:00:00-05:00,17.453612956003493
2007-11-21 00:00:00-05:00,17.34248462750904
2007-11-23 00:00:00-05:00,17.204418131053657
2007-11-26 00:00:00-05:00,17.53780039858775
2007-11-27 00:00:00-05:00,17.254932508260037
2007-11-28 00:00:00-05:00,17.416569097740037
2007-11-29 00:00:00-05:00,18.15404340093741
2007-11-30 00:00:00-05:00,18.48407032346335
2007-12-03 00:00:00-05:00,18.477319501640757
2007-12-04 00:00:00-05:00,18.51772919213918
2007-12-05 00:00:00-05:00,18.803969435607872
2007-12-06 00:00:00-05:00,18.298844288847782
2007-12-07 00:00:00-05:00,18.62212606856301
2007-12-10 00:00:00-05:00,18.484049592348647
2007-12-11 00:00:00-05:00,18.332513607604408
2007-12-12 00:00:00-05:00,17.989038702408383
2007-12-13 00:00:00-05:00,17.706170410747003
2007-12-14 00:00:00-05:00,17.874547978189604
2007-12-17 00:00:00-05:00,17.931794077204454
2007-12-18 00:00:00-05:00,18.09343201325308
2007-12-19 00:00:00-05:00,18.093429857105395
2007-12-20 00:00:00-05:00,18.20455786441507
2007-12-21 00:00:00-05:00,18.76355586213756
2007-12-24 00:00:00-05:00,18.23823094212449
2007-12-26 00:00:00-05:00,18.490789623678193
2007-12-27 00:00:00-05:00,18.755305914213263
2007-12-28 00:00:00-05:00,18.556258442786792
2007-12-31 00:00:00-05:00,18.482022950810663
2008-01-02 00:00:00-05:00,18.35381751945103
2008-01-03 00:00:00-05:00,18.26947807370592
2008-01-04 00:00:00-05:00,18.269465139876434
2008-01-07 00:00:00-05:00,17.999563913239434
2008-01-08 00:00:00-05:00,17.925333812464277
2008-01-09 00:00:00-05:00,17.74314896741334
2008-01-10 00:00:00-05:00,17.503607663347246
2008-01-11 00:00:00-05:00,17.55758738524102
2008-01-14 00:00:00-05:00,17.766763326101742
2008-01-15 00:00:00-05:00,17.74651931958183
2008-01-16 00:00:00-05:00,17.60818899478354
2008-01-17 00:00:00-05:00,17.918592368171094
2008-01-18 00:00:00-05:00,17.560953680221207
2008-01-22 00:00:00-05:00,16.194547917586345
2008-01-23 00:00:00-05:00,16.089958470250114
2008-01-24 00:00:00-05:00,16.531938516235567
2008-01-25 00:00:00-05:00,17.098741494581922
2008-01-28 00:00:00-05:00,17.014395047760573
2008-01-29 00:00:00-05:00,17.375397204690866
2008-01-30 00:00:00-05:00,17.294427218203356
2008-01-31 00:00:00-05:00,17.108856079307838
2008-02-01 00:00:00-05:00,18.03329705914452
2008-02-04 00:00:00-05:00,18.019806163097197
2008-02-05 00:00:00-05:00,17.62844613811659
2008-02-06 00:00:00-05:00,17.378768882223547
2008-02-07 00:00:00-05:00,17.5171051718225
2008-02-08 00:00:00-05:00,16.876073763876725
2008-02-11 00:00:00-05:00,16.66351871226842
2008-02-12 00:00:00-05:00,17.544093668200194
2008-02-13 00:00:00-05:00,17.840991407179605
2008-02-14 00:00:00-05:00,18.43479824957526
2008-02-15 00:00:00-05:00,18.45840526408535
2008-02-19 00:00:00-05:00,18.951000418113956
2008-02-20 00:00:00-05:00,18.623728161421422
2008-02-21 00:00:00-05:00,19.089317789169904
2008-02-22 00:00:00-05:00,18.940868139496015
2008-02-25 00:00:00-05:00,19.227651359307522
2008-02-26 00:00:00-05:00,19.66625150572913
2008-02-27 00:00:00-05:00,19.902420802620263
2008-02-28 00:00:00-05:00,19.902422977240736
2008-02-29 00:00:00-05:00,19.814701992246157
2008-03-03 00:00:00-05:00,19.06232944289648
2008-03-04 00:00:00-05:00,19.227652726093677
2008-03-05 00:00:00-05:00,19.484059629915105
2008-03-06 00:00:00-05:00,19.59202368962397
2008-03-07 00:00:00-05:00,19.092703044477197
2008-03-10 00:00:00-04:00,18.27959959376053
2008-03-11 00:00:00-04:00,18.158132771418458
2008-03-12 00:00:00-04:00,18.762058881483146
2008-03-13 00:00:00-04:00,18.7418169730023
2008-03-14 00:00:00-04:00,19.365977294833115
2008-03-17 00:00:00-04:00,18.59336104465944
2008-03-18 00:00:00-04:00,18.84303146540668
2008-03-19 00:00:00-04:00,19.22764986505938
2008-03-20 00:00:00-04:00,18.32008068296945
2008-03-24 00:00:00-04:00,18.556248472683396
2008-03-25 00:00:00-04:00,19.19728676119384
2008-03-26 00:00:00-04:00,19.440203153454245
2008-03-27 00:00:00-04:00,19.350763930275125
2008-03-28 00:00:00-04:00,18.833612488383835
2008-03-31 00:00:00-04:00,18.918107318993844
2008-04-01 00:00:00-04:00,18.735598723685747
2008-04-02 00:00:00-04:00,19.296678659595855
2008-04-03 00:00:00-04:00,19.435258110760593
2008-04-04 00:00:00-04:00,19.715798078566756
2008-04-07 00:00:00-04:00,20.0267731925289
2008-04-08 00:00:00-04:00,20.42224084943374
2008-04-09 00:00:00-04:00,20.5608221057857
2008-04-10 00:00:00-04:00,20.20252342796178
2008-04-11 00:00:00-04:00,20.226185521942586
2008-04-14 00:00:00-04:00,20.280279951435375
2008-04-15 00:00:00-04:00,20.5844737189134
2008-04-16 00:00:00-04:00,20.783905444520222
2008-04-17 00:00:00-04:00,21.19288605488769
2008-04-18 00:00:00-04:00,21.463287353515625
2008-04-21 00:00:00-04:00,21.311179456056788
2008-04-22 00:00:00-04:00,21.544408014658647
2008-04-23 00:00:00-04:00,21.706650808048735
2008-04-24 00:00:00-04:00,21.476803740779914
2008-04-25 00:00:00-04:00,21.115143394032525
2008-04-28 00:00:00-04:00,21.632290376148767
2008-04-29 00:00:00-04:00,21.44639590119583
2008-04-30 00:00:00-04:00,20.831213964514617
2008-05-01 00:00:00-04:00,21.226680967381437
2008-05-02 00:00:00-04:00,21.105011349453502
2008-05-05 00:00:00-04:00,20.824463442087367
2008-05-06 00:00:00-04:00,21.02387909047444
2008-05-07 00:00:00-04:00,21.510610069625425
2008-05-08 00:00:00-04:00,21.723547954490176
2008-05-09 00:00:00-04:00,21.88241421456356
2008-05-12 00:00:00-04:00,22.811929833860173
2008-05-13 00:00:00-04:00,22.93023019578262
2008-05-14 00:00:00-04:00,22.98430782323648
2008-05-15 00:00:00-04:00,23.71440068904754
2008-05-16 00:00:00-04:00,23.717781520603157
2008-05-19 00:00:00-04:00,23.602858949481256
2008-05-20 00:00:00-04:00,23.187112713186004
2008-05-21 00:00:00-04:00,23.379772638647985
2008-05-22 00:00:00-04:00,23.403435216052344
2008-05-23 00:00:00-04:00,23.41357286012936
2008-05-27 00:00:00-04:00,23.349352168057074
2008-05-28 00:00:00-04:00,23.3561158610972
2008-05-29 00:00:00-04:00,24.042259182386633
2008-05-30 00:00:00-04:00,24.52899489159816
2008-06-02 00:00:00-04:00,24.992057425398496
2008-06-03 00:00:00-04:00,24.954873022516306
2008-06-04 00:00:00-04:00,25.44836670121475
2008-06-05 00:00:00-04:00,25.424709499110115
2008-06-06 00:00:00-04:00,25.515969880596803
2008-06-09 00:00:00-04:00,25.5396255757325
2008-06-10 00:00:00-04:00,25.350339144287734
2008-06-11 00:00:00-04:00,25.292869687202
2008-06-12 00:00:00-04:00,24.71151301810365
2008-06-13 00:00:00-04:00,25.144163042894114
2008-06-16 00:00:00-04:00,25.945233470210773
2008-06-17 00:00:00-04:00,26.719254037549398
2008-06-18 00:00:00-04:00,26.871361838637117
2008-06-19 00:00:00-04:00,26.746304962972765
2008-06-20 00:00:00-04:00,26.313649372191126
2008-06-23 00:00:00-04:00,26.71250021783313
2008-06-24 00:00:00-04:00,26.47927280638605
2008-06-25 00:00:00-04:00,26.658405526614832
2008-06-26 00:00:00-04:00,26.497611446104234
2008-06-27 00:00:00-04:00,25.36349143019351
2008-06-30 00:00:00-04:00,25.99995506068074
2008-07-01 00:00:00-04:00,25.986411651845327
2008-07-02 00:00:00-04:00,25.955940193391577
2008-07-03 00:00:00-04:00,24.479909095341775
2008-07-07 00:00:00-04:00,23.525214264895588
2008-07-08 00:00:00-04:00,23.477828407084495
2008-07-09 00:00:00-04:00,23.362719155304035
2008-07-10 00:00:00-04:00,23.62339169036515
2008-07-11 00:00:00-04:00,23.2882407009218
2008-07-14 00:00:00-04:00,23.72156875579106
2008-07-15 00:00:00-04:00,22.94969724025954
2008-07-16 00:00:00-04:00,23.30516520860707
2008-07-17 00:00:00-04:00,24.168446871982475
2008-07-18 00:00:00-04:00,24.212453851435377
2008-07-21 00:00:00-04:00,24.222608197047077
2008-07-22 00:00:00-04:00,24.405426074463136
2008-07-23 00:00:00-04:00,23.684335320820576
2008-07-24 00:00:00-04:00,23.19005906734327
2008-07-25 00:00:00-04:00,22.810894641762594
2008-07-28 00:00:00-04:00,22.184600110583002
2008-07-29 00:00:00-04:00,22.20490498248619
2008-07-30 00:00:00-04:00,23.79943142289343
2008-07-31 00:00:00-04:00,25.021569848233845
2008-08-01 00:00:00-04:00,25.272088506066368
2008-08-04 00:00:00-04:00,25.05204294757825
2008-08-05 00:00:00-04:00,23.91115229378673
2008-08-06 00:00:00-04:00,23.941626861811486
2008-08-07 00:00:00-04:00,24.21921741799909
2008-08-08 00:00:00-04:00,23.833290035765447
2008-08-11 00:00:00-04:00,24.063495621618987
2008-08-12 00:00:00-04:00,24.588242601953695
2008-08-13 00:00:00-04:00,24.466359891332058
2008-08-14 00:00:00-04:00,25.150210355165715
2008-08-15 00:00:00-04:00,25.407501771343128
2008-08-18 00:00:00-04:00,25.048650938085743
2008-08-19 00:00:00-04:00,24.845525763929132
2008-08-20 00:00:00-04:00,24.980943299285396
2008-08-21 00:00:00-04:00,24.723660368478257
2008-08-22 00:00:00-04:00,24.825215646429733
2008-08-25 00:00:00-04:00,24.838759907252044
2008-08-26 00:00:00-04:00,24.33094099114428
2008-08-27 00:00:00-04:00,24.290325025524236
2008-08-28 00:00:00-04:00,24.953854919510153
2008-08-29 00:00:00-04:00,25.133290384234975
2008-09-02 00:00:00-04:00,24.926777255896198
2008-09-03 00:00:00-04:00,24.65594928462033
2008-09-04 00:00:00-04:00,24.300476282064178
2008-09-05 00:00:00-04:00,22.69241055723937
2008-09-08 00:00:00-04:00,23.24761075130515
2008-09-09 00:00:00-04:00,22.841363373081624
2008-09-10 00:00:00-04:00,21.334855918856316
2008-09-11 00:00:00-04:00,21.737718737343
2008-09-12 00:00:00-04:00,22.116890657810675
2008-09-15 00:00:00-04:00,22.204904656970402
2008-09-16 00:00:00-04:00,21.409329088917552
2008-09-17 00:00:00-04:00,21.270533285479953
2008-09-18 00:00:00-04:00,20.376789284241656
2008-09-19 00:00:00-04:00,21.162199002025925
2008-09-22 00:00:00-04:00,21.460117903843702
2008-09-23 00:00:00-04:00,21.328085379129483
2008-09-24 00:00:00-04:00,20.766111664203233
2008-09-25 00:00:00-04:00,20.461414159477037
2008-09-26 00:00:00-04:00,20.320203033419215
2008-09-29 00:00:00-04:00,19.200737321094554
2008-09-30 00:00:00-04:00,17.233165312430103
2008-10-01 00:00:00-04:00,17.219601216034693
2008-10-02 00:00:00-04:00,16.42239523677163
2008-10-03 00:00:00-04:00,13.888308576478298
2008-10-06 00:00:00-04:00,14.861912614331736
2008-10-07 00:00:00-04:00,14.844953473932557
2008-10-08 00:00:00-04:00,11.991979449704951
2008-10-09 00:00:00-04:00,12.500827619114911
2008-10-10 00:00:00-04:00,10.604500490273411
2008-10-13 00:00:00-04:00,11.642568504284233
2008-10-14 00:00:00-04:00,14.224151678217721
2008-10-15 00:00:00-04:00,12.877384732000639
2008-10-16 00:00:00-04:00,11.388136639384843
2008-10-17 00:00:00-04:00,12.263362358509841
2008-10-20 00:00:00-04:00,12.446555706550534
2008-10-21 00:00:00-04:00,13.450694589999351
2008-10-22 00:00:00-04:00,11.971626387873027
2008-10-23 00:00:00-04:00,11.171029703068738
2008-10-24 00:00:00-04:00,9.712317715209208
2008-10-27 00:00:00-04:00,10.146536701483138
2008-10-28 00:00:00-04:00,10.404355085986527
2008-10-29 00:00:00-04:00,12.402455548507115
2008-10-30 00:00:00-04:00,14.515891737038764
2008-10-31 00:00:00-04:00,14.800849835944135
2008-11-03 00:00:00-05:00,14.773707887658126
2008-11-04 00:00:00-05:00,15.944068905739671
2008-11-05 00:00:00-05:00,15.048487736837046
2008-11-06 00:00:00-05:00,14.173266815320563
2008-11-07 00:00:00-05:00,14.146125608181292
2008-11-10 00:00:00-05:00,15.34362177409028
2008-11-11 00:00:00-05:00,14.756745827302472
2008-11-12 00:00:00-05:00,13.376059530010279
2008-11-13 00:00:00-05:00,12.382100136046606
2008-11-14 00:00:00-05:00,13.233581403781155
2008-11-17 00:00:00-05:00,12.439769433931296
2008-11-18 00:00:00-05:00,12.049652316668235
2008-11-19 00:00:00-05:00,12.00894159304921
2008-11-20 00:00:00-05:00,10.635039602359168
2008-11-21 00:00:00-05:00,10.855537744456702
2008-11-24 00:00:00-05:00,11.842715509121025
2008-11-25 00:00:00-05:00,12.466907400240059
2008-11-26 00:00:00-05:00,13.220016332729603
2008-11-28 00:00:00-05:00,14.400548358003451
2008-12-01 00:00:00-05:00,14.583739954561668
2008-12-02 00:00:00-05:00,12.422804170357724
2008-12-03 00:00:00-05:00,12.952013544883386
2008-12-04 00:00:00-05:00,12.795965527622682
2008-12-05 00:00:00-05:00,12.24640442865515
2008-12-08 00:00:00-05:00,13.684763227299486
2008-12-09 00:00:00-05:00,14.26824672310129
2008-12-10 00:00:00-05:00,14.895837359967087
2008-12-11 00:00:00-05:00,15.638759995407158
2008-12-12 00:00:00-05:00,14.230939833488288
2008-12-15 00:00:00-05:00,15.255422704649703
2008-12-16 00:00:00-05:00,14.688897290873568
2008-12-17 00:00:00-05:00,15.536998437174844
2008-12-18 00:00:00-05:00,15.150265199274934
2008-12-19 00:00:00-05:00,14.095234126468448
2008-12-22 00:00:00-05:00,14.50232469189656
2008-12-23 00:00:00-05:00,14.169870972971964
2008-12-24 00:00:00-05:00,13.966331763759078
2008-12-26 00:00:00-05:00,13.915443253961492
2008-12-29 00:00:00-05:00,14.419351556836245
2008-12-30 00:00:00-05:00,14.317282893042222
2008-12-31 00:00:00-05:00,15.157674880464622
2009-01-02 00:00:00-05:00,15.307384624789723
2009-01-05 00:00:00-05:00,15.419663246129918
2009-01-06 00:00:00-05:00,15.861972971221503
2009-01-07 00:00:00-05:00,15.957240780286545
2009-01-08 00:00:00-05:00,15.518333983975461
2009-01-09 00:00:00-05:00,15.974252841829674
2009-01-12 00:00:00-05:00,15.26655696121545
2009-01-13 00:00:00-05:00,14.259443170006893
2009-01-14 00:00:00-05:00,14.603078400274995
2009-01-15 00:00:00-05:00,13.885184914893049
2009-01-16 00:00:00-05:00,15.286965928804722
2009-01-20 00:00:00-05:00,15.378831911172812
2009-01-21 00:00:00-05:00,14.681343253103122
2009-01-22 00:00:00-05:00,15.127050191846575
2009-01-23 00:00:00-05:00,14.984146810967628
2009-01-26 00:00:00-05:00,15.674843089784758
2009-01-27 00:00:00-05:00,15.651021547975036
2009-01-28 00:00:00-05:00,16.042303486043206
2009-01-29 00:00:00-05:00,15.780306619196592
2009-01-30 00:00:00-05:00,15.916409357300267
2009-02-02 00:00:00-05:00,14.899093097018163
2009-02-03 00:00:00-05:00,15.120247464634971
2009-02-04 00:00:00-05:00,15.389045499684192
2009-02-05 00:00:00-05:00,14.875278330220343
2009-02-06 00:00:00-05:00,16.19880785583907
2009-02-09 00:00:00-05:00,17.46789474459168
2009-02-10 00:00:00-05:00,16.991562934087348
2009-02-11 00:00:00-05:00,16.402946599238515
2009-02-12 00:00:00-05:00,16.086523603319193
2009-02-13 00:00:00-05:00,16.300886110107097
2009-02-17 00:00:00-05:00,15.596589184606959
2009-02-18 00:00:00-05:00,15.545554488697425
2009-02-19 00:00:00-05:00,15.426461502448573
2009-02-20 00:00:00-05:00,14.786811611139827
2009-02-23 00:00:00-05:00,15.007967006204865
2009-02-24 00:00:00-05:00,14.119946524273967
2009-02-25 00:00:00-05:00,14.640511474929417
2009-02-26 00:00:00-05:00,14.569061636943553
2009-02-27 00:00:00-05:00,13.694645565124523
2009-03-02 00:00:00-05:00,13.347598905267489
2009-03-03 00:00:00-05:00,12.684126931956161
2009-03-04 00:00:00-05:00,12.884872281247143
2009-03-05 00:00:00-05:00,13.102629143862172
2009-03-06 00:00:00-05:00,12.599072224639903
2009-03-09 00:00:00-04:00,12.078504178057784
2009-03-10 00:00:00-04:00,12.20099239165562
2009-03-11 00:00:00-04:00,13.12304172941373
2009-03-12 00:00:00-04:00,13.20469897495292
2009-03-13 00:00:00-04:00,13.510915663841194
2009-03-16 00:00:00-04:00,13.476888213851009
2009-03-17 00:00:00-04:00,12.840639517007936
2009-03-18 00:00:00-04:00,13.072003029325007
2009-03-19 00:00:00-04:00,13.908994717099155
2009-03-20 00:00:00-04:00,14.25604394856969
2009-03-23 00:00:00-04:00,14.004262314478572
2009-03-24 00:00:00-04:00,14.575866399348403
2009-03-25 00:00:00-04:00,14.987554701250337
2009-03-26 00:00:00-04:00,15.140662510792184
2009-03-27 00:00:00-04:00,15.280992189720658
2009-03-30 00:00:00-04:00,14.155137181146403
2009-03-31 00:00:00-04:00,14.434886744702315
2009-04-01 00:00:00-04:00,14.349599182279698
2009-04-02 00:00:00-04:00,15.758629275460537
2009-04-03 00:00:00-04:00,16.205559291009063
2009-04-06 00:00:00-04:00,16.178269934661508
2009-04-07 00:00:00-04:00,15.588042889867369
2009-04-08 00:00:00-04:00,15.55734742814554
2009-04-09 00:00:00-04:00,16.103212337872343
2009-04-13 00:00:00-04:00,16.16121199559706
2009-04-14 00:00:00-04:00,16.072504523689158
2009-04-15 00:00:00-04:00,15.352638303438018
2009-04-16 00:00:00-04:00,15.874623844348893
2009-04-17 00:00:00-04:00,16.260149255188953
2009-04-20 00:00:00-04:00,15.533458328913103
2009-04-21 00:00:00-04:00,14.694176860996427
2009-04-22 00:00:00-04:00,15.570988601604926
2009-04-23 00:00:00-04:00,15.700634078636737
2009-04-24 00:00:00-04:00,15.704043919489777
2009-04-27 00:00:00-04:00,15.40040325263998
2009-04-28 00:00:00-04:00,15.762043487270217
2009-04-29 00:00:00-04:00,16.512607311875335
2009-04-30 00:00:00-04:00,17.259779530864797
2009-05-01 00:00:00-04:00,16.556962167983727
2009-05-04 00:00:00-04:00,16.788968436001895
2009-05-05 00:00:00-04:00,16.34202710568213
2009-05-06 00:00:00-04:00,15.744983096973554
2009-05-07 00:00:00-04:00,16.2362745550896
2009-05-08 00:00:00-04:00,16.475088220733852
2009-05-11 00:00:00-04:00,16.628614111169476
2009-05-12 00:00:00-04:00,16.36591289320293
2009-05-13 00:00:00-04:00,16.24309234623206
2009-05-14 00:00:00-04:00,16.41026611371264
2009-05-15 00:00:00-04:00,16.997075402773223
2009-05-18 00:00:00-04:00,16.765080143841725
2009-05-19 00:00:00-04:00,17.1062545204502
2009-05-20 00:00:00-04:00,17.225655374175414
2009-05-21 00:00:00-04:00,17.68624063587992
2009-05-22 00:00:00-04:00,17.396238287769094
2009-05-26 00:00:00-04:00,17.307541576973883
2009-05-27 00:00:00-04:00,18.19117345771207
2009-05-28 00:00:00-04:00,17.983052514045152
2009-05-29 00:00:00-04:00,18.252587883716327
2009-06-01 00:00:00-04:00,18.76092450880414
2009-06-02 00:00:00-04:00,18.897396873130255
2009-06-03 00:00:00-04:00,18.221868551825683
2009-06-04 00:00:00-04:00,18.4606935664965
2009-06-05 00:00:00-04:00,18.757510021387674
2009-06-08 00:00:00-04:00,17.952344978760006
2009-06-09 00:00:00-04:00,17.652123653911456
2009-06-10 00:00:00-04:00,18.651749375455456
2009-06-11 00:00:00-04:00,18.1502267385307
2009-06-12 00:00:00-04:00,17.942117413132838
2009-06-15 00:00:00-04:00,17.669175330636026
2009-06-16 00:00:00-04:00,17.570236085888233
2009-06-17 00:00:00-04:00,16.976603628682536
2009-06-18 00:00:00-04:00,17.007308948061876
2009-06-19 00:00:00-04:00,16.922026376002535
2009-06-22 00:00:00-04:00,16.560373721749404
2009-06-23 00:00:00-04:00,15.707452552699236
2009-06-24 00:00:00-04:00,15.802978381742223
2009-06-25 00:00:00-04:00,15.577814196723354
2009-06-26 00:00:00-04:00,16.128801061861317
2009-06-29 00:00:00-04:00,16.046707723267463
2009-06-30 00:00:00-04:00,16.402453631070067
2009-07-01 00:00:00-04:00,16.292994977280355
2009-07-02 00:00:00-04:00,15.759367433727846
2009-07-06 00:00:00-04:00,15.150470540590305
2009-07-07 00:00:00-04:00,14.760503665548859
2009-07-08 00:00:00-04:00,14.285021445889667
2009-07-09 00:00:00-04:00,14.68867299083204
2009-07-10 00:00:00-04:00,14.199503588924351
2009-07-13 00:00:00-04:00,14.0489901351729
2009-07-14 00:00:00-04:00,14.948644127718614
2009-07-15 00:00:00-04:00,14.952067232084095
2009-07-16 00:00:00-04:00,15.215468359564829
2009-07-17 00:00:00-04:00,15.116268972907102
2009-07-20 00:00:00-04:00,15.21204874700867
2009-07-21 00:00:00-04:00,15.259937964325607
2009-07-22 00:00:00-04:00,14.955491236009182
2009-07-23 00:00:00-04:00,14.95206912332302
2009-07-24 00:00:00-04:00,15.383081166050767
2009-07-27 00:00:00-04:00,15.639633229995148
2009-07-28 00:00:00-04:00,15.495963112927338
2009-07-29 00:00:00-04:00,15.164153584930675
2009-07-30 00:00:00-04:00,14.695503567327423
2009-07-31 00:00:00-04:00,15.663582143581634
2009-08-03 00:00:00-04:00,16.888212579230842
2009-08-04 00:00:00-04:00,16.929260145146184
2009-08-05 00:00:00-04:00,17.32606452971154
2009-08-06 00:00:00-04:00,17.29186386809796
2009-08-07 00:00:00-04:00,17.202911344530484
2009-08-10 00:00:00-04:00,17.096877352225004
2009-08-11 00:00:00-04:00,16.90189202710449
2009-08-12 00:00:00-04:00,17.41158500405931
2009-08-13 00:00:00-04:00,17.702344304608456
2009-08-14 00:00:00-04:00,17.6852447605503
2009-08-17 00:00:00-04:00,17.09003489562751
2009-08-18 00:00:00-04:00,17.20634424442904
2009-08-19 00:00:00-04:00,16.88137190758082
2009-08-20 00:00:00-04:00,16.809536472831876
2009-08-21 00:00:00-04:00,16.867682928387648
2009-08-24 00:00:00-04:00,17.158452303596803
2009-08-25 00:00:00-04:00,17.004506867861636
2009-08-26 00:00:00-04:00,16.898471219720072
2009-08-27 00:00:00-04:00,16.693225876655667
2009-08-28 00:00:00-04:00,17.14818729824103
2009-08-31 00:00:00-04:00,16.61455514446071
2009-09-01 00:00:00-04:00,16.128801345825195
2009-09-02 00:00:00-04:00,16.05354346818594
2009-09-03 00:00:00-04:00,16.481142687056085
2009-09-04 00:00:00-04:00,16.638492586880908
2009-09-08 00:00:00-04:00,17.131072981584506
2009-09-09 00:00:00-04:00,17.432112076667064
2009-09-10 00:00:00-04:00,17.84601858893124
2009-09-11 00:00:00-04:00,18.342020174211783
2009-09-14 00:00:00-04:00,18.174403616883176
2009-09-15 00:00:00-04:00,18.796984095247932
2009-09-16 00:00:00-04:00,19.61796664835867
2009-09-17 00:00:00-04:00,19.672695586053845
2009-09-18 00:00:00-04:00,19.570072277337722
2009-09-21 00:00:00-04:00,19.580333884226647
2009-09-22 00:00:00-04:00,19.86083210020667
2009-09-23 00:00:00-04:00,19.552959382821857
2009-09-24 00:00:00-04:00,19.32719951679312
2009-09-25 00:00:00-04:00,19.005650048359684
2009-09-28 00:00:00-04:00,19.1514539140147
2009-09-29 00:00:00-04:00,19.322882023817403
2009-09-30 00:00:00-04:00,19.43259205656972
2009-10-01 00:00:00-04:00,19.10346371710015
2009-10-02 00:00:00-04:00,17.519498648551064
2009-10-05 00:00:00-04:00,18.170914044804924
2009-10-06 00:00:00-04:00,18.873749603896748
2009-10-07 00:00:00-04:00,18.757180794121993
2009-10-08 00:00:00-04:00,18.79832236902303
2009-10-09 00:00:00-04:00,18.870322439208387
2009-10-12 00:00:00-04:00,19.089737421708826
2009-10-13 00:00:00-04:00,19.199456495221355
2009-10-14 00:00:00-04:00,19.257742144378224
2009-10-15 00:00:00-04:00,19.17202675799741
2009-10-16 00:00:00-04:00,19.213166921803957
2009-10-19 00:00:00-04:00,19.058893370950013
2009-10-20 00:00:00-04:00,19.429169502163134
2009-10-21 00:00:00-04:00,18.918316590933376
2009-10-22 00:00:00-04:00,18.757185098323493
2009-10-23 00:00:00-04:00,19.456590837227704
2009-10-26 00:00:00-04:00,18.87718092974536
2009-10-27 00:00:00-04:00,18.637194044165184
2009-10-28 00:00:00-04:00,18.410909332527392
2009-10-29 00:00:00-04:00,17.207508939382798
2009-10-30 00:00:00-04:00,18.00634649933083
2009-11-02 00:00:00-05:00,17.728641375901944
2009-11-03 00:00:00-05:00,17.224659737918547
2009-11-04 00:00:00-05:00,18.10235519509788
2009-11-05 00:00:00-05:00,17.86920487563785
2009-11-06 00:00:00-05:00,17.807496086095053
2009-11-09 00:00:00-05:00,18.09891088918319
2009-11-10 00:00:00-05:00,18.56862308939969
2009-11-11 00:00:00-05:00,19.00403486139009
2009-11-12 00:00:00-05:00,18.664618710458374
2009-11-13 00:00:00-05:00,18.66804296105505
2009-11-16 00:00:00-05:00,19.04860885841153
2009-11-17 00:00:00-05:00,19.480590299445034
2009-11-18 00:00:00-05:00,19.672583106421225
2009-11-19 00:00:00-05:00,19.377732703563233
2009-11-20 00:00:00-05:00,19.158314308465044
2009-11-23 00:00:00-05:00,19.590305974824705
2009-11-24 00:00:00-05:00,19.391453745188617
2009-11-25 00:00:00-05:00,19.436020205685587
2009-11-27 00:00:00-05:00,18.866892195785713
2009-11-30 00:00:00-05:00,18.95945988074055
2009-12-01 00:00:00-05:00,19.35717096488676
2009-12-02 00:00:00-05:00,19.394883551527577
2009-12-03 00:00:00-05:00,19.521733682839027
2009-12-04 00:00:00-05:00,19.562878198997616
2009-12-07 00:00:00-05:00,19.2748875120723
2009-12-08 00:00:00-05:00,19.26460140142549
2009-12-09 00:00:00-05:00,19.120603561401367
2009-12-10 00:00:00-05:00,19.350308485176875
2009-12-11 00:00:00-05:00,19.189171585544756
2009-12-14 00:00:00-05:00,19.501165605044417
2009-12-15 00:00:00-05:00,19.27831363297006
2009-12-16 00:00:00-05:00,19.29888270555779
2009-12-17 00:00:00-05:00,19.189172956867132
2009-12-18 00:00:00-05:00,19.288598911001593
2009-12-21 00:00:00-05:00,19.189161982559433
2009-12-22 00:00:00-05:00,19.295445167285884
2009-12-23 00:00:00-05:00,19.49773822343251
2009-12-24 00:00:00-05:00,19.508019018313203
2009-12-28 00:00:00-05:00,19.576588378085276
2009-12-29 00:00:00-05:00,19.513412894020405
2009-12-30 00:00:00-05:00,19.29350392048439
2009-12-31 00:00:00-05:00,19.454995854535014
2010-01-04 00:00:00-05:00,19.43094521407429
2010-01-05 00:00:00-05:00,19.55120197929144
2010-01-06 00:00:00-05:00,19.475604920018462
2010-01-07 00:00:00-05:00,19.6130583530055
2010-01-08 00:00:00-05:00,19.327864493514646
2010-01-11 00:00:00-05:00,19.33817814690601
2010-01-12 00:00:00-05:00,18.506646607931405
2010-01-13 00:00:00-05:00,18.671570096528495
2010-01-14 00:00:00-05:00,18.609722317766458
2010-01-15 00:00:00-05:00,18.35889452275927
2010-01-19 00:00:00-05:00,18.27985953857897
2010-01-20 00:00:00-05:00,18.341703857603264
2010-01-21 00:00:00-05:00,18.55474571322898
2010-01-22 00:00:00-05:00,18.437917366552416
2010-01-25 00:00:00-05:00,18.352022257539073
2010-01-26 00:00:00-05:00,18.187082817570985
2010-01-27 00:00:00-05:00,17.97748278635532
2010-01-28 00:00:00-05:00,18.01528352070346
2010-01-29 00:00:00-05:00,17.785072734044245
2010-02-01 00:00:00-05:00,17.688855671501937
2010-02-02 00:00:00-05:00,18.10461632128578
2010-02-03 00:00:00-05:00,18.187090350807395
2010-02-04 00:00:00-05:00,17.95686742658232
2010-02-05 00:00:00-05:00,17.54798007421541
2010-02-08 00:00:00-05:00,18.341712309433518
2010-02-09 00:00:00-05:00,18.623465865792483
2010-02-10 00:00:00-05:00,18.874297545320218
2010-02-11 00:00:00-05:00,18.78496420215224
2010-02-12 00:00:00-05:00,19.02205636665204
2010-02-16 00:00:00-05:00,19.331300958521375
2010-02-17 00:00:00-05:00,19.544330571971543
2010-02-18 00:00:00-05:00,19.496227373772122
2010-02-19 00:00:00-05:00,19.58556510860052
2010-02-22 00:00:00-05:00,19.81921868526988
2010-02-23 00:00:00-05:00,19.372531426545603
2010-02-24 00:00:00-05:00,19.348476756294033
2010-02-25 00:00:00-05:00,19.011741066525804
2010-02-26 00:00:00-05:00,19.32442059369372
2010-03-01 00:00:00-05:00,19.602742298922053
2010-03-02 00:00:00-05:00,19.960092386264016
2010-03-03 00:00:00-05:00,20.18343233583042
2010-03-04 00:00:00-05:00,20.231542956915995
2010-03-05 00:00:00-05:00,20.36898625401008
2010-03-08 00:00:00-05:00,20.564844616708708
2010-03-09 00:00:00-05:00,20.35180683506716
2010-03-10 00:00:00-05:00,20.444588975423972
2010-03-11 00:00:00-05:00,20.351814356877767
2010-03-12 00:00:00-05:00,20.640443967275267
2010-03-15 00:00:00-04:00,20.719463468135082
2010-03-16 00:00:00-04:00,20.56484396713189
2010-03-17 00:00:00-04:00,20.798492431640625
2010-03-18 00:00:00-04:00,20.822544838970106
2010-03-19 00:00:00-04:00,20.612945556640625
2010-03-22 00:00:00-04:00,20.441144159372516
2010-03-23 00:00:00-04:00,20.877526045396866
2010-03-24 00:00:00-04:00,21.02527884946776
2010-03-25 00:00:00-04:00,21.29329170016762
2010-03-26 00:00:00-04:00,20.808810382669808
2010-03-29 00:00:00-04:00,20.793502828306053
2010-03-30 00:00:00-04:00,20.86924714813406
2010-03-31 00:00:00-04:00,21.044844580623305
2010-04-01 00:00:00-04:00,20.98631545545267
2010-04-05 00:00:00-04:00,21.11026430259434
2010-04-06 00:00:00-04:00,21.437374083562048
2010-04-07 00:00:00-04:00,21.743823414659513
2010-04-08 00:00:00-04:00,21.816124383969303
2010-04-09 00:00:00-04:00,21.922864412883825
2010-04-12 00:00:00-04:00,22.150111648543984
2010-04-13 00:00:00-04:00,21.99173023852201
2010-04-14 00:00:00-04:00,22.136342764031625
2010-04-15 00:00:00-04:00,22.022718013013915
2010-04-16 00:00:00-04:00,21.940077946722052
2010-04-19 00:00:00-04:00,21.85744340466079
2010-04-20 00:00:00-04:00,22.280964947710764
2010-04-21 00:00:00-04:00,22.20520030668807
2010-04-22 00:00:00-04:00,21.878098051000435
2010-04-23 00:00:00-04:00,22.27407124766307
2010-04-26 00:00:00-04:00,22.456559527355505
2010-04-27 00:00:00-04:00,22.156993226305833
2010-04-28 00:00:00-04:00,22.036486986070095
2010-04-29 00:00:00-04:00,22.26029953280736
2010-04-30 00:00:00-04:00,22.508207538079073
2010-05-03 00:00:00-04:00,22.088141139798974
2010-05-04 00:00:00-04:00,21.554439886236434
2010-05-05 00:00:00-04:00,21.829889721572105
2010-05-06 00:00:00-04:00,21.860878163321622
2010-05-07 00:00:00-04:00,22.00205996399613
2010-05-10 00:00:00-04:00,22.62183548101464
2010-05-11 00:00:00-04:00,21.953855364416107
2010-05-12 00:00:00-04:00,22.13633751269903
2010-05-13 00:00:00-04:00,22.39457772163113
2010-05-14 00:00:00-04:00,22.10191137913282
2010-05-17 00:00:00-04:00,21.485578808291987
2010-05-18 00:00:00-04:00,21.781688485174197
2010-05-19 00:00:00-04:00,20.914006349883564
2010-05-20 00:00:00-04:00,20.242586369742966
2010-05-21 00:00:00-04:00,20.029100982333315
2010-05-24 00:00:00-04:00,20.387203115210877
2010-05-25 00:00:00-04:00,19.62625193116969
2010-05-26 00:00:00-04:00,20.500815329698703
2010-05-27 00:00:00-04:00,20.79693485033439
2010-05-28 00:00:00-04:00,21.06895543237911
2010-06-01 00:00:00-04:00,20.71085252056638
2010-06-02 00:00:00-04:00,20.290785682837406
2010-06-03 00:00:00-04:00,21.055180403663716
2010-06-04 00:00:00-04:00,20.586910318537793
2010-06-07 00:00:00-04:00,20.08763426323544
2010-06-08 00:00:00-04:00,19.949909545617235
2010-06-09 00:00:00-04:00,20.545579353535082
2010-06-10 00:00:00-04:00,20.73496727474722
2010-06-11 00:00:00-04:00,20.800389735008753
2010-06-14 00:00:00-04:00,21.385726026109143
2010-06-15 00:00:00-04:00,21.48901940358058
2010-06-16 00:00:00-04:00,21.56133214204161
2010-06-17 00:00:00-04:00,21.833346272538023
2010-06-18 00:00:00-04:00,21.678397590875534
2010-06-21 00:00:00-04:00,21.602652836591595
2010-06-22 00:00:00-04:00,21.537223803511726
2010-06-23 00:00:00-04:00,21.272108257042696
2010-06-24 00:00:00-04:00,21.14470486132569
2010-06-25 00:00:00-04:00,20.848580393156755
2010-06-28 00:00:00-04:00,20.778027240503512
2010-06-29 00:00:00-04:00,20.4985416087121
2010-06-30 00:00:00-04:00,20.129362331990997
2010-07-01 00:00:00-04:00,19.963743601549567
2010-07-02 00:00:00-04:00,19.829176675306453
2010-07-06 00:00:00-04:00,19.856778077616056
2010-07-07 00:00:00-04:00,19.38063366440999
2010-07-08 00:00:00-04:00,20.018950883705916
2010-07-09 00:00:00-04:00,20.288071790294406
2010-07-12 00:00:00-04:00,20.477839854780846
2010-07-13 00:00:00-04:00,20.415742702738584
2010-07-14 00:00:00-04:00,20.605503332215932
2010-07-15 00:00:00-04:00,20.567553410517974
2010-07-16 00:00:00-04:00,20.326030668395813
2010-07-19 00:00:00-04:00,20.070704029146796
2010-07-20 00:00:00-04:00,19.787776806399467
2010-07-21 00:00:00-04:00,20.543401293393405
2010-07-22 00:00:00-04:00,20.49164239923326
2010-07-23 00:00:00-04:00,20.484748483153815
2010-07-26 00:00:00-04:00,20.840133082514544
2010-07-27 00:00:00-04:00,21.52675717246513
2010-07-28 00:00:00-04:00,21.23347675853207
2010-07-29 00:00:00-04:00,21.506049400403484
2010-07-30 00:00:00-04:00,21.481901157125915
2010-08-02 00:00:00-04:00,21.86143199402849
2010-08-03 00:00:00-04:00,21.788981530022475
2010-08-04 00:00:00-04:00,21.920097106181267
2010-08-05 00:00:00-04:00,22.120209487694456
2010-08-06 00:00:00-04:00,22.037406065685758
2010-08-09 00:00:00-04:00,22.216825155906704
2010-08-10 00:00:00-04:00,21.930447308243007
2010-08-11 00:00:00-04:00,21.26797509365501
2010-08-12 00:00:00-04:00,20.802176217975727
2010-08-13 00:00:00-04:00,20.922937200531234
2010-08-16 00:00:00-04:00,20.805626871054162
2010-08-17 00:00:00-04:00,21.333534165693028
2010-08-18 00:00:00-04:00,21.550906544209756
2010-08-19 00:00:00-04:00,21.699273177346775
2010-08-20 00:00:00-04:00,21.064402924849134
2010-08-23 00:00:00-04:00,21.40254224333667
2010-08-24 00:00:00-04:00,21.174811678169306
2010-08-25 00:00:00-04:00,20.84359037766251
2010-08-26 00:00:00-04:00,20.988493713163386
2010-08-27 00:00:00-04:00,21.21276735440378
2010-08-30 00:00:00-04:00,21.702728382067647
2010-08-31 00:00:00-04:00,21.395632482696058
2010-09-01 00:00:00-04:00,21.809679776296644
2010-09-02 00:00:00-04:00,22.078813789896742
2010-09-03 00:00:00-04:00,22.423845945274614
2010-09-07 00:00:00-04:00,22.216820241498706
2010-09-08 00:00:00-04:00,22.458345636266095
2010-09-09 00:00:00-04:00,22.88618752831515
2010-09-10 00:00:00-04:00,22.368640175138864
2010-09-13 00:00:00-04:00,22.358283431246065
2010-09-14 00:00:00-04:00,22.68607742365529
2010-09-15 00:00:00-04:00,22.68952062757389
2010-09-16 00:00:00-04:00,22.87584100589876
2010-09-17 00:00:00-04:00,23.189823347070085
2010-09-20 00:00:00-04:00,23.276082283573754
2010-09-21 00:00:00-04:00,23.690118769455335
2010-09-22 00:00:00-04:00,23.617661835596408
2010-09-23 00:00:00-04:00,23.110463097526058
2010-09-24 00:00:00-04:00,23.182920296200304
2010-09-27 00:00:00-04:00,23.462398181617885
2010-09-28 00:00:00-04:00,23.405565448820575
2010-09-29 00:00:00-04:00,23.54383804886091
2010-09-30 00:00:00-04:00,23.671736187356153
2010-10-01 00:00:00-04:00,23.519639721661783
2010-10-04 00:00:00-04:00,23.34680444490102
2010-10-05 00:00:00-04:00,23.75123761307851
2010-10-06 00:00:00-04:00,24.06925774092891
2010-10-07 00:00:00-04:00,24.06234657860263
2010-10-08 00:00:00-04:00,23.713218295844502
2010-10-11 00:00:00-04:00,24.02432156028813
2010-10-12 00:00:00-04:00,23.854947482454502
2010-10-13 00:00:00-04:00,24.197159919194235
2010-10-14 00:00:00-04:00,24.62926017357821
2010-10-15 00:00:00-04:00,24.435676122763986
2010-10-18 00:00:00-04:00,24.35617171327826
2010-10-19 00:00:00-04:00,24.045064063896547
2010-10-20 00:00:00-04:00,24.096920509275762
2010-10-21 00:00:00-04:00,24.262846775066755
2010-10-22 00:00:00-04:00,24.373448519494325
2010-10-25 00:00:00-04:00,24.428764569384384
2010-10-26 00:00:00-04:00,24.456410216827845
2010-10-27 00:00:00-04:00,23.84457566396568
2010-10-28 00:00:00-04:00,24.37344924053193
2010-10-29 00:00:00-04:00,25.303318793979976
2010-11-01 00:00:00-04:00,25.5176361737523
2010-11-02 00:00:00-04:00,25.655903749989605
2010-11-03 00:00:00-04:00,25.98429679757687
2010-11-04 00:00:00-04:00,26.17441418037968
2010-11-05 00:00:00-04:00,26.340331132915132
2010-11-08 00:00:00-05:00,26.41638853958901
2010-11-09 00:00:00-05:00,26.66181381091751
2010-11-10 00:00:00-05:00,26.357620903333597
2010-11-11 00:00:00-05:00,26.28848302298864
2010-11-12 00:00:00-05:00,26.395651972656783
2010-11-15 00:00:00-05:00,26.087996999664085
2010-11-16 00:00:00-05:00,26.015401584040337
2010-11-17 00:00:00-05:00,25.780346936735352
2010-11-18 00:00:00-05:00,26.18824476838502
2010-11-19 00:00:00-05:00,26.495889494962668
2010-11-22 00:00:00-05:00,26.58230913024054
2010-11-23 00:00:00-05:00,26.49244040168052
2010-11-24 00:00:00-05:00,26.56848802832346
2010-11-26 00:00:00-05:00,26.969468147924847
2010-11-29 00:00:00-05:00,27.055879510059047
2010-11-30 00:00:00-05:00,26.945277775054134
2010-12-01 00:00:00-05:00,27.398096242999856
2010-12-02 00:00:00-05:00,27.8924098870162
2010-12-03 00:00:00-05:00,27.622786961592777
2010-12-06 00:00:00-05:00,27.560569281823323
2010-12-07 00:00:00-05:00,28.148200767551796
2010-12-08 00:00:00-05:00,28.034132948493955
2010-12-09 00:00:00-05:00,28.179315332918854
2010-12-10 00:00:00-05:00,28.186233589251266
2010-12-13 00:00:00-05:00,28.18969407089215
2010-12-14 00:00:00-05:00,27.65390168950462
2010-12-15 00:00:00-05:00,27.53636665947717
2010-12-16 00:00:00-05:00,27.443041210926804
2010-12-17 00:00:00-05:00,27.6573584929692
2010-12-20 00:00:00-05:00,27.63661660068889
2010-12-21 00:00:00-05:00,27.574392910019156
2010-12-22 00:00:00-05:00,27.702282639524245
2010-12-23 00:00:00-05:00,27.48105088722985
2010-12-27 00:00:00-05:00,27.688461263447934
2010-12-28 00:00:00-05:00,27.59168476224758
2010-12-29 00:00:00-05:00,27.655893208670932
2010-12-30 00:00:00-05:00,27.617803265262186
2010-12-31 00:00:00-05:00,27.676666200658925
2011-01-03 00:00:00-05:00,27.932861200317973
2011-01-04 00:00:00-05:00,27.95017907632587
2011-01-05 00:00:00-05:00,27.056929208188794
2011-01-06 00:00:00-05:00,26.939216478668254
2011-01-07 00:00:00-05:00,26.980754952980792
2011-01-10 00:00:00-05:00,26.426810843288283
2011-01-11 00:00:00-05:00,26.638012623324403
2011-01-12 00:00:00-05:00,26.766108414802414
2011-01-13 00:00:00-05:00,26.956534164684992
2011-01-14 00:00:00-05:00,26.797279737648743
2011-01-18 00:00:00-05:00,26.932284124636503
2011-01-19 00:00:00-05:00,27.33043529664456
2011-01-20 00:00:00-05:00,26.44412234665579
2011-01-21 00:00:00-05:00,26.312564969717585
2011-01-24 00:00:00-05:00,26.395654600789893
2011-01-25 00:00:00-05:00,26.52721724450573
2011-01-26 00:00:00-05:00,26.586070492017704
2011-01-27 00:00:00-05:00,26.43374645840997
2011-01-28 00:00:00-05:00,26.613771652775352
2011-01-31 00:00:00-05:00,25.862490591135945
2011-02-01 00:00:00-05:00,26.835357844603955
2011-02-02 00:00:00-05:00,27.2923571087105
2011-02-03 00:00:00-05:00,27.444703305041386
2011-02-04 00:00:00-05:00,27.482778899079918
2011-02-07 00:00:00-05:00,27.99863857932719
2011-02-08 00:00:00-05:00,27.63512023206856
2011-02-09 00:00:00-05:00,28.57336736703024
2011-02-10 00:00:00-05:00,27.96403206460097
2011-02-11 00:00:00-05:00,28.03672199003192
2011-02-14 00:00:00-05:00,28.206369483068134
2011-02-15 00:00:00-05:00,28.133663270598284
2011-02-16 00:00:00-05:00,27.915545671246086
2011-02-17 00:00:00-05:00,28.16829060704348
2011-02-18 00:00:00-05:00,28.31369882759005
2011-02-22 00:00:00-05:00,27.842845530164567
2011-02-23 00:00:00-05:00,26.821506190342575
2011-02-24 00:00:00-05:00,26.108293167870563
2011-02-25 00:00:00-05:00,26.22601451534697
2011-02-28 00:00:00-05:00,26.47874396974494
2011-03-01 00:00:00-05:00,26.977305618679626
2011-03-02 00:00:00-05:00,26.30217229706991
2011-03-03 00:00:00-05:00,26.980761311711504
2011-03-04 00:00:00-05:00,27.40660389815943
2011-03-07 00:00:00-05:00,27.195411492545738
2011-03-08 00:00:00-05:00,26.606849766021487
2011-03-09 00:00:00-05:00,26.683015518196207
2011-03-10 00:00:00-05:00,26.04597940417445
2011-03-11 00:00:00-05:00,25.900561855406668
2011-03-14 00:00:00-04:00,25.96634165556101
2011-03-15 00:00:00-04:00,25.357003935613317
2011-03-16 00:00:00-04:00,25.98712077358719
2011-03-17 00:00:00-04:00,26.520297284019684
2011-03-18 00:00:00-04:00,26.755722587773327
2011-03-21 00:00:00-04:00,27.0050015462974
2011-03-22 00:00:00-04:00,27.614346479273994
2011-03-23 00:00:00-04:00,27.693968303150374
2011-03-24 00:00:00-04:00,28.462570021086805
2011-03-25 00:00:00-04:00,28.73262662396064
2011-03-28 00:00:00-04:00,28.99921745225318
2011-03-29 00:00:00-04:00,28.691164763267743
2011-03-30 00:00:00-04:00,29.23917999331498
2011-03-31 00:00:00-04:00,29.291204674194827
2011-04-01 00:00:00-04:00,29.68314332161316
2011-04-04 00:00:00-04:00,29.964093159106866
2011-04-05 00:00:00-04:00,30.064678915468765
2011-04-06 00:00:00-04:00,30.283192863485564
2011-04-07 00:00:00-04:00,29.89471414368718
2011-04-08 00:00:00-04:00,30.019596198062626
2011-04-11 00:00:00-04:00,29.66234726650569
2011-04-12 00:00:00-04:00,29.117793371514743
2011-04-13 00:00:00-04:00,29.235710621193682
2011-04-14 00:00:00-04:00,28.864596371647497
2011-04-15 00:00:00-04:00,29.45770709112184
2011-04-18 00:00:00-04:00,29.20102607520781
2011-04-19 00:00:00-04:00,29.353652553295785
2011-04-20 00:00:00-04:00,29.974500835513478
2011-04-21 00:00:00-04:00,30.25197773548095
2011-04-25 00:00:00-04:00,30.41847164542717
2011-04-26 00:00:00-04:00,30.49824160111908
2011-04-27 00:00:00-04:00,30.664715942658884
2011-04-28 00:00:00-04:00,30.3074736606752
2011-04-29 00:00:00-04:00,30.6092349384064
2011-05-02 00:00:00-04:00,30.907511381171883
2011-05-03 00:00:00-04:00,30.255448423351663
2011-05-04 00:00:00-04:00,29.24612822197379
2011-05-05 00:00:00-04:00,28.673829846551733
2011-05-06 00:00:00-04:00,29.436888064376408
2011-05-09 00:00:00-04:00,29.381386425058867
2011-05-10 00:00:00-04:00,29.814960621926936
2011-05-11 00:00:00-04:00,29.81494742259438
2011-05-12 00:00:00-04:00,29.23919262052119
2011-05-13 00:00:00-04:00,29.180223936610876
2011-05-16 00:00:00-04:00,28.857644710113842
2011-05-17 00:00:00-04:00,28.826442756968834
2011-05-18 00:00:00-04:00,28.82297456538058
2011-05-19 00:00:00-04:00,29.25999691859695
2011-05-20 00:00:00-04:00,29.1490042054844
2011-05-23 00:00:00-04:00,28.66342875083349
2011-05-24 00:00:00-04:00,28.691161941967522
2011-05-25 00:00:00-04:00,28.42408863541932
2011-05-26 00:00:00-04:00,28.677292195433587
2011-05-27 00:00:00-04:00,28.920083137275633
2011-05-31 00:00:00-04:00,29.41955399077604
2011-06-01 00:00:00-04:00,28.913143300071333
2011-06-02 00:00:00-04:00,28.25067674776831
2011-06-03 00:00:00-04:00,27.751215272051397
2011-06-06 00:00:00-04:00,27.52575732763483
2011-06-07 00:00:00-04:00,27.51882549105688
2011-06-08 00:00:00-04:00,27.28296641789025
2011-06-09 00:00:00-04:00,27.53269994344305
2011-06-10 00:00:00-04:00,27.407834160237858
2011-06-13 00:00:00-04:00,27.199726294511954
2011-06-14 00:00:00-04:00,27.126891830594513
2011-06-15 00:00:00-04:00,27.35580871774673
2011-06-16 00:00:00-04:00,27.40089186894241
2011-06-17 00:00:00-04:00,27.86220080097875
2011-06-20 00:00:00-04:00,27.445987679051754
2011-06-21 00:00:00-04:00,28.05991727910028
2011-06-22 00:00:00-04:00,28.2853665272082
2011-06-23 00:00:00-04:00,27.9627838680993
2011-06-24 00:00:00-04:00,28.361660042413053
2011-06-27 00:00:00-04:00,28.74319299604416
2011-06-28 00:00:00-04:00,28.941114205823716
2011-06-29 00:00:00-04:00,29.4519075867893
2011-06-30 00:00:00-04:00,29.882769400033357
2011-07-01 00:00:00-04:00,29.8932022877614
2011-07-05 00:00:00-04:00,30.390091722321465
2011-07-06 00:00:00-04:00,30.58467428035235
2011-07-07 00:00:00-04:00,30.94952279091851
2011-07-08 00:00:00-04:00,30.608989055487847
2011-07-11 00:00:00-04:00,30.27195664417904
2011-07-12 00:00:00-04:00,30.129480392627418
2011-07-13 00:00:00-04:00,30.386606223956864
2011-07-14 00:00:00-04:00,30.459583782716443
2011-07-15 00:00:00-04:00,30.212869129486325
2011-07-18 00:00:00-04:00,30.216353582334847
2011-07-19 00:00:00-04:00,30.02176844075882
2011-07-20 00:00:00-04:00,30.654153475206137
2011-07-21 00:00:00-04:00,31.27266989622867
2011-07-22 00:00:00-04:00,32.28729000549261
2011-07-25 00:00:00-04:00,31.547183969997892
2011-07-26 00:00:00-04:00,32.05795655420053
2011-07-27 00:00:00-04:00,31.703521181202316
2011-07-28 00:00:00-04:00,30.859178318881614
2011-07-29 00:00:00-04:00,30.26500072795956
2011-08-01 00:00:00-04:00,31.019010038359944
2011-08-02 00:00:00-04:00,29.462329233490323
2011-08-03 00:00:00-04:00,28.690935375085463
2011-08-04 00:00:00-04:00,28.416433101004042
2011-08-05 00:00:00-04:00,27.422654003083498
2011-08-08 00:00:00-04:00,26.196068572773047
2011-08-09 00:00:00-04:00,24.966014339756562
2011-08-10 00:00:00-04:00,25.49069853427026
2011-08-11 00:00:00-04:00,24.948643687552796
2011-08-12 00:00:00-04:00,26.15437486666589
2011-08-15 00:00:00-04:00,26.317686819084646
2011-08-16 00:00:00-04:00,25.841641065670103
2011-08-17 00:00:00-04:00,25.824271532418763
2011-08-18 00:00:00-04:00,24.538621261597264
2011-08-19 00:00:00-04:00,23.360680747825327
2011-08-22 00:00:00-04:00,23.83325301042868
2011-08-23 00:00:00-04:00,23.332891724029828
2011-08-24 00:00:00-04:00,24.295390236896612
2011-08-25 00:00:00-04:00,24.87566797268679
2011-08-26 00:00:00-04:00,24.13207732664937
2011-08-29 00:00:00-04:00,25.53240168459603
2011-08-30 00:00:00-04:00,25.67486007239532
2011-08-31 00:00:00-04:00,26.536603916409717
2011-09-01 00:00:00-04:00,26.331585359018344
2011-09-02 00:00:00-04:00,25.282218730239506
2011-09-06 00:00:00-04:00,24.40658404210322
2011-09-07 00:00:00-04:00,25.37951114704148
2011-09-08 00:00:00-04:00,25.46638259244737
2011-09-09 00:00:00-04:00,25.038976278729354
2011-09-12 00:00:00-04:00,24.361408839530377
2011-09-13 00:00:00-04:00,24.6046456062999
2011-09-14 00:00:00-04:00,25.19882148796759
2011-09-15 00:00:00-04:00,26.251671850734436
2011-09-16 00:00:00-04:00,26.73465826550919
2011-09-19 00:00:00-04:00,26.23430402814096
2011-09-20 00:00:00-04:00,26.80762319245345
2011-09-21 00:00:00-04:00,26.491416819305524
2011-09-22 00:00:00-04:00,24.22589520594162
2011-09-23 00:00:00-04:00,23.749855837770205
2011-09-26 00:00:00-04:00,24.06953154865378
2011-09-27 00:00:00-04:00,25.230097356855197
2011-09-28 00:00:00-04:00,26.043353279614525
2011-09-29 00:00:00-04:00,25.81355791283145
2011-09-30 00:00:00-04:00,24.434786875435446
2011-10-03 00:00:00-04:00,23.822005391836868
2011-10-04 00:00:00-04:00,22.540734348329874
2011-10-05 00:00:00-04:00,23.508654970553437
2011-10-06 00:00:00-04:00,24.13188700879591
2011-10-07 00:00:00-04:00,24.96053472200227
2011-10-10 00:00:00-04:00,25.29129564608952
2011-10-11 00:00:00-04:00,25.541979487917228
2011-10-12 00:00:00-04:00,26.13736000845059
2011-10-13 00:00:00-04:00,25.99808803281879
2011-10-14 00:00:00-04:00,25.736961722465843
2011-10-17 00:00:00-04:00,26.614346838406302
2011-10-18 00:00:00-04:00,25.862298770235757
2011-10-19 00:00:00-04:00,26.61087735858484
2011-10-20 00:00:00-04:00,26.064246190428157
2011-10-21 00:00:00-04:00,26.478567242794746
2011-10-24 00:00:00-04:00,26.569091367080425
2011-10-25 00:00:00-04:00,27.053060446281947
2011-10-26 00:00:00-04:00,26.718812209677093
2011-10-27 00:00:00-04:00,28.358699225210476
2011-10-28 00:00:00-04:00,28.57803961179992
2011-10-31 00:00:00-04:00,28.090605899272628
2011-11-01 00:00:00-04:00,26.31492989605597
2011-11-02 00:00:00-04:00,27.053055022614885
2011-11-03 00:00:00-04:00,28.598951780074813
2011-11-04 00:00:00-04:00,28.97148976836149
2011-11-07 00:00:00-05:00,28.933195325209088
2011-11-08 00:00:00-05:00,29.368408364553357
2011-11-09 00:00:00-05:00,28.43878119383452
2011-11-10 00:00:00-05:00,28.424855248137774
2011-11-11 00:00:00-05:00,29.062009221602263
2011-11-14 00:00:00-05:00,28.98194207603491
2011-11-15 00:00:00-05:00,28.571086817871905
2011-11-16 00:00:00-05:00,28.25773090670177
2011-11-17 00:00:00-05:00,28.21596679440719
2011-11-18 00:00:00-05:00,27.700660561716347
2011-11-21 00:00:00-05:00,27.181878363773983
2011-11-22 00:00:00-05:00,27.251507738400644
2011-11-23 00:00:00-05:00,26.78844410856286
2011-11-25 00:00:00-05:00,26.565611907050904
2011-11-28 00:00:00-05:00,27.665846990914932
2011-11-29 00:00:00-05:00,27.679767403766657
2011-11-30 00:00:00-05:00,29.062017403783948
2011-12-01 00:00:00-05:00,29.065489093720934
2011-12-02 00:00:00-05:00,29.162972767260026
2011-12-05 00:00:00-05:00,29.424112720393413
2011-12-06 00:00:00-05:00,29.46589571474103
2011-12-07 00:00:00-05:00,29.068975837134037
2011-12-08 00:00:00-05:00,29.47634476130144
2011-12-09 00:00:00-05:00,28.95408865240205
2011-12-12 00:00:00-05:00,29.05853045936796
2011-12-13 00:00:00-05:00,29.37188652319431
2011-12-14 00:00:00-05:00,28.49101175922517
2011-12-15 00:00:00-05:00,28.804368258493287
2011-12-16 00:00:00-05:00,29.44499761884266
2011-12-19 00:00:00-05:00,29.53552963759209
2011-12-20 00:00:00-05:00,29.57382332559772
2011-12-21 00:00:00-05:00,30.190082948064116
2011-12-22 00:00:00-05:00,30.054312108987315
2011-12-23 00:00:00-05:00,30.29106809638098
2011-12-27 00:00:00-05:00,30.419893215345663
2011-12-28 00:00:00-05:00,30.53824099275075
2011-12-29 00:00:00-05:00,29.896500549364408
2011-12-30 00:00:00-05:00,30.07786138770884
2012-01-03 00:00:00-05:00,30.78238316463306
2012-01-04 00:00:00-05:00,30.395244242126925
2012-01-05 00:00:00-05:00,30.23830099676879
2012-01-06 00:00:00-05:00,30.301078374030592
2012-01-09 00:00:00-05:00,30.72309014471969
2012-01-10 00:00:00-05:00,31.186947097839955
2012-01-11 00:00:00-05:00,30.939321393303256
2012-01-12 00:00:00-05:00,31.2567144784628
2012-01-13 00:00:00-05:00,31.329931109535618
2012-01-17 00:00:00-05:00,31.83566334285745
2012-01-18 00:00:00-05:00,31.368301720387727
2012-01-19 00:00:00-05:00,31.901920022061198
2012-01-20 00:00:00-05:00,31.950754007112355
2012-01-23 00:00:00-05:00,31.891452412288036
2012-01-24 00:00:00-05:00,31.650806033889396
2012-01-25 00:00:00-05:00,31.860085707774793
2012-01-26 00:00:00-05:00,32.505291435007656
2012-01-27 00:00:00-05:00,31.86008647945537
2012-01-30 00:00:00-05:00,32.01703201893038
2012-01-31 00:00:00-05:00,32.69711684181819
2012-02-01 00:00:00-05:00,32.67270797782523
2012-02-02 00:00:00-05:00,32.62737282087839
2012-02-03 00:00:00-05:00,32.89591883985015
2012-02-06 00:00:00-05:00,32.97264484290933
2012-02-07 00:00:00-05:00,32.595977189007975
2012-02-08 00:00:00-05:00,32.44252628516464
2012-02-09 00:00:00-05:00,33.133079855877384
2012-02-10 00:00:00-05:00,32.18443514075234
2012-02-13 00:00:00-05:00,32.10421668915793
2012-02-14 00:00:00-05:00,32.4564671198386
2012-02-15 00:00:00-05:00,32.29952754949433
2012-02-16 00:00:00-05:00,32.756409071575064
2012-02-17 00:00:00-05:00,33.408601722749495
2012-02-21 00:00:00-05:00,33.670181900587636
2012-02-22 00:00:00-05:00,34.31542875673566
2012-02-23 00:00:00-05:00,34.35377381624702
2012-02-24 00:00:00-05:00,34.47236888168467
2012-02-27 00:00:00-05:00,34.102672108988656
2012-02-28 00:00:00-05:00,34.6432678532901
2012-02-29 00:00:00-05:00,34.908319252626015
2012-03-01 00:00:00-05:00,34.65370828099377
2012-03-02 00:00:00-05:00,34.751383083216005
2012-03-05 00:00:00-05:00,34.98853039294847
2012-03-06 00:00:00-05:00,34.83159198048403
2012-03-07 00:00:00-05:00,33.74691585082058
2012-03-08 00:00:00-05:00,34.08172037279011
2012-03-09 00:00:00-05:00,34.58397285619914
2012-03-12 00:00:00-04:00,34.54559295076359
2012-03-13 00:00:00-04:00,34.57697568586869
2012-03-14 00:00:00-04:00,34.65720707659806
2012-03-15 00:00:00-04:00,34.71302059804695
2012-03-16 00:00:00-04:00,34.87692966550374
2012-03-19 00:00:00-04:00,35.065268106610084
2012-03-20 00:00:00-04:00,34.69558515306846
2012-03-21 00:00:00-04:00,34.674638955053375
2012-03-22 00:00:00-04:00,34.32240204021012
2012-03-23 00:00:00-04:00,34.050361198789545
2012-03-26 00:00:00-04:00,34.93971522374518
2012-03-27 00:00:00-04:00,35.30940024291726
2012-03-28 00:00:00-04:00,36.728675561762486
2012-03-29 00:00:00-04:00,35.89717397803903
2012-03-30 00:00:00-04:00,37.0605655979822
2012-04-02 00:00:00-04:00,37.064069241401064
2012-04-03 00:00:00-04:00,37.53219483252489
2012-04-04 00:00:00-04:00,37.207299088548176
2012-04-05 00:00:00-04:00,37.06406055392194
2012-04-09 00:00:00-04:00,36.5924272302336
2012-04-10 00:00:00-04:00,36.58543064307636
2012-04-11 00:00:00-04:00,36.20462249813721
2012-04-12 00:00:00-04:00,35.953060448449946
2012-04-13 00:00:00-04:00,36.491109606959824
2012-04-16 00:00:00-04:00,36.906843419643835
2012-04-17 00:00:00-04:00,37.01165634662135
2012-04-18 00:00:00-04:00,37.29813304946338
2012-04-19 00:00:00-04:00,37.48327965443163
2012-04-20 00:00:00-04:00,37.409918867404926
2012-04-23 00:00:00-04:00,36.882384785309945
2012-04-24 00:00:00-04:00,37.03262343090535
2012-04-25 00:00:00-04:00,37.02912837031505
2012-04-26 00:00:00-04:00,37.78024101419641
2012-04-27 00:00:00-04:00,38.6361972758873
2012-04-30 00:00:00-04:00,38.569815735299485
2012-05-01 00:00:00-04:00,37.731338158696516
2012-05-02 00:00:00-04:00,37.591590536048166
2012-05-03 00:00:00-04:00,38.10865489723232
2012-05-04 00:00:00-04:00,37.539197809029
2012-05-07 00:00:00-04:00,36.966245004192736
2012-05-08 00:00:00-04:00,36.76708684100805
2012-05-09 00:00:00-04:00,36.43868309552481
2012-05-10 00:00:00-04:00,37.17584441160909
2012-05-11 00:00:00-04:00,36.599401152747376
2012-05-14 00:00:00-04:00,36.508584078367576
2012-05-15 00:00:00-04:00,36.33388561933104
2012-05-16 00:00:00-04:00,36.25002509195644
2012-05-17 00:00:00-04:00,35.250842192983455
2012-05-18 00:00:00-04:00,34.13986532127273
2012-05-21 00:00:00-04:00,33.73111323644987
2012-05-22 00:00:00-04:00,35.19145634464338
2012-05-23 00:00:00-04:00,34.81065112828758
2012-05-24 00:00:00-04:00,35.89368220974345
2012-05-25 00:00:00-04:00,36.29196211981628
2012-05-29 00:00:00-04:00,36.36183294740505
2012-05-30 00:00:00-04:00,36.180168985268246
2012-05-31 00:00:00-04:00,36.124270255483594
2012-06-01 00:00:00-04:00,34.78970009787151
2012-06-04 00:00:00-04:00,34.356491116395894
2012-06-05 00:00:00-04:00,34.000135179287255
2012-06-06 00:00:00-04:00,34.684886443656865
2012-06-07 00:00:00-04:00,35.79586153168067
2012-06-08 00:00:00-04:00,35.320724988872925
2012-06-11 00:00:00-04:00,36.75311303809611
2012-06-12 00:00:00-04:00,35.61419083933822
2012-06-13 00:00:00-04:00,36.0893275376863
2012-06-14 00:00:00-04:00,35.42555046102461
2012-06-15 00:00:00-04:00,35.21591905004044
2012-06-18 00:00:00-04:00,34.838598650920304
2012-06-19 00:00:00-04:00,35.746959005903605
2012-06-20 00:00:00-04:00,36.781084836549724
2012-06-21 00:00:00-04:00,36.67626644324078
2012-06-22 00:00:00-04:00,35.341677764546404
2012-06-25 00:00:00-04:00,34.66393573132002
2012-06-26 00:00:00-04:00,34.81764430008327
2012-06-27 00:00:00-04:00,35.52402510425499
2012-06-28 00:00:00-04:00,35.58002372956212
2012-06-29 00:00:00-04:00,37.04998145347392
2012-07-02 00:00:00-04:00,37.50497323922278
2012-07-03 00:00:00-04:00,37.39296991499096
2012-07-05 00:00:00-04:00,37.71496452172379
2012-07-06 00:00:00-04:00,37.0779872720516
2012-07-09 00:00:00-04:00,36.82598627864768
2012-07-10 00:00:00-04:00,37.44197236604849
2012-07-11 00:00:00-04:00,36.664994315067695
2012-07-12 00:00:00-04:00,35.552032478922634
2012-07-13 00:00:00-04:00,36.40601315203357
2012-07-16 00:00:00-04:00,37.46297047030487
2012-07-17 00:00:00-04:00,37.82696383924151
2012-07-18 00:00:00-04:00,38.02994758153501
2012-07-19 00:00:00-04:00,38.61795291097891
2012-07-20 00:00:00-04:00,38.31695149985301
2012-07-23 00:00:00-04:00,37.462971234995244
2012-07-24 00:00:00-04:00,37.693968120168336
2012-07-25 00:00:00-04:00,37.7009615070603
2012-07-26 00:00:00-04:00,38.50594540730624
2012-07-27 00:00:00-04:00,38.93292427816193
2012-07-30 00:00:00-04:00,38.582940602780404
2012-07-31 00:00:00-04:00,38.40095093101065
2012-08-01 00:00:00-04:00,38.7159292781761
2012-08-02 00:00:00-04:00,36.45500016308387
2012-08-03 00:00:00-04:00,37.39297611671334
2012-08-06 00:00:00-04:00,37.938950908158525
2012-08-07 00:00:00-04:00,38.14195433466346
2012-08-08 00:00:00-04:00,38.31694853117549
2012-08-09 00:00:00-04:00,38.23294671462803
2012-08-10 00:00:00-04:00,37.735972299176275
2012-08-13 00:00:00-04:00,38.06495696303783
2012-08-14 00:00:00-04:00,38.232954196114854
2012-08-15 00:00:00-04:00,37.665972449907564
2012-08-16 00:00:00-04:00,38.29594126730842
2012-08-17 00:00:00-04:00,38.34493798819717
2012-08-20 00:00:00-04:00,38.379937296493424
2012-08-21 00:00:00-04:00,38.603939408299084
2012-08-22 00:00:00-04:00,38.001951118256414
2012-08-23 00:00:00-04:00,38.88394477181807
2012-08-24 00:00:00-04:00,38.148955816298525
2012-08-27 00:00:00-04:00,38.05795266573757
2012-08-28 00:00:00-04:00,37.45597182464941
2012-08-29 00:00:00-04:00,37.60296465688615
2012-08-30 00:00:00-04:00,37.52596014656918
2012-08-31 00:00:00-04:00,38.036959775734104
2012-09-04 00:00:00-04:00,37.98795487354058
2012-09-05 00:00:00-04:00,37.518954768848296
2012-09-06 00:00:00-04:00,38.316934428900126
2012-09-07 00:00:00-04:00,39.05192539881375
2012-09-10 00:00:00-04:00,39.07292438176877
2012-09-11 00:00:00-04:00,39.66789473387718
2012-09-12 00:00:00-04:00,40.339893977340026
2012-09-13 00:00:00-04:00,39.99689214847768
2012-09-14 00:00:00-04:00,41.494862857506405
2012-09-17 00:00:00-04:00,40.63388274042126
2012-09-18 00:00:00-04:00,40.75287546709051
2012-09-19 00:00:00-04:00,40.38890202210058
2012-09-20 00:00:00-04:00,40.25588608167458
2012-09-21 00:00:00-04:00,40.85787946085851
2012-09-24 00:00:00-04:00,40.09490644078501
2012-09-25 00:00:00-04:00,40.073905342625785
2012-09-26 00:00:00-04:00,39.37388471209967
2012-09-27 00:00:00-04:00,39.28273810170645
2012-09-28 00:00:00-04:00,38.70083400254576
2012-10-01 00:00:00-04:00,38.897137287743455
2012-10-02 00:00:00-04:00,39.56319263386995
2012-10-03 00:00:00-04:00,38.75694190523283
2012-10-04 00:00:00-04:00,38.95323215268508
2012-10-05 00:00:00-04:00,39.261701035560414
2012-10-08 00:00:00-04:00,39.191610115685606
2012-10-09 00:00:00-04:00,39.16356495046271
2012-10-10 00:00:00-04:00,38.406378075512066
2012-10-11 00:00:00-04:00,38.04882099330201
2012-10-12 00:00:00-04:00,37.89457833598328
2012-10-15 00:00:00-04:00,37.64216448752459
2012-10-16 00:00:00-04:00,38.32924205893173
2012-10-17 00:00:00-04:00,38.91117176279442
2012-10-18 00:00:00-04:00,39.25470783842647
2012-10-19 00:00:00-04:00,39.072433210107725
2012-10-22 00:00:00-04:00,38.49051362711283
2012-10-23 00:00:00-04:00,37.677218951329756
2012-10-24 00:00:00-04:00,38.23109989241816
2012-10-25 00:00:00-04:00,37.7753843422895
2012-10-26 00:00:00-04:00,37.635155199424034
2012-10-31 00:00:00-04:00,37.94363732866508
2012-11-01 00:00:00-04:00,37.487934830471644
2012-11-02 00:00:00-04:00,38.518550826460114
2012-11-05 00:00:00-05:00,37.81043552761104
2012-11-06 00:00:00-05:00,38.420400013410365
2012-11-07 00:00:00-05:00,37.86652451854216
2012-11-08 00:00:00-05:00,37.508959468410254
2012-11-09 00:00:00-05:00,36.89899207316056
2012-11-12 00:00:00-05:00,37.38275523539751
2012-11-13 00:00:00-05:00,36.84291885795414
2012-11-14 00:00:00-05:00,36.64660777488807
2012-11-15 00:00:00-05:00,36.01561344729508
2012-11-16 00:00:00-05:00,35.99460382658988
2012-11-19 00:00:00-05:00,36.69570036371748
2012-11-20 00:00:00-05:00,37.544016019135924
2012-11-21 00:00:00-05:00,38.02776838762058
2012-11-23 00:00:00-05:00,38.013754917223125
2012-11-26 00:00:00-05:00,38.35027281580216
2012-11-27 00:00:00-05:00,38.77796295618192
2012-11-28 00:00:00-05:00,38.60268567956875
2012-11-29 00:00:00-05:00,39.10746332273219
2012-11-30 00:00:00-05:00,38.925193735135494
2012-12-03 00:00:00-05:00,39.121499043518625
2012-12-04 00:00:00-05:00,37.824465533435514
2012-12-05 00:00:00-05:00,37.782402471707336
2012-12-06 00:00:00-05:00,37.66321530775357
2012-12-07 00:00:00-05:00,37.36172353100673
2012-12-10 00:00:00-05:00,37.2355498048128
2012-12-11 00:00:00-05:00,37.79641588530911
2012-12-12 00:00:00-05:00,38.2030610129753
2012-12-13 00:00:00-05:00,39.76651970639029
2012-12-14 00:00:00-05:00,39.619293606404135
2012-12-17 00:00:00-05:00,39.96281648860324
2012-12-18 00:00:00-05:00,40.194185406017155
2012-12-19 00:00:00-05:00,40.84620495395254
2012-12-20 00:00:00-05:00,40.62185121130066
2012-12-21 00:00:00-05:00,40.649902735978905
2012-12-24 00:00:00-05:00,40.65690370066604
2012-12-26 00:00:00-05:00,41.21777866460934
2012-12-27 00:00:00-05:00,40.61872568126405
2012-12-28 00:00:00-05:00,40.37278118758584
2012-12-31 00:00:00-05:00,40.17601624366528
2013-01-02 00:00:00-05:00,41.9258537708568
2013-01-03 00:00:00-05:00,41.79935645097835
2013-01-04 00:00:00-05:00,41.40581825691036
2013-01-07 00:00:00-05:00,41.49013944775523
2013-01-08 00:00:00-05:00,42.220998108904595
2013-01-09 00:00:00-05:00,42.6145362604976
2013-01-10 00:00:00-05:00,43.49296885541225
2013-01-11 00:00:00-05:00,43.5210843094126
2013-01-14 00:00:00-05:00,43.0924093101259
2013-01-15 00:00:00-05:00,42.951848745360934
2013-01-16 00:00:00-05:00,42.75509088972325
2013-01-17 00:00:00-05:00,42.87455810415256
2013-01-18 00:00:00-05:00,42.55129681743419
2013-01-22 00:00:00-05:00,42.85348304479072
2013-01-23 00:00:00-05:00,42.9378041210371
2013-01-24 00:00:00-05:00,42.92374942431114
2013-01-25 00:00:00-05:00,43.31026382808926
2013-01-28 00:00:00-05:00,43.61242834518078
2013-01-29 00:00:00-05:00,43.00808342668594
2013-01-30 00:00:00-05:00,43.32430558268325
2013-01-31 00:00:00-05:00,43.06428191003766
2013-02-01 00:00:00-05:00,43.55621552212185
2013-02-04 00:00:00-05:00,43.72487342126983
2013-02-05 00:00:00-05:00,43.84434062214233
2013-02-06 00:00:00-05:00,43.77405708417438
2013-02-07 00:00:00-05:00,43.35944177805607
2013-02-08 00:00:00-05:00,41.960979639478175
2013-02-11 00:00:00-05:00,42.11558742946514
2013-02-12 00:00:00-05:00,41.88369418290554
2013-02-13 00:00:00-05:00,40.93498549589804
2013-02-14 00:00:00-05:00,41.1739031221252
2013-02-15 00:00:00-05:00,41.476096374353574
2013-02-19 00:00:00-05:00,41.97503896919221
2013-02-20 00:00:00-05:00,41.672862982355525
2013-02-21 00:00:00-05:00,40.703059022819815
2013-02-22 00:00:00-05:00,40.45709190413692
2013-02-25 00:00:00-05:00,41.41986640128683
2013-02-26 00:00:00-05:00,40.61171881128837
2013-02-27 00:00:00-05:00,41.15985664110772
2013-02-28 00:00:00-05:00,41.93990238215401
2013-03-01 00:00:00-05:00,42.14370496355807
2013-03-04 00:00:00-05:00,41.841515640334265
2013-03-05 00:00:00-05:00,42.48100623856627
2013-03-06 00:00:00-05:00,42.78320351151876
2013-03-07 00:00:00-05:00,42.90968627383301
2013-03-08 00:00:00-05:00,43.02915555881315
2013-03-11 00:00:00-04:00,42.986981545464104
2013-03-12 00:00:00-04:00,43.09942185591781
2013-03-13 00:00:00-04:00,43.09240191670502
2013-03-14 00:00:00-04:00,43.134562356038415
2013-03-15 00:00:00-04:00,42.76914908294474
2013-03-18 00:00:00-04:00,41.83449280663995
2013-03-19 00:00:00-04:00,41.89772702284793
2013-03-20 00:00:00-04:00,41.827467010733265
2013-03-21 00:00:00-04:00,41.29338113157704
2013-03-22 00:00:00-04:00,40.40790217316662
2013-03-25 00:00:00-04:00,40.40792190450117
2013-03-26 00:00:00-04:00,39.9549918299008
2013-03-27 00:00:00-04:00,39.80001807540306
2013-03-28 00:00:00-04:00,39.87046380745047
2013-04-01 00:00:00-04:00,40.314257759609255
2013-04-02 00:00:00-04:00,39.7366178419049
2013-04-03 00:00:00-04:00,39.80000739433655
2013-04-04 00:00:00-04:00,39.630943298339844
2013-04-05 00:00:00-04:00,39.081501122238315
2013-04-08 00:00:00-04:00,39.5111906746884
2013-04-09 00:00:00-04:00,40.286064778014
2013-04-10 00:00:00-04:00,40.377626946720355
2013-04-11 00:00:00-04:00,40.72985763565802
2013-04-12 00:00:00-04:00,41.16661051943934
2013-04-15 00:00:00-04:00,40.82143804859522
2013-04-16 00:00:00-04:00,40.01134235354555
2013-04-17 00:00:00-04:00,40.65939608828034
2013-04-18 00:00:00-04:00,40.765081437326685
2013-04-19 00:00:00-04:00,40.79325878533585
2013-04-22 00:00:00-04:00,40.82847033985212
2013-04-23 00:00:00-04:00,41.08911043867644
2013-04-24 00:00:00-04:00,41.920341053633635
2013-04-25 00:00:00-04:00,42.22324059821278
2013-04-26 00:00:00-04:00,42.61770425296656
2013-04-29 00:00:00-04:00,42.505009781886166
2013-04-30 00:00:00-04:00,42.57545202160484
2013-05-01 00:00:00-04:00,39.84227110366995
2013-05-02 00:00:00-04:00,41.152511557136975
2013-05-03 00:00:00-04:00,41.969643155361254
2013-05-06 00:00:00-04:00,41.9203274865264
2013-05-07 00:00:00-04:00,42.3852530259218
2013-05-08 00:00:00-04:00,42.7515492910113
2013-05-09 00:00:00-04:00,43.54755660399726
2013-05-10 00:00:00-04:00,43.350314945176734
2013-05-13 00:00:00-04:00,43.44189619483285
2013-05-14 00:00:00-04:00,42.75859564399183
2013-05-15 00:00:00-04:00,44.17448512557078
2013-05-16 00:00:00-04:00,44.21676631352049
2013-05-17 00:00:00-04:00,43.71661996967983
2013-05-20 00:00:00-04:00,44.512619218441216
2013-05-21 00:00:00-04:00,44.39285425566527
2013-05-22 00:00:00-04:00,44.29424254386676
2013-05-23 00:00:00-04:00,43.885684554958736
2013-05-24 00:00:00-04:00,44.456271728314576
2013-05-28 00:00:00-04:00,45.3297483722361
2013-05-29 00:00:00-04:00,45.040929365550184
2013-05-30 00:00:00-04:00,45.06206916940197
2013-05-31 00:00:00-04:00,44.75915980940749
2013-06-03 00:00:00-04:00,44.259026314257895
2013-06-04 00:00:00-04:00,43.737750658370054
2013-06-05 00:00:00-04:00,43.582774318481356
2013-06-06 00:00:00-04:00,43.131942634072786
2013-06-07 00:00:00-04:00,43.42076435006528
2013-06-10 00:00:00-04:00,44.49854278484941
2013-06-11 00:00:00-04:00,43.75183990852713
2013-06-12 00:00:00-04:00,44.58306103519275
2013-06-13 00:00:00-04:00,43.62503881487845
2013-06-14 00:00:00-04:00,44.42809733827153
2013-06-17 00:00:00-04:00,44.428096288614505
2013-06-18 00:00:00-04:00,44.984591683415324
2013-06-19 00:00:00-04:00,45.632658452289576
2013-06-20 00:00:00-04:00,43.64616861985493
2013-06-21 00:00:00-04:00,44.55489645311235
2013-06-24 00:00:00-04:00,43.68843406348141
2013-06-25 00:00:00-04:00,43.91385121456932
2013-06-26 00:00:00-04:00,43.90422127564956
2013-06-27 00:00:00-04:00,44.25014923108091
2013-06-28 00:00:00-04:00,43.93246725147157
2013-07-01 00:00:00-04:00,43.45947130514232
2013-07-02 00:00:00-04:00,43.47357242093204
2013-07-03 00:00:00-04:00,43.4594647894292
2013-07-05 00:00:00-04:00,44.024247582194114
2013-07-08 00:00:00-04:00,43.339447223111854
2013-07-09 00:00:00-04:00,43.52300974062178
2013-07-10 00:00:00-04:00,43.50181914380755
2013-07-11 00:00:00-04:00,44.5678497985927
2013-07-12 00:00:00-04:00,43.9960037758188
2013-07-15 00:00:00-04:00,43.960712580792936
2013-07-16 00:00:00-04:00,44.25720715963958
2013-07-17 00:00:00-04:00,43.72773113507239
2013-07-18 00:00:00-04:00,43.98894179656729
2013-07-19 00:00:00-04:00,44.64549342877159
2013-07-22 00:00:00-04:00,44.80785974240516
2013-07-23 00:00:00-04:00,44.94905974654923
2013-07-24 00:00:00-04:00,44.45489327808652
2013-07-25 00:00:00-04:00,44.82197100923024
2013-07-26 00:00:00-04:00,44.75844819373385
2013-07-29 00:00:00-04:00,44.581958046629886
2013-07-30 00:00:00-04:00,44.829044904842476
2013-07-31 00:00:00-04:00,46.240989784947146
2013-08-01 00:00:00-04:00,47.003444135983656
2013-08-02 00:00:00-04:00,46.996383026187864
2013-08-05 00:00:00-04:00,47.314052375092395
2013-08-06 00:00:00-04:00,46.826936864256645
2013-08-07 00:00:00-04:00,46.13508943725526
2013-08-08 00:00:00-04:00,46.11391595938652
2013-08-09 00:00:00-04:00,45.605613140323854
2013-08-12 00:00:00-04:00,46.128023002692366
2013-08-13 00:00:00-04:00,46.15626345119046
2013-08-14 00:00:00-04:00,46.643383957342415
2013-08-15 00:00:00-04:00,45.909180354124295
2013-08-16 00:00:00-04:00,45.49264754867203
2013-08-19 00:00:00-04:00,45.986828060724186
2013-08-20 00:00:00-04:00,45.84562867475571
2013-08-21 00:00:00-04:00,46.12802345517366
2013-08-22 00:00:00-04:00,46.32570449986295
2013-08-23 00:00:00-04:00,47.123433735952105
2013-08-26 00:00:00-04:00,47.123433735952105
2013-08-27 00:00:00-04:00,46.9116602854205
2013-08-28 00:00:00-04:00,47.116383963286836
2013-08-29 00:00:00-04:00,46.728106454449474
2013-08-30 00:00:00-04:00,47.05284565112656
2013-09-03 00:00:00-04:00,47.61761903372434
2013-09-04 00:00:00-04:00,47.02460677036151
2013-09-05 00:00:00-04:00,47.43406274971602
2013-09-06 00:00:00-04:00,47.6246777802421
2013-09-09 00:00:00-04:00,47.99178779901351
2013-09-10 00:00:00-04:00,48.74012079396804
2013-09-11 00:00:00-04:00,49.00838503415412
2013-09-12 00:00:00-04:00,49.53079402924611
2013-09-13 00:00:00-04:00,49.714351468889916
2013-09-16 00:00:00-04:00,50.102644453851816
2013-09-17 00:00:00-04:00,49.671997926087926
2013-09-18 00:00:00-04:00,49.77083022021554
2013-09-19 00:00:00-04:00,50.40619971073767
2013-09-20 00:00:00-04:00,50.695657262319635
2013-09-23 00:00:00-04:00,50.36383661024877
2013-09-24 00:00:00-04:00,50.13792799771051
2013-09-25 00:00:00-04:00,50.47678824491064
2013-09-26 00:00:00-04:00,50.59353481551937
2013-09-27 00:00:00-04:00,50.3601137129395
2013-09-30 00:00:00-04:00,50.09841837618001
2013-10-01 00:00:00-04:00,50.66426082919516
2013-10-02 00:00:00-04:00,50.169143420153226
2013-10-03 00:00:00-04:00,50.437925137113055
2013-10-04 00:00:00-04:00,50.112556152013354
2013-10-07 00:00:00-04:00,50.56523772770586
2013-10-08 00:00:00-04:00,50.310607878318955
2013-10-09 00:00:00-04:00,50.013535895621885
2013-10-10 00:00:00-04:00,50.416700070347105
2013-10-11 00:00:00-04:00,50.62181261847553
2013-10-14 00:00:00-04:00,50.75621381279486
2013-10-15 00:00:00-04:00,50.92595860215325
2013-10-16 00:00:00-04:00,51.18767235050429
2013-10-17 00:00:00-04:00,51.22303533273437
2013-10-18 00:00:00-04:00,52.02936397234719
2013-10-21 00:00:00-04:00,51.866672843252765
2013-10-22 00:00:00-04:00,51.89496802249855
2013-10-23 00:00:00-04:00,52.56691392088958
2013-10-24 00:00:00-04:00,52.41837245376754
2013-10-25 00:00:00-04:00,52.616420219382
2013-10-28 00:00:00-04:00,52.467873512451156
2013-10-29 00:00:00-04:00,51.909118991684835
2013-10-30 00:00:00-04:00,51.4988874928586
2013-10-31 00:00:00-04:00,51.67570561124498
2013-11-01 00:00:00-04:00,51.484730987047534
2013-11-04 00:00:00-05:00,51.48472839468903
2013-11-05 00:00:00-05:00,51.39280212538037
2013-11-06 00:00:00-05:00,51.61912017605564
2013-11-07 00:00:00-05:00,51.6827866161278
2013-11-08 00:00:00-05:00,51.03206207719729
2013-11-11 00:00:00-05:00,51.887884914123525
2013-11-12 00:00:00-05:00,51.37156815088182
2013-11-13 00:00:00-05:00,51.18767390904996
2013-11-14 00:00:00-05:00,52.163749534224166
2013-11-15 00:00:00-05:00,52.27691436267846
2013-11-18 00:00:00-05:00,53.11152803548913
2013-11-19 00:00:00-05:00,52.22033063101812
2013-11-20 00:00:00-05:00,52.02228890093725
2013-11-21 00:00:00-05:00,51.57668337738648
2013-11-22 00:00:00-05:00,51.562541970339815
2013-11-25 00:00:00-05:00,51.654502602550686
2013-11-26 00:00:00-05:00,51.27254833092308
2013-11-27 00:00:00-05:00,51.35035548242003
2013-11-29 00:00:00-05:00,51.64033731226627
2013-12-02 00:00:00-05:00,51.55546395260112
2013-12-03 00:00:00-05:00,51.131086694318384
2013-12-04 00:00:00-05:00,51.1169411180486
2013-12-05 00:00:00-05:00,51.40693303323124
2013-12-06 00:00:00-05:00,52.24862105520768
2013-12-09 00:00:00-05:00,52.60934781153078
2013-12-10 00:00:00-05:00,52.92056345691283
2013-12-11 00:00:00-05:00,53.104469437533986
2013-12-12 00:00:00-05:00,52.29812468981639
2013-12-13 00:00:00-05:00,51.930329208446715
2013-12-16 00:00:00-05:00,51.95862536687845
2013-12-17 00:00:00-05:00,51.38571515115748
2013-12-18 00:00:00-05:00,51.49887934023621
2013-12-19 00:00:00-05:00,51.42815451296436
2013-12-20 00:00:00-05:00,51.60497458553366
2013-12-23 00:00:00-05:00,51.817165565973646
2013-12-24 00:00:00-05:00,52.19912436523525
2013-12-26 00:00:00-05:00,52.89226267299192
2013-12-27 00:00:00-05:00,53.19262277770638
2013-12-30 00:00:00-05:00,53.46189869837005
2013-12-31 00:00:00-05:00,53.44062551445122
2014-01-02 00:00:00-05:00,53.33434887078088
2014-01-03 00:00:00-05:00,52.668280341238685
2014-01-06 00:00:00-05:00,52.90210159193805
2014-01-07 00:00:00-05:00,52.42029201513182
2014-01-08 00:00:00-05:00,52.632859605827825
2014-01-09 00:00:00-05:00,52.91628633238094
2014-01-10 00:00:00-05:00,52.824172164234625
2014-01-13 00:00:00-05:00,52.32108372918025
2014-01-14 00:00:00-05:00,51.64085770927642
2014-01-15 00:00:00-05:00,53.02258586762022
2014-01-16 00:00:00-05:00,53.56110132138679
2014-01-17 00:00:00-05:00,53.71696899334863
2014-01-21 00:00:00-05:00,53.851593593925685
2014-01-22 00:00:00-05:00,53.738242490845096
2014-01-23 00:00:00-05:00,53.334345418045444
2014-01-24 00:00:00-05:00,52.037651229749386
2014-01-27 00:00:00-05:00,50.64175874973722
2014-01-28 00:00:00-05:00,50.82599830873651
2014-01-29 00:00:00-05:00,50.45754387103017
2014-01-30 00:00:00-05:00,51.10941804334518
2014-01-31 00:00:00-05:00,50.26622375922085
2014-02-03 00:00:00-05:00,50.011131486132754
2014-02-04 00:00:00-05:00,49.08997490326214
2014-02-05 00:00:00-05:00,48.997880462519845
2014-02-06 00:00:00-05:00,49.08998249576902
2014-02-07 00:00:00-05:00,50.82599248224556
2014-02-10 00:00:00-05:00,50.47170528797537
2014-02-11 00:00:00-05:00,50.811809287907145
2014-02-12 00:00:00-05:00,51.27947453457098
2014-02-13 00:00:00-05:00,50.64176468433203
2014-02-14 00:00:00-05:00,51.05982756953233
2014-02-18 00:00:00-05:00,51.54874931633711
2014-02-19 00:00:00-05:00,51.57000593670944
2014-02-20 00:00:00-05:00,51.55581751291946
2014-02-21 00:00:00-05:00,51.93846165633248
2014-02-24 00:00:00-05:00,51.421194608152774
2014-02-25 00:00:00-05:00,51.27948329090304
2014-02-26 00:00:00-05:00,51.63378104039328
2014-02-27 00:00:00-05:00,53.29891952465061
2014-02-28 00:00:00-05:00,54.24839823043598
2014-03-03 00:00:00-05:00,54.106678420550466
2014-03-04 00:00:00-05:00,55.00659010868508
2014-03-05 00:00:00-05:00,55.23332649828505
2014-03-06 00:00:00-05:00,55.119964080117626
2014-03-07 00:00:00-05:00,55.495488786691446
2014-03-10 00:00:00-04:00,59.47767065732482
2014-03-11 00:00:00-04:00,58.22349168526489
2014-03-12 00:00:00-04:00,57.16063282550489
2014-03-13 00:00:00-04:00,57.16772679118629
2014-03-14 00:00:00-04:00,56.79219638410798
2014-03-17 00:00:00-04:00,56.11905806763604
2014-03-18 00:00:00-04:00,56.388294461811945
2014-03-19 00:00:00-04:00,56.097785342561686
2014-03-20 00:00:00-04:00,55.16956129519361
2014-03-21 00:00:00-04:00,56.558360550584325
2014-03-24 00:00:00-04:00,56.32453551786465
2014-03-25 00:00:00-04:00,55.98442306774426
2014-03-26 00:00:00-04:00,55.630129160348545
2014-03-27 00:00:00-04:00,55.206883253058564
2014-03-28 00:00:00-04:00,54.83770822060634
2014-03-31 00:00:00-04:00,54.48982789512551
2014-04-01 00:00:00-04:00,54.80220703807258
2014-04-02 00:00:00-04:00,54.76669771783379
2014-04-03 00:00:00-04:00,55.71806400025137
2014-04-04 00:00:00-04:00,55.96654238159462
2014-04-07 00:00:00-04:00,54.37622554897782
2014-04-08 00:00:00-04:00,53.93605014905931
2014-04-09 00:00:00-04:00,54.42593120527339
2014-04-10 00:00:00-04:00,55.02230118874624
2014-04-11 00:00:00-04:00,53.4177577299142
2014-04-14 00:00:00-04:00,53.24737944501259
2014-04-15 00:00:00-04:00,53.34677924504997
2014-04-16 00:00:00-04:00,54.028329315440196
2014-04-17 00:00:00-04:00,54.34072728590395
2014-04-21 00:00:00-04:00,54.404603396996386
2014-04-22 00:00:00-04:00,54.51822369698007
2014-04-23 00:00:00-04:00,54.610521418138696
2014-04-24 00:00:00-04:00,54.717014773658455
2014-04-25 00:00:00-04:00,53.75854783118366
2014-04-28 00:00:00-04:00,54.02833557042541
2014-04-29 00:00:00-04:00,53.73724046838939
2014-04-30 00:00:00-04:00,54.12064271031891
2014-05-01 00:00:00-04:00,54.4827115841881
2014-05-02 00:00:00-04:00,54.41882068390444
2014-05-05 00:00:00-04:00,53.82955609410391
2014-05-06 00:00:00-04:00,54.15612428994746
2014-05-07 00:00:00-04:00,54.0780292382822
2014-05-08 00:00:00-04:00,51.96943782104881
2014-05-09 00:00:00-04:00,51.79905166828159
2014-05-12 00:00:00-04:00,51.97654514165013
2014-05-13 00:00:00-04:00,52.23211847949464
2014-05-14 00:00:00-04:00,51.749358965958024
2014-05-15 00:00:00-04:00,51.75645284102794
2014-05-16 00:00:00-04:00,51.117486538537584
2014-05-19 00:00:00-04:00,51.21688316955278
2014-05-20 00:00:00-04:00,51.9126403851871
2014-05-21 00:00:00-04:00,52.44512075517739
2014-05-22 00:00:00-04:00,52.75750810294536
2014-05-23 00:00:00-04:00,53.46036501897884
2014-05-27 00:00:00-04:00,54.04253498905498
2014-05-28 00:00:00-04:00,54.14193841656644
2014-05-29 00:00:00-04:00,54.504021217959334
2014-05-30 00:00:00-04:00,54.59632351497681
2014-06-02 00:00:00-04:00,54.40463287450556
2014-06-03 00:00:00-04:00,54.31232438577694
2014-06-04 00:00:00-04:00,54.16323286386303
2014-06-05 00:00:00-04:00,54.8093008051163
2014-06-06 00:00:00-04:00,55.505062324387794
2014-06-09 00:00:00-04:00,55.632867329489954
2014-06-10 00:00:00-04:00,55.18558594527726
2014-06-11 00:00:00-04:00,55.221071708591374
2014-06-12 00:00:00-04:00,55.284976717959815
2014-06-13 00:00:00-04:00,54.667301206197436
2014-06-16 00:00:00-04:00,54.75251334355183
2014-06-17 00:00:00-04:00,54.369129493859546
2014-06-18 00:00:00-04:00,53.95734377745278
2014-06-19 00:00:00-04:00,53.382271592109085
2014-06-20 00:00:00-04:00,53.09829046303268
2014-06-23 00:00:00-04:00,52.1256384258641
2014-06-24 00:00:00-04:00,50.40042392295935
2014-06-25 00:00:00-04:00,50.38623158176455
2014-06-26 00:00:00-04:00,50.030999742597196
2014-06-27 00:00:00-04:00,50.372505000315634
2014-06-30 00:00:00-04:00,50.35117592102343
2014-07-01 00:00:00-04:00,50.671330202765354
2014-07-02 00:00:00-04:00,50.39386263864409
2014-07-03 00:00:00-04:00,50.3796306085768
2014-07-07 00:00:00-04:00,50.61441576872545
2014-07-08 00:00:00-04:00,50.33694240458038
2014-07-09 00:00:00-04:00,49.95985260101681
2014-07-10 00:00:00-04:00,49.29108114023504
2014-07-11 00:00:00-04:00,49.26260807031715
2014-07-14 00:00:00-04:00,48.764576831914674
2014-07-15 00:00:00-04:00,49.95986007779893
2014-07-16 00:00:00-04:00,49.52586672069505
2014-07-17 00:00:00-04:00,49.00648371340191
2014-07-18 00:00:00-04:00,48.71478574211962
2014-07-21 00:00:00-04:00,49.14877559036641
2014-07-22 00:00:00-04:00,49.056276701670676
2014-07-23 00:00:00-04:00,48.94243837441146
2014-07-24 00:00:00-04:00,49.09186327426412
2014-07-25 00:00:00-04:00,48.65073871005857
2014-07-28 00:00:00-04:00,48.69343566894531
2014-07-29 00:00:00-04:00,48.785927601458674
2014-07-30 00:00:00-04:00,48.40884761635842
2014-07-31 00:00:00-04:00,47.63333995826494
2014-08-01 00:00:00-04:00,46.21037293037783
2014-08-04 00:00:00-04:00,46.601693590933
2014-08-05 00:00:00-04:00,46.48073411952478
2014-08-06 00:00:00-04:00,46.032523820554
2014-08-07 00:00:00-04:00,46.18904031433281
2014-08-08 00:00:00-04:00,45.89732581151929
2014-08-11 00:00:00-04:00,46.37402475897434
2014-08-12 00:00:00-04:00,46.13924397644476
2014-08-13 00:00:00-04:00,46.32422456572692
2014-08-14 00:00:00-04:00,46.23884385608059
2014-08-15 00:00:00-04:00,47.41277928030961
2014-08-18 00:00:00-04:00,47.24913787841797
2014-08-19 00:00:00-04:00,47.23490346652582
2014-08-20 00:00:00-04:00,47.19932861930302
2014-08-21 00:00:00-04:00,47.3629687458151
2014-08-22 00:00:00-04:00,46.850712215135665
2014-08-25 00:00:00-04:00,46.77954619495734
2014-08-26 00:00:00-04:00,46.75821401647363
2014-08-27 00:00:00-04:00,46.62304036307449
2014-08-28 00:00:00-04:00,46.67284152384432
2014-08-29 00:00:00-04:00,47.06415342396004
2014-09-02 00:00:00-04:00,47.14953696693879
2014-09-03 00:00:00-04:00,47.04280665733984
2014-09-04 00:00:00-04:00,46.77955941932125
2014-09-05 00:00:00-04:00,46.4878415166157
2014-09-08 00:00:00-04:00,46.67995465426818
2014-09-09 00:00:00-04:00,46.77244648742519
2014-09-10 00:00:00-04:00,45.54159752314567
2014-09-11 00:00:00-04:00,45.000864786191066
2014-09-12 00:00:00-04:00,45.29257848698732
2014-09-15 00:00:00-04:00,44.40323413963995
2014-09-16 00:00:00-04:00,45.09336174155269
2014-09-17 00:00:00-04:00,45.178737824956215
2014-09-18 00:00:00-04:00,43.670417718220726
2014-09-19 00:00:00-04:00,43.4213977859526
2014-09-22 00:00:00-04:00,43.236419654133556
2014-09-23 00:00:00-04:00,42.98029424648812
2014-09-24 00:00:00-04:00,42.688567743700446
2014-09-25 00:00:00-04:00,42.18342068569291
2014-09-26 00:00:00-04:00,41.46494295809357
2014-09-29 00:00:00-04:00,41.27948255113644
2014-09-30 00:00:00-04:00,40.922839434354906
2014-10-01 00:00:00-04:00,40.43778805357002
2014-10-02 00:00:00-04:00,40.01690962259128
2014-10-03 00:00:00-04:00,40.83722324559154
2014-10-06 00:00:00-04:00,40.81582874895691
2014-10-07 00:00:00-04:00,40.27371047847895
2014-10-08 00:00:00-04:00,39.282201740718065
2014-10-09 00:00:00-04:00,39.175204967298626
2014-10-10 00:00:00-04:00,38.055304197007096
2014-10-13 00:00:00-04:00,37.64871067864198
2014-10-14 00:00:00-04:00,36.72140527066127
2014-10-15 00:00:00-04:00,37.59879093089354
2014-10-16 00:00:00-04:00,38.57602107172599
2014-10-17 00:00:00-04:00,40.40923423093772
2014-10-20 00:00:00-04:00,40.18811398490906
2014-10-21 00:00:00-04:00,40.837222581890245
2014-10-22 00:00:00-04:00,42.51351502497135
2014-10-23 00:00:00-04:00,42.19252354169401
2014-10-24 00:00:00-04:00,41.46493626924405
2014-10-27 00:00:00-04:00,41.065485550293474
2014-10-28 00:00:00-04:00,40.73736138490453
2014-10-29 00:00:00-04:00,41.158213060915095
2014-10-30 00:00:00-04:00,39.58178647873158
2014-10-31 00:00:00-04:00,41.77166580087983
2014-11-03 00:00:00-05:00,41.00130109166853
2014-11-04 00:00:00-05:00,40.23090103687753
2014-11-05 00:00:00-05:00,39.98125181191726
2014-11-06 00:00:00-05:00,40.47342912448547
2014-11-07 00:00:00-05:00,40.83008903229736
2014-11-10 00:00:00-05:00,40.60896536424293
2014-11-11 00:00:00-05:00,40.51624799372207
2014-11-12 00:00:00-05:00,40.43062378860258
2014-11-13 00:00:00-05:00,40.58756962944846
2014-11-14 00:00:00-05:00,40.223779251950845
2014-11-17 00:00:00-05:00,40.3807048342192
2014-11-18 00:00:00-05:00,40.252308674759526
2014-11-19 00:00:00-05:00,40.51622805244534
2014-11-20 00:00:00-05:00,39.981264371334284
2014-11-21 00:00:00-05:00,40.58042801981609
2014-11-24 00:00:00-05:00,40.30224063036128
2014-11-25 00:00:00-05:00,40.516236215418424
2014-11-26 00:00:00-05:00,39.938452684661414
2014-11-28 00:00:00-05:00,39.54612807982119
2014-12-01 00:00:00-05:00,38.72582167660322
2014-12-02 00:00:00-05:00,38.23363756343319
2014-12-03 00:00:00-05:00,38.511827577421556
2014-12-04 00:00:00-05:00,39.14667802614366
2014-12-05 00:00:00-05:00,39.52473118171566
2014-12-08 00:00:00-05:00,40.58043372913266
2014-12-09 00:00:00-05:00,39.88138163095696
2014-12-10 00:00:00-05:00,39.9883935455393
2014-12-11 00:00:00-05:00,39.23940808347059
2014-12-12 00:00:00-05:00,39.54612553386606
2014-12-15 00:00:00-05:00,39.703056205149814
2014-12-16 00:00:00-05:00,39.09674328128884
2014-12-17 00:00:00-05:00,38.911290415615674
2014-12-18 00:00:00-05:00,41.16534314983351
2014-12-19 00:00:00-05:00,40.544769544504
2014-12-22 00:00:00-05:00,40.50196447589665
2014-12-23 00:00:00-05:00,40.373583543155284
2014-12-24 00:00:00-05:00,41.250965120549814
2014-12-26 00:00:00-05:00,41.34367814253499
2014-12-29 00:00:00-05:00,40.99400083478261
2014-12-30 00:00:00-05:00,41.1084193840695
2014-12-31 00:00:00-05:00,41.20138291842035
2015-01-02 00:00:00-05:00,40.822346667184924
2015-01-05 00:00:00-05:00,40.43614822311501
2015-01-06 00:00:00-05:00,39.9355349349366
2015-01-07 00:00:00-05:00,40.37178401066199
2015-01-08 00:00:00-05:00,40.68646790334536
2015-01-09 00:00:00-05:00,41.60904202892188
2015-01-12 00:00:00-05:00,41.83074487681313
2015-01-13 00:00:00-05:00,42.53161587140204
2015-01-14 00:00:00-05:00,41.88079961562773
2015-01-15 00:00:00-05:00,42.28846130555393
2015-01-16 00:00:00-05:00,41.566136863788564
2015-01-20 00:00:00-05:00,41.63050321921577
2015-01-21 00:00:00-05:00,41.265752362224134
2015-01-22 00:00:00-05:00,41.76638313101823
2015-01-23 00:00:00-05:00,42.510164430048306
2015-01-26 00:00:00-05:00,41.35156740666265
2015-01-27 00:00:00-05:00,41.044054383439295
2015-01-28 00:00:00-05:00,42.073909198583536
2015-01-29 00:00:00-05:00,40.986845142431335
2015-01-30 00:00:00-05:00,40.457596397783796
2015-02-02 00:00:00-05:00,41.423098715673675
2015-02-03 00:00:00-05:00,41.473154191791544
2015-02-04 00:00:00-05:00,42.41004584787894
2015-02-05 00:00:00-05:00,40.83665114813244
2015-02-06 00:00:00-05:00,44.23374128465107
2015-02-09 00:00:00-05:00,43.90476268114709
2015-02-10 00:00:00-05:00,44.047801102415825
2015-02-11 00:00:00-05:00,43.890448477869114
2015-02-12 00:00:00-05:00,44.391086471835585
2015-02-13 00:00:00-05:00,45.227842960646164
2015-02-17 00:00:00-05:00,45.27789405086591
2015-02-18 00:00:00-05:00,45.985930320654866
2015-02-19 00:00:00-05:00,45.42808715707757
2015-02-20 00:00:00-05:00,45.53536900015284
2015-02-23 00:00:00-05:00,45.64263781146892
2015-02-24 00:00:00-05:00,45.63550272855609
2015-02-25 00:00:00-05:00,45.757084380290216
2015-02-26 00:00:00-05:00,45.82858957403802
2015-02-27 00:00:00-05:00,45.49960526588903
2015-03-02 00:00:00-05:00,45.34941437712479
2015-03-03 00:00:00-05:00,45.95731953685886
2015-03-04 00:00:00-05:00,45.44239753777438
2015-03-05 00:00:00-05:00,45.25644744958816
2015-03-06 00:00:00-05:00,44.22659840947398
2015-03-09 00:00:00-04:00,43.81178645437216
2015-03-10 00:00:00-04:00,43.41128642702463
2015-03-11 00:00:00-04:00,42.867764015060274
2015-03-12 00:00:00-04:00,43.239645118482926
2015-03-13 00:00:00-04:00,43.12523290826133
2015-03-16 00:00:00-04:00,43.0536972773671
2015-03-17 00:00:00-04:00,42.681812636970285
2015-03-18 00:00:00-04:00,42.21693950303764
2015-03-19 00:00:00-04:00,42.15257591149571
2015-03-20 00:00:00-04:00,42.381435401009426
2015-03-23 00:00:00-04:00,42.69610884195951
2015-03-24 00:00:00-04:00,42.68897643833142
2015-03-25 00:00:00-04:00,42.23123987134661
2015-03-26 00:00:00-04:00,41.408777017174735
2015-03-27 00:00:00-04:00,41.32578986284222
2015-03-30 00:00:00-04:00,41.05322816823405
2015-03-31 00:00:00-04:00,41.311444229641886
2015-04-01 00:00:00-04:00,41.10345408192146
2015-04-02 00:00:00-04:00,40.71614530567846
2015-04-06 00:00:00-04:00,40.55119535627195
2015-04-07 00:00:00-04:00,41.03173170622148
2015-04-08 00:00:00-04:00,41.24689442402596
2015-04-09 00:00:00-04:00,41.16798494340447
2015-04-10 00:00:00-04:00,41.28275664383524
2015-04-13 00:00:00-04:00,41.756112100838365
2015-04-14 00:00:00-04:00,41.806322119461456
2015-04-15 00:00:00-04:00,42.11471909525453
2015-04-16 00:00:00-04:00,42.6741426624514
2015-04-17 00:00:00-04:00,41.99997200710606
2015-04-20 00:00:00-04:00,41.698735227269495
2015-04-21 00:00:00-04:00,41.670041416147804
2015-04-22 00:00:00-04:00,41.56963666150242
2015-04-23 00:00:00-04:00,41.70589958449419
2015-04-24 00:00:00-04:00,42.06450774887115
2015-04-27 00:00:00-04:00,42.172097310132564
2015-04-28 00:00:00-04:00,42.24381614180718
2015-04-29 00:00:00-04:00,42.18643309693269
2015-04-30 00:00:00-04:00,42.83909564625933
2015-05-01 00:00:00-04:00,42.73868913302711
2015-05-04 00:00:00-04:00,43.197705498502565
2015-05-05 00:00:00-04:00,43.43439032339168
2015-05-06 00:00:00-04:00,42.79606422605156
2015-05-07 00:00:00-04:00,42.530707660255686
2015-05-08 00:00:00-04:00,43.032741430146935
2015-05-11 00:00:00-04:00,42.588069002895224
2015-05-12 00:00:00-04:00,43.08295403663912
2015-05-13 00:00:00-04:00,41.44054178592146
2015-05-14 00:00:00-04:00,42.45180185379252
2015-05-15 00:00:00-04:00,41.713077317399794
2015-05-18 00:00:00-04:00,41.81349306437669
2015-05-19 00:00:00-04:00,41.27558342661583
2015-05-20 00:00:00-04:00,41.2397224027274
2015-05-21 00:00:00-04:00,41.02455383186762
2015-05-22 00:00:00-04:00,41.43336205178743
2015-05-26 00:00:00-04:00,41.55529409044058
2015-05-27 00:00:00-04:00,41.41184478647163
2015-05-28 00:00:00-04:00,41.41185086408747
2015-05-29 00:00:00-04:00,41.476399294248864
2015-06-01 00:00:00-04:00,41.09627254194923
2015-06-02 00:00:00-04:00,40.522513764594784
2015-06-03 00:00:00-04:00,40.60857651327286
2015-06-04 00:00:00-04:00,40.945659490283546
2015-06-05 00:00:00-04:00,40.436439439514864
2015-06-08 00:00:00-04:00,40.09933819380295
2015-06-09 00:00:00-04:00,39.920047744707766
2015-06-10 00:00:00-04:00,39.90569292013727
2015-06-11 00:00:00-04:00,39.927223850670714
2015-06-12 00:00:00-04:00,39.72640270774547
2015-06-15 00:00:00-04:00,39.28172286802058
2015-06-16 00:00:00-04:00,39.310421842162675
2015-06-17 00:00:00-04:00,39.81246416146362
2015-06-18 00:00:00-04:00,40.05632113551813
2015-06-19 00:00:00-04:00,39.90570561246107
2015-06-22 00:00:00-04:00,39.57578183575725
2015-06-23 00:00:00-04:00,39.618825893526505
2015-06-24 00:00:00-04:00,39.417998027457216
2015-06-25 00:00:00-04:00,38.55017336660928
2015-06-26 00:00:00-04:00,38.295970974403104
2015-06-29 00:00:00-04:00,38.14487975509444
2015-06-30 00:00:00-04:00,37.5621473922535
2015-07-01 00:00:00-04:00,37.943453557411736
2015-07-02 00:00:00-04:00,37.38227767734447
2015-07-06 00:00:00-04:00,36.48298347840709
2015-07-07 00:00:00-04:00,36.188004604235736
2015-07-08 00:00:00-04:00,35.64842119548974
2015-07-09 00:00:00-04:00,35.511730859039154
2015-07-10 00:00:00-04:00,35.389419213211404
2015-07-13 00:00:00-04:00,35.82108480138104
2015-07-14 00:00:00-04:00,36.00814166390393
2015-07-15 00:00:00-04:00,36.396650196862694
2015-07-16 00:00:00-04:00,36.267156237939815
2015-07-17 00:00:00-04:00,36.00814738034926
2015-07-20 00:00:00-04:00,35.72754991001225
2015-07-21 00:00:00-04:00,35.61244629111352
2015-07-22 00:00:00-04:00,35.195169836158236
2015-07-23 00:00:00-04:00,35.3246707679517
2015-07-24 00:00:00-04:00,35.051295273587755
2015-07-27 00:00:00-04:00,34.11599671138733
2015-07-28 00:00:00-04:00,34.09442996717911
2015-07-29 00:00:00-04:00,34.85703233321714
2015-07-30 00:00:00-04:00,34.61242555255439
2015-07-31 00:00:00-04:00,34.96494849551234
2015-08-03 00:00:00-04:00,34.92899107994089
2015-08-04 00:00:00-04:00,34.83544680903326
2015-08-05 00:00:00-04:00,35.24552648297886
2015-08-06 00:00:00-04:00,34.79227088791349
2015-08-07 00:00:00-04:00,35.173584793235655
2015-08-10 00:00:00-04:00,34.33183893540276
2015-08-11 00:00:00-04:00,34.986540272882166
2015-08-12 00:00:00-04:00,34.33182936717215
2015-08-13 00:00:00-04:00,33.95774281436151
2015-08-14 00:00:00-04:00,33.461308762403284
2015-08-17 00:00:00-04:00,33.87859701286801
2015-08-18 00:00:00-04:00,34.23831203480512
2015-08-19 00:00:00-04:00,33.90017849142757
2015-08-20 00:00:00-04:00,33.5692373542693
2015-08-21 00:00:00-04:00,32.74186136797927
2015-08-24 00:00:00-04:00,30.75620884020598
2015-08-25 00:00:00-04:00,31.885735870680058
2015-08-26 00:00:00-04:00,29.461207740689034
2015-08-27 00:00:00-04:00,29.48998740999944
2015-08-28 00:00:00-04:00,29.979210584171245
2015-08-31 00:00:00-04:00,30.446849154382832
2015-09-01 00:00:00-04:00,29.684238420097557
2015-09-02 00:00:00-04:00,29.612284655340037
2015-09-03 00:00:00-04:00,30.20223769104504
2015-09-04 00:00:00-04:00,30.02237508001044
2015-09-08 00:00:00-04:00,30.367711063176944
2015-09-09 00:00:00-04:00,30.69865247445383
2015-09-10 00:00:00-04:00,29.641072297109666
2015-09-11 00:00:00-04:00,29.626675858839057
2015-09-14 00:00:00-04:00,29.856899068054066
2015-09-15 00:00:00-04:00,29.14465837253683
2015-09-16 00:00:00-04:00,29.015147560400468
2015-09-17 00:00:00-04:00,28.914425936041727
2015-09-18 00:00:00-04:00,27.885626226180264
2015-09-21 00:00:00-04:00,27.281299750738278
2015-09-22 00:00:00-04:00,26.583431526238446
2015-09-23 00:00:00-04:00,26.91437713771821
2015-09-24 00:00:00-04:00,25.720105642308685
2015-09-25 00:00:00-04:00,25.396351689922774
2015-09-28 00:00:00-04:00,24.47033086686357
2015-09-29 00:00:00-04:00,23.848632115808616
2015-09-30 00:00:00-04:00,24.036588669232064
2015-10-01 00:00:00-04:00,24.578764409724627
2015-10-02 00:00:00-04:00,24.145021165944677
2015-10-05 00:00:00-04:00,25.511307031739474
2015-10-06 00:00:00-04:00,25.887219646924695
2015-10-07 00:00:00-04:00,26.11854970999327
2015-10-08 00:00:00-04:00,26.89929388438792
2015-10-09 00:00:00-04:00,28.02701412095044
2015-10-12 00:00:00-04:00,27.752315122256636
2015-10-13 00:00:00-04:00,25.164320443144202
2015-10-14 00:00:00-04:00,26.16192502107035
2015-10-15 00:00:00-04:00,27.83183476356179
2015-10-16 00:00:00-04:00,27.629426242388572
2015-10-19 00:00:00-04:00,26.986032370428404
2015-10-20 00:00:00-04:00,27.043868512356575
2015-10-21 00:00:00-04:00,27.195678320734455
2015-10-22 00:00:00-04:00,26.646276409395607
2015-10-23 00:00:00-04:00,27.28242977500736
2015-10-26 00:00:00-04:00,27.029407962664163
2015-10-27 00:00:00-04:00,26.957116982446546
2015-10-28 00:00:00-04:00,26.34265093635443
2015-10-29 00:00:00-04:00,26.790844986734857
2015-10-30 00:00:00-04:00,28.858363654644695
2015-11-02 00:00:00-05:00,29.48729596960118
2015-11-03 00:00:00-05:00,29.68969350497051
2015-11-04 00:00:00-05:00,29.928256739539574
2015-11-05 00:00:00-05:00,29.892106521118766
2015-11-06 00:00:00-05:00,29.754761376549748
2015-11-09 00:00:00-05:00,29.545120739619435
2015-11-10 00:00:00-05:00,29.227041747342252
2015-11-11 00:00:00-05:00,29.067997553971335
2015-11-12 00:00:00-05:00,28.388465823240928
2015-11-13 00:00:00-05:00,28.721008676892815
2015-11-16 00:00:00-05:00,29.328248104275183
2015-11-17 00:00:00-05:00,30.043922831963254
2015-11-18 00:00:00-05:00,30.398151186584354
2015-11-19 00:00:00-05:00,30.99816057103055
2015-11-20 00:00:00-05:00,30.8824922901588
2015-11-23 00:00:00-05:00,30.23910852899711
2015-11-24 00:00:00-05:00,30.210199596560578
2015-11-25 00:00:00-05:00,30.74513881935095
2015-11-27 00:00:00-05:00,30.795742902861104
2015-11-30 00:00:00-05:00,30.6222418076816
2015-12-01 00:00:00-05:00,31.2078018582692
2015-12-02 00:00:00-05:00,30.25356955520855
2015-12-03 00:00:00-05:00,29.870425585824172
2015-12-04 00:00:00-05:00,30.311401714826854
2015-12-07 00:00:00-05:00,30.43429349888603
2015-12-08 00:00:00-05:00,29.63186525701955
2015-12-09 00:00:00-05:00,29.183665723624806
2015-12-10 00:00:00-05:00,29.118605279977913
2015-12-11 00:00:00-05:00,27.867980027577957
2015-12-14 00:00:00-05:00,27.45592421817341
2015-12-15 00:00:00-05:00,27.108925798805735
2015-12-16 00:00:00-05:00,27.49929213121147
2015-12-17 00:00:00-05:00,27.91858950011009
2015-12-18 00:00:00-05:00,27.000488908985563
2015-12-21 00:00:00-05:00,27.629419455245706
2015-12-22 00:00:00-05:00,27.795701150800102
2015-12-23 00:00:00-05:00,28.69209748503096
2015-12-24 00:00:00-05:00,29.530669456741776
2015-12-28 00:00:00-05:00,29.14029067382194
2015-12-29 00:00:00-05:00,29.11602513812805
2015-12-30 00:00:00-05:00,29.15232165030855
2015-12-31 00:00:00-05:00,28.665967880091625
2016-01-04 00:00:00-05:00,27.446446820865425
2016-01-05 00:00:00-05:00,27.61339857898285
2016-01-06 00:00:00-05:00,26.77861202258996
2016-01-07 00:00:00-05:00,25.769603225697498
2016-01-08 00:00:00-05:00,26.089004606407993
2016-01-11 00:00:00-05:00,25.994637273039032
2016-01-12 00:00:00-05:00,25.907528628852234
2016-01-13 00:00:00-05:00,25.842198447995
2016-01-14 00:00:00-05:00,25.014663980528844
2016-01-15 00:00:00-05:00,24.86948574073796
2016-01-19 00:00:00-05:00,25.747831541246267
2016-01-20 00:00:00-05:00,24.9203015205178
2016-01-21 00:00:00-05:00,25.109037893423977
2016-01-22 00:00:00-05:00,25.87123497438945
2016-01-25 00:00:00-05:00,25.34132159263024
2016-01-26 00:00:00-05:00,24.658975028891454
2016-01-27 00:00:00-05:00,25.094514150053485
2016-01-28 00:00:00-05:00,25.479246043522362
2016-01-29 00:00:00-05:00,25.29776802018013
2016-02-01 00:00:00-05:00,25.588131053086038
2016-02-02 00:00:00-05:00,25.55909598882806
2016-02-03 00:00:00-05:00,25.41391496651762
2016-02-04 00:00:00-05:00,26.328558403441665
2016-02-05 00:00:00-05:00,27.199644889343247
2016-02-08 00:00:00-05:00,26.51728855521685
2016-02-09 00:00:00-05:00,25.07999875187281
2016-02-10 00:00:00-05:00,25.283253346227895
2016-02-11 00:00:00-05:00,24.332312528448988
2016-02-12 00:00:00-05:00,24.332315088617932
2016-02-16 00:00:00-05:00,25.48650397770116
2016-02-17 00:00:00-05:00,27.039936547438522
2016-02-18 00:00:00-05:00,27.6497014296813
2016-02-19 00:00:00-05:00,26.807652086373324
2016-02-22 00:00:00-05:00,26.357591472520575
2016-02-23 00:00:00-05:00,27.199638724137312
2016-02-24 00:00:00-05:00,26.161594078725013
2016-02-25 00:00:00-05:00,26.8874990736159
2016-02-26 00:00:00-05:00,27.4028937127839
2016-02-29 00:00:00-05:00,27.577112414455442
2016-03-01 00:00:00-05:00,27.664221008925963
2016-03-02 00:00:00-05:00,27.43192852323459
2016-03-03 00:00:00-05:00,27.424668605030014
2016-03-04 00:00:00-05:00,28.15781964372573
2016-03-07 00:00:00-05:00,29.406400362393118
2016-03-08 00:00:00-05:00,29.30476141539399
2016-03-09 00:00:00-05:00,28.295752415298413
2016-03-10 00:00:00-05:00,28.38286184327986
2016-03-11 00:00:00-05:00,28.890998622605366
2016-03-14 00:00:00-04:00,28.99261378996936
2016-03-15 00:00:00-04:00,28.79663401958122
2016-03-16 00:00:00-04:00,28.353825340024045
2016-03-17 00:00:00-04:00,29.23942842987437
2016-03-18 00:00:00-04:00,30.161329435308524
2016-03-21 00:00:00-04:00,29.69674827079659
2016-03-22 00:00:00-04:00,29.70401000377961
2016-03-23 00:00:00-04:00,30.081476779146033
2016-03-24 00:00:00-04:00,29.769341572711173
2016-03-28 00:00:00-04:00,29.478969677770426
2016-03-29 00:00:00-04:00,29.474631130031405
2016-03-30 00:00:00-04:00,30.290942387856045
2016-03-31 00:00:00-04:00,30.086859008540692
2016-04-01 00:00:00-04:00,29.08833723492021
2016-04-04 00:00:00-04:00,29.22681969593446
2016-04-05 00:00:00-04:00,28.293891441805634
2016-04-06 00:00:00-04:00,27.725398425865187
2016-04-07 00:00:00-04:00,27.484867407271313
2016-04-08 00:00:00-04:00,27.258930179764352
2016-04-11 00:00:00-04:00,27.499449445963
2016-04-12 00:00:00-04:00,27.3536799473582
2016-04-13 00:00:00-04:00,28.067945540690328
2016-04-14 00:00:00-04:00,28.9935829938778
2016-04-15 00:00:00-04:00,28.90612904835195
2016-04-18 00:00:00-04:00,29.044607330163014
2016-04-19 00:00:00-04:00,29.372599830985497
2016-04-20 00:00:00-04:00,30.46585513138266
2016-04-21 00:00:00-04:00,30.903167553869984
2016-04-22 00:00:00-04:00,31.340481099402226
2016-04-25 00:00:00-04:00,31.202004370708984
2016-04-26 00:00:00-04:00,31.1655558849639
2016-04-27 00:00:00-04:00,31.486250179768327
2016-04-28 00:00:00-04:00,31.719484329223633
2016-04-29 00:00:00-04:00,31.551840246237255
2016-05-02 00:00:00-04:00,31.522690040761812
2016-05-03 00:00:00-04:00,31.7923605895393
2016-05-04 00:00:00-04:00,34.32875946408028
2016-05-05 00:00:00-04:00,34.9264142193936
2016-05-06 00:00:00-04:00,34.61301540477669
2016-05-09 00:00:00-04:00,34.77335622133302
2016-05-10 00:00:00-04:00,34.10281062834197
2016-05-11 00:00:00-04:00,34.365195109153575
2016-05-12 00:00:00-04:00,35.02845550950042
2016-05-13 00:00:00-04:00,34.24858440343069
2016-05-16 00:00:00-04:00,33.72380933154198
2016-05-17 00:00:00-04:00,34.21213879981743
2016-05-18 00:00:00-04:00,34.12468688829971
2016-05-19 00:00:00-04:00,33.08971191632069
2016-05-20 00:00:00-04:00,33.6071933533431
2016-05-23 00:00:00-04:00,33.8914501608789
2016-05-24 00:00:00-04:00,34.87539480695998
2016-05-25 00:00:00-04:00,34.642154119964374
2016-05-26 00:00:00-04:00,35.40745450820386
2016-05-27 00:00:00-04:00,34.83166239987546
2016-05-31 00:00:00-04:00,35.123201243568666
2016-06-01 00:00:00-04:00,34.613009993381674
2016-06-02 00:00:00-04:00,34.613007918856674
2016-06-03 00:00:00-04:00,35.05761056451294
2016-06-06 00:00:00-04:00,35.750014746032726
2016-06-07 00:00:00-04:00,36.25292962698759
2016-06-08 00:00:00-04:00,36.471568932271516
2016-06-09 00:00:00-04:00,36.41327310847665
2016-06-10 00:00:00-04:00,36.15087425343015
2016-06-13 00:00:00-04:00,36.07799342902543
2016-06-14 00:00:00-04:00,35.0940474835076
2016-06-15 00:00:00-04:00,35.312706963262556
2016-06-16 00:00:00-04:00,35.08675702371719
2016-06-17 00:00:00-04:00,35.859342920491144
2016-06-20 00:00:00-04:00,35.68440942935251
2016-06-21 00:00:00-04:00,35.43659932139658
2016-06-22 00:00:00-04:00,35.334574908145306
2016-06-23 00:00:00-04:00,35.873919109061966
2016-06-24 00:00:00-04:00,34.634888393762225
2016-06-27 00:00:00-04:00,32.572234624327166
2016-06-28 00:00:00-04:00,31.426875171860686
2016-06-29 00:00:00-04:00,32.51713967303829
2016-06-30 00:00:00-04:00,33.300053504108185
2016-07-01 00:00:00-04:00,33.81225715832367
2016-07-05 00:00:00-04:00,33.468345272881116
2016-07-06 00:00:00-04:00,32.531758685612715
2016-07-07 00:00:00-04:00,32.52445124542787
2016-07-08 00:00:00-04:00,33.24152527027743
2016-07-11 00:00:00-04:00,34.170800818701956
2016-07-12 00:00:00-04:00,34.39030384863854
2016-07-13 00:00:00-04:00,35.33420944213867
2016-07-14 00:00:00-04:00,35.795194285288154
2016-07-15 00:00:00-04:00,35.66347665075897
2016-07-18 00:00:00-04:00,35.60494426736799
2016-07-19 00:00:00-04:00,35.714700706034456
2016-07-20 00:00:00-04:00,35.451283758051055
2016-07-21 00:00:00-04:00,35.53177757476802
2016-07-22 00:00:00-04:00,35.019581715999884
2016-07-25 00:00:00-04:00,35.20981773639881
2016-07-26 00:00:00-04:00,35.173233224506546
2016-07-27 00:00:00-04:00,35.685425365630614
2016-07-28 00:00:00-04:00,35.15128661119124
2016-07-29 00:00:00-04:00,34.96836014135293
2016-08-01 00:00:00-04:00,34.74884228976786
2016-08-02 00:00:00-04:00,34.57322253863828
2016-08-03 00:00:00-04:00,34.017136205822524
2016-08-04 00:00:00-04:00,35.23177277444354
2016-08-05 00:00:00-04:00,35.70006824915674
2016-08-08 00:00:00-04:00,35.400066946336835
2016-08-09 00:00:00-04:00,35.56103656059015
2016-08-10 00:00:00-04:00,35.239094741617926
2016-08-11 00:00:00-04:00,35.136649605064875
2016-08-12 00:00:00-04:00,35.2025000745287
2016-08-15 00:00:00-04:00,35.08543103525015
2016-08-16 00:00:00-04:00,35.436643163383394
2016-08-17 00:00:00-04:00,34.770795424389895
2016-08-18 00:00:00-04:00,34.456163978814736
2016-08-19 00:00:00-04:00,34.57323153909932
2016-08-22 00:00:00-04:00,34.822015697419815
2016-08-23 00:00:00-04:00,35.158609195248594
2016-08-24 00:00:00-04:00,35.136651434967774
2016-08-25 00:00:00-04:00,34.39763324556369
2016-08-26 00:00:00-04:00,34.77078849257316
2016-08-29 00:00:00-04:00,34.03177458143171
2016-08-30 00:00:00-04:00,34.56591103347972
2016-08-31 00:00:00-04:00,34.500063134474104
2016-09-01 00:00:00-04:00,34.39031040275835
2016-09-02 00:00:00-04:00,34.54396678551261
2016-09-06 00:00:00-04:00,34.82201821545608
2016-09-07 00:00:00-04:00,34.0098168180754
2016-09-08 00:00:00-04:00,34.32444273378781
2016-09-09 00:00:00-04:00,34.3756725927109
2016-09-12 00:00:00-04:00,32.582993168154744
2016-09-13 00:00:00-04:00,33.24883862561243
2016-09-14 00:00:00-04:00,32.985421053540094
2016-09-15 00:00:00-04:00,33.746399509106375
2016-09-16 00:00:00-04:00,34.3464099589998
2016-09-19 00:00:00-04:00,35.3268939030502
2016-09-20 00:00:00-04:00,35.19518939299265
2016-09-21 00:00:00-04:00,34.99761887389704
2016-09-22 00:00:00-04:00,35.79518555513211
2016-09-23 00:00:00-04:00,35.57567827490213
2016-09-26 00:00:00-04:00,35.49519089887691
2016-09-27 00:00:00-04:00,34.97567307369307
2016-09-28 00:00:00-04:00,35.39647336448427
2016-09-29 00:00:00-04:00,35.440526244032085
2016-09-30 00:00:00-04:00,35.6534482613454
2016-10-03 00:00:00-04:00,35.39647346700482
2016-10-04 00:00:00-04:00,35.30836523095182
2016-10-05 00:00:00-04:00,35.01468242934326
2016-10-06 00:00:00-04:00,34.94126320669647
2016-10-07 00:00:00-04:00,35.45520373821092
2016-10-10 00:00:00-04:00,35.41849791149054
2016-10-11 00:00:00-04:00,34.853143791770066
2016-10-12 00:00:00-04:00,34.69161906319041
2016-10-13 00:00:00-04:00,34.06753736965452
2016-10-14 00:00:00-04:00,34.37590807749206
2016-10-17 00:00:00-04:00,34.948604440396444
2016-10-18 00:00:00-04:00,34.50806985126366
2016-10-19 00:00:00-04:00,34.79441014099322
2016-10-20 00:00:00-04:00,34.94859831830163
2016-10-21 00:00:00-04:00,34.90454897854216
2016-10-24 00:00:00-04:00,35.08075837822911
2016-10-25 00:00:00-04:00,35.058726313202875
2016-10-26 00:00:00-04:00,34.54478682818451
2016-10-27 00:00:00-04:00,34.787069914025565
2016-10-28 00:00:00-04:00,34.552116079305165
2016-10-31 00:00:00-04:00,34.79440623024768
2016-11-01 00:00:00-04:00,34.68429000461849
2016-11-02 00:00:00-04:00,34.500722389322235
2016-11-03 00:00:00-04:00,35.51394327067593
2016-11-04 00:00:00-04:00,37.53302915793217
2016-11-07 00:00:00-05:00,39.23640554355866
2016-11-08 00:00:00-05:00,39.067547356018295
2016-11-09 00:00:00-05:00,38.553606146355044
2016-11-10 00:00:00-05:00,40.75624678398863
2016-11-11 00:00:00-05:00,39.61819586618875
2016-11-14 00:00:00-05:00,38.693093200995364
2016-11-15 00:00:00-05:00,39.08956247263285
2016-11-16 00:00:00-05:00,39.66959114857231
2016-11-17 00:00:00-05:00,39.46400997943508
2016-11-18 00:00:00-05:00,39.40527730871878
2016-11-21 00:00:00-05:00,40.84433158204227
2016-11-22 00:00:00-05:00,40.19087682254025
2016-11-23 00:00:00-05:00,39.999987399174714
2016-11-25 00:00:00-05:00,40.59470756360445
2016-11-28 00:00:00-05:00,40.829641377765974
2016-11-29 00:00:00-05:00,40.30102190981094
2016-11-30 00:00:00-05:00,40.506598987799485
2016-12-01 00:00:00-05:00,41.55653021555991
2016-12-02 00:00:00-05:00,41.292204449479826
2016-12-05 00:00:00-05:00,41.879579939183564
2016-12-06 00:00:00-05:00,41.57121940898199
2016-12-07 00:00:00-05:00,41.681332037198054
2016-12-08 00:00:00-05:00,42.87075803336336
2016-12-09 00:00:00-05:00,43.303962005008415
2016-12-12 00:00:00-05:00,43.6857468754955
2016-12-13 00:00:00-05:00,43.3553321499749
2016-12-14 00:00:00-05:00,42.4375798845598
2016-12-15 00:00:00-05:00,41.90895012335797
2016-12-16 00:00:00-05:00,42.767986194057976
2016-12-19 00:00:00-05:00,42.09983163863849
2016-12-20 00:00:00-05:00,42.04111022168057
2016-12-21 00:00:00-05:00,41.93831397662129
2016-12-22 00:00:00-05:00,41.87957677708613
2016-12-23 00:00:00-05:00,41.8208431397463
2016-12-27 00:00:00-05:00,41.762092420599565
2016-12-28 00:00:00-05:00,42.471742936613694
2016-12-29 00:00:00-05:00,41.82375942157415
2016-12-30 00:00:00-05:00,41.934213089561105
2017-01-03 00:00:00-05:00,42.140390047644644
2017-01-04 00:00:00-05:00,42.22139155195348
2017-01-05 00:00:00-05:00,42.74417652627046
2017-01-06 00:00:00-05:00,43.05344030115393
2017-01-09 00:00:00-05:00,42.9209061157113
2017-01-10 00:00:00-05:00,42.773628971383765
2017-01-11 00:00:00-05:00,42.57483186589141
2017-01-12 00:00:00-05:00,43.384788590832954
2017-01-13 00:00:00-05:00,43.708778160135736
2017-01-17 00:00:00-05:00,43.66460432453257
2017-01-18 00:00:00-05:00,43.31851474946423
2017-01-19 00:00:00-05:00,43.64249146330138
2017-01-20 00:00:00-05:00,43.89285636654684
2017-01-23 00:00:00-05:00,44.19475767620601
2017-01-24 00:00:00-05:00,44.87219056834622
2017-01-25 00:00:00-05:00,45.652695359353245
2017-01-26 00:00:00-05:00,46.02822960817201
2017-01-27 00:00:00-05:00,45.733704505368735
2017-01-30 00:00:00-05:00,45.350805081143626
2017-01-31 00:00:00-05:00,44.50402411982371
2017-02-01 00:00:00-05:00,44.45983591054183
2017-02-02 00:00:00-05:00,44.62919936422813
2017-02-03 00:00:00-05:00,44.66600499432553
2017-02-06 00:00:00-05:00,44.400932936936
2017-02-07 00:00:00-05:00,42.94299258502115
2017-02-08 00:00:00-05:00,42.75888764475628
2017-02-09 00:00:00-05:00,42.412826026063975
2017-02-10 00:00:00-05:00,42.45701146358777
2017-02-13 00:00:00-05:00,42.82518471145003
2017-02-14 00:00:00-05:00,43.009256775468884
2017-02-15 00:00:00-05:00,42.51591999864845
2017-02-16 00:00:00-05:00,42.6558216264133
2017-02-17 00:00:00-05:00,42.70735785362993
2017-02-21 00:00:00-05:00,42.97244384144552
2017-02-22 00:00:00-05:00,42.434915466381156
2017-02-23 00:00:00-05:00,43.31852931203018
2017-02-24 00:00:00-05:00,42.398105528546616
2017-02-27 00:00:00-05:00,42.78098550413042
2017-02-28 00:00:00-05:00,42.30973506988203
2017-03-01 00:00:00-05:00,42.994533878885264
2017-03-02 00:00:00-05:00,43.473149977589095
2017-03-03 00:00:00-05:00,43.841333532002146
2017-03-06 00:00:00-05:00,43.4215996544895
2017-03-07 00:00:00-05:00,43.4657861269786
2017-03-08 00:00:00-05:00,43.48051321675629
2017-03-09 00:00:00-05:00,43.06816540309267
2017-03-10 00:00:00-05:00,43.716141863565106
2017-03-13 00:00:00-04:00,44.305210883288154
2017-03-14 00:00:00-04:00,44.07695292642883
2017-03-15 00:00:00-04:00,44.19476469292875
2017-03-16 00:00:00-04:00,44.61446534908428
2017-03-17 00:00:00-04:00,44.61446999935204
2017-03-20 00:00:00-04:00,45.063641275405125
2017-03-21 00:00:00-04:00,45.181451475964984
2017-03-22 00:00:00-04:00,43.811871242903024
2017-03-23 00:00:00-04:00,44.62183759952591
2017-03-24 00:00:00-04:00,45.350802262274065
2017-03-27 00:00:00-04:00,44.445108750458694
2017-03-28 00:00:00-04:00,45.0857162893647
2017-03-29 00:00:00-04:00,45.405739104536664
2017-03-30 00:00:00-04:00,45.221164438523985
2017-03-31 00:00:00-04:00,45.40574174532742
2017-04-03 00:00:00-04:00,52.41962448192809
2017-04-04 00:00:00-04:00,52.13169624202984
2017-04-05 00:00:00-04:00,52.862609624220816
2017-04-06 00:00:00-04:00,53.135786230961536
2017-04-07 00:00:00-04:00,53.58615337901363
2017-04-10 00:00:00-04:00,55.44666788397685
2017-04-11 00:00:00-04:00,55.46144488973539
2017-04-12 00:00:00-04:00,55.306398892045685
2017-04-13 00:00:00-04:00,53.72643150837004
2017-04-17 00:00:00-04:00,53.6599950101771
2017-04-18 00:00:00-04:00,53.94792350270306
2017-04-19 00:00:00-04:00,54.54595450675723
2017-04-20 00:00:00-04:00,54.41306050088466
2017-04-21 00:00:00-04:00,54.30969114997904
2017-04-24 00:00:00-04:00,54.08081961919241
2017-04-25 00:00:00-04:00,54.40567327726803
2017-04-26 00:00:00-04:00,54.33184658729558
2017-04-27 00:00:00-04:00,53.89624225141617
2017-04-28 00:00:00-04:00,54.442592335869556
2017-05-01 00:00:00-04:00,54.154653624983055
2017-05-02 00:00:00-04:00,54.16203156021261
2017-05-03 00:00:00-04:00,54.36136813453943
2017-05-04 00:00:00-04:00,52.486088660332946
2017-05-05 00:00:00-04:00,52.33104541050089
2017-05-08 00:00:00-04:00,53.504944154285404
2017-05-09 00:00:00-04:00,53.85932324825393
2017-05-10 00:00:00-04:00,53.73381744745762
2017-05-11 00:00:00-04:00,54.59762780715277
2017-05-12 00:00:00-04:00,53.80764005750992
2017-05-15 00:00:00-04:00,54.686219562637184
2017-05-16 00:00:00-04:00,55.4983667718575
2017-05-17 00:00:00-04:00,55.86751834698704
2017-05-18 00:00:00-04:00,52.78140906329339
2017-05-19 00:00:00-04:00,53.80764416661459
2017-05-22 00:00:00-04:00,55.15874948048425
2017-05-23 00:00:00-04:00,55.15136293051601
2017-05-24 00:00:00-04:00,55.25472214580202
2017-05-25 00:00:00-04:00,55.358083699447626
2017-05-26 00:00:00-04:00,55.57957317096249
2017-05-30 00:00:00-04:00,55.527898847457834
2017-05-31 00:00:00-04:00,55.32116368634663
2017-06-01 00:00:00-04:00,55.70508192302954
2017-06-02 00:00:00-04:00,56.125928248133185
2017-06-05 00:00:00-04:00,56.20715590925868
2017-06-06 00:00:00-04:00,55.82323071859831
2017-06-07 00:00:00-04:00,56.251426696777344
2017-06-08 00:00:00-04:00,56.25143828284728
2017-06-09 00:00:00-04:00,56.303110668831806
2017-06-12 00:00:00-04:00,56.43600779002648
2017-06-13 00:00:00-04:00,55.77890960396952
2017-06-14 00:00:00-04:00,56.78301848056983
2017-06-15 00:00:00-04:00,55.37285683650101
2017-06-16 00:00:00-04:00,56.11854256828926
2017-06-19 00:00:00-04:00,56.45815344849379
2017-06-20 00:00:00-04:00,55.55742398354033
2017-06-21 00:00:00-04:00,56.03733018000106
2017-06-22 00:00:00-04:00,55.81583591120151
2017-06-23 00:00:00-04:00,54.64931549668923
2017-06-26 00:00:00-04:00,55.50574970268227
2017-06-27 00:00:00-04:00,55.48360747507345
2017-06-28 00:00:00-04:00,54.971207072822494
2017-06-29 00:00:00-04:00,55.50397514435894
2017-06-30 00:00:00-04:00,53.73548486610748
2017-07-03 00:00:00-04:00,54.47544843790642
2017-07-05 00:00:00-04:00,54.49763722667401
2017-07-06 00:00:00-04:00,54.186866165626604
2017-07-07 00:00:00-04:00,54.638246793052616
2017-07-10 00:00:00-04:00,55.01561344541695
2017-07-11 00:00:00-04:00,55.91095689776453
2017-07-12 00:00:00-04:00,55.47436809522712
2017-07-13 00:00:00-04:00,56.16254638481864
2017-07-14 00:00:00-04:00,56.96908977832136
2017-07-17 00:00:00-04:00,56.56952492432361
2017-07-18 00:00:00-04:00,56.347520520088004
2017-07-19 00:00:00-04:00,56.28833115692714
2017-07-20 00:00:00-04:00,56.36232854569716
2017-07-21 00:00:00-04:00,56.11815362465486
2017-07-24 00:00:00-04:00,56.23653063229312
2017-07-25 00:00:00-04:00,57.18367503765751
2017-07-26 00:00:00-04:00,57.768240939957536
2017-07-27 00:00:00-04:00,57.16887776312701
2017-07-28 00:00:00-04:00,56.843288104658896
2017-07-31 00:00:00-04:00,56.976481902513626
2017-08-01 00:00:00-04:00,56.724897494178144
2017-08-02 00:00:00-04:00,60.38768439391961
2017-08-03 00:00:00-04:00,62.037788722425255
2017-08-04 00:00:00-04:00,62.21537194033774
2017-08-07 00:00:00-04:00,62.770339339252175
2017-08-08 00:00:00-04:00,62.36334527738269
2017-08-09 00:00:00-04:00,62.459569804732716
2017-08-10 00:00:00-04:00,62.34115856012312
2017-08-11 00:00:00-04:00,61.4162083830781
2017-08-14 00:00:00-04:00,61.54940556421609
2017-08-15 00:00:00-04:00,61.69738984120829
2017-08-16 00:00:00-04:00,62.696334447260234
2017-08-17 00:00:00-04:00,62.62975555694203
2017-08-18 00:00:00-04:00,61.1720226425493
2017-08-21 00:00:00-04:00,61.16464897056001
2017-08-22 00:00:00-04:00,62.022970667307604
2017-08-23 00:00:00-04:00,62.31155539794466
2017-08-24 00:00:00-04:00,62.681526050029916
2017-08-25 00:00:00-04:00,62.84431942487008
2017-08-28 00:00:00-04:00,62.41515683017303
2017-08-29 00:00:00-04:00,62.14137055992443
2017-08-30 00:00:00-04:00,62.289372038245055
2017-08-31 00:00:00-04:00,65.24919612136628
2017-09-01 00:00:00-04:00,64.13925202604294
2017-09-05 00:00:00-04:00,64.8199971356526
2017-09-06 00:00:00-04:00,63.717463983929456
2017-09-07 00:00:00-04:00,64.10225385482497
2017-09-08 00:00:00-04:00,64.62022066738922
2017-09-11 00:00:00-04:00,65.1160118295775
2017-09-12 00:00:00-04:00,66.38871843674251
2017-09-13 00:00:00-04:00,66.34431535964386
2017-09-14 00:00:00-04:00,66.22591801751736
2017-09-15 00:00:00-04:00,66.37392549817984
2017-09-18 00:00:00-04:00,66.52188855286161
2017-09-19 00:00:00-04:00,67.83162775275662
2017-09-20 00:00:00-04:00,68.69737410874495
2017-09-21 00:00:00-04:00,67.86862604158618
2017-09-22 00:00:00-04:00,67.24705286283454
2017-09-25 00:00:00-04:00,66.40350815552958
2017-09-26 00:00:00-04:00,63.90244852707761
2017-09-27 00:00:00-04:00,63.96165315886591
2017-09-28 00:00:00-04:00,64.76499680313049
2017-09-29 00:00:00-04:00,65.4544521590547
2017-10-02 00:00:00-04:00,66.21061257348727
2017-10-03 00:00:00-04:00,66.04754292716719
2017-10-04 00:00:00-04:00,67.09282482401439
2017-10-05 00:00:00-04:00,67.76747528057847
2017-10-06 00:00:00-04:00,67.49318710472276
2017-10-09 00:00:00-04:00,67.71558685456615
2017-10-10 00:00:00-04:00,67.36713790790272
2017-10-11 00:00:00-04:00,67.69332078237396
2017-10-12 00:00:00-04:00,68.34573303366511
2017-10-13 00:00:00-04:00,69.45035013495144
2017-10-16 00:00:00-04:00,69.62827755725932
2017-10-17 00:00:00-04:00,70.31776133126257
2017-10-18 00:00:00-04:00,70.07310045098238
2017-10-19 00:00:00-04:00,69.50225090910175
2017-10-20 00:00:00-04:00,70.16948850971015
2017-10-23 00:00:00-04:00,70.40670781596636
2017-10-24 00:00:00-04:00,69.90261174945182
2017-10-25 00:00:00-04:00,69.70240469720575
2017-10-26 00:00:00-04:00,69.59120314070292
2017-10-27 00:00:00-04:00,69.08710176643827
2017-10-30 00:00:00-04:00,68.58298365784636
2017-10-31 00:00:00-04:00,68.55331500831939
2017-11-01 00:00:00-04:00,69.56897409763195
2017-11-02 00:00:00-04:00,67.94539818691405
2017-11-03 00:00:00-04:00,66.72218151850745
2017-11-06 00:00:00-05:00,67.7007386443877
2017-11-07 00:00:00-05:00,67.80455884268068
2017-11-08 00:00:00-05:00,69.37622296893038
2017-11-09 00:00:00-05:00,68.61263963061263
2017-11-10 00:00:00-05:00,68.13816373652035
2017-11-13 00:00:00-05:00,68.90916675624125
2017-11-14 00:00:00-05:00,69.76915222556191
2017-11-15 00:00:00-05:00,68.57555390504761
2017-11-16 00:00:00-05:00,68.4346989359332
2017-11-17 00:00:00-05:00,69.35399688532101
2017-11-20 00:00:00-05:00,68.93137714333514
2017-11-21 00:00:00-05:00,69.16866104395426
2017-11-22 00:00:00-05:00,70.19170458922058
2017-11-24 00:00:00-05:00,69.56156208960962
2017-11-27 00:00:00-05:00,70.13981409085957
2017-11-28 00:00:00-05:00,69.71724491361321
2017-11-29 00:00:00-05:00,69.88033053117263
2017-11-30 00:00:00-05:00,69.22795186488595
2017-12-01 00:00:00-05:00,70.05826953103099
2017-12-04 00:00:00-05:00,70.16948570879794
2017-12-05 00:00:00-05:00,67.65627239149714
2017-12-06 00:00:00-05:00,66.29959573378149
2017-12-07 00:00:00-05:00,65.00220868098616
2017-12-08 00:00:00-05:00,65.95117797712227
2017-12-11 00:00:00-05:00,65.96598192975914
2017-12-12 00:00:00-05:00,66.45526984555373
2017-12-13 00:00:00-05:00,66.83339206736818
2017-12-14 00:00:00-05:00,67.22627626678833
2017-12-15 00:00:00-05:00,67.2040504151948
2017-12-18 00:00:00-05:00,68.9833075032379
2017-12-19 00:00:00-05:00,69.68758919625641
2017-12-20 00:00:00-05:00,70.35481429087
2017-12-21 00:00:00-05:00,70.65138008337836
2017-12-22 00:00:00-05:00,70.66617658970985
2017-12-26 00:00:00-05:00,70.99238832144681
2017-12-27 00:00:00-05:00,70.9330759886124
2017-12-28 00:00:00-05:00,70.2918271454081
2017-12-29 00:00:00-05:00,70.75224611653765
2018-01-02 00:00:00-05:00,70.83396535660235
2018-01-03 00:00:00-05:00,71.24242062677594
2018-01-04 00:00:00-05:00,72.48264472870113
2018-01-05 00:00:00-05:00,72.75742549545232
2018-01-08 00:00:00-05:00,73.15099567255649
2018-01-09 00:00:00-05:00,73.05447969493812
2018-01-10 00:00:00-05:00,72.62373090985317
2018-01-11 00:00:00-05:00,72.623744550698
2018-01-12 00:00:00-05:00,73.29955619608964
2018-01-16 00:00:00-05:00,72.9950604638984
2018-01-17 00:00:00-05:00,71.16073318161223
2018-01-18 00:00:00-05:00,66.80136420143059
2018-01-19 00:00:00-05:00,67.55142705378226
2018-01-22 00:00:00-05:00,66.63055391373905
2018-01-23 00:00:00-05:00,66.76424191798375
2018-01-24 00:00:00-05:00,66.34093698393185
2018-01-25 00:00:00-05:00,67.02418610726433
2018-01-26 00:00:00-05:00,68.47974365710323
2018-01-29 00:00:00-05:00,68.01188555130403
2018-01-30 00:00:00-05:00,67.23951435769804
2018-01-31 00:00:00-05:00,68.3534826792339
2018-02-01 00:00:00-05:00,67.55889617150069
2018-02-02 00:00:00-05:00,65.72452958256568
2018-02-05 00:00:00-05:00,63.16979705606562
2018-02-06 00:00:00-05:00,60.39229814837145
2018-02-07 00:00:00-05:00,63.02870095582539
2018-02-08 00:00:00-05:00,62.43459653319447
2018-02-09 00:00:00-05:00,60.75620264498244
2018-02-12 00:00:00-05:00,62.24891227276489
2018-02-13 00:00:00-05:00,63.89016275192841
2018-02-14 00:00:00-05:00,60.93443682592975
2018-02-15 00:00:00-05:00,64.55114644156797
2018-02-16 00:00:00-05:00,63.154960090279594
2018-02-20 00:00:00-05:00,61.818183880044856
2018-02-21 00:00:00-05:00,62.048404552573366
2018-02-22 00:00:00-05:00,61.51370084125042
2018-02-23 00:00:00-05:00,62.427164570652245
2018-02-26 00:00:00-05:00,63.6302526664006
2018-02-27 00:00:00-05:00,62.21179314036999
2018-02-28 00:00:00-05:00,61.76621331833328
2018-03-01 00:00:00-05:00,58.28316927735291
2018-03-02 00:00:00-05:00,58.231187416889455
2018-03-05 00:00:00-05:00,58.75103729528128
2018-03-06 00:00:00-05:00,60.40716154283329
2018-03-07 00:00:00-05:00,60.548244865476946
2018-03-08 00:00:00-05:00,61.58797310838506
2018-03-09 00:00:00-05:00,61.654803506955204
2018-03-12 00:00:00-04:00,62.11523621501537
2018-03-13 00:00:00-04:00,62.664802376347644
2018-03-14 00:00:00-04:00,62.442028336569386
2018-03-15 00:00:00-04:00,61.4988323945391
2018-03-16 00:00:00-04:00,60.095238989761576
2018-03-19 00:00:00-04:00,60.771047807254966
2018-03-20 00:00:00-04:00,60.622519323942505
2018-03-21 00:00:00-04:00,59.31546757931884
2018-03-22 00:00:00-04:00,59.174353207427416
2018-03-23 00:00:00-04:00,57.5702219483783
2018-03-26 00:00:00-04:00,56.93897273180948
2018-03-27 00:00:00-04:00,56.75331897278064
2018-03-28 00:00:00-04:00,55.843434586193695
2018-03-29 00:00:00-04:00,55.98485405315696
2018-04-02 00:00:00-04:00,57.25011440245058
2018-04-03 00:00:00-04:00,56.42396241745801
2018-04-04 00:00:00-04:00,55.67223758161664
2018-04-05 00:00:00-04:00,57.15336769467808
2018-04-06 00:00:00-04:00,58.619597945521356
2018-04-09 00:00:00-04:00,58.42609008656209
2018-04-10 00:00:00-04:00,58.88008563914202
2018-04-11 00:00:00-04:00,58.485633291430766
2018-04-12 00:00:00-04:00,59.490400635136616
2018-04-13 00:00:00-04:00,59.9220855315146
2018-04-16 00:00:00-04:00,60.108158555915715
2018-04-17 00:00:00-04:00,60.42820608675197
2018-04-18 00:00:00-04:00,61.373428555759936
2018-04-19 00:00:00-04:00,61.58184220474387
2018-04-20 00:00:00-04:00,61.13526741036451
2018-04-23 00:00:00-04:00,61.23201224570534
2018-04-24 00:00:00-04:00,61.70091106715679
2018-04-25 00:00:00-04:00,60.00396335445005
2018-04-26 00:00:00-04:00,60.26445682554884
2018-04-27 00:00:00-04:00,60.435636041475455
2018-04-30 00:00:00-04:00,60.383548412844426
2018-05-01 00:00:00-04:00,58.97685274514584
2018-05-02 00:00:00-04:00,59.34898114484711
2018-05-03 00:00:00-04:00,62.5121624772959
2018-05-04 00:00:00-04:00,63.405307035315126
2018-05-07 00:00:00-04:00,65.2362528201655
2018-05-08 00:00:00-04:00,65.0725165939344
2018-05-09 00:00:00-04:00,65.21393819095093
2018-05-10 00:00:00-04:00,64.3654294533327
2018-05-11 00:00:00-04:00,65.22138490840919
2018-05-14 00:00:00-04:00,67.9231248821642
2018-05-15 00:00:00-04:00,66.38990536376471
2018-05-16 00:00:00-04:00,66.68015928188117
2018-05-17 00:00:00-04:00,68.47388391446924
2018-05-18 00:00:00-04:00,68.29524077750796
2018-05-21 00:00:00-04:00,68.57807950569
2018-05-22 00:00:00-04:00,68.01244237598799
2018-05-23 00:00:00-04:00,67.35001475860665
2018-05-24 00:00:00-04:00,66.63551645953186
2018-05-25 00:00:00-04:00,66.28567627382975
2018-05-29 00:00:00-04:00,66.21870934520449
2018-05-30 00:00:00-04:00,65.28091617527846
2018-05-31 00:00:00-04:00,65.87635082719868
2018-06-01 00:00:00-04:00,65.1246109304006
2018-06-04 00:00:00-04:00,65.9359189494904
2018-06-05 00:00:00-04:00,65.21392801076271
2018-06-06 00:00:00-04:00,65.98055180833863
2018-06-07 00:00:00-04:00,67.65518180456813
2018-06-08 00:00:00-04:00,66.06984474747766
2018-06-11 00:00:00-04:00,66.03264714725519
2018-06-12 00:00:00-04:00,66.24846918550624
2018-06-13 00:00:00-04:00,66.9778850640657
2018-06-14 00:00:00-04:00,66.98532435241218
2018-06-15 00:00:00-04:00,66.98531214320546
2018-06-18 00:00:00-04:00,66.15915212660173
2018-06-19 00:00:00-04:00,65.02041133761338
2018-06-20 00:00:00-04:00,64.48453647342714
2018-06-21 00:00:00-04:00,64.52918429613452
2018-06-22 00:00:00-04:00,64.9013287021463
2018-06-25 00:00:00-04:00,65.94332154998962
2018-06-26 00:00:00-04:00,65.6530566473841
2018-06-27 00:00:00-04:00,66.39732005909306
2018-06-28 00:00:00-04:00,65.99175943581393
2018-06-29 00:00:00-04:00,66.03649669934009
2018-07-02 00:00:00-04:00,66.02159575956358
2018-07-03 00:00:00-04:00,66.31239922496124
2018-07-05 00:00:00-04:00,66.65539929768777
2018-07-06 00:00:00-04:00,66.1110666996961
2018-07-09 00:00:00-04:00,67.29668734066797
2018-07-10 00:00:00-04:00,67.25193811089731
2018-07-11 00:00:00-04:00,67.02078616951493
2018-07-12 00:00:00-04:00,66.53611570330182
2018-07-13 00:00:00-04:00,66.21545725228655
2018-07-16 00:00:00-04:00,65.79788197292261
2018-07-17 00:00:00-04:00,64.16488348182602
2018-07-18 00:00:00-04:00,65.43252598527206
2018-07-19 00:00:00-04:00,64.53768614823689
2018-07-20 00:00:00-04:00,64.14252392334346
2018-07-23 00:00:00-04:00,64.50042373313067
2018-07-24 00:00:00-04:00,64.6197386659115
2018-07-25 00:00:00-04:00,64.0306545215657
2018-07-26 00:00:00-04:00,65.29081974057586
2018-07-27 00:00:00-04:00,66.24530124178835
2018-07-30 00:00:00-04:00,66.28258632568577
2018-07-31 00:00:00-04:00,66.7821550331083
2018-08-01 00:00:00-04:00,67.02079269909291
2018-08-02 00:00:00-04:00,63.381895567841944
2018-08-03 00:00:00-04:00,64.81361502711513
2018-08-06 00:00:00-04:00,65.11186895806131
2018-08-07 00:00:00-04:00,66.08125992353737
2018-08-08 00:00:00-04:00,65.24607975429676
2018-08-09 00:00:00-04:00,66.47645185230434
2018-08-10 00:00:00-04:00,66.54357035550098
2018-08-13 00:00:00-04:00,65.20135756097439
2018-08-14 00:00:00-04:00,64.1648720075723
2018-08-15 00:00:00-04:00,63.188052951454345
2018-08-16 00:00:00-04:00,63.03891058043199
2018-08-17 00:00:00-04:00,62.80774704104097
2018-08-20 00:00:00-04:00,63.053821921288396
2018-08-21 00:00:00-04:00,63.456489160475485
2018-08-22 00:00:00-04:00,63.94116010169775
2018-08-23 00:00:00-04:00,63.50869197631339
2018-08-24 00:00:00-04:00,63.47140423098517
2018-08-27 00:00:00-04:00,64.06794588041436
2018-08-28 00:00:00-04:00,64.54515755543426
2018-08-29 00:00:00-04:00,64.42586596500321
2018-08-30 00:00:00-04:00,64.23198560201372
2018-08-31 00:00:00-04:00,63.48632274150838
2018-09-04 00:00:00-04:00,62.94943121779004
2018-09-05 00:00:00-04:00,61.99497244686128
2018-09-06 00:00:00-04:00,62.24851932082916
2018-09-07 00:00:00-04:00,61.45064250254674
2018-09-10 00:00:00-04:00,61.51029076620406
2018-09-11 00:00:00-04:00,60.52600422058284
2018-09-12 00:00:00-04:00,61.495365731118504
2018-09-13 00:00:00-04:00,62.48713033450152
2018-09-14 00:00:00-04:00,63.29243541808626
2018-09-17 00:00:00-04:00,63.896439249202686
2018-09-18 00:00:00-04:00,64.52278869414911
2018-09-19 00:00:00-04:00,64.50043264965814
2018-09-20 00:00:00-04:00,66.29750229637519
2018-09-21 00:00:00-04:00,67.60985888098992
2018-09-24 00:00:00-04:00,67.00588427641534
2018-09-25 00:00:00-04:00,66.9909566062748
2018-09-26 00:00:00-04:00,66.55100955459703
2018-09-27 00:00:00-04:00,66.33848407453205
2018-09-28 00:00:00-04:00,65.32999087505952
2018-10-01 00:00:00-04:00,65.56903518493552
2018-10-02 00:00:00-04:00,65.44200994689713
2018-10-03 00:00:00-04:00,67.28726571595314
2018-10-04 00:00:00-04:00,68.69920197894753
2018-10-05 00:00:00-04:00,68.09407832793325
2018-10-08 00:00:00-04:00,67.42172992993393
2018-10-09 00:00:00-04:00,67.12290436975172
2018-10-10 00:00:00-04:00,64.89666971207467
2018-10-11 00:00:00-04:00,63.00663353966806
2018-10-12 00:00:00-04:00,63.24569122702778
2018-10-15 00:00:00-04:00,63.29799118166068
2018-10-16 00:00:00-04:00,63.48473672129861
2018-10-17 00:00:00-04:00,63.19340687340746
2018-10-18 00:00:00-04:00,62.207290020705365
2018-10-19 00:00:00-04:00,61.85615540788729
2018-10-22 00:00:00-04:00,61.280918644461934
2018-10-23 00:00:00-04:00,58.434646119156184
2018-10-24 00:00:00-04:00,58.479472452420765
2018-10-25 00:00:00-04:00,56.79113601332894
2018-10-26 00:00:00-04:00,55.9245480956859
2018-10-29 00:00:00-04:00,57.321542174467396
2018-10-30 00:00:00-04:00,57.01524957800659
2018-10-31 00:00:00-04:00,58.50936385281105
2018-11-01 00:00:00-04:00,59.18918597300537
2018-11-02 00:00:00-04:00,61.26599708665823
2018-11-05 00:00:00-05:00,60.29481594106075
2018-11-06 00:00:00-05:00,60.83268317767285
2018-11-07 00:00:00-05:00,62.71527480134365
2018-11-08 00:00:00-05:00,62.36415561320955
2018-11-09 00:00:00-05:00,62.16245975785112
2018-11-12 00:00:00-05:00,62.438861758806325
2018-11-13 00:00:00-05:00,61.33323655279549
2018-11-14 00:00:00-05:00,61.21369434115445
2018-11-15 00:00:00-05:00,60.0706985609105
2018-11-16 00:00:00-05:00,61.67687335637158
2018-11-19 00:00:00-05:00,61.87111109770207
2018-11-20 00:00:00-05:00,60.175292391168036
2018-11-21 00:00:00-05:00,58.91276621018754
2018-11-23 00:00:00-05:00,58.4645212470505
2018-11-26 00:00:00-05:00,60.08564976554315
2018-11-27 00:00:00-05:00,60.24998440237479
2018-11-28 00:00:00-05:00,60.22760198994692
2018-11-29 00:00:00-05:00,61.766502954408736
2018-11-30 00:00:00-05:00,61.63203178948815
2018-12-03 00:00:00-05:00,63.424979469459025
2018-12-04 00:00:00-05:00,63.80595914897145
2018-12-06 00:00:00-05:00,60.84763286086867
2018-12-07 00:00:00-05:00,61.773978664053665
2018-12-10 00:00:00-05:00,59.29376052770512
2018-12-11 00:00:00-05:00,60.22012424789084
2018-12-12 00:00:00-05:00,59.86898655040103
2018-12-13 00:00:00-05:00,59.532821806176145
2018-12-14 00:00:00-05:00,57.822067547810725
2018-12-17 00:00:00-05:00,57.49336960068295
2018-12-18 00:00:00-05:00,57.17958535252587
2018-12-19 00:00:00-05:00,57.18706278947698
2018-12-20 00:00:00-05:00,56.0216598722311
2018-12-21 00:00:00-05:00,53.57132091905317
2018-12-24 00:00:00-05:00,52.652444097513595
2018-12-26 00:00:00-05:00,52.510505015592436
2018-12-27 00:00:00-05:00,54.04496047853456
2018-12-28 00:00:00-05:00,55.74257400259059
2018-12-31 00:00:00-05:00,55.164187634957706
2019-01-02 00:00:00-05:00,54.63837401124037
2019-01-03 00:00:00-05:00,56.305917909513916
2019-01-04 00:00:00-05:00,56.14819655401177
2019-01-07 00:00:00-05:00,57.74813393219052
2019-01-08 00:00:00-05:00,58.747151910290754
2019-01-09 00:00:00-05:00,59.91895326667859
2019-01-10 00:00:00-05:00,59.29548286252938
2019-01-11 00:00:00-05:00,59.986542950651
2019-01-14 00:00:00-05:00,59.59595561878193
2019-01-15 00:00:00-05:00,59.8438227551056
2019-01-16 00:00:00-05:00,59.3480607866623
2019-01-17 00:00:00-05:00,58.91239607187921
2019-01-18 00:00:00-05:00,60.114237980880254
2019-01-22 00:00:00-05:00,60.099214635130224
2019-01-23 00:00:00-05:00,59.79125256206171
2019-01-24 00:00:00-05:00,58.49926799959045
2019-01-25 00:00:00-05:00,59.22788168916745
2019-01-28 00:00:00-05:00,58.882358893363715
2019-01-29 00:00:00-05:00,59.52834771009913
2019-01-30 00:00:00-05:00,60.45977507368821
2019-01-31 00:00:00-05:00,59.70862679869179
2019-02-01 00:00:00-05:00,64.06528808091053
2019-02-04 00:00:00-05:00,64.207996882119
2019-02-05 00:00:00-05:00,63.892512003146415
2019-02-06 00:00:00-05:00,63.426796996898105
2019-02-07 00:00:00-05:00,63.56951150480005
2019-02-08 00:00:00-05:00,62.72070772373733
2019-02-11 00:00:00-05:00,63.494397652155236
2019-02-12 00:00:00-05:00,60.55739476730367
2019-02-13 00:00:00-05:00,62.54796027275876
2019-02-14 00:00:00-05:00,62.76577962043654
2019-02-15 00:00:00-05:00,63.85495345703608
2019-02-19 00:00:00-05:00,63.607078017355356
2019-02-20 00:00:00-05:00,64.90656878472949
2019-02-21 00:00:00-05:00,65.81544716563072
2019-02-22 00:00:00-05:00,66.58913065499506
2019-02-25 00:00:00-05:00,66.81446176804772
2019-02-26 00:00:00-05:00,67.05482322905299
2019-02-27 00:00:00-05:00,66.40883727899399
2019-02-28 00:00:00-05:00,66.97970726271213
2019-03-01 00:00:00-05:00,67.22759583079522
2019-03-04 00:00:00-05:00,68.22911662010846
2019-03-05 00:00:00-05:00,68.27242289183326
2019-03-06 00:00:00-05:00,68.66215136750863
2019-03-07 00:00:00-05:00,67.64020411723179
2019-03-08 00:00:00-05:00,66.5835747239082
2019-03-11 00:00:00-04:00,67.4843236465777
2019-03-12 00:00:00-04:00,68.19449169108843
2019-03-13 00:00:00-04:00,68.26377580169908
2019-03-14 00:00:00-04:00,67.85672415852008
2019-03-15 00:00:00-04:00,66.93867670770128
2019-03-18 00:00:00-04:00,67.13786672998519
2019-03-19 00:00:00-04:00,67.07725516318412
2019-03-20 00:00:00-04:00,65.84743532005503
2019-03-21 00:00:00-04:00,65.49235447160578
2019-03-22 00:00:00-04:00,66.54028821925418
2019-03-25 00:00:00-04:00,64.45306217488981
2019-03-26 00:00:00-04:00,64.68690598264176
2019-03-27 00:00:00-04:00,64.94670061452467
2019-03-28 00:00:00-04:00,65.40665913825259
2019-03-29 00:00:00-04:00,66.82588476694345
2019-04-01 00:00:00-04:00,67.60952119186949
2019-04-02 00:00:00-04:00,68.83718266051594
2019-04-03 00:00:00-04:00,69.472810203307
2019-04-04 00:00:00-04:00,68.94169169475126
2019-04-05 00:00:00-04:00,70.08231075164228
2019-04-08 00:00:00-04:00,70.16936755650781
2019-04-09 00:00:00-04:00,69.94299329489446
2019-04-10 00:00:00-04:00,69.79498615478828
2019-04-11 00:00:00-04:00,69.90816274716134
2019-04-12 00:00:00-04:00,70.09970830624859
2019-04-15 00:00:00-04:00,69.71659931246803
2019-04-16 00:00:00-04:00,69.41184347373417
2019-04-17 00:00:00-04:00,70.7004957525319
2019-04-18 00:00:00-04:00,69.4467015202675
2019-04-22 00:00:00-04:00,69.44669353877306
2019-04-23 00:00:00-04:00,68.85460694019865
2019-04-24 00:00:00-04:00,69.51632847902218
2019-04-25 00:00:00-04:00,69.2203017430931
2019-04-26 00:00:00-04:00,68.8720152723881
2019-04-29 00:00:00-04:00,69.14194548569336
2019-04-30 00:00:00-04:00,69.24641669600787
2019-05-01 00:00:00-04:00,68.7849715007736
2019-05-02 00:00:00-04:00,66.60820893814389
2019-05-03 00:00:00-04:00,67.16544970908002
2019-05-06 00:00:00-04:00,65.69398192296599
2019-05-07 00:00:00-04:00,67.86203342790947
2019-05-08 00:00:00-04:00,68.17545887726789
2019-05-09 00:00:00-04:00,68.09710893433807
2019-05-10 00:00:00-04:00,69.2986669716882
2019-05-13 00:00:00-04:00,67.92298510596194
2019-05-14 00:00:00-04:00,65.52855417904092
2019-05-15 00:00:00-04:00,64.87554412819317
2019-05-16 00:00:00-04:00,66.54726513017187
2019-05-17 00:00:00-04:00,65.27606626390927
2019-05-20 00:00:00-04:00,64.85811865065362
2019-05-21 00:00:00-04:00,63.66527006688493
2019-05-22 00:00:00-04:00,64.55337311312273
2019-05-23 00:00:00-04:00,62.72493173808243
2019-05-24 00:00:00-04:00,62.8468074511592
2019-05-28 00:00:00-04:00,61.99351990894787
2019-05-29 00:00:00-04:00,61.61042873732669
2019-05-30 00:00:00-04:00,63.18639855611396
2019-05-31 00:00:00-04:00,63.316994410277985
2019-06-03 00:00:00-04:00,64.1441502293329
2019-06-04 00:00:00-04:00,66.05097073578378
2019-06-05 00:00:00-04:00,68.63695821029964
2019-06-06 00:00:00-04:00,68.21900503827352
2019-06-07 00:00:00-04:00,69.65566025074168
2019-06-10 00:00:00-04:00,70.30866613500487
2019-06-11 00:00:00-04:00,70.23902025015126
2019-06-12 00:00:00-04:00,69.3857392878889
2019-06-13 00:00:00-04:00,70.02135450398613
2019-06-14 00:00:00-04:00,69.8559157415482
2019-06-17 00:00:00-04:00,69.74270922029189
2019-06-18 00:00:00-04:00,69.69917542388241
2019-06-19 00:00:00-04:00,70.53505408053321
2019-06-20 00:00:00-04:00,72.3025721281748
2019-06-21 00:00:00-04:00,71.34480083023942
2019-06-24 00:00:00-04:00,71.95429989195844
2019-06-25 00:00:00-04:00,71.50153781977411
2019-06-26 00:00:00-04:00,72.0239390402184
2019-06-27 00:00:00-04:00,73.0535640632271
2019-06-28 00:00:00-04:00,72.86108107176318
2019-07-01 00:00:00-04:00,73.61348154217936
2019-07-02 00:00:00-04:00,74.03343308493594
2019-07-03 00:00:00-04:00,73.35101482396648
2019-07-05 00:00:00-04:00,73.56099559070947
2019-07-08 00:00:00-04:00,73.98093880145538
2019-07-09 00:00:00-04:00,72.58985331739073
2019-07-10 00:00:00-04:00,72.22240398116138
2019-07-11 00:00:00-04:00,71.38249102141648
2019-07-12 00:00:00-04:00,72.67735798419933
2019-07-15 00:00:00-04:00,73.05355078425436
2019-07-16 00:00:00-04:00,73.68346797608437
2019-07-17 00:00:00-04:00,73.86720939871888
2019-07-18 00:00:00-04:00,72.69483740725795
2019-07-19 00:00:00-04:00,73.54349855627694
2019-07-22 00:00:00-04:00,73.34226875104868
2019-07-23 00:00:00-04:00,74.00716759113112
2019-07-24 00:00:00-04:00,74.61086300829277
2019-07-25 00:00:00-04:00,74.73335532901588
2019-07-26 00:00:00-04:00,74.41839620829968
2019-07-29 00:00:00-04:00,74.82083813323423
2019-07-30 00:00:00-04:00,73.00105562575979
2019-07-31 00:00:00-04:00,73.92844555629694
2019-08-01 00:00:00-04:00,74.74209348194734
2019-08-02 00:00:00-04:00,75.13578748535238
2019-08-05 00:00:00-04:00,73.40349910659334
2019-08-06 00:00:00-04:00,71.85495161100776
2019-08-07 00:00:00-04:00,72.57235917487141
2019-08-08 00:00:00-04:00,75.11828864017089
2019-08-09 00:00:00-04:00,78.74035862473598
2019-08-12 00:00:00-04:00,76.60562870137132
2019-08-13 00:00:00-04:00,74.90831991496671
2019-08-14 00:00:00-04:00,74.00719136225752
2019-08-15 00:00:00-04:00,73.77971287953486
2019-08-16 00:00:00-04:00,73.63971125412903
2019-08-19 00:00:00-04:00,75.73947674291483
2019-08-20 00:00:00-04:00,75.2582800069902
2019-08-21 00:00:00-04:00,75.24078866586076
2019-08-22 00:00:00-04:00,75.61699433422416
2019-08-23 00:00:00-04:00,74.77708531457424
2019-08-26 00:00:00-04:00,73.45600001520074
2019-08-27 00:00:00-04:00,73.33351210414445
2019-08-28 00:00:00-04:00,72.56362775483066
2019-08-29 00:00:00-04:00,74.47960844258789
2019-08-30 00:00:00-04:00,75.55574095465258
2019-09-03 00:00:00-04:00,74.6896015665824
2019-09-04 00:00:00-04:00,75.42450733622609
2019-09-05 00:00:00-04:00,76.74558638633657
2019-09-06 00:00:00-04:00,77.05182919631086
2019-09-09 00:00:00-04:00,76.71060355293139
2019-09-10 00:00:00-04:00,76.57935942752111
2019-09-11 00:00:00-04:00,76.24692254772732
2019-09-12 00:00:00-04:00,77.86545652504482
2019-09-13 00:00:00-04:00,78.76658705013706
2019-09-16 00:00:00-04:00,79.650251973833
2019-09-17 00:00:00-04:00,79.3702632153225
2019-09-18 00:00:00-04:00,79.24779767987341
2019-09-19 00:00:00-04:00,79.5889976443368
2019-09-20 00:00:00-04:00,79.25652634238342
2019-09-23 00:00:00-04:00,78.18916476250678
2019-09-24 00:00:00-04:00,77.53299955421798
2019-09-25 00:00:00-04:00,76.88558522751217
2019-09-26 00:00:00-04:00,76.64059721863731
2019-09-27 00:00:00-04:00,76.64128131665146
2019-09-30 00:00:00-04:00,75.72722520282088
2019-10-01 00:00:00-04:00,77.31806723031724
2019-10-02 00:00:00-04:00,72.92348237858832
2019-10-03 00:00:00-04:00,73.11685655730942
2019-10-04 00:00:00-04:00,72.93227303268463
2019-10-07 00:00:00-04:00,72.20277824409769
2019-10-08 00:00:00-04:00,70.62951875621066
2019-10-09 00:00:00-04:00,70.52406423630211
2019-10-10 00:00:00-04:00,70.137347710153
2019-10-11 00:00:00-04:00,71.36779877678144
2019-10-14 00:00:00-04:00,73.12563132556609
2019-10-15 00:00:00-04:00,72.89711819425929
2019-10-16 00:00:00-04:00,73.78482220826517
2019-10-17 00:00:00-04:00,73.86392645170157
2019-10-18 00:00:00-04:00,74.11882257518367
2019-10-21 00:00:00-04:00,73.55630742202268
2019-10-22 00:00:00-04:00,73.32779621275824
2019-10-23 00:00:00-04:00,71.96546308352592
2019-10-24 00:00:00-04:00,73.16957802467206
2019-10-25 00:00:00-04:00,72.96743963535445
2019-10-28 00:00:00-04:00,74.36489703979943
2019-10-29 00:00:00-04:00,73.50354779712742
2019-10-30 00:00:00-04:00,77.86297653495315
2019-10-31 00:00:00-04:00,80.20088769047638
2019-11-01 00:00:00-04:00,81.0007118489686
2019-11-04 00:00:00-05:00,83.50561149274597
2019-11-05 00:00:00-05:00,84.5163348752715
2019-11-06 00:00:00-05:00,85.25466046728792
2019-11-07 00:00:00-05:00,86.22144991104847
2019-11-08 00:00:00-05:00,85.08765544416553
2019-11-11 00:00:00-05:00,85.11401495085384
2019-11-12 00:00:00-05:00,86.73122820823782
2019-11-13 00:00:00-05:00,85.97536379503056
2019-11-14 00:00:00-05:00,84.19995876446926
2019-11-15 00:00:00-05:00,85.85231569036002
2019-11-18 00:00:00-05:00,85.00855259503034
2019-11-19 00:00:00-05:00,85.61500345981301
2019-11-20 00:00:00-05:00,85.15797825166801
2019-11-21 00:00:00-05:00,85.45679692953792
2019-11-22 00:00:00-05:00,86.17751919944358
2019-11-25 00:00:00-05:00,85.96656338829158
2019-11-26 00:00:00-05:00,86.77516924408049
2019-11-27 00:00:00-05:00,86.79273308657903
2019-11-29 00:00:00-05:00,86.83668739095799
2019-12-02 00:00:00-05:00,86.15993469939333
2019-12-03 00:00:00-05:00,84.90308509219635
2019-12-04 00:00:00-05:00,85.65895100741177
2019-12-05 00:00:00-05:00,85.59741653700061
2019-12-06 00:00:00-05:00,86.8806340350583
2019-12-09 00:00:00-05:00,86.6960685386854
2019-12-10 00:00:00-05:00,86.9509577560492
2019-12-11 00:00:00-05:00,86.23904559397525
2019-12-12 00:00:00-05:00,86.32694113514287
2019-12-13 00:00:00-05:00,87.71561387111876
2019-12-16 00:00:00-05:00,87.89139458391165
2019-12-17 00:00:00-05:00,88.01444511908495
2019-12-18 00:00:00-05:00,88.54179855764811
2019-12-19 00:00:00-05:00,88.11990208815611
2019-12-20 00:00:00-05:00,87.08279530193175
2019-12-23 00:00:00-05:00,87.0124702473785
2019-12-24 00:00:00-05:00,88.08475984658351
2019-12-26 00:00:00-05:00,88.7263667693071
2019-12-27 00:00:00-05:00,89.30644125066283
2019-12-30 00:00:00-05:00,88.89339486562449
2019-12-31 00:00:00-05:00,87.41035553182793
2020-01-02 00:00:00-05:00,88.60210274086367
2020-01-03 00:00:00-05:00,86.95132745540134
2020-01-06 00:00:00-05:00,87.03961039782295
2020-01-07 00:00:00-05:00,87.32210654033013
2020-01-08 00:00:00-05:00,88.56676511014703
2020-01-09 00:00:00-05:00,89.02581098386389
2020-01-10 00:00:00-05:00,88.09010354109758
2020-01-13 00:00:00-05:00,86.56291069310946
2020-01-14 00:00:00-05:00,87.19851084734555
2020-01-15 00:00:00-05:00,87.27795150301681
2020-01-16 00:00:00-05:00,87.26913649508126
2020-01-17 00:00:00-05:00,88.05479347229004
2020-01-21 00:00:00-05:00,87.63988248301307
2020-01-22 00:00:00-05:00,86.76595558745068
2020-01-23 00:00:00-05:00,85.31824621279546
2020-01-24 00:00:00-05:00,85.68898818596247
2020-01-27 00:00:00-05:00,82.51107507303149
2020-01-28 00:00:00-05:00,83.19962852332979
2020-01-29 00:00:00-05:00,84.15300971546864
2020-01-30 00:00:00-05:00,84.13532345515358
2020-01-31 00:00:00-05:00,84.0029293191604
2020-02-03 00:00:00-05:00,84.80622948488363
2020-02-04 00:00:00-05:00,87.12786885226807
2020-02-05 00:00:00-05:00,88.13421539009721
2020-02-06 00:00:00-05:00,91.3474503186167
2020-02-07 00:00:00-05:00,94.50770769273564
2020-02-10 00:00:00-05:00,92.565673828125
2020-02-11 00:00:00-05:00,92.88343817889559
2020-02-12 00:00:00-05:00,93.651441543314
2020-02-13 00:00:00-05:00,93.36894281396671
2020-02-14 00:00:00-05:00,93.01586711048067
2020-02-18 00:00:00-05:00,92.86579838489267
2020-02-19 00:00:00-05:00,93.57198615255894
2020-02-20 00:00:00-05:00,93.97806316586117
2020-02-21 00:00:00-05:00,94.86965079546279
2020-02-24 00:00:00-05:00,90.95903589840842
2020-02-25 00:00:00-05:00,90.87075363024509
2020-02-26 00:00:00-05:00,87.00429661851189
2020-02-27 00:00:00-05:00,82.97894432508028
2020-02-28 00:00:00-05:00,78.82997763495618
2020-03-02 00:00:00-05:00,82.6258374140304
2020-03-03 00:00:00-05:00,84.86802820754951
2020-03-04 00:00:00-05:00,84.83271534798959
2020-03-05 00:00:00-05:00,85.27409689529388
2020-03-06 00:00:00-05:00,81.08985218149135
2020-03-09 00:00:00-04:00,74.5927533266674
2020-03-10 00:00:00-04:00,73.14505359062295
2020-03-11 00:00:00-04:00,74.5927675614207
2020-03-12 00:00:00-04:00,68.40463783027462
2020-03-13 00:00:00-04:00,73.7364998118647
2020-03-16 00:00:00-04:00,67.15115059212667
2020-03-17 00:00:00-04:00,63.893794061785044
2020-03-18 00:00:00-04:00,56.92885191949817
2020-03-19 00:00:00-04:00,52.117832197781084
2020-03-20 00:00:00-04:00,60.433382412495384
2020-03-23 00:00:00-04:00,57.220159615039165
2020-03-24 00:00:00-04:00,60.380421603152094
2020-03-25 00:00:00-04:00,61.051308983977044
2020-03-26 00:00:00-04:00,66.43610094899978
2020-03-27 00:00:00-04:00,67.82203536673298
2020-03-30 00:00:00-04:00,67.38805633920497
2020-03-31 00:00:00-04:00,73.24788354120452
2020-04-01 00:00:00-04:00,69.27919611795043
2020-04-02 00:00:00-04:00,68.82638885795501
2020-04-03 00:00:00-04:00,65.94974440031518
2020-04-06 00:00:00-04:00,66.76655631323626
2020-04-07 00:00:00-04:00,72.80398487950858
2020-04-08 00:00:00-04:00,71.29462558386808
2020-04-09 00:00:00-04:00,76.0002288155995
2020-04-13 00:00:00-04:00,78.8235886842634
2020-04-14 00:00:00-04:00,78.31752816907485
2020-04-15 00:00:00-04:00,73.55863353287387
2020-04-16 00:00:00-04:00,74.10910878342331
2020-04-17 00:00:00-04:00,76.36427216632622
2020-04-20 00:00:00-04:00,75.13012667968184
2020-04-21 00:00:00-04:00,73.24788811157919
2020-04-22 00:00:00-04:00,75.83154183750202
2020-04-23 00:00:00-04:00,75.9203167119959
2020-04-24 00:00:00-04:00,78.35304252392837
2020-04-27 00:00:00-04:00,78.70818139040804
2020-04-28 00:00:00-04:00,82.25072656315638
2020-04-29 00:00:00-04:00,83.20961763806653
2020-04-30 00:00:00-04:00,83.28952354805587
2020-05-01 00:00:00-04:00,79.99556823402838
2020-05-04 00:00:00-04:00,78.3707969127039
2020-05-05 00:00:00-04:00,80.57267658936911
2020-05-06 00:00:00-04:00,79.87128169429207
2020-05-07 00:00:00-04:00,83.67128090037382
2020-05-08 00:00:00-04:00,84.71008574811799
2020-05-11 00:00:00-04:00,81.44278039192002
2020-05-12 00:00:00-04:00,81.24744095778973
2020-05-13 00:00:00-04:00,78.93014539707738
2020-05-14 00:00:00-04:00,77.58061362148152
2020-05-15 00:00:00-04:00,78.2553637695013
2020-05-18 00:00:00-04:00,81.71801655882192
2020-05-19 00:00:00-04:00,80.54604383288186
2020-05-20 00:00:00-04:00,80.54605339963028
2020-05-21 00:00:00-04:00,82.33952100501836
2020-05-22 00:00:00-04:00,81.17642011022213
2020-05-26 00:00:00-04:00,85.4292369993772
2020-05-27 00:00:00-04:00,85.62456615667836
2020-05-28 00:00:00-04:00,86.37035966974615
2020-05-29 00:00:00-04:00,86.41473619085599
2020-06-01 00:00:00-04:00,87.20495204712054
2020-06-02 00:00:00-04:00,88.30587062863975
2020-06-03 00:00:00-04:00,90.56990884514995
2020-06-04 00:00:00-04:00,89.95729153564491
2020-06-05 00:00:00-04:00,90.96943270995646
2020-06-08 00:00:00-04:00,91.53765826146149
2020-06-09 00:00:00-04:00,92.6119694022085
2020-06-10 00:00:00-04:00,92.86057514899785
2020-06-11 00:00:00-04:00,87.91524538531363
2020-06-12 00:00:00-04:00,87.39139329937429
2020-06-15 00:00:00-04:00,84.05306613569762
2020-06-16 00:00:00-04:00,90.43674466087931
2020-06-17 00:00:00-04:00,89.97504127411848
2020-06-18 00:00:00-04:00,88.7231567385916
2020-06-19 00:00:00-04:00,89.6021448816038
2020-06-22 00:00:00-04:00,88.49233663698253
2020-06-23 00:00:00-04:00,90.54327088225543
2020-06-24 00:00:00-04:00,88.68765432442825
2020-06-25 00:00:00-04:00,85.78437966170068
2020-06-26 00:00:00-04:00,87.26708322517108
2020-06-29 00:00:00-04:00,86.1592199280248
2020-06-30 00:00:00-04:00,86.46248224380646
2020-07-01 00:00:00-04:00,89.44148839386442
2020-07-02 00:00:00-04:00,90.02123238471621
2020-07-06 00:00:00-04:00,91.9566989669968
2020-07-07 00:00:00-04:00,90.09259470105391
2020-07-08 00:00:00-04:00,91.18072687150072
2020-07-09 00:00:00-04:00,89.12931162054389
2020-07-10 00:00:00-04:00,87.2652170822444
2020-07-13 00:00:00-04:00,90.52071633833573
2020-07-14 00:00:00-04:00,90.61881698569962
2020-07-15 00:00:00-04:00,93.86540354919097
2020-07-16 00:00:00-04:00,95.50651576940872
2020-07-17 00:00:00-04:00,95.43517092795851
2020-07-20 00:00:00-04:00,94.4718838372693
2020-07-21 00:00:00-04:00,94.24001204944278
2020-07-22 00:00:00-04:00,94.74839889128003
2020-07-23 00:00:00-04:00,96.32708529818547
2020-07-24 00:00:00-04:00,96.22896057569788
2020-07-27 00:00:00-04:00,96.10412261327276
2020-07-28 00:00:00-04:00,96.19329639672378
2020-07-29 00:00:00-04:00,95.31922540236928
2020-07-30 00:00:00-04:00,95.05163914725878
2020-07-31 00:00:00-04:00,93.89215869351256
2020-08-03 00:00:00-04:00,95.42623703901741
2020-08-04 00:00:00-04:00,94.02596396306252
2020-08-05 00:00:00-04:00,97.4509061343757
2020-08-06 00:00:00-04:00,95.85439228704608
2020-08-07 00:00:00-04:00,96.30925070603644
2020-08-10 00:00:00-04:00,98.08416718958867
2020-08-11 00:00:00-04:00,99.23472690616553
2020-08-12 00:00:00-04:00,98.11092398130052
2020-08-13 00:00:00-04:00,97.35278792588
2020-08-14 00:00:00-04:00,97.87902360639052
2020-08-17 00:00:00-04:00,98.28039342268379
2020-08-18 00:00:00-04:00,97.44199896358826
2020-08-19 00:00:00-04:00,97.27251987129799
2020-08-20 00:00:00-04:00,95.85439249092197
2020-08-21 00:00:00-04:00,95.62249013769143
2020-08-24 00:00:00-04:00,96.65710418828796
2020-08-25 00:00:00-04:00,97.66498083201503
2020-08-26 00:00:00-04:00,96.55008184278549
2020-08-27 00:00:00-04:00,97.51336174920667
2020-08-28 00:00:00-04:00,97.80767063644524
2020-08-31 00:00:00-04:00,96.95143539681175
2020-09-01 00:00:00-04:00,95.37274483099273
2020-09-02 00:00:00-04:00,98.44095463294086
2020-09-03 00:00:00-04:00,99.80557652896975
2020-09-04 00:00:00-04:00,98.58363762101351
2020-09-08 00:00:00-04:00,95.43516863460847
2020-09-09 00:00:00-04:00,95.06949600830316
2020-09-10 00:00:00-04:00,96.38953702373037
2020-09-11 00:00:00-04:00,96.95142887890174
2020-09-14 00:00:00-04:00,97.99497903556602
2020-09-15 00:00:00-04:00,98.94040659885661
2020-09-16 00:00:00-04:00,100.2961312183215
2020-09-17 00:00:00-04:00,98.0930866453325
2020-09-18 00:00:00-04:00,100.45667407732726
2020-09-21 00:00:00-04:00,96.5946633353323
2020-09-22 00:00:00-04:00,94.8732800353944
2020-09-23 00:00:00-04:00,95.54219951820028
2020-09-24 00:00:00-04:00,92.58994340776464
2020-09-25 00:00:00-04:00,91.78723939396572
2020-09-28 00:00:00-04:00,95.32815363999508
2020-09-29 00:00:00-04:00,95.06153825829173
2020-09-30 00:00:00-04:00,94.76596192940404
2020-10-01 00:00:00-04:00,95.25858334394725
2020-10-02 00:00:00-04:00,91.04017871450633
2020-10-05 00:00:00-04:00,93.70019020544458
2020-10-06 00:00:00-04:00,94.81075445237448
2020-10-07 00:00:00-04:00,94.4435505862482
2020-10-08 00:00:00-04:00,95.78698057777736
2020-10-09 00:00:00-04:00,95.21376907438807
2020-10-12 00:00:00-04:00,96.82592218073412
2020-10-13 00:00:00-04:00,97.34536016011106
2020-10-14 00:00:00-04:00,97.20207754824582
2020-10-15 00:00:00-04:00,96.46766546876108
2020-10-16 00:00:00-04:00,98.19621348886204
2020-10-19 00:00:00-04:00,97.82899563156288
2020-10-20 00:00:00-04:00,96.98711204693936
2020-10-21 00:00:00-04:00,96.34226937009919
2020-10-22 00:00:00-04:00,96.11837543003976
2020-10-23 00:00:00-04:00,97.12147250357928
2020-10-26 00:00:00-04:00,95.2048266090611
2020-10-27 00:00:00-04:00,94.65848548431502
2020-10-28 00:00:00-04:00,91.42529896929054
2020-10-29 00:00:00-04:00,91.12078585874171
2020-10-30 00:00:00-04:00,92.55379155238126
2020-11-02 00:00:00-05:00,93.70913982777219
2020-11-03 00:00:00-05:00,96.03775446982263
2020-11-04 00:00:00-05:00,94.3360584019898
2020-11-05 00:00:00-05:00,96.07359357002247
2020-11-06 00:00:00-05:00,97.70363140189527
2020-11-09 00:00:00-05:00,102.05635875047008
2020-11-10 00:00:00-05:00,98.45594119257444
2020-11-11 00:00:00-05:00,98.96644941951813
2020-11-12 00:00:00-05:00,96.6020061481541
2020-11-13 00:00:00-05:00,96.28853601992
2020-11-16 00:00:00-05:00,98.9127206824925
2020-11-17 00:00:00-05:00,100.13076916784921
2020-11-18 00:00:00-05:00,103.89237966626973
2020-11-19 00:00:00-05:00,102.64747109802278
2020-11-20 00:00:00-05:00,103.38186860171065
2020-11-23 00:00:00-05:00,102.83556444387553
2020-11-24 00:00:00-05:00,104.78801058436555
2020-11-25 00:00:00-05:00,105.62989962196649
2020-11-27 00:00:00-05:00,104.84174143779138
2020-11-30 00:00:00-05:00,103.62369620709484
2020-12-01 00:00:00-05:00,105.21791133873056
2020-12-02 00:00:00-05:00,106.13144369370126
2020-12-03 00:00:00-05:00,106.58822674684261
2020-12-04 00:00:00-05:00,106.26578945126651
2020-12-07 00:00:00-05:00,108.46903913893853
2020-12-08 00:00:00-05:00,105.95231999145568
2020-12-09 00:00:00-05:00,107.73461261157502
2020-12-10 00:00:00-05:00,105.95232633963442
2020-12-11 00:00:00-05:00,104.65367206922099
2020-12-14 00:00:00-05:00,105.6746648639978
2020-12-15 00:00:00-05:00,103.79387124409395
2020-12-16 00:00:00-05:00,103.6147491140949
2020-12-17 00:00:00-05:00,102.9430307301643
2020-12-18 00:00:00-05:00,103.65952897364957
2020-12-21 00:00:00-05:00,101.61750209216208
2020-12-22 00:00:00-05:00,103.22066772271396
2020-12-23 00:00:00-05:00,102.27129089550634
2020-12-24 00:00:00-05:00,101.65331369279296
2020-12-28 00:00:00-05:00,103.18484710313984
2020-12-29 00:00:00-05:00,101.72498234566206
2020-12-30 00:00:00-05:00,101.20685130930896
2020-12-31 00:00:00-05:00,102.77190799087445
2021-01-04 00:00:00-05:00,104.07611782399155
2021-01-05 00:00:00-05:00,101.1978792096651
2021-01-06 00:00:00-05:00,105.72212176853856
2021-01-07 00:00:00-05:00,108.77128195333478
2021-01-08 00:00:00-05:00,110.18343091875728
2021-01-11 00:00:00-05:00,107.68294197287953
2021-01-12 00:00:00-05:00,107.17925471082285
2021-01-13 00:00:00-05:00,110.33635094296602
2021-01-14 00:00:00-05:00,109.85961976516182
2021-01-15 00:00:00-05:00,108.75328469736571
2021-01-19 00:00:00-05:00,103.41052596981535
2021-01-20 00:00:00-05:00,104.96658784143281
2021-01-21 00:00:00-05:00,104.30097743739253
2021-01-22 00:00:00-05:00,102.6459869743273
2021-01-25 00:00:00-05:00,102.03434086926337
2021-01-26 00:00:00-05:00,102.72694369874965
2021-01-27 00:00:00-05:00,97.75294961861916
2021-01-28 00:00:00-05:00,98.09472399115533
2021-01-29 00:00:00-05:00,97.26722553803494
2021-02-01 00:00:00-05:00,98.61641415139525
2021-02-02 00:00:00-05:00,99.76772400303621
2021-02-03 00:00:00-05:00,100.26241970155573
2021-02-04 00:00:00-05:00,99.75872781472975
2021-02-05 00:00:00-05:00,103.57242078342189
2021-02-08 00:00:00-05:00,104.24701555842631
2021-02-09 00:00:00-05:00,105.10149073607188
2021-02-10 00:00:00-05:00,100.83807225666591
2021-02-11 00:00:00-05:00,98.08573076081925
2021-02-12 00:00:00-05:00,98.98521527365388
2021-02-16 00:00:00-05:00,97.99580399687265
2021-02-17 00:00:00-05:00,96.93444106323247
2021-02-18 00:00:00-05:00,95.40535707733765
2021-02-19 00:00:00-05:00,94.47890823908901
2021-02-22 00:00:00-05:00,94.370989209398
2021-02-23 00:00:00-05:00,94.51489700407961
2021-02-24 00:00:00-05:00,94.48792803078824
2021-02-25 00:00:00-05:00,94.14610875674727
2021-02-26 00:00:00-05:00,91.80752739884923
2021-03-01 00:00:00-05:00,92.56307846636898
2021-03-02 00:00:00-05:00,96.1159352326313
2021-03-03 00:00:00-05:00,94.66780152652743
2021-03-04 00:00:00-05:00,92.82391677431166
2021-03-05 00:00:00-05:00,91.6276385250588
2021-03-08 00:00:00-05:00,92.82389850675364
2021-03-09 00:00:00-05:00,93.39057630369508
2021-03-10 00:00:00-05:00,95.18047002191058
2021-03-11 00:00:00-05:00,96.44874566135977
2021-03-12 00:00:00-05:00,97.45610871864068
2021-03-15 00:00:00-04:00,98.94022965918323
2021-03-16 00:00:00-04:00,100.87406688571825
2021-03-17 00:00:00-04:00,97.37517590295877
2021-03-18 00:00:00-04:00,98.31060548996733
2021-03-19 00:00:00-04:00,99.3899471114733
2021-03-22 00:00:00-04:00,98.91323020487644
2021-03-23 00:00:00-04:00,98.60741973209637
2021-03-24 00:00:00-04:00,97.41116986252004
2021-03-25 00:00:00-04:00,98.10370360079281
2021-03-26 00:00:00-04:00,100.53225602043108
2021-03-29 00:00:00-04:00,102.00736404459175
2021-03-30 00:00:00-04:00,101.16099587312134
2021-03-31 00:00:00-04:00,100.28479498150175
2021-04-01 00:00:00-04:00,100.61902072726144
2021-04-05 00:00:00-04:00,101.79331610179476
2021-04-06 00:00:00-04:00,102.40756183143871
2021-04-07 00:00:00-04:00,102.06431400169804
2021-04-08 00:00:00-04:00,100.79063625006324
2021-04-09 00:00:00-04:00,101.17906415785349
2021-04-12 00:00:00-04:00,101.4139228972451
2021-04-13 00:00:00-04:00,101.3145706445172
2021-04-14 00:00:00-04:00,99.87831881347755
2021-04-15 00:00:00-04:00,101.233251095888
2021-04-16 00:00:00-04:00,102.64241614248556
2021-04-19 00:00:00-04:00,102.87727859165923
2021-04-20 00:00:00-04:00,102.01009512254382
2021-04-21 00:00:00-04:00,101.86556291516949
2021-04-22 00:00:00-04:00,103.51860387473405
2021-04-23 00:00:00-04:00,102.86823924639158
2021-04-26 00:00:00-04:00,105.22586273039983
2021-04-27 00:00:00-04:00,106.17432991280793
2021-04-28 00:00:00-04:00,107.26733882720539
2021-04-29 00:00:00-04:00,108.39644701080103
2021-04-30 00:00:00-04:00,108.34226897694988
2021-05-03 00:00:00-04:00,107.86351751702425
2021-05-04 00:00:00-04:00,106.74339728161638
2021-05-05 00:00:00-04:00,108.6493683848417
2021-05-06 00:00:00-04:00,102.47078787184194
2021-05-07 00:00:00-04:00,106.22852679042305
2021-05-10 00:00:00-04:00,110.13081412525969
2021-05-11 00:00:00-04:00,105.33426883221296
2021-05-12 00:00:00-04:00,105.33426557480253
2021-05-13 00:00:00-04:00,103.8799373296436
2021-05-14 00:00:00-04:00,105.90333946233297
2021-05-17 00:00:00-04:00,106.60791536961172
2021-05-18 00:00:00-04:00,106.57178453844999
2021-05-19 00:00:00-04:00,105.15359197640198
2021-05-20 00:00:00-04:00,105.28006669023009
2021-05-21 00:00:00-04:00,105.93042051657176
2021-05-24 00:00:00-04:00,106.44533124265774
2021-05-25 00:00:00-04:00,105.52396295798182
2021-05-26 00:00:00-04:00,104.34965639322056
2021-05-27 00:00:00-04:00,105.23490672533372
2021-05-28 00:00:00-04:00,105.26196988262147
2021-06-01 00:00:00-04:00,106.59889364513961
2021-06-02 00:00:00-04:00,107.33959299781834
2021-06-03 00:00:00-04:00,105.7859180198629
2021-06-04 00:00:00-04:00,106.62598388013802
2021-06-07 00:00:00-04:00,107.23119865176275
2021-06-08 00:00:00-04:00,106.92407275723791
2021-06-09 00:00:00-04:00,107.73705158087638
2021-06-10 00:00:00-04:00,107.48410681155897
2021-06-11 00:00:00-04:00,107.84544532232222
2021-06-14 00:00:00-04:00,107.872541945325
2021-06-15 00:00:00-04:00,107.23119161213978
2021-06-16 00:00:00-04:00,107.3937952712552
2021-06-17 00:00:00-04:00,105.76784159042045
2021-06-18 00:00:00-04:00,105.17166474410419
2021-06-21 00:00:00-04:00,101.99203618471223
2021-06-22 00:00:00-04:00,103.36505749046798
2021-06-23 00:00:00-04:00,103.87993927480204
2021-06-24 00:00:00-04:00,101.9739610414089
2021-06-25 00:00:00-04:00,102.74179686642813
2021-06-28 00:00:00-04:00,101.02549914263979
2021-06-29 00:00:00-04:00,100.02535279739804
2021-06-30 00:00:00-04:00,98.55559579511969
2021-07-01 00:00:00-04:00,98.82778392091116
2021-07-02 00:00:00-04:00,98.66448011366272
2021-07-06 00:00:00-04:00,98.19270571163703
2021-07-07 00:00:00-04:00,96.5868543502063
2021-07-08 00:00:00-04:00,94.5092411894229
2021-07-09 00:00:00-04:00,96.85903263795902
2021-07-12 00:00:00-04:00,97.17656243647171
2021-07-13 00:00:00-04:00,98.57374627803821
2021-07-14 00:00:00-04:00,97.55761096529481
2021-07-15 00:00:00-04:00,96.55055715450739
2021-07-16 00:00:00-04:00,97.56668343285828
2021-07-19 00:00:00-04:00,93.63827097057163
2021-07-20 00:00:00-04:00,93.30257290280404
2021-07-21 00:00:00-04:00,94.74510380027522
2021-07-22 00:00:00-04:00,95.63423225462135
2021-07-23 00:00:00-04:00,96.48705291748047
2021-07-26 00:00:00-04:00,96.2602423856331
2021-07-27 00:00:00-04:00,96.1150753671843
2021-07-28 00:00:00-04:00,96.55963410805859
2021-07-29 00:00:00-04:00,97.7844476787308
2021-07-30 00:00:00-04:00,96.97697685696667
2021-08-02 00:00:00-04:00,97.33080396183021
2021-08-03 00:00:00-04:00,96.90439868819152
2021-08-04 00:00:00-04:00,95.57979478633001
2021-08-05 00:00:00-04:00,88.8932916598745
2021-08-06 00:00:00-04:00,84.91042151977317
2021-08-09 00:00:00-04:00,86.74308689162031
2021-08-10 00:00:00-04:00,87.14228318357738
2021-08-11 00:00:00-04:00,87.03340532735977
2021-08-12 00:00:00-04:00,86.68864962007873
2021-08-13 00:00:00-04:00,86.08985339738045
2021-08-16 00:00:00-04:00,84.8650729357962
2021-08-17 00:00:00-04:00,83.6856095189326
2021-08-18 00:00:00-04:00,83.83078386627587
2021-08-19 00:00:00-04:00,82.08884845590265
2021-08-20 00:00:00-04:00,80.2471095396582
2021-08-23 00:00:00-04:00,80.03843976969489
2021-08-24 00:00:00-04:00,81.42653420608562
2021-08-25 00:00:00-04:00,82.57875628674502
2021-08-26 00:00:00-04:00,84.82876243475177
2021-08-27 00:00:00-04:00,84.69269127546869
2021-08-30 00:00:00-04:00,84.66545867919922
2021-08-31 00:00:00-04:00,84.74710978224132
2021-09-01 00:00:00-04:00,84.96486032341764
2021-09-02 00:00:00-04:00,86.1805805573737
2021-09-03 00:00:00-04:00,87.55961198540665
2021-09-07 00:00:00-04:00,86.24408646082807
2021-09-08 00:00:00-04:00,86.75215898141255
2021-09-09 00:00:00-04:00,87.32372743655473
2021-09-10 00:00:00-04:00,89.14732523136703
2021-09-13 00:00:00-04:00,89.70981556813533
2021-09-14 00:00:00-04:00,89.49207545534753
2021-09-15 00:00:00-04:00,87.86808170541423
2021-09-16 00:00:00-04:00,88.52131578306799
2021-09-17 00:00:00-04:00,87.27836480857384
2021-09-20 00:00:00-04:00,84.45678427611762
2021-09-21 00:00:00-04:00,86.2440837866293
2021-09-22 00:00:00-04:00,85.55457685600597
2021-09-23 00:00:00-04:00,85.9265421573324
2021-09-24 00:00:00-04:00,85.56364102272052
2021-09-27 00:00:00-04:00,85.88119816845395
2021-09-28 00:00:00-04:00,86.92453542299099
2021-09-29 00:00:00-04:00,85.09134578801168
2021-09-30 00:00:00-04:00,85.2281502417925
2021-10-01 00:00:00-04:00,84.02442107989067
2021-10-04 00:00:00-04:00,84.1247235414764
2021-10-05 00:00:00-04:00,82.9574538575259
2021-10-06 00:00:00-04:00,82.21880681472318
2021-10-07 00:00:00-04:00,82.31000201174393
2021-10-08 00:00:00-04:00,81.97259042246004
2021-10-11 00:00:00-04:00,81.04243678121469
2021-10-12 00:00:00-04:00,80.72326894034784
2021-10-13 00:00:00-04:00,80.56821647606014
2021-10-14 00:00:00-04:00,81.42543827185224
2021-10-15 00:00:00-04:00,84.24327944062871
2021-10-18 00:00:00-04:00,84.44389712373336
2021-10-19 00:00:00-04:00,84.35269702571969
2021-10-20 00:00:00-04:00,83.93322561238392
2021-10-21 00:00:00-04:00,84.54420889051985
2021-10-22 00:00:00-04:00,85.4287819090582
2021-10-25 00:00:00-04:00,85.28284836200764
2021-10-26 00:00:00-04:00,85.41053030111158
2021-10-27 00:00:00-04:00,84.34359582513231
2021-10-28 00:00:00-04:00,83.6961172149272
2021-10-29 00:00:00-04:00,84.52595446506986
2021-11-01 00:00:00-04:00,83.49550136916673
2021-11-02 00:00:00-04:00,85.27374980123463
2021-11-03 00:00:00-04:00,88.5657763399977
2021-11-04 00:00:00-04:00,97.27461495405583
2021-11-05 00:00:00-04:00,95.64228200356993
2021-11-08 00:00:00-05:00,97.42053487637777
2021-11-09 00:00:00-05:00,95.75172320992502
2021-11-10 00:00:00-05:00,97.33847401886399
2021-11-11 00:00:00-05:00,96.5906929437096
2021-11-12 00:00:00-05:00,96.49948901897675
2021-11-15 00:00:00-05:00,96.73658771977179
2021-11-16 00:00:00-05:00,97.25639217677741
2021-11-17 00:00:00-05:00,95.76082361814036
2021-11-18 00:00:00-05:00,95.87939719028203
2021-11-19 00:00:00-05:00,95.38695132504506
2021-11-22 00:00:00-05:00,95.17719231438997
2021-11-23 00:00:00-05:00,95.14983791581129
2021-11-24 00:00:00-05:00,95.00394705220627
2021-11-26 00:00:00-05:00,92.669429973014
2021-11-29 00:00:00-05:00,95.96145985043593
2021-11-30 00:00:00-05:00,93.51751373551045
2021-12-01 00:00:00-05:00,93.56309824946437
2021-12-02 00:00:00-05:00,91.95812377192222
2021-12-03 00:00:00-05:00,94.87626937308819
2021-12-06 00:00:00-05:00,95.9158474157554
2021-12-07 00:00:00-05:00,97.1469608889391
2021-12-08 00:00:00-05:00,97.86737625151946
2021-12-09 00:00:00-05:00,98.43277486218098
2021-12-10 00:00:00-05:00,99.14406120942658
2021-12-13 00:00:00-05:00,98.1956601980492
2021-12-14 00:00:00-05:00,95.73348571902736
2021-12-15 00:00:00-05:00,95.23193119149222
2021-12-16 00:00:00-05:00,96.34447190118615
2021-12-17 00:00:00-05:00,95.56933878132537
2021-12-20 00:00:00-05:00,93.80932461235201
2021-12-21 00:00:00-05:00,94.119375750241
2021-12-22 00:00:00-05:00,96.20766736407613
2021-12-23 00:00:00-05:00,98.26862156256692
2021-12-27 00:00:00-05:00,99.46323858359273
2021-12-28 00:00:00-05:00,99.15318667941598
2021-12-29 00:00:00-05:00,99.87359386277049
2021-12-30 00:00:00-05:00,99.91078653286608
2021-12-31 00:00:00-05:00,100.29565169084984
2022-01-03 00:00:00-05:00,101.31281507200718
2022-01-04 00:00:00-05:00,100.44229446737363
2022-01-05 00:00:00-05:00,102.51325809849648
2022-01-06 00:00:00-05:00,100.87295589609496
2022-01-07 00:00:00-05:00,99.1135565914097
2022-01-10 00:00:00-05:00,98.79284138442935
2022-01-11 00:00:00-05:00,99.30599222418603
2022-01-12 00:00:00-05:00,101.92678503191604
2022-01-13 00:00:00-05:00,102.08255927365728
2022-01-14 00:00:00-05:00,102.95309378228778
2022-01-18 00:00:00-05:00,103.6770357306634
2022-01-19 00:00:00-05:00,102.00008952712669
2022-01-20 00:00:00-05:00,102.15587974342931
2022-01-21 00:00:00-05:00,99.8833127371219
2022-01-24 00:00:00-05:00,98.05059148052376
2022-01-25 00:00:00-05:00,96.73101359587628
2022-01-26 00:00:00-05:00,99.34263893747514
2022-01-27 00:00:00-05:00,99.72752747766941
2022-01-28 00:00:00-05:00,98.82033135310836
2022-01-31 00:00:00-05:00,99.56256885708065
2022-02-01 00:00:00-05:00,101.19371286193467
2022-02-02 00:00:00-05:00,102.17419610801326
2022-02-03 00:00:00-05:00,102.46743502246127
2022-02-04 00:00:00-05:00,100.92793804867924
2022-02-07 00:00:00-05:00,101.37696626945632
2022-02-08 00:00:00-05:00,99.63588563646225
2022-02-09 00:00:00-05:00,103.87862704726315
2022-02-10 00:00:00-05:00,107.80064153000468
2022-02-11 00:00:00-05:00,107.61737828349905
2022-02-14 00:00:00-05:00,107.68152198868907
2022-02-15 00:00:00-05:00,106.9850896120267
2022-02-16 00:00:00-05:00,107.79149659509646
2022-02-17 00:00:00-05:00,108.43293892825199
2022-02-18 00:00:00-05:00,108.49708677241404
2022-02-22 00:00:00-05:00,106.66435967398047
2022-02-23 00:00:00-05:00,106.40777730676973
2022-02-24 00:00:00-05:00,103.0355793929289
2022-02-25 00:00:00-05:00,106.19701869765946
2022-02-28 00:00:00-05:00,106.0778926450239
2022-03-01 00:00:00-05:00,107.39745558783223
2022-03-02 00:00:00-05:00,107.434110005405
2022-03-03 00:00:00-05:00,110.28398797130767
2022-03-04 00:00:00-05:00,109.37678947493912
2022-03-07 00:00:00-05:00,111.65853473008023
2022-03-08 00:00:00-05:00,108.46959545559673
2022-03-09 00:00:00-05:00,108.69868189918343
2022-03-10 00:00:00-05:00,109.15686619670974
2022-03-11 00:00:00-05:00,113.30798405866548
2022-03-14 00:00:00-04:00,114.38012500807085
2022-03-15 00:00:00-04:00,115.61719405830928
2022-03-16 00:00:00-04:00,117.37662469549906
2022-03-17 00:00:00-04:00,115.1681800593543
2022-03-18 00:00:00-04:00,118.71452398481958
2022-03-21 00:00:00-04:00,119.98825674313835
2022-03-22 00:00:00-04:00,119.49340985308679
2022-03-23 00:00:00-04:00,120.23567966758182
2022-03-24 00:00:00-04:00,120.95958889164767
2022-03-25 00:00:00-04:00,122.49906419296612
2022-03-28 00:00:00-04:00,124.50590548031862
2022-03-29 00:00:00-04:00,122.79233418033041
2022-03-30 00:00:00-04:00,120.54120553016938
2022-03-31 00:00:00-04:00,120.46757783036246
2022-04-01 00:00:00-04:00,122.13295158526832
2022-04-04 00:00:00-04:00,121.01045162489635
2022-04-05 00:00:00-04:00,122.36297063531482
2022-04-06 00:00:00-04:00,123.45788422424638
2022-04-07 00:00:00-04:00,123.86271912647209
2022-04-08 00:00:00-04:00,125.83173318874462
2022-04-11 00:00:00-04:00,127.39588380631004
2022-04-12 00:00:00-04:00,126.07095580312726
2022-04-13 00:00:00-04:00,126.95422365424673
2022-04-14 00:00:00-04:00,126.61383413256797
2022-04-18 00:00:00-04:00,126.35617614662631
2022-04-19 00:00:00-04:00,126.65060415532903
2022-04-20 00:00:00-04:00,128.3251763902914
2022-04-21 00:00:00-04:00,129.20844844808457
2022-04-22 00:00:00-04:00,125.45448757572426
2022-04-25 00:00:00-04:00,120.55959837330707
2022-04-26 00:00:00-04:00,121.4704845566432
2022-04-27 00:00:00-04:00,121.0748385962739
2022-04-28 00:00:00-04:00,123.06224851175827
2022-04-29 00:00:00-04:00,124.21236801244649
2022-05-02 00:00:00-04:00,122.52859871966965
2022-05-03 00:00:00-04:00,118.82981331365536
2022-05-04 00:00:00-04:00,114.27537422852834
2022-05-05 00:00:00-04:00,112.32479038545945
2022-05-06 00:00:00-04:00,108.58921286087687
2022-05-09 00:00:00-04:00,107.6507198193861
2022-05-10 00:00:00-04:00,106.02216457061067
2022-05-11 00:00:00-04:00,103.91514251033223
2022-05-12 00:00:00-04:00,105.14807857260851
2022-05-13 00:00:00-04:00,106.22458143843846
2022-05-16 00:00:00-04:00,107.43908265203248
2022-05-17 00:00:00-04:00,109.40809963822836
2022-05-18 00:00:00-04:00,108.99404144847803
2022-05-19 00:00:00-04:00,108.2027722939868
2022-05-20 00:00:00-04:00,112.80321638246184
2022-05-23 00:00:00-04:00,111.20225905504847
2022-05-24 00:00:00-04:00,112.92284511538854
2022-05-25 00:00:00-04:00,113.30927888942264
2022-05-26 00:00:00-04:00,113.67732792691957
2022-05-27 00:00:00-04:00,114.09135644287251
2022-05-31 00:00:00-04:00,114.26617619962207
2022-06-01 00:00:00-04:00,112.77563147990797
2022-06-02 00:00:00-04:00,112.52719673427879
2022-06-03 00:00:00-04:00,114.81823795039335
2022-06-06 00:00:00-04:00,112.35238687112593
2022-06-07 00:00:00-04:00,110.20857229967656
2022-06-08 00:00:00-04:00,110.39259659716805
2022-06-09 00:00:00-04:00,107.6783061793619
2022-06-10 00:00:00-04:00,104.6052164183886
2022-06-13 00:00:00-04:00,100.85123720378762
2022-06-14 00:00:00-04:00,99.51710693681179
2022-06-15 00:00:00-04:00,100.81443240012936
2022-06-16 00:00:00-04:00,96.47160128721384
2022-06-17 00:00:00-04:00,95.98395509275679
2022-06-21 00:00:00-04:00,99.49869479585395
2022-06-22 00:00:00-04:00,97.60331420017026
2022-06-23 00:00:00-04:00,98.69821935146022
2022-06-24 00:00:00-04:00,95.96556705070309
2022-06-27 00:00:00-04:00,100.00475250412103
2022-06-28 00:00:00-04:00,101.2008644953773
2022-06-29 00:00:00-04:00,99.74976031328242
2022-06-30 00:00:00-04:00,98.88985241152713
2022-07-01 00:00:00-04:00,98.22410685093315
2022-07-05 00:00:00-04:00,97.33645899154925
2022-07-06 00:00:00-04:00,96.27312741517895
2022-07-07 00:00:00-04:00,96.77243452252276
2022-07-08 00:00:00-04:00,96.95735521413575
2022-07-11 00:00:00-04:00,95.88477793212151
2022-07-12 00:00:00-04:00,96.11592883347909
2022-07-13 00:00:00-04:00,93.83209469054115
2022-07-14 00:00:00-04:00,93.0184043888601
2022-07-15 00:00:00-04:00,93.99852325943978
2022-07-18 00:00:00-04:00,94.28516465519992
2022-07-19 00:00:00-04:00,93.70262278076339
2022-07-20 00:00:00-04:00,96.59675173496167
2022-07-21 00:00:00-04:00,96.18065976769299
2022-07-22 00:00:00-04:00,98.14088654474394
2022-07-25 00:00:00-04:00,98.60321252018281
2022-07-26 00:00:00-04:00,99.54634188053002
2022-07-27 00:00:00-04:00,99.0192985882437
2022-07-28 00:00:00-04:00,102.40345477905213
2022-07-29 00:00:00-04:00,102.70859930663164
2022-08-01 00:00:00-04:00,102.16305756159088
2022-08-02 00:00:00-04:00,100.40624179778145
2022-08-03 00:00:00-04:00,99.25045599312766
2022-08-04 00:00:00-04:00,100.78533668542276
2022-08-05 00:00:00-04:00,97.40119424726852
2022-08-08 00:00:00-04:00,99.37066418192757
2022-08-09 00:00:00-04:00,100.04563633778831
2022-08-10 00:00:00-04:00,101.06274824425165
2022-08-11 00:00:00-04:00,101.83943556650142
2022-08-12 00:00:00-04:00,101.65451696926031
2022-08-15 00:00:00-04:00,102.31100150401075
2022-08-16 00:00:00-04:00,103.83666206180038
2022-08-17 00:00:00-04:00,103.94760514361815
2022-08-18 00:00:00-04:00,104.62257899869648
2022-08-19 00:00:00-04:00,103.92911571104074
2022-08-22 00:00:00-04:00,101.86717693552134
2022-08-23 00:00:00-04:00,100.93329939295378
2022-08-24 00:00:00-04:00,104.94621379987689
2022-08-25 00:00:00-04:00,106.88795726438566
2022-08-26 00:00:00-04:00,109.43069531987595
2022-08-29 00:00:00-04:00,104.16028470026065
2022-08-30 00:00:00-04:00,104.27122576475205
2022-08-31 00:00:00-04:00,101.20143186509794
2022-09-01 00:00:00-04:00,98.57548053590692
2022-09-02 00:00:00-04:00,99.86071954277536
2022-09-06 00:00:00-04:00,98.99155047947924
2022-09-07 00:00:00-04:00,96.76317759854587
2022-09-08 00:00:00-04:00,99.24121033118769
2022-09-09 00:00:00-04:00,102.96749560592357
2022-09-12 00:00:00-04:00,104.79827998252892
2022-09-13 00:00:00-04:00,102.33874830360917
2022-09-14 00:00:00-04:00,101.92266295742722
2022-09-15 00:00:00-04:00,102.32948338095524
2022-09-16 00:00:00-04:00,98.21487747421779
2022-09-19 00:00:00-04:00,96.3378599360606
2022-09-20 00:00:00-04:00,98.29807130395822
2022-09-21 00:00:00-04:00,99.25045754048045
2022-09-22 00:00:00-04:00,98.12241153478664
2022-09-23 00:00:00-04:00,97.26250123275913
2022-09-26 00:00:00-04:00,96.43956853349903
2022-09-27 00:00:00-04:00,97.00358575088238
2022-09-28 00:00:00-04:00,97.42892424523139
2022-09-29 00:00:00-04:00,99.64526565172615
2022-09-30 00:00:00-04:00,98.51166992551009
2022-10-03 00:00:00-04:00,99.94261852324736
2022-10-04 00:00:00-04:00,103.05537574217435
2022-10-05 00:00:00-04:00,103.45492389157612
2022-10-06 00:00:00-04:00,103.57570080975331
2022-10-07 00:00:00-04:00,103.40845706932473
2022-10-10 00:00:00-04:00,103.4270444825402
2022-10-11 00:00:00-04:00,103.94739020852073
2022-10-12 00:00:00-04:00,104.76506679079455
2022-10-13 00:00:00-04:00,104.53276537600993
2022-10-14 00:00:00-04:00,108.87202999943031
2022-10-17 00:00:00-04:00,104.82082568580907
2022-10-18 00:00:00-04:00,108.87203931946684
2022-10-19 00:00:00-04:00,108.92779352631294
2022-10-20 00:00:00-04:00,109.13220026037372
2022-10-21 00:00:00-04:00,107.05083597283127
2022-10-24 00:00:00-04:00,109.03929808241529
2022-10-25 00:00:00-04:00,107.22738750369138
2022-10-26 00:00:00-04:00,110.70252204832524
2022-10-27 00:00:00-04:00,110.29369112725392
2022-10-28 00:00:00-04:00,110.25652474679286
2022-10-31 00:00:00-04:00,109.28088699175174
2022-11-01 00:00:00-04:00,111.01845729593569
2022-11-02 00:00:00-04:00,114.12189968958397
2022-11-03 00:00:00-04:00,109.4388328487809
2022-11-04 00:00:00-04:00,116.53777403903314
2022-11-07 00:00:00-05:00,115.8130187459619
2022-11-08 00:00:00-05:00,116.15681861396277
2022-11-09 00:00:00-05:00,117.52271019585184
2022-11-10 00:00:00-05:00,120.0129117183712
2022-11-11 00:00:00-05:00,118.44260124825352
2022-11-14 00:00:00-05:00,116.47272376920228
2022-11-15 00:00:00-05:00,120.12440946551463
2022-11-16 00:00:00-05:00,118.90718749280916
2022-11-17 00:00:00-05:00,116.1475127515168
2022-11-18 00:00:00-05:00,119.34390119447995
2022-11-21 00:00:00-05:00,117.34616702738359
2022-11-22 00:00:00-05:00,119.418234481556
2022-11-23 00:00:00-05:00,119.2974354191302
2022-11-25 00:00:00-05:00,119.08372538519703
2022-11-28 00:00:00-05:00,119.02798849936298
2022-11-29 00:00:00-05:00,118.62842795164148
2022-11-30 00:00:00-05:00,118.99080559584384
2022-12-01 00:00:00-05:00,121.72259490713414
2022-12-02 00:00:00-05:00,120.31955465585297
2022-12-05 00:00:00-05:00,124.03627972021592
2022-12-06 00:00:00-05:00,121.75046605374564
2022-12-07 00:00:00-05:00,118.8049768612519
2022-12-08 00:00:00-05:00,119.98503019196194
2022-12-09 00:00:00-05:00,118.92576855468602
2022-12-12 00:00:00-05:00,117.81075861889535
2022-12-13 00:00:00-05:00,119.51113794749305
2022-12-14 00:00:00-05:00,118.82356353124926
2022-12-15 00:00:00-05:00,116.77936483185034
2022-12-16 00:00:00-05:00,115.26480578181899
2022-12-19 00:00:00-05:00,115.68291817996558
2022-12-20 00:00:00-05:00,114.4285288008731
2022-12-21 00:00:00-05:00,115.88735562927128
2022-12-22 00:00:00-05:00,116.02672162107638
2022-12-23 00:00:00-05:00,115.75727184185871
2022-12-27 00:00:00-05:00,118.20101738165765
2022-12-28 00:00:00-05:00,117.30900480591863
2022-12-29 00:00:00-05:00,116.28903127481492
2022-12-30 00:00:00-05:00,116.27968001530317
2023-01-03 00:00:00-05:00,116.56908889879557
2023-01-04 00:00:00-05:00,116.6064221695246
2023-01-05 00:00:00-05:00,114.03923696352778
2023-01-06 00:00:00-05:00,115.05677919689221
2023-01-09 00:00:00-05:00,118.18408432244874
2023-01-10 00:00:00-05:00,120.89130720875245
2023-01-11 00:00:00-05:00,121.63812342603481
2023-01-12 00:00:00-05:00,122.82369271397584
2023-01-13 00:00:00-05:00,120.1071416825234
2023-01-17 00:00:00-05:00,121.65679680010133
2023-01-18 00:00:00-05:00,121.0126589608153
2023-01-19 00:00:00-05:00,118.01604456806591
2023-01-20 00:00:00-05:00,118.57616101604278
2023-01-23 00:00:00-05:00,119.85507975581113
2023-01-24 00:00:00-05:00,118.18407908414778
2023-01-25 00:00:00-05:00,119.38832942105863
2023-01-26 00:00:00-05:00,120.48055453849126
2023-01-27 00:00:00-05:00,121.92751505651009
2023-01-30 00:00:00-05:00,123.22512354068571
2023-01-31 00:00:00-05:00,121.68478942596712
2023-02-01 00:00:00-05:00,123.96258730098727
2023-02-02 00:00:00-05:00,122.38494524821988
2023-02-03 00:00:00-05:00,120.00446060968727
2023-02-06 00:00:00-05:00,118.52947898905654
2023-02-07 00:00:00-05:00,117.37191185251169
2023-02-08 00:00:00-05:00,118.26809312276778
2023-02-09 00:00:00-05:00,120.90062474379292
2023-02-10 00:00:00-05:00,120.77926624448126
2023-02-13 00:00:00-05:00,122.4782806308641
2023-02-14 00:00:00-05:00,120.32185899373135
2023-02-15 00:00:00-05:00,119.53769669221921
2023-02-16 00:00:00-05:00,119.55636759662221
2023-02-17 00:00:00-05:00,120.35918733552552
2023-02-21 00:00:00-05:00,119.42566959097678
2023-02-22 00:00:00-05:00,118.15607063961987
2023-02-23 00:00:00-05:00,120.06980230248912
2023-02-24 00:00:00-05:00,119.36966044007782
2023-02-27 00:00:00-05:00,120.71392703025778
2023-02-28 00:00:00-05:00,120.71390420559823
2023-03-01 00:00:00-05:00,120.30317764913988
2023-03-02 00:00:00-05:00,119.7150584905382
2023-03-03 00:00:00-05:00,120.5552382576153
2023-03-06 00:00:00-05:00,119.30430575340495
2023-03-07 00:00:00-05:00,117.25988646940644
2023-03-08 00:00:00-05:00,117.83868670202303
2023-03-09 00:00:00-05:00,119.35098606714973
2023-03-10 00:00:00-05:00,114.5900120490772
2023-03-13 00:00:00-04:00,110.97726778893096
2023-03-14 00:00:00-04:00,113.3764369328528
2023-03-15 00:00:00-04:00,109.71702194046392
2023-03-16 00:00:00-04:00,106.95378832495338
2023-03-17 00:00:00-04:00,109.23158694161718
2023-03-20 00:00:00-04:00,109.28760251327476
2023-03-21 00:00:00-04:00,112.41489161599877
2023-03-22 00:00:00-04:00,113.42310754693571
2023-03-23 00:00:00-04:00,110.33314302676335
2023-03-24 00:00:00-04:00,108.4007547578469
2023-03-27 00:00:00-04:00,111.19198922106101
2023-03-28 00:00:00-04:00,110.74389047707203
2023-03-29 00:00:00-04:00,112.5456042568027
2023-03-30 00:00:00-04:00,113.81946619056103
2023-03-31 00:00:00-04:00,113.85698535511166
2023-04-03 00:00:00-04:00,115.05765646772805
2023-04-04 00:00:00-04:00,114.52297317771715
2023-04-05 00:00:00-04:00,113.75379542771934
2023-04-06 00:00:00-04:00,113.0784291603244
2023-04-10 00:00:00-04:00,109.83287788866146
2023-04-11 00:00:00-04:00,111.69015724365188
2023-04-12 00:00:00-04:00,113.6224785681448
2023-04-13 00:00:00-04:00,116.19264595553054
2023-04-14 00:00:00-04:00,116.16451090780276
2023-04-17 00:00:00-04:00,115.86434739944067
2023-04-18 00:00:00-04:00,116.85865488868885
2023-04-19 00:00:00-04:00,116.31460626775568
2023-04-20 00:00:00-04:00,115.29215788975104
2023-04-21 00:00:00-04:00,115.50790338106654
2023-04-24 00:00:00-04:00,116.09885031935721
2023-04-25 00:00:00-04:00,115.16083120604661
2023-04-26 00:00:00-04:00,113.60371700393469
2023-04-27 00:00:00-04:00,112.41243752257203
2023-04-28 00:00:00-04:00,113.92264219311612
2023-05-01 00:00:00-04:00,115.8455900824284
2023-05-02 00:00:00-04:00,111.43688580206201
2023-05-03 00:00:00-04:00,108.71663420777227
2023-05-04 00:00:00-04:00,106.40910509810848
2023-05-05 00:00:00-04:00,106.12768775719262
2023-05-08 00:00:00-04:00,107.37526291484798
2023-05-09 00:00:00-04:00,104.65501130696616
2023-05-10 00:00:00-04:00,104.86136097668687
2023-05-11 00:00:00-04:00,102.150476251378
2023-05-12 00:00:00-04:00,102.86338873626272
2023-05-15 00:00:00-04:00,103.30424319195265
2023-05-16 00:00:00-04:00,102.6851521408325
2023-05-17 00:00:00-04:00,101.8784559181383
2023-05-18 00:00:00-04:00,101.19370286586066
2023-05-19 00:00:00-04:00,102.44127597789593
2023-05-22 00:00:00-04:00,102.35685274234734
2023-05-23 00:00:00-04:00,100.95919448209617
2023-05-24 00:00:00-04:00,99.95552013469992
2023-05-25 00:00:00-04:00,97.80743836124519
2023-05-26 00:00:00-04:00,97.8262051365477
2023-05-30 00:00:00-04:00,96.841285784681
2023-05-31 00:00:00-04:00,97.13206911270228
2023-06-01 00:00:00-04:00,97.89186357057389
2023-06-02 00:00:00-04:00,99.4771282995644
2023-06-05 00:00:00-04:00,101.02485564137827
2023-06-06 00:00:00-04:00,99.90862782463294
2023-06-07 00:00:00-04:00,103.60441371835863
2023-06-08 00:00:00-04:00,104.27041245630467
2023-06-09 00:00:00-04:00,102.51631296624976
2023-06-12 00:00:00-04:00,99.08314848413805
2023-06-13 00:00:00-04:00,99.31766008456438
2023-06-14 00:00:00-04:00,99.6647375029256
2023-06-15 00:00:00-04:00,98.49219788156428
2023-06-16 00:00:00-04:00,99.72100754823472
2023-06-20 00:00:00-04:00,99.1394366909204
2023-06-21 00:00:00-04:00,98.54847835587549
2023-06-22 00:00:00-04:00,101.8221803897304
2023-06-23 00:00:00-04:00,100.57461309693547
2023-06-26 00:00:00-04:00,99.46774297593481
2023-06-27 00:00:00-04:00,99.66472403840773
2023-06-28 00:00:00-04:00,98.66105363594271
2023-06-29 00:00:00-04:00,97.20548241236712
2023-06-30 00:00:00-04:00,99.29957252240487
2023-07-03 00:00:00-04:00,98.1298951221286
2023-07-05 00:00:00-04:00,98.79019895046626
2023-07-06 00:00:00-04:00,96.05468507116598
2023-07-07 00:00:00-04:00,97.06398485709603
2023-07-10 00:00:00-04:00,90.5930614237667
2023-07-11 00:00:00-04:00,87.39531626101608
2023-07-12 00:00:00-04:00,89.61203686211407
2023-07-13 00:00:00-04:00,89.81956056464642
2023-07-14 00:00:00-04:00,90.85716378384632
2023-07-17 00:00:00-04:00,89.61202919016951
2023-07-18 00:00:00-04:00,90.36667023986767
2023-07-19 00:00:00-04:00,90.47985986346282
2023-07-20 00:00:00-04:00,91.15902867554225
2023-07-21 00:00:00-04:00,90.09311815600456
2023-07-24 00:00:00-04:00,88.82910131319723
2023-07-25 00:00:00-04:00,90.85718612757182
2023-07-26 00:00:00-04:00,89.87616236721354
2023-07-27 00:00:00-04:00,89.88559175464579
2023-07-28 00:00:00-04:00,90.88547245900864
2023-07-31 00:00:00-04:00,91.21561553712615
2023-08-01 00:00:00-04:00,90.14971894018659
2023-08-02 00:00:00-04:00,87.87640749603466
2023-08-03 00:00:00-04:00,86.32940748346726
2023-08-04 00:00:00-04:00,86.15962279614304
2023-08-07 00:00:00-04:00,86.28224041262663
2023-08-08 00:00:00-04:00,84.89561754058184
2023-08-09 00:00:00-04:00,83.94289427604932
2023-08-10 00:00:00-04:00,82.5091053396994
2023-08-11 00:00:00-04:00,82.61286167427097
2023-08-14 00:00:00-04:00,83.21657863918414
2023-08-15 00:00:00-04:00,83.86743668565605
2023-08-16 00:00:00-04:00,82.20726013183594
2023-08-17 00:00:00-04:00,82.42421472238505
2023-08-18 00:00:00-04:00,83.25430293622416
2023-08-21 00:00:00-04:00,83.67878799102458
2023-08-22 00:00:00-04:00,83.24486618953358
2023-08-23 00:00:00-04:00,83.34863216189572
2023-08-24 00:00:00-04:00,83.00905187677054
2023-08-25 00:00:00-04:00,83.73537668363014
2023-08-28 00:00:00-04:00,83.38635325249227
2023-08-29 00:00:00-04:00,83.93347315684747
2023-08-30 00:00:00-04:00,83.53728960554238
2023-08-31 00:00:00-04:00,83.53727150914375
2023-09-01 00:00:00-04:00,82.1317890086116
2023-09-05 00:00:00-04:00,80.49048177881457
2023-09-06 00:00:00-04:00,77.77380561675074
2023-09-07 00:00:00-04:00,76.5381138028265
2023-09-08 00:00:00-04:00,72.1329792279309
2023-09-11 00:00:00-04:00,71.58587472193452
2023-09-12 00:00:00-04:00,69.32198160200984
2023-09-13 00:00:00-04:00,71.23685386724948
2023-09-14 00:00:00-04:00,71.81225163542807
2023-09-15 00:00:00-04:00,71.21798768142756
2023-09-18 00:00:00-04:00,71.50097919082303
2023-09-19 00:00:00-04:00,69.80306480670798
2023-09-20 00:00:00-04:00,68.85978532144546
2023-09-21 00:00:00-04:00,66.69021812670074
2023-09-22 00:00:00-04:00,66.07709410700332
2023-09-25 00:00:00-04:00,63.61511646925411
2023-09-26 00:00:00-04:00,63.596249992509094
2023-09-27 00:00:00-04:00,63.596243775167615
2023-09-28 00:00:00-04:00,62.447036516945495
2023-09-29 00:00:00-04:00,63.37012785287813
2023-10-02 00:00:00-04:00,63.41770888901123
2023-10-03 00:00:00-04:00,61.47635128987683
2023-10-04 00:00:00-04:00,62.66591025939439
2023-10-05 00:00:00-04:00,61.476347153940786
2023-10-06 00:00:00-04:00,59.7729090952245
2023-10-09 00:00:00-04:00,59.7729065027159
2023-10-10 00:00:00-04:00,60.76262006536835
2023-10-11 00:00:00-04:00,61.35263680574542
2023-10-12 00:00:00-04:00,59.99178501820972
2023-10-13 00:00:00-04:00,59.04965299283513
2023-10-16 00:00:00-04:00,60.20114380621481
2023-10-17 00:00:00-04:00,60.705520125097976
2023-10-18 00:00:00-04:00,63.503360337898876
2023-10-19 00:00:00-04:00,62.64687130060023
2023-10-20 00:00:00-04:00,63.15125111330107
2023-10-23 00:00:00-04:00,47.734574106804104
2023-10-24 00:00:00-04:00,53.720437193085516
2023-10-25 00:00:00-04:00,53.36832632708071
2023-10-26 00:00:00-04:00,53.63478889807236
2023-10-27 00:00:00-04:00,54.824343848994786
2023-10-30 00:00:00-04:00,55.10032465489484
2023-10-31 00:00:00-04:00,53.453969517899026
2023-11-01 00:00:00-04:00,50.70371513162644
2023-11-02 00:00:00-04:00,48.04862087146787
2023-11-03 00:00:00-04:00,52.81637067122419
2023-11-06 00:00:00-05:00,52.62604068149558
2023-11-07 00:00:00-05:00,52.074092502128934
2023-11-08 00:00:00-05:00,51.426969375917245
2023-11-09 00:00:00-05:00,50.56096870870017
2023-11-10 00:00:00-05:00,47.59183143688353
2023-11-13 00:00:00-05:00,48.38169666909936
2023-11-14 00:00:00-05:00,49.50463671177871
2023-11-15 00:00:00-05:00,50.51338771030267
2023-11-16 00:00:00-05:00,53.292192957567686
2023-11-17 00:00:00-05:00,51.49358069651833
2023-11-20 00:00:00-05:00,51.027270546657476
2023-11-21 00:00:00-05:00,50.83694226195916
2023-11-22 00:00:00-05:00,50.44677095833002
2023-11-24 00:00:00-05:00,50.75130398919292
2023-11-27 00:00:00-05:00,49.96143414424016
2023-11-28 00:00:00-05:00,49.45705881139136
2023-11-29 00:00:00-05:00,50.07562849040352
2023-11-30 00:00:00-05:00,50.3991850271297
2023-12-01 00:00:00-05:00,51.41744658826003
2023-12-04 00:00:00-05:00,52.81637163908089
2023-12-05 00:00:00-05:00,52.407159463828414
2023-12-06 00:00:00-05:00,51.59826598085438
2023-12-07 00:00:00-05:00,52.27393059851011
2023-12-08 00:00:00-05:00,53.24461254135629
2023-12-11 00:00:00-05:00,52.96863395729559
2023-12-12 00:00:00-05:00,53.10186408499308
2023-12-13 00:00:00-05:00,51.90278828040567
2023-12-14 00:00:00-05:00,55.99486966552498
2023-12-15 00:00:00-05:00,57.09877361101202
2023-12-18 00:00:00-05:00,56.88941844854821
2023-12-19 00:00:00-05:00,57.003615023886674
2023-12-20 00:00:00-05:00,57.783966488742436
2023-12-21 00:00:00-05:00,57.64121888562807
2023-12-22 00:00:00-05:00,59.43982396519293
2023-12-26 00:00:00-05:00,59.953716244583255
2023-12-27 00:00:00-05:00,60.49615309074344
2023-12-28 00:00:00-05:00,61.15831045273647
2023-12-29 00:00:00-05:00,60.341967546791544
2024-01-02 00:00:00-05:00,60.32276476071742
2024-01-03 00:00:00-05:00,61.532869261403576
2024-01-04 00:00:00-05:00,59.19909049685088
2024-01-05 00:00:00-05:00,57.61443238359112
2024-01-08 00:00:00-05:00,57.99858904074088
2024-01-09 00:00:00-05:00,58.65166184208805
2024-01-10 00:00:00-05:00,57.55680488693276
2024-01-11 00:00:00-05:00,57.335917761217544
2024-01-12 00:00:00-05:00,57.1246239879787
2024-01-16 00:00:00-05:00,55.223033387829645
2024-01-17 00:00:00-05:00,53.98411276514309
2024-01-18 00:00:00-05:00,53.158168754457094
2024-01-19 00:00:00-05:00,52.98529738225949
2024-01-22 00:00:00-05:00,52.95648491844227
2024-01-23 00:00:00-05:00,55.223033283398756
2024-01-24 00:00:00-05:00,55.80887658068148
2024-01-25 00:00:00-05:00,55.223032341091674
2024-01-26 00:00:00-05:00,56.029769096831
2024-01-29 00:00:00-05:00,55.83769052668862
2024-01-30 00:00:00-05:00,54.95412370940769
2024-01-31 00:00:00-05:00,55.30947024437619
2024-02-01 00:00:00-05:00,56.02977292343151
2024-02-02 00:00:00-05:00,59.29513532884456
2024-02-05 00:00:00-05:00,57.624034487591814
2024-02-06 00:00:00-05:00,50.0368728965466
2024-02-07 00:00:00-05:00,51.391033509040234
2024-02-08 00:00:00-05:00,52.24579404649937
2024-02-09 00:00:00-05:00,49.83518486339059
2024-02-12 00:00:00-05:00,49.854394082951124
2024-02-13 00:00:00-05:00,50.13291044131322
2024-02-14 00:00:00-05:00,49.83518464597849
2024-02-15 00:00:00-05:00,49.50864932159913
2024-02-16 00:00:00-05:00,49.44142695389831
2024-02-20 00:00:00-05:00,49.74874728875843
2024-02-21 00:00:00-05:00,48.77874693284147
2024-02-22 00:00:00-05:00,49.172513347077974
2024-02-23 00:00:00-05:00,49.33577570165929
2024-02-26 00:00:00-05:00,49.79676722681545
2024-02-27 00:00:00-05:00,50.920439157296855
2024-02-28 00:00:00-05:00,50.24816075808454
2024-02-29 00:00:00-05:00,49.54706783560607
2024-03-01 00:00:00-05:00,54.24342363148209
2024-03-04 00:00:00-05:00,55.04055897900011
2024-03-05 00:00:00-05:00,56.346702497572636
2024-03-06 00:00:00-05:00,57.912153368887445
2024-03-07 00:00:00-05:00,59.54483442469373
2024-03-08 00:00:00-05:00,61.196727004668105
2024-03-11 00:00:00-04:00,60.01543378518868
2024-03-12 00:00:00-04:00,62.214747991419706
2024-03-13 00:00:00-04:00,61.60009297404465
2024-03-14 00:00:00-04:00,62.59891270604572
2024-03-15 00:00:00-04:00,60.89900004509832
2024-03-18 00:00:00-04:00,61.86900116178223
2024-03-19 00:00:00-04:00,62.71416022114489
2024-03-20 00:00:00-04:00,61.0142473412072
2024-03-21 00:00:00-04:00,61.94583568017618
2024-03-22 00:00:00-04:00,62.36841044270113
2024-03-25 00:00:00-04:00,60.486023247921246
2024-03-26 00:00:00-04:00,60.68770761748345
2024-03-27 00:00:00-04:00,60.219454742944514
2024-03-28 00:00:00-04:00,60.98528663975989
2024-04-01 00:00:00-04:00,62.04193845220417
2024-04-02 00:00:00-04:00,60.84957071691146
2024-04-03 00:00:00-04:00,58.50361074941674
2024-04-04 00:00:00-04:00,58.726575018446866
2024-04-05 00:00:00-04:00,57.04950257445635
2024-04-08 00:00:00-04:00,57.41787490304655
2024-04-09 00:00:00-04:00,59.66689188426992
2024-04-10 00:00:00-04:00,60.4424224690348
2024-04-11 00:00:00-04:00,60.335788131020884
2024-04-12 00:00:00-04:00,58.84290374236593
2024-04-15 00:00:00-04:00,55.256102591015726
2024-04-16 00:00:00-04:00,54.684155281689165
2024-04-17 00:00:00-04:00,54.732619961184376
2024-04-18 00:00:00-04:00,55.08160940997305
2024-04-19 00:00:00-04:00,55.05252767451669
2024-04-22 00:00:00-04:00,56.05101279607103
2024-04-23 00:00:00-04:00,55.798973175103185
2024-04-24 00:00:00-04:00,56.574492707208485
2024-04-25 00:00:00-04:00,56.526026447031576
2024-04-26 00:00:00-04:00,56.225506948217344
2024-04-29 00:00:00-04:00,57.233687033152165
2024-04-30 00:00:00-04:00,57.86380486076489
2024-05-01 00:00:00-04:00,57.41787524795662
2024-05-02 00:00:00-04:00,57.49542865552471
2024-05-03 00:00:00-04:00,59.13372484813064
2024-05-06 00:00:00-04:00,60.10312794543519
2024-05-07 00:00:00-04:00,60.2776200276135
2024-05-08 00:00:00-04:00,64.15524633323672
2024-05-09 00:00:00-04:00,63.79655637661213
2024-05-10 00:00:00-04:00,65.37669292894863
2024-05-13 00:00:00-04:00,65.6578268227343
2024-05-14 00:00:00-04:00,65.49301875279308
2024-05-15 00:00:00-04:00,64.81443998036205
2024-05-16 00:00:00-04:00,61.78019907947271
2024-05-17 00:00:00-04:00,62.439396935092056
2024-05-20 00:00:00-04:00,61.954689725907606
2024-05-21 00:00:00-04:00,61.65417744637447
2024-05-22 00:00:00-04:00,61.091919424192206
2024-05-23 00:00:00-04:00,61.44091308414381
2024-05-24 00:00:00-04:00,58.658715283736484
2024-05-28 00:00:00-04:00,60.093437845666905
2024-05-29 00:00:00-04:00,60.28731478833616
2024-05-30 00:00:00-04:00,58.7459614876788
2024-05-31 00:00:00-04:00,59.327605997858825
2024-06-03 00:00:00-04:00,59.38576860706102
2024-06-04 00:00:00-04:00,56.6035760838696
2024-06-05 00:00:00-04:00,55.27549127384138
2024-06-06 00:00:00-04:00,55.973461164865284
2024-06-07 00:00:00-04:00,55.663252468749214
2024-06-10 00:00:00-04:00,54.286695822264946
2024-06-11 00:00:00-04:00,52.3478833232224
2024-06-12 00:00:00-04:00,56.57449327087996
2024-06-13 00:00:00-04:00,55.21732662166861
2024-06-14 00:00:00-04:00,52.89075335507025
2024-06-17 00:00:00-04:00,53.42392347834086
2024-06-18 00:00:00-04:00,54.412723845965964
2024-06-20 00:00:00-04:00,54.432110693176014
2024-06-21 00:00:00-04:00,52.74534234952676
2024-06-24 00:00:00-04:00,55.25610284808479
2024-06-25 00:00:00-04:00,55.04283048826898
2024-06-26 00:00:00-04:00,54.52905086475766
2024-06-27 00:00:00-04:00,55.09130118799301
2024-06-28 00:00:00-04:00,55.74498086428853
2024-07-01 00:00:00-04:00,56.175900886512544
2024-07-02 00:00:00-04:00,55.65684532598921
2024-07-03 00:00:00-04:00,55.010464232396544
2024-07-05 00:00:00-04:00,54.12904458495731
2024-07-08 00:00:00-04:00,54.26615313775853
2024-07-09 00:00:00-04:00,54.648103717600556
2024-07-10 00:00:00-04:00,53.81565031191097
2024-07-11 00:00:00-04:00,54.834183394965564
2024-07-12 00:00:00-04:00,56.22486877441406
2024-07-15 00:00:00-04:00,56.21507493584168
2024-07-16 00:00:00-04:00,56.636197110644
2024-07-17 00:00:00-04:00,57.919156449607165
2024-07-18 00:00:00-04:00,60.35775628032993
2024-07-19 00:00:00-04:00,58.52635445203822
2024-07-22 00:00:00-04:00,56.988764883413495
2024-07-23 00:00:00-04:00,56.49908670946108
2024-07-24 00:00:00-04:00,56.469706827559506
2024-07-25 00:00:00-04:00,55.32386461903449
2024-07-26 00:00:00-04:00,58.03667798727285
2024-07-29 00:00:00-04:00,58.2717235272068
2024-07-30 00:00:00-04:00,57.71349224214676
2024-07-31 00:00:00-04:00,57.68411169860332
2024-08-01 00:00:00-04:00,62.04224544722184
2024-08-02 00:00:00-04:00,59.53509561969119
2024-08-05 00:00:00-04:00,57.92895085523235
2024-08-06 00:00:00-04:00,60.23043691589979
2024-08-07 00:00:00-04:00,60.778875946344776
2024-08-08 00:00:00-04:00,60.23043556653937
2024-08-09 00:00:00-04:00,59.96601138966144
2024-08-12 00:00:00-04:00,59.90724759009357
2024-08-13 00:00:00-04:00,58.70263886618671
2024-08-14 00:00:00-04:00,60.07373776036666
2024-08-15 00:00:00-04:00,61.02371522968735
2024-08-16 00:00:00-04:00,61.00412933881111
2024-08-19 00:00:00-04:00,61.94430723105154
2024-08-20 00:00:00-04:00,63.442726469040494
2024-08-21 00:00:00-04:00,62.551510484612315
2024-08-22 00:00:00-04:00,62.482956962912596
2024-08-23 00:00:00-04:00,63.03139398687772
2024-08-26 00:00:00-04:00,64.49063651386037
2024-08-27 00:00:00-04:00,63.68756710797351
2024-08-28 00:00:00-04:00,63.217477559592815
2024-08-29 00:00:00-04:00,64.44167091435384
2024-08-30 00:00:00-04:00,64.03034141848259
2024-09-03 00:00:00-04:00,61.9051339404985
2024-09-04 00:00:00-04:00,61.42525490039322
2024-09-05 00:00:00-04:00,62.02266032859818
2024-09-06 00:00:00-04:00,61.13144046736392
2024-09-09 00:00:00-04:00,59.21190652947027
2024-09-10 00:00:00-04:00,59.65261794167029
2024-09-11 00:00:00-04:00,60.03456411016316
2024-09-12 00:00:00-04:00,60.24022923273573
2024-09-13 00:00:00-04:00,61.38607618618649
2024-09-16 00:00:00-04:00,62.38502535728522
2024-09-17 00:00:00-04:00,62.32626171622513
2024-09-18 00:00:00-04:00,62.257702616586045
2024-09-19 00:00:00-04:00,63.44272527513511
2024-09-20 00:00:00-04:00,62.58089672338889
2024-09-23 00:00:00-04:00,61.2195858341327
2024-09-24 00:00:00-04:00,63.06077578605681
2024-09-25 00:00:00-04:00,63.47210442444962
2024-09-26 00:00:00-04:00,63.207681563046236
2024-09-27 00:00:00-04:00,65.36226047818465
2024-09-30 00:00:00-04:00,64.47876719242174
2024-10-01 00:00:00-04:00,64.96290185022407
2024-10-02 00:00:00-04:00,64.98265470925797
2024-10-03 00:00:00-04:00,64.03415105521348
2024-10-04 00:00:00-04:00,63.945231482814116
2024-10-07 00:00:00-04:00,62.917679253029874
2024-10-08 00:00:00-04:00,61.929650449220446
2024-10-09 00:00:00-04:00,61.07994561120871
2024-10-10 00:00:00-04:00,60.408084888375285
2024-10-11 00:00:00-04:00,59.98323095023007
2024-10-14 00:00:00-04:00,59.92395162209892
2024-10-15 00:00:00-04:00,61.49491756733553
2024-10-16 00:00:00-04:00,61.46527422522988
2024-10-17 00:00:00-04:00,61.84072620198886
2024-10-18 00:00:00-04:00,62.206297670072
2024-10-21 00:00:00-04:00,62.067975282212466
2024-10-22 00:00:00-04:00,61.34671427650915
2024-10-23 00:00:00-04:00,60.58593043423809
2024-10-24 00:00:00-04:00,61.69252064309724
2024-10-25 00:00:00-04:00,60.763775179463046
2024-10-28 00:00:00-04:00,61.4652764990482
2024-10-29 00:00:00-04:00,60.92186178661053
2024-10-30 00:00:00-04:00,62.739834049796286
2024-10-31 00:00:00-04:00,66.03984999689976
2024-11-01 00:00:00-04:00,63.84642752272884
2024-11-04 00:00:00-05:00,63.10540382473018
2024-11-05 00:00:00-05:00,62.34462295006582
2024-11-06 00:00:00-05:00,65.20002336698741
2024-11-07 00:00:00-05:00,60.4179693963136
2024-11-08 00:00:00-05:00,60.645213678692144
2024-11-11 00:00:00-05:00,58.95568035963768
2024-11-12 00:00:00-05:00,57.8787356528449
2024-11-13 00:00:00-05:00,55.32961921134402
2024-11-14 00:00:00-05:00,54.973926144453216
2024-11-15 00:00:00-05:00,54.81584326000939
2024-11-18 00:00:00-05:00,54.07482175747377
2024-11-19 00:00:00-05:00,53.97601850113749
2024-11-20 00:00:00-05:00,54.944285132240296
2024-11-21 00:00:00-05:00,56.41644649465824
2024-11-22 00:00:00-05:00,57.68112844965353
2024-11-25 00:00:00-05:00,58.51107181895676
2024-11-26 00:00:00-05:00,59.23233323853854
2024-11-27 00:00:00-05:00,59.62754278647236
2024-11-29 00:00:00-05:00,58.41226523959061
2024-12-02 00:00:00-05:00,58.18501931811582
2024-12-03 00:00:00-05:00,58.886521646632794
2024-12-04 00:00:00-05:00,58.28382397738512
2024-12-05 00:00:00-05:00,58.54071197233994
2024-12-06 00:00:00-05:00,56.90058313532419
2024-12-09 00:00:00-05:00,56.69309815806024
2024-12-10 00:00:00-05:00,57.3254380197156
2024-12-11 00:00:00-05:00,56.7820208656
2024-12-12 00:00:00-05:00,55.201170795873225
2024-12-13 00:00:00-05:00,53.64009040449561
2024-12-16 00:00:00-05:00,52.553253769676495
2024-12-17 00:00:00-05:00,50.88348630859424
2024-12-18 00:00:00-05:00,50.90324797370149
2024-12-19 00:00:00-05:00,48.78886797388549
2024-12-20 00:00:00-05:00,48.126884330173745
2024-12-23 00:00:00-05:00,49.40144380227905
2024-12-24 00:00:00-05:00,49.02599177405303
2024-12-26 00:00:00-05:00,48.70982176921263
2024-12-27 00:00:00-05:00,48.41341543689182
2024-12-30 00:00:00-05:00,48.41341405006914
2024-12-31 00:00:00-05:00,48.31999969482422
2025-01-02 00:00:00-05:00,48.66999816894531
2025-01-03 00:00:00-05:00,49.099998474121094
2025-01-06 00:00:00-05:00,49.25
2025-01-07 00:00:00-05:00,49.650001525878906
2025-01-08 00:00:00-05:00,50.68000030517578
2025-01-10 00:00:00-05:00,49.7400016784668
2025-01-13 00:00:00-05:00,49.90999984741211
2025-01-14 00:00:00-05:00,53.599998474121094
