Date,Open
2012-02-06 00:00:00-05:00,9.227225517761747
2012-02-07 00:00:00-05:00,8.865252251031622
2012-02-08 00:00:00-05:00,8.625982124694774
2012-02-09 00:00:00-05:00,8.589172252735574
2012-02-10 00:00:00-05:00,8.546226501464844
2012-02-13 00:00:00-05:00,8.656659646092857
2012-02-14 00:00:00-05:00,8.313089633340008
2012-02-15 00:00:00-05:00,7.994065229952932
2012-02-16 00:00:00-05:00,8.300821296342123
2012-02-17 00:00:00-05:00,8.589172918146307
2012-02-21 00:00:00-05:00,8.711873923171717
2012-02-22 00:00:00-05:00,8.374442835301021
2012-02-23 00:00:00-05:00,8.282416742498224
2012-02-24 00:00:00-05:00,8.441929209177408
2012-02-27 00:00:00-05:00,8.282417020100292
2012-02-28 00:00:00-05:00,8.288552284240723
2012-02-29 00:00:00-05:00,8.650523303347303
2012-03-01 00:00:00-05:00,8.558496577715713
2012-03-02 00:00:00-05:00,8.282415608523282
2012-03-05 00:00:00-05:00,7.951119335008748
2012-03-06 00:00:00-05:00,7.938848984961115
2012-03-07 00:00:00-05:00,7.7302560872491926
2012-03-08 00:00:00-05:00,8.098362922668457
2012-03-09 00:00:00-05:00,8.098362922668457
2012-03-12 00:00:00-04:00,7.8038757899052555
2012-03-13 00:00:00-04:00,8.202657248072898
2012-03-14 00:00:00-04:00,8.01860523223877
2012-03-15 00:00:00-04:00,8.09222765873171
2012-03-16 00:00:00-04:00,8.135173616053033
2012-03-19 00:00:00-04:00,8.141307981745976
2012-03-20 00:00:00-04:00,8.214928465586011
2012-03-21 00:00:00-04:00,8.221065275948545
2012-03-22 00:00:00-04:00,7.975660800933838
2012-03-23 00:00:00-04:00,7.883635294130157
2012-03-26 00:00:00-04:00,8.0370120385739
2012-03-27 00:00:00-04:00,8.159714628742817
2012-03-28 00:00:00-04:00,7.895904206019837
2012-03-29 00:00:00-04:00,7.589147873427925
2012-03-30 00:00:00-04:00,7.810013458650788
2012-04-02 00:00:00-04:00,7.938847541809083
2012-04-03 00:00:00-04:00,8.153576850891113
2012-04-04 00:00:00-04:00,7.852956771850586
2012-04-05 00:00:00-04:00,7.699580128235428
2012-04-09 00:00:00-04:00,7.852959382163277
2012-04-10 00:00:00-04:00,7.662768146069111
2012-04-11 00:00:00-04:00,7.65049934387207
2012-04-12 00:00:00-04:00,8.037011247427248
2012-04-13 00:00:00-04:00,8.129037857055664
2012-04-16 00:00:00-04:00,8.129037857055664
2012-04-17 00:00:00-04:00,8.129037857055664
2012-04-18 00:00:00-04:00,8.037010991680775
2012-04-19 00:00:00-04:00,8.343767080190846
2012-04-20 00:00:00-04:00,8.264008522033691
2012-04-23 00:00:00-04:00,8.26400811739841
2012-04-24 00:00:00-04:00,8.251737594604492
2012-04-25 00:00:00-04:00,8.448063850402832
2012-04-26 00:00:00-04:00,8.589174270629883
2012-04-27 00:00:00-04:00,8.994088172912598
2012-04-30 00:00:00-04:00,8.828444335944498
2012-05-01 00:00:00-04:00,8.803901672363281
2012-05-02 00:00:00-04:00,8.589173140522478
2012-05-03 00:00:00-04:00,8.349903106689453
2012-05-04 00:00:00-04:00,8.349903106689453
2012-05-07 00:00:00-04:00,8.030877113342285
2012-05-08 00:00:00-04:00,7.883632500801697
2012-05-09 00:00:00-04:00,7.957253932952881
2012-05-10 00:00:00-04:00,7.969523429870605
2012-05-11 00:00:00-04:00,7.6382289573216005
2012-05-14 00:00:00-04:00,7.423499569444588
2012-05-15 00:00:00-04:00,7.27012107551023
2012-05-16 00:00:00-04:00,7.271937106373337
2012-05-17 00:00:00-04:00,6.897418802230693
2012-05-18 00:00:00-04:00,6.710157871246338
2012-05-21 00:00:00-04:00,7.009774332764134
2012-05-22 00:00:00-04:00,7.271937117976274
2012-05-23 00:00:00-04:00,7.147097110748291
2012-05-24 00:00:00-04:00,6.834996709369255
2012-05-25 00:00:00-04:00,6.653978552336458
2012-05-29 00:00:00-04:00,6.803785676246437
2012-05-30 00:00:00-04:00,6.685188327657939
2012-05-31 00:00:00-04:00,6.616526533003534
2012-06-01 00:00:00-04:00,6.472960100824364
2012-06-04 00:00:00-04:00,6.335636633326901
2012-06-05 00:00:00-04:00,6.27321692200289
2012-06-06 00:00:00-04:00,6.6789469104774675
2012-06-07 00:00:00-04:00,6.7351250648498535
2012-06-08 00:00:00-04:00,7.009772777557373
2012-06-11 00:00:00-04:00,6.93486785888672
2012-06-12 00:00:00-04:00,7.215760203124617
2012-06-13 00:00:00-04:00,6.991047215009284
2012-06-14 00:00:00-04:00,6.597800340647641
2012-06-15 00:00:00-04:00,6.866208054298578
2012-06-18 00:00:00-04:00,6.585318071753305
2012-06-19 00:00:00-04:00,6.460476398468017
2012-06-20 00:00:00-04:00,6.585316946202894
2012-06-21 00:00:00-04:00,6.242005602304835
2012-06-22 00:00:00-04:00,6.110924576643111
2012-06-25 00:00:00-04:00,6.067230810851954
2012-06-26 00:00:00-04:00,5.867486000061035
2012-06-27 00:00:00-04:00,5.742645263671875
2012-06-28 00:00:00-04:00,5.624048921853472
2012-06-29 00:00:00-04:00,5.929905839868494
2012-07-02 00:00:00-04:00,5.898695947422605
2012-07-03 00:00:00-04:00,5.961116313934326
2012-07-05 00:00:00-04:00,6.104681437986222
2012-07-06 00:00:00-04:00,6.023536581201305
2012-07-09 00:00:00-04:00,5.97984122489448
2012-07-10 00:00:00-04:00,6.16710315661511
2012-07-11 00:00:00-04:00,6.117167222596717
2012-07-12 00:00:00-04:00,6.0609887597047285
2012-07-13 00:00:00-04:00,6.104682922363281
2012-07-16 00:00:00-04:00,6.1546177658834225
2012-07-17 00:00:00-04:00,6.173345761503807
2012-07-18 00:00:00-04:00,6.154618882381197
2012-07-19 00:00:00-04:00,6.360603265177979
2012-07-20 00:00:00-04:00,6.229521433544252
2012-07-23 00:00:00-04:00,6.048503071132614
2012-07-24 00:00:00-04:00,5.892452644633426
2012-07-25 00:00:00-04:00,5.898696114236004
2012-07-26 00:00:00-04:00,6.079715251922607
2012-07-27 00:00:00-04:00,6.123408280376149
2012-07-30 00:00:00-04:00,6.260731675838315
2012-07-31 00:00:00-04:00,6.273215749373168
2012-08-01 00:00:00-04:00,6.248249898483226
2012-08-02 00:00:00-04:00,6.204553972835825
2012-08-03 00:00:00-04:00,5.992326259613037
2012-08-06 00:00:00-04:00,6.36684697339962
2012-08-07 00:00:00-04:00,6.591559410095216
2012-08-08 00:00:00-04:00,6.6602213716179675
2012-08-09 00:00:00-04:00,6.6227678395815754
2012-08-10 00:00:00-04:00,6.716399292471526
2012-08-13 00:00:00-04:00,6.7725764289373345
2012-08-14 00:00:00-04:00,6.778818130493164
2012-08-15 00:00:00-04:00,6.803787310219594
2012-08-16 00:00:00-04:00,6.847480065690797
2012-08-17 00:00:00-04:00,6.86620591514348
2012-08-20 00:00:00-04:00,6.859963820326047
2012-08-21 00:00:00-04:00,6.997289830133007
2012-08-22 00:00:00-04:00,6.959836496041328
2012-08-23 00:00:00-04:00,7.184550142049221
2012-08-24 00:00:00-04:00,7.184551591690251
2012-08-27 00:00:00-04:00,7.165823378559672
2012-08-28 00:00:00-04:00,7.2594530958207155
2012-08-29 00:00:00-04:00,7.349481105804444
2012-08-30 00:00:00-04:00,7.066083094600536
2012-08-31 00:00:00-04:00,7.330589947127864
2012-09-04 00:00:00-04:00,7.6769649243555955
2012-09-05 00:00:00-04:00,7.784028216693202
2012-09-06 00:00:00-04:00,7.979259120996874
2012-09-07 00:00:00-04:00,7.469139547332797
2012-09-10 00:00:00-04:00,7.513223648071289
2012-09-11 00:00:00-04:00,7.406162261962891
2012-09-12 00:00:00-04:00,7.336885685781599
2012-09-13 00:00:00-04:00,7.16684671042799
2012-09-14 00:00:00-04:00,7.714753823638103
2012-09-17 00:00:00-04:00,7.576201134587483
2012-09-18 00:00:00-04:00,7.5510101318359375
2012-09-19 00:00:00-04:00,7.639182436270103
2012-09-20 00:00:00-04:00,7.525821225900573
2012-09-21 00:00:00-04:00,7.399863048022007
2012-09-24 00:00:00-04:00,7.21093095179165
2012-09-25 00:00:00-04:00,7.078677716328505
2012-09-26 00:00:00-04:00,6.927534299933111
2012-09-27 00:00:00-04:00,6.965320765457493
2012-09-28 00:00:00-04:00,7.021999768120584
2012-10-01 00:00:00-04:00,6.927531713985741
2012-10-02 00:00:00-04:00,7.003105929807178
2012-10-03 00:00:00-04:00,6.9086414024953
2012-10-04 00:00:00-04:00,6.833068370819092
2012-10-05 00:00:00-04:00,6.833067116009619
2012-10-08 00:00:00-04:00,6.68192004149045
2012-10-09 00:00:00-04:00,6.7197068482112545
2012-10-10 00:00:00-04:00,6.7008139450953745
2012-10-11 00:00:00-04:00,6.675622940063476
2012-10-12 00:00:00-04:00,6.88974666595459
2012-10-15 00:00:00-04:00,6.81417373866337
2012-10-16 00:00:00-04:00,6.833068370819092
2012-10-17 00:00:00-04:00,7.034593248043533
2012-10-18 00:00:00-04:00,7.103869915008546
2012-10-19 00:00:00-04:00,7.040892646792096
2012-10-22 00:00:00-04:00,7.06608468386859
2012-10-23 00:00:00-04:00,6.845660856815497
2012-10-24 00:00:00-04:00,7.021999359130859
2012-10-25 00:00:00-04:00,7.021999359130859
2012-10-26 00:00:00-04:00,7.021999359130859
2012-10-31 00:00:00-04:00,7.021999359130859
2012-11-01 00:00:00-04:00,7.1227641105651855
2012-11-02 00:00:00-04:00,6.990510940551759
2012-11-05 00:00:00-05:00,6.88974666595459
2012-11-06 00:00:00-05:00,7.091275691986084
2012-11-07 00:00:00-05:00,7.091275691986084
2012-11-08 00:00:00-05:00,6.914936065673829
2012-11-09 00:00:00-05:00,6.914936065673829
2012-11-12 00:00:00-05:00,6.814172744750976
2012-11-13 00:00:00-05:00,6.757493495941162
2012-11-14 00:00:00-05:00,6.744898099160739
2012-11-15 00:00:00-05:00,6.486691013526026
2012-11-16 00:00:00-05:00,6.486689664627979
2012-11-19 00:00:00-05:00,6.581156593463222
2012-11-20 00:00:00-05:00,6.612644672393799
2012-11-21 00:00:00-05:00,6.650432109832764
2012-11-23 00:00:00-05:00,6.650432109832764
2012-11-26 00:00:00-05:00,6.814173459367945
2012-11-27 00:00:00-05:00,6.940129053817353
2012-11-28 00:00:00-05:00,6.6756224130875745
2012-11-29 00:00:00-05:00,7.021999359130859
2012-11-30 00:00:00-05:00,6.996807098388672
2012-12-03 00:00:00-05:00,7.091275691986084
2012-12-04 00:00:00-05:00,6.933831214904785
2012-12-05 00:00:00-05:00,6.908640384674072
2012-12-06 00:00:00-05:00,6.965319909398083
2012-12-07 00:00:00-05:00,7.003106863274351
2012-12-10 00:00:00-05:00,7.072381497207339
2012-12-11 00:00:00-05:00,7.116464920119364
2012-12-12 00:00:00-05:00,7.034595012664794
2012-12-13 00:00:00-05:00,7.166847104407174
2012-12-14 00:00:00-05:00,7.248717829807101
2012-12-17 00:00:00-05:00,7.267612676414433
2012-12-18 00:00:00-05:00,7.2865043094420825
2012-12-19 00:00:00-05:00,7.311695210341524
2012-12-20 00:00:00-05:00,7.192039227955653
2012-12-21 00:00:00-05:00,7.08497781156305
2012-12-24 00:00:00-05:00,7.261314868927003
2012-12-26 00:00:00-05:00,7.330588346089787
2012-12-27 00:00:00-05:00,7.311696228251619
2012-12-28 00:00:00-05:00,7.173145337516584
2012-12-31 00:00:00-05:00,7.236121308608234
2013-01-02 00:00:00-05:00,7.727348980985395
2013-01-03 00:00:00-05:00,7.607689238691405
2013-01-04 00:00:00-05:00,7.620285651452836
2013-01-07 00:00:00-05:00,7.639178752899169
2013-01-08 00:00:00-05:00,7.639178752899169
2013-01-09 00:00:00-05:00,7.765135151178748
2013-01-10 00:00:00-05:00,7.909984588623048
2013-01-11 00:00:00-05:00,7.954069109500339
2013-01-14 00:00:00-05:00,7.99815189244482
2013-01-15 00:00:00-05:00,8.080022811889648
2013-01-16 00:00:00-05:00,7.588796717566498
2013-01-17 00:00:00-05:00,7.607692259034418
2013-01-18 00:00:00-05:00,7.576203346252441
2013-01-22 00:00:00-05:00,7.670669363750162
2013-01-23 00:00:00-05:00,7.702157497406006
2013-01-24 00:00:00-05:00,7.727348664657913
2013-01-25 00:00:00-05:00,7.771433353424072
2013-01-28 00:00:00-05:00,7.828113079071045
2013-01-29 00:00:00-05:00,7.815517124972415
2013-01-30 00:00:00-05:00,7.8029203414917
2013-01-31 00:00:00-05:00,7.891089778197093
2013-02-01 00:00:00-05:00,7.847004890441894
2013-02-04 00:00:00-05:00,7.607690334320068
2013-02-05 00:00:00-05:00,7.576203346252441
2013-02-06 00:00:00-05:00,7.676963329315185
2013-02-07 00:00:00-05:00,7.5510101318359375
2013-02-08 00:00:00-05:00,7.5510101318359375
2013-02-11 00:00:00-05:00,7.5510101318359375
2013-02-12 00:00:00-05:00,7.462842878668347
2013-02-13 00:00:00-05:00,7.739943981170654
2013-02-14 00:00:00-05:00,7.739943981170654
2013-02-15 00:00:00-05:00,7.739943981170654
2013-02-19 00:00:00-05:00,7.739943981170654
2013-02-20 00:00:00-05:00,7.462842566135822
2013-02-21 00:00:00-05:00,7.0849761962890625
2013-02-22 00:00:00-05:00,7.261314166404871
2013-02-25 00:00:00-05:00,7.160549195797199
2013-02-26 00:00:00-05:00,7.305397510528565
2013-02-27 00:00:00-05:00,7.292803123953561
2013-02-28 00:00:00-05:00,7.443947338102458
2013-03-01 00:00:00-05:00,7.053488392573751
2013-03-04 00:00:00-05:00,7.028297424316405
2013-03-05 00:00:00-05:00,7.393567534512629
2013-03-06 00:00:00-05:00,7.443950748123973
2013-03-07 00:00:00-05:00,7.305398638909057
2013-03-08 00:00:00-05:00,7.280205416820757
2013-03-11 00:00:00-04:00,7.305397510528565
2013-03-12 00:00:00-04:00,7.267613410949707
2013-03-13 00:00:00-04:00,7.292801856994629
2013-03-14 00:00:00-04:00,7.280207746344825
2013-03-15 00:00:00-04:00,7.343185287610971
2013-03-18 00:00:00-04:00,7.135359137616594
2013-03-19 00:00:00-04:00,7.07867885314574
2013-03-20 00:00:00-04:00,6.90863988232629
2013-03-21 00:00:00-04:00,6.807876110076904
2013-03-22 00:00:00-04:00,6.940127997417056
2013-03-25 00:00:00-04:00,6.902341557193922
2013-03-26 00:00:00-04:00,6.801578194598618
2013-03-27 00:00:00-04:00,6.788982391357421
2013-03-28 00:00:00-04:00,6.807876110076904
2013-04-01 00:00:00-04:00,6.757493495941162
2013-04-02 00:00:00-04:00,6.7952799797058105
2013-04-03 00:00:00-04:00,6.700813493261272
2013-04-04 00:00:00-04:00,6.669326439679167
2013-04-05 00:00:00-04:00,6.524478169774107
2013-04-08 00:00:00-04:00,6.574857556599834
2013-04-09 00:00:00-04:00,6.7826851521797655
2013-04-10 00:00:00-04:00,7.003106383987538
2013-04-11 00:00:00-04:00,6.757493822439947
2013-04-12 00:00:00-04:00,6.656729062187684
2013-04-15 00:00:00-04:00,6.297757564446865
2013-04-16 00:00:00-04:00,6.379629658726377
2013-04-17 00:00:00-04:00,6.102526664733887
2013-04-18 00:00:00-04:00,6.008059806198044
2013-04-19 00:00:00-04:00,6.077335087245307
2013-04-22 00:00:00-04:00,5.869509673882263
2013-04-23 00:00:00-04:00,6.058442906190359
2013-04-24 00:00:00-04:00,6.234780895779023
2013-04-25 00:00:00-04:00,6.455200201487077
2013-04-26 00:00:00-04:00,6.228481425819668
2013-04-29 00:00:00-04:00,6.385925769805908
2013-04-30 00:00:00-04:00,6.1718013590733225
2013-05-01 00:00:00-04:00,6.23477872589446
2013-05-02 00:00:00-04:00,6.448904952903627
2013-05-03 00:00:00-04:00,6.782684326171874
2013-05-06 00:00:00-04:00,6.8015785353920455
2013-05-07 00:00:00-04:00,6.814172744750976
2013-05-08 00:00:00-04:00,6.864556312561035
2013-05-09 00:00:00-04:00,6.87085312219499
2013-05-10 00:00:00-04:00,6.6945149220147355
2013-05-13 00:00:00-04:00,6.719706586566341
2013-05-14 00:00:00-04:00,6.524476401646259
2013-05-15 00:00:00-04:00,6.360736550724922
2013-05-16 00:00:00-04:00,6.442605495452881
2013-05-17 00:00:00-04:00,6.543370233026235
2013-05-20 00:00:00-04:00,6.492987003516251
2013-05-21 00:00:00-04:00,6.612646561886637
2013-05-22 00:00:00-04:00,6.841344690504965
2013-05-23 00:00:00-04:00,6.58439302444458
2013-05-24 00:00:00-04:00,6.455916099153399
2013-05-28 00:00:00-04:00,6.423797130584717
2013-05-29 00:00:00-04:00,6.327439946846308
2013-05-30 00:00:00-04:00,6.513731456091661
2013-05-31 00:00:00-04:00,6.468764814869003
2013-06-03 00:00:00-04:00,6.398102283477783
2013-06-04 00:00:00-04:00,6.488035346938977
2013-06-05 00:00:00-04:00,6.321016474666235
2013-06-06 00:00:00-04:00,6.192541899307363
2013-06-07 00:00:00-04:00,6.231083240788007
2013-06-10 00:00:00-04:00,6.333865023503121
2013-06-11 00:00:00-04:00,6.025522066909853
2013-06-12 00:00:00-04:00,6.044794245484291
2013-06-13 00:00:00-04:00,6.025523769063792
2013-06-14 00:00:00-04:00,6.295321458654079
2013-06-17 00:00:00-04:00,6.288896897383644
2013-06-18 00:00:00-04:00,6.153997432543694
2013-06-19 00:00:00-04:00,6.070488452911377
2013-06-20 00:00:00-04:00,5.942011499063608
2013-06-21 00:00:00-04:00,5.845656866380752
2013-06-24 00:00:00-04:00,5.53731377637423
2013-06-25 00:00:00-04:00,5.498770385356872
2013-06-26 00:00:00-04:00,5.460226550246769
2013-06-27 00:00:00-04:00,5.473075847083724
2013-06-28 00:00:00-04:00,5.248243631060295
2013-07-01 00:00:00-04:00,5.460227966308594
2013-07-02 00:00:00-04:00,5.421685878856355
2013-07-03 00:00:00-04:00,5.20327661869404
2013-07-05 00:00:00-04:00,4.984865971485416
2013-07-08 00:00:00-04:00,4.972018720223367
2013-07-09 00:00:00-04:00,5.029833641808861
2013-07-10 00:00:00-04:00,4.978442660361488
2013-07-11 00:00:00-04:00,5.106919449226815
2013-07-12 00:00:00-04:00,5.074800328752573
2013-07-15 00:00:00-04:00,5.061952911401095
2013-07-16 00:00:00-04:00,5.158309470397528
2013-07-17 00:00:00-04:00,5.3445987635490955
2013-07-18 00:00:00-04:00,5.363872204671794
2013-07-19 00:00:00-04:00,5.376718997955322
2013-07-22 00:00:00-04:00,5.331752136684372
2013-07-23 00:00:00-04:00,5.524466336766059
2013-07-24 00:00:00-04:00,5.685060977935791
2013-07-25 00:00:00-04:00,5.543736293660748
2013-07-26 00:00:00-04:00,5.524466502222765
2013-07-29 00:00:00-04:00,5.595128215226629
2013-07-30 00:00:00-04:00,5.543737086541783
2013-07-31 00:00:00-04:00,5.4666523933410645
2013-08-01 00:00:00-04:00,5.620822917586449
2013-08-02 00:00:00-04:00,5.627246691606687
2013-08-05 00:00:00-04:00,5.723603578550523
2013-08-06 00:00:00-04:00,5.59512741540489
2013-08-07 00:00:00-04:00,5.4281080748919575
2013-08-08 00:00:00-04:00,5.563009097742138
2013-08-09 00:00:00-04:00,5.852079407907349
2013-08-12 00:00:00-04:00,6.044794716331167
2013-08-13 00:00:00-04:00,6.076912407990505
2013-08-14 00:00:00-04:00,6.211812183710488
2013-08-15 00:00:00-04:00,6.0512174007073165
2013-08-16 00:00:00-04:00,6.205389012326297
2013-08-19 00:00:00-04:00,6.134727478027343
2013-08-20 00:00:00-04:00,5.922741562841949
2013-08-21 00:00:00-04:00,6.134726053895365
2013-08-22 00:00:00-04:00,6.269625984934651
2013-08-23 00:00:00-04:00,6.378829643587711
2013-08-26 00:00:00-04:00,6.308168887354517
2013-08-27 00:00:00-04:00,6.263202029764656
2013-08-28 00:00:00-04:00,6.132271707798909
2013-08-29 00:00:00-04:00,6.203728583574573
2013-08-30 00:00:00-04:00,6.145262500720816
2013-09-03 00:00:00-04:00,6.314162272734496
2013-09-04 00:00:00-04:00,6.301168865543641
2013-09-05 00:00:00-04:00,6.372625833823934
2013-09-06 00:00:00-04:00,6.4180988037892925
2013-09-09 00:00:00-04:00,6.515538436056899
2013-09-10 00:00:00-04:00,6.697427499389306
2013-09-11 00:00:00-04:00,6.833845231523285
2013-09-12 00:00:00-04:00,7.015734061961835
2013-09-13 00:00:00-04:00,6.996246814727783
2013-09-16 00:00:00-04:00,7.113174578666648
2013-09-17 00:00:00-04:00,6.879318572913179
2013-09-18 00:00:00-04:00,6.8533338756455535
2013-09-19 00:00:00-04:00,7.145655670438313
2013-09-20 00:00:00-04:00,6.976758086803873
2013-09-23 00:00:00-04:00,7.041718970821595
2013-09-24 00:00:00-04:00,6.963767984259269
2013-09-25 00:00:00-04:00,6.976759133951288
2013-09-26 00:00:00-04:00,7.132662749933226
2013-09-27 00:00:00-04:00,7.178135031494801
2013-09-30 00:00:00-04:00,7.067702420852755
2013-10-01 00:00:00-04:00,6.872820943099163
2013-10-02 00:00:00-04:00,6.9312853471047005
2013-10-03 00:00:00-04:00,6.950773357802595
2013-10-04 00:00:00-04:00,6.84683808805828
2013-10-07 00:00:00-04:00,6.872822496337992
2013-10-08 00:00:00-04:00,6.859831018573068
2013-10-09 00:00:00-04:00,6.703923575217711
2013-10-10 00:00:00-04:00,6.781875595671091
2013-10-11 00:00:00-04:00,6.879318696576482
2013-10-14 00:00:00-04:00,6.820852371307125
2013-10-15 00:00:00-04:00,6.918294272082135
2013-10-16 00:00:00-04:00,6.879316940313637
2013-10-17 00:00:00-04:00,6.8598303317405405
2013-10-18 00:00:00-04:00,7.015733846743751
2013-10-21 00:00:00-04:00,7.080695858406825
2013-10-22 00:00:00-04:00,7.145656323316942
2013-10-23 00:00:00-04:00,7.0871908333152085
2013-10-24 00:00:00-04:00,7.15215252320277
2013-10-25 00:00:00-04:00,7.15215252320277
2013-10-28 00:00:00-04:00,7.139157887432872
2013-10-29 00:00:00-04:00,7.07420048812661
2013-10-30 00:00:00-04:00,7.178137550445032
2013-10-31 00:00:00-04:00,7.106679192768485
2013-11-01 00:00:00-04:00,6.92478823017217
2013-11-04 00:00:00-05:00,6.898804757939679
2013-11-05 00:00:00-05:00,7.093688469663598
2013-11-06 00:00:00-05:00,7.158647334163332
2013-11-07 00:00:00-05:00,7.067701483602063
2013-11-08 00:00:00-05:00,6.788371886972632
2013-11-11 00:00:00-05:00,6.827348458184762
2013-11-12 00:00:00-05:00,6.781876793956413
2013-11-13 00:00:00-05:00,6.755892615416798
2013-11-14 00:00:00-05:00,6.788372174058558
2013-11-15 00:00:00-05:00,6.885813410027122
2013-11-18 00:00:00-05:00,6.859829949086942
2013-11-19 00:00:00-05:00,6.788372908250696
2013-11-20 00:00:00-05:00,6.684437082267557
2013-11-21 00:00:00-05:00,6.619477169774808
2013-11-22 00:00:00-05:00,6.5415226131090165
2013-11-25 00:00:00-05:00,6.574002742767334
2013-11-26 00:00:00-05:00,6.431090618714306
2013-11-27 00:00:00-05:00,6.496049635269601
2013-11-29 00:00:00-05:00,6.6519556257583154
2013-12-02 00:00:00-05:00,6.5804992926117585
2013-12-03 00:00:00-05:00,6.4960499996986885
2013-12-04 00:00:00-05:00,6.437585089430323
2013-12-05 00:00:00-05:00,6.5415226495409335
2013-12-06 00:00:00-05:00,6.502545602231203
2013-12-09 00:00:00-05:00,6.535027273903863
2013-12-10 00:00:00-05:00,6.541521784472786
2013-12-11 00:00:00-05:00,6.496051345595025
2013-12-12 00:00:00-05:00,6.366129754534469
2013-12-13 00:00:00-05:00,6.424593837588509
2013-12-16 00:00:00-05:00,6.496049406666692
2013-12-17 00:00:00-05:00,6.483058406438845
2013-12-18 00:00:00-05:00,6.4960510194187595
2013-12-19 00:00:00-05:00,6.46357018427043
2013-12-20 00:00:00-05:00,6.5220357405847125
2013-12-23 00:00:00-05:00,6.470068260885063
2013-12-24 00:00:00-05:00,6.593489401919078
2013-12-26 00:00:00-05:00,6.567506638652945
2013-12-27 00:00:00-05:00,6.79486931465554
2013-12-30 00:00:00-05:00,6.781876087188722
2013-12-31 00:00:00-05:00,6.755892736392335
2014-01-02 00:00:00-05:00,6.599987270831427
2014-01-03 00:00:00-05:00,6.586994796456151
2014-01-06 00:00:00-05:00,6.509041800318118
2014-01-07 00:00:00-05:00,6.548018566689661
2014-01-08 00:00:00-05:00,6.7039241741791615
2014-01-09 00:00:00-05:00,6.671443363989843
2014-01-10 00:00:00-05:00,6.775382846261425
2014-01-13 00:00:00-05:00,6.788371464678883
2014-01-14 00:00:00-05:00,6.729908436877182
2014-01-15 00:00:00-05:00,6.723412737171381
2014-01-16 00:00:00-05:00,7.002741469665236
2014-01-17 00:00:00-05:00,7.171640503348534
2014-01-21 00:00:00-05:00,7.139160367419393
2014-01-22 00:00:00-05:00,7.191128115549418
2014-01-23 00:00:00-05:00,7.139160966041512
2014-01-24 00:00:00-05:00,7.093686996424247
2014-01-27 00:00:00-05:00,6.918292871664018
2014-01-28 00:00:00-05:00,6.957270161828556
2014-01-29 00:00:00-05:00,6.931285155401664
2014-01-30 00:00:00-05:00,6.905301206165995
2014-01-31 00:00:00-05:00,6.820851543863709
2014-02-03 00:00:00-05:00,6.762387178976066
2014-02-04 00:00:00-05:00,6.567508654795569
2014-02-05 00:00:00-05:00,6.645459635101228
2014-02-06 00:00:00-05:00,6.7558938746741335
2014-02-07 00:00:00-05:00,6.898804057998781
2014-02-10 00:00:00-05:00,6.918293585954642
2014-02-11 00:00:00-05:00,6.963768248192537
2014-02-12 00:00:00-05:00,7.2301046637437745
2014-02-13 00:00:00-05:00,7.113176451200586
2014-02-14 00:00:00-05:00,7.308056695346382
2014-02-18 00:00:00-05:00,7.470458507537842
2014-02-19 00:00:00-05:00,7.424984567984383
2014-02-20 00:00:00-05:00,7.301560496267725
2014-02-21 00:00:00-05:00,7.262584556784018
2014-02-24 00:00:00-05:00,7.230102410928692
2014-02-25 00:00:00-05:00,7.132661676015305
2014-02-26 00:00:00-05:00,7.113174207333547
2014-02-27 00:00:00-05:00,7.074198842124561
2014-02-28 00:00:00-05:00,7.119672439833524
2014-03-03 00:00:00-05:00,7.028727161979512
2014-03-04 00:00:00-05:00,7.184633751097584
2014-03-05 00:00:00-05:00,7.13915811567799
2014-03-06 00:00:00-05:00,7.405497672103292
2014-03-07 00:00:00-05:00,7.080694795659463
2014-03-10 00:00:00-04:00,6.846836551843155
2014-03-11 00:00:00-04:00,6.7818744210493715
2014-03-12 00:00:00-04:00,6.59349068825362
2014-03-13 00:00:00-04:00,6.703923272941498
2014-03-14 00:00:00-04:00,6.463569896035941
2014-03-17 00:00:00-04:00,6.593492984771729
2014-03-18 00:00:00-04:00,6.697426334976888
2014-03-19 00:00:00-04:00,6.567507077525695
2014-03-20 00:00:00-04:00,6.424593086217516
2014-03-21 00:00:00-04:00,6.457074148577164
2014-03-24 00:00:00-04:00,6.586994796456151
2014-03-25 00:00:00-04:00,6.632469013747207
2014-03-26 00:00:00-04:00,6.82085267648692
2014-03-27 00:00:00-04:00,6.612979893649656
2014-03-28 00:00:00-04:00,6.8208521708481324
2014-03-31 00:00:00-04:00,6.7623887642549105
2014-04-01 00:00:00-04:00,6.684436212275614
2014-04-02 00:00:00-04:00,6.775380747367185
2014-04-03 00:00:00-04:00,6.729909259296126
2014-04-04 00:00:00-04:00,6.833845892918745
2014-04-07 00:00:00-04:00,6.77538110502404
2014-04-08 00:00:00-04:00,6.833846307523472
2014-04-09 00:00:00-04:00,6.820852660692074
2014-04-10 00:00:00-04:00,6.801364190766138
2014-04-11 00:00:00-04:00,6.716916777640824
2014-04-14 00:00:00-04:00,6.801365926918854
2014-04-15 00:00:00-04:00,6.794869192982063
2014-04-16 00:00:00-04:00,6.827348575657568
2014-04-17 00:00:00-04:00,6.807861158000675
2014-04-21 00:00:00-04:00,6.8273501234528124
2014-04-22 00:00:00-04:00,6.879316925160197
2014-04-23 00:00:00-04:00,6.8403419040179765
2014-04-24 00:00:00-04:00,6.859828943156837
2014-04-25 00:00:00-04:00,6.84034059877067
2014-04-28 00:00:00-04:00,6.853332765505085
2014-04-29 00:00:00-04:00,6.840341782158771
2014-04-30 00:00:00-04:00,6.937782871707718
2014-05-01 00:00:00-04:00,6.898805607773514
2014-05-02 00:00:00-04:00,6.892309163992275
2014-05-05 00:00:00-04:00,7.04171851482241
2014-05-06 00:00:00-04:00,7.028726441231668
2014-05-07 00:00:00-04:00,6.9962486336374825
2014-05-08 00:00:00-04:00,7.165145149139928
2014-05-09 00:00:00-04:00,7.119672983595648
2014-05-12 00:00:00-04:00,7.191127990271722
2014-05-13 00:00:00-04:00,7.26907982753088
2014-05-14 00:00:00-04:00,7.24548566419061
2014-05-15 00:00:00-04:00,7.258744759462091
2014-05-16 00:00:00-04:00,7.238858092983527
2014-05-19 00:00:00-04:00,7.258743164029759
2014-05-20 00:00:00-04:00,7.258743164029759
2014-05-21 00:00:00-04:00,7.26537275314331
2014-05-22 00:00:00-04:00,7.325032560848458
2014-05-23 00:00:00-04:00,7.384695810957285
2014-05-27 00:00:00-04:00,7.311776634993937
2014-05-28 00:00:00-04:00,7.258742930331589
2014-05-29 00:00:00-04:00,7.245486587968197
2014-05-30 00:00:00-04:00,7.272000218725358
2014-06-02 00:00:00-04:00,7.298518856653039
2014-06-03 00:00:00-04:00,7.225596871523787
2014-06-04 00:00:00-04:00,7.159307368962308
2014-06-05 00:00:00-04:00,7.179197073901216
2014-06-06 00:00:00-04:00,7.1858242778975265
2014-06-09 00:00:00-04:00,7.245486587968197
2014-06-10 00:00:00-04:00,7.139423889090649
2014-06-11 00:00:00-04:00,7.165939828837927
2014-06-12 00:00:00-04:00,7.126164637332279
2014-06-13 00:00:00-04:00,7.093018884416377
2014-06-16 00:00:00-04:00,7.238855724729135
2014-06-17 00:00:00-04:00,7.245484921719778
2014-06-18 00:00:00-04:00,7.318404076010683
2014-06-19 00:00:00-04:00,7.371436721114694
2014-06-20 00:00:00-04:00,7.338292446522806
2014-06-23 00:00:00-04:00,7.391321719040411
2014-06-24 00:00:00-04:00,7.404581875877208
2014-06-25 00:00:00-04:00,7.2322264924622335
2014-06-26 00:00:00-04:00,7.245486067637954
2014-06-27 00:00:00-04:00,7.291888387995331
2014-06-30 00:00:00-04:00,7.344920365086568
2014-07-01 00:00:00-04:00,7.497386846500525
2014-07-02 00:00:00-04:00,7.57693469831991
2014-07-03 00:00:00-04:00,7.716143966361732
2014-07-07 00:00:00-04:00,7.689628179463868
2014-07-08 00:00:00-04:00,7.808949594186337
2014-07-09 00:00:00-04:00,7.769176685304886
2014-07-10 00:00:00-04:00,7.762547694229826
2014-07-11 00:00:00-04:00,7.729402616173841
2014-07-14 00:00:00-04:00,7.822208430170329
2014-07-15 00:00:00-04:00,7.901756565935974
2014-07-16 00:00:00-04:00,8.060851152923606
2014-07-17 00:00:00-04:00,8.001189320973586
2014-07-18 00:00:00-04:00,7.9945615816982425
2014-07-21 00:00:00-04:00,8.100625217495615
2014-07-22 00:00:00-04:00,8.292867035304287
2014-07-23 00:00:00-04:00,8.372413663711974
2014-07-24 00:00:00-04:00,8.392301735803786
2014-07-25 00:00:00-04:00,8.465220602961615
2014-07-28 00:00:00-04:00,8.319383514895533
2014-07-29 00:00:00-04:00,8.398930902217616
2014-07-30 00:00:00-04:00,8.339267548838157
2014-07-31 00:00:00-04:00,8.100626092408778
2014-08-01 00:00:00-04:00,7.974673390923063
2014-08-04 00:00:00-04:00,8.014448400940537
2014-08-05 00:00:00-04:00,7.9945615256073745
2014-08-06 00:00:00-04:00,7.981305317848136
2014-08-07 00:00:00-04:00,8.021077278023037
2014-08-08 00:00:00-04:00,8.080737999692643
2014-08-11 00:00:00-04:00,8.2928656024524
2014-08-12 00:00:00-04:00,8.279608298162712
2014-08-13 00:00:00-04:00,8.054221955909155
2014-08-14 00:00:00-04:00,8.007818190505619
2014-08-15 00:00:00-04:00,8.001189855015523
2014-08-18 00:00:00-04:00,8.04759519889583
2014-08-19 00:00:00-04:00,7.93490121152191
2014-08-20 00:00:00-04:00,7.921643281922531
2014-08-21 00:00:00-04:00,7.981304320573862
2014-08-22 00:00:00-04:00,7.921644189070487
2014-08-25 00:00:00-04:00,7.9415283203125
2014-08-26 00:00:00-04:00,7.928270671382058
2014-08-27 00:00:00-04:00,8.07410953089984
2014-08-28 00:00:00-04:00,7.948159142738636
2014-08-29 00:00:00-04:00,7.90175741459699
2014-09-02 00:00:00-04:00,8.007818071981681
2014-09-03 00:00:00-04:00,8.148357093884826
2014-09-04 00:00:00-04:00,8.148355719183943
2014-09-05 00:00:00-04:00,8.02114215559017
2014-09-08 00:00:00-04:00,7.960885758047349
2014-09-09 00:00:00-04:00,7.893929377434369
2014-09-10 00:00:00-04:00,7.867148220186132
2014-09-11 00:00:00-04:00,7.800192313444562
2014-09-12 00:00:00-04:00,7.746629193806722
2014-09-15 00:00:00-04:00,7.693067351015781
2014-09-16 00:00:00-04:00,7.632806173559368
2014-09-17 00:00:00-04:00,7.773412626917415
2014-09-18 00:00:00-04:00,7.800192982236512
2014-09-19 00:00:00-04:00,7.867148316458392
2014-09-22 00:00:00-04:00,7.592635319435646
2014-09-23 00:00:00-04:00,7.518985715402685
2014-09-24 00:00:00-04:00,7.5591591703281065
2014-09-25 00:00:00-04:00,7.4520309380191545
2014-09-26 00:00:00-04:00,7.385076472786019
2014-09-29 00:00:00-04:00,7.311426069324199
2014-09-30 00:00:00-04:00,7.364990314352747
2014-10-01 00:00:00-04:00,7.264557750104196
2014-10-02 00:00:00-04:00,7.164126348316215
2014-10-03 00:00:00-04:00,7.070390831741763
2014-10-06 00:00:00-04:00,7.244471989838618
2014-10-07 00:00:00-04:00,7.184213914802505
2014-10-08 00:00:00-04:00,7.05699971418715
2014-10-09 00:00:00-04:00,7.110562861820767
2014-10-10 00:00:00-04:00,6.7088356453961575
2014-10-13 00:00:00-04:00,6.849440294709138
2014-10-14 00:00:00-04:00,6.9163953358273424
2014-10-15 00:00:00-04:00,6.742312901556811
2014-10-16 00:00:00-04:00,6.655272743055355
2014-10-17 00:00:00-04:00,6.923090505577892
2014-10-20 00:00:00-04:00,6.856136391159089
2014-10-21 00:00:00-04:00,6.96326428340874
2014-10-22 00:00:00-04:00,6.8829188888450465
2014-10-23 00:00:00-04:00,6.862832727941223
2014-10-24 00:00:00-04:00,6.795878006891755
2014-10-27 00:00:00-04:00,6.682054488144826
2014-10-28 00:00:00-04:00,6.856135602708811
2014-10-29 00:00:00-04:00,7.050303043731745
2014-10-30 00:00:00-04:00,6.70883758397787
2014-10-31 00:00:00-04:00,6.722227629846935
2014-11-03 00:00:00-05:00,6.815965160926206
2014-11-04 00:00:00-05:00,6.715532374588136
2014-11-05 00:00:00-05:00,6.635186751181874
2014-11-06 00:00:00-05:00,6.775790939193913
2014-11-07 00:00:00-05:00,6.862832000191474
2014-11-10 00:00:00-05:00,6.929785474126599
2014-11-11 00:00:00-05:00,6.862831478849076
2014-11-12 00:00:00-05:00,6.923090410713354
2014-11-13 00:00:00-05:00,6.909698680419608
2014-11-14 00:00:00-05:00,6.815964083543349
2014-11-17 00:00:00-05:00,6.943177371386522
2014-11-18 00:00:00-05:00,6.949872344960209
2014-11-19 00:00:00-05:00,6.9030043485723
2014-11-20 00:00:00-05:00,6.69544433253785
2014-11-21 00:00:00-05:00,7.036913543395461
2014-11-24 00:00:00-05:00,7.016827046943926
2014-11-25 00:00:00-05:00,6.949872951832258
2014-11-26 00:00:00-05:00,6.969959883327295
2014-11-28 00:00:00-05:00,6.775790372275534
2014-12-01 00:00:00-05:00,6.695446085229477
2014-12-02 00:00:00-05:00,6.708837283893135
2014-12-03 00:00:00-05:00,6.722227652142234
2014-12-04 00:00:00-05:00,6.695445834156615
2014-12-05 00:00:00-05:00,6.628491142330507
2014-12-08 00:00:00-05:00,6.5749282293818485
2014-12-09 00:00:00-05:00,6.548146067165876
2014-12-10 00:00:00-05:00,6.447714298477254
2014-12-11 00:00:00-05:00,6.1598092616892695
2014-12-12 00:00:00-05:00,6.052682977261573
2014-12-15 00:00:00-05:00,5.925468925284984
2014-12-16 00:00:00-05:00,5.851818619977014
2014-12-17 00:00:00-05:00,5.999120107632716
2014-12-18 00:00:00-05:00,6.186591795260459
2014-12-19 00:00:00-05:00,6.092856770985085
2014-12-22 00:00:00-05:00,6.2602414708760845
2014-12-23 00:00:00-05:00,6.1932865681052185
2014-12-24 00:00:00-05:00,6.2468508190126215
2014-12-26 00:00:00-05:00,6.280329100368879
2014-12-29 00:00:00-05:00,6.253547043895414
2014-12-30 00:00:00-05:00,6.206678502182246
2014-12-31 00:00:00-05:00,6.20667779386807
2015-01-02 00:00:00-05:00,6.08616098901851
2015-01-05 00:00:00-05:00,5.825036629881854
2015-01-06 00:00:00-05:00,5.7647775267769195
2015-01-07 00:00:00-05:00,5.744691371917725
2015-01-08 00:00:00-05:00,5.818341930608815
2015-01-09 00:00:00-05:00,5.798255443572998
2015-01-12 00:00:00-05:00,5.684434618645192
2015-01-13 00:00:00-05:00,5.483570707754096
2015-01-14 00:00:00-05:00,4.887674834124189
2015-01-15 00:00:00-05:00,4.981411624536366
2015-01-16 00:00:00-05:00,5.008193453689027
2015-01-20 00:00:00-05:00,5.209056368942606
2015-01-21 00:00:00-05:00,5.081843011855274
2015-01-22 00:00:00-05:00,5.36305255878549
2015-01-23 00:00:00-05:00,4.994802194674592
2015-01-26 00:00:00-05:00,4.988106292158327
2015-01-27 00:00:00-05:00,5.12871137194254
2015-01-28 00:00:00-05:00,5.21575169470753
2015-01-29 00:00:00-05:00,5.095233538693963
2015-01-30 00:00:00-05:00,4.941238683621306
2015-02-02 00:00:00-05:00,5.034974521105399
2015-02-03 00:00:00-05:00,5.322878490354967
2015-02-04 00:00:00-05:00,5.289401902908241
2015-02-05 00:00:00-05:00,5.356356582556854
2015-02-06 00:00:00-05:00,5.389834860194541
2015-02-09 00:00:00-05:00,5.483569996159893
2015-02-10 00:00:00-05:00,5.543829033824642
2015-02-11 00:00:00-05:00,5.490265646519507
2015-02-12 00:00:00-05:00,5.684433556630065
2015-02-13 00:00:00-05:00,5.851818619977014
2015-02-17 00:00:00-05:00,5.825038127148203
2015-02-18 00:00:00-05:00,5.871905758434019
2015-02-19 00:00:00-05:00,5.871906844759536
2015-02-20 00:00:00-05:00,5.932165928558546
2015-02-23 00:00:00-05:00,5.898688444775227
2015-02-24 00:00:00-05:00,6.04598817557961
2015-02-25 00:00:00-05:00,6.199982195651296
2015-02-26 00:00:00-05:00,6.233460712234989
2015-02-27 00:00:00-05:00,6.193286811464309
2015-03-02 00:00:00-05:00,6.146418703746568
2015-03-03 00:00:00-05:00,6.00581520130362
2015-03-04 00:00:00-05:00,5.771474965443104
2015-03-05 00:00:00-05:00,5.8852959717856
2015-03-06 00:00:00-05:00,5.858515645362635
2015-03-09 00:00:00-04:00,5.905382667147355
2015-03-10 00:00:00-04:00,5.845123572468266
2015-03-11 00:00:00-04:00,5.650955581012621
2015-03-12 00:00:00-04:00,5.798255908841298
2015-03-13 00:00:00-04:00,5.53713392371133
2015-03-16 00:00:00-04:00,5.443397747198445
2015-03-17 00:00:00-04:00,5.570611770984499
2015-03-18 00:00:00-04:00,5.470179251331772
2015-03-19 00:00:00-04:00,5.644260501092072
2015-03-20 00:00:00-04:00,5.704520477991517
2015-03-23 00:00:00-04:00,6.019205228821516
2015-03-24 00:00:00-04:00,6.066074863001653
2015-03-25 00:00:00-04:00,5.985727935714214
2015-03-26 00:00:00-04:00,5.932164756430694
2015-03-27 00:00:00-04:00,5.751387494298842
2015-03-30 00:00:00-04:00,5.758082804667073
2015-03-31 00:00:00-04:00,5.630869015441449
2015-04-01 00:00:00-04:00,5.57730731495469
2015-04-02 00:00:00-04:00,5.51704668487081
2015-04-06 00:00:00-04:00,5.644260716865474
2015-04-07 00:00:00-04:00,5.724605739201361
2015-04-08 00:00:00-04:00,5.811647647393832
2015-04-09 00:00:00-04:00,5.664348455482776
2015-04-10 00:00:00-04:00,5.630871091193674
2015-04-13 00:00:00-04:00,5.597392298218411
2015-04-14 00:00:00-04:00,5.731302642911343
2015-04-15 00:00:00-04:00,5.912078231849846
2015-04-16 00:00:00-04:00,6.005815727130944
2015-04-17 00:00:00-04:00,5.912077664179315
2015-04-20 00:00:00-04:00,5.952251024368643
2015-04-21 00:00:00-04:00,5.97903217327984
2015-04-22 00:00:00-04:00,6.026638768595928
2015-04-23 00:00:00-04:00,6.081676578698511
2015-04-24 00:00:00-04:00,6.460060267807241
2015-04-27 00:00:00-04:00,6.4669391859949075
2015-04-28 00:00:00-04:00,6.583896987723495
2015-04-29 00:00:00-04:00,6.604535338344448
2015-04-30 00:00:00-04:00,6.466942374149528
2015-05-01 00:00:00-04:00,6.632054519180344
2015-05-04 00:00:00-04:00,6.521978779404156
2015-05-05 00:00:00-04:00,6.556377534539751
2015-05-06 00:00:00-04:00,6.51509795714259
2015-05-07 00:00:00-04:00,6.343105672649844
2015-05-08 00:00:00-04:00,6.384384004699845
2015-05-11 00:00:00-04:00,6.494461252742009
2015-05-12 00:00:00-04:00,6.384384114236401
2015-05-13 00:00:00-04:00,6.466939469956979
2015-05-14 00:00:00-04:00,6.549498530928223
2015-05-15 00:00:00-04:00,6.281188436786224
2015-05-18 00:00:00-04:00,6.405023362840236
2015-05-19 00:00:00-04:00,6.34998525177473
2015-05-20 00:00:00-04:00,6.294947747127901
2015-05-21 00:00:00-04:00,6.3431058681147405
2015-05-22 00:00:00-04:00,6.322465944886669
2015-05-26 00:00:00-04:00,6.129835076922079
2015-05-27 00:00:00-04:00,5.985359799801951
2015-05-28 00:00:00-04:00,6.047276265895954
2015-05-29 00:00:00-04:00,6.14359403178117
2015-06-01 00:00:00-04:00,5.9991195986497114
2015-06-02 00:00:00-04:00,5.950961866082352
2015-06-03 00:00:00-04:00,6.164233173803514
2015-06-04 00:00:00-04:00,5.930321897462199
2015-06-05 00:00:00-04:00,5.91656294868763
2015-06-08 00:00:00-04:00,5.813366729964732
2015-06-09 00:00:00-04:00,5.875284589621212
2015-06-10 00:00:00-04:00,5.999118804931641
2015-06-11 00:00:00-04:00,6.005998788269438
2015-06-12 00:00:00-04:00,6.0266384328385385
2015-06-15 00:00:00-04:00,5.923441886901856
2015-06-16 00:00:00-04:00,5.930321929955891
2015-06-17 00:00:00-04:00,5.923441768054287
2015-06-18 00:00:00-04:00,6.061036661172092
2015-06-19 00:00:00-04:00,5.971601284219096
2015-06-22 00:00:00-04:00,5.930322009405429
2015-06-23 00:00:00-04:00,5.9028027810162085
2015-06-24 00:00:00-04:00,6.0059997392522115
2015-06-25 00:00:00-04:00,5.985359795564418
2015-06-26 00:00:00-04:00,5.827125979180291
2015-06-29 00:00:00-04:00,5.703291585772925
2015-06-30 00:00:00-04:00,5.627615019470918
2015-07-01 00:00:00-04:00,5.476260141829878
2015-07-02 00:00:00-04:00,5.653949965412449
2015-07-06 00:00:00-04:00,5.384056251662316
2015-07-07 00:00:00-04:00,5.162602568163829
2015-07-08 00:00:00-04:00,5.044956276755157
2015-07-09 00:00:00-04:00,5.155683065743377
2015-07-10 00:00:00-04:00,5.259488459392742
2015-07-13 00:00:00-04:00,5.2871703276035875
2015-07-14 00:00:00-04:00,5.404816160574557
2015-07-15 00:00:00-04:00,5.301010750396184
2015-07-16 00:00:00-04:00,5.245648987559102
2015-07-17 00:00:00-04:00,5.245648546241278
2015-07-20 00:00:00-04:00,5.17644426810875
2015-07-21 00:00:00-04:00,5.141841971139572
2015-07-22 00:00:00-04:00,4.927311515682763
2015-07-23 00:00:00-04:00,4.802743876797316
2015-07-24 00:00:00-04:00,4.608973480581154
2015-07-27 00:00:00-04:00,4.345998287200928
2015-07-28 00:00:00-04:00,4.5190088209623385
2015-07-29 00:00:00-04:00,4.512088081379407
2015-07-30 00:00:00-04:00,4.539768705374707
2015-07-31 00:00:00-04:00,4.484406745696883
2015-08-03 00:00:00-04:00,4.31139681373821
2015-08-04 00:00:00-04:00,4.290635600474546
2015-08-05 00:00:00-04:00,4.380599985242367
2015-08-06 00:00:00-04:00,4.2214317932775
2015-08-07 00:00:00-04:00,4.297556455952425
2015-08-10 00:00:00-04:00,4.318316987931417
2015-08-11 00:00:00-04:00,4.20067093205598
2015-08-12 00:00:00-04:00,3.889254129716142
2015-08-13 00:00:00-04:00,3.8200492173952076
2015-08-14 00:00:00-04:00,3.7716066562192645
2015-08-17 00:00:00-04:00,3.6885623931884766
2015-08-18 00:00:00-04:00,3.674722249647047
2015-08-19 00:00:00-04:00,3.467110390294177
2015-08-20 00:00:00-04:00,3.543234334700219
2015-08-21 00:00:00-04:00,3.4601901068309053
2015-08-24 00:00:00-04:00,3.03804646857291
2015-08-25 00:00:00-04:00,3.169534041221507
2015-08-26 00:00:00-04:00,3.079568957263031
2015-08-27 00:00:00-04:00,2.961923003346813
2015-08-28 00:00:00-04:00,3.093409907755719
2015-08-31 00:00:00-04:00,3.1003300817668533
2015-09-01 00:00:00-04:00,2.8650373468803583
2015-09-02 00:00:00-04:00,2.7266300036801563
2015-09-03 00:00:00-04:00,2.6089833254885186
2015-09-04 00:00:00-04:00,2.581301653691517
2015-09-08 00:00:00-04:00,2.8096740461707963
2015-09-09 00:00:00-04:00,3.09868877953333
2015-09-10 00:00:00-04:00,2.9704674897581747
2015-09-11 00:00:00-04:00,2.9419739332826698
2015-09-14 00:00:00-04:00,2.771011515656557
2015-09-15 00:00:00-04:00,2.6926535586634706
2015-09-16 00:00:00-04:00,2.849369213394505
2015-09-17 00:00:00-04:00,2.920603160055973
2015-09-18 00:00:00-04:00,2.756764118112349
2015-09-21 00:00:00-04:00,2.6071729119933567
2015-09-22 00:00:00-04:00,2.272371857395683
2015-09-23 00:00:00-04:00,2.3934700939105773
2015-09-24 00:00:00-04:00,2.158397068036357
2015-09-25 00:00:00-04:00,2.129903306872211
2015-09-28 00:00:00-04:00,1.5600297463343327
2015-09-29 00:00:00-04:00,1.709621538058633
2015-09-30 00:00:00-04:00,1.9162008955429939
2015-10-01 00:00:00-04:00,1.923324292622742
2015-10-02 00:00:00-04:00,1.9660649056352713
2015-10-05 00:00:00-04:00,2.307989335828339
2015-10-06 00:00:00-04:00,2.436210394339683
2015-10-07 00:00:00-04:00,2.7995049080334655
2015-10-08 00:00:00-04:00,2.5573090192324472
2015-10-09 00:00:00-04:00,2.8778626420163724
2015-10-12 00:00:00-04:00,2.714024156438387
2015-10-13 00:00:00-04:00,2.4647046485025235
2015-10-14 00:00:00-04:00,2.6499130915425826
2015-10-15 00:00:00-04:00,2.578679076972374
2015-10-16 00:00:00-04:00,2.600049115002037
2015-10-19 00:00:00-04:00,2.443333871334499
2015-10-20 00:00:00-04:00,2.343606261894901
2015-10-21 00:00:00-04:00,2.4433340209531726
2015-10-22 00:00:00-04:00,2.4433345779472764
2015-10-23 00:00:00-04:00,2.6214189668667673
2015-10-26 00:00:00-04:00,2.600049629790874
2015-10-27 00:00:00-04:00,2.41484016640455
2015-10-28 00:00:00-04:00,2.3649763349216384
2015-10-29 00:00:00-04:00,2.393470071136377
2015-10-30 00:00:00-04:00,2.450457389094029
2015-11-02 00:00:00-05:00,2.4789513233359104
2015-11-03 00:00:00-05:00,2.535938579194362
2015-11-04 00:00:00-05:00,2.7923818393400643
2015-11-05 00:00:00-05:00,2.6285428452199353
2015-11-06 00:00:00-05:00,2.4005935945157275
2015-11-09 00:00:00-05:00,2.4219639848399472
2015-11-10 00:00:00-05:00,2.265248019625022
2015-11-11 00:00:00-05:00,2.265248511253825
2015-11-12 00:00:00-05:00,1.9518177466649547
2015-11-13 00:00:00-05:00,2.080039608159706
2015-11-16 00:00:00-05:00,2.0016821493629413
2015-11-17 00:00:00-05:00,1.9090774913718234
2015-11-18 00:00:00-05:00,1.980311609619105
2015-11-19 00:00:00-05:00,1.980311502449453
2015-11-20 00:00:00-05:00,2.0729160335675885
2015-11-23 00:00:00-05:00,1.9233241081237793
2015-11-24 00:00:00-05:00,1.987434983253479
2015-11-25 00:00:00-05:00,1.9375709395306822
2015-11-27 00:00:00-05:00,1.930447395089588
2015-11-30 00:00:00-05:00,2.008805252741318
2015-12-01 00:00:00-05:00,2.0159285822022857
2015-12-02 00:00:00-05:00,1.9446943552341336
2015-12-03 00:00:00-05:00,1.980311623716984
2015-12-04 00:00:00-05:00,1.8663366039652327
2015-12-07 00:00:00-05:00,1.8378428497574322
2015-12-08 00:00:00-05:00,1.6668807815096025
2015-12-09 00:00:00-05:00,1.7523620890292915
2015-12-10 00:00:00-05:00,1.9019540748674213
2015-12-11 00:00:00-05:00,1.7951024030893616
2015-12-14 00:00:00-05:00,1.7523620128631592
2015-12-15 00:00:00-05:00,1.7381152565847964
2015-12-16 00:00:00-05:00,1.7808555911959143
2015-12-17 00:00:00-05:00,1.7594851620024303
2015-12-18 00:00:00-05:00,1.6953747455862476
2015-12-21 00:00:00-05:00,1.7523620340511905
2015-12-22 00:00:00-05:00,1.7309917873396026
2015-12-23 00:00:00-05:00,1.9090777751318908
2015-12-24 00:00:00-05:00,1.966065062509372
2015-12-28 00:00:00-05:00,1.9375705867177933
2015-12-29 00:00:00-05:00,1.9162006282907824
2015-12-30 00:00:00-05:00,1.8449664658064318
2015-12-31 00:00:00-05:00,1.8520896390919406
2016-01-04 00:00:00-05:00,1.7737323585733635
2016-01-05 00:00:00-05:00,1.8520900668109028
2016-01-06 00:00:00-05:00,1.7238684241403013
2016-01-07 00:00:00-05:00,1.631264050203884
2016-01-08 00:00:00-05:00,1.631263575856815
2016-01-11 00:00:00-05:00,1.6170169252065774
2016-01-12 00:00:00-05:00,1.510165617057029
2016-01-13 00:00:00-05:00,1.5172892150395272
2016-01-14 00:00:00-05:00,1.5101655860965497
2016-01-15 00:00:00-05:00,1.4603014457640882
2016-01-19 00:00:00-05:00,1.6098935059324049
2016-01-20 00:00:00-05:00,1.5030422007439541
2016-01-21 00:00:00-05:00,1.4816719510049343
2016-01-22 00:00:00-05:00,1.6811274812339077
2016-01-25 00:00:00-05:00,1.6383869909106854
2016-01-26 00:00:00-05:00,1.7096215173873825
2016-01-27 00:00:00-05:00,1.7951024321951856
2016-01-28 00:00:00-05:00,1.8805839038535463
2016-01-29 00:00:00-05:00,1.745238494624552
2016-02-01 00:00:00-05:00,1.7309916917009378
2016-02-02 00:00:00-05:00,1.7024980294005474
2016-02-03 00:00:00-05:00,1.7381151073114096
2016-02-04 00:00:00-05:00,1.8805836791415218
2016-02-05 00:00:00-05:00,2.0301753184284723
2016-02-08 00:00:00-05:00,1.9945582681434768
2016-02-09 00:00:00-05:00,1.9233243120015473
2016-02-10 00:00:00-05:00,1.8378429067505475
2016-02-11 00:00:00-05:00,1.7737321119178535
2016-02-12 00:00:00-05:00,1.9589413606108994
2016-02-16 00:00:00-05:00,2.080040164380459
2016-02-17 00:00:00-05:00,2.2581248644131886
2016-02-18 00:00:00-05:00,2.4077171518567653
2016-02-19 00:00:00-05:00,2.3364826130743492
2016-02-22 00:00:00-05:00,2.521692029442498
2016-02-23 00:00:00-05:00,2.5858022102127856
2016-02-24 00:00:00-05:00,2.2723718902305725
2016-02-25 00:00:00-05:00,2.3720997679839324
2016-02-26 00:00:00-05:00,2.457581020625184
2016-02-29 00:00:00-05:00,2.592925971082988
2016-03-01 00:00:00-05:00,2.543062003188345
2016-03-02 00:00:00-05:00,2.5858025576064816
2016-03-03 00:00:00-05:00,2.8636158541471977
2016-03-04 00:00:00-05:00,2.9633435343366417
2016-03-07 00:00:00-05:00,3.1556764221784004
2016-03-08 00:00:00-05:00,3.0844418440744263
2016-03-09 00:00:00-05:00,2.870739698410034
2016-03-10 00:00:00-05:00,2.721147925284553
2016-03-11 00:00:00-05:00,2.8351220838936007
2016-03-14 00:00:00-04:00,3.0060844886822298
2016-03-15 00:00:00-04:00,2.806628574503162
2016-03-16 00:00:00-04:00,2.8422452162381386
2016-03-17 00:00:00-04:00,3.2126637658711843
2016-03-18 00:00:00-04:00,3.2981444870058705
2016-03-21 00:00:00-04:00,3.212664195027381
2016-03-22 00:00:00-04:00,3.177046171067186
2016-03-23 00:00:00-04:00,3.1343061565811006
2016-03-24 00:00:00-04:00,2.906356596878873
2016-03-28 00:00:00-04:00,3.02033077306363
2016-03-29 00:00:00-04:00,2.9063566266394765
2016-03-30 00:00:00-04:00,3.141429468953002
2016-03-31 00:00:00-04:00,3.1200591965304967
2016-04-01 00:00:00-04:00,2.977590533998864
2016-04-04 00:00:00-04:00,3.0630720027246703
2016-04-05 00:00:00-04:00,2.806628500302262
2016-04-06 00:00:00-04:00,2.6926537505707566
2016-04-07 00:00:00-04:00,2.6997769996287597
2016-04-08 00:00:00-04:00,2.6926537976921003
2016-04-11 00:00:00-04:00,2.8137524127960205
2016-04-12 00:00:00-04:00,2.9633440553335757
2016-04-13 00:00:00-04:00,3.134306522253746
2016-04-14 00:00:00-04:00,3.1556766033172607
2016-04-15 00:00:00-04:00,3.091565717056434
2016-04-18 00:00:00-04:00,3.0773189460804993
2016-04-19 00:00:00-04:00,3.312391777522849
2016-04-20 00:00:00-04:00,3.3836258262878345
2016-04-21 00:00:00-04:00,3.4691060194373673
2016-04-22 00:00:00-04:00,3.2981444870058705
2016-04-25 00:00:00-04:00,3.21266370236992
2016-04-26 00:00:00-04:00,3.148553381416327
2016-04-27 00:00:00-04:00,3.0844421926546675
2016-04-28 00:00:00-04:00,3.1129361015189168
2016-04-29 00:00:00-04:00,3.298145220613007
2016-05-02 00:00:00-04:00,3.3765024206862364
2016-05-03 00:00:00-04:00,3.127182374437212
2016-05-04 00:00:00-04:00,2.963343524166926
2016-05-05 00:00:00-04:00,2.9989607710073174
2016-05-06 00:00:00-04:00,2.84936863102227
2016-05-09 00:00:00-04:00,2.74251778584163
2016-05-10 00:00:00-04:00,2.706900213734965
2016-05-11 00:00:00-04:00,2.792382187003383
2016-05-12 00:00:00-04:00,2.792381947821229
2016-05-13 00:00:00-04:00,2.628542381049737
2016-05-16 00:00:00-04:00,2.6855302747863408
2016-05-17 00:00:00-04:00,2.756764297023689
2016-05-18 00:00:00-04:00,2.642789820188227
2016-05-19 00:00:00-04:00,2.6285428452199353
2016-05-20 00:00:00-04:00,2.671283525419448
2016-05-23 00:00:00-04:00,2.578679055018562
2016-05-24 00:00:00-04:00,2.6641600676759936
2016-05-25 00:00:00-04:00,2.706900675974737
2016-05-26 00:00:00-04:00,2.8849863190303253
2016-05-27 00:00:00-04:00,2.820875503849961
2016-05-31 00:00:00-04:00,2.7069009127886248
2016-06-01 00:00:00-04:00,2.5786786413930254
2016-06-02 00:00:00-04:00,2.6071725988972876
2016-06-03 00:00:00-04:00,2.6997771864819415
2016-06-06 00:00:00-04:00,2.9063567869813185
2016-06-07 00:00:00-04:00,2.870739411372382
2016-06-08 00:00:00-04:00,3.013207340892899
2016-06-09 00:00:00-04:00,2.849368959281133
2016-06-10 00:00:00-04:00,2.6997768500108363
2016-06-13 00:00:00-04:00,2.657036781311035
2016-06-14 00:00:00-04:00,2.600049338894716
2016-06-15 00:00:00-04:00,2.685530531922412
2016-06-16 00:00:00-04:00,2.7353943404846337
2016-06-17 00:00:00-04:00,2.806628500302262
2016-06-20 00:00:00-04:00,2.9918372770020287
2016-06-21 00:00:00-04:00,3.048825038457941
2016-06-22 00:00:00-04:00,3.105812095443176
2016-06-23 00:00:00-04:00,3.177046523279157
2016-06-24 00:00:00-04:00,2.7282706418752247
2016-06-27 00:00:00-04:00,2.543062132542914
2016-06-28 00:00:00-04:00,2.6285430089291655
2016-06-29 00:00:00-04:00,2.7211478470240293
2016-06-30 00:00:00-04:00,2.84936912930704
2016-07-01 00:00:00-04:00,2.9277267456054688
2016-07-05 00:00:00-04:00,2.977590506357233
2016-07-06 00:00:00-04:00,2.8564927994702054
2016-07-07 00:00:00-04:00,3.09156543532768
2016-07-08 00:00:00-04:00,3.006084426077697
2016-07-11 00:00:00-04:00,3.198416810050094
2016-07-12 00:00:00-04:00,3.4192429341095893
2016-07-13 00:00:00-04:00,3.604452348803125
2016-07-14 00:00:00-04:00,3.5118478819845564
2016-07-15 00:00:00-04:00,3.483353767233594
2016-07-18 00:00:00-04:00,3.440613605258484
2016-07-19 00:00:00-04:00,3.3551322405127
2016-07-20 00:00:00-04:00,3.184169629403307
2016-07-21 00:00:00-04:00,3.362255686890919
2016-07-22 00:00:00-04:00,3.412119035583037
2016-07-25 00:00:00-04:00,3.433489450567123
2016-07-26 00:00:00-04:00,3.4334897655154104
2016-07-27 00:00:00-04:00,3.4975997112991926
2016-07-28 00:00:00-04:00,3.5047239225445157
2016-07-29 00:00:00-04:00,3.461984025891538
2016-08-01 00:00:00-04:00,3.5047245274863332
2016-08-02 00:00:00-04:00,3.511847271803316
2016-08-03 00:00:00-04:00,3.4833540916442867
2016-08-04 00:00:00-04:00,3.454860294038568
2016-08-05 00:00:00-04:00,3.5047234088304617
2016-08-08 00:00:00-04:00,3.5474650510379244
2016-08-09 00:00:00-04:00,3.604452648582023
2016-08-10 00:00:00-04:00,3.6258222171586625
2016-08-11 00:00:00-04:00,3.597328372672144
2016-08-12 00:00:00-04:00,3.5902058135944
2016-08-15 00:00:00-04:00,3.497600439978057
2016-08-16 00:00:00-04:00,3.5902048061787233
2016-08-17 00:00:00-04:00,3.5617110544667248
2016-08-18 00:00:00-04:00,3.668562541036637
2016-08-19 00:00:00-04:00,3.5403414268551963
2016-08-22 00:00:00-04:00,3.397872772378222
2016-08-23 00:00:00-04:00,3.5047243803074726
2016-08-24 00:00:00-04:00,3.39074932506079
2016-08-25 00:00:00-04:00,3.3052681575232428
2016-08-26 00:00:00-04:00,3.419242516348791
2016-08-29 00:00:00-04:00,3.326638317243766
2016-08-30 00:00:00-04:00,3.3052677324189137
2016-08-31 00:00:00-04:00,3.2126639968612114
2016-09-01 00:00:00-04:00,3.2981449111940493
2016-09-02 00:00:00-04:00,3.404996014057782
2016-09-06 00:00:00-04:00,3.4477369185612594
2016-09-07 00:00:00-04:00,3.511847271803316
2016-09-08 00:00:00-04:00,3.497600793838501
2016-09-09 00:00:00-04:00,3.4762301692323705
2016-09-12 00:00:00-04:00,3.333761960747583
2016-09-13 00:00:00-04:00,3.3693786070245375
2016-09-14 00:00:00-04:00,3.362255680734258
2016-09-15 00:00:00-04:00,3.3551320761458725
2016-09-16 00:00:00-04:00,3.3765025052965405
2016-09-19 00:00:00-04:00,3.575958013534546
2016-09-20 00:00:00-04:00,3.604452386850371
2016-09-21 00:00:00-04:00,3.6115753055814355
2016-09-22 00:00:00-04:00,3.8893890835661655
2016-09-23 00:00:00-04:00,3.825277799301577
2016-09-26 00:00:00-04:00,3.8039080869248028
2016-09-27 00:00:00-04:00,3.7611675886041214
2016-09-28 00:00:00-04:00,3.8466486240030946
2016-09-29 00:00:00-04:00,3.9463770664015096
2016-09-30 00:00:00-04:00,3.9178818577716323
2016-10-03 00:00:00-04:00,3.882265451946813
2016-10-04 00:00:00-04:00,3.9534993579840596
2016-10-05 00:00:00-04:00,3.8680180355719656
2016-10-06 00:00:00-04:00,3.8466482162475586
2016-10-07 00:00:00-04:00,3.939253818673974
2016-10-10 00:00:00-04:00,3.946376301774894
2016-10-11 00:00:00-04:00,3.967746767872367
2016-10-12 00:00:00-04:00,3.967746797625027
2016-10-13 00:00:00-04:00,3.996240577741317
2016-10-14 00:00:00-04:00,4.003363425916997
2016-10-17 00:00:00-04:00,3.996240290090529
2016-10-18 00:00:00-04:00,4.124462234693939
2016-10-19 00:00:00-04:00,4.1458314446798825
2016-10-20 00:00:00-04:00,4.117337818012516
2016-10-21 00:00:00-04:00,4.088843708364711
2016-10-24 00:00:00-04:00,4.160078306683361
2016-10-25 00:00:00-04:00,4.274053951040763
2016-10-26 00:00:00-04:00,4.174327165242782
2016-10-27 00:00:00-04:00,4.167201515943603
2016-10-28 00:00:00-04:00,4.18144918931271
2016-10-31 00:00:00-04:00,4.231313866418033
2016-11-01 00:00:00-04:00,4.345287020835716
2016-11-02 00:00:00-04:00,4.252683999592429
2016-11-03 00:00:00-04:00,4.266930472803776
2016-11-04 00:00:00-04:00,4.110214310504183
2016-11-07 00:00:00-05:00,4.359533645797033
2016-11-08 00:00:00-05:00,4.345288429990542
2016-11-09 00:00:00-05:00,4.630225864003058
2016-11-10 00:00:00-05:00,5.029135810277406
2016-11-11 00:00:00-05:00,5.043383156060752
2016-11-14 00:00:00-05:00,5.01488949278017
2016-11-15 00:00:00-05:00,4.715705721365975
2016-11-16 00:00:00-05:00,4.701459300176785
2016-11-17 00:00:00-05:00,4.722829866822094
2016-11-18 00:00:00-05:00,4.580361366271973
2016-11-21 00:00:00-05:00,4.751322604233462
2016-11-22 00:00:00-05:00,4.936532908512922
2016-11-23 00:00:00-05:00,4.8724205717204745
2016-11-25 00:00:00-05:00,5.029136919981278
2016-11-28 00:00:00-05:00,5.007765889652622
2016-11-29 00:00:00-05:00,4.943654762347329
2016-11-30 00:00:00-05:00,4.986395987147383
2016-12-01 00:00:00-05:00,4.936532908512922
2016-12-02 00:00:00-05:00,4.936532544137029
2016-12-05 00:00:00-05:00,5.107494154949387
2016-12-06 00:00:00-05:00,5.135987501023292
2016-12-07 00:00:00-05:00,5.235716504391625
2016-12-08 00:00:00-05:00,5.44941832661145
2016-12-09 00:00:00-05:00,5.442295156356014
2016-12-12 00:00:00-05:00,5.34256694590966
2016-12-13 00:00:00-05:00,5.178727583810334
2016-12-14 00:00:00-05:00,5.029136527414682
2016-12-15 00:00:00-05:00,4.801186705246276
2016-12-16 00:00:00-05:00,4.729952812194824
2016-12-19 00:00:00-05:00,4.6943358291895665
2016-12-20 00:00:00-05:00,4.737076132343511
2016-12-21 00:00:00-05:00,4.765569837420793
2016-12-22 00:00:00-05:00,4.687211984167479
2016-12-23 00:00:00-05:00,4.701459300176785
2016-12-27 00:00:00-05:00,4.68008895381624
2016-12-28 00:00:00-05:00,4.808309926796243
2016-12-29 00:00:00-05:00,4.758446216583252
2016-12-30 00:00:00-05:00,4.900915693792784
2017-01-03 00:00:00-05:00,4.8795445766314
2017-01-04 00:00:00-05:00,4.922284929926613
2017-01-05 00:00:00-05:00,5.007766273197838
2017-01-06 00:00:00-05:00,5.1074948910316955
2017-01-09 00:00:00-05:00,5.071876738244336
2017-01-10 00:00:00-05:00,5.2998259243188475
2017-01-11 00:00:00-05:00,5.356814491571906
2017-01-12 00:00:00-05:00,5.50640577001529
2017-01-13 00:00:00-05:00,5.420924988220588
2017-01-17 00:00:00-05:00,5.549145840749786
2017-01-18 00:00:00-05:00,5.463665334402871
2017-01-19 00:00:00-05:00,5.534899010003071
2017-01-20 00:00:00-05:00,5.5064055662698355
2017-01-23 00:00:00-05:00,5.691614627838135
2017-01-24 00:00:00-05:00,5.834082993345447
2017-01-25 00:00:00-05:00,5.805589987289701
2017-01-26 00:00:00-05:00,5.74860268370898
2017-01-27 00:00:00-05:00,5.79846665325485
2017-01-30 00:00:00-05:00,5.748601694828417
2017-01-31 00:00:00-05:00,5.834082849524806
2017-02-01 00:00:00-05:00,5.869700646970531
2017-02-02 00:00:00-05:00,5.834083488425989
2017-02-03 00:00:00-05:00,5.54202249411958
2017-02-06 00:00:00-05:00,5.477912058058793
2017-02-07 00:00:00-05:00,5.5420224176903625
2017-02-08 00:00:00-05:00,5.513528812089275
2017-02-09 00:00:00-05:00,5.470788318158883
2017-02-10 00:00:00-05:00,5.634627300049064
2017-02-13 00:00:00-05:00,5.834083654638827
2017-02-14 00:00:00-05:00,5.791342619998169
2017-02-15 00:00:00-05:00,5.748601655433986
2017-02-16 00:00:00-05:00,5.727232195121173
2017-02-17 00:00:00-05:00,5.670245327294706
2017-02-21 00:00:00-05:00,5.748601872105066
2017-02-22 00:00:00-05:00,5.712985086932621
2017-02-23 00:00:00-05:00,6.083402526826087
2017-02-24 00:00:00-05:00,5.648873965064367
2017-02-27 00:00:00-05:00,5.705861757595178
2017-02-28 00:00:00-05:00,5.648873800416818
2017-03-01 00:00:00-05:00,5.841206637353373
2017-03-02 00:00:00-05:00,5.905317126730656
2017-03-03 00:00:00-05:00,5.848329367950887
2017-03-06 00:00:00-05:00,5.720109016205616
2017-03-07 00:00:00-05:00,5.641751007699922
2017-03-08 00:00:00-05:00,5.563393165362532
2017-03-09 00:00:00-05:00,5.3924304903644815
2017-03-10 00:00:00-05:00,5.420924704495692
2017-03-13 00:00:00-04:00,5.485035564127187
2017-03-14 00:00:00-04:00,5.34969082628477
2017-03-15 00:00:00-04:00,5.59188663895935
2017-03-16 00:00:00-04:00,5.9836745540040575
2017-03-17 00:00:00-04:00,6.033538341522217
2017-03-20 00:00:00-04:00,6.026416156064645
2017-03-21 00:00:00-04:00,6.012169448546196
2017-03-22 00:00:00-04:00,5.8269605339536845
2017-03-23 00:00:00-04:00,5.826960778850196
2017-03-24 00:00:00-04:00,5.691614293749826
2017-03-27 00:00:00-04:00,5.463665399308336
2017-03-28 00:00:00-04:00,5.50640534850964
2017-03-29 00:00:00-04:00,5.4636649699859845
2017-03-30 00:00:00-04:00,5.5420231460389395
2017-03-31 00:00:00-04:00,5.4850354777167825
2017-04-03 00:00:00-04:00,5.60613372093555
2017-04-04 00:00:00-04:00,5.641751872379147
2017-04-05 00:00:00-04:00,5.755726547886984
2017-04-06 00:00:00-04:00,5.691614299375004
2017-04-07 00:00:00-04:00,5.520653401499719
2017-04-10 00:00:00-04:00,5.620379814451739
2017-04-11 00:00:00-04:00,5.6987382136474025
2017-04-12 00:00:00-04:00,5.5562700657342825
2017-04-13 00:00:00-04:00,5.4422946312114
2017-04-17 00:00:00-04:00,5.456541899352859
2017-04-18 00:00:00-04:00,5.34969082086508
2017-04-19 00:00:00-04:00,5.406678142750185
2017-04-20 00:00:00-04:00,5.406678414854262
2017-04-21 00:00:00-04:00,5.435172080993652
2017-04-24 00:00:00-04:00,5.506405931442275
2017-04-25 00:00:00-04:00,5.648874017504113
2017-04-26 00:00:00-04:00,5.5420226669674335
2017-04-27 00:00:00-04:00,5.5491454806155796
2017-04-28 00:00:00-04:00,5.563392891510357
2017-05-01 00:00:00-04:00,5.599009990692139
2017-05-02 00:00:00-04:00,5.435171460907692
2017-05-03 00:00:00-04:00,5.264208941327095
2017-05-04 00:00:00-04:00,5.079000000861739
2017-05-05 00:00:00-04:00,5.150235499017626
2017-05-08 00:00:00-04:00,5.192975987722375
2017-05-09 00:00:00-04:00,5.34969082086508
2017-05-10 00:00:00-04:00,5.3861881352876715
2017-05-11 00:00:00-04:00,5.321468092990069
2017-05-12 00:00:00-04:00,5.249556220732956
2017-05-15 00:00:00-04:00,5.407762370672289
2017-05-16 00:00:00-04:00,5.429335684956707
2017-05-17 00:00:00-04:00,5.364614902386423
2017-05-18 00:00:00-04:00,5.328658962187785
2017-05-19 00:00:00-04:00,5.479673736158749
2017-05-22 00:00:00-04:00,5.515629322719596
2017-05-23 00:00:00-04:00,5.458100384778664
2017-05-24 00:00:00-04:00,5.393379211425781
2017-05-25 00:00:00-04:00,5.422144961069818
2017-05-26 00:00:00-04:00,5.357423782348633
2017-05-30 00:00:00-04:00,5.422144961069818
2017-05-31 00:00:00-04:00,5.299895044147795
2017-06-01 00:00:00-04:00,5.227982488304168
2017-06-02 00:00:00-04:00,5.249557286774408
2017-06-05 00:00:00-04:00,5.227982365186451
2017-06-06 00:00:00-04:00,5.148879495268719
2017-06-07 00:00:00-04:00,5.307085578547268
2017-06-08 00:00:00-04:00,5.235173723427484
2017-06-09 00:00:00-04:00,5.343041202549246
2017-06-12 00:00:00-04:00,5.350232570593236
2017-06-13 00:00:00-04:00,5.328659117595495
2017-06-14 00:00:00-04:00,5.400570973595887
2017-06-15 00:00:00-04:00,5.1488800633421015
2017-06-16 00:00:00-04:00,5.12730563061921
2017-06-19 00:00:00-04:00,5.213600479043993
2017-06-20 00:00:00-04:00,5.084159477457965
2017-06-21 00:00:00-04:00,5.09134985959586
2017-06-22 00:00:00-04:00,5.026628977451489
2017-06-23 00:00:00-04:00,5.076968989054716
2017-06-26 00:00:00-04:00,5.098541931418507
2017-06-27 00:00:00-04:00,5.19921814661098
2017-06-28 00:00:00-04:00,5.242364819848123
2017-06-29 00:00:00-04:00,5.386188797940131
2017-06-30 00:00:00-04:00,5.378997959869222
2017-07-03 00:00:00-04:00,5.472482860014831
2017-07-05 00:00:00-04:00,5.695408821105957
2017-07-06 00:00:00-04:00,5.5803496277215245
2017-07-07 00:00:00-04:00,5.515629738269983
2017-07-10 00:00:00-04:00,5.4365265434814525
2017-07-11 00:00:00-04:00,5.623496845746744
2017-07-12 00:00:00-04:00,5.8104675638263075
2017-07-13 00:00:00-04:00,5.824849722489188
2017-07-14 00:00:00-04:00,5.9111436878281545
2017-07-17 00:00:00-04:00,6.0262039517133275
2017-07-18 00:00:00-04:00,5.932717128266449
2017-07-19 00:00:00-04:00,5.997438387129303
2017-07-20 00:00:00-04:00,5.99743884965599
2017-07-21 00:00:00-04:00,5.903953270460008
2017-07-24 00:00:00-04:00,5.832040373436669
2017-07-25 00:00:00-04:00,6.1196876841604
2017-07-26 00:00:00-04:00,6.198790870859585
2017-07-27 00:00:00-04:00,6.241937340974597
2017-07-28 00:00:00-04:00,6.155644645965336
2017-07-31 00:00:00-04:00,6.328233084820709
2017-08-01 00:00:00-04:00,6.364187139548751
2017-08-02 00:00:00-04:00,6.285084630507645
2017-08-03 00:00:00-04:00,6.2850847244262695
2017-08-04 00:00:00-04:00,6.33542267109451
2017-08-07 00:00:00-04:00,6.4504835348315686
2017-08-08 00:00:00-04:00,6.4360996329749245
2017-08-09 00:00:00-04:00,6.328231269487814
2017-08-10 00:00:00-04:00,6.191599339431933
2017-08-11 00:00:00-04:00,5.9758645263598815
2017-08-14 00:00:00-04:00,6.141261008655602
2017-08-15 00:00:00-04:00,6.090923268853496
2017-08-16 00:00:00-04:00,6.285085068437105
2017-08-17 00:00:00-04:00,6.385761879910455
2017-08-18 00:00:00-04:00,6.292277078639158
2017-08-21 00:00:00-04:00,6.342614591583316
2017-08-22 00:00:00-04:00,6.385761694215197
2017-08-23 00:00:00-04:00,6.436100283899622
2017-08-24 00:00:00-04:00,6.493628035954513
2017-08-25 00:00:00-04:00,6.5439672378643925
2017-08-28 00:00:00-04:00,6.594304882928659
2017-08-29 00:00:00-04:00,6.479247270588309
2017-08-30 00:00:00-04:00,6.594306149030687
2017-08-31 00:00:00-04:00,6.673407813148121
2017-09-01 00:00:00-04:00,6.795657388171817
2017-09-05 00:00:00-04:00,6.817231856562814
2017-09-06 00:00:00-04:00,6.817230712100245
2017-09-07 00:00:00-04:00,6.947473034667351
2017-09-08 00:00:00-04:00,7.005428595115677
2017-09-11 00:00:00-04:00,6.983696350529696
2017-09-12 00:00:00-04:00,7.063384268431786
2017-09-13 00:00:00-04:00,6.998184867036433
2017-09-14 00:00:00-04:00,6.817071424733044
2017-09-15 00:00:00-04:00,6.751871448161985
2017-09-18 00:00:00-04:00,6.744627460734833
2017-09-19 00:00:00-04:00,6.744627460734833
2017-09-20 00:00:00-04:00,6.7808485152955384
2017-09-21 00:00:00-04:00,6.751870394796958
2017-09-22 00:00:00-04:00,6.686670860127003
2017-09-25 00:00:00-04:00,6.7301383943252135
2017-09-26 00:00:00-04:00,6.7084048922357775
2017-09-27 00:00:00-04:00,6.657692536121015
2017-09-28 00:00:00-04:00,6.53453579909921
2017-09-29 00:00:00-04:00,6.628714900577539
2017-10-02 00:00:00-04:00,6.664938201526713
2017-10-03 00:00:00-04:00,6.7591160964386425
2017-10-04 00:00:00-04:00,6.824315774410733
2017-10-05 00:00:00-04:00,6.969205767993934
2017-10-06 00:00:00-04:00,6.947473449385715
2017-10-09 00:00:00-04:00,6.9257401801831024
2017-10-10 00:00:00-04:00,6.925739736174303
2017-10-11 00:00:00-04:00,6.925740149595332
2017-10-12 00:00:00-04:00,6.947473175866299
2017-10-13 00:00:00-04:00,7.2082751332176365
2017-10-16 00:00:00-04:00,7.374898770193924
2017-10-17 00:00:00-04:00,7.280719701339157
2017-10-18 00:00:00-04:00,7.172051858354683
2017-10-19 00:00:00-04:00,7.099607761047128
2017-10-20 00:00:00-04:00,7.193787097930908
2017-10-23 00:00:00-04:00,7.208276252609999
2017-10-24 00:00:00-04:00,7.302452889401225
2017-10-25 00:00:00-04:00,7.258987693761818
2017-10-26 00:00:00-04:00,7.222766120797925
2017-10-27 00:00:00-04:00,6.9692063331604
2017-10-30 00:00:00-04:00,6.998183714569819
2017-10-31 00:00:00-04:00,6.925740149595332
2017-11-01 00:00:00-04:00,7.186541649032709
2017-11-02 00:00:00-04:00,7.16480784491861
2017-11-03 00:00:00-04:00,7.172051442359735
2017-11-06 00:00:00-05:00,7.128585876285216
2017-11-07 00:00:00-05:00,7.08511801088194
2017-11-08 00:00:00-05:00,7.01267431501782
2017-11-09 00:00:00-05:00,6.809826846140628
2017-11-10 00:00:00-05:00,6.9112497130560815
2017-11-13 00:00:00-05:00,6.8315604993572565
2017-11-14 00:00:00-05:00,6.751871199361013
2017-11-15 00:00:00-05:00,6.585247492106833
2017-11-16 00:00:00-05:00,6.751871585845947
2017-11-17 00:00:00-05:00,6.722892921797959
2017-11-20 00:00:00-05:00,6.788094655620884
2017-11-21 00:00:00-05:00,6.925738886787223
2017-11-22 00:00:00-05:00,6.95471754606135
2017-11-24 00:00:00-05:00,6.98369606048558
2017-11-27 00:00:00-05:00,6.904006515000111
2017-11-28 00:00:00-05:00,6.701159624572607
2017-11-29 00:00:00-05:00,6.708404814818994
2017-11-30 00:00:00-05:00,6.635959238252943
2017-12-01 00:00:00-05:00,6.592491701680063
2017-12-04 00:00:00-05:00,6.672182266334289
2017-12-05 00:00:00-05:00,6.447603088687777
2017-12-06 00:00:00-05:00,6.447602031025311
2017-12-07 00:00:00-05:00,6.476579814621005
2017-12-08 00:00:00-05:00,6.6142257620601645
2017-12-11 00:00:00-05:00,6.766360912766574
2017-12-12 00:00:00-05:00,6.693914349595461
2017-12-13 00:00:00-05:00,6.759115812241902
2017-12-14 00:00:00-05:00,6.911249750363162
2017-12-15 00:00:00-05:00,7.012673854827881
2017-12-18 00:00:00-05:00,7.063385286178232
2017-12-19 00:00:00-05:00,7.056140653928053
2017-12-20 00:00:00-05:00,7.215519117096951
2017-12-21 00:00:00-05:00,7.215519186209324
2017-12-22 00:00:00-05:00,7.258987103210347
2017-12-26 00:00:00-05:00,7.287964897338329
2017-12-27 00:00:00-05:00,7.411121767745664
2017-12-28 00:00:00-05:00,7.490811330571308
2017-12-29 00:00:00-05:00,7.599477472126767
2018-01-02 00:00:00-05:00,7.613966888185187
2018-01-03 00:00:00-05:00,7.7153908155308715
2018-01-04 00:00:00-05:00,7.671922206878662
2018-01-05 00:00:00-05:00,7.6284555773875615
2018-01-08 00:00:00-05:00,7.693657190704513
2018-01-09 00:00:00-05:00,7.758857234083683
2018-01-10 00:00:00-05:00,7.867522943202688
2018-01-11 00:00:00-05:00,7.939969432241026
2018-01-12 00:00:00-05:00,8.055879832610401
2018-01-16 00:00:00-05:00,7.961703113792546
2018-01-17 00:00:00-05:00,8.128326234268403
2018-01-18 00:00:00-05:00,8.193526268005371
2018-01-19 00:00:00-05:00,8.200771347898941
2018-01-22 00:00:00-05:00,8.164549982031005
2018-01-23 00:00:00-05:00,7.91099159208802
2018-01-24 00:00:00-05:00,8.142814884334479
2018-01-25 00:00:00-05:00,8.25148405443588
2018-01-26 00:00:00-05:00,8.200771178643603
2018-01-29 00:00:00-05:00,8.403618241317977
2018-01-30 00:00:00-05:00,8.374638708951881
2018-01-31 00:00:00-05:00,8.360150539429346
2018-02-01 00:00:00-05:00,8.150059900309579
2018-02-02 00:00:00-05:00,8.055881408359543
2018-02-05 00:00:00-05:00,7.838546755634887
2018-02-06 00:00:00-05:00,7.556011323568276
2018-02-07 00:00:00-05:00,7.577744021041953
2018-02-08 00:00:00-05:00,7.570499619155495
2018-02-09 00:00:00-05:00,7.222765331295292
2018-02-12 00:00:00-05:00,7.345921405167434
2018-02-13 00:00:00-05:00,7.46907776677993
2018-02-14 00:00:00-05:00,7.505298357167872
2018-02-15 00:00:00-05:00,7.94721378758182
2018-02-16 00:00:00-05:00,7.8240576865056655
2018-02-20 00:00:00-05:00,7.766102023813435
2018-02-21 00:00:00-05:00,8.06312448329778
2018-02-22 00:00:00-05:00,8.063125995065864
2018-02-23 00:00:00-05:00,7.997925420888838
2018-02-26 00:00:00-05:00,8.09210297855902
2018-02-27 00:00:00-05:00,8.041391714099163
2018-02-28 00:00:00-05:00,7.795079346949076
2018-03-01 00:00:00-05:00,7.512545244015059
2018-03-02 00:00:00-05:00,7.331431696371995
2018-03-05 00:00:00-05:00,7.18654254710068
2018-03-06 00:00:00-05:00,7.425609588623047
2018-03-07 00:00:00-05:00,7.258986813504239
2018-03-08 00:00:00-05:00,7.273475108115496
2018-03-09 00:00:00-05:00,7.324186544292856
2018-03-12 00:00:00-04:00,7.469078332837946
2018-03-13 00:00:00-04:00,7.556010384658832
2018-03-14 00:00:00-04:00,7.77334613495152
2018-03-15 00:00:00-04:00,7.650190907777376
2018-03-16 00:00:00-04:00,7.729878811298711
2018-03-19 00:00:00-04:00,7.650189592700194
2018-03-20 00:00:00-04:00,7.44734256028531
2018-03-21 00:00:00-04:00,7.440098852367858
2018-03-22 00:00:00-04:00,7.345921882035501
2018-03-23 00:00:00-04:00,7.280721517817839
2018-03-26 00:00:00-04:00,7.2589873004964005
2018-03-27 00:00:00-04:00,7.469078218142041
2018-03-28 00:00:00-04:00,7.18654203414917
2018-03-29 00:00:00-04:00,7.2155189514160165
2018-04-02 00:00:00-04:00,7.230005922499615
2018-04-03 00:00:00-04:00,7.237254760386738
2018-04-04 00:00:00-04:00,7.027162293989779
2018-04-05 00:00:00-04:00,7.309697732029125
2018-04-06 00:00:00-04:00,7.150318560486323
2018-04-09 00:00:00-04:00,6.846049709551847
2018-04-10 00:00:00-04:00,7.121340842482223
2018-04-11 00:00:00-04:00,6.998184280269343
2018-04-12 00:00:00-04:00,6.95471846214854
2018-04-13 00:00:00-04:00,7.1430745441598535
2018-04-16 00:00:00-04:00,7.19378648229505
2018-04-17 00:00:00-04:00,7.172052383422852
2018-04-18 00:00:00-04:00,7.505299126682094
2018-04-19 00:00:00-04:00,7.693656861200608
2018-04-20 00:00:00-04:00,7.71538880069658
2018-04-23 00:00:00-04:00,7.5994789657628115
2018-04-24 00:00:00-04:00,7.7516109527289405
2018-04-25 00:00:00-04:00,7.621212252920407
2018-04-26 00:00:00-04:00,7.777158599974427
2018-04-27 00:00:00-04:00,7.422644357624053
2018-04-30 00:00:00-04:00,7.1272157021362235
2018-05-01 00:00:00-04:00,7.016430209748
2018-05-02 00:00:00-04:00,7.178915874420587
2018-05-03 00:00:00-04:00,7.245386336739522
2018-05-04 00:00:00-04:00,7.119829744881698
2018-05-07 00:00:00-04:00,7.1419867672063795
2018-05-08 00:00:00-04:00,7.156757446209814
2018-05-09 00:00:00-04:00,7.23061619636373
2018-05-10 00:00:00-04:00,7.370944145556675
2018-05-11 00:00:00-04:00,7.62944516085515
2018-05-14 00:00:00-04:00,7.681143760681152
2018-05-15 00:00:00-04:00,7.4965009045066395
2018-05-16 00:00:00-04:00,7.755000469639599
2018-05-17 00:00:00-04:00,7.828858081762524
2018-05-18 00:00:00-04:00,7.3340158132147995
2018-05-21 00:00:00-04:00,7.607287414188433
2018-05-22 00:00:00-04:00,7.747615130367477
2018-05-23 00:00:00-04:00,7.452188585704989
2018-05-24 00:00:00-04:00,7.422644147820431
2018-05-25 00:00:00-04:00,7.407872588255703
2018-05-29 00:00:00-04:00,7.238000453089627
2018-05-30 00:00:00-04:00,7.215844638679294
2018-05-31 00:00:00-04:00,7.34878713226262
2018-06-01 00:00:00-04:00,7.511272973156757
2018-06-04 00:00:00-04:00,7.577745254428146
2018-06-05 00:00:00-04:00,7.599901630450932
2018-06-06 00:00:00-04:00,7.777157839080125
2018-06-07 00:00:00-04:00,7.939643211045935
2018-06-08 00:00:00-04:00,7.614672724190828
2018-06-11 00:00:00-04:00,7.62205935722635
2018-06-12 00:00:00-04:00,7.518658967601013
2018-06-13 00:00:00-04:00,7.777159144993598
2018-06-14 00:00:00-04:00,7.75499973262736
2018-06-15 00:00:00-04:00,7.540815977878204
2018-06-18 00:00:00-04:00,7.319244259487829
2018-06-19 00:00:00-04:00,7.186300537974087
2018-06-20 00:00:00-04:00,7.378329967497933
2018-06-21 00:00:00-04:00,7.267544026189386
2018-06-22 00:00:00-04:00,7.5112723510603026
2018-06-25 00:00:00-04:00,7.341399557964319
2018-06-26 00:00:00-04:00,7.134600498673868
2018-06-27 00:00:00-04:00,7.186301203376967
2018-06-28 00:00:00-04:00,6.898258451978576
2018-06-29 00:00:00-04:00,7.016429901123047
2018-07-02 00:00:00-04:00,6.757929969929546
2018-07-03 00:00:00-04:00,6.403415352687036
2018-07-05 00:00:00-04:00,6.388644451864078
2018-07-06 00:00:00-04:00,6.366486316742355
2018-07-09 00:00:00-04:00,6.462501305754358
2018-07-10 00:00:00-04:00,6.396029228424492
2018-07-11 00:00:00-04:00,6.122758757226176
2018-07-12 00:00:00-04:00,6.1079872350685145
2018-07-13 00:00:00-04:00,6.07105827331543
2018-07-16 00:00:00-04:00,6.019357915399411
2018-07-17 00:00:00-04:00,5.997201375147503
2018-07-18 00:00:00-04:00,6.041516474767191
2018-07-19 00:00:00-04:00,6.0267438888549805
2018-07-20 00:00:00-04:00,5.96765876012394
2018-07-23 00:00:00-04:00,5.975043603556449
2018-07-24 00:00:00-04:00,6.300014962485663
2018-07-25 00:00:00-04:00,6.2409301828821775
2018-07-26 00:00:00-04:00,6.248315480209625
2018-07-27 00:00:00-04:00,6.263086074848427
2018-07-30 00:00:00-04:00,6.233544040954905
2018-07-31 00:00:00-04:00,6.462501268913673
2018-08-01 00:00:00-04:00,6.2630873403566305
2018-08-02 00:00:00-04:00,5.9972015973777495
2018-08-03 00:00:00-04:00,6.034129555338883
2018-08-06 00:00:00-04:00,5.952886655569176
2018-08-07 00:00:00-04:00,6.204001508615767
2018-08-08 00:00:00-04:00,6.144916069415656
2018-08-09 00:00:00-04:00,6.226158618927002
2018-08-10 00:00:00-04:00,5.989815169542751
2018-08-13 00:00:00-04:00,5.99720095723026
2018-08-14 00:00:00-04:00,5.901186555166135
2018-08-15 00:00:00-04:00,5.650072350736588
2018-08-16 00:00:00-04:00,5.6648437128952995
2018-08-17 00:00:00-04:00,5.642687460910523
2018-08-20 00:00:00-04:00,5.819944449866558
2018-08-21 00:00:00-04:00,5.775630127296154
2018-08-22 00:00:00-04:00,5.879030296905473
2018-08-23 00:00:00-04:00,5.812558496555054
2018-08-24 00:00:00-04:00,6.011973453797707
2018-08-27 00:00:00-04:00,6.0932152473809245
2018-08-28 00:00:00-04:00,6.255701431416224
2018-08-29 00:00:00-04:00,6.15968704978795
2018-08-30 00:00:00-04:00,6.159687042236328
2018-08-31 00:00:00-04:00,6.019358475918761
2018-09-04 00:00:00-04:00,5.84948648659679
2018-09-05 00:00:00-04:00,5.96765818869551
2018-09-06 00:00:00-04:00,5.999281875192288
2018-09-07 00:00:00-04:00,5.794760985841793
2018-09-10 00:00:00-04:00,5.688713455885396
2018-09-11 00:00:00-04:00,5.605389685551271
2018-09-12 00:00:00-04:00,5.75688629590348
2018-09-13 00:00:00-04:00,5.915957927703857
2018-09-14 00:00:00-04:00,5.961407172688995
2018-09-17 00:00:00-04:00,5.900808822008632
2018-09-18 00:00:00-04:00,6.112903606830154
2018-09-19 00:00:00-04:00,6.287126145280763
2018-09-20 00:00:00-04:00,6.45377280183895
2018-09-21 00:00:00-04:00,6.5901203367373515
2018-09-24 00:00:00-04:00,6.597694935673816
2018-09-25 00:00:00-04:00,6.764343040189432
2018-09-26 00:00:00-04:00,6.703743447099705
2018-09-27 00:00:00-04:00,6.552245547422479
2018-09-28 00:00:00-04:00,6.5067968146902215
2018-10-01 00:00:00-04:00,6.491646407605425
2018-10-02 00:00:00-04:00,6.552245140075684
2018-10-03 00:00:00-04:00,6.552245837485667
2018-10-04 00:00:00-04:00,6.62799433191063
2018-10-05 00:00:00-04:00,6.446198920118455
2018-10-08 00:00:00-04:00,6.340149970697017
2018-10-09 00:00:00-04:00,6.393173530467078
2018-10-10 00:00:00-04:00,6.317425712880146
2018-10-11 00:00:00-04:00,6.143203768005215
2018-10-12 00:00:00-04:00,6.355300508132654
2018-10-15 00:00:00-04:00,6.271976757782611
2018-10-16 00:00:00-04:00,6.264402379114525
2018-10-17 00:00:00-04:00,6.294701443293786
2018-10-18 00:00:00-04:00,6.135628659047519
2018-10-19 00:00:00-04:00,6.082604593888051
2018-10-22 00:00:00-04:00,6.105329990386963
2018-10-23 00:00:00-04:00,5.862934329994352
2018-10-24 00:00:00-04:00,5.9008090883824265
2018-10-25 00:00:00-04:00,5.825058834270351
2018-10-26 00:00:00-04:00,5.772036096185007
2018-10-29 00:00:00-04:00,5.991706640270422
2018-10-30 00:00:00-04:00,5.900808989438195
2018-10-31 00:00:00-04:00,6.052304865731995
2018-11-01 00:00:00-04:00,6.30227543263373
2018-11-02 00:00:00-04:00,6.491646652312489
2018-11-05 00:00:00-05:00,6.3552998344358675
2018-11-06 00:00:00-05:00,6.218951898307205
2018-11-07 00:00:00-05:00,6.309850413547634
2018-11-08 00:00:00-05:00,6.271975617306634
2018-11-09 00:00:00-05:00,5.9841324682343915
2018-11-12 00:00:00-05:00,5.847784320257231
2018-11-13 00:00:00-05:00,5.83263472875009
2018-11-14 00:00:00-05:00,5.756886202604868
2018-11-15 00:00:00-05:00,5.71143714463263
2018-11-16 00:00:00-05:00,5.7871856689453125
2018-11-19 00:00:00-05:00,5.847784415028978
2018-11-20 00:00:00-05:00,5.711437506998505
2018-11-21 00:00:00-05:00,5.688712095475267
2018-11-23 00:00:00-05:00,5.4463177555534985
2018-11-26 00:00:00-05:00,5.461466988573505
2018-11-27 00:00:00-05:00,5.438742742350953
2018-11-28 00:00:00-05:00,5.567514258977691
2018-11-29 00:00:00-05:00,5.696287433728038
2018-11-30 00:00:00-05:00,5.575090221101596
2018-12-03 00:00:00-05:00,5.847784520664367
2018-12-04 00:00:00-05:00,5.703863029008197
2018-12-06 00:00:00-05:00,5.2266469221620895
2018-12-07 00:00:00-05:00,5.423592847525132
2018-12-10 00:00:00-05:00,5.2342209815979
2018-12-11 00:00:00-05:00,5.400868204537382
2018-12-12 00:00:00-05:00,5.476617055600694
2018-12-13 00:00:00-05:00,5.650838550595006
2018-12-14 00:00:00-05:00,5.446317860840661
2018-12-17 00:00:00-05:00,5.552365763893693
2018-12-18 00:00:00-05:00,5.50691679614193
2018-12-19 00:00:00-05:00,5.57509028786646
2018-12-20 00:00:00-05:00,5.469042200442235
2018-12-21 00:00:00-05:00,5.484191295522318
2018-12-24 00:00:00-05:00,5.400868787836941
2018-12-26 00:00:00-05:00,5.340270067599863
2018-12-27 00:00:00-05:00,5.370568557052812
2018-12-28 00:00:00-05:00,5.582665250401683
2018-12-31 00:00:00-05:00,5.597814243892098
2019-01-02 00:00:00-05:00,5.2569457392251975
2019-01-03 00:00:00-05:00,5.272096620421373
2019-01-04 00:00:00-05:00,5.340270136686295
2019-01-07 00:00:00-05:00,5.499342147223426
2019-01-08 00:00:00-05:00,5.582664582539859
2019-01-09 00:00:00-05:00,5.688713240415581
2019-01-10 00:00:00-05:00,5.544790764594026
2019-01-11 00:00:00-05:00,5.635688701223007
2019-01-14 00:00:00-05:00,5.605389316455067
2019-01-15 00:00:00-05:00,5.681137841123628
2019-01-16 00:00:00-05:00,5.605388732638431
2019-01-17 00:00:00-05:00,5.6053895115518255
2019-01-18 00:00:00-05:00,5.8705090302688285
2019-01-22 00:00:00-05:00,5.658412640101734
2019-01-23 00:00:00-05:00,5.673562817294229
2019-01-24 00:00:00-05:00,5.628112996627995
2019-01-25 00:00:00-05:00,5.870509639420722
2019-01-28 00:00:00-05:00,5.779611017490235
2019-01-29 00:00:00-05:00,5.923533231266593
2019-01-30 00:00:00-05:00,6.01443169272447
2019-01-31 00:00:00-05:00,6.0977552541125055
2019-02-01 00:00:00-05:00,5.991706107554167
2019-02-04 00:00:00-05:00,5.9083839355051415
2019-02-05 00:00:00-05:00,5.961407850854956
2019-02-06 00:00:00-05:00,5.931108192766643
2019-02-07 00:00:00-05:00,5.893233835788745
2019-02-08 00:00:00-05:00,5.74931210216888
2019-02-11 00:00:00-05:00,5.605389595031738
2019-02-12 00:00:00-05:00,5.635688885030726
2019-02-13 00:00:00-05:00,5.7796112043741426
2019-02-14 00:00:00-05:00,5.711437702178955
2019-02-15 00:00:00-05:00,5.855360222380715
2019-02-19 00:00:00-05:00,5.817485268660717
2019-02-20 00:00:00-05:00,5.976557293526631
2019-02-21 00:00:00-05:00,5.961407476815744
2019-02-22 00:00:00-05:00,6.0826046053449545
2019-02-25 00:00:00-05:00,6.0674553621976
2019-02-26 00:00:00-05:00,6.044730203693218
2019-02-27 00:00:00-05:00,6.20380251690239
2019-02-28 00:00:00-05:00,6.120478814823093
2019-03-01 00:00:00-05:00,6.090179617569163
2019-03-04 00:00:00-05:00,6.052305232957451
2019-03-05 00:00:00-05:00,6.052305244328821
2019-03-06 00:00:00-05:00,6.143202965461
2019-03-07 00:00:00-05:00,6.02958162773138
2019-03-08 00:00:00-05:00,5.779611305667218
2019-03-11 00:00:00-04:00,5.90080882875875
2019-03-12 00:00:00-04:00,5.999282349734995
2019-03-13 00:00:00-04:00,6.1053302785549555
2019-03-14 00:00:00-04:00,6.075030616441368
2019-03-15 00:00:00-04:00,6.112903594970703
2019-03-18 00:00:00-04:00,6.203802108764648
2019-03-19 00:00:00-04:00,6.294702127134287
2019-03-20 00:00:00-04:00,6.325000831076092
2019-03-21 00:00:00-04:00,6.355300883391187
2019-03-22 00:00:00-04:00,6.234101891350978
2019-03-25 00:00:00-04:00,6.128054431146957
2019-03-26 00:00:00-04:00,6.218953014984232
2019-03-27 00:00:00-04:00,6.188653447945911
2019-03-28 00:00:00-04:00,6.173503142453803
2019-03-29 00:00:00-04:00,6.2795512054065155
2019-04-01 00:00:00-04:00,6.491647454221749
2019-04-02 00:00:00-04:00,6.461347878076602
2019-04-03 00:00:00-04:00,6.597694559170898
2019-04-04 00:00:00-04:00,6.514371838704034
2019-04-05 00:00:00-04:00,6.521946629948351
2019-04-08 00:00:00-04:00,6.514372604533261
2019-04-09 00:00:00-04:00,6.476497150466828
2019-04-10 00:00:00-04:00,6.514372604533261
2019-04-11 00:00:00-04:00,6.362874217878093
2019-04-12 00:00:00-04:00,6.559820454262077
2019-04-15 00:00:00-04:00,6.537096511104133
2019-04-16 00:00:00-04:00,6.544670850375243
2019-04-17 00:00:00-04:00,6.734042622662606
2019-04-18 00:00:00-04:00,6.650718887782673
2019-04-22 00:00:00-04:00,6.65829323563254
2019-04-23 00:00:00-04:00,6.552245936619359
2019-04-24 00:00:00-04:00,6.521946140323796
2019-04-25 00:00:00-04:00,6.42959970449876
2019-04-26 00:00:00-04:00,6.220192976981025
2019-04-29 00:00:00-04:00,6.25897141911782
2019-04-30 00:00:00-04:00,6.049563763357648
2019-05-01 00:00:00-04:00,6.103854542808839
2019-05-02 00:00:00-04:00,5.956493854522705
2019-05-03 00:00:00-04:00,6.0262965663514185
2019-05-06 00:00:00-04:00,5.902202227692388
2019-05-07 00:00:00-04:00,5.832400497902199
2019-05-08 00:00:00-04:00,5.661770908470253
2019-05-09 00:00:00-04:00,5.60748107336381
2019-05-10 00:00:00-04:00,5.661770908470253
2019-05-13 00:00:00-04:00,5.506653973911352
2019-05-14 00:00:00-04:00,5.5531891799355515
2019-05-15 00:00:00-04:00,5.405828308960386
2019-05-16 00:00:00-04:00,5.506654642404435
2019-05-17 00:00:00-04:00,5.390315836396618
2019-05-20 00:00:00-04:00,5.351537852938803
2019-05-21 00:00:00-04:00,5.382560729980469
2019-05-22 00:00:00-04:00,5.242954870881184
2019-05-23 00:00:00-04:00,5.056814845037304
2019-05-24 00:00:00-04:00,5.103349512392977
2019-05-28 00:00:00-04:00,5.1188614173455855
2019-05-29 00:00:00-04:00,5.010279986458467
2019-05-30 00:00:00-04:00,5.049059216454637
2019-05-31 00:00:00-04:00,4.917209148406982
2019-06-03 00:00:00-04:00,4.979256281786603
2019-06-04 00:00:00-04:00,5.095593413488453
2019-06-05 00:00:00-04:00,5.1343731353869675
2019-06-06 00:00:00-04:00,5.126616782869361
2019-06-07 00:00:00-04:00,5.087838030093106
2019-06-10 00:00:00-04:00,5.165396040903031
2019-06-11 00:00:00-04:00,5.336025586997719
2019-06-12 00:00:00-04:00,5.2972465055750275
2019-06-13 00:00:00-04:00,5.305002136053251
2019-06-14 00:00:00-04:00,5.281734466552734
2019-06-17 00:00:00-04:00,5.235199451446533
2019-06-18 00:00:00-04:00,5.266222718587991
2019-06-19 00:00:00-04:00,5.382560479909721
2019-06-20 00:00:00-04:00,5.483387168930291
2019-06-21 00:00:00-04:00,5.4833860061597735
2019-06-24 00:00:00-04:00,5.452363763692505
2019-06-25 00:00:00-04:00,5.460119295838124
2019-06-26 00:00:00-04:00,5.44460760800219
2019-06-27 00:00:00-04:00,5.421339667529026
2019-06-28 00:00:00-04:00,5.328269307908054
2019-07-01 00:00:00-04:00,5.429095540160333
2019-07-02 00:00:00-04:00,5.390315900134891
2019-07-03 00:00:00-04:00,5.367049012614922
2019-07-05 00:00:00-04:00,5.204175775466169
2019-07-08 00:00:00-04:00,5.242955985474646
2019-07-09 00:00:00-04:00,5.157640152250268
2019-07-10 00:00:00-04:00,5.227442815570316
2019-07-11 00:00:00-04:00,5.1421291182940765
2019-07-12 00:00:00-04:00,5.157641031614973
2019-07-15 00:00:00-04:00,5.219687811190347
2019-07-16 00:00:00-04:00,5.165396690368652
2019-07-17 00:00:00-04:00,5.180907726287842
2019-07-18 00:00:00-04:00,5.180908659323648
2019-07-19 00:00:00-04:00,5.235199451446533
2019-07-22 00:00:00-04:00,5.273978167010812
2019-07-23 00:00:00-04:00,5.29724618399219
2019-07-24 00:00:00-04:00,5.328269638918529
2019-07-25 00:00:00-04:00,5.3515366606278265
2019-07-26 00:00:00-04:00,5.2274440478350295
2019-07-29 00:00:00-04:00,5.235199498615355
2019-07-30 00:00:00-04:00,5.134372884457608
2019-07-31 00:00:00-04:00,5.025791005084973
2019-08-01 00:00:00-04:00,4.692290277203898
2019-08-02 00:00:00-04:00,4.537172317504883
2019-08-05 00:00:00-04:00,4.382056109895115
2019-08-06 00:00:00-04:00,4.374300383127001
2019-08-07 00:00:00-04:00,4.141624277000746
2019-08-08 00:00:00-04:00,4.335521294230356
2019-08-09 00:00:00-04:00,4.320009103367243
2019-08-12 00:00:00-04:00,4.320008797554383
2019-08-13 00:00:00-04:00,4.242450764328091
2019-08-14 00:00:00-04:00,4.2657181580894425
2019-08-15 00:00:00-04:00,4.15713593146813
2019-08-16 00:00:00-04:00,4.180403362167538
2019-08-19 00:00:00-04:00,4.343276098550873
2019-08-20 00:00:00-04:00,4.3355204835311705
2019-08-21 00:00:00-04:00,4.351031919139284
2019-08-22 00:00:00-04:00,4.327764412727854
2019-08-23 00:00:00-04:00,4.281229508540956
2019-08-26 00:00:00-04:00,4.219182763027399
2019-08-27 00:00:00-04:00,4.234694449405787
2019-08-28 00:00:00-04:00,4.172648032489801
2019-08-29 00:00:00-04:00,4.343276098550873
2019-08-30 00:00:00-04:00,4.428590569170148
2019-09-03 00:00:00-04:00,4.327764199967369
2019-09-04 00:00:00-04:00,4.529417089294457
2019-09-05 00:00:00-04:00,4.647927726092223
2019-09-06 00:00:00-04:00,4.760312685957968
2019-09-09 00:00:00-04:00,4.760313137008981
2019-09-10 00:00:00-04:00,4.8566436478381165
2019-09-11 00:00:00-04:00,5.001138376295995
2019-09-12 00:00:00-04:00,4.9048086970467075
2019-09-13 00:00:00-04:00,5.145633557691531
2019-09-16 00:00:00-04:00,5.113523888272397
2019-09-17 00:00:00-04:00,4.97705511178071
2019-09-18 00:00:00-04:00,5.0653584683760755
2019-09-19 00:00:00-04:00,5.081413435436838
2019-09-20 00:00:00-04:00,5.073385854707108
2019-09-23 00:00:00-04:00,4.904808726068474
2019-09-24 00:00:00-04:00,4.9128357926899335
2019-09-25 00:00:00-04:00,4.744257395058982
2019-09-26 00:00:00-04:00,4.808478149504986
2019-09-27 00:00:00-04:00,4.840588503344387
2019-09-30 00:00:00-04:00,4.792422294616699
2019-10-01 00:00:00-04:00,4.680037626976153
2019-10-02 00:00:00-04:00,4.503432587879096
2019-10-03 00:00:00-04:00,4.487377410786918
2019-10-04 00:00:00-04:00,4.4392124053257325
2019-10-07 00:00:00-04:00,4.415130069807213
2019-10-08 00:00:00-04:00,4.391047985618108
2019-10-09 00:00:00-04:00,4.415130034275716
2019-10-10 00:00:00-04:00,4.495405467576487
2019-10-11 00:00:00-04:00,4.712147884508617
2019-10-14 00:00:00-04:00,4.639900720924703
2019-10-15 00:00:00-04:00,4.655955360162143
2019-10-16 00:00:00-04:00,4.696092734632176
2019-10-17 00:00:00-04:00,4.72820336490154
2019-10-18 00:00:00-04:00,4.696093457466314
2019-10-21 00:00:00-04:00,4.8405886069347535
2019-10-22 00:00:00-04:00,4.760312685957968
2019-10-23 00:00:00-04:00,4.8165059089660645
2019-10-24 00:00:00-04:00,4.816505633940092
2019-10-25 00:00:00-04:00,4.728202887856221
2019-10-28 00:00:00-04:00,4.896780351799552
2019-10-29 00:00:00-04:00,4.936917815132648
2019-10-30 00:00:00-04:00,4.856643406736086
2019-10-31 00:00:00-04:00,4.832559989295773
2019-11-01 00:00:00-04:00,4.864670893595166
2019-11-04 00:00:00-05:00,5.169716631067505
2019-11-05 00:00:00-05:00,5.338293858251836
2019-11-06 00:00:00-05:00,5.249990590847901
2019-11-07 00:00:00-05:00,5.3061838510897195
2019-11-08 00:00:00-05:00,5.2098533017747295
2019-11-11 00:00:00-05:00,5.017193420894427
2019-11-12 00:00:00-05:00,5.017193457121487
2019-11-13 00:00:00-05:00,4.928890356772812
2019-11-14 00:00:00-05:00,4.928890976724431
2019-11-15 00:00:00-05:00,4.985083682631815
2019-11-18 00:00:00-05:00,4.944945943572324
2019-11-19 00:00:00-05:00,5.049303634334092
2019-11-20 00:00:00-05:00,4.985082998361439
2019-11-21 00:00:00-05:00,4.9529736371549475
2019-11-22 00:00:00-05:00,5.081413539576001
2019-11-25 00:00:00-05:00,5.065358369284763
2019-11-26 00:00:00-05:00,5.113523717413475
2019-11-27 00:00:00-05:00,5.113522656122372
2019-11-29 00:00:00-05:00,5.041276013760762
2019-12-02 00:00:00-05:00,5.057330851926892
2019-12-03 00:00:00-05:00,4.880725117705259
2019-12-04 00:00:00-05:00,4.92889029892699
2019-12-05 00:00:00-05:00,4.631873197125558
2019-12-06 00:00:00-05:00,4.583708052382633
2019-12-09 00:00:00-05:00,4.599762473435333
2019-12-10 00:00:00-05:00,4.543569692143099
2019-12-11 00:00:00-05:00,4.54357048104413
2019-12-12 00:00:00-05:00,4.615817864422995
2019-12-13 00:00:00-05:00,4.848615542388024
2019-12-16 00:00:00-05:00,5.001138754375504
2019-12-17 00:00:00-05:00,4.848615983066253
2019-12-18 00:00:00-05:00,4.864670856427224
2019-12-19 00:00:00-05:00,4.904808493722843
2019-12-20 00:00:00-05:00,4.9931107468717055
2019-12-23 00:00:00-05:00,4.864670753479004
2019-12-24 00:00:00-05:00,4.800450635902193
2019-12-26 00:00:00-05:00,4.896780761136437
2019-12-27 00:00:00-05:00,4.9770558201399355
2019-12-30 00:00:00-05:00,4.969028744939827
2019-12-31 00:00:00-05:00,4.920863600004925
2020-01-02 00:00:00-05:00,5.081413878203301
2020-01-03 00:00:00-05:00,4.985083682631815
2020-01-06 00:00:00-05:00,4.944945672640903
2020-01-07 00:00:00-05:00,4.9449460464723165
2020-01-08 00:00:00-05:00,4.985083822489994
2020-01-09 00:00:00-05:00,4.993110413107097
2020-01-10 00:00:00-05:00,4.977056128623037
2020-01-13 00:00:00-05:00,4.977055617761434
2020-01-14 00:00:00-05:00,5.025220499578952
2020-01-15 00:00:00-05:00,4.952973673627866
2020-01-16 00:00:00-05:00,5.033248527682092
2020-01-17 00:00:00-05:00,5.081412814041178
2020-01-21 00:00:00-05:00,4.9770559523398195
2020-01-22 00:00:00-05:00,4.920863046920224
2020-01-23 00:00:00-05:00,4.8004507652546895
2020-01-24 00:00:00-05:00,4.808478149504986
2020-01-27 00:00:00-05:00,4.583708154931148
2020-01-28 00:00:00-05:00,4.672010971477057
2020-01-29 00:00:00-05:00,4.7522859951557335
2020-01-30 00:00:00-05:00,4.6960925483808795
2020-01-31 00:00:00-05:00,4.696092769980378
2020-02-03 00:00:00-05:00,4.5756806942028865
2020-02-04 00:00:00-05:00,4.800450635902193
2020-02-05 00:00:00-05:00,4.928891041754478
2020-02-06 00:00:00-05:00,4.9529736371549475
2020-02-07 00:00:00-05:00,4.784395251926025
2020-02-10 00:00:00-05:00,4.728202923472376
2020-02-11 00:00:00-05:00,4.808478215382668
2020-02-12 00:00:00-05:00,4.928889751434326
2020-02-13 00:00:00-05:00,4.9128359348048285
2020-02-14 00:00:00-05:00,4.904808454441539
2020-02-18 00:00:00-05:00,4.736230538480847
2020-02-19 00:00:00-05:00,4.736230683645201
2020-02-20 00:00:00-05:00,4.712147946374785
2020-02-21 00:00:00-05:00,4.647928031484732
2020-02-24 00:00:00-05:00,4.3107728576201065
2020-02-25 00:00:00-05:00,4.358937981895417
2020-02-26 00:00:00-05:00,4.262607402590558
2020-02-27 00:00:00-05:00,4.069946926203266
2020-02-28 00:00:00-05:00,3.861231979913333
2020-03-02 00:00:00-05:00,3.9254520297171114
2020-03-03 00:00:00-05:00,3.96558950803168
2020-03-04 00:00:00-05:00,3.973617040677762
2020-03-05 00:00:00-05:00,3.7970118522644043
2020-03-06 00:00:00-05:00,3.636461769681167
2020-03-09 00:00:00-04:00,3.1387562594669784
2020-03-10 00:00:00-04:00,3.3715539303100672
2020-03-11 00:00:00-04:00,3.2110039156382157
2020-03-12 00:00:00-04:00,2.7694908851621536
2020-03-13 00:00:00-04:00,2.8658205411957858
2020-03-16 00:00:00-04:00,2.3841703144643924
2020-03-17 00:00:00-04:00,2.4965554818265905
2020-03-18 00:00:00-04:00,2.416280403114588
2020-03-19 00:00:00-04:00,2.303895266131666
2020-03-20 00:00:00-04:00,2.215592634836525
2020-03-23 00:00:00-04:00,2.1272896686501337
2020-03-24 00:00:00-04:00,2.2477025739626155
2020-03-25 00:00:00-04:00,2.400225419876653
2020-03-26 00:00:00-04:00,2.456418066974896
2020-03-27 00:00:00-04:00,2.4243078231811523
2020-03-30 00:00:00-04:00,2.336005158561665
2020-03-31 00:00:00-04:00,2.3681154763642294
2020-04-01 00:00:00-04:00,2.31995043084099
2020-04-02 00:00:00-04:00,2.4082529901151655
2020-04-03 00:00:00-04:00,2.3520603497283714
2020-04-06 00:00:00-04:00,2.46444556949217
2020-04-07 00:00:00-04:00,2.8176554598362094
2020-04-08 00:00:00-04:00,2.6892152556652684
2020-04-09 00:00:00-04:00,2.817655872851915
2020-04-13 00:00:00-04:00,2.930040794565907
2020-04-14 00:00:00-04:00,2.841738429784811
2020-04-15 00:00:00-04:00,2.7052702114196236
2020-04-16 00:00:00-04:00,2.649078110783788
2020-04-17 00:00:00-04:00,2.8337107005610838
2020-04-20 00:00:00-04:00,2.737380763831556
2020-04-21 00:00:00-04:00,2.592885648770777
2020-04-22 00:00:00-04:00,2.7052702572627965
2020-04-23 00:00:00-04:00,2.7052705149436584
2020-04-24 00:00:00-04:00,2.8016007250951325
2020-04-27 00:00:00-04:00,2.7454082141513676
2020-04-28 00:00:00-04:00,2.8738480950493326
2020-04-29 00:00:00-04:00,3.0183433380132203
2020-04-30 00:00:00-04:00,2.905958377576654
2020-05-01 00:00:00-04:00,2.7293531079442004
2020-05-04 00:00:00-04:00,2.7373807430267334
2020-05-05 00:00:00-04:00,2.849765756339642
2020-05-06 00:00:00-04:00,2.9139860678428207
2020-05-07 00:00:00-04:00,2.889903410019155
2020-05-08 00:00:00-04:00,2.87384795394966
2020-05-11 00:00:00-04:00,2.8738484059605507
2020-05-12 00:00:00-04:00,2.9300409639802183
2020-05-13 00:00:00-04:00,2.7373804054612605
2020-05-14 00:00:00-04:00,2.5527482062224025
2020-05-15 00:00:00-04:00,2.697242940480015
2020-05-18 00:00:00-04:00,2.881875820870568
2020-05-19 00:00:00-04:00,2.9541234970092773
2020-05-20 00:00:00-04:00,2.962150967969556
2020-05-21 00:00:00-04:00,2.9621510301276084
2020-05-22 00:00:00-04:00,2.8818758886554816
2020-05-26 00:00:00-04:00,2.9782063107591235
2020-05-27 00:00:00-04:00,3.0584808442253526
2020-05-28 00:00:00-04:00,3.0825636190560863
2020-05-29 00:00:00-04:00,2.922013592235196
2020-06-01 00:00:00-04:00,3.0343984595387354
2020-06-02 00:00:00-04:00,3.2029764788786275
2020-06-03 00:00:00-04:00,3.363526587258873
2020-06-04 00:00:00-04:00,3.371554098161188
2020-06-05 00:00:00-04:00,3.620407381911315
2020-06-08 00:00:00-04:00,3.6846264466311207
2020-06-09 00:00:00-04:00,3.5642144722193603
2020-06-10 00:00:00-04:00,3.612378940592314
2020-06-11 00:00:00-04:00,3.4197193932606433
2020-06-12 00:00:00-04:00,3.467884129715966
2020-06-15 00:00:00-04:00,3.2671967574880907
2020-06-16 00:00:00-04:00,3.5160492410154944
2020-06-17 00:00:00-04:00,3.4518292264770074
2020-06-18 00:00:00-04:00,3.3474715787604956
2020-06-19 00:00:00-04:00,3.403664006027373
2020-06-22 00:00:00-04:00,3.2671966595780724
2020-06-23 00:00:00-04:00,3.395636796951294
2020-06-24 00:00:00-04:00,3.339443850480003
2020-06-25 00:00:00-04:00,3.283251466446532
2020-06-26 00:00:00-04:00,3.347471576390432
2020-06-29 00:00:00-04:00,3.3153615361864075
2020-06-30 00:00:00-04:00,3.275223969535308
2020-07-01 00:00:00-04:00,3.355498926176457
2020-07-02 00:00:00-04:00,3.419719260281426
2020-07-06 00:00:00-04:00,3.4357742986970905
2020-07-07 00:00:00-04:00,3.4678839643365915
2020-07-08 00:00:00-04:00,3.4759119572549224
2020-07-09 00:00:00-04:00,3.51604952128708
2020-07-10 00:00:00-04:00,3.5240765652113395
2020-07-13 00:00:00-04:00,3.5722411453546923
2020-07-14 00:00:00-04:00,3.4759112632875935
2020-07-15 00:00:00-04:00,3.7006823343163706
2020-07-16 00:00:00-04:00,3.6204067321300157
2020-07-17 00:00:00-04:00,3.6605438849994316
2020-07-20 00:00:00-04:00,3.6364618137670788
2020-07-21 00:00:00-04:00,3.6926541328430176
2020-07-22 00:00:00-04:00,3.596324406661963
2020-07-23 00:00:00-04:00,3.7087099895860187
2020-07-24 00:00:00-04:00,3.684626926188595
2020-07-27 00:00:00-04:00,3.764902221574129
2020-07-28 00:00:00-04:00,3.7488467693328857
2020-07-29 00:00:00-04:00,3.772929532497129
2020-07-30 00:00:00-04:00,3.6605437532129073
2020-07-31 00:00:00-04:00,3.700681856225895
2020-08-03 00:00:00-04:00,3.700681761201292
2020-08-04 00:00:00-04:00,3.72476427958532
2020-08-05 00:00:00-04:00,3.933480351267378
2020-08-06 00:00:00-04:00,3.813066990760698
2020-08-07 00:00:00-04:00,3.636462108785172
2020-08-10 00:00:00-04:00,3.564214100384315
2020-08-11 00:00:00-04:00,3.6685718499803253
2020-08-12 00:00:00-04:00,3.7087088907884644
2020-08-13 00:00:00-04:00,3.660544047343569
2020-08-14 00:00:00-04:00,3.56421426584546
2020-08-17 00:00:00-04:00,3.604351717417707
2020-08-18 00:00:00-04:00,3.668571639691737
2020-08-19 00:00:00-04:00,3.636461977863337
2020-08-20 00:00:00-04:00,3.5240769000790246
2020-08-21 00:00:00-04:00,3.5080219683737397
2020-08-24 00:00:00-04:00,3.5802688935961946
2020-08-25 00:00:00-04:00,3.548159153059701
2020-08-26 00:00:00-04:00,3.5160492189817076
2020-08-27 00:00:00-04:00,3.6043520017301907
2020-08-28 00:00:00-04:00,3.5561864024970795
2020-08-31 00:00:00-04:00,3.8050393341458237
2020-09-01 00:00:00-04:00,3.652516713313378
2020-09-02 00:00:00-04:00,3.7167368973478374
2020-09-03 00:00:00-04:00,3.604351616145165
2020-09-04 00:00:00-04:00,3.5722414484621465
2020-09-08 00:00:00-04:00,3.5802694768463232
2020-09-09 00:00:00-04:00,3.6123790740966797
2020-09-10 00:00:00-04:00,3.5963237829662877
2020-09-11 00:00:00-04:00,3.652516575425313
2020-09-14 00:00:00-04:00,3.7006819296298348
2020-09-15 00:00:00-04:00,3.8291219943579047
2020-09-16 00:00:00-04:00,3.8371495158181292
2020-09-17 00:00:00-04:00,3.7568740209575435
2020-09-18 00:00:00-04:00,3.7488469399535544
2020-09-21 00:00:00-04:00,3.588296920970799
2020-09-22 00:00:00-04:00,3.5481591580220178
2020-09-23 00:00:00-04:00,3.5240764494196277
2020-09-24 00:00:00-04:00,3.411691525999713
2020-09-25 00:00:00-04:00,3.379581559322044
2020-09-28 00:00:00-04:00,3.4357741909504136
2020-09-29 00:00:00-04:00,3.3314166440554946
2020-09-30 00:00:00-04:00,3.323388846690445
2020-10-01 00:00:00-04:00,3.267196452723478
2020-10-02 00:00:00-04:00,3.2431136903952686
2020-10-05 00:00:00-04:00,3.3635262162159467
2020-10-06 00:00:00-04:00,3.427746636168449
2020-10-07 00:00:00-04:00,3.467884306675256
2020-10-08 00:00:00-04:00,3.5321046681036155
2020-10-09 00:00:00-04:00,3.6284342437197843
2020-10-12 00:00:00-04:00,3.588296203211221
2020-10-13 00:00:00-04:00,3.475911274147957
2020-10-14 00:00:00-04:00,3.4598562717437744
2020-10-15 00:00:00-04:00,3.31536147341772
2020-10-16 00:00:00-04:00,3.3394437872553726
2020-10-19 00:00:00-04:00,3.3795816898345947
2020-10-20 00:00:00-04:00,3.427746129510142
2020-10-21 00:00:00-04:00,3.48393965142539
2020-10-22 00:00:00-04:00,3.3956366246382608
2020-10-23 00:00:00-04:00,3.4839389667407743
2020-10-26 00:00:00-04:00,3.4678842348800187
2020-10-27 00:00:00-04:00,3.355498681538406
2020-10-28 00:00:00-04:00,3.235086184050829
2020-10-29 00:00:00-04:00,3.162839100916314
2020-10-30 00:00:00-04:00,3.2029762785697073
2020-11-02 00:00:00-05:00,3.2110037803649902
2020-11-03 00:00:00-05:00,3.331416611366788
2020-11-04 00:00:00-05:00,3.315361738204956
2020-11-05 00:00:00-05:00,3.3554988621901183
2020-11-06 00:00:00-05:00,3.4999944537115075
2020-11-09 00:00:00-05:00,3.8853146283271314
2020-11-10 00:00:00-05:00,3.901370014570237
2020-11-11 00:00:00-05:00,3.941507339477539
2020-11-12 00:00:00-05:00,3.885315081829598
2020-11-13 00:00:00-05:00,3.941506935803514
2020-11-16 00:00:00-05:00,4.11008476741463
2020-11-17 00:00:00-05:00,4.069947382271504
2020-11-18 00:00:00-05:00,4.0940295910409
2020-11-19 00:00:00-05:00,3.9976996755600682
2020-11-20 00:00:00-05:00,4.110084394751733
2020-11-23 00:00:00-05:00,4.238525594375228
2020-11-24 00:00:00-05:00,4.463294683635196
2020-11-25 00:00:00-05:00,4.503433362168285
2020-11-27 00:00:00-05:00,4.527515142166313
2020-11-30 00:00:00-05:00,4.575679729408371
2020-12-01 00:00:00-05:00,4.6399008611943415
2020-12-02 00:00:00-05:00,4.696093287189907
2020-12-03 00:00:00-05:00,4.928889751434326
2020-12-04 00:00:00-05:00,5.049303203151778
2020-12-07 00:00:00-05:00,5.08944034576416
2020-12-08 00:00:00-05:00,5.02522155197314
2020-12-09 00:00:00-05:00,5.121551203867623
2020-12-10 00:00:00-05:00,5.009165115125248
2020-12-11 00:00:00-05:00,5.0091659979940255
2020-12-14 00:00:00-05:00,5.049303842299606
2020-12-15 00:00:00-05:00,5.081413276702153
2020-12-16 00:00:00-05:00,5.258018903523407
2020-12-17 00:00:00-05:00,5.241963863372803
2020-12-18 00:00:00-05:00,5.217881342632417
2020-12-21 00:00:00-05:00,4.9610004524641385
2020-12-22 00:00:00-05:00,4.985083749657666
2020-12-23 00:00:00-05:00,5.057331633093905
2020-12-24 00:00:00-05:00,5.13760586582797
2020-12-28 00:00:00-05:00,5.217880879729048
2020-12-29 00:00:00-05:00,5.105496132280983
2020-12-30 00:00:00-05:00,5.081412653790475
2020-12-31 00:00:00-05:00,5.073386125009777
2021-01-04 00:00:00-05:00,5.386459145773153
2021-01-05 00:00:00-05:00,5.410540542756188
2021-01-06 00:00:00-05:00,5.900219506952225
2021-01-07 00:00:00-05:00,5.956411618137918
2021-01-08 00:00:00-05:00,6.004576450209169
2021-01-11 00:00:00-05:00,5.779806311343208
2021-01-12 00:00:00-05:00,5.900219746007153
2021-01-13 00:00:00-05:00,6.076824150124471
2021-01-14 00:00:00-05:00,6.133017104055617
2021-01-15 00:00:00-05:00,6.10893446164865
2021-01-19 00:00:00-05:00,6.044714146335767
2021-01-20 00:00:00-05:00,6.124989613604875
2021-01-21 00:00:00-05:00,6.181181651210226
2021-01-22 00:00:00-05:00,5.9002194042184435
2021-01-25 00:00:00-05:00,5.547008367696394
2021-01-26 00:00:00-05:00,5.627283639625866
2021-01-27 00:00:00-05:00,5.282101007268788
2021-01-28 00:00:00-05:00,5.450678209910129
2021-01-29 00:00:00-05:00,5.474761266409611
2021-02-01 00:00:00-05:00,5.522925780391083
2021-02-02 00:00:00-05:00,5.3382933903897545
2021-02-03 00:00:00-05:00,5.362375909968857
2021-02-04 00:00:00-05:00,5.386459491136063
2021-02-05 00:00:00-05:00,5.651366879065664
2021-02-08 00:00:00-05:00,5.827972074940997
2021-02-09 00:00:00-05:00,5.868109703063965
2021-02-10 00:00:00-05:00,6.060770519521477
2021-02-11 00:00:00-05:00,5.9243022042883595
2021-02-12 00:00:00-05:00,5.8440271575357094
2021-02-16 00:00:00-05:00,6.3658148926926135
2021-02-17 00:00:00-05:00,6.478198780414777
2021-02-18 00:00:00-05:00,6.55044834726936
2021-02-19 00:00:00-05:00,6.6467770031829865
2021-02-22 00:00:00-05:00,6.702970716130502
2021-02-23 00:00:00-05:00,6.694942961915499
2021-02-24 00:00:00-05:00,6.775217139068451
2021-02-25 00:00:00-05:00,6.943794818921151
2021-02-26 00:00:00-05:00,6.598613538763167
2021-03-01 00:00:00-05:00,6.582557339372058
2021-03-02 00:00:00-05:00,6.638750759813655
2021-03-03 00:00:00-05:00,6.64677796663226
2021-03-04 00:00:00-05:00,6.422007022946055
2021-03-05 00:00:00-05:00,6.462144709989296
2021-03-08 00:00:00-05:00,6.373841972504078
2021-03-09 00:00:00-05:00,6.2855402064993315
2021-03-10 00:00:00-05:00,6.277512523752728
2021-03-11 00:00:00-05:00,6.381869798639515
2021-03-12 00:00:00-05:00,6.35778828189392
2021-03-15 00:00:00-04:00,6.365814208984375
2021-03-16 00:00:00-04:00,6.373842508958226
2021-03-17 00:00:00-04:00,6.277512488034478
2021-03-18 00:00:00-04:00,6.32567770220148
2021-03-19 00:00:00-04:00,6.173154296740669
2021-03-22 00:00:00-04:00,6.245402267062515
2021-03-23 00:00:00-04:00,6.036686914985284
2021-03-24 00:00:00-04:00,5.964439561371637
2021-03-25 00:00:00-04:00,5.844027082715023
2021-03-26 00:00:00-04:00,6.1490726757989105
2021-03-29 00:00:00-04:00,6.19723728738552
2021-03-30 00:00:00-04:00,6.245402682179936
2021-03-31 00:00:00-04:00,6.301594968035275
2021-04-01 00:00:00-04:00,6.317650047337548
2021-04-05 00:00:00-04:00,6.550446764564061
2021-04-06 00:00:00-04:00,6.502281855877987
2021-04-07 00:00:00-04:00,6.397923776111148
2021-04-08 00:00:00-04:00,6.422008101611212
2021-04-09 00:00:00-04:00,6.341731897439892
2021-04-12 00:00:00-04:00,6.309623036923576
2021-04-13 00:00:00-04:00,6.2855402064993315
2021-04-14 00:00:00-04:00,6.510309634647402
2021-04-15 00:00:00-04:00,6.702970721115476
2021-04-16 00:00:00-04:00,6.6628324697269585
2021-04-19 00:00:00-04:00,6.719025279913795
2021-04-20 00:00:00-04:00,6.638749847364483
2021-04-21 00:00:00-04:00,6.494255339601369
2021-04-22 00:00:00-04:00,6.647973723869119
2021-04-23 00:00:00-04:00,6.582797223521319
2021-04-26 00:00:00-04:00,6.843501433045196
2021-04-27 00:00:00-04:00,6.79461943884319
2021-04-28 00:00:00-04:00,6.8516486454013314
2021-04-29 00:00:00-04:00,6.867943205390406
2021-04-30 00:00:00-04:00,6.721295640672489
2021-05-03 00:00:00-04:00,6.647972574149416
2021-05-04 00:00:00-04:00,6.729443550109863
2021-05-05 00:00:00-04:00,6.884236611903263
2021-05-06 00:00:00-04:00,6.990147554027569
2021-05-07 00:00:00-04:00,7.210117989558027
2021-05-10 00:00:00-04:00,7.576734530527805
2021-05-11 00:00:00-04:00,7.3649114896439585
2021-05-12 00:00:00-04:00,7.576735090788495
2021-05-13 00:00:00-04:00,7.405646733249522
2021-05-14 00:00:00-04:00,7.381205751854189
2021-05-17 00:00:00-04:00,7.389351235754694
2021-05-18 00:00:00-04:00,7.552293421690636
2021-05-19 00:00:00-04:00,7.161235863662336
2021-05-20 00:00:00-04:00,7.120499130297637
2021-05-21 00:00:00-04:00,7.185677316720764
2021-05-24 00:00:00-04:00,7.104206523499938
2021-05-25 00:00:00-04:00,7.030883543158684
2021-05-26 00:00:00-04:00,6.957559512027697
2021-05-27 00:00:00-04:00,7.356764181546591
2021-05-28 00:00:00-04:00,7.389352922044453
2021-06-01 00:00:00-04:00,7.60932159423828
2021-06-02 00:00:00-04:00,7.6093219773894765
2021-06-03 00:00:00-04:00,7.47082287887206
2021-06-04 00:00:00-04:00,7.568587207817395
2021-06-07 00:00:00-04:00,7.519704544406799
2021-06-08 00:00:00-04:00,7.405646706097128
2021-06-09 00:00:00-04:00,7.324175901237584
2021-06-10 00:00:00-04:00,7.356763961343729
2021-06-11 00:00:00-04:00,7.5359987937670985
2021-06-14 00:00:00-04:00,7.478969928936163
2021-06-15 00:00:00-04:00,7.283441901855111
2021-06-16 00:00:00-04:00,7.18567668320215
2021-06-17 00:00:00-04:00,6.99829596806358
2021-06-18 00:00:00-04:00,6.688707960170581
2021-06-21 00:00:00-04:00,6.705002183087956
2021-06-22 00:00:00-04:00,6.9168247504476765
2021-06-23 00:00:00-04:00,7.104206680367555
2021-06-24 00:00:00-04:00,7.0634716039894245
2021-06-25 00:00:00-04:00,7.144941817776432
2021-06-28 00:00:00-04:00,7.039030604202296
2021-06-29 00:00:00-04:00,7.039030496910238
2021-06-30 00:00:00-04:00,6.9331197041679875
2021-07-01 00:00:00-04:00,7.055324403651067
2021-07-02 00:00:00-04:00,7.03903039183547
2021-07-06 00:00:00-04:00,7.104207263594237
2021-07-07 00:00:00-04:00,7.136794962301438
2021-07-08 00:00:00-04:00,6.827207812268698
2021-07-09 00:00:00-04:00,7.079765614882304
2021-07-12 00:00:00-04:00,7.063472104004197
2021-07-13 00:00:00-04:00,7.039030496910238
2021-07-14 00:00:00-04:00,7.2019710672250445
2021-07-15 00:00:00-04:00,7.104206929965397
2021-07-16 00:00:00-04:00,6.998295525562306
2021-07-19 00:00:00-04:00,6.5339155197143555
2021-07-20 00:00:00-04:00,6.5339155005575
2021-07-21 00:00:00-04:00,6.8923842269332445
2021-07-22 00:00:00-04:00,7.047176971713337
2021-07-23 00:00:00-04:00,7.047177368748927
2021-07-26 00:00:00-04:00,7.201970815500038
2021-07-27 00:00:00-04:00,7.193824126475195
2021-07-28 00:00:00-04:00,7.299735315473171
2021-07-29 00:00:00-04:00,7.4300874990451735
2021-07-30 00:00:00-04:00,7.31602881141414
2021-08-02 00:00:00-04:00,7.4137932531055535
2021-08-03 00:00:00-04:00,7.389351797222017
2021-08-04 00:00:00-04:00,7.397500135164127
2021-08-05 00:00:00-04:00,7.2589997305016
2021-08-06 00:00:00-04:00,7.348617537694075
2021-08-09 00:00:00-04:00,7.258999664561018
2021-08-10 00:00:00-04:00,7.332323281855742
2021-08-11 00:00:00-04:00,7.568588022413924
2021-08-12 00:00:00-04:00,7.633762452074436
2021-08-13 00:00:00-04:00,7.495262998666471
2021-08-16 00:00:00-04:00,7.348617746124283
2021-08-17 00:00:00-04:00,7.291588499145035
2021-08-18 00:00:00-04:00,7.112352980607788
2021-08-19 00:00:00-04:00,6.802767208011376
2021-08-20 00:00:00-04:00,6.737590912968445
2021-08-23 00:00:00-04:00,7.030883124910137
2021-08-24 00:00:00-04:00,7.153089806096885
2021-08-25 00:00:00-04:00,7.250852035635944
2021-08-26 00:00:00-04:00,7.2508527068483986
2021-08-27 00:00:00-04:00,7.259000577003631
2021-08-30 00:00:00-04:00,7.405646638988049
2021-08-31 00:00:00-04:00,7.381205514388651
2021-09-01 00:00:00-04:00,7.2915881030154965
2021-09-02 00:00:00-04:00,7.505983958567528
2021-09-03 00:00:00-04:00,7.622612896793204
2021-09-07 00:00:00-04:00,7.764234128055279
2021-09-08 00:00:00-04:00,7.655935689592824
2021-09-09 00:00:00-04:00,7.5892899552041895
2021-09-10 00:00:00-04:00,7.739243330351508
2021-09-13 00:00:00-04:00,7.797557314178804
2021-09-14 00:00:00-04:00,7.7725650423165575
2021-09-15 00:00:00-04:00,7.797558632007736
2021-09-16 00:00:00-04:00,7.67259689205074
2021-09-17 00:00:00-04:00,7.555966777320279
2021-09-20 00:00:00-04:00,7.0311312965617585
2021-09-21 00:00:00-04:00,7.214407185613013
2021-09-22 00:00:00-04:00,7.322706792542806
2021-09-23 00:00:00-04:00,7.447667068069881
2021-09-24 00:00:00-04:00,7.455997890474039
2021-09-27 00:00:00-04:00,7.547636335280618
2021-09-28 00:00:00-04:00,7.739242606989186
2021-09-29 00:00:00-04:00,7.764234370212232
2021-09-30 00:00:00-04:00,7.839212417602539
2021-10-01 00:00:00-04:00,7.914186813909984
2021-10-04 00:00:00-04:00,8.097465132199549
2021-10-05 00:00:00-04:00,8.180771185809947
2021-10-06 00:00:00-04:00,8.139117743682272
2021-10-07 00:00:00-04:00,8.139117183429168
2021-10-08 00:00:00-04:00,8.03914772028815
2021-10-11 00:00:00-04:00,8.305732640969596
2021-10-12 00:00:00-04:00,8.280739870593848
2021-10-13 00:00:00-04:00,8.414031873731187
2021-10-14 00:00:00-04:00,8.71393856143665
2021-10-15 00:00:00-04:00,8.922206495498616
2021-10-18 00:00:00-04:00,8.955529249890898
2021-10-19 00:00:00-04:00,8.830568376113677
2021-10-20 00:00:00-04:00,8.555654415779511
2021-10-21 00:00:00-04:00,8.439024354873924
2021-10-22 00:00:00-04:00,8.430693056424204
2021-10-25 00:00:00-04:00,8.505669593811035
2021-10-26 00:00:00-04:00,8.489008447320641
2021-10-27 00:00:00-04:00,8.172441706368097
2021-10-28 00:00:00-04:00,8.130786828992461
2021-10-29 00:00:00-04:00,8.197433395552329
2021-11-01 00:00:00-04:00,8.380709376275243
2021-11-02 00:00:00-04:00,7.997494739094286
2021-11-03 00:00:00-04:00,8.08080238645498
2021-11-04 00:00:00-04:00,8.03081872106831
2021-11-05 00:00:00-04:00,7.872534789044279
2021-11-08 00:00:00-05:00,7.955841658228282
2021-11-09 00:00:00-05:00,8.047479552170522
2021-11-10 00:00:00-05:00,7.914188685891524
2021-11-11 00:00:00-05:00,8.147448428807353
2021-11-12 00:00:00-05:00,8.130787735688783
2021-11-15 00:00:00-05:00,8.00582524224519
2021-11-16 00:00:00-05:00,8.089133223624566
2021-11-17 00:00:00-05:00,8.222424967109387
2021-11-18 00:00:00-05:00,8.23908675935007
2021-11-19 00:00:00-05:00,8.222423896822363
2021-11-22 00:00:00-05:00,8.205763931277488
2021-11-23 00:00:00-05:00,8.289070405689692
2021-11-24 00:00:00-05:00,8.314062463680408
2021-11-26 00:00:00-05:00,7.697590023268136
2021-11-29 00:00:00-05:00,8.005825881406796
2021-11-30 00:00:00-05:00,8.005826999243098
2021-12-01 00:00:00-05:00,8.055810281666709
2021-12-02 00:00:00-05:00,7.739243808862939
2021-12-03 00:00:00-05:00,7.814220605637785
2021-12-06 00:00:00-05:00,7.8475428000264795
2021-12-07 00:00:00-05:00,8.089133983791882
2021-12-08 00:00:00-05:00,8.097464031198863
2021-12-09 00:00:00-05:00,7.989165193642212
2021-12-10 00:00:00-05:00,8.147449038585547
2021-12-13 00:00:00-05:00,8.072471729156144
2021-12-14 00:00:00-05:00,7.997494739094286
2021-12-15 00:00:00-05:00,8.014156873483246
2021-12-16 00:00:00-05:00,8.097463407327092
2021-12-17 00:00:00-05:00,8.09746489944337
2021-12-20 00:00:00-05:00,7.955840587615967
2021-12-21 00:00:00-05:00,8.097464785561721
2021-12-22 00:00:00-05:00,8.180771185809947
2021-12-23 00:00:00-05:00,8.330724185513212
2021-12-27 00:00:00-05:00,8.339055373396041
2021-12-28 00:00:00-05:00,8.380709302359127
2021-12-29 00:00:00-05:00,8.439024391808198
2021-12-30 00:00:00-05:00,8.505670629094668
2021-12-31 00:00:00-05:00,8.255747956593886
2022-01-03 00:00:00-05:00,8.489007911726643
2022-01-04 00:00:00-05:00,8.680616412785357
2022-01-05 00:00:00-05:00,8.747260625240186
2022-01-06 00:00:00-05:00,8.730598449707031
2022-01-07 00:00:00-05:00,8.863892469538388
2022-01-10 00:00:00-05:00,8.772251371955843
2022-01-11 00:00:00-05:00,8.688945970428138
2022-01-12 00:00:00-05:00,9.097151077233605
2022-01-13 00:00:00-05:00,9.272096320814242
2022-01-14 00:00:00-05:00,9.180459441863896
2022-01-18 00:00:00-05:00,9.222110884639928
2022-01-19 00:00:00-05:00,9.513687854251717
2022-01-20 00:00:00-05:00,9.43871053782571
2022-01-21 00:00:00-05:00,9.180457356847121
2022-01-24 00:00:00-05:00,8.65562265195036
2022-01-25 00:00:00-05:00,8.722268000276596
2022-01-26 00:00:00-05:00,9.030505740807113
2022-01-27 00:00:00-05:00,8.988851657083629
2022-01-28 00:00:00-05:00,8.822236776015618
2022-01-31 00:00:00-05:00,8.572315108752584
2022-02-01 00:00:00-05:00,8.805574791874024
2022-02-02 00:00:00-05:00,9.03883575056993
2022-02-03 00:00:00-05:00,9.105483327795149
2022-02-04 00:00:00-05:00,9.022175104229778
2022-02-07 00:00:00-05:00,9.180459441863896
2022-02-08 00:00:00-05:00,9.35540318211419
2022-02-09 00:00:00-05:00,9.480363461192283
2022-02-10 00:00:00-05:00,9.380395544488746
2022-02-11 00:00:00-05:00,9.322080574652105
2022-02-14 00:00:00-05:00,9.397057308701164
2022-02-15 00:00:00-05:00,9.61365547447613
2022-02-16 00:00:00-05:00,9.430379699995054
2022-02-17 00:00:00-05:00,9.530347357404146
2022-02-18 00:00:00-05:00,9.505356788635254
2022-02-22 00:00:00-05:00,9.413718538371146
2022-02-23 00:00:00-05:00,9.621986389160156
2022-02-24 00:00:00-05:00,9.338742864958233
2022-02-25 00:00:00-05:00,9.497025051066268
2022-02-28 00:00:00-05:00,9.780269967676288
2022-03-01 00:00:00-05:00,9.796932296162186
2022-03-02 00:00:00-05:00,10.030192302751244
2022-03-03 00:00:00-05:00,10.646666339407478
2022-03-04 00:00:00-05:00,10.188474511658429
2022-03-07 00:00:00-05:00,10.338428733866508
2022-03-08 00:00:00-05:00,10.263451853179253
2022-03-09 00:00:00-05:00,10.155152829533868
2022-03-10 00:00:00-05:00,10.688318128154078
2022-03-11 00:00:00-05:00,10.996555898176139
2022-03-14 00:00:00-04:00,10.679988569074574
2022-03-15 00:00:00-04:00,10.155153039293808
2022-03-16 00:00:00-04:00,10.338428703101446
2022-03-17 00:00:00-04:00,10.230130758492452
2022-03-18 00:00:00-04:00,10.521705895514177
2022-03-21 00:00:00-04:00,10.738304714279181
2022-03-22 00:00:00-04:00,11.146509703141522
2022-03-23 00:00:00-04:00,11.038210137652577
2022-03-24 00:00:00-04:00,10.888257676071603
2022-03-25 00:00:00-04:00,11.071532905987043
2022-03-28 00:00:00-04:00,10.913250388246995
2022-03-29 00:00:00-04:00,10.413405997163288
2022-03-30 00:00:00-04:00,10.838272974532648
2022-03-31 00:00:00-04:00,10.954903110078895
2022-04-01 00:00:00-04:00,11.071532143387888
2022-04-04 00:00:00-04:00,11.063201679662313
2022-04-05 00:00:00-04:00,11.229815403167654
2022-04-06 00:00:00-04:00,11.196494297710615
2022-04-07 00:00:00-04:00,11.229816064565226
2022-04-08 00:00:00-04:00,11.271471022357648
2022-04-11 00:00:00-04:00,11.463078043844584
2022-04-12 00:00:00-04:00,11.354777906374924
2022-04-13 00:00:00-04:00,11.429754529201317
2022-04-14 00:00:00-04:00,11.50473132816987
2022-04-18 00:00:00-04:00,11.496400189095649
2022-04-19 00:00:00-04:00,11.421423054990901
2022-04-20 00:00:00-04:00,11.113185948064023
2022-04-21 00:00:00-04:00,11.02419280843094
2022-04-22 00:00:00-04:00,10.5485725131716
2022-04-25 00:00:00-04:00,9.741718027901781
2022-04-26 00:00:00-04:00,9.903088029475043
2022-04-27 00:00:00-04:00,10.106924968734603
2022-04-28 00:00:00-04:00,10.353227426435991
2022-04-29 00:00:00-04:00,10.56555889579919
2022-05-02 00:00:00-04:00,10.319255784305133
2022-05-03 00:00:00-04:00,10.217336739835105
2022-05-04 00:00:00-04:00,10.285282504384913
2022-05-05 00:00:00-04:00,10.497612839522562
2022-05-06 00:00:00-04:00,10.132406071559405
2022-05-09 00:00:00-04:00,9.85212770305652
2022-05-10 00:00:00-04:00,9.61431913822829
2022-05-11 00:00:00-04:00,9.724729620526936
2022-05-12 00:00:00-04:00,9.22362983265841
2022-05-13 00:00:00-04:00,9.385001702807118
2022-05-16 00:00:00-04:00,9.80116912814651
2022-05-17 00:00:00-04:00,10.531584905699589
2022-05-18 00:00:00-04:00,10.455147198584736
2022-05-19 00:00:00-04:00,10.259802283703756
2022-05-20 00:00:00-04:00,10.658984426676229
2022-05-23 00:00:00-04:00,10.947753791672195
2022-05-24 00:00:00-04:00,10.947752305804192
2022-05-25 00:00:00-04:00,11.032684944255502
2022-05-26 00:00:00-04:00,11.007204780225404
2022-05-27 00:00:00-04:00,11.278988752397128
2022-05-31 00:00:00-04:00,11.321455349371009
2022-06-01 00:00:00-04:00,11.194056750473301
2022-06-02 00:00:00-04:00,11.295975289718436
2022-06-03 00:00:00-04:00,11.346934490656684
2022-06-06 00:00:00-04:00,11.465840266240528
2022-06-07 00:00:00-04:00,11.38940074689515
2022-06-08 00:00:00-04:00,11.270495120915557
2022-06-09 00:00:00-04:00,11.440359572725859
2022-06-10 00:00:00-04:00,10.820355972481059
2022-06-13 00:00:00-04:00,9.945552891148255
2022-06-14 00:00:00-04:00,9.954046660134255
2022-06-15 00:00:00-04:00,9.96254022836089
2022-06-16 00:00:00-04:00,9.758702443263346
2022-06-17 00:00:00-04:00,9.673771041293413
2022-06-21 00:00:00-04:00,9.95404796923426
2022-06-22 00:00:00-04:00,9.385002121605892
2022-06-23 00:00:00-04:00,9.317056106611888
2022-06-24 00:00:00-04:00,9.011299459399488
2022-06-27 00:00:00-04:00,9.368014366581153
2022-06-28 00:00:00-04:00,9.563359469787157
2022-06-29 00:00:00-04:00,9.58034442683991
2022-06-30 00:00:00-04:00,9.07924640325734
2022-07-01 00:00:00-04:00,8.798969481189033
2022-07-05 00:00:00-04:00,8.229924301363878
2022-07-06 00:00:00-04:00,8.221432223474244
2022-07-07 00:00:00-04:00,8.764996393795256
2022-07-08 00:00:00-04:00,8.78198345918424
2022-07-11 00:00:00-04:00,8.493214436888426
2022-07-12 00:00:00-04:00,8.433761566151501
2022-07-13 00:00:00-04:00,8.306362873112144
2022-07-14 00:00:00-04:00,8.000607356960197
2022-07-15 00:00:00-04:00,8.136498370214422
2022-07-18 00:00:00-04:00,8.484721371162102
2022-07-19 00:00:00-04:00,8.450747357336638
2022-07-20 00:00:00-04:00,8.595132757979977
2022-07-21 00:00:00-04:00,8.314856915510493
2022-07-22 00:00:00-04:00,8.620611717852183
2022-07-25 00:00:00-04:00,8.841436386108398
2022-07-26 00:00:00-04:00,9.011300329134148
2022-07-27 00:00:00-04:00,9.002808621564617
2022-07-28 00:00:00-04:00,9.385001316420153
2022-07-29 00:00:00-04:00,9.410481132982952
2022-08-01 00:00:00-04:00,9.614319109822649
2022-08-02 00:00:00-04:00,9.30856350711349
2022-08-03 00:00:00-04:00,9.206643944960941
2022-08-04 00:00:00-04:00,9.359522550834127
2022-08-05 00:00:00-04:00,9.351028811972782
2022-08-08 00:00:00-04:00,9.648291085759974
2022-08-09 00:00:00-04:00,9.495413651456314
2022-08-10 00:00:00-04:00,9.648290597256446
2022-08-11 00:00:00-04:00,9.87760843993693
2022-08-12 00:00:00-04:00,9.656784714533464
2022-08-15 00:00:00-04:00,9.478427740866058
2022-08-16 00:00:00-04:00,9.843636151094302
2022-08-17 00:00:00-04:00,9.937060425386333
2022-08-18 00:00:00-04:00,10.098432627314352
2022-08-19 00:00:00-04:00,9.809663833676277
2022-08-22 00:00:00-04:00,9.75870213074283
2022-08-23 00:00:00-04:00,9.911581409110473
2022-08-24 00:00:00-04:00,9.937060385988325
2022-08-25 00:00:00-04:00,10.089939805906852
2022-08-26 00:00:00-04:00,10.191857012699014
2022-08-29 00:00:00-04:00,9.818156058521298
2022-08-30 00:00:00-04:00,9.818155916238382
2022-08-31 00:00:00-04:00,9.461441427245308
2022-09-01 00:00:00-04:00,9.123950995130716
2022-09-02 00:00:00-04:00,9.28386401787312
2022-09-06 00:00:00-04:00,9.932404057155825
2022-09-07 00:00:00-04:00,9.568156280947777
2022-09-08 00:00:00-04:00,9.532619285412133
2022-09-09 00:00:00-04:00,9.941286515989155
2022-09-12 00:00:00-04:00,10.332186844040953
2022-09-13 00:00:00-04:00,10.08343301330676
2022-09-14 00:00:00-04:00,10.056779344751128
2022-09-15 00:00:00-04:00,10.243346077689198
2022-09-16 00:00:00-04:00,9.879098229254222
2022-09-19 00:00:00-04:00,9.75472170655322
2022-09-20 00:00:00-04:00,9.656996392790674
2022-09-21 00:00:00-04:00,9.816909837980697
2022-09-22 00:00:00-04:00,9.905750762644917
2022-09-23 00:00:00-04:00,9.106184221548343
2022-09-26 00:00:00-04:00,8.73305163503486
2022-09-27 00:00:00-04:00,8.92850222776579
2022-09-28 00:00:00-04:00,9.026226040325627
2022-09-29 00:00:00-04:00,9.417126826108621
2022-09-30 00:00:00-04:00,9.266096630814568
2022-10-03 00:00:00-04:00,9.6569963877679
2022-10-04 00:00:00-04:00,9.887983152627267
2022-10-05 00:00:00-04:00,9.896867437774553
2022-10-06 00:00:00-04:00,9.710300630634082
2022-10-07 00:00:00-04:00,9.639228342631077
2022-10-10 00:00:00-04:00,9.710301405421724
2022-10-11 00:00:00-04:00,9.470430377186556
2022-10-12 00:00:00-04:00,9.40824160376245
2022-10-13 00:00:00-04:00,9.461546633337978
2022-10-14 00:00:00-04:00,9.825793784851454
2022-10-17 00:00:00-04:00,9.816910269926622
2022-10-18 00:00:00-04:00,9.932402801968887
2022-10-19 00:00:00-04:00,9.45266343049938
2022-10-20 00:00:00-04:00,9.541503714538962
2022-10-21 00:00:00-04:00,9.585924235636085
2022-10-24 00:00:00-04:00,9.887982510204418
2022-10-25 00:00:00-04:00,10.074549505761775
2022-10-26 00:00:00-04:00,10.27888117957542
2022-10-27 00:00:00-04:00,10.243346031052669
2022-10-28 00:00:00-04:00,10.252230163984986
2022-10-31 00:00:00-04:00,10.039012745874503
2022-11-01 00:00:00-04:00,10.705318311134674
2022-11-02 00:00:00-04:00,10.509867862798634
2022-11-03 00:00:00-04:00,10.145620673630527
2022-11-04 00:00:00-04:00,10.882999276744682
2022-11-07 00:00:00-05:00,10.97184120836897
2022-11-08 00:00:00-05:00,10.687549552183556
2022-11-09 00:00:00-05:00,10.465447589344056
2022-11-10 00:00:00-05:00,10.376607598231438
2022-11-11 00:00:00-05:00,10.536519672504674
2022-11-14 00:00:00-05:00,10.55428838621337
2022-11-15 00:00:00-05:00,10.94518742415647
2022-11-16 00:00:00-05:00,10.882999754467944
2022-11-17 00:00:00-05:00,10.598709097192232
2022-11-18 00:00:00-05:00,10.660897254943848
2022-11-21 00:00:00-05:00,10.447678715473373
2022-11-22 00:00:00-05:00,10.829693941189952
2022-11-23 00:00:00-05:00,11.247247676344736
2022-11-25 00:00:00-05:00,11.416045670516311
2022-11-28 00:00:00-05:00,11.300552541135202
2022-11-29 00:00:00-05:00,11.602611092105022
2022-11-30 00:00:00-05:00,11.993509292602539
2022-12-01 00:00:00-05:00,12.135654450903884
2022-12-02 00:00:00-05:00,11.957973610225102
2022-12-05 00:00:00-05:00,12.295569306877365
2022-12-06 00:00:00-05:00,11.895784707080937
2022-12-07 00:00:00-05:00,11.673683495128786
2022-12-08 00:00:00-05:00,11.913552616871604
2022-12-09 00:00:00-05:00,11.815828371435584
2022-12-12 00:00:00-05:00,11.798059468742633
2022-12-13 00:00:00-05:00,12.046814154085187
2022-12-14 00:00:00-05:00,11.860249693185311
2022-12-15 00:00:00-05:00,11.682567138713054
2022-12-16 00:00:00-05:00,11.460464622764587
2022-12-19 00:00:00-05:00,11.602610446253216
2022-12-20 00:00:00-05:00,11.735871638537368
2022-12-21 00:00:00-05:00,11.878016426520851
2022-12-22 00:00:00-05:00,11.957973484538183
2022-12-23 00:00:00-05:00,11.771408392518737
2022-12-27 00:00:00-05:00,12.011278658672063
2022-12-28 00:00:00-05:00,12.20672688450936
2022-12-29 00:00:00-05:00,11.966857915337789
2022-12-30 00:00:00-05:00,11.629262762724064
2023-01-03 00:00:00-05:00,11.753640353594024
2023-01-04 00:00:00-05:00,11.078449594933277
2023-01-05 00:00:00-05:00,10.758621690915078
2023-01-06 00:00:00-05:00,11.06956542468263
2023-01-09 00:00:00-05:00,11.682566461964766
2023-01-10 00:00:00-05:00,11.611494499031464
2023-01-11 00:00:00-05:00,11.726987855720445
2023-01-12 00:00:00-05:00,11.620378010952408
2023-01-13 00:00:00-05:00,11.957973286393475
2023-01-17 00:00:00-05:00,11.913552429873324
2023-01-18 00:00:00-05:00,12.526555442040904
2023-01-19 00:00:00-05:00,12.24226345487592
2023-01-20 00:00:00-05:00,12.499901869634886
2023-01-23 00:00:00-05:00,12.677584686815464
2023-01-24 00:00:00-05:00,12.21561159709069
2023-01-25 00:00:00-05:00,12.153423303126887
2023-01-26 00:00:00-05:00,12.064582490503298
2023-01-27 00:00:00-05:00,12.037930343304387
2023-01-30 00:00:00-05:00,11.993509583439023
2023-01-31 00:00:00-05:00,11.7536385584057
2023-02-01 00:00:00-05:00,11.949089008124034
2023-02-02 00:00:00-05:00,11.99351012031987
2023-02-03 00:00:00-05:00,11.851364322891545
2023-02-06 00:00:00-05:00,11.611493731670748
2023-02-07 00:00:00-05:00,11.647029978423866
2023-02-08 00:00:00-05:00,11.735871795036159
2023-02-09 00:00:00-05:00,11.558190717284173
2023-02-10 00:00:00-05:00,11.096217455711148
2023-02-13 00:00:00-05:00,11.016260721664207
2023-02-14 00:00:00-05:00,10.971841166121859
2023-02-15 00:00:00-05:00,10.687549071801401
2023-02-16 00:00:00-05:00,10.652013252862847
2023-02-17 00:00:00-05:00,10.803042842427908
2023-02-21 00:00:00-05:00,10.829694569749647
2023-02-22 00:00:00-05:00,10.465447716115683
2023-02-23 00:00:00-05:00,10.598708629633645
2023-02-24 00:00:00-05:00,10.40325975805838
2023-02-27 00:00:00-05:00,10.465447710736063
2023-02-28 00:00:00-05:00,10.509868142783738
2023-03-01 00:00:00-05:00,10.847463927408008
2023-03-02 00:00:00-05:00,10.705317679847239
2023-03-03 00:00:00-05:00,11.140638161915598
2023-03-06 00:00:00-05:00,10.758621360743081
2023-03-07 00:00:00-05:00,10.376607829987435
2023-03-08 00:00:00-05:00,10.056780469155502
2023-03-09 00:00:00-05:00,9.98570710237813
2023-03-10 00:00:00-05:00,10.012360434932946
2023-03-13 00:00:00-04:00,9.701417425081713
2023-03-14 00:00:00-04:00,9.870213178747953
2023-03-15 00:00:00-04:00,9.239444775234915
2023-03-16 00:00:00-04:00,8.89296516847455
2023-03-17 00:00:00-04:00,9.24832820696823
2023-03-20 00:00:00-04:00,9.674765100864667
2023-03-21 00:00:00-04:00,9.8257940771322
2023-03-22 00:00:00-04:00,9.763605121816134
2023-03-23 00:00:00-04:00,9.79914155981671
2023-03-24 00:00:00-04:00,9.577039240303975
2023-03-27 00:00:00-04:00,9.728068966257279
2023-03-28 00:00:00-04:00,9.967940368560802
2023-03-29 00:00:00-04:00,10.065664573114322
2023-03-30 00:00:00-04:00,10.31441879272461
2023-03-31 00:00:00-04:00,10.172273491072696
2023-04-03 00:00:00-04:00,9.950171266450734
2023-04-04 00:00:00-04:00,10.27888279792378
2023-04-05 00:00:00-04:00,10.074549048862277
2023-04-06 00:00:00-04:00,10.056780334165365
2023-04-10 00:00:00-04:00,9.77249012754157
2023-04-11 00:00:00-04:00,10.314417980952847
2023-04-12 00:00:00-04:00,10.705318311134674
2023-04-13 00:00:00-04:00,10.84746331723205
2023-04-14 00:00:00-04:00,10.989607958485227
2023-04-17 00:00:00-04:00,10.78527516898034
2023-04-18 00:00:00-04:00,10.93630460539978
2023-04-19 00:00:00-04:00,10.85634770359703
2023-04-20 00:00:00-04:00,10.936304566780132
2023-04-21 00:00:00-04:00,10.83857855593519
2023-04-24 00:00:00-04:00,10.625360163078632
2023-04-25 00:00:00-04:00,10.376607960734235
2023-04-26 00:00:00-04:00,10.714201970030102
2023-04-27 00:00:00-04:00,10.500984616219464
2023-04-28 00:00:00-04:00,10.39437532089173
2023-05-01 00:00:00-04:00,10.438796720833732
2023-05-02 00:00:00-04:00,10.349955251998182
2023-05-03 00:00:00-04:00,10.225578828640522
2023-05-04 00:00:00-04:00,10.041876667461063
2023-05-05 00:00:00-04:00,10.226639928444657
2023-05-08 00:00:00-04:00,10.476069255320098
2023-05-09 00:00:00-04:00,10.355974575103513
2023-05-10 00:00:00-04:00,10.57768924074118
2023-05-11 00:00:00-04:00,9.93101902557903
2023-05-12 00:00:00-04:00,9.921780713497572
2023-05-15 00:00:00-04:00,10.060353657417707
2023-05-16 00:00:00-04:00,9.931018448477857
2023-05-17 00:00:00-04:00,10.041877170290084
2023-05-18 00:00:00-04:00,9.940256947289429
2023-05-19 00:00:00-04:00,9.967971676130405
2023-05-22 00:00:00-04:00,9.903304855430065
2023-05-23 00:00:00-04:00,9.792446194237261
2023-05-24 00:00:00-04:00,9.57073034757669
2023-05-25 00:00:00-04:00,9.561492987211833
2023-05-26 00:00:00-04:00,9.598445443644117
2023-05-30 00:00:00-04:00,9.700064920360308
2023-05-31 00:00:00-04:00,9.450634578232384
2023-06-01 00:00:00-04:00,9.459873126274854
2023-06-02 00:00:00-04:00,10.004923763087154
2023-06-05 00:00:00-04:00,9.884828134534883
2023-06-06 00:00:00-04:00,9.700064971293331
2023-06-07 00:00:00-04:00,10.041876863935208
2023-06-08 00:00:00-04:00,10.115782162163951
2023-06-09 00:00:00-04:00,10.023400811381018
2023-06-12 00:00:00-04:00,10.115781784057617
2023-06-13 00:00:00-04:00,10.577689111277193
2023-06-14 00:00:00-04:00,11.05807451641538
2023-06-15 00:00:00-04:00,11.021122033789473
2023-06-16 00:00:00-04:00,11.215123118812707
2023-06-20 00:00:00-04:00,10.531498087136459
2023-06-21 00:00:00-04:00,10.457593034936416
2023-06-22 00:00:00-04:00,10.531497830679722
2023-06-23 00:00:00-04:00,10.152734756469727
2023-06-26 00:00:00-04:00,10.161972931230924
2023-06-27 00:00:00-04:00,10.300544173594997
2023-06-28 00:00:00-04:00,10.134258971888357
2023-06-29 00:00:00-04:00,10.078829318685571
2023-06-30 00:00:00-04:00,10.402164459228516
2023-07-03 00:00:00-04:00,10.753214579724087
2023-07-05 00:00:00-04:00,10.75321540977056
2023-07-06 00:00:00-04:00,10.355973880700395
2023-07-07 00:00:00-04:00,10.189686589026719
2023-07-10 00:00:00-04:00,10.161971734091182
2023-07-11 00:00:00-04:00,10.337496576404234
2023-07-12 00:00:00-04:00,10.891787403365432
2023-07-13 00:00:00-04:00,11.32597986447646
2023-07-14 00:00:00-04:00,11.252074615464771
2023-07-17 00:00:00-04:00,10.910263945336926
2023-07-18 00:00:00-04:00,10.85483455657959
2023-07-19 00:00:00-04:00,10.688546949078077
2023-07-20 00:00:00-04:00,11.113502883353734
2023-07-21 00:00:00-04:00,11.205883979797363
2023-07-24 00:00:00-04:00,11.289028743851333
2023-07-25 00:00:00-04:00,11.483028984443443
2023-07-26 00:00:00-04:00,11.141217165995148
2023-07-27 00:00:00-04:00,11.095026584948062
2023-07-28 00:00:00-04:00,11.039597636798806
2023-07-31 00:00:00-04:00,11.224360085305973
2023-08-01 00:00:00-04:00,11.048835879796805
2023-08-02 00:00:00-04:00,10.836357308135291
2023-08-03 00:00:00-04:00,10.688546942963342
2023-08-04 00:00:00-04:00,10.790167805790835
2023-08-07 00:00:00-04:00,10.716261863708496
2023-08-08 00:00:00-04:00,10.32825965500432
2023-08-09 00:00:00-04:00,10.67007147655607
2023-08-10 00:00:00-04:00,10.734738999736136
2023-08-11 00:00:00-04:00,10.429879512397754
2023-08-14 00:00:00-04:00,10.097305678253475
2023-08-15 00:00:00-04:00,9.903304742680747
2023-08-16 00:00:00-04:00,9.737017506129032
2023-08-17 00:00:00-04:00,9.967970973059291
2023-08-18 00:00:00-04:00,9.663112000037286
2023-08-21 00:00:00-04:00,9.857113390076618
2023-08-22 00:00:00-04:00,10.097305871832399
2023-08-23 00:00:00-04:00,10.06035371121496
2023-08-24 00:00:00-04:00,9.884828117972232
2023-08-25 00:00:00-04:00,9.995685773099583
2023-08-28 00:00:00-04:00,10.004924199266684
2023-08-29 00:00:00-04:00,10.08806655559751
2023-08-30 00:00:00-04:00,10.226640323084766
2023-08-31 00:00:00-04:00,10.4203769498357
2023-09-01 00:00:00-04:00,10.596166482029604
2023-09-05 00:00:00-04:00,10.635230585274652
2023-09-06 00:00:00-04:00,10.478973455513787
2023-09-07 00:00:00-04:00,10.26412075233869
2023-09-08 00:00:00-04:00,10.332483359354795
2023-09-11 00:00:00-04:00,10.635231737983073
2023-09-12 00:00:00-04:00,10.498505246182559
2023-09-13 00:00:00-04:00,10.508272282393321
2023-09-14 00:00:00-04:00,10.820785647331954
2023-09-15 00:00:00-04:00,10.996574511223995
2023-09-18 00:00:00-04:00,11.045404715487843
2023-09-19 00:00:00-04:00,11.211427215156842
2023-09-20 00:00:00-04:00,11.1723625660685
2023-09-21 00:00:00-04:00,10.811018705157057
2023-09-22 00:00:00-04:00,10.879381590714843
2023-09-25 00:00:00-04:00,10.61569909952873
2023-09-26 00:00:00-04:00,10.781721779190619
2023-09-27 00:00:00-04:00,10.771955254085267
2023-09-28 00:00:00-04:00,10.752423217092185
2023-09-29 00:00:00-04:00,11.299321831910074
2023-10-02 00:00:00-04:00,11.104000879749474
2023-10-03 00:00:00-04:00,10.64499568939209
2023-10-04 00:00:00-04:00,10.596166788000941
2023-10-05 00:00:00-04:00,10.391080370537615
2023-10-06 00:00:00-04:00,10.508271565402984
2023-10-09 00:00:00-04:00,10.576634353582337
2023-10-10 00:00:00-04:00,10.996574573172644
2023-10-11 00:00:00-04:00,11.064936704058484
2023-10-12 00:00:00-04:00,11.104000941086039
2023-10-13 00:00:00-04:00,10.898913209198462
2023-10-16 00:00:00-04:00,10.947743590504771
2023-10-17 00:00:00-04:00,10.723124580235767
2023-10-18 00:00:00-04:00,10.811018705157057
2023-10-19 00:00:00-04:00,10.586400032043457
2023-10-20 00:00:00-04:00,10.36178071234861
2023-10-23 00:00:00-04:00,10.127395932913563
2023-10-24 00:00:00-04:00,10.234821816869024
2023-10-25 00:00:00-04:00,10.332482707199862
2023-10-26 00:00:00-04:00,10.371546745300293
2023-10-27 00:00:00-04:00,10.62546479582154
2023-10-30 00:00:00-04:00,10.654761964352238
2023-10-31 00:00:00-04:00,10.342249398464663
2023-11-01 00:00:00-04:00,10.26412075233869
2023-11-02 00:00:00-04:00,10.547337064154767
2023-11-03 00:00:00-04:00,10.54733597138063
2023-11-06 00:00:00-05:00,10.674294514272535
2023-11-07 00:00:00-05:00,10.410610806269785
2023-11-08 00:00:00-05:00,10.254354348709192
2023-11-09 00:00:00-05:00,10.234821931567971
2023-11-10 00:00:00-05:00,10.078565353810673
2023-11-13 00:00:00-05:00,10.17622613637546
2023-11-14 00:00:00-05:00,10.859850097443918
2023-11-15 00:00:00-05:00,11.348151506984202
2023-11-16 00:00:00-05:00,11.143065350528854
2023-11-17 00:00:00-05:00,11.260257200961735
2023-11-20 00:00:00-05:00,11.201661820614374
2023-11-21 00:00:00-05:00,11.201662480030292
2023-11-22 00:00:00-05:00,10.898913923054637
2023-11-24 00:00:00-05:00,10.840317724183313
2023-11-27 00:00:00-05:00,10.928210972675597
2023-11-28 00:00:00-05:00,10.947743957242103
2023-11-29 00:00:00-05:00,11.05517053948496
2023-11-30 00:00:00-05:00,10.986807996473797
2023-12-01 00:00:00-05:00,11.045405138806588
2023-12-04 00:00:00-05:00,10.947744717579736
2023-12-05 00:00:00-05:00,10.781720876719191
2023-12-06 00:00:00-05:00,10.957511198394771
2023-12-07 00:00:00-05:00,11.064936162206784
2023-12-08 00:00:00-05:00,11.084469249600467
2023-12-11 00:00:00-05:00,10.78172141821643
2023-12-12 00:00:00-05:00,10.674295122257137
2023-12-13 00:00:00-05:00,10.625464900640942
2023-12-14 00:00:00-05:00,11.133299531269795
2023-12-15 00:00:00-05:00,11.426280501091806
2023-12-18 00:00:00-05:00,11.38721687080767
2023-12-19 00:00:00-05:00,11.494643487304305
2023-12-20 00:00:00-05:00,11.631367448451504
2023-12-21 00:00:00-05:00,11.44581370258506
2023-12-22 00:00:00-05:00,11.71926271806355
2023-12-26 00:00:00-05:00,11.563004844152784
2023-12-27 00:00:00-05:00,11.748560557640188
2023-12-28 00:00:00-05:00,11.729029185648185
2023-12-29 00:00:00-05:00,11.553238569362827
2024-01-02 00:00:00-05:00,11.494643492335692
2024-01-03 00:00:00-05:00,11.201661886421833
2024-01-04 00:00:00-05:00,11.26025761061065
2024-01-05 00:00:00-05:00,11.475111074168439
2024-01-08 00:00:00-05:00,11.250492135352667
2024-01-09 00:00:00-05:00,11.191896204001564
2024-01-10 00:00:00-05:00,11.16259842176595
2024-01-11 00:00:00-05:00,11.143064323569718
2024-01-12 00:00:00-05:00,11.162597179160027
2024-01-16 00:00:00-05:00,10.859849565533153
2024-01-17 00:00:00-05:00,10.303184812645922
2024-01-18 00:00:00-05:00,10.29341834174264
2024-01-19 00:00:00-05:00,10.205524911981597
2024-01-22 00:00:00-05:00,9.912542543982108
2024-01-23 00:00:00-05:00,9.971139190525719
2024-01-24 00:00:00-05:00,10.332482817481962
2024-01-25 00:00:00-05:00,10.361780950995092
2024-01-26 00:00:00-05:00,10.518038490928737
2024-01-29 00:00:00-05:00,10.45944159305876
2024-01-30 00:00:00-05:00,10.430143703458775
2024-01-31 00:00:00-05:00,10.469207700702036
2024-02-01 00:00:00-05:00,10.469208401387895
2024-02-02 00:00:00-05:00,10.293418647205337
2024-02-05 00:00:00-05:00,10.01020336151123
2024-02-06 00:00:00-05:00,10.000436609166213
2024-02-07 00:00:00-05:00,9.883244448111462
2024-02-08 00:00:00-05:00,9.766051898915858
2024-02-09 00:00:00-05:00,9.482836723327637
2024-02-12 00:00:00-05:00,9.59026284115601
2024-02-13 00:00:00-05:00,9.609794440403967
2024-02-14 00:00:00-05:00,9.453538286129104
2024-02-15 00:00:00-05:00,9.463304392215031
2024-02-16 00:00:00-05:00,9.746519761896884
2024-02-20 00:00:00-05:00,9.658625124347445
2024-02-21 00:00:00-05:00,9.443772315979004
2024-02-22 00:00:00-05:00,9.385174815261369
2024-02-23 00:00:00-05:00,9.238685607910156
2024-02-26 00:00:00-05:00,9.12149214681913
2024-02-27 00:00:00-05:00,9.150790451826518
2024-02-28 00:00:00-05:00,9.13125889829701
2024-02-29 00:00:00-05:00,9.228918682429962
2024-03-01 00:00:00-05:00,9.28751574306387
2024-03-04 00:00:00-05:00,9.346110886709813
2024-03-05 00:00:00-05:00,9.521900962501684
2024-03-06 00:00:00-05:00,9.668390990647055
2024-03-07 00:00:00-05:00,9.863713430794116
2024-03-08 00:00:00-05:00,10.098098091842404
2024-03-11 00:00:00-04:00,9.805116296545279
2024-03-12 00:00:00-04:00,10.049267532496742
2024-03-13 00:00:00-04:00,10.24458779139573
2024-03-14 00:00:00-04:00,10.410611285752442
2024-03-15 00:00:00-04:00,10.527803421020508
2024-03-18 00:00:00-04:00,10.58640100010993
2024-03-19 00:00:00-04:00,10.29341905246555
2024-03-20 00:00:00-04:00,10.303185383080326
2024-03-21 00:00:00-04:00,10.644996541700191
2024-03-22 00:00:00-04:00,10.537570110693869
2024-03-25 00:00:00-04:00,10.459441732038096
2024-03-26 00:00:00-04:00,10.469207940452659
2024-03-27 00:00:00-04:00,10.371547165653949
2024-03-28 00:00:00-04:00,10.684060399959368
2024-04-01 00:00:00-04:00,10.693826609266857
2024-04-02 00:00:00-04:00,10.947744193277673
2024-04-03 00:00:00-04:00,11.035638928184886
2024-04-04 00:00:00-04:00,11.436046361299965
2024-04-05 00:00:00-04:00,11.279789620933025
2024-04-08 00:00:00-04:00,11.504408186524069
2024-04-09 00:00:00-04:00,11.719261515339191
2024-04-10 00:00:00-04:00,11.38721703739563
2024-04-11 00:00:00-04:00,11.39698314666748
2024-04-12 00:00:00-04:00,11.738794783826183
2024-04-15 00:00:00-04:00,11.768092262843266
2024-04-16 00:00:00-04:00,11.318854568052124
2024-04-17 00:00:00-04:00,11.49464362517885
2024-04-18 00:00:00-04:00,11.406749243439542
2024-04-19 00:00:00-04:00,11.494643862071225
2024-04-22 00:00:00-04:00,11.426280216652705
2024-04-23 00:00:00-04:00,11.230959584672775
2024-04-24 00:00:00-04:00,11.514174830308715
2024-04-25 00:00:00-04:00,11.289556365913015
2024-04-26 00:00:00-04:00,11.523941870635968
2024-04-29 00:00:00-04:00,11.465344427169152
2024-04-30 00:00:00-04:00,11.475110836058816
2024-05-01 00:00:00-04:00,11.240726057103274
2024-05-02 00:00:00-04:00,11.279679055608021
2024-05-03 00:00:00-04:00,11.161153580825156
2024-05-06 00:00:00-04:00,11.526607163756038
2024-05-07 00:00:00-04:00,11.585869142875204
2024-05-08 00:00:00-04:00,11.279678695434702
2024-05-09 00:00:00-04:00,11.378450186631456
2024-05-10 00:00:00-04:00,11.734027057106289
2024-05-13 00:00:00-04:00,11.684640486236065
2024-05-14 00:00:00-04:00,12.040217252651823
2024-05-15 00:00:00-04:00,12.267391606697577
2024-05-16 00:00:00-04:00,12.2575146969045
2024-05-17 00:00:00-04:00,12.366163190747928
2024-05-20 00:00:00-04:00,12.49456521141868
2024-05-21 00:00:00-04:00,12.524196772484789
2024-05-22 00:00:00-04:00,12.188374420892666
2024-05-23 00:00:00-04:00,12.178497162284552
2024-05-24 00:00:00-04:00,12.089602526715264
2024-05-28 00:00:00-04:00,12.366163497487973
2024-05-29 00:00:00-04:00,12.050094604492188
2024-05-30 00:00:00-04:00,11.951323607671787
2024-05-31 00:00:00-04:00,12.079725468224712
2024-06-03 00:00:00-04:00,12.138988494873047
2024-06-04 00:00:00-04:00,11.84267456263031
2024-06-05 00:00:00-04:00,11.822921296653325
2024-06-06 00:00:00-04:00,11.882182982795985
2024-06-07 00:00:00-04:00,11.793288641559473
2024-06-10 00:00:00-04:00,11.79328869308142
2024-06-11 00:00:00-04:00,11.595746592826062
2024-06-12 00:00:00-04:00,11.793288527892472
2024-06-13 00:00:00-04:00,11.585869439594905
2024-06-14 00:00:00-04:00,11.329064266285792
2024-06-17 00:00:00-04:00,11.210539214477084
2024-06-18 00:00:00-04:00,11.269801195688869
2024-06-20 00:00:00-04:00,11.536484718322754
2024-06-21 00:00:00-04:00,11.368572985885613
2024-06-24 00:00:00-04:00,11.437712977416751
2024-06-25 00:00:00-04:00,11.338941075963803
2024-06-26 00:00:00-04:00,11.299432955243352
2024-06-27 00:00:00-04:00,11.299432563797085
2024-06-28 00:00:00-04:00,11.289555948910282
2024-07-01 00:00:00-04:00,11.487098842046219
2024-07-02 00:00:00-04:00,11.467343487019347
2024-07-03 00:00:00-04:00,11.901938036479415
2024-07-05 00:00:00-04:00,12.237760341323806
2024-07-08 00:00:00-04:00,12.148865952022518
2024-07-09 00:00:00-04:00,12.000708739754547
2024-07-10 00:00:00-04:00,12.050094058665458
2024-07-11 00:00:00-04:00,12.109357231718258
2024-07-12 00:00:00-04:00,12.237760192953452
2024-07-15 00:00:00-04:00,11.990832169190393
2024-07-16 00:00:00-04:00,11.605623999353844
2024-07-17 00:00:00-04:00,11.813044147689812
2024-07-18 00:00:00-04:00,11.526606755659135
2024-07-19 00:00:00-04:00,11.269801595650703
2024-07-22 00:00:00-04:00,11.269801139831543
2024-07-23 00:00:00-04:00,11.032750585002946
2024-07-24 00:00:00-04:00,11.062381601864805
2024-07-25 00:00:00-04:00,10.933979491217213
2024-07-26 00:00:00-04:00,11.022873838671487
2024-07-29 00:00:00-04:00,10.84508475138502
2024-07-30 00:00:00-04:00,10.479631476471766
2024-07-31 00:00:00-04:00,10.914225578308105
2024-08-01 00:00:00-04:00,10.756191827382208
2024-08-02 00:00:00-04:00,10.232702606924228
2024-08-05 00:00:00-04:00,9.630198327839882
2024-08-06 00:00:00-04:00,9.640076127777206
2024-08-07 00:00:00-04:00,10.143809459673664
2024-08-08 00:00:00-04:00,9.975898037907895
2024-08-09 00:00:00-04:00,10.26233537592173
2024-08-12 00:00:00-04:00,10.282088937278132
2024-08-13 00:00:00-04:00,10.163563474502894
2024-08-14 00:00:00-04:00,10.17344108148269
2024-08-15 00:00:00-04:00,10.34135200717338
2024-08-16 00:00:00-04:00,10.222826196415141
2024-08-19 00:00:00-04:00,10.53889399489002
2024-08-20 00:00:00-04:00,10.568525065516667
2024-08-21 00:00:00-04:00,10.578402869177216
2024-08-22 00:00:00-04:00,10.499385586000978
2024-08-23 00:00:00-04:00,10.499385480538633
2024-08-26 00:00:00-04:00,10.677174716364533
2024-08-27 00:00:00-04:00,10.687051127491582
2024-08-28 00:00:00-04:00,10.331475149087428
2024-08-29 00:00:00-04:00,10.44012245665064
2024-08-30 00:00:00-04:00,10.529999732971191
2024-09-03 00:00:00-04:00,10.109999656677246
2024-09-04 00:00:00-04:00,9.9399995803833
2024-09-05 00:00:00-04:00,9.979999542236328
2024-09-06 00:00:00-04:00,9.770000457763672
2024-09-09 00:00:00-04:00,9.630000114440918
2024-09-10 00:00:00-04:00,9.569999694824219
2024-09-11 00:00:00-04:00,9.510000228881836
2024-09-12 00:00:00-04:00,9.609999656677246
2024-09-13 00:00:00-04:00,9.84000015258789
2024-09-16 00:00:00-04:00,9.949999809265137
2024-09-17 00:00:00-04:00,9.989999771118164
2024-09-18 00:00:00-04:00,10.0
2024-09-19 00:00:00-04:00,10.350000381469727
2024-09-20 00:00:00-04:00,10.109999656677246
2024-09-23 00:00:00-04:00,10.119999885559082
2024-09-24 00:00:00-04:00,10.710000038146973
2024-09-25 00:00:00-04:00,10.770000457763672
2024-09-26 00:00:00-04:00,11.3100004196167
2024-09-27 00:00:00-04:00,11.359999656677246
2024-09-30 00:00:00-04:00,11.399999618530273
2024-10-01 00:00:00-04:00,11.479999542236328
2024-10-02 00:00:00-04:00,11.5
2024-10-03 00:00:00-04:00,11.210000038146973
2024-10-04 00:00:00-04:00,11.3100004196167
2024-10-07 00:00:00-04:00,11.380000114440918
2024-10-08 00:00:00-04:00,11.0
2024-10-09 00:00:00-04:00,10.84000015258789
2024-10-10 00:00:00-04:00,10.869999885559082
2024-10-11 00:00:00-04:00,11.0
2024-10-14 00:00:00-04:00,10.779999732971191
2024-10-15 00:00:00-04:00,10.609999656677246
2024-10-16 00:00:00-04:00,10.59000015258789
2024-10-17 00:00:00-04:00,10.420000076293945
2024-10-18 00:00:00-04:00,10.680000305175781
2024-10-21 00:00:00-04:00,10.630000114440918
2024-10-22 00:00:00-04:00,10.520000457763672
2024-10-23 00:00:00-04:00,10.34000015258789
2024-10-24 00:00:00-04:00,10.40999984741211
2024-10-25 00:00:00-04:00,10.40999984741211
2024-10-28 00:00:00-04:00,10.319999694824219
2024-10-29 00:00:00-04:00,10.479999542236328
2024-10-30 00:00:00-04:00,10.550000190734863
2024-10-31 00:00:00-04:00,10.5600004196167
2024-11-01 00:00:00-04:00,10.529999732971191
2024-11-04 00:00:00-05:00,10.529999732971191
2024-11-05 00:00:00-05:00,10.5
2024-11-06 00:00:00-05:00,10.15999984741211
2024-11-07 00:00:00-05:00,10.760000228881836
2024-11-08 00:00:00-05:00,10.300000190734863
2024-11-11 00:00:00-05:00,10.0
2024-11-12 00:00:00-05:00,9.649999618530273
2024-11-13 00:00:00-05:00,9.569999694824219
2024-11-14 00:00:00-05:00,9.470000267028809
2024-11-15 00:00:00-05:00,9.600000381469727
2024-11-18 00:00:00-05:00,9.550000190734863
2024-11-19 00:00:00-05:00,9.550000190734863
2024-11-20 00:00:00-05:00,9.630000114440918
2024-11-21 00:00:00-05:00,9.550000190734863
2024-11-22 00:00:00-05:00,9.489999771118164
2024-11-25 00:00:00-05:00,9.6899995803833
2024-11-26 00:00:00-05:00,9.630000114440918
2024-11-27 00:00:00-05:00,9.460000038146973
2024-11-29 00:00:00-05:00,9.460000038146973
2024-12-02 00:00:00-05:00,9.5600004196167
2024-12-03 00:00:00-05:00,9.680000305175781
2024-12-04 00:00:00-05:00,9.640000343322754
2024-12-05 00:00:00-05:00,9.59000015258789
2024-12-06 00:00:00-05:00,9.640000343322754
2024-12-09 00:00:00-05:00,9.989999771118164
2024-12-10 00:00:00-05:00,9.819999694824219
2024-12-11 00:00:00-05:00,9.779999732971191
2024-12-12 00:00:00-05:00,9.59000015258789
2024-12-13 00:00:00-05:00,9.4399995803833
2024-12-16 00:00:00-05:00,9.260000228881836
2024-12-17 00:00:00-05:00,9.109999656677246
2024-12-18 00:00:00-05:00,9.119999885559082
2024-12-19 00:00:00-05:00,8.90999984741211
2024-12-20 00:00:00-05:00,8.699999809265137
2024-12-23 00:00:00-05:00,8.720000267028809
2024-12-24 00:00:00-05:00,8.65999984741211
2024-12-26 00:00:00-05:00,9.050000190734863
2024-12-27 00:00:00-05:00,8.84000015258789
2024-12-30 00:00:00-05:00,8.779999732971191
2024-12-31 00:00:00-05:00,8.680000305175781
2025-01-02 00:00:00-05:00,8.880000114440918
2025-01-03 00:00:00-05:00,8.9399995803833
2025-01-06 00:00:00-05:00,9.069999694824219
2025-01-07 00:00:00-05:00,9.069999694824219
2025-01-08 00:00:00-05:00,8.8100004196167
2025-01-10 00:00:00-05:00,8.859999656677246
2025-01-13 00:00:00-05:00,8.760000228881836
2025-01-14 00:00:00-05:00,8.869999885559082
