Date,Open
1991-11-15 00:00:00-05:00,4.050230503082275
1991-11-18 00:00:00-05:00,4.050230503082275
1991-11-19 00:00:00-05:00,3.993979352585813
1991-11-20 00:00:00-05:00,3.9939773082733154
1991-11-21 00:00:00-05:00,3.9658507075108274
1991-11-22 00:00:00-05:00,3.9658507075108274
1991-11-25 00:00:00-05:00,3.9939773082733154
1991-11-26 00:00:00-05:00,3.9658507075108274
1991-11-27 00:00:00-05:00,3.9377241067483393
1991-11-29 00:00:00-05:00,3.9377241067483393
1991-12-02 00:00:00-05:00,3.9377241067483393
1991-12-03 00:00:00-05:00,3.9377241067483393
1991-12-04 00:00:00-05:00,3.9939773082733154
1991-12-05 00:00:00-05:00,3.9658507075108274
1991-12-06 00:00:00-05:00,3.9095965657915386
1991-12-09 00:00:00-05:00,3.9095965657915386
1991-12-10 00:00:00-05:00,3.9095965657915386
1991-12-11 00:00:00-05:00,3.9377231597900386
1991-12-12 00:00:00-05:00,3.9377249204195466
1991-12-13 00:00:00-05:00,4.0221039023664265
1991-12-16 00:00:00-05:00,4.050230503082275
1991-12-17 00:00:00-05:00,4.050231346717248
1991-12-18 00:00:00-05:00,4.022104740142822
1991-12-19 00:00:00-05:00,4.0221039023664265
1991-12-20 00:00:00-05:00,4.050230503082275
1991-12-23 00:00:00-05:00,4.0502315652781515
1991-12-24 00:00:00-05:00,4.106486043414554
1991-12-26 00:00:00-05:00,4.218990610252996
1991-12-27 00:00:00-05:00,4.5846356168205356
1991-12-30 00:00:00-05:00,4.584635376930237
1991-12-31 00:00:00-05:00,4.584635595257363
1992-01-02 00:00:00-05:00,4.950281143188477
1992-01-03 00:00:00-05:00,4.894027233123779
1992-01-06 00:00:00-05:00,4.837775230407715
1992-01-07 00:00:00-05:00,4.781522274017334
1992-01-08 00:00:00-05:00,4.7252690707936
1992-01-09 00:00:00-05:00,4.781520738767061
1992-01-10 00:00:00-05:00,4.894028430761293
1992-01-13 00:00:00-05:00,4.781522041275388
1992-01-14 00:00:00-05:00,4.7252690707936
1992-01-15 00:00:00-05:00,4.781522274017334
1992-01-16 00:00:00-05:00,4.781522030054137
1992-01-17 00:00:00-05:00,4.83777404653615
1992-01-20 00:00:00-05:00,4.9221577644348145
1992-01-21 00:00:00-05:00,5.0065343379974365
1992-01-22 00:00:00-05:00,4.978407390868466
1992-01-23 00:00:00-05:00,5.062791167712603
1992-01-24 00:00:00-05:00,5.147168294588725
1992-01-27 00:00:00-05:00,5.090914372647746
1992-01-28 00:00:00-05:00,5.0065343379974365
1992-01-29 00:00:00-05:00,4.950281631114871
1992-01-30 00:00:00-05:00,4.865902078852934
1992-01-31 00:00:00-05:00,4.781522274017334
1992-02-03 00:00:00-05:00,4.781520018103527
1992-02-04 00:00:00-05:00,4.809648630230926
1992-02-05 00:00:00-05:00,4.837773923929027
1992-02-06 00:00:00-05:00,4.894028430761293
1992-02-07 00:00:00-05:00,4.837775477241067
1992-02-10 00:00:00-05:00,4.781522274017334
1992-02-11 00:00:00-05:00,4.725267060409636
1992-02-12 00:00:00-05:00,4.753393650054932
1992-02-13 00:00:00-05:00,4.781520018103527
1992-02-14 00:00:00-05:00,4.8659021574691685
1992-02-18 00:00:00-05:00,5.006534576416016
1992-02-19 00:00:00-05:00,5.0065376118251255
1992-02-20 00:00:00-05:00,4.9502812617242675
1992-02-21 00:00:00-05:00,5.006534576416016
1992-02-24 00:00:00-05:00,4.98962049592625
1992-02-25 00:00:00-05:00,4.9614301659595
1992-02-26 00:00:00-05:00,4.8486714363098145
1992-02-27 00:00:00-05:00,4.876859351728089
1992-02-28 00:00:00-05:00,4.764099597930908
1992-03-02 00:00:00-05:00,4.764099597930908
1992-03-03 00:00:00-05:00,4.735909659481613
1992-03-04 00:00:00-05:00,4.735913885645119
1992-03-05 00:00:00-05:00,4.623153589948823
1992-03-06 00:00:00-05:00,4.454013824462891
1992-03-09 00:00:00-05:00,4.454011344909667
1992-03-10 00:00:00-05:00,4.510391780308315
1992-03-11 00:00:00-05:00,4.679533958435059
1992-03-12 00:00:00-05:00,4.679533958435059
1992-03-13 00:00:00-05:00,4.7359113693237305
1992-03-16 00:00:00-05:00,4.707723140716553
1992-03-17 00:00:00-05:00,4.7359113693237305
1992-03-18 00:00:00-05:00,4.764103058569446
1992-03-19 00:00:00-05:00,4.7359113693237305
1992-03-20 00:00:00-05:00,4.76410384925015
1992-03-23 00:00:00-05:00,4.707723140716553
1992-03-24 00:00:00-05:00,4.792289536380204
1992-03-25 00:00:00-05:00,4.820479869842529
1992-03-26 00:00:00-05:00,4.820479869842529
1992-03-27 00:00:00-05:00,4.8204814860987115
1992-03-30 00:00:00-05:00,4.8204814860987115
1992-03-31 00:00:00-05:00,4.8486703894604215
1992-04-01 00:00:00-05:00,4.933240603316914
1992-04-02 00:00:00-05:00,4.961434195382254
1992-04-03 00:00:00-05:00,4.961434195382254
1992-04-06 00:00:00-04:00,4.961430825127496
1992-04-07 00:00:00-04:00,5.074190334840254
1992-04-08 00:00:00-04:00,4.933241286943125
1992-04-09 00:00:00-04:00,4.735913224653764
1992-04-10 00:00:00-04:00,4.73591004756459
1992-04-13 00:00:00-04:00,4.820482071708231
1992-04-14 00:00:00-04:00,4.79229211807251
1992-04-15 00:00:00-04:00,4.79229211807251
1992-04-16 00:00:00-04:00,4.792289536380204
1992-04-20 00:00:00-04:00,4.764099597930908
1992-04-21 00:00:00-04:00,4.764099597930908
1992-04-22 00:00:00-04:00,4.764101317950658
1992-04-23 00:00:00-04:00,4.679533126877575
1992-04-24 00:00:00-04:00,4.623151016235352
1992-04-27 00:00:00-04:00,4.566773360630251
1992-04-28 00:00:00-04:00,4.5103912353515625
1992-04-29 00:00:00-04:00,4.510391612111786
1992-04-30 00:00:00-04:00,4.510391612111786
1992-05-01 00:00:00-04:00,4.594964981079102
1992-05-04 00:00:00-04:00,4.566773292494983
1992-05-05 00:00:00-04:00,4.651343168281928
1992-05-06 00:00:00-04:00,4.623153209686279
1992-05-07 00:00:00-04:00,4.65134334564209
1992-05-08 00:00:00-04:00,4.623152667691248
1992-05-11 00:00:00-04:00,4.538582801818848
1992-05-12 00:00:00-04:00,4.538583333899336
1992-05-13 00:00:00-04:00,4.623154950288176
1992-05-14 00:00:00-04:00,4.566771507263184
1992-05-15 00:00:00-04:00,4.510393442597779
1992-05-18 00:00:00-04:00,4.5103912353515625
1992-05-19 00:00:00-04:00,4.510393746291535
1992-05-20 00:00:00-04:00,4.425822734832764
1992-05-21 00:00:00-04:00,4.3976317442856825
1992-05-22 00:00:00-04:00,4.31306266784668
1992-05-26 00:00:00-04:00,4.296105189039218
1992-05-27 00:00:00-04:00,4.2113125678655265
1992-05-28 00:00:00-04:00,4.239576816558838
1992-05-29 00:00:00-04:00,4.2678406620025635
1992-06-01 00:00:00-04:00,4.239576410602879
1992-06-02 00:00:00-04:00,4.211313247680664
1992-06-03 00:00:00-04:00,4.211312971115112
1992-06-04 00:00:00-04:00,4.2395777856149985
1992-06-05 00:00:00-04:00,4.352632443110148
1992-06-08 00:00:00-04:00,4.409158646305905
1992-06-09 00:00:00-04:00,4.437422483782225
1992-06-10 00:00:00-04:00,4.437423984209697
1992-06-11 00:00:00-04:00,4.409160137176514
1992-06-12 00:00:00-04:00,4.437424748943698
1992-06-15 00:00:00-04:00,4.409160137176514
1992-06-16 00:00:00-04:00,4.409160137176514
1992-06-17 00:00:00-04:00,4.409160137176514
1992-06-18 00:00:00-04:00,4.437423984209697
1992-06-19 00:00:00-04:00,4.409162703593066
1992-06-22 00:00:00-04:00,4.437426567077637
1992-06-23 00:00:00-04:00,4.380896370132248
1992-06-24 00:00:00-04:00,4.3243677961198905
1992-06-25 00:00:00-04:00,4.296104507446289
1992-06-26 00:00:00-04:00,4.296104827484528
1992-06-29 00:00:00-04:00,4.352632522583008
1992-06-30 00:00:00-04:00,4.380896787465729
1992-07-01 00:00:00-04:00,4.55047819882455
1992-07-02 00:00:00-04:00,4.861383993966239
1992-07-06 00:00:00-04:00,5.002703296116421
1992-07-07 00:00:00-04:00,4.946175575256348
1992-07-08 00:00:00-04:00,5.002701862653097
1992-07-09 00:00:00-04:00,5.087493419647217
1992-07-10 00:00:00-04:00,5.087491312334614
1992-07-13 00:00:00-04:00,5.34186615049839
1992-07-14 00:00:00-04:00,5.341867728436247
1992-07-15 00:00:00-04:00,5.31360176412817
1992-07-16 00:00:00-04:00,5.31360387802124
1992-07-17 00:00:00-04:00,5.34186615049839
1992-07-20 00:00:00-04:00,5.370128528491871
1992-07-21 00:00:00-04:00,5.257074692374782
1992-07-22 00:00:00-04:00,5.426658024863591
1992-07-23 00:00:00-04:00,5.398395429266261
1992-07-24 00:00:00-04:00,5.341866493225098
1992-07-27 00:00:00-04:00,5.313602577329306
1992-07-28 00:00:00-04:00,5.5114522847262295
1992-07-29 00:00:00-04:00,5.6527684716617355
1992-07-30 00:00:00-04:00,5.709297261238098
1992-07-31 00:00:00-04:00,5.6527715740781845
1992-08-03 00:00:00-04:00,5.652769565582275
1992-08-04 00:00:00-04:00,5.624505043029785
1992-08-05 00:00:00-04:00,5.624505717754364
1992-08-06 00:00:00-04:00,5.567977300624258
1992-08-07 00:00:00-04:00,5.539713509717779
1992-08-10 00:00:00-04:00,5.59624119859245
1992-08-11 00:00:00-04:00,5.624507716207794
1992-08-12 00:00:00-04:00,5.596243858337402
1992-08-13 00:00:00-04:00,5.567977022513365
1992-08-14 00:00:00-04:00,5.511447166909977
1992-08-17 00:00:00-04:00,5.511447166909977
1992-08-18 00:00:00-04:00,5.539713456458652
1992-08-19 00:00:00-04:00,5.483185768127441
1992-08-20 00:00:00-04:00,5.454921245574951
1992-08-21 00:00:00-04:00,5.483185768127441
1992-08-24 00:00:00-04:00,5.426657951315036
1992-08-25 00:00:00-04:00,5.370129718575426
1992-08-26 00:00:00-04:00,5.240080991516942
1992-08-27 00:00:00-04:00,5.1834314672843265
1992-08-28 00:00:00-04:00,5.211756229400635
1992-08-31 00:00:00-04:00,5.268403859061991
1992-09-01 00:00:00-04:00,5.296729412484677
1992-09-02 00:00:00-04:00,5.325054339358681
1992-09-03 00:00:00-04:00,5.325053362922873
1992-09-04 00:00:00-04:00,5.296730205495522
1992-09-08 00:00:00-04:00,5.381704650000128
1992-09-09 00:00:00-04:00,5.353379726409912
1992-09-10 00:00:00-04:00,5.353379726409912
1992-09-11 00:00:00-04:00,5.410028610731426
1992-09-14 00:00:00-04:00,5.381704654890237
1992-09-15 00:00:00-04:00,5.466678775846958
1992-09-16 00:00:00-04:00,5.410028628117062
1992-09-17 00:00:00-04:00,5.438354172631708
1992-09-18 00:00:00-04:00,5.410029254853725
1992-09-21 00:00:00-04:00,5.410029411315918
1992-09-22 00:00:00-04:00,5.410029411315918
1992-09-23 00:00:00-04:00,5.353378924917667
1992-09-24 00:00:00-04:00,5.353379888684338
1992-09-25 00:00:00-04:00,5.551653222939403
1992-09-28 00:00:00-04:00,5.523325302162949
1992-09-29 00:00:00-04:00,5.551650047302246
1992-09-30 00:00:00-04:00,5.495003700256348
1992-10-01 00:00:00-04:00,5.5233270504753
1992-10-02 00:00:00-04:00,5.5799747924415435
1992-10-05 00:00:00-04:00,5.49500289976288
1992-10-06 00:00:00-04:00,5.4666783112746025
1992-10-07 00:00:00-04:00,5.495003709793091
1992-10-08 00:00:00-04:00,5.664951213891955
1992-10-09 00:00:00-04:00,5.891549133011515
1992-10-12 00:00:00-04:00,5.89155302808878
1992-10-13 00:00:00-04:00,6.061498961337777
1992-10-14 00:00:00-04:00,6.11815122147681
1992-10-15 00:00:00-04:00,6.033172910247369
1992-10-16 00:00:00-04:00,5.976524030594599
1992-10-19 00:00:00-04:00,5.976523248654492
1992-10-20 00:00:00-04:00,6.004852124782795
1992-10-21 00:00:00-04:00,6.033172758120411
1992-10-22 00:00:00-04:00,6.004848003387451
1992-10-23 00:00:00-04:00,5.948198493921532
1992-10-26 00:00:00-05:00,6.033176255003314
1992-10-27 00:00:00-05:00,6.0615010261535645
1992-10-28 00:00:00-05:00,6.004848789033436
1992-10-29 00:00:00-05:00,5.891548984455612
1992-10-30 00:00:00-05:00,6.0615010261535645
1992-11-02 00:00:00-05:00,6.061497512853371
1992-11-03 00:00:00-05:00,6.004848003387451
1992-11-04 00:00:00-05:00,6.004848003387451
1992-11-05 00:00:00-05:00,6.004848003387451
1992-11-06 00:00:00-05:00,6.004848003387451
1992-11-09 00:00:00-05:00,6.0048481548001975
1992-11-10 00:00:00-05:00,5.948199272155762
1992-11-11 00:00:00-05:00,5.976524030594599
1992-11-12 00:00:00-05:00,5.891547782748353
1992-11-13 00:00:00-05:00,5.778251024392935
1992-11-16 00:00:00-05:00,5.891549434388083
1992-11-17 00:00:00-05:00,5.948199086072968
1992-11-18 00:00:00-05:00,5.863224229722653
1992-11-19 00:00:00-05:00,5.948198643905856
1992-11-20 00:00:00-05:00,5.976524030594599
1992-11-23 00:00:00-05:00,6.004848789033436
1992-11-24 00:00:00-05:00,5.9311699867248535
1992-11-25 00:00:00-05:00,5.931173515780537
1992-11-27 00:00:00-05:00,5.874415874481201
1992-11-30 00:00:00-05:00,5.817657079336779
1992-12-01 00:00:00-05:00,6.016308784484863
1992-12-02 00:00:00-05:00,6.016309509628929
1992-12-03 00:00:00-05:00,6.129824783395512
1992-12-04 00:00:00-05:00,6.186584530959483
1992-12-07 00:00:00-05:00,6.49874954512625
1992-12-08 00:00:00-05:00,6.55550546983702
1992-12-09 00:00:00-05:00,6.41361461215549
1992-12-10 00:00:00-05:00,6.3568525314331055
1992-12-11 00:00:00-05:00,6.356855726028237
1992-12-14 00:00:00-05:00,6.328476905822754
1992-12-15 00:00:00-05:00,6.328473729785212
1992-12-16 00:00:00-05:00,6.214961013278446
1992-12-17 00:00:00-05:00,6.3568525314331055
1992-12-18 00:00:00-05:00,6.356852860884233
1992-12-21 00:00:00-05:00,6.30009491954531
1992-12-22 00:00:00-05:00,6.328474053469572
1992-12-23 00:00:00-05:00,6.243338542701924
1992-12-24 00:00:00-05:00,6.385235786437988
1992-12-28 00:00:00-05:00,6.356853788932868
1992-12-29 00:00:00-05:00,6.4703696375307835
1992-12-30 00:00:00-05:00,6.498751640319824
1992-12-31 00:00:00-05:00,6.498751640319824
1993-01-04 00:00:00-05:00,6.470370292663574
1993-01-05 00:00:00-05:00,6.498747846721548
1993-01-06 00:00:00-05:00,6.356855100339597
1993-01-07 00:00:00-05:00,6.271716117858887
1993-01-08 00:00:00-05:00,6.214962542057037
1993-01-11 00:00:00-05:00,6.129822401566939
1993-01-12 00:00:00-05:00,6.243339830690676
1993-01-13 00:00:00-05:00,6.300098085617271
1993-01-14 00:00:00-05:00,6.300098085617271
1993-01-15 00:00:00-05:00,6.300097465515137
1993-01-18 00:00:00-05:00,6.300095413802961
1993-01-19 00:00:00-05:00,6.186580181121826
1993-01-20 00:00:00-05:00,6.158203601837158
1993-01-21 00:00:00-05:00,6.158201372951543
1993-01-22 00:00:00-05:00,6.21496123872045
1993-01-25 00:00:00-05:00,6.1865798610530485
1993-01-26 00:00:00-05:00,6.214958823810925
1993-01-27 00:00:00-05:00,6.243337797462393
1993-01-28 00:00:00-05:00,6.21495898929211
1993-01-29 00:00:00-05:00,6.214958667755127
1993-02-01 00:00:00-05:00,6.214958667755127
1993-02-02 00:00:00-05:00,6.214960939005802
1993-02-03 00:00:00-05:00,6.527125954627991
1993-02-04 00:00:00-05:00,6.867674865875856
1993-02-05 00:00:00-05:00,7.009564717610677
1993-02-08 00:00:00-05:00,6.896049174941888
1993-02-09 00:00:00-05:00,6.78253894943302
1993-02-10 00:00:00-05:00,6.640643195102089
1993-02-11 00:00:00-05:00,6.413613088203199
1993-02-12 00:00:00-05:00,6.555506594905769
1993-02-16 00:00:00-05:00,6.498750785986583
1993-02-17 00:00:00-05:00,6.129826750710746
1993-02-18 00:00:00-05:00,6.04468959569931
1993-02-19 00:00:00-05:00,6.186579695769719
1993-02-22 00:00:00-05:00,6.413612658517402
1993-02-23 00:00:00-05:00,6.370267417214134
1993-02-24 00:00:00-05:00,6.313385486602783
1993-02-25 00:00:00-05:00,6.313388113464628
1993-02-26 00:00:00-05:00,6.370265251767319
1993-03-01 00:00:00-05:00,6.370265251767319
1993-03-02 00:00:00-05:00,6.455582022666931
1993-03-03 00:00:00-05:00,6.540895938873291
1993-03-04 00:00:00-05:00,6.540899975546475
1993-03-05 00:00:00-05:00,6.597774521779206
1993-03-08 00:00:00-05:00,6.683090382475194
1993-03-09 00:00:00-05:00,6.939039707183838
1993-03-10 00:00:00-05:00,7.109672668947273
1993-03-11 00:00:00-05:00,7.052795639038086
1993-03-12 00:00:00-05:00,7.052793254697226
1993-03-15 00:00:00-05:00,6.939038024460974
1993-03-16 00:00:00-05:00,6.882163294156392
1993-03-17 00:00:00-05:00,6.825286072570008
1993-03-18 00:00:00-05:00,6.540895938873291
1993-03-19 00:00:00-05:00,6.5408936546359
1993-03-22 00:00:00-05:00,6.4555815394435605
1993-03-23 00:00:00-05:00,6.370267417214134
1993-03-24 00:00:00-05:00,6.19963490473081
1993-03-25 00:00:00-05:00,6.256512641906738
1993-03-26 00:00:00-05:00,6.256508139876631
1993-03-29 00:00:00-05:00,6.313391256769863
1993-03-30 00:00:00-05:00,6.228069098287039
1993-03-31 00:00:00-05:00,6.31338965411678
1993-04-01 00:00:00-05:00,6.427140180055085
1993-04-02 00:00:00-05:00,6.313390029560436
1993-04-05 00:00:00-04:00,6.313390029560436
1993-04-06 00:00:00-04:00,6.284950981401417
1993-04-07 00:00:00-04:00,6.2280739480798895
1993-04-08 00:00:00-04:00,6.2565122891778815
1993-04-12 00:00:00-04:00,6.114320361286128
1993-04-13 00:00:00-04:00,6.17119563750501
1993-04-14 00:00:00-04:00,6.057440870338016
1993-04-15 00:00:00-04:00,6.142755623750909
1993-04-16 00:00:00-04:00,6.1143188280602025
1993-04-19 00:00:00-04:00,6.341828723387285
1993-04-20 00:00:00-04:00,6.313390029560436
1993-04-21 00:00:00-04:00,6.256508139876631
1993-04-22 00:00:00-04:00,6.284946813239707
1993-04-23 00:00:00-04:00,6.284946813239707
1993-04-26 00:00:00-04:00,6.370265367296007
1993-04-27 00:00:00-04:00,6.3987040519714355
1993-04-28 00:00:00-04:00,6.370265251767319
1993-04-29 00:00:00-04:00,6.455580711364746
1993-04-30 00:00:00-04:00,6.4555815394435605
1993-05-03 00:00:00-04:00,6.341828346252441
1993-05-04 00:00:00-04:00,6.370262833328934
1993-05-05 00:00:00-04:00,6.313385113332067
1993-05-06 00:00:00-04:00,6.284951335733587
1993-05-07 00:00:00-04:00,6.256508352632206
1993-05-10 00:00:00-04:00,6.000560016723341
1993-05-11 00:00:00-04:00,5.943685892716195
1993-05-12 00:00:00-04:00,5.858369340800276
1993-05-13 00:00:00-04:00,5.630859276344037
1993-05-14 00:00:00-04:00,5.716175910198327
1993-05-17 00:00:00-04:00,5.630859360252459
1993-05-18 00:00:00-04:00,5.545541286468506
1993-05-19 00:00:00-04:00,5.573983192443848
1993-05-20 00:00:00-04:00,5.5739797505025335
1993-05-21 00:00:00-04:00,5.573983192443848
1993-05-24 00:00:00-04:00,5.5739824795963795
1993-05-25 00:00:00-04:00,5.587528705596924
1993-05-26 00:00:00-04:00,5.559017513004052
1993-05-27 00:00:00-04:00,5.5875252951220205
1993-05-28 00:00:00-04:00,5.616036505115276
1993-06-01 00:00:00-04:00,5.587524482531425
1993-06-02 00:00:00-04:00,5.530511460773686
1993-06-03 00:00:00-04:00,5.502005307041869
1993-06-04 00:00:00-04:00,5.587524482531425
1993-06-07 00:00:00-04:00,5.559016704559326
1993-06-08 00:00:00-04:00,5.559020128446756
1993-06-09 00:00:00-04:00,5.559020128446756
1993-06-10 00:00:00-04:00,5.5020042310158415
1993-06-11 00:00:00-04:00,5.53051233291626
1993-06-14 00:00:00-04:00,5.53051233291626
1993-06-15 00:00:00-04:00,5.530508926587227
1993-06-16 00:00:00-04:00,5.473496437072754
1993-06-17 00:00:00-04:00,5.473496125873766
1993-06-18 00:00:00-04:00,5.473496437072754
1993-06-21 00:00:00-04:00,5.502003918196025
1993-06-22 00:00:00-04:00,5.35946471456419
1993-06-23 00:00:00-04:00,5.4734958787038535
1993-06-24 00:00:00-04:00,5.502001148615128
1993-06-25 00:00:00-04:00,5.559016704559326
1993-06-28 00:00:00-04:00,5.5590209060785725
1993-06-29 00:00:00-04:00,5.587528527385056
1993-06-30 00:00:00-04:00,5.673052694797516
1993-07-01 00:00:00-04:00,5.758574401216554
1993-07-02 00:00:00-04:00,5.787082195281982
1993-07-06 00:00:00-04:00,5.787084483632854
1993-07-07 00:00:00-04:00,5.815592288970947
1993-07-08 00:00:00-04:00,5.8440985679626465
1993-07-09 00:00:00-04:00,5.872604846954346
1993-07-12 00:00:00-04:00,5.901115704985226
1993-07-13 00:00:00-04:00,5.872604846954346
1993-07-14 00:00:00-04:00,5.929619711551941
1993-07-15 00:00:00-04:00,5.92962322142965
1993-07-16 00:00:00-04:00,5.872603796014738
1993-07-19 00:00:00-04:00,5.701559153034459
1993-07-20 00:00:00-04:00,5.701559153034459
1993-07-21 00:00:00-04:00,5.6445432007312775
1993-07-22 00:00:00-04:00,5.530512024958929
1993-07-23 00:00:00-04:00,5.587528527385056
1993-07-26 00:00:00-04:00,5.929625180688235
1993-07-27 00:00:00-04:00,5.758578300476074
1993-07-28 00:00:00-04:00,5.730066607151126
1993-07-29 00:00:00-04:00,5.815589265915954
1993-07-30 00:00:00-04:00,5.901114316744224
1993-08-02 00:00:00-04:00,6.043654162384743
1993-08-03 00:00:00-04:00,6.186191082000732
1993-08-04 00:00:00-04:00,6.1576840648912405
1993-08-05 00:00:00-04:00,6.271714461014567
1993-08-06 00:00:00-04:00,6.214699658084678
1993-08-09 00:00:00-04:00,6.186194796080983
1993-08-10 00:00:00-04:00,6.271717071533203
1993-08-11 00:00:00-04:00,6.214698875005344
1993-08-12 00:00:00-04:00,6.214700249813062
1993-08-13 00:00:00-04:00,6.385746479034424
1993-08-16 00:00:00-04:00,6.442760548061795
1993-08-17 00:00:00-04:00,6.385744967990451
1993-08-18 00:00:00-04:00,6.414250567490357
1993-08-19 00:00:00-04:00,6.528283517257027
1993-08-20 00:00:00-04:00,6.556794931148661
1993-08-23 00:00:00-04:00,6.6138051513932705
1993-08-24 00:00:00-04:00,6.613808761208744
1993-08-25 00:00:00-04:00,6.727839946746826
1993-08-26 00:00:00-04:00,6.684420108795166
1993-08-27 00:00:00-04:00,6.712986006696
1993-08-30 00:00:00-04:00,6.655852778414462
1993-08-31 00:00:00-04:00,6.712985069587313
1993-09-01 00:00:00-04:00,6.627284524760721
1993-09-02 00:00:00-04:00,6.541590720021253
1993-09-03 00:00:00-04:00,6.45589302499914
1993-09-07 00:00:00-04:00,6.4273247718811035
1993-09-08 00:00:00-04:00,6.398759411227319
1993-09-09 00:00:00-04:00,6.198800102428154
1993-09-10 00:00:00-04:00,6.227365925301254
1993-09-13 00:00:00-04:00,6.341630420514515
1993-09-14 00:00:00-04:00,6.370196323309626
1993-09-15 00:00:00-04:00,6.455894031694957
1993-09-16 00:00:00-04:00,6.398762226104736
1993-09-17 00:00:00-04:00,6.341628584143233
1993-09-20 00:00:00-04:00,6.2559309005737305
1993-09-21 00:00:00-04:00,6.170233283244388
1993-09-22 00:00:00-04:00,6.08453701144067
1993-09-23 00:00:00-04:00,6.084534618711691
1993-09-24 00:00:00-04:00,6.170232289397772
1993-09-27 00:00:00-04:00,6.227363586425781
1993-09-28 00:00:00-04:00,6.227363613416564
1993-09-29 00:00:00-04:00,6.084535598754883
1993-09-30 00:00:00-04:00,6.055969247320817
1993-10-01 00:00:00-04:00,6.084536506070031
1993-10-04 00:00:00-04:00,6.198800102428154
1993-10-05 00:00:00-04:00,6.170232289397772
1993-10-06 00:00:00-04:00,6.227363586425781
1993-10-07 00:00:00-04:00,6.255931824041168
1993-10-08 00:00:00-04:00,6.341630420514515
1993-10-11 00:00:00-04:00,6.398760821368243
1993-10-12 00:00:00-04:00,6.34162952026091
1993-10-13 00:00:00-04:00,6.313063621520996
1993-10-14 00:00:00-04:00,6.313063131796347
1993-10-15 00:00:00-04:00,6.313061720674688
1993-10-18 00:00:00-04:00,6.255932420213646
1993-10-19 00:00:00-04:00,6.170231837146687
1993-10-20 00:00:00-04:00,6.084535139996858
1993-10-21 00:00:00-04:00,6.055969247320817
1993-10-22 00:00:00-04:00,6.055969247320817
1993-10-25 00:00:00-04:00,5.9988374619687335
1993-10-26 00:00:00-04:00,6.027402396471995
1993-10-27 00:00:00-04:00,6.027403354644775
1993-10-28 00:00:00-04:00,6.055968775068011
1993-10-29 00:00:00-04:00,5.998837970770323
1993-11-01 00:00:00-05:00,5.884576867953897
1993-11-02 00:00:00-05:00,5.798875830173492
1993-11-03 00:00:00-05:00,5.598915160329718
1993-11-04 00:00:00-05:00,5.484651585629112
1993-11-05 00:00:00-05:00,5.313252970576286
1993-11-08 00:00:00-05:00,5.484649658203125
1993-11-09 00:00:00-05:00,5.5989136671656885
1993-11-10 00:00:00-05:00,5.627479076385498
1993-11-11 00:00:00-05:00,5.598916098243832
1993-11-12 00:00:00-05:00,5.456082351505756
1993-11-15 00:00:00-05:00,5.48464822769165
1993-11-16 00:00:00-05:00,5.484651096204189
1993-11-17 00:00:00-05:00,5.427519313952062
1993-11-18 00:00:00-05:00,5.456085205078125
1993-11-19 00:00:00-05:00,5.427517381946692
1993-11-22 00:00:00-05:00,5.141860951376225
1993-11-23 00:00:00-05:00,5.227557643767326
1993-11-24 00:00:00-05:00,5.3556413650512695
1993-11-26 00:00:00-05:00,5.441560745239258
1993-11-29 00:00:00-05:00,5.4988408242502524
1993-11-30 00:00:00-05:00,5.3270039687285555
1993-12-01 00:00:00-05:00,5.3556413650512695
1993-12-02 00:00:00-05:00,5.441560745239258
1993-12-03 00:00:00-05:00,5.441560745239258
1993-12-06 00:00:00-05:00,5.49884033203125
1993-12-07 00:00:00-05:00,5.498842691637806
1993-12-08 00:00:00-05:00,5.5274810645045065
1993-12-09 00:00:00-05:00,5.556120862766188
1993-12-10 00:00:00-05:00,5.642043113708496
1993-12-13 00:00:00-05:00,5.699319854074595
1993-12-14 00:00:00-05:00,5.613400907516479
1993-12-15 00:00:00-05:00,5.785241587408658
1993-12-16 00:00:00-05:00,5.813880455375898
1993-12-17 00:00:00-05:00,5.87116003036499
1993-12-20 00:00:00-05:00,5.871156706259801
1993-12-21 00:00:00-05:00,5.8997984419063645
1993-12-22 00:00:00-05:00,5.6420402575512325
1993-12-23 00:00:00-05:00,5.613404545129514
1993-12-27 00:00:00-05:00,5.87116003036499
1993-12-28 00:00:00-05:00,5.871158118409235
1993-12-29 00:00:00-05:00,5.9284396287306995
1993-12-30 00:00:00-05:00,5.842520260574794
1993-12-31 00:00:00-05:00,5.813879511356354
1994-01-03 00:00:00-05:00,5.727962992299142
1994-01-04 00:00:00-05:00,5.699320323539503
1994-01-05 00:00:00-05:00,5.613403300948554
1994-01-06 00:00:00-05:00,5.556122303009033
1994-01-07 00:00:00-05:00,5.498842691637806
1994-01-10 00:00:00-05:00,5.556122303009033
1994-01-11 00:00:00-05:00,5.584763488188613
1994-01-12 00:00:00-05:00,5.584762648532265
1994-01-13 00:00:00-05:00,5.441563142039788
1994-01-14 00:00:00-05:00,5.441563142039788
1994-01-17 00:00:00-05:00,5.384284034769803
1994-01-18 00:00:00-05:00,5.298364162445068
1994-01-19 00:00:00-05:00,5.269723415374756
1994-01-20 00:00:00-05:00,5.2697229490175355
1994-01-21 00:00:00-05:00,5.212443813033726
1994-01-24 00:00:00-05:00,5.327004874006231
1994-01-25 00:00:00-05:00,5.384284496307373
1994-01-26 00:00:00-05:00,5.412923336029053
1994-01-27 00:00:00-05:00,5.355644180900172
1994-01-28 00:00:00-05:00,5.4415616840896215
1994-01-31 00:00:00-05:00,5.498841280764249
1994-02-01 00:00:00-05:00,5.7279619677313445
1994-02-02 00:00:00-05:00,5.813879526022709
1994-02-03 00:00:00-05:00,5.613402381310096
1994-02-04 00:00:00-05:00,5.527483031624242
1994-02-07 00:00:00-05:00,5.441563652160971
1994-02-08 00:00:00-05:00,5.35564234492543
1994-02-09 00:00:00-05:00,5.241083614204241
1994-02-10 00:00:00-05:00,5.298364162445068
1994-02-11 00:00:00-05:00,5.298364162445068
1994-02-14 00:00:00-05:00,5.327004417378635
1994-02-15 00:00:00-05:00,5.3270039687285555
1994-02-16 00:00:00-05:00,5.355644226074219
1994-02-17 00:00:00-05:00,5.384284496307373
1994-02-18 00:00:00-05:00,5.412923274580965
1994-02-22 00:00:00-05:00,5.556123675428671
1994-02-23 00:00:00-05:00,5.629862100035702
1994-02-24 00:00:00-05:00,5.6873107706834825
1994-02-25 00:00:00-05:00,5.629862596591313
1994-02-28 00:00:00-05:00,5.514966555290822
1994-03-01 00:00:00-05:00,5.486243652800718
1994-03-02 00:00:00-05:00,5.486243652800718
1994-03-03 00:00:00-05:00,5.514967441558838
1994-03-04 00:00:00-05:00,5.543690612635662
1994-03-07 00:00:00-05:00,5.486243041520266
1994-03-08 00:00:00-05:00,5.572414398193359
1994-03-09 00:00:00-05:00,5.543691016466189
1994-03-10 00:00:00-05:00,5.658586167066525
1994-03-11 00:00:00-05:00,5.601138591766357
1994-03-14 00:00:00-05:00,5.601138591766357
1994-03-15 00:00:00-05:00,5.6298623794164415
1994-03-16 00:00:00-05:00,5.60113731622696
1994-03-17 00:00:00-05:00,5.74475622177124
1994-03-18 00:00:00-05:00,5.687308659553528
1994-03-21 00:00:00-05:00,5.658586333098921
1994-03-22 00:00:00-05:00,5.8596521105085095
1994-03-23 00:00:00-05:00,5.888376641042024
1994-03-24 00:00:00-05:00,5.917102500504138
1994-03-25 00:00:00-05:00,5.917100429534912
1994-03-28 00:00:00-05:00,5.859654903411865
1994-03-29 00:00:00-05:00,5.802204049363429
1994-03-30 00:00:00-05:00,5.687309540424151
1994-03-31 00:00:00-05:00,5.572415019075075
1994-04-04 00:00:00-04:00,5.514967441558838
1994-04-05 00:00:00-04:00,5.572414804116273
1994-04-06 00:00:00-04:00,5.629861097335816
1994-04-07 00:00:00-04:00,5.802207306319592
1994-04-08 00:00:00-04:00,5.8022038769303705
1994-04-11 00:00:00-04:00,6.434127180543664
1994-04-12 00:00:00-04:00,6.347955834375669
1994-04-13 00:00:00-04:00,6.233060423974638
1994-04-14 00:00:00-04:00,6.204336924095676
1994-04-15 00:00:00-04:00,6.290508883340018
1994-04-18 00:00:00-04:00,6.233059347222704
1994-04-19 00:00:00-04:00,6.261785098484584
1994-04-20 00:00:00-04:00,6.261784204730281
1994-04-21 00:00:00-04:00,6.290507985485925
1994-04-22 00:00:00-04:00,6.204338125280431
1994-04-25 00:00:00-04:00,6.204337528773716
1994-04-26 00:00:00-04:00,6.175613743918283
1994-04-28 00:00:00-04:00,6.29050867991014
1994-04-29 00:00:00-04:00,6.2617848959836095
1994-05-02 00:00:00-04:00,6.319231731551034
1994-05-03 00:00:00-04:00,6.376682359168972
1994-05-04 00:00:00-04:00,6.29050867991014
1994-05-05 00:00:00-04:00,6.29050867991014
1994-05-06 00:00:00-04:00,6.319230674603663
1994-05-09 00:00:00-04:00,6.376678226190969
1994-05-10 00:00:00-04:00,6.23306345493994
1994-05-11 00:00:00-04:00,6.175611795635398
1994-05-12 00:00:00-04:00,6.233060706151675
1994-05-13 00:00:00-04:00,6.290508270263672
1994-05-16 00:00:00-04:00,6.290508270263672
1994-05-17 00:00:00-04:00,6.319230674603663
1994-05-18 00:00:00-04:00,6.29050867991014
1994-05-19 00:00:00-04:00,6.31923205231967
1994-05-20 00:00:00-04:00,6.29050689881001
1994-05-23 00:00:00-04:00,6.290508270263672
1994-05-24 00:00:00-04:00,6.290507985485925
1994-05-25 00:00:00-04:00,6.192124750879076
1994-05-26 00:00:00-04:00,6.27852716402376
1994-05-27 00:00:00-04:00,6.2785263984434065
1994-05-31 00:00:00-04:00,6.278526491589017
1994-06-01 00:00:00-04:00,6.278526782989502
1994-06-02 00:00:00-04:00,6.537731936925363
1994-06-03 00:00:00-04:00,6.595333099365234
1994-06-06 00:00:00-04:00,6.595333099365234
1994-06-07 00:00:00-04:00,6.595332235620733
1994-06-08 00:00:00-04:00,6.566531658172607
1994-06-09 00:00:00-04:00,6.48013363991465
1994-06-10 00:00:00-04:00,6.451329616970487
1994-06-13 00:00:00-04:00,6.48013363991465
1994-06-14 00:00:00-04:00,6.422532452004297
1994-06-15 00:00:00-04:00,6.451331715947309
1994-06-16 00:00:00-04:00,6.451333045959473
1994-06-17 00:00:00-04:00,6.451331051913175
1994-06-20 00:00:00-04:00,6.364928913987391
1994-06-21 00:00:00-04:00,6.307327364562848
1994-06-22 00:00:00-04:00,6.278526782989502
1994-06-23 00:00:00-04:00,6.278526491589017
1994-06-24 00:00:00-04:00,6.163327693939209
1994-06-27 00:00:00-04:00,6.105726134609169
1994-06-28 00:00:00-04:00,6.1633240636789575
1994-06-29 00:00:00-04:00,6.13452348394214
1994-06-30 00:00:00-04:00,6.105723293549423
1994-07-01 00:00:00-04:00,6.220925331115723
1994-07-05 00:00:00-04:00,6.192124750879076
1994-07-06 00:00:00-04:00,6.220925223152593
1994-07-07 00:00:00-04:00,6.105726829637283
1994-07-08 00:00:00-04:00,6.076923467999412
1994-07-11 00:00:00-04:00,6.048122882843018
1994-07-12 00:00:00-04:00,5.990522588340982
1994-07-13 00:00:00-04:00,5.961720005521235
1994-07-14 00:00:00-04:00,6.048124734745469
1994-07-15 00:00:00-04:00,6.192127704620361
1994-07-18 00:00:00-04:00,6.13452672958374
1994-07-19 00:00:00-04:00,6.13452672958374
1994-07-20 00:00:00-04:00,6.163327693939209
1994-07-21 00:00:00-04:00,6.163325223468599
1994-07-22 00:00:00-04:00,6.048122022710919
1994-07-25 00:00:00-04:00,6.048122022710919
1994-07-26 00:00:00-04:00,6.01932116499487
1994-07-27 00:00:00-04:00,6.076922324468505
1994-07-28 00:00:00-04:00,6.076925539634598
1994-07-29 00:00:00-04:00,6.105726134609169
1994-08-01 00:00:00-04:00,6.192128290639859
1994-08-02 00:00:00-04:00,6.1633280261432954
1994-08-03 00:00:00-04:00,6.076922324468505
1994-08-04 00:00:00-04:00,6.105722904205322
1994-08-05 00:00:00-04:00,6.048122882843018
1994-08-08 00:00:00-04:00,6.105726500537908
1994-08-09 00:00:00-04:00,6.163327693939209
1994-08-10 00:00:00-04:00,6.192127704620361
1994-08-11 00:00:00-04:00,6.192128290639859
1994-08-12 00:00:00-04:00,6.192128624396301
1994-08-15 00:00:00-04:00,6.076922324468505
1994-08-16 00:00:00-04:00,6.105722904205322
1994-08-17 00:00:00-04:00,6.105724053155808
1994-08-18 00:00:00-04:00,6.048122598574712
1994-08-19 00:00:00-04:00,6.019325034878265
1994-08-22 00:00:00-04:00,6.048125633131272
1994-08-23 00:00:00-04:00,6.076925328720447
1994-08-24 00:00:00-04:00,6.163324170642429
1994-08-25 00:00:00-04:00,6.278526382626228
1994-08-26 00:00:00-04:00,6.093481063842773
1994-08-29 00:00:00-04:00,6.035722949493553
1994-08-30 00:00:00-04:00,6.035724566016398
1994-08-31 00:00:00-04:00,6.180117718009062
1994-09-01 00:00:00-04:00,6.151240825653076
1994-09-02 00:00:00-04:00,6.208997140420932
1994-09-06 00:00:00-04:00,6.15123866325201
1994-09-07 00:00:00-04:00,6.237872725807576
1994-09-08 00:00:00-04:00,6.266750941582775
1994-09-09 00:00:00-04:00,6.26675525335508
1994-09-12 00:00:00-04:00,6.151239027486784
1994-09-13 00:00:00-04:00,6.2089972925412145
1994-09-14 00:00:00-04:00,6.064600944519043
1994-09-15 00:00:00-04:00,6.064600944519043
1994-09-16 00:00:00-04:00,6.093481063842773
1994-09-19 00:00:00-04:00,6.064600944519043
1994-09-20 00:00:00-04:00,6.064600944519043
1994-09-21 00:00:00-04:00,6.064601858085561
1994-09-22 00:00:00-04:00,6.151238100869316
1994-09-23 00:00:00-04:00,6.064600851477646
1994-09-26 00:00:00-04:00,5.862449645996094
1994-09-27 00:00:00-04:00,5.833568344116211
1994-09-28 00:00:00-04:00,5.775809047198055
1994-09-29 00:00:00-04:00,5.660293102264404
1994-09-30 00:00:00-04:00,5.660296337421124
1994-10-03 00:00:00-04:00,5.573656806146912
1994-10-04 00:00:00-04:00,5.54477619371916
1994-10-05 00:00:00-04:00,5.487019072522174
1994-10-06 00:00:00-04:00,5.3137460072835285
1994-10-07 00:00:00-04:00,5.198226189345457
1994-10-10 00:00:00-04:00,5.16934871673584
1994-10-11 00:00:00-04:00,5.198228951975786
1994-10-12 00:00:00-04:00,5.255985859313298
1994-10-13 00:00:00-04:00,5.255985859313298
1994-10-14 00:00:00-04:00,5.25598669052124
1994-10-17 00:00:00-04:00,5.255985859313298
1994-10-18 00:00:00-04:00,5.284864902496338
1994-10-19 00:00:00-04:00,5.255987038483491
1994-10-20 00:00:00-04:00,5.313743945679378
1994-10-21 00:00:00-04:00,5.284864902496338
1994-10-24 00:00:00-04:00,5.284866101175382
1994-10-25 00:00:00-04:00,5.198227995533054
1994-10-26 00:00:00-04:00,5.0827131271362305
1994-10-27 00:00:00-04:00,5.082712779844427
1994-10-28 00:00:00-04:00,4.996075630187988
1994-10-31 00:00:00-05:00,4.967196580302509
1994-11-01 00:00:00-05:00,4.996075630187988
1994-11-02 00:00:00-05:00,4.967198371887207
1994-11-03 00:00:00-05:00,4.967197306672035
1994-11-04 00:00:00-05:00,4.967194653121677
1994-11-07 00:00:00-05:00,4.822802212180161
1994-11-08 00:00:00-05:00,4.793923804339241
1994-11-09 00:00:00-05:00,4.851679571743669
1994-11-10 00:00:00-05:00,4.996075630187988
1994-11-11 00:00:00-05:00,4.967198371887207
1994-11-14 00:00:00-05:00,4.938319099650664
1994-11-15 00:00:00-05:00,4.9094402512838675
1994-11-16 00:00:00-05:00,4.996074684595658
1994-11-17 00:00:00-05:00,5.111591581617082
1994-11-18 00:00:00-05:00,5.0249564924905465
1994-11-21 00:00:00-05:00,4.938319099650664
1994-11-22 00:00:00-05:00,4.851681379838423
1994-11-23 00:00:00-05:00,4.736165156508937
1994-11-25 00:00:00-05:00,4.694796562194824
1994-11-28 00:00:00-05:00,4.694794776222922
1994-11-29 00:00:00-05:00,4.781737239272506
1994-11-30 00:00:00-05:00,4.694795054197312
1994-12-01 00:00:00-05:00,4.636834621429443
1994-12-02 00:00:00-05:00,4.607854843139648
1994-12-05 00:00:00-05:00,4.578875480554043
1994-12-06 00:00:00-05:00,4.4339728355407715
1994-12-07 00:00:00-05:00,4.520914003446505
1994-12-08 00:00:00-05:00,4.607855885117142
1994-12-09 00:00:00-05:00,4.694796562194824
1994-12-12 00:00:00-05:00,4.752756595611572
1994-12-13 00:00:00-05:00,4.810715675354004
1994-12-14 00:00:00-05:00,4.868674063269114
1994-12-15 00:00:00-05:00,5.013577262560526
1994-12-16 00:00:00-05:00,5.216439356569384
1994-12-19 00:00:00-05:00,5.274399757385254
1994-12-20 00:00:00-05:00,5.274396682053469
1994-12-21 00:00:00-05:00,5.1584760908446565
1994-12-22 00:00:00-05:00,4.984599539812873
1994-12-23 00:00:00-05:00,4.95561930993024
1994-12-27 00:00:00-05:00,4.83969751346943
1994-12-28 00:00:00-05:00,4.984597357836637
1994-12-29 00:00:00-05:00,5.1005198851875635
1994-12-30 00:00:00-05:00,5.390322758169735
1995-01-03 00:00:00-05:00,5.100517908732096
1995-01-04 00:00:00-05:00,5.216438499656883
1995-01-05 00:00:00-05:00,5.361339221609399
1995-01-06 00:00:00-05:00,5.419300887102637
1995-01-09 00:00:00-05:00,5.332361698150635
1995-01-10 00:00:00-05:00,5.332360231159814
1995-01-11 00:00:00-05:00,5.245419575216991
1995-01-12 00:00:00-05:00,5.245420932769775
1995-01-13 00:00:00-05:00,5.216438565935407
1995-01-16 00:00:00-05:00,5.12949982182733
1995-01-17 00:00:00-05:00,4.926634468784222
1995-01-18 00:00:00-05:00,5.042557280404227
1995-01-19 00:00:00-05:00,5.1294956743047475
1995-01-20 00:00:00-05:00,5.187456077404236
1995-01-23 00:00:00-05:00,5.1294956743047475
1995-01-24 00:00:00-05:00,5.129497613320804
1995-01-25 00:00:00-05:00,5.187458878213709
1995-01-26 00:00:00-05:00,5.100514945337328
1995-01-27 00:00:00-05:00,5.129495143890381
1995-01-30 00:00:00-05:00,5.1294984438202595
1995-01-31 00:00:00-05:00,5.071539371863179
1995-02-01 00:00:00-05:00,5.013578921899028
1995-02-02 00:00:00-05:00,5.013575077056885
1995-02-03 00:00:00-05:00,4.984594874299331
1995-02-06 00:00:00-05:00,5.01357886125875
1995-02-07 00:00:00-05:00,4.955618411995643
1995-02-08 00:00:00-05:00,4.955614671541777
1995-02-09 00:00:00-05:00,5.013577066149031
1995-02-10 00:00:00-05:00,5.071538228255052
1995-02-13 00:00:00-05:00,5.245419217694191
1995-02-14 00:00:00-05:00,5.390319433618099
1995-02-15 00:00:00-05:00,5.448282272096664
1995-02-16 00:00:00-05:00,5.506240281652897
1995-02-17 00:00:00-05:00,5.506240281652897
1995-02-21 00:00:00-05:00,5.448279857635498
1995-02-22 00:00:00-05:00,5.433789751631148
1995-02-23 00:00:00-05:00,5.469226153776607
1995-02-24 00:00:00-05:00,5.469228744506836
1995-02-27 00:00:00-05:00,5.498320386764851
1995-02-28 00:00:00-05:00,5.469225764274597
1995-03-01 00:00:00-05:00,5.527409410731678
1995-03-02 00:00:00-05:00,5.411045644594275
1995-03-03 00:00:00-05:00,5.381951672690255
1995-03-06 00:00:00-05:00,5.2364935874938965
1995-03-07 00:00:00-05:00,5.178307791887703
1995-03-08 00:00:00-05:00,5.149220940678619
1995-03-09 00:00:00-05:00,4.974667445591518
1995-03-10 00:00:00-05:00,5.120124302553327
1995-03-13 00:00:00-05:00,5.2074014974787906
1995-03-14 00:00:00-05:00,5.440135604456851
1995-03-15 00:00:00-05:00,5.556503671280882
1995-03-16 00:00:00-05:00,5.469228744506836
1995-03-17 00:00:00-05:00,5.469228744506836
1995-03-20 00:00:00-05:00,5.440135755846577
1995-03-21 00:00:00-05:00,5.440135755846577
1995-03-22 00:00:00-05:00,5.38195236133096
1995-03-23 00:00:00-05:00,5.3237680744480445
1995-03-24 00:00:00-05:00,5.411045644594275
1995-03-27 00:00:00-05:00,5.381954001343769
1995-03-28 00:00:00-05:00,5.352860850672568
1995-03-29 00:00:00-05:00,5.38195236133096
1995-03-30 00:00:00-05:00,5.294676780700684
1995-03-31 00:00:00-05:00,5.294674259121135
1995-04-03 00:00:00-04:00,5.1783103254106315
1995-04-04 00:00:00-04:00,5.265587428341742
1995-04-05 00:00:00-04:00,5.352862358093262
1995-04-06 00:00:00-04:00,5.381952184971754
1995-04-07 00:00:00-04:00,5.381951332092285
1995-04-10 00:00:00-04:00,5.3819524857305705
1995-04-11 00:00:00-04:00,5.381951332092285
1995-04-12 00:00:00-04:00,5.352862358093262
1995-04-13 00:00:00-04:00,5.352862358093262
1995-04-17 00:00:00-04:00,5.38195236133096
1995-04-18 00:00:00-04:00,5.381954001343769
1995-04-19 00:00:00-04:00,5.323768480618795
1995-04-20 00:00:00-04:00,5.1783099824732
1995-04-21 00:00:00-04:00,5.1201282369679415
1995-04-24 00:00:00-04:00,5.0619453296326755
1995-04-25 00:00:00-04:00,5.032853323837807
1995-04-26 00:00:00-04:00,5.0619460094806765
1995-04-27 00:00:00-04:00,5.003759711451784
1995-04-28 00:00:00-04:00,4.916486419330944
1995-05-01 00:00:00-04:00,4.829206695099791
1995-05-02 00:00:00-04:00,4.829206695099791
1995-05-03 00:00:00-04:00,5.120129296945971
1995-05-04 00:00:00-04:00,5.003756334681711
1995-05-05 00:00:00-04:00,4.800120075064969
1995-05-08 00:00:00-04:00,4.8292099540755595
1995-05-09 00:00:00-04:00,4.9164853204380385
1995-05-10 00:00:00-04:00,5.149218353358182
1995-05-11 00:00:00-04:00,5.120124558270987
1995-05-12 00:00:00-04:00,5.120126724243164
1995-05-15 00:00:00-04:00,5.178312498590221
1995-05-16 00:00:00-04:00,5.352860726945387
1995-05-17 00:00:00-04:00,5.352862358093262
1995-05-18 00:00:00-04:00,5.35286128850273
1995-05-19 00:00:00-04:00,5.207403101315156
1995-05-22 00:00:00-04:00,5.236494189403096
1995-05-23 00:00:00-04:00,5.323765834616549
1995-05-24 00:00:00-04:00,5.265584869818254
1995-05-25 00:00:00-04:00,5.1411572265625
1995-05-26 00:00:00-04:00,5.111948516633776
1995-05-30 00:00:00-04:00,5.316425240104967
1995-05-31 00:00:00-04:00,5.2872177828913145
1995-06-01 00:00:00-04:00,5.374847233295441
1995-06-02 00:00:00-04:00,5.550113990902901
1995-06-05 00:00:00-04:00,5.637749195098877
1995-06-06 00:00:00-04:00,5.637749195098877
1995-06-07 00:00:00-04:00,5.637747598305727
1995-06-08 00:00:00-04:00,5.666958725758088
1995-06-09 00:00:00-04:00,5.666958725758088
1995-06-12 00:00:00-04:00,5.696169853210449
1995-06-13 00:00:00-04:00,5.725381546413775
1995-06-14 00:00:00-04:00,5.666958725758088
1995-06-15 00:00:00-04:00,5.725379943847656
1995-06-16 00:00:00-04:00,5.725381546413775
1995-06-19 00:00:00-04:00,5.666959285736084
1995-06-20 00:00:00-04:00,5.666959285736084
1995-06-21 00:00:00-04:00,5.666958725758088
1995-06-22 00:00:00-04:00,5.666958725758088
1995-06-23 00:00:00-04:00,5.666958725758088
1995-06-26 00:00:00-04:00,5.666959547871694
1995-06-27 00:00:00-04:00,5.579324561644365
1995-06-28 00:00:00-04:00,5.447874506527089
1995-06-29 00:00:00-04:00,5.462484670721966
1995-06-30 00:00:00-04:00,5.345640078834865
1995-07-03 00:00:00-04:00,5.404062374778415
1995-07-05 00:00:00-04:00,5.374846698128603
1995-07-06 00:00:00-04:00,5.4624816260412725
1995-07-07 00:00:00-04:00,5.579326152801514
1995-07-10 00:00:00-04:00,5.593931014233447
1995-07-11 00:00:00-04:00,5.520902864634991
1995-07-12 00:00:00-04:00,5.579328738823139
1995-07-13 00:00:00-04:00,5.520902864634991
1995-07-14 00:00:00-04:00,5.637749195098877
1995-07-17 00:00:00-04:00,5.608538059372976
1995-07-18 00:00:00-04:00,5.637746808363154
1995-07-19 00:00:00-04:00,5.287213328050419
1995-07-20 00:00:00-04:00,5.491691863182748
1995-07-21 00:00:00-04:00,5.842229431750727
1995-07-24 00:00:00-04:00,5.900649930456002
1995-07-25 00:00:00-04:00,5.900651556935477
1995-07-26 00:00:00-04:00,5.871438792186418
1995-07-27 00:00:00-04:00,5.959072400065302
1995-07-28 00:00:00-04:00,5.988284995899865
1995-07-31 00:00:00-04:00,5.929859938272616
1995-08-01 00:00:00-04:00,5.988281021023741
1995-08-02 00:00:00-04:00,5.95907220699517
1995-08-03 00:00:00-04:00,5.929861068725586
1995-08-04 00:00:00-04:00,5.959071070973466
1995-08-07 00:00:00-04:00,5.988283539281308
1995-08-08 00:00:00-04:00,6.0174946784973145
1995-08-09 00:00:00-04:00,6.046704469076017
1995-08-10 00:00:00-04:00,6.017493336375167
1995-08-11 00:00:00-04:00,5.988283345264755
1995-08-14 00:00:00-04:00,5.929859938272616
1995-08-15 00:00:00-04:00,6.017494584051308
1995-08-16 00:00:00-04:00,6.0174946784973145
1995-08-17 00:00:00-04:00,6.046703256093539
1995-08-18 00:00:00-04:00,6.075917429268643
1995-08-21 00:00:00-04:00,6.163552917052652
1995-08-22 00:00:00-04:00,6.221972465515137
1995-08-23 00:00:00-04:00,6.309602737426758
1995-08-24 00:00:00-04:00,6.338813861211141
1995-08-25 00:00:00-04:00,6.338816459864786
1995-08-28 00:00:00-04:00,6.338813861211141
1995-08-29 00:00:00-04:00,6.280391613642374
1995-08-30 00:00:00-04:00,6.330703227891834
1995-08-31 00:00:00-04:00,6.389326671146611
1995-09-01 00:00:00-04:00,6.623795646804947
1995-09-05 00:00:00-04:00,6.53586828980816
1995-09-06 00:00:00-04:00,6.4186366106897195
1995-09-07 00:00:00-04:00,6.535869155918156
1995-09-08 00:00:00-04:00,6.4479416608810425
1995-09-11 00:00:00-04:00,6.565178647248642
1995-09-12 00:00:00-04:00,6.741027431150453
1995-09-13 00:00:00-04:00,6.653100929926576
1995-09-14 00:00:00-04:00,6.741030627283556
1995-09-15 00:00:00-04:00,6.828957146896428
1995-09-18 00:00:00-04:00,6.741028425428603
1995-09-19 00:00:00-04:00,6.47724773233587
1995-09-20 00:00:00-04:00,6.47724773233587
1995-09-21 00:00:00-04:00,6.447941810573073
1995-09-22 00:00:00-04:00,6.447940233018663
1995-09-25 00:00:00-04:00,6.594484329223633
1995-09-26 00:00:00-04:00,6.565176963806152
1995-09-27 00:00:00-04:00,6.535871982574463
1995-09-28 00:00:00-04:00,6.506560325622559
1995-09-29 00:00:00-04:00,6.506556545604359
1995-10-02 00:00:00-04:00,6.477247284093035
1995-10-03 00:00:00-04:00,6.447941810573073
1995-10-04 00:00:00-04:00,6.418629661612554
1995-10-05 00:00:00-04:00,6.418630105798894
1995-10-06 00:00:00-04:00,6.447938472852794
1995-10-09 00:00:00-04:00,6.360014085499746
1995-10-10 00:00:00-04:00,6.2134724758458475
1995-10-11 00:00:00-04:00,6.125544993082682
1995-10-12 00:00:00-04:00,6.154853884990398
1995-10-13 00:00:00-04:00,6.125545978546143
1995-10-16 00:00:00-04:00,6.154853820800781
1995-10-17 00:00:00-04:00,6.1841634284618285
1995-10-18 00:00:00-04:00,6.301398754119873
1995-10-19 00:00:00-04:00,6.27208750149072
1995-10-20 00:00:00-04:00,6.360016416948895
1995-10-23 00:00:00-04:00,6.330704689025879
1995-10-24 00:00:00-04:00,6.360013961791992
1995-10-25 00:00:00-04:00,6.360021288149825
1995-10-26 00:00:00-04:00,6.213469982147217
1995-10-27 00:00:00-04:00,6.213469982147217
1995-10-30 00:00:00-05:00,6.213469982147217
1995-10-31 00:00:00-05:00,6.242782115936279
1995-11-01 00:00:00-05:00,6.30139587102113
1995-11-02 00:00:00-05:00,6.301396321591144
1995-11-03 00:00:00-05:00,6.418629661612554
1995-11-06 00:00:00-05:00,6.418629661612554
1995-11-07 00:00:00-05:00,6.389326449433064
1995-11-08 00:00:00-05:00,6.506556545604359
1995-11-09 00:00:00-05:00,6.47724773233587
1995-11-10 00:00:00-05:00,6.4479426650313645
1995-11-13 00:00:00-05:00,6.477252960205078
1995-11-14 00:00:00-05:00,6.4479404220932635
1995-11-15 00:00:00-05:00,6.389322325035378
1995-11-16 00:00:00-05:00,6.389321292530407
1995-11-17 00:00:00-05:00,6.4186366106897195
1995-11-20 00:00:00-05:00,6.565174541642181
1995-11-21 00:00:00-05:00,6.6824107869466145
1995-11-22 00:00:00-05:00,6.59448578953743
1995-11-24 00:00:00-05:00,6.565176963806152
1995-11-27 00:00:00-05:00,6.535869155918156
1995-11-28 00:00:00-05:00,6.5358657267241345
1995-11-29 00:00:00-05:00,6.644964441076501
1995-11-30 00:00:00-05:00,6.762574191751151
1995-12-01 00:00:00-05:00,6.791976688237026
1995-12-04 00:00:00-05:00,6.791976916536372
1995-12-05 00:00:00-05:00,6.821378470490418
1995-12-06 00:00:00-05:00,6.880185713250953
1995-12-07 00:00:00-05:00,7.321223607584208
1995-12-08 00:00:00-05:00,7.027198563102915
1995-12-11 00:00:00-05:00,6.9683935542066555
1995-12-12 00:00:00-05:00,6.968392137753762
1995-12-13 00:00:00-05:00,6.997798364024517
1995-12-14 00:00:00-05:00,7.0860040307044985
1995-12-15 00:00:00-05:00,7.115405070977133
1995-12-18 00:00:00-05:00,7.144808835621121
1995-12-19 00:00:00-05:00,6.909587140810692
1995-12-20 00:00:00-05:00,6.968393290191271
1995-12-21 00:00:00-05:00,7.056601524353027
1995-12-22 00:00:00-05:00,7.0860040307044985
1995-12-26 00:00:00-05:00,6.997796760942148
1995-12-27 00:00:00-05:00,6.968393290191271
1995-12-28 00:00:00-05:00,7.086003268494897
1995-12-29 00:00:00-05:00,7.203615808486939
1996-01-02 00:00:00-05:00,7.350623375710811
1996-01-03 00:00:00-05:00,7.556440830230713
1996-01-04 00:00:00-05:00,7.527042933872768
1996-01-05 00:00:00-05:00,7.350625049683356
1996-01-08 00:00:00-05:00,7.350627831586703
1996-01-09 00:00:00-05:00,7.409430550365913
1996-01-10 00:00:00-05:00,7.23301609423982
1996-01-11 00:00:00-05:00,7.0566005241580125
1996-01-12 00:00:00-05:00,7.174210813530253
1996-01-15 00:00:00-05:00,7.115405806861973
1996-01-16 00:00:00-05:00,7.115406330124738
1996-01-17 00:00:00-05:00,6.968392137753762
1996-01-18 00:00:00-05:00,6.968394253543232
1996-01-19 00:00:00-05:00,7.086003303527832
1996-01-22 00:00:00-05:00,7.115408420562744
1996-01-23 00:00:00-05:00,7.203613035077971
1996-01-24 00:00:00-05:00,7.350623372044017
1996-01-25 00:00:00-05:00,7.4976358432250265
1996-01-26 00:00:00-05:00,7.497635612120995
1996-01-29 00:00:00-05:00,7.615244883548171
1996-01-30 00:00:00-05:00,7.732859864489723
1996-01-31 00:00:00-05:00,7.762257817106427
1996-02-01 00:00:00-05:00,7.850471277882282
1996-02-02 00:00:00-05:00,7.850465292300819
1996-02-05 00:00:00-05:00,7.850465292300819
1996-02-06 00:00:00-05:00,7.821066111880165
1996-02-07 00:00:00-05:00,7.9092747744391945
1996-02-08 00:00:00-05:00,7.9974843379822875
1996-02-09 00:00:00-05:00,8.144494559548118
1996-02-12 00:00:00-05:00,8.08569188582768
1996-02-13 00:00:00-05:00,8.115092000653666
1996-02-14 00:00:00-05:00,8.203299522399902
1996-02-15 00:00:00-05:00,8.232702201520892
1996-02-16 00:00:00-05:00,8.291508893663385
1996-02-20 00:00:00-05:00,8.262100452999416
1996-02-21 00:00:00-05:00,8.173897350535674
1996-02-22 00:00:00-05:00,7.997481136960168
1996-02-23 00:00:00-05:00,7.850471277882282
1996-02-26 00:00:00-05:00,7.821065219426064
1996-02-27 00:00:00-05:00,7.703452353241779
1996-02-28 00:00:00-05:00,7.732861221284795
1996-02-29 00:00:00-05:00,7.81752412310118
1996-03-01 00:00:00-05:00,7.729025932107391
1996-03-04 00:00:00-05:00,7.670023667948327
1996-03-05 00:00:00-05:00,7.699528862129559
1996-03-06 00:00:00-05:00,7.788024032070609
1996-03-07 00:00:00-05:00,7.788025738642766
1996-03-08 00:00:00-05:00,7.670023803710937
1996-03-11 00:00:00-05:00,7.345528069320991
1996-03-12 00:00:00-05:00,7.227525990984217
1996-03-13 00:00:00-05:00,7.286527899853197
1996-03-14 00:00:00-05:00,7.345527962940495
1996-03-15 00:00:00-05:00,7.257027786898326
1996-03-18 00:00:00-05:00,7.404522405988047
1996-03-19 00:00:00-05:00,7.581524672195258
1996-03-20 00:00:00-05:00,7.640522245232385
1996-03-21 00:00:00-05:00,7.75852596090081
1996-03-22 00:00:00-05:00,7.876526174935266
1996-03-25 00:00:00-05:00,7.935524547277991
1996-03-26 00:00:00-05:00,7.847027397155761
1996-03-27 00:00:00-05:00,7.817521383685451
1996-03-28 00:00:00-05:00,7.28652261352539
1996-03-29 00:00:00-05:00,7.345524770314576
1996-04-01 00:00:00-05:00,7.227519769822398
1996-04-02 00:00:00-05:00,7.345524770314576
1996-04-03 00:00:00-05:00,7.227523865560109
1996-04-04 00:00:00-05:00,7.139023303985596
1996-04-08 00:00:00-04:00,7.08002618018617
1996-04-09 00:00:00-04:00,6.932525634765625
1996-04-10 00:00:00-04:00,6.9325239093680135
1996-04-11 00:00:00-04:00,6.844020370888499
1996-04-12 00:00:00-04:00,6.726022736709005
1996-04-15 00:00:00-04:00,6.93252343476586
1996-04-16 00:00:00-04:00,6.844023604142039
1996-04-17 00:00:00-04:00,6.72602197721407
1996-04-18 00:00:00-04:00,6.8145228344461195
1996-04-19 00:00:00-04:00,6.785022936153821
1996-04-22 00:00:00-04:00,6.932527652153602
1996-04-23 00:00:00-04:00,6.962025743849734
1996-04-24 00:00:00-04:00,6.932523181329625
1996-04-25 00:00:00-04:00,7.1095233571481895
1996-04-26 00:00:00-04:00,7.670026779174805
1996-04-29 00:00:00-04:00,7.817526158322109
1996-04-30 00:00:00-04:00,7.84702421413175
1996-05-01 00:00:00-04:00,7.788024032070609
1996-05-02 00:00:00-04:00,7.729023387923778
1996-05-03 00:00:00-04:00,7.61102303085624
1996-05-06 00:00:00-04:00,7.611023196052103
1996-05-07 00:00:00-04:00,7.522526071185157
1996-05-08 00:00:00-04:00,7.4340230712890625
1996-05-09 00:00:00-04:00,7.375026521412467
1996-05-10 00:00:00-04:00,7.316025355505564
1996-05-13 00:00:00-04:00,7.434022656609031
1996-05-14 00:00:00-04:00,7.522524861189035
1996-05-15 00:00:00-04:00,7.640526867652124
1996-05-16 00:00:00-04:00,7.6405258951451
1996-05-17 00:00:00-04:00,7.463525963947177
1996-05-20 00:00:00-04:00,7.5520245409387305
1996-05-21 00:00:00-04:00,7.493022836423388
1996-05-22 00:00:00-04:00,7.522524445075689
1996-05-23 00:00:00-04:00,7.522526169195771
1996-05-24 00:00:00-04:00,7.463525963947177
1996-05-28 00:00:00-04:00,7.522526169195771
1996-05-29 00:00:00-04:00,7.5484745018184185
1996-05-30 00:00:00-04:00,7.578076362609863
1996-05-31 00:00:00-04:00,7.578071863511029
1996-06-03 00:00:00-04:00,7.518869675195265
1996-06-04 00:00:00-04:00,7.51887321472168
1996-06-05 00:00:00-04:00,7.548470905318798
1996-06-06 00:00:00-04:00,7.607676341615874
1996-06-07 00:00:00-04:00,7.666880048554519
1996-06-10 00:00:00-04:00,7.726085472106933
1996-06-11 00:00:00-04:00,7.666880411695141
1996-06-12 00:00:00-04:00,7.6372785568237305
1996-06-13 00:00:00-04:00,7.72608378776034
1996-06-14 00:00:00-04:00,7.874090256112995
1996-06-17 00:00:00-04:00,7.755685608962486
1996-06-18 00:00:00-04:00,7.755685052037692
1996-06-19 00:00:00-04:00,7.7852891921997065
1996-06-20 00:00:00-04:00,7.696483612060547
1996-06-21 00:00:00-04:00,7.66688175201416
1996-06-24 00:00:00-04:00,7.726082527000486
1996-06-25 00:00:00-04:00,7.7556843757629395
1996-06-26 00:00:00-04:00,7.7556843757629395
1996-06-27 00:00:00-04:00,7.7852891921997065
1996-06-28 00:00:00-04:00,7.785289982172447
1996-07-01 00:00:00-04:00,7.6076751319506695
1996-07-02 00:00:00-04:00,7.785284726908713
1996-07-03 00:00:00-04:00,7.814889379972902
1996-07-05 00:00:00-04:00,7.962898616503952
1996-07-08 00:00:00-04:00,7.874093055725098
1996-07-09 00:00:00-04:00,7.844488413044901
1996-07-10 00:00:00-04:00,7.814891052246094
1996-07-11 00:00:00-04:00,7.666878292068897
1996-07-12 00:00:00-04:00,7.607678223401308
1996-07-15 00:00:00-04:00,7.607676274273025
1996-07-16 00:00:00-04:00,7.400466281859601
1996-07-17 00:00:00-04:00,7.252456447270911
1996-07-18 00:00:00-04:00,7.518869675195265
1996-07-19 00:00:00-04:00,7.578074421065737
1996-07-22 00:00:00-04:00,7.459670203072684
1996-07-23 00:00:00-04:00,7.252457249802327
1996-07-24 00:00:00-04:00,7.193249241780427
1996-07-25 00:00:00-04:00,7.0748418468539995
1996-07-26 00:00:00-04:00,6.986040170075464
1996-07-29 00:00:00-04:00,7.222849908939078
1996-07-30 00:00:00-04:00,7.193253410105802
1996-07-31 00:00:00-04:00,7.252451505661011
1996-08-01 00:00:00-04:00,7.370860701515561
1996-08-02 00:00:00-04:00,7.459667008236584
1996-08-05 00:00:00-04:00,7.459665365256224
1996-08-06 00:00:00-04:00,7.578076362609863
1996-08-07 00:00:00-04:00,7.578071863511029
1996-08-08 00:00:00-04:00,7.5484745018184185
1996-08-09 00:00:00-04:00,7.5484745018184185
1996-08-12 00:00:00-04:00,7.814888754725003
1996-08-13 00:00:00-04:00,7.814889072032456
1996-08-14 00:00:00-04:00,7.933297157287598
1996-08-15 00:00:00-04:00,7.99249596455518
1996-08-16 00:00:00-04:00,8.051704209669051
1996-08-19 00:00:00-04:00,8.022097801460939
1996-08-20 00:00:00-04:00,8.05170160929362
1996-08-21 00:00:00-04:00,8.022099765141805
1996-08-22 00:00:00-04:00,7.99249792098999
1996-08-23 00:00:00-04:00,8.02210340003542
1996-08-26 00:00:00-04:00,7.962899684906006
1996-08-27 00:00:00-04:00,7.992499403520063
1996-08-28 00:00:00-04:00,8.166642840817678
1996-08-29 00:00:00-04:00,8.255733605793544
1996-08-30 00:00:00-04:00,8.285431646867233
1996-09-03 00:00:00-04:00,8.107249188423156
1996-09-04 00:00:00-04:00,8.344821654574972
1996-09-05 00:00:00-04:00,8.404218023163931
1996-09-06 00:00:00-04:00,8.315130756418899
1996-09-09 00:00:00-04:00,8.374523162841797
1996-09-10 00:00:00-04:00,8.404217905277829
1996-09-11 00:00:00-04:00,8.3151273727417
1996-09-12 00:00:00-04:00,8.28543386086026
1996-09-13 00:00:00-04:00,8.344827559686477
1996-09-16 00:00:00-04:00,8.344824256215777
1996-09-17 00:00:00-04:00,8.31512617028278
1996-09-18 00:00:00-04:00,8.226034164428711
1996-09-19 00:00:00-04:00,8.255734759244053
1996-09-20 00:00:00-04:00,8.136941762531505
1996-09-23 00:00:00-04:00,8.107251692862407
1996-09-24 00:00:00-04:00,8.136941762531505
1996-09-25 00:00:00-04:00,8.077549385301994
1996-09-26 00:00:00-04:00,7.929067611694336
1996-09-27 00:00:00-04:00,7.899370973101134
1996-09-30 00:00:00-04:00,7.839977206386088
1996-10-01 00:00:00-04:00,7.810278990853158
1996-10-02 00:00:00-04:00,7.632099758333235
1996-10-03 00:00:00-04:00,7.899370973101134
1996-10-04 00:00:00-04:00,7.8696714128766745
1996-10-07 00:00:00-04:00,8.107250961672419
1996-10-08 00:00:00-04:00,8.018156972550255
1996-10-09 00:00:00-04:00,7.810283041000367
1996-10-10 00:00:00-04:00,7.721192359924316
1996-10-11 00:00:00-04:00,7.7211898611497505
1996-10-14 00:00:00-04:00,7.6914954662323
1996-10-15 00:00:00-04:00,7.721189557364161
1996-10-16 00:00:00-04:00,7.7508864402771
1996-10-17 00:00:00-04:00,7.81027882881747
1996-10-18 00:00:00-04:00,7.780586854466852
1996-10-21 00:00:00-04:00,8.047852652413505
1996-10-22 00:00:00-04:00,8.107245710160997
1996-10-23 00:00:00-04:00,8.018159279182775
1996-10-24 00:00:00-04:00,8.018155097961426
1996-10-25 00:00:00-04:00,7.988458905901228
1996-10-28 00:00:00-05:00,8.107249143818647
1996-10-29 00:00:00-05:00,7.988457423799178
1996-10-30 00:00:00-05:00,8.047851159292108
1996-10-31 00:00:00-05:00,8.077554800214559
1996-11-01 00:00:00-05:00,8.136948585510254
1996-11-04 00:00:00-05:00,8.107248016025709
1996-11-05 00:00:00-05:00,8.226038709599921
1996-11-06 00:00:00-05:00,8.374523162841797
1996-11-07 00:00:00-05:00,8.43391227722168
1996-11-08 00:00:00-05:00,8.43391453973178
1996-11-11 00:00:00-05:00,8.612097007076756
1996-11-12 00:00:00-05:00,8.760585703540581
1996-11-13 00:00:00-05:00,8.790279172979716
1996-11-14 00:00:00-05:00,8.93875871294717
1996-11-15 00:00:00-05:00,8.879368247601809
1996-11-18 00:00:00-05:00,8.84967337290446
1996-11-19 00:00:00-05:00,8.96845817565918
1996-11-20 00:00:00-05:00,8.998157396665047
1996-11-21 00:00:00-05:00,8.968456400068183
1996-11-22 00:00:00-05:00,9.027851938411889
1996-11-25 00:00:00-05:00,8.998157396665047
1996-11-26 00:00:00-05:00,8.964971542358398
1996-11-27 00:00:00-05:00,8.964974168141683
1996-11-29 00:00:00-05:00,8.964972736030225
1996-12-02 00:00:00-05:00,8.994756698608398
1996-12-03 00:00:00-05:00,8.994762569762985
1996-12-04 00:00:00-05:00,9.143680344999225
1996-12-05 00:00:00-05:00,9.113893271274254
1996-12-06 00:00:00-05:00,9.024540661186572
1996-12-09 00:00:00-05:00,8.994755305253065
1996-12-10 00:00:00-05:00,9.292593992209133
1996-12-11 00:00:00-05:00,9.41172981262207
1996-12-12 00:00:00-05:00,9.530864265394507
1996-12-13 00:00:00-05:00,9.530865421115791
1996-12-16 00:00:00-05:00,9.441515211789113
1996-12-17 00:00:00-05:00,9.441513767725304
1996-12-18 00:00:00-05:00,9.411731252130473
1996-12-19 00:00:00-05:00,9.501082688202093
1996-12-20 00:00:00-05:00,9.590434319463677
1996-12-23 00:00:00-05:00,9.650002479553223
1996-12-24 00:00:00-05:00,9.620219711890588
1996-12-26 00:00:00-05:00,9.679786437823449
1996-12-27 00:00:00-05:00,9.650002479553223
1996-12-30 00:00:00-05:00,9.65000006871194
1996-12-31 00:00:00-05:00,9.590434319463677
1997-01-02 00:00:00-05:00,9.620217284438752
1997-01-03 00:00:00-05:00,9.441514531894365
1997-01-06 00:00:00-05:00,9.620216117882581
1997-01-07 00:00:00-05:00,9.56065370156562
1997-01-08 00:00:00-05:00,9.501083131106395
1997-01-09 00:00:00-05:00,9.501083131106395
1997-01-10 00:00:00-05:00,9.41172981262207
1997-01-13 00:00:00-05:00,9.44151782989502
1997-01-14 00:00:00-05:00,9.41173386197737
1997-01-15 00:00:00-05:00,9.44151255895221
1997-01-16 00:00:00-05:00,9.44151255895221
1997-01-17 00:00:00-05:00,9.352165222167969
1997-01-20 00:00:00-05:00,9.352165222167969
1997-01-21 00:00:00-05:00,9.35216594123231
1997-01-22 00:00:00-05:00,9.352164978550231
1997-01-23 00:00:00-05:00,9.65000721303428
1997-01-24 00:00:00-05:00,9.769138117211103
1997-01-27 00:00:00-05:00,9.858495254284705
1997-01-28 00:00:00-05:00,9.798925141493479
1997-01-29 00:00:00-05:00,10.007410775243708
1997-01-30 00:00:00-05:00,10.066974639892578
1997-01-31 00:00:00-05:00,10.12654449507507
1997-02-03 00:00:00-05:00,10.215896358266908
1997-02-04 00:00:00-05:00,10.245680062302396
1997-02-05 00:00:00-05:00,10.156328201293945
1997-02-06 00:00:00-05:00,10.15632844947235
1997-02-07 00:00:00-05:00,10.21590229825946
1997-02-10 00:00:00-05:00,10.305251357854281
1997-02-11 00:00:00-05:00,10.215896358266908
1997-02-12 00:00:00-05:00,10.186115741729736
1997-02-13 00:00:00-05:00,10.15632844947235
1997-02-14 00:00:00-05:00,10.186112154963428
1997-02-18 00:00:00-05:00,10.186115741729736
1997-02-19 00:00:00-05:00,10.186110434447519
1997-02-20 00:00:00-05:00,10.066974639892578
1997-02-21 00:00:00-05:00,10.066979885101318
1997-02-24 00:00:00-05:00,10.126547813415527
1997-02-25 00:00:00-05:00,10.096763613620235
1997-02-26 00:00:00-05:00,10.188413047790528
1997-02-27 00:00:00-05:00,10.756097263456414
1997-02-28 00:00:00-05:00,10.397558195597924
1997-03-03 00:00:00-05:00,10.278046256051937
1997-03-04 00:00:00-05:00,10.756094179100753
1997-03-05 00:00:00-05:00,10.815852724987527
1997-03-06 00:00:00-05:00,11.024996777906775
1997-03-07 00:00:00-05:00,11.114631469726563
1997-03-10 00:00:00-05:00,11.204265594482422
1997-03-11 00:00:00-05:00,11.264021677652995
1997-03-12 00:00:00-05:00,11.204265018197942
1997-03-13 00:00:00-05:00,11.144508537086281
1997-03-14 00:00:00-05:00,11.024996207802289
1997-03-17 00:00:00-05:00,11.11462799320376
1997-03-18 00:00:00-05:00,11.054874420166016
1997-03-19 00:00:00-05:00,11.05487177448888
1997-03-20 00:00:00-05:00,11.114629164538936
1997-03-21 00:00:00-05:00,11.084749806311823
1997-03-24 00:00:00-05:00,11.11462799320376
1997-03-25 00:00:00-05:00,11.054877094600512
1997-03-26 00:00:00-05:00,10.965236735543169
1997-03-27 00:00:00-05:00,10.72621784210205
1997-03-31 00:00:00-05:00,10.397560108822399
1997-04-01 00:00:00-05:00,10.54694689945741
1997-04-02 00:00:00-05:00,10.51707269410235
1997-04-03 00:00:00-05:00,10.337800774463387
1997-04-04 00:00:00-05:00,10.039020405259244
1997-04-07 00:00:00-04:00,10.278048314690933
1997-04-08 00:00:00-04:00,10.427436836695266
1997-04-09 00:00:00-04:00,10.696339414360818
1997-04-10 00:00:00-04:00,10.636583134279412
1997-04-11 00:00:00-04:00,10.576827049255371
1997-04-14 00:00:00-04:00,10.546950340270996
1997-04-15 00:00:00-04:00,10.517066079361431
1997-04-16 00:00:00-04:00,10.785968192418418
1997-04-17 00:00:00-04:00,10.785968929695683
1997-04-18 00:00:00-04:00,10.696334472273717
1997-04-21 00:00:00-04:00,10.696339414360818
1997-04-22 00:00:00-04:00,10.636582021555189
1997-04-23 00:00:00-04:00,10.815846220652263
1997-04-24 00:00:00-04:00,10.785968192418418
1997-04-25 00:00:00-04:00,10.785968337072378
1997-04-28 00:00:00-04:00,10.666456443021557
1997-04-29 00:00:00-04:00,10.756094417470024
1997-04-30 00:00:00-04:00,11.234143636067708
1997-05-01 00:00:00-04:00,11.174388124587688
1997-05-02 00:00:00-04:00,11.264020942268571
1997-05-05 00:00:00-04:00,11.443284845105106
1997-05-06 00:00:00-04:00,11.562798500061035
1997-05-07 00:00:00-04:00,11.562801135213752
1997-05-08 00:00:00-04:00,11.29389442716326
1997-05-09 00:00:00-04:00,11.831703487195467
1997-05-12 00:00:00-04:00,11.38352798232833
1997-05-13 00:00:00-04:00,11.44328842808803
1997-05-14 00:00:00-04:00,11.532920467761135
1997-05-15 00:00:00-04:00,11.532918113330014
1997-05-16 00:00:00-04:00,11.473167219711224
1997-05-19 00:00:00-04:00,11.473166465759277
1997-05-20 00:00:00-04:00,11.413411140441895
1997-05-21 00:00:00-04:00,11.532918113330014
1997-05-22 00:00:00-04:00,11.473167219711224
1997-05-23 00:00:00-04:00,11.383532352745533
1997-05-27 00:00:00-04:00,11.532922541101774
1997-05-28 00:00:00-04:00,11.44560099651939
1997-05-29 00:00:00-04:00,11.415639155822275
1997-05-30 00:00:00-04:00,11.38567306834799
1997-06-02 00:00:00-04:00,11.595415023610562
1997-06-03 00:00:00-04:00,11.745220164662783
1997-06-04 00:00:00-04:00,11.625375308291451
1997-06-05 00:00:00-04:00,11.445599315692851
1997-06-06 00:00:00-04:00,11.535490572452545
1997-06-09 00:00:00-04:00,11.954963576295745
1997-06-10 00:00:00-04:00,12.22461964313249
1997-06-11 00:00:00-04:00,11.954959161353834
1997-06-12 00:00:00-04:00,11.86506868069358
1997-06-13 00:00:00-04:00,11.895030975341797
1997-06-16 00:00:00-04:00,11.895034554028753
1997-06-17 00:00:00-04:00,11.835107073491933
1997-06-18 00:00:00-04:00,11.835105864288252
1997-06-19 00:00:00-04:00,11.685295591548996
1997-06-20 00:00:00-04:00,11.65533210432438
1997-06-23 00:00:00-04:00,11.655332809839493
1997-06-24 00:00:00-04:00,11.685302628943669
1997-06-25 00:00:00-04:00,11.924998072267488
1997-06-26 00:00:00-04:00,11.745220184326172
1997-06-27 00:00:00-04:00,11.76020538533917
1997-06-30 00:00:00-04:00,11.805144777103346
1997-07-01 00:00:00-04:00,11.77518509742909
1997-07-02 00:00:00-04:00,11.954962572844133
1997-07-03 00:00:00-04:00,12.074804092275684
1997-07-07 00:00:00-04:00,12.134734643600122
1997-07-08 00:00:00-04:00,12.074812387537072
1997-07-09 00:00:00-04:00,12.104772335838147
1997-07-10 00:00:00-04:00,12.08979067301109
1997-07-11 00:00:00-04:00,12.254584657434423
1997-07-14 00:00:00-04:00,12.314508669584699
1997-07-15 00:00:00-04:00,12.344469889837052
1997-07-16 00:00:00-04:00,12.464322603665865
1997-07-17 00:00:00-04:00,12.659071320579166
1997-07-18 00:00:00-04:00,12.584169039162257
1997-07-21 00:00:00-04:00,12.539224034318556
1997-07-22 00:00:00-04:00,12.479303760641425
1997-07-23 00:00:00-04:00,12.659074550280225
1997-07-24 00:00:00-04:00,12.659074550280225
1997-07-25 00:00:00-04:00,12.629113691782354
1997-07-28 00:00:00-04:00,12.569188694253352
1997-07-29 00:00:00-04:00,12.61412965758773
1997-07-30 00:00:00-04:00,12.704019510857412
1997-07-31 00:00:00-04:00,12.823863047140616
1997-08-01 00:00:00-04:00,12.898773033324986
1997-08-04 00:00:00-04:00,13.123489599464708
1997-08-05 00:00:00-04:00,13.54295883947631
1997-08-06 00:00:00-04:00,13.512999564745625
1997-08-07 00:00:00-04:00,13.273303261748305
1997-08-08 00:00:00-04:00,13.243339911798298
1997-08-11 00:00:00-04:00,13.108504867112194
1997-08-12 00:00:00-04:00,12.704021897222697
1997-08-13 00:00:00-04:00,13.01862621307373
1997-08-14 00:00:00-04:00,13.033596829670232
1997-08-15 00:00:00-04:00,12.88379279202776
1997-08-18 00:00:00-04:00,12.74896072978012
1997-08-19 00:00:00-04:00,12.763941738462668
1997-08-20 00:00:00-04:00,12.94371556576496
1997-08-21 00:00:00-04:00,13.03360631910421
1997-08-22 00:00:00-04:00,13.258324739436423
1997-08-25 00:00:00-04:00,13.048588136240873
1997-08-26 00:00:00-04:00,13.033603874119844
1997-08-27 00:00:00-04:00,13.185817328316825
1997-08-28 00:00:00-04:00,13.140763848199757
1997-08-29 00:00:00-04:00,13.065673710279661
1997-09-02 00:00:00-04:00,13.095710307667641
1997-09-03 00:00:00-04:00,13.080688177435487
1997-09-04 00:00:00-04:00,13.005600536960854
1997-09-05 00:00:00-04:00,12.960543386714974
1997-09-08 00:00:00-04:00,13.095709508779098
1997-09-09 00:00:00-04:00,13.245888766375455
1997-09-10 00:00:00-04:00,13.185818672180176
1997-09-11 00:00:00-04:00,13.21585363271285
1997-09-12 00:00:00-04:00,13.215849484716143
1997-09-15 00:00:00-04:00,13.456148879226719
1997-09-16 00:00:00-04:00,13.606327126511431
1997-09-17 00:00:00-04:00,13.60632691854959
1997-09-18 00:00:00-04:00,13.681413265051821
1997-09-19 00:00:00-04:00,13.636357536315918
1997-09-22 00:00:00-04:00,13.51621691741091
1997-09-23 00:00:00-04:00,13.441118647101728
1997-09-24 00:00:00-04:00,13.42610880462817
1997-09-25 00:00:00-04:00,13.381049156188965
1997-09-26 00:00:00-04:00,13.381047603275094
1997-09-29 00:00:00-04:00,13.486176939509205
1997-09-30 00:00:00-04:00,13.501190685747991
1997-10-01 00:00:00-04:00,13.501199589219203
1997-10-02 00:00:00-04:00,13.561269131000872
1997-10-03 00:00:00-04:00,13.636359551857257
1997-10-06 00:00:00-04:00,13.936721163930617
1997-10-07 00:00:00-04:00,14.071880398714606
1997-10-08 00:00:00-04:00,14.071874756818172
1997-10-09 00:00:00-04:00,13.816575818648865
1997-10-10 00:00:00-04:00,13.696428136887892
1997-10-13 00:00:00-04:00,13.756500190119857
1997-10-14 00:00:00-04:00,13.786536721132833
1997-10-15 00:00:00-04:00,13.891669527619285
1997-10-16 00:00:00-04:00,13.576287147757242
1997-10-17 00:00:00-04:00,13.576286883253633
1997-10-20 00:00:00-04:00,13.531230871573738
1997-10-21 00:00:00-04:00,13.816576893572693
1997-10-22 00:00:00-04:00,13.87664896702301
1997-10-23 00:00:00-04:00,13.816573648380118
1997-10-24 00:00:00-04:00,13.846607364421327
1997-10-27 00:00:00-05:00,13.786537287452004
1997-10-28 00:00:00-05:00,13.095714955716518
1997-10-29 00:00:00-05:00,13.335990973055166
1997-10-30 00:00:00-05:00,13.621333340205743
1997-10-31 00:00:00-05:00,13.53123143196106
1997-11-03 00:00:00-05:00,13.516215080731767
1997-11-04 00:00:00-05:00,13.636353786502566
1997-11-05 00:00:00-05:00,13.456142130803325
1997-11-06 00:00:00-05:00,13.63636471771307
1997-11-07 00:00:00-05:00,13.726467702051156
1997-11-10 00:00:00-05:00,13.756502717635456
1997-11-11 00:00:00-05:00,13.696430653366306
1997-11-12 00:00:00-05:00,13.696435043837997
1997-11-13 00:00:00-05:00,13.681410845094518
1997-11-14 00:00:00-05:00,13.621347135556512
1997-11-17 00:00:00-05:00,13.516220535178153
1997-11-18 00:00:00-05:00,13.786539784260496
1997-11-19 00:00:00-05:00,13.87663882604309
1997-11-20 00:00:00-05:00,13.861627185862996
1997-11-21 00:00:00-05:00,13.816576893572693
1997-11-24 00:00:00-05:00,13.816578940059363
1997-11-25 00:00:00-05:00,13.389530142148336
1997-11-26 00:00:00-05:00,13.434706687927246
1997-11-28 00:00:00-05:00,13.43470868701636
1997-12-01 00:00:00-05:00,13.449772920022463
1997-12-02 00:00:00-05:00,13.419644600578717
1997-12-03 00:00:00-05:00,13.404588912452398
1997-12-04 00:00:00-05:00,13.494960899480326
1997-12-05 00:00:00-05:00,13.494953202297589
1997-12-08 00:00:00-05:00,13.525082033636286
1997-12-09 00:00:00-05:00,13.645571626393142
1997-12-10 00:00:00-05:00,13.58532219740224
1997-12-11 00:00:00-05:00,13.494958089192709
1997-12-12 00:00:00-05:00,13.58532233455205
1997-12-15 00:00:00-05:00,13.555203602377293
1997-12-16 00:00:00-05:00,13.675695178249722
1997-12-17 00:00:00-05:00,13.58532219740224
1997-12-18 00:00:00-05:00,13.55519953177607
1997-12-19 00:00:00-05:00,13.43470987915178
1997-12-22 00:00:00-05:00,13.25397809346517
1997-12-23 00:00:00-05:00,13.434708869271395
1997-12-24 00:00:00-05:00,13.494951248168945
1997-12-26 00:00:00-05:00,13.494952009397773
1997-12-29 00:00:00-05:00,13.374467391967773
1997-12-30 00:00:00-05:00,13.555204710771333
1997-12-31 00:00:00-05:00,13.67569549895905
1998-01-02 00:00:00-05:00,13.705821110491167
1998-01-05 00:00:00-05:00,13.675695419311523
1998-01-06 00:00:00-05:00,13.615445850206457
1998-01-07 00:00:00-05:00,13.916677939586151
1998-01-08 00:00:00-05:00,14.097411613959771
1998-01-09 00:00:00-05:00,13.976921944290465
1998-01-12 00:00:00-05:00,13.494961047994678
1998-01-13 00:00:00-05:00,13.91667252830837
1998-01-14 00:00:00-05:00,13.916674529135616
1998-01-15 00:00:00-05:00,13.886557425482799
1998-01-16 00:00:00-05:00,14.338398507300845
1998-01-20 00:00:00-05:00,14.15765962293071
1998-01-21 00:00:00-05:00,14.940849725454132
1998-01-22 00:00:00-05:00,14.729989671988196
1998-01-23 00:00:00-05:00,15.422809789389259
1998-01-26 00:00:00-05:00,15.81440382354264
1998-01-27 00:00:00-05:00,15.513175184076482
1998-01-28 00:00:00-05:00,15.39268580605002
1998-01-29 00:00:00-05:00,15.362565200775862
1998-01-30 00:00:00-05:00,15.60354389383635
1998-02-02 00:00:00-05:00,15.603541374206543
1998-02-03 00:00:00-05:00,15.543294327075664
1998-02-04 00:00:00-05:00,15.784275634472186
1998-02-05 00:00:00-05:00,15.784280096837717
1998-02-06 00:00:00-05:00,15.603539653924795
1998-02-09 00:00:00-05:00,15.663785717704078
1998-02-10 00:00:00-05:00,15.904772620218838
1998-02-11 00:00:00-05:00,16.145756835937497
1998-02-12 00:00:00-05:00,16.597599102103192
1998-02-13 00:00:00-05:00,16.326493439597332
1998-02-17 00:00:00-05:00,16.68796076429794
1998-02-18 00:00:00-05:00,17.079557175331928
1998-02-19 00:00:00-05:00,16.989192738252527
1998-02-20 00:00:00-05:00,16.898824390431923
1998-02-23 00:00:00-05:00,16.838580796525285
1998-02-24 00:00:00-05:00,16.718080609822447
1998-02-25 00:00:00-05:00,16.748198243271606
1998-02-26 00:00:00-05:00,16.907136705186634
1998-02-27 00:00:00-05:00,17.209045181811696
1998-03-02 00:00:00-05:00,17.148664585106822
1998-03-03 00:00:00-05:00,17.269431348116893
1998-03-04 00:00:00-05:00,17.692115783691406
1998-03-05 00:00:00-05:00,17.6317271106648
1998-03-06 00:00:00-05:00,17.69211090935601
1998-03-09 00:00:00-05:00,17.390198070150582
1998-03-10 00:00:00-05:00,17.48077295264419
1998-03-11 00:00:00-05:00,17.75248953114385
1998-03-12 00:00:00-05:00,17.390208682498415
1998-03-13 00:00:00-05:00,17.873253557594325
1998-03-16 00:00:00-05:00,18.114792877042355
1998-03-17 00:00:00-05:00,17.782687634637913
1998-03-18 00:00:00-05:00,17.57134839280011
1998-03-19 00:00:00-05:00,17.631731733654558
1998-03-20 00:00:00-05:00,17.903461369308264
1998-03-23 00:00:00-05:00,17.873260082841732
1998-03-24 00:00:00-05:00,17.752491544109173
1998-03-25 00:00:00-05:00,17.84307128251201
1998-03-26 00:00:00-05:00,17.873260082841732
1998-03-27 00:00:00-05:00,17.81287946199116
1998-03-30 00:00:00-05:00,17.08828073916228
1998-03-31 00:00:00-05:00,17.450592590820747
1998-04-01 00:00:00-05:00,17.269434589003197
1998-04-02 00:00:00-05:00,17.450580384996204
1998-04-03 00:00:00-05:00,17.36000915096231
1998-04-06 00:00:00-04:00,17.752497019501508
1998-04-07 00:00:00-04:00,17.93363957925727
1998-04-08 00:00:00-04:00,17.329814590213594
1998-04-09 00:00:00-04:00,17.269432491726345
1998-04-13 00:00:00-04:00,17.269432491726345
1998-04-14 00:00:00-04:00,17.39019775390625
1998-04-15 00:00:00-04:00,17.420389069451225
1998-04-16 00:00:00-04:00,17.329817630990675
1998-04-17 00:00:00-04:00,17.57134839280011
1998-04-20 00:00:00-04:00,17.571340446012567
1998-04-21 00:00:00-04:00,17.601536962721084
1998-04-22 00:00:00-04:00,17.39019743435046
1998-04-23 00:00:00-04:00,17.329816818237305
1998-04-24 00:00:00-04:00,17.32981576987192
1998-04-27 00:00:00-04:00,16.90713321461397
1998-04-28 00:00:00-04:00,16.484459132173637
1998-04-29 00:00:00-04:00,16.48445140235589
1998-04-30 00:00:00-04:00,17.11847897269509
1998-05-01 00:00:00-04:00,16.66561024711731
1998-05-04 00:00:00-04:00,16.786373241157463
1998-05-05 00:00:00-04:00,16.816566566412593
1998-05-06 00:00:00-04:00,16.846750595990347
1998-05-07 00:00:00-04:00,16.484454315978212
1998-05-08 00:00:00-04:00,16.33350055701554
1998-05-11 00:00:00-04:00,16.303307028377755
1998-05-12 00:00:00-04:00,16.424070416074812
1998-05-13 00:00:00-04:00,16.061781499197487
1998-05-14 00:00:00-04:00,15.669287797120901
1998-05-15 00:00:00-04:00,15.699484509702346
1998-05-18 00:00:00-04:00,15.669290503333597
1998-05-19 00:00:00-04:00,15.518337764262235
1998-05-20 00:00:00-04:00,15.669292139325822
1998-05-21 00:00:00-04:00,15.880629944023381
1998-05-22 00:00:00-04:00,15.790058458796782
1998-05-26 00:00:00-04:00,15.69947791375709
1998-05-27 00:00:00-04:00,15.63909952635886
1998-05-28 00:00:00-04:00,15.587421607971192
1998-05-29 00:00:00-04:00,15.890089761127124
1998-06-01 00:00:00-04:00,15.980884617148586
1998-06-02 00:00:00-04:00,15.890084136369332
1998-06-03 00:00:00-04:00,15.980884617148586
1998-06-04 00:00:00-04:00,15.829552596223122
1998-06-05 00:00:00-04:00,15.496617665187376
1998-06-08 00:00:00-04:00,15.345284533594908
1998-06-09 00:00:00-04:00,15.496619890034792
1998-06-10 00:00:00-04:00,15.193951091458722
1998-06-11 00:00:00-04:00,15.072894162351979
1998-06-12 00:00:00-04:00,14.34648146523796
1998-06-15 00:00:00-04:00,14.951814116602359
1998-06-16 00:00:00-04:00,14.043810988917494
1998-06-17 00:00:00-04:00,13.983283470704729
1998-06-18 00:00:00-04:00,13.831947068036614
1998-06-19 00:00:00-04:00,14.225410833591368
1998-06-22 00:00:00-04:00,15.072885030012296
1998-06-23 00:00:00-04:00,15.647951194482255
1998-06-24 00:00:00-04:00,15.647955740118302
1998-06-25 00:00:00-04:00,15.708481726279626
1998-06-26 00:00:00-04:00,15.769021251556339
1998-06-29 00:00:00-04:00,16.07169048409713
1998-06-30 00:00:00-04:00,16.101959546407063
1998-07-01 00:00:00-04:00,16.67703659303727
1998-07-02 00:00:00-04:00,16.888899553268352
1998-07-06 00:00:00-04:00,16.88889741897583
1998-07-07 00:00:00-04:00,16.828364291781796
1998-07-08 00:00:00-04:00,16.767822238808147
1998-07-09 00:00:00-04:00,17.22182934075071
1998-07-10 00:00:00-04:00,17.19156575160744
1998-07-13 00:00:00-04:00,17.161305885722204
1998-07-14 00:00:00-04:00,17.009953439553296
1998-07-15 00:00:00-04:00,17.04023218754164
1998-07-16 00:00:00-04:00,16.858625369913437
1998-07-17 00:00:00-04:00,16.46515655517578
1998-07-20 00:00:00-04:00,16.46515655517578
1998-07-21 00:00:00-04:00,16.43489280601967
1998-07-22 00:00:00-04:00,16.253291204794127
1998-07-23 00:00:00-04:00,16.10196392015479
1998-07-24 00:00:00-04:00,15.799285958229694
1998-07-27 00:00:00-04:00,15.76901851513589
1998-07-28 00:00:00-04:00,15.617687826081525
1998-07-29 00:00:00-04:00,15.73875500184856
1998-07-30 00:00:00-04:00,15.890086258158965
1998-07-31 00:00:00-04:00,15.284749374389648
1998-08-03 00:00:00-04:00,14.770215403649116
1998-08-04 00:00:00-04:00,15.012349319458009
1998-08-05 00:00:00-04:00,14.407012653350831
1998-08-06 00:00:00-04:00,14.497816183129135
1998-08-07 00:00:00-04:00,14.83074705284762
1998-08-10 00:00:00-04:00,15.012352456851882
1998-08-11 00:00:00-04:00,14.70968991420308
1998-08-12 00:00:00-04:00,14.800481652533692
1998-08-13 00:00:00-04:00,14.861023390734637
1998-08-14 00:00:00-04:00,14.588624470388863
1998-08-17 00:00:00-04:00,14.437283198699634
1998-08-18 00:00:00-04:00,14.770213256835937
1998-08-19 00:00:00-04:00,15.133415360048593
1998-08-20 00:00:00-04:00,15.133417861362101
1998-08-21 00:00:00-04:00,15.25448717389788
1998-08-24 00:00:00-04:00,14.830755926290825
1998-08-25 00:00:00-04:00,14.982082486152649
1998-08-26 00:00:00-04:00,14.528083721961895
1998-08-27 00:00:00-04:00,14.536492588122686
1998-08-28 00:00:00-04:00,14.56684401055344
1998-08-31 00:00:00-04:00,14.384757131739049
1998-09-01 00:00:00-04:00,13.170856606247078
1998-09-02 00:00:00-04:00,14.141981072121478
1998-09-03 00:00:00-04:00,14.26337728354289
1998-09-04 00:00:00-04:00,14.081284415166817
1998-09-08 00:00:00-04:00,13.80815383159753
1998-09-09 00:00:00-04:00,13.899199159295708
1998-09-10 00:00:00-04:00,13.352946522079895
1998-09-11 00:00:00-04:00,13.110168354163008
1998-09-14 00:00:00-04:00,13.59573431182326
1998-09-15 00:00:00-04:00,13.868862902908996
1998-09-16 00:00:00-04:00,13.899194942041433
1998-09-17 00:00:00-04:00,14.05093432403697
1998-09-18 00:00:00-04:00,13.990239356208768
1998-09-21 00:00:00-04:00,13.959892559262038
1998-09-22 00:00:00-04:00,13.899202786321224
1998-09-23 00:00:00-04:00,13.959898064131423
1998-09-24 00:00:00-04:00,14.263365988557803
1998-09-25 00:00:00-04:00,14.081291938143154
1998-09-28 00:00:00-04:00,13.747462286847702
1998-09-29 00:00:00-04:00,14.293724389945936
1998-09-30 00:00:00-04:00,14.475797420740127
1998-10-01 00:00:00-04:00,14.506148358437581
1998-10-02 00:00:00-04:00,14.324062814189412
1998-10-05 00:00:00-04:00,14.50615047462798
1998-10-06 00:00:00-04:00,14.53649784032271
1998-10-07 00:00:00-04:00,14.506150245666504
1998-10-08 00:00:00-04:00,14.50616294877571
1998-10-09 00:00:00-04:00,13.838506476433722
1998-10-12 00:00:00-04:00,13.868849013274883
1998-10-13 00:00:00-04:00,14.020596393610246
1998-10-14 00:00:00-04:00,13.747460556863176
1998-10-15 00:00:00-04:00,13.959900678078833
1998-10-16 00:00:00-04:00,14.475800937206104
1998-10-19 00:00:00-04:00,14.566844368753163
1998-10-20 00:00:00-04:00,14.870324556391928
1998-10-21 00:00:00-04:00,15.386227360893699
1998-10-22 00:00:00-04:00,15.416578642079529
1998-10-23 00:00:00-04:00,14.961364165509595
1998-10-26 00:00:00-05:00,14.506154873060142
1998-10-27 00:00:00-05:00,14.020589069003973
1998-10-28 00:00:00-05:00,13.59572258162186
1998-10-29 00:00:00-05:00,13.899198532104492
1998-10-30 00:00:00-05:00,13.352941821235756
1998-11-02 00:00:00-05:00,14.02058366537094
1998-11-03 00:00:00-05:00,14.445457060793613
1998-11-04 00:00:00-05:00,14.29371526415256
1998-11-05 00:00:00-05:00,14.081283920479619
1998-11-06 00:00:00-05:00,14.445453177021525
1998-11-09 00:00:00-05:00,14.475801070359562
1998-11-10 00:00:00-05:00,14.050936507345806
1998-11-11 00:00:00-05:00,13.95989155303889
1998-11-12 00:00:00-05:00,13.959891785790909
1998-11-13 00:00:00-05:00,14.081283504680052
1998-11-16 00:00:00-05:00,14.293715046698516
1998-11-17 00:00:00-05:00,14.233020756259782
1998-11-18 00:00:00-05:00,14.324064254760742
1998-11-19 00:00:00-05:00,14.324064254760742
1998-11-20 00:00:00-05:00,14.26337032933389
1998-11-23 00:00:00-05:00,14.081296251531233
1998-11-24 00:00:00-05:00,13.868851562878033
1998-11-25 00:00:00-05:00,13.71712028119444
1998-11-27 00:00:00-05:00,13.868846654891968
1998-11-30 00:00:00-05:00,13.747460862221052
1998-12-01 00:00:00-05:00,13.640727260656524
1998-12-02 00:00:00-05:00,13.884313009481515
1998-12-03 00:00:00-05:00,13.701621744016938
1998-12-04 00:00:00-05:00,13.792978519346656
1998-12-07 00:00:00-05:00,13.73207141641985
1998-12-08 00:00:00-05:00,13.945205952570989
1998-12-09 00:00:00-05:00,13.884313009481515
1998-12-10 00:00:00-05:00,13.762519156746981
1998-12-11 00:00:00-05:00,13.762519156746981
1998-12-14 00:00:00-05:00,13.732069277337619
1998-12-15 00:00:00-05:00,13.640722113715277
1998-12-16 00:00:00-05:00,13.671175186532723
1998-12-17 00:00:00-05:00,13.610280511605794
1998-12-18 00:00:00-05:00,13.518934798567262
1998-12-21 00:00:00-05:00,13.30580552931755
1998-12-22 00:00:00-05:00,13.15355578415939
1998-12-23 00:00:00-05:00,13.214461326599121
1998-12-24 00:00:00-05:00,13.21445187575272
1998-12-28 00:00:00-05:00,13.184009807760065
1998-12-29 00:00:00-05:00,13.427585830688477
1998-12-30 00:00:00-05:00,13.671170154147678
1998-12-31 00:00:00-05:00,13.579831156814308
1999-01-04 00:00:00-05:00,14.127898216247559
1999-01-05 00:00:00-05:00,14.127898216247559
1999-01-06 00:00:00-05:00,14.127898216247559
1999-01-07 00:00:00-05:00,13.94520251803928
1999-01-08 00:00:00-05:00,13.762521563349543
1999-01-11 00:00:00-05:00,13.518936347098371
1999-01-12 00:00:00-05:00,13.336244146029154
1999-01-13 00:00:00-05:00,13.03176945378775
1999-01-14 00:00:00-05:00,12.87953080321258
1999-01-15 00:00:00-05:00,12.9708675093794
1999-01-19 00:00:00-05:00,13.184009751145082
1999-01-20 00:00:00-05:00,13.092660903930664
1999-01-21 00:00:00-05:00,13.092662998449022
1999-01-22 00:00:00-05:00,13.001320089776833
1999-01-25 00:00:00-05:00,12.635932993773677
1999-01-26 00:00:00-05:00,13.397144711633242
1999-01-27 00:00:00-05:00,13.001309369497253
1999-01-28 00:00:00-05:00,12.575048083462352
1999-01-29 00:00:00-05:00,11.935633381207785
1999-02-01 00:00:00-05:00,11.874740647106636
1999-02-02 00:00:00-05:00,12.605491463954632
1999-02-03 00:00:00-05:00,12.30101235218537
1999-02-04 00:00:00-05:00,11.905189609527588
1999-02-05 00:00:00-05:00,11.996529469887417
1999-02-08 00:00:00-05:00,11.692052258943257
1999-02-09 00:00:00-05:00,11.570260438276696
1999-02-10 00:00:00-05:00,11.783392448124923
1999-02-11 00:00:00-05:00,11.600704809907196
1999-02-12 00:00:00-05:00,11.722499163362993
1999-02-16 00:00:00-05:00,11.66160662841797
1999-02-17 00:00:00-05:00,11.326676653054271
1999-02-18 00:00:00-05:00,11.478915889639604
1999-02-19 00:00:00-05:00,11.570262653258787
1999-02-22 00:00:00-05:00,11.357123678608945
1999-02-23 00:00:00-05:00,11.448470414803431
1999-02-24 00:00:00-05:00,11.387573802281938
1999-02-25 00:00:00-05:00,11.539810626902044
1999-02-26 00:00:00-05:00,11.44847021484375
1999-03-01 00:00:00-05:00,11.478917977166553
1999-03-02 00:00:00-05:00,11.548466295003891
1999-03-03 00:00:00-05:00,11.731782519786227
1999-03-04 00:00:00-05:00,11.701223785678545
1999-03-05 00:00:00-05:00,11.73178218871124
1999-03-08 00:00:00-05:00,11.731775283813477
1999-03-09 00:00:00-05:00,11.70122353072019
1999-03-10 00:00:00-05:00,11.79287964957101
1999-03-11 00:00:00-05:00,11.792882417377673
1999-03-12 00:00:00-05:00,11.579023918777546
1999-03-15 00:00:00-05:00,11.548470897221629
1999-03-16 00:00:00-05:00,11.579017511502965
1999-03-17 00:00:00-05:00,11.579018726905398
1999-03-18 00:00:00-05:00,11.517915725708008
1999-03-19 00:00:00-05:00,11.242958404205657
1999-03-22 00:00:00-05:00,11.151301695699507
1999-03-23 00:00:00-05:00,11.029093238129013
1999-03-24 00:00:00-05:00,10.631922859677001
1999-03-25 00:00:00-05:00,10.570822977293231
1999-03-26 00:00:00-05:00,11.029096361108728
1999-03-29 00:00:00-05:00,11.181851983736347
1999-03-30 00:00:00-05:00,10.754130250782376
1999-03-31 00:00:00-05:00,10.631925269278554
1999-04-01 00:00:00-05:00,11.426265299155112
1999-04-05 00:00:00-04:00,10.998544138224172
1999-04-06 00:00:00-04:00,10.937440625042983
1999-04-07 00:00:00-04:00,10.784681464192534
1999-04-08 00:00:00-04:00,10.693028915760129
1999-04-09 00:00:00-04:00,10.387511125251429
1999-04-12 00:00:00-04:00,10.265305112013177
1999-04-13 00:00:00-04:00,10.265307736684042
1999-04-14 00:00:00-04:00,10.173654556274414
1999-04-15 00:00:00-04:00,10.234756225562958
1999-04-16 00:00:00-04:00,10.143101476853895
1999-04-19 00:00:00-04:00,10.50971217708693
1999-04-20 00:00:00-04:00,11.059651761015585
1999-04-21 00:00:00-04:00,11.120753503950157
1999-04-22 00:00:00-04:00,11.242956955368454
1999-04-23 00:00:00-04:00,11.304062060687853
1999-04-26 00:00:00-04:00,11.120744959513345
1999-04-27 00:00:00-04:00,10.998548712612184
1999-04-28 00:00:00-04:00,11.059650462719661
1999-04-29 00:00:00-04:00,11.21240767494577
1999-04-30 00:00:00-04:00,11.181855369400191
1999-05-03 00:00:00-04:00,11.120746217924973
1999-05-04 00:00:00-04:00,11.487368901570637
1999-05-05 00:00:00-04:00,11.365164031982422
1999-05-06 00:00:00-04:00,11.456818580627441
1999-05-07 00:00:00-04:00,11.487366462240415
1999-05-10 00:00:00-04:00,12.037300699320271
1999-05-11 00:00:00-04:00,12.037293691178713
1999-05-12 00:00:00-04:00,12.037300880509195
1999-05-13 00:00:00-04:00,12.06783889809533
1999-05-14 00:00:00-04:00,12.15950018254722
1999-05-17 00:00:00-04:00,12.526122034331898
1999-05-18 00:00:00-04:00,12.373356475043542
1999-05-19 00:00:00-04:00,11.823429520597163
1999-05-20 00:00:00-04:00,11.884529952807805
1999-05-21 00:00:00-04:00,11.976194317642724
1999-05-24 00:00:00-04:00,11.792888303346272
1999-05-25 00:00:00-04:00,12.067843164716448
1999-05-26 00:00:00-04:00,12.351201934906818
1999-05-27 00:00:00-04:00,12.688327594868188
1999-05-28 00:00:00-04:00,12.565731472439237
1999-06-01 00:00:00-04:00,12.6270283608541
1999-06-02 00:00:00-04:00,12.627030961251146
1999-06-03 00:00:00-04:00,12.841567473378522
1999-06-04 00:00:00-04:00,13.270641326904297
1999-06-07 00:00:00-04:00,13.239991937681685
1999-06-08 00:00:00-04:00,13.209344199766596
1999-06-09 00:00:00-04:00,12.78027629852295
1999-06-10 00:00:00-04:00,12.780271431574453
1999-06-11 00:00:00-04:00,12.749628153922176
1999-06-14 00:00:00-04:00,12.964163598991629
1999-06-15 00:00:00-04:00,12.902863601937678
1999-06-16 00:00:00-04:00,12.933515458095668
1999-06-17 00:00:00-04:00,12.902862110048392
1999-06-18 00:00:00-04:00,13.056102752685547
1999-06-21 00:00:00-04:00,12.994806901798691
1999-06-22 00:00:00-04:00,12.749625943741709
1999-06-23 00:00:00-04:00,12.933511026221586
1999-06-24 00:00:00-04:00,12.780269595938668
1999-06-25 00:00:00-04:00,13.025456130222123
1999-06-28 00:00:00-04:00,12.964162918756593
1999-06-29 00:00:00-04:00,12.994805754902206
1999-06-30 00:00:00-04:00,13.086750854842963
1999-07-01 00:00:00-04:00,13.301283497821428
1999-07-02 00:00:00-04:00,13.148047549225563
1999-07-06 00:00:00-04:00,13.20935041254217
1999-07-07 00:00:00-04:00,13.607771430919373
1999-07-08 00:00:00-04:00,14.036845304867281
1999-07-09 00:00:00-04:00,14.06749112055852
1999-07-12 00:00:00-04:00,13.944899858866195
1999-07-13 00:00:00-04:00,13.975547443736684
1999-07-14 00:00:00-04:00,14.128787994384766
1999-07-15 00:00:00-04:00,14.159442036507196
1999-07-16 00:00:00-04:00,12.994811058044434
1999-07-19 00:00:00-04:00,12.964158038298288
1999-07-20 00:00:00-04:00,13.178696790577677
1999-07-21 00:00:00-04:00,12.933517021526821
1999-07-22 00:00:00-04:00,12.780275109234978
1999-07-23 00:00:00-04:00,13.025461455329145
1999-07-26 00:00:00-04:00,12.81091712339081
1999-07-27 00:00:00-04:00,12.657678304067472
1999-07-28 00:00:00-04:00,12.596380233764648
1999-07-29 00:00:00-04:00,12.535087971178534
1999-07-30 00:00:00-04:00,12.35119915008545
1999-08-02 00:00:00-04:00,12.994807105970283
1999-08-03 00:00:00-04:00,14.711106280891263
1999-08-04 00:00:00-04:00,15.017586805220702
1999-08-05 00:00:00-04:00,14.741752818010855
1999-08-06 00:00:00-04:00,14.83369717001915
1999-08-09 00:00:00-04:00,15.661199107942846
1999-08-10 00:00:00-04:00,15.477299622951016
1999-08-11 00:00:00-04:00,15.262768846714426
1999-08-12 00:00:00-04:00,15.293417529867153
1999-08-13 00:00:00-04:00,15.170832549029518
1999-08-16 00:00:00-04:00,15.078874088102772
1999-08-17 00:00:00-04:00,15.232121267222395
1999-08-18 00:00:00-04:00,15.170824854795786
1999-08-19 00:00:00-04:00,15.385365222860699
1999-08-20 00:00:00-04:00,14.956295523083645
1999-08-23 00:00:00-04:00,15.109529235839844
1999-08-24 00:00:00-04:00,15.262772174108596
1999-08-25 00:00:00-04:00,15.446660995483398
1999-08-26 00:00:00-04:00,15.44665347561978
1999-08-27 00:00:00-04:00,15.416015174972964
1999-08-30 00:00:00-04:00,15.262771895918183
1999-08-31 00:00:00-04:00,14.756751792559486
1999-09-01 00:00:00-04:00,14.84899053439288
1999-09-02 00:00:00-04:00,15.248650239478392
1999-09-03 00:00:00-04:00,15.002699168587503
1999-09-07 00:00:00-04:00,15.24864639676589
1999-09-08 00:00:00-04:00,15.463845035817364
1999-09-09 00:00:00-04:00,15.494588266504874
1999-09-10 00:00:00-04:00,15.525335906043884
1999-09-13 00:00:00-04:00,15.187163705536813
1999-09-14 00:00:00-04:00,14.941214913863977
1999-09-15 00:00:00-04:00,14.848981939100321
1999-09-16 00:00:00-04:00,14.726013539234797
1999-09-17 00:00:00-04:00,14.756759992508284
1999-09-20 00:00:00-04:00,14.78750183497335
1999-09-21 00:00:00-04:00,14.41857899492803
1999-09-22 00:00:00-04:00,14.44931777692709
1999-09-23 00:00:00-04:00,14.326347992483493
1999-09-24 00:00:00-04:00,13.096616310297057
1999-09-27 00:00:00-04:00,13.34257083468967
1999-09-28 00:00:00-04:00,13.55777490664524
1999-09-29 00:00:00-04:00,13.250338614130595
1999-09-30 00:00:00-04:00,12.758447898790854
1999-10-01 00:00:00-04:00,12.727700743876714
1999-10-04 00:00:00-04:00,13.281075694949129
1999-10-05 00:00:00-04:00,13.281075414312786
1999-10-06 00:00:00-04:00,13.404052160027321
1999-10-07 00:00:00-04:00,13.680746763124379
1999-10-08 00:00:00-04:00,13.52702258384391
1999-10-11 00:00:00-04:00,13.49628839913211
1999-10-12 00:00:00-04:00,13.188854549835861
1999-10-13 00:00:00-04:00,12.912157722141432
1999-10-14 00:00:00-04:00,12.758444301113304
1999-10-15 00:00:00-04:00,12.543241626154767
1999-10-18 00:00:00-04:00,12.512500183582306
1999-10-19 00:00:00-04:00,12.389529512923898
1999-10-20 00:00:00-04:00,12.604732258805951
1999-10-21 00:00:00-04:00,12.051350593566895
1999-10-22 00:00:00-04:00,12.420273465847751
1999-10-25 00:00:00-04:00,13.404050911422324
1999-10-26 00:00:00-04:00,13.895939988910026
1999-10-27 00:00:00-04:00,13.03513848890952
1999-10-28 00:00:00-04:00,13.43479308784672
1999-10-29 00:00:00-04:00,14.14189209694873
1999-11-01 00:00:00-05:00,14.510810885513038
1999-11-02 00:00:00-05:00,14.018923660804486
1999-11-03 00:00:00-05:00,14.264863621466843
1999-11-04 00:00:00-05:00,14.72600855965832
1999-11-05 00:00:00-05:00,15.064185867464639
1999-11-08 00:00:00-05:00,15.00270057211117
1999-11-09 00:00:00-05:00,15.094934007225586
1999-11-10 00:00:00-05:00,14.910470815650521
1999-11-11 00:00:00-05:00,14.60304214696216
1999-11-12 00:00:00-05:00,14.480069160461426
1999-11-15 00:00:00-05:00,14.449324349562326
1999-11-16 00:00:00-05:00,14.695270295937856
1999-11-17 00:00:00-05:00,11.067569699874921
1999-11-18 00:00:00-05:00,10.944592576420884
1999-11-19 00:00:00-05:00,11.313508902655707
1999-11-22 00:00:00-05:00,11.252024475957306
1999-11-23 00:00:00-05:00,10.883101395198276
1999-11-24 00:00:00-05:00,11.252029488206576
1999-11-26 00:00:00-05:00,11.027082070875704
1999-11-29 00:00:00-05:00,10.99619747140554
1999-11-30 00:00:00-05:00,10.872642147575009
1999-12-01 00:00:00-05:00,10.8726413532839
1999-12-02 00:00:00-05:00,10.934422007969449
1999-12-03 00:00:00-05:00,10.872643255418348
1999-12-06 00:00:00-05:00,10.50198981928271
1999-12-07 00:00:00-05:00,10.687315444500125
1999-12-08 00:00:00-05:00,10.563763634817942
1999-12-09 00:00:00-05:00,10.563759100615089
1999-12-10 00:00:00-05:00,10.254879869410122
1999-12-13 00:00:00-05:00,10.378429867805691
1999-12-14 00:00:00-05:00,10.162213067213694
1999-12-15 00:00:00-05:00,10.34754201814577
1999-12-16 00:00:00-05:00,10.285771013742469
1999-12-17 00:00:00-05:00,10.254882696551755
1999-12-20 00:00:00-05:00,10.131326978451739
1999-12-21 00:00:00-05:00,9.915109858617514
1999-12-22 00:00:00-05:00,9.88422166591154
1999-12-23 00:00:00-05:00,9.853328132629395
1999-12-27 00:00:00-05:00,9.822443650319027
1999-12-28 00:00:00-05:00,9.513560061984592
1999-12-29 00:00:00-05:00,9.637114524841309
1999-12-30 00:00:00-05:00,9.575336426023453
1999-12-31 00:00:00-05:00,9.760667059831558
2000-01-03 00:00:00-05:00,9.66799907684326
2000-01-04 00:00:00-05:00,9.853328530305351
2000-01-05 00:00:00-05:00,9.451784715496126
2000-01-06 00:00:00-05:00,9.451787534749734
2000-01-07 00:00:00-05:00,9.853332955662797
2000-01-10 00:00:00-05:00,10.193098633589145
2000-01-11 00:00:00-05:00,10.13132249346431
2000-01-12 00:00:00-05:00,10.100438786444263
2000-01-13 00:00:00-05:00,9.884218921719706
2000-01-14 00:00:00-05:00,10.131326897744021
2000-01-18 00:00:00-05:00,9.945997384878305
2000-01-19 00:00:00-05:00,10.038657958463112
2000-01-20 00:00:00-05:00,10.00777376615084
2000-01-21 00:00:00-05:00,10.100433540344238
2000-01-24 00:00:00-05:00,9.82244343362796
2000-01-25 00:00:00-05:00,9.698892625067321
2000-01-26 00:00:00-05:00,9.390007019042969
2000-01-27 00:00:00-05:00,9.390008014181385
2000-01-28 00:00:00-05:00,9.359121686404514
2000-01-31 00:00:00-05:00,8.988461618838102
2000-02-01 00:00:00-05:00,9.359123194419732
2000-02-02 00:00:00-05:00,9.019351738650782
2000-02-03 00:00:00-05:00,9.081129436169642
2000-02-04 00:00:00-05:00,9.173791408538818
2000-02-07 00:00:00-05:00,8.772245993462551
2000-02-08 00:00:00-05:00,8.67958273014552
2000-02-09 00:00:00-05:00,8.74135874245913
2000-02-10 00:00:00-05:00,8.09270565875907
2000-02-11 00:00:00-05:00,8.21625779095818
2000-02-14 00:00:00-05:00,8.000041299396091
2000-02-15 00:00:00-05:00,7.907380104064941
2000-02-16 00:00:00-05:00,7.907376728360615
2000-02-17 00:00:00-05:00,7.845599544749541
2000-02-18 00:00:00-05:00,7.87648943066597
2000-02-22 00:00:00-05:00,7.474942934317667
2000-02-23 00:00:00-05:00,7.474942133976863
2000-02-24 00:00:00-05:00,7.598496909969109
2000-02-25 00:00:00-05:00,7.505828105562456
2000-02-28 00:00:00-05:00,7.382278019448986
2000-02-29 00:00:00-05:00,7.104286397657087
2000-03-01 00:00:00-05:00,7.783822564517751
2000-03-02 00:00:00-05:00,7.403650986946235
2000-03-03 00:00:00-05:00,7.341435766839362
2000-03-06 00:00:00-05:00,7.217003985568209
2000-03-07 00:00:00-05:00,6.905925142279577
2000-03-08 00:00:00-05:00,6.937034255691937
2000-03-09 00:00:00-05:00,6.905925490639427
2000-03-10 00:00:00-05:00,6.843709360878423
2000-03-13 00:00:00-05:00,6.594847068967413
2000-03-14 00:00:00-05:00,6.5015257363225905
2000-03-15 00:00:00-05:00,6.345986263172046
2000-03-16 00:00:00-05:00,6.905924956003824
2000-03-17 00:00:00-05:00,7.8080483040502
2000-03-20 00:00:00-05:00,7.901372706554979
2000-03-21 00:00:00-05:00,7.901372242336491
2000-03-22 00:00:00-05:00,8.150235176086426
2000-03-23 00:00:00-05:00,8.119129560210489
2000-03-24 00:00:00-05:00,8.27466869354248
2000-03-27 00:00:00-05:00,8.150236434045933
2000-03-28 00:00:00-05:00,8.15023726994701
2000-03-29 00:00:00-05:00,8.336881498350714
2000-03-30 00:00:00-05:00,8.523528099060059
2000-03-31 00:00:00-05:00,8.64796275122691
2000-04-03 00:00:00-04:00,9.207897000842625
2000-04-04 00:00:00-04:00,8.959039177693112
2000-04-05 00:00:00-04:00,8.772396929323461
2000-04-06 00:00:00-04:00,8.741283979347283
2000-04-07 00:00:00-04:00,8.585741567087696
2000-04-10 00:00:00-04:00,8.492422804181427
2000-04-11 00:00:00-04:00,8.461315028341934
2000-04-12 00:00:00-04:00,8.461312979239004
2000-04-13 00:00:00-04:00,8.430207252502441
2000-04-14 00:00:00-04:00,7.465866514411106
2000-04-17 00:00:00-04:00,7.808051838705191
2000-04-18 00:00:00-04:00,7.839158892631531
2000-04-19 00:00:00-04:00,7.465866018550187
2000-04-20 00:00:00-04:00,6.719278516812562
2000-04-24 00:00:00-04:00,6.90592350553504
2000-04-25 00:00:00-04:00,7.154789339319319
2000-04-26 00:00:00-04:00,7.403651577208687
2000-04-27 00:00:00-04:00,7.24811399188535
2000-04-28 00:00:00-04:00,7.18589711905549
2000-05-01 00:00:00-04:00,7.341434518496195
2000-05-02 00:00:00-04:00,7.279218378426141
2000-05-03 00:00:00-04:00,7.465868489495639
2000-05-04 00:00:00-04:00,7.279219877921928
2000-05-05 00:00:00-04:00,7.341435432434082
2000-05-08 00:00:00-04:00,7.310326099395752
2000-05-09 00:00:00-04:00,7.310324469699135
2000-05-10 00:00:00-04:00,7.248110856180606
2000-05-11 00:00:00-04:00,7.154788991324922
2000-05-12 00:00:00-04:00,7.154789094801073
2000-05-15 00:00:00-04:00,7.217003295898438
2000-05-16 00:00:00-04:00,7.745836508701522
2000-05-17 00:00:00-04:00,7.7458365862486795
2000-05-18 00:00:00-04:00,7.590297404956441
2000-05-19 00:00:00-04:00,7.870266525268555
2000-05-22 00:00:00-04:00,7.901372706554979
2000-05-23 00:00:00-04:00,7.870264939993739
2000-05-24 00:00:00-04:00,7.839158380784952
2000-05-25 00:00:00-04:00,8.274666258868049
2000-05-26 00:00:00-04:00,7.870265276291791
2000-05-30 00:00:00-04:00,7.9635906797466856
2000-05-31 00:00:00-04:00,8.243557933498831
2000-06-01 00:00:00-04:00,8.451295705402599
2000-06-02 00:00:00-04:00,8.545204349109607
2000-06-05 00:00:00-04:00,8.451297524270046
2000-06-06 00:00:00-04:00,8.294790876514718
2000-06-07 00:00:00-04:00,8.044381467735064
2000-06-08 00:00:00-04:00,8.451296307823874
2000-06-09 00:00:00-04:00,8.263495456297886
2000-06-12 00:00:00-04:00,8.07568073272705
2000-06-13 00:00:00-04:00,8.075685720334109
2000-06-14 00:00:00-04:00,8.13829097968731
2000-06-15 00:00:00-04:00,8.106981820838396
2000-06-16 00:00:00-04:00,7.981779058295561
2000-06-19 00:00:00-04:00,7.793974161148072
2000-06-20 00:00:00-04:00,7.856576044082642
2000-06-21 00:00:00-04:00,7.856574828808124
2000-06-22 00:00:00-04:00,7.668771527030252
2000-06-23 00:00:00-04:00,7.261856224577306
2000-06-26 00:00:00-04:00,7.4183608641004355
2000-06-27 00:00:00-04:00,7.0114485088147624
2000-06-28 00:00:00-04:00,7.199251174926759
2000-06-29 00:00:00-04:00,7.19924952479319
2000-06-30 00:00:00-04:00,7.574865492184958
2000-07-03 00:00:00-04:00,7.449664169344408
2000-07-05 00:00:00-04:00,7.261858857708213
2000-07-06 00:00:00-04:00,7.543567515188648
2000-07-07 00:00:00-04:00,6.009811173624067
2000-07-10 00:00:00-04:00,6.291522675423167
2000-07-11 00:00:00-04:00,6.2602199725250705
2000-07-12 00:00:00-04:00,6.2602199725250705
2000-07-13 00:00:00-04:00,6.322825061464773
2000-07-14 00:00:00-04:00,6.479325566973005
2000-07-17 00:00:00-04:00,6.541927746364048
2000-07-18 00:00:00-04:00,6.635836014380822
2000-07-19 00:00:00-04:00,6.510631561279297
2000-07-20 00:00:00-04:00,6.479327051263106
2000-07-21 00:00:00-04:00,6.479330632293109
2000-07-24 00:00:00-04:00,6.448029334728535
2000-07-25 00:00:00-04:00,6.479330448003916
2000-07-26 00:00:00-04:00,6.510631489976545
2000-07-27 00:00:00-04:00,6.729734793953274
2000-07-28 00:00:00-04:00,7.230554178357125
2000-07-31 00:00:00-04:00,6.948844353714332
2000-08-01 00:00:00-04:00,6.917542016453679
2000-08-02 00:00:00-04:00,7.04274927329154
2000-08-03 00:00:00-04:00,6.792338773608209
2000-08-04 00:00:00-04:00,7.011445605065211
2000-08-07 00:00:00-04:00,7.480966668070098
2000-08-08 00:00:00-04:00,7.543564395109813
2000-08-09 00:00:00-04:00,7.4496612548828125
2000-08-10 00:00:00-04:00,7.418362969492638
2000-08-11 00:00:00-04:00,7.387059059463629
2000-08-14 00:00:00-04:00,7.387058475153232
2000-08-15 00:00:00-04:00,7.668768938849954
2000-08-16 00:00:00-04:00,7.324458433409869
2000-08-17 00:00:00-04:00,7.38706184606083
2000-08-18 00:00:00-04:00,7.418360006809236
2000-08-21 00:00:00-04:00,7.512263298034669
2000-08-22 00:00:00-04:00,7.512263298034669
2000-08-23 00:00:00-04:00,7.449662851074995
2000-08-24 00:00:00-04:00,7.32445386435481
2000-08-25 00:00:00-04:00,7.543564395109813
2000-08-28 00:00:00-04:00,7.5122603736972415
2000-08-29 00:00:00-04:00,7.512267783836083
2000-08-30 00:00:00-04:00,7.637470845253237
2000-08-31 00:00:00-04:00,7.752591520059304
2000-09-01 00:00:00-04:00,7.721071311128818
2000-09-05 00:00:00-04:00,7.626530970296552
2000-09-06 00:00:00-04:00,7.279871244991527
2000-09-07 00:00:00-04:00,8.036221504211426
2000-09-08 00:00:00-04:00,7.973188124597073
2000-09-11 00:00:00-04:00,7.941676579988919
2000-09-12 00:00:00-04:00,8.13076101243496
2000-09-13 00:00:00-04:00,8.193794677616546
2000-09-14 00:00:00-04:00,8.099248886108398
2000-09-15 00:00:00-04:00,8.067731857299805
2000-09-18 00:00:00-04:00,8.06773443336031
2000-09-19 00:00:00-04:00,7.910158969461918
2000-09-20 00:00:00-04:00,8.067731857299805
2000-09-21 00:00:00-04:00,8.036217279732227
2000-09-22 00:00:00-04:00,7.973191685146756
2000-09-25 00:00:00-04:00,7.878646370052367
2000-09-26 00:00:00-04:00,8.067733882933624
2000-09-27 00:00:00-04:00,8.067734299002918
2000-09-28 00:00:00-04:00,7.973189552625021
2000-09-29 00:00:00-04:00,8.319851766105828
2000-10-02 00:00:00-04:00,8.193792783881564
2000-10-03 00:00:00-04:00,7.941673071987658
2000-10-04 00:00:00-04:00,7.941677093505859
2000-10-05 00:00:00-04:00,7.941675950580998
2000-10-06 00:00:00-04:00,8.036222917134644
2000-10-09 00:00:00-04:00,7.784103107846473
2000-10-10 00:00:00-04:00,7.563498163797769
2000-10-11 00:00:00-04:00,7.847132483615151
2000-10-12 00:00:00-04:00,7.531988415188259
2000-10-13 00:00:00-04:00,7.090780287981033
2000-10-16 00:00:00-04:00,7.437442804637708
2000-10-17 00:00:00-04:00,7.185323184951212
2000-10-18 00:00:00-04:00,7.531987026586371
2000-10-19 00:00:00-04:00,7.4059280931237215
2000-10-20 00:00:00-04:00,7.910158969461918
2000-10-23 00:00:00-04:00,8.067736297960908
2000-10-24 00:00:00-04:00,8.099248468413833
2000-10-25 00:00:00-04:00,8.067731857299805
2000-10-26 00:00:00-04:00,8.067734938401442
2000-10-27 00:00:00-04:00,8.193792224854462
2000-10-30 00:00:00-05:00,8.06773330226089
2000-10-31 00:00:00-05:00,8.319850737277461
2000-11-01 00:00:00-05:00,8.351365152255509
2000-11-02 00:00:00-05:00,8.067739349941037
2000-11-03 00:00:00-05:00,8.319856204626696
2000-11-06 00:00:00-05:00,8.382877749555252
2000-11-07 00:00:00-05:00,8.571966296564925
2000-11-08 00:00:00-05:00,8.666508951607874
2000-11-09 00:00:00-05:00,8.571970754594945
2000-11-10 00:00:00-05:00,8.445910247690948
2000-11-13 00:00:00-05:00,8.540454443869935
2000-11-14 00:00:00-05:00,8.162279339344328
2000-11-15 00:00:00-05:00,8.3198505667753
2000-11-16 00:00:00-05:00,8.193793406013315
2000-11-17 00:00:00-05:00,8.382882247100005
2000-11-20 00:00:00-05:00,8.225307886417095
2000-11-21 00:00:00-05:00,8.193793296813965
2000-11-22 00:00:00-05:00,8.13076101243496
2000-11-24 00:00:00-05:00,8.00470270216465
2000-11-27 00:00:00-05:00,8.067732421875
2000-11-28 00:00:00-05:00,7.847132189264557
2000-11-29 00:00:00-05:00,8.16227705189676
2000-11-30 00:00:00-05:00,8.25682080153263
2000-12-01 00:00:00-05:00,8.319848593543558
2000-12-04 00:00:00-05:00,8.477424838167407
2000-12-05 00:00:00-05:00,8.887113797914733
2000-12-06 00:00:00-05:00,8.950143705868552
2000-12-07 00:00:00-05:00,8.876969920083525
2000-12-08 00:00:00-05:00,9.289112970232964
2000-12-11 00:00:00-05:00,10.0499996860306
2000-12-12 00:00:00-05:00,9.701261982773289
2000-12-13 00:00:00-05:00,9.415926307439804
2000-12-14 00:00:00-05:00,9.194002757503037
2000-12-15 00:00:00-05:00,9.352521896362305
2000-12-18 00:00:00-05:00,9.447629572133549
2000-12-19 00:00:00-05:00,9.606148697609125
2000-12-20 00:00:00-05:00,9.542740793132463
2000-12-21 00:00:00-05:00,9.511033012753442
2000-12-22 00:00:00-05:00,10.018294455788352
2000-12-26 00:00:00-05:00,10.462143550971176
2000-12-27 00:00:00-05:00,11.09621524810791
2000-12-28 00:00:00-05:00,10.90599347795759
2000-12-29 00:00:00-05:00,11.15961826614469
2001-01-02 00:00:00-05:00,10.842586975329555
2001-01-03 00:00:00-05:00,10.462141122136797
2001-01-04 00:00:00-05:00,10.620655077922192
2001-01-05 00:00:00-05:00,9.9548897470288
2001-01-08 00:00:00-05:00,9.479337272404125
2001-01-09 00:00:00-05:00,9.986589319931179
2001-01-10 00:00:00-05:00,9.63784883939303
2001-01-11 00:00:00-05:00,10.208517062589058
2001-01-12 00:00:00-05:00,9.9865874040474
2001-01-16 00:00:00-05:00,9.732960666593957
2001-01-17 00:00:00-05:00,9.669555619705555
2001-01-18 00:00:00-05:00,9.606145574496342
2001-01-19 00:00:00-05:00,9.732964543107979
2001-01-22 00:00:00-05:00,9.859773595742038
2001-01-23 00:00:00-05:00,9.257411488087104
2001-01-24 00:00:00-05:00,9.289112416791244
2001-01-25 00:00:00-05:00,9.003783694425657
2001-01-26 00:00:00-05:00,9.098892088859312
2001-01-29 00:00:00-05:00,8.871892833401892
2001-01-30 00:00:00-05:00,8.745084749687432
2001-01-31 00:00:00-05:00,8.618269768353024
2001-02-01 00:00:00-05:00,8.43565263047155
2001-02-02 00:00:00-05:00,8.308845361433386
2001-02-05 00:00:00-05:00,8.293626555587934
2001-02-06 00:00:00-05:00,8.105943788004055
2001-02-07 00:00:00-05:00,8.161740026388998
2001-02-08 00:00:00-05:00,8.090723199417521
2001-02-09 00:00:00-05:00,8.009561871433881
2001-02-12 00:00:00-05:00,8.476238922442501
2001-02-13 00:00:00-05:00,8.851609619274406
2001-02-14 00:00:00-05:00,8.775515990066632
2001-02-15 00:00:00-05:00,8.902329438792266
2001-02-16 00:00:00-05:00,8.805952080454528
2001-02-20 00:00:00-05:00,8.699428193046082
2001-02-21 00:00:00-05:00,8.623342748097711
2001-02-22 00:00:00-05:00,8.242898664963887
2001-02-23 00:00:00-05:00,8.090722206128666
2001-02-26 00:00:00-05:00,8.037816203231126
2001-02-27 00:00:00-05:00,8.313579945176423
2001-02-28 00:00:00-05:00,8.323788119871887
2001-03-01 00:00:00-05:00,8.374856939574256
2001-03-02 00:00:00-05:00,8.400389519114963
2001-03-05 00:00:00-05:00,8.502526262520602
2001-03-06 00:00:00-05:00,8.400387783671084
2001-03-07 00:00:00-05:00,8.349322404048275
2001-03-08 00:00:00-05:00,8.604652442511425
2001-03-09 00:00:00-05:00,8.60465249730908
2001-03-12 00:00:00-05:00,8.757849622820464
2001-03-13 00:00:00-05:00,8.630187793200411
2001-03-14 00:00:00-05:00,8.706784523682131
2001-03-15 00:00:00-05:00,8.528059959411621
2001-03-16 00:00:00-05:00,8.528058081784499
2001-03-19 00:00:00-05:00,8.37485606528888
2001-03-20 00:00:00-05:00,8.681252859061733
2001-03-21 00:00:00-05:00,8.640398446028557
2001-03-22 00:00:00-05:00,8.93658391357116
2001-03-23 00:00:00-05:00,9.064247197575039
2001-03-26 00:00:00-05:00,9.217450129659385
2001-03-27 00:00:00-05:00,9.064251699673768
2001-03-28 00:00:00-05:00,9.038716896457784
2001-03-29 00:00:00-05:00,9.038714408874512
2001-03-30 00:00:00-05:00,9.038714408874512
2001-04-02 00:00:00-04:00,9.064248818560724
2001-04-03 00:00:00-04:00,8.93147577456377
2001-04-04 00:00:00-04:00,8.814027397829928
2001-04-05 00:00:00-04:00,7.96633128995147
2001-04-06 00:00:00-04:00,8.553586244159781
2001-04-09 00:00:00-04:00,8.231869507022692
2001-04-10 00:00:00-04:00,8.226760948882177
2001-04-11 00:00:00-04:00,8.35442712114085
2001-04-12 00:00:00-04:00,8.298259750008583
2001-04-16 00:00:00-04:00,8.27272364760437
2001-04-17 00:00:00-04:00,8.16038073886125
2001-04-18 00:00:00-04:00,8.119523480709843
2001-04-19 00:00:00-04:00,7.991862371961809
2001-04-20 00:00:00-04:00,8.093994142585526
2001-04-23 00:00:00-04:00,7.787595664294768
2001-04-24 00:00:00-04:00,7.874409956213963
2001-04-25 00:00:00-04:00,7.940791324387707
2001-04-26 00:00:00-04:00,8.093995190534336
2001-04-27 00:00:00-04:00,8.553585098844113
2001-04-30 00:00:00-04:00,8.579121789127859
2001-05-01 00:00:00-04:00,8.66082221983637
2001-05-02 00:00:00-04:00,9.702577584939332
2001-05-03 00:00:00-04:00,9.702578743335977
2001-05-04 00:00:00-04:00,9.753636360168457
2001-05-07 00:00:00-04:00,9.728109001584663
2001-05-08 00:00:00-04:00,9.845565222738738
2001-05-09 00:00:00-04:00,9.677047735117078
2001-05-10 00:00:00-04:00,9.702575580493823
2001-05-11 00:00:00-04:00,9.452350787378462
2001-05-14 00:00:00-04:00,9.4063932490054
2001-05-15 00:00:00-04:00,9.54938106732204
2001-05-16 00:00:00-04:00,9.723005506572468
2001-05-17 00:00:00-04:00,9.7791763911953
2001-05-18 00:00:00-04:00,10.019190597748228
2001-05-21 00:00:00-04:00,10.146852568855968
2001-05-22 00:00:00-04:00,10.289835988256689
2001-05-23 00:00:00-04:00,10.417497983267051
2001-05-24 00:00:00-04:00,10.407290314583172
2001-05-25 00:00:00-04:00,10.631981479949841
2001-05-29 00:00:00-04:00,10.670270539464449
2001-05-30 00:00:00-04:00,10.829375458895646
2001-05-31 00:00:00-04:00,10.932017970896
2001-06-01 00:00:00-04:00,10.829371793439003
2001-06-04 00:00:00-04:00,10.803708806186803
2001-06-05 00:00:00-04:00,11.00900268907128
2001-06-06 00:00:00-04:00,11.111655749215949
2001-06-07 00:00:00-04:00,11.034670677039543
2001-06-08 00:00:00-04:00,10.957685456711197
2001-06-11 00:00:00-04:00,10.993607521999921
2001-06-12 00:00:00-04:00,10.855031966573536
2001-06-13 00:00:00-04:00,10.521430890776857
2001-06-14 00:00:00-04:00,10.875563348593289
2001-06-15 00:00:00-04:00,10.624074422816413
2001-06-18 00:00:00-04:00,10.798583486269466
2001-06-19 00:00:00-04:00,10.6548706736011
2001-06-20 00:00:00-04:00,10.624079039974188
2001-06-21 00:00:00-04:00,10.921758911607629
2001-06-22 00:00:00-04:00,10.855027940846892
2001-06-25 00:00:00-04:00,10.47010483062838
2001-06-26 00:00:00-04:00,10.470103149812832
2001-06-27 00:00:00-04:00,10.77291488647461
2001-06-28 00:00:00-04:00,10.772917124356967
2001-06-29 00:00:00-04:00,11.0859882192289
2001-07-02 00:00:00-04:00,11.188635976051264
2001-07-03 00:00:00-04:00,11.239962733563111
2001-07-05 00:00:00-04:00,11.21430692532813
2001-07-06 00:00:00-04:00,11.091126773298164
2001-07-09 00:00:00-04:00,11.085991030211812
2001-07-10 00:00:00-04:00,11.214304676469286
2001-07-11 00:00:00-04:00,11.137316719187247
2001-07-12 00:00:00-04:00,10.860164668690494
2001-07-13 00:00:00-04:00,10.752383097618544
2001-07-16 00:00:00-04:00,10.716457677800442
2001-07-17 00:00:00-04:00,10.695929625295117
2001-07-18 00:00:00-04:00,10.90635619149562
2001-07-19 00:00:00-04:00,10.81911022336132
2001-07-20 00:00:00-04:00,10.367459673867813
2001-07-23 00:00:00-04:00,10.285339457628503
2001-07-24 00:00:00-04:00,10.136494643439573
2001-07-25 00:00:00-04:00,10.008189635884712
2001-07-26 00:00:00-04:00,10.085170587412843
2001-07-27 00:00:00-04:00,10.085172130017003
2001-07-30 00:00:00-04:00,10.25454073011555
2001-07-31 00:00:00-04:00,10.393118299328805
2001-08-01 00:00:00-04:00,10.547088132946252
2001-08-02 00:00:00-04:00,10.470097876647527
2001-08-03 00:00:00-04:00,10.60354575714929
2001-08-06 00:00:00-04:00,10.77804635210735
2001-08-07 00:00:00-04:00,9.11001707838006
2001-08-08 00:00:00-04:00,9.648924593376195
2001-08-09 00:00:00-04:00,10.059511934594324
2001-08-10 00:00:00-04:00,9.777233096105633
2001-08-13 00:00:00-04:00,10.033851127727058
2001-08-14 00:00:00-04:00,10.331526731046415
2001-08-15 00:00:00-04:00,10.39311492925032
2001-08-16 00:00:00-04:00,10.033851998985037
2001-08-17 00:00:00-04:00,10.223749577709714
2001-08-20 00:00:00-04:00,10.085170267116315
2001-08-21 00:00:00-04:00,10.008192946679499
2001-08-22 00:00:00-04:00,10.049243131820269
2001-08-23 00:00:00-04:00,10.059512383714674
2001-08-24 00:00:00-04:00,10.341798913900417
2001-08-27 00:00:00-04:00,10.16215721279113
2001-08-28 00:00:00-04:00,10.136497798034227
2001-08-29 00:00:00-04:00,9.831449438419142
2001-08-30 00:00:00-04:00,10.228830757860692
2001-08-31 00:00:00-04:00,10.347534922421007
2001-09-04 00:00:00-04:00,10.430104819841782
2001-09-05 00:00:00-04:00,10.29076646097795
2001-09-06 00:00:00-04:00,10.089486762947079
2001-09-07 00:00:00-04:00,9.934667064992981
2001-09-10 00:00:00-04:00,9.666300312289174
2001-09-17 00:00:00-04:00,9.72307204794686
2001-09-18 00:00:00-04:00,9.031518383498192
2001-09-19 00:00:00-04:00,8.902487971336344
2001-09-20 00:00:00-04:00,8.92829441230424
2001-09-21 00:00:00-04:00,8.205778497743983
2001-09-24 00:00:00-04:00,8.179972934961214
2001-09-25 00:00:00-04:00,8.438013787862877
2001-09-26 00:00:00-04:00,8.69089431841329
2001-09-27 00:00:00-04:00,8.32963705988368
2001-09-28 00:00:00-04:00,8.41221330538638
2001-10-01 00:00:00-04:00,9.005709654205678
2001-10-02 00:00:00-04:00,9.108926355562787
2001-10-03 00:00:00-04:00,9.010869646800515
2001-10-04 00:00:00-04:00,9.005708553421636
2001-10-05 00:00:00-04:00,8.928297060747557
2001-10-08 00:00:00-04:00,8.90249544115209
2001-10-09 00:00:00-04:00,8.489625345600365
2001-10-10 00:00:00-04:00,8.825076823678875
2001-10-11 00:00:00-04:00,9.108930587768555
2001-10-12 00:00:00-04:00,9.083122402245348
2001-10-15 00:00:00-04:00,8.902493301422986
2001-10-16 00:00:00-04:00,9.31535813584537
2001-10-17 00:00:00-04:00,9.547596370477722
2001-10-18 00:00:00-04:00,9.18634340039828
2001-10-19 00:00:00-04:00,9.108924510910757
2001-10-22 00:00:00-04:00,9.237942691401319
2001-10-23 00:00:00-04:00,9.805646420492609
2001-10-24 00:00:00-04:00,9.934663122226683
2001-10-25 00:00:00-04:00,9.908861525021358
2001-10-26 00:00:00-04:00,10.027561677784703
2001-10-29 00:00:00-05:00,10.012073360585273
2001-10-30 00:00:00-05:00,9.67662205857666
2001-10-31 00:00:00-05:00,9.831452171454659
2001-11-01 00:00:00-05:00,9.728228313216055
2001-11-02 00:00:00-05:00,10.012076923462958
2001-11-05 00:00:00-05:00,9.950150740438266
2001-11-06 00:00:00-05:00,10.295924882566561
2001-11-07 00:00:00-05:00,9.960467558104598
2001-11-08 00:00:00-05:00,9.862412054477973
2001-11-09 00:00:00-05:00,9.779841438248816
2001-11-12 00:00:00-05:00,9.495990124335638
2001-11-13 00:00:00-05:00,9.418572227291177
2001-11-14 00:00:00-05:00,9.542434996969735
2001-11-15 00:00:00-05:00,9.573403916885589
2001-11-16 00:00:00-05:00,9.650819409245742
2001-11-19 00:00:00-05:00,9.779839130785154
2001-11-20 00:00:00-05:00,9.93466266523268
2001-11-21 00:00:00-05:00,10.012074084401517
2001-11-23 00:00:00-05:00,10.012075037992696
2001-11-26 00:00:00-05:00,10.197870608672115
2001-11-27 00:00:00-05:00,10.213351850120278
2001-11-28 00:00:00-05:00,9.950147712655436
2001-11-29 00:00:00-05:00,9.805640059023771
2001-11-30 00:00:00-05:00,10.218511165461512
2001-12-03 00:00:00-05:00,9.97595140889101
2001-12-04 00:00:00-05:00,9.908859340378937
2001-12-05 00:00:00-05:00,10.172062539915071
2001-12-06 00:00:00-05:00,10.221386712280895
2001-12-07 00:00:00-05:00,10.221385799577108
2001-12-10 00:00:00-05:00,10.195440900742584
2001-12-11 00:00:00-05:00,9.936014055096338
2001-12-12 00:00:00-05:00,9.858191204961566
2001-12-13 00:00:00-05:00,9.936010232142552
2001-12-14 00:00:00-05:00,9.81149559877336
2001-12-17 00:00:00-05:00,10.01903312119129
2001-12-18 00:00:00-05:00,10.351094634877693
2001-12-19 00:00:00-05:00,10.781747380211412
2001-12-20 00:00:00-05:00,10.693533726156755
2001-12-21 00:00:00-05:00,10.766170542900936
2001-12-24 00:00:00-05:00,10.895887846859905
2001-12-26 00:00:00-05:00,11.36285698958325
2001-12-27 00:00:00-05:00,11.414743588474792
2001-12-28 00:00:00-05:00,10.89588764041689
2001-12-31 00:00:00-05:00,10.947773849207376
2002-01-02 00:00:00-05:00,11.129371708978745
2002-01-03 00:00:00-05:00,10.74023712970223
2002-01-04 00:00:00-05:00,10.818062132899419
2002-01-07 00:00:00-05:00,10.714292711013393
2002-01-08 00:00:00-05:00,10.62089768522695
2002-01-09 00:00:00-05:00,10.792119646414541
2002-01-10 00:00:00-05:00,10.584581484699317
2002-01-11 00:00:00-05:00,10.527507729274458
2002-01-14 00:00:00-05:00,10.636464546997344
2002-01-15 00:00:00-05:00,10.740238591658885
2002-01-16 00:00:00-05:00,11.202009581331227
2002-01-17 00:00:00-05:00,11.155313424431016
2002-01-18 00:00:00-05:00,10.7869314241277
2002-01-22 00:00:00-05:00,10.688349382374746
2002-01-23 00:00:00-05:00,10.402982229876038
2002-01-24 00:00:00-05:00,10.636464464734447
2002-01-25 00:00:00-05:00,10.584576226126302
2002-01-28 00:00:00-05:00,10.63646668219238
2002-01-29 00:00:00-05:00,10.740229938902539
2002-01-30 00:00:00-05:00,10.506753337147437
2002-01-31 00:00:00-05:00,11.051549460724367
2002-02-01 00:00:00-05:00,10.29920861590088
2002-02-04 00:00:00-05:00,10.636460981866477
2002-02-05 00:00:00-05:00,10.392598946933775
2002-02-06 00:00:00-05:00,10.506754340514542
2002-02-07 00:00:00-05:00,10.304400757999867
2002-02-08 00:00:00-05:00,10.584576428555428
2002-02-11 00:00:00-05:00,11.362854938499147
2002-02-12 00:00:00-05:00,11.155313758836762
2002-02-13 00:00:00-05:00,11.12937466983271
2002-02-14 00:00:00-05:00,11.622283842331717
2002-02-15 00:00:00-05:00,11.674165498770398
2002-02-19 00:00:00-05:00,11.414741072309074
2002-02-20 00:00:00-05:00,11.207203290003248
2002-02-21 00:00:00-05:00,11.767558079091588
2002-02-22 00:00:00-05:00,11.108617184808885
2002-02-25 00:00:00-05:00,11.466629490527215
2002-02-26 00:00:00-05:00,11.713073826442965
2002-02-27 00:00:00-05:00,11.65051584854582
2002-02-28 00:00:00-05:00,11.88509219247732
2002-03-01 00:00:00-05:00,11.780833991928219
2002-03-04 00:00:00-05:00,11.624449729919434
2002-03-05 00:00:00-05:00,11.624450092929784
2002-03-06 00:00:00-05:00,11.572323313294854
2002-03-07 00:00:00-05:00,11.468069598764766
2002-03-08 00:00:00-05:00,11.624452210280351
2002-03-11 00:00:00-05:00,11.369031048761011
2002-03-12 00:00:00-05:00,11.233497694457508
2002-03-13 00:00:00-05:00,11.051047238325747
2002-03-14 00:00:00-05:00,11.285624357057447
2002-03-15 00:00:00-05:00,11.217851631914263
2002-03-18 00:00:00-05:00,11.520195684935402
2002-03-19 00:00:00-05:00,11.546263949148674
2002-03-20 00:00:00-05:00,11.29083463305969
2002-03-21 00:00:00-05:00,11.415940237474596
2002-03-22 00:00:00-05:00,11.645301298855582
2002-03-25 00:00:00-05:00,11.728705657695583
2002-03-26 00:00:00-05:00,11.468071465261886
2002-03-27 00:00:00-05:00,11.770413026632845
2002-03-28 00:00:00-05:00,11.624455425401058
2002-04-01 00:00:00-05:00,11.68178908043857
2002-04-02 00:00:00-05:00,11.546264966284454
2002-04-03 00:00:00-05:00,11.728705346221673
2002-04-04 00:00:00-05:00,11.728702437973741
2002-04-05 00:00:00-05:00,12.020624867884699
2002-04-08 00:00:00-04:00,11.911157207726992
2002-04-09 00:00:00-04:00,11.98934764857441
2002-04-10 00:00:00-04:00,11.989348544211417
2002-04-11 00:00:00-04:00,12.036262290963982
2002-04-12 00:00:00-04:00,11.937215143627068
2002-04-15 00:00:00-04:00,12.349027875770657
2002-04-16 00:00:00-04:00,11.937211387303702
2002-04-17 00:00:00-04:00,12.380298175990225
2002-04-18 00:00:00-04:00,12.380301789369469
2002-04-19 00:00:00-04:00,12.119665461851469
2002-04-22 00:00:00-04:00,12.432431600987785
2002-04-23 00:00:00-04:00,12.380303477729695
2002-04-24 00:00:00-04:00,12.380305424175358
2002-04-25 00:00:00-04:00,12.260408374581736
2002-04-26 00:00:00-04:00,12.380301853272037
2002-04-29 00:00:00-04:00,12.276046135113928
2002-04-30 00:00:00-04:00,12.255195496709954
2002-05-01 00:00:00-04:00,12.458496934412121
2002-05-02 00:00:00-04:00,12.354241386210425
2002-05-03 00:00:00-04:00,12.249984078211744
2002-05-06 00:00:00-04:00,12.17700538727188
2002-05-07 00:00:00-04:00,11.608816578337212
2002-05-08 00:00:00-04:00,11.035408573083046
2002-05-09 00:00:00-04:00,10.68615835104783
2002-05-10 00:00:00-04:00,10.816472700342079
2002-05-13 00:00:00-04:00,10.738285622037898
2002-05-14 00:00:00-04:00,10.842537130223395
2002-05-15 00:00:00-04:00,10.946794509887694
2002-05-16 00:00:00-04:00,10.94679384396389
2002-05-17 00:00:00-04:00,10.94679384396389
2002-05-20 00:00:00-04:00,10.89988080488502
2002-05-21 00:00:00-04:00,10.816475823270336
2002-05-22 00:00:00-04:00,10.764348422052201
2002-05-23 00:00:00-04:00,10.660095042498025
2002-05-24 00:00:00-04:00,10.779983553927696
2002-05-28 00:00:00-04:00,10.738290476864108
2002-05-29 00:00:00-04:00,10.777766953108447
2002-05-30 00:00:00-04:00,10.61010650128439
2002-05-31 00:00:00-04:00,10.66250228881836
2002-06-03 00:00:00-04:00,10.662496463373499
2002-06-04 00:00:00-04:00,10.400519260094494
2002-06-05 00:00:00-04:00,10.295730116768109
2002-06-06 00:00:00-04:00,10.20665682931915
2002-06-07 00:00:00-04:00,9.981359676469264
2002-06-10 00:00:00-04:00,10.21713643235311
2002-06-11 00:00:00-04:00,10.269528506258428
2002-06-12 00:00:00-04:00,9.797971406365214
2002-06-13 00:00:00-04:00,9.562190274045681
2002-06-14 00:00:00-04:00,9.436442422995736
2002-06-17 00:00:00-04:00,9.50979559594596
2002-06-18 00:00:00-04:00,9.876565932791271
2002-06-19 00:00:00-04:00,9.787490914110917
2002-06-20 00:00:00-04:00,9.698421967900266
2002-06-21 00:00:00-04:00,9.64078353222314
2002-06-24 00:00:00-04:00,9.808451316579019
2002-06-25 00:00:00-04:00,9.876565891016629
2002-06-26 00:00:00-04:00,9.640783309936523
2002-06-27 00:00:00-04:00,9.693178691747299
2002-06-28 00:00:00-04:00,9.614586658699167
2002-07-01 00:00:00-04:00,9.782251410397553
2002-07-02 00:00:00-04:00,9.71937698363343
2002-07-03 00:00:00-04:00,9.247820702665598
2002-07-05 00:00:00-04:00,9.284493102301791
2002-07-08 00:00:00-04:00,9.431200432492114
2002-07-09 00:00:00-04:00,9.174462136004653
2002-07-10 00:00:00-04:00,9.048715884356854
2002-07-11 00:00:00-04:00,8.771019407051343
2002-07-12 00:00:00-04:00,8.833890715740893
2002-07-15 00:00:00-04:00,8.776258028610698
2002-07-16 00:00:00-04:00,8.519519514239022
2002-07-17 00:00:00-04:00,8.467123924111966
2002-07-18 00:00:00-04:00,8.278500324338202
2002-07-19 00:00:00-04:00,7.665470829655995
2002-07-22 00:00:00-04:00,8.016522082352727
2002-07-23 00:00:00-04:00,7.8226557177406315
2002-07-24 00:00:00-04:00,7.482089215768893
2002-07-25 00:00:00-04:00,7.9012506828671585
2002-07-26 00:00:00-04:00,8.063678262806373
2002-07-29 00:00:00-04:00,8.488083352806878
2002-07-30 00:00:00-04:00,8.881050525506133
2002-07-31 00:00:00-04:00,9.053955556653873
2002-08-01 00:00:00-04:00,9.038235703052196
2002-08-02 00:00:00-04:00,8.902004304414008
2002-08-05 00:00:00-04:00,8.461880114861538
2002-08-06 00:00:00-04:00,7.859339335580722
2002-08-07 00:00:00-04:00,7.964127932295947
2002-08-08 00:00:00-04:00,7.964127081398674
2002-08-09 00:00:00-04:00,8.383287355034003
2002-08-12 00:00:00-04:00,8.288979058107543
2002-08-13 00:00:00-04:00,8.488084146189488
2002-08-14 00:00:00-04:00,8.142273019301124
2002-08-15 00:00:00-04:00,8.53000078649463
2002-08-16 00:00:00-04:00,8.451403428604301
2002-08-19 00:00:00-04:00,8.456641154313933
2002-08-20 00:00:00-04:00,8.488081685235422
2002-08-21 00:00:00-04:00,8.461881580765866
2002-08-22 00:00:00-04:00,8.435688900768385
2002-08-23 00:00:00-04:00,8.571914531228838
2002-08-26 00:00:00-04:00,8.33089752715211
2002-08-27 00:00:00-04:00,8.540475791847657
2002-08-28 00:00:00-04:00,8.461887744275538
2002-08-29 00:00:00-04:00,8.540481173716858
2002-08-30 00:00:00-04:00,8.592872741799628
2002-09-03 00:00:00-04:00,8.357093208527312
2002-09-04 00:00:00-04:00,8.252299882959756
2002-09-05 00:00:00-04:00,8.479867201596825
2002-09-06 00:00:00-04:00,8.411307900765753
2002-09-09 00:00:00-04:00,8.516781579853625
2002-09-10 00:00:00-04:00,8.643342805098428
2002-09-11 00:00:00-04:00,8.627523812750075
2002-09-12 00:00:00-04:00,8.485139700288865
2002-09-13 00:00:00-04:00,8.432404810369997
2002-09-16 00:00:00-04:00,8.437678480122033
2002-09-17 00:00:00-04:00,8.474596704881527
2002-09-18 00:00:00-04:00,8.226734616859984
2002-09-19 00:00:00-04:00,8.279469377484846
2002-09-20 00:00:00-04:00,8.253103539448684
2002-09-23 00:00:00-04:00,8.03688804059231
2002-09-24 00:00:00-04:00,7.88395559075243
2002-09-25 00:00:00-04:00,7.746841042166307
2002-09-26 00:00:00-04:00,7.936690837296152
2002-09-27 00:00:00-04:00,7.905047567464377
2002-09-30 00:00:00-04:00,7.868131507419103
2002-10-01 00:00:00-04:00,7.725748589050614
2002-10-02 00:00:00-04:00,7.910323164921047
2002-10-03 00:00:00-04:00,7.673014506339407
2002-10-04 00:00:00-04:00,7.488436707542063
2002-10-07 00:00:00-04:00,7.446248513080453
2002-10-08 00:00:00-04:00,7.546448452058704
2002-10-09 00:00:00-04:00,7.699381670275299
2002-10-10 00:00:00-04:00,7.1772995630202425
2002-10-11 00:00:00-04:00,7.6677382849329065
2002-10-14 00:00:00-04:00,7.683557313244846
2002-10-15 00:00:00-04:00,7.899775148408135
2002-10-16 00:00:00-04:00,8.01579371591828
2002-10-17 00:00:00-04:00,7.910323074075339
2002-10-18 00:00:00-04:00,8.015791911393418
2002-10-21 00:00:00-04:00,7.989427406096271
2002-10-22 00:00:00-04:00,8.147635995341439
2002-10-23 00:00:00-04:00,7.804854796300535
2002-10-24 00:00:00-04:00,7.725746763606705
2002-10-25 00:00:00-04:00,7.794301603474495
2002-10-28 00:00:00-05:00,8.052707872402397
2002-10-29 00:00:00-05:00,7.968332372577076
2002-10-30 00:00:00-05:00,7.857587013146842
2002-10-31 00:00:00-05:00,7.883957347242802
2002-11-01 00:00:00-05:00,7.963056911730988
2002-11-04 00:00:00-05:00,7.910322636423458
2002-11-05 00:00:00-05:00,8.068529036774798
2002-11-06 00:00:00-05:00,8.015794463128051
2002-11-07 00:00:00-05:00,8.052706104608568
2002-11-08 00:00:00-05:00,8.03161841219045
2002-11-11 00:00:00-05:00,8.042157816788496
2002-11-12 00:00:00-05:00,7.989422764056465
2002-11-13 00:00:00-05:00,8.01579789906279
2002-11-14 00:00:00-05:00,8.06852965164719
2002-11-15 00:00:00-05:00,8.232008229256504
2002-11-18 00:00:00-05:00,8.437676323784721
2002-11-19 00:00:00-05:00,8.29528679621102
2002-11-20 00:00:00-05:00,8.179274632340233
2002-11-21 00:00:00-05:00,8.258375048130908
2002-11-22 00:00:00-05:00,8.490410163235055
2002-11-25 00:00:00-05:00,8.490412261810096
2002-11-26 00:00:00-05:00,8.49041380140337
2002-11-27 00:00:00-05:00,8.305839405039851
2002-11-29 00:00:00-05:00,8.500959444790363
2002-12-02 00:00:00-05:00,8.490412463190655
2002-12-03 00:00:00-05:00,8.30583924374053
2002-12-04 00:00:00-05:00,8.229140832928582
2002-12-05 00:00:00-05:00,8.340629621187194
2002-12-06 00:00:00-05:00,8.229141128741505
2002-12-09 00:00:00-05:00,8.239765047559947
2002-12-10 00:00:00-05:00,8.016777754002131
2002-12-11 00:00:00-05:00,8.372489257309805
2002-12-12 00:00:00-05:00,8.335322380065918
2002-12-13 00:00:00-05:00,8.308780215194705
2002-12-16 00:00:00-05:00,8.181360458622322
2002-12-17 00:00:00-05:00,8.28223084249277
2002-12-18 00:00:00-05:00,8.176050068699851
2002-12-19 00:00:00-05:00,8.069869616399863
2002-12-20 00:00:00-05:00,8.202595238513702
2002-12-23 00:00:00-05:00,8.213213867374101
2002-12-24 00:00:00-05:00,8.176049713044794
2002-12-26 00:00:00-05:00,8.21852084794876
2002-12-27 00:00:00-05:00,8.165429491436516
2002-12-30 00:00:00-05:00,8.091106176635815
2002-12-31 00:00:00-05:00,8.170740458746511
2003-01-02 00:00:00-05:00,8.176051868935764
2003-01-03 00:00:00-05:00,8.372486799367756
2003-01-06 00:00:00-05:00,8.537069143385157
2003-01-07 00:00:00-05:00,8.505217865358706
2003-01-08 00:00:00-05:00,8.229138751694373
2003-01-09 00:00:00-05:00,8.122956090674341
2003-01-10 00:00:00-05:00,8.04332405911167
2003-01-13 00:00:00-05:00,8.494598416396524
2003-01-14 00:00:00-05:00,8.414961032946552
2003-01-15 00:00:00-05:00,8.494599342346191
2003-01-16 00:00:00-05:00,8.494593798564239
2003-01-17 00:00:00-05:00,8.388416488427913
2003-01-21 00:00:00-05:00,8.30877537579675
2003-01-22 00:00:00-05:00,8.059251409036191
2003-01-23 00:00:00-05:00,8.20259578772707
2003-01-24 00:00:00-05:00,8.069867532479988
2003-01-27 00:00:00-05:00,7.857501368972368
2003-01-28 00:00:00-05:00,7.815030183479703
2003-01-29 00:00:00-05:00,7.841573703495421
2003-01-30 00:00:00-05:00,7.804414417073923
2003-01-31 00:00:00-05:00,7.581423202571858
2003-02-03 00:00:00-05:00,7.6716782828908086
2003-02-04 00:00:00-05:00,7.623897730515498
2003-02-05 00:00:00-05:00,7.565497718876831
2003-02-06 00:00:00-05:00,7.523027559801809
2003-02-07 00:00:00-05:00,7.560192096681163
2003-02-10 00:00:00-05:00,7.300044553620474
2003-02-11 00:00:00-05:00,7.4062262610039085
2003-02-12 00:00:00-05:00,7.337207279134996
2003-02-13 00:00:00-05:00,7.294735744751413
2003-02-14 00:00:00-05:00,7.326589394303694
2003-02-18 00:00:00-05:00,7.3265876492430655
2003-02-19 00:00:00-05:00,7.48055652598442
2003-02-20 00:00:00-05:00,7.400918957918076
2003-02-21 00:00:00-05:00,7.390298968941727
2003-02-24 00:00:00-05:00,7.565500719206673
2003-02-25 00:00:00-05:00,7.379678274131901
2003-02-26 00:00:00-05:00,7.485863180806485
2003-02-27 00:00:00-05:00,7.220404375860439
2003-02-28 00:00:00-05:00,7.416842688274481
2003-03-03 00:00:00-05:00,7.326591780146793
2003-03-04 00:00:00-05:00,7.220408889522243
2003-03-05 00:00:00-05:00,7.114226003777119
2003-03-06 00:00:00-05:00,7.138054781672776
2003-03-07 00:00:00-05:00,6.988228459821081
2003-03-10 00:00:00-05:00,7.089893818132979
2003-03-11 00:00:00-05:00,6.929367580430408
2003-03-12 00:00:00-05:00,6.886565380658722
2003-03-13 00:00:00-05:00,6.715333890719056
2003-03-14 00:00:00-05:00,6.8223535427129365
2003-03-17 00:00:00-05:00,6.950770350658593
2003-03-18 00:00:00-05:00,7.06314362002787
2003-03-19 00:00:00-05:00,7.1434024143248855
2003-03-20 00:00:00-05:00,7.170158597038421
2003-03-21 00:00:00-05:00,7.325332593336026
2003-03-24 00:00:00-05:00,7.357437178817245
2003-03-25 00:00:00-05:00,7.2450707167058
2003-03-26 00:00:00-05:00,7.266474500027874
2003-03-27 00:00:00-05:00,7.2236681973377115
2003-03-28 00:00:00-05:00,7.170158610958723
2003-03-31 00:00:00-05:00,7.170158308619791
2003-04-01 00:00:00-05:00,7.073844048704534
2003-04-02 00:00:00-05:00,7.1915597158843925
2003-04-03 00:00:00-05:00,7.384193641258176
2003-04-04 00:00:00-05:00,7.3467372400710325
2003-04-07 00:00:00-04:00,7.416297613742941
2003-04-08 00:00:00-04:00,7.287877939235537
2003-04-09 00:00:00-04:00,7.223665156387744
2003-04-10 00:00:00-04:00,7.180861075211809
2003-04-11 00:00:00-04:00,7.23971981450096
2003-04-14 00:00:00-04:00,7.1487564456826815
2003-04-15 00:00:00-04:00,7.330684510562641
2003-04-16 00:00:00-04:00,7.480506143136756
2003-04-17 00:00:00-04:00,7.507262887230787
2003-04-21 00:00:00-04:00,7.544720483109733
2003-04-22 00:00:00-04:00,7.5982291217213715
2003-04-23 00:00:00-04:00,7.887172572695771
2003-04-24 00:00:00-04:00,7.972788551799525
2003-04-25 00:00:00-04:00,7.785508427152441
2003-04-28 00:00:00-04:00,7.839012525499652
2003-04-29 00:00:00-04:00,7.919277549559456
2003-04-30 00:00:00-04:00,7.828313623530141
2003-05-01 00:00:00-04:00,7.876471660139785
2003-05-02 00:00:00-04:00,7.839016898827517
2003-05-05 00:00:00-04:00,7.897874117410568
2003-05-06 00:00:00-04:00,7.85507043965033
2003-05-07 00:00:00-04:00,7.673139998421741
2003-05-08 00:00:00-04:00,7.79085678896053
2003-05-09 00:00:00-04:00,7.619634242858109
2003-05-12 00:00:00-04:00,7.748052626918483
2003-05-13 00:00:00-04:00,7.758754332448364
2003-05-14 00:00:00-04:00,7.769456339796276
2003-05-15 00:00:00-04:00,7.935328203561647
2003-05-16 00:00:00-04:00,7.88182331352113
2003-05-19 00:00:00-04:00,7.844363435377024
2003-05-20 00:00:00-04:00,7.635683525966446
2003-05-21 00:00:00-04:00,7.705247081248711
2003-05-22 00:00:00-04:00,7.6945426176803755
2003-05-23 00:00:00-04:00,7.651734271379245
2003-05-27 00:00:00-04:00,7.7052480304837285
2003-05-28 00:00:00-04:00,7.780154985442651
2003-05-29 00:00:00-04:00,7.865767768344542
2003-05-30 00:00:00-04:00,7.972790950768306
2003-06-02 00:00:00-04:00,8.144014824011188
2003-06-03 00:00:00-04:00,8.229628643207615
2003-06-04 00:00:00-04:00,8.240333269910014
2003-06-05 00:00:00-04:00,8.3123700275155
2003-06-06 00:00:00-04:00,8.430885517695982
2003-06-09 00:00:00-04:00,8.323140801840406
2003-06-10 00:00:00-04:00,8.161528451725689
2003-06-11 00:00:00-04:00,8.242334759079826
2003-06-12 00:00:00-04:00,8.34469303016799
2003-06-13 00:00:00-04:00,8.447047437502919
2003-06-16 00:00:00-04:00,8.382401319711867
2003-06-17 00:00:00-04:00,8.673306719034125
2003-06-18 00:00:00-04:00,8.754117255023289
2003-06-19 00:00:00-04:00,8.78643787930352
2003-06-20 00:00:00-04:00,8.781049420764674
2003-06-23 00:00:00-04:00,8.640982621037438
2003-06-24 00:00:00-04:00,8.565562251984545
2003-06-25 00:00:00-04:00,8.834921585621784
2003-06-26 00:00:00-04:00,8.807985935888393
2003-06-27 00:00:00-04:00,9.039636041925359
2003-06-30 00:00:00-04:00,8.861859910472635
2003-07-01 00:00:00-04:00,8.619435489664859
2003-07-02 00:00:00-04:00,8.872629896105499
2003-07-03 00:00:00-04:00,8.904953223326189
2003-07-07 00:00:00-04:00,8.861857342564582
2003-07-08 00:00:00-04:00,8.856470253335342
2003-07-09 00:00:00-04:00,8.878018450498834
2003-07-10 00:00:00-04:00,8.86185683431039
2003-07-11 00:00:00-04:00,8.754113691793634
2003-07-14 00:00:00-04:00,8.953440314942322
2003-07-15 00:00:00-04:00,9.023471508237046
2003-07-16 00:00:00-04:00,9.007309696823716
2003-07-17 00:00:00-04:00,8.942664507448969
2003-07-18 00:00:00-04:00,8.75950060499718
2003-07-21 00:00:00-04:00,8.872632198831115
2003-07-22 00:00:00-04:00,8.67330748988276
2003-07-23 00:00:00-04:00,8.684081763920112
2003-07-24 00:00:00-04:00,8.56556735844466
2003-07-25 00:00:00-04:00,8.614046649982972
2003-07-28 00:00:00-04:00,8.764889272811816
2003-07-29 00:00:00-04:00,8.67330660856761
2003-07-30 00:00:00-04:00,8.430888515172985
2003-07-31 00:00:00-04:00,8.387788486245933
2003-08-01 00:00:00-04:00,8.403950506016468
2003-08-04 00:00:00-04:00,8.269272002992604
2003-08-05 00:00:00-04:00,7.919107046574719
2003-08-06 00:00:00-04:00,7.897557903095071
2003-08-07 00:00:00-04:00,8.005298801788724
2003-08-08 00:00:00-04:00,8.026848916808552
2003-08-11 00:00:00-04:00,7.87601286845265
2003-08-12 00:00:00-04:00,7.9137190844801415
2003-08-13 00:00:00-04:00,7.972979230100931
2003-08-14 00:00:00-04:00,7.865233968972529
2003-08-15 00:00:00-04:00,8.02684924401248
2003-08-18 00:00:00-04:00,7.9137174569773
2003-08-19 00:00:00-04:00,8.016072800599767
2003-08-20 00:00:00-04:00,8.053782537738687
2003-08-21 00:00:00-04:00,8.064563070824612
2003-08-22 00:00:00-04:00,8.091496772864812
2003-08-25 00:00:00-04:00,7.951427316537492
2003-08-26 00:00:00-04:00,8.021460310763436
2003-08-27 00:00:00-04:00,7.994530064583972
2003-08-28 00:00:00-04:00,8.026850542917714
2003-08-29 00:00:00-04:00,7.9191039417254965
2003-09-02 00:00:00-04:00,8.164506790811068
2003-09-03 00:00:00-04:00,8.403200423950366
2003-09-04 00:00:00-04:00,8.392349830244614
2003-09-05 00:00:00-04:00,8.370652034576466
2003-09-08 00:00:00-04:00,8.191630335555267
2003-09-09 00:00:00-04:00,8.197054618699372
2003-09-10 00:00:00-04:00,8.142806356096736
2003-09-11 00:00:00-04:00,8.061432127641858
2003-09-12 00:00:00-04:00,8.10483155817315
2003-09-15 00:00:00-04:00,8.11568085854808
2003-09-16 00:00:00-04:00,8.056002909483283
2003-09-17 00:00:00-04:00,8.186208082190324
2003-09-18 00:00:00-04:00,8.169933216290579
2003-09-19 00:00:00-04:00,8.19163305431141
2003-09-22 00:00:00-04:00,8.169930130683717
2003-09-23 00:00:00-04:00,8.186203547043943
2003-09-24 00:00:00-04:00,8.197054456796176
2003-09-25 00:00:00-04:00,8.148230444466911
2003-09-26 00:00:00-04:00,7.893256677740029
2003-09-29 00:00:00-04:00,7.839007768545442
2003-09-30 00:00:00-04:00,7.920383986252358
2003-10-01 00:00:00-04:00,7.84985812368177
2003-10-02 00:00:00-04:00,8.137379149585861
2003-10-03 00:00:00-04:00,8.137378604423944
2003-10-06 00:00:00-04:00,8.224177609336701
2003-10-07 00:00:00-04:00,8.240453255224024
2003-10-08 00:00:00-04:00,8.191633128821765
2003-10-09 00:00:00-04:00,8.169930049249656
2003-10-10 00:00:00-04:00,8.164506671371802
2003-10-13 00:00:00-04:00,8.142806537382985
2003-10-14 00:00:00-04:00,8.175350262489776
2003-10-15 00:00:00-04:00,8.273003002874034
2003-10-16 00:00:00-04:00,8.153655296461762
2003-10-17 00:00:00-04:00,8.180781290433499
2003-10-20 00:00:00-04:00,8.169929504394531
2003-10-21 00:00:00-04:00,8.169929504394531
2003-10-22 00:00:00-04:00,8.115679867135432
2003-10-23 00:00:00-04:00,7.97463421866237
2003-10-24 00:00:00-04:00,8.088555101273938
2003-10-27 00:00:00-05:00,7.958358599840695
2003-10-28 00:00:00-05:00,7.980055438544365
2003-10-29 00:00:00-05:00,7.285668032849151
2003-10-30 00:00:00-05:00,7.106648178091584
2003-10-31 00:00:00-05:00,7.03612258822212
2003-11-03 00:00:00-05:00,7.2422674022688485
2003-11-04 00:00:00-05:00,7.3236430792628155
2003-11-05 00:00:00-05:00,7.323641811800922
2003-11-06 00:00:00-05:00,7.2314203525964285
2003-11-07 00:00:00-05:00,7.285670351121105
2003-11-10 00:00:00-05:00,7.133770165110796
2003-11-11 00:00:00-05:00,7.215144937450773
2003-11-12 00:00:00-05:00,7.1880160615659445
2003-11-13 00:00:00-05:00,7.215143356279708
2003-11-14 00:00:00-05:00,7.242268490432983
2003-11-17 00:00:00-05:00,7.090372829630129
2003-11-18 00:00:00-05:00,7.204294296418854
2003-11-19 00:00:00-05:00,7.063244796357159
2003-11-20 00:00:00-05:00,7.225993853895044
2003-11-21 00:00:00-05:00,7.22057182491601
2003-11-24 00:00:00-05:00,7.236846371516439
2003-11-25 00:00:00-05:00,7.29651714184415
2003-11-26 00:00:00-05:00,7.350765388289201
2003-11-28 00:00:00-05:00,7.345344713152785
2003-12-01 00:00:00-05:00,7.383314292001152
2003-12-02 00:00:00-05:00,7.372466933078969
2003-12-03 00:00:00-05:00,7.334494174283231
2003-12-04 00:00:00-05:00,7.190666505254135
2003-12-05 00:00:00-05:00,7.43673700599513
2003-12-08 00:00:00-05:00,7.4367396280829166
2003-12-09 00:00:00-05:00,7.5187542439589805
2003-12-10 00:00:00-05:00,7.2890928596269156
2003-12-11 00:00:00-05:00,7.300030321972905
2003-12-12 00:00:00-05:00,7.502352089641925
2003-12-15 00:00:00-05:00,7.518758395852567
2003-12-16 00:00:00-05:00,7.4476745202567285
2003-12-17 00:00:00-05:00,7.480480674466394
2003-12-18 00:00:00-05:00,7.464077957375651
2003-12-19 00:00:00-05:00,7.431265813794515
2003-12-22 00:00:00-05:00,7.518758719631891
2003-12-23 00:00:00-05:00,7.475012361803965
2003-12-24 00:00:00-05:00,7.464075739973033
2003-12-26 00:00:00-05:00,7.546097221538392
2003-12-29 00:00:00-05:00,7.518759503723596
2003-12-30 00:00:00-05:00,7.666398765869933
2003-12-31 00:00:00-05:00,7.8031033559537555
2004-01-02 00:00:00-05:00,7.677333349148492
2004-01-05 00:00:00-05:00,7.764825781643963
2004-01-06 00:00:00-05:00,7.792166805237319
2004-01-07 00:00:00-05:00,7.710146108545378
2004-01-08 00:00:00-05:00,7.710147137882596
2004-01-09 00:00:00-05:00,7.846850976115808
2004-01-12 00:00:00-05:00,7.8632529733239895
2004-01-13 00:00:00-05:00,7.98355226355544
2004-01-14 00:00:00-05:00,8.098381901995465
2004-01-15 00:00:00-05:00,8.229623787792052
2004-01-16 00:00:00-05:00,8.393665694139763
2004-01-20 00:00:00-05:00,8.246027010343491
2004-01-21 00:00:00-05:00,8.453818050609396
2004-01-22 00:00:00-05:00,8.44835231120696
2004-01-23 00:00:00-05:00,8.71082491184887
2004-01-26 00:00:00-05:00,8.667076185324163
2004-01-27 00:00:00-05:00,8.749102538181267
2004-01-28 00:00:00-05:00,8.743633333054511
2004-01-29 00:00:00-05:00,8.530371738310178
2004-01-30 00:00:00-05:00,8.55771026946141
2004-02-02 00:00:00-05:00,8.475693361832887
2004-02-03 00:00:00-05:00,8.557711111372535
2004-02-04 00:00:00-05:00,8.464751094665942
2004-02-05 00:00:00-05:00,8.44834776065339
2004-02-06 00:00:00-05:00,8.453818056349464
2004-02-09 00:00:00-05:00,8.475688271106083
2004-02-10 00:00:00-05:00,8.42648192618117
2004-02-11 00:00:00-05:00,8.442884798517458
2004-02-12 00:00:00-05:00,8.355391608596387
2004-02-13 00:00:00-05:00,8.284304878355313
2004-02-17 00:00:00-05:00,8.366328562767785
2004-02-18 00:00:00-05:00,8.267901002262851
2004-02-19 00:00:00-05:00,8.3116461437467
2004-02-20 00:00:00-05:00,8.295244549390143
2004-02-23 00:00:00-05:00,8.240557542637665
2004-02-24 00:00:00-05:00,8.120257676737527
2004-02-25 00:00:00-05:00,8.120260393417176
2004-02-26 00:00:00-05:00,8.213219320274627
2004-02-27 00:00:00-05:00,8.21322089974337
2004-03-01 00:00:00-05:00,8.278836463504403
2004-03-02 00:00:00-05:00,8.366327553359069
2004-03-03 00:00:00-05:00,8.366324655776278
2004-03-04 00:00:00-05:00,8.448349122691821
2004-03-05 00:00:00-05:00,8.475690750264098
2004-03-08 00:00:00-05:00,8.585053594575763
2004-03-09 00:00:00-05:00,8.563180867157858
2004-03-10 00:00:00-05:00,8.585055726952412
2004-03-11 00:00:00-05:00,8.445522354318475
2004-03-12 00:00:00-05:00,8.467543864793827
2004-03-15 00:00:00-05:00,8.599676016401387
2004-03-16 00:00:00-05:00,8.47855718255112
2004-03-17 00:00:00-05:00,8.50608338584156
2004-03-18 00:00:00-05:00,8.528104543769972
2004-03-19 00:00:00-05:00,8.588665984623299
2004-03-22 00:00:00-05:00,8.594173937074881
2004-03-23 00:00:00-05:00,8.533607545051545
2004-03-24 00:00:00-05:00,8.467543206160753
2004-03-25 00:00:00-05:00,8.346421360986668
2004-03-26 00:00:00-05:00,8.351927544063296
2004-03-29 00:00:00-05:00,8.368446433176427
2004-03-30 00:00:00-05:00,8.62720572887094
2004-03-31 00:00:00-05:00,8.632711456165094
2004-04-01 00:00:00-05:00,8.654731291822827
2004-04-02 00:00:00-05:00,8.797878559790794
2004-04-05 00:00:00-04:00,8.880460499842556
2004-04-06 00:00:00-04:00,8.863942967236067
2004-04-07 00:00:00-04:00,8.753833121213587
2004-04-08 00:00:00-04:00,8.836416944945242
2004-04-12 00:00:00-04:00,8.808889239556704
2004-04-13 00:00:00-04:00,8.913492393627562
2004-04-14 00:00:00-04:00,8.66023887229889
2004-04-15 00:00:00-04:00,8.577655534361368
2004-04-16 00:00:00-04:00,8.52260020338847
2004-04-19 00:00:00-04:00,8.665745485301287
2004-04-20 00:00:00-04:00,8.621701024221885
2004-04-21 00:00:00-04:00,8.561141135852369
2004-04-22 00:00:00-04:00,8.671249151248025
2004-04-23 00:00:00-04:00,8.709789276123047
2004-04-26 00:00:00-04:00,8.709789320700674
2004-04-27 00:00:00-04:00,8.726303558952631
2004-04-28 00:00:00-04:00,8.748325665400664
2004-04-29 00:00:00-04:00,8.69326978183741
2004-04-30 00:00:00-04:00,8.742821767265497
2004-05-03 00:00:00-04:00,8.577653647227985
2004-05-04 00:00:00-04:00,8.434511876422453
2004-05-05 00:00:00-04:00,8.368445265451218
2004-05-06 00:00:00-04:00,8.412489984703662
2004-05-07 00:00:00-04:00,8.478554412442284
2004-05-10 00:00:00-04:00,8.37945636477647
2004-05-11 00:00:00-04:00,8.808887346106923
2004-05-12 00:00:00-04:00,9.084168028951046
2004-05-13 00:00:00-04:00,9.298882172999292
2004-05-14 00:00:00-04:00,9.216301017381861
2004-05-17 00:00:00-04:00,9.304388658234906
2004-05-18 00:00:00-04:00,9.078660180318979
2004-05-19 00:00:00-04:00,9.249329378740102
2004-05-20 00:00:00-04:00,9.106190900396227
2004-05-21 00:00:00-04:00,9.293377810040734
2004-05-24 00:00:00-04:00,9.265851467733642
2004-05-25 00:00:00-04:00,9.293379058999134
2004-05-26 00:00:00-04:00,9.359444166000314
2004-05-27 00:00:00-04:00,9.331916809082031
2004-05-28 00:00:00-04:00,9.331918958117084
2004-06-01 00:00:00-04:00,9.3043851852417
2004-06-02 00:00:00-04:00,9.359443903392451
2004-06-03 00:00:00-04:00,9.34843181206813
2004-06-04 00:00:00-04:00,9.194279187169032
2004-06-07 00:00:00-04:00,9.403487682949159
2004-06-08 00:00:00-04:00,9.425510859982817
2004-06-09 00:00:00-04:00,9.480565059178524
2004-06-10 00:00:00-04:00,9.227309060954987
2004-06-14 00:00:00-04:00,9.323299242215523
2004-06-15 00:00:00-04:00,9.251284987330584
2004-06-16 00:00:00-04:00,9.589203347707311
2004-06-17 00:00:00-04:00,9.500569496604394
2004-06-18 00:00:00-04:00,9.511650100686827
2004-06-21 00:00:00-04:00,9.417475456565999
2004-06-22 00:00:00-04:00,9.417473249017771
2004-06-23 00:00:00-04:00,9.500569725493314
2004-06-24 00:00:00-04:00,9.528266063096854
2004-06-25 00:00:00-04:00,9.611362535912676
2004-06-28 00:00:00-04:00,9.583665680335685
2004-06-29 00:00:00-04:00,9.533801845573928
2004-06-30 00:00:00-04:00,9.639061689562215
2004-07-01 00:00:00-04:00,9.683379250469113
2004-07-02 00:00:00-04:00,9.544890076066801
2004-07-06 00:00:00-04:00,9.533805169717853
2004-07-07 00:00:00-04:00,9.500570769093754
2004-07-08 00:00:00-04:00,9.445169791163567
2004-07-09 00:00:00-04:00,9.350999331407351
2004-07-12 00:00:00-04:00,9.356539876373326
2004-07-13 00:00:00-04:00,9.339919637000122
2004-07-14 00:00:00-04:00,9.362076429267669
2004-07-15 00:00:00-04:00,9.306681145933496
2004-07-16 00:00:00-04:00,9.39531219668481
2004-07-19 00:00:00-04:00,9.31221930228518
2004-07-20 00:00:00-04:00,9.334380312314156
2004-07-21 00:00:00-04:00,9.41747078528771
2004-07-22 00:00:00-04:00,9.029692840924442
2004-07-23 00:00:00-04:00,8.907823001506662
2004-07-26 00:00:00-04:00,8.99091804937261
2004-07-27 00:00:00-04:00,9.373158605871135
2004-07-28 00:00:00-04:00,9.33438016520199
2004-07-29 00:00:00-04:00,9.33437682770163
2004-07-30 00:00:00-04:00,9.306679314746496
2004-08-02 00:00:00-04:00,9.284523079566938
2004-08-03 00:00:00-04:00,9.362081379587103
2004-08-04 00:00:00-04:00,9.334377211121913
2004-08-05 00:00:00-04:00,9.467328508197124
2004-08-06 00:00:00-04:00,9.262362307469052
2004-08-09 00:00:00-04:00,9.201428251460555
2004-08-10 00:00:00-04:00,9.328838753929313
2004-08-11 00:00:00-04:00,9.362077865294573
2004-08-12 00:00:00-04:00,9.306677255705658
2004-08-13 00:00:00-04:00,9.362073623653894
2004-08-16 00:00:00-04:00,9.306681839092144
2004-08-17 00:00:00-04:00,9.389776229858398
2004-08-18 00:00:00-04:00,9.306681145933496
2004-08-19 00:00:00-04:00,9.373156777252865
2004-08-20 00:00:00-04:00,9.406394158509903
2004-08-23 00:00:00-04:00,9.417473716140492
2004-08-24 00:00:00-04:00,9.411935730463155
2004-08-25 00:00:00-04:00,9.406394158509903
2004-08-26 00:00:00-04:00,9.389775763342186
2004-08-27 00:00:00-04:00,9.439633062069547
2004-08-30 00:00:00-04:00,9.389780003180194
2004-08-31 00:00:00-04:00,9.362078346942212
2004-09-01 00:00:00-04:00,9.323301088475407
2004-09-02 00:00:00-04:00,9.323296679274407
2004-09-03 00:00:00-04:00,9.528269647618046
2004-09-07 00:00:00-04:00,9.506106086370812
2004-09-08 00:00:00-04:00,9.611365022414084
2004-09-09 00:00:00-04:00,9.528270570707608
2004-09-10 00:00:00-04:00,9.517188390484508
2004-09-13 00:00:00-04:00,9.445171822717384
2004-09-14 00:00:00-04:00,9.389777195724106
2004-09-15 00:00:00-04:00,9.389776941985778
2004-09-16 00:00:00-04:00,9.445173263549805
2004-09-17 00:00:00-04:00,9.445176679326552
2004-09-20 00:00:00-04:00,9.445173339504237
2004-09-21 00:00:00-04:00,9.472870283396967
2004-09-22 00:00:00-04:00,9.497443823922838
2004-09-23 00:00:00-04:00,9.380398421993394
2004-09-24 00:00:00-04:00,9.475148693107842
2004-09-27 00:00:00-04:00,9.475148693107842
2004-09-28 00:00:00-04:00,9.491869235474732
2004-09-29 00:00:00-04:00,9.681375620103267
2004-09-30 00:00:00-04:00,9.642358272835267
2004-10-01 00:00:00-04:00,9.798420986959314
2004-10-04 00:00:00-04:00,9.987923472856725
2004-10-05 00:00:00-04:00,9.932187413615397
2004-10-06 00:00:00-04:00,9.882024787735144
2004-10-07 00:00:00-04:00,9.837435167304234
2004-10-08 00:00:00-04:00,9.625636885865783
2004-10-11 00:00:00-04:00,9.530886313243997
2004-10-12 00:00:00-04:00,9.542037741031635
2004-10-13 00:00:00-04:00,9.698093757996135
2004-10-14 00:00:00-04:00,9.642360378177552
2004-10-15 00:00:00-04:00,9.402693346308817
2004-10-18 00:00:00-04:00,9.491870436838175
2004-10-19 00:00:00-04:00,9.3915472486302
2004-10-20 00:00:00-04:00,9.068279394497713
2004-10-21 00:00:00-04:00,9.140731209523203
2004-10-22 00:00:00-04:00,9.118441932233813
2004-10-25 00:00:00-04:00,9.029259950333822
2004-10-26 00:00:00-04:00,9.151880364880052
2004-10-27 00:00:00-04:00,9.363674831377288
2004-10-28 00:00:00-04:00,9.586620330810547
2004-10-29 00:00:00-04:00,9.586623852680477
2004-11-01 00:00:00-05:00,9.497443820447078
2004-11-02 00:00:00-05:00,9.56990114903936
2004-11-03 00:00:00-05:00,9.69809561409378
2004-11-04 00:00:00-05:00,9.893171119011631
2004-11-05 00:00:00-05:00,10.004642616591283
2004-11-08 00:00:00-05:00,10.026937179609668
2004-11-09 00:00:00-05:00,10.099392733744935
2004-11-10 00:00:00-05:00,10.249879511308915
2004-11-11 00:00:00-05:00,10.288896375120666
2004-11-12 00:00:00-05:00,10.45053197920046
2004-11-15 00:00:00-05:00,10.472828659176955
2004-11-16 00:00:00-05:00,10.506267229471243
2004-11-17 00:00:00-05:00,10.506266123200556
2004-11-18 00:00:00-05:00,10.534139505326543
2004-11-19 00:00:00-05:00,10.422663858911475
2004-11-22 00:00:00-05:00,10.272177925968904
2004-11-23 00:00:00-05:00,10.495117201233514
2004-11-24 00:00:00-05:00,10.5620050137973
2004-11-26 00:00:00-05:00,10.706920500214787
2004-11-29 00:00:00-05:00,10.701348298171721
2004-11-30 00:00:00-05:00,10.645612577937802
2004-12-01 00:00:00-05:00,10.589873759840083
2004-12-02 00:00:00-05:00,10.70134242250438
2004-12-03 00:00:00-05:00,10.656759255366033
2004-12-06 00:00:00-05:00,10.617738254713222
2004-12-07 00:00:00-05:00,10.4839756125028
2004-12-08 00:00:00-05:00,10.411518046418447
2004-12-09 00:00:00-05:00,10.483971149450047
2004-12-10 00:00:00-05:00,10.478403494178025
2004-12-13 00:00:00-05:00,10.684625617529194
2004-12-14 00:00:00-05:00,10.673475917251439
2004-12-15 00:00:00-05:00,10.561999966894081
2004-12-16 00:00:00-05:00,10.659222157058384
2004-12-17 00:00:00-05:00,10.440657928695488
2004-12-20 00:00:00-05:00,10.541530301815447
2004-12-21 00:00:00-05:00,10.575158883003649
2004-12-22 00:00:00-05:00,10.715262373017493
2004-12-23 00:00:00-05:00,10.748890637919228
2004-12-27 00:00:00-05:00,10.748884944569348
2004-12-28 00:00:00-05:00,10.642412578628193
2004-12-29 00:00:00-05:00,10.776911301245192
2004-12-30 00:00:00-05:00,10.732079375691923
2004-12-31 00:00:00-05:00,10.70405307973016
2005-01-03 00:00:00-05:00,10.760098815722303
2005-01-04 00:00:00-05:00,10.66482682685636
2005-01-05 00:00:00-05:00,10.339784652579915
2005-01-06 00:00:00-05:00,10.45186248582561
2005-01-07 00:00:00-05:00,10.31176171627592
2005-01-10 00:00:00-05:00,10.210884851691194
2005-01-11 00:00:00-05:00,10.15484256606336
2005-01-12 00:00:00-05:00,10.065174979383118
2005-01-13 00:00:00-05:00,10.104406899406738
2005-01-14 00:00:00-05:00,10.031550681059242
2005-01-18 00:00:00-05:00,10.059573046691602
2005-01-19 00:00:00-05:00,10.087594291740002
2005-01-20 00:00:00-05:00,9.930672156967166
2005-01-21 00:00:00-05:00,9.89144543236772
2005-01-24 00:00:00-05:00,9.919466018676758
2005-01-25 00:00:00-05:00,9.919465137667615
2005-01-26 00:00:00-05:00,10.014738552306834
2005-01-27 00:00:00-05:00,10.154842732589406
2005-01-28 00:00:00-05:00,10.171655980282935
2005-01-31 00:00:00-05:00,10.031549848681202
2005-02-01 00:00:00-05:00,10.311760386708874
2005-02-02 00:00:00-05:00,10.311758596113483
2005-02-03 00:00:00-05:00,10.311757942768903
2005-02-04 00:00:00-05:00,10.238904248759447
2005-02-07 00:00:00-05:00,10.367802051598474
2005-02-08 00:00:00-05:00,10.255714714676412
2005-02-09 00:00:00-05:00,10.3678029769531
2005-02-10 00:00:00-05:00,10.14363560113975
2005-02-11 00:00:00-05:00,10.037154500218302
2005-02-14 00:00:00-05:00,10.423847528299904
2005-02-15 00:00:00-05:00,10.563947691149533
2005-02-16 00:00:00-05:00,10.51911719730797
2005-02-17 00:00:00-05:00,10.56394820039457
2005-02-18 00:00:00-05:00,10.502304316848909
2005-02-22 00:00:00-05:00,10.39582400366798
2005-02-23 00:00:00-05:00,10.255718783082557
2005-02-24 00:00:00-05:00,10.373406339279914
2005-02-25 00:00:00-05:00,10.463074804830539
2005-02-28 00:00:00-05:00,10.423844267497543
2005-03-01 00:00:00-05:00,10.535927240799824
2005-03-02 00:00:00-05:00,10.591969623032496
2005-03-03 00:00:00-05:00,10.676034090313523
2005-03-04 00:00:00-05:00,10.704057455447744
2005-03-07 00:00:00-05:00,10.648010704344467
2005-03-08 00:00:00-05:00,10.698453233774474
2005-03-09 00:00:00-05:00,10.636801148741908
2005-03-10 00:00:00-05:00,10.423841119177297
2005-03-11 00:00:00-05:00,10.384612391514022
2005-03-14 00:00:00-05:00,10.418240034874332
2005-03-15 00:00:00-05:00,10.524719478632333
2005-03-16 00:00:00-05:00,10.38765678113968
2005-03-17 00:00:00-05:00,10.449653669382084
2005-03-18 00:00:00-05:00,10.455294331689393
2005-03-21 00:00:00-05:00,10.258023967543624
2005-03-22 00:00:00-05:00,10.201656486250332
2005-03-23 00:00:00-05:00,10.117116099547262
2005-03-24 00:00:00-05:00,10.026938630085318
2005-03-28 00:00:00-05:00,9.778941884423048
2005-03-29 00:00:00-05:00,9.87475700352472
2005-03-30 00:00:00-05:00,9.948026855925418
2005-03-31 00:00:00-05:00,10.100208614910093
2005-04-01 00:00:00-05:00,10.088932586127585
2005-04-04 00:00:00-04:00,9.976210334384795
2005-04-05 00:00:00-04:00,10.043844605722128
2005-04-06 00:00:00-04:00,10.08892873658301
2005-04-07 00:00:00-04:00,9.925486974732976
2005-04-08 00:00:00-04:00,9.976212625778349
2005-04-11 00:00:00-04:00,9.807123066881488
2005-04-12 00:00:00-04:00,9.750755504836677
2005-04-13 00:00:00-04:00,10.06075357111207
2005-04-14 00:00:00-04:00,9.778937828477966
2005-04-15 00:00:00-04:00,9.677490456528883
2005-04-18 00:00:00-04:00,9.457671860500568
2005-04-19 00:00:00-04:00,9.50839987268833
2005-04-20 00:00:00-04:00,9.666213675338698
2005-04-21 00:00:00-04:00,9.632398178451671
2005-04-22 00:00:00-04:00,9.497123434886323
2005-04-25 00:00:00-04:00,9.440764354664564
2005-04-26 00:00:00-04:00,9.468940853864124
2005-04-27 00:00:00-04:00,9.243493270448853
2005-04-28 00:00:00-04:00,9.153313848096474
2005-04-29 00:00:00-04:00,9.040589167151913
2005-05-02 00:00:00-04:00,9.277308999021153
2005-05-03 00:00:00-04:00,9.468945310784065
2005-05-04 00:00:00-04:00,9.553491817665762
2005-05-05 00:00:00-04:00,9.63803272374795
2005-05-06 00:00:00-04:00,9.570399240495822
2005-05-09 00:00:00-04:00,9.468942949909936
2005-05-10 00:00:00-04:00,9.277308738242313
2005-05-11 00:00:00-04:00,9.412580557664228
2005-05-12 00:00:00-04:00,9.474583480483492
2005-05-13 00:00:00-04:00,9.384402429541275
2005-05-16 00:00:00-04:00,9.316767321314366
2005-05-17 00:00:00-04:00,9.514035651073511
2005-05-18 00:00:00-04:00,9.694397863526964
2005-05-19 00:00:00-04:00,9.948028875070587
2005-05-20 00:00:00-04:00,10.004390142740252
2005-05-23 00:00:00-04:00,10.049478375628679
2005-05-24 00:00:00-04:00,10.184748847884885
2005-05-25 00:00:00-04:00,10.173479531182974
2005-05-26 00:00:00-04:00,10.184750191284161
2005-05-27 00:00:00-04:00,10.320021314041709
2005-05-31 00:00:00-04:00,10.336932707971943
2005-06-01 00:00:00-04:00,10.201660031087105
2005-06-02 00:00:00-04:00,10.25802281840437
2005-06-03 00:00:00-04:00,10.252386728148434
2005-06-06 00:00:00-04:00,10.229841359570555
2005-06-07 00:00:00-04:00,10.28620382828068
2005-06-08 00:00:00-04:00,10.286204660095057
2005-06-09 00:00:00-04:00,10.150934982253673
2005-06-10 00:00:00-04:00,10.145298766937781
2005-06-13 00:00:00-04:00,10.176448579178775
2005-06-14 00:00:00-04:00,10.091409680335168
2005-06-15 00:00:00-04:00,10.476918491963383
2005-06-16 00:00:00-04:00,10.471250083220333
2005-06-17 00:00:00-04:00,10.658338326315867
2005-06-20 00:00:00-04:00,10.459907804933914
2005-06-21 00:00:00-04:00,10.544950621105258
2005-06-22 00:00:00-04:00,10.607316506751902
2005-06-23 00:00:00-04:00,10.465583248790992
2005-06-24 00:00:00-04:00,10.488255892239478
2005-06-27 00:00:00-04:00,10.646997753475146
2005-06-28 00:00:00-04:00,10.50526277722889
2005-06-29 00:00:00-04:00,10.516607700056019
2005-06-30 00:00:00-04:00,10.715029453037369
2005-07-01 00:00:00-04:00,10.754717776561401
2005-07-05 00:00:00-04:00,10.862431227754529
2005-07-06 00:00:00-04:00,11.100548562974357
2005-07-07 00:00:00-04:00,10.800073015727005
2005-07-08 00:00:00-04:00,10.913458496562757
2005-07-11 00:00:00-04:00,11.055193971539262
2005-07-12 00:00:00-04:00,11.140234393910077
2005-07-13 00:00:00-04:00,11.11188825557401
2005-07-14 00:00:00-04:00,11.253615804255599
2005-07-15 00:00:00-04:00,11.12889436646165
2005-07-18 00:00:00-04:00,11.157240257138318
2005-07-19 00:00:00-04:00,11.072196675577674
2005-07-20 00:00:00-04:00,11.11188630608584
2005-07-21 00:00:00-04:00,11.07219792483007
2005-07-22 00:00:00-04:00,11.026845835671246
2005-07-25 00:00:00-04:00,11.179917604388223
2005-07-26 00:00:00-04:00,11.236607007437462
2005-07-27 00:00:00-04:00,11.253617712999642
2005-07-28 00:00:00-04:00,11.196928662186094
2005-07-29 00:00:00-04:00,11.259289698268773
2005-08-01 00:00:00-04:00,11.304638730635736
2005-08-02 00:00:00-04:00,11.264958394185761
2005-08-03 00:00:00-04:00,11.196928847056865
2005-08-04 00:00:00-04:00,11.111886365382244
2005-08-05 00:00:00-04:00,11.026844828882112
2005-08-08 00:00:00-04:00,11.100546041663264
2005-08-09 00:00:00-04:00,11.083536145539352
2005-08-10 00:00:00-04:00,11.168579363870567
2005-08-11 00:00:00-04:00,11.168577156611208
2005-08-12 00:00:00-04:00,11.25361947546123
2005-08-15 00:00:00-04:00,11.179916274106782
2005-08-16 00:00:00-04:00,11.406691653915054
2005-08-17 00:00:00-04:00,11.168579962061925
2005-08-18 00:00:00-04:00,11.281965303202687
2005-08-19 00:00:00-04:00,11.145897598168455
2005-08-22 00:00:00-04:00,11.157239081612875
2005-08-23 00:00:00-04:00,11.17424448041556
2005-08-24 00:00:00-04:00,11.174247932432442
2005-08-25 00:00:00-04:00,11.140227591653503
2005-08-26 00:00:00-04:00,11.162911451754535
2005-08-29 00:00:00-04:00,10.873774259512668
2005-08-30 00:00:00-04:00,10.868105776473806
2005-08-31 00:00:00-04:00,10.856761770585644
2005-09-01 00:00:00-04:00,11.14023261292124
2005-09-02 00:00:00-04:00,11.452046394348145
2005-09-06 00:00:00-04:00,11.50873765723532
2005-09-07 00:00:00-04:00,11.622123888115228
2005-09-08 00:00:00-04:00,11.440699978680458
2005-09-09 00:00:00-04:00,11.435032436186537
2005-09-12 00:00:00-04:00,11.491730436770563
2005-09-13 00:00:00-04:00,11.446372571430954
2005-09-14 00:00:00-04:00,11.57110214079076
2005-09-15 00:00:00-04:00,11.372676454374698
2005-09-16 00:00:00-04:00,11.435037367102732
2005-09-19 00:00:00-04:00,11.758189847776569
2005-09-20 00:00:00-04:00,11.63346422416118
2005-09-21 00:00:00-04:00,11.40941835149506
2005-09-22 00:00:00-04:00,11.14726690546455
2005-09-23 00:00:00-04:00,11.090279886178845
2005-09-26 00:00:00-04:00,10.942104596114484
2005-09-27 00:00:00-04:00,11.1529710830304
2005-09-28 00:00:00-04:00,11.056081961168195
2005-09-29 00:00:00-04:00,10.936401579146391
2005-09-30 00:00:00-04:00,11.295438565910812
2005-10-03 00:00:00-04:00,11.295441612228714
2005-10-04 00:00:00-04:00,11.32963456932558
2005-10-05 00:00:00-04:00,11.141569458373022
2005-10-06 00:00:00-04:00,10.799622275728023
2005-10-07 00:00:00-04:00,10.679946963488979
2005-10-10 00:00:00-04:00,10.771130063558747
2005-10-11 00:00:00-04:00,10.697048145052348
2005-10-12 00:00:00-04:00,10.514678896845169
2005-10-13 00:00:00-04:00,10.497579621266437
2005-10-14 00:00:00-04:00,10.628660998544133
2005-10-17 00:00:00-04:00,10.765431367851274
2005-10-18 00:00:00-04:00,10.651450248107688
2005-10-19 00:00:00-04:00,10.451985824196836
2005-10-20 00:00:00-04:00,10.828122257217272
2005-10-21 00:00:00-04:00,10.548870086669922
2005-10-24 00:00:00-04:00,10.622960947328634
2005-10-25 00:00:00-04:00,10.953496800083892
2005-10-26 00:00:00-04:00,10.7426355034913
2005-10-27 00:00:00-04:00,10.828124237060548
2005-10-28 00:00:00-04:00,10.742637750145354
2005-10-31 00:00:00-05:00,11.016189832046084
2005-11-01 00:00:00-05:00,10.970601311843936
2005-11-02 00:00:00-05:00,11.22705367081889
2005-11-03 00:00:00-05:00,11.39232546205599
2005-11-04 00:00:00-05:00,11.113072086566676
2005-11-07 00:00:00-05:00,11.118768284311722
2005-11-08 00:00:00-05:00,11.113073309736519
2005-11-09 00:00:00-05:00,10.970597841979751
2005-11-10 00:00:00-05:00,11.090271621772075
2005-11-11 00:00:00-05:00,11.170067007641215
2005-11-14 00:00:00-05:00,11.244153230263132
2005-11-15 00:00:00-05:00,11.141565543652032
2005-11-16 00:00:00-05:00,10.782525123580962
2005-11-17 00:00:00-05:00,10.645753034090509
2005-11-18 00:00:00-05:00,10.885106086730957
2005-11-21 00:00:00-05:00,10.879416148526358
2005-11-22 00:00:00-05:00,10.776829933910669
2005-11-23 00:00:00-05:00,10.628657371329195
2005-11-25 00:00:00-05:00,10.583064594773457
2005-11-28 00:00:00-05:00,10.714138272872043
2005-11-29 00:00:00-05:00,10.645753684999033
2005-11-30 00:00:00-05:00,10.793929100036621
2005-12-01 00:00:00-05:00,10.811023023913505
2005-12-02 00:00:00-05:00,10.845218577738953
2005-12-05 00:00:00-05:00,10.793928114843794
2005-12-06 00:00:00-05:00,10.788227933477254
2005-12-07 00:00:00-05:00,10.605856932190761
2005-12-08 00:00:00-05:00,10.469082998959026
2005-12-09 00:00:00-05:00,10.526074502013014
2005-12-12 00:00:00-05:00,10.640055127193026
2005-12-13 00:00:00-05:00,10.543172092619619
2005-12-14 00:00:00-05:00,10.571665376558006
2005-12-15 00:00:00-05:00,10.657150592682662
2005-12-16 00:00:00-05:00,10.531773767741246
2005-12-19 00:00:00-05:00,10.417793385501378
2005-12-20 00:00:00-05:00,10.286714227208828
2005-12-21 00:00:00-05:00,10.523869063980769
2005-12-22 00:00:00-05:00,10.575457626599862
2005-12-23 00:00:00-05:00,10.598388198563319
2005-12-27 00:00:00-05:00,10.60411339991819
2005-12-28 00:00:00-05:00,10.793269675899598
2005-12-29 00:00:00-05:00,10.787540564398792
2005-12-30 00:00:00-05:00,10.948031640617344
2006-01-03 00:00:00-05:00,10.953766778788207
2006-01-04 00:00:00-05:00,11.011080356142068
2006-01-05 00:00:00-05:00,10.890715942994676
2006-01-06 00:00:00-05:00,11.06267320070886
2006-01-09 00:00:00-05:00,11.23462865658741
2006-01-10 00:00:00-05:00,11.246093113615252
2006-01-11 00:00:00-05:00,11.377928120875543
2006-01-12 00:00:00-05:00,11.13718564895113
2006-01-13 00:00:00-05:00,11.154384504943243
2006-01-17 00:00:00-05:00,11.119992727603448
2006-01-18 00:00:00-05:00,11.034012308855363
2006-01-19 00:00:00-05:00,11.039740946310767
2006-01-20 00:00:00-05:00,11.234631040176462
2006-01-23 00:00:00-05:00,10.953763897964329
2006-01-24 00:00:00-05:00,11.022546022753021
2006-01-25 00:00:00-05:00,11.234628727440262
2006-01-26 00:00:00-05:00,11.28048727303323
2006-01-27 00:00:00-05:00,11.458174778341462
2006-01-30 00:00:00-05:00,11.377928969525799
2006-01-31 00:00:00-05:00,11.194510433304494
2006-02-01 00:00:00-05:00,11.17731417176575
2006-02-02 00:00:00-05:00,11.165845126462203
2006-02-03 00:00:00-05:00,10.902176893483881
2006-02-06 00:00:00-05:00,10.930831909179688
2006-02-07 00:00:00-05:00,10.879246820797972
2006-02-08 00:00:00-05:00,10.804731910861898
2006-02-09 00:00:00-05:00,10.89070728039493
2006-02-10 00:00:00-05:00,10.615580861234298
2006-02-13 00:00:00-05:00,10.655700175388771
2006-02-14 00:00:00-05:00,10.724485530313485
2006-02-15 00:00:00-05:00,10.896440956152247
2006-02-16 00:00:00-05:00,10.936565190254193
2006-02-17 00:00:00-05:00,11.097062740822958
2006-02-21 00:00:00-05:00,11.011079293169194
2006-02-22 00:00:00-05:00,10.948033315137693
2006-02-23 00:00:00-05:00,10.925100279030906
2006-02-24 00:00:00-05:00,10.907912254333496
2006-02-27 00:00:00-05:00,10.907904670483713
2006-02-28 00:00:00-05:00,10.879246491360824
2006-03-01 00:00:00-05:00,10.718753738980386
2006-03-02 00:00:00-05:00,10.78180274142724
2006-03-03 00:00:00-05:00,10.661432925649171
2006-03-06 00:00:00-05:00,10.546795931841661
2006-03-07 00:00:00-05:00,10.39202536080135
2006-03-08 00:00:00-05:00,10.363370284152877
2006-03-09 00:00:00-05:00,10.46655225728367
2006-03-10 00:00:00-05:00,10.552532587000975
2006-03-13 00:00:00-05:00,10.604113176309758
2006-03-14 00:00:00-05:00,10.552526783744629
2006-03-15 00:00:00-05:00,10.661432759211335
2006-03-16 00:00:00-05:00,10.710266181343336
2006-03-17 00:00:00-05:00,10.687209129333496
2006-03-20 00:00:00-05:00,10.63533234470539
2006-03-21 00:00:00-05:00,10.635333349418403
2006-03-22 00:00:00-05:00,10.520040868137547
2006-03-23 00:00:00-05:00,10.894733203569151
2006-03-24 00:00:00-05:00,10.865905445340816
2006-03-27 00:00:00-05:00,10.85437703865155
2006-03-28 00:00:00-05:00,10.894729448216518
2006-03-29 00:00:00-05:00,11.119541361451915
2006-03-30 00:00:00-05:00,11.05036694116567
2006-03-31 00:00:00-05:00,10.917789137769246
2006-04-03 00:00:00-04:00,10.721800034603527
2006-04-04 00:00:00-04:00,10.58921712839201
2006-04-05 00:00:00-04:00,10.658387768394755
2006-04-06 00:00:00-04:00,10.773679599099271
2006-04-07 00:00:00-04:00,10.66415415573201
2006-04-10 00:00:00-04:00,10.404756246477788
2006-04-11 00:00:00-04:00,10.491220310038747
2006-04-12 00:00:00-04:00,10.370168851983658
2006-04-13 00:00:00-04:00,10.231822147118589
2006-04-17 00:00:00-04:00,10.277934265616656
2006-04-18 00:00:00-04:00,10.214530723898196
2006-04-19 00:00:00-04:00,10.520043905095601
2006-04-20 00:00:00-04:00,10.468164096943923
2006-04-21 00:00:00-04:00,10.496987205291902
2006-04-24 00:00:00-04:00,10.116530074984958
2006-04-25 00:00:00-04:00,10.00701355116537
2006-04-26 00:00:00-04:00,10.105003532290564
2006-04-27 00:00:00-04:00,9.972424342826695
2006-04-28 00:00:00-04:00,9.909015848087959
2006-05-01 00:00:00-04:00,10.035834259407753
2006-05-02 00:00:00-04:00,10.203003619342866
2006-05-03 00:00:00-04:00,10.393227179135538
2006-05-04 00:00:00-04:00,10.145359645053102
2006-05-05 00:00:00-04:00,10.08771228790283
2006-05-08 00:00:00-04:00,10.058890137048152
2006-05-09 00:00:00-04:00,10.030069761060462
2006-05-10 00:00:00-04:00,9.943601473282335
2006-05-11 00:00:00-04:00,9.851375240355496
2006-05-12 00:00:00-04:00,9.82831365998659
2006-05-15 00:00:00-04:00,9.684206241322707
2006-05-16 00:00:00-04:00,9.799492651955932
2006-05-17 00:00:00-04:00,9.74184965738815
2006-05-18 00:00:00-04:00,9.63809116964207
2006-05-19 00:00:00-04:00,9.678438291680553
2006-05-22 00:00:00-04:00,9.793730816239306
2006-05-23 00:00:00-04:00,9.857140098290099
2006-05-24 00:00:00-04:00,9.545855700756533
2006-05-25 00:00:00-04:00,9.74184895962582
2006-05-26 00:00:00-04:00,9.828312737988629
2006-05-30 00:00:00-04:00,9.718789602451935
2006-05-31 00:00:00-04:00,9.695733788918874
2006-06-01 00:00:00-04:00,9.713021832753007
2006-06-02 00:00:00-04:00,9.98971946822963
2006-06-05 00:00:00-04:00,9.966661660445927
2006-06-06 00:00:00-04:00,9.713025266554977
2006-06-07 00:00:00-04:00,9.787966194855661
2006-06-08 00:00:00-04:00,9.684201591004646
2006-06-09 00:00:00-04:00,9.943603452469176
2006-06-12 00:00:00-04:00,9.251875212698051
2006-06-13 00:00:00-04:00,9.542888084752418
2006-06-14 00:00:00-04:00,9.496475783845058
2006-06-15 00:00:00-04:00,9.571894363903773
2006-06-16 00:00:00-04:00,9.774930387355822
2006-06-19 00:00:00-04:00,9.774928666980582
2006-06-20 00:00:00-04:00,9.612498029174601
2006-06-21 00:00:00-04:00,9.502276438225458
2006-06-22 00:00:00-04:00,9.531286727989624
2006-06-23 00:00:00-04:00,9.438465196558296
2006-06-26 00:00:00-04:00,9.455869975869046
2006-06-27 00:00:00-04:00,9.658903232807171
2006-06-28 00:00:00-04:00,9.513877034111408
2006-06-29 00:00:00-04:00,9.490677478472909
2006-06-30 00:00:00-04:00,9.914160576088532
2006-07-03 00:00:00-04:00,9.798134493894832
2006-07-05 00:00:00-04:00,9.728522695745879
2006-07-06 00:00:00-04:00,9.722722764239046
2006-07-07 00:00:00-04:00,9.774931986012717
2006-07-10 00:00:00-04:00,9.751729319848327
2006-07-11 00:00:00-04:00,9.751725238960145
2006-07-12 00:00:00-04:00,9.919958024365707
2006-07-13 00:00:00-04:00,9.600898663268762
2006-07-14 00:00:00-04:00,9.600896835327148
2006-07-17 00:00:00-04:00,9.5718902088788
2006-07-18 00:00:00-04:00,9.687914610537398
2006-07-19 00:00:00-04:00,9.716918602118515
2006-07-20 00:00:00-04:00,9.977975173449742
2006-07-21 00:00:00-04:00,9.774929741117111
2006-07-24 00:00:00-04:00,9.728519101071845
2006-07-25 00:00:00-04:00,9.861946802500333
2006-07-26 00:00:00-04:00,9.786532402038574
2006-07-27 00:00:00-04:00,9.844542862875413
2006-07-28 00:00:00-04:00,9.769129228184813
2006-07-31 00:00:00-04:00,9.86194824712181
2006-08-01 00:00:00-04:00,9.803935672259271
2006-08-02 00:00:00-04:00,9.80393702864221
2006-08-03 00:00:00-04:00,9.763330497503455
2006-08-04 00:00:00-04:00,10.720517536623221
2006-08-07 00:00:00-04:00,9.977973453828804
2006-08-08 00:00:00-04:00,10.157803141368566
2006-08-09 00:00:00-04:00,10.099796611491143
2006-08-10 00:00:00-04:00,10.035982400306043
2006-08-11 00:00:00-04:00,10.26803048387831
2006-08-14 00:00:00-04:00,10.239021433826178
2006-08-15 00:00:00-04:00,10.268025411002034
2006-08-16 00:00:00-04:00,10.500073745141593
2006-08-17 00:00:00-04:00,10.471066501682166
2006-08-18 00:00:00-04:00,10.61029711332268
2006-08-21 00:00:00-04:00,10.459465569924777
2006-08-22 00:00:00-04:00,10.384050388500977
2006-08-23 00:00:00-04:00,10.517475111914727
2006-08-24 00:00:00-04:00,10.273828979654859
2006-08-25 00:00:00-04:00,10.169406849783208
2006-08-28 00:00:00-04:00,10.308631785605737
2006-08-29 00:00:00-04:00,10.56388545649589
2006-08-30 00:00:00-04:00,10.616098720465079
2006-08-31 00:00:00-04:00,10.726319068342445
2006-09-01 00:00:00-04:00,10.703114022965842
2006-09-05 00:00:00-04:00,10.679908288084393
2006-09-06 00:00:00-04:00,10.645103532719604
2006-09-07 00:00:00-04:00,10.569686831744434
2006-09-08 00:00:00-04:00,10.726320824868878
2006-09-11 00:00:00-04:00,10.616098328702984
2006-09-12 00:00:00-04:00,10.7495261689633
2006-09-13 00:00:00-04:00,10.906152443246308
2006-09-14 00:00:00-04:00,10.993171628532684
2006-09-15 00:00:00-04:00,11.213617955210358
2006-09-18 00:00:00-04:00,11.202015394777025
2006-09-19 00:00:00-04:00,11.24262270288435
2006-09-20 00:00:00-04:00,11.257908524447654
2006-09-21 00:00:00-04:00,11.316238539757311
2006-09-22 00:00:00-04:00,11.135410157918857
2006-09-25 00:00:00-04:00,11.082913407951121
2006-09-26 00:00:00-04:00,11.31040653893178
2006-09-27 00:00:00-04:00,11.234577880537397
2006-09-28 00:00:00-04:00,11.28124274879451
2006-09-29 00:00:00-04:00,11.287075108416898
2006-10-02 00:00:00-04:00,11.187911003150308
2006-10-03 00:00:00-04:00,10.99542089961738
2006-10-04 00:00:00-04:00,11.100412052655129
2006-10-05 00:00:00-04:00,11.508726204663684
2006-10-06 00:00:00-04:00,11.718724025859805
2006-10-09 00:00:00-04:00,11.3862359090838
2006-10-10 00:00:00-04:00,11.532068273594655
2006-10-11 00:00:00-04:00,11.36874008178711
2006-10-12 00:00:00-04:00,11.403736136473219
2006-10-13 00:00:00-04:00,11.637059556802358
2006-10-16 00:00:00-04:00,11.701219178848035
2006-10-17 00:00:00-04:00,11.619558105824796
2006-10-18 00:00:00-04:00,11.782884407217312
2006-10-19 00:00:00-04:00,11.724558205346078
2006-10-20 00:00:00-04:00,11.82954966683896
2006-10-23 00:00:00-04:00,11.642893860852864
2006-10-24 00:00:00-04:00,11.74204902902371
2006-10-25 00:00:00-04:00,11.800383688345661
2006-10-26 00:00:00-04:00,11.957881307306769
2006-10-27 00:00:00-04:00,12.004547889075367
2006-10-30 00:00:00-05:00,11.596223705832587
2006-10-31 00:00:00-05:00,11.899547696068879
2006-11-01 00:00:00-05:00,11.747883211738065
2006-11-02 00:00:00-05:00,11.28707247246528
2006-11-03 00:00:00-05:00,10.872924918307902
2006-11-06 00:00:00-05:00,11.112080594108859
2006-11-07 00:00:00-05:00,11.257910594230996
2006-11-08 00:00:00-05:00,11.298743903159881
2006-11-09 00:00:00-05:00,11.421233878006513
2006-11-10 00:00:00-05:00,11.287073038425802
2006-11-13 00:00:00-05:00,11.397902877983048
2006-11-14 00:00:00-05:00,11.415396179754245
2006-11-15 00:00:00-05:00,11.625392597966728
2006-11-16 00:00:00-05:00,11.852884335936706
2006-11-17 00:00:00-05:00,11.823718184459567
2006-11-20 00:00:00-05:00,11.870378088748371
2006-11-21 00:00:00-05:00,11.905383258720773
2006-11-22 00:00:00-05:00,11.969541057917963
2006-11-24 00:00:00-05:00,11.707056281799472
2006-11-27 00:00:00-05:00,11.946211220853625
2006-11-28 00:00:00-05:00,11.730386977002418
2006-11-29 00:00:00-05:00,11.992878088139356
2006-11-30 00:00:00-05:00,11.87038292703225
2006-12-01 00:00:00-05:00,11.794553084486093
2006-12-04 00:00:00-05:00,11.765389000037535
2006-12-05 00:00:00-05:00,12.010375277506636
2006-12-06 00:00:00-05:00,11.847047646622046
2006-12-07 00:00:00-05:00,11.817881447056333
2006-12-08 00:00:00-05:00,11.683721889887394
2006-12-11 00:00:00-05:00,11.69538726648451
2006-12-12 00:00:00-05:00,11.730391973623462
2006-12-13 00:00:00-05:00,11.887887438149978
2006-12-14 00:00:00-05:00,11.861678039653878
2006-12-15 00:00:00-05:00,11.990668751095566
2006-12-18 00:00:00-05:00,12.014128228367332
2006-12-19 00:00:00-05:00,11.726820016739657
2006-12-20 00:00:00-05:00,11.79717963322068
2006-12-21 00:00:00-05:00,11.820637283666356
2006-12-22 00:00:00-05:00,11.873405456542969
2006-12-26 00:00:00-05:00,11.844089191176161
2006-12-27 00:00:00-05:00,12.102078052041199
2006-12-28 00:00:00-05:00,12.195894118560027
2006-12-29 00:00:00-05:00,12.066901527015355
2007-01-03 00:00:00-05:00,11.88513440074548
2007-01-04 00:00:00-05:00,11.99653835191999
2007-01-05 00:00:00-05:00,11.86167751660253
2007-01-08 00:00:00-05:00,11.638869285583496
2007-01-09 00:00:00-05:00,11.65646331979724
2007-01-10 00:00:00-05:00,11.668192147948988
2007-01-11 00:00:00-05:00,11.7326868665317
2007-01-12 00:00:00-05:00,11.779594115080094
2007-01-16 00:00:00-05:00,11.86167454609482
2007-01-17 00:00:00-05:00,11.697499480574868
2007-01-18 00:00:00-05:00,11.744409906162113
2007-01-19 00:00:00-05:00,11.5040172926397
2007-01-22 00:00:00-05:00,11.668188334979531
2007-01-23 00:00:00-05:00,11.550916375684663
2007-01-24 00:00:00-05:00,11.615411557438733
2007-01-25 00:00:00-05:00,11.703367200387612
2007-01-26 00:00:00-05:00,11.380875933452085
2007-01-29 00:00:00-05:00,11.568510539058007
2007-01-30 00:00:00-05:00,11.72095283910965
2007-01-31 00:00:00-05:00,11.726819966968145
2007-02-01 00:00:00-05:00,11.67991501076124
2007-02-02 00:00:00-05:00,11.767866490543986
2007-02-05 00:00:00-05:00,11.720957570843868
2007-02-06 00:00:00-05:00,11.627143627593533
2007-02-07 00:00:00-05:00,12.043446143125216
2007-02-08 00:00:00-05:00,12.717737863228093
2007-02-09 00:00:00-05:00,12.401109950667097
2007-02-12 00:00:00-05:00,12.31315962472601
2007-02-13 00:00:00-05:00,12.518380653776692
2007-02-14 00:00:00-05:00,12.547697910064134
2007-02-15 00:00:00-05:00,12.588744357782268
2007-02-16 00:00:00-05:00,12.48319903254529
2007-02-20 00:00:00-05:00,12.348336693293929
2007-02-21 00:00:00-05:00,12.547695774859
2007-02-22 00:00:00-05:00,12.406975495936308
2007-02-23 00:00:00-05:00,12.577013134406124
2007-02-26 00:00:00-05:00,12.365931210072066
2007-02-27 00:00:00-05:00,12.137259301793389
2007-02-28 00:00:00-05:00,11.861682535178184
2007-03-01 00:00:00-05:00,11.726817971064975
2007-03-02 00:00:00-05:00,11.879269827410873
2007-03-05 00:00:00-05:00,11.668182517278336
2007-03-06 00:00:00-05:00,11.591964597119823
2007-03-07 00:00:00-05:00,11.814772177782444
2007-03-08 00:00:00-05:00,11.885132545152576
2007-03-09 00:00:00-05:00,11.973083417095781
2007-03-12 00:00:00-04:00,11.914447818630771
2007-03-13 00:00:00-04:00,11.92617599587514
2007-03-14 00:00:00-04:00,11.689036091458318
2007-03-15 00:00:00-04:00,11.824611138025864
2007-03-16 00:00:00-04:00,11.936608836253926
2007-03-19 00:00:00-04:00,11.924816519890344
2007-03-20 00:00:00-04:00,11.960187773366611
2007-03-21 00:00:00-04:00,12.036817346703137
2007-03-22 00:00:00-04:00,12.378708278243405
2007-03-23 00:00:00-04:00,12.260812419847884
2007-03-26 00:00:00-04:00,12.260816625233161
2007-03-27 00:00:00-04:00,12.319759150236358
2007-03-28 00:00:00-04:00,12.125233484765946
2007-03-29 00:00:00-04:00,12.142922945852725
2007-03-30 00:00:00-04:00,12.2136567651439
2007-04-02 00:00:00-04:00,12.190075449825516
2007-04-03 00:00:00-04:00,12.372811338754799
2007-04-04 00:00:00-04:00,12.502489050989821
2007-04-05 00:00:00-04:00,12.27260549513384
2007-04-09 00:00:00-04:00,12.142922690999843
2007-04-10 00:00:00-04:00,12.107556980606391
2007-04-11 00:00:00-04:00,12.154711735194036
2007-04-12 00:00:00-04:00,12.254928275766645
2007-04-13 00:00:00-04:00,12.437649537877784
2007-04-16 00:00:00-04:00,12.166503311822547
2007-04-17 00:00:00-04:00,12.903324713152356
2007-04-18 00:00:00-04:00,12.49660541418754
2007-04-19 00:00:00-04:00,12.378710325985487
2007-04-20 00:00:00-04:00,12.750063398424412
2007-04-23 00:00:00-04:00,12.891537989835188
2007-04-24 00:00:00-04:00,12.61449146270752
2007-04-25 00:00:00-04:00,12.691117914818385
2007-04-26 00:00:00-04:00,12.761856773705464
2007-04-27 00:00:00-04:00,12.691121293056396
2007-04-30 00:00:00-04:00,12.702908363332359
2007-05-01 00:00:00-04:00,12.431758231329725
2007-05-02 00:00:00-04:00,12.543755675368141
2007-05-03 00:00:00-04:00,12.844382767952114
2007-05-04 00:00:00-04:00,12.838485833356563
2007-05-07 00:00:00-04:00,12.944588919314198
2007-05-08 00:00:00-04:00,12.809015021107273
2007-05-09 00:00:00-04:00,12.862062359477367
2007-05-10 00:00:00-04:00,12.850275881397058
2007-05-11 00:00:00-04:00,12.879750796152539
2007-05-14 00:00:00-04:00,12.95637489703652
2007-05-15 00:00:00-04:00,12.667544523317915
2007-05-16 00:00:00-04:00,12.626278591844882
2007-05-17 00:00:00-04:00,12.820802741894509
2007-05-18 00:00:00-04:00,12.526069310602413
2007-05-21 00:00:00-04:00,12.697010689992906
2007-05-22 00:00:00-04:00,12.926909184595573
2007-05-23 00:00:00-04:00,13.209850780640972
2007-05-24 00:00:00-04:00,12.962275310502601
2007-05-25 00:00:00-04:00,12.921011354730796
2007-05-29 00:00:00-04:00,12.968168067034727
2007-05-30 00:00:00-04:00,12.879750796152539
2007-05-31 00:00:00-04:00,12.997639503265752
2007-06-01 00:00:00-04:00,13.156796281611436
2007-06-04 00:00:00-04:00,13.23343330101209
2007-06-05 00:00:00-04:00,13.186268795272968
2007-06-06 00:00:00-04:00,12.897433944655374
2007-06-07 00:00:00-04:00,12.850276129201966
2007-06-08 00:00:00-04:00,12.649854628284775
2007-06-11 00:00:00-04:00,12.791330596440138
2007-06-12 00:00:00-04:00,12.76775426997917
2007-06-13 00:00:00-04:00,12.564694087542428
2007-06-14 00:00:00-04:00,12.618011947693633
2007-06-15 00:00:00-04:00,13.15709129069782
2007-06-18 00:00:00-04:00,12.955678235701377
2007-06-19 00:00:00-04:00,12.819426002671394
2007-06-20 00:00:00-04:00,12.896434232418827
2007-06-21 00:00:00-04:00,12.511379591141779
2007-06-22 00:00:00-04:00,12.558765947017417
2007-06-25 00:00:00-04:00,12.469910271598534
2007-06-26 00:00:00-04:00,12.446209331901464
2007-06-27 00:00:00-04:00,12.363283755113635
2007-06-28 00:00:00-04:00,12.641708287981032
2007-06-29 00:00:00-04:00,12.635782708600438
2007-07-02 00:00:00-04:00,12.695023931243817
2007-07-03 00:00:00-04:00,12.706873114180382
2007-07-05 00:00:00-04:00,12.95567722199109
2007-07-06 00:00:00-04:00,12.91421451203313
2007-07-09 00:00:00-04:00,13.062313307491786
2007-07-10 00:00:00-04:00,12.902361560918026
2007-07-11 00:00:00-04:00,12.695022517826539
2007-07-12 00:00:00-04:00,12.77795833355373
2007-07-13 00:00:00-04:00,12.997144967394352
2007-07-16 00:00:00-04:00,12.854969407342235
2007-07-17 00:00:00-04:00,12.629854267086051
2007-07-18 00:00:00-04:00,12.564687561111676
2007-07-19 00:00:00-04:00,12.647628174280953
2007-07-20 00:00:00-04:00,12.487685056735431
2007-07-23 00:00:00-04:00,12.250723005134827
2007-07-24 00:00:00-04:00,11.995999392732411
2007-07-25 00:00:00-04:00,11.61094168756838
2007-07-26 00:00:00-04:00,11.344359383234739
2007-07-27 00:00:00-04:00,11.113329249129889
2007-07-30 00:00:00-04:00,10.882293208383583
2007-07-31 00:00:00-04:00,10.935606138394455
2007-08-01 00:00:00-04:00,10.586097789147498
2007-08-02 00:00:00-04:00,11.065940678525436
2007-08-03 00:00:00-04:00,11.279197860278986
2007-08-06 00:00:00-04:00,10.710498394131497
2007-08-07 00:00:00-04:00,11.261427071935039
2007-08-08 00:00:00-04:00,11.492458260723106
2007-08-09 00:00:00-04:00,10.935609557149016
2007-08-10 00:00:00-04:00,11.433222384248388
2007-08-13 00:00:00-04:00,11.847896191534907
2007-08-14 00:00:00-04:00,11.74126860189165
2007-08-15 00:00:00-04:00,11.107402740091933
2007-08-16 00:00:00-04:00,10.734196384081958
2007-08-17 00:00:00-04:00,12.321814143136061
2007-08-20 00:00:00-04:00,12.398826165315565
2007-08-21 00:00:00-04:00,11.859746782330348
2007-08-22 00:00:00-04:00,11.877520071279008
2007-08-23 00:00:00-04:00,12.09077706172804
2007-08-24 00:00:00-04:00,11.759041445360651
2007-08-27 00:00:00-04:00,11.78273115424409
2007-08-28 00:00:00-04:00,11.646478526898992
2007-08-29 00:00:00-04:00,11.415448429696257
2007-08-30 00:00:00-04:00,11.44506556483833
2007-08-31 00:00:00-04:00,11.587242308430653
2007-09-04 00:00:00-04:00,11.468762949212877
2007-09-05 00:00:00-04:00,11.747191148937963
2007-09-06 00:00:00-04:00,11.812354823406714
2007-09-07 00:00:00-04:00,11.498385548593033
2007-09-10 00:00:00-04:00,11.38582902524156
2007-09-11 00:00:00-04:00,11.314739800066242
2007-09-12 00:00:00-04:00,11.39175600091069
2007-09-13 00:00:00-04:00,11.433221143845707
2007-09-14 00:00:00-04:00,11.362136143133993
2007-09-17 00:00:00-04:00,11.699800345156001
2007-09-18 00:00:00-04:00,11.67017750814632
2007-09-19 00:00:00-04:00,12.224786213622219
2007-09-20 00:00:00-04:00,12.129515097001915
2007-09-21 00:00:00-04:00,12.123555040574237
2007-09-24 00:00:00-04:00,11.96278227029365
2007-09-25 00:00:00-04:00,11.83178394222341
2007-09-26 00:00:00-04:00,11.843693533323234
2007-09-27 00:00:00-04:00,11.897282070260289
2007-09-28 00:00:00-04:00,11.855603635814948
2007-10-01 00:00:00-04:00,11.831787424938685
2007-10-02 00:00:00-04:00,12.296240948640756
2007-10-03 00:00:00-04:00,12.427246503926657
2007-10-04 00:00:00-04:00,12.391515075469053
2007-10-05 00:00:00-04:00,12.599929633349
2007-10-08 00:00:00-04:00,12.730932032034671
2007-10-09 00:00:00-04:00,12.778563547650519
2007-10-10 00:00:00-04:00,12.808341060009093
2007-10-11 00:00:00-04:00,13.10011514467339
2007-10-12 00:00:00-04:00,12.576109694364245
2007-10-15 00:00:00-04:00,12.790473539625058
2007-10-16 00:00:00-04:00,12.427245566171484
2007-10-17 00:00:00-04:00,12.516562324620848
2007-10-18 00:00:00-04:00,12.266469430798653
2007-10-19 00:00:00-04:00,12.165241470104656
2007-10-22 00:00:00-04:00,11.504281987795547
2007-10-23 00:00:00-04:00,12.343883047522109
2007-10-24 00:00:00-04:00,12.159288155221237
2007-10-25 00:00:00-04:00,12.111649654618104
2007-10-26 00:00:00-04:00,12.177156162833697
2007-10-29 00:00:00-04:00,12.308150154804341
2007-10-30 00:00:00-04:00,11.998517057417029
2007-10-31 00:00:00-04:00,11.950878940040544
2007-11-01 00:00:00-04:00,11.325645064905318
2007-11-02 00:00:00-04:00,10.35504898555924
2007-11-05 00:00:00-05:00,9.616674854507457
2007-11-06 00:00:00-05:00,10.140679511039492
2007-11-07 00:00:00-05:00,10.861186387147571
2007-11-08 00:00:00-05:00,11.480464466201012
2007-11-09 00:00:00-05:00,11.409009262171965
2007-11-12 00:00:00-05:00,11.61741938375198
2007-11-13 00:00:00-05:00,11.438782040697934
2007-11-14 00:00:00-05:00,11.950879583541248
2007-11-15 00:00:00-05:00,11.748419962980664
2007-11-16 00:00:00-05:00,11.629325845851419
2007-11-19 00:00:00-05:00,11.397101904740557
2007-11-20 00:00:00-05:00,11.289918489880787
2007-11-21 00:00:00-05:00,11.385191636140103
2007-11-23 00:00:00-05:00,11.40305333671065
2007-11-26 00:00:00-05:00,11.52214977982574
2007-11-27 00:00:00-05:00,11.31373316764765
2007-11-28 00:00:00-05:00,11.49237101928717
2007-11-29 00:00:00-05:00,11.754374987840851
2007-11-30 00:00:00-05:00,11.849647430160838
2007-12-03 00:00:00-05:00,11.778192155725124
2007-12-04 00:00:00-05:00,11.391141628186734
2007-12-05 00:00:00-05:00,11.46259957093459
2007-12-06 00:00:00-05:00,11.736515543737495
2007-12-07 00:00:00-05:00,11.861557858583945
2007-12-10 00:00:00-05:00,11.605510673643085
2007-12-11 00:00:00-05:00,11.462598985723984
2007-12-12 00:00:00-05:00,11.60551065635679
2007-12-13 00:00:00-05:00,11.254188861394157
2007-12-14 00:00:00-05:00,11.313735737914405
2007-12-17 00:00:00-05:00,11.254186880842006
2007-12-18 00:00:00-05:00,11.313732978718775
2007-12-19 00:00:00-05:00,11.411580601507008
2007-12-20 00:00:00-05:00,11.3696689285281
2007-12-21 00:00:00-05:00,11.639090963622326
2007-12-24 00:00:00-05:00,11.73488156851861
2007-12-26 00:00:00-05:00,11.920491133677396
2007-12-27 00:00:00-05:00,11.830677959412634
2007-12-28 00:00:00-05:00,11.465467874908999
2007-12-31 00:00:00-05:00,11.387631534447449
2008-01-02 00:00:00-05:00,11.345720720690345
2008-01-03 00:00:00-05:00,11.327757656165621
2008-01-04 00:00:00-05:00,10.866739390101127
2008-01-07 00:00:00-05:00,10.78890829985749
2008-01-08 00:00:00-05:00,10.699105452804007
2008-01-09 00:00:00-05:00,10.262040296327452
2008-01-10 00:00:00-05:00,10.417702304829787
2008-01-11 00:00:00-05:00,10.54343202833126
2008-01-14 00:00:00-05:00,10.770951317024945
2008-01-15 00:00:00-05:00,10.597320056038823
2008-01-16 00:00:00-05:00,10.393756011180812
2008-01-17 00:00:00-05:00,10.5015257607551
2008-01-18 00:00:00-05:00,10.13032478687135
2008-01-22 00:00:00-05:00,9.669307412987886
2008-01-23 00:00:00-05:00,10.058470954601521
2008-01-24 00:00:00-05:00,10.723053453416009
2008-01-25 00:00:00-05:00,10.657189755708766
2008-01-28 00:00:00-05:00,10.274013292281495
2008-01-29 00:00:00-05:00,10.764960204761278
2008-01-30 00:00:00-05:00,10.830820196547647
2008-01-31 00:00:00-05:00,10.591333323994888
2008-02-01 00:00:00-05:00,10.974513363123192
2008-02-04 00:00:00-05:00,11.297818599360134
2008-02-05 00:00:00-05:00,10.896680876824577
2008-02-06 00:00:00-05:00,10.920627074623916
2008-02-07 00:00:00-05:00,10.872733550563899
2008-02-08 00:00:00-05:00,10.980503591985538
2008-02-11 00:00:00-05:00,10.968524176965603
2008-02-12 00:00:00-05:00,10.758976701653205
2008-02-13 00:00:00-05:00,11.022409438834032
2008-02-14 00:00:00-05:00,11.196035600470761
2008-02-15 00:00:00-05:00,10.830820493264188
2008-02-19 00:00:00-05:00,10.950566151090976
2008-02-20 00:00:00-05:00,10.752988474992236
2008-02-21 00:00:00-05:00,11.016425814939938
2008-02-22 00:00:00-05:00,10.69910418344517
2008-02-25 00:00:00-05:00,10.747003469448588
2008-02-26 00:00:00-05:00,10.776937773743956
2008-02-27 00:00:00-05:00,10.83082273817771
2008-02-28 00:00:00-05:00,10.747001690952873
2008-02-29 00:00:00-05:00,10.657188234106691
2008-03-03 00:00:00-05:00,10.381784807471831
2008-03-04 00:00:00-05:00,10.11235813812112
2008-03-05 00:00:00-05:00,10.375791794499877
2008-03-06 00:00:00-05:00,9.992614465810124
2008-03-07 00:00:00-05:00,9.639369504908155
2008-03-10 00:00:00-04:00,9.96866302255748
2008-03-11 00:00:00-04:00,10.30993646035927
2008-03-12 00:00:00-04:00,10.471591669423711
2008-03-13 00:00:00-04:00,10.192432120055289
2008-03-14 00:00:00-04:00,10.541819417972492
2008-03-17 00:00:00-04:00,9.84304891936606
2008-03-18 00:00:00-04:00,10.391223237412845
2008-03-19 00:00:00-04:00,10.541822189018145
2008-03-20 00:00:00-04:00,10.355074401785938
2008-03-24 00:00:00-04:00,10.608086550813786
2008-03-25 00:00:00-04:00,10.553870111418407
2008-03-26 00:00:00-04:00,10.493628052549944
2008-03-27 00:00:00-04:00,10.31893427613255
2008-03-28 00:00:00-04:00,10.252670425262897
2008-03-31 00:00:00-04:00,10.505676813987469
2008-04-01 00:00:00-04:00,10.650252985097868
2008-04-02 00:00:00-04:00,11.065900391291173
2008-04-03 00:00:00-04:00,11.065899622024318
2008-04-04 00:00:00-04:00,11.017709298834793
2008-04-07 00:00:00-04:00,11.13818306576661
2008-04-08 00:00:00-04:00,10.963491439819336
2008-04-09 00:00:00-04:00,11.011686346436441
2008-04-10 00:00:00-04:00,10.74663091605715
2008-04-11 00:00:00-04:00,10.656276259969989
2008-04-14 00:00:00-04:00,10.782773828582686
2008-04-15 00:00:00-04:00,10.69241738668812
2008-04-16 00:00:00-04:00,10.83096777310794
2008-04-17 00:00:00-04:00,10.843013163369742
2008-04-18 00:00:00-04:00,10.921323558207526
2008-04-21 00:00:00-04:00,10.710490968943365
2008-04-22 00:00:00-04:00,10.553863433853056
2008-04-23 00:00:00-04:00,10.306887168463529
2008-04-24 00:00:00-04:00,10.114125995183452
2008-04-25 00:00:00-04:00,10.487602611215822
2008-04-28 00:00:00-04:00,10.511701529858888
2008-04-29 00:00:00-04:00,10.25267308906341
2008-04-30 00:00:00-04:00,10.379175777260407
2008-05-01 00:00:00-04:00,9.939430523337649
2008-05-02 00:00:00-04:00,10.053884213621611
2008-05-05 00:00:00-04:00,10.264722262462428
2008-05-06 00:00:00-04:00,9.812929371285538
2008-05-07 00:00:00-04:00,9.806899467530279
2008-05-08 00:00:00-04:00,9.638236563094573
2008-05-09 00:00:00-04:00,9.650280829617763
2008-05-12 00:00:00-04:00,9.758714979720189
2008-05-13 00:00:00-04:00,9.764736400381437
2008-05-14 00:00:00-04:00,9.656308670278616
2008-05-15 00:00:00-04:00,9.722570765352105
2008-05-16 00:00:00-04:00,9.837021577067182
2008-05-19 00:00:00-04:00,9.78882687697741
2008-05-20 00:00:00-04:00,9.758711764458052
2008-05-21 00:00:00-04:00,9.855097253433748
2008-05-22 00:00:00-04:00,9.80690529648705
2008-05-23 00:00:00-04:00,9.806902885437012
2008-05-27 00:00:00-04:00,9.849070093301574
2008-05-28 00:00:00-04:00,9.921357505363241
2008-05-29 00:00:00-04:00,9.945451484371338
2008-05-30 00:00:00-04:00,9.915336230745979
2008-06-02 00:00:00-04:00,9.837021905186251
2008-06-03 00:00:00-04:00,9.84906964415179
2008-06-04 00:00:00-04:00,9.770758357068752
2008-06-05 00:00:00-04:00,9.800878875346488
2008-06-06 00:00:00-04:00,10.023765991908881
2008-06-09 00:00:00-04:00,9.83702346716379
2008-06-10 00:00:00-04:00,9.764737648884843
2008-06-11 00:00:00-04:00,9.912576450113827
2008-06-12 00:00:00-04:00,9.82769274560165
2008-06-13 00:00:00-04:00,10.01564050120178
2008-06-16 00:00:00-04:00,9.88832377092399
2008-06-17 00:00:00-04:00,10.039896124523555
2008-06-18 00:00:00-04:00,9.948950032820088
2008-06-19 00:00:00-04:00,9.948951372491566
2008-06-20 00:00:00-04:00,9.821633026159375
2008-06-23 00:00:00-04:00,9.85800824945778
2008-06-24 00:00:00-04:00,9.536684848975348
2008-06-25 00:00:00-04:00,9.40330340244908
2008-06-26 00:00:00-04:00,9.397241465094305
2008-06-27 00:00:00-04:00,9.009225400454334
2008-06-30 00:00:00-04:00,8.78490824864381
2008-07-01 00:00:00-04:00,8.433267694823769
2008-07-02 00:00:00-04:00,8.372638158233405
2008-07-03 00:00:00-04:00,8.293826051699321
2008-07-07 00:00:00-04:00,8.396891714624937
2008-07-08 00:00:00-04:00,8.233196750706462
2008-07-09 00:00:00-04:00,8.651527752133674
2008-07-10 00:00:00-04:00,8.263509934189642
2008-07-11 00:00:00-04:00,8.105880479863023
2008-07-14 00:00:00-04:00,8.202883654283513
2008-07-15 00:00:00-04:00,7.578421256724366
2008-07-16 00:00:00-04:00,7.57236096626547
2008-07-17 00:00:00-04:00,7.954311254527329
2008-07-18 00:00:00-04:00,7.917934818339397
2008-07-21 00:00:00-04:00,7.85124545163241
2008-07-22 00:00:00-04:00,7.711803029448698
2008-07-23 00:00:00-04:00,7.905812190577336
2008-07-24 00:00:00-04:00,8.075566082194886
2008-07-25 00:00:00-04:00,8.136193758791133
2008-07-28 00:00:00-04:00,8.11800696844986
2008-07-29 00:00:00-04:00,8.130130845567477
2008-07-30 00:00:00-04:00,8.215005061379848
2008-07-31 00:00:00-04:00,7.820932156723371
2008-08-01 00:00:00-04:00,8.354451106353684
2008-08-04 00:00:00-04:00,8.657587819031331
2008-08-05 00:00:00-04:00,8.82734415940679
2008-08-06 00:00:00-04:00,8.948601722717285
2008-08-07 00:00:00-04:00,8.887968457519344
2008-08-08 00:00:00-04:00,8.693963322449097
2008-08-11 00:00:00-04:00,8.918287771418237
2008-08-12 00:00:00-04:00,9.075917183924778
2008-08-13 00:00:00-04:00,9.039543102585805
2008-08-14 00:00:00-04:00,9.057728969934168
2008-08-15 00:00:00-04:00,9.336614739521089
2008-08-18 00:00:00-04:00,9.245673054366979
2008-08-19 00:00:00-04:00,8.991040061033665
2008-08-20 00:00:00-04:00,8.948597031916007
2008-08-21 00:00:00-04:00,8.839471487751243
2008-08-22 00:00:00-04:00,8.839467616491737
2008-08-25 00:00:00-04:00,8.85766322606044
2008-08-26 00:00:00-04:00,8.778843417284442
2008-08-27 00:00:00-04:00,8.809158177045491
2008-08-28 00:00:00-04:00,8.918288397619355
2008-08-29 00:00:00-04:00,9.203234833327352
2008-09-02 00:00:00-04:00,9.130483467521115
2008-09-03 00:00:00-04:00,9.136543023430319
2008-09-04 00:00:00-04:00,9.379056664502292
2008-09-05 00:00:00-04:00,9.20323445448915
2008-09-08 00:00:00-04:00,9.463927997669794
2008-09-09 00:00:00-04:00,9.360868032623475
2008-09-10 00:00:00-04:00,9.360862000420418
2008-09-11 00:00:00-04:00,9.263860503344455
2008-09-12 00:00:00-04:00,9.330555702655067
2008-09-15 00:00:00-04:00,9.051664277159778
2008-09-16 00:00:00-04:00,8.681838051220424
2008-09-17 00:00:00-04:00,8.863723025314702
2008-09-18 00:00:00-04:00,8.528422984544344
2008-09-19 00:00:00-04:00,8.552858477849504
2008-09-22 00:00:00-04:00,8.644495688572183
2008-09-23 00:00:00-04:00,8.55285997192519
2008-09-24 00:00:00-04:00,8.186306418360017
2008-09-25 00:00:00-04:00,8.03358181858736
2008-09-26 00:00:00-04:00,7.7769925292809265
2008-09-29 00:00:00-04:00,7.941943219586986
2008-09-30 00:00:00-04:00,7.734228260874953
2008-10-01 00:00:00-04:00,7.758666335402787
2008-10-02 00:00:00-04:00,7.948054108171526
2008-10-03 00:00:00-04:00,7.941939680798205
2008-10-06 00:00:00-04:00,7.789211430191304
2008-10-07 00:00:00-04:00,7.893070188159069
2008-10-08 00:00:00-04:00,7.025565033656258
2008-10-09 00:00:00-04:00,6.213043570323872
2008-10-10 00:00:00-04:00,3.2745240020417365
2008-10-13 00:00:00-04:00,3.793804349332869
2008-10-14 00:00:00-04:00,4.7957100755829
2008-10-15 00:00:00-04:00,4.215339323709462
2008-10-16 00:00:00-04:00,4.178683284664937
2008-10-17 00:00:00-04:00,3.8365695482489963
2008-10-20 00:00:00-04:00,4.233665619976683
2008-10-21 00:00:00-04:00,4.319194524810477
2008-10-22 00:00:00-04:00,4.050391127719158
2008-10-23 00:00:00-04:00,3.89766116208479
2008-10-24 00:00:00-04:00,3.8060226650068025
2008-10-27 00:00:00-04:00,3.537217466102457
2008-10-28 00:00:00-04:00,3.2134326918699148
2008-10-29 00:00:00-04:00,3.7632577610487674
2008-10-30 00:00:00-04:00,3.8732250337203373
2008-10-31 00:00:00-04:00,4.587998469100989
2008-11-03 00:00:00-05:00,4.7590555730594675
2008-11-04 00:00:00-05:00,4.942333468999568
2008-11-05 00:00:00-05:00,5.1194973100610985
2008-11-06 00:00:00-05:00,4.991203789869412
2008-11-07 00:00:00-05:00,5.058406085795662
2008-11-10 00:00:00-05:00,5.29666429085523
2008-11-11 00:00:00-05:00,4.820147398655129
2008-11-12 00:00:00-05:00,4.765162750450089
2008-11-13 00:00:00-05:00,4.429160898370144
2008-11-14 00:00:00-05:00,5.1622631728832475
2008-11-17 00:00:00-05:00,4.581889414874295
2008-11-18 00:00:00-05:00,4.545234318602537
2008-11-19 00:00:00-05:00,4.551344681410345
2008-11-20 00:00:00-05:00,3.9648612157752927
2008-11-21 00:00:00-05:00,3.5311104100902706
2008-11-24 00:00:00-05:00,3.9159880560238154
2008-11-25 00:00:00-05:00,4.642982504997288
2008-11-26 00:00:00-05:00,4.649091450813844
2008-11-28 00:00:00-05:00,5.033968080879843
2008-12-01 00:00:00-05:00,5.125607626416225
2008-12-02 00:00:00-05:00,4.2092299602544925
2008-12-03 00:00:00-05:00,4.4535956002406865
2008-12-04 00:00:00-05:00,5.05840593848763
2008-12-05 00:00:00-05:00,4.704072636172845
2008-12-08 00:00:00-05:00,5.559358596801759
2008-12-09 00:00:00-05:00,5.4432848621486265
2008-12-10 00:00:00-05:00,5.63266965896302
2008-12-11 00:00:00-05:00,5.266119740706938
2008-12-12 00:00:00-05:00,4.71629210509111
2008-12-15 00:00:00-05:00,5.15615366691458
2008-12-16 00:00:00-05:00,5.1744823269503675
2008-12-17 00:00:00-05:00,5.492159795557722
2008-12-18 00:00:00-05:00,5.635089072436666
2008-12-19 00:00:00-05:00,5.7211206691018095
2008-12-22 00:00:00-05:00,5.420008756110964
2008-12-23 00:00:00-05:00,5.321688073342394
2008-12-24 00:00:00-05:00,5.235654622708171
2008-12-26 00:00:00-05:00,5.376992849971859
2008-12-29 00:00:00-05:00,5.56134754350065
2008-12-30 00:00:00-05:00,5.1680581768913525
2008-12-31 00:00:00-05:00,5.592073669834591
2009-01-02 00:00:00-05:00,5.714975920918199
2009-01-05 00:00:00-05:00,5.973067467701734
2009-01-06 00:00:00-05:00,6.0652475512587625
2009-01-07 00:00:00-05:00,6.274180897003644
2009-01-08 00:00:00-05:00,6.1389895440678455
2009-01-09 00:00:00-05:00,5.973071717967279
2009-01-12 00:00:00-05:00,5.696540097571183
2009-01-13 00:00:00-05:00,5.622798540198657
2009-01-14 00:00:00-05:00,5.874748508867577
2009-01-15 00:00:00-05:00,5.733410333296734
2009-01-16 00:00:00-05:00,5.684248749345914
2009-01-20 00:00:00-05:00,5.542911202553671
2009-01-21 00:00:00-05:00,5.241798686016935
2009-01-22 00:00:00-05:00,5.598217907460052
2009-01-23 00:00:00-05:00,5.18034835687633
2009-01-26 00:00:00-05:00,5.469170294754274
2009-01-27 00:00:00-05:00,5.536766492450565
2009-01-28 00:00:00-05:00,5.733408813784634
2009-01-29 00:00:00-05:00,5.887037160443039
2009-01-30 00:00:00-05:00,5.887039621682398
2009-02-02 00:00:00-05:00,5.6535231037340115
2009-02-03 00:00:00-05:00,5.7395553696974435
2009-02-04 00:00:00-05:00,5.469170045942298
2009-02-05 00:00:00-05:00,5.469168205807067
2009-02-06 00:00:00-05:00,6.077541085757292
2009-02-09 00:00:00-05:00,6.390939788631811
2009-02-10 00:00:00-05:00,6.532277085382303
2009-02-11 00:00:00-05:00,6.175858953405279
2009-02-12 00:00:00-05:00,6.360215618600999
2009-02-13 00:00:00-05:00,6.323343983294053
2009-02-17 00:00:00-05:00,5.899327697006201
2009-02-18 00:00:00-05:00,6.040665754528627
2009-02-19 00:00:00-05:00,5.8870401229878295
2009-02-20 00:00:00-05:00,5.321686858951764
2009-02-23 00:00:00-05:00,5.389281067866233
2009-02-24 00:00:00-05:00,4.959123148952651
2009-02-25 00:00:00-05:00,5.290960359493358
2009-02-26 00:00:00-05:00,4.9283993204248
2009-02-27 00:00:00-05:00,4.811640147673345
2009-03-02 00:00:00-05:00,4.608851296606363
2009-03-03 00:00:00-05:00,4.559689288656602
2009-03-04 00:00:00-05:00,4.3138838994755835
2009-03-05 00:00:00-05:00,4.086514449248301
2009-03-06 00:00:00-05:00,4.061934891985474
2009-03-09 00:00:00-04:00,3.9144505674384336
2009-03-10 00:00:00-04:00,3.963611168719279
2009-03-11 00:00:00-04:00,4.2893042311229905
2009-03-12 00:00:00-04:00,4.450979948247131
2009-03-13 00:00:00-04:00,4.543838394514798
2009-03-16 00:00:00-04:00,4.952411650204079
2009-03-17 00:00:00-04:00,4.77288600469155
2009-03-18 00:00:00-04:00,5.15050827973059
2009-03-19 00:00:00-04:00,5.373366830680208
2009-03-20 00:00:00-04:00,5.175269234259881
2009-03-23 00:00:00-04:00,5.261936580552932
2009-03-24 00:00:00-04:00,5.354795764075919
2009-03-25 00:00:00-04:00,5.032888988380395
2009-03-26 00:00:00-04:00,5.323842647429735
2009-03-27 00:00:00-04:00,5.416699998519
2009-03-30 00:00:00-04:00,5.032889455077622
2009-03-31 00:00:00-04:00,5.001935950398353
2009-04-01 00:00:00-04:00,5.051459790623623
2009-04-02 00:00:00-04:00,5.391940014667634
2009-04-03 00:00:00-04:00,5.658128974206481
2009-04-06 00:00:00-04:00,5.596226340170977
2009-04-07 00:00:00-04:00,5.42289041298173
2009-04-08 00:00:00-04:00,5.422891959260789
2009-04-09 00:00:00-04:00,5.689082167344725
2009-04-13 00:00:00-04:00,5.76337141476878
2009-04-14 00:00:00-04:00,5.4662245578765765
2009-04-15 00:00:00-04:00,5.379556780251173
2009-04-16 00:00:00-04:00,5.571462987357821
2009-04-17 00:00:00-04:00,5.5714622642519185
2009-04-20 00:00:00-04:00,5.4167003712357635
2009-04-21 00:00:00-04:00,4.927650579307429
2009-04-22 00:00:00-04:00,5.422890020689025
2009-04-23 00:00:00-04:00,5.119556184681424
2009-04-24 00:00:00-04:00,5.218601928840165
2009-04-27 00:00:00-04:00,5.051460582238584
2009-04-28 00:00:00-04:00,4.909078168632757
2009-04-29 00:00:00-04:00,5.218604197552232
2009-04-30 00:00:00-04:00,5.243365654914779
2009-05-01 00:00:00-04:00,5.404316831824485
2009-05-04 00:00:00-04:00,5.528128541616317
2009-05-05 00:00:00-04:00,5.633368489857276
2009-05-06 00:00:00-04:00,5.695275739873015
2009-05-07 00:00:00-04:00,5.9119409118080215
2009-05-08 00:00:00-04:00,5.775748920696487
2009-05-11 00:00:00-04:00,6.035752439935255
2009-05-12 00:00:00-04:00,5.856225940078702
2009-05-13 00:00:00-04:00,5.5900348535526065
2009-05-14 00:00:00-04:00,5.3857494045299505
2009-05-15 00:00:00-04:00,5.583843434939022
2009-05-18 00:00:00-04:00,5.478604448225278
2009-05-19 00:00:00-04:00,5.484796422470787
2009-05-20 00:00:00-04:00,5.40431682095156
2009-05-21 00:00:00-04:00,5.138127544045321
2009-05-22 00:00:00-04:00,5.429081084297359
2009-05-26 00:00:00-04:00,5.44146184083429
2009-05-27 00:00:00-04:00,5.82527461589257
2009-05-28 00:00:00-04:00,5.534319056998692
2009-05-29 00:00:00-04:00,5.689082623407606
2009-06-01 00:00:00-04:00,5.627177609999179
2009-06-02 00:00:00-04:00,5.986226804465047
2009-06-03 00:00:00-04:00,5.99860738816623
2009-06-04 00:00:00-04:00,5.9986080083726945
2009-06-05 00:00:00-04:00,6.227656577166387
2009-06-08 00:00:00-04:00,6.054322730709878
2009-06-09 00:00:00-04:00,6.196706555620023
2009-06-10 00:00:00-04:00,6.168053606610776
2009-06-11 00:00:00-04:00,5.819506474550689
2009-06-12 00:00:00-04:00,5.85062848491189
2009-06-15 00:00:00-04:00,5.875524227647396
2009-06-16 00:00:00-04:00,5.863077983203437
2009-06-17 00:00:00-04:00,5.900419169701656
2009-06-18 00:00:00-04:00,6.286313465476721
2009-06-19 00:00:00-04:00,6.448140023109436
2009-06-22 00:00:00-04:00,6.379673528408818
2009-06-23 00:00:00-04:00,6.118262224655988
2009-06-24 00:00:00-04:00,6.068472223779731
2009-06-25 00:00:00-04:00,6.168055350298
2009-06-26 00:00:00-04:00,6.410795301733373
2009-06-29 00:00:00-04:00,6.28008889988201
2009-06-30 00:00:00-04:00,6.3423267107931585
2009-07-01 00:00:00-04:00,6.230298077620485
2009-07-02 00:00:00-04:00,6.448138677421391
2009-07-06 00:00:00-04:00,5.987556017222148
2009-07-07 00:00:00-04:00,6.217849511996847
2009-07-08 00:00:00-04:00,6.211624705014463
2009-07-09 00:00:00-04:00,6.062245137145651
2009-07-10 00:00:00-04:00,6.031124662786135
2009-07-13 00:00:00-04:00,6.1680579305117025
2009-07-14 00:00:00-04:00,6.410794563566714
2009-07-15 00:00:00-04:00,6.311209860258343
2009-07-16 00:00:00-04:00,6.7717916235312625
2009-07-17 00:00:00-04:00,6.858928680419922
2009-07-20 00:00:00-04:00,6.890050411224365
2009-07-21 00:00:00-04:00,6.952289720208133
2009-07-22 00:00:00-04:00,6.815360497333394
2009-07-23 00:00:00-04:00,6.977188478890618
2009-07-24 00:00:00-04:00,7.126564471940008
2009-07-27 00:00:00-04:00,7.2261468082919365
2009-07-28 00:00:00-04:00,7.082995151106474
2009-07-29 00:00:00-04:00,7.182579102087357
2009-07-30 00:00:00-04:00,7.095442538740071
2009-07-31 00:00:00-04:00,6.609964873889078
2009-08-03 00:00:00-04:00,7.076769649713855
2009-08-04 00:00:00-04:00,6.977186477485767
2009-08-05 00:00:00-04:00,7.35063115425351
2009-08-06 00:00:00-04:00,7.28216605385376
2009-08-07 00:00:00-04:00,7.288388191016438
2009-08-10 00:00:00-04:00,7.107892071108682
2009-08-11 00:00:00-04:00,7.170133301277528
2009-08-12 00:00:00-04:00,7.1514583296490315
2009-08-13 00:00:00-04:00,7.412871360778809
2009-08-14 00:00:00-04:00,7.4004237904764585
2009-08-17 00:00:00-04:00,6.9398434317747
2009-08-18 00:00:00-04:00,7.238594615975034
2009-08-19 00:00:00-04:00,6.921168888870282
2009-08-20 00:00:00-04:00,7.139012655581995
2009-08-21 00:00:00-04:00,7.406641782175021
2009-08-24 00:00:00-04:00,7.655609975079692
2009-08-25 00:00:00-04:00,7.643162129394145
2009-08-26 00:00:00-04:00,7.636935903979479
2009-08-27 00:00:00-04:00,7.786316268847018
2009-08-28 00:00:00-04:00,7.910795876555817
2009-08-31 00:00:00-04:00,7.599595891211349
2009-09-01 00:00:00-04:00,7.593367817494682
2009-09-02 00:00:00-04:00,7.524903059198435
2009-09-03 00:00:00-04:00,7.599592685699463
2009-09-04 00:00:00-04:00,7.599595925413426
2009-09-08 00:00:00-04:00,7.898349231199237
2009-09-09 00:00:00-04:00,7.493783769275174
2009-09-10 00:00:00-04:00,7.879675956623864
2009-09-11 00:00:00-04:00,8.159760103629212
2009-09-14 00:00:00-04:00,8.053949274222587
2009-09-15 00:00:00-04:00,8.43361799775403
2009-09-16 00:00:00-04:00,8.79461465969077
2009-09-17 00:00:00-04:00,8.846001446184264
2009-09-18 00:00:00-04:00,8.995937267040286
2009-09-21 00:00:00-04:00,8.927215344482397
2009-09-22 00:00:00-04:00,9.120882356236123
2009-09-23 00:00:00-04:00,9.152112938461817
2009-09-24 00:00:00-04:00,9.039668487007512
2009-09-25 00:00:00-04:00,8.908473484569212
2009-09-28 00:00:00-04:00,8.827262972871035
2009-09-29 00:00:00-04:00,9.033420890615814
2009-09-30 00:00:00-04:00,8.877237499722138
2009-10-01 00:00:00-04:00,8.721061181041147
2009-10-02 00:00:00-04:00,8.383712499139971
2009-10-05 00:00:00-04:00,8.758545289008307
2009-10-06 00:00:00-04:00,8.589870001385943
2009-10-07 00:00:00-04:00,8.877239398353922
2009-10-08 00:00:00-04:00,9.002183178130062
2009-10-09 00:00:00-04:00,8.796026744065326
2009-10-12 00:00:00-04:00,8.839757836800242
2009-10-13 00:00:00-04:00,8.983442257253063
2009-10-14 00:00:00-04:00,9.039667923931042
2009-10-15 00:00:00-04:00,8.983441721620817
2009-10-16 00:00:00-04:00,8.995935669711963
2009-10-19 00:00:00-04:00,8.933466074408077
2009-10-20 00:00:00-04:00,9.014675797648772
2009-10-21 00:00:00-04:00,8.764788506811614
2009-10-22 00:00:00-04:00,8.61485603370225
2009-10-23 00:00:00-04:00,8.80851919694654
2009-10-26 00:00:00-04:00,8.483669661019738
2009-10-27 00:00:00-04:00,8.38995984787583
2009-10-28 00:00:00-04:00,8.321240013722278
2009-10-29 00:00:00-04:00,8.140072382226965
2009-10-30 00:00:00-04:00,8.233780934560729
2009-11-02 00:00:00-05:00,7.777735256152838
2009-11-03 00:00:00-05:00,7.590318661749857
2009-11-04 00:00:00-05:00,7.790230213240596
2009-11-05 00:00:00-05:00,7.609064715490094
2009-11-06 00:00:00-05:00,7.808971634712456
2009-11-09 00:00:00-05:00,8.058858185819576
2009-11-10 00:00:00-05:00,8.121333358218159
2009-11-11 00:00:00-05:00,8.258768010849412
2009-11-12 00:00:00-05:00,8.108839377166724
2009-11-13 00:00:00-05:00,7.8651966100197885
2009-11-16 00:00:00-05:00,7.84020702240584
2009-11-17 00:00:00-05:00,8.07135186428911
2009-11-18 00:00:00-05:00,8.071356757460379
2009-11-19 00:00:00-05:00,7.877693705392855
2009-11-20 00:00:00-05:00,7.715264492201975
2009-11-23 00:00:00-05:00,7.958904739585148
2009-11-24 00:00:00-05:00,7.946414421120172
2009-11-25 00:00:00-05:00,7.877691661284507
2009-11-27 00:00:00-05:00,7.465378602959362
2009-11-30 00:00:00-05:00,7.44039061876025
2009-12-01 00:00:00-05:00,7.5715779498806945
2009-12-02 00:00:00-05:00,7.47787058341644
2009-12-03 00:00:00-05:00,7.640296742202602
2009-12-04 00:00:00-05:00,7.57782701774639
2009-12-07 00:00:00-05:00,7.584073318648496
2009-12-08 00:00:00-05:00,7.54659061981949
2009-12-09 00:00:00-05:00,7.352928238597475
2009-12-10 00:00:00-05:00,7.440387021361282
2009-12-11 00:00:00-05:00,7.659037979590982
2009-12-14 00:00:00-05:00,7.8339603897734165
2009-12-15 00:00:00-05:00,8.052614576606262
2009-12-16 00:00:00-05:00,8.058858518174524
2009-12-17 00:00:00-05:00,8.008455540255875
2009-12-18 00:00:00-05:00,7.889019494523265
2009-12-21 00:00:00-05:00,7.870162323544415
2009-12-22 00:00:00-05:00,7.933022093313797
2009-12-23 00:00:00-05:00,7.933019161224365
2009-12-24 00:00:00-05:00,7.92044621658393
2009-12-28 00:00:00-05:00,7.933023832600227
2009-12-29 00:00:00-05:00,8.002170417854716
2009-12-30 00:00:00-05:00,7.94559208002981
2009-12-31 00:00:00-05:00,8.027314921695215
2010-01-04 00:00:00-05:00,7.983309519779069
2010-01-05 00:00:00-05:00,8.090173702233267
2010-01-06 00:00:00-05:00,8.291328754141647
2010-01-07 00:00:00-05:00,8.398190823414515
2010-01-08 00:00:00-05:00,8.22846689595138
2010-01-11 00:00:00-05:00,8.44219533838246
2010-01-12 00:00:00-05:00,8.209607563868556
2010-01-13 00:00:00-05:00,8.134173677968109
2010-01-14 00:00:00-05:00,8.16560466686052
2010-01-15 00:00:00-05:00,8.03359835135031
2010-01-19 00:00:00-05:00,8.184464230016559
2010-01-20 00:00:00-05:00,8.253612610527615
2010-01-21 00:00:00-05:00,8.20961062703463
2010-01-22 00:00:00-05:00,8.15931963167355
2010-01-25 00:00:00-05:00,7.970734714509414
2010-01-26 00:00:00-05:00,7.832444354429337
2010-01-27 00:00:00-05:00,7.530711700574449
2010-01-28 00:00:00-05:00,7.6501483980095415
2010-01-29 00:00:00-05:00,7.455279284736345
2010-02-01 00:00:00-05:00,7.587285362309309
2010-02-02 00:00:00-05:00,7.4867083690026
2010-02-03 00:00:00-05:00,7.543285764388791
2010-02-04 00:00:00-05:00,7.423852255181772
2010-02-05 00:00:00-05:00,7.247840495804904
2010-02-08 00:00:00-05:00,7.216408290861905
2010-02-09 00:00:00-05:00,7.568432621839315
2010-02-10 00:00:00-05:00,7.895309908553244
2010-02-11 00:00:00-05:00,7.995881185887629
2010-02-12 00:00:00-05:00,8.03359861114862
2010-02-16 00:00:00-05:00,8.28504117422117
2010-02-17 00:00:00-05:00,8.360475448922097
2010-02-18 00:00:00-05:00,8.398190443504944
2010-02-19 00:00:00-05:00,8.624491691589355
2010-02-22 00:00:00-05:00,8.630775625545256
2010-02-23 00:00:00-05:00,8.605628158176737
2010-02-24 00:00:00-05:00,8.492481950415415
2010-02-25 00:00:00-05:00,8.561628604278612
2010-02-26 00:00:00-05:00,8.687351416897265
2010-03-01 00:00:00-05:00,8.505052652985292
2010-03-02 00:00:00-05:00,8.542768729472046
2010-03-03 00:00:00-05:00,8.725064500465397
2010-03-04 00:00:00-05:00,8.743927195810494
2010-03-05 00:00:00-05:00,8.649633234433589
2010-03-08 00:00:00-05:00,8.781642213738552
2010-03-09 00:00:00-05:00,8.574201250091182
2010-03-10 00:00:00-05:00,8.819356232230938
2010-03-11 00:00:00-05:00,8.787638616925674
2010-03-12 00:00:00-05:00,8.983618890159361
2010-03-15 00:00:00-04:00,9.065810203552246
2010-03-16 00:00:00-04:00,9.072131497283166
2010-03-17 00:00:00-04:00,9.293402154648058
2010-03-18 00:00:00-04:00,9.30604497471567
2010-03-19 00:00:00-04:00,9.040520668029785
2010-03-22 00:00:00-04:00,8.95201216028806
2010-03-23 00:00:00-04:00,9.318689784221522
2010-03-24 00:00:00-04:00,9.306049821238071
2010-03-25 00:00:00-04:00,9.464097587878973
2010-03-26 00:00:00-04:00,9.375586210940746
2010-03-29 00:00:00-04:00,9.464098284515725
2010-03-30 00:00:00-04:00,9.641116014641414
2010-03-31 00:00:00-04:00,9.451454188381106
2010-04-01 00:00:00-04:00,9.590539326423528
2010-04-05 00:00:00-04:00,9.742268562316895
2010-04-06 00:00:00-04:00,9.64743834500078
2010-04-07 00:00:00-04:00,9.69169095661205
2010-04-08 00:00:00-04:00,9.754912764210955
2010-04-09 00:00:00-04:00,9.856062963709702
2010-04-12 00:00:00-04:00,9.786521426093373
2010-04-13 00:00:00-04:00,9.906642638069966
2010-04-14 00:00:00-04:00,10.115268344317748
2010-04-15 00:00:00-04:00,10.273319412197713
2010-04-16 00:00:00-04:00,10.235389491760476
2010-04-19 00:00:00-04:00,10.096304356056233
2010-04-20 00:00:00-04:00,10.22906494496522
2010-04-21 00:00:00-04:00,10.285964205050385
2010-04-22 00:00:00-04:00,10.273317593687954
2010-04-23 00:00:00-04:00,10.001469612121582
2010-04-26 00:00:00-04:00,10.014118725285414
2010-04-27 00:00:00-04:00,9.716980605148095
2010-04-28 00:00:00-04:00,9.875030296694804
2010-04-29 00:00:00-04:00,10.456661410964536
2010-04-30 00:00:00-04:00,10.911844698327256
2010-05-03 00:00:00-04:00,10.911842950226292
2010-05-04 00:00:00-04:00,10.943454002558504
2010-05-05 00:00:00-04:00,10.46930057646391
2010-05-06 00:00:00-04:00,10.380793733994507
2010-05-07 00:00:00-04:00,10.254354694313902
2010-05-10 00:00:00-04:00,10.273317711020574
2010-05-11 00:00:00-04:00,10.323895620504656
2010-05-12 00:00:00-04:00,10.279643157841392
2010-05-13 00:00:00-04:00,10.317570617095509
2010-05-14 00:00:00-04:00,10.298606718502464
2010-05-17 00:00:00-04:00,10.304927018325936
2010-05-18 00:00:00-04:00,10.355503557828866
2010-05-19 00:00:00-04:00,9.912964215260768
2010-05-20 00:00:00-04:00,9.533638964182757
2010-05-21 00:00:00-04:00,8.964658695008564
2010-05-24 00:00:00-04:00,9.198571163893734
2010-05-25 00:00:00-04:00,8.812924436598369
2010-05-26 00:00:00-04:00,8.96466096411398
2010-05-27 00:00:00-04:00,9.204897186722931
2010-05-28 00:00:00-04:00,9.773877504453273
2010-06-01 00:00:00-04:00,9.698011146758143
2010-06-02 00:00:00-04:00,9.47041943935851
2010-06-03 00:00:00-04:00,9.685370035635449
2010-06-04 00:00:00-04:00,9.508351977408164
2010-06-07 00:00:00-04:00,9.381909723572928
2010-06-08 00:00:00-04:00,9.375587212057514
2010-06-09 00:00:00-04:00,9.325014487262788
2010-06-10 00:00:00-04:00,9.446104149649317
2010-06-11 00:00:00-04:00,9.611376769927457
2010-06-14 00:00:00-04:00,9.929213698854298
2010-06-15 00:00:00-04:00,9.833863602974263
2010-06-16 00:00:00-04:00,9.884717570860383
2010-06-17 00:00:00-04:00,10.189842518452666
2010-06-18 00:00:00-04:00,10.069058681270628
2010-06-21 00:00:00-04:00,10.227981840497218
2010-06-22 00:00:00-04:00,10.094490329221106
2010-06-23 00:00:00-04:00,9.897431176013592
2010-06-24 00:00:00-04:00,10.018207801991858
2010-06-25 00:00:00-04:00,10.126274810927113
2010-06-28 00:00:00-04:00,10.488608136927912
2010-06-29 00:00:00-04:00,10.04363564129934
2010-06-30 00:00:00-04:00,9.630449166241188
2010-07-01 00:00:00-04:00,9.738512868032814
2010-07-02 00:00:00-04:00,9.636803649631537
2010-07-06 00:00:00-04:00,9.585950214321738
2010-07-07 00:00:00-04:00,9.662230675915415
2010-07-08 00:00:00-04:00,10.145342143012064
2010-07-09 00:00:00-04:00,9.948281261734547
2010-07-12 00:00:00-04:00,10.253407245576545
2010-07-13 00:00:00-04:00,10.16441386765148
2010-07-14 00:00:00-04:00,10.526748423774627
2010-07-15 00:00:00-04:00,10.27883602268737
2010-07-16 00:00:00-04:00,10.126276950657452
2010-07-19 00:00:00-04:00,9.783011404097973
2010-07-20 00:00:00-04:00,9.674943879831867
2010-07-21 00:00:00-04:00,10.069063460185019
2010-07-22 00:00:00-04:00,9.840221157637728
2010-07-23 00:00:00-04:00,9.948287593227064
2010-07-26 00:00:00-04:00,10.17712698735473
2010-07-27 00:00:00-04:00,10.36783154444137
2010-07-28 00:00:00-04:00,10.3614707418372
2010-07-29 00:00:00-04:00,10.431398042867702
2010-07-30 00:00:00-04:00,10.533103094608188
2010-08-02 00:00:00-04:00,10.850938660539837
2010-08-03 00:00:00-04:00,10.959005022066542
2010-08-04 00:00:00-04:00,10.831869245199416
2010-08-05 00:00:00-04:00,10.870011168550732
2010-08-06 00:00:00-04:00,10.615740446873302
2010-08-09 00:00:00-04:00,10.9017939616314
2010-08-10 00:00:00-04:00,10.870012700325622
2010-08-11 00:00:00-04:00,10.329691561688248
2010-08-12 00:00:00-04:00,10.158056351869586
2010-08-13 00:00:00-04:00,10.266123630497166
2010-08-16 00:00:00-04:00,10.081778472328756
2010-08-17 00:00:00-04:00,10.285191564257731
2010-08-18 00:00:00-04:00,10.41868655320944
2010-08-19 00:00:00-04:00,10.39325501303189
2010-08-20 00:00:00-04:00,10.043637914651658
2010-08-23 00:00:00-04:00,10.094491453506294
2010-08-24 00:00:00-04:00,9.852936020015537
2010-08-25 00:00:00-04:00,9.852936299106743
2010-08-26 00:00:00-04:00,10.138986375689676
2010-08-27 00:00:00-04:00,10.196197702640957
2010-08-30 00:00:00-04:00,10.463178271467614
2010-08-31 00:00:00-04:00,10.25340631399671
2010-09-01 00:00:00-04:00,10.628453535538016
2010-09-02 00:00:00-04:00,10.89543609971702
2010-09-03 00:00:00-04:00,10.997143473809109
2010-09-07 00:00:00-04:00,11.136993096093464
2010-09-08 00:00:00-04:00,11.175134902206771
2010-09-09 00:00:00-04:00,11.18784760126593
2010-09-10 00:00:00-04:00,11.143353887045896
2010-09-13 00:00:00-04:00,11.213270132292017
2010-09-14 00:00:00-04:00,11.08614261688218
2010-09-15 00:00:00-04:00,11.149710188944523
2010-09-16 00:00:00-04:00,11.232458568056956
2010-09-17 00:00:00-04:00,11.15583005942847
2010-09-20 00:00:00-04:00,11.296315629045827
2010-09-21 00:00:00-04:00,11.538975257589128
2010-09-22 00:00:00-04:00,11.3218662776724
2010-09-23 00:00:00-04:00,11.07281889908798
2010-09-24 00:00:00-04:00,10.925950104445675
2010-09-27 00:00:00-04:00,11.226073977885498
2010-09-28 00:00:00-04:00,11.053659172330699
2010-09-29 00:00:00-04:00,11.366558261519513
2010-09-30 00:00:00-04:00,11.436798194873441
2010-10-01 00:00:00-04:00,11.481500557949374
2010-10-04 00:00:00-04:00,11.072817946419702
2010-10-05 00:00:00-04:00,11.1749906972875
2010-10-06 00:00:00-04:00,11.398491602352502
2010-10-07 00:00:00-04:00,11.564516686993096
2010-10-08 00:00:00-04:00,11.417645247084113
2010-10-11 00:00:00-04:00,11.788021929074006
2010-10-12 00:00:00-04:00,11.507044768677822
2010-10-13 00:00:00-04:00,11.653916976490013
2010-10-14 00:00:00-04:00,11.775246474481692
2010-10-15 00:00:00-04:00,11.979590620937936
2010-10-18 00:00:00-04:00,11.947660048663195
2010-10-19 00:00:00-04:00,11.851872468487754
2010-10-20 00:00:00-04:00,11.851871839071999
2010-10-21 00:00:00-04:00,12.132846579969184
2010-10-22 00:00:00-04:00,12.196698161180757
2010-10-25 00:00:00-04:00,12.31803035736084
2010-10-26 00:00:00-04:00,12.260560044820734
2010-10-27 00:00:00-04:00,12.196701607146508
2010-10-28 00:00:00-04:00,12.132845324851045
2010-10-29 00:00:00-04:00,11.615603433122214
2010-11-01 00:00:00-04:00,11.979586059278235
2010-11-02 00:00:00-04:00,11.705006334637476
2010-11-03 00:00:00-04:00,11.8199512148815
2010-11-04 00:00:00-04:00,11.6986162583097
2010-11-05 00:00:00-04:00,11.590060268728529
2010-11-08 00:00:00-05:00,11.462344453992646
2010-11-09 00:00:00-05:00,11.443190847791758
2010-11-10 00:00:00-05:00,11.149446230899391
2010-11-11 00:00:00-05:00,11.047276542484793
2010-11-12 00:00:00-05:00,10.86209206865435
2010-11-15 00:00:00-05:00,10.86847626079767
2010-11-16 00:00:00-05:00,10.683292817347992
2010-11-17 00:00:00-05:00,10.568348082928676
2010-11-18 00:00:00-05:00,10.651362626434187
2010-11-19 00:00:00-05:00,10.561963445642933
2010-11-22 00:00:00-05:00,10.459787235041444
2010-11-23 00:00:00-05:00,10.351231384782286
2010-11-24 00:00:00-05:00,10.53003276163409
2010-11-26 00:00:00-05:00,10.510872840881348
2010-11-29 00:00:00-05:00,10.485330366515363
2010-11-30 00:00:00-05:00,10.46617703536862
2010-12-01 00:00:00-05:00,10.651360084636778
2010-12-02 00:00:00-05:00,10.77268811140907
2010-12-03 00:00:00-05:00,10.715218019479218
2010-12-06 00:00:00-05:00,10.84293054306051
2010-12-07 00:00:00-05:00,11.002573273963419
2010-12-08 00:00:00-05:00,10.900401565057283
2010-12-09 00:00:00-05:00,11.168605054700235
2010-12-10 00:00:00-05:00,11.149446839352896
2010-12-13 00:00:00-05:00,11.328244359579887
2010-12-14 00:00:00-05:00,11.366562324342642
2010-12-15 00:00:00-05:00,11.494277000427246
2010-12-16 00:00:00-05:00,11.55852305023955
2010-12-17 00:00:00-05:00,11.404325986603284
2010-12-20 00:00:00-05:00,11.648475029416494
2010-12-21 00:00:00-05:00,11.545670722565674
2010-12-22 00:00:00-05:00,11.597075533189784
2010-12-23 00:00:00-05:00,11.558526039123535
2010-12-27 00:00:00-05:00,11.532823539319521
2010-12-28 00:00:00-05:00,11.635625224793868
2010-12-29 00:00:00-05:00,11.661324420095195
2010-12-30 00:00:00-05:00,11.609923641375241
2010-12-31 00:00:00-05:00,11.564950081178615
2011-01-03 00:00:00-05:00,11.712722904344487
2011-01-04 00:00:00-05:00,11.834797174183516
2011-01-05 00:00:00-05:00,11.577799453344165
2011-01-06 00:00:00-05:00,11.648473403152293
2011-01-07 00:00:00-05:00,11.738421571251795
2011-01-10 00:00:00-05:00,11.545674723208815
2011-01-11 00:00:00-05:00,11.648471149604417
2011-01-12 00:00:00-05:00,11.712726646684347
2011-01-13 00:00:00-05:00,11.558523980850396
2011-01-14 00:00:00-05:00,11.526398421205592
2011-01-18 00:00:00-05:00,11.60992225411687
2011-01-19 00:00:00-05:00,11.54567573839985
2011-01-20 00:00:00-05:00,11.192302272337452
2011-01-21 00:00:00-05:00,11.282249072868328
2011-01-24 00:00:00-05:00,11.108776520901388
2011-01-25 00:00:00-05:00,11.192302741551794
2011-01-26 00:00:00-05:00,11.372197257888903
2011-01-27 00:00:00-05:00,11.40432820620594
2011-01-28 00:00:00-05:00,11.526397113747969
2011-01-31 00:00:00-05:00,11.250128138091426
2011-02-01 00:00:00-05:00,11.179453608545943
2011-02-02 00:00:00-05:00,11.410751437879254
2011-02-03 00:00:00-05:00,11.211577212504533
2011-02-04 00:00:00-05:00,11.333649420579476
2011-02-07 00:00:00-05:00,11.340075923898935
2011-02-08 00:00:00-05:00,11.115202688055136
2011-02-09 00:00:00-05:00,11.352922909285093
2011-02-10 00:00:00-05:00,11.35292749640428
2011-02-11 00:00:00-05:00,11.230849125084891
2011-02-14 00:00:00-05:00,11.320802669643871
2011-02-15 00:00:00-05:00,11.224425351563665
2011-02-16 00:00:00-05:00,11.173026607406232
2011-02-17 00:00:00-05:00,11.173026392193517
2011-02-18 00:00:00-05:00,11.262975747645514
2011-02-22 00:00:00-05:00,11.307949131271833
2011-02-23 00:00:00-05:00,11.025250449983641
2011-02-24 00:00:00-05:00,10.787529978180379
2011-02-25 00:00:00-05:00,10.652603740479739
2011-02-28 00:00:00-05:00,10.941730052399636
2011-03-01 00:00:00-05:00,10.935304743140398
2011-03-02 00:00:00-05:00,10.678299800826293
2011-03-03 00:00:00-05:00,10.768250354598718
2011-03-04 00:00:00-05:00,10.838931271579932
2011-03-07 00:00:00-05:00,10.678302538775094
2011-03-08 00:00:00-05:00,10.536951598884798
2011-03-09 00:00:00-05:00,10.813230965882543
2011-03-10 00:00:00-05:00,10.80037742413657
2011-03-11 00:00:00-05:00,10.581929678273399
2011-03-14 00:00:00-04:00,10.569081018859226
2011-03-15 00:00:00-04:00,10.247829649331925
2011-03-16 00:00:00-04:00,10.472702980041504
2011-03-17 00:00:00-04:00,10.63442039640353
2011-03-18 00:00:00-04:00,10.71203803753992
2011-03-21 00:00:00-04:00,10.847883125103074
2011-03-22 00:00:00-04:00,11.003128710578892
2011-03-23 00:00:00-04:00,10.886695299246307
2011-03-24 00:00:00-04:00,10.82847604099081
2011-03-25 00:00:00-04:00,10.737917899826344
2011-03-28 00:00:00-04:00,10.80907137149936
2011-03-29 00:00:00-04:00,10.621480655816208
2011-03-30 00:00:00-04:00,10.640886592205128
2011-03-31 00:00:00-04:00,10.634418014867844
2011-04-01 00:00:00-04:00,10.970787162145559
2011-04-04 00:00:00-04:00,10.854353781070655
2011-04-05 00:00:00-04:00,10.98372459402612
2011-04-06 00:00:00-04:00,10.996661646866832
2011-04-07 00:00:00-04:00,11.28775091827047
2011-04-08 00:00:00-04:00,11.29421954746311
2011-04-11 00:00:00-04:00,11.04841080507729
2011-04-12 00:00:00-04:00,10.873755533131874
2011-04-13 00:00:00-04:00,10.802604803171803
2011-04-14 00:00:00-04:00,10.543857470599914
2011-04-15 00:00:00-04:00,10.70557431022512
2011-04-18 00:00:00-04:00,10.602074907128374
2011-04-19 00:00:00-04:00,10.679698942140497
2011-04-20 00:00:00-04:00,10.828475366975145
2011-04-21 00:00:00-04:00,10.789666066745912
2011-04-25 00:00:00-04:00,10.867287822336353
2011-04-26 00:00:00-04:00,10.61501150597062
2011-04-27 00:00:00-04:00,11.475342602278047
2011-04-28 00:00:00-04:00,11.649992370334756
2011-04-29 00:00:00-04:00,11.60471344042423
2011-05-02 00:00:00-04:00,11.604713557487802
2011-05-03 00:00:00-04:00,11.378310487998604
2011-05-04 00:00:00-04:00,11.48827947794867
2011-05-05 00:00:00-04:00,11.261876912744377
2011-05-06 00:00:00-04:00,11.171316831310003
2011-05-09 00:00:00-04:00,11.054881637236088
2011-05-10 00:00:00-04:00,11.24893844337662
2011-05-11 00:00:00-04:00,11.333026929543204
2011-05-12 00:00:00-04:00,11.093690391483472
2011-05-13 00:00:00-04:00,11.404184958725402
2011-05-16 00:00:00-04:00,10.912571780832991
2011-05-17 00:00:00-04:00,10.957850736445833
2011-05-18 00:00:00-04:00,10.964317025041845
2011-05-19 00:00:00-04:00,10.931973168154487
2011-05-20 00:00:00-04:00,10.83494703076141
2011-05-23 00:00:00-04:00,10.589137736708496
2011-05-24 00:00:00-04:00,10.511516704311287
2011-05-25 00:00:00-04:00,10.291579466099341
2011-05-26 00:00:00-04:00,10.453297893387274
2011-05-27 00:00:00-04:00,10.530918483434455
2011-05-31 00:00:00-04:00,10.569731710670112
2011-06-01 00:00:00-04:00,10.54386031151762
2011-06-02 00:00:00-04:00,10.388613429314546
2011-06-03 00:00:00-04:00,10.19455467250175
2011-06-06 00:00:00-04:00,10.136333172758244
2011-06-07 00:00:00-04:00,10.168677478053672
2011-06-08 00:00:00-04:00,9.890525198166676
2011-06-09 00:00:00-04:00,9.968809754733186
2011-06-10 00:00:00-04:00,9.64302711351432
2011-06-13 00:00:00-04:00,9.695154190063477
2011-06-14 00:00:00-04:00,9.76030650661242
2011-06-15 00:00:00-04:00,9.695155020511413
2011-06-16 00:00:00-04:00,9.636513434916841
2011-06-17 00:00:00-04:00,9.818946864253016
2011-06-20 00:00:00-04:00,9.616964890419235
2011-06-21 00:00:00-04:00,9.74076223482723
2011-06-22 00:00:00-04:00,9.845012457341998
2011-06-23 00:00:00-04:00,9.74728012084961
2011-06-24 00:00:00-04:00,9.779855389021161
2011-06-27 00:00:00-04:00,9.747279007253908
2011-06-28 00:00:00-04:00,9.988355844371105
2011-06-29 00:00:00-04:00,10.040480939568802
2011-06-30 00:00:00-04:00,10.11866338675474
2011-07-01 00:00:00-04:00,10.177306625165906
2011-07-05 00:00:00-04:00,10.301097478981962
2011-07-06 00:00:00-04:00,10.320647858233512
2011-07-07 00:00:00-04:00,10.379287384850834
2011-07-08 00:00:00-04:00,10.229431065595584
2011-07-11 00:00:00-04:00,10.190336506871134
2011-07-12 00:00:00-04:00,10.027448037180855
2011-07-13 00:00:00-04:00,10.20336860270313
2011-07-14 00:00:00-04:00,10.15775914969974
2011-07-15 00:00:00-04:00,9.812437470120258
2011-07-18 00:00:00-04:00,9.792886043529725
2011-07-19 00:00:00-04:00,9.766824928915343
2011-07-20 00:00:00-04:00,9.779859227580275
2011-07-21 00:00:00-04:00,9.773337922100492
2011-07-22 00:00:00-04:00,9.851528042538606
2011-07-25 00:00:00-04:00,9.60393863542527
2011-07-26 00:00:00-04:00,9.623481963773017
2011-07-27 00:00:00-04:00,9.584389556205725
2011-07-28 00:00:00-04:00,9.447560461354126
2011-07-29 00:00:00-04:00,9.395439064433246
2011-08-01 00:00:00-04:00,9.571358472743793
2011-08-02 00:00:00-04:00,9.480140348034407
2011-08-03 00:00:00-04:00,9.454080156743144
2011-08-04 00:00:00-04:00,9.401954053492242
2011-08-05 00:00:00-04:00,9.271641448324221
2011-08-08 00:00:00-04:00,8.80252303224048
2011-08-09 00:00:00-04:00,8.639631432516373
2011-08-10 00:00:00-04:00,8.900256198381905
2011-08-11 00:00:00-04:00,8.580992828795598
2011-08-12 00:00:00-04:00,9.063142035749712
2011-08-15 00:00:00-04:00,8.587508609464754
2011-08-16 00:00:00-04:00,8.79600895498051
2011-08-17 00:00:00-04:00,8.756912566075414
2011-08-18 00:00:00-04:00,8.457197471959216
2011-08-19 00:00:00-04:00,8.12490610924953
2011-08-22 00:00:00-04:00,8.463712341098208
2011-08-23 00:00:00-04:00,8.040201260123819
2011-08-24 00:00:00-04:00,8.268247723020613
2011-08-25 00:00:00-04:00,8.398559880451439
2011-08-26 00:00:00-04:00,7.994595406419377
2011-08-29 00:00:00-04:00,8.287793073074075
2011-08-30 00:00:00-04:00,8.70478970150503
2011-08-31 00:00:00-04:00,8.756912846004825
2011-09-01 00:00:00-04:00,8.665695622625636
2011-09-02 00:00:00-04:00,8.18354528869999
2011-09-06 00:00:00-04:00,7.727450815304276
2011-09-07 00:00:00-04:00,8.118388510319585
2011-09-08 00:00:00-04:00,8.085809137847836
2011-09-09 00:00:00-04:00,7.7991265625038535
2011-09-12 00:00:00-04:00,7.694880614583473
2011-09-13 00:00:00-04:00,7.877313137351492
2011-09-14 00:00:00-04:00,7.994593208296554
2011-09-15 00:00:00-04:00,8.158474490818186
2011-09-16 00:00:00-04:00,8.289959739047845
2011-09-19 00:00:00-04:00,8.059865462436987
2011-09-20 00:00:00-04:00,7.895510548798565
2011-09-21 00:00:00-04:00,7.737733978777651
2011-09-22 00:00:00-04:00,7.12634059600464
2011-09-23 00:00:00-04:00,7.270973176097804
2011-09-26 00:00:00-04:00,7.4484716180486314
2011-09-27 00:00:00-04:00,7.612826366892529
2011-09-28 00:00:00-04:00,7.4418988805775355
2011-09-29 00:00:00-04:00,7.3827309767220175
2011-09-30 00:00:00-04:00,7.4550466489815195
2011-10-03 00:00:00-04:00,7.435325310984332
2011-10-04 00:00:00-04:00,6.9817094972873335
2011-10-05 00:00:00-04:00,7.6128252566391925
2011-10-06 00:00:00-04:00,7.507638242481109
2011-10-07 00:00:00-04:00,7.7180132178205625
2011-10-10 00:00:00-04:00,7.573382906912842
2011-10-11 00:00:00-04:00,7.737731575023731
2011-10-12 00:00:00-04:00,7.862641246669103
2011-10-13 00:00:00-04:00,8.020420246185962
2011-10-14 00:00:00-04:00,7.895512686427901
2011-10-17 00:00:00-04:00,7.862644192820937
2011-10-18 00:00:00-04:00,7.639122882267304
2011-10-19 00:00:00-04:00,8.046717540836056
2011-10-20 00:00:00-04:00,7.869216912475518
2011-10-21 00:00:00-04:00,7.856067769433276
2011-10-24 00:00:00-04:00,7.908660285386241
2011-10-25 00:00:00-04:00,8.270236832465425
2011-10-26 00:00:00-04:00,8.38857150779373
2011-10-27 00:00:00-04:00,8.42144454600104
2011-10-28 00:00:00-04:00,9.085425410859294
2011-10-31 00:00:00-04:00,8.875056679807992
2011-11-01 00:00:00-04:00,8.546348425291445
2011-11-02 00:00:00-04:00,8.651538352206673
2011-11-03 00:00:00-04:00,8.8553336790301
2011-11-04 00:00:00-04:00,8.868479873298964
2011-11-07 00:00:00-05:00,8.842183080923597
2011-11-08 00:00:00-05:00,8.9999637087865
2011-11-09 00:00:00-05:00,8.81588876345789
2011-11-10 00:00:00-05:00,8.605517799564977
2011-11-11 00:00:00-05:00,8.6515357129508
2011-11-14 00:00:00-05:00,8.710703805715811
2011-11-15 00:00:00-05:00,8.421441440482852
2011-11-16 00:00:00-05:00,8.388573162646619
2011-11-17 00:00:00-05:00,8.335980541954497
2011-11-18 00:00:00-05:00,8.197921564558932
2011-11-21 00:00:00-05:00,8.105885816051071
2011-11-22 00:00:00-05:00,7.980976261219266
2011-11-23 00:00:00-05:00,7.869219104450972
2011-11-25 00:00:00-05:00,7.652271860683447
2011-11-28 00:00:00-05:00,7.888938903808594
2011-11-29 00:00:00-05:00,7.915238814164326
2011-11-30 00:00:00-05:00,8.073016188519205
2011-12-01 00:00:00-05:00,8.0335685634073
2011-12-02 00:00:00-05:00,8.191349362342661
2011-12-05 00:00:00-05:00,8.447736961594751
2011-12-06 00:00:00-05:00,8.533201946680492
2011-12-07 00:00:00-05:00,8.467459204960086
2011-12-08 00:00:00-05:00,8.73042501565212
2011-12-09 00:00:00-05:00,8.835610122010117
2011-12-12 00:00:00-05:00,8.783018112182617
2011-12-13 00:00:00-05:00,8.861906093969605
2011-12-14 00:00:00-05:00,8.57264609784264
2011-12-15 00:00:00-05:00,8.78473209489279
2011-12-16 00:00:00-05:00,8.83121365352369
2011-12-19 00:00:00-05:00,8.744889259338379
2011-12-20 00:00:00-05:00,8.937451869150097
2011-12-21 00:00:00-05:00,9.017133786203017
2011-12-22 00:00:00-05:00,9.176489141996425
2011-12-23 00:00:00-05:00,9.32257060181525
2011-12-27 00:00:00-05:00,9.236251297840038
2011-12-28 00:00:00-05:00,9.30929136947362
2011-12-29 00:00:00-05:00,9.296011472912964
2011-12-30 00:00:00-05:00,9.315930823416995
2012-01-03 00:00:00-05:00,9.309292573589609
2012-01-04 00:00:00-05:00,9.342491924142633
2012-01-05 00:00:00-05:00,9.282729683542362
2012-01-06 00:00:00-05:00,9.402252790426934
2012-01-09 00:00:00-05:00,9.61473225021048
2012-01-10 00:00:00-05:00,9.833852015242613
2012-01-11 00:00:00-05:00,9.900254822820889
2012-01-12 00:00:00-05:00,10.106091050650365
2012-01-13 00:00:00-05:00,9.960012322673832
2012-01-17 00:00:00-05:00,10.185772571246204
2012-01-18 00:00:00-05:00,10.152570302348854
2012-01-19 00:00:00-05:00,10.438093351533771
2012-01-20 00:00:00-05:00,10.325212994092537
2012-01-23 00:00:00-05:00,10.398254981238548
2012-01-24 00:00:00-05:00,10.371691529119332
2012-01-25 00:00:00-05:00,10.365054859417821
2012-01-26 00:00:00-05:00,10.424816045767399
2012-01-27 00:00:00-05:00,10.331854006043953
2012-01-30 00:00:00-05:00,10.305291421554477
2012-01-31 00:00:00-05:00,10.331854457435778
2012-02-01 00:00:00-05:00,10.484572544608366
2012-02-02 00:00:00-05:00,10.756813615513465
2012-02-03 00:00:00-05:00,10.816571090897611
2012-02-06 00:00:00-05:00,10.643935247370784
2012-02-07 00:00:00-05:00,10.683773495754775
2012-02-08 00:00:00-05:00,10.77009365286594
2012-02-09 00:00:00-05:00,11.49385232173656
2012-02-10 00:00:00-05:00,11.088816185608028
2012-02-13 00:00:00-05:00,11.327855110168457
2012-02-14 00:00:00-05:00,11.288015960674475
2012-02-15 00:00:00-05:00,11.268094176150566
2012-02-16 00:00:00-05:00,10.995852294623795
2012-02-17 00:00:00-05:00,11.254812381969792
2012-02-21 00:00:00-05:00,11.175133674365778
2012-02-22 00:00:00-05:00,11.254815916187434
2012-02-23 00:00:00-05:00,11.268094706773153
2012-02-24 00:00:00-05:00,11.440738809082042
2012-02-27 00:00:00-05:00,11.39425572986389
2012-02-28 00:00:00-05:00,11.513777808672229
2012-02-29 00:00:00-05:00,11.606735271596598
2012-03-01 00:00:00-05:00,11.58681737414736
2012-03-02 00:00:00-05:00,11.646575490577401
2012-03-05 00:00:00-05:00,11.41417464401511
2012-03-06 00:00:00-05:00,11.44737484405786
2012-03-07 00:00:00-05:00,11.507136071925563
2012-03-08 00:00:00-05:00,11.580174851830707
2012-03-09 00:00:00-05:00,11.507132983165786
2012-03-12 00:00:00-04:00,11.69305637460165
2012-03-13 00:00:00-04:00,11.739536109979749
2012-03-14 00:00:00-04:00,11.965296974289869
2012-03-15 00:00:00-04:00,11.779624911495345
2012-03-16 00:00:00-04:00,11.906713389105166
2012-03-19 00:00:00-04:00,11.752865817152701
2012-03-20 00:00:00-04:00,11.819758166759435
2012-03-21 00:00:00-04:00,11.853202819824219
2012-03-22 00:00:00-04:00,11.766244679675031
2012-03-23 00:00:00-04:00,11.759552765612355
2012-03-26 00:00:00-04:00,12.040497787412342
2012-03-27 00:00:00-04:00,12.073941414619595
2012-03-28 00:00:00-04:00,11.98698524599621
2012-03-29 00:00:00-04:00,11.933470479555819
2012-03-30 00:00:00-04:00,12.047185293104047
2012-04-02 00:00:00-04:00,11.792998339379368
2012-04-03 00:00:00-04:00,12.033806784851336
2012-04-04 00:00:00-04:00,11.833134404079725
2012-04-05 00:00:00-04:00,11.779619079365146
2012-04-09 00:00:00-04:00,11.726109783435424
2012-04-10 00:00:00-04:00,11.806379757455957
2012-04-11 00:00:00-04:00,11.786311889825623
2012-04-12 00:00:00-04:00,11.87995846030992
2012-04-13 00:00:00-04:00,12.08731869746989
2012-04-16 00:00:00-04:00,11.786309795757933
2012-04-17 00:00:00-04:00,12.000361306683194
2012-04-18 00:00:00-04:00,12.040496086293981
2012-04-19 00:00:00-04:00,11.92009328497662
2012-04-20 00:00:00-04:00,12.027118878480326
2012-04-23 00:00:00-04:00,11.73279865258335
2012-04-24 00:00:00-04:00,11.672596923788943
2012-04-25 00:00:00-04:00,11.585630392107134
2012-04-26 00:00:00-04:00,11.63245702563939
2012-04-27 00:00:00-04:00,11.672596050037818
2012-04-30 00:00:00-04:00,11.752865333538464
2012-05-01 00:00:00-04:00,11.76624231512537
2012-05-02 00:00:00-04:00,11.732799355516525
2012-05-03 00:00:00-04:00,11.759553150902455
2012-05-04 00:00:00-04:00,11.498676070016986
2012-05-07 00:00:00-04:00,11.217732217764992
2012-05-08 00:00:00-04:00,11.338137869184356
2012-05-09 00:00:00-04:00,11.31806879389571
2012-05-10 00:00:00-04:00,11.51205444392589
2012-05-11 00:00:00-04:00,11.431784426738254
2012-05-14 00:00:00-04:00,11.425095517375292
2012-05-15 00:00:00-04:00,11.324757140979685
2012-05-16 00:00:00-04:00,11.512054114305705
2012-05-17 00:00:00-04:00,11.311379422268006
2012-05-18 00:00:00-04:00,11.104015350341797
2012-05-21 00:00:00-04:00,11.104012265756564
2012-05-22 00:00:00-04:00,11.197663972972416
2012-05-23 00:00:00-04:00,10.930095270195668
2012-05-24 00:00:00-04:00,11.057193805350844
2012-05-25 00:00:00-04:00,11.211042411009313
2012-05-29 00:00:00-04:00,11.491987971748463
2012-05-30 00:00:00-04:00,11.351514530896674
2012-05-31 00:00:00-04:00,11.331445018269195
2012-06-01 00:00:00-04:00,11.25786418884206
2012-06-04 00:00:00-04:00,11.063879603861041
2012-06-05 00:00:00-04:00,11.11739313770013
2012-06-06 00:00:00-04:00,11.338134696934807
2012-06-07 00:00:00-04:00,11.800998236739936
2012-06-08 00:00:00-04:00,11.443801407764893
2012-06-11 00:00:00-04:00,11.605550091167226
2012-06-12 00:00:00-04:00,11.383144533345238
2012-06-13 00:00:00-04:00,11.544893973488337
2012-06-14 00:00:00-04:00,11.504457282339713
2012-06-15 00:00:00-04:00,11.713382692620835
2012-06-18 00:00:00-04:00,11.902093048613372
2012-06-19 00:00:00-04:00,11.895351812838548
2012-06-20 00:00:00-04:00,12.00318717956543
2012-06-21 00:00:00-04:00,12.023403996978152
2012-06-22 00:00:00-04:00,11.672950627763086
2012-06-25 00:00:00-04:00,11.538153951039275
2012-06-26 00:00:00-04:00,11.464021435284778
2012-06-27 00:00:00-04:00,11.443806412668945
2012-06-28 00:00:00-04:00,11.241611853040096
2012-06-29 00:00:00-04:00,11.78078079223633
2012-07-02 00:00:00-04:00,11.834699404102029
2012-07-03 00:00:00-04:00,11.935790476064826
2012-07-05 00:00:00-04:00,12.185153235098156
2012-07-06 00:00:00-04:00,12.036886213526945
2012-07-09 00:00:00-04:00,12.185149305009652
2012-07-10 00:00:00-04:00,12.454736221471435
2012-07-11 00:00:00-04:00,12.367125874506035
2012-07-12 00:00:00-04:00,12.198634388146898
2012-07-13 00:00:00-04:00,12.292988601028563
2012-07-16 00:00:00-04:00,12.596272579465792
2012-07-17 00:00:00-04:00,12.542349457207637
2012-07-18 00:00:00-04:00,12.292990576611011
2012-07-19 00:00:00-04:00,12.434518144461958
2012-07-20 00:00:00-04:00,12.12449811181421
2012-07-23 00:00:00-04:00,11.875137320106655
2012-07-24 00:00:00-04:00,11.854921199751782
2012-07-25 00:00:00-04:00,11.558377268857738
2012-07-26 00:00:00-04:00,12.266025981107669
2012-07-27 00:00:00-04:00,11.84817886352539
2012-07-30 00:00:00-04:00,11.834698925481879
2012-07-31 00:00:00-04:00,11.760562057732612
2012-08-01 00:00:00-04:00,11.807738853298474
2012-08-02 00:00:00-04:00,11.504459376817845
2012-08-03 00:00:00-04:00,11.787518409414623
2012-08-06 00:00:00-04:00,11.908836247168834
2012-08-07 00:00:00-04:00,12.057103864153136
2012-08-08 00:00:00-04:00,11.956007301626347
2012-08-09 00:00:00-04:00,12.057103748200426
2012-08-10 00:00:00-04:00,11.929049744763095
2012-08-13 00:00:00-04:00,11.96274833046227
2012-08-14 00:00:00-04:00,12.266030262887757
2012-08-15 00:00:00-04:00,12.070583588759192
2012-08-16 00:00:00-04:00,12.151460397846426
2012-08-17 00:00:00-04:00,12.164933940265078
2012-08-20 00:00:00-04:00,12.124497909990833
2012-08-21 00:00:00-04:00,12.218850107864494
2012-08-22 00:00:00-04:00,12.111018650142379
2012-08-23 00:00:00-04:00,12.057105791238108
2012-08-24 00:00:00-04:00,11.794262287345003
2012-08-27 00:00:00-04:00,11.888616225624412
2012-08-28 00:00:00-04:00,11.787518778493475
2012-08-29 00:00:00-04:00,11.935790785295179
2012-08-30 00:00:00-04:00,11.875138144681411
2012-08-31 00:00:00-04:00,11.949266626398048
2012-09-04 00:00:00-04:00,11.821220393426849
2012-09-05 00:00:00-04:00,11.962751748592789
2012-09-06 00:00:00-04:00,11.88861419927995
2012-09-07 00:00:00-04:00,12.171673808237596
2012-09-10 00:00:00-04:00,12.218851684206204
2012-09-11 00:00:00-04:00,12.178412245136757
2012-09-12 00:00:00-04:00,12.299726077374778
2012-09-13 00:00:00-04:00,11.621810293771865
2012-09-14 00:00:00-04:00,12.490733784084144
2012-09-17 00:00:00-04:00,12.565404623666835
2012-09-18 00:00:00-04:00,12.49752166689146
2012-09-19 00:00:00-04:00,12.585770833990788
2012-09-20 00:00:00-04:00,12.456786427535418
2012-09-21 00:00:00-04:00,12.59934545340914
2012-09-24 00:00:00-04:00,12.3481739692159
2012-09-25 00:00:00-04:00,12.660441397554898
2012-09-26 00:00:00-04:00,12.361750602722168
2012-09-27 00:00:00-04:00,12.409268720766553
2012-09-28 00:00:00-04:00,12.334598351650063
2012-10-01 00:00:00-04:00,12.382116403330558
2012-10-02 00:00:00-04:00,12.572195161626514
2012-10-03 00:00:00-04:00,12.680807113647461
2012-10-04 00:00:00-04:00,12.769057349842972
2012-10-05 00:00:00-04:00,12.762269136155206
2012-10-08 00:00:00-04:00,12.898039596233948
2012-10-09 00:00:00-04:00,12.823364935526836
2012-10-10 00:00:00-04:00,12.6129268496098
2012-10-11 00:00:00-04:00,12.721539383860598
2012-10-12 00:00:00-04:00,12.64686738148662
2012-10-15 00:00:00-04:00,12.626500396916194
2012-10-16 00:00:00-04:00,12.680804662176627
2012-10-17 00:00:00-04:00,12.707962035802138
2012-10-18 00:00:00-04:00,12.898040184060156
2012-10-19 00:00:00-04:00,12.158099488314194
2012-10-22 00:00:00-04:00,12.49073200410851
2012-10-23 00:00:00-04:00,12.558614832560222
2012-10-24 00:00:00-04:00,12.531466757147168
2012-10-25 00:00:00-04:00,12.884461778124493
2012-10-26 00:00:00-04:00,13.380017626549277
2012-10-31 00:00:00-04:00,13.060960844556202
2012-11-01 00:00:00-04:00,13.101690851269755
2012-11-02 00:00:00-04:00,12.91161647794501
2012-11-05 00:00:00-05:00,12.836942255135424
2012-11-06 00:00:00-05:00,12.870884665486038
2012-11-07 00:00:00-05:00,12.796214346152858
2012-11-08 00:00:00-05:00,12.463579911742015
2012-11-09 00:00:00-05:00,12.327806660198961
2012-11-12 00:00:00-05:00,12.538250422604133
2012-11-13 00:00:00-05:00,12.327807965171713
2012-11-14 00:00:00-05:00,12.375329027428547
2012-11-15 00:00:00-05:00,12.164887546189602
2012-11-16 00:00:00-05:00,11.974807237022246
2012-11-19 00:00:00-05:00,12.36175151813747
2012-11-20 00:00:00-05:00,12.42963748704986
2012-11-21 00:00:00-05:00,12.52467677303321
2012-11-23 00:00:00-05:00,12.612923292489699
2012-11-26 00:00:00-05:00,12.755482213979887
2012-11-27 00:00:00-05:00,12.89803859637628
2012-11-28 00:00:00-05:00,12.836942445691868
2012-11-29 00:00:00-05:00,12.965926030965033
2012-11-30 00:00:00-05:00,13.135635580100843
2012-12-03 00:00:00-05:00,13.108480418385096
2012-12-04 00:00:00-05:00,13.040595702563463
2012-12-05 00:00:00-05:00,13.155998347599112
2012-12-06 00:00:00-05:00,13.237457687438667
2012-12-07 00:00:00-05:00,13.203515805758869
2012-12-10 00:00:00-05:00,13.19672706065299
2012-12-11 00:00:00-05:00,13.339287186585308
2012-12-12 00:00:00-05:00,13.481845360858948
2012-12-13 00:00:00-05:00,13.352916928490442
2012-12-14 00:00:00-05:00,13.263946312181295
2012-12-17 00:00:00-05:00,13.25026183018793
2012-12-18 00:00:00-05:00,13.571930135631046
2012-12-19 00:00:00-05:00,13.53771096909101
2012-12-20 00:00:00-05:00,13.448737812917598
2012-12-21 00:00:00-05:00,13.455582912889646
2012-12-24 00:00:00-05:00,13.250258288720689
2012-12-26 00:00:00-05:00,13.305012550038981
2012-12-27 00:00:00-05:00,13.222878863474104
2012-12-28 00:00:00-05:00,13.277634333096785
2012-12-31 00:00:00-05:00,13.250258391425595
2013-01-02 00:00:00-05:00,13.790947599075363
2013-01-03 00:00:00-05:00,14.009954617196124
2013-01-04 00:00:00-05:00,14.126309538415992
2013-01-07 00:00:00-05:00,14.167368493715829
2013-01-08 00:00:00-05:00,14.153684901522599
2013-01-09 00:00:00-05:00,14.160527184875276
2013-01-10 00:00:00-05:00,14.379540114750997
2013-01-11 00:00:00-05:00,14.605396772811346
2013-01-14 00:00:00-05:00,14.550643474639184
2013-01-15 00:00:00-05:00,14.516425586773115
2013-01-16 00:00:00-05:00,14.441138103662816
2013-01-17 00:00:00-05:00,14.4342928003336
2013-01-18 00:00:00-05:00,14.489042263106656
2013-01-22 00:00:00-05:00,14.47535956196569
2013-01-23 00:00:00-05:00,14.797032356262207
2013-01-24 00:00:00-05:00,14.797033086865213
2013-01-25 00:00:00-05:00,14.892855005472239
2013-01-28 00:00:00-05:00,14.742281246262046
2013-01-29 00:00:00-05:00,14.755970588814762
2013-01-30 00:00:00-05:00,14.92022829067077
2013-01-31 00:00:00-05:00,14.75596520078663
2013-02-01 00:00:00-05:00,14.98182861039624
2013-02-04 00:00:00-05:00,14.988673180552324
2013-02-05 00:00:00-05:00,14.797033086865213
2013-02-06 00:00:00-05:00,14.7764994647834
2013-02-07 00:00:00-05:00,14.755967176150799
2013-02-08 00:00:00-05:00,14.598551958929463
2013-02-11 00:00:00-05:00,14.50957894095039
2013-02-12 00:00:00-05:00,14.653310183985393
2013-02-13 00:00:00-05:00,14.77650070613752
2013-02-14 00:00:00-05:00,14.735440025020953
2013-02-15 00:00:00-05:00,14.844942207372215
2013-02-19 00:00:00-05:00,14.721747913266622
2013-02-20 00:00:00-05:00,14.7696577750216
2013-02-21 00:00:00-05:00,14.475359024471379
2013-02-22 00:00:00-05:00,14.447982292290462
2013-02-25 00:00:00-05:00,14.6533039713165
2013-02-26 00:00:00-05:00,14.009959961685164
2013-02-27 00:00:00-05:00,13.948358923538688
2013-02-28 00:00:00-05:00,14.071548718601928
2013-03-01 00:00:00-05:00,13.89360607471173
2013-03-04 00:00:00-05:00,14.064713698833984
2013-03-05 00:00:00-05:00,14.160531562101054
2013-03-06 00:00:00-05:00,14.187904354349655
2013-03-07 00:00:00-05:00,14.18790436144669
2013-03-08 00:00:00-05:00,14.379534244352369
2013-03-11 00:00:00-04:00,14.263195537095626
2013-03-12 00:00:00-04:00,14.304254085694117
2013-03-13 00:00:00-04:00,14.338479338476166
2013-03-14 00:00:00-04:00,14.38402884140923
2013-03-15 00:00:00-04:00,14.50838203812368
2013-03-18 00:00:00-04:00,14.00404628520928
2013-03-19 00:00:00-04:00,14.314939288880439
2013-03-20 00:00:00-04:00,14.35639435097939
2013-03-21 00:00:00-04:00,14.280400538972415
2013-03-22 00:00:00-04:00,14.314940869357526
2013-03-25 00:00:00-04:00,14.411663055419922
2013-03-26 00:00:00-04:00,14.473842739507456
2013-03-27 00:00:00-04:00,14.377119561084312
2013-03-28 00:00:00-04:00,14.404757499694824
2013-04-01 00:00:00-04:00,14.418570071041579
2013-04-02 00:00:00-04:00,14.605108261108397
2013-04-03 00:00:00-04:00,14.612019666643812
2013-04-04 00:00:00-04:00,14.460021912126491
2013-04-05 00:00:00-04:00,14.404761400562691
2013-04-08 00:00:00-04:00,14.90218692325075
2013-04-09 00:00:00-04:00,15.530884006408131
2013-04-10 00:00:00-04:00,15.558511561639477
2013-04-11 00:00:00-04:00,16.05594411195908
2013-04-12 00:00:00-04:00,15.751961628568498
2013-04-15 00:00:00-04:00,15.717417541940723
2013-04-16 00:00:00-04:00,15.413432210636225
2013-04-17 00:00:00-04:00,15.413435107318175
2013-04-18 00:00:00-04:00,15.268353013341283
2013-04-19 00:00:00-04:00,15.074901409358743
2013-04-22 00:00:00-04:00,15.392706165371822
2013-04-23 00:00:00-04:00,15.572333025189737
2013-04-24 00:00:00-04:00,15.862509456584556
2013-04-25 00:00:00-04:00,15.821051869456616
2013-04-26 00:00:00-04:00,15.2545275694622
2013-04-29 00:00:00-04:00,15.275260153513358
2013-04-30 00:00:00-04:00,15.461799492157262
2013-05-01 00:00:00-04:00,15.530882590768218
2013-05-02 00:00:00-04:00,15.233804875013941
2013-05-03 00:00:00-04:00,15.441070753387237
2013-05-06 00:00:00-04:00,15.475611111759823
2013-05-07 00:00:00-04:00,15.579248383593718
2013-05-08 00:00:00-04:00,15.544702614953001
2013-05-09 00:00:00-04:00,15.53779013566024
2013-05-10 00:00:00-04:00,15.420344571325485
2013-05-13 00:00:00-04:00,15.399619230129888
2013-05-14 00:00:00-04:00,15.606874481406837
2013-05-15 00:00:00-04:00,15.682880214466596
2013-05-16 00:00:00-04:00,15.544697196634857
2013-05-17 00:00:00-04:00,15.793412810153315
2013-05-20 00:00:00-04:00,15.890137340652622
2013-05-21 00:00:00-04:00,15.938495177653996
2013-05-22 00:00:00-04:00,15.890141176579373
2013-05-23 00:00:00-04:00,15.530879444569065
2013-05-24 00:00:00-04:00,15.924683978924481
2013-05-28 00:00:00-04:00,16.35993460866069
2013-05-29 00:00:00-04:00,16.809000356674414
2013-05-30 00:00:00-04:00,16.981721109794275
2013-05-31 00:00:00-04:00,17.271894047486548
2013-06-03 00:00:00-04:00,16.822816299075164
2013-06-04 00:00:00-04:00,17.119899182953
2013-06-05 00:00:00-04:00,17.016264489636715
2013-06-06 00:00:00-04:00,16.674759724797916
2013-06-07 00:00:00-04:00,17.225009419364856
2013-06-10 00:00:00-04:00,17.3434273840753
2013-06-11 00:00:00-04:00,17.23197912243747
2013-06-12 00:00:00-04:00,17.39915042154051
2013-06-13 00:00:00-04:00,17.169290682744013
2013-06-14 00:00:00-04:00,17.62203677657834
2013-06-17 00:00:00-04:00,17.698648291285924
2013-06-18 00:00:00-04:00,17.691681653603872
2013-06-19 00:00:00-04:00,17.656854685961747
2013-06-20 00:00:00-04:00,17.148396958994805
2013-06-21 00:00:00-04:00,17.092675317427908
2013-06-24 00:00:00-04:00,16.988195360397455
2013-06-25 00:00:00-04:00,16.89068048247818
2013-06-26 00:00:00-04:00,17.204119494594167
2013-06-27 00:00:00-04:00,17.169297372750854
2013-06-28 00:00:00-04:00,17.21108811340815
2013-07-01 00:00:00-04:00,16.855862807580923
2013-07-02 00:00:00-04:00,17.4757680612088
2013-07-03 00:00:00-04:00,17.420045361065814
2013-07-05 00:00:00-04:00,17.684713624421207
2013-07-08 00:00:00-04:00,17.86581802368164
2013-07-09 00:00:00-04:00,18.019052388849367
2013-07-10 00:00:00-04:00,17.733479391920905
2013-07-11 00:00:00-04:00,18.109596003238323
2013-07-12 00:00:00-04:00,18.137457969576243
2013-07-15 00:00:00-04:00,18.332478820527403
2013-07-16 00:00:00-04:00,18.40910366202089
2013-07-17 00:00:00-04:00,18.38124323164684
2013-07-18 00:00:00-04:00,18.52751451551907
2013-07-19 00:00:00-04:00,18.80612335049435
2013-07-22 00:00:00-04:00,19.077771062503746
2013-07-23 00:00:00-04:00,19.39120319169062
2013-07-24 00:00:00-04:00,19.412099132503805
2013-07-25 00:00:00-04:00,19.63498287124615
2013-07-26 00:00:00-04:00,19.88573187525613
2013-07-29 00:00:00-04:00,20.08772289362857
2013-07-30 00:00:00-04:00,19.850913637461723
2013-07-31 00:00:00-04:00,19.774291338777754
2013-08-01 00:00:00-04:00,19.781252390473732
2013-08-02 00:00:00-04:00,19.802152487315723
2013-08-05 00:00:00-04:00,19.955383556494734
2013-08-06 00:00:00-04:00,19.871801398494238
2013-08-07 00:00:00-04:00,19.64195078425237
2013-08-08 00:00:00-04:00,19.781258698294007
2013-08-09 00:00:00-04:00,19.502637876698806
2013-08-12 00:00:00-04:00,19.53051149341345
2013-08-13 00:00:00-04:00,19.600152068339924
2013-08-14 00:00:00-04:00,19.725532368511477
2013-08-15 00:00:00-04:00,19.607124558790748
2013-08-16 00:00:00-04:00,19.614087801628315
2013-08-19 00:00:00-04:00,19.683739071010063
2013-08-20 00:00:00-04:00,19.224037579073514
2013-08-21 00:00:00-04:00,19.210107663067713
2013-08-22 00:00:00-04:00,19.244930129074437
2013-08-23 00:00:00-04:00,19.683739623972855
2013-08-26 00:00:00-04:00,19.655878261877636
2013-08-27 00:00:00-04:00,19.09866116450518
2013-08-28 00:00:00-04:00,18.604134069042583
2013-08-29 00:00:00-04:00,18.68770807638152
2013-08-30 00:00:00-04:00,18.73647339117966
2013-09-03 00:00:00-04:00,18.611095181092676
2013-09-04 00:00:00-04:00,18.62502363291766
2013-09-05 00:00:00-04:00,18.708608647270363
2013-09-06 00:00:00-04:00,18.722535926275285
2013-09-09 00:00:00-04:00,18.54840534916124
2013-09-10 00:00:00-04:00,18.95239228306825
2013-09-11 00:00:00-04:00,19.154383707795308
2013-09-12 00:00:00-04:00,19.070803970564537
2013-09-13 00:00:00-04:00,19.292542931430432
2013-09-16 00:00:00-04:00,19.327614495224342
2013-09-17 00:00:00-04:00,19.292537689208984
2013-09-18 00:00:00-04:00,19.236420800209185
2013-09-19 00:00:00-04:00,19.39075734908307
2013-09-20 00:00:00-04:00,19.2294018312791
2013-09-23 00:00:00-04:00,19.39777210327963
2013-09-24 00:00:00-04:00,19.41881915929691
2013-09-25 00:00:00-04:00,19.474943230389357
2013-09-26 00:00:00-04:00,19.383745909476072
2013-09-27 00:00:00-04:00,19.42584082782312
2013-09-30 00:00:00-04:00,19.608232861867748
2013-10-01 00:00:00-04:00,19.748541718043814
2013-10-02 00:00:00-04:00,19.811683630666444
2013-10-03 00:00:00-04:00,19.95901311597038
2013-10-04 00:00:00-04:00,20.050209991929634
2013-10-07 00:00:00-04:00,20.09230717751902
2013-10-08 00:00:00-04:00,20.3097869567802
2013-10-09 00:00:00-04:00,19.9379685295455
2013-10-10 00:00:00-04:00,20.316799463368532
2013-10-11 00:00:00-04:00,20.2957493065271
2013-10-14 00:00:00-04:00,20.253656209287193
2013-10-15 00:00:00-04:00,20.548305960712707
2013-10-16 00:00:00-04:00,20.660562629536056
2013-10-17 00:00:00-04:00,20.990288981006703
2013-10-18 00:00:00-04:00,21.355083697475497
2013-10-21 00:00:00-04:00,21.719895405679626
2013-10-22 00:00:00-04:00,21.888267795472608
2013-10-23 00:00:00-04:00,21.523461099504793
2013-10-24 00:00:00-04:00,20.31680124952332
2013-10-25 00:00:00-04:00,19.86079522403777
2013-10-28 00:00:00-04:00,20.001100500123663
2013-10-29 00:00:00-04:00,20.050210850962042
2013-10-30 00:00:00-04:00,19.755561363215513
2013-10-31 00:00:00-04:00,19.47494805828077
2013-11-01 00:00:00-04:00,19.383743532413394
2013-11-04 00:00:00-05:00,19.369710364380335
2013-11-05 00:00:00-05:00,19.69242011937153
2013-11-06 00:00:00-05:00,19.8116857695903
2013-11-07 00:00:00-05:00,19.713468549699932
2013-11-08 00:00:00-05:00,19.49599142710704
2013-11-11 00:00:00-05:00,19.699442588326153
2013-11-12 00:00:00-05:00,19.650330291726736
2013-11-13 00:00:00-05:00,19.61525001082578
2013-11-14 00:00:00-05:00,19.713471661514536
2013-11-15 00:00:00-05:00,19.99408424724341
2013-11-18 00:00:00-05:00,20.12738546169478
2013-11-19 00:00:00-05:00,20.27470641467046
2013-11-20 00:00:00-05:00,20.618459519411157
2013-11-21 00:00:00-05:00,20.674585081175984
2013-11-22 00:00:00-05:00,21.116566600844696
2013-11-25 00:00:00-05:00,21.383153110233728
2013-11-26 00:00:00-05:00,21.369118176252616
2013-11-27 00:00:00-05:00,21.5374902120149
2013-11-29 00:00:00-05:00,21.776021298275623
2013-12-02 00:00:00-05:00,21.628693299292017
2013-12-03 00:00:00-05:00,21.51643983797969
2013-12-04 00:00:00-05:00,21.474354973283297
2013-12-05 00:00:00-05:00,21.376131825008176
2013-12-06 00:00:00-05:00,21.91632524622862
2013-12-09 00:00:00-05:00,21.58660206228222
2013-12-10 00:00:00-05:00,21.537495191774536
2013-12-11 00:00:00-05:00,21.614658490919023
2013-12-12 00:00:00-05:00,21.186722567960732
2013-12-13 00:00:00-05:00,21.060439972037713
2013-12-16 00:00:00-05:00,21.039394832733294
2013-12-17 00:00:00-05:00,21.214784863973975
2013-12-18 00:00:00-05:00,21.158660141681455
2013-12-19 00:00:00-05:00,21.358713701694825
2013-12-20 00:00:00-05:00,21.584655501402445
2013-12-23 00:00:00-05:00,22.213063172220384
2013-12-24 00:00:00-05:00,22.05772754642247
2013-12-26 00:00:00-05:00,22.417825055376003
2013-12-27 00:00:00-05:00,22.368392486626846
2013-12-30 00:00:00-05:00,22.23423466697635
2013-12-31 00:00:00-05:00,22.41076416146776
2014-01-02 00:00:00-05:00,22.100085097741555
2014-01-03 00:00:00-05:00,22.184815018664843
2014-01-06 00:00:00-05:00,22.417817299528675
2014-01-07 00:00:00-05:00,21.761166480384855
2014-01-08 00:00:00-05:00,21.64114009957071
2014-01-09 00:00:00-05:00,21.443445490326503
2014-01-10 00:00:00-05:00,21.153948840769658
2014-01-13 00:00:00-05:00,21.153947578845166
2014-01-14 00:00:00-05:00,20.92094578673696
2014-01-15 00:00:00-05:00,20.913882790126202
2014-01-16 00:00:00-05:00,21.048041423254748
2014-01-17 00:00:00-05:00,20.935066335449157
2014-01-21 00:00:00-05:00,20.94212387338503
2014-01-22 00:00:00-05:00,21.00567254515984
2014-01-23 00:00:00-05:00,20.723242641629735
2014-01-24 00:00:00-05:00,20.087780339510005
2014-01-27 00:00:00-05:00,19.946559086678874
2014-01-28 00:00:00-05:00,19.784163796747208
2014-01-29 00:00:00-05:00,19.833588978089647
2014-01-30 00:00:00-05:00,19.854772912630438
2014-01-31 00:00:00-05:00,19.6005863999158
2014-02-03 00:00:00-05:00,19.727679712626685
2014-02-04 00:00:00-05:00,19.466435703046407
2014-02-05 00:00:00-05:00,20.19369001439208
2014-02-06 00:00:00-05:00,20.10895786333869
2014-02-07 00:00:00-05:00,20.243112682243353
2014-02-10 00:00:00-05:00,20.278417221667425
2014-02-11 00:00:00-05:00,19.890076023157267
2014-02-12 00:00:00-05:00,19.89007893721978
2014-02-13 00:00:00-05:00,19.98892951568875
2014-02-14 00:00:00-05:00,20.214865332683324
2014-02-18 00:00:00-05:00,20.031292418838675
2014-02-19 00:00:00-05:00,20.059534268356227
2014-02-20 00:00:00-05:00,19.777105142722792
2014-02-21 00:00:00-05:00,20.13013734388755
2014-02-24 00:00:00-05:00,20.03834746189403
2014-02-25 00:00:00-05:00,20.003055984155523
2014-02-26 00:00:00-05:00,19.77710268877351
2014-02-27 00:00:00-05:00,19.974803810820198
2014-02-28 00:00:00-05:00,20.01011219396823
2014-03-03 00:00:00-05:00,20.087778319738323
2014-03-04 00:00:00-05:00,20.299597819005538
2014-03-05 00:00:00-05:00,20.44081418141192
2014-03-06 00:00:00-05:00,20.426691930303765
2014-03-07 00:00:00-05:00,20.426695087566184
2014-03-10 00:00:00-04:00,20.75148165705203
2014-03-11 00:00:00-04:00,20.687938346515317
2014-03-12 00:00:00-04:00,20.539673375783806
2014-03-13 00:00:00-04:00,20.709625953155292
2014-03-14 00:00:00-04:00,20.3609106766597
2014-03-17 00:00:00-04:00,20.424959953244535
2014-03-18 00:00:00-04:00,20.268394000979335
2014-03-19 00:00:00-04:00,20.38937534416155
2014-03-20 00:00:00-04:00,20.23281263864914
2014-03-21 00:00:00-04:00,20.4036099397702
2014-03-24 00:00:00-04:00,20.581529454160165
2014-03-25 00:00:00-04:00,20.574411464445276
2014-03-26 00:00:00-04:00,20.67404633878931
2014-03-27 00:00:00-04:00,20.339558657332432
2014-03-28 00:00:00-04:00,20.19721740936384
2014-03-31 00:00:00-04:00,20.545941622564488
2014-04-01 00:00:00-04:00,20.538829821160615
2014-04-02 00:00:00-04:00,20.901778761835864
2014-04-03 00:00:00-04:00,21.22202984083417
2014-04-04 00:00:00-04:00,21.022758348698382
2014-04-07 00:00:00-04:00,20.617112138308546
2014-04-08 00:00:00-04:00,20.353788315133503
2014-04-09 00:00:00-04:00,20.49612838766276
2014-04-10 00:00:00-04:00,20.261278310994147
2014-04-11 00:00:00-04:00,19.905439206859015
2014-04-14 00:00:00-04:00,20.061998826498105
2014-04-15 00:00:00-04:00,19.91967295394152
2014-04-16 00:00:00-04:00,19.983724666697913
2014-04-17 00:00:00-04:00,19.94102576453086
2014-04-21 00:00:00-04:00,20.296861083193367
2014-04-22 00:00:00-04:00,20.07623970157921
2014-04-23 00:00:00-04:00,20.296858704769278
2014-04-24 00:00:00-04:00,20.282624260994087
2014-04-25 00:00:00-04:00,20.51747470277242
2014-04-28 00:00:00-04:00,21.072579160038377
2014-04-29 00:00:00-04:00,21.2718420875699
2014-04-30 00:00:00-04:00,21.10104622672333
2014-05-01 00:00:00-04:00,21.42129856770582
2014-05-02 00:00:00-04:00,21.350131364119008
2014-05-05 00:00:00-04:00,21.278966182209075
2014-05-06 00:00:00-04:00,21.122398311307442
2014-05-07 00:00:00-04:00,20.681160275150006
2014-05-08 00:00:00-04:00,21.086810818335998
2014-05-09 00:00:00-04:00,20.951595064919797
2014-05-12 00:00:00-04:00,20.980062230161657
2014-05-13 00:00:00-04:00,21.28607793639516
2014-05-14 00:00:00-04:00,21.17221280066494
2014-05-15 00:00:00-04:00,20.638461243697364
2014-05-16 00:00:00-04:00,20.446308481555306
2014-05-19 00:00:00-04:00,20.538821935370873
2014-05-20 00:00:00-04:00,20.674043132736625
2014-05-21 00:00:00-04:00,20.63845998651727
2014-05-22 00:00:00-04:00,20.65980394368756
2014-05-23 00:00:00-04:00,20.730976139392567
2014-05-27 00:00:00-04:00,21.05122836648682
2014-05-28 00:00:00-04:00,21.044110339750034
2014-05-29 00:00:00-04:00,21.058349997359713
2014-05-30 00:00:00-04:00,20.894660286383786
2014-06-02 00:00:00-04:00,20.89466475409411
2014-06-03 00:00:00-04:00,20.66692340354167
2014-06-04 00:00:00-04:00,20.723857571128555
2014-06-05 00:00:00-04:00,21.058344445159022
2014-06-06 00:00:00-04:00,21.755784385431568
2014-06-09 00:00:00-04:00,21.97640348124589
2014-06-10 00:00:00-04:00,21.97640102950187
2014-06-11 00:00:00-04:00,22.047302353643303
2014-06-12 00:00:00-04:00,21.918248635844
2014-06-13 00:00:00-04:00,21.810697339007742
2014-06-16 00:00:00-04:00,21.695979299249633
2014-06-17 00:00:00-04:00,21.839377650023515
2014-06-18 00:00:00-04:00,22.506168479197026
2014-06-19 00:00:00-04:00,22.31975489397112
2014-06-20 00:00:00-04:00,22.38429020111292
2014-06-23 00:00:00-04:00,22.656741479714068
2014-06-24 00:00:00-04:00,22.44881076414621
2014-06-25 00:00:00-04:00,21.97560266230647
2014-06-26 00:00:00-04:00,22.140514773710812
2014-06-27 00:00:00-04:00,21.868056920086378
2014-06-30 00:00:00-04:00,22.326930421945246
2014-07-01 00:00:00-04:00,22.44165098967808
2014-07-02 00:00:00-04:00,22.477495314308864
2014-07-03 00:00:00-04:00,22.111824726735314
2014-07-07 00:00:00-04:00,22.14768041611257
2014-07-08 00:00:00-04:00,21.789190913713444
2014-07-09 00:00:00-04:00,21.61711166611054
2014-07-10 00:00:00-04:00,21.05786387424233
2014-07-11 00:00:00-04:00,21.337485052912417
2014-07-14 00:00:00-04:00,21.49522529282383
2014-07-15 00:00:00-04:00,21.40918950467029
2014-07-16 00:00:00-04:00,21.466540953635693
2014-07-17 00:00:00-04:00,21.23711005656295
2014-07-18 00:00:00-04:00,21.229944305512916
2014-07-21 00:00:00-04:00,21.308805171246867
2014-07-22 00:00:00-04:00,21.301637676119974
2014-07-23 00:00:00-04:00,21.402013809493365
2014-07-24 00:00:00-04:00,20.763897110463404
2014-07-25 00:00:00-04:00,21.22277683065764
2014-07-28 00:00:00-04:00,21.179756146292398
2014-07-29 00:00:00-04:00,21.04352515052573
2014-07-30 00:00:00-04:00,20.964657202041437
2014-07-31 00:00:00-04:00,20.763900648506198
2014-08-01 00:00:00-04:00,20.56314777833271
2014-08-04 00:00:00-04:00,20.591823282211948
2014-08-05 00:00:00-04:00,20.563144958588094
2014-08-06 00:00:00-04:00,20.405400537819062
2014-08-07 00:00:00-04:00,20.706542856209776
2014-08-08 00:00:00-04:00,20.376727762385887
2014-08-11 00:00:00-04:00,21.136731380633954
2014-08-12 00:00:00-04:00,20.842763668515037
2014-08-13 00:00:00-04:00,20.806920874228016
2014-08-14 00:00:00-04:00,20.763894883952275
2014-08-15 00:00:00-04:00,21.029184747633302
2014-08-18 00:00:00-04:00,21.12239418334903
2014-08-19 00:00:00-04:00,21.387679445308763
2014-08-20 00:00:00-04:00,21.272961261224335
2014-08-21 00:00:00-04:00,20.978996978735847
2014-08-22 00:00:00-04:00,21.172574996948242
2014-08-25 00:00:00-04:00,21.251451605815245
2014-08-26 00:00:00-04:00,21.21560119801693
2014-08-27 00:00:00-04:00,21.495220876405487
2014-08-28 00:00:00-04:00,21.437862063536688
2014-08-29 00:00:00-04:00,21.394843324701604
2014-09-02 00:00:00-04:00,21.480886477000652
2014-09-03 00:00:00-04:00,21.70315123609504
2014-09-04 00:00:00-04:00,21.36616569062146
2014-09-05 00:00:00-04:00,20.921635774858625
2014-09-08 00:00:00-04:00,21.00767749018335
2014-09-09 00:00:00-04:00,20.950316771207426
2014-09-10 00:00:00-04:00,20.943145590640576
2014-09-11 00:00:00-04:00,20.94314190948184
2014-09-12 00:00:00-04:00,21.194539678797025
2014-09-15 00:00:00-04:00,21.03557260866618
2014-09-16 00:00:00-04:00,21.06447683481445
2014-09-17 00:00:00-04:00,21.04279274524609
2014-09-18 00:00:00-04:00,21.216222266408202
2014-09-19 00:00:00-04:00,21.382420072402937
2014-09-22 00:00:00-04:00,21.187322897108533
2014-09-23 00:00:00-04:00,21.006657087353776
2014-09-24 00:00:00-04:00,20.82599837522202
2014-09-25 00:00:00-04:00,20.94162223545209
2014-09-26 00:00:00-04:00,20.732061243965997
2014-09-29 00:00:00-04:00,20.869364338614748
2014-09-30 00:00:00-04:00,20.927169393031956
2014-10-01 00:00:00-04:00,20.645339796606006
2014-10-02 00:00:00-04:00,20.42133214706705
2014-10-03 00:00:00-04:00,21.06447030816986
2014-10-06 00:00:00-04:00,21.16564147088177
2014-10-07 00:00:00-04:00,20.71037961217285
2014-10-08 00:00:00-04:00,20.47914415826139
2014-10-09 00:00:00-04:00,21.086147442161497
2014-10-10 00:00:00-04:00,20.601993901967866
2014-10-13 00:00:00-04:00,21.006657787754886
2014-10-14 00:00:00-04:00,21.375204366938334
2014-10-15 00:00:00-04:00,21.158411587503277
2014-10-16 00:00:00-04:00,20.891035178303916
2014-10-17 00:00:00-04:00,21.19454218412298
2014-10-20 00:00:00-04:00,21.0861421710533
2014-10-21 00:00:00-04:00,21.165635906785656
2014-10-22 00:00:00-04:00,21.4835921696555
2014-10-23 00:00:00-04:00,21.55585036996615
2014-10-24 00:00:00-04:00,20.782644298188593
2014-10-27 00:00:00-04:00,20.73206089252323
2014-10-28 00:00:00-04:00,20.927168621084817
2014-10-29 00:00:00-04:00,21.476361413920433
2014-10-30 00:00:00-04:00,21.433004139978024
2014-10-31 00:00:00-04:00,21.73650616636227
2014-11-03 00:00:00-05:00,22.083370427664917
2014-11-04 00:00:00-05:00,21.83767784874427
2014-11-05 00:00:00-05:00,22.19175799901235
2014-11-06 00:00:00-05:00,22.184532256241415
2014-11-07 00:00:00-05:00,22.415773930719116
2014-11-10 00:00:00-05:00,22.423004744780783
2014-11-11 00:00:00-05:00,22.683150680447085
2014-11-12 00:00:00-05:00,22.581980641405842
2014-11-13 00:00:00-05:00,22.89271134595218
2014-11-14 00:00:00-05:00,22.6975940542854
2014-11-17 00:00:00-05:00,22.285702822286463
2014-11-18 00:00:00-05:00,22.336290095470584
2014-11-19 00:00:00-05:00,22.386869623200578
2014-11-20 00:00:00-05:00,22.133949921139333
2014-11-21 00:00:00-05:00,22.6253339601046
2014-11-24 00:00:00-05:00,22.466361441588003
2014-11-25 00:00:00-05:00,22.38686752319336
2014-11-26 00:00:00-05:00,22.379640394755864
2014-11-28 00:00:00-05:00,22.524172125648363
2014-12-01 00:00:00-05:00,22.62533645799716
2014-12-02 00:00:00-05:00,22.437454259673224
2014-12-03 00:00:00-05:00,22.603658168193952
2014-12-04 00:00:00-05:00,22.690373268558933
2014-12-05 00:00:00-05:00,22.632555472280984
2014-12-08 00:00:00-05:00,22.9721896728366
2014-12-09 00:00:00-05:00,23.131166225491217
2014-12-10 00:00:00-05:00,23.759853743768844
2014-12-11 00:00:00-05:00,23.47803311934971
2014-12-12 00:00:00-05:00,23.34073606038509
2014-12-15 00:00:00-05:00,23.196199426264386
2014-12-16 00:00:00-05:00,22.798755514383153
2014-12-17 00:00:00-05:00,22.704821401925706
2014-12-18 00:00:00-05:00,23.458388121432836
2014-12-19 00:00:00-05:00,23.232757936162304
2014-12-22 00:00:00-05:00,23.57483990681046
2014-12-23 00:00:00-05:00,23.80047191967943
2014-12-24 00:00:00-05:00,24.01155570614313
2014-12-26 00:00:00-05:00,24.040662838736534
2014-12-29 00:00:00-05:00,24.01882985877606
2014-12-30 00:00:00-05:00,24.208063386860452
2014-12-31 00:00:00-05:00,24.535593499751204
2015-01-02 00:00:00-05:00,24.346359046049013
2015-01-05 00:00:00-05:00,24.08433443542017
2015-01-06 00:00:00-05:00,23.996990248975035
2015-01-07 00:00:00-05:00,23.58939812371867
2015-01-08 00:00:00-05:00,23.611235392931487
2015-01-09 00:00:00-05:00,23.45110945958359
2015-01-12 00:00:00-05:00,22.7523780437074
2015-01-13 00:00:00-05:00,22.70870417132511
2015-01-14 00:00:00-05:00,22.177382464741513
2015-01-15 00:00:00-05:00,22.29383962236348
2015-01-16 00:00:00-05:00,22.2210528381269
2015-01-20 00:00:00-05:00,22.694153841962265
2015-01-21 00:00:00-05:00,22.133715148024486
2015-01-22 00:00:00-05:00,22.29383809956332
2015-01-23 00:00:00-05:00,22.584973252669812
2015-01-26 00:00:00-05:00,22.78877657051792
2015-01-27 00:00:00-05:00,22.847003214195865
2015-01-28 00:00:00-05:00,22.905226352420698
2015-01-29 00:00:00-05:00,22.23561144439841
2015-01-30 00:00:00-05:00,22.381181958371975
2015-02-02 00:00:00-05:00,22.279282225055056
2015-02-03 00:00:00-05:00,22.897946577711444
2015-02-04 00:00:00-05:00,23.312819106771528
2015-02-05 00:00:00-05:00,23.443823465448236
2015-02-06 00:00:00-05:00,23.778634750872506
2015-02-09 00:00:00-05:00,23.749526978932536
2015-02-10 00:00:00-05:00,23.29097955029263
2015-02-11 00:00:00-05:00,23.065351400499615
2015-02-12 00:00:00-05:00,22.87611592754103
2015-02-13 00:00:00-05:00,22.963452861626735
2015-02-17 00:00:00-05:00,22.846999558700574
2015-02-18 00:00:00-05:00,22.970729386805633
2015-02-19 00:00:00-05:00,22.876110232549813
2015-02-20 00:00:00-05:00,22.905230628964482
2015-02-23 00:00:00-05:00,22.73782261005336
2015-02-24 00:00:00-05:00,22.54130537852721
2015-02-25 00:00:00-05:00,23.014408726962163
2015-02-26 00:00:00-05:00,23.23275512045249
2015-02-27 00:00:00-05:00,23.421997672439424
2015-03-02 00:00:00-05:00,23.523891106869023
2015-03-03 00:00:00-05:00,23.65490310000454
2015-03-04 00:00:00-05:00,23.531166636708747
2015-03-05 00:00:00-05:00,23.633068678258216
2015-03-06 00:00:00-05:00,23.574839876852295
2015-03-09 00:00:00-04:00,23.86597792932386
2015-03-10 00:00:00-04:00,23.647629314754372
2015-03-11 00:00:00-04:00,23.75680834011476
2015-03-12 00:00:00-04:00,24.362459529708023
2015-03-13 00:00:00-04:00,24.531134284774726
2015-03-16 00:00:00-04:00,24.443134882254903
2015-03-17 00:00:00-04:00,24.171778147275727
2015-03-18 00:00:00-04:00,24.567802257107612
2015-03-19 00:00:00-04:00,24.369789625921083
2015-03-20 00:00:00-04:00,24.487135806434303
2015-03-23 00:00:00-04:00,24.890484149143784
2015-03-24 00:00:00-04:00,24.985821575859674
2015-03-25 00:00:00-04:00,25.05182861544811
2015-03-26 00:00:00-04:00,24.545801965012902
2015-03-27 00:00:00-04:00,24.35513159508241
2015-03-30 00:00:00-04:00,24.59714169106005
2015-03-31 00:00:00-04:00,25.059162389655775
2015-04-01 00:00:00-04:00,25.04449510771133
2015-04-02 00:00:00-04:00,24.94915530126379
2015-04-06 00:00:00-04:00,25.638520242379535
2015-04-07 00:00:00-04:00,25.865866334544666
2015-04-08 00:00:00-04:00,26.0345353972283
2015-04-09 00:00:00-04:00,26.247222552000814
2015-04-10 00:00:00-04:00,26.393887751079358
2015-04-13 00:00:00-04:00,26.41588927649674
2015-04-14 00:00:00-04:00,26.36455763987832
2015-04-15 00:00:00-04:00,26.569902767919977
2015-04-16 00:00:00-04:00,26.58456847182139
2015-04-17 00:00:00-04:00,26.48923398279281
2015-04-20 00:00:00-04:00,25.858533168644733
2015-04-21 00:00:00-04:00,25.931867499408572
2015-04-22 00:00:00-04:00,25.425837989745194
2015-04-23 00:00:00-04:00,26.225207443535282
2015-04-24 00:00:00-04:00,26.496555726804313
2015-04-27 00:00:00-04:00,25.968533143589834
2015-04-28 00:00:00-04:00,25.697196307283285
2015-04-29 00:00:00-04:00,25.829199668289984
2015-04-30 00:00:00-04:00,25.594514895060822
2015-05-01 00:00:00-04:00,24.949152809022642
2015-05-04 00:00:00-04:00,25.286504093073827
2015-05-05 00:00:00-04:00,24.978493050329327
2015-05-06 00:00:00-04:00,25.154496928525397
2015-05-07 00:00:00-04:00,25.24250531015113
2015-05-08 00:00:00-04:00,25.41117969825919
2015-05-11 00:00:00-04:00,25.42584402116331
2015-05-12 00:00:00-04:00,25.330502227738933
2015-05-13 00:00:00-04:00,25.359844930215896
2015-05-14 00:00:00-04:00,25.249837404644207
2015-05-15 00:00:00-04:00,25.623854798201112
2015-05-18 00:00:00-04:00,25.22783611908883
2015-05-19 00:00:00-04:00,25.528510156590166
2015-05-20 00:00:00-04:00,25.84386198530378
2015-05-21 00:00:00-04:00,25.829196600304368
2015-05-22 00:00:00-04:00,25.653182769100574
2015-05-26 00:00:00-04:00,25.249836309400692
2015-05-27 00:00:00-04:00,25.35984489210809
2015-05-28 00:00:00-04:00,25.521177595473556
2015-05-29 00:00:00-04:00,25.5138501394881
2015-06-01 00:00:00-04:00,25.37450229821135
2015-06-02 00:00:00-04:00,25.154493653963396
2015-06-03 00:00:00-04:00,25.594525311144654
2015-06-04 00:00:00-04:00,25.726529144243774
2015-06-05 00:00:00-04:00,25.19116857055951
2015-06-08 00:00:00-04:00,25.066498917795016
2015-06-09 00:00:00-04:00,24.97115891444482
2015-06-10 00:00:00-04:00,25.369169866860524
2015-06-11 00:00:00-04:00,25.871541859656585
2015-06-12 00:00:00-04:00,25.81982115609031
2015-06-15 00:00:00-04:00,25.834601838786966
2015-06-16 00:00:00-04:00,25.472598419827474
2015-06-17 00:00:00-04:00,26.263074311921326
2015-06-18 00:00:00-04:00,26.359122042058395
2015-06-19 00:00:00-04:00,26.558588828962314
2015-06-22 00:00:00-04:00,26.66940109276898
2015-06-23 00:00:00-04:00,26.861478699207197
2015-06-24 00:00:00-04:00,26.97228983133681
2015-06-25 00:00:00-04:00,27.083107046453232
2015-06-26 00:00:00-04:00,27.097882520623674
2015-06-29 00:00:00-04:00,27.08310633222078
2015-06-30 00:00:00-04:00,26.994451503098663
2015-07-01 00:00:00-04:00,27.289967222770912
2015-07-02 00:00:00-04:00,27.437701435143495
2015-07-06 00:00:00-04:00,27.127435619598362
2015-07-07 00:00:00-04:00,27.216083484676247
2015-07-08 00:00:00-04:00,27.09048497307238
2015-07-09 00:00:00-04:00,27.39338706217037
2015-07-10 00:00:00-04:00,27.459873647756144
2015-07-13 00:00:00-04:00,27.47464882661319
2015-07-14 00:00:00-04:00,27.422930430966414
2015-07-15 00:00:00-04:00,27.541130776845208
2015-07-16 00:00:00-04:00,27.88836212887187
2015-07-17 00:00:00-04:00,27.792316461374533
2015-07-20 00:00:00-04:00,27.615020216889327
2015-07-21 00:00:00-04:00,27.356444670153667
2015-07-22 00:00:00-04:00,27.282562929281504
2015-07-23 00:00:00-04:00,27.32690124928718
2015-07-24 00:00:00-04:00,26.92058091405322
2015-07-27 00:00:00-04:00,27.15697154616469
2015-07-28 00:00:00-04:00,27.58547017896214
2015-07-29 00:00:00-04:00,26.617680735594277
2015-07-30 00:00:00-04:00,25.827203106950066
2015-07-31 00:00:00-04:00,25.901077907638655
2015-08-03 00:00:00-04:00,25.96017577335924
2015-08-04 00:00:00-04:00,25.871529986105255
2015-08-05 00:00:00-04:00,25.878920752890625
2015-08-06 00:00:00-04:00,25.945408361791017
2015-08-07 00:00:00-04:00,25.59818981331003
2015-08-10 00:00:00-04:00,25.864141890257464
2015-08-11 00:00:00-04:00,25.479989352433712
2015-08-12 00:00:00-04:00,25.295288800911425
2015-08-13 00:00:00-04:00,25.132766723632812
2015-08-14 00:00:00-04:00,25.14015050932592
2015-08-17 00:00:00-04:00,25.236193317085117
2015-08-18 00:00:00-04:00,25.273133026935948
2015-08-19 00:00:00-04:00,24.99240200694267
2015-08-20 00:00:00-04:00,24.630405465930394
2015-08-21 00:00:00-04:00,24.07633214917182
2015-08-24 00:00:00-04:00,23.18242451986554
2015-08-25 00:00:00-04:00,24.083716465688692
2015-08-26 00:00:00-04:00,23.94335627042437
2015-08-27 00:00:00-04:00,24.13544004650655
2015-08-28 00:00:00-04:00,24.445715564520466
2015-08-31 00:00:00-04:00,24.42355727454628
2015-09-01 00:00:00-04:00,24.098500591413227
2015-09-02 00:00:00-04:00,24.45310061911285
2015-09-03 00:00:00-04:00,24.261025115673274
2015-09-04 00:00:00-04:00,23.721729329599775
2015-09-08 00:00:00-04:00,24.083716516423912
2015-09-09 00:00:00-04:00,24.578692188904352
2015-09-10 00:00:00-04:00,24.231471373695584
2015-09-11 00:00:00-04:00,24.150211174849257
2015-09-14 00:00:00-04:00,24.667628429682477
2015-09-15 00:00:00-04:00,24.742056158513726
2015-09-16 00:00:00-04:00,24.764389705848902
2015-09-17 00:00:00-04:00,24.72717477478358
2015-09-18 00:00:00-04:00,24.65273435445352
2015-09-21 00:00:00-04:00,24.801607434538916
2015-09-22 00:00:00-04:00,24.742058490397405
2015-09-23 00:00:00-04:00,24.935591290037074
2015-09-24 00:00:00-04:00,24.749504148483144
2015-09-25 00:00:00-04:00,25.307752558083045
2015-09-28 00:00:00-04:00,25.650159374530627
2015-09-29 00:00:00-04:00,25.382198585828537
2015-09-30 00:00:00-04:00,25.01746924143197
2015-10-01 00:00:00-04:00,24.68251389941286
2015-10-02 00:00:00-04:00,24.302901114742596
2015-10-05 00:00:00-04:00,24.652735060952928
2015-10-06 00:00:00-04:00,25.2928785569766
2015-10-07 00:00:00-04:00,25.501287049571314
2015-10-08 00:00:00-04:00,25.843695127149275
2015-10-09 00:00:00-04:00,26.41684060925183
2015-10-12 00:00:00-04:00,25.79159204509459
2015-10-13 00:00:00-04:00,26.08188268422817
2015-10-14 00:00:00-04:00,25.627827297227416
2015-10-15 00:00:00-04:00,25.523620518976113
2015-10-16 00:00:00-04:00,25.843690872192383
2015-10-19 00:00:00-04:00,25.806469454627948
2015-10-20 00:00:00-04:00,26.05211082434111
2015-10-21 00:00:00-04:00,26.342392414263145
2015-10-22 00:00:00-04:00,26.05210931885205
2015-10-23 00:00:00-04:00,26.18609102560266
2015-10-26 00:00:00-04:00,26.171200415605075
2015-10-27 00:00:00-04:00,26.26797033467735
2015-10-28 00:00:00-04:00,26.141431989396906
2015-10-29 00:00:00-04:00,25.091900358610722
2015-10-30 00:00:00-04:00,25.1514500842027
2015-11-02 00:00:00-05:00,25.50874069926977
2015-11-03 00:00:00-05:00,25.62038528196092
2015-11-04 00:00:00-05:00,25.48640792737696
2015-11-05 00:00:00-05:00,25.196112654074412
2015-11-06 00:00:00-05:00,25.389638703437377
2015-11-09 00:00:00-05:00,25.72459680079118
2015-11-10 00:00:00-05:00,25.277992116817863
2015-11-11 00:00:00-05:00,25.7171572419814
2015-11-12 00:00:00-05:00,25.36731333799686
2015-11-13 00:00:00-05:00,24.72717067022508
2015-11-16 00:00:00-05:00,24.779281067552233
2015-11-17 00:00:00-05:00,24.90581620686798
2015-11-18 00:00:00-05:00,24.786719607985997
2015-11-19 00:00:00-05:00,24.846268924265402
2015-11-20 00:00:00-05:00,25.054683511963574
2015-11-23 00:00:00-05:00,25.553402209970013
2015-11-24 00:00:00-05:00,25.553394045374535
2015-11-25 00:00:00-05:00,25.612941228172197
2015-11-27 00:00:00-05:00,25.717156556849602
2015-11-30 00:00:00-05:00,26.126535511194632
2015-12-01 00:00:00-05:00,26.059551678425485
2015-12-02 00:00:00-05:00,26.20842498215237
2015-12-03 00:00:00-05:00,26.14887258134066
2015-12-04 00:00:00-05:00,25.83625221858737
2015-12-07 00:00:00-05:00,26.007448999145158
2015-12-08 00:00:00-05:00,25.516178396911652
2015-12-09 00:00:00-05:00,25.29287084485207
2015-12-10 00:00:00-05:00,24.920701454835754
2015-12-11 00:00:00-05:00,24.62296201206476
2015-12-14 00:00:00-05:00,24.727169674202162
2015-12-15 00:00:00-05:00,24.742056920317776
2015-12-16 00:00:00-05:00,25.099344518306165
2015-12-17 00:00:00-05:00,25.151783790384105
2015-12-18 00:00:00-05:00,24.77682836436463
2015-12-21 00:00:00-05:00,24.559353162585268
2015-12-22 00:00:00-05:00,24.911814711150075
2015-12-23 00:00:00-05:00,25.06178858640985
2015-12-24 00:00:00-05:00,25.12928498771658
2015-12-28 00:00:00-05:00,25.166782459559332
2015-12-29 00:00:00-05:00,25.37674917168147
2015-12-30 00:00:00-05:00,25.4292449890893
2015-12-31 00:00:00-05:00,25.331760096222578
2016-01-04 00:00:00-05:00,24.47686429889358
2016-01-05 00:00:00-05:00,23.899442279071867
2016-01-06 00:00:00-05:00,23.621978122724016
2016-01-07 00:00:00-05:00,23.591974422112575
2016-01-08 00:00:00-05:00,23.31452050629952
2016-01-11 00:00:00-05:00,22.909565094847974
2016-01-12 00:00:00-05:00,23.20203259924411
2016-01-13 00:00:00-05:00,23.247026523546655
2016-01-14 00:00:00-05:00,22.729596260102053
2016-01-15 00:00:00-05:00,22.444630587122393
2016-01-19 00:00:00-05:00,22.549612103840637
2016-01-20 00:00:00-05:00,21.702228183765005
2016-01-21 00:00:00-05:00,21.837208085360526
2016-01-22 00:00:00-05:00,21.762216842593766
2016-01-25 00:00:00-05:00,21.98718905486394
2016-01-26 00:00:00-05:00,21.79970954177566
2016-01-27 00:00:00-05:00,22.06967450487936
2016-01-28 00:00:00-05:00,22.287143318727306
2016-01-29 00:00:00-05:00,22.45962711673768
2016-02-01 00:00:00-05:00,22.84207953195982
2016-02-02 00:00:00-05:00,22.444628570921907
2016-02-03 00:00:00-05:00,22.4896208342304
2016-02-04 00:00:00-05:00,22.054671271268084
2016-02-05 00:00:00-05:00,21.99468697227232
2016-02-08 00:00:00-05:00,21.537246462554727
2016-02-09 00:00:00-05:00,21.32726837384254
2016-02-10 00:00:00-05:00,21.222286834542224
2016-02-11 00:00:00-05:00,20.96731541515048
2016-02-12 00:00:00-05:00,21.4547579871991
2016-02-16 00:00:00-05:00,22.909568576270942
2016-02-17 00:00:00-05:00,22.864572525024414
2016-02-18 00:00:00-05:00,22.864574615588438
2016-02-19 00:00:00-05:00,23.08204849164517
2016-02-22 00:00:00-05:00,23.374513626098633
2016-02-23 00:00:00-05:00,23.284522806086827
2016-02-24 00:00:00-05:00,22.7070964452396
2016-02-25 00:00:00-05:00,23.23952074816043
2016-02-26 00:00:00-05:00,23.546991246273176
2016-02-29 00:00:00-05:00,23.34451275623773
2016-03-01 00:00:00-05:00,23.292021966305366
2016-03-02 00:00:00-05:00,23.539487355959697
2016-03-03 00:00:00-05:00,23.524489532688484
2016-03-04 00:00:00-05:00,23.704466807643612
2016-03-07 00:00:00-05:00,23.51699051563528
2016-03-08 00:00:00-05:00,23.704467482216774
2016-03-09 00:00:00-05:00,23.449497527802194
2016-03-10 00:00:00-05:00,23.292019079993178
2016-03-11 00:00:00-05:00,23.809452650070984
2016-03-14 00:00:00-04:00,23.80945060601314
2016-03-15 00:00:00-04:00,23.569480447549708
2016-03-16 00:00:00-04:00,23.53948652590881
2016-03-17 00:00:00-04:00,23.746255778998385
2016-03-18 00:00:00-04:00,24.41931674370474
2016-03-21 00:00:00-04:00,24.252940500290137
2016-03-22 00:00:00-04:00,23.79919162851547
2016-03-23 00:00:00-04:00,23.82187869628793
2016-03-24 00:00:00-04:00,23.46644031030906
2016-03-28 00:00:00-04:00,23.549622379767538
2016-03-29 00:00:00-04:00,23.693315945167548
2016-03-30 00:00:00-04:00,24.139500105157982
2016-03-31 00:00:00-04:00,24.169747299875755
2016-04-01 00:00:00-04:00,23.799186330240733
2016-04-04 00:00:00-04:00,24.018504825229655
2016-04-05 00:00:00-04:00,23.360562877231413
2016-04-06 00:00:00-04:00,23.277375566897494
2016-04-07 00:00:00-04:00,23.11856194818584
2016-04-08 00:00:00-04:00,23.413501848822797
2016-04-11 00:00:00-04:00,23.421060716037903
2016-04-12 00:00:00-04:00,22.959753206605207
2016-04-13 00:00:00-04:00,23.34544052304023
2016-04-14 00:00:00-04:00,23.405937264923832
2016-04-15 00:00:00-04:00,23.579877879024718
2016-04-18 00:00:00-04:00,23.814315722216378
2016-04-19 00:00:00-04:00,23.99581488556297
2016-04-20 00:00:00-04:00,23.837002482581227
2016-04-21 00:00:00-04:00,24.147067096150703
2016-04-22 00:00:00-04:00,23.814313743698943
2016-04-25 00:00:00-04:00,23.806751070157127
2016-04-26 00:00:00-04:00,23.844558964769064
2016-04-27 00:00:00-04:00,24.079001154473456
2016-04-28 00:00:00-04:00,23.85212580075561
2016-04-29 00:00:00-04:00,23.557186769730038
2016-05-02 00:00:00-04:00,23.63281669851249
2016-05-03 00:00:00-04:00,24.12437826806682
2016-05-04 00:00:00-04:00,25.069691325373938
2016-05-05 00:00:00-04:00,24.903310499947352
2016-05-06 00:00:00-04:00,24.752061397119014
2016-05-09 00:00:00-04:00,24.956252439261092
2016-05-10 00:00:00-04:00,24.95625336717737
2016-05-11 00:00:00-04:00,24.95625355351347
2016-05-12 00:00:00-04:00,25.06969142545377
2016-05-13 00:00:00-04:00,24.8655063496764
2016-05-16 00:00:00-04:00,25.031870179946225
2016-05-17 00:00:00-04:00,25.009188988497186
2016-05-18 00:00:00-04:00,24.62350383282285
2016-05-19 00:00:00-04:00,24.842805724393582
2016-05-20 00:00:00-04:00,24.910879513475496
2016-05-23 00:00:00-04:00,25.03187755836496
2016-05-24 00:00:00-04:00,24.971373981540186
2016-05-25 00:00:00-04:00,25.35706761063253
2016-05-26 00:00:00-04:00,25.34950515077256
2016-05-27 00:00:00-04:00,25.34193841368713
2016-05-31 00:00:00-04:00,25.493189993208247
2016-06-01 00:00:00-04:00,25.727626311779076
2016-06-02 00:00:00-04:00,25.939372787949477
2016-06-03 00:00:00-04:00,25.946944966668937
2016-06-06 00:00:00-04:00,25.583932310212287
2016-06-07 00:00:00-04:00,25.674688029610113
2016-06-08 00:00:00-04:00,25.79569188596194
2016-06-09 00:00:00-04:00,25.88162589239227
2016-06-10 00:00:00-04:00,25.44721877598766
2016-06-13 00:00:00-04:00,25.33290430678175
2016-06-14 00:00:00-04:00,24.989950127469523
2016-06-15 00:00:00-04:00,24.784178761636817
2016-06-16 00:00:00-04:00,24.669853986722927
2016-06-17 00:00:00-04:00,25.058535026037074
2016-06-20 00:00:00-04:00,24.974707621486694
2016-06-21 00:00:00-04:00,25.11950560479561
2016-06-22 00:00:00-04:00,24.890872112200963
2016-06-23 00:00:00-04:00,25.249065746739443
2016-06-24 00:00:00-04:00,24.64699793874882
2016-06-27 00:00:00-04:00,24.174477765478713
2016-06-28 00:00:00-04:00,24.517430954836634
2016-06-29 00:00:00-04:00,24.700344539361314
2016-06-30 00:00:00-04:00,25.188107977897133
2016-07-01 00:00:00-04:00,25.607268028190262
2016-07-05 00:00:00-04:00,25.546295316326447
2016-07-06 00:00:00-04:00,25.310040399019176
2016-07-07 00:00:00-04:00,25.576782219150775
2016-07-08 00:00:00-04:00,26.041671902182337
2016-07-11 00:00:00-04:00,26.10264570328097
2016-07-12 00:00:00-04:00,26.369387927039917
2016-07-13 00:00:00-04:00,26.628505779542724
2016-07-14 00:00:00-04:00,26.620891986124366
2016-07-15 00:00:00-04:00,26.864763259887695
2016-07-18 00:00:00-04:00,26.872390899493062
2016-07-19 00:00:00-04:00,26.552296372668735
2016-07-20 00:00:00-04:00,26.63612694549701
2016-07-21 00:00:00-04:00,26.67423896409294
2016-07-22 00:00:00-04:00,26.674238040809655
2016-07-25 00:00:00-04:00,26.704717945128323
2016-07-26 00:00:00-04:00,26.765680275132862
2016-07-27 00:00:00-04:00,26.994326128800097
2016-07-28 00:00:00-04:00,27.070536325308876
2016-07-29 00:00:00-04:00,26.422735013623456
2016-08-01 00:00:00-04:00,26.117887882500668
2016-08-02 00:00:00-04:00,26.133132384189857
2016-08-03 00:00:00-04:00,26.323657319550907
2016-08-04 00:00:00-04:00,26.590393304350076
2016-08-05 00:00:00-04:00,26.567530156742315
2016-08-08 00:00:00-04:00,27.032438594626655
2016-08-09 00:00:00-04:00,27.001952366479053
2016-08-10 00:00:00-04:00,27.032424285468576
2016-08-11 00:00:00-04:00,26.93335380584301
2016-08-12 00:00:00-04:00,26.82666000177804
2016-08-15 00:00:00-04:00,27.017187211807848
2016-08-16 00:00:00-04:00,27.230585347926635
2016-08-17 00:00:00-04:00,27.00195224299779
2016-08-18 00:00:00-04:00,26.963841557481647
2016-08-19 00:00:00-04:00,26.97146292604177
2016-08-22 00:00:00-04:00,27.040051196274543
2016-08-23 00:00:00-04:00,27.093405139715113
2016-08-24 00:00:00-04:00,27.040050594077567
2016-08-25 00:00:00-04:00,27.276319683733835
2016-08-26 00:00:00-04:00,27.581161441251044
2016-08-29 00:00:00-04:00,27.35251901324064
2016-08-30 00:00:00-04:00,27.527804306931845
2016-08-31 00:00:00-04:00,27.90887421554248
2016-09-01 00:00:00-04:00,27.91648797495518
2016-09-02 00:00:00-04:00,27.626885600143307
2016-09-06 00:00:00-04:00,27.76406983577985
2016-09-07 00:00:00-04:00,28.96059430138224
2016-09-08 00:00:00-04:00,27.74882886322767
2016-09-09 00:00:00-04:00,27.375389724848535
2016-09-12 00:00:00-04:00,26.727582996001544
2016-09-13 00:00:00-04:00,26.859660412841468
2016-09-14 00:00:00-04:00,26.798231154400582
2016-09-15 00:00:00-04:00,26.483415225595518
2016-09-16 00:00:00-04:00,27.005554409291953
2016-09-19 00:00:00-04:00,27.128408491386114
2016-09-20 00:00:00-04:00,27.596802185883682
2016-09-21 00:00:00-04:00,27.926980661115326
2016-09-22 00:00:00-04:00,28.472161300615397
2016-09-23 00:00:00-04:00,28.4951954292099
2016-09-26 00:00:00-04:00,28.088236931126637
2016-09-27 00:00:00-04:00,27.489310798787233
2016-09-28 00:00:00-04:00,28.00376933722978
2016-09-29 00:00:00-04:00,28.36466169383236
2016-09-30 00:00:00-04:00,28.195740475428565
2016-10-03 00:00:00-04:00,28.06520510327112
2016-10-04 00:00:00-04:00,28.019125710381164
2016-10-05 00:00:00-04:00,28.249484276858528
2016-10-06 00:00:00-04:00,28.717880497597744
2016-10-07 00:00:00-04:00,28.93287709514997
2016-10-10 00:00:00-04:00,29.00199002655165
2016-10-11 00:00:00-04:00,29.01734646858424
2016-10-12 00:00:00-04:00,28.902168035532892
2016-10-13 00:00:00-04:00,28.61806034893514
2016-10-14 00:00:00-04:00,28.894489339851802
2016-10-17 00:00:00-04:00,28.948237706795005
2016-10-18 00:00:00-04:00,29.063419187635496
2016-10-19 00:00:00-04:00,28.87144710733585
2016-10-20 00:00:00-04:00,28.602696735723807
2016-10-21 00:00:00-04:00,27.796446571820255
2016-10-24 00:00:00-04:00,28.026809806191753
2016-10-25 00:00:00-04:00,28.37234003240592
2016-10-26 00:00:00-04:00,28.065199464624516
2016-10-27 00:00:00-04:00,27.873234092196714
2016-10-28 00:00:00-04:00,27.335731506347656
2016-10-31 00:00:00-04:00,27.3357307201763
2016-11-01 00:00:00-04:00,27.335732863833403
2016-11-02 00:00:00-04:00,27.258954208988126
2016-11-03 00:00:00-04:00,26.683064385894564
2016-11-04 00:00:00-04:00,25.876806361028734
2016-11-07 00:00:00-05:00,25.800018678270323
2016-11-08 00:00:00-05:00,25.8768109394325
2016-11-09 00:00:00-05:00,26.567881585715615
2016-11-10 00:00:00-05:00,27.450912076073724
2016-11-11 00:00:00-05:00,28.48751978431027
2016-11-14 00:00:00-05:00,29.86966674182013
2016-11-15 00:00:00-05:00,29.984847201304323
2016-11-16 00:00:00-05:00,29.447341918945312
2016-11-17 00:00:00-05:00,29.447338744571493
2016-11-18 00:00:00-05:00,29.98484039306641
2016-11-21 00:00:00-05:00,30.21520161299345
2016-11-22 00:00:00-05:00,30.40716547531224
2016-11-23 00:00:00-05:00,30.714318617334904
2016-11-25 00:00:00-05:00,30.59913548028461
2016-11-28 00:00:00-05:00,30.67592630489237
2016-11-29 00:00:00-05:00,30.52235086360664
2016-11-30 00:00:00-05:00,31.213421478027154
2016-12-01 00:00:00-05:00,31.098234701156617
2016-12-02 00:00:00-05:00,30.71430252970155
2016-12-05 00:00:00-05:00,30.79110198518962
2016-12-06 00:00:00-05:00,31.328594321132375
2016-12-07 00:00:00-05:00,31.866087679377575
2016-12-08 00:00:00-05:00,32.058061216759526
2016-12-09 00:00:00-05:00,32.86431234901429
2016-12-12 00:00:00-05:00,32.97948600752662
2016-12-13 00:00:00-05:00,33.20985398068536
2016-12-14 00:00:00-05:00,32.941108804277775
2016-12-15 00:00:00-05:00,32.79911047570616
2016-12-16 00:00:00-05:00,33.224067259594925
2016-12-19 00:00:00-05:00,32.76049066467169
2016-12-20 00:00:00-05:00,33.64903990820333
2016-12-21 00:00:00-05:00,33.378593782190634
2016-12-22 00:00:00-05:00,33.41723209844444
2016-12-23 00:00:00-05:00,33.1468140194134
2016-12-27 00:00:00-05:00,33.45587158203125
2016-12-28 00:00:00-05:00,33.571756937241
2016-12-29 00:00:00-05:00,33.301340405146526
2016-12-30 00:00:00-05:00,33.61040340156918
2017-01-03 00:00:00-05:00,33.45586414722126
2017-01-04 00:00:00-05:00,33.224074703523485
2017-01-05 00:00:00-05:00,33.494505502447254
2017-01-06 00:00:00-05:00,33.455876644726345
2017-01-09 00:00:00-05:00,33.18545033514749
2017-01-10 00:00:00-05:00,32.87638469121039
2017-01-11 00:00:00-05:00,33.26270136896506
2017-01-12 00:00:00-05:00,33.146804745792814
2017-01-13 00:00:00-05:00,32.83774226889477
2017-01-17 00:00:00-05:00,32.83774465700584
2017-01-18 00:00:00-05:00,32.6445910383165
2017-01-19 00:00:00-05:00,32.7991219148441
2017-01-20 00:00:00-05:00,32.45142839673321
2017-01-23 00:00:00-05:00,32.68321447915681
2017-01-24 00:00:00-05:00,32.52868023939564
2017-01-25 00:00:00-05:00,33.41722582371354
2017-01-26 00:00:00-05:00,33.224081318041456
2017-01-27 00:00:00-05:00,33.30134724859942
2017-01-30 00:00:00-05:00,32.33551423631354
2017-01-31 00:00:00-05:00,31.833301597065695
2017-02-01 00:00:00-05:00,32.103721552779966
2017-02-02 00:00:00-05:00,31.601496531071923
2017-02-03 00:00:00-05:00,32.33552733079531
2017-02-06 00:00:00-05:00,32.296910612686176
2017-02-07 00:00:00-05:00,31.833304316038607
2017-02-08 00:00:00-05:00,32.953650876961284
2017-02-09 00:00:00-05:00,32.2582582101314
2017-02-10 00:00:00-05:00,32.72184876591304
2017-02-13 00:00:00-05:00,32.68322056467022
2017-02-14 00:00:00-05:00,32.142355944118144
2017-02-15 00:00:00-05:00,32.45142106117044
2017-02-16 00:00:00-05:00,32.18100100573544
2017-02-17 00:00:00-05:00,32.68320802279869
2017-02-21 00:00:00-05:00,32.45141824927636
2017-02-22 00:00:00-05:00,32.41279571510588
2017-02-23 00:00:00-05:00,32.721843176030006
2017-02-24 00:00:00-05:00,32.6445910383165
2017-02-27 00:00:00-05:00,32.683211319053804
2017-02-28 00:00:00-05:00,32.64458428177265
2017-03-01 00:00:00-05:00,32.95364833328094
2017-03-02 00:00:00-05:00,33.494505536455584
2017-03-03 00:00:00-05:00,32.95364957154784
2017-03-06 00:00:00-05:00,32.760483768425566
2017-03-07 00:00:00-05:00,32.52867689613754
2017-03-08 00:00:00-05:00,32.37415570019896
2017-03-09 00:00:00-05:00,32.21961627706347
2017-03-10 00:00:00-05:00,32.33551423631354
2017-03-13 00:00:00-04:00,31.987829273931368
2017-03-14 00:00:00-04:00,31.949183952438144
2017-03-15 00:00:00-04:00,32.41279539746652
2017-03-16 00:00:00-04:00,32.50975854324125
2017-03-17 00:00:00-04:00,32.23753856095182
2017-03-20 00:00:00-04:00,31.926443955490598
2017-03-21 00:00:00-04:00,31.770903874386335
2017-03-22 00:00:00-04:00,30.798714881451737
2017-03-23 00:00:00-04:00,30.876485001751096
2017-03-24 00:00:00-04:00,31.109805679509257
2017-03-27 00:00:00-04:00,30.48762799460401
2017-03-28 00:00:00-04:00,30.565389829232075
2017-03-29 00:00:00-04:00,31.07093270107506
2017-03-30 00:00:00-04:00,31.226475310147812
2017-03-31 00:00:00-04:00,31.498683790026792
2017-04-03 00:00:00-04:00,32.04311333318731
2017-04-04 00:00:00-04:00,31.18759274363915
2017-04-05 00:00:00-04:00,31.265355301279257
2017-04-06 00:00:00-04:00,30.99314500151413
2017-04-07 00:00:00-04:00,30.915375809123024
2017-04-10 00:00:00-04:00,30.254297165943356
2017-04-11 00:00:00-04:00,29.320997105991268
2017-04-12 00:00:00-04:00,29.593209167762947
2017-04-13 00:00:00-04:00,29.359882106349442
2017-04-17 00:00:00-04:00,29.048789425672375
2017-04-18 00:00:00-04:00,29.321004652771443
2017-04-19 00:00:00-04:00,29.78763737399005
2017-04-20 00:00:00-04:00,29.943194829500637
2017-04-21 00:00:00-04:00,30.21539951746182
2017-04-24 00:00:00-04:00,30.95425612282729
2017-04-25 00:00:00-04:00,27.60996347242786
2017-04-26 00:00:00-04:00,29.98207655327287
2017-04-27 00:00:00-04:00,30.409842760218574
2017-04-28 00:00:00-04:00,30.332069926704516
2017-05-01 00:00:00-04:00,30.09874690525635
2017-05-02 00:00:00-04:00,30.09874690525635
2017-05-03 00:00:00-04:00,29.904310050169535
2017-05-04 00:00:00-04:00,30.409845880184026
2017-05-05 00:00:00-04:00,30.293183250940352
2017-05-08 00:00:00-04:00,29.94319691557318
2017-05-09 00:00:00-04:00,29.787647778998096
2017-05-10 00:00:00-04:00,29.43765711571163
2017-05-11 00:00:00-04:00,29.67098706285421
2017-05-12 00:00:00-04:00,29.204333908146346
2017-05-15 00:00:00-04:00,29.28211281635763
2017-05-16 00:00:00-04:00,29.593210745708518
2017-05-17 00:00:00-04:00,29.321000029702223
2017-05-18 00:00:00-04:00,28.815468497811974
2017-05-19 00:00:00-04:00,29.009903496158227
2017-05-22 00:00:00-04:00,28.854353076191668
2017-05-23 00:00:00-04:00,29.515440676107012
2017-05-24 00:00:00-04:00,29.78763889896923
2017-05-25 00:00:00-04:00,29.74875071153042
2017-05-26 00:00:00-04:00,29.74875592439309
2017-05-30 00:00:00-04:00,29.94319117228472
2017-05-31 00:00:00-04:00,29.98207939499487
2017-06-01 00:00:00-04:00,29.74875711488317
2017-06-02 00:00:00-04:00,29.787638407392624
2017-06-05 00:00:00-04:00,30.487616085301426
2017-06-06 00:00:00-04:00,29.865413665771484
2017-06-07 00:00:00-04:00,29.865427703587958
2017-06-08 00:00:00-04:00,29.865426235756463
2017-06-09 00:00:00-04:00,30.604269758135327
2017-06-12 00:00:00-04:00,31.440216336046973
2017-06-13 00:00:00-04:00,31.00953697922674
2017-06-14 00:00:00-04:00,30.852917298025943
2017-06-15 00:00:00-04:00,30.461382256581825
2017-06-16 00:00:00-04:00,29.717469267349895
2017-06-19 00:00:00-04:00,30.813758671717878
2017-06-20 00:00:00-04:00,30.265623329582926
2017-06-21 00:00:00-04:00,30.696310153021077
2017-06-22 00:00:00-04:00,29.913242109556027
2017-06-23 00:00:00-04:00,29.48255096903847
2017-06-26 00:00:00-04:00,29.482547433310078
2017-06-27 00:00:00-04:00,29.13017225577974
2017-06-28 00:00:00-04:00,29.756624494280132
2017-06-29 00:00:00-04:00,30.4222341682575
2017-06-30 00:00:00-04:00,29.87407625690999
2017-07-03 00:00:00-04:00,29.63916224200455
2017-07-05 00:00:00-04:00,30.14815323572437
2017-07-06 00:00:00-04:00,29.365086098532416
2017-07-07 00:00:00-04:00,29.52170361712435
2017-07-10 00:00:00-04:00,29.560860160892034
2017-07-11 00:00:00-04:00,29.169319453383885
2017-07-12 00:00:00-04:00,28.660324600509227
2017-07-13 00:00:00-04:00,28.073022746933948
2017-07-14 00:00:00-04:00,27.95556102966676
2017-07-17 00:00:00-04:00,28.347099403603554
2017-07-18 00:00:00-04:00,28.033874747466704
2017-07-19 00:00:00-04:00,27.916412035750707
2017-07-20 00:00:00-04:00,28.15133214665487
2017-07-21 00:00:00-04:00,28.425409319322867
2017-07-24 00:00:00-04:00,27.87725549489906
2017-07-25 00:00:00-04:00,27.87726409608739
2017-07-26 00:00:00-04:00,28.973554221970684
2017-07-27 00:00:00-04:00,28.738621973108298
2017-07-28 00:00:00-04:00,28.738629516803236
2017-07-31 00:00:00-04:00,28.9735522087303
2017-08-01 00:00:00-04:00,29.05185890197754
2017-08-02 00:00:00-04:00,29.051855712713778
2017-08-03 00:00:00-04:00,29.169317402597887
2017-08-04 00:00:00-04:00,28.973549591734486
2017-08-07 00:00:00-04:00,28.895244474220355
2017-08-08 00:00:00-04:00,28.777783972257637
2017-08-09 00:00:00-04:00,29.051858104996185
2017-08-10 00:00:00-04:00,29.09101162634099
2017-08-11 00:00:00-04:00,29.051857589655896
2017-08-14 00:00:00-04:00,28.660326075639265
2017-08-15 00:00:00-04:00,29.4042405517994
2017-08-16 00:00:00-04:00,29.130172607634883
2017-08-17 00:00:00-04:00,29.208469666665735
2017-08-18 00:00:00-04:00,28.66032439932463
2017-08-21 00:00:00-04:00,29.01270294189453
2017-08-22 00:00:00-04:00,29.091019869759787
2017-08-23 00:00:00-04:00,29.012702439694557
2017-08-24 00:00:00-04:00,29.091013750390886
2017-08-25 00:00:00-04:00,28.895246505737305
2017-08-28 00:00:00-04:00,28.85609465947682
2017-08-29 00:00:00-04:00,27.681487943330772
2017-08-30 00:00:00-04:00,27.798949488149166
2017-08-31 00:00:00-04:00,27.87724849425842
2017-09-01 00:00:00-04:00,27.564022761963766
2017-09-05 00:00:00-04:00,28.268791679936715
2017-09-06 00:00:00-04:00,27.289948911087002
2017-09-07 00:00:00-04:00,27.17249661892942
2017-09-08 00:00:00-04:00,26.5851887207392
2017-09-11 00:00:00-04:00,27.56403304935739
2017-09-12 00:00:00-04:00,27.99471989723101
2017-09-13 00:00:00-04:00,28.4645540232074
2017-09-14 00:00:00-04:00,29.110158833857
2017-09-15 00:00:00-04:00,29.149602201598547
2017-09-18 00:00:00-04:00,29.74126791793311
2017-09-19 00:00:00-04:00,29.859589296794784
2017-09-20 00:00:00-04:00,29.89904712626195
2017-09-21 00:00:00-04:00,29.701821552507766
2017-09-22 00:00:00-04:00,29.58348640314006
2017-09-25 00:00:00-04:00,29.62294103687986
2017-09-26 00:00:00-04:00,29.820157674634224
2017-09-27 00:00:00-04:00,30.885166221207587
2017-09-28 00:00:00-04:00,31.240163884385453
2017-09-29 00:00:00-04:00,31.161275300362583
2017-10-02 00:00:00-04:00,31.042943528262615
2017-10-03 00:00:00-04:00,31.397940176854718
2017-10-04 00:00:00-04:00,31.51628065977279
2017-10-05 00:00:00-04:00,31.2796116532294
2017-10-06 00:00:00-04:00,31.634612821816443
2017-10-09 00:00:00-04:00,31.279612773154614
2017-10-10 00:00:00-04:00,31.240167990758525
2017-10-11 00:00:00-04:00,31.397942154365712
2017-10-12 00:00:00-04:00,31.516285208053166
2017-10-13 00:00:00-04:00,31.71350081575625
2017-10-16 00:00:00-04:00,31.831830219664596
2017-10-17 00:00:00-04:00,32.147382346769646
2017-10-18 00:00:00-04:00,32.02905380306053
2017-10-19 00:00:00-04:00,32.068511871926496
2017-10-20 00:00:00-04:00,32.38405338663807
2017-10-23 00:00:00-04:00,31.91072944766651
2017-10-24 00:00:00-04:00,31.75293593760683
2017-10-25 00:00:00-04:00,34.4746271696295
2017-10-26 00:00:00-04:00,34.19850685080481
2017-10-27 00:00:00-04:00,34.79018117992137
2017-10-30 00:00:00-04:00,35.0268548302021
2017-10-31 00:00:00-04:00,34.94795907067506
2017-11-01 00:00:00-04:00,34.632407354734696
2017-11-02 00:00:00-04:00,34.27740187117246
2017-11-03 00:00:00-04:00,34.51407327670838
2017-11-06 00:00:00-05:00,34.75073411898948
2017-11-07 00:00:00-05:00,35.46074760360138
2017-11-08 00:00:00-05:00,35.69741042190469
2017-11-09 00:00:00-05:00,35.61853018393421
2017-11-10 00:00:00-05:00,35.61851574312972
2017-11-13 00:00:00-05:00,35.89463050943623
2017-11-14 00:00:00-05:00,35.81575357836283
2017-11-15 00:00:00-05:00,35.815746621047694
2017-11-16 00:00:00-05:00,36.24963295151703
2017-11-17 00:00:00-05:00,35.69740711128255
2017-11-20 00:00:00-05:00,36.012976884390405
2017-11-21 00:00:00-05:00,35.973518448719645
2017-11-22 00:00:00-05:00,35.97351860350402
2017-11-24 00:00:00-05:00,35.8946303549913
2017-11-27 00:00:00-05:00,35.97351860350402
2017-11-28 00:00:00-05:00,35.85519120753309
2017-11-29 00:00:00-05:00,36.72297803743636
2017-11-30 00:00:00-05:00,37.354091173997574
2017-12-01 00:00:00-05:00,36.92019263921143
2017-12-04 00:00:00-05:00,37.354090622524126
2017-12-05 00:00:00-05:00,36.76242420881878
2017-12-06 00:00:00-05:00,36.446856117577695
2017-12-07 00:00:00-05:00,35.93407440185547
2017-12-08 00:00:00-05:00,35.894645012749564
2017-12-11 00:00:00-05:00,35.50019327226721
2017-12-12 00:00:00-05:00,34.98740776770668
2017-12-13 00:00:00-05:00,34.86907490782074
2017-12-14 00:00:00-05:00,34.592948263487074
2017-12-15 00:00:00-05:00,34.10027639129903
2017-12-18 00:00:00-05:00,35.01333236694336
2017-12-19 00:00:00-05:00,35.05303788618571
2017-12-20 00:00:00-05:00,34.65604329732081
2017-12-21 00:00:00-05:00,34.5369522898764
2017-12-22 00:00:00-05:00,35.37061135635713
2017-12-26 00:00:00-05:00,35.17212101246418
2017-12-27 00:00:00-05:00,35.48969710842357
2017-12-28 00:00:00-05:00,35.33090721738136
2017-12-29 00:00:00-05:00,35.29121778398662
2018-01-02 00:00:00-05:00,35.17211278886302
2018-01-03 00:00:00-05:00,34.57665641504616
2018-01-04 00:00:00-05:00,34.259069364569484
2018-01-05 00:00:00-05:00,34.616343231658966
2018-01-08 00:00:00-05:00,34.536951672295864
2018-01-09 00:00:00-05:00,34.61635145537609
2018-01-10 00:00:00-05:00,34.77513633971402
2018-01-11 00:00:00-05:00,34.77514650851041
2018-01-12 00:00:00-05:00,35.09272698680795
2018-01-16 00:00:00-05:00,35.1324137983651
2018-01-17 00:00:00-05:00,34.61635022052406
2018-01-18 00:00:00-05:00,35.17212360115509
2018-01-19 00:00:00-05:00,34.81483469637966
2018-01-22 00:00:00-05:00,35.64847977792204
2018-01-23 00:00:00-05:00,34.77513633971402
2018-01-24 00:00:00-05:00,34.93392678577845
2018-01-25 00:00:00-05:00,34.33846534197704
2018-01-26 00:00:00-05:00,34.49725654599275
2018-01-29 00:00:00-05:00,33.901785372386264
2018-01-30 00:00:00-05:00,33.02844494970313
2018-01-31 00:00:00-05:00,33.34603193428154
2018-02-01 00:00:00-05:00,32.750561446938576
2018-02-02 00:00:00-05:00,32.63146787718459
2018-02-05 00:00:00-05:00,31.87721057813625
2018-02-06 00:00:00-05:00,30.289303467381412
2018-02-07 00:00:00-05:00,30.09082596221033
2018-02-08 00:00:00-05:00,32.03599999396829
2018-02-09 00:00:00-05:00,30.725985571544452
2018-02-12 00:00:00-05:00,31.87721684489716
2018-02-13 00:00:00-05:00,32.313888589717116
2018-02-14 00:00:00-05:00,31.678724171272354
2018-02-15 00:00:00-05:00,33.38572510079539
2018-02-16 00:00:00-05:00,33.266627585308726
2018-02-20 00:00:00-05:00,33.38571483776472
2018-02-21 00:00:00-05:00,33.18722411057261
2018-02-22 00:00:00-05:00,33.226938424000544
2018-02-23 00:00:00-05:00,32.909354995838676
2018-02-26 00:00:00-05:00,33.425420196959834
2018-02-27 00:00:00-05:00,33.94149336976596
2018-02-28 00:00:00-05:00,33.54451642618779
2018-03-01 00:00:00-05:00,32.67117363680195
2018-03-02 00:00:00-05:00,32.710856165126955
2018-03-05 00:00:00-05:00,33.028441760091155
2018-03-06 00:00:00-05:00,34.139970166314576
2018-03-07 00:00:00-05:00,33.862098693847656
2018-03-08 00:00:00-05:00,34.1002806815377
2018-03-09 00:00:00-05:00,34.10028562987724
2018-03-12 00:00:00-04:00,34.973618121477244
2018-03-13 00:00:00-04:00,35.053022276576286
2018-03-14 00:00:00-04:00,34.695745475628776
2018-03-15 00:00:00-04:00,34.65603883787621
2018-03-16 00:00:00-04:00,34.76289149080769
2018-03-19 00:00:00-04:00,35.32229274753681
2018-03-20 00:00:00-04:00,35.56203842163086
2018-03-21 00:00:00-04:00,35.602003159134796
2018-03-22 00:00:00-04:00,35.3622528779083
2018-03-23 00:00:00-04:00,34.40327760784471
2018-03-26 00:00:00-04:00,33.76396572693638
2018-03-27 00:00:00-04:00,34.20349352529329
2018-03-28 00:00:00-04:00,33.404342643626315
2018-03-29 00:00:00-04:00,34.36332283243102
2018-04-02 00:00:00-04:00,33.96374799522062
2018-04-03 00:00:00-04:00,33.44429938231471
2018-04-04 00:00:00-04:00,33.76395428177751
2018-04-05 00:00:00-04:00,34.84279677980093
2018-04-06 00:00:00-04:00,34.8028418897884
2018-04-09 00:00:00-04:00,34.68297918327087
2018-04-10 00:00:00-04:00,35.12251243417095
2018-04-11 00:00:00-04:00,34.8427902771263
2018-04-12 00:00:00-04:00,35.122513046006034
2018-04-13 00:00:00-04:00,35.16246895128765
2018-04-16 00:00:00-04:00,35.7618247827833
2018-04-17 00:00:00-04:00,36.401148399161066
2018-04-18 00:00:00-04:00,35.92165617901435
2018-04-19 00:00:00-04:00,35.96161812071976
2018-04-20 00:00:00-04:00,35.96161291699916
2018-04-23 00:00:00-04:00,36.00157671434058
2018-04-24 00:00:00-04:00,35.84173317919308
2018-04-25 00:00:00-04:00,35.52208168479042
2018-04-26 00:00:00-04:00,35.64195127318526
2018-04-27 00:00:00-04:00,35.28233882833203
2018-04-30 00:00:00-04:00,35.76182334248206
2018-05-01 00:00:00-04:00,35.68191511896873
2018-05-02 00:00:00-04:00,35.32229124294482
2018-05-03 00:00:00-04:00,32.884898943669654
2018-05-04 00:00:00-04:00,33.88383752408681
2018-05-07 00:00:00-04:00,34.68297921576123
2018-05-08 00:00:00-04:00,34.52315285065475
2018-05-09 00:00:00-04:00,34.243444132340855
2018-05-10 00:00:00-04:00,34.16352665425299
2018-05-11 00:00:00-04:00,34.283399897002525
2018-05-14 00:00:00-04:00,34.323360653045654
2018-05-15 00:00:00-04:00,34.08361581131962
2018-05-16 00:00:00-04:00,34.60305336657122
2018-05-17 00:00:00-04:00,34.96268219588261
2018-05-18 00:00:00-04:00,35.641955329774156
2018-05-21 00:00:00-04:00,35.562039440143614
2018-05-22 00:00:00-04:00,35.80178993673769
2018-05-23 00:00:00-04:00,35.721866607666016
2018-05-24 00:00:00-04:00,35.522076284561685
2018-05-25 00:00:00-04:00,35.48213058517419
2018-05-29 00:00:00-04:00,35.04259590239628
2018-05-30 00:00:00-04:00,35.1225143076038
2018-05-31 00:00:00-04:00,35.881691872486876
2018-06-01 00:00:00-04:00,35.4821227334268
2018-06-04 00:00:00-04:00,35.76182794550959
2018-06-05 00:00:00-04:00,36.121441297873766
2018-06-06 00:00:00-04:00,36.32122643206558
2018-06-07 00:00:00-04:00,36.40114149973032
2018-06-08 00:00:00-04:00,36.28127571187305
2018-06-11 00:00:00-04:00,36.56097694645762
2018-06-12 00:00:00-04:00,36.28127816786115
2018-06-13 00:00:00-04:00,35.90959196430717
2018-06-14 00:00:00-04:00,35.74874205425692
2018-06-15 00:00:00-04:00,35.78896015535973
2018-06-18 00:00:00-04:00,35.78895702102229
2018-06-19 00:00:00-04:00,35.788967277502884
2018-06-20 00:00:00-04:00,36.75405023784136
2018-06-21 00:00:00-04:00,36.63340474066777
2018-06-22 00:00:00-04:00,36.794264104718124
2018-06-25 00:00:00-04:00,36.63341463363923
2018-06-26 00:00:00-04:00,36.3519267704823
2018-06-27 00:00:00-04:00,36.472561817131655
2018-06-28 00:00:00-04:00,35.628110282643284
2018-06-29 00:00:00-04:00,36.19107682407112
2018-07-02 00:00:00-04:00,35.708530460942605
2018-07-03 00:00:00-04:00,36.55298936866076
2018-07-05 00:00:00-04:00,37.156169194682896
2018-07-06 00:00:00-04:00,37.075746956483954
2018-07-09 00:00:00-04:00,37.71914547098599
2018-07-10 00:00:00-04:00,38.081056938185284
2018-07-11 00:00:00-04:00,37.75936255908838
2018-07-12 00:00:00-04:00,37.87998881977514
2018-07-13 00:00:00-04:00,36.995321244686934
2018-07-16 00:00:00-04:00,36.91489736853277
2018-07-17 00:00:00-04:00,35.58789231067333
2018-07-18 00:00:00-04:00,36.31171642105446
2018-07-19 00:00:00-04:00,36.51277661485612
2018-07-20 00:00:00-04:00,36.392148915355776
2018-07-23 00:00:00-04:00,36.31172147469913
2018-07-24 00:00:00-04:00,35.94980268272749
2018-07-25 00:00:00-04:00,35.74874143555479
2018-07-26 00:00:00-04:00,35.5878941396649
2018-07-27 00:00:00-04:00,35.62810317318433
2018-07-30 00:00:00-04:00,34.74343012610007
2018-07-31 00:00:00-04:00,34.74343809921515
2018-08-01 00:00:00-04:00,35.26619533653837
2018-08-02 00:00:00-04:00,35.10534259391425
2018-08-03 00:00:00-04:00,35.427049686337696
2018-08-06 00:00:00-04:00,35.22597993737475
2018-08-07 00:00:00-04:00,35.82916731121438
2018-08-08 00:00:00-04:00,35.22598082850477
2018-08-09 00:00:00-04:00,35.90959189817725
2018-08-10 00:00:00-04:00,35.62810080558704
2018-08-13 00:00:00-04:00,35.99001535243764
2018-08-14 00:00:00-04:00,35.74875470379452
2018-08-15 00:00:00-04:00,36.07044219970703
2018-08-16 00:00:00-04:00,36.271502917981856
2018-08-17 00:00:00-04:00,36.39213317046198
2018-08-20 00:00:00-04:00,36.9953248262143
2018-08-21 00:00:00-04:00,37.3974609375
2018-08-22 00:00:00-04:00,37.39744430169441
2018-08-23 00:00:00-04:00,36.99532347298711
2018-08-24 00:00:00-04:00,36.914902324768796
2018-08-27 00:00:00-04:00,37.27680976618798
2018-08-28 00:00:00-04:00,37.1963878855874
2018-08-29 00:00:00-04:00,36.7942626082384
2018-08-30 00:00:00-04:00,36.87468755984032
2018-08-31 00:00:00-04:00,36.995325718714106
2018-09-04 00:00:00-04:00,37.03553526184985
2018-09-05 00:00:00-04:00,37.35724922750265
2018-09-06 00:00:00-04:00,37.437670677372665
2018-09-07 00:00:00-04:00,37.35723086977616
2018-09-10 00:00:00-04:00,37.719146639228605
2018-09-11 00:00:00-04:00,36.91489791870117
2018-09-12 00:00:00-04:00,36.91489791870117
2018-09-13 00:00:00-04:00,36.983686880123194
2018-09-14 00:00:00-04:00,37.10507379458918
2018-09-17 00:00:00-04:00,37.91433907792422
2018-09-18 00:00:00-04:00,37.105077162186205
2018-09-19 00:00:00-04:00,36.983686880123194
2018-09-20 00:00:00-04:00,37.34785944824532
2018-09-21 00:00:00-04:00,37.671569380225755
2018-09-24 00:00:00-04:00,37.59064181368046
2018-09-25 00:00:00-04:00,37.02415233653981
2018-09-26 00:00:00-04:00,36.9432241153448
2018-09-27 00:00:00-04:00,36.61952362060547
2018-09-28 00:00:00-04:00,36.29580335869149
2018-10-01 00:00:00-04:00,36.45766578289202
2018-10-02 00:00:00-04:00,35.15473266203846
2018-10-03 00:00:00-04:00,35.098089108527866
2018-10-04 00:00:00-04:00,35.316584637056614
2018-10-05 00:00:00-04:00,35.42179634986571
2018-10-08 00:00:00-04:00,35.114270178544764
2018-10-09 00:00:00-04:00,35.292310673893176
2018-10-10 00:00:00-04:00,35.478439880942396
2018-10-11 00:00:00-04:00,34.1674210993883
2018-10-12 00:00:00-04:00,33.16392086779763
2018-10-15 00:00:00-04:00,32.071414947509766
2018-10-16 00:00:00-04:00,32.32228864394345
2018-10-17 00:00:00-04:00,32.751200746379375
2018-10-18 00:00:00-04:00,32.718830378562096
2018-10-19 00:00:00-04:00,31.59393233028623
2018-10-22 00:00:00-04:00,32.0714131965114
2018-10-23 00:00:00-04:00,31.407812252452104
2018-10-24 00:00:00-04:00,31.41590145567219
2018-10-25 00:00:00-04:00,30.671379913258637
2018-10-26 00:00:00-04:00,30.930346604264027
2018-10-29 00:00:00-04:00,31.19739300867241
2018-10-30 00:00:00-04:00,30.719928196557326
2018-10-31 00:00:00-04:00,32.605531540318076
2018-11-01 00:00:00-04:00,32.00667133418695
2018-11-02 00:00:00-04:00,32.33036966889247
2018-11-05 00:00:00-05:00,33.38242481480073
2018-11-06 00:00:00-05:00,32.96160400532031
2018-11-07 00:00:00-05:00,33.34196753170262
2018-11-08 00:00:00-05:00,33.382434746378046
2018-11-09 00:00:00-05:00,33.37434312389844
2018-11-12 00:00:00-05:00,32.81594440699768
2018-11-13 00:00:00-05:00,32.48414102181846
2018-11-14 00:00:00-05:00,32.40320300378087
2018-11-15 00:00:00-05:00,30.88179155086553
2018-11-16 00:00:00-05:00,31.391618288922658
2018-11-19 00:00:00-05:00,31.820539447016614
2018-11-20 00:00:00-05:00,31.650602796626384
2018-11-21 00:00:00-05:00,31.723422044160262
2018-11-23 00:00:00-05:00,31.48064794169386
2018-11-26 00:00:00-05:00,32.03094869987875
2018-11-27 00:00:00-05:00,31.771980205787074
2018-11-28 00:00:00-05:00,31.6263132066798
2018-11-29 00:00:00-05:00,32.281825063179355
2018-11-30 00:00:00-05:00,32.338476092474565
2018-12-03 00:00:00-05:00,32.686450421262194
2018-12-04 00:00:00-05:00,32.13615459631625
2018-12-06 00:00:00-05:00,30.339572330665128
2018-12-07 00:00:00-05:00,31.02745877829551
2018-12-10 00:00:00-05:00,30.841324287910048
2018-12-11 00:00:00-05:00,32.10379277406249
2018-12-12 00:00:00-05:00,31.804348003138585
2018-12-13 00:00:00-05:00,31.043640646804917
2018-12-14 00:00:00-05:00,30.585209751807373
2018-12-17 00:00:00-05:00,30.471058709939353
2018-12-18 00:00:00-05:00,30.92767150679051
2018-12-19 00:00:00-05:00,30.66673894175621
2018-12-20 00:00:00-05:00,28.954421177196835
2018-12-21 00:00:00-05:00,29.883976267243916
2018-12-24 00:00:00-05:00,30.16936318385093
2018-12-26 00:00:00-05:00,29.55782138465168
2018-12-27 00:00:00-05:00,29.810587684112615
2018-12-28 00:00:00-05:00,30.27535858236776
2018-12-31 00:00:00-05:00,30.536285400390625
2019-01-02 00:00:00-05:00,30.177509847409876
2019-01-03 00:00:00-05:00,30.609677119153663
2019-01-04 00:00:00-05:00,30.748278863168263
2019-01-07 00:00:00-05:00,30.968442380489055
2019-01-08 00:00:00-05:00,30.95213244698101
2019-01-09 00:00:00-05:00,30.960285688447406
2019-01-10 00:00:00-05:00,31.4169010121636
2019-01-11 00:00:00-05:00,31.245669442440086
2019-01-14 00:00:00-05:00,31.465822114284645
2019-01-15 00:00:00-05:00,31.457677386553417
2019-01-16 00:00:00-05:00,31.677825461959024
2019-01-17 00:00:00-05:00,31.93060246482027
2019-01-18 00:00:00-05:00,33.35753349300587
2019-01-22 00:00:00-05:00,33.45537657766169
2019-01-23 00:00:00-05:00,33.81414766166594
2019-01-24 00:00:00-05:00,34.06691711341377
2019-01-25 00:00:00-05:00,34.246298074218274
2019-01-28 00:00:00-05:00,33.74891220312305
2019-01-29 00:00:00-05:00,33.77337594355141
2019-01-30 00:00:00-05:00,33.68368179163961
2019-01-31 00:00:00-05:00,33.62659807076149
2019-02-01 00:00:00-05:00,34.123992367716625
2019-02-04 00:00:00-05:00,34.28706889728353
2019-02-05 00:00:00-05:00,34.49091933962615
2019-02-06 00:00:00-05:00,30.259055028333943
2019-02-07 00:00:00-05:00,31.514756936777644
2019-02-08 00:00:00-05:00,30.813511799779953
2019-02-11 00:00:00-05:00,30.805367067588637
2019-02-12 00:00:00-05:00,31.31090792955059
2019-02-13 00:00:00-05:00,31.155975388822064
2019-02-14 00:00:00-05:00,31.457677592703558
2019-02-15 00:00:00-05:00,31.555519046669584
2019-02-19 00:00:00-05:00,31.832755983007456
2019-02-20 00:00:00-05:00,32.14260353897127
2019-02-21 00:00:00-05:00,32.851984706455234
2019-02-22 00:00:00-05:00,32.419835072617005
2019-02-25 00:00:00-05:00,32.1996762413999
2019-02-26 00:00:00-05:00,32.03660278404286
2019-02-27 00:00:00-05:00,31.775672187911553
2019-02-28 00:00:00-05:00,31.987667685385276
2019-03-01 00:00:00-05:00,32.02844549965618
2019-03-04 00:00:00-05:00,32.35459875026528
2019-03-05 00:00:00-05:00,32.09367922073319
2019-03-06 00:00:00-05:00,31.66968025136104
2019-03-07 00:00:00-05:00,31.522903058583626
2019-03-08 00:00:00-05:00,30.756438527294584
2019-03-11 00:00:00-04:00,30.74012734733869
2019-03-12 00:00:00-04:00,31.001055245895014
2019-03-13 00:00:00-04:00,30.756438088113928
2019-03-14 00:00:00-04:00,30.943985398488454
2019-03-15 00:00:00-04:00,30.76364516416258
2019-03-18 00:00:00-04:00,30.78829597700668
2019-03-19 00:00:00-04:00,30.854020928919862
2019-03-20 00:00:00-04:00,29.974835233059274
2019-03-21 00:00:00-04:00,29.284625836818186
2019-03-22 00:00:00-04:00,29.13671580758682
2019-03-25 00:00:00-04:00,28.380776571924738
2019-03-26 00:00:00-04:00,28.93951476468512
2019-03-27 00:00:00-04:00,28.734095095646595
2019-03-28 00:00:00-04:00,29.038122177124023
2019-03-29 00:00:00-04:00,29.087416295238526
2019-04-01 00:00:00-04:00,29.09563966756258
2019-04-02 00:00:00-04:00,29.3667855506953
2019-04-03 00:00:00-04:00,29.383219587533915
2019-04-04 00:00:00-04:00,28.980606763385325
2019-04-05 00:00:00-04:00,29.39965590996667
2019-04-08 00:00:00-04:00,29.407866301000254
2019-04-09 00:00:00-04:00,29.325702508446653
2019-04-10 00:00:00-04:00,29.350350980059698
2019-04-11 00:00:00-04:00,30.065211795746624
2019-04-12 00:00:00-04:00,30.30349813235493
2019-04-15 00:00:00-04:00,30.213114294310717
2019-04-16 00:00:00-04:00,30.147383844425615
2019-04-17 00:00:00-04:00,30.81295489400605
2019-04-18 00:00:00-04:00,30.673265506847287
2019-04-22 00:00:00-04:00,31.01014113084179
2019-04-23 00:00:00-04:00,30.476059777888548
2019-04-24 00:00:00-04:00,30.656822680722886
2019-04-25 00:00:00-04:00,30.738995809581976
2019-04-26 00:00:00-04:00,30.837593429476538
2019-04-29 00:00:00-04:00,31.322386834047123
2019-04-30 00:00:00-04:00,31.58532741806792
2019-05-01 00:00:00-04:00,32.858927946051786
2019-05-02 00:00:00-04:00,33.30263094452243
2019-05-03 00:00:00-04:00,33.039695523420484
2019-05-06 00:00:00-04:00,33.03968745397706
2019-05-07 00:00:00-04:00,33.18758191564027
2019-05-08 00:00:00-04:00,32.867135517265154
2019-05-09 00:00:00-04:00,32.42342851956385
2019-05-10 00:00:00-04:00,32.66172073687157
2019-05-13 00:00:00-04:00,32.18514534949756
2019-05-14 00:00:00-04:00,31.88113044741461
2019-05-15 00:00:00-04:00,31.85647642763445
2019-05-16 00:00:00-04:00,32.037247441653996
2019-05-17 00:00:00-04:00,32.18514464957904
2019-05-20 00:00:00-04:00,32.08654673238659
2019-05-21 00:00:00-04:00,32.79318871010174
2019-05-22 00:00:00-04:00,33.40122622455744
2019-05-23 00:00:00-04:00,33.43409666515059
2019-05-24 00:00:00-04:00,34.05035696220709
2019-05-28 00:00:00-04:00,34.09965156918068
2019-05-29 00:00:00-04:00,33.31084694335825
2019-05-30 00:00:00-04:00,33.25333296185391
2019-05-31 00:00:00-04:00,33.03968714408495
2019-06-03 00:00:00-04:00,33.22866927710168
2019-06-04 00:00:00-04:00,33.935316798182924
2019-06-05 00:00:00-04:00,34.11609402772492
2019-06-06 00:00:00-04:00,34.22291288723107
2019-06-07 00:00:00-04:00,34.44476776232549
2019-06-10 00:00:00-04:00,34.21469329416857
2019-06-11 00:00:00-04:00,34.34616208539228
2019-06-12 00:00:00-04:00,33.705245104572334
2019-06-13 00:00:00-04:00,33.67165518081972
2019-06-14 00:00:00-04:00,33.770968864641006
2019-06-17 00:00:00-04:00,33.969563859250414
2019-06-18 00:00:00-04:00,33.69649716030657
2019-06-19 00:00:00-04:00,34.21781256948431
2019-06-20 00:00:00-04:00,34.79707997000158
2019-06-21 00:00:00-04:00,34.44953291980944
2019-06-24 00:00:00-04:00,34.23437503110011
2019-06-25 00:00:00-04:00,33.10067432783431
2019-06-26 00:00:00-04:00,32.5048609754795
2019-06-27 00:00:00-04:00,31.578044966522906
2019-06-28 00:00:00-04:00,32.215240176066224
2019-07-01 00:00:00-04:00,33.6137308505813
2019-07-02 00:00:00-04:00,33.92818222016865
2019-07-03 00:00:00-04:00,34.14334972986286
2019-07-05 00:00:00-04:00,34.524001096413414
2019-07-08 00:00:00-04:00,34.656409014153326
2019-07-09 00:00:00-04:00,34.40815297849283
2019-07-10 00:00:00-04:00,34.615023343519915
2019-07-11 00:00:00-04:00,34.49089484557406
2019-07-12 00:00:00-04:00,34.482624215769874
2019-07-15 00:00:00-04:00,34.697789611680975
2019-07-16 00:00:00-04:00,34.44953316163382
2019-07-17 00:00:00-04:00,34.300571741039384
2019-07-18 00:00:00-04:00,34.2840280717513
2019-07-19 00:00:00-04:00,34.47435635151572
2019-07-22 00:00:00-04:00,34.51572443753975
2019-07-23 00:00:00-04:00,34.581928471764606
2019-07-24 00:00:00-04:00,34.83846248984623
2019-07-25 00:00:00-04:00,35.583223488633244
2019-07-26 00:00:00-04:00,35.583222408732226
2019-07-29 00:00:00-04:00,35.80665644554575
2019-07-30 00:00:00-04:00,35.30186503779509
2019-07-31 00:00:00-04:00,35.85631007893459
2019-08-01 00:00:00-04:00,35.81492825278969
2019-08-02 00:00:00-04:00,35.09499426609024
2019-08-05 00:00:00-04:00,34.79708726852819
2019-08-06 00:00:00-04:00,34.58193040260765
2019-08-07 00:00:00-04:00,35.83975898845622
2019-08-08 00:00:00-04:00,36.49349057115666
2019-08-09 00:00:00-04:00,36.493490363510524
2019-08-12 00:00:00-04:00,36.145938311163754
2019-08-13 00:00:00-04:00,36.02179942190242
2019-08-14 00:00:00-04:00,35.682525683077436
2019-08-15 00:00:00-04:00,35.43427801599238
2019-08-16 00:00:00-04:00,35.699075512177174
2019-08-19 00:00:00-04:00,36.59279839094643
2019-08-20 00:00:00-04:00,36.43556993139768
2019-08-21 00:00:00-04:00,36.1459358109538
2019-08-22 00:00:00-04:00,36.30316775292598
2019-08-23 00:00:00-04:00,36.054907345867974
2019-08-26 00:00:00-04:00,35.3432499772508
2019-08-27 00:00:00-04:00,35.599783361365546
2019-08-28 00:00:00-04:00,35.475650162490304
2019-08-29 00:00:00-04:00,36.12938564627359
2019-08-30 00:00:00-04:00,36.27006715897909
2019-09-03 00:00:00-04:00,36.07973143646887
2019-09-04 00:00:00-04:00,36.29489065012852
2019-09-05 00:00:00-04:00,36.865870604100586
2019-09-06 00:00:00-04:00,37.07276018265044
2019-09-09 00:00:00-04:00,37.70994236676946
2019-09-10 00:00:00-04:00,38.04923189170011
2019-09-11 00:00:00-04:00,38.239552118317455
2019-09-12 00:00:00-04:00,38.90156714526058
2019-09-13 00:00:00-04:00,39.71243822599484
2019-09-16 00:00:00-04:00,39.229547036397385
2019-09-17 00:00:00-04:00,38.77997629090824
2019-09-18 00:00:00-04:00,38.446952212990354
2019-09-19 00:00:00-04:00,38.3304011578931
2019-09-20 00:00:00-04:00,38.10561062743762
2019-09-23 00:00:00-04:00,38.33040498366237
2019-09-24 00:00:00-04:00,38.43863282381207
2019-09-25 00:00:00-04:00,38.63844839039721
2019-09-26 00:00:00-04:00,39.33778548556599
2019-09-27 00:00:00-04:00,38.77997687183156
2019-09-30 00:00:00-04:00,38.813270345673175
2019-10-01 00:00:00-04:00,38.80495080106719
2019-10-02 00:00:00-04:00,37.93910389979894
2019-10-03 00:00:00-04:00,37.04828205997067
2019-10-04 00:00:00-04:00,37.073264377984934
2019-10-07 00:00:00-04:00,37.847528326954
2019-10-08 00:00:00-04:00,37.37297439383566
2019-10-09 00:00:00-04:00,37.397950283164064
2019-10-10 00:00:00-04:00,37.18149488870943
2019-10-11 00:00:00-04:00,37.38962622379506
2019-10-14 00:00:00-04:00,36.765225430463644
2019-10-15 00:00:00-04:00,37.314697412704135
2019-10-16 00:00:00-04:00,36.89009875253857
2019-10-17 00:00:00-04:00,37.27306927631096
2019-10-18 00:00:00-04:00,37.189817517990896
2019-10-21 00:00:00-04:00,37.78092292503824
2019-10-22 00:00:00-04:00,37.81421984631926
2019-10-23 00:00:00-04:00,37.51449861655517
2019-10-24 00:00:00-04:00,37.647716097451436
2019-10-25 00:00:00-04:00,37.014980286988404
2019-10-28 00:00:00-04:00,36.89843264240368
2019-10-29 00:00:00-04:00,37.28973006752917
2019-10-30 00:00:00-04:00,36.60703010713727
2019-10-31 00:00:00-04:00,36.5820549118781
2019-11-01 00:00:00-04:00,36.598709088858996
2019-11-04 00:00:00-05:00,36.58205601374006
2019-11-05 00:00:00-05:00,36.648659173092724
2019-11-06 00:00:00-05:00,36.59039141366844
2019-11-07 00:00:00-05:00,36.4571768917464
2019-11-08 00:00:00-05:00,35.9493205761484
2019-11-11 00:00:00-05:00,36.59039156027556
2019-11-12 00:00:00-05:00,37.38130757903366
2019-11-13 00:00:00-05:00,37.20646819508257
2019-11-14 00:00:00-05:00,36.71526717925906
2019-11-15 00:00:00-05:00,36.715261281650335
2019-11-18 00:00:00-05:00,36.532097337372484
2019-11-19 00:00:00-05:00,36.84847408670841
2019-11-20 00:00:00-05:00,36.38224904759991
2019-11-21 00:00:00-05:00,36.09918432862843
2019-11-22 00:00:00-05:00,35.66626002229132
2019-11-25 00:00:00-05:00,36.01592755231641
2019-11-26 00:00:00-05:00,36.47382574051235
2019-11-27 00:00:00-05:00,36.69028621015774
2019-11-29 00:00:00-05:00,36.4655119617989
2019-12-02 00:00:00-05:00,36.20741520646342
2019-12-03 00:00:00-05:00,35.716202193424145
2019-12-04 00:00:00-05:00,35.80778814351583
2019-12-05 00:00:00-05:00,35.98262357734272
2019-12-06 00:00:00-05:00,36.990002782120776
2019-12-09 00:00:00-05:00,37.09823407586299
2019-12-10 00:00:00-05:00,37.26473294225663
2019-12-11 00:00:00-05:00,36.940046793591094
2019-12-12 00:00:00-05:00,36.5071262464181
2019-12-13 00:00:00-05:00,37.09656238752044
2019-12-16 00:00:00-05:00,37.171978804736625
2019-12-17 00:00:00-05:00,37.38146167345009
2019-12-18 00:00:00-05:00,37.356326104652716
2019-12-19 00:00:00-05:00,36.8367880902761
2019-12-20 00:00:00-05:00,37.549053040010705
2019-12-23 00:00:00-05:00,37.20548122789987
2019-12-24 00:00:00-05:00,36.35915404370491
2019-12-26 00:00:00-05:00,36.54350538223756
2019-12-27 00:00:00-05:00,36.66081784214097
2019-12-30 00:00:00-05:00,36.67757683941358
2019-12-31 00:00:00-05:00,36.65244190494567
2020-01-02 00:00:00-05:00,36.736240951092256
2020-01-03 00:00:00-05:00,36.64405468510068
2020-01-06 00:00:00-05:00,36.8451742068836
2020-01-07 00:00:00-05:00,36.89544259684716
2020-01-08 00:00:00-05:00,36.33401570755218
2020-01-09 00:00:00-05:00,36.69434368296554
2020-01-10 00:00:00-05:00,36.568642285613855
2020-01-13 00:00:00-05:00,36.07424637546659
2020-01-14 00:00:00-05:00,36.24183869895693
2020-01-15 00:00:00-05:00,36.442955017089844
2020-01-16 00:00:00-05:00,36.68596513109413
2020-01-17 00:00:00-05:00,37.54067362744506
2020-01-21 00:00:00-05:00,37.197111069440105
2020-01-22 00:00:00-05:00,37.13008704120832
2020-01-23 00:00:00-05:00,37.021132218257655
2020-01-24 00:00:00-05:00,37.14684255420802
2020-01-27 00:00:00-05:00,35.78096723183364
2020-01-28 00:00:00-05:00,36.26697406857991
2020-01-29 00:00:00-05:00,36.42619199556173
2020-01-30 00:00:00-05:00,36.24183441173295
2020-01-31 00:00:00-05:00,36.29211673618545
2020-02-03 00:00:00-05:00,36.35915693080883
2020-02-04 00:00:00-05:00,36.769750854242155
2020-02-05 00:00:00-05:00,37.23900794242024
2020-02-06 00:00:00-05:00,38.39539956189412
2020-02-07 00:00:00-05:00,38.11049573949476
2020-02-10 00:00:00-05:00,36.73623502605866
2020-02-11 00:00:00-05:00,36.81165303092648
2020-02-12 00:00:00-05:00,37.079797993380545
2020-02-13 00:00:00-05:00,36.61891970735952
2020-02-14 00:00:00-05:00,37.632853735561
2020-02-18 00:00:00-05:00,38.15238558442022
2020-02-19 00:00:00-05:00,37.8507194519043
2020-02-20 00:00:00-05:00,37.67475906068227
2020-02-21 00:00:00-05:00,37.92614272889799
2020-02-24 00:00:00-05:00,36.99600003040142
2020-02-25 00:00:00-05:00,36.93735794726081
2020-02-26 00:00:00-05:00,36.040723524963646
2020-02-27 00:00:00-05:00,34.94299234293004
2020-02-28 00:00:00-05:00,33.50170428339433
2020-03-02 00:00:00-05:00,32.62184838658885
2020-03-03 00:00:00-05:00,34.339675388210274
2020-03-04 00:00:00-05:00,33.99610734153136
2020-03-05 00:00:00-05:00,33.87879306347511
2020-03-06 00:00:00-05:00,32.96540711478974
2020-03-09 00:00:00-04:00,31.926335533778797
2020-03-10 00:00:00-04:00,34.69161238360241
2020-03-11 00:00:00-04:00,33.16652515561799
2020-03-12 00:00:00-04:00,29.87332808760923
2020-03-13 00:00:00-04:00,30.36773133928648
2020-03-16 00:00:00-04:00,29.016600040216407
2020-03-17 00:00:00-04:00,28.552129169903893
2020-03-18 00:00:00-04:00,30.089100284262848
2020-03-19 00:00:00-04:00,27.716082689243716
2020-03-20 00:00:00-04:00,26.795595945881487
2020-03-23 00:00:00-04:00,28.00321296396009
2020-03-24 00:00:00-04:00,27.868092338784745
2020-03-25 00:00:00-04:00,29.219269882983806
2020-03-26 00:00:00-04:00,27.851207293710928
2020-03-27 00:00:00-04:00,27.868098769072216
2020-03-30 00:00:00-04:00,28.712584476455365
2020-03-31 00:00:00-04:00,29.23616687857091
2020-04-01 00:00:00-04:00,29.514853263750748
2020-04-02 00:00:00-04:00,28.239670403244393
2020-04-03 00:00:00-04:00,27.12494817665496
2020-04-06 00:00:00-04:00,27.648536262831986
2020-04-07 00:00:00-04:00,28.425456141400243
2020-04-08 00:00:00-04:00,27.319176485286537
2020-04-09 00:00:00-04:00,28.0116585884054
2020-04-13 00:00:00-04:00,30.19043343564364
2020-04-14 00:00:00-04:00,30.367772506923394
2020-04-15 00:00:00-04:00,28.408569734290744
2020-04-16 00:00:00-04:00,28.45923862283003
2020-04-17 00:00:00-04:00,28.332566931132963
2020-04-20 00:00:00-04:00,28.670359240288658
2020-04-21 00:00:00-04:00,27.969434167880447
2020-04-22 00:00:00-04:00,28.509905054817608
2020-04-23 00:00:00-04:00,28.205893705869276
2020-04-24 00:00:00-04:00,28.509905069599903
2020-04-27 00:00:00-04:00,28.839255074230397
2020-04-28 00:00:00-04:00,31.034927596666936
2020-04-29 00:00:00-04:00,31.74429739919912
2020-04-30 00:00:00-04:00,30.849133561763146
2020-05-01 00:00:00-04:00,28.84769820125123
2020-05-04 00:00:00-04:00,28.26500415951025
2020-05-05 00:00:00-04:00,28.86459236769924
2020-05-06 00:00:00-04:00,28.30722465172287
2020-05-07 00:00:00-04:00,27.766762071290884
2020-05-08 00:00:00-04:00,29.548623332254273
2020-05-11 00:00:00-04:00,29.506400665901772
2020-05-12 00:00:00-04:00,28.67036195195737
2020-05-13 00:00:00-04:00,27.20094968077602
2020-05-14 00:00:00-04:00,26.390245524466533
2020-05-15 00:00:00-04:00,27.699197389519135
2020-05-18 00:00:00-04:00,27.868093428318222
2020-05-19 00:00:00-04:00,28.864589649320596
2020-05-20 00:00:00-04:00,28.78859409746025
2020-05-21 00:00:00-04:00,29.47262382687175
2020-05-22 00:00:00-04:00,29.801974856854173
2020-05-26 00:00:00-04:00,30.874470493152177
2020-05-27 00:00:00-04:00,31.364269533914573
2020-05-28 00:00:00-04:00,32.29321030806495
2020-05-29 00:00:00-04:00,30.78157863631035
2020-06-01 00:00:00-04:00,30.950475656377296
2020-06-02 00:00:00-04:00,30.882911308296347
2020-06-03 00:00:00-04:00,31.609170226371916
2020-06-04 00:00:00-04:00,31.786523397947832
2020-06-05 00:00:00-04:00,33.77106817808506
2020-06-08 00:00:00-04:00,33.939960492475905
2020-06-09 00:00:00-04:00,33.65283339075708
2020-06-10 00:00:00-04:00,33.89773826422204
2020-06-11 00:00:00-04:00,32.05675327875173
2020-06-12 00:00:00-04:00,31.524733039878694
2020-06-15 00:00:00-04:00,29.641250088538634
2020-06-16 00:00:00-04:00,31.727462530728275
2020-06-17 00:00:00-04:00,31.191005403842247
2020-06-18 00:00:00-04:00,30.416130007233697
2020-06-19 00:00:00-04:00,31.054759451676755
2020-06-22 00:00:00-04:00,29.751942116439476
2020-06-23 00:00:00-04:00,30.90149613877471
2020-06-24 00:00:00-04:00,30.4416795927464
2020-06-25 00:00:00-04:00,29.91373804366778
2020-06-26 00:00:00-04:00,30.220278446366144
2020-06-29 00:00:00-04:00,30.688611862258693
2020-06-30 00:00:00-04:00,30.305437824644876
2020-07-01 00:00:00-04:00,31.378336862450826
2020-07-02 00:00:00-04:00,31.10585769982209
2020-07-06 00:00:00-04:00,31.34428177305319
2020-07-07 00:00:00-04:00,30.64603807695217
2020-07-08 00:00:00-04:00,30.13512768482798
2020-07-09 00:00:00-04:00,30.17770120937724
2020-07-10 00:00:00-04:00,30.305431147193573
2020-07-13 00:00:00-04:00,31.735984174057776
2020-07-14 00:00:00-04:00,31.301707999318467
2020-07-15 00:00:00-04:00,32.82592010498047
2020-07-16 00:00:00-04:00,32.87700260670727
2020-07-17 00:00:00-04:00,33.45603450016238
2020-07-20 00:00:00-04:00,32.596012311489936
2020-07-21 00:00:00-04:00,32.57046304497054
2020-07-22 00:00:00-04:00,32.40016329967499
2020-07-23 00:00:00-04:00,32.44273873155431
2020-07-24 00:00:00-04:00,32.834433718057774
2020-07-27 00:00:00-04:00,32.10212547987203
2020-07-28 00:00:00-04:00,31.650825885621728
2020-07-29 00:00:00-04:00,31.778555515115414
2020-07-30 00:00:00-04:00,32.01697974979115
2020-07-31 00:00:00-04:00,31.78706776883203
2020-08-03 00:00:00-04:00,32.12767334514453
2020-08-04 00:00:00-04:00,31.94034625324163
2020-08-05 00:00:00-04:00,32.2639178010853
2020-08-06 00:00:00-04:00,33.08137899494234
2020-08-07 00:00:00-04:00,33.975465886421716
2020-08-10 00:00:00-04:00,34.70777025066781
2020-08-11 00:00:00-04:00,35.431556557662965
2020-08-12 00:00:00-04:00,35.01431019875132
2020-08-13 00:00:00-04:00,33.96694685640389
2020-08-14 00:00:00-04:00,33.532673954777366
2020-08-17 00:00:00-04:00,33.71149647799093
2020-08-18 00:00:00-04:00,33.28574151917967
2020-08-19 00:00:00-04:00,33.22613149550909
2020-08-20 00:00:00-04:00,32.332038772315364
2020-08-21 00:00:00-04:00,32.212820757435566
2020-08-24 00:00:00-04:00,32.57046077078528
2020-08-25 00:00:00-04:00,33.27722629395231
2020-08-26 00:00:00-04:00,32.77481607208749
2020-08-27 00:00:00-04:00,32.7407698489627
2020-08-28 00:00:00-04:00,33.54970386022975
2020-08-31 00:00:00-04:00,33.260196685791016
2020-09-01 00:00:00-04:00,33.03027985977379
2020-09-02 00:00:00-04:00,32.99622181848212
2020-09-03 00:00:00-04:00,33.37088528706339
2020-09-04 00:00:00-04:00,33.2346497986943
2020-09-08 00:00:00-04:00,32.61304041719676
2020-09-09 00:00:00-04:00,32.11915854506856
2020-09-10 00:00:00-04:00,31.68488448487498
2020-09-11 00:00:00-04:00,30.475734341994045
2020-09-14 00:00:00-04:00,30.390578563616447
2020-09-15 00:00:00-04:00,30.356157431728082
2020-09-16 00:00:00-04:00,29.11958524217477
2020-09-17 00:00:00-04:00,28.939258187741054
2020-09-18 00:00:00-04:00,30.141478938514812
2020-09-21 00:00:00-04:00,28.68163654615564
2020-09-22 00:00:00-04:00,28.990779071796826
2020-09-23 00:00:00-04:00,28.664466878631355
2020-09-24 00:00:00-04:00,28.552829542526247
2020-09-25 00:00:00-04:00,27.857254285505
2020-09-28 00:00:00-04:00,28.638701516040832
2020-09-29 00:00:00-04:00,28.861970463402766
2020-09-30 00:00:00-04:00,28.853380510021037
2020-10-01 00:00:00-04:00,28.62152536385166
2020-10-02 00:00:00-04:00,28.372494311944617
2020-10-05 00:00:00-04:00,29.256990750050832
2020-10-06 00:00:00-04:00,30.158653964231373
2020-10-07 00:00:00-04:00,29.25698369584944
2020-10-08 00:00:00-04:00,29.70352954025572
2020-10-09 00:00:00-04:00,29.806570956461464
2020-10-12 00:00:00-04:00,29.256987756657285
2020-10-13 00:00:00-04:00,30.553674291886086
2020-10-14 00:00:00-04:00,29.87527871809657
2020-10-15 00:00:00-04:00,29.239812405082557
2020-10-16 00:00:00-04:00,30.261705335153984
2020-10-19 00:00:00-04:00,30.72541859450377
2020-10-20 00:00:00-04:00,30.51932314885776
2020-10-21 00:00:00-04:00,30.16724416504555
2020-10-22 00:00:00-04:00,29.961147496728458
2020-10-23 00:00:00-04:00,30.819879098606954
2020-10-26 00:00:00-04:00,30.459218049831154
2020-10-27 00:00:00-04:00,30.381924434685637
2020-10-28 00:00:00-04:00,29.17969897158481
2020-10-29 00:00:00-04:00,29.265570705881164
2020-10-30 00:00:00-04:00,29.231226793450713
2020-11-02 00:00:00-05:00,29.652000620990144
2020-11-03 00:00:00-05:00,30.51074195643959
2020-11-04 00:00:00-05:00,30.897165399959743
2020-11-05 00:00:00-05:00,29.978318707136182
2020-11-06 00:00:00-05:00,30.56225652653723
2020-11-09 00:00:00-05:00,33.13844821440968
2020-11-10 00:00:00-05:00,33.361716747620285
2020-11-11 00:00:00-05:00,34.065883171725474
2020-11-12 00:00:00-05:00,32.597455526441664
2020-11-13 00:00:00-05:00,33.26726357185216
2020-11-16 00:00:00-05:00,34.42654500232372
2020-11-17 00:00:00-05:00,34.40938108128953
2020-11-18 00:00:00-05:00,34.572528686590616
2020-11-19 00:00:00-05:00,34.38361566636066
2020-11-20 00:00:00-05:00,34.64981929989908
2020-11-23 00:00:00-05:00,35.98943755731018
2020-11-24 00:00:00-05:00,36.916877138367155
2020-11-25 00:00:00-05:00,36.49609311188892
2020-11-27 00:00:00-05:00,35.65454777356078
2020-11-30 00:00:00-05:00,34.99331214354271
2020-12-01 00:00:00-05:00,34.770037248883675
2020-12-02 00:00:00-05:00,34.56395232693212
2020-12-03 00:00:00-05:00,34.503837171500564
2020-12-04 00:00:00-05:00,34.2891550245573
2020-12-07 00:00:00-05:00,35.05343524961264
2020-12-08 00:00:00-05:00,34.64982219666263
2020-12-09 00:00:00-05:00,35.96367076645882
2020-12-10 00:00:00-05:00,35.83486714261667
2020-12-11 00:00:00-05:00,36.3157551656293
2020-12-14 00:00:00-05:00,36.89970653216543
2020-12-15 00:00:00-05:00,37.05523520351524
2020-12-16 00:00:00-05:00,37.747047307394794
2020-12-17 00:00:00-05:00,37.81622434964772
2020-12-18 00:00:00-05:00,37.59139129170539
2020-12-21 00:00:00-05:00,36.31154039174667
2020-12-22 00:00:00-05:00,35.645672376813266
2020-12-23 00:00:00-05:00,35.38623922630838
2020-12-24 00:00:00-05:00,35.68025761342776
2020-12-28 00:00:00-05:00,36.44125108266651
2020-12-29 00:00:00-05:00,36.33748053677584
2020-12-30 00:00:00-05:00,35.8877989608838
2020-12-31 00:00:00-05:00,35.94832950396218
2021-01-04 00:00:00-05:00,36.51043469267832
2021-01-05 00:00:00-05:00,36.03480992207905
2021-01-06 00:00:00-05:00,35.567842558054515
2021-01-07 00:00:00-05:00,37.833532131721086
2021-01-08 00:00:00-05:00,37.876759744639976
2021-01-11 00:00:00-05:00,36.63150112168441
2021-01-12 00:00:00-05:00,37.107124162553305
2021-01-13 00:00:00-05:00,37.54814666821158
2021-01-14 00:00:00-05:00,37.409798213907756
2021-01-15 00:00:00-05:00,36.44989315890314
2021-01-19 00:00:00-05:00,37.16766080913435
2021-01-20 00:00:00-05:00,37.565453345040325
2021-01-21 00:00:00-05:00,37.84216699389774
2021-01-22 00:00:00-05:00,36.83903776114282
2021-01-25 00:00:00-05:00,36.743919439341944
2021-01-26 00:00:00-05:00,37.184950622936704
2021-01-27 00:00:00-05:00,35.57647793124915
2021-01-28 00:00:00-05:00,35.13545468007016
2021-01-29 00:00:00-05:00,34.651181371983036
2021-02-01 00:00:00-05:00,34.0285570502793
2021-02-02 00:00:00-05:00,34.443642025128106
2021-02-03 00:00:00-05:00,34.65983663381243
2021-02-04 00:00:00-05:00,33.2243196166114
2021-02-05 00:00:00-05:00,34.05450604076776
2021-02-08 00:00:00-05:00,33.58753274463467
2021-02-09 00:00:00-05:00,33.630759430473944
2021-02-10 00:00:00-05:00,34.09772869422556
2021-02-11 00:00:00-05:00,33.51833646234563
2021-02-12 00:00:00-05:00,33.61346605845002
2021-02-16 00:00:00-05:00,33.622109897654774
2021-02-17 00:00:00-05:00,32.66222425153847
2021-02-18 00:00:00-05:00,33.27620175839316
2021-02-19 00:00:00-05:00,33.3021528348905
2021-02-22 00:00:00-05:00,33.29350180743283
2021-02-23 00:00:00-05:00,33.838306195866615
2021-02-24 00:00:00-05:00,34.0026008133805
2021-02-25 00:00:00-05:00,33.92477623322835
2021-02-26 00:00:00-05:00,33.993961048132356
2021-03-01 00:00:00-05:00,33.70858608197881
2021-03-02 00:00:00-05:00,33.907480438659015
2021-03-03 00:00:00-05:00,33.98531544737215
2021-03-04 00:00:00-05:00,34.71172293632806
2021-03-05 00:00:00-05:00,36.32018707396361
2021-03-08 00:00:00-05:00,37.530861750532104
2021-03-09 00:00:00-05:00,37.71246243130416
2021-03-10 00:00:00-05:00,36.76121953093456
2021-03-11 00:00:00-05:00,37.349260027101735
2021-03-12 00:00:00-05:00,37.50491314632661
2021-03-15 00:00:00-04:00,37.963244650576875
2021-03-16 00:00:00-04:00,37.72073320326982
2021-03-17 00:00:00-04:00,37.83396004499547
2021-03-18 00:00:00-04:00,38.060404662568054
2021-03-19 00:00:00-04:00,38.11266443490877
2021-03-22 00:00:00-04:00,37.71202583239539
2021-03-23 00:00:00-04:00,36.41431557050984
2021-03-24 00:00:00-04:00,36.90204439703993
2021-03-25 00:00:00-04:00,36.88462512892613
2021-03-26 00:00:00-04:00,37.6946069162142
2021-03-29 00:00:00-04:00,38.034272999709174
2021-03-30 00:00:00-04:00,37.7381481819606
2021-03-31 00:00:00-04:00,37.746856741062416
2021-04-01 00:00:00-04:00,37.4942860211733
2021-04-05 00:00:00-04:00,37.85137780858619
2021-04-06 00:00:00-04:00,38.06911534285278
2021-04-07 00:00:00-04:00,37.79040572919363
2021-04-08 00:00:00-04:00,36.72785590478815
2021-04-09 00:00:00-04:00,36.54495721772017
2021-04-12 00:00:00-04:00,36.59721224239088
2021-04-13 00:00:00-04:00,36.49269767450567
2021-04-14 00:00:00-04:00,36.5797879947738
2021-04-15 00:00:00-04:00,37.09365485771437
2021-04-16 00:00:00-04:00,37.02397746164731
2021-04-19 00:00:00-04:00,36.83237918637977
2021-04-20 00:00:00-04:00,36.47528022450415
2021-04-21 00:00:00-04:00,35.93529200749352
2021-04-22 00:00:00-04:00,36.21399552056638
2021-04-23 00:00:00-04:00,35.45626988246019
2021-04-26 00:00:00-04:00,35.37788070296268
2021-04-27 00:00:00-04:00,35.003375007156464
2021-04-28 00:00:00-04:00,35.264666959997015
2021-04-29 00:00:00-04:00,34.907574454340924
2021-04-30 00:00:00-04:00,35.01209217079486
2021-05-03 00:00:00-04:00,35.21240923872269
2021-05-04 00:00:00-04:00,35.58691550353297
2021-05-05 00:00:00-04:00,35.970133556677
2021-05-06 00:00:00-04:00,34.61145927943374
2021-05-07 00:00:00-04:00,34.84660382854194
2021-05-10 00:00:00-04:00,35.14272563719402
2021-05-11 00:00:00-04:00,34.67242386352557
2021-05-12 00:00:00-04:00,34.080170499425044
2021-05-13 00:00:00-04:00,33.33115462788241
2021-05-14 00:00:00-04:00,34.7595125532087
2021-05-17 00:00:00-04:00,34.50693429820155
2021-05-18 00:00:00-04:00,34.07145916544119
2021-05-19 00:00:00-04:00,33.19181003076835
2021-05-20 00:00:00-04:00,33.35729201122154
2021-05-21 00:00:00-04:00,33.784052664188174
2021-05-24 00:00:00-04:00,34.254372857183704
2021-05-25 00:00:00-04:00,33.96694675302005
2021-05-26 00:00:00-04:00,33.77534361364666
2021-05-27 00:00:00-04:00,34.34146652435446
2021-05-28 00:00:00-04:00,34.28919296207886
2021-06-01 00:00:00-04:00,34.77693139317482
2021-06-02 00:00:00-04:00,34.611453207822095
2021-06-03 00:00:00-04:00,34.32403832766381
2021-06-04 00:00:00-04:00,34.65499452172311
2021-06-07 00:00:00-04:00,34.53307360231874
2021-06-08 00:00:00-04:00,34.16726821602117
2021-06-09 00:00:00-04:00,34.18469539809674
2021-06-10 00:00:00-04:00,33.73179655495667
2021-06-11 00:00:00-04:00,33.33987266074449
2021-06-14 00:00:00-04:00,33.50535287981789
2021-06-15 00:00:00-04:00,33.609720177270766
2021-06-16 00:00:00-04:00,33.32876564115393
2021-06-17 00:00:00-04:00,34.43503846785983
2021-06-18 00:00:00-04:00,33.70629983705154
2021-06-21 00:00:00-04:00,33.11804693739874
2021-06-22 00:00:00-04:00,33.82044091134642
2021-06-23 00:00:00-04:00,33.715084977377664
2021-06-24 00:00:00-04:00,33.50437388792965
2021-06-25 00:00:00-04:00,33.45168290245177
2021-06-28 00:00:00-04:00,33.15315501902212
2021-06-29 00:00:00-04:00,32.9600015778564
2021-06-30 00:00:00-04:00,32.45076320809798
2021-07-01 00:00:00-04:00,32.96000101205149
2021-07-02 00:00:00-04:00,33.60971511614515
2021-07-06 00:00:00-04:00,33.75898559576063
2021-07-07 00:00:00-04:00,33.24095386985791
2021-07-08 00:00:00-04:00,32.87220691423981
2021-07-09 00:00:00-04:00,32.96878015289549
2021-07-12 00:00:00-04:00,32.92487721846787
2021-07-13 00:00:00-04:00,33.52192529601489
2021-07-14 00:00:00-04:00,33.18828273127785
2021-07-15 00:00:00-04:00,33.36388278214245
2021-07-16 00:00:00-04:00,34.268218533147994
2021-07-19 00:00:00-04:00,33.478028988222825
2021-07-20 00:00:00-04:00,33.40778454943418
2021-07-21 00:00:00-04:00,34.15407437811223
2021-07-22 00:00:00-04:00,33.76776282267933
2021-07-23 00:00:00-04:00,33.94336102361395
2021-07-26 00:00:00-04:00,34.05749904781962
2021-07-27 00:00:00-04:00,34.01360686110455
2021-07-28 00:00:00-04:00,34.57552033276109
2021-07-29 00:00:00-04:00,34.82136225029093
2021-07-30 00:00:00-04:00,34.803795127048865
2021-08-02 00:00:00-04:00,35.0408559736183
2021-08-03 00:00:00-04:00,34.7335589121294
2021-08-04 00:00:00-04:00,33.83800288727937
2021-08-05 00:00:00-04:00,34.53162293616109
2021-08-06 00:00:00-04:00,34.53162422612923
2021-08-09 00:00:00-04:00,35.26913275849322
2021-08-10 00:00:00-04:00,35.02329389974012
2021-08-11 00:00:00-04:00,35.2691332333976
2021-08-12 00:00:00-04:00,35.49741879650071
2021-08-13 00:00:00-04:00,35.51497212967923
2021-08-16 00:00:00-04:00,35.392057865581826
2021-08-17 00:00:00-04:00,35.61155966387839
2021-08-18 00:00:00-04:00,35.61155089357114
2021-08-19 00:00:00-04:00,35.16377674509918
2021-08-20 00:00:00-04:00,35.62032775705911
2021-08-23 00:00:00-04:00,36.12957045433424
2021-08-24 00:00:00-04:00,36.53344088437317
2021-08-25 00:00:00-04:00,36.55978835843068
2021-08-26 00:00:00-04:00,36.34029448853256
2021-08-27 00:00:00-04:00,36.12078959819881
2021-08-30 00:00:00-04:00,36.875868583634755
2021-08-31 00:00:00-04:00,36.041774391586024
2021-09-01 00:00:00-04:00,36.006653085004174
2021-09-02 00:00:00-04:00,36.29639202749465
2021-09-03 00:00:00-04:00,36.103228747450416
2021-09-07 00:00:00-04:00,35.98908996243205
2021-09-08 00:00:00-04:00,35.41840075476883
2021-09-09 00:00:00-04:00,35.73447064641609
2021-09-10 00:00:00-04:00,35.51497322276312
2021-09-13 00:00:00-04:00,35.41839335188979
2021-09-14 00:00:00-04:00,35.24278878827964
2021-09-15 00:00:00-04:00,34.934872510929296
2021-09-16 00:00:00-04:00,34.52783891125262
2021-09-17 00:00:00-04:00,34.71366525451375
2021-09-20 00:00:00-04:00,34.510135584420745
2021-09-21 00:00:00-04:00,34.65172271644821
2021-09-22 00:00:00-04:00,34.4216547734641
2021-09-23 00:00:00-04:00,34.855241367963224
2021-09-24 00:00:00-04:00,34.98797277638692
2021-09-27 00:00:00-04:00,35.2268868863317
2021-09-28 00:00:00-04:00,35.98788368819945
2021-09-29 00:00:00-04:00,35.412709101701594
2021-09-30 00:00:00-04:00,35.8816902500561
2021-10-01 00:00:00-04:00,35.37731557495734
2021-10-04 00:00:00-04:00,35.39501554942388
2021-10-05 00:00:00-04:00,35.908238931745025
2021-10-06 00:00:00-04:00,35.46580183522394
2021-10-07 00:00:00-04:00,35.98788099250247
2021-10-08 00:00:00-04:00,36.483416501581814
2021-10-11 00:00:00-04:00,36.501106102349695
2021-10-12 00:00:00-04:00,36.00558160263554
2021-10-13 00:00:00-04:00,35.36847223726173
2021-10-14 00:00:00-04:00,34.67826118207307
2021-10-15 00:00:00-04:00,35.961335175835096
2021-10-18 00:00:00-04:00,35.10300825900888
2021-10-19 00:00:00-04:00,35.76665992571305
2021-10-20 00:00:00-04:00,35.31537859569555
2021-10-21 00:00:00-04:00,35.85515111282955
2021-10-22 00:00:00-04:00,36.04097468210747
2021-10-25 00:00:00-04:00,35.91709210733417
2021-10-26 00:00:00-04:00,35.66932014845378
2021-10-27 00:00:00-04:00,35.501199993200416
2021-10-28 00:00:00-04:00,34.722511103865656
2021-10-29 00:00:00-04:00,35.06761293883741
2021-11-01 00:00:00-04:00,34.80215359514689
2021-11-02 00:00:00-04:00,35.598538193747665
2021-11-03 00:00:00-04:00,35.350772194579264
2021-11-04 00:00:00-04:00,36.57190047162793
2021-11-05 00:00:00-04:00,35.10300255142503
2021-11-08 00:00:00-05:00,36.1648587210867
2021-11-09 00:00:00-05:00,35.61622642182637
2021-11-10 00:00:00-05:00,35.81090879853362
2021-11-11 00:00:00-05:00,35.917086081359926
2021-11-12 00:00:00-05:00,36.863902853853034
2021-11-15 00:00:00-05:00,36.430322776896496
2021-11-16 00:00:00-05:00,36.16485162788226
2021-11-17 00:00:00-05:00,34.979124168411886
2021-11-18 00:00:00-05:00,34.757900599804856
2021-11-19 00:00:00-05:00,33.84648717845596
2021-11-22 00:00:00-05:00,34.20927618165468
2021-11-23 00:00:00-05:00,34.62517200909361
2021-11-24 00:00:00-05:00,34.7932985560764
2021-11-26 00:00:00-05:00,33.465982878684756
2021-11-29 00:00:00-05:00,33.80223597266961
2021-11-30 00:00:00-05:00,32.48377056303386
2021-12-01 00:00:00-05:00,33.41289537973164
2021-12-02 00:00:00-05:00,33.08548797130469
2021-12-03 00:00:00-05:00,33.6960553104194
2021-12-06 00:00:00-05:00,33.77569452991295
2021-12-07 00:00:00-05:00,34.27122133964131
2021-12-08 00:00:00-05:00,34.11194838696467
2021-12-09 00:00:00-05:00,33.828788248502036
2021-12-10 00:00:00-05:00,33.917278837254536
2021-12-13 00:00:00-05:00,33.72260054091259
2021-12-14 00:00:00-05:00,33.52792563527085
2021-12-15 00:00:00-05:00,33.61663312676632
2021-12-16 00:00:00-05:00,33.73262393382261
2021-12-17 00:00:00-05:00,33.3489942575706
2021-12-20 00:00:00-05:00,33.241921427983776
2021-12-21 00:00:00-05:00,32.82261217830799
2021-12-22 00:00:00-05:00,33.28654108419354
2021-12-23 00:00:00-05:00,33.991343640848825
2021-12-27 00:00:00-05:00,34.59801190498674
2021-12-28 00:00:00-05:00,34.7496783636321
2021-12-29 00:00:00-05:00,34.98163939626837
2021-12-30 00:00:00-05:00,34.79428220552893
2021-12-31 00:00:00-05:00,34.58016170257732
2022-01-03 00:00:00-05:00,34.72290981516729
2022-01-04 00:00:00-05:00,34.64262151029157
2022-01-05 00:00:00-05:00,34.7942809255718
2022-01-06 00:00:00-05:00,34.544473388281375
2022-01-07 00:00:00-05:00,34.78536414681436
2022-01-10 00:00:00-05:00,35.45449024754716
2022-01-11 00:00:00-05:00,35.27605638242381
2022-01-12 00:00:00-05:00,34.71399707295327
2022-01-13 00:00:00-05:00,34.39281374944068
2022-01-14 00:00:00-05:00,34.59800597191483
2022-01-18 00:00:00-05:00,35.160068706415714
2022-01-19 00:00:00-05:00,34.794290529513454
2022-01-20 00:00:00-05:00,33.20624451235872
2022-01-21 00:00:00-05:00,33.125948947403444
2022-01-24 00:00:00-05:00,32.778000715216024
2022-01-25 00:00:00-05:00,33.839674097641264
2022-01-26 00:00:00-05:00,34.13408284345337
2022-01-27 00:00:00-05:00,33.40251152554374
2022-01-28 00:00:00-05:00,33.05457095339242
2022-01-31 00:00:00-05:00,33.277611451216984
2022-02-01 00:00:00-05:00,33.803981694237635
2022-02-02 00:00:00-05:00,33.62554528890815
2022-02-03 00:00:00-05:00,35.08869908459301
2022-02-04 00:00:00-05:00,35.2136029195426
2022-02-07 00:00:00-05:00,35.85595372727847
2022-02-08 00:00:00-05:00,37.104987003810585
2022-02-09 00:00:00-05:00,38.24694728648227
2022-02-10 00:00:00-05:00,36.43586244328711
2022-02-11 00:00:00-05:00,36.67674911321992
2022-02-14 00:00:00-05:00,36.257428189731
2022-02-15 00:00:00-05:00,35.92734066888467
2022-02-16 00:00:00-05:00,36.05223316432298
2022-02-17 00:00:00-05:00,36.04330995335761
2022-02-18 00:00:00-05:00,36.016548910358516
2022-02-22 00:00:00-05:00,36.40017501083711
2022-02-23 00:00:00-05:00,36.74812256812602
2022-02-24 00:00:00-05:00,35.84703706422667
2022-02-25 00:00:00-05:00,36.10575967006973
2022-02-28 00:00:00-05:00,36.409099639524804
2022-03-01 00:00:00-05:00,36.694587833485734
2022-03-02 00:00:00-05:00,36.3109580600167
2022-03-03 00:00:00-05:00,37.01576344214784
2022-03-04 00:00:00-05:00,36.40017458420084
2022-03-07 00:00:00-05:00,36.792726901457975
2022-03-08 00:00:00-05:00,36.988999044341135
2022-03-09 00:00:00-05:00,36.980078896245544
2022-03-10 00:00:00-05:00,36.551835400021425
2022-03-11 00:00:00-05:00,36.8641004618951
2022-03-14 00:00:00-04:00,36.730270546444665
2022-03-15 00:00:00-04:00,37.104980066215454
2022-03-16 00:00:00-04:00,36.83009185065997
2022-03-17 00:00:00-04:00,36.326558349498626
2022-03-18 00:00:00-04:00,37.09085660899102
2022-03-21 00:00:00-04:00,36.89303258563785
2022-03-22 00:00:00-04:00,37.4415281514314
2022-03-23 00:00:00-04:00,37.08186801117327
2022-03-24 00:00:00-04:00,36.51538137496819
2022-03-25 00:00:00-04:00,36.77614523867505
2022-03-28 00:00:00-04:00,37.468506205027026
2022-03-29 00:00:00-04:00,37.86413756233881
2022-03-30 00:00:00-04:00,37.657339575838186
2022-03-31 00:00:00-04:00,37.45950850099323
2022-04-01 00:00:00-04:00,37.69330205633631
2022-04-04 00:00:00-04:00,37.990026952526684
2022-04-05 00:00:00-04:00,37.10883476601767
2022-04-06 00:00:00-04:00,36.55135657348178
2022-04-07 00:00:00-04:00,36.67722754495389
2022-04-08 00:00:00-04:00,36.605296611411255
2022-04-11 00:00:00-04:00,36.76714890963573
2022-04-12 00:00:00-04:00,36.524376607694045
2022-04-13 00:00:00-04:00,36.44345174854942
2022-04-14 00:00:00-04:00,36.68623624277484
2022-04-18 00:00:00-04:00,36.42546641899695
2022-04-19 00:00:00-04:00,36.65025955152076
2022-04-20 00:00:00-04:00,36.97396372640963
2022-04-21 00:00:00-04:00,37.31564770322857
2022-04-22 00:00:00-04:00,36.86606664055155
2022-04-25 00:00:00-04:00,36.56034993233593
2022-04-26 00:00:00-04:00,36.34454142943417
2022-04-27 00:00:00-04:00,36.470429057225566
2022-04-28 00:00:00-04:00,36.551355547354724
2022-04-29 00:00:00-04:00,36.461429545037106
2022-05-02 00:00:00-04:00,35.805037423636946
2022-05-03 00:00:00-04:00,35.5532710505283
2022-05-04 00:00:00-04:00,36.19167835503004
2022-05-05 00:00:00-04:00,36.67723412387592
2022-05-06 00:00:00-04:00,34.663092862385845
2022-05-09 00:00:00-04:00,33.29634710457343
2022-05-10 00:00:00-04:00,34.015687336466144
2022-05-11 00:00:00-04:00,34.13257436395778
2022-05-12 00:00:00-04:00,33.68298943190152
2022-05-13 00:00:00-04:00,34.05164474136905
2022-05-16 00:00:00-04:00,33.862827435365084
2022-05-17 00:00:00-04:00,34.420306511488114
2022-05-18 00:00:00-04:00,35.013767132464054
2022-05-19 00:00:00-04:00,35.15763436076948
2022-05-20 00:00:00-04:00,35.148642538611
2022-05-23 00:00:00-04:00,35.4723503244079
2022-05-24 00:00:00-04:00,35.37343509637639
2022-05-25 00:00:00-04:00,35.51730830855776
2022-05-26 00:00:00-04:00,36.866057128824636
2022-05-27 00:00:00-04:00,37.64834039547554
2022-05-31 00:00:00-04:00,36.51538180358068
2022-06-01 00:00:00-04:00,36.21865920426567
2022-06-02 00:00:00-04:00,35.634186662122296
2022-06-03 00:00:00-04:00,34.96880523065752
2022-06-06 00:00:00-04:00,34.23148647763677
2022-06-07 00:00:00-04:00,33.86282421292111
2022-06-08 00:00:00-04:00,33.63803203449978
2022-06-09 00:00:00-04:00,33.440214685632
2022-06-10 00:00:00-04:00,32.469107252084584
2022-06-13 00:00:00-04:00,32.08246793337506
2022-06-14 00:00:00-04:00,32.12588865842289
2022-06-15 00:00:00-04:00,32.298265369521694
2022-06-16 00:00:00-04:00,31.53617749241974
2022-06-17 00:00:00-04:00,32.14403285735678
2022-06-21 00:00:00-04:00,32.43435689402957
2022-06-22 00:00:00-04:00,32.48880094863236
2022-06-23 00:00:00-04:00,33.06035789797108
2022-06-24 00:00:00-04:00,33.35068423419266
2022-06-27 00:00:00-04:00,34.466605929028766
2022-06-28 00:00:00-04:00,34.4575301893521
2022-06-29 00:00:00-04:00,35.001888482047185
2022-06-30 00:00:00-04:00,34.48475163459049
2022-07-01 00:00:00-04:00,34.59362662657698
2022-07-05 00:00:00-04:00,34.78414969322927
2022-07-06 00:00:00-04:00,34.7387846965752
2022-07-07 00:00:00-04:00,35.128905031545166
2022-07-08 00:00:00-04:00,34.176278632630755
2022-07-11 00:00:00-04:00,33.985762219918264
2022-07-12 00:00:00-04:00,33.70451042542646
2022-07-13 00:00:00-04:00,33.994829614379185
2022-07-14 00:00:00-04:00,32.089601789176385
2022-07-15 00:00:00-04:00,30.765010591887563
2022-07-18 00:00:00-04:00,30.728715120312035
2022-07-19 00:00:00-04:00,29.866820537842404
2022-07-20 00:00:00-04:00,30.520047041817385
2022-07-21 00:00:00-04:00,30.356738372588122
2022-07-22 00:00:00-04:00,30.946459881434006
2022-07-25 00:00:00-04:00,30.520049457225397
2022-07-26 00:00:00-04:00,31.164198069092237
2022-07-27 00:00:00-04:00,31.04625414649571
2022-07-28 00:00:00-04:00,31.499884968940467
2022-07-29 00:00:00-04:00,31.273064356171492
2022-08-01 00:00:00-04:00,30.90109414718788
2022-08-02 00:00:00-04:00,30.964604415998497
2022-08-03 00:00:00-04:00,30.456539233225975
2022-08-04 00:00:00-04:00,30.483756180665228
2022-08-05 00:00:00-04:00,31.49988572373612
2022-08-08 00:00:00-04:00,31.944435331415555
2022-08-09 00:00:00-04:00,32.15310077729012
2022-08-10 00:00:00-04:00,33.09664406963932
2022-08-11 00:00:00-04:00,33.042210788565704
2022-08-12 00:00:00-04:00,33.62285836470973
2022-08-15 00:00:00-04:00,33.74080287215855
2022-08-16 00:00:00-04:00,33.758941894976324
2022-08-17 00:00:00-04:00,33.93132972713616
2022-08-18 00:00:00-04:00,34.0764835352135
2022-08-19 00:00:00-04:00,34.38495247341981
2022-08-22 00:00:00-04:00,34.29422269799863
2022-08-23 00:00:00-04:00,33.93132889187821
2022-08-24 00:00:00-04:00,33.650069967704376
2022-08-25 00:00:00-04:00,33.495837749201606
2022-08-26 00:00:00-04:00,34.0220540480714
2022-08-29 00:00:00-04:00,33.10572365451408
2022-08-30 00:00:00-04:00,32.94242028002448
2022-08-31 00:00:00-04:00,32.92426835489491
2022-09-01 00:00:00-04:00,31.944436464081253
2022-09-02 00:00:00-04:00,32.62487442331247
2022-09-06 00:00:00-04:00,32.534156776002604
2022-09-07 00:00:00-04:00,31.626900012508752
2022-09-08 00:00:00-04:00,32.14403234438216
2022-09-09 00:00:00-04:00,33.05128740887646
2022-09-12 00:00:00-04:00,33.60471982243294
2022-09-13 00:00:00-04:00,33.513981193861646
2022-09-14 00:00:00-04:00,33.02407508150701
2022-09-15 00:00:00-04:00,32.90436553955078
2022-09-16 00:00:00-04:00,32.76706657843262
2022-09-19 00:00:00-04:00,32.785373216571934
2022-09-20 00:00:00-04:00,33.81048082452363
2022-09-21 00:00:00-04:00,34.3230452653591
2022-09-22 00:00:00-04:00,33.86540327431648
2022-09-23 00:00:00-04:00,33.26131751680436
2022-09-26 00:00:00-04:00,32.886055190017686
2022-09-27 00:00:00-04:00,32.785368306065585
2022-09-28 00:00:00-04:00,32.90435669658404
2022-09-29 00:00:00-04:00,32.51994284774483
2022-09-30 00:00:00-04:00,32.831142922393255
2022-10-03 00:00:00-04:00,32.82198057210237
2022-10-04 00:00:00-04:00,33.10571465436249
2022-10-05 00:00:00-04:00,33.609135998214626
2022-10-06 00:00:00-04:00,33.11487648133328
2022-10-07 00:00:00-04:00,33.2430184599812
2022-10-10 00:00:00-04:00,33.1972555810741
2022-10-11 00:00:00-04:00,33.76472415639603
2022-10-12 00:00:00-04:00,34.39627062609055
2022-10-13 00:00:00-04:00,33.865402515117935
2022-10-14 00:00:00-04:00,35.69597090180893
2022-10-17 00:00:00-04:00,35.787495556897895
2022-10-18 00:00:00-04:00,35.8424131855587
2022-10-19 00:00:00-04:00,35.26578346770959
2022-10-20 00:00:00-04:00,35.17425869347475
2022-10-21 00:00:00-04:00,33.9752440282177
2022-10-24 00:00:00-04:00,34.67085315606228
2022-10-25 00:00:00-04:00,35.04611483822968
2022-10-26 00:00:00-04:00,35.65020396932137
2022-10-27 00:00:00-04:00,34.92713234103738
2022-10-28 00:00:00-04:00,35.018657252012474
2022-10-31 00:00:00-04:00,35.778339906227636
2022-11-01 00:00:00-04:00,36.10784499444142
2022-11-02 00:00:00-04:00,36.07123115217376
2022-11-03 00:00:00-04:00,35.81495866208245
2022-11-04 00:00:00-04:00,35.41222831983696
2022-11-07 00:00:00-05:00,35.30239780160734
2022-11-08 00:00:00-05:00,35.56782952709559
2022-11-09 00:00:00-05:00,35.073577306269065
2022-11-10 00:00:00-05:00,34.87221558120926
2022-11-11 00:00:00-05:00,35.03696412098108
2022-11-14 00:00:00-05:00,34.661693723981536
2022-11-15 00:00:00-05:00,34.76238033148668
2022-11-16 00:00:00-05:00,34.13998776246709
2022-11-17 00:00:00-05:00,34.03014812195532
2022-11-18 00:00:00-05:00,34.808147204599244
2022-11-21 00:00:00-05:00,34.295586505470176
2022-11-22 00:00:00-05:00,34.60678401414702
2022-11-23 00:00:00-05:00,34.057614758505984
2022-11-25 00:00:00-05:00,34.2864386533247
2022-11-28 00:00:00-05:00,34.53355839828809
2022-11-29 00:00:00-05:00,34.58847906769047
2022-11-30 00:00:00-05:00,34.90882436138298
2022-12-01 00:00:00-05:00,35.522065849889
2022-12-02 00:00:00-05:00,34.798993028094124
2022-12-05 00:00:00-05:00,34.67999975346834
2022-12-06 00:00:00-05:00,34.36880913260983
2022-12-07 00:00:00-05:00,33.8471013421634
2022-12-08 00:00:00-05:00,34.34134657966899
2022-12-09 00:00:00-05:00,34.32304901205034
2022-12-12 00:00:00-05:00,34.323040154436185
2022-12-13 00:00:00-05:00,34.31389398955746
2022-12-14 00:00:00-05:00,33.5250726083794
2022-12-15 00:00:00-05:00,33.312714330158784
2022-12-16 00:00:00-05:00,32.998783111572266
2022-12-19 00:00:00-05:00,33.137276247591004
2022-12-20 00:00:00-05:00,34.15291444861322
2022-12-21 00:00:00-05:00,34.392969507920114
2022-12-22 00:00:00-05:00,35.02081628732444
2022-12-23 00:00:00-05:00,34.77151757277444
2022-12-27 00:00:00-05:00,35.03004623352343
2022-12-28 00:00:00-05:00,34.91001715879597
2022-12-29 00:00:00-05:00,34.66996242992428
2022-12-30 00:00:00-05:00,34.91002375089146
2023-01-03 00:00:00-05:00,34.559162169411294
2023-01-04 00:00:00-05:00,34.817689282053834
2023-01-05 00:00:00-05:00,34.54069603209461
2023-01-06 00:00:00-05:00,34.38373911709565
2023-01-09 00:00:00-05:00,35.06698287586448
2023-01-10 00:00:00-05:00,34.30987201080813
2023-01-11 00:00:00-05:00,34.70689119325639
2023-01-12 00:00:00-05:00,34.79921931667641
2023-01-13 00:00:00-05:00,34.66072948471199
2023-01-17 00:00:00-05:00,35.26087287700181
2023-01-18 00:00:00-05:00,35.140844397169424
2023-01-19 00:00:00-05:00,33.663563784010364
2023-01-20 00:00:00-05:00,34.04211536703978
2023-01-23 00:00:00-05:00,34.18061354622962
2023-01-24 00:00:00-05:00,33.34964210098894
2023-01-25 00:00:00-05:00,30.201182566689056
2023-01-26 00:00:00-05:00,31.24451586867023
2023-01-27 00:00:00-05:00,31.512271762920964
2023-01-30 00:00:00-05:00,31.290676952908562
2023-01-31 00:00:00-05:00,32.63869339695288
2023-02-01 00:00:00-05:00,32.54637025520065
2023-02-02 00:00:00-05:00,32.55560083206368
2023-02-03 00:00:00-05:00,33.072650629181595
2023-02-06 00:00:00-05:00,33.56199590358937
2023-02-07 00:00:00-05:00,32.88798809132819
2023-02-08 00:00:00-05:00,31.456870806367636
2023-02-09 00:00:00-05:00,32.76795554171622
2023-02-10 00:00:00-05:00,33.358872068940485
2023-02-13 00:00:00-05:00,33.22037849346779
2023-02-14 00:00:00-05:00,33.62662733151936
2023-02-15 00:00:00-05:00,33.94055690449684
2023-02-16 00:00:00-05:00,34.32834606985261
2023-02-17 00:00:00-05:00,35.30703804149817
2023-02-21 00:00:00-05:00,34.900778450337
2023-02-22 00:00:00-05:00,33.90362408891314
2023-02-23 00:00:00-05:00,33.986718104216415
2023-02-24 00:00:00-05:00,33.44197050812939
2023-02-27 00:00:00-05:00,34.43913699918534
2023-02-28 00:00:00-05:00,33.8574516283679
2023-03-01 00:00:00-05:00,33.89439010394232
2023-03-02 00:00:00-05:00,33.65432919549246
2023-03-03 00:00:00-05:00,33.534296006339396
2023-03-06 00:00:00-05:00,34.11597951746135
2023-03-07 00:00:00-05:00,33.75589330962588
2023-03-08 00:00:00-05:00,33.848220126820664
2023-03-09 00:00:00-05:00,33.174210757173505
2023-03-10 00:00:00-05:00,32.583299507790166
2023-03-13 00:00:00-04:00,31.613830403867954
2023-03-14 00:00:00-04:00,32.11241040688194
2023-03-15 00:00:00-04:00,30.959831699048568
2023-03-16 00:00:00-04:00,31.17425018240239
2023-03-17 00:00:00-04:00,31.52849968259213
2023-03-20 00:00:00-04:00,30.792028679358598
2023-03-21 00:00:00-04:00,31.975982598669415
2023-03-22 00:00:00-04:00,31.677657554072788
2023-03-23 00:00:00-04:00,30.84796048838079
2023-03-24 00:00:00-04:00,29.943685799596278
2023-03-27 00:00:00-04:00,31.118314975601837
2023-03-28 00:00:00-04:00,30.782705307006836
2023-03-29 00:00:00-04:00,30.98780186035433
2023-03-30 00:00:00-04:00,31.23017869514637
2023-03-31 00:00:00-04:00,31.043730264403997
2023-04-03 00:00:00-04:00,31.21153008520316
2023-04-04 00:00:00-04:00,31.83614296278536
2023-04-05 00:00:00-04:00,30.39115856300778
2023-04-06 00:00:00-04:00,30.708124121176397
2023-04-10 00:00:00-04:00,30.96915286556324
2023-04-11 00:00:00-04:00,31.35137439884279
2023-04-12 00:00:00-04:00,31.02508915918236
2023-04-13 00:00:00-04:00,30.875923509446586
2023-04-14 00:00:00-04:00,31.39798342858212
2023-04-17 00:00:00-04:00,30.372521096840455
2023-04-18 00:00:00-04:00,30.96915364310331
2023-04-19 00:00:00-04:00,30.810672196062086
2023-04-20 00:00:00-04:00,31.006443616729914
2023-04-21 00:00:00-04:00,30.978475218652008
2023-04-24 00:00:00-04:00,29.608077593337196
2023-04-25 00:00:00-04:00,29.524174714958114
2023-04-26 00:00:00-04:00,29.263144359371424
2023-04-27 00:00:00-04:00,28.731765075998844
2023-04-28 00:00:00-04:00,29.06737778323632
2023-05-01 00:00:00-04:00,29.225856102466157
2023-05-02 00:00:00-04:00,29.36569374626999
2023-05-03 00:00:00-04:00,28.750410033517955
2023-05-04 00:00:00-04:00,30.12081301050174
2023-05-05 00:00:00-04:00,30.698803366612513
2023-05-08 00:00:00-04:00,31.081022291335795
2023-05-09 00:00:00-04:00,30.726766672120856
2023-05-10 00:00:00-04:00,31.108991934533552
2023-05-11 00:00:00-04:00,30.866609054756694
2023-05-12 00:00:00-04:00,31.248824004696942
2023-05-15 00:00:00-04:00,31.108988907954753
2023-05-16 00:00:00-04:00,30.829320348257692
2023-05-17 00:00:00-04:00,30.90389769510599
2023-05-18 00:00:00-04:00,30.72676901514333
2023-05-19 00:00:00-04:00,31.14628140223908
2023-05-22 00:00:00-04:00,30.717449132802553
2023-05-23 00:00:00-04:00,30.391161029585515
2023-05-24 00:00:00-04:00,29.934365267874036
2023-05-25 00:00:00-04:00,29.141954111887376
2023-05-26 00:00:00-04:00,28.83431438868989
2023-05-30 00:00:00-04:00,28.68515689678536
2023-05-31 00:00:00-04:00,29.281789654723873
2023-06-01 00:00:00-04:00,28.219034018611737
2023-06-02 00:00:00-04:00,28.778382777953585
2023-06-05 00:00:00-04:00,28.899572085910005
2023-06-06 00:00:00-04:00,28.77838099711397
2023-06-07 00:00:00-04:00,29.514854422417557
2023-06-08 00:00:00-04:00,29.757237877971793
2023-06-09 00:00:00-04:00,29.24450469404231
2023-06-12 00:00:00-04:00,29.22585629370376
2023-06-13 00:00:00-04:00,28.843636036654882
2023-06-14 00:00:00-04:00,28.898375275487275
2023-06-15 00:00:00-04:00,27.974980756615295
2023-06-16 00:00:00-04:00,28.078625401346102
2023-06-20 00:00:00-04:00,28.804147835756226
2023-06-21 00:00:00-04:00,27.7300014024743
2023-06-22 00:00:00-04:00,27.956137795041858
2023-06-23 00:00:00-04:00,27.833646735644066
2023-06-26 00:00:00-04:00,27.36252890040646
2023-06-27 00:00:00-04:00,27.720577305953746
2023-06-28 00:00:00-04:00,27.739425443484325
2023-06-29 00:00:00-04:00,27.65462089223458
2023-06-30 00:00:00-04:00,28.210541078996005
2023-07-03 00:00:00-04:00,27.71115453662324
2023-07-05 00:00:00-04:00,27.73942620455599
2023-07-06 00:00:00-04:00,27.61692966594338
2023-07-07 00:00:00-04:00,27.362528829872208
2023-07-10 00:00:00-04:00,27.3154169858391
2023-07-11 00:00:00-04:00,27.164660972453394
2023-07-12 00:00:00-04:00,27.287148794266436
2023-07-13 00:00:00-04:00,26.589894355199963
2023-07-14 00:00:00-04:00,27.1835061218076
2023-07-17 00:00:00-04:00,27.11754743942966
2023-07-18 00:00:00-04:00,27.10812591501621
2023-07-19 00:00:00-04:00,27.400218752894652
2023-07-20 00:00:00-04:00,27.758265161788948
2023-07-21 00:00:00-04:00,27.85249252378008
2023-07-24 00:00:00-04:00,27.654622878829315
2023-07-25 00:00:00-04:00,27.880759149629394
2023-07-26 00:00:00-04:00,27.74884429431611
2023-07-27 00:00:00-04:00,28.14458683542841
2023-07-28 00:00:00-04:00,28.370723287877887
2023-07-31 00:00:00-04:00,28.19169774832092
2023-08-01 00:00:00-04:00,28.493212723246895
2023-08-02 00:00:00-04:00,27.795957530856846
2023-08-03 00:00:00-04:00,26.80661392211914
2023-08-04 00:00:00-04:00,26.712385381431176
2023-08-07 00:00:00-04:00,27.155239312630687
2023-08-08 00:00:00-04:00,27.14581364180539
2023-08-09 00:00:00-04:00,26.995056047812657
2023-08-10 00:00:00-04:00,27.14581356471986
2023-08-11 00:00:00-04:00,27.55097558925119
2023-08-14 00:00:00-04:00,27.67346922198283
2023-08-15 00:00:00-04:00,26.872566154703513
2023-08-16 00:00:00-04:00,26.56162992430308
2023-08-17 00:00:00-04:00,26.834876259652482
2023-08-18 00:00:00-04:00,26.8725648582119
2023-08-21 00:00:00-04:00,26.78776533689424
2023-08-22 00:00:00-04:00,26.608738523188467
2023-08-23 00:00:00-04:00,26.410868330851127
2023-08-24 00:00:00-04:00,26.20357827836917
2023-08-25 00:00:00-04:00,27.023323941334628
2023-08-28 00:00:00-04:00,27.2211930417151
2023-08-29 00:00:00-04:00,27.36252941584966
2023-08-30 00:00:00-04:00,27.14581244576384
2023-08-31 00:00:00-04:00,27.155236042000233
2023-09-01 00:00:00-04:00,27.145816088187768
2023-09-05 00:00:00-04:00,27.324839197571475
2023-09-06 00:00:00-04:00,26.816031216598343
2023-09-07 00:00:00-04:00,26.957369504734185
2023-09-08 00:00:00-04:00,26.881987975034296
2023-09-11 00:00:00-04:00,26.966792677562065
2023-09-12 00:00:00-04:00,27.098701720073652
2023-09-13 00:00:00-04:00,27.53212952383794
2023-09-14 00:00:00-04:00,27.488947632061944
2023-09-15 00:00:00-04:00,27.78442622219412
2023-09-18 00:00:00-04:00,28.079902947703534
2023-09-19 00:00:00-04:00,27.527073626600068
2023-09-20 00:00:00-04:00,27.8130209206653
2023-09-21 00:00:00-04:00,27.8797398228909
2023-09-22 00:00:00-04:00,28.203816456921224
2023-09-25 00:00:00-04:00,28.251474416434814
2023-09-26 00:00:00-04:00,28.299128528572503
2023-09-27 00:00:00-04:00,28.451634725825084
2023-09-28 00:00:00-04:00,28.213346811981584
2023-09-29 00:00:00-04:00,28.37538178822679
2023-10-02 00:00:00-04:00,27.908338361998176
2023-10-03 00:00:00-04:00,27.603325506113148
2023-10-04 00:00:00-04:00,27.326910241147612
2023-10-05 00:00:00-04:00,27.57473099434035
2023-10-06 00:00:00-04:00,28.02271248402447
2023-10-09 00:00:00-04:00,28.10849921483774
2023-10-10 00:00:00-04:00,28.346789139848568
2023-10-11 00:00:00-04:00,28.346786519447335
2023-10-12 00:00:00-04:00,28.937743488191032
2023-10-13 00:00:00-04:00,29.04259103327988
2023-10-16 00:00:00-04:00,29.51916641534905
2023-10-17 00:00:00-04:00,30.119654505640483
2023-10-18 00:00:00-04:00,30.43419372644075
2023-10-19 00:00:00-04:00,30.453255444307754
2023-10-20 00:00:00-04:00,30.186373010746465
2023-10-23 00:00:00-04:00,29.576355561504137
2023-10-24 00:00:00-04:00,29.652607531616926
2023-10-25 00:00:00-04:00,29.68120165442732
2023-10-26 00:00:00-04:00,30.3484108494537
2023-10-27 00:00:00-04:00,30.052935029115957
2023-10-30 00:00:00-04:00,29.82417714016458
2023-10-31 00:00:00-04:00,29.852771758173297
2023-11-01 00:00:00-04:00,30.14824712635023
2023-11-02 00:00:00-04:00,30.453258865930465
2023-11-03 00:00:00-04:00,31.16812378170289
2023-11-06 00:00:00-05:00,31.46359773127831
2023-11-07 00:00:00-05:00,31.539850186866737
2023-11-08 00:00:00-05:00,31.206250666562646
2023-11-09 00:00:00-05:00,30.929834359226028
2023-11-10 00:00:00-05:00,30.396066572667877
2023-11-13 00:00:00-05:00,30.60576152025483
2023-11-14 00:00:00-05:00,31.05374398411082
2023-11-15 00:00:00-05:00,31.272972135584542
2023-11-16 00:00:00-05:00,31.158592459011395
2023-11-17 00:00:00-05:00,31.28250215991687
2023-11-20 00:00:00-05:00,30.891708433539694
2023-11-21 00:00:00-05:00,30.977492201239887
2023-11-22 00:00:00-05:00,31.015619873725914
2023-11-24 00:00:00-05:00,31.86392320467395
2023-11-27 00:00:00-05:00,31.778142315268468
2023-11-28 00:00:00-05:00,32.00690292412623
2023-11-29 00:00:00-05:00,31.606571144914955
2023-11-30 00:00:00-05:00,31.511259733840703
2023-12-01 00:00:00-05:00,31.778138735442024
2023-12-04 00:00:00-05:00,31.673295584657982
2023-12-05 00:00:00-05:00,32.03549349344456
2023-12-06 00:00:00-05:00,31.949709958712543
2023-12-07 00:00:00-05:00,31.682828520935793
2023-12-08 00:00:00-05:00,31.77814110361908
2023-12-11 00:00:00-05:00,31.7209543048691
2023-12-12 00:00:00-05:00,31.844864770374084
2023-12-13 00:00:00-05:00,31.950369480591338
2023-12-14 00:00:00-05:00,32.980410807907255
2023-12-15 00:00:00-05:00,31.825233373765855
2023-12-18 00:00:00-05:00,31.440168582510015
2023-12-19 00:00:00-05:00,31.661577962615937
2023-12-20 00:00:00-05:00,31.29577023243953
2023-12-21 00:00:00-05:00,31.218757927863134
2023-12-22 00:00:00-05:00,31.555682424152813
2023-12-26 00:00:00-05:00,31.68083105840533
2023-12-27 00:00:00-05:00,31.671204445173757
2023-12-28 00:00:00-05:00,31.286142384245405
2023-12-29 00:00:00-05:00,31.41128868975286
2024-01-02 00:00:00-05:00,31.440164498177438
2024-01-03 00:00:00-05:00,32.49908406386607
2024-01-04 00:00:00-05:00,32.13327745440048
2024-01-05 00:00:00-05:00,32.0562615854039
2024-01-08 00:00:00-05:00,32.01775538731716
2024-01-09 00:00:00-05:00,32.200664102172944
2024-01-10 00:00:00-05:00,31.41129009362677
2024-01-11 00:00:00-05:00,31.536427862261583
2024-01-12 00:00:00-05:00,32.20066137998259
2024-01-16 00:00:00-05:00,32.1525311396514
2024-01-17 00:00:00-05:00,31.632703161761636
2024-01-18 00:00:00-05:00,32.0177568582355
2024-01-19 00:00:00-05:00,32.71086367347218
2024-01-22 00:00:00-05:00,32.951531873137036
2024-01-23 00:00:00-05:00,34.23185515826804
2024-01-24 00:00:00-05:00,33.69276843454397
2024-01-25 00:00:00-05:00,34.087457070565264
2024-01-26 00:00:00-05:00,34.09708409648663
2024-01-29 00:00:00-05:00,34.69392277381662
2024-01-30 00:00:00-05:00,35.59881702352626
2024-01-31 00:00:00-05:00,36.195659699007784
2024-02-01 00:00:00-05:00,35.23300625828681
2024-02-02 00:00:00-05:00,34.819072046932874
2024-02-05 00:00:00-05:00,34.405132605363306
2024-02-06 00:00:00-05:00,33.97194011628195
2024-02-07 00:00:00-05:00,34.193352480885316
2024-02-08 00:00:00-05:00,35.6180752374116
2024-02-09 00:00:00-05:00,35.579563943158874
2024-02-12 00:00:00-05:00,36.05126781158519
2024-02-13 00:00:00-05:00,36.0320108659677
2024-02-14 00:00:00-05:00,35.71433545342479
2024-02-15 00:00:00-05:00,35.791348164354694
2024-02-16 00:00:00-05:00,36.06088920774643
2024-02-20 00:00:00-05:00,35.19450716175074
2024-02-21 00:00:00-05:00,35.155994460870865
2024-02-22 00:00:00-05:00,35.05973549279653
2024-02-23 00:00:00-05:00,35.52180927433768
2024-02-26 00:00:00-05:00,35.252262426893125
2024-02-27 00:00:00-05:00,34.9057094783033
2024-02-28 00:00:00-05:00,34.93459355021647
2024-02-29 00:00:00-05:00,35.618073844488734
2024-03-01 00:00:00-05:00,34.86720685800402
2024-03-04 00:00:00-05:00,34.53989985301622
2024-03-05 00:00:00-05:00,34.18371903409358
2024-03-06 00:00:00-05:00,34.18372001220948
2024-03-07 00:00:00-05:00,34.17409727499352
2024-03-08 00:00:00-05:00,33.923809702717875
2024-03-11 00:00:00-04:00,33.53874412417163
2024-03-12 00:00:00-04:00,33.36546787146082
2024-03-13 00:00:00-04:00,34.12596642796732
2024-03-14 00:00:00-04:00,33.76875402315143
2024-03-15 00:00:00-04:00,33.59378469129327
2024-03-18 00:00:00-04:00,34.254770928608906
2024-03-19 00:00:00-04:00,34.25477087409044
2024-03-20 00:00:00-04:00,34.26449196033273
2024-03-21 00:00:00-04:00,34.769955651381295
2024-03-22 00:00:00-04:00,34.789398034738134
2024-03-25 00:00:00-04:00,34.381133021879265
2024-03-26 00:00:00-04:00,34.760228324488885
2024-03-27 00:00:00-04:00,35.2170916920597
2024-03-28 00:00:00-04:00,35.52814391100309
2024-04-01 00:00:00-04:00,35.92668427059366
2024-04-02 00:00:00-04:00,35.498984845853464
2024-04-03 00:00:00-04:00,35.479543463701354
2024-04-04 00:00:00-04:00,35.868367461143826
2024-04-05 00:00:00-04:00,34.73107218638035
2024-04-08 00:00:00-04:00,34.789393657060046
2024-04-09 00:00:00-04:00,34.8088403996475
2024-04-10 00:00:00-04:00,33.97287945676822
2024-04-11 00:00:00-04:00,34.157570394803585
2024-04-12 00:00:00-04:00,33.25356399644664
2024-04-15 00:00:00-04:00,33.438257606305555
2024-04-16 00:00:00-04:00,33.00083730073044
2024-04-17 00:00:00-04:00,33.63266195105978
2024-04-18 00:00:00-04:00,33.69098449181102
2024-04-19 00:00:00-04:00,34.50749935267652
2024-04-22 00:00:00-04:00,35.39206154631678
2024-04-23 00:00:00-04:00,35.47954656075304
2024-04-24 00:00:00-04:00,35.84891833660301
2024-04-25 00:00:00-04:00,36.10165021184089
2024-04-26 00:00:00-04:00,35.5864744779274
2024-04-29 00:00:00-04:00,35.741997908528326
2024-04-30 00:00:00-04:00,35.77115915402139
2024-05-01 00:00:00-04:00,36.01417032304694
2024-05-02 00:00:00-04:00,36.84040653655917
2024-05-03 00:00:00-04:00,36.859842067662164
2024-05-06 00:00:00-04:00,36.77236615154573
2024-05-07 00:00:00-04:00,37.258379350739844
2024-05-08 00:00:00-04:00,37.73468442060893
2024-05-09 00:00:00-04:00,35.26569544664616
2024-05-10 00:00:00-04:00,34.215888348215586
2024-05-13 00:00:00-04:00,34.28393082162178
2024-05-14 00:00:00-04:00,34.34225790327896
2024-05-15 00:00:00-04:00,33.61322632118391
2024-05-16 00:00:00-04:00,34.19644989747469
2024-05-17 00:00:00-04:00,33.86595259562815
2024-05-20 00:00:00-04:00,33.98259866145582
2024-05-21 00:00:00-04:00,33.47713326571272
2024-05-22 00:00:00-04:00,33.07859609736067
2024-05-23 00:00:00-04:00,33.0980432540346
2024-05-24 00:00:00-04:00,33.01055605476721
2024-05-28 00:00:00-04:00,33.136924205321876
2024-05-29 00:00:00-04:00,32.95223731907827
2024-05-30 00:00:00-04:00,33.136926257411474
2024-05-31 00:00:00-04:00,33.05915691340394
2024-06-03 00:00:00-04:00,33.30217168900494
2024-06-04 00:00:00-04:00,32.991115658093975
2024-06-05 00:00:00-04:00,33.2535703095979
2024-06-06 00:00:00-04:00,32.99111549262923
2024-06-07 00:00:00-04:00,33.18552470110683
2024-06-10 00:00:00-04:00,33.02028231018648
2024-06-11 00:00:00-04:00,32.58286054712645
2024-06-12 00:00:00-04:00,33.22440469319743
2024-06-13 00:00:00-04:00,33.00083819326291
2024-06-14 00:00:00-04:00,32.49026151710855
2024-06-17 00:00:00-04:00,32.21533692923149
2024-06-18 00:00:00-04:00,32.57862918615371
2024-06-20 00:00:00-04:00,32.814277852511694
2024-06-21 00:00:00-04:00,32.57863225440666
2024-06-24 00:00:00-04:00,32.6669995128502
2024-06-25 00:00:00-04:00,32.608084880332584
2024-06-26 00:00:00-04:00,32.03859764632903
2024-06-27 00:00:00-04:00,32.03859923801429
2024-06-28 00:00:00-04:00,32.264429846534384
2024-07-01 00:00:00-04:00,32.225152637295075
2024-07-02 00:00:00-04:00,31.636029565882268
2024-07-03 00:00:00-04:00,32.08769160290687
2024-07-05 00:00:00-04:00,31.43965414300189
2024-07-08 00:00:00-04:00,31.78330917426499
2024-07-09 00:00:00-04:00,31.606570042217417
2024-07-10 00:00:00-04:00,31.763669771892737
2024-07-11 00:00:00-04:00,32.46080738400838
2024-07-12 00:00:00-04:00,33.06956992332902
2024-07-15 00:00:00-04:00,33.305214779621544
2024-07-16 00:00:00-04:00,33.61941841444915
2024-07-17 00:00:00-04:00,34.32636777465241
2024-07-18 00:00:00-04:00,34.32636642456055
2024-07-19 00:00:00-04:00,34.20854280174803
2024-07-22 00:00:00-04:00,33.75688320298216
2024-07-23 00:00:00-04:00,33.53105245166142
2024-07-24 00:00:00-04:00,34.10053634246599
2024-07-25 00:00:00-04:00,33.855066724295895
2024-07-26 00:00:00-04:00,32.04841897440487
2024-07-29 00:00:00-04:00,33.6881472842578
2024-07-30 00:00:00-04:00,33.24630589114212
2024-07-31 00:00:00-04:00,34.16926658403654
2024-08-01 00:00:00-04:00,34.031805005871
2024-08-02 00:00:00-04:00,32.70627448941495
2024-08-05 00:00:00-04:00,32.14660647764343
2024-08-06 00:00:00-04:00,33.46232065657017
2024-08-07 00:00:00-04:00,33.16775573027293
2024-08-08 00:00:00-04:00,32.92228452109152
2024-08-09 00:00:00-04:00,32.686638070477365
2024-08-12 00:00:00-04:00,33.24630718563075
2024-08-13 00:00:00-04:00,33.0008340069658
2024-08-14 00:00:00-04:00,32.89282948736036
2024-08-15 00:00:00-04:00,33.177574698589495
2024-08-16 00:00:00-04:00,33.34449278300887
2024-08-19 00:00:00-04:00,33.54086800071176
2024-08-20 00:00:00-04:00,33.28558214633821
2024-08-21 00:00:00-04:00,33.16775090406504
2024-08-22 00:00:00-04:00,33.48195266723633
2024-08-23 00:00:00-04:00,33.60959730981649
2024-08-26 00:00:00-04:00,33.97289191766664
2024-08-27 00:00:00-04:00,33.815790703668995
2024-08-28 00:00:00-04:00,33.874702933568805
2024-08-29 00:00:00-04:00,34.473650735960966
2024-08-30 00:00:00-04:00,34.73875724322028
2024-09-03 00:00:00-04:00,34.80748915651873
2024-09-04 00:00:00-04:00,35.642082533951545
2024-09-05 00:00:00-04:00,35.54389639050859
2024-09-06 00:00:00-04:00,34.954765934135935
2024-09-09 00:00:00-04:00,34.228180345056536
2024-09-10 00:00:00-04:00,33.54086789871474
2024-09-11 00:00:00-04:00,33.187392141497575
2024-09-12 00:00:00-04:00,32.706271856223495
2024-09-13 00:00:00-04:00,33.31503508826963
2024-09-16 00:00:00-04:00,33.69142517018726
2024-09-17 00:00:00-04:00,33.98896619091116
2024-09-18 00:00:00-04:00,33.94929122924805
2024-09-19 00:00:00-04:00,34.207160843449444
2024-09-20 00:00:00-04:00,34.2765863440435
2024-09-23 00:00:00-04:00,34.41543893283524
2024-09-24 00:00:00-04:00,35.17912525105785
2024-09-25 00:00:00-04:00,34.91133852522901
2024-09-26 00:00:00-04:00,35.17912457643803
2024-09-27 00:00:00-04:00,35.60559685739488
2024-09-30 00:00:00-04:00,35.26838549450421
2024-10-01 00:00:00-04:00,34.51461581065387
2024-10-02 00:00:00-04:00,34.9311730361171
2024-10-03 00:00:00-04:00,35.010515384980664
2024-10-04 00:00:00-04:00,35.060105791471
2024-10-07 00:00:00-04:00,35.466744887082264
2024-10-08 00:00:00-04:00,34.27658649445889
2024-10-09 00:00:00-04:00,34.17740575764128
2024-10-10 00:00:00-04:00,34.8915028428747
2024-10-11 00:00:00-04:00,34.703060224297026
2024-10-14 00:00:00-04:00,34.6237139891893
2024-10-15 00:00:00-04:00,35.040272997378146
2024-10-16 00:00:00-04:00,35.72461442046015
2024-10-17 00:00:00-04:00,36.69657672015278
2024-10-18 00:00:00-04:00,37.08337632762467
2024-10-21 00:00:00-04:00,36.666822712515774
2024-10-22 00:00:00-04:00,36.11141591157245
2024-10-23 00:00:00-04:00,36.051905938425634
2024-10-24 00:00:00-04:00,36.89493529814586
2024-10-25 00:00:00-04:00,37.410673716219186
2024-10-28 00:00:00-04:00,36.984197520568365
2024-10-29 00:00:00-04:00,36.98419759360989
2024-10-30 00:00:00-04:00,37.18255790412413
2024-10-31 00:00:00-04:00,37.46026089005908
2024-11-01 00:00:00-04:00,36.93461023385067
2024-11-04 00:00:00-05:00,36.90485177354024
2024-11-05 00:00:00-05:00,39.047138318917355
2024-11-06 00:00:00-05:00,41.12000158799497
2024-11-07 00:00:00-05:00,42.052292504322445
2024-11-08 00:00:00-05:00,41.59606476213187
2024-11-11 00:00:00-05:00,41.19934581695852
2024-11-12 00:00:00-05:00,41.556396323454905
2024-11-13 00:00:00-05:00,41.7051632668836
2024-11-14 00:00:00-05:00,40.713361837572286
2024-11-15 00:00:00-05:00,40.83237636880628
2024-11-18 00:00:00-05:00,41.05057603578133
2024-11-19 00:00:00-05:00,39.929841811119246
2024-11-20 00:00:00-05:00,40.148037063791975
2024-11-21 00:00:00-05:00,40.415824716479364
2024-11-22 00:00:00-05:00,40.673690406086244
2024-11-25 00:00:00-05:00,41.328277994914075
2024-11-26 00:00:00-05:00,40.96131122109872
2024-11-27 00:00:00-05:00,41.23901723574893
2024-11-29 00:00:00-05:00,41.52663803100586
2024-12-02 00:00:00-05:00,41.625819022156506
2024-12-03 00:00:00-05:00,40.87205139635976
2024-12-04 00:00:00-05:00,40.14803812020903
2024-12-05 00:00:00-05:00,40.91172377976028
2024-12-06 00:00:00-05:00,41.219181060791016
2024-12-09 00:00:00-05:00,41.45721239402385
2024-12-10 00:00:00-05:00,41.34811434166396
2024-12-11 00:00:00-05:00,41.20926281688406
2024-12-12 00:00:00-05:00,41.36794885265859
2024-12-13 00:00:00-05:00,41.17950825316119
2024-12-16 00:00:00-05:00,41.349998474121094
2024-12-17 00:00:00-05:00,41.18000030517578
2024-12-18 00:00:00-05:00,40.47999954223633
2024-12-19 00:00:00-05:00,39.540000915527344
2024-12-20 00:00:00-05:00,39.04999923706055
2024-12-23 00:00:00-05:00,39.470001220703125
2024-12-24 00:00:00-05:00,39.5099983215332
2024-12-26 00:00:00-05:00,39.2599983215332
2024-12-27 00:00:00-05:00,39.4900016784668
2024-12-30 00:00:00-05:00,39.029998779296875
2024-12-31 00:00:00-05:00,39.29999923706055
2025-01-02 00:00:00-05:00,39.400001525878906
2025-01-03 00:00:00-05:00,38.939998626708984
2025-01-06 00:00:00-05:00,38.88999938964844
2025-01-07 00:00:00-05:00,37.90999984741211
2025-01-08 00:00:00-05:00,38.02000045776367
2025-01-10 00:00:00-05:00,37.16999816894531
2025-01-13 00:00:00-05:00,36.52000045776367
2025-01-14 00:00:00-05:00,37.41999816894531
