Date,Open
2014-10-20 00:00:00-04:00,27.899999618530273
2014-10-21 00:00:00-04:00,28.489999771118164
2014-10-22 00:00:00-04:00,28.469999313354492
2014-10-23 00:00:00-04:00,28.75
2014-10-24 00:00:00-04:00,29.110000610351562
2014-10-27 00:00:00-04:00,29.850000381469727
2014-10-28 00:00:00-04:00,30.299999237060547
2014-10-29 00:00:00-04:00,30.649999618530273
2014-10-30 00:00:00-04:00,30.149999618530273
2014-10-31 00:00:00-04:00,30.25
2014-11-03 00:00:00-05:00,30.610000610351562
2014-11-04 00:00:00-05:00,30.75
2014-11-05 00:00:00-05:00,30.670000076293945
2014-11-06 00:00:00-05:00,30.200000762939453
2014-11-07 00:00:00-05:00,29.489999771118164
2014-11-10 00:00:00-05:00,29.030000686645508
2014-11-11 00:00:00-05:00,29.399999618530273
2014-11-12 00:00:00-05:00,30.399999618530273
2014-11-13 00:00:00-05:00,30.739999771118164
2014-11-14 00:00:00-05:00,30.290000915527344
2014-11-17 00:00:00-05:00,30.700000762939453
2014-11-18 00:00:00-05:00,30.59000015258789
2014-11-19 00:00:00-05:00,30.719999313354492
2014-11-20 00:00:00-05:00,30.770000457763672
2014-11-21 00:00:00-05:00,31.649999618530273
2014-11-24 00:00:00-05:00,32.880001068115234
2014-11-25 00:00:00-05:00,32.970001220703125
2014-11-26 00:00:00-05:00,33.0
2014-11-28 00:00:00-05:00,33.939998626708984
2014-12-01 00:00:00-05:00,35.0099983215332
2014-12-02 00:00:00-05:00,34.72999954223633
2014-12-03 00:00:00-05:00,34.5099983215332
2014-12-04 00:00:00-05:00,33.88999938964844
2014-12-05 00:00:00-05:00,34.2400016784668
2014-12-08 00:00:00-05:00,34.099998474121094
2014-12-09 00:00:00-05:00,33.20000076293945
2014-12-10 00:00:00-05:00,33.869998931884766
2014-12-11 00:00:00-05:00,33.5
2014-12-12 00:00:00-05:00,33.47999954223633
2014-12-15 00:00:00-05:00,32.90999984741211
2014-12-16 00:00:00-05:00,32.52000045776367
2014-12-17 00:00:00-05:00,32.81999969482422
2014-12-18 00:00:00-05:00,34.0
2014-12-19 00:00:00-05:00,34.11000061035156
2014-12-22 00:00:00-05:00,33.900001525878906
2014-12-23 00:00:00-05:00,33.93000030517578
2014-12-24 00:00:00-05:00,33.650001525878906
2014-12-26 00:00:00-05:00,33.939998626708984
2014-12-29 00:00:00-05:00,33.56999969482422
2014-12-30 00:00:00-05:00,33.79999923706055
2014-12-31 00:00:00-05:00,33.869998931884766
2015-01-02 00:00:00-05:00,33.810001373291016
2015-01-05 00:00:00-05:00,33.04999923706055
2015-01-06 00:00:00-05:00,33.650001525878906
2015-01-07 00:00:00-05:00,33.66999816894531
2015-01-08 00:00:00-05:00,34.0
2015-01-09 00:00:00-05:00,34.040000915527344
2015-01-12 00:00:00-05:00,33.900001525878906
2015-01-13 00:00:00-05:00,34.439998626708984
2015-01-14 00:00:00-05:00,34.290000915527344
2015-01-15 00:00:00-05:00,34.91999816894531
2015-01-16 00:00:00-05:00,34.2599983215332
2015-01-20 00:00:00-05:00,34.68000030517578
2015-01-21 00:00:00-05:00,34.65999984741211
2015-01-22 00:00:00-05:00,35.66999816894531
2015-01-23 00:00:00-05:00,35.72999954223633
2015-01-26 00:00:00-05:00,34.7599983215332
2015-01-27 00:00:00-05:00,34.08000183105469
2015-01-28 00:00:00-05:00,33.7599983215332
2015-01-29 00:00:00-05:00,33.47999954223633
2015-01-30 00:00:00-05:00,33.400001525878906
2015-02-02 00:00:00-05:00,33.439998626708984
2015-02-03 00:00:00-05:00,34.31999969482422
2015-02-04 00:00:00-05:00,34.04999923706055
2015-02-05 00:00:00-05:00,34.189998626708984
2015-02-06 00:00:00-05:00,34.56999969482422
2015-02-09 00:00:00-05:00,35.0
2015-02-10 00:00:00-05:00,35.06999969482422
2015-02-11 00:00:00-05:00,35.75
2015-02-12 00:00:00-05:00,35.79999923706055
2015-02-13 00:00:00-05:00,36.150001525878906
2015-02-17 00:00:00-05:00,36.5
2015-02-18 00:00:00-05:00,36.36000061035156
2015-02-19 00:00:00-05:00,36.380001068115234
2015-02-20 00:00:00-05:00,37.09000015258789
2015-02-23 00:00:00-05:00,37.15999984741211
2015-02-24 00:00:00-05:00,36.66999816894531
2015-02-25 00:00:00-05:00,37.63999938964844
2015-02-26 00:00:00-05:00,37.2599983215332
2015-02-27 00:00:00-05:00,37.33000183105469
2015-03-02 00:00:00-05:00,37.08000183105469
2015-03-03 00:00:00-05:00,37.75
2015-03-04 00:00:00-05:00,37.380001068115234
2015-03-05 00:00:00-05:00,37.59000015258789
2015-03-06 00:00:00-05:00,37.189998626708984
2015-03-09 00:00:00-04:00,37.16999816894531
2015-03-10 00:00:00-04:00,37.09000015258789
2015-03-11 00:00:00-04:00,36.72999954223633
2015-03-12 00:00:00-04:00,37.220001220703125
2015-03-13 00:00:00-04:00,37.18000030517578
2015-03-16 00:00:00-04:00,37.33000183105469
2015-03-17 00:00:00-04:00,37.77000045776367
2015-03-18 00:00:00-04:00,38.029998779296875
2015-03-19 00:00:00-04:00,38.43000030517578
2015-03-20 00:00:00-04:00,38.75
2015-03-23 00:00:00-04:00,38.66999816894531
2015-03-24 00:00:00-04:00,38.939998626708984
2015-03-25 00:00:00-04:00,38.630001068115234
2015-03-26 00:00:00-04:00,37.09000015258789
2015-03-27 00:00:00-04:00,36.72999954223633
2015-03-30 00:00:00-04:00,36.36000061035156
2015-03-31 00:00:00-04:00,36.09000015258789
2015-04-01 00:00:00-04:00,37.18000030517578
2015-04-02 00:00:00-04:00,36.72999954223633
2015-04-06 00:00:00-04:00,36.70000076293945
2015-04-07 00:00:00-04:00,36.68000030517578
2015-04-08 00:00:00-04:00,36.52000045776367
2015-04-09 00:00:00-04:00,36.400001525878906
2015-04-10 00:00:00-04:00,37.16999816894531
2015-04-13 00:00:00-04:00,36.97999954223633
2015-04-14 00:00:00-04:00,36.459999084472656
2015-04-15 00:00:00-04:00,36.25
2015-04-16 00:00:00-04:00,36.310001373291016
2015-04-17 00:00:00-04:00,35.93000030517578
2015-04-20 00:00:00-04:00,35.470001220703125
2015-04-21 00:00:00-04:00,36.18000030517578
2015-04-22 00:00:00-04:00,36.20000076293945
2015-04-23 00:00:00-04:00,35.75
2015-04-24 00:00:00-04:00,35.45000076293945
2015-04-27 00:00:00-04:00,35.02000045776367
2015-04-28 00:00:00-04:00,34.220001220703125
2015-04-29 00:00:00-04:00,33.900001525878906
2015-04-30 00:00:00-04:00,33.61000061035156
2015-05-01 00:00:00-04:00,33.59000015258789
2015-05-04 00:00:00-04:00,34.439998626708984
2015-05-05 00:00:00-04:00,34.47999954223633
2015-05-06 00:00:00-04:00,34.11000061035156
2015-05-07 00:00:00-04:00,33.709999084472656
2015-05-08 00:00:00-04:00,34.2400016784668
2015-05-11 00:00:00-04:00,34.59000015258789
2015-05-12 00:00:00-04:00,34.849998474121094
2015-05-13 00:00:00-04:00,34.900001525878906
2015-05-14 00:00:00-04:00,35.40999984741211
2015-05-15 00:00:00-04:00,35.310001373291016
2015-05-18 00:00:00-04:00,35.36000061035156
2015-05-19 00:00:00-04:00,36.20000076293945
2015-05-20 00:00:00-04:00,33.040000915527344
2015-05-21 00:00:00-04:00,32.34000015258789
2015-05-22 00:00:00-04:00,33.0
2015-05-26 00:00:00-04:00,33.0099983215332
2015-05-27 00:00:00-04:00,32.599998474121094
2015-05-28 00:00:00-04:00,32.97999954223633
2015-05-29 00:00:00-04:00,32.84000015258789
2015-06-01 00:00:00-04:00,32.869998931884766
2015-06-02 00:00:00-04:00,32.689998626708984
2015-06-03 00:00:00-04:00,33.150001525878906
2015-06-04 00:00:00-04:00,33.060001373291016
2015-06-05 00:00:00-04:00,32.93000030517578
2015-06-08 00:00:00-04:00,32.91999816894531
2015-06-09 00:00:00-04:00,32.81999969482422
2015-06-10 00:00:00-04:00,32.88999938964844
2015-06-11 00:00:00-04:00,33.119998931884766
2015-06-12 00:00:00-04:00,33.11000061035156
2015-06-15 00:00:00-04:00,32.790000915527344
2015-06-16 00:00:00-04:00,32.529998779296875
2015-06-17 00:00:00-04:00,32.68000030517578
2015-06-18 00:00:00-04:00,32.9900016784668
2015-06-19 00:00:00-04:00,33.4900016784668
2015-06-22 00:00:00-04:00,33.400001525878906
2015-06-23 00:00:00-04:00,33.54999923706055
2015-06-24 00:00:00-04:00,32.939998626708984
2015-06-25 00:00:00-04:00,32.529998779296875
2015-06-26 00:00:00-04:00,32.25
2015-06-29 00:00:00-04:00,31.850000381469727
2015-06-30 00:00:00-04:00,31.649999618530273
2015-07-01 00:00:00-04:00,31.350000381469727
2015-07-02 00:00:00-04:00,31.3700008392334
2015-07-06 00:00:00-04:00,31.09000015258789
2015-07-07 00:00:00-04:00,31.219999313354492
2015-07-08 00:00:00-04:00,30.93000030517578
2015-07-09 00:00:00-04:00,30.6200008392334
2015-07-10 00:00:00-04:00,30.59000015258789
2015-07-13 00:00:00-04:00,30.530000686645508
2015-07-14 00:00:00-04:00,30.75
2015-07-15 00:00:00-04:00,30.899999618530273
2015-07-16 00:00:00-04:00,30.729999542236328
2015-07-17 00:00:00-04:00,30.8700008392334
2015-07-20 00:00:00-04:00,30.639999389648438
2015-07-21 00:00:00-04:00,30.700000762939453
2015-07-22 00:00:00-04:00,30.18000030517578
2015-07-23 00:00:00-04:00,30.729999542236328
2015-07-24 00:00:00-04:00,30.25
2015-07-27 00:00:00-04:00,30.0
2015-07-28 00:00:00-04:00,29.739999771118164
2015-07-29 00:00:00-04:00,30.06999969482422
2015-07-30 00:00:00-04:00,30.350000381469727
2015-07-31 00:00:00-04:00,30.700000762939453
2015-08-03 00:00:00-04:00,30.709999084472656
2015-08-04 00:00:00-04:00,30.350000381469727
2015-08-05 00:00:00-04:00,30.469999313354492
2015-08-06 00:00:00-04:00,30.309999465942383
2015-08-07 00:00:00-04:00,29.600000381469727
2015-08-10 00:00:00-04:00,30.049999237060547
2015-08-11 00:00:00-04:00,30.170000076293945
2015-08-12 00:00:00-04:00,29.690000534057617
2015-08-13 00:00:00-04:00,29.90999984741211
2015-08-14 00:00:00-04:00,29.90999984741211
2015-08-17 00:00:00-04:00,30.290000915527344
2015-08-18 00:00:00-04:00,30.3799991607666
2015-08-19 00:00:00-04:00,29.969999313354492
2015-08-20 00:00:00-04:00,32.54999923706055
2015-08-21 00:00:00-04:00,32.31999969482422
2015-08-24 00:00:00-04:00,30.6299991607666
2015-08-25 00:00:00-04:00,31.25
2015-08-26 00:00:00-04:00,30.979999542236328
2015-08-27 00:00:00-04:00,31.31999969482422
2015-08-28 00:00:00-04:00,31.56999969482422
2015-08-31 00:00:00-04:00,31.739999771118164
2015-09-01 00:00:00-04:00,31.3700008392334
2015-09-02 00:00:00-04:00,31.6299991607666
2015-09-03 00:00:00-04:00,31.93000030517578
2015-09-04 00:00:00-04:00,32.25
2015-09-08 00:00:00-04:00,32.560001373291016
2015-09-09 00:00:00-04:00,33.25
2015-09-10 00:00:00-04:00,32.68000030517578
2015-09-11 00:00:00-04:00,32.779998779296875
2015-09-14 00:00:00-04:00,32.84000015258789
2015-09-15 00:00:00-04:00,32.849998474121094
2015-09-16 00:00:00-04:00,32.91999816894531
2015-09-17 00:00:00-04:00,33.61000061035156
2015-09-18 00:00:00-04:00,33.34000015258789
2015-09-21 00:00:00-04:00,33.02000045776367
2015-09-22 00:00:00-04:00,32.470001220703125
2015-09-23 00:00:00-04:00,32.16999816894531
2015-09-24 00:00:00-04:00,31.479999542236328
2015-09-25 00:00:00-04:00,31.3799991607666
2015-09-28 00:00:00-04:00,30.829999923706055
2015-09-29 00:00:00-04:00,30.260000228881836
2015-09-30 00:00:00-04:00,30.5
2015-10-01 00:00:00-04:00,30.850000381469727
2015-10-02 00:00:00-04:00,30.020000457763672
2015-10-05 00:00:00-04:00,31.559999465942383
2015-10-06 00:00:00-04:00,32.13999938964844
2015-10-07 00:00:00-04:00,32.310001373291016
2015-10-08 00:00:00-04:00,32.650001525878906
2015-10-09 00:00:00-04:00,33.16999816894531
2015-10-12 00:00:00-04:00,32.68000030517578
2015-10-13 00:00:00-04:00,32.18000030517578
2015-10-14 00:00:00-04:00,32.029998779296875
2015-10-15 00:00:00-04:00,32.5
2015-10-16 00:00:00-04:00,32.72999954223633
2015-10-19 00:00:00-04:00,32.36000061035156
2015-10-20 00:00:00-04:00,31.860000610351562
2015-10-21 00:00:00-04:00,32.11000061035156
2015-10-22 00:00:00-04:00,31.700000762939453
2015-10-23 00:00:00-04:00,32.2599983215332
2015-10-26 00:00:00-04:00,32.18000030517578
2015-10-27 00:00:00-04:00,31.719999313354492
2015-10-28 00:00:00-04:00,31.920000076293945
2015-10-29 00:00:00-04:00,32.779998779296875
2015-10-30 00:00:00-04:00,33.29999923706055
2015-11-02 00:00:00-05:00,33.0
2015-11-03 00:00:00-05:00,33.09000015258789
2015-11-04 00:00:00-05:00,33.119998931884766
2015-11-05 00:00:00-05:00,32.84000015258789
2015-11-06 00:00:00-05:00,31.950000762939453
2015-11-09 00:00:00-05:00,31.889999389648438
2015-11-10 00:00:00-05:00,31.5
2015-11-11 00:00:00-05:00,30.979999542236328
2015-11-12 00:00:00-05:00,30.790000915527344
2015-11-13 00:00:00-05:00,30.25
2015-11-16 00:00:00-05:00,30.3799991607666
2015-11-17 00:00:00-05:00,30.989999771118164
2015-11-18 00:00:00-05:00,30.950000762939453
2015-11-19 00:00:00-05:00,31.1299991607666
2015-11-20 00:00:00-05:00,29.889999389648438
2015-11-23 00:00:00-05:00,29.420000076293945
2015-11-24 00:00:00-05:00,29.940000534057617
2015-11-25 00:00:00-05:00,30.510000228881836
2015-11-27 00:00:00-05:00,30.59000015258789
2015-11-30 00:00:00-05:00,30.790000915527344
2015-12-01 00:00:00-05:00,30.700000762939453
2015-12-02 00:00:00-05:00,29.809999465942383
2015-12-03 00:00:00-05:00,29.959999084472656
2015-12-04 00:00:00-05:00,28.979999542236328
2015-12-07 00:00:00-05:00,29.40999984741211
2015-12-08 00:00:00-05:00,28.93000030517578
2015-12-09 00:00:00-05:00,29.18000030517578
2015-12-10 00:00:00-05:00,28.90999984741211
2015-12-11 00:00:00-05:00,28.68000030517578
2015-12-14 00:00:00-05:00,28.600000381469727
2015-12-15 00:00:00-05:00,28.079999923706055
2015-12-16 00:00:00-05:00,28.469999313354492
2015-12-17 00:00:00-05:00,28.3799991607666
2015-12-18 00:00:00-05:00,28.440000534057617
2015-12-21 00:00:00-05:00,28.25
2015-12-22 00:00:00-05:00,28.190000534057617
2015-12-23 00:00:00-05:00,28.670000076293945
2015-12-24 00:00:00-05:00,28.920000076293945
2015-12-28 00:00:00-05:00,28.829999923706055
2015-12-29 00:00:00-05:00,28.729999542236328
2015-12-30 00:00:00-05:00,28.510000228881836
2015-12-31 00:00:00-05:00,28.479999542236328
2016-01-04 00:00:00-05:00,27.93000030517578
2016-01-05 00:00:00-05:00,27.809999465942383
2016-01-06 00:00:00-05:00,27.3700008392334
2016-01-07 00:00:00-05:00,26.790000915527344
2016-01-08 00:00:00-05:00,25.84000015258789
2016-01-11 00:00:00-05:00,25.450000762939453
2016-01-12 00:00:00-05:00,25.149999618530273
2016-01-13 00:00:00-05:00,25.309999465942383
2016-01-14 00:00:00-05:00,24.479999542236328
2016-01-15 00:00:00-05:00,24.040000915527344
2016-01-19 00:00:00-05:00,23.729999542236328
2016-01-20 00:00:00-05:00,22.920000076293945
2016-01-21 00:00:00-05:00,23.020000457763672
2016-01-22 00:00:00-05:00,23.729999542236328
2016-01-25 00:00:00-05:00,23.899999618530273
2016-01-26 00:00:00-05:00,24.1299991607666
2016-01-27 00:00:00-05:00,23.829999923706055
2016-01-28 00:00:00-05:00,23.700000762939453
2016-01-29 00:00:00-05:00,23.239999771118164
2016-02-01 00:00:00-05:00,23.139999389648438
2016-02-02 00:00:00-05:00,22.81999969482422
2016-02-03 00:00:00-05:00,22.479999542236328
2016-02-04 00:00:00-05:00,22.399999618530273
2016-02-05 00:00:00-05:00,22.850000381469727
2016-02-08 00:00:00-05:00,22.0
2016-02-09 00:00:00-05:00,21.18000030517578
2016-02-10 00:00:00-05:00,21.399999618530273
2016-02-11 00:00:00-05:00,21.3799991607666
2016-02-12 00:00:00-05:00,21.739999771118164
2016-02-16 00:00:00-05:00,22.459999084472656
2016-02-17 00:00:00-05:00,22.719999313354492
2016-02-18 00:00:00-05:00,23.149999618530273
2016-02-19 00:00:00-05:00,22.170000076293945
2016-02-22 00:00:00-05:00,24.059999465942383
2016-02-23 00:00:00-05:00,24.5
2016-02-24 00:00:00-05:00,25.0
2016-02-25 00:00:00-05:00,25.739999771118164
2016-02-26 00:00:00-05:00,25.899999618530273
2016-02-29 00:00:00-05:00,25.93000030517578
2016-03-01 00:00:00-05:00,26.270000457763672
2016-03-02 00:00:00-05:00,26.280000686645508
2016-03-03 00:00:00-05:00,26.81999969482422
2016-03-04 00:00:00-05:00,27.1299991607666
2016-03-07 00:00:00-05:00,27.06999969482422
2016-03-08 00:00:00-05:00,27.010000228881836
2016-03-09 00:00:00-05:00,25.649999618530273
2016-03-10 00:00:00-05:00,25.959999084472656
2016-03-11 00:00:00-05:00,26.25
2016-03-14 00:00:00-04:00,26.559999465942383
2016-03-15 00:00:00-04:00,26.399999618530273
2016-03-16 00:00:00-04:00,26.059999465942383
2016-03-17 00:00:00-04:00,26.520000457763672
2016-03-18 00:00:00-04:00,27.219999313354492
2016-03-21 00:00:00-04:00,27.690000534057617
2016-03-22 00:00:00-04:00,27.940000534057617
2016-03-23 00:00:00-04:00,28.06999969482422
2016-03-24 00:00:00-04:00,26.81999969482422
2016-03-28 00:00:00-04:00,27.06999969482422
2016-03-29 00:00:00-04:00,27.1200008392334
2016-03-30 00:00:00-04:00,27.950000762939453
2016-03-31 00:00:00-04:00,27.3700008392334
2016-04-01 00:00:00-04:00,27.18000030517578
2016-04-04 00:00:00-04:00,27.770000457763672
2016-04-05 00:00:00-04:00,26.940000534057617
2016-04-06 00:00:00-04:00,26.899999618530273
2016-04-07 00:00:00-04:00,26.68000030517578
2016-04-08 00:00:00-04:00,26.6299991607666
2016-04-11 00:00:00-04:00,26.84000015258789
2016-04-12 00:00:00-04:00,26.8799991607666
2016-04-13 00:00:00-04:00,26.889999389648438
2016-04-14 00:00:00-04:00,27.729999542236328
2016-04-15 00:00:00-04:00,27.25
2016-04-18 00:00:00-04:00,27.06999969482422
2016-04-19 00:00:00-04:00,27.239999771118164
2016-04-20 00:00:00-04:00,27.280000686645508
2016-04-21 00:00:00-04:00,27.040000915527344
2016-04-22 00:00:00-04:00,27.09000015258789
2016-04-25 00:00:00-04:00,27.360000610351562
2016-04-26 00:00:00-04:00,27.030000686645508
2016-04-27 00:00:00-04:00,27.209999084472656
2016-04-28 00:00:00-04:00,27.010000228881836
2016-04-29 00:00:00-04:00,26.329999923706055
2016-05-02 00:00:00-04:00,26.079999923706055
2016-05-03 00:00:00-04:00,25.8700008392334
2016-05-04 00:00:00-04:00,25.8700008392334
2016-05-05 00:00:00-04:00,25.979999542236328
2016-05-06 00:00:00-04:00,25.700000762939453
2016-05-09 00:00:00-04:00,25.8700008392334
2016-05-10 00:00:00-04:00,25.75
2016-05-11 00:00:00-04:00,26.15999984741211
2016-05-12 00:00:00-04:00,25.920000076293945
2016-05-13 00:00:00-04:00,26.260000228881836
2016-05-16 00:00:00-04:00,25.93000030517578
2016-05-17 00:00:00-04:00,26.1200008392334
2016-05-18 00:00:00-04:00,26.110000610351562
2016-05-19 00:00:00-04:00,25.940000534057617
2016-05-20 00:00:00-04:00,27.25
2016-05-23 00:00:00-04:00,29.940000534057617
2016-05-24 00:00:00-04:00,30.170000076293945
2016-05-25 00:00:00-04:00,30.479999542236328
2016-05-26 00:00:00-04:00,30.510000228881836
2016-05-27 00:00:00-04:00,30.5
2016-05-31 00:00:00-04:00,30.729999542236328
2016-06-01 00:00:00-04:00,30.43000030517578
2016-06-02 00:00:00-04:00,30.809999465942383
2016-06-03 00:00:00-04:00,31.25
2016-06-06 00:00:00-04:00,31.360000610351562
2016-06-07 00:00:00-04:00,31.56999969482422
2016-06-08 00:00:00-04:00,31.329999923706055
2016-06-09 00:00:00-04:00,31.43000030517578
2016-06-10 00:00:00-04:00,31.0
2016-06-13 00:00:00-04:00,30.459999084472656
2016-06-14 00:00:00-04:00,29.829999923706055
2016-06-15 00:00:00-04:00,29.809999465942383
2016-06-16 00:00:00-04:00,29.6200008392334
2016-06-17 00:00:00-04:00,29.399999618530273
2016-06-20 00:00:00-04:00,30.100000381469727
2016-06-21 00:00:00-04:00,30.510000228881836
2016-06-22 00:00:00-04:00,30.09000015258789
2016-06-23 00:00:00-04:00,30.6299991607666
2016-06-24 00:00:00-04:00,29.709999084472656
2016-06-27 00:00:00-04:00,29.3700008392334
2016-06-28 00:00:00-04:00,28.799999237060547
2016-06-29 00:00:00-04:00,29.3799991607666
2016-06-30 00:00:00-04:00,29.06999969482422
2016-07-01 00:00:00-04:00,29.040000915527344
2016-07-05 00:00:00-04:00,28.709999084472656
2016-07-06 00:00:00-04:00,28.219999313354492
2016-07-07 00:00:00-04:00,28.34000015258789
2016-07-08 00:00:00-04:00,28.399999618530273
2016-07-11 00:00:00-04:00,29.15999984741211
2016-07-12 00:00:00-04:00,28.799999237060547
2016-07-13 00:00:00-04:00,29.020000457763672
2016-07-14 00:00:00-04:00,29.010000228881836
2016-07-15 00:00:00-04:00,28.979999542236328
2016-07-18 00:00:00-04:00,29.18000030517578
2016-07-19 00:00:00-04:00,29.309999465942383
2016-07-20 00:00:00-04:00,29.3799991607666
2016-07-21 00:00:00-04:00,29.639999389648438
2016-07-22 00:00:00-04:00,29.469999313354492
2016-07-25 00:00:00-04:00,29.75
2016-07-26 00:00:00-04:00,29.540000915527344
2016-07-27 00:00:00-04:00,29.729999542236328
2016-07-28 00:00:00-04:00,29.709999084472656
2016-07-29 00:00:00-04:00,29.59000015258789
2016-08-01 00:00:00-04:00,29.200000762939453
2016-08-02 00:00:00-04:00,29.219999313354492
2016-08-03 00:00:00-04:00,28.239999771118164
2016-08-04 00:00:00-04:00,28.670000076293945
2016-08-05 00:00:00-04:00,28.670000076293945
2016-08-08 00:00:00-04:00,28.8799991607666
2016-08-09 00:00:00-04:00,28.899999618530273
2016-08-10 00:00:00-04:00,28.860000610351562
2016-08-11 00:00:00-04:00,29.079999923706055
2016-08-12 00:00:00-04:00,29.149999618530273
2016-08-15 00:00:00-04:00,29.100000381469727
2016-08-16 00:00:00-04:00,29.649999618530273
2016-08-17 00:00:00-04:00,29.540000915527344
2016-08-18 00:00:00-04:00,26.950000762939453
2016-08-19 00:00:00-04:00,29.200000762939453
2016-08-22 00:00:00-04:00,30.190000534057617
2016-08-23 00:00:00-04:00,30.3799991607666
2016-08-24 00:00:00-04:00,30.209999084472656
2016-08-25 00:00:00-04:00,29.780000686645508
2016-08-26 00:00:00-04:00,30.040000915527344
2016-08-29 00:00:00-04:00,30.079999923706055
2016-08-30 00:00:00-04:00,30.270000457763672
2016-08-31 00:00:00-04:00,30.399999618530273
2016-09-01 00:00:00-04:00,30.399999618530273
2016-09-02 00:00:00-04:00,30.760000228881836
2016-09-06 00:00:00-04:00,30.399999618530273
2016-09-07 00:00:00-04:00,30.350000381469727
2016-09-08 00:00:00-04:00,30.260000228881836
2016-09-09 00:00:00-04:00,30.219999313354492
2016-09-12 00:00:00-04:00,29.450000762939453
2016-09-13 00:00:00-04:00,29.950000762939453
2016-09-14 00:00:00-04:00,29.850000381469727
2016-09-15 00:00:00-04:00,29.34000015258789
2016-09-16 00:00:00-04:00,29.93000030517578
2016-09-19 00:00:00-04:00,29.84000015258789
2016-09-20 00:00:00-04:00,30.8799991607666
2016-09-21 00:00:00-04:00,30.760000228881836
2016-09-22 00:00:00-04:00,31.100000381469727
2016-09-23 00:00:00-04:00,31.3799991607666
2016-09-26 00:00:00-04:00,31.18000030517578
2016-09-27 00:00:00-04:00,30.84000015258789
2016-09-28 00:00:00-04:00,31.260000228881836
2016-09-29 00:00:00-04:00,31.559999465942383
2016-09-30 00:00:00-04:00,31.139999389648438
2016-10-03 00:00:00-04:00,31.350000381469727
2016-10-04 00:00:00-04:00,31.420000076293945
2016-10-05 00:00:00-04:00,31.5
2016-10-06 00:00:00-04:00,31.440000534057617
2016-10-07 00:00:00-04:00,31.5
2016-10-10 00:00:00-04:00,31.520000457763672
2016-10-11 00:00:00-04:00,31.18000030517578
2016-10-12 00:00:00-04:00,31.260000228881836
2016-10-13 00:00:00-04:00,31.110000610351562
2016-10-14 00:00:00-04:00,31.469999313354492
2016-10-17 00:00:00-04:00,31.639999389648438
2016-10-18 00:00:00-04:00,31.940000534057617
2016-10-19 00:00:00-04:00,31.989999771118164
2016-10-20 00:00:00-04:00,32.5
2016-10-21 00:00:00-04:00,32.400001525878906
2016-10-24 00:00:00-04:00,32.779998779296875
2016-10-25 00:00:00-04:00,32.97999954223633
2016-10-26 00:00:00-04:00,32.7400016784668
2016-10-27 00:00:00-04:00,32.95000076293945
2016-10-28 00:00:00-04:00,32.90999984741211
2016-10-31 00:00:00-04:00,32.93000030517578
2016-11-01 00:00:00-04:00,32.939998626708984
2016-11-02 00:00:00-04:00,32.599998474121094
2016-11-03 00:00:00-04:00,32.0
2016-11-04 00:00:00-04:00,32.02000045776367
2016-11-07 00:00:00-05:00,32.20000076293945
2016-11-08 00:00:00-05:00,33.08000183105469
2016-11-09 00:00:00-05:00,32.66999816894531
2016-11-10 00:00:00-05:00,33.9900016784668
2016-11-11 00:00:00-05:00,33.779998779296875
2016-11-14 00:00:00-05:00,34.68000030517578
2016-11-15 00:00:00-05:00,34.75
2016-11-16 00:00:00-05:00,35.0
2016-11-17 00:00:00-05:00,35.0
2016-11-18 00:00:00-05:00,35.29999923706055
2016-11-21 00:00:00-05:00,35.900001525878906
2016-11-22 00:00:00-05:00,35.900001525878906
2016-11-23 00:00:00-05:00,36.59000015258789
2016-11-25 00:00:00-05:00,37.650001525878906
2016-11-28 00:00:00-05:00,38.0
2016-11-29 00:00:00-05:00,37.900001525878906
2016-11-30 00:00:00-05:00,37.36000061035156
2016-12-01 00:00:00-05:00,36.900001525878906
2016-12-02 00:00:00-05:00,35.540000915527344
2016-12-05 00:00:00-05:00,35.560001373291016
2016-12-06 00:00:00-05:00,36.0
2016-12-07 00:00:00-05:00,36.33000183105469
2016-12-08 00:00:00-05:00,36.720001220703125
2016-12-09 00:00:00-05:00,37.0
2016-12-12 00:00:00-05:00,36.900001525878906
2016-12-13 00:00:00-05:00,37.34000015258789
2016-12-14 00:00:00-05:00,37.0099983215332
2016-12-15 00:00:00-05:00,36.52000045776367
2016-12-16 00:00:00-05:00,36.56999969482422
2016-12-19 00:00:00-05:00,36.20000076293945
2016-12-20 00:00:00-05:00,36.150001525878906
2016-12-21 00:00:00-05:00,36.09000015258789
2016-12-22 00:00:00-05:00,36.18000030517578
2016-12-23 00:00:00-05:00,36.33000183105469
2016-12-27 00:00:00-05:00,36.75
2016-12-28 00:00:00-05:00,37.060001373291016
2016-12-29 00:00:00-05:00,36.58000183105469
2016-12-30 00:00:00-05:00,36.880001068115234
2017-01-03 00:00:00-05:00,36.599998474121094
2017-01-04 00:00:00-05:00,36.25
2017-01-05 00:00:00-05:00,36.97999954223633
2017-01-06 00:00:00-05:00,36.54999923706055
2017-01-09 00:00:00-05:00,36.130001068115234
2017-01-10 00:00:00-05:00,36.2599983215332
2017-01-11 00:00:00-05:00,36.2599983215332
2017-01-12 00:00:00-05:00,36.400001525878906
2017-01-13 00:00:00-05:00,36.52000045776367
2017-01-17 00:00:00-05:00,36.61000061035156
2017-01-18 00:00:00-05:00,35.95000076293945
2017-01-19 00:00:00-05:00,35.970001220703125
2017-01-20 00:00:00-05:00,35.880001068115234
2017-01-23 00:00:00-05:00,35.959999084472656
2017-01-24 00:00:00-05:00,36.349998474121094
2017-01-25 00:00:00-05:00,36.9900016784668
2017-01-26 00:00:00-05:00,37.65999984741211
2017-01-27 00:00:00-05:00,37.189998626708984
2017-01-30 00:00:00-05:00,37.560001373291016
2017-01-31 00:00:00-05:00,36.779998779296875
2017-02-01 00:00:00-05:00,37.13999938964844
2017-02-02 00:00:00-05:00,36.849998474121094
2017-02-03 00:00:00-05:00,36.4900016784668
2017-02-06 00:00:00-05:00,37.0
2017-02-07 00:00:00-05:00,36.81999969482422
2017-02-08 00:00:00-05:00,36.540000915527344
2017-02-09 00:00:00-05:00,37.220001220703125
2017-02-10 00:00:00-05:00,37.09000015258789
2017-02-13 00:00:00-05:00,37.720001220703125
2017-02-14 00:00:00-05:00,37.22999954223633
2017-02-15 00:00:00-05:00,37.29999923706055
2017-02-16 00:00:00-05:00,38.150001525878906
2017-02-17 00:00:00-05:00,38.40999984741211
2017-02-21 00:00:00-05:00,37.83000183105469
2017-02-22 00:00:00-05:00,37.939998626708984
2017-02-23 00:00:00-05:00,38.16999816894531
2017-02-24 00:00:00-05:00,37.349998474121094
2017-02-27 00:00:00-05:00,37.52000045776367
2017-02-28 00:00:00-05:00,37.470001220703125
2017-03-01 00:00:00-05:00,37.970001220703125
2017-03-02 00:00:00-05:00,37.95000076293945
2017-03-03 00:00:00-05:00,37.86000061035156
2017-03-06 00:00:00-05:00,37.90999984741211
2017-03-07 00:00:00-05:00,37.86000061035156
2017-03-08 00:00:00-05:00,37.970001220703125
2017-03-09 00:00:00-05:00,37.81999969482422
2017-03-10 00:00:00-05:00,38.279998779296875
2017-03-13 00:00:00-04:00,38.790000915527344
2017-03-14 00:00:00-04:00,38.2400016784668
2017-03-15 00:00:00-04:00,38.459999084472656
2017-03-16 00:00:00-04:00,39.09000015258789
2017-03-17 00:00:00-04:00,39.189998626708984
2017-03-20 00:00:00-04:00,39.11000061035156
2017-03-21 00:00:00-04:00,38.70000076293945
2017-03-22 00:00:00-04:00,36.45000076293945
2017-03-23 00:00:00-04:00,35.5099983215332
2017-03-24 00:00:00-04:00,37.20000076293945
2017-03-27 00:00:00-04:00,36.189998626708984
2017-03-28 00:00:00-04:00,36.439998626708984
2017-03-29 00:00:00-04:00,36.68000030517578
2017-03-30 00:00:00-04:00,36.5
2017-03-31 00:00:00-04:00,36.599998474121094
2017-04-03 00:00:00-04:00,36.2400016784668
2017-04-04 00:00:00-04:00,36.130001068115234
2017-04-05 00:00:00-04:00,36.959999084472656
2017-04-06 00:00:00-04:00,36.52000045776367
2017-04-07 00:00:00-04:00,36.22999954223633
2017-04-10 00:00:00-04:00,35.97999954223633
2017-04-11 00:00:00-04:00,35.599998474121094
2017-04-12 00:00:00-04:00,35.97999954223633
2017-04-13 00:00:00-04:00,35.369998931884766
2017-04-17 00:00:00-04:00,35.56999969482422
2017-04-18 00:00:00-04:00,35.849998474121094
2017-04-19 00:00:00-04:00,36.349998474121094
2017-04-20 00:00:00-04:00,36.810001373291016
2017-04-21 00:00:00-04:00,36.619998931884766
2017-04-24 00:00:00-04:00,36.43000030517578
2017-04-25 00:00:00-04:00,37.29999923706055
2017-04-26 00:00:00-04:00,37.720001220703125
2017-04-27 00:00:00-04:00,37.93000030517578
2017-04-28 00:00:00-04:00,38.040000915527344
2017-05-01 00:00:00-04:00,37.54999923706055
2017-05-02 00:00:00-04:00,37.84000015258789
2017-05-03 00:00:00-04:00,37.689998626708984
2017-05-04 00:00:00-04:00,38.279998779296875
2017-05-05 00:00:00-04:00,38.5
2017-05-08 00:00:00-04:00,38.95000076293945
2017-05-09 00:00:00-04:00,39.02000045776367
2017-05-10 00:00:00-04:00,38.97999954223633
2017-05-11 00:00:00-04:00,38.959999084472656
2017-05-12 00:00:00-04:00,39.0
2017-05-15 00:00:00-04:00,38.97999954223633
2017-05-16 00:00:00-04:00,39.29999923706055
2017-05-17 00:00:00-04:00,39.08000183105469
2017-05-18 00:00:00-04:00,37.650001525878906
2017-05-19 00:00:00-04:00,37.4900016784668
2017-05-22 00:00:00-04:00,37.599998474121094
2017-05-23 00:00:00-04:00,37.7599983215332
2017-05-24 00:00:00-04:00,37.61000061035156
2017-05-25 00:00:00-04:00,38.20000076293945
2017-05-26 00:00:00-04:00,38.16999816894531
2017-05-30 00:00:00-04:00,38.54999923706055
2017-05-31 00:00:00-04:00,39.09000015258789
2017-06-01 00:00:00-04:00,39.0
2017-06-02 00:00:00-04:00,39.33000183105469
2017-06-05 00:00:00-04:00,39.70000076293945
2017-06-06 00:00:00-04:00,39.93000030517578
2017-06-07 00:00:00-04:00,41.849998474121094
2017-06-08 00:00:00-04:00,38.43000030517578
2017-06-09 00:00:00-04:00,38.290000915527344
2017-06-12 00:00:00-04:00,37.59000015258789
2017-06-13 00:00:00-04:00,37.2599983215332
2017-06-14 00:00:00-04:00,36.86000061035156
2017-06-15 00:00:00-04:00,36.09000015258789
2017-06-16 00:00:00-04:00,37.900001525878906
2017-06-19 00:00:00-04:00,38.099998474121094
2017-06-20 00:00:00-04:00,37.90999984741211
2017-06-21 00:00:00-04:00,37.959999084472656
2017-06-22 00:00:00-04:00,37.810001373291016
2017-06-23 00:00:00-04:00,38.099998474121094
2017-06-26 00:00:00-04:00,38.33000183105469
2017-06-27 00:00:00-04:00,38.150001525878906
2017-06-28 00:00:00-04:00,38.599998474121094
2017-06-29 00:00:00-04:00,39.04999923706055
2017-06-30 00:00:00-04:00,38.560001373291016
2017-07-03 00:00:00-04:00,39.099998474121094
2017-07-05 00:00:00-04:00,38.689998626708984
2017-07-06 00:00:00-04:00,39.02000045776367
2017-07-07 00:00:00-04:00,38.880001068115234
2017-07-10 00:00:00-04:00,39.939998626708984
2017-07-11 00:00:00-04:00,40.459999084472656
2017-07-12 00:00:00-04:00,40.63999938964844
2017-07-13 00:00:00-04:00,40.93000030517578
2017-07-14 00:00:00-04:00,41.22999954223633
2017-07-17 00:00:00-04:00,41.65999984741211
2017-07-18 00:00:00-04:00,41.720001220703125
2017-07-19 00:00:00-04:00,41.75
2017-07-20 00:00:00-04:00,41.900001525878906
2017-07-21 00:00:00-04:00,41.59000015258789
2017-07-24 00:00:00-04:00,42.060001373291016
2017-07-25 00:00:00-04:00,42.630001068115234
2017-07-26 00:00:00-04:00,42.810001373291016
2017-07-27 00:00:00-04:00,42.63999938964844
2017-07-28 00:00:00-04:00,42.04999923706055
2017-07-31 00:00:00-04:00,41.97999954223633
2017-08-01 00:00:00-04:00,41.90999984741211
2017-08-02 00:00:00-04:00,42.09000015258789
2017-08-03 00:00:00-04:00,41.77000045776367
2017-08-04 00:00:00-04:00,41.7599983215332
2017-08-07 00:00:00-04:00,41.88999938964844
2017-08-08 00:00:00-04:00,42.689998626708984
2017-08-09 00:00:00-04:00,42.5
2017-08-10 00:00:00-04:00,42.04999923706055
2017-08-11 00:00:00-04:00,41.099998474121094
2017-08-14 00:00:00-04:00,41.779998779296875
2017-08-15 00:00:00-04:00,41.939998626708984
2017-08-16 00:00:00-04:00,41.68000030517578
2017-08-17 00:00:00-04:00,41.54999923706055
2017-08-18 00:00:00-04:00,40.68000030517578
2017-08-21 00:00:00-04:00,40.369998931884766
2017-08-22 00:00:00-04:00,39.97999954223633
2017-08-23 00:00:00-04:00,40.029998779296875
2017-08-24 00:00:00-04:00,39.75
2017-08-25 00:00:00-04:00,39.9900016784668
2017-08-28 00:00:00-04:00,39.939998626708984
2017-08-29 00:00:00-04:00,39.540000915527344
2017-08-30 00:00:00-04:00,39.45000076293945
2017-08-31 00:00:00-04:00,40.25
2017-09-01 00:00:00-04:00,40.810001373291016
2017-09-05 00:00:00-04:00,40.470001220703125
2017-09-06 00:00:00-04:00,40.08000183105469
2017-09-07 00:00:00-04:00,40.08000183105469
2017-09-08 00:00:00-04:00,40.04999923706055
2017-09-11 00:00:00-04:00,40.060001373291016
2017-09-12 00:00:00-04:00,40.150001525878906
2017-09-13 00:00:00-04:00,40.529998779296875
2017-09-14 00:00:00-04:00,40.65999984741211
2017-09-15 00:00:00-04:00,41.029998779296875
2017-09-18 00:00:00-04:00,41.459999084472656
2017-09-19 00:00:00-04:00,41.63999938964844
2017-09-20 00:00:00-04:00,41.310001373291016
2017-09-21 00:00:00-04:00,40.599998474121094
2017-09-22 00:00:00-04:00,40.5
2017-09-25 00:00:00-04:00,40.31999969482422
2017-09-26 00:00:00-04:00,40.119998931884766
2017-09-27 00:00:00-04:00,40.08000183105469
2017-09-28 00:00:00-04:00,40.68000030517578
2017-09-29 00:00:00-04:00,41.380001068115234
2017-10-02 00:00:00-04:00,41.68000030517578
2017-10-03 00:00:00-04:00,42.18000030517578
2017-10-04 00:00:00-04:00,42.16999816894531
2017-10-05 00:00:00-04:00,42.650001525878906
2017-10-06 00:00:00-04:00,41.810001373291016
2017-10-09 00:00:00-04:00,41.79999923706055
2017-10-10 00:00:00-04:00,41.790000915527344
2017-10-11 00:00:00-04:00,42.119998931884766
2017-10-12 00:00:00-04:00,42.31999969482422
2017-10-13 00:00:00-04:00,42.52000045776367
2017-10-16 00:00:00-04:00,42.810001373291016
2017-10-17 00:00:00-04:00,42.47999954223633
2017-10-18 00:00:00-04:00,42.63999938964844
2017-10-19 00:00:00-04:00,42.650001525878906
2017-10-20 00:00:00-04:00,43.02000045776367
2017-10-23 00:00:00-04:00,42.939998626708984
2017-10-24 00:00:00-04:00,42.52000045776367
2017-10-25 00:00:00-04:00,43.0
2017-10-26 00:00:00-04:00,43.15999984741211
2017-10-27 00:00:00-04:00,42.9900016784668
2017-10-30 00:00:00-04:00,44.0
2017-10-31 00:00:00-04:00,44.310001373291016
2017-11-01 00:00:00-04:00,44.84000015258789
2017-11-02 00:00:00-04:00,44.43000030517578
2017-11-03 00:00:00-04:00,44.369998931884766
2017-11-06 00:00:00-05:00,44.7599983215332
2017-11-07 00:00:00-05:00,44.97999954223633
2017-11-08 00:00:00-05:00,45.18000030517578
2017-11-09 00:00:00-05:00,45.09000015258789
2017-11-10 00:00:00-05:00,44.279998779296875
2017-11-13 00:00:00-05:00,44.279998779296875
2017-11-14 00:00:00-05:00,44.11000061035156
2017-11-15 00:00:00-05:00,43.720001220703125
2017-11-16 00:00:00-05:00,43.72999954223633
2017-11-17 00:00:00-05:00,43.83000183105469
2017-11-20 00:00:00-05:00,43.68000030517578
2017-11-21 00:00:00-05:00,44.16999816894531
2017-11-22 00:00:00-05:00,45.33000183105469
2017-11-24 00:00:00-05:00,45.29999923706055
2017-11-27 00:00:00-05:00,45.220001220703125
2017-11-28 00:00:00-05:00,45.029998779296875
2017-11-29 00:00:00-05:00,44.63999938964844
2017-11-30 00:00:00-05:00,43.15999984741211
2017-12-01 00:00:00-05:00,43.369998931884766
2017-12-04 00:00:00-05:00,43.70000076293945
2017-12-05 00:00:00-05:00,42.0
2017-12-06 00:00:00-05:00,42.060001373291016
2017-12-07 00:00:00-05:00,44.5
2017-12-08 00:00:00-05:00,42.790000915527344
2017-12-11 00:00:00-05:00,43.220001220703125
2017-12-12 00:00:00-05:00,42.34000015258789
2017-12-13 00:00:00-05:00,41.81999969482422
2017-12-14 00:00:00-05:00,41.84000015258789
2017-12-15 00:00:00-05:00,41.77000045776367
2017-12-18 00:00:00-05:00,42.91999816894531
2017-12-19 00:00:00-05:00,43.02000045776367
2017-12-20 00:00:00-05:00,43.22999954223633
2017-12-21 00:00:00-05:00,42.90999984741211
2017-12-22 00:00:00-05:00,42.56999969482422
2017-12-26 00:00:00-05:00,41.86000061035156
2017-12-27 00:00:00-05:00,41.560001373291016
2017-12-28 00:00:00-05:00,41.75
2017-12-29 00:00:00-05:00,42.18000030517578
2018-01-02 00:00:00-05:00,41.900001525878906
2018-01-03 00:00:00-05:00,42.150001525878906
2018-01-04 00:00:00-05:00,42.91999816894531
2018-01-05 00:00:00-05:00,43.310001373291016
2018-01-08 00:00:00-05:00,44.04999923706055
2018-01-09 00:00:00-05:00,44.70000076293945
2018-01-10 00:00:00-05:00,45.04999923706055
2018-01-11 00:00:00-05:00,44.400001525878906
2018-01-12 00:00:00-05:00,44.970001220703125
2018-01-16 00:00:00-05:00,45.040000915527344
2018-01-17 00:00:00-05:00,44.970001220703125
2018-01-18 00:00:00-05:00,45.91999816894531
2018-01-19 00:00:00-05:00,45.83000183105469
2018-01-22 00:00:00-05:00,46.2400016784668
2018-01-23 00:00:00-05:00,46.5
2018-01-24 00:00:00-05:00,46.529998779296875
2018-01-25 00:00:00-05:00,46.36000061035156
2018-01-26 00:00:00-05:00,46.02000045776367
2018-01-29 00:00:00-05:00,46.79999923706055
2018-01-30 00:00:00-05:00,46.97999954223633
2018-01-31 00:00:00-05:00,47.5
2018-02-01 00:00:00-05:00,46.529998779296875
2018-02-02 00:00:00-05:00,46.70000076293945
2018-02-05 00:00:00-05:00,45.7599983215332
2018-02-06 00:00:00-05:00,43.939998626708984
2018-02-07 00:00:00-05:00,44.939998626708984
2018-02-08 00:00:00-05:00,45.279998779296875
2018-02-09 00:00:00-05:00,44.27000045776367
2018-02-12 00:00:00-05:00,43.54999923706055
2018-02-13 00:00:00-05:00,43.790000915527344
2018-02-14 00:00:00-05:00,44.04999923706055
2018-02-15 00:00:00-05:00,45.54999923706055
2018-02-16 00:00:00-05:00,45.90999984741211
2018-02-20 00:00:00-05:00,45.59000015258789
2018-02-21 00:00:00-05:00,45.880001068115234
2018-02-22 00:00:00-05:00,45.81999969482422
2018-02-23 00:00:00-05:00,45.83000183105469
2018-02-26 00:00:00-05:00,46.54999923706055
2018-02-27 00:00:00-05:00,47.599998474121094
2018-02-28 00:00:00-05:00,47.540000915527344
2018-03-01 00:00:00-05:00,47.040000915527344
2018-03-02 00:00:00-05:00,47.04999923706055
2018-03-05 00:00:00-05:00,48.9900016784668
2018-03-06 00:00:00-05:00,51.209999084472656
2018-03-07 00:00:00-05:00,52.27000045776367
2018-03-08 00:00:00-05:00,53.0
2018-03-09 00:00:00-05:00,53.08000183105469
2018-03-12 00:00:00-04:00,54.189998626708984
2018-03-13 00:00:00-04:00,54.650001525878906
2018-03-14 00:00:00-04:00,54.02000045776367
2018-03-15 00:00:00-04:00,53.81999969482422
2018-03-16 00:00:00-04:00,53.400001525878906
2018-03-19 00:00:00-04:00,53.150001525878906
2018-03-20 00:00:00-04:00,52.619998931884766
2018-03-21 00:00:00-04:00,52.689998626708984
2018-03-22 00:00:00-04:00,52.709999084472656
2018-03-23 00:00:00-04:00,51.81999969482422
2018-03-26 00:00:00-04:00,51.68000030517578
2018-03-27 00:00:00-04:00,52.45000076293945
2018-03-28 00:00:00-04:00,51.34000015258789
2018-03-29 00:00:00-04:00,51.36000061035156
2018-04-02 00:00:00-04:00,51.9900016784668
2018-04-03 00:00:00-04:00,51.43000030517578
2018-04-04 00:00:00-04:00,50.709999084472656
2018-04-05 00:00:00-04:00,52.33000183105469
2018-04-06 00:00:00-04:00,51.720001220703125
2018-04-09 00:00:00-04:00,51.08000183105469
2018-04-10 00:00:00-04:00,52.11000061035156
2018-04-11 00:00:00-04:00,52.59000015258789
2018-04-12 00:00:00-04:00,53.27000045776367
2018-04-13 00:00:00-04:00,54.08000183105469
2018-04-16 00:00:00-04:00,54.279998779296875
2018-04-17 00:00:00-04:00,53.95000076293945
2018-04-18 00:00:00-04:00,54.61000061035156
2018-04-19 00:00:00-04:00,54.33000183105469
2018-04-20 00:00:00-04:00,54.02000045776367
2018-04-23 00:00:00-04:00,53.720001220703125
2018-04-24 00:00:00-04:00,54.34000015258789
2018-04-25 00:00:00-04:00,53.38999938964844
2018-04-26 00:00:00-04:00,53.54999923706055
2018-04-27 00:00:00-04:00,53.790000915527344
2018-04-30 00:00:00-04:00,52.130001068115234
2018-05-01 00:00:00-04:00,51.470001220703125
2018-05-02 00:00:00-04:00,51.470001220703125
2018-05-03 00:00:00-04:00,51.08000183105469
2018-05-04 00:00:00-04:00,51.599998474121094
2018-05-07 00:00:00-04:00,52.5099983215332
2018-05-08 00:00:00-04:00,52.2400016784668
2018-05-09 00:00:00-04:00,52.86000061035156
2018-05-10 00:00:00-04:00,53.310001373291016
2018-05-11 00:00:00-04:00,53.099998474121094
2018-05-14 00:00:00-04:00,53.84000015258789
2018-05-15 00:00:00-04:00,52.97999954223633
2018-05-16 00:00:00-04:00,53.5099983215332
2018-05-17 00:00:00-04:00,53.5099983215332
2018-05-18 00:00:00-04:00,53.849998474121094
2018-05-21 00:00:00-04:00,54.099998474121094
2018-05-22 00:00:00-04:00,54.20000076293945
2018-05-23 00:00:00-04:00,53.529998779296875
2018-05-24 00:00:00-04:00,53.61000061035156
2018-05-25 00:00:00-04:00,53.459999084472656
2018-05-29 00:00:00-04:00,53.0099983215332
2018-05-30 00:00:00-04:00,53.36000061035156
2018-05-31 00:00:00-04:00,59.13999938964844
2018-06-01 00:00:00-04:00,59.41999816894531
2018-06-04 00:00:00-04:00,59.9900016784668
2018-06-05 00:00:00-04:00,61.2599983215332
2018-06-06 00:00:00-04:00,61.54999923706055
2018-06-07 00:00:00-04:00,61.97999954223633
2018-06-08 00:00:00-04:00,60.2400016784668
2018-06-11 00:00:00-04:00,60.97999954223633
2018-06-12 00:00:00-04:00,61.689998626708984
2018-06-13 00:00:00-04:00,61.61000061035156
2018-06-14 00:00:00-04:00,61.540000915527344
2018-06-15 00:00:00-04:00,61.08000183105469
2018-06-18 00:00:00-04:00,60.619998931884766
2018-06-19 00:00:00-04:00,61.20000076293945
2018-06-20 00:00:00-04:00,61.56999969482422
2018-06-21 00:00:00-04:00,60.790000915527344
2018-06-22 00:00:00-04:00,60.650001525878906
2018-06-25 00:00:00-04:00,59.79999923706055
2018-06-26 00:00:00-04:00,58.869998931884766
2018-06-27 00:00:00-04:00,59.54999923706055
2018-06-28 00:00:00-04:00,58.290000915527344
2018-06-29 00:00:00-04:00,59.20000076293945
2018-07-02 00:00:00-04:00,58.54999923706055
2018-07-03 00:00:00-04:00,59.91999816894531
2018-07-05 00:00:00-04:00,59.63999938964844
2018-07-06 00:00:00-04:00,59.5
2018-07-09 00:00:00-04:00,60.0
2018-07-10 00:00:00-04:00,60.38999938964844
2018-07-11 00:00:00-04:00,60.189998626708984
2018-07-12 00:00:00-04:00,59.95000076293945
2018-07-13 00:00:00-04:00,60.16999816894531
2018-07-16 00:00:00-04:00,60.0
2018-07-17 00:00:00-04:00,59.58000183105469
2018-07-18 00:00:00-04:00,60.540000915527344
2018-07-19 00:00:00-04:00,60.79999923706055
2018-07-20 00:00:00-04:00,61.02000045776367
2018-07-23 00:00:00-04:00,60.400001525878906
2018-07-24 00:00:00-04:00,60.150001525878906
2018-07-25 00:00:00-04:00,59.209999084472656
2018-07-26 00:00:00-04:00,59.630001068115234
2018-07-27 00:00:00-04:00,60.560001373291016
2018-07-30 00:00:00-04:00,59.119998931884766
2018-07-31 00:00:00-04:00,57.72999954223633
2018-08-01 00:00:00-04:00,58.0
2018-08-02 00:00:00-04:00,58.400001525878906
2018-08-03 00:00:00-04:00,59.65999984741211
2018-08-06 00:00:00-04:00,59.43000030517578
2018-08-07 00:00:00-04:00,60.16999816894531
2018-08-08 00:00:00-04:00,60.529998779296875
2018-08-09 00:00:00-04:00,60.45000076293945
2018-08-10 00:00:00-04:00,60.0
2018-08-13 00:00:00-04:00,59.900001525878906
2018-08-14 00:00:00-04:00,60.0
2018-08-15 00:00:00-04:00,60.2400016784668
2018-08-16 00:00:00-04:00,59.150001525878906
2018-08-17 00:00:00-04:00,59.689998626708984
2018-08-20 00:00:00-04:00,59.95000076293945
2018-08-21 00:00:00-04:00,60.29999923706055
2018-08-22 00:00:00-04:00,69.51000213623047
2018-08-23 00:00:00-04:00,64.3499984741211
2018-08-24 00:00:00-04:00,62.9900016784668
2018-08-27 00:00:00-04:00,63.22999954223633
2018-08-28 00:00:00-04:00,64.52999877929688
2018-08-29 00:00:00-04:00,64.33000183105469
2018-08-30 00:00:00-04:00,64.4000015258789
2018-08-31 00:00:00-04:00,64.38999938964844
2018-09-04 00:00:00-04:00,64.9000015258789
2018-09-05 00:00:00-04:00,65.5199966430664
2018-09-06 00:00:00-04:00,65.5999984741211
2018-09-07 00:00:00-04:00,65.54000091552734
2018-09-10 00:00:00-04:00,66.0
2018-09-11 00:00:00-04:00,65.91999816894531
2018-09-12 00:00:00-04:00,66.55000305175781
2018-09-13 00:00:00-04:00,66.48999786376953
2018-09-14 00:00:00-04:00,66.4000015258789
2018-09-17 00:00:00-04:00,65.80000305175781
2018-09-18 00:00:00-04:00,64.22000122070312
2018-09-19 00:00:00-04:00,65.38999938964844
2018-09-20 00:00:00-04:00,65.4000015258789
2018-09-21 00:00:00-04:00,64.95999908447266
2018-09-24 00:00:00-04:00,64.38999938964844
2018-09-25 00:00:00-04:00,64.94999694824219
2018-09-26 00:00:00-04:00,65.88999938964844
2018-09-27 00:00:00-04:00,65.05000305175781
2018-09-28 00:00:00-04:00,65.69000244140625
2018-10-01 00:00:00-04:00,66.69999694824219
2018-10-02 00:00:00-04:00,65.94999694824219
2018-10-03 00:00:00-04:00,66.11000061035156
2018-10-04 00:00:00-04:00,66.01000213623047
2018-10-05 00:00:00-04:00,65.48999786376953
2018-10-08 00:00:00-04:00,64.87000274658203
2018-10-09 00:00:00-04:00,63.77000045776367
2018-10-10 00:00:00-04:00,64.45999908447266
2018-10-11 00:00:00-04:00,60.630001068115234
2018-10-12 00:00:00-04:00,61.83000183105469
2018-10-15 00:00:00-04:00,62.0
2018-10-16 00:00:00-04:00,62.0
2018-10-17 00:00:00-04:00,63.130001068115234
2018-10-18 00:00:00-04:00,64.5
2018-10-19 00:00:00-04:00,63.439998626708984
2018-10-22 00:00:00-04:00,62.02000045776367
2018-10-23 00:00:00-04:00,61.16999816894531
2018-10-24 00:00:00-04:00,61.56999969482422
2018-10-25 00:00:00-04:00,58.150001525878906
2018-10-26 00:00:00-04:00,58.2400016784668
2018-10-29 00:00:00-04:00,59.45000076293945
2018-10-30 00:00:00-04:00,56.40999984741211
2018-10-31 00:00:00-04:00,55.31999969482422
2018-11-01 00:00:00-04:00,57.63999938964844
2018-11-02 00:00:00-04:00,57.84000015258789
2018-11-05 00:00:00-05:00,57.189998626708984
2018-11-06 00:00:00-05:00,58.20000076293945
2018-11-07 00:00:00-05:00,59.04999923706055
2018-11-08 00:00:00-05:00,60.88999938964844
2018-11-09 00:00:00-05:00,60.400001525878906
2018-11-12 00:00:00-05:00,58.79999923706055
2018-11-13 00:00:00-05:00,58.15999984741211
2018-11-14 00:00:00-05:00,58.470001220703125
2018-11-15 00:00:00-05:00,57.349998474121094
2018-11-16 00:00:00-05:00,58.369998931884766
2018-11-19 00:00:00-05:00,57.93000030517578
2018-11-20 00:00:00-05:00,54.720001220703125
2018-11-21 00:00:00-05:00,57.52000045776367
2018-11-23 00:00:00-05:00,56.56999969482422
2018-11-26 00:00:00-05:00,57.279998779296875
2018-11-27 00:00:00-05:00,58.290000915527344
2018-11-28 00:00:00-05:00,59.5099983215332
2018-11-29 00:00:00-05:00,61.380001068115234
2018-11-30 00:00:00-05:00,61.52000045776367
2018-12-03 00:00:00-05:00,62.689998626708984
2018-12-04 00:00:00-05:00,62.189998626708984
2018-12-06 00:00:00-05:00,59.790000915527344
2018-12-07 00:00:00-05:00,60.650001525878906
2018-12-10 00:00:00-05:00,58.59000015258789
2018-12-11 00:00:00-05:00,60.65999984741211
2018-12-12 00:00:00-05:00,60.54999923706055
2018-12-13 00:00:00-05:00,60.77000045776367
2018-12-14 00:00:00-05:00,60.130001068115234
2018-12-17 00:00:00-05:00,61.33000183105469
2018-12-18 00:00:00-05:00,60.380001068115234
2018-12-19 00:00:00-05:00,60.939998626708984
2018-12-20 00:00:00-05:00,59.97999954223633
2018-12-21 00:00:00-05:00,58.91999816894531
2018-12-24 00:00:00-05:00,56.84000015258789
2018-12-26 00:00:00-05:00,56.36000061035156
2018-12-27 00:00:00-05:00,57.97999954223633
2018-12-28 00:00:00-05:00,59.83000183105469
2018-12-31 00:00:00-05:00,60.72999954223633
2019-01-02 00:00:00-05:00,61.16999816894531
2019-01-03 00:00:00-05:00,60.68000030517578
2019-01-04 00:00:00-05:00,59.36000061035156
2019-01-07 00:00:00-05:00,61.9900016784668
2019-01-08 00:00:00-05:00,65.04000091552734
2019-01-09 00:00:00-05:00,65.98999786376953
2019-01-10 00:00:00-05:00,66.8499984741211
2019-01-11 00:00:00-05:00,66.88999938964844
2019-01-14 00:00:00-05:00,67.18000030517578
2019-01-15 00:00:00-05:00,67.41000366210938
2019-01-16 00:00:00-05:00,68.51000213623047
2019-01-17 00:00:00-05:00,69.05000305175781
2019-01-18 00:00:00-05:00,69.5199966430664
2019-01-22 00:00:00-05:00,69.31999969482422
2019-01-23 00:00:00-05:00,68.2300033569336
2019-01-24 00:00:00-05:00,67.94000244140625
2019-01-25 00:00:00-05:00,71.54000091552734
2019-01-28 00:00:00-05:00,71.12999725341797
2019-01-29 00:00:00-05:00,72.55999755859375
2019-01-30 00:00:00-05:00,72.0999984741211
2019-01-31 00:00:00-05:00,73.41000366210938
2019-02-01 00:00:00-05:00,74.3499984741211
2019-02-04 00:00:00-05:00,75.26000213623047
2019-02-05 00:00:00-05:00,75.8499984741211
2019-02-06 00:00:00-05:00,75.63999938964844
2019-02-07 00:00:00-05:00,76.51000213623047
2019-02-08 00:00:00-05:00,75.80000305175781
2019-02-11 00:00:00-05:00,77.12999725341797
2019-02-12 00:00:00-05:00,78.44999694824219
2019-02-13 00:00:00-05:00,78.9800033569336
2019-02-14 00:00:00-05:00,78.86000061035156
2019-02-15 00:00:00-05:00,79.88999938964844
2019-02-19 00:00:00-05:00,81.33000183105469
2019-02-20 00:00:00-05:00,81.0
2019-02-21 00:00:00-05:00,81.45999908447266
2019-02-22 00:00:00-05:00,84.13999938964844
2019-02-25 00:00:00-05:00,83.31999969482422
2019-02-26 00:00:00-05:00,83.19999694824219
2019-02-27 00:00:00-05:00,84.5
2019-02-28 00:00:00-05:00,84.5999984741211
2019-03-01 00:00:00-05:00,85.0
2019-03-04 00:00:00-05:00,86.1500015258789
2019-03-05 00:00:00-05:00,85.5
2019-03-06 00:00:00-05:00,85.3499984741211
2019-03-07 00:00:00-05:00,85.0
2019-03-08 00:00:00-05:00,83.66999816894531
2019-03-11 00:00:00-04:00,84.30000305175781
2019-03-12 00:00:00-04:00,85.04000091552734
2019-03-13 00:00:00-04:00,85.20999908447266
2019-03-14 00:00:00-04:00,84.41000366210938
2019-03-15 00:00:00-04:00,85.36000061035156
2019-03-18 00:00:00-04:00,85.9800033569336
2019-03-19 00:00:00-04:00,86.22000122070312
2019-03-20 00:00:00-04:00,86.4000015258789
2019-03-21 00:00:00-04:00,86.25
2019-03-22 00:00:00-04:00,87.08000183105469
2019-03-25 00:00:00-04:00,84.75
2019-03-26 00:00:00-04:00,85.5
2019-03-27 00:00:00-04:00,85.62999725341797
2019-03-28 00:00:00-04:00,85.62000274658203
2019-03-29 00:00:00-04:00,87.0
2019-04-01 00:00:00-04:00,88.0
2019-04-02 00:00:00-04:00,89.2699966430664
2019-04-03 00:00:00-04:00,89.68000030517578
2019-04-04 00:00:00-04:00,90.0
2019-04-05 00:00:00-04:00,89.37000274658203
2019-04-08 00:00:00-04:00,89.19000244140625
2019-04-09 00:00:00-04:00,89.44000244140625
2019-04-10 00:00:00-04:00,90.12000274658203
2019-04-11 00:00:00-04:00,90.83999633789062
2019-04-12 00:00:00-04:00,91.77999877929688
2019-04-15 00:00:00-04:00,92.0
2019-04-16 00:00:00-04:00,92.0
2019-04-17 00:00:00-04:00,91.0
2019-04-18 00:00:00-04:00,88.48999786376953
2019-04-22 00:00:00-04:00,90.0
2019-04-23 00:00:00-04:00,90.8499984741211
2019-04-24 00:00:00-04:00,92.37000274658203
2019-04-25 00:00:00-04:00,92.0199966430664
2019-04-26 00:00:00-04:00,87.2300033569336
2019-04-29 00:00:00-04:00,86.27999877929688
2019-04-30 00:00:00-04:00,86.5
2019-05-01 00:00:00-04:00,88.0
2019-05-02 00:00:00-04:00,85.75
2019-05-03 00:00:00-04:00,88.0
2019-05-06 00:00:00-04:00,86.1500015258789
2019-05-07 00:00:00-04:00,87.19999694824219
2019-05-08 00:00:00-04:00,86.4000015258789
2019-05-09 00:00:00-04:00,85.83999633789062
2019-05-10 00:00:00-04:00,85.80000305175781
2019-05-13 00:00:00-04:00,84.12000274658203
2019-05-14 00:00:00-04:00,82.9000015258789
2019-05-15 00:00:00-04:00,83.5
2019-05-16 00:00:00-04:00,84.4800033569336
2019-05-17 00:00:00-04:00,83.9800033569336
2019-05-20 00:00:00-04:00,77.80999755859375
2019-05-21 00:00:00-04:00,75.47000122070312
2019-05-22 00:00:00-04:00,75.0
2019-05-23 00:00:00-04:00,74.66999816894531
2019-05-24 00:00:00-04:00,74.1500015258789
2019-05-28 00:00:00-04:00,74.08999633789062
2019-05-29 00:00:00-04:00,72.54000091552734
2019-05-30 00:00:00-04:00,79.76000213623047
2019-05-31 00:00:00-04:00,78.58000183105469
2019-06-03 00:00:00-04:00,75.1500015258789
2019-06-04 00:00:00-04:00,75.25
2019-06-05 00:00:00-04:00,78.73999786376953
2019-06-06 00:00:00-04:00,79.3499984741211
2019-06-07 00:00:00-04:00,80.0999984741211
2019-06-10 00:00:00-04:00,82.80999755859375
2019-06-11 00:00:00-04:00,82.93000030517578
2019-06-12 00:00:00-04:00,83.66999816894531
2019-06-13 00:00:00-04:00,84.41000366210938
2019-06-14 00:00:00-04:00,84.23999786376953
2019-06-17 00:00:00-04:00,83.80000305175781
2019-06-18 00:00:00-04:00,83.80999755859375
2019-06-19 00:00:00-04:00,86.0
2019-06-20 00:00:00-04:00,87.62000274658203
2019-06-21 00:00:00-04:00,88.0
2019-06-24 00:00:00-04:00,86.2699966430664
2019-06-25 00:00:00-04:00,86.12000274658203
2019-06-26 00:00:00-04:00,86.01000213623047
2019-06-27 00:00:00-04:00,87.58000183105469
2019-06-28 00:00:00-04:00,87.31999969482422
2019-07-01 00:00:00-04:00,91.9000015258789
2019-07-02 00:00:00-04:00,92.5
2019-07-03 00:00:00-04:00,90.8499984741211
2019-07-05 00:00:00-04:00,90.5
2019-07-08 00:00:00-04:00,90.5199966430664
2019-07-09 00:00:00-04:00,89.69999694824219
2019-07-10 00:00:00-04:00,90.47000122070312
2019-07-11 00:00:00-04:00,89.25
2019-07-12 00:00:00-04:00,89.68000030517578
2019-07-15 00:00:00-04:00,91.5
2019-07-16 00:00:00-04:00,90.83000183105469
2019-07-17 00:00:00-04:00,89.19999694824219
2019-07-18 00:00:00-04:00,87.75
2019-07-19 00:00:00-04:00,87.73999786376953
2019-07-22 00:00:00-04:00,85.62000274658203
2019-07-23 00:00:00-04:00,87.66999816894531
2019-07-24 00:00:00-04:00,89.38999938964844
2019-07-25 00:00:00-04:00,93.0
2019-07-26 00:00:00-04:00,91.44999694824219
2019-07-29 00:00:00-04:00,91.0
2019-07-30 00:00:00-04:00,89.8499984741211
2019-07-31 00:00:00-04:00,91.16999816894531
2019-08-01 00:00:00-04:00,89.33999633789062
2019-08-02 00:00:00-04:00,89.0
2019-08-05 00:00:00-04:00,85.29000091552734
2019-08-06 00:00:00-04:00,84.58999633789062
2019-08-07 00:00:00-04:00,84.44999694824219
2019-08-08 00:00:00-04:00,86.91999816894531
2019-08-09 00:00:00-04:00,88.41999816894531
2019-08-12 00:00:00-04:00,86.5999984741211
2019-08-13 00:00:00-04:00,85.55000305175781
2019-08-14 00:00:00-04:00,86.81999969482422
2019-08-15 00:00:00-04:00,84.26000213623047
2019-08-16 00:00:00-04:00,84.4000015258789
2019-08-19 00:00:00-04:00,87.66000366210938
2019-08-20 00:00:00-04:00,87.11000061035156
2019-08-21 00:00:00-04:00,88.55000305175781
2019-08-22 00:00:00-04:00,94.44000244140625
2019-08-23 00:00:00-04:00,97.4800033569336
2019-08-26 00:00:00-04:00,94.16999816894531
2019-08-27 00:00:00-04:00,95.2300033569336
2019-08-28 00:00:00-04:00,94.36000061035156
2019-08-29 00:00:00-04:00,97.3499984741211
2019-08-30 00:00:00-04:00,97.08000183105469
2019-09-03 00:00:00-04:00,96.0
2019-09-04 00:00:00-04:00,96.06999969482422
2019-09-05 00:00:00-04:00,96.58000183105469
2019-09-06 00:00:00-04:00,99.02999877929688
2019-09-09 00:00:00-04:00,99.20999908447266
2019-09-10 00:00:00-04:00,97.6500015258789
2019-09-11 00:00:00-04:00,98.45999908447266
2019-09-12 00:00:00-04:00,98.86000061035156
2019-09-13 00:00:00-04:00,99.04000091552734
2019-09-16 00:00:00-04:00,99.05000305175781
2019-09-17 00:00:00-04:00,99.3499984741211
2019-09-18 00:00:00-04:00,101.16000366210938
2019-09-19 00:00:00-04:00,101.30000305175781
2019-09-20 00:00:00-04:00,100.44000244140625
2019-09-23 00:00:00-04:00,99.04000091552734
2019-09-24 00:00:00-04:00,100.9000015258789
2019-09-25 00:00:00-04:00,98.0
2019-09-26 00:00:00-04:00,99.5999984741211
2019-09-27 00:00:00-04:00,99.94999694824219
2019-09-30 00:00:00-04:00,96.73999786376953
2019-10-01 00:00:00-04:00,97.86000061035156
2019-10-02 00:00:00-04:00,94.76000213623047
2019-10-03 00:00:00-04:00,94.91999816894531
2019-10-04 00:00:00-04:00,95.45999908447266
2019-10-07 00:00:00-04:00,96.27999877929688
2019-10-08 00:00:00-04:00,96.0199966430664
2019-10-09 00:00:00-04:00,92.73999786376953
2019-10-10 00:00:00-04:00,94.33000183105469
2019-10-11 00:00:00-04:00,96.55999755859375
2019-10-14 00:00:00-04:00,94.75
2019-10-15 00:00:00-04:00,96.05000305175781
2019-10-16 00:00:00-04:00,97.5
2019-10-17 00:00:00-04:00,96.41000366210938
2019-10-18 00:00:00-04:00,97.91999816894531
2019-10-21 00:00:00-04:00,98.9000015258789
2019-10-22 00:00:00-04:00,102.75
2019-10-23 00:00:00-04:00,102.05000305175781
2019-10-24 00:00:00-04:00,103.5
2019-10-25 00:00:00-04:00,100.5999984741211
2019-10-28 00:00:00-04:00,102.30000305175781
2019-10-29 00:00:00-04:00,102.41999816894531
2019-10-30 00:00:00-04:00,104.05000305175781
2019-10-31 00:00:00-04:00,103.19999694824219
2019-11-01 00:00:00-04:00,101.55000305175781
2019-11-04 00:00:00-05:00,103.43000030517578
2019-11-05 00:00:00-05:00,104.9000015258789
2019-11-06 00:00:00-05:00,104.37000274658203
2019-11-07 00:00:00-05:00,104.0
2019-11-08 00:00:00-05:00,103.73999786376953
2019-11-11 00:00:00-05:00,104.48999786376953
2019-11-12 00:00:00-05:00,106.43000030517578
2019-11-13 00:00:00-05:00,106.3499984741211
2019-11-14 00:00:00-05:00,106.0
2019-11-15 00:00:00-05:00,107.62000274658203
2019-11-18 00:00:00-05:00,110.0
2019-11-19 00:00:00-05:00,107.51000213623047
2019-11-20 00:00:00-05:00,107.66000366210938
2019-11-21 00:00:00-05:00,107.16999816894531
2019-11-22 00:00:00-05:00,106.0
2019-11-25 00:00:00-05:00,104.83999633789062
2019-11-26 00:00:00-05:00,107.29000091552734
2019-11-27 00:00:00-05:00,107.45999908447266
2019-11-29 00:00:00-05:00,106.73999786376953
2019-12-02 00:00:00-05:00,107.06999969482422
2019-12-03 00:00:00-05:00,101.38999938964844
2019-12-04 00:00:00-05:00,102.41000366210938
2019-12-05 00:00:00-05:00,103.5
2019-12-06 00:00:00-05:00,102.2300033569336
2019-12-09 00:00:00-05:00,102.54000091552734
2019-12-10 00:00:00-05:00,101.4800033569336
2019-12-11 00:00:00-05:00,101.9000015258789
2019-12-12 00:00:00-05:00,103.47000122070312
2019-12-13 00:00:00-05:00,106.76000213623047
2019-12-16 00:00:00-05:00,108.05000305175781
2019-12-17 00:00:00-05:00,105.16999816894531
2019-12-18 00:00:00-05:00,104.88999938964844
2019-12-19 00:00:00-05:00,103.91999816894531
2019-12-20 00:00:00-05:00,104.44000244140625
2019-12-23 00:00:00-05:00,103.12000274658203
2019-12-24 00:00:00-05:00,104.0
2019-12-26 00:00:00-05:00,104.0
2019-12-27 00:00:00-05:00,103.94999694824219
2019-12-30 00:00:00-05:00,103.12000274658203
2019-12-31 00:00:00-05:00,101.72000122070312
2020-01-02 00:00:00-05:00,103.83999633789062
2020-01-03 00:00:00-05:00,102.41000366210938
2020-01-06 00:00:00-05:00,100.87999725341797
2020-01-07 00:00:00-05:00,100.56999969482422
2020-01-08 00:00:00-05:00,100.5999984741211
2020-01-09 00:00:00-05:00,102.0
2020-01-10 00:00:00-05:00,102.0
2020-01-13 00:00:00-05:00,100.44000244140625
2020-01-14 00:00:00-05:00,102.45999908447266
2020-01-15 00:00:00-05:00,101.12000274658203
2020-01-16 00:00:00-05:00,102.0
2020-01-17 00:00:00-05:00,103.87000274658203
2020-01-21 00:00:00-05:00,105.30000305175781
2020-01-22 00:00:00-05:00,105.76000213623047
2020-01-23 00:00:00-05:00,106.13999938964844
2020-01-24 00:00:00-05:00,104.83999633789062
2020-01-27 00:00:00-05:00,100.69000244140625
2020-01-28 00:00:00-05:00,100.62000274658203
2020-01-29 00:00:00-05:00,102.7300033569336
2020-01-30 00:00:00-05:00,94.9800033569336
2020-01-31 00:00:00-05:00,95.18000030517578
2020-02-03 00:00:00-05:00,93.8499984741211
2020-02-04 00:00:00-05:00,94.87000274658203
2020-02-05 00:00:00-05:00,95.55000305175781
2020-02-06 00:00:00-05:00,96.73999786376953
2020-02-07 00:00:00-05:00,96.0
2020-02-10 00:00:00-05:00,94.25
2020-02-11 00:00:00-05:00,95.5
2020-02-12 00:00:00-05:00,96.81999969482422
2020-02-13 00:00:00-05:00,97.83000183105469
2020-02-14 00:00:00-05:00,97.0
2020-02-18 00:00:00-05:00,98.0
2020-02-19 00:00:00-05:00,97.8499984741211
2020-02-20 00:00:00-05:00,98.4800033569336
2020-02-21 00:00:00-05:00,97.88999938964844
2020-02-24 00:00:00-05:00,93.0
2020-02-25 00:00:00-05:00,99.79000091552734
2020-02-26 00:00:00-05:00,94.68000030517578
2020-02-27 00:00:00-05:00,91.36000061035156
2020-02-28 00:00:00-05:00,89.5
2020-03-02 00:00:00-05:00,94.94000244140625
2020-03-03 00:00:00-05:00,97.0
2020-03-04 00:00:00-05:00,95.44000244140625
2020-03-05 00:00:00-05:00,95.41000366210938
2020-03-06 00:00:00-05:00,95.80999755859375
2020-03-09 00:00:00-04:00,90.19999694824219
2020-03-10 00:00:00-04:00,91.79000091552734
2020-03-11 00:00:00-04:00,92.37000274658203
2020-03-12 00:00:00-04:00,85.70999908447266
2020-03-13 00:00:00-04:00,87.08999633789062
2020-03-16 00:00:00-04:00,80.77999877929688
2020-03-17 00:00:00-04:00,85.4000015258789
2020-03-18 00:00:00-04:00,86.62999725341797
2020-03-19 00:00:00-04:00,85.16000366210938
2020-03-20 00:00:00-04:00,86.18000030517578
2020-03-23 00:00:00-04:00,82.66000366210938
2020-03-24 00:00:00-04:00,84.76000213623047
2020-03-25 00:00:00-04:00,84.18000030517578
2020-03-26 00:00:00-04:00,82.0999984741211
2020-03-27 00:00:00-04:00,82.9800033569336
2020-03-30 00:00:00-04:00,79.38999938964844
2020-03-31 00:00:00-04:00,85.18000030517578
2020-04-01 00:00:00-04:00,81.19000244140625
2020-04-02 00:00:00-04:00,79.88999938964844
2020-04-03 00:00:00-04:00,83.5999984741211
2020-04-06 00:00:00-04:00,85.55999755859375
2020-04-07 00:00:00-04:00,93.30999755859375
2020-04-08 00:00:00-04:00,90.11000061035156
2020-04-09 00:00:00-04:00,91.05999755859375
2020-04-13 00:00:00-04:00,91.41000366210938
2020-04-14 00:00:00-04:00,93.63999938964844
2020-04-15 00:00:00-04:00,93.29000091552734
2020-04-16 00:00:00-04:00,93.12999725341797
2020-04-17 00:00:00-04:00,97.6500015258789
2020-04-20 00:00:00-04:00,95.37000274658203
2020-04-21 00:00:00-04:00,94.47000122070312
2020-04-22 00:00:00-04:00,93.61000061035156
2020-04-23 00:00:00-04:00,95.58999633789062
2020-04-24 00:00:00-04:00,96.0
2020-04-27 00:00:00-04:00,97.75
2020-04-28 00:00:00-04:00,98.26000213623047
2020-04-29 00:00:00-04:00,98.5
2020-04-30 00:00:00-04:00,98.18000030517578
2020-05-01 00:00:00-04:00,95.05000305175781
2020-05-04 00:00:00-04:00,93.44000244140625
2020-05-05 00:00:00-04:00,94.43000030517578
2020-05-06 00:00:00-04:00,97.30999755859375
2020-05-07 00:00:00-04:00,99.73999786376953
2020-05-08 00:00:00-04:00,98.18000030517578
2020-05-11 00:00:00-04:00,99.76000213623047
2020-05-12 00:00:00-04:00,101.4000015258789
2020-05-13 00:00:00-04:00,99.05999755859375
2020-05-14 00:00:00-04:00,96.55999755859375
2020-05-15 00:00:00-04:00,96.29000091552734
2020-05-18 00:00:00-04:00,95.86000061035156
2020-05-19 00:00:00-04:00,96.8499984741211
2020-05-20 00:00:00-04:00,98.41000366210938
2020-05-21 00:00:00-04:00,102.4000015258789
2020-05-22 00:00:00-04:00,100.58000183105469
2020-05-26 00:00:00-04:00,103.0
2020-05-27 00:00:00-04:00,97.5
2020-05-28 00:00:00-04:00,102.0
2020-05-29 00:00:00-04:00,103.0
2020-06-01 00:00:00-04:00,107.93000030517578
2020-06-02 00:00:00-04:00,106.25
2020-06-03 00:00:00-04:00,106.5
2020-06-04 00:00:00-04:00,105.0
2020-06-05 00:00:00-04:00,103.62999725341797
2020-06-08 00:00:00-04:00,105.5199966430664
2020-06-09 00:00:00-04:00,102.72000122070312
2020-06-10 00:00:00-04:00,103.4000015258789
2020-06-11 00:00:00-04:00,99.98999786376953
2020-06-12 00:00:00-04:00,100.0999984741211
2020-06-15 00:00:00-04:00,94.06999969482422
2020-06-16 00:00:00-04:00,101.29000091552734
2020-06-17 00:00:00-04:00,102.19999694824219
2020-06-18 00:00:00-04:00,103.97000122070312
2020-06-19 00:00:00-04:00,104.08999633789062
2020-06-22 00:00:00-04:00,105.68000030517578
2020-06-23 00:00:00-04:00,105.5
2020-06-24 00:00:00-04:00,104.0
2020-06-25 00:00:00-04:00,100.98999786376953
2020-06-26 00:00:00-04:00,100.0
2020-06-29 00:00:00-04:00,98.25
2020-06-30 00:00:00-04:00,97.9800033569336
2020-07-01 00:00:00-04:00,101.19999694824219
2020-07-02 00:00:00-04:00,100.25
2020-07-06 00:00:00-04:00,102.0
2020-07-07 00:00:00-04:00,100.98999786376953
2020-07-08 00:00:00-04:00,100.41999816894531
2020-07-09 00:00:00-04:00,99.83000183105469
2020-07-10 00:00:00-04:00,99.5
2020-07-13 00:00:00-04:00,98.30999755859375
2020-07-14 00:00:00-04:00,94.0
2020-07-15 00:00:00-04:00,97.41000366210938
2020-07-16 00:00:00-04:00,96.52999877929688
2020-07-17 00:00:00-04:00,96.76000213623047
2020-07-20 00:00:00-04:00,97.77999877929688
2020-07-21 00:00:00-04:00,98.33999633789062
2020-07-22 00:00:00-04:00,98.91999816894531
2020-07-23 00:00:00-04:00,98.91999816894531
2020-07-24 00:00:00-04:00,98.1500015258789
2020-07-27 00:00:00-04:00,97.19999694824219
2020-07-28 00:00:00-04:00,97.94000244140625
2020-07-29 00:00:00-04:00,96.16999816894531
2020-07-30 00:00:00-04:00,95.83000183105469
2020-07-31 00:00:00-04:00,99.7699966430664
2020-08-03 00:00:00-04:00,99.2300033569336
2020-08-04 00:00:00-04:00,101.0
2020-08-05 00:00:00-04:00,100.58999633789062
2020-08-06 00:00:00-04:00,100.19000244140625
2020-08-07 00:00:00-04:00,99.9000015258789
2020-08-10 00:00:00-04:00,98.1500015258789
2020-08-11 00:00:00-04:00,98.2300033569336
2020-08-12 00:00:00-04:00,99.2699966430664
2020-08-13 00:00:00-04:00,101.86000061035156
2020-08-14 00:00:00-04:00,102.55000305175781
2020-08-17 00:00:00-04:00,103.5
2020-08-18 00:00:00-04:00,102.47000122070312
2020-08-19 00:00:00-04:00,103.0
2020-08-20 00:00:00-04:00,103.41999816894531
2020-08-21 00:00:00-04:00,105.62000274658203
2020-08-24 00:00:00-04:00,97.1500015258789
2020-08-25 00:00:00-04:00,96.5
2020-08-26 00:00:00-04:00,97.58999633789062
2020-08-27 00:00:00-04:00,98.88999938964844
2020-08-28 00:00:00-04:00,96.19000244140625
2020-08-31 00:00:00-04:00,98.0
2020-09-01 00:00:00-04:00,98.54000091552734
2020-09-02 00:00:00-04:00,99.54000091552734
2020-09-03 00:00:00-04:00,101.33000183105469
2020-09-04 00:00:00-04:00,97.19999694824219
2020-09-08 00:00:00-04:00,93.95999908447266
2020-09-09 00:00:00-04:00,94.83000183105469
2020-09-10 00:00:00-04:00,93.47000122070312
2020-09-11 00:00:00-04:00,91.2300033569336
2020-09-14 00:00:00-04:00,93.33000183105469
2020-09-15 00:00:00-04:00,95.30000305175781
2020-09-16 00:00:00-04:00,98.27999877929688
2020-09-17 00:00:00-04:00,96.06999969482422
2020-09-18 00:00:00-04:00,98.27999877929688
2020-09-21 00:00:00-04:00,96.58000183105469
2020-09-22 00:00:00-04:00,97.9800033569336
2020-09-23 00:00:00-04:00,97.44999694824219
2020-09-24 00:00:00-04:00,96.0
2020-09-25 00:00:00-04:00,96.18000030517578
2020-09-28 00:00:00-04:00,98.79000091552734
2020-09-29 00:00:00-04:00,100.48999786376953
2020-09-30 00:00:00-04:00,99.69000244140625
2020-10-01 00:00:00-04:00,99.68000030517578
2020-10-02 00:00:00-04:00,96.0
2020-10-05 00:00:00-04:00,99.29000091552734
2020-10-06 00:00:00-04:00,99.69000244140625
2020-10-07 00:00:00-04:00,100.52999877929688
2020-10-08 00:00:00-04:00,101.4000015258789
2020-10-09 00:00:00-04:00,103.5
2020-10-12 00:00:00-04:00,105.41000366210938
2020-10-13 00:00:00-04:00,105.56999969482422
2020-10-14 00:00:00-04:00,104.94999694824219
2020-10-15 00:00:00-04:00,104.02999877929688
2020-10-16 00:00:00-04:00,105.48999786376953
2020-10-19 00:00:00-04:00,105.1500015258789
2020-10-20 00:00:00-04:00,107.0
2020-10-21 00:00:00-04:00,106.08999633789062
2020-10-22 00:00:00-04:00,106.20999908447266
2020-10-23 00:00:00-04:00,106.37000274658203
2020-10-26 00:00:00-04:00,106.6500015258789
2020-10-27 00:00:00-04:00,106.2300033569336
2020-10-28 00:00:00-04:00,105.41999816894531
2020-10-29 00:00:00-04:00,104.08000183105469
2020-10-30 00:00:00-04:00,104.23999786376953
2020-11-02 00:00:00-05:00,105.37000274658203
2020-11-03 00:00:00-05:00,106.01000213623047
2020-11-04 00:00:00-05:00,108.61000061035156
2020-11-05 00:00:00-05:00,109.04000091552734
2020-11-06 00:00:00-05:00,110.73999786376953
2020-11-09 00:00:00-05:00,115.29000091552734
2020-11-10 00:00:00-05:00,114.70999908447266
2020-11-11 00:00:00-05:00,112.19000244140625
2020-11-12 00:00:00-05:00,115.0
2020-11-13 00:00:00-05:00,115.0
2020-11-16 00:00:00-05:00,117.0
2020-11-17 00:00:00-05:00,117.0
2020-11-18 00:00:00-05:00,117.77999877929688
2020-11-19 00:00:00-05:00,114.19999694824219
2020-11-20 00:00:00-05:00,118.0
2020-11-23 00:00:00-05:00,117.0
2020-11-24 00:00:00-05:00,118.13999938964844
2020-11-25 00:00:00-05:00,117.88999938964844
2020-11-27 00:00:00-05:00,118.2300033569336
2020-11-30 00:00:00-05:00,119.4000015258789
2020-12-01 00:00:00-05:00,120.5
2020-12-02 00:00:00-05:00,120.44999694824219
2020-12-03 00:00:00-05:00,121.87999725341797
2020-12-04 00:00:00-05:00,123.12000274658203
2020-12-07 00:00:00-05:00,123.87999725341797
2020-12-08 00:00:00-05:00,124.66999816894531
2020-12-09 00:00:00-05:00,126.91999816894531
2020-12-10 00:00:00-05:00,123.08000183105469
2020-12-11 00:00:00-05:00,124.5199966430664
2020-12-14 00:00:00-05:00,126.55000305175781
2020-12-15 00:00:00-05:00,125.12999725341797
2020-12-16 00:00:00-05:00,123.44999694824219
2020-12-17 00:00:00-05:00,124.91000366210938
2020-12-18 00:00:00-05:00,127.1500015258789
2020-12-21 00:00:00-05:00,126.98999786376953
2020-12-22 00:00:00-05:00,126.94000244140625
2020-12-23 00:00:00-05:00,129.47000122070312
2020-12-24 00:00:00-05:00,130.7100067138672
2020-12-28 00:00:00-05:00,132.5
2020-12-29 00:00:00-05:00,132.13999938964844
2020-12-30 00:00:00-05:00,130.64999389648438
2020-12-31 00:00:00-05:00,131.72000122070312
2021-01-04 00:00:00-05:00,132.4199981689453
2021-01-05 00:00:00-05:00,131.5
2021-01-06 00:00:00-05:00,133.60000610351562
2021-01-07 00:00:00-05:00,137.14999389648438
2021-01-08 00:00:00-05:00,140.91000366210938
2021-01-11 00:00:00-05:00,145.0
2021-01-12 00:00:00-05:00,149.60000610351562
2021-01-13 00:00:00-05:00,147.60000610351562
2021-01-14 00:00:00-05:00,147.3800048828125
2021-01-15 00:00:00-05:00,148.38999938964844
2021-01-19 00:00:00-05:00,147.13999938964844
2021-01-20 00:00:00-05:00,148.7100067138672
2021-01-21 00:00:00-05:00,148.0800018310547
2021-01-22 00:00:00-05:00,146.2899932861328
2021-01-25 00:00:00-05:00,145.94000244140625
2021-01-26 00:00:00-05:00,146.0500030517578
2021-01-27 00:00:00-05:00,144.8800048828125
2021-01-28 00:00:00-05:00,152.0
2021-01-29 00:00:00-05:00,145.5
2021-02-01 00:00:00-05:00,142.8800048828125
2021-02-02 00:00:00-05:00,143.97000122070312
2021-02-03 00:00:00-05:00,142.4600067138672
2021-02-04 00:00:00-05:00,142.27999877929688
2021-02-05 00:00:00-05:00,141.1699981689453
2021-02-08 00:00:00-05:00,144.0
2021-02-09 00:00:00-05:00,144.3800048828125
2021-02-10 00:00:00-05:00,147.38999938964844
2021-02-11 00:00:00-05:00,149.49000549316406
2021-02-12 00:00:00-05:00,150.77999877929688
2021-02-16 00:00:00-05:00,154.5
2021-02-17 00:00:00-05:00,150.39999389648438
2021-02-18 00:00:00-05:00,147.38999938964844
2021-02-19 00:00:00-05:00,150.6199951171875
2021-02-22 00:00:00-05:00,141.61000061035156
2021-02-23 00:00:00-05:00,135.8699951171875
2021-02-24 00:00:00-05:00,138.64999389648438
2021-02-25 00:00:00-05:00,143.3300018310547
2021-02-26 00:00:00-05:00,140.67999267578125
2021-03-01 00:00:00-05:00,144.00999450683594
2021-03-02 00:00:00-05:00,144.9499969482422
2021-03-03 00:00:00-05:00,141.75999450683594
2021-03-04 00:00:00-05:00,137.0
2021-03-05 00:00:00-05:00,133.8800048828125
2021-03-08 00:00:00-05:00,134.49000549316406
2021-03-09 00:00:00-05:00,133.8699951171875
2021-03-10 00:00:00-05:00,137.58999633789062
2021-03-11 00:00:00-05:00,138.02000427246094
2021-03-12 00:00:00-05:00,135.02000427246094
2021-03-15 00:00:00-04:00,136.6300048828125
2021-03-16 00:00:00-04:00,137.27000427246094
2021-03-17 00:00:00-04:00,136.39999389648438
2021-03-18 00:00:00-04:00,135.8699951171875
2021-03-19 00:00:00-04:00,136.33999633789062
2021-03-22 00:00:00-04:00,134.77000427246094
2021-03-23 00:00:00-04:00,138.10000610351562
2021-03-24 00:00:00-04:00,135.1999969482422
2021-03-25 00:00:00-04:00,134.24000549316406
2021-03-26 00:00:00-04:00,137.02000427246094
2021-03-29 00:00:00-04:00,141.89999389648438
2021-03-30 00:00:00-04:00,140.92999267578125
2021-03-31 00:00:00-04:00,142.0
2021-04-01 00:00:00-04:00,144.0
2021-04-05 00:00:00-04:00,145.0
2021-04-06 00:00:00-04:00,146.39999389648438
2021-04-07 00:00:00-04:00,145.9199981689453
2021-04-08 00:00:00-04:00,145.55999755859375
2021-04-09 00:00:00-04:00,145.1999969482422
2021-04-12 00:00:00-04:00,146.05999755859375
2021-04-13 00:00:00-04:00,145.1699981689453
2021-04-14 00:00:00-04:00,143.3300018310547
2021-04-15 00:00:00-04:00,143.99000549316406
2021-04-16 00:00:00-04:00,146.07000732421875
2021-04-19 00:00:00-04:00,145.0
2021-04-20 00:00:00-04:00,143.08999633789062
2021-04-21 00:00:00-04:00,142.8300018310547
2021-04-22 00:00:00-04:00,144.97999572753906
2021-04-23 00:00:00-04:00,145.6999969482422
2021-04-26 00:00:00-04:00,147.99000549316406
2021-04-27 00:00:00-04:00,149.0
2021-04-28 00:00:00-04:00,148.32000732421875
2021-04-29 00:00:00-04:00,147.58999633789062
2021-04-30 00:00:00-04:00,147.1199951171875
2021-05-03 00:00:00-04:00,145.4499969482422
2021-05-04 00:00:00-04:00,139.3000030517578
2021-05-05 00:00:00-04:00,141.41000366210938
2021-05-06 00:00:00-04:00,140.47999572753906
2021-05-07 00:00:00-04:00,143.36000061035156
2021-05-10 00:00:00-04:00,142.85000610351562
2021-05-11 00:00:00-04:00,138.0399932861328
2021-05-12 00:00:00-04:00,137.63999938964844
2021-05-13 00:00:00-04:00,136.50999450683594
2021-05-14 00:00:00-04:00,139.5800018310547
2021-05-17 00:00:00-04:00,139.85000610351562
2021-05-18 00:00:00-04:00,140.74000549316406
2021-05-19 00:00:00-04:00,136.25
2021-05-20 00:00:00-04:00,135.96600341796875
2021-05-21 00:00:00-04:00,141.32000732421875
2021-05-24 00:00:00-04:00,140.47999572753906
2021-05-25 00:00:00-04:00,141.11000061035156
2021-05-26 00:00:00-04:00,139.91000366210938
2021-05-27 00:00:00-04:00,141.3000030517578
2021-05-28 00:00:00-04:00,141.0
2021-06-01 00:00:00-04:00,143.07000732421875
2021-06-02 00:00:00-04:00,141.6199951171875
2021-06-03 00:00:00-04:00,143.7899932861328
2021-06-04 00:00:00-04:00,145.58999633789062
2021-06-07 00:00:00-04:00,148.8800048828125
2021-06-08 00:00:00-04:00,148.9199981689453
2021-06-09 00:00:00-04:00,149.13999938964844
2021-06-10 00:00:00-04:00,147.0
2021-06-11 00:00:00-04:00,149.14999389648438
2021-06-14 00:00:00-04:00,148.19000244140625
2021-06-15 00:00:00-04:00,149.33999633789062
2021-06-16 00:00:00-04:00,148.5
2021-06-17 00:00:00-04:00,148.89999389648438
2021-06-18 00:00:00-04:00,148.30999755859375
2021-06-21 00:00:00-04:00,148.02999877929688
2021-06-22 00:00:00-04:00,148.61000061035156
2021-06-23 00:00:00-04:00,150.61000061035156
2021-06-24 00:00:00-04:00,151.89999389648438
2021-06-25 00:00:00-04:00,153.0399932861328
2021-06-28 00:00:00-04:00,153.24000549316406
2021-06-29 00:00:00-04:00,154.41000366210938
2021-06-30 00:00:00-04:00,155.0
2021-07-01 00:00:00-04:00,154.52000427246094
2021-07-02 00:00:00-04:00,152.52000427246094
2021-07-06 00:00:00-04:00,153.39999389648438
2021-07-07 00:00:00-04:00,155.0
2021-07-08 00:00:00-04:00,153.52999877929688
2021-07-09 00:00:00-04:00,154.9199981689453
2021-07-12 00:00:00-04:00,156.5
2021-07-13 00:00:00-04:00,157.72000122070312
2021-07-14 00:00:00-04:00,158.19000244140625
2021-07-15 00:00:00-04:00,157.16000366210938
2021-07-16 00:00:00-04:00,157.19000244140625
2021-07-19 00:00:00-04:00,153.07000732421875
2021-07-20 00:00:00-04:00,155.60000610351562
2021-07-21 00:00:00-04:00,157.07000732421875
2021-07-22 00:00:00-04:00,159.0
2021-07-23 00:00:00-04:00,159.5500030517578
2021-07-26 00:00:00-04:00,159.5
2021-07-27 00:00:00-04:00,159.8300018310547
2021-07-28 00:00:00-04:00,159.27000427246094
2021-07-29 00:00:00-04:00,160.99000549316406
2021-07-30 00:00:00-04:00,161.02999877929688
2021-08-02 00:00:00-04:00,165.0
2021-08-03 00:00:00-04:00,165.4199981689453
2021-08-04 00:00:00-04:00,166.3000030517578
2021-08-05 00:00:00-04:00,167.39999389648438
2021-08-06 00:00:00-04:00,166.58999633789062
2021-08-09 00:00:00-04:00,166.4199981689453
2021-08-10 00:00:00-04:00,167.5800018310547
2021-08-11 00:00:00-04:00,165.61000061035156
2021-08-12 00:00:00-04:00,165.0
2021-08-13 00:00:00-04:00,165.42999267578125
2021-08-16 00:00:00-04:00,165.58999633789062
2021-08-17 00:00:00-04:00,165.75
2021-08-18 00:00:00-04:00,163.8000030517578
2021-08-19 00:00:00-04:00,163.63999938964844
2021-08-20 00:00:00-04:00,166.36000061035156
2021-08-23 00:00:00-04:00,169.49000549316406
2021-08-24 00:00:00-04:00,173.25
2021-08-25 00:00:00-04:00,174.7899932861328
2021-08-26 00:00:00-04:00,174.5800018310547
2021-08-27 00:00:00-04:00,176.0
2021-08-30 00:00:00-04:00,177.77000427246094
2021-08-31 00:00:00-04:00,180.0399932861328
2021-09-01 00:00:00-04:00,178.9600067138672
2021-09-02 00:00:00-04:00,179.72999572753906
2021-09-03 00:00:00-04:00,180.25
2021-09-07 00:00:00-04:00,181.10000610351562
2021-09-08 00:00:00-04:00,180.6999969482422
2021-09-09 00:00:00-04:00,181.91000366210938
2021-09-10 00:00:00-04:00,181.9499969482422
2021-09-13 00:00:00-04:00,181.0
2021-09-14 00:00:00-04:00,178.92999267578125
2021-09-15 00:00:00-04:00,178.61000061035156
2021-09-16 00:00:00-04:00,179.3300018310547
2021-09-17 00:00:00-04:00,178.52000427246094
2021-09-20 00:00:00-04:00,174.8800048828125
2021-09-21 00:00:00-04:00,175.2899932861328
2021-09-22 00:00:00-04:00,174.9199981689453
2021-09-23 00:00:00-04:00,177.6300048828125
2021-09-24 00:00:00-04:00,178.8699951171875
2021-09-27 00:00:00-04:00,177.2899932861328
2021-09-28 00:00:00-04:00,175.00999450683594
2021-09-29 00:00:00-04:00,168.57000732421875
2021-09-30 00:00:00-04:00,167.63999938964844
2021-10-01 00:00:00-04:00,164.72999572753906
2021-10-04 00:00:00-04:00,164.8800048828125
2021-10-05 00:00:00-04:00,161.9199981689453
2021-10-06 00:00:00-04:00,160.7100067138672
2021-10-07 00:00:00-04:00,163.14999389648438
2021-10-08 00:00:00-04:00,163.25
2021-10-11 00:00:00-04:00,161.13999938964844
2021-10-12 00:00:00-04:00,162.94000244140625
2021-10-13 00:00:00-04:00,162.42999267578125
2021-10-14 00:00:00-04:00,165.58999633789062
2021-10-15 00:00:00-04:00,168.80999755859375
2021-10-18 00:00:00-04:00,168.57000732421875
2021-10-19 00:00:00-04:00,173.25999450683594
2021-10-20 00:00:00-04:00,175.0
2021-10-21 00:00:00-04:00,174.67999267578125
2021-10-22 00:00:00-04:00,176.64999389648438
2021-10-25 00:00:00-04:00,176.55999755859375
2021-10-26 00:00:00-04:00,178.64999389648438
2021-10-27 00:00:00-04:00,177.44000244140625
2021-10-28 00:00:00-04:00,178.0
2021-10-29 00:00:00-04:00,178.25999450683594
2021-11-01 00:00:00-04:00,180.5
2021-11-02 00:00:00-04:00,182.0
2021-11-03 00:00:00-04:00,184.11000061035156
2021-11-04 00:00:00-04:00,184.0
2021-11-05 00:00:00-04:00,186.89999389648438
2021-11-08 00:00:00-05:00,185.24000549316406
2021-11-09 00:00:00-05:00,186.0
2021-11-10 00:00:00-05:00,184.69000244140625
2021-11-11 00:00:00-05:00,184.7100067138672
2021-11-12 00:00:00-05:00,186.7100067138672
2021-11-15 00:00:00-05:00,187.11000061035156
2021-11-16 00:00:00-05:00,187.52999877929688
2021-11-17 00:00:00-05:00,192.0
2021-11-18 00:00:00-05:00,194.86000061035156
2021-11-19 00:00:00-05:00,195.0
2021-11-22 00:00:00-05:00,194.16000366210938
2021-11-23 00:00:00-05:00,192.0399932861328
2021-11-24 00:00:00-05:00,195.0399932861328
2021-11-26 00:00:00-05:00,197.6699981689453
2021-11-29 00:00:00-05:00,194.0
2021-11-30 00:00:00-05:00,196.30999755859375
2021-12-01 00:00:00-05:00,197.0
2021-12-02 00:00:00-05:00,193.5
2021-12-03 00:00:00-05:00,200.0
2021-12-06 00:00:00-05:00,199.97999572753906
2021-12-07 00:00:00-05:00,199.69000244140625
2021-12-08 00:00:00-05:00,202.44000244140625
2021-12-09 00:00:00-05:00,201.75
2021-12-10 00:00:00-05:00,200.97000122070312
2021-12-13 00:00:00-05:00,202.38999938964844
2021-12-14 00:00:00-05:00,203.13999938964844
2021-12-15 00:00:00-05:00,199.0
2021-12-16 00:00:00-05:00,203.61000061035156
2021-12-17 00:00:00-05:00,197.47999572753906
2021-12-20 00:00:00-05:00,196.05999755859375
2021-12-21 00:00:00-05:00,195.60000610351562
2021-12-22 00:00:00-05:00,197.91000366210938
2021-12-23 00:00:00-05:00,200.7100067138672
2021-12-27 00:00:00-05:00,202.5500030517578
2021-12-28 00:00:00-05:00,207.92999267578125
2021-12-29 00:00:00-05:00,208.25
2021-12-30 00:00:00-05:00,207.63999938964844
2021-12-31 00:00:00-05:00,206.57000732421875
2022-01-03 00:00:00-05:00,205.8800048828125
2022-01-04 00:00:00-05:00,202.64999389648438
2022-01-05 00:00:00-05:00,196.3800048828125
2022-01-06 00:00:00-05:00,192.1999969482422
2022-01-07 00:00:00-05:00,191.97999572753906
2022-01-10 00:00:00-05:00,185.7899932861328
2022-01-11 00:00:00-05:00,188.0
2022-01-12 00:00:00-05:00,192.75
2022-01-13 00:00:00-05:00,190.39999389648438
2022-01-14 00:00:00-05:00,185.0
2022-01-18 00:00:00-05:00,183.66000366210938
2022-01-19 00:00:00-05:00,181.66000366210938
2022-01-20 00:00:00-05:00,181.83999633789062
2022-01-21 00:00:00-05:00,175.52999877929688
2022-01-24 00:00:00-05:00,171.69000244140625
2022-01-25 00:00:00-05:00,171.3800048828125
2022-01-26 00:00:00-05:00,171.5
2022-01-27 00:00:00-05:00,169.9199981689453
2022-01-28 00:00:00-05:00,161.97000122070312
2022-01-31 00:00:00-05:00,164.75999450683594
2022-02-01 00:00:00-05:00,170.1300048828125
2022-02-02 00:00:00-05:00,170.27000427246094
2022-02-03 00:00:00-05:00,168.1199951171875
2022-02-04 00:00:00-05:00,164.82000732421875
2022-02-07 00:00:00-05:00,166.2100067138672
2022-02-08 00:00:00-05:00,165.16000366210938
2022-02-09 00:00:00-05:00,171.05999755859375
2022-02-10 00:00:00-05:00,168.44000244140625
2022-02-11 00:00:00-05:00,170.42999267578125
2022-02-14 00:00:00-05:00,164.85000610351562
2022-02-15 00:00:00-05:00,168.44000244140625
2022-02-16 00:00:00-05:00,168.3800048828125
2022-02-17 00:00:00-05:00,167.97999572753906
2022-02-18 00:00:00-05:00,161.47999572753906
2022-02-22 00:00:00-05:00,160.00999450683594
2022-02-23 00:00:00-05:00,159.6199951171875
2022-02-24 00:00:00-05:00,148.0
2022-02-25 00:00:00-05:00,157.99000549316406
2022-02-28 00:00:00-05:00,158.27999877929688
2022-03-01 00:00:00-05:00,157.0800018310547
2022-03-02 00:00:00-05:00,154.6699981689453
2022-03-03 00:00:00-05:00,158.36000061035156
2022-03-04 00:00:00-05:00,154.0
2022-03-07 00:00:00-05:00,151.6999969482422
2022-03-08 00:00:00-05:00,146.86000061035156
2022-03-09 00:00:00-05:00,150.4600067138672
2022-03-10 00:00:00-05:00,147.69000244140625
2022-03-11 00:00:00-05:00,149.16000366210938
2022-03-14 00:00:00-04:00,145.94000244140625
2022-03-15 00:00:00-04:00,145.47000122070312
2022-03-16 00:00:00-04:00,151.66000366210938
2022-03-17 00:00:00-04:00,153.14999389648438
2022-03-18 00:00:00-04:00,156.74000549316406
2022-03-21 00:00:00-04:00,161.0
2022-03-22 00:00:00-04:00,161.17999267578125
2022-03-23 00:00:00-04:00,158.0399932861328
2022-03-24 00:00:00-04:00,157.1300048828125
2022-03-25 00:00:00-04:00,160.0
2022-03-28 00:00:00-04:00,160.4600067138672
2022-03-29 00:00:00-04:00,164.1699981689453
2022-03-30 00:00:00-04:00,163.58999633789062
2022-03-31 00:00:00-04:00,161.05999755859375
2022-04-01 00:00:00-04:00,158.99000549316406
2022-04-04 00:00:00-04:00,158.1199951171875
2022-04-05 00:00:00-04:00,159.4499969482422
2022-04-06 00:00:00-04:00,152.77999877929688
2022-04-07 00:00:00-04:00,151.52000427246094
2022-04-08 00:00:00-04:00,150.50999450683594
2022-04-11 00:00:00-04:00,148.74000549316406
2022-04-12 00:00:00-04:00,149.3000030517578
2022-04-13 00:00:00-04:00,147.0500030517578
2022-04-14 00:00:00-04:00,148.16000366210938
2022-04-18 00:00:00-04:00,143.7899932861328
2022-04-19 00:00:00-04:00,145.17999267578125
2022-04-20 00:00:00-04:00,149.9199981689453
2022-04-21 00:00:00-04:00,152.9199981689453
2022-04-22 00:00:00-04:00,148.74000549316406
2022-04-25 00:00:00-04:00,144.57000732421875
2022-04-26 00:00:00-04:00,145.8300018310547
2022-04-27 00:00:00-04:00,141.44000244140625
2022-04-28 00:00:00-04:00,143.33999633789062
2022-04-29 00:00:00-04:00,144.69000244140625
2022-05-02 00:00:00-04:00,140.1699981689453
2022-05-03 00:00:00-04:00,141.67999267578125
2022-05-04 00:00:00-04:00,143.57000732421875
2022-05-05 00:00:00-04:00,144.7100067138672
2022-05-06 00:00:00-04:00,139.3800048828125
2022-05-09 00:00:00-04:00,136.0
2022-05-10 00:00:00-04:00,134.69000244140625
2022-05-11 00:00:00-04:00,134.32000732421875
2022-05-12 00:00:00-04:00,130.41000366210938
2022-05-13 00:00:00-04:00,132.5800018310547
2022-05-16 00:00:00-04:00,135.39999389648438
2022-05-17 00:00:00-04:00,138.22000122070312
2022-05-18 00:00:00-04:00,137.0
2022-05-19 00:00:00-04:00,135.83999633789062
2022-05-20 00:00:00-04:00,138.6999969482422
2022-05-23 00:00:00-04:00,138.9499969482422
2022-05-24 00:00:00-04:00,138.9199981689453
2022-05-25 00:00:00-04:00,137.97000122070312
2022-05-26 00:00:00-04:00,138.1999969482422
2022-05-27 00:00:00-04:00,143.14999389648438
2022-05-31 00:00:00-04:00,145.22000122070312
2022-06-01 00:00:00-04:00,146.17999267578125
2022-06-02 00:00:00-04:00,143.02000427246094
2022-06-03 00:00:00-04:00,146.61000061035156
2022-06-06 00:00:00-04:00,148.66000366210938
2022-06-07 00:00:00-04:00,145.3699951171875
2022-06-08 00:00:00-04:00,147.61000061035156
2022-06-09 00:00:00-04:00,143.97999572753906
2022-06-10 00:00:00-04:00,141.39999389648438
2022-06-13 00:00:00-04:00,137.22000122070312
2022-06-14 00:00:00-04:00,134.4199981689453
2022-06-15 00:00:00-04:00,136.72000122070312
2022-06-16 00:00:00-04:00,135.02999877929688
2022-06-17 00:00:00-04:00,132.6199951171875
2022-06-21 00:00:00-04:00,135.97999572753906
2022-06-22 00:00:00-04:00,134.75999450683594
2022-06-23 00:00:00-04:00,136.35000610351562
2022-06-24 00:00:00-04:00,138.9199981689453
2022-06-27 00:00:00-04:00,141.4499969482422
2022-06-28 00:00:00-04:00,142.3000030517578
2022-06-29 00:00:00-04:00,138.75999450683594
2022-06-30 00:00:00-04:00,136.91000366210938
2022-07-01 00:00:00-04:00,136.92999267578125
2022-07-05 00:00:00-04:00,133.6699981689453
2022-07-06 00:00:00-04:00,138.2899932861328
2022-07-07 00:00:00-04:00,140.83999633789062
2022-07-08 00:00:00-04:00,142.22500610351562
2022-07-11 00:00:00-04:00,141.38999938964844
2022-07-12 00:00:00-04:00,142.25999450683594
2022-07-13 00:00:00-04:00,138.27000427246094
2022-07-14 00:00:00-04:00,139.69000244140625
2022-07-15 00:00:00-04:00,140.6199951171875
2022-07-18 00:00:00-04:00,144.10000610351562
2022-07-19 00:00:00-04:00,143.47999572753906
2022-07-20 00:00:00-04:00,147.55999755859375
2022-07-21 00:00:00-04:00,150.13999938964844
2022-07-22 00:00:00-04:00,153.1699981689453
2022-07-25 00:00:00-04:00,150.6699981689453
2022-07-26 00:00:00-04:00,151.13999938964844
2022-07-27 00:00:00-04:00,151.9600067138672
2022-07-28 00:00:00-04:00,156.33999633789062
2022-07-29 00:00:00-04:00,159.55999755859375
2022-08-01 00:00:00-04:00,161.16000366210938
2022-08-02 00:00:00-04:00,162.16000366210938
2022-08-03 00:00:00-04:00,163.22000122070312
2022-08-04 00:00:00-04:00,166.24000549316406
2022-08-05 00:00:00-04:00,165.92999267578125
2022-08-08 00:00:00-04:00,167.9499969482422
2022-08-09 00:00:00-04:00,165.39999389648438
2022-08-10 00:00:00-04:00,165.88999938964844
2022-08-11 00:00:00-04:00,167.8300018310547
2022-08-12 00:00:00-04:00,167.44000244140625
2022-08-15 00:00:00-04:00,168.9499969482422
2022-08-16 00:00:00-04:00,170.24000549316406
2022-08-17 00:00:00-04:00,169.13999938964844
2022-08-18 00:00:00-04:00,176.5500030517578
2022-08-19 00:00:00-04:00,178.24000549316406
2022-08-22 00:00:00-04:00,173.10000610351562
2022-08-23 00:00:00-04:00,169.9499969482422
2022-08-24 00:00:00-04:00,170.50999450683594
2022-08-25 00:00:00-04:00,171.85000610351562
2022-08-26 00:00:00-04:00,172.52999877929688
2022-08-29 00:00:00-04:00,164.99000549316406
2022-08-30 00:00:00-04:00,167.72000122070312
2022-08-31 00:00:00-04:00,164.75
2022-09-01 00:00:00-04:00,162.0800018310547
2022-09-02 00:00:00-04:00,166.60000610351562
2022-09-06 00:00:00-04:00,163.69000244140625
2022-09-07 00:00:00-04:00,165.07000732421875
2022-09-08 00:00:00-04:00,169.07000732421875
2022-09-09 00:00:00-04:00,173.33999633789062
2022-09-12 00:00:00-04:00,172.89999389648438
2022-09-13 00:00:00-04:00,169.5
2022-09-14 00:00:00-04:00,168.36000061035156
2022-09-15 00:00:00-04:00,168.1199951171875
2022-09-16 00:00:00-04:00,164.47999572753906
2022-09-19 00:00:00-04:00,163.77000427246094
2022-09-20 00:00:00-04:00,164.82000732421875
2022-09-21 00:00:00-04:00,165.55999755859375
2022-09-22 00:00:00-04:00,161.22000122070312
2022-09-23 00:00:00-04:00,157.1999969482422
2022-09-26 00:00:00-04:00,156.27000427246094
2022-09-27 00:00:00-04:00,157.66000366210938
2022-09-28 00:00:00-04:00,157.0500030517578
2022-09-29 00:00:00-04:00,158.22999572753906
2022-09-30 00:00:00-04:00,158.17999267578125
2022-10-03 00:00:00-04:00,159.3300018310547
2022-10-04 00:00:00-04:00,165.1999969482422
2022-10-05 00:00:00-04:00,166.69000244140625
2022-10-06 00:00:00-04:00,168.64999389648438
2022-10-07 00:00:00-04:00,166.0
2022-10-10 00:00:00-04:00,162.4499969482422
2022-10-11 00:00:00-04:00,159.75
2022-10-12 00:00:00-04:00,157.36000061035156
2022-10-13 00:00:00-04:00,150.08999633789062
2022-10-14 00:00:00-04:00,157.97999572753906
2022-10-17 00:00:00-04:00,157.5800018310547
2022-10-18 00:00:00-04:00,163.0399932861328
2022-10-19 00:00:00-04:00,159.85000610351562
2022-10-20 00:00:00-04:00,161.3000030517578
2022-10-21 00:00:00-04:00,161.30999755859375
2022-10-24 00:00:00-04:00,169.5399932861328
2022-10-25 00:00:00-04:00,169.22999572753906
2022-10-26 00:00:00-04:00,173.4600067138672
2022-10-27 00:00:00-04:00,176.14999389648438
2022-10-28 00:00:00-04:00,173.6199951171875
2022-10-31 00:00:00-04:00,176.1699981689453
2022-11-01 00:00:00-04:00,176.22000122070312
2022-11-02 00:00:00-04:00,173.5
2022-11-03 00:00:00-04:00,165.57000732421875
2022-11-04 00:00:00-04:00,169.13999938964844
2022-11-07 00:00:00-05:00,165.0399932861328
2022-11-08 00:00:00-05:00,164.25999450683594
2022-11-09 00:00:00-05:00,162.75999450683594
2022-11-10 00:00:00-05:00,167.0
2022-11-11 00:00:00-05:00,172.3800048828125
2022-11-14 00:00:00-05:00,171.33999633789062
2022-11-15 00:00:00-05:00,174.19000244140625
2022-11-16 00:00:00-05:00,172.02000427246094
2022-11-17 00:00:00-05:00,164.30999755859375
2022-11-18 00:00:00-05:00,172.0
2022-11-21 00:00:00-05:00,170.9600067138672
2022-11-22 00:00:00-05:00,172.82000732421875
2022-11-23 00:00:00-05:00,174.97000122070312
2022-11-25 00:00:00-05:00,176.5
2022-11-28 00:00:00-05:00,175.08999633789062
2022-11-29 00:00:00-05:00,173.4499969482422
2022-11-30 00:00:00-05:00,173.42999267578125
2022-12-01 00:00:00-05:00,180.85000610351562
2022-12-02 00:00:00-05:00,179.08999633789062
2022-12-05 00:00:00-05:00,178.8800048828125
2022-12-06 00:00:00-05:00,177.91000366210938
2022-12-07 00:00:00-05:00,175.97999572753906
2022-12-08 00:00:00-05:00,179.02999877929688
2022-12-09 00:00:00-05:00,181.10000610351562
2022-12-12 00:00:00-05:00,181.42999267578125
2022-12-13 00:00:00-05:00,187.35000610351562
2022-12-14 00:00:00-05:00,184.80999755859375
2022-12-15 00:00:00-05:00,180.4600067138672
2022-12-16 00:00:00-05:00,174.47999572753906
2022-12-19 00:00:00-05:00,173.58999633789062
2022-12-20 00:00:00-05:00,171.00999450683594
2022-12-21 00:00:00-05:00,173.07000732421875
2022-12-22 00:00:00-05:00,172.57000732421875
2022-12-23 00:00:00-05:00,169.32000732421875
2022-12-27 00:00:00-05:00,169.9499969482422
2022-12-28 00:00:00-05:00,169.7899932861328
2022-12-29 00:00:00-05:00,169.39999389648438
2022-12-30 00:00:00-05:00,170.5
2023-01-03 00:00:00-05:00,172.8699951171875
2023-01-04 00:00:00-05:00,172.80999755859375
2023-01-05 00:00:00-05:00,169.13999938964844
2023-01-06 00:00:00-05:00,171.4199981689453
2023-01-09 00:00:00-05:00,177.27999877929688
2023-01-10 00:00:00-05:00,177.24000549316406
2023-01-11 00:00:00-05:00,175.91000366210938
2023-01-12 00:00:00-05:00,179.3699951171875
2023-01-13 00:00:00-05:00,177.16000366210938
2023-01-17 00:00:00-05:00,180.97999572753906
2023-01-18 00:00:00-05:00,186.02000427246094
2023-01-19 00:00:00-05:00,180.42999267578125
2023-01-20 00:00:00-05:00,177.11000061035156
2023-01-23 00:00:00-05:00,178.77000427246094
2023-01-24 00:00:00-05:00,180.5500030517578
2023-01-25 00:00:00-05:00,177.7100067138672
2023-01-26 00:00:00-05:00,181.47000122070312
2023-01-27 00:00:00-05:00,178.80999755859375
2023-01-30 00:00:00-05:00,176.1300048828125
2023-01-31 00:00:00-05:00,177.33999633789062
2023-02-01 00:00:00-05:00,178.22000122070312
2023-02-02 00:00:00-05:00,181.49000549316406
2023-02-03 00:00:00-05:00,180.2899932861328
2023-02-06 00:00:00-05:00,179.6199951171875
2023-02-07 00:00:00-05:00,178.47999572753906
2023-02-08 00:00:00-05:00,182.02000427246094
2023-02-09 00:00:00-05:00,183.0800018310547
2023-02-10 00:00:00-05:00,181.25
2023-02-13 00:00:00-05:00,181.30999755859375
2023-02-14 00:00:00-05:00,183.86000061035156
2023-02-15 00:00:00-05:00,184.6699981689453
2023-02-16 00:00:00-05:00,186.64999389648438
2023-02-17 00:00:00-05:00,185.88999938964844
2023-02-21 00:00:00-05:00,184.2899932861328
2023-02-22 00:00:00-05:00,160.64999389648438
2023-02-23 00:00:00-05:00,160.8699951171875
2023-02-24 00:00:00-05:00,158.77999877929688
2023-02-27 00:00:00-05:00,159.3800048828125
2023-02-28 00:00:00-05:00,160.9199981689453
2023-03-01 00:00:00-05:00,159.49000549316406
2023-03-02 00:00:00-05:00,155.77999877929688
2023-03-03 00:00:00-05:00,157.5
2023-03-06 00:00:00-05:00,160.33999633789062
2023-03-07 00:00:00-05:00,159.99000549316406
2023-03-08 00:00:00-05:00,158.5
2023-03-09 00:00:00-05:00,159.2100067138672
2023-03-10 00:00:00-05:00,157.17999267578125
2023-03-13 00:00:00-04:00,153.3800048828125
2023-03-14 00:00:00-04:00,156.8300018310547
2023-03-15 00:00:00-04:00,154.16000366210938
2023-03-16 00:00:00-04:00,154.2100067138672
2023-03-17 00:00:00-04:00,155.50999450683594
2023-03-20 00:00:00-04:00,154.8800048828125
2023-03-21 00:00:00-04:00,156.99000549316406
2023-03-22 00:00:00-04:00,156.6199951171875
2023-03-23 00:00:00-04:00,155.66000366210938
2023-03-24 00:00:00-04:00,156.17999267578125
2023-03-27 00:00:00-04:00,157.72000122070312
2023-03-28 00:00:00-04:00,155.4499969482422
2023-03-29 00:00:00-04:00,157.1300048828125
2023-03-30 00:00:00-04:00,158.27000427246094
2023-03-31 00:00:00-04:00,158.6300048828125
2023-04-03 00:00:00-04:00,159.91000366210938
2023-04-04 00:00:00-04:00,161.36000061035156
2023-04-05 00:00:00-04:00,156.49000549316406
2023-04-06 00:00:00-04:00,154.5
2023-04-10 00:00:00-04:00,155.0
2023-04-11 00:00:00-04:00,158.0800018310547
2023-04-12 00:00:00-04:00,157.72000122070312
2023-04-13 00:00:00-04:00,158.08999633789062
2023-04-14 00:00:00-04:00,159.61000061035156
2023-04-17 00:00:00-04:00,158.6999969482422
2023-04-18 00:00:00-04:00,153.74000549316406
2023-04-19 00:00:00-04:00,149.61000061035156
2023-04-20 00:00:00-04:00,147.16000366210938
2023-04-21 00:00:00-04:00,148.3000030517578
2023-04-24 00:00:00-04:00,147.94000244140625
2023-04-25 00:00:00-04:00,146.60000610351562
2023-04-26 00:00:00-04:00,141.1199951171875
2023-04-27 00:00:00-04:00,141.4499969482422
2023-04-28 00:00:00-04:00,141.4600067138672
2023-05-01 00:00:00-04:00,144.7100067138672
2023-05-02 00:00:00-04:00,144.02999877929688
2023-05-03 00:00:00-04:00,143.49000549316406
2023-05-04 00:00:00-04:00,142.0399932861328
2023-05-05 00:00:00-04:00,142.0
2023-05-08 00:00:00-04:00,144.35000610351562
2023-05-09 00:00:00-04:00,141.92999267578125
2023-05-10 00:00:00-04:00,144.67999267578125
2023-05-11 00:00:00-04:00,145.83999633789062
2023-05-12 00:00:00-04:00,145.2899932861328
2023-05-15 00:00:00-04:00,146.0
2023-05-16 00:00:00-04:00,148.1300048828125
2023-05-17 00:00:00-04:00,159.97500610351562
2023-05-18 00:00:00-04:00,157.0
2023-05-19 00:00:00-04:00,157.49000549316406
2023-05-22 00:00:00-04:00,157.0
2023-05-23 00:00:00-04:00,158.41000366210938
2023-05-24 00:00:00-04:00,155.7899932861328
2023-05-25 00:00:00-04:00,156.6699981689453
2023-05-26 00:00:00-04:00,158.05999755859375
2023-05-30 00:00:00-04:00,163.32000732421875
2023-05-31 00:00:00-04:00,160.9499969482422
2023-06-01 00:00:00-04:00,161.9600067138672
2023-06-02 00:00:00-04:00,164.0800018310547
2023-06-05 00:00:00-04:00,163.3000030517578
2023-06-06 00:00:00-04:00,160.8800048828125
2023-06-07 00:00:00-04:00,161.88999938964844
2023-06-08 00:00:00-04:00,161.89999389648438
2023-06-09 00:00:00-04:00,163.39999389648438
2023-06-12 00:00:00-04:00,161.9499969482422
2023-06-13 00:00:00-04:00,164.85000610351562
2023-06-14 00:00:00-04:00,164.6199951171875
2023-06-15 00:00:00-04:00,163.1199951171875
2023-06-16 00:00:00-04:00,166.64999389648438
2023-06-20 00:00:00-04:00,164.0800018310547
2023-06-21 00:00:00-04:00,161.61000061035156
2023-06-22 00:00:00-04:00,161.0399932861328
2023-06-23 00:00:00-04:00,158.25999450683594
2023-06-26 00:00:00-04:00,158.6199951171875
2023-06-27 00:00:00-04:00,159.3300018310547
2023-06-28 00:00:00-04:00,162.25
2023-06-29 00:00:00-04:00,164.0
2023-06-30 00:00:00-04:00,167.80999755859375
2023-07-03 00:00:00-04:00,166.22000122070312
2023-07-05 00:00:00-04:00,165.57000732421875
2023-07-06 00:00:00-04:00,163.27000427246094
2023-07-07 00:00:00-04:00,164.10000610351562
2023-07-10 00:00:00-04:00,163.9499969482422
2023-07-11 00:00:00-04:00,169.42999267578125
2023-07-12 00:00:00-04:00,170.0
2023-07-13 00:00:00-04:00,168.9199981689453
2023-07-14 00:00:00-04:00,168.49000549316406
2023-07-17 00:00:00-04:00,167.07000732421875
2023-07-18 00:00:00-04:00,169.36000061035156
2023-07-19 00:00:00-04:00,170.44000244140625
2023-07-20 00:00:00-04:00,171.1999969482422
2023-07-21 00:00:00-04:00,168.0800018310547
2023-07-24 00:00:00-04:00,168.97999572753906
2023-07-25 00:00:00-04:00,168.6999969482422
2023-07-26 00:00:00-04:00,168.52000427246094
2023-07-27 00:00:00-04:00,169.3800048828125
2023-07-28 00:00:00-04:00,166.4499969482422
2023-07-31 00:00:00-04:00,161.47000122070312
2023-08-01 00:00:00-04:00,161.0
2023-08-02 00:00:00-04:00,160.0
2023-08-03 00:00:00-04:00,158.72000122070312
2023-08-04 00:00:00-04:00,158.58999633789062
2023-08-07 00:00:00-04:00,158.58999633789062
2023-08-08 00:00:00-04:00,158.61000061035156
2023-08-09 00:00:00-04:00,157.0
2023-08-10 00:00:00-04:00,157.58999633789062
2023-08-11 00:00:00-04:00,156.33999633789062
2023-08-14 00:00:00-04:00,150.44000244140625
2023-08-15 00:00:00-04:00,156.77000427246094
2023-08-16 00:00:00-04:00,152.0800018310547
2023-08-17 00:00:00-04:00,151.88999938964844
2023-08-18 00:00:00-04:00,128.5
2023-08-21 00:00:00-04:00,128.72000122070312
2023-08-22 00:00:00-04:00,129.7899932861328
2023-08-23 00:00:00-04:00,128.69000244140625
2023-08-24 00:00:00-04:00,130.24000549316406
2023-08-25 00:00:00-04:00,127.83999633789062
2023-08-28 00:00:00-04:00,130.02000427246094
2023-08-29 00:00:00-04:00,128.92999267578125
2023-08-30 00:00:00-04:00,131.55999755859375
2023-08-31 00:00:00-04:00,133.27000427246094
2023-09-01 00:00:00-04:00,134.47999572753906
2023-09-05 00:00:00-04:00,134.5
2023-09-06 00:00:00-04:00,134.0
2023-09-07 00:00:00-04:00,133.07000732421875
2023-09-08 00:00:00-04:00,131.4600067138672
2023-09-11 00:00:00-04:00,133.14999389648438
2023-09-12 00:00:00-04:00,132.60000610351562
2023-09-13 00:00:00-04:00,131.1300048828125
2023-09-14 00:00:00-04:00,133.0
2023-09-15 00:00:00-04:00,134.24000549316406
2023-09-18 00:00:00-04:00,131.4600067138672
2023-09-19 00:00:00-04:00,132.52000427246094
2023-09-20 00:00:00-04:00,133.8300018310547
2023-09-21 00:00:00-04:00,130.99000549316406
2023-09-22 00:00:00-04:00,131.3699951171875
2023-09-25 00:00:00-04:00,130.1999969482422
2023-09-26 00:00:00-04:00,129.8000030517578
2023-09-27 00:00:00-04:00,130.64999389648438
2023-09-28 00:00:00-04:00,130.72999572753906
2023-09-29 00:00:00-04:00,134.0
2023-10-02 00:00:00-04:00,131.91000366210938
2023-10-03 00:00:00-04:00,131.16000366210938
2023-10-04 00:00:00-04:00,130.72000122070312
2023-10-05 00:00:00-04:00,130.27999877929688
2023-10-06 00:00:00-04:00,129.02999877929688
2023-10-09 00:00:00-04:00,130.72999572753906
2023-10-10 00:00:00-04:00,131.5
2023-10-11 00:00:00-04:00,132.5
2023-10-12 00:00:00-04:00,133.27000427246094
2023-10-13 00:00:00-04:00,129.61000061035156
2023-10-16 00:00:00-04:00,129.6699981689453
2023-10-17 00:00:00-04:00,129.72000122070312
2023-10-18 00:00:00-04:00,128.86000061035156
2023-10-19 00:00:00-04:00,125.52999877929688
2023-10-20 00:00:00-04:00,123.58999633789062
2023-10-23 00:00:00-04:00,122.45999908447266
2023-10-24 00:00:00-04:00,122.05999755859375
2023-10-25 00:00:00-04:00,121.0
2023-10-26 00:00:00-04:00,120.93000030517578
2023-10-27 00:00:00-04:00,120.0
2023-10-30 00:00:00-04:00,119.8499984741211
2023-10-31 00:00:00-04:00,120.19000244140625
2023-11-01 00:00:00-04:00,122.05999755859375
2023-11-02 00:00:00-04:00,122.68000030517578
2023-11-03 00:00:00-04:00,124.7300033569336
2023-11-06 00:00:00-05:00,125.44000244140625
2023-11-07 00:00:00-05:00,123.62000274658203
2023-11-08 00:00:00-05:00,125.0
2023-11-09 00:00:00-05:00,124.79000091552734
2023-11-10 00:00:00-05:00,122.45999908447266
2023-11-13 00:00:00-05:00,123.87000274658203
2023-11-14 00:00:00-05:00,125.37999725341797
2023-11-15 00:00:00-05:00,130.11000061035156
2023-11-16 00:00:00-05:00,132.6999969482422
2023-11-17 00:00:00-05:00,134.02999877929688
2023-11-20 00:00:00-05:00,132.82000732421875
2023-11-21 00:00:00-05:00,137.52999877929688
2023-11-22 00:00:00-05:00,135.22999572753906
2023-11-24 00:00:00-05:00,135.60000610351562
2023-11-27 00:00:00-05:00,134.89999389648438
2023-11-28 00:00:00-05:00,135.9600067138672
2023-11-29 00:00:00-05:00,137.60000610351562
2023-11-30 00:00:00-05:00,138.3699951171875
2023-12-01 00:00:00-05:00,135.7100067138672
2023-12-04 00:00:00-05:00,136.99000549316406
2023-12-05 00:00:00-05:00,137.77999877929688
2023-12-06 00:00:00-05:00,139.0
2023-12-07 00:00:00-05:00,141.89999389648438
2023-12-08 00:00:00-05:00,142.17999267578125
2023-12-11 00:00:00-05:00,145.0
2023-12-12 00:00:00-05:00,147.14999389648438
2023-12-13 00:00:00-05:00,149.4600067138672
2023-12-14 00:00:00-05:00,153.6300048828125
2023-12-15 00:00:00-05:00,158.32000732421875
2023-12-18 00:00:00-05:00,158.6199951171875
2023-12-19 00:00:00-05:00,159.1999969482422
2023-12-20 00:00:00-05:00,159.11000061035156
2023-12-21 00:00:00-05:00,157.91000366210938
2023-12-22 00:00:00-05:00,159.8800048828125
2023-12-26 00:00:00-05:00,159.32000732421875
2023-12-27 00:00:00-05:00,159.82000732421875
2023-12-28 00:00:00-05:00,160.5800018310547
2023-12-29 00:00:00-05:00,159.4499969482422
2024-01-02 00:00:00-05:00,157.39999389648438
2024-01-03 00:00:00-05:00,154.00999450683594
2024-01-04 00:00:00-05:00,149.52000427246094
2024-01-05 00:00:00-05:00,148.60000610351562
2024-01-08 00:00:00-05:00,149.86000061035156
2024-01-09 00:00:00-05:00,151.41000366210938
2024-01-10 00:00:00-05:00,152.0
2024-01-11 00:00:00-05:00,153.99000549316406
2024-01-12 00:00:00-05:00,152.77999877929688
2024-01-16 00:00:00-05:00,150.75999450683594
2024-01-17 00:00:00-05:00,149.5
2024-01-18 00:00:00-05:00,150.94000244140625
2024-01-19 00:00:00-05:00,153.11000061035156
2024-01-22 00:00:00-05:00,154.67999267578125
2024-01-23 00:00:00-05:00,155.61000061035156
2024-01-24 00:00:00-05:00,156.0500030517578
2024-01-25 00:00:00-05:00,156.08999633789062
2024-01-26 00:00:00-05:00,156.4199981689453
2024-01-29 00:00:00-05:00,155.38999938964844
2024-01-30 00:00:00-05:00,159.5
2024-01-31 00:00:00-05:00,156.8699951171875
2024-02-01 00:00:00-05:00,153.38999938964844
2024-02-02 00:00:00-05:00,153.9499969482422
2024-02-05 00:00:00-05:00,155.22000122070312
2024-02-06 00:00:00-05:00,154.22000122070312
2024-02-07 00:00:00-05:00,157.2100067138672
2024-02-08 00:00:00-05:00,158.47000122070312
2024-02-09 00:00:00-05:00,161.6699981689453
2024-02-12 00:00:00-05:00,160.85000610351562
2024-02-13 00:00:00-05:00,155.49000549316406
2024-02-14 00:00:00-05:00,155.0
2024-02-15 00:00:00-05:00,153.55999755859375
2024-02-16 00:00:00-05:00,154.86000061035156
2024-02-20 00:00:00-05:00,151.35000610351562
2024-02-21 00:00:00-05:00,140.2899932861328
2024-02-22 00:00:00-05:00,145.83999633789062
2024-02-23 00:00:00-05:00,149.41000366210938
2024-02-26 00:00:00-05:00,150.27000427246094
2024-02-27 00:00:00-05:00,152.30999755859375
2024-02-28 00:00:00-05:00,151.7899932861328
2024-02-29 00:00:00-05:00,155.0
2024-03-01 00:00:00-05:00,154.25
2024-03-04 00:00:00-05:00,156.0500030517578
2024-03-05 00:00:00-05:00,156.39999389648438
2024-03-06 00:00:00-05:00,157.1199951171875
2024-03-07 00:00:00-05:00,156.64999389648438
2024-03-08 00:00:00-05:00,158.07000732421875
2024-03-11 00:00:00-04:00,152.72000122070312
2024-03-12 00:00:00-04:00,153.1300048828125
2024-03-13 00:00:00-04:00,152.0399932861328
2024-03-14 00:00:00-04:00,151.97000122070312
2024-03-15 00:00:00-04:00,149.39999389648438
2024-03-18 00:00:00-04:00,151.1699981689453
2024-03-19 00:00:00-04:00,148.94000244140625
2024-03-20 00:00:00-04:00,149.92999267578125
2024-03-21 00:00:00-04:00,151.72999572753906
2024-03-22 00:00:00-04:00,153.7899932861328
2024-03-25 00:00:00-04:00,153.77999877929688
2024-03-26 00:00:00-04:00,152.8800048828125
2024-03-27 00:00:00-04:00,153.38999938964844
2024-03-28 00:00:00-04:00,155.6300048828125
2024-04-01 00:00:00-04:00,156.0500030517578
2024-04-02 00:00:00-04:00,153.13999938964844
2024-04-03 00:00:00-04:00,153.08999633789062
2024-04-04 00:00:00-04:00,157.99000549316406
2024-04-05 00:00:00-04:00,154.69000244140625
2024-04-08 00:00:00-04:00,158.3300018310547
2024-04-09 00:00:00-04:00,159.67999267578125
2024-04-10 00:00:00-04:00,156.7899932861328
2024-04-11 00:00:00-04:00,157.17999267578125
2024-04-12 00:00:00-04:00,157.80999755859375
2024-04-15 00:00:00-04:00,157.0500030517578
2024-04-16 00:00:00-04:00,153.16000366210938
2024-04-17 00:00:00-04:00,152.05999755859375
2024-04-18 00:00:00-04:00,149.8699951171875
2024-04-19 00:00:00-04:00,146.6199951171875
2024-04-22 00:00:00-04:00,146.1699981689453
2024-04-23 00:00:00-04:00,145.49000549316406
2024-04-24 00:00:00-04:00,147.66000366210938
2024-04-25 00:00:00-04:00,145.9499969482422
2024-04-26 00:00:00-04:00,147.0
2024-04-29 00:00:00-04:00,149.25999450683594
2024-04-30 00:00:00-04:00,149.17999267578125
2024-05-01 00:00:00-04:00,147.1999969482422
2024-05-02 00:00:00-04:00,146.07000732421875
2024-05-03 00:00:00-04:00,149.61000061035156
2024-05-06 00:00:00-04:00,150.3000030517578
2024-05-07 00:00:00-04:00,150.97999572753906
2024-05-08 00:00:00-04:00,148.66000366210938
2024-05-09 00:00:00-04:00,150.77000427246094
2024-05-10 00:00:00-04:00,151.7899932861328
2024-05-13 00:00:00-04:00,150.30999755859375
2024-05-14 00:00:00-04:00,150.22000122070312
2024-05-15 00:00:00-04:00,152.5
2024-05-16 00:00:00-04:00,156.27999877929688
2024-05-17 00:00:00-04:00,157.35000610351562
2024-05-20 00:00:00-04:00,157.5500030517578
2024-05-21 00:00:00-04:00,153.27000427246094
2024-05-22 00:00:00-04:00,147.1699981689453
2024-05-23 00:00:00-04:00,148.83999633789062
2024-05-24 00:00:00-04:00,144.91000366210938
2024-05-28 00:00:00-04:00,143.6300048828125
2024-05-29 00:00:00-04:00,140.75
2024-05-30 00:00:00-04:00,139.6300048828125
2024-05-31 00:00:00-04:00,138.6199951171875
2024-06-03 00:00:00-04:00,139.8699951171875
2024-06-04 00:00:00-04:00,136.7899932861328
2024-06-05 00:00:00-04:00,136.8800048828125
2024-06-06 00:00:00-04:00,136.0
2024-06-07 00:00:00-04:00,135.17999267578125
2024-06-10 00:00:00-04:00,134.47000122070312
2024-06-11 00:00:00-04:00,136.5
2024-06-12 00:00:00-04:00,137.22999572753906
2024-06-13 00:00:00-04:00,137.67999267578125
2024-06-14 00:00:00-04:00,136.82000732421875
2024-06-17 00:00:00-04:00,135.88999938964844
2024-06-18 00:00:00-04:00,137.0
2024-06-20 00:00:00-04:00,136.1999969482422
2024-06-21 00:00:00-04:00,135.27000427246094
2024-06-24 00:00:00-04:00,136.5
2024-06-25 00:00:00-04:00,136.75
2024-06-26 00:00:00-04:00,136.07000732421875
2024-06-27 00:00:00-04:00,136.36000061035156
2024-06-28 00:00:00-04:00,136.19000244140625
2024-07-01 00:00:00-04:00,136.75
2024-07-02 00:00:00-04:00,135.08999633789062
2024-07-03 00:00:00-04:00,136.91000366210938
2024-07-05 00:00:00-04:00,136.3000030517578
2024-07-08 00:00:00-04:00,137.77999877929688
2024-07-09 00:00:00-04:00,137.97000122070312
2024-07-10 00:00:00-04:00,136.30999755859375
2024-07-11 00:00:00-04:00,139.22000122070312
2024-07-12 00:00:00-04:00,141.0
2024-07-15 00:00:00-04:00,142.27000427246094
2024-07-16 00:00:00-04:00,146.25
2024-07-17 00:00:00-04:00,147.8699951171875
2024-07-18 00:00:00-04:00,145.55999755859375
2024-07-19 00:00:00-04:00,141.36000061035156
2024-07-22 00:00:00-04:00,138.6999969482422
2024-07-23 00:00:00-04:00,140.88999938964844
2024-07-24 00:00:00-04:00,138.47000122070312
2024-07-25 00:00:00-04:00,136.22999572753906
2024-07-26 00:00:00-04:00,137.72999572753906
2024-07-29 00:00:00-04:00,138.6699981689453
2024-07-30 00:00:00-04:00,138.08999633789062
2024-07-31 00:00:00-04:00,137.9499969482422
2024-08-01 00:00:00-04:00,138.75
2024-08-02 00:00:00-04:00,129.52999877929688
2024-08-05 00:00:00-04:00,122.80000305175781
2024-08-06 00:00:00-04:00,123.5199966430664
2024-08-07 00:00:00-04:00,124.4000015258789
2024-08-08 00:00:00-04:00,121.19999694824219
2024-08-09 00:00:00-04:00,122.81999969482422
2024-08-12 00:00:00-04:00,123.05999755859375
2024-08-13 00:00:00-04:00,124.58000183105469
2024-08-14 00:00:00-04:00,128.24000549316406
2024-08-15 00:00:00-04:00,129.75999450683594
2024-08-16 00:00:00-04:00,132.3800048828125
2024-08-19 00:00:00-04:00,135.27999877929688
2024-08-20 00:00:00-04:00,138.32000732421875
2024-08-21 00:00:00-04:00,156.5500030517578
2024-08-22 00:00:00-04:00,157.8300018310547
2024-08-23 00:00:00-04:00,155.9600067138672
2024-08-26 00:00:00-04:00,155.13999938964844
2024-08-27 00:00:00-04:00,153.10000610351562
2024-08-28 00:00:00-04:00,154.10000610351562
2024-08-29 00:00:00-04:00,153.92999267578125
2024-08-30 00:00:00-04:00,154.27999877929688
2024-09-03 00:00:00-04:00,152.85000610351562
2024-09-04 00:00:00-04:00,147.1999969482422
2024-09-05 00:00:00-04:00,148.1300048828125
2024-09-06 00:00:00-04:00,146.9600067138672
2024-09-09 00:00:00-04:00,144.67999267578125
2024-09-10 00:00:00-04:00,145.67999267578125
2024-09-11 00:00:00-04:00,146.77999877929688
2024-09-12 00:00:00-04:00,148.33999633789062
2024-09-13 00:00:00-04:00,148.8300018310547
2024-09-16 00:00:00-04:00,149.50999450683594
2024-09-17 00:00:00-04:00,150.83999633789062
2024-09-18 00:00:00-04:00,150.8800048828125
2024-09-19 00:00:00-04:00,154.1999969482422
2024-09-20 00:00:00-04:00,154.2100067138672
2024-09-23 00:00:00-04:00,152.9199981689453
2024-09-24 00:00:00-04:00,152.80999755859375
2024-09-25 00:00:00-04:00,153.61000061035156
2024-09-26 00:00:00-04:00,156.52000427246094
2024-09-27 00:00:00-04:00,159.0
2024-09-30 00:00:00-04:00,157.9499969482422
2024-10-01 00:00:00-04:00,158.33999633789062
2024-10-02 00:00:00-04:00,154.5
2024-10-03 00:00:00-04:00,154.52999877929688
2024-10-04 00:00:00-04:00,157.17999267578125
2024-10-07 00:00:00-04:00,155.07000732421875
2024-10-08 00:00:00-04:00,156.0399932861328
2024-10-09 00:00:00-04:00,156.17999267578125
2024-10-10 00:00:00-04:00,156.1699981689453
2024-10-11 00:00:00-04:00,157.1999969482422
2024-10-14 00:00:00-04:00,159.0
2024-10-15 00:00:00-04:00,159.41000366210938
2024-10-16 00:00:00-04:00,158.69000244140625
2024-10-17 00:00:00-04:00,157.97000122070312
2024-10-18 00:00:00-04:00,159.44000244140625
2024-10-21 00:00:00-04:00,159.1999969482422
2024-10-22 00:00:00-04:00,156.92999267578125
2024-10-23 00:00:00-04:00,155.0
2024-10-24 00:00:00-04:00,154.1999969482422
2024-10-25 00:00:00-04:00,154.89999389648438
2024-10-28 00:00:00-04:00,157.52000427246094
2024-10-29 00:00:00-04:00,155.5800018310547
2024-10-30 00:00:00-04:00,154.24000549316406
2024-10-31 00:00:00-04:00,151.0
2024-11-01 00:00:00-04:00,150.0800018310547
2024-11-04 00:00:00-05:00,154.00999450683594
2024-11-05 00:00:00-05:00,153.69000244140625
2024-11-06 00:00:00-05:00,160.74000549316406
2024-11-07 00:00:00-05:00,162.50999450683594
2024-11-08 00:00:00-05:00,164.3000030517578
2024-11-11 00:00:00-05:00,165.39999389648438
2024-11-12 00:00:00-05:00,163.41000366210938
2024-11-13 00:00:00-05:00,160.0
2024-11-14 00:00:00-05:00,157.0399932861328
2024-11-15 00:00:00-05:00,151.9199981689453
2024-11-18 00:00:00-05:00,149.55999755859375
2024-11-19 00:00:00-05:00,149.13999938964844
2024-11-20 00:00:00-05:00,165.2100067138672
2024-11-21 00:00:00-05:00,165.38999938964844
2024-11-22 00:00:00-05:00,169.60000610351562
2024-11-25 00:00:00-05:00,172.0
2024-11-26 00:00:00-05:00,172.85000610351562
2024-11-27 00:00:00-05:00,171.3000030517578
2024-11-29 00:00:00-05:00,168.8000030517578
2024-12-02 00:00:00-05:00,169.66000366210938
2024-12-03 00:00:00-05:00,171.11000061035156
2024-12-04 00:00:00-05:00,171.9199981689453
2024-12-05 00:00:00-05:00,172.1999969482422
2024-12-06 00:00:00-05:00,170.3000030517578
2024-12-09 00:00:00-05:00,171.75
2024-12-10 00:00:00-05:00,172.52999877929688
2024-12-11 00:00:00-05:00,170.1300048828125
2024-12-12 00:00:00-05:00,166.55999755859375
2024-12-13 00:00:00-05:00,168.6699981689453
2024-12-16 00:00:00-05:00,169.57000732421875
2024-12-17 00:00:00-05:00,169.44000244140625
2024-12-18 00:00:00-05:00,166.0
2024-12-19 00:00:00-05:00,161.2899932861328
2024-12-20 00:00:00-05:00,159.10000610351562
2024-12-23 00:00:00-05:00,162.16000366210938
2024-12-24 00:00:00-05:00,162.74000549316406
2024-12-26 00:00:00-05:00,162.72999572753906
2024-12-27 00:00:00-05:00,163.14999389648438
2024-12-30 00:00:00-05:00,160.99000549316406
2024-12-31 00:00:00-05:00,161.27000427246094
2025-01-02 00:00:00-05:00,162.0
2025-01-03 00:00:00-05:00,161.75
2025-01-06 00:00:00-05:00,165.4499969482422
2025-01-07 00:00:00-05:00,166.5399932861328
2025-01-08 00:00:00-05:00,164.97999572753906
2025-01-10 00:00:00-05:00,162.1199951171875
2025-01-13 00:00:00-05:00,159.55999755859375
2025-01-14 00:00:00-05:00,162.32000732421875
