Date,Open
1997-06-13 00:00:00-04:00,3.961949408054352
1997-06-16 00:00:00-04:00,3.7561338543891907
1997-06-17 00:00:00-04:00,3.704679581214642
1997-06-18 00:00:00-04:00,3.7046799659729004
1997-06-19 00:00:00-04:00,3.653227812952275
1997-06-20 00:00:00-04:00,3.6274987566060033
1997-06-23 00:00:00-04:00,3.7046818834670048
1997-06-24 00:00:00-04:00,3.653227812952275
1997-06-25 00:00:00-04:00,3.6017720128448913
1997-06-26 00:00:00-04:00,3.653227968418852
1997-06-27 00:00:00-04:00,3.627499515360052
1997-06-30 00:00:00-04:00,3.627499515360052
1997-07-01 00:00:00-04:00,3.6789528188251315
1997-07-02 00:00:00-04:00,3.833315552055062
1997-07-03 00:00:00-04:00,3.9362223148345947
1997-07-07 00:00:00-04:00,3.9362223148345947
1997-07-08 00:00:00-04:00,4.013403740658123
1997-07-09 00:00:00-04:00,4.090583411130038
1997-07-10 00:00:00-04:00,4.270673638040369
1997-07-11 00:00:00-04:00,4.527942790541538
1997-07-14 00:00:00-04:00,4.476489235054363
1997-07-15 00:00:00-04:00,4.527941741090913
1997-07-16 00:00:00-04:00,4.6437157008383005
1997-07-17 00:00:00-04:00,4.6565774755275
1997-07-18 00:00:00-04:00,4.78521363026387
1997-07-21 00:00:00-04:00,4.759486675262451
1997-07-22 00:00:00-04:00,4.746620322443159
1997-07-23 00:00:00-04:00,4.708032608032227
1997-07-24 00:00:00-04:00,4.9910268610174
1997-07-25 00:00:00-04:00,4.95243914675651
1997-07-28 00:00:00-04:00,4.99102796755339
1997-07-29 00:00:00-04:00,4.862392726429006
1997-07-30 00:00:00-04:00,4.785210731568713
1997-07-31 00:00:00-04:00,4.708032765259614
1997-08-01 00:00:00-04:00,4.78521363026387
1997-08-04 00:00:00-04:00,4.733757998216598
1997-08-05 00:00:00-04:00,4.8238024825141546
1997-08-06 00:00:00-04:00,4.8881219097019475
1997-08-07 00:00:00-04:00,4.939574070980674
1997-08-08 00:00:00-04:00,4.862394817413822
1997-08-11 00:00:00-04:00,4.772350152763161
1997-08-12 00:00:00-04:00,4.785214273825935
1997-08-13 00:00:00-04:00,4.7337574616321545
1997-08-14 00:00:00-04:00,4.64371297878926
1997-08-15 00:00:00-04:00,4.592260159725367
1997-08-18 00:00:00-04:00,4.4764885391507825
1997-08-19 00:00:00-04:00,4.296401181852961
1997-08-20 00:00:00-04:00,4.270674228668213
1997-08-21 00:00:00-04:00,4.270673313806223
1997-08-22 00:00:00-04:00,4.425035487583705
1997-08-25 00:00:00-04:00,4.527941741090913
1997-08-26 00:00:00-04:00,4.579395216232425
1997-08-27 00:00:00-04:00,4.733759720261033
1997-08-28 00:00:00-04:00,4.733756852734642
1997-08-29 00:00:00-04:00,4.7337600416173045
1997-09-02 00:00:00-04:00,4.733760356903076
1997-09-03 00:00:00-04:00,4.70803137028471
1997-09-04 00:00:00-04:00,4.810941213005734
1997-09-05 00:00:00-04:00,4.87525749206543
1997-09-08 00:00:00-04:00,4.939574591004022
1997-09-09 00:00:00-04:00,5.171117326191494
1997-09-10 00:00:00-04:00,5.4026586501324765
1997-09-11 00:00:00-04:00,5.518431176458087
1997-09-12 00:00:00-04:00,5.402659473803219
1997-09-15 00:00:00-04:00,5.775699404401517
1997-09-16 00:00:00-04:00,5.608476979072105
1997-09-17 00:00:00-04:00,5.5570220947265625
1997-09-18 00:00:00-04:00,5.582747308486099
1997-09-19 00:00:00-04:00,5.582747966184744
1997-09-22 00:00:00-04:00,5.814290865296458
1997-09-23 00:00:00-04:00,6.045834070346395
1997-09-24 00:00:00-04:00,6.277376810709636
1997-09-25 00:00:00-04:00,6.380282238276318
1997-09-26 00:00:00-04:00,6.367420645860525
1997-09-29 00:00:00-04:00,5.99437951526683
1997-09-30 00:00:00-04:00,5.955789089202881
1997-10-01 00:00:00-04:00,5.968650176308372
1997-10-02 00:00:00-04:00,5.6470635011132835
1997-10-03 00:00:00-04:00,5.840017501650186
1997-10-06 00:00:00-04:00,5.9943781320672285
1997-10-07 00:00:00-04:00,6.097287201587064
1997-10-08 00:00:00-04:00,6.238785743713379
1997-10-09 00:00:00-04:00,6.213058140487352
1997-10-10 00:00:00-04:00,6.123014615929645
1997-10-13 00:00:00-04:00,6.264513969421387
1997-10-14 00:00:00-04:00,6.277375858985573
1997-10-15 00:00:00-04:00,6.290240441690577
1997-10-16 00:00:00-04:00,6.508917614336937
1997-10-17 00:00:00-04:00,6.354556023573675
1997-10-20 00:00:00-04:00,6.174468357030435
1997-10-21 00:00:00-04:00,6.1230155587196355
1997-10-22 00:00:00-04:00,6.1487414055428085
1997-10-23 00:00:00-04:00,6.123015405763784
1997-10-24 00:00:00-04:00,6.097287971415418
1997-10-27 00:00:00-05:00,6.020105885350427
1997-10-28 00:00:00-05:00,5.428384634683717
1997-10-29 00:00:00-05:00,5.4541138347826505
1997-10-30 00:00:00-05:00,5.762836772056767
1997-10-31 00:00:00-05:00,5.749973933611597
1997-11-03 00:00:00-05:00,5.76283661025522
1997-11-04 00:00:00-05:00,5.749973297119141
1997-11-05 00:00:00-05:00,5.737111731692478
1997-11-06 00:00:00-05:00,5.7113847732543945
1997-11-07 00:00:00-05:00,5.659928484027888
1997-11-10 00:00:00-05:00,5.647067070007324
1997-11-11 00:00:00-05:00,5.557022424844595
1997-11-12 00:00:00-05:00,5.325479507446289
1997-11-13 00:00:00-05:00,5.569882516549012
1997-11-14 00:00:00-05:00,5.5312961032133146
1997-11-17 00:00:00-05:00,5.5570220947265625
1997-11-18 00:00:00-05:00,5.5441586176554365
1997-11-19 00:00:00-05:00,5.518429906921029
1997-11-20 00:00:00-05:00,5.492704224586487
1997-11-21 00:00:00-05:00,5.5055677005222865
1997-11-24 00:00:00-05:00,5.351205024166384
1997-11-25 00:00:00-05:00,5.222571690877279
1997-11-26 00:00:00-05:00,4.913845539093018
1997-11-28 00:00:00-05:00,4.939573614090835
1997-12-01 00:00:00-05:00,4.913846949313549
1997-12-02 00:00:00-05:00,4.862393371582031
1997-12-03 00:00:00-05:00,4.875256261359757
1997-12-04 00:00:00-05:00,5.029620016576092
1997-12-05 00:00:00-05:00,4.965303392048123
1997-12-08 00:00:00-05:00,5.042483329772949
1997-12-09 00:00:00-05:00,5.0424836542188505
1997-12-10 00:00:00-05:00,4.965301666359889
1997-12-11 00:00:00-05:00,4.900983144892728
1997-12-12 00:00:00-05:00,4.759484404358417
1997-12-15 00:00:00-05:00,4.656576946501587
1997-12-16 00:00:00-05:00,4.6823056538899746
1997-12-17 00:00:00-05:00,4.9781662606701405
1997-12-18 00:00:00-05:00,4.991029103597006
1997-12-19 00:00:00-05:00,4.965301019267033
1997-12-22 00:00:00-05:00,4.888120174407959
1997-12-23 00:00:00-05:00,4.836667540266707
1997-12-24 00:00:00-05:00,4.759486675262451
1997-12-26 00:00:00-05:00,4.785212202302253
1997-12-29 00:00:00-05:00,4.785211889501562
1997-12-30 00:00:00-05:00,4.81093900922745
1997-12-31 00:00:00-05:00,4.913848711846719
1998-01-02 00:00:00-05:00,4.978163617340165
1998-01-05 00:00:00-05:00,5.145389405056019
1998-01-06 00:00:00-05:00,5.24829955839775
1998-01-07 00:00:00-05:00,5.45411276935938
1998-01-08 00:00:00-05:00,5.145389080047607
1998-01-09 00:00:00-05:00,5.1582536697387695
1998-01-12 00:00:00-05:00,5.0810737634191705
1998-01-13 00:00:00-05:00,5.042483329772949
1998-01-14 00:00:00-05:00,5.042483329772949
1998-01-15 00:00:00-05:00,4.913846033269708
1998-01-16 00:00:00-05:00,4.9524370870441965
1998-01-20 00:00:00-05:00,5.01675652735161
1998-01-21 00:00:00-05:00,5.068207575771342
1998-01-22 00:00:00-05:00,5.068209171295166
1998-01-23 00:00:00-05:00,5.0424836542188505
1998-01-26 00:00:00-05:00,5.016754353046418
1998-01-27 00:00:00-05:00,5.18397999749395
1998-01-28 00:00:00-05:00,5.196843792410458
1998-01-29 00:00:00-05:00,5.248297691345215
1998-01-30 00:00:00-05:00,5.248297863695996
1998-02-02 00:00:00-05:00,5.351204793387597
1998-02-03 00:00:00-05:00,5.608476979072105
1998-02-04 00:00:00-05:00,5.4798397603242295
1998-02-05 00:00:00-05:00,5.325481583771196
1998-02-06 00:00:00-05:00,5.351208547944004
1998-02-09 00:00:00-05:00,5.27402400970459
1998-02-10 00:00:00-05:00,5.274027655425581
1998-02-11 00:00:00-05:00,5.312614592902562
1998-02-12 00:00:00-05:00,5.209707267144147
1998-02-13 00:00:00-05:00,5.274024640812593
1998-02-17 00:00:00-05:00,5.248297367189905
1998-02-18 00:00:00-05:00,5.209706783294678
1998-02-19 00:00:00-05:00,5.209706783294678
1998-02-20 00:00:00-05:00,5.183980620710035
1998-02-23 00:00:00-05:00,5.132525931543379
1998-02-24 00:00:00-05:00,5.1839794981479645
1998-02-25 00:00:00-05:00,5.145389080047607
1998-02-26 00:00:00-05:00,5.158253496673507
1998-02-27 00:00:00-05:00,5.068210285537097
1998-03-02 00:00:00-05:00,5.042481686206574
1998-03-03 00:00:00-05:00,4.836668190748795
1998-03-04 00:00:00-05:00,4.836667831497963
1998-03-05 00:00:00-05:00,5.093935384982969
1998-03-06 00:00:00-05:00,5.299752868138827
1998-03-09 00:00:00-05:00,5.376933415730795
1998-03-10 00:00:00-05:00,5.557019129666415
1998-03-11 00:00:00-05:00,5.698520342508952
1998-03-12 00:00:00-05:00,5.479838517476927
1998-03-13 00:00:00-05:00,5.505567089203865
1998-03-16 00:00:00-05:00,5.659929451189543
1998-03-17 00:00:00-05:00,5.8657450675964355
1998-03-18 00:00:00-05:00,5.840017501650186
1998-03-19 00:00:00-05:00,6.02010538608213
1998-03-20 00:00:00-05:00,6.071560566391334
1998-03-23 00:00:00-05:00,6.290240773558617
1998-03-24 00:00:00-05:00,6.2001964271068575
1998-03-25 00:00:00-05:00,6.277375711603203
1998-03-26 00:00:00-05:00,6.36742179643447
1998-03-27 00:00:00-05:00,6.251650339365006
1998-03-30 00:00:00-05:00,6.174467717254511
1998-03-31 00:00:00-05:00,6.174468357030435
1998-04-01 00:00:00-05:00,6.1873302178633836
1998-04-02 00:00:00-05:00,6.071559278270866
1998-04-03 00:00:00-05:00,6.071557643326753
1998-04-06 00:00:00-04:00,6.045834064483643
1998-04-07 00:00:00-04:00,5.994376825826836
1998-04-08 00:00:00-04:00,5.981513771948336
1998-04-09 00:00:00-04:00,5.8657424977395385
1998-04-13 00:00:00-04:00,5.814291315419333
1998-04-14 00:00:00-04:00,5.788562476372404
1998-04-15 00:00:00-04:00,5.8914706438716555
1998-04-16 00:00:00-04:00,5.94292561895346
1998-04-17 00:00:00-04:00,6.020106792449951
1998-04-20 00:00:00-04:00,6.032970430487293
1998-04-21 00:00:00-04:00,6.04583390688492
1998-04-22 00:00:00-04:00,6.058697220606682
1998-04-23 00:00:00-04:00,6.045830704160114
1998-04-24 00:00:00-04:00,5.968650301471027
1998-04-27 00:00:00-04:00,5.840016961366812
1998-04-28 00:00:00-04:00,5.698518590150376
1998-04-29 00:00:00-04:00,5.685655762796444
1998-04-30 00:00:00-04:00,5.762837304009332
1998-05-01 00:00:00-04:00,6.431739032268524
1998-05-04 00:00:00-04:00,6.2130589332336035
1998-05-05 00:00:00-04:00,6.04583202161287
1998-05-06 00:00:00-04:00,6.135876970130856
1998-05-07 00:00:00-04:00,6.097287812475431
1998-05-08 00:00:00-04:00,6.045833731952467
1998-05-11 00:00:00-04:00,5.8400163650512695
1998-05-12 00:00:00-04:00,5.827154789613874
1998-05-13 00:00:00-04:00,5.685655732308664
1998-05-14 00:00:00-04:00,5.557020987233808
1998-05-15 00:00:00-04:00,5.582748730243216
1998-05-18 00:00:00-04:00,5.569884291360545
1998-05-19 00:00:00-04:00,5.5441586176554365
1998-05-20 00:00:00-04:00,5.531294824895352
1998-05-21 00:00:00-04:00,5.544157343132551
1998-05-22 00:00:00-04:00,5.479839580815012
1998-05-26 00:00:00-04:00,5.299754619598389
1998-05-27 00:00:00-04:00,5.248297691345215
1998-05-28 00:00:00-04:00,5.248297265235414
1998-05-29 00:00:00-04:00,5.428384634683717
1998-06-01 00:00:00-04:00,5.505569144593718
1998-06-02 00:00:00-04:00,5.479840169573044
1998-06-03 00:00:00-04:00,5.711380853062182
1998-06-04 00:00:00-04:00,5.788562871232817
1998-06-05 00:00:00-04:00,6.135878092013531
1998-06-08 00:00:00-04:00,6.225922102739807
1998-06-09 00:00:00-04:00,6.174469470977783
1998-06-10 00:00:00-04:00,6.148740443862787
1998-06-11 00:00:00-04:00,6.097288296572228
1998-06-12 00:00:00-04:00,5.8657433093907025
1998-06-15 00:00:00-04:00,5.852880932290457
1998-06-16 00:00:00-04:00,5.762837259392989
1998-06-17 00:00:00-04:00,5.917199297154203
1998-06-18 00:00:00-04:00,6.020106000432581
1998-06-19 00:00:00-04:00,6.020106471147661
1998-06-22 00:00:00-04:00,5.9943793532136205
1998-06-23 00:00:00-04:00,5.942925613848231
1998-06-24 00:00:00-04:00,5.9557895639668335
1998-06-25 00:00:00-04:00,5.942924487045388
1998-06-26 00:00:00-04:00,5.904334875016377
1998-06-29 00:00:00-04:00,5.930062619306273
1998-06-30 00:00:00-04:00,6.097287804147471
1998-07-01 00:00:00-04:00,5.93006197817914
1998-07-02 00:00:00-04:00,5.9557900449640115
1998-07-06 00:00:00-04:00,5.878608705686486
1998-07-07 00:00:00-04:00,5.917198503172243
1998-07-08 00:00:00-04:00,5.981516361236572
1998-07-09 00:00:00-04:00,5.98151604505056
1998-07-10 00:00:00-04:00,6.020106792449951
1998-07-13 00:00:00-04:00,6.045831124334877
1998-07-14 00:00:00-04:00,5.8657433093907025
1998-07-15 00:00:00-04:00,5.8657433093907025
1998-07-16 00:00:00-04:00,5.865744881007982
1998-07-17 00:00:00-04:00,5.634202459880284
1998-07-20 00:00:00-04:00,5.428386844907489
1998-07-21 00:00:00-04:00,5.428385596085488
1998-07-22 00:00:00-04:00,5.492704709370932
1998-07-23 00:00:00-04:00,5.582749048868815
1998-07-24 00:00:00-04:00,5.5570220947265625
1998-07-27 00:00:00-04:00,5.5312961032133146
1998-07-28 00:00:00-04:00,5.4798399725625675
1998-07-29 00:00:00-04:00,5.505565458873533
1998-07-30 00:00:00-04:00,5.479841232299805
1998-07-31 00:00:00-04:00,5.531294652393886
1998-08-03 00:00:00-04:00,5.428385520039678
1998-08-04 00:00:00-04:00,5.235432698829786
1998-08-05 00:00:00-04:00,5.02961874613302
1998-08-06 00:00:00-04:00,5.04248178416285
1998-08-07 00:00:00-04:00,5.196844100952148
1998-08-10 00:00:00-04:00,5.183980446781604
1998-08-11 00:00:00-04:00,5.042483011881511
1998-08-12 00:00:00-04:00,4.9395744207546795
1998-08-13 00:00:00-04:00,5.081073918727913
1998-08-14 00:00:00-04:00,5.068207179064526
1998-08-17 00:00:00-04:00,4.913848738852746
1998-08-18 00:00:00-04:00,4.733757998216598
1998-08-19 00:00:00-04:00,4.81093915979913
1998-08-20 00:00:00-04:00,4.862393570430388
1998-08-21 00:00:00-04:00,5.042483011881511
1998-08-24 00:00:00-04:00,5.04248063376235
1998-08-25 00:00:00-04:00,5.068208704066818
1998-08-26 00:00:00-04:00,5.093935189247132
1998-08-27 00:00:00-04:00,5.106799043854823
1998-08-28 00:00:00-04:00,4.772347875721547
1998-08-31 00:00:00-04:00,4.630849789350461
1998-09-01 00:00:00-04:00,4.527942564429306
1998-09-02 00:00:00-04:00,4.296400891858979
1998-09-03 00:00:00-04:00,4.527943134307861
1998-09-04 00:00:00-04:00,4.553670090688786
1998-09-08 00:00:00-04:00,4.605125081782438
1998-09-09 00:00:00-04:00,5.055345230198627
1998-09-10 00:00:00-04:00,5.029617825746536
1998-09-11 00:00:00-04:00,5.145388699034184
1998-09-14 00:00:00-04:00,5.351203810493901
1998-09-15 00:00:00-04:00,5.454114278157553
1998-09-16 00:00:00-04:00,5.582747308486099
1998-09-17 00:00:00-04:00,5.582747308486099
1998-09-18 00:00:00-04:00,5.608475085125854
1998-09-21 00:00:00-04:00,5.865744331391785
1998-09-22 00:00:00-04:00,6.17446962078494
1998-09-23 00:00:00-04:00,6.225922396308497
1998-09-24 00:00:00-04:00,5.878608705686486
1998-09-25 00:00:00-04:00,5.917199142908646
1998-09-28 00:00:00-04:00,6.05869816839695
1998-09-29 00:00:00-04:00,6.1616042428435644
1998-09-30 00:00:00-04:00,6.148741884309738
1998-10-01 00:00:00-04:00,6.238783181494501
1998-10-02 00:00:00-04:00,5.8657448987387335
1998-10-05 00:00:00-04:00,5.8014270339846075
1998-10-06 00:00:00-04:00,5.711383819580078
1998-10-07 00:00:00-04:00,5.634201036650559
1998-10-08 00:00:00-04:00,5.54415587096844
1998-10-09 00:00:00-04:00,5.479838308421048
1998-10-12 00:00:00-04:00,5.685655117034912
1998-10-13 00:00:00-04:00,5.7113830623708575
1998-10-14 00:00:00-04:00,6.045832654007342
1998-10-15 00:00:00-04:00,6.110152080655098
1998-10-16 00:00:00-04:00,6.200194238890983
1998-10-19 00:00:00-04:00,6.38028447329998
1998-10-20 00:00:00-04:00,6.586099928252551
1998-10-21 00:00:00-04:00,6.303102128645953
1998-10-22 00:00:00-04:00,6.08442275131805
1998-10-23 00:00:00-04:00,6.071560696658925
1998-10-26 00:00:00-05:00,6.032970123848488
1998-10-27 00:00:00-05:00,6.200194953323959
1998-10-28 00:00:00-05:00,5.96865256455753
1998-10-29 00:00:00-05:00,5.968652885190902
1998-10-30 00:00:00-05:00,5.981515723055807
1998-11-02 00:00:00-05:00,5.968652403199828
1998-11-03 00:00:00-05:00,5.968652403199828
1998-11-04 00:00:00-05:00,5.955786830993719
1998-11-05 00:00:00-05:00,5.891470723035859
1998-11-06 00:00:00-05:00,5.904335187784281
1998-11-09 00:00:00-05:00,5.968652248382568
1998-11-10 00:00:00-05:00,5.942926087586776
1998-11-11 00:00:00-05:00,5.891472019647297
1998-11-12 00:00:00-05:00,5.891471400343139
1998-11-13 00:00:00-05:00,5.968653040346892
1998-11-16 00:00:00-05:00,5.942925299036093
1998-11-17 00:00:00-05:00,5.968653040346892
1998-11-18 00:00:00-05:00,5.968651482000979
1998-11-19 00:00:00-05:00,6.045832654007342
1998-11-20 00:00:00-05:00,6.110151448148362
1998-11-23 00:00:00-05:00,6.0201057065434815
1998-11-24 00:00:00-05:00,6.148740355045565
1998-11-25 00:00:00-05:00,6.4060106101942935
1998-11-27 00:00:00-05:00,6.303103281104046
1998-11-30 00:00:00-05:00,6.1873323145459915
1998-12-01 00:00:00-05:00,6.277375853110733
1998-12-02 00:00:00-05:00,6.264513175018498
1998-12-03 00:00:00-05:00,6.303103301260206
1998-12-04 00:00:00-05:00,6.508919090431461
1998-12-07 00:00:00-05:00,6.766187682187647
1998-12-08 00:00:00-05:00,6.843369957278757
1998-12-09 00:00:00-05:00,7.023456870735466
1998-12-10 00:00:00-05:00,6.9462749976238225
1998-12-11 00:00:00-05:00,6.689004421234131
1998-12-14 00:00:00-05:00,6.586099725020559
1998-12-15 00:00:00-05:00,6.123014151804731
1998-12-16 00:00:00-05:00,6.277374474399061
1998-12-17 00:00:00-05:00,6.483192287385464
1998-12-18 00:00:00-05:00,6.6118250022312655
1998-12-21 00:00:00-05:00,6.6761444349288945
1998-12-22 00:00:00-05:00,6.393147950060666
1998-12-23 00:00:00-05:00,6.586098056697292
1998-12-24 00:00:00-05:00,6.637552738189697
1998-12-28 00:00:00-05:00,6.6118246910654905
1998-12-29 00:00:00-05:00,6.663278623143003
1998-12-30 00:00:00-05:00,6.830505129721312
1998-12-31 00:00:00-05:00,7.409360163920634
1999-01-04 00:00:00-05:00,7.640902055820948
1999-01-05 00:00:00-05:00,7.306456106933156
1999-01-06 00:00:00-05:00,7.177820695697932
1999-01-07 00:00:00-05:00,6.933412551879883
1999-01-08 00:00:00-05:00,7.512267360687256
1999-01-11 00:00:00-05:00,7.718082137455214
1999-01-12 00:00:00-05:00,7.756673319339752
1999-01-13 00:00:00-05:00,7.718082904815674
1999-01-14 00:00:00-05:00,7.692357540130615
1999-01-15 00:00:00-05:00,7.666629018783569
1999-01-19 00:00:00-05:00,7.718084354211788
1999-01-20 00:00:00-05:00,7.820994540035824
1999-01-21 00:00:00-05:00,7.78240410645012
1999-01-22 00:00:00-05:00,7.743815378568072
1999-01-25 00:00:00-05:00,7.898178039648281
1999-01-26 00:00:00-05:00,8.052533182916761
1999-01-27 00:00:00-05:00,8.116857236185774
1999-01-28 00:00:00-05:00,8.052535175175413
1999-01-29 00:00:00-05:00,7.152093887329102
1999-02-01 00:00:00-05:00,7.306454202118704
1999-02-02 00:00:00-05:00,7.486540998961474
1999-02-03 00:00:00-05:00,7.628037868297263
1999-02-04 00:00:00-05:00,7.486541748046875
1999-02-05 00:00:00-05:00,7.435086876153946
1999-02-08 00:00:00-05:00,7.4093595692809195
1999-02-09 00:00:00-05:00,7.255002021789552
1999-02-10 00:00:00-05:00,7.203549385070801
1999-02-11 00:00:00-05:00,7.254997230555913
1999-02-12 00:00:00-05:00,7.525130064842198
1999-02-16 00:00:00-05:00,7.409360855344742
1999-02-17 00:00:00-05:00,7.267863762918664
1999-02-18 00:00:00-05:00,7.383632987737656
1999-02-19 00:00:00-05:00,7.409365081787109
1999-02-22 00:00:00-05:00,7.229276811250784
1999-02-23 00:00:00-05:00,6.4831927662164395
1999-02-24 00:00:00-05:00,6.58610009765625
1999-02-25 00:00:00-05:00,6.4317378881264125
1999-02-26 00:00:00-05:00,6.290239244499462
1999-03-01 00:00:00-05:00,5.749972706255706
1999-03-02 00:00:00-05:00,5.351205664944937
1999-03-03 00:00:00-05:00,5.376931795259801
1999-03-04 00:00:00-05:00,5.261159515605782
1999-03-05 00:00:00-05:00,5.518429485527245
1999-03-08 00:00:00-05:00,5.235434249043465
1999-03-09 00:00:00-05:00,4.733758317663314
1999-03-10 00:00:00-05:00,5.145389405056019
1999-03-11 00:00:00-05:00,5.351203810493901
1999-03-12 00:00:00-05:00,5.557019129666415
1999-03-15 00:00:00-05:00,5.6599288136435195
1999-03-16 00:00:00-05:00,5.814290552303709
1999-03-17 00:00:00-05:00,5.994379837282242
1999-03-18 00:00:00-05:00,5.994379197729045
1999-03-19 00:00:00-05:00,5.9171991263117105
1999-03-22 00:00:00-05:00,5.775700884186819
1999-03-23 00:00:00-05:00,5.698519879265835
1999-03-24 00:00:00-05:00,5.865744393733162
1999-03-25 00:00:00-05:00,6.084423429804151
1999-03-26 00:00:00-05:00,5.878605599576962
1999-03-29 00:00:00-05:00,5.968651493893394
1999-03-30 00:00:00-05:00,6.0972876487634124
1999-03-31 00:00:00-05:00,6.045833421879061
1999-04-01 00:00:00-05:00,5.994378704955612
1999-04-05 00:00:00-04:00,5.325477948120985
1999-04-06 00:00:00-04:00,5.45411276935938
1999-04-07 00:00:00-04:00,5.119663192255477
1999-04-08 00:00:00-04:00,4.759485116080633
1999-04-09 00:00:00-04:00,4.888121774119715
1999-04-12 00:00:00-04:00,4.746621791352617
1999-04-13 00:00:00-04:00,4.836667063368342
1999-04-14 00:00:00-04:00,4.849529974600848
1999-04-15 00:00:00-04:00,5.2482957661708936
1999-04-16 00:00:00-04:00,5.492704395884454
1999-04-19 00:00:00-04:00,5.582747366370224
1999-04-20 00:00:00-04:00,5.248297063315786
1999-04-21 00:00:00-04:00,5.299751129703245
1999-04-22 00:00:00-04:00,5.351203606345437
1999-04-23 00:00:00-04:00,5.711383057464533
1999-04-26 00:00:00-04:00,5.930062447723589
1999-04-27 00:00:00-04:00,5.865744094848632
1999-04-28 00:00:00-04:00,5.788564682006836
1999-04-29 00:00:00-04:00,5.582750020452508
1999-04-30 00:00:00-04:00,5.557022424844595
1999-05-03 00:00:00-04:00,5.3640702573152685
1999-05-04 00:00:00-04:00,5.312618101684793
1999-05-05 00:00:00-04:00,5.325477914140531
1999-05-06 00:00:00-04:00,5.286889582641365
1999-05-07 00:00:00-04:00,4.9395751953125
1999-05-10 00:00:00-04:00,4.952439503825229
1999-05-11 00:00:00-04:00,4.772348738731222
1999-05-12 00:00:00-04:00,4.862393738019584
1999-05-13 00:00:00-04:00,5.171117326191494
1999-05-14 00:00:00-04:00,5.4412489928359795
1999-05-17 00:00:00-04:00,5.2482957661708936
1999-05-18 00:00:00-04:00,5.505567890664805
1999-05-19 00:00:00-04:00,5.904334996370661
1999-05-20 00:00:00-04:00,5.724246359818819
1999-05-21 00:00:00-04:00,5.852880236468738
1999-05-24 00:00:00-04:00,6.097288280902522
1999-05-25 00:00:00-04:00,6.418874085315165
1999-05-26 00:00:00-04:00,6.264511052181846
1999-05-27 00:00:00-04:00,6.08442497253418
1999-05-28 00:00:00-04:00,6.0844230752031345
1999-06-01 00:00:00-04:00,6.148743066701804
1999-06-02 00:00:00-04:00,5.737109661102295
1999-06-03 00:00:00-04:00,5.762836784716474
1999-06-04 00:00:00-04:00,5.814291323786196
1999-06-07 00:00:00-04:00,5.942926087586776
1999-06-08 00:00:00-04:00,5.917198349689616
1999-06-09 00:00:00-04:00,5.942925299036093
1999-06-10 00:00:00-04:00,5.99437952041626
1999-06-11 00:00:00-04:00,5.96865256968486
1999-06-14 00:00:00-04:00,5.994376825826836
1999-06-15 00:00:00-04:00,5.968653048499156
1999-06-16 00:00:00-04:00,6.071559290216154
1999-06-17 00:00:00-04:00,6.0844230752031345
1999-06-18 00:00:00-04:00,6.123014924881305
1999-06-21 00:00:00-04:00,6.0201057065434815
1999-06-22 00:00:00-04:00,6.1487414055428085
1999-06-23 00:00:00-04:00,6.213057112981038
1999-06-24 00:00:00-04:00,6.380282971037536
1999-06-25 00:00:00-04:00,6.071559278270866
1999-06-28 00:00:00-04:00,6.110150345199776
1999-06-29 00:00:00-04:00,6.148738460826669
1999-06-30 00:00:00-04:00,6.032970422247181
1999-07-01 00:00:00-04:00,5.94292561895346
1999-07-02 00:00:00-04:00,6.045833603475104
1999-07-06 00:00:00-04:00,6.58609847184066
1999-07-07 00:00:00-04:00,7.30645215511322
1999-07-08 00:00:00-04:00,7.357910651621465
1999-07-09 00:00:00-04:00,7.293591664994464
1999-07-12 00:00:00-04:00,7.010593232612185
1999-07-13 00:00:00-04:00,6.920550821458592
1999-07-14 00:00:00-04:00,7.0105976910486705
1999-07-15 00:00:00-04:00,7.087776797883055
1999-07-16 00:00:00-04:00,7.229272966647367
1999-07-19 00:00:00-04:00,7.010595474554145
1999-07-20 00:00:00-04:00,7.126363590440526
1999-07-21 00:00:00-04:00,7.036320693276146
1999-07-22 00:00:00-04:00,7.06204648812612
1999-07-23 00:00:00-04:00,6.946275294172925
1999-07-26 00:00:00-04:00,6.611825789592063
1999-07-27 00:00:00-04:00,6.663280501455631
1999-07-28 00:00:00-04:00,6.791915260170991
1999-07-29 00:00:00-04:00,6.817640245651186
1999-07-30 00:00:00-04:00,6.68900968329224
1999-08-02 00:00:00-04:00,7.255000578249739
1999-08-03 00:00:00-04:00,7.08777602718157
1999-08-04 00:00:00-04:00,6.972003922372495
1999-08-05 00:00:00-04:00,6.7919131812034
1999-08-06 00:00:00-04:00,6.779052570462227
1999-08-09 00:00:00-04:00,7.023456870735466
1999-08-10 00:00:00-04:00,6.946276026002109
1999-08-11 00:00:00-04:00,6.933410938655104
1999-08-12 00:00:00-04:00,6.8690935830089535
1999-08-13 00:00:00-04:00,6.881960702864505
1999-08-16 00:00:00-04:00,6.997731685638428
1999-08-17 00:00:00-04:00,6.972003277083089
1999-08-18 00:00:00-04:00,6.869095333461655
1999-08-19 00:00:00-04:00,6.869094398286608
1999-08-20 00:00:00-04:00,6.920548111645143
1999-08-23 00:00:00-04:00,6.8433672776862755
1999-08-24 00:00:00-04:00,6.89482260982049
1999-08-25 00:00:00-04:00,6.972003298634302
1999-08-26 00:00:00-04:00,6.946277776185204
1999-08-27 00:00:00-04:00,6.997731685638428
1999-08-30 00:00:00-04:00,6.99772948664892
1999-08-31 00:00:00-04:00,7.1006377595426375
1999-09-01 00:00:00-04:00,7.126365016590466
1999-09-02 00:00:00-04:00,7.074911117553711
1999-09-03 00:00:00-04:00,7.074911117553711
1999-09-07 00:00:00-04:00,7.074912872103696
1999-09-08 00:00:00-04:00,6.933414614661623
1999-09-09 00:00:00-04:00,6.9334114951056405
1999-09-10 00:00:00-04:00,6.689007104611864
1999-09-13 00:00:00-04:00,6.508916542610003
1999-09-14 00:00:00-04:00,6.508918606390164
1999-09-15 00:00:00-04:00,6.534647015330728
1999-09-16 00:00:00-04:00,6.264510946651913
1999-09-17 00:00:00-04:00,5.788563721932021
1999-09-20 00:00:00-04:00,5.749974250793457
1999-09-21 00:00:00-04:00,5.68565623956693
1999-09-22 00:00:00-04:00,5.814290996118218
1999-09-23 00:00:00-04:00,5.788564044807961
1999-09-24 00:00:00-04:00,5.801427209614129
1999-09-27 00:00:00-04:00,5.827154639520143
1999-09-28 00:00:00-04:00,6.071560045768475
1999-09-29 00:00:00-04:00,5.968651493893394
1999-09-30 00:00:00-04:00,6.123014454055181
1999-10-01 00:00:00-04:00,6.148740893807905
1999-10-04 00:00:00-04:00,5.9429245359578715
1999-10-05 00:00:00-04:00,6.084424336077803
1999-10-06 00:00:00-04:00,6.097286548935065
1999-10-07 00:00:00-04:00,6.148739800704153
1999-10-08 00:00:00-04:00,6.110151288873058
1999-10-11 00:00:00-04:00,6.084424336077803
1999-10-12 00:00:00-04:00,6.08442282095188
1999-10-13 00:00:00-04:00,5.788564351634671
1999-10-14 00:00:00-04:00,5.569885735273927
1999-10-15 00:00:00-04:00,5.428386844907489
1999-10-18 00:00:00-04:00,5.402658534049988
1999-10-19 00:00:00-04:00,5.158252269688637
1999-10-20 00:00:00-04:00,5.261161166078904
1999-10-21 00:00:00-04:00,5.209706277775585
1999-10-22 00:00:00-04:00,5.158252878568659
1999-10-25 00:00:00-04:00,5.171118108593688
1999-10-26 00:00:00-04:00,4.939572682100184
1999-10-27 00:00:00-04:00,4.553669168678347
1999-10-28 00:00:00-04:00,4.6694426421196225
1999-10-29 00:00:00-04:00,4.785212832962406
1999-11-01 00:00:00-05:00,4.785214273825935
1999-11-02 00:00:00-05:00,4.733757153679343
1999-11-03 00:00:00-05:00,4.47648745856428
1999-11-04 00:00:00-05:00,4.733757794558347
1999-11-05 00:00:00-05:00,4.733760356903076
1999-11-08 00:00:00-05:00,4.785214273825935
1999-11-09 00:00:00-05:00,4.772347261860196
1999-11-10 00:00:00-05:00,4.79807775305665
1999-11-11 00:00:00-05:00,4.88812068454048
1999-11-12 00:00:00-05:00,5.209706057772111
1999-11-15 00:00:00-05:00,5.389797499619747
1999-11-16 00:00:00-05:00,5.608473128106397
1999-11-17 00:00:00-05:00,5.891470292601922
1999-11-18 00:00:00-05:00,6.3416932345899335
1999-11-19 00:00:00-05:00,6.2902406164253994
1999-11-22 00:00:00-05:00,6.032967653857568
1999-11-23 00:00:00-05:00,5.891469438519098
1999-11-24 00:00:00-05:00,5.814290199279785
1999-11-26 00:00:00-05:00,5.76283869013056
1999-11-29 00:00:00-05:00,5.7371077125722705
1999-11-30 00:00:00-05:00,5.659929599080766
1999-12-01 00:00:00-05:00,5.711382615795014
1999-12-02 00:00:00-05:00,6.277376162980942
1999-12-03 00:00:00-05:00,6.174467291841642
1999-12-06 00:00:00-05:00,6.393147950060666
1999-12-07 00:00:00-05:00,6.586096660907452
1999-12-08 00:00:00-05:00,6.689005524035126
1999-12-09 00:00:00-05:00,6.650417645772299
1999-12-10 00:00:00-05:00,6.663279884739926
1999-12-13 00:00:00-05:00,6.843368384647192
1999-12-14 00:00:00-05:00,6.920550018886351
1999-12-15 00:00:00-05:00,6.7919133883803635
1999-12-16 00:00:00-05:00,6.946275863505651
1999-12-17 00:00:00-05:00,6.946276700432925
1999-12-20 00:00:00-05:00,7.216409374338336
1999-12-21 00:00:00-05:00,7.280728979313627
1999-12-22 00:00:00-05:00,7.255000270558422
1999-12-23 00:00:00-05:00,7.203548889699336
1999-12-27 00:00:00-05:00,7.280726398371618
1999-12-28 00:00:00-05:00,7.100639974470619
1999-12-29 00:00:00-05:00,7.152095993069836
1999-12-30 00:00:00-05:00,6.997729124846282
1999-12-31 00:00:00-05:00,6.972005048509461
2000-01-03 00:00:00-05:00,6.933410352009993
2000-01-04 00:00:00-05:00,6.560372498880819
2000-01-05 00:00:00-05:00,6.328828984691251
2000-01-06 00:00:00-05:00,6.380283653981401
2000-01-07 00:00:00-05:00,6.251647143324544
2000-01-10 00:00:00-05:00,6.277375711603203
2000-01-11 00:00:00-05:00,6.406008080335764
2000-01-12 00:00:00-05:00,6.714733583982601
2000-01-13 00:00:00-05:00,6.61182545589141
2000-01-14 00:00:00-05:00,6.573235827801274
2000-01-18 00:00:00-05:00,6.4831927662164395
2000-01-19 00:00:00-05:00,6.38028447329998
2000-01-20 00:00:00-05:00,6.586100410012638
2000-01-21 00:00:00-05:00,6.95913870687838
2000-01-24 00:00:00-05:00,6.972003818184607
2000-01-25 00:00:00-05:00,7.345042231082916
2000-01-26 00:00:00-05:00,7.666632179347661
2000-01-27 00:00:00-05:00,7.859581883321672
2000-01-28 00:00:00-05:00,7.6666339427384536
2000-01-31 00:00:00-05:00,7.563723887400121
2000-02-01 00:00:00-05:00,7.615175065540132
2000-02-02 00:00:00-05:00,7.589449746951611
2000-02-03 00:00:00-05:00,7.666630768578901
2000-02-04 00:00:00-05:00,7.808126926422119
2000-02-07 00:00:00-05:00,7.833854079246521
2000-02-08 00:00:00-05:00,7.537998174448482
2000-02-09 00:00:00-05:00,7.795264493004749
2000-02-10 00:00:00-05:00,7.615176212086397
2000-02-11 00:00:00-05:00,7.6280386042594905
2000-02-14 00:00:00-05:00,7.7180829878146335
2000-02-15 00:00:00-05:00,7.53799353503851
2000-02-16 00:00:00-05:00,7.4093619954710634
2000-02-17 00:00:00-05:00,7.357908096842377
2000-02-18 00:00:00-05:00,7.422225289166292
2000-02-22 00:00:00-05:00,7.203549921077533
2000-02-23 00:00:00-05:00,7.049185916205138
2000-02-24 00:00:00-05:00,6.959139823913575
2000-02-25 00:00:00-05:00,6.984865652190315
2000-02-28 00:00:00-05:00,6.9720047309118165
2000-02-29 00:00:00-05:00,6.997730262100806
2000-03-01 00:00:00-05:00,6.933416799037126
2000-03-02 00:00:00-05:00,7.036324655052519
2000-03-03 00:00:00-05:00,7.023457252029824
2000-03-06 00:00:00-05:00,7.319317172902875
2000-03-07 00:00:00-05:00,7.216407850384712
2000-03-08 00:00:00-05:00,7.409360638786764
2000-03-09 00:00:00-05:00,7.6023105579943016
2000-03-10 00:00:00-05:00,7.718087210873057
2000-03-13 00:00:00-05:00,7.525132770031955
2000-03-14 00:00:00-05:00,7.20354383236894
2000-03-15 00:00:00-05:00,6.933413064672446
2000-03-16 00:00:00-05:00,7.152094358195132
2000-03-17 00:00:00-05:00,7.152094358195132
2000-03-20 00:00:00-05:00,7.216407100907688
2000-03-21 00:00:00-05:00,7.512267999364118
2000-03-22 00:00:00-05:00,7.319314191894797
2000-03-23 00:00:00-05:00,7.203549385070801
2000-03-24 00:00:00-05:00,7.255000270558422
2000-03-27 00:00:00-05:00,7.242136441676989
2000-03-28 00:00:00-05:00,6.959139066685783
2000-03-29 00:00:00-05:00,7.087774398384592
2000-03-30 00:00:00-05:00,6.907687187194824
2000-03-31 00:00:00-05:00,6.6761444308718705
2000-04-03 00:00:00-04:00,6.2773760381447845
2000-04-04 00:00:00-04:00,6.45746435906723
2000-04-05 00:00:00-04:00,6.341691835817084
2000-04-06 00:00:00-04:00,6.406007415369937
2000-04-07 00:00:00-04:00,6.624688929541004
2000-04-10 00:00:00-04:00,6.586099620886542
2000-04-11 00:00:00-04:00,6.586099127888916
2000-04-12 00:00:00-04:00,6.444602333084199
2000-04-13 00:00:00-04:00,6.393147460797654
2000-04-14 00:00:00-04:00,6.277374782853137
2000-04-17 00:00:00-04:00,5.904337368603254
2000-04-18 00:00:00-04:00,5.402659054460196
2000-04-19 00:00:00-04:00,5.248297338221476
2000-04-20 00:00:00-04:00,5.119665195674249
2000-04-24 00:00:00-04:00,4.939574873227242
2000-04-25 00:00:00-04:00,4.888119848947676
2000-04-26 00:00:00-04:00,4.888120320638021
2000-04-27 00:00:00-04:00,4.836667540266707
2000-04-28 00:00:00-04:00,4.772350775468254
2000-05-01 00:00:00-04:00,4.849528907114251
2000-05-02 00:00:00-04:00,4.746620322443159
2000-05-03 00:00:00-04:00,4.733760356903076
2000-05-04 00:00:00-04:00,4.733760356903076
2000-05-05 00:00:00-04:00,4.720893383026123
2000-05-08 00:00:00-04:00,4.708032115031097
2000-05-09 00:00:00-04:00,4.553669182808845
2000-05-10 00:00:00-04:00,4.669440087501717
2000-05-11 00:00:00-04:00,4.630852222442627
2000-05-12 00:00:00-04:00,4.682304832068357
2000-05-15 00:00:00-04:00,4.527944689211638
2000-05-16 00:00:00-04:00,4.7337600416173045
2000-05-17 00:00:00-04:00,4.669440087501717
2000-05-18 00:00:00-04:00,4.630849690727108
2000-05-19 00:00:00-04:00,4.64371297878926
2000-05-22 00:00:00-04:00,4.592260833513938
2000-05-23 00:00:00-04:00,4.553667376466919
2000-05-24 00:00:00-04:00,4.540808049177372
2000-05-25 00:00:00-04:00,4.489352863856724
2000-05-26 00:00:00-04:00,4.5022166533277215
2000-05-30 00:00:00-04:00,4.463625117280017
2000-05-31 00:00:00-04:00,4.476489854146199
2000-06-01 00:00:00-04:00,4.3735814430344275
2000-06-02 00:00:00-04:00,4.617986037078516
2000-06-05 00:00:00-04:00,4.6308501382892056
2000-06-06 00:00:00-04:00,4.592260986394276
2000-06-07 00:00:00-04:00,4.5022166533277215
2000-06-08 00:00:00-04:00,4.4764885391507825
2000-06-09 00:00:00-04:00,4.347853974701743
2000-06-12 00:00:00-04:00,4.322127028105874
2000-06-13 00:00:00-04:00,4.322127805937321
2000-06-14 00:00:00-04:00,4.219220326443222
2000-06-15 00:00:00-04:00,4.412170771520023
2000-06-16 00:00:00-04:00,4.540804909161872
2000-06-19 00:00:00-04:00,4.86239302676657
2000-06-20 00:00:00-04:00,5.325477869801931
2000-06-21 00:00:00-04:00,5.659931246591354
2000-06-22 00:00:00-04:00,5.3769319393016675
2000-06-23 00:00:00-04:00,5.209707894337089
2000-06-26 00:00:00-04:00,5.196843085987709
2000-06-27 00:00:00-04:00,5.003891108528016
2000-06-28 00:00:00-04:00,4.875256528245642
2000-06-29 00:00:00-04:00,4.8623940158330665
2000-06-30 00:00:00-04:00,4.836665180487046
2000-07-03 00:00:00-04:00,4.579397990252521
2000-07-05 00:00:00-04:00,4.81093958733787
2000-07-06 00:00:00-04:00,4.605123071880131
2000-07-07 00:00:00-04:00,4.733758626302083
2000-07-10 00:00:00-04:00,4.849528080111304
2000-07-11 00:00:00-04:00,4.733756852734642
2000-07-12 00:00:00-04:00,4.746623836133791
2000-07-13 00:00:00-04:00,4.759487315364505
2000-07-14 00:00:00-04:00,4.733760033884356
2000-07-17 00:00:00-04:00,4.798075362322802
2000-07-18 00:00:00-04:00,4.836665955800859
2000-07-19 00:00:00-04:00,4.849529429087563
2000-07-20 00:00:00-04:00,4.875255619395863
2000-07-21 00:00:00-04:00,4.952438349459605
2000-07-24 00:00:00-04:00,4.84953054930548
2000-07-25 00:00:00-04:00,5.003892580668132
2000-07-26 00:00:00-04:00,4.965302149454753
2000-07-27 00:00:00-04:00,4.92671026880779
2000-07-28 00:00:00-04:00,4.913847122694317
2000-07-31 00:00:00-04:00,4.939572479088269
2000-08-01 00:00:00-04:00,4.926710596837496
2000-08-02 00:00:00-04:00,4.888120811442378
2000-08-03 00:00:00-04:00,4.900983144892728
2000-08-04 00:00:00-04:00,4.810941232287365
2000-08-07 00:00:00-04:00,4.733760356903076
2000-08-08 00:00:00-04:00,4.733760356903076
2000-08-09 00:00:00-04:00,4.746623512237303
2000-08-10 00:00:00-04:00,4.81093767098575
2000-08-11 00:00:00-04:00,4.720896563243345
2000-08-14 00:00:00-04:00,4.7337600416173045
2000-08-15 00:00:00-04:00,4.720894307641111
2000-08-16 00:00:00-04:00,4.656578855256777
2000-08-17 00:00:00-04:00,4.746621781315944
2000-08-18 00:00:00-04:00,4.798076308319832
2000-08-21 00:00:00-04:00,4.785213947296143
2000-08-22 00:00:00-04:00,4.78521185051905
2000-08-23 00:00:00-04:00,4.695167541503906
2000-08-24 00:00:00-04:00,4.682303391355376
2000-08-25 00:00:00-04:00,4.6437160022880715
2000-08-28 00:00:00-04:00,4.759484404358417
2000-08-29 00:00:00-04:00,4.682303890957397
2000-08-30 00:00:00-04:00,4.6179847122927224
2000-08-31 00:00:00-04:00,4.566533882065682
2000-09-01 00:00:00-04:00,4.566532775257411
2000-09-05 00:00:00-04:00,4.6051225662231445
2000-09-06 00:00:00-04:00,4.605125257877704
2000-09-07 00:00:00-04:00,4.708031222933815
2000-09-08 00:00:00-04:00,4.875257312102095
2000-09-11 00:00:00-04:00,4.720895603011791
2000-09-12 00:00:00-04:00,4.708032765259614
2000-09-13 00:00:00-04:00,4.720896753677325
2000-09-14 00:00:00-04:00,4.502216339111328
2000-09-15 00:00:00-04:00,4.605125265651279
2000-09-18 00:00:00-04:00,4.579396685888601
2000-09-19 00:00:00-04:00,4.425035637012426
2000-09-20 00:00:00-04:00,4.39930899891336
2000-09-21 00:00:00-04:00,4.4121705929209245
2000-09-22 00:00:00-04:00,4.425036596337603
2000-09-25 00:00:00-04:00,4.360717920486085
2000-09-26 00:00:00-04:00,4.2964000469300805
2000-09-27 00:00:00-04:00,4.219219317102128
2000-09-28 00:00:00-04:00,4.0134053230285645
2000-09-29 00:00:00-04:00,4.026267901652277
2000-10-02 00:00:00-04:00,4.553670040861575
2000-10-03 00:00:00-04:00,4.270675706863403
2000-10-04 00:00:00-04:00,4.1163105769112285
2000-10-05 00:00:00-04:00,4.1034479490140585
2000-10-06 00:00:00-04:00,4.206359477270217
2000-10-09 00:00:00-04:00,4.051995758826916
2000-10-10 00:00:00-04:00,4.039132938322881
2000-10-11 00:00:00-04:00,3.961950302124024
2000-10-12 00:00:00-04:00,3.961949258068808
2000-10-13 00:00:00-04:00,3.9362223148345947
2000-10-16 00:00:00-04:00,3.9619493637820917
2000-10-17 00:00:00-04:00,4.0005405560920115
2000-10-18 00:00:00-04:00,3.910494949643975
2000-10-19 00:00:00-04:00,3.9362226647845766
2000-10-20 00:00:00-04:00,3.820451037883758
2000-10-23 00:00:00-04:00,3.8204531440368066
2000-10-24 00:00:00-04:00,4.0134032516234175
2000-10-25 00:00:00-04:00,4.000542604923248
2000-10-26 00:00:00-04:00,4.090585403211888
2000-10-27 00:00:00-04:00,4.244947275483464
2000-10-30 00:00:00-05:00,4.270674992427443
2000-10-31 00:00:00-05:00,4.502214851573527
2000-11-01 00:00:00-05:00,5.042481627287688
2000-11-02 00:00:00-05:00,5.26116147843918
2000-11-03 00:00:00-05:00,5.196843340776969
2000-11-06 00:00:00-05:00,5.32547853974735
2000-11-07 00:00:00-05:00,5.248299883202892
2000-11-08 00:00:00-05:00,5.389795475817741
2000-11-09 00:00:00-05:00,5.415523846944174
2000-11-10 00:00:00-05:00,5.557021185262314
2000-11-13 00:00:00-05:00,5.827155563235283
2000-11-14 00:00:00-05:00,6.200194020941073
2000-11-15 00:00:00-05:00,6.110151448148362
2000-11-16 00:00:00-05:00,5.968651885986328
2000-11-17 00:00:00-05:00,5.762837418265964
2000-11-20 00:00:00-05:00,5.917198205553392
2000-11-21 00:00:00-05:00,5.994379334102404
2000-11-22 00:00:00-05:00,5.77570120493571
2000-11-24 00:00:00-05:00,5.569885571797689
2000-11-27 00:00:00-05:00,5.659929271148052
2000-11-28 00:00:00-05:00,5.647066434224447
2000-11-29 00:00:00-05:00,5.634201036650559
2000-11-30 00:00:00-05:00,5.569884660228199
2000-12-01 00:00:00-05:00,5.81428988386945
2000-12-04 00:00:00-05:00,5.77570073541842
2000-12-05 00:00:00-05:00,5.8786091804504395
2000-12-06 00:00:00-05:00,5.8786085436218665
2000-12-07 00:00:00-05:00,5.87860932864296
2000-12-08 00:00:00-05:00,6.0972875064834025
2000-12-11 00:00:00-05:00,6.200195002457733
2000-12-12 00:00:00-05:00,6.251646968805901
2000-12-13 00:00:00-05:00,6.843368709747202
2000-12-14 00:00:00-05:00,6.9462750562980995
2000-12-15 00:00:00-05:00,6.869097217269565
2000-12-18 00:00:00-05:00,7.07491139570872
2000-12-19 00:00:00-05:00,6.740460020228004
2000-12-20 00:00:00-05:00,7.139227573336201
2000-12-21 00:00:00-05:00,6.650416827296831
2000-12-22 00:00:00-05:00,6.457464152430245
2000-12-26 00:00:00-05:00,6.856231364377699
2000-12-27 00:00:00-05:00,6.791916047825533
2000-12-28 00:00:00-05:00,6.933413680736309
2000-12-29 00:00:00-05:00,7.13923087913363
2001-01-02 00:00:00-05:00,7.190686439075609
2001-01-03 00:00:00-05:00,7.023461101321937
2001-01-04 00:00:00-05:00,7.190681866110479
2001-01-05 00:00:00-05:00,6.933414298821899
2001-01-08 00:00:00-05:00,7.010592328075277
2001-01-09 00:00:00-05:00,6.676143787977264
2001-01-10 00:00:00-05:00,6.586099620886542
2001-01-11 00:00:00-05:00,6.573236145064498
2001-01-12 00:00:00-05:00,6.573233899750418
2001-01-16 00:00:00-05:00,6.534645235114418
2001-01-17 00:00:00-05:00,6.560371732248844
2001-01-18 00:00:00-05:00,6.624689460697031
2001-01-19 00:00:00-05:00,6.830506002014044
2001-01-22 00:00:00-05:00,6.714734379106982
2001-01-23 00:00:00-05:00,6.5475081469025636
2001-01-24 00:00:00-05:00,6.79191333100996
2001-01-25 00:00:00-05:00,6.740461985270183
2001-01-26 00:00:00-05:00,6.676141671175082
2001-01-29 00:00:00-05:00,6.555226581189683
2001-01-30 00:00:00-05:00,6.668425615968319
2001-01-31 00:00:00-05:00,6.565518217119381
2001-02-01 00:00:00-05:00,6.5140632314016615
2001-02-02 00:00:00-05:00,6.42350456057018
2001-02-05 00:00:00-05:00,6.057151264439525
2001-02-06 00:00:00-05:00,6.030397540573286
2001-02-07 00:00:00-05:00,6.250619585610154
2001-02-08 00:00:00-05:00,6.258851352618058
2001-02-09 00:00:00-05:00,6.197108147101707
2001-02-12 00:00:00-05:00,6.400866721032969
2001-02-13 00:00:00-05:00,6.495540628917576
2001-02-14 00:00:00-05:00,6.442025418045472
2001-02-15 00:00:00-05:00,6.787797023807564
2001-02-16 00:00:00-05:00,6.843368093944783
2001-02-20 00:00:00-05:00,6.859834887265937
2001-02-21 00:00:00-05:00,6.894824827493773
2001-02-22 00:00:00-05:00,6.845426211762615
2001-02-23 00:00:00-05:00,6.935987454468302
2001-02-26 00:00:00-05:00,7.409363090385285
2001-02-27 00:00:00-05:00,7.1150465307584945
2001-02-28 00:00:00-05:00,7.164441965377054
2001-03-01 00:00:00-05:00,7.228247048841877
2001-03-02 00:00:00-05:00,7.203543851573602
2001-03-05 00:00:00-05:00,7.718080816341084
2001-03-06 00:00:00-05:00,7.563721549115345
2001-03-07 00:00:00-05:00,7.374372483786831
2001-03-08 00:00:00-05:00,7.150035729232619
2001-03-09 00:00:00-05:00,6.997730421606802
2001-03-12 00:00:00-05:00,7.100639504544875
2001-03-13 00:00:00-05:00,7.038892654798432
2001-03-14 00:00:00-05:00,6.849542184009882
2001-03-15 00:00:00-05:00,6.682832845748174
2001-03-16 00:00:00-05:00,6.717821196734528
2001-03-19 00:00:00-05:00,6.812495540895443
2001-03-20 00:00:00-05:00,6.61491440713061
2001-03-21 00:00:00-05:00,6.176526652937597
2001-03-22 00:00:00-05:00,6.295898998979606
2001-03-23 00:00:00-05:00,6.326772424307052
2001-03-26 00:00:00-05:00,6.505830997311085
2001-03-27 00:00:00-05:00,6.32677251363819
2001-03-28 00:00:00-05:00,6.287668345205195
2001-03-29 00:00:00-05:00,6.616969237470789
2001-03-30 00:00:00-05:00,6.390573320085195
2001-04-02 00:00:00-04:00,6.114780331701678
2001-04-03 00:00:00-04:00,5.95836240769352
2001-04-04 00:00:00-04:00,5.762835658797872
2001-04-05 00:00:00-04:00,5.577603659801315
2001-04-06 00:00:00-04:00,5.896615744163586
2001-04-09 00:00:00-04:00,5.657870890813536
2001-04-10 00:00:00-04:00,5.7669521560807455
2001-04-11 00:00:00-04:00,6.256794390164352
2001-04-12 00:00:00-04:00,6.318539560067595
2001-04-16 00:00:00-04:00,6.388517032250738
2001-04-17 00:00:00-04:00,6.20534125871858
2001-04-18 00:00:00-04:00,6.483192442016889
2001-04-19 00:00:00-04:00,6.804265480894075
2001-04-20 00:00:00-04:00,7.123276182841687
2001-04-23 00:00:00-04:00,6.730170865635753
2001-04-24 00:00:00-04:00,6.514064163791025
2001-04-25 00:00:00-04:00,6.773388799155052
2001-04-26 00:00:00-04:00,6.705471231205973
2001-04-27 00:00:00-04:00,7.049182937528488
2001-04-30 00:00:00-04:00,7.1891386227471665
2001-05-01 00:00:00-04:00,7.409360335177223
2001-05-02 00:00:00-04:00,7.687213796761337
2001-05-03 00:00:00-04:00,7.872446842175407
2001-05-04 00:00:00-04:00,7.528736115244927
2001-05-07 00:00:00-04:00,7.697503179912407
2001-05-08 00:00:00-04:00,7.707797489021221
2001-05-09 00:00:00-04:00,7.574012217853124
2001-05-10 00:00:00-04:00,7.409360666575492
2001-05-11 00:00:00-04:00,7.193254812814149
2001-05-14 00:00:00-04:00,7.285871982574463
2001-05-15 00:00:00-04:00,7.265288600634269
2001-05-16 00:00:00-04:00,7.180909532812074
2001-05-17 00:00:00-04:00,7.213834645844542
2001-05-18 00:00:00-04:00,7.2961620431167376
2001-05-21 00:00:00-04:00,7.141800621308159
2001-05-22 00:00:00-04:00,7.471102012672938
2001-05-23 00:00:00-04:00,7.656341935074525
2001-05-24 00:00:00-04:00,7.666633430499007
2001-05-25 00:00:00-04:00,7.567838583310508
2001-05-29 00:00:00-04:00,7.522560502994598
2001-05-30 00:00:00-04:00,7.565782803099019
2001-05-31 00:00:00-04:00,7.574015138617806
2001-06-01 00:00:00-04:00,7.613121092598448
2001-06-04 00:00:00-04:00,7.594599020342575
2001-06-05 00:00:00-04:00,7.613121092598448
2001-06-06 00:00:00-04:00,7.5740130172092615
2001-06-07 00:00:00-04:00,7.602827686832246
2001-06-08 00:00:00-04:00,7.458759975529589
2001-06-11 00:00:00-04:00,7.450525665363916
2001-06-12 00:00:00-04:00,7.495802833112782
2001-06-13 00:00:00-04:00,7.5349044258734335
2001-06-14 00:00:00-04:00,7.349676199315084
2001-06-15 00:00:00-04:00,7.123283153779354
2001-06-18 00:00:00-04:00,7.139743576682086
2001-06-19 00:00:00-04:00,6.983320843504827
2001-06-20 00:00:00-04:00,7.100642001047654
2001-06-21 00:00:00-04:00,7.265292647774294
2001-06-22 00:00:00-04:00,7.2241278208621384
2001-06-25 00:00:00-04:00,7.615175258711193
2001-06-26 00:00:00-04:00,7.748954010697373
2001-06-27 00:00:00-04:00,7.903317984475114
2001-06-28 00:00:00-04:00,8.088552374464788
2001-06-29 00:00:00-04:00,8.335533559963206
2001-07-02 00:00:00-04:00,8.310831982697625
2001-07-03 00:00:00-04:00,8.356113034894527
2001-07-05 00:00:00-04:00,8.438436517977612
2001-07-06 00:00:00-04:00,8.644256754797983
2001-07-09 00:00:00-04:00,8.551640217258454
2001-07-10 00:00:00-04:00,8.292308789454635
2001-07-11 00:00:00-04:00,8.479604084327821
2001-07-12 00:00:00-04:00,8.459020734671954
2001-07-13 00:00:00-04:00,8.932399110308594
2001-07-16 00:00:00-04:00,9.066179227550183
2001-07-17 00:00:00-04:00,8.850069153174925
2001-07-18 00:00:00-04:00,9.15056382512575
2001-07-19 00:00:00-04:00,9.0867595655742
2001-07-20 00:00:00-04:00,9.148504092025167
2001-07-23 00:00:00-04:00,9.210248768998042
2001-07-24 00:00:00-04:00,8.97356037220409
2001-07-25 00:00:00-04:00,8.979739122793834
2001-07-26 00:00:00-04:00,8.582511739456884
2001-07-27 00:00:00-04:00,8.54134750288624
2001-07-30 00:00:00-04:00,8.582511592426837
2001-07-31 00:00:00-04:00,8.85006831009514
2001-08-01 00:00:00-04:00,9.241123193501942
2001-08-02 00:00:00-04:00,9.261706374494942
2001-08-03 00:00:00-04:00,8.784206815811409
2001-08-06 00:00:00-04:00,8.798615624523501
2001-08-07 00:00:00-04:00,8.685418351015372
2001-08-08 00:00:00-04:00,9.014723701995022
2001-08-09 00:00:00-04:00,9.282283782958984
2001-08-10 00:00:00-04:00,9.313154146426037
2001-08-13 00:00:00-04:00,9.539555232495449
2001-08-14 00:00:00-04:00,9.66304012927437
2001-08-15 00:00:00-04:00,9.467518596648503
2001-08-16 00:00:00-04:00,9.652749631339907
2001-08-17 00:00:00-04:00,9.344027346411863
2001-08-20 00:00:00-04:00,9.323447096812496
2001-08-21 00:00:00-04:00,9.54984899938942
2001-08-22 00:00:00-04:00,9.516915539579507
2001-08-23 00:00:00-04:00,9.467520105323024
2001-08-24 00:00:00-04:00,9.243175997157353
2001-08-27 00:00:00-04:00,9.339910535392221
2001-08-28 00:00:00-04:00,8.994141144524887
2001-08-29 00:00:00-04:00,9.066176891441582
2001-08-30 00:00:00-04:00,9.035307263343094
2001-08-31 00:00:00-04:00,8.829492182402962
2001-09-04 00:00:00-04:00,8.82743287806619
2001-09-05 00:00:00-04:00,8.489894363983225
2001-09-06 00:00:00-04:00,7.944480306154169
2001-09-07 00:00:00-04:00,7.59459565113949
2001-09-10 00:00:00-04:00,7.512272433707387
2001-09-17 00:00:00-04:00,7.2035462521639575
2001-09-18 00:00:00-04:00,7.543143592501046
2001-09-19 00:00:00-04:00,7.514329782237991
2001-09-20 00:00:00-04:00,7.769536770565408
2001-09-21 00:00:00-04:00,7.203541744044536
2001-09-24 00:00:00-04:00,7.193254796240321
2001-09-25 00:00:00-04:00,7.718083685473652
2001-09-26 00:00:00-04:00,7.666629300556335
2001-09-27 00:00:00-04:00,7.6666297989814645
2001-09-28 00:00:00-04:00,7.820993480448981
2001-10-01 00:00:00-04:00,8.177052714026518
2001-10-02 00:00:00-04:00,7.3887813951620505
2001-10-03 00:00:00-04:00,7.7798297626122626
2001-10-04 00:00:00-04:00,8.07826061351321
2001-10-05 00:00:00-04:00,7.866277493727126
2001-10-08 00:00:00-04:00,7.687213748427969
2001-10-09 00:00:00-04:00,7.6151749100669015
2001-10-10 00:00:00-04:00,7.913607624266084
2001-10-11 00:00:00-04:00,8.417856875707407
2001-10-12 00:00:00-04:00,8.48989135351961
2001-10-15 00:00:00-04:00,8.459018317213227
2001-10-16 00:00:00-04:00,8.71011720741843
2001-10-17 00:00:00-04:00,8.644253986637766
2001-10-18 00:00:00-04:00,8.438438415527344
2001-10-19 00:00:00-04:00,8.438433728484673
2001-10-22 00:00:00-04:00,8.500186976942809
2001-10-23 00:00:00-04:00,8.372578707917148
2001-10-24 00:00:00-04:00,8.708056050022787
2001-10-25 00:00:00-04:00,8.356111625698498
2001-10-26 00:00:00-04:00,8.582512089679458
2001-10-29 00:00:00-05:00,8.53723131715031
2001-10-30 00:00:00-05:00,8.644256754797983
2001-10-31 00:00:00-05:00,8.531057154512919
2001-11-01 00:00:00-05:00,8.465197370426269
2001-11-02 00:00:00-05:00,8.533116265323423
2001-11-05 00:00:00-05:00,9.230826371765303
2001-11-06 00:00:00-05:00,9.169081744797058
2001-11-07 00:00:00-05:00,9.035306031801905
2001-11-08 00:00:00-05:00,9.004431685736014
2001-11-09 00:00:00-05:00,8.870651243783996
2001-11-12 00:00:00-05:00,8.86035992953362
2001-11-13 00:00:00-05:00,8.885060536480745
2001-11-14 00:00:00-05:00,8.848012189335561
2001-11-15 00:00:00-05:00,8.335535036237204
2001-11-16 00:00:00-05:00,8.055621977221984
2001-11-19 00:00:00-05:00,7.9238990641929
2001-11-20 00:00:00-05:00,7.646050303885608
2001-11-21 00:00:00-05:00,7.8107033364676965
2001-11-23 00:00:00-05:00,7.820993593359906
2001-11-26 00:00:00-05:00,8.078262802046345
2001-11-27 00:00:00-05:00,8.212043099149545
2001-11-28 00:00:00-05:00,8.0268062210083
2001-11-29 00:00:00-05:00,7.923900050767863
2001-11-30 00:00:00-05:00,7.7489579796890276
2001-12-03 00:00:00-05:00,8.018577428218245
2001-12-04 00:00:00-05:00,7.923899735700187
2001-12-05 00:00:00-05:00,8.037098830348926
2001-12-06 00:00:00-05:00,8.592801094055176
2001-12-07 00:00:00-05:00,8.572219278870339
2001-12-10 00:00:00-05:00,8.852127636251636
2001-12-11 00:00:00-05:00,8.767741308017788
2001-12-12 00:00:00-05:00,8.654545306107622
2001-12-13 00:00:00-05:00,8.623677167272723
2001-12-14 00:00:00-05:00,8.543404011339057
2001-12-17 00:00:00-05:00,8.438441356818284
2001-12-18 00:00:00-05:00,8.80685065175958
2001-12-19 00:00:00-05:00,8.778036228694786
2001-12-20 00:00:00-05:00,8.654547375343364
2001-12-21 00:00:00-05:00,8.60309378519051
2001-12-24 00:00:00-05:00,8.664839424875037
2001-12-26 00:00:00-05:00,8.74716051848567
2001-12-27 00:00:00-05:00,8.722462954722468
2001-12-28 00:00:00-05:00,8.726585721181635
2001-12-31 00:00:00-05:00,8.726578259531312
2002-01-02 00:00:00-05:00,8.664834602784293
2002-01-03 00:00:00-05:00,8.407563577505767
2002-01-04 00:00:00-05:00,8.448730615161987
2002-01-07 00:00:00-05:00,8.356114356679141
2002-01-08 00:00:00-05:00,8.366403279688333
2002-01-09 00:00:00-05:00,8.438440334168638
2002-01-10 00:00:00-05:00,8.201753450455433
2002-01-11 00:00:00-05:00,8.314948081970215
2002-01-14 00:00:00-05:00,8.284078155169144
2002-01-15 00:00:00-05:00,8.02680735038365
2002-01-16 00:00:00-05:00,7.833341687910912
2002-01-17 00:00:00-05:00,7.82099434036199
2002-01-18 00:00:00-05:00,7.886856435971087
2002-01-22 00:00:00-05:00,7.851864600237183
2002-01-23 00:00:00-05:00,7.773657226152795
2002-01-24 00:00:00-05:00,7.763366953705121
2002-01-25 00:00:00-05:00,7.234419814771529
2002-01-28 00:00:00-05:00,6.822789920021656
2002-01-29 00:00:00-05:00,6.841312308767029
2002-01-30 00:00:00-05:00,6.8845332418662055
2002-01-31 00:00:00-05:00,7.0080226069257465
2002-02-01 00:00:00-05:00,7.615174735965337
2002-02-04 00:00:00-05:00,7.193257012978815
2002-02-05 00:00:00-05:00,6.6375549233839655
2002-02-06 00:00:00-05:00,6.750753119651266
2002-02-07 00:00:00-05:00,6.658134485356059
2002-02-08 00:00:00-05:00,6.483191521923452
2002-02-11 00:00:00-05:00,6.256794772396777
2002-02-12 00:00:00-05:00,6.637554322139966
2002-02-13 00:00:00-05:00,6.709588079541726
2002-02-14 00:00:00-05:00,6.894821949997839
2002-02-15 00:00:00-05:00,6.86601164770176
2002-02-19 00:00:00-05:00,6.616974134943964
2002-02-20 00:00:00-05:00,6.7239947663775785
2002-02-21 00:00:00-05:00,6.791914939880371
2002-02-22 00:00:00-05:00,6.7919170013814485
2002-02-25 00:00:00-05:00,6.833078202292963
2002-02-26 00:00:00-05:00,6.878354485823216
2002-02-27 00:00:00-05:00,7.018314943976293
2002-02-28 00:00:00-05:00,7.203543368717901
2002-03-01 00:00:00-05:00,7.059476423998557
2002-03-04 00:00:00-05:00,7.308509946652714
2002-03-05 00:00:00-05:00,7.586360639452672
2002-03-06 00:00:00-05:00,7.409359162429284
2002-03-07 00:00:00-05:00,7.4608127548270025
2002-03-08 00:00:00-05:00,7.5637253929053605
2002-03-11 00:00:00-05:00,7.440234765151055
2002-03-12 00:00:00-05:00,7.541081741539012
2002-03-13 00:00:00-05:00,7.6151776322262315
2002-03-14 00:00:00-05:00,7.604885970930544
2002-03-15 00:00:00-05:00,7.458756363806579
2002-03-18 00:00:00-05:00,7.450527062740117
2002-03-19 00:00:00-05:00,7.2858706054698015
2002-03-20 00:00:00-05:00,7.343502019974039
2002-03-21 00:00:00-05:00,6.999790308030517
2002-03-22 00:00:00-05:00,7.131510706511114
2002-03-25 00:00:00-05:00,6.977148021094162
2002-03-26 00:00:00-05:00,7.090347190532897
2002-03-27 00:00:00-05:00,6.63755189133383
2002-03-28 00:00:00-05:00,6.308247046809647
2002-04-01 00:00:00-05:00,6.339118738375682
2002-04-02 00:00:00-05:00,5.865745070547525
2002-04-03 00:00:00-05:00,6.240327522239674
2002-04-04 00:00:00-05:00,6.071559990463257
2002-04-05 00:00:00-05:00,6.092143381415061
2002-04-08 00:00:00-04:00,6.036573130110927
2002-04-09 00:00:00-04:00,6.431737075349602
2002-04-10 00:00:00-04:00,6.4420264393225715
2002-04-11 00:00:00-04:00,6.433795626166868
2002-04-12 00:00:00-04:00,6.421446845375543
2002-04-15 00:00:00-04:00,6.404981960456144
2002-04-16 00:00:00-04:00,6.415271627685708
2002-04-17 00:00:00-04:00,6.528467927057222
2002-04-18 00:00:00-04:00,6.390575792817554
2002-04-19 00:00:00-04:00,6.421447486204827
2002-04-22 00:00:00-04:00,6.456434420839741
2002-04-23 00:00:00-04:00,6.390573500857506
2002-04-24 00:00:00-04:00,6.19916504759517
2002-04-25 00:00:00-04:00,6.328829552023387
2002-04-26 00:00:00-04:00,6.30824764812301
2002-04-29 00:00:00-04:00,6.330887364240316
2002-04-30 00:00:00-04:00,6.267084468694696
2002-05-01 00:00:00-04:00,6.380283270904187
2002-05-02 00:00:00-04:00,6.380283985843799
2002-05-03 00:00:00-04:00,6.497598211081497
2002-05-06 00:00:00-04:00,6.544933407058809
2002-05-07 00:00:00-04:00,6.544933311407399
2002-05-08 00:00:00-04:00,6.555227992107287
2002-05-09 00:00:00-04:00,6.771333820776538
2002-05-10 00:00:00-04:00,6.534644211858069
2002-05-13 00:00:00-04:00,6.493482010039388
2002-05-14 00:00:00-04:00,6.647843859888368
2002-05-15 00:00:00-04:00,6.761043646341342
2002-05-16 00:00:00-04:00,6.738400499168252
2002-05-17 00:00:00-04:00,6.555226802775035
2002-05-20 00:00:00-04:00,6.555225098492558
2002-05-21 00:00:00-04:00,6.421445574487748
2002-05-22 00:00:00-04:00,6.256793019087651
2002-05-23 00:00:00-04:00,6.174468449680248
2002-05-24 00:00:00-04:00,6.291780989048133
2002-05-28 00:00:00-04:00,6.275318448377191
2002-05-29 00:00:00-04:00,6.273259943630042
2002-05-30 00:00:00-04:00,6.2567951669874935
2002-05-31 00:00:00-04:00,6.359702493921227
2002-06-03 00:00:00-04:00,6.380282878875732
2002-06-04 00:00:00-04:00,6.380284087763029
2002-06-05 00:00:00-04:00,6.409096672292886
2002-06-06 00:00:00-04:00,6.349408827736183
2002-06-07 00:00:00-04:00,6.281491496256422
2002-06-10 00:00:00-04:00,6.380282489368371
2002-06-11 00:00:00-04:00,6.384398378335194
2002-06-12 00:00:00-04:00,6.3802841341567404
2002-06-13 00:00:00-04:00,6.493480984224608
2002-06-14 00:00:00-04:00,6.454377741902033
2002-06-17 00:00:00-04:00,6.450262907342485
2002-06-18 00:00:00-04:00,6.606680085526833
2002-06-19 00:00:00-04:00,6.62931819849262
2002-06-20 00:00:00-04:00,6.678714932517934
2002-06-21 00:00:00-04:00,6.7816213295028795
2002-06-24 00:00:00-04:00,6.771333408028284
2002-06-25 00:00:00-04:00,6.647843550719728
2002-06-26 00:00:00-04:00,6.454375611399681
2002-06-27 00:00:00-04:00,6.205341070169423
2002-06-28 00:00:00-04:00,6.23621003459456
2002-07-01 00:00:00-04:00,6.514063436679517
2002-07-02 00:00:00-04:00,6.092141510536563
2002-07-03 00:00:00-04:00,5.9069077082546535
2002-07-05 00:00:00-04:00,5.7072667531801855
2002-07-08 00:00:00-04:00,5.721673663116028
2002-07-09 00:00:00-04:00,5.701092009346221
2002-07-10 00:00:00-04:00,5.345029914753427
2002-07-11 00:00:00-04:00,5.30798549453506
2002-07-12 00:00:00-04:00,5.238008975251979
2002-07-15 00:00:00-04:00,5.143333182368564
2002-07-16 00:00:00-04:00,5.13510093421475
2002-07-17 00:00:00-04:00,5.196843909528625
2002-07-18 00:00:00-04:00,4.974561453743481
2002-07-19 00:00:00-04:00,4.836665843589323
2002-07-22 00:00:00-04:00,4.754339500401702
2002-07-23 00:00:00-04:00,4.49707053064675
2002-07-24 00:00:00-04:00,4.478545349742529
2002-07-25 00:00:00-04:00,4.80373690884638
2002-07-26 00:00:00-04:00,4.826373767899586
2002-07-29 00:00:00-04:00,4.888121344752711
2002-07-30 00:00:00-04:00,5.1886116771349124
2002-07-31 00:00:00-04:00,5.011609160925713
2002-08-01 00:00:00-04:00,5.093936235750946
2002-08-02 00:00:00-04:00,5.332682419064019
2002-08-05 00:00:00-04:00,4.908701638350241
2002-08-06 00:00:00-04:00,4.83872431007547
2002-08-07 00:00:00-04:00,4.836665758950894
2002-08-08 00:00:00-04:00,4.7749219781450405
2002-08-09 00:00:00-04:00,4.816083266805797
2002-08-12 00:00:00-04:00,4.836666277835244
2002-08-13 00:00:00-04:00,4.8840050483161095
2002-08-14 00:00:00-04:00,4.672012030637668
2002-08-15 00:00:00-04:00,4.805793586929885
2002-08-16 00:00:00-04:00,4.756398963094787
2002-08-19 00:00:00-04:00,5.083643946967964
2002-08-20 00:00:00-04:00,5.026017538792174
2002-08-21 00:00:00-04:00,5.0136678018010015
2002-08-22 00:00:00-04:00,5.011607709967127
2002-08-23 00:00:00-04:00,4.939574444692927
2002-08-26 00:00:00-04:00,4.7543400386927805
2002-08-27 00:00:00-04:00,4.898408791444382
2002-08-28 00:00:00-04:00,4.731700209708928
2002-08-29 00:00:00-04:00,4.610269464206772
2002-08-30 00:00:00-04:00,4.569106867610083
2002-09-03 00:00:00-04:00,4.437385509957766
2002-09-04 00:00:00-04:00,4.342709395230396
2002-09-05 00:00:00-04:00,4.425034118286923
2002-09-06 00:00:00-04:00,4.363290309906006
2002-09-09 00:00:00-04:00,4.363289702989379
2002-09-10 00:00:00-04:00,4.373579887533159
2002-09-11 00:00:00-04:00,4.507362521988261
2002-09-12 00:00:00-04:00,4.5588172873739925
2002-09-13 00:00:00-04:00,4.59997788254635
2002-09-16 00:00:00-04:00,4.569105450458077
2002-09-17 00:00:00-04:00,4.558814227404298
2002-09-18 00:00:00-04:00,4.579397033561359
2002-09-19 00:00:00-04:00,4.445616549213527
2002-09-20 00:00:00-04:00,4.425033861048082
2002-09-23 00:00:00-04:00,4.404453491819025
2002-09-24 00:00:00-04:00,4.404452712099932
2002-09-25 00:00:00-04:00,4.381814248857732
2002-09-26 00:00:00-04:00,4.558816086197636
2002-09-27 00:00:00-04:00,4.54852591615566
2002-09-30 00:00:00-04:00,4.579396336494111
2002-10-01 00:00:00-04:00,4.620559077062841
2002-10-02 00:00:00-04:00,4.569108543056835
2002-10-03 00:00:00-04:00,4.4661993980407715
2002-10-04 00:00:00-04:00,4.476488168219431
2002-10-07 00:00:00-04:00,4.188349286549203
2002-10-08 00:00:00-04:00,4.0339877236562325
2002-10-09 00:00:00-04:00,3.9887070621633693
2002-10-10 00:00:00-04:00,3.8569844589770366
2002-10-11 00:00:00-04:00,4.075147933131538
2002-10-14 00:00:00-04:00,3.809646575559229
2002-10-15 00:00:00-04:00,4.054567665236314
2002-10-16 00:00:00-04:00,4.169822863396346
2002-10-17 00:00:00-04:00,4.188346826637392
2002-10-18 00:00:00-04:00,4.301547206060442
2002-10-21 00:00:00-04:00,4.332416673883296
2002-10-22 00:00:00-04:00,4.363291981644809
2002-10-23 00:00:00-04:00,4.280965559194221
2002-10-24 00:00:00-04:00,4.280963722071979
2002-10-25 00:00:00-04:00,4.208928497984888
2002-10-28 00:00:00-05:00,4.198640134500238
2002-10-29 00:00:00-05:00,4.11425382352617
2002-10-30 00:00:00-05:00,4.126604562137072
2002-10-31 00:00:00-05:00,4.126602300170026
2002-11-01 00:00:00-05:00,4.190404777475924
2002-11-04 00:00:00-05:00,4.5279429885466485
2002-11-05 00:00:00-05:00,4.733755931481676
2002-11-06 00:00:00-05:00,4.630852272934955
2002-11-07 00:00:00-05:00,4.704944398881839
2002-11-08 00:00:00-05:00,4.626733822386801
2002-11-11 00:00:00-05:00,4.589687349182295
2002-11-12 00:00:00-05:00,4.527942829489356
2002-11-13 00:00:00-05:00,4.585573217487644
2002-11-14 00:00:00-05:00,4.739930604022093
2002-11-15 00:00:00-05:00,4.939575897898063
2002-11-18 00:00:00-05:00,5.030132983690931
2002-11-19 00:00:00-05:00,5.124809507099549
2002-11-20 00:00:00-05:00,5.001319987264957
2002-11-21 00:00:00-05:00,5.021900382767155
2002-11-22 00:00:00-05:00,5.598183245238968
2002-11-25 00:00:00-05:00,6.0303969993051165
2002-11-26 00:00:00-05:00,5.865743985906258
2002-11-27 00:00:00-05:00,5.756660169881028
2002-11-29 00:00:00-05:00,5.793708235343677
2002-12-02 00:00:00-05:00,5.783416478737153
2002-12-03 00:00:00-05:00,5.937781308254969
2002-12-04 00:00:00-05:00,5.746371099572839
2002-12-05 00:00:00-05:00,5.629056724812977
2002-12-06 00:00:00-05:00,5.509684593319738
2002-12-09 00:00:00-05:00,5.542615438479836
2002-12-10 00:00:00-05:00,5.618763750585191
2002-12-11 00:00:00-05:00,5.799881440716301
2002-12-12 00:00:00-05:00,5.738137937052723
2002-12-13 00:00:00-05:00,5.742256406023084
2002-12-16 00:00:00-05:00,5.672279055451726
2002-12-17 00:00:00-05:00,5.670220317610492
2002-12-18 00:00:00-05:00,5.705206041792846
2002-12-19 00:00:00-05:00,5.834873107804895
2002-12-20 00:00:00-05:00,5.536440504184015
2002-12-23 00:00:00-05:00,5.35532234490838
2002-12-24 00:00:00-05:00,5.6743364569632835
2002-12-26 00:00:00-05:00,5.5611378495474675
2002-12-27 00:00:00-05:00,5.557021026947182
2002-12-30 00:00:00-05:00,5.388251428828874
2002-12-31 00:00:00-05:00,5.289460912304191
2003-01-02 00:00:00-05:00,5.423241125079997
2003-01-03 00:00:00-05:00,5.546730316593837
2003-01-06 00:00:00-05:00,5.351204676892352
2003-01-07 00:00:00-05:00,5.766953171584788
2003-01-08 00:00:00-05:00,5.721674128591335
2003-01-09 00:00:00-05:00,5.793709834308928
2003-01-10 00:00:00-05:00,5.814290303026107
2003-01-13 00:00:00-05:00,5.911023524986675
2003-01-14 00:00:00-05:00,5.9892336318279655
2003-01-15 00:00:00-05:00,5.828698506678542
2003-01-16 00:00:00-05:00,5.824580494857323
2003-01-17 00:00:00-05:00,5.731963482563405
2003-01-21 00:00:00-05:00,5.386193936325364
2003-01-22 00:00:00-05:00,5.213309845792352
2003-01-23 00:00:00-05:00,5.279169809961695
2003-01-24 00:00:00-05:00,5.394424960915577
2003-01-27 00:00:00-05:00,5.176261336015487
2003-01-28 00:00:00-05:00,5.186552656566828
2003-01-29 00:00:00-05:00,5.104228678351126
2003-01-30 00:00:00-05:00,5.0136678018010015
2003-01-31 00:00:00-05:00,5.001320308690742
2003-02-03 00:00:00-05:00,4.918993757997404
2003-02-04 00:00:00-05:00,4.9395751953125
2003-02-05 00:00:00-05:00,4.939575666450403
2003-02-06 00:00:00-05:00,4.805792831398809
2003-02-07 00:00:00-05:00,4.723469474659429
2003-02-10 00:00:00-05:00,4.616443903833814
2003-02-11 00:00:00-05:00,4.527942482082323
2003-02-12 00:00:00-05:00,4.476491196808165
2003-02-13 00:00:00-05:00,4.476488499953632
2003-02-14 00:00:00-05:00,4.40239564235601
2003-02-18 00:00:00-05:00,4.394164052165138
2003-02-19 00:00:00-05:00,4.373580976541209
2003-02-20 00:00:00-05:00,4.425033861048082
2003-02-21 00:00:00-05:00,4.394163163028533
2003-02-24 00:00:00-05:00,4.4847222742726895
2003-02-25 00:00:00-05:00,4.425035685949593
2003-02-26 00:00:00-05:00,4.455908950722148
2003-02-27 00:00:00-05:00,4.383870598339127
2003-02-28 00:00:00-05:00,4.3941624418059355
2003-03-03 00:00:00-05:00,4.507359993904024
2003-03-04 00:00:00-05:00,4.394162567380962
2003-03-05 00:00:00-05:00,4.359175486204264
2003-03-06 00:00:00-05:00,4.180114445304521
2003-03-07 00:00:00-05:00,4.106020196271431
2003-03-10 00:00:00-05:00,4.116310892225821
2003-03-11 00:00:00-05:00,4.0648582708201015
2003-03-12 00:00:00-05:00,3.99282206236093
2003-03-13 00:00:00-05:00,3.951658613561587
2003-03-14 00:00:00-05:00,4.077209320587465
2003-03-17 00:00:00-05:00,4.099844681008491
2003-03-18 00:00:00-05:00,4.075148537981184
2003-03-19 00:00:00-05:00,4.126604810616607
2003-03-20 00:00:00-05:00,4.1348373784356225
2003-03-21 00:00:00-05:00,4.136895620228032
2003-03-24 00:00:00-05:00,4.0010559234404095
2003-03-25 00:00:00-05:00,4.085437688810194
2003-03-26 00:00:00-05:00,4.198638567752022
2003-03-27 00:00:00-05:00,4.126603816931397
2003-03-28 00:00:00-05:00,4.363288235835745
2003-03-31 00:00:00-05:00,4.3756406129086995
2003-04-01 00:00:00-05:00,4.367407356500888
2003-04-02 00:00:00-05:00,4.4250370006470865
2003-04-03 00:00:00-05:00,4.085440049401908
2003-04-04 00:00:00-05:00,3.80758719901516
2003-04-07 00:00:00-04:00,3.8590421670396706
2003-04-08 00:00:00-04:00,3.828172676897146
2003-04-09 00:00:00-04:00,3.8549266353990377
2003-04-10 00:00:00-04:00,3.8178793021787083
2003-04-11 00:00:00-04:00,3.869334198916434
2003-04-14 00:00:00-04:00,3.8384598194825954
2003-04-15 00:00:00-04:00,3.859041995376755
2003-04-16 00:00:00-04:00,3.9434282179855433
2003-04-17 00:00:00-04:00,3.933135601418064
2003-04-21 00:00:00-04:00,4.0134046116240345
2003-04-22 00:00:00-04:00,4.095730083743143
2003-04-23 00:00:00-04:00,4.178057580700806
2003-04-24 00:00:00-04:00,4.322127341873521
2003-04-25 00:00:00-04:00,4.3200691836302205
2003-04-28 00:00:00-04:00,4.307720883706678
2003-04-29 00:00:00-04:00,4.527942163460189
2003-04-30 00:00:00-04:00,4.73375599835414
2003-05-01 00:00:00-04:00,4.960157769083163
2003-05-02 00:00:00-04:00,4.918993727096536
2003-05-05 00:00:00-04:00,4.93751619249896
2003-05-06 00:00:00-04:00,5.186553514866349
2003-05-07 00:00:00-04:00,4.949867483804415
2003-05-08 00:00:00-04:00,5.061004730539789
2003-05-09 00:00:00-04:00,5.145389080047607
2003-05-12 00:00:00-04:00,5.155680760371566
2003-05-13 00:00:00-04:00,5.310041600127905
2003-05-14 00:00:00-04:00,5.330622065761732
2003-05-15 00:00:00-04:00,5.340915397953996
2003-05-16 00:00:00-04:00,5.258586209686603
2003-05-19 00:00:00-04:00,5.186553866355741
2003-05-20 00:00:00-04:00,5.0013178441338
2003-05-21 00:00:00-04:00,4.976623105556289
2003-05-22 00:00:00-04:00,4.970446981022073
2003-05-23 00:00:00-04:00,4.95809611824948
2003-05-27 00:00:00-04:00,4.978679834173397
2003-05-28 00:00:00-04:00,5.207134415172571
2003-05-29 00:00:00-04:00,5.24829755358106
2003-05-30 00:00:00-04:00,5.342972862002951
2003-06-02 00:00:00-04:00,5.536437223565063
2003-06-03 00:00:00-04:00,5.587895294239151
2003-06-04 00:00:00-04:00,5.699032898734407
2003-06-05 00:00:00-04:00,6.018048396472399
2003-06-06 00:00:00-04:00,6.153888175106017
2003-06-09 00:00:00-04:00,5.917196379298657
2003-06-10 00:00:00-04:00,5.826639378072632
2003-06-11 00:00:00-04:00,5.948072514449882
2003-06-12 00:00:00-04:00,5.95836106359094
2003-06-13 00:00:00-04:00,5.968652875799882
2003-06-16 00:00:00-04:00,5.865746328699871
2003-06-17 00:00:00-04:00,5.948070615765808
2003-06-18 00:00:00-04:00,5.915138164526353
2003-06-19 00:00:00-04:00,6.092141108066794
2003-06-20 00:00:00-04:00,5.937781465858054
2003-06-23 00:00:00-04:00,6.011874651695419
2003-06-24 00:00:00-04:00,5.8081171395892355
2003-06-25 00:00:00-04:00,5.82046326612854
2003-06-26 00:00:00-04:00,5.8101741173906785
2003-06-27 00:00:00-04:00,5.804001787527918
2003-06-30 00:00:00-04:00,5.954243115294033
2003-07-01 00:00:00-04:00,5.678452876528987
2003-07-02 00:00:00-04:00,5.908965537468938
2003-07-03 00:00:00-04:00,5.966591451402424
2003-07-07 00:00:00-04:00,6.013931487965525
2003-07-08 00:00:00-04:00,6.038628289215474
2003-07-09 00:00:00-04:00,6.1230139731852375
2003-07-10 00:00:00-04:00,6.1024321657626555
2003-07-11 00:00:00-04:00,6.061270268390155
2003-07-14 00:00:00-04:00,6.155945397618091
2003-07-15 00:00:00-04:00,6.133304117688712
2003-07-16 00:00:00-04:00,6.164178386898725
2003-07-17 00:00:00-04:00,6.110666196200844
2003-07-18 00:00:00-04:00,6.059210124463183
2003-07-21 00:00:00-04:00,5.999524337908698
2003-07-22 00:00:00-04:00,5.906908664945751
2003-07-23 00:00:00-04:00,5.855452374660633
2003-07-24 00:00:00-04:00,5.783419290107178
2003-07-25 00:00:00-04:00,5.834872190293309
2003-07-28 00:00:00-04:00,5.968652475548424
2003-07-29 00:00:00-04:00,5.888382446275715
2003-07-30 00:00:00-04:00,5.9460134833816385
2003-07-31 00:00:00-04:00,5.983060854567521
2003-08-01 00:00:00-04:00,6.380283731402773
2003-08-04 00:00:00-04:00,6.946277941088759
2003-08-05 00:00:00-04:00,6.79191696544908
2003-08-06 00:00:00-04:00,6.586098969205525
2003-08-07 00:00:00-04:00,6.651962480176339
2003-08-08 00:00:00-04:00,6.750751017002236
2003-08-11 00:00:00-04:00,6.71987919322042
2003-08-12 00:00:00-04:00,6.798087603857379
2003-08-13 00:00:00-04:00,6.921577575444763
2003-08-14 00:00:00-04:00,6.808380256000823
2003-08-15 00:00:00-04:00,6.843368735566049
2003-08-18 00:00:00-04:00,6.917461316981221
2003-08-19 00:00:00-04:00,7.100639505344429
2003-08-20 00:00:00-04:00,7.182966377540994
2003-08-21 00:00:00-04:00,7.302337720216887
2003-08-22 00:00:00-04:00,7.355845405019725
2003-08-25 00:00:00-04:00,7.399070868664971
2003-08-26 00:00:00-04:00,7.392895089338047
2003-08-27 00:00:00-04:00,7.359964757245549
2003-08-28 00:00:00-04:00,7.489628185245366
2003-08-29 00:00:00-04:00,7.485511419385004
2003-09-02 00:00:00-04:00,7.399069661984914
2003-09-03 00:00:00-04:00,7.522561705859766
2003-09-04 00:00:00-04:00,7.574011800052956
2003-09-05 00:00:00-04:00,7.53285249790237
2003-09-08 00:00:00-04:00,7.471104674928495
2003-09-09 00:00:00-04:00,7.594593159652778
2003-09-10 00:00:00-04:00,7.471104965945305
2003-09-11 00:00:00-04:00,7.327036540325867
2003-09-12 00:00:00-04:00,7.4711036588225275
2003-09-15 00:00:00-04:00,7.440232168624616
2003-09-16 00:00:00-04:00,7.574016604266188
2003-09-17 00:00:00-04:00,7.590478118665019
2003-09-18 00:00:00-04:00,7.631644300413115
2003-09-19 00:00:00-04:00,7.746895415995714
2003-09-22 00:00:00-04:00,7.7901186360724894
2003-09-23 00:00:00-04:00,7.6151759030006705
2003-09-24 00:00:00-04:00,7.689271210786891
2003-09-25 00:00:00-04:00,7.553431457267005
2003-09-26 00:00:00-04:00,7.281757967567311
2003-09-29 00:00:00-04:00,7.154147949773354
2003-09-30 00:00:00-04:00,7.3023366071251
2003-10-01 00:00:00-04:00,6.997730659424679
2003-10-02 00:00:00-04:00,7.185020663492437
2003-10-03 00:00:00-04:00,7.193255627789561
2003-10-06 00:00:00-04:00,7.302333079462298
2003-10-07 00:00:00-04:00,7.182964107461185
2003-10-08 00:00:00-04:00,7.232361381409177
2003-10-09 00:00:00-04:00,7.2138351917603485
2003-10-10 00:00:00-04:00,7.182968129449
2003-10-13 00:00:00-04:00,7.203544580327242
2003-10-14 00:00:00-04:00,7.265289567172116
2003-10-15 00:00:00-04:00,7.306452879539721
2003-10-16 00:00:00-04:00,7.224128567473325
2003-10-17 00:00:00-04:00,7.193256857157076
2003-10-20 00:00:00-04:00,7.0800527710532695
2003-10-21 00:00:00-04:00,7.172674852778003
2003-10-22 00:00:00-04:00,7.2220692859929
2003-10-23 00:00:00-04:00,6.935984317572366
2003-10-24 00:00:00-04:00,6.966858317130995
2003-10-27 00:00:00-05:00,6.905110367066517
2003-10-28 00:00:00-05:00,7.051242030756079
2003-10-29 00:00:00-05:00,7.199429770282077
2003-10-30 00:00:00-05:00,7.176788011469878
2003-10-31 00:00:00-05:00,7.121219709953067
2003-11-03 00:00:00-05:00,7.22412328452747
2003-11-04 00:00:00-05:00,7.388779987612527
2003-11-05 00:00:00-05:00,7.327033434538436
2003-11-06 00:00:00-05:00,7.329091945048346
2003-11-07 00:00:00-05:00,7.372313069476149
2003-11-10 00:00:00-05:00,7.35790571156233
2003-11-11 00:00:00-05:00,7.236478115687097
2003-11-12 00:00:00-05:00,7.069762963535001
2003-11-13 00:00:00-05:00,7.2241254015671075
2003-11-14 00:00:00-05:00,7.341439699677896
2003-11-17 00:00:00-05:00,7.2179513042292545
2003-11-18 00:00:00-05:00,6.9545112306427
2003-11-19 00:00:00-05:00,6.884530051614187
2003-11-20 00:00:00-05:00,7.047125602612006
2003-11-21 00:00:00-05:00,7.285871141904912
2003-11-24 00:00:00-05:00,7.718084465033633
2003-11-25 00:00:00-05:00,7.759245665971255
2003-11-26 00:00:00-05:00,7.798349499007989
2003-11-28 00:00:00-05:00,7.91360625625742
2003-12-01 00:00:00-05:00,7.8107026814950125
2003-12-02 00:00:00-05:00,8.224391279164747
2003-12-03 00:00:00-05:00,8.232621637851734
2003-12-04 00:00:00-05:00,8.03915622553059
2003-12-05 00:00:00-05:00,8.088553262885531
2003-12-08 00:00:00-05:00,7.97535071178918
2003-12-09 00:00:00-05:00,8.10296078584045
2003-12-10 00:00:00-05:00,8.232624484345525
2003-12-11 00:00:00-05:00,7.779825827636679
2003-12-12 00:00:00-05:00,8.078264405650478
2003-12-15 00:00:00-05:00,8.026804626009712
2003-12-16 00:00:00-05:00,7.83128729748489
2003-12-17 00:00:00-05:00,7.901261315685061
2003-12-18 00:00:00-05:00,7.790121714534117
2003-12-19 00:00:00-05:00,7.7180846741324975
2003-12-22 00:00:00-05:00,7.841574073616251
2003-12-23 00:00:00-05:00,8.047387475279203
2003-12-24 00:00:00-05:00,8.078261509217036
2003-12-26 00:00:00-05:00,8.016514381897249
2003-12-29 00:00:00-05:00,8.016519952429343
2003-12-30 00:00:00-05:00,8.057680216364124
2003-12-31 00:00:00-05:00,8.13177342877048
2004-01-02 00:00:00-05:00,8.026807009025884
2004-01-05 00:00:00-05:00,8.047389522847414
2004-01-06 00:00:00-05:00,8.25320654053716
2004-01-07 00:00:00-05:00,8.257323607616163
2004-01-08 00:00:00-05:00,8.360225661692038
2004-01-09 00:00:00-05:00,8.335527617987982
2004-01-12 00:00:00-05:00,8.335532606554423
2004-01-13 00:00:00-05:00,8.356116972632298
2004-01-14 00:00:00-05:00,8.201751565471543
2004-01-15 00:00:00-05:00,8.27378848112877
2004-01-16 00:00:00-05:00,8.199686863659077
2004-01-20 00:00:00-05:00,8.232627868652344
2004-01-21 00:00:00-05:00,8.222332819442395
2004-01-22 00:00:00-05:00,8.314950776600703
2004-01-23 00:00:00-05:00,8.26349359369247
2004-01-26 00:00:00-05:00,8.259379693052633
2004-01-27 00:00:00-05:00,8.209986386284687
2004-01-28 00:00:00-05:00,8.088552951512462
2004-01-29 00:00:00-05:00,8.100902053857581
2004-01-30 00:00:00-05:00,7.944481850209399
2004-02-02 00:00:00-05:00,7.903317275599845
2004-02-03 00:00:00-05:00,7.874504040205288
2004-02-04 00:00:00-05:00,7.905376083415789
2004-02-05 00:00:00-05:00,7.685155393105576
2004-02-06 00:00:00-05:00,7.67692280157634
2004-02-09 00:00:00-05:00,7.676923400553526
2004-02-10 00:00:00-05:00,7.697504613128523
2004-02-11 00:00:00-05:00,7.695444494412846
2004-02-12 00:00:00-05:00,7.707793098897267
2004-02-13 00:00:00-05:00,7.460815089871819
2004-02-17 00:00:00-05:00,7.399068542839588
2004-02-18 00:00:00-05:00,7.409359931945801
2004-02-19 00:00:00-05:00,7.411416489833635
2004-02-20 00:00:00-05:00,7.106811043150337
2004-02-23 00:00:00-05:00,7.059475999715527
2004-02-24 00:00:00-05:00,6.9956730471748045
2004-02-25 00:00:00-05:00,6.977150589714459
2004-02-26 00:00:00-05:00,7.038895786227954
2004-02-27 00:00:00-05:00,7.147971470661343
2004-03-01 00:00:00-05:00,7.182966482780869
2004-03-02 00:00:00-05:00,7.18296485346482
2004-03-03 00:00:00-05:00,7.1479748785337405
2004-03-04 00:00:00-05:00,7.1706156206920655
2004-03-05 00:00:00-05:00,7.232360091209582
2004-03-08 00:00:00-05:00,7.296162302812842
2004-03-09 00:00:00-05:00,7.357907826070987
2004-03-10 00:00:00-05:00,7.254998986021835
2004-03-11 00:00:00-05:00,7.121220091138233
2004-03-12 00:00:00-05:00,7.234420776367187
2004-03-15 00:00:00-05:00,7.244711885423813
2004-03-16 00:00:00-05:00,7.069764397955667
2004-03-17 00:00:00-05:00,7.1212211331176745
2004-03-18 00:00:00-05:00,7.121217278585337
2004-03-19 00:00:00-05:00,7.080056236101441
2004-03-22 00:00:00-05:00,7.040950561280617
2004-03-23 00:00:00-05:00,7.203545313415592
2004-03-24 00:00:00-05:00,7.067705038107457
2004-03-25 00:00:00-05:00,6.987437224681148
2004-03-26 00:00:00-05:00,7.203546450731407
2004-03-29 00:00:00-05:00,7.131510294681988
2004-03-30 00:00:00-05:00,7.285871984734972
2004-03-31 00:00:00-05:00,7.316747861239855
2004-04-01 00:00:00-05:00,7.285871389049479
2004-04-02 00:00:00-05:00,7.588422397280523
2004-04-05 00:00:00-04:00,7.699561746008147
2004-04-06 00:00:00-04:00,7.820991284138447
2004-04-07 00:00:00-04:00,7.666629016267519
2004-04-08 00:00:00-04:00,7.707795332188089
2004-04-12 00:00:00-04:00,7.676926239522042
2004-04-13 00:00:00-04:00,7.676918718530381
2004-04-14 00:00:00-04:00,7.658400406672409
2004-04-15 00:00:00-04:00,7.466988433858496
2004-04-16 00:00:00-04:00,7.501981057472911
2004-04-19 00:00:00-04:00,7.588422460054892
2004-04-20 00:00:00-04:00,7.666631911205246
2004-04-21 00:00:00-04:00,7.51432562788045
2004-04-22 00:00:00-04:00,7.656342772552398
2004-04-23 00:00:00-04:00,7.773653315188818
2004-04-26 00:00:00-04:00,7.627525460063005
2004-04-27 00:00:00-04:00,7.569898317730132
2004-04-28 00:00:00-04:00,7.4731641346950815
2004-04-29 00:00:00-04:00,7.347618845383064
2004-04-30 00:00:00-04:00,7.244712681438977
2004-05-03 00:00:00-04:00,7.236477196705189
2004-05-04 00:00:00-04:00,7.477281921699502
2004-05-05 00:00:00-04:00,7.646047895706519
2004-05-06 00:00:00-04:00,7.5431377691394115
2004-05-07 00:00:00-04:00,7.635756403794739
2004-05-10 00:00:00-04:00,7.306455136583156
2004-05-11 00:00:00-04:00,7.164439906678696
2004-05-12 00:00:00-04:00,7.182967051208741
2004-05-13 00:00:00-04:00,7.201485859276894
2004-05-14 00:00:00-04:00,7.244710215800273
2004-05-17 00:00:00-04:00,7.129451847161352
2004-05-18 00:00:00-04:00,7.030662406031588
2004-05-19 00:00:00-04:00,7.080058769561263
2004-05-20 00:00:00-04:00,7.065651347645397
2004-05-21 00:00:00-04:00,7.110928742510495
2004-05-24 00:00:00-04:00,7.2035481067413984
2004-05-25 00:00:00-04:00,7.2961621357991095
2004-05-26 00:00:00-04:00,7.54108385090685
2004-05-27 00:00:00-04:00,7.557546039640077
2004-05-28 00:00:00-04:00,7.5040369215494795
2004-06-01 00:00:00-04:00,7.411419035978885
2004-06-02 00:00:00-04:00,7.551377212873936
2004-06-03 00:00:00-04:00,7.392895353019131
2004-06-04 00:00:00-04:00,7.300278928096648
2004-06-07 00:00:00-04:00,7.273523732529558
2004-06-08 00:00:00-04:00,7.429943121863389
2004-06-09 00:00:00-04:00,7.481396506164647
2004-06-10 00:00:00-04:00,7.450522835023945
2004-06-14 00:00:00-04:00,7.306453717473218
2004-06-15 00:00:00-04:00,7.193253008305186
2004-06-16 00:00:00-04:00,6.997728757904693
2004-06-17 00:00:00-04:00,7.168559166807458
2004-06-18 00:00:00-04:00,7.158264636993408
2004-06-21 00:00:00-04:00,7.158265152971791
2004-06-22 00:00:00-04:00,7.0862362563820085
2004-06-23 00:00:00-04:00,7.15621059911203
2004-06-24 00:00:00-04:00,7.2652921753120046
2004-06-25 00:00:00-04:00,7.131510876069557
2004-06-28 00:00:00-04:00,7.100637991965717
2004-06-29 00:00:00-04:00,7.182966131063835
2004-06-30 00:00:00-04:00,7.265292544886745
2004-07-01 00:00:00-04:00,7.318802187613298
2004-07-02 00:00:00-04:00,7.141803169068516
2004-07-06 00:00:00-04:00,7.164439709919849
2004-07-07 00:00:00-04:00,7.038892751005988
2004-07-08 00:00:00-04:00,7.156207965823315
2004-07-09 00:00:00-04:00,6.878358364105225
2004-07-12 00:00:00-04:00,6.894824834735713
2004-07-13 00:00:00-04:00,6.833075442716262
2004-07-14 00:00:00-04:00,6.691066856100074
2004-07-15 00:00:00-04:00,6.596389117306597
2004-07-16 00:00:00-04:00,6.64784437463468
2004-07-19 00:00:00-04:00,6.567573239975778
2004-07-20 00:00:00-04:00,6.575806861105645
2004-07-21 00:00:00-04:00,6.773389936971069
2004-07-22 00:00:00-04:00,6.658133330697854
2004-07-23 00:00:00-04:00,6.668425249491479
2004-07-26 00:00:00-04:00,6.833077666194166
2004-07-27 00:00:00-04:00,6.4317371494086215
2004-07-28 00:00:00-04:00,6.6066800858228705
2004-07-29 00:00:00-04:00,6.658136178062828
2004-07-30 00:00:00-04:00,6.668425263458981
2004-08-02 00:00:00-04:00,6.555227593116602
2004-08-03 00:00:00-04:00,6.516121214517041
2004-08-04 00:00:00-04:00,6.507888055474168
2004-08-05 00:00:00-04:00,6.479074040522865
2004-08-06 00:00:00-04:00,6.345295778694761
2004-08-09 00:00:00-04:00,5.88632513534403
2004-08-10 00:00:00-04:00,5.803999803987629
2004-08-11 00:00:00-04:00,5.937780038161281
2004-08-12 00:00:00-04:00,5.876034475446709
2004-08-13 00:00:00-04:00,5.766953468322754
2004-08-16 00:00:00-04:00,5.766950867841699
2004-08-17 00:00:00-04:00,5.898675688946111
2004-08-18 00:00:00-04:00,5.762835936703467
2004-08-19 00:00:00-04:00,5.781359498875949
2004-08-20 00:00:00-04:00,5.814289703500719
2004-08-23 00:00:00-04:00,5.882208911127954
2004-08-24 00:00:00-04:00,5.917196793821253
2004-08-25 00:00:00-04:00,5.921314583652251
2004-08-26 00:00:00-04:00,5.960419266685717
2004-08-27 00:00:00-04:00,5.906906354183029
2004-08-30 00:00:00-04:00,5.927489061734651
2004-08-31 00:00:00-04:00,5.927486395478985
2004-09-01 00:00:00-04:00,5.987176831571353
2004-09-02 00:00:00-04:00,6.057154034173659
2004-09-03 00:00:00-04:00,6.116837417918966
2004-09-07 00:00:00-04:00,5.968651643256732
2004-09-08 00:00:00-04:00,6.081850617973685
2004-09-09 00:00:00-04:00,6.050979751848124
2004-09-10 00:00:00-04:00,6.153885581259185
2004-09-13 00:00:00-04:00,6.0715610216041584
2004-09-14 00:00:00-04:00,6.092141861297188
2004-09-15 00:00:00-04:00,5.966594045327399
2004-09-16 00:00:00-04:00,5.96865375795851
2004-09-17 00:00:00-04:00,6.009817448184053
2004-09-20 00:00:00-04:00,5.958360589894837
2004-09-21 00:00:00-04:00,5.98923370818964
2004-09-22 00:00:00-04:00,5.999525514313821
2004-09-23 00:00:00-04:00,5.803999929589956
2004-09-24 00:00:00-04:00,5.958362416267703
2004-09-27 00:00:00-04:00,5.917196640191383
2004-09-28 00:00:00-04:00,5.8101743155152965
2004-09-29 00:00:00-04:00,5.978940963745117
2004-09-30 00:00:00-04:00,5.958362239893294
2004-10-01 00:00:00-04:00,5.917198349689616
2004-10-04 00:00:00-04:00,5.921314587435666
2004-10-05 00:00:00-04:00,5.92748850101475
2004-10-06 00:00:00-04:00,5.88632357409948
2004-10-07 00:00:00-04:00,5.865743593184007
2004-10-08 00:00:00-04:00,5.845163580174617
2004-10-11 00:00:00-04:00,5.725789502967448
2004-10-12 00:00:00-04:00,5.731966668381583
2004-10-13 00:00:00-04:00,5.851336958224489
2004-10-14 00:00:00-04:00,5.723731646942219
2004-10-15 00:00:00-04:00,5.717559384601938
2004-10-18 00:00:00-04:00,5.690801565630257
2004-10-19 00:00:00-04:00,5.764894357459254
2004-10-20 00:00:00-04:00,5.62905802595289
2004-10-21 00:00:00-04:00,5.598185616445177
2004-10-22 00:00:00-04:00,5.631116074130699
2004-10-25 00:00:00-04:00,5.536437692831699
2004-10-26 00:00:00-04:00,5.567311809185897
2004-10-27 00:00:00-04:00,5.515858811074092
2004-10-28 00:00:00-04:00,5.536441126623608
2004-10-29 00:00:00-04:00,5.587892012152202
2004-11-01 00:00:00-05:00,5.598184732646933
2004-11-02 00:00:00-05:00,5.474694001072361
2004-11-03 00:00:00-05:00,5.618764963847136
2004-11-04 00:00:00-05:00,5.637289596429163
2004-11-05 00:00:00-05:00,5.73196514521786
2004-11-08 00:00:00-05:00,5.762836903389361
2004-11-09 00:00:00-05:00,5.659928146852266
2004-11-10 00:00:00-05:00,5.629056553022509
2004-11-11 00:00:00-05:00,5.51997423762805
2004-11-12 00:00:00-05:00,5.4973348293105255
2004-11-15 00:00:00-05:00,5.482928561087986
2004-11-16 00:00:00-05:00,5.538498902528278
2004-11-17 00:00:00-05:00,5.73196564843673
2004-11-18 00:00:00-05:00,5.760779056121464
2004-11-19 00:00:00-05:00,6.400864819078866
2004-11-22 00:00:00-05:00,6.380284469604493
2004-11-23 00:00:00-05:00,6.4317379938121775
2004-11-24 00:00:00-05:00,6.398806312430221
2004-11-26 00:00:00-05:00,6.442027394872287
2004-11-29 00:00:00-05:00,6.3802832669821665
2004-11-30 00:00:00-05:00,6.421446755250584
2004-12-01 00:00:00-05:00,6.470841323688835
2004-12-02 00:00:00-05:00,6.503771999963506
2004-12-03 00:00:00-05:00,6.524355633402222
2004-12-06 00:00:00-05:00,6.514063269837266
2004-12-07 00:00:00-05:00,6.5469933861160765
2004-12-08 00:00:00-05:00,6.400867087704857
2004-12-09 00:00:00-05:00,6.359702367708389
2004-12-10 00:00:00-05:00,6.365876067969043
2004-12-13 00:00:00-05:00,6.380282618346016
2004-12-14 00:00:00-05:00,6.34117780937815
2004-12-15 00:00:00-05:00,6.390573241262804
2004-12-16 00:00:00-05:00,6.380283099080011
2004-12-17 00:00:00-05:00,6.277375304149787
2004-12-20 00:00:00-05:00,6.361761027808885
2004-12-21 00:00:00-05:00,6.320596998704442
2004-12-22 00:00:00-05:00,6.287667433436408
2004-12-23 00:00:00-05:00,6.380282581170381
2004-12-27 00:00:00-05:00,6.4831910655961895
2004-12-28 00:00:00-05:00,6.359701748007862
2004-12-29 00:00:00-05:00,6.5243556316275475
2004-12-30 00:00:00-05:00,6.520237926826701
2004-12-31 00:00:00-05:00,6.460551526538095
2005-01-03 00:00:00-05:00,6.417329966981375
2005-01-04 00:00:00-05:00,6.287666487870137
2005-01-05 00:00:00-05:00,6.30824764812301
2005-01-06 00:00:00-05:00,6.382341384887695
2005-01-07 00:00:00-05:00,6.3679356222794805
2005-01-10 00:00:00-05:00,6.341178737006608
2005-01-11 00:00:00-05:00,6.205340355407465
2005-01-12 00:00:00-05:00,6.104491902567404
2005-01-13 00:00:00-05:00,6.030397794239486
2005-01-14 00:00:00-05:00,5.8883854642008515
2005-01-18 00:00:00-05:00,6.2053397793081295
2005-01-19 00:00:00-05:00,6.18475950452728
2005-01-20 00:00:00-05:00,6.116840863242255
2005-01-21 00:00:00-05:00,6.030395149359103
2005-01-24 00:00:00-05:00,5.99952394214672
2005-01-25 00:00:00-05:00,5.966594045327399
2005-01-26 00:00:00-05:00,5.966595554382786
2005-01-27 00:00:00-05:00,5.96865375795851
2005-01-28 00:00:00-05:00,5.9830592275185595
2005-01-31 00:00:00-05:00,6.0715606629761245
2005-02-01 00:00:00-05:00,6.153884974026613
2005-02-02 00:00:00-05:00,6.1333029022572205
2005-02-03 00:00:00-05:00,6.2362123136406815
2005-02-04 00:00:00-05:00,6.5449354324282405
2005-02-07 00:00:00-05:00,6.705471157646919
2005-02-08 00:00:00-05:00,6.586100211904139
2005-02-09 00:00:00-05:00,6.5140632346364
2005-02-10 00:00:00-05:00,6.382341469982191
2005-02-11 00:00:00-05:00,6.39050227280788
2005-02-14 00:00:00-05:00,6.464833158363362
2005-02-15 00:00:00-05:00,6.43179792109708
2005-02-16 00:00:00-05:00,6.483413913483878
2005-02-17 00:00:00-05:00,6.524712983256761
2005-02-18 00:00:00-05:00,6.452444349493358
2005-02-22 00:00:00-05:00,6.3801761909521515
2005-02-23 00:00:00-05:00,6.369855241507124
2005-02-24 00:00:00-05:00,6.6279508003304635
2005-02-25 00:00:00-05:00,6.555684499962386
2005-02-28 00:00:00-05:00,6.6465317126687795
2005-03-01 00:00:00-05:00,7.0202584037223685
2005-03-02 00:00:00-05:00,6.968638919569038
2005-03-03 00:00:00-05:00,7.014064809166795
2005-03-04 00:00:00-05:00,7.144146414840477
2005-03-07 00:00:00-05:00,7.195766418502804
2005-03-08 00:00:00-05:00,7.1131744384765625
2005-03-09 00:00:00-05:00,7.113174273016231
2005-03-10 00:00:00-05:00,7.055363097705614
2005-03-11 00:00:00-05:00,7.11111024802976
2005-03-14 00:00:00-05:00,7.040907549110034
2005-03-15 00:00:00-05:00,7.181312064847581
2005-03-16 00:00:00-05:00,7.16479502067172
2005-03-17 00:00:00-05:00,7.123498865767743
2005-03-18 00:00:00-05:00,7.197831153869629
2005-03-21 00:00:00-05:00,7.216413477042922
2005-03-22 00:00:00-05:00,7.22467360159599
2005-03-23 00:00:00-05:00,7.082202433977692
2005-03-24 00:00:00-05:00,7.086333055061394
2005-03-28 00:00:00-05:00,7.051229506456399
2005-03-29 00:00:00-05:00,6.991355271051123
2005-03-30 00:00:00-05:00,6.8798541484250055
2005-03-31 00:00:00-05:00,7.038843683372885
2005-04-01 00:00:00-05:00,6.947992896460098
2005-04-04 00:00:00-04:00,6.871597516181511
2005-04-05 00:00:00-04:00,6.896371616953617
2005-04-06 00:00:00-04:00,6.9170167623815555
2005-04-07 00:00:00-04:00,6.855078687775852
2005-04-08 00:00:00-04:00,6.875726583498904
2005-04-11 00:00:00-04:00,6.753902929259394
2005-04-12 00:00:00-04:00,6.64859931499304
2005-04-13 00:00:00-04:00,6.770421578682777
2005-04-14 00:00:00-04:00,6.71054268861558
2005-04-15 00:00:00-04:00,6.6527284022871624
2005-04-18 00:00:00-04:00,6.491676349743364
2005-04-19 00:00:00-04:00,6.518517393905306
2005-04-20 00:00:00-04:00,6.442121531650853
2005-04-21 00:00:00-04:00,6.471029432604547
2005-04-22 00:00:00-04:00,6.613497973066102
2005-04-25 00:00:00-04:00,6.400824277078964
2005-04-26 00:00:00-04:00,6.458639510771208
2005-04-27 00:00:00-04:00,6.260420333090604
2005-04-28 00:00:00-04:00,6.390504610410285
2005-04-29 00:00:00-04:00,6.328557345349983
2005-05-02 00:00:00-04:00,6.3388809738051455
2005-05-03 00:00:00-04:00,6.52471155229168
2005-05-04 00:00:00-04:00,6.398759286098298
2005-05-05 00:00:00-04:00,6.561878500060527
2005-05-06 00:00:00-04:00,6.720865435940692
2005-05-09 00:00:00-04:00,6.710540779812412
2005-05-10 00:00:00-04:00,6.7828087401013
2005-05-11 00:00:00-04:00,6.756014091396376
2005-05-12 00:00:00-04:00,6.778793744414709
2005-05-13 00:00:00-04:00,6.747727095291563
2005-05-16 00:00:00-04:00,6.5633953465280195
2005-05-17 00:00:00-04:00,6.7829405518939385
2005-05-18 00:00:00-04:00,6.878207507109845
2005-05-19 00:00:00-04:00,6.855425587182163
2005-05-20 00:00:00-04:00,6.9983319003026585
2005-05-23 00:00:00-04:00,6.948625982891643
2005-05-24 00:00:00-04:00,6.98797882753848
2005-05-25 00:00:00-04:00,6.921701612092689
2005-05-26 00:00:00-04:00,6.907201470866705
2005-05-27 00:00:00-04:00,6.929987167625257
2005-05-31 00:00:00-04:00,7.041827726095621
2005-06-01 00:00:00-04:00,7.095677953120264
2005-06-02 00:00:00-04:00,7.093608223215924
2005-06-03 00:00:00-04:00,7.072895052826863
2005-06-06 00:00:00-04:00,7.09153361953355
2005-06-07 00:00:00-04:00,7.2862174088347285
2005-06-08 00:00:00-04:00,7.190950583722616
2005-06-09 00:00:00-04:00,7.155739662632178
2005-06-10 00:00:00-04:00,7.178520860351766
2005-06-13 00:00:00-04:00,7.151596487049524
2005-06-14 00:00:00-04:00,7.155738173425413
2005-06-15 00:00:00-04:00,7.2075169733949265
2005-06-16 00:00:00-04:00,7.155738117172865
2005-06-17 00:00:00-04:00,7.280006843874546
2005-06-20 00:00:00-04:00,7.151594638824463
2005-06-21 00:00:00-04:00,7.207516550556784
2005-06-22 00:00:00-04:00,7.228229175211893
2005-06-23 00:00:00-04:00,7.248937770276779
2005-06-24 00:00:00-04:00,7.153670121987587
2005-06-27 00:00:00-04:00,7.166095858452034
2005-06-28 00:00:00-04:00,7.207518168061539
2005-06-29 00:00:00-04:00,7.402208316152202
2005-06-30 00:00:00-04:00,7.366990779440246
2005-07-01 00:00:00-04:00,7.327643672116058
2005-07-05 00:00:00-04:00,7.456051820375583
2005-07-06 00:00:00-04:00,7.4291253882662645
2005-07-07 00:00:00-04:00,7.352493982067555
2005-07-08 00:00:00-04:00,7.48504986067361
2005-07-11 00:00:00-04:00,7.497480455818577
2005-07-12 00:00:00-04:00,7.7045866871115045
2005-07-13 00:00:00-04:00,7.768794760605145
2005-07-14 00:00:00-04:00,7.847494725430538
2005-07-15 00:00:00-04:00,7.746011859337403
2005-07-18 00:00:00-04:00,7.750150545912195
2005-07-19 00:00:00-04:00,7.725297807736457
2005-07-20 00:00:00-04:00,7.797787371483076
2005-07-21 00:00:00-04:00,7.851638160750567
2005-07-22 00:00:00-04:00,7.72529832897979
2005-07-25 00:00:00-04:00,7.866131672339767
2005-07-26 00:00:00-04:00,7.727371278904365
2005-07-27 00:00:00-04:00,7.746011735366064
2005-07-28 00:00:00-04:00,7.797790027866862
2005-07-29 00:00:00-04:00,7.905491163312792
2005-08-01 00:00:00-04:00,7.924127701696313
2005-08-02 00:00:00-04:00,7.905488682728755
2005-08-03 00:00:00-04:00,7.845424307573111
2005-08-04 00:00:00-04:00,7.766724081744569
2005-08-05 00:00:00-04:00,7.696305308753097
2005-08-08 00:00:00-04:00,7.9013445448113915
2005-08-09 00:00:00-04:00,7.801930061234738
2005-08-10 00:00:00-04:00,7.86406343857077
2005-08-11 00:00:00-04:00,7.7189827878958575
2005-08-12 00:00:00-04:00,7.725216558352326
2005-08-15 00:00:00-04:00,7.615148113599801
2005-08-16 00:00:00-04:00,7.7148292792614015
2005-08-17 00:00:00-04:00,7.642149406392859
2005-08-18 00:00:00-04:00,7.642150610466008
2005-08-19 00:00:00-04:00,7.613079091045591
2005-08-22 00:00:00-04:00,7.67330209621252
2005-08-23 00:00:00-04:00,7.733522718663934
2005-08-24 00:00:00-04:00,7.735600947136737
2005-08-25 00:00:00-04:00,7.652528079496621
2005-08-26 00:00:00-04:00,7.584000006088038
2005-08-29 00:00:00-04:00,7.473938262755367
2005-08-30 00:00:00-04:00,7.617230705995542
2005-08-31 00:00:00-04:00,7.629688798659704
2005-09-01 00:00:00-04:00,7.839434285104485
2005-09-02 00:00:00-04:00,7.80828182040506
2005-09-06 00:00:00-04:00,7.849817518953798
2005-09-07 00:00:00-04:00,7.766744727664554
2005-09-08 00:00:00-04:00,7.901731519355642
2005-09-09 00:00:00-04:00,7.797901428985033
2005-09-12 00:00:00-04:00,7.839431797034939
2005-09-13 00:00:00-04:00,7.903807530849983
2005-09-14 00:00:00-04:00,7.760517960863657
2005-09-15 00:00:00-04:00,7.694067408393984
2005-09-16 00:00:00-04:00,7.696141270655416
2005-09-19 00:00:00-04:00,7.870579182911846
2005-09-20 00:00:00-04:00,7.791668882297504
2005-09-21 00:00:00-04:00,7.4947031201024386
2005-09-22 00:00:00-04:00,7.476012881914286
2005-09-23 00:00:00-04:00,7.37633691249322
2005-09-26 00:00:00-04:00,7.44070998515317
2005-09-27 00:00:00-04:00,7.459398175037871
2005-09-28 00:00:00-04:00,7.608923663519013
2005-09-29 00:00:00-04:00,7.45525060128178
2005-09-30 00:00:00-04:00,7.424095630645752
2005-10-03 00:00:00-04:00,7.415791266660985
2005-10-04 00:00:00-04:00,7.664991972957966
2005-10-05 00:00:00-04:00,7.5113219963377995
2005-10-06 00:00:00-04:00,7.3327244585533915
2005-10-07 00:00:00-04:00,7.3098802665868705
2005-10-10 00:00:00-04:00,7.633842621872937
2005-10-11 00:00:00-04:00,7.361802155950269
2005-10-12 00:00:00-04:00,7.299497323581022
2005-10-13 00:00:00-04:00,7.293267263024518
2005-10-14 00:00:00-04:00,7.30987995578642
2005-10-17 00:00:00-04:00,7.37218303770427
2005-10-18 00:00:00-04:00,7.309882640936564
2005-10-19 00:00:00-04:00,7.17489827116432
2005-10-20 00:00:00-04:00,7.289113550128698
2005-10-21 00:00:00-04:00,7.185280291762899
2005-10-24 00:00:00-04:00,7.289113700565918
2005-10-25 00:00:00-04:00,7.309883081675437
2005-10-26 00:00:00-04:00,7.293269808099631
2005-10-27 00:00:00-04:00,7.168669481559692
2005-10-28 00:00:00-04:00,6.98176906183395
2005-10-31 00:00:00-05:00,7.336876961639039
2005-11-01 00:00:00-05:00,7.496782513719045
2005-11-02 00:00:00-05:00,7.507163960860254
2005-11-03 00:00:00-05:00,7.683683283950676
2005-11-04 00:00:00-05:00,7.623458024602092
2005-11-07 00:00:00-05:00,7.557006315484322
2005-11-08 00:00:00-05:00,7.559081297012985
2005-11-09 00:00:00-05:00,7.53623769838198
2005-11-10 00:00:00-05:00,7.689910714787156
2005-11-11 00:00:00-05:00,7.804432375298105
2005-11-14 00:00:00-05:00,7.877311608164491
2005-11-15 00:00:00-05:00,7.81484243710879
2005-11-16 00:00:00-05:00,7.642015878794635
2005-11-17 00:00:00-05:00,7.644097684959493
2005-11-18 00:00:00-05:00,7.819008367253767
2005-11-21 00:00:00-05:00,7.7586208265467755
2005-11-22 00:00:00-05:00,7.8085958146431365
2005-11-23 00:00:00-05:00,7.631603105059774
2005-11-25 00:00:00-05:00,7.683660422845089
2005-11-28 00:00:00-05:00,7.702404085560041
2005-11-29 00:00:00-05:00,7.5941228434279155
2005-11-30 00:00:00-05:00,7.583709384146304
2005-12-01 00:00:00-05:00,7.589956131547403
2005-12-02 00:00:00-05:00,7.6815776796654465
2005-12-05 00:00:00-05:00,7.6732417413914975
2005-12-06 00:00:00-05:00,7.710726891664645
2005-12-07 00:00:00-05:00,7.639932733745271
2005-12-08 00:00:00-05:00,7.652423460028116
2005-12-09 00:00:00-05:00,7.621190123011711
2005-12-12 00:00:00-05:00,7.65242532282974
2005-12-13 00:00:00-05:00,7.596202342003875
2005-12-14 00:00:00-05:00,7.589954791272158
2005-12-15 00:00:00-05:00,7.608699220780753
2005-12-16 00:00:00-05:00,7.63160311439301
2005-12-19 00:00:00-05:00,7.652428228250757
2005-12-20 00:00:00-05:00,7.537902706721332
2005-12-21 00:00:00-05:00,7.600368877548421
2005-12-22 00:00:00-05:00,7.660752763558179
2005-12-23 00:00:00-05:00,7.644093563519615
2005-12-27 00:00:00-05:00,7.725306715753866
2005-12-28 00:00:00-05:00,7.6232728195689745
2005-12-29 00:00:00-05:00,7.666999346876775
2005-12-30 00:00:00-05:00,7.714894825056102
2006-01-03 00:00:00-05:00,7.673248305355486
2006-01-04 00:00:00-05:00,7.771115393519898
2006-01-05 00:00:00-05:00,7.66699979431513
2006-01-06 00:00:00-05:00,7.758623110213859
2006-01-09 00:00:00-05:00,7.8439927269878496
2006-01-10 00:00:00-05:00,7.8190093354039805
2006-01-11 00:00:00-05:00,7.850243570941233
2006-01-12 00:00:00-05:00,7.725305599047266
2006-01-13 00:00:00-05:00,7.829418681652113
2006-01-17 00:00:00-05:00,7.875233114494502
2006-01-18 00:00:00-05:00,7.860655324412904
2006-01-19 00:00:00-05:00,7.9023002600214935
2006-01-20 00:00:00-05:00,7.954359152840245
2006-01-23 00:00:00-05:00,7.777361473353285
2006-01-24 00:00:00-05:00,7.808596578748128
2006-01-25 00:00:00-05:00,7.910628250890354
2006-01-26 00:00:00-05:00,7.812763947265641
2006-01-27 00:00:00-05:00,8.031402512575763
2006-01-30 00:00:00-05:00,8.083458902923356
2006-01-31 00:00:00-05:00,8.02098738912058
2006-02-01 00:00:00-05:00,8.100118568411228
2006-02-02 00:00:00-05:00,7.8814780036678735
2006-02-03 00:00:00-05:00,7.787775597397793
2006-02-06 00:00:00-05:00,7.683659828087648
2006-02-07 00:00:00-05:00,7.758620889931627
2006-02-08 00:00:00-05:00,7.629518119857456
2006-02-09 00:00:00-05:00,7.662835353493953
2006-02-10 00:00:00-05:00,7.494172500727119
2006-02-13 00:00:00-05:00,7.475369328559635
2006-02-14 00:00:00-05:00,7.527571629452571
2006-02-15 00:00:00-05:00,7.517133061421978
2006-02-16 00:00:00-05:00,7.611098810672271
2006-02-17 00:00:00-05:00,7.636155894694183
2006-02-21 00:00:00-05:00,7.6528616042873505
2006-02-22 00:00:00-05:00,7.579777616045234
2006-02-23 00:00:00-05:00,7.631978798889761
2006-02-24 00:00:00-05:00,7.673741295929633
2006-02-27 00:00:00-05:00,7.776060389711458
2006-02-28 00:00:00-05:00,7.767702711540935
2006-03-01 00:00:00-05:00,7.623629872393239
2006-03-02 00:00:00-05:00,7.682091538838819
2006-03-03 00:00:00-05:00,7.575600721689673
2006-03-06 00:00:00-05:00,7.287446552696679
2006-03-07 00:00:00-05:00,7.387672229825418
2006-03-08 00:00:00-05:00,7.379318386093688
2006-03-09 00:00:00-05:00,7.377231773750383
2006-03-10 00:00:00-05:00,7.262389857077998
2006-03-13 00:00:00-05:00,7.266562229447486
2006-03-14 00:00:00-05:00,7.249859474978788
2006-03-15 00:00:00-05:00,7.228975063366726
2006-03-16 00:00:00-05:00,7.260299162348472
2006-03-17 00:00:00-05:00,7.2456787035405945
2006-03-20 00:00:00-05:00,7.22480039875609
2006-03-21 00:00:00-05:00,7.089074240209
2006-03-22 00:00:00-05:00,7.164246886810228
2006-03-23 00:00:00-05:00,7.193481557176137
2006-03-24 00:00:00-05:00,7.297884032975864
2006-03-27 00:00:00-05:00,7.293705545876092
2006-03-28 00:00:00-05:00,7.2603000548839605
2006-03-29 00:00:00-05:00,7.312501751176808
2006-03-30 00:00:00-05:00,7.431523086011559
2006-03-31 00:00:00-05:00,7.446137251280702
2006-04-03 00:00:00-04:00,7.494165816539206
2006-04-04 00:00:00-04:00,7.331292245475992
2006-04-05 00:00:00-04:00,7.35008763965179
2006-04-06 00:00:00-04:00,7.3918464165467
2006-04-07 00:00:00-04:00,7.423167029082982
2006-04-10 00:00:00-04:00,7.268650901599562
2006-04-11 00:00:00-04:00,7.09951421939432
2006-04-12 00:00:00-04:00,7.168424675949744
2006-04-13 00:00:00-04:00,7.214358329772949
2006-04-17 00:00:00-04:00,7.197657155841464
2006-04-18 00:00:00-04:00,7.128748240134986
2006-04-19 00:00:00-04:00,7.308326287117522
2006-04-20 00:00:00-04:00,7.333383558820181
2006-04-21 00:00:00-04:00,7.272825257639361
2006-04-24 00:00:00-04:00,6.99511028435618
2006-04-25 00:00:00-04:00,7.089074379187131
2006-04-26 00:00:00-04:00,7.193479289156183
2006-04-27 00:00:00-04:00,7.053576107103622
2006-04-28 00:00:00-04:00,7.166334768809173
2006-05-01 00:00:00-04:00,7.320856754776877
2006-05-02 00:00:00-04:00,7.347995588335788
2006-05-03 00:00:00-04:00,7.243592008090294
2006-05-04 00:00:00-04:00,7.099516762080599
2006-05-05 00:00:00-04:00,7.370966572392264
2006-05-08 00:00:00-04:00,7.262387981275734
2006-05-09 00:00:00-04:00,7.30832263727528
2006-05-10 00:00:00-04:00,7.193479289156183
2006-05-11 00:00:00-04:00,7.097424772067276
2006-05-12 00:00:00-04:00,6.858676394492076
2006-05-15 00:00:00-04:00,6.697418661717397
2006-05-16 00:00:00-04:00,6.881713693921616
2006-05-17 00:00:00-04:00,6.795849158349278
2006-05-18 00:00:00-04:00,6.758153095894215
2006-05-19 00:00:00-04:00,6.699513880509556
2006-05-22 00:00:00-04:00,6.670193617163256
2006-05-23 00:00:00-04:00,6.737208924686239
2006-05-24 00:00:00-04:00,6.523597296276089
2006-05-25 00:00:00-04:00,6.678570621429871
2006-05-26 00:00:00-04:00,6.691136918429159
2006-05-30 00:00:00-04:00,6.613650496136098
2006-05-31 00:00:00-04:00,6.557104587612151
2006-06-01 00:00:00-04:00,6.649251549660402
2006-06-02 00:00:00-04:00,6.642969463646949
2006-06-05 00:00:00-04:00,6.6052737870360385
2006-06-06 00:00:00-04:00,6.471240202913159
2006-06-07 00:00:00-04:00,6.397942143049494
2006-06-08 00:00:00-04:00,6.335112215468013
2006-06-09 00:00:00-04:00,6.456578299588357
2006-06-12 00:00:00-04:00,6.3372089773888245
2006-06-13 00:00:00-04:00,6.180138896701969
2006-06-14 00:00:00-04:00,6.125690472199631
2006-06-15 00:00:00-04:00,6.167572567399011
2006-06-16 00:00:00-04:00,6.26181565235295
2006-06-19 00:00:00-04:00,6.192705267057197
2006-06-20 00:00:00-04:00,6.211552504050369
2006-06-21 00:00:00-04:00,6.188516064468635
2006-06-22 00:00:00-04:00,6.2199284711164236
2006-06-23 00:00:00-04:00,6.165479225465711
2006-06-26 00:00:00-04:00,6.15710302978282
2006-06-27 00:00:00-04:00,5.706837482885246
2006-06-28 00:00:00-04:00,4.911023558109051
2006-06-29 00:00:00-04:00,4.973850599006864
2006-06-30 00:00:00-04:00,4.994793420721412
2006-07-03 00:00:00-04:00,4.869137534032866
2006-07-05 00:00:00-04:00,4.925682334770778
2006-07-06 00:00:00-04:00,5.04296004572212
2006-07-07 00:00:00-04:00,4.902644400114503
2006-07-10 00:00:00-04:00,4.923586846238417
2006-07-11 00:00:00-04:00,5.124635146689143
2006-07-12 00:00:00-04:00,5.233537960216459
2006-07-13 00:00:00-04:00,5.273328417029602
2006-07-14 00:00:00-04:00,5.292175177599508
2006-07-17 00:00:00-04:00,5.321494078835703
2006-07-18 00:00:00-04:00,5.38222907484735
2006-07-19 00:00:00-04:00,5.480658162294441
2006-07-20 00:00:00-04:00,5.627257354830961
2006-07-21 00:00:00-04:00,5.505789640762678
2006-07-24 00:00:00-04:00,5.507883476165568
2006-07-25 00:00:00-04:00,5.539297105754754
2006-07-26 00:00:00-04:00,5.566521057833737
2006-07-27 00:00:00-04:00,5.604219874525977
2006-07-28 00:00:00-04:00,5.662859070247038
2006-07-31 00:00:00-04:00,5.713120501578465
2006-08-01 00:00:00-04:00,5.683801410194176
2006-08-02 00:00:00-04:00,5.67332789198451
2006-08-03 00:00:00-04:00,5.677518590995885
2006-08-04 00:00:00-04:00,6.337209369392388
2006-08-07 00:00:00-04:00,5.979089274393448
2006-08-08 00:00:00-04:00,5.836682209447298
2006-08-09 00:00:00-04:00,5.717309722319949
2006-08-10 00:00:00-04:00,5.658670418740449
2006-08-11 00:00:00-04:00,5.696329277401514
2006-08-14 00:00:00-04:00,5.6753094038685985
2006-08-15 00:00:00-04:00,5.727859247143855
2006-08-16 00:00:00-04:00,5.717349362472485
2006-08-17 00:00:00-04:00,5.790915476340276
2006-08-18 00:00:00-04:00,5.868688295773448
2006-08-21 00:00:00-04:00,5.7909165142672
2006-08-22 00:00:00-04:00,5.698430335362495
2006-08-23 00:00:00-04:00,5.799325467940234
2006-08-24 00:00:00-04:00,5.559701421345554
2006-08-25 00:00:00-04:00,5.496642019024677
2006-08-28 00:00:00-04:00,5.5386834812120025
2006-08-29 00:00:00-04:00,5.593330820103407
2006-08-30 00:00:00-04:00,5.465110121847114
2006-08-31 00:00:00-04:00,5.5323749624266325
2006-09-01 00:00:00-04:00,5.637472446618813
2006-09-05 00:00:00-04:00,5.62485970035949
2006-09-06 00:00:00-04:00,5.549192231029897
2006-09-07 00:00:00-04:00,5.46090784254009
2006-09-08 00:00:00-04:00,5.4062584901139425
2006-09-11 00:00:00-04:00,5.500848008632984
2006-09-12 00:00:00-04:00,5.593332716594487
2006-09-13 00:00:00-04:00,5.76148913811602
2006-09-14 00:00:00-04:00,5.832954531015455
2006-09-15 00:00:00-04:00,5.818241447092574
2006-09-18 00:00:00-04:00,5.759387778263407
2006-09-19 00:00:00-04:00,5.748878072230801
2006-09-20 00:00:00-04:00,5.696327621199273
2006-09-21 00:00:00-04:00,5.780406378694474
2006-09-22 00:00:00-04:00,5.639575142082397
2006-09-25 00:00:00-04:00,5.557598462043031
2006-09-26 00:00:00-04:00,5.528170585632324
2006-09-27 00:00:00-04:00,5.4966411748692
2006-09-28 00:00:00-04:00,5.54919117867294
2006-09-29 00:00:00-04:00,5.54919049149258
2006-10-02 00:00:00-04:00,5.496642187286324
2006-10-03 00:00:00-04:00,5.496641153851556
2006-10-04 00:00:00-04:00,5.58702645593973
2006-10-05 00:00:00-04:00,5.532374188112147
2006-10-06 00:00:00-04:00,5.685817767783882
2006-10-09 00:00:00-04:00,5.637472840862756
2006-10-10 00:00:00-04:00,5.690022403536946
2006-10-11 00:00:00-04:00,5.643778242375459
2006-10-12 00:00:00-04:00,5.641677818049653
2006-10-13 00:00:00-04:00,5.818243919044198
2006-10-16 00:00:00-04:00,5.811936855316162
2006-10-17 00:00:00-04:00,5.748877098094811
2006-10-18 00:00:00-04:00,5.780407896437177
2006-10-19 00:00:00-04:00,5.727856866544884
2006-10-20 00:00:00-04:00,5.8182406099653425
2006-10-23 00:00:00-04:00,5.675310564805157
2006-10-24 00:00:00-04:00,5.6984285727063115
2006-10-25 00:00:00-04:00,5.58912694180807
2006-10-26 00:00:00-04:00,5.723653378914569
2006-10-27 00:00:00-04:00,5.826651589525173
2006-10-30 00:00:00-05:00,5.832957011447948
2006-10-31 00:00:00-05:00,5.912832192764869
2006-11-01 00:00:00-05:00,5.8855061531066895
2006-11-02 00:00:00-05:00,5.832956991025379
2006-11-03 00:00:00-05:00,5.896015825155636
2006-11-06 00:00:00-05:00,5.927543871680512
2006-11-07 00:00:00-05:00,5.923340452268119
2006-11-08 00:00:00-05:00,5.921239638677609
2006-11-09 00:00:00-05:00,5.990605811840403
2006-11-10 00:00:00-05:00,5.864485350122018
2006-11-13 00:00:00-05:00,6.011637218645017
2006-11-14 00:00:00-05:00,5.99054564186711
2006-11-15 00:00:00-05:00,5.885078393500055
2006-11-16 00:00:00-05:00,5.9905475403031545
2006-11-17 00:00:00-05:00,6.072807908254257
2006-11-20 00:00:00-05:00,6.1044478539235465
2006-11-21 00:00:00-05:00,6.201479103683059
2006-11-22 00:00:00-05:00,6.163509456980259
2006-11-24 00:00:00-05:00,6.186713114576146
2006-11-27 00:00:00-05:00,6.102338509777651
2006-11-28 00:00:00-05:00,6.028513454153736
2006-11-29 00:00:00-05:00,6.123433655083414
2006-11-30 00:00:00-05:00,6.157184021929805
2006-12-01 00:00:00-05:00,6.171949932548937
2006-12-04 00:00:00-05:00,6.2879622128110855
2006-12-05 00:00:00-05:00,6.399758754798437
2006-12-06 00:00:00-05:00,6.338586483824525
2006-12-07 00:00:00-05:00,6.401868528515745
2006-12-08 00:00:00-05:00,6.55373984655216
2006-12-11 00:00:00-05:00,6.574832173238235
2006-12-12 00:00:00-05:00,6.54951986137232
2006-12-13 00:00:00-05:00,6.328043099486918
2006-12-14 00:00:00-05:00,6.4904598653426335
2006-12-15 00:00:00-05:00,6.484129070667429
2006-12-18 00:00:00-05:00,6.530536779877949
2006-12-19 00:00:00-05:00,6.412413351745169
2006-12-20 00:00:00-05:00,6.399758449750708
2006-12-21 00:00:00-05:00,6.410304517417019
2006-12-22 00:00:00-05:00,6.614912445167629
2006-12-26 00:00:00-05:00,6.233119426888067
2006-12-27 00:00:00-05:00,6.319600995382138
2006-12-28 00:00:00-05:00,6.391318918468763
2006-12-29 00:00:00-05:00,6.40819478399461
2007-01-03 00:00:00-05:00,6.5136609594889014
2007-01-04 00:00:00-05:00,6.376553417350021
2007-01-05 00:00:00-05:00,6.222572840207111
2007-01-08 00:00:00-05:00,6.380773343953106
2007-01-09 00:00:00-05:00,6.344915045723693
2007-01-10 00:00:00-05:00,6.422962034044417
2007-01-11 00:00:00-05:00,6.4377248086839245
2007-01-12 00:00:00-05:00,6.524207287253336
2007-01-16 00:00:00-05:00,6.496788083954675
2007-01-17 00:00:00-05:00,6.412413094180287
2007-01-18 00:00:00-05:00,6.353353460526953
2007-01-19 00:00:00-05:00,6.290070017147423
2007-01-22 00:00:00-05:00,6.313275946261291
2007-01-23 00:00:00-05:00,6.380773196288268
2007-01-24 00:00:00-05:00,6.319602703794792
2007-01-25 00:00:00-05:00,6.41241324369956
2007-01-26 00:00:00-05:00,6.2964015063372205
2007-01-29 00:00:00-05:00,6.319601114434651
2007-01-30 00:00:00-05:00,6.328041086821979
2007-01-31 00:00:00-05:00,6.328039107036927
2007-02-01 00:00:00-05:00,6.349134637576589
2007-02-02 00:00:00-05:00,6.406086032635643
2007-02-05 00:00:00-05:00,6.486240262532342
2007-02-06 00:00:00-05:00,6.450383053163558
2007-02-07 00:00:00-05:00,6.338586569717549
2007-02-08 00:00:00-05:00,6.003201611727792
2007-02-09 00:00:00-05:00,6.412413298967906
2007-02-12 00:00:00-05:00,6.252102499483304
2007-02-13 00:00:00-05:00,6.233271055859932
2007-02-14 00:00:00-05:00,6.294651437318147
2007-02-15 00:00:00-05:00,6.265021197263455
2007-02-16 00:00:00-05:00,6.277720245018728
2007-02-20 00:00:00-05:00,6.347565077513491
2007-02-21 00:00:00-05:00,6.4343439440963515
2007-02-22 00:00:00-05:00,6.487257957458496
2007-02-23 00:00:00-05:00,6.487257452450221
2007-02-26 00:00:00-05:00,6.529590076351387
2007-02-27 00:00:00-05:00,6.49149107727201
2007-02-28 00:00:00-05:00,6.402595764534199
2007-03-01 00:00:00-05:00,6.284067723163961
2007-03-02 00:00:00-05:00,6.275601015802676
2007-03-05 00:00:00-05:00,6.190937008889866
2007-03-06 00:00:00-05:00,6.165541141516216
2007-03-07 00:00:00-05:00,6.508421533228265
2007-03-08 00:00:00-05:00,6.42376207408035
2007-03-09 00:00:00-05:00,6.436460169083507
2007-03-12 00:00:00-04:00,6.396245873555023
2007-03-13 00:00:00-04:00,6.408945169137884
2007-03-14 00:00:00-04:00,7.005815286055068
2007-03-15 00:00:00-04:00,7.109524825126582
2007-03-16 00:00:00-04:00,7.1772576260171475
2007-03-19 00:00:00-04:00,7.1984212385678275
2007-03-20 00:00:00-04:00,7.221702962370667
2007-03-21 00:00:00-04:00,7.090478094551511
2007-03-22 00:00:00-04:00,7.257687057246018
2007-03-23 00:00:00-04:00,7.331767061574305
2007-03-26 00:00:00-04:00,7.295783311799094
2007-03-27 00:00:00-04:00,7.435477217296956
2007-03-28 00:00:00-04:00,7.359282721243718
2007-03-29 00:00:00-04:00,7.403727498426813
2007-03-30 00:00:00-04:00,7.291551253448925
2007-04-02 00:00:00-04:00,7.297902282095352
2007-04-03 00:00:00-04:00,7.348701167097919
2007-04-04 00:00:00-04:00,7.371980897425479
2007-04-05 00:00:00-04:00,7.397379588856657
2007-04-09 00:00:00-04:00,7.397377347587264
2007-04-10 00:00:00-04:00,7.393148168883643
2007-04-11 00:00:00-04:00,7.4333613885503125
2007-04-12 00:00:00-04:00,7.412197251548719
2007-04-13 00:00:00-04:00,7.410080046578392
2007-04-16 00:00:00-04:00,7.418544706774527
2007-04-17 00:00:00-04:00,7.4714611819320496
2007-04-18 00:00:00-04:00,7.469341184654222
2007-04-19 00:00:00-04:00,7.429128170013428
2007-04-20 00:00:00-04:00,7.503208139366216
2007-04-23 00:00:00-04:00,7.534956031875532
2007-04-24 00:00:00-04:00,7.52013955404654
2007-04-25 00:00:00-04:00,7.54554013653935
2007-04-26 00:00:00-04:00,7.524371431410474
2007-04-27 00:00:00-04:00,7.51167364258506
2007-04-30 00:00:00-04:00,7.501089784778109
2007-05-01 00:00:00-04:00,7.3889118722632245
2007-05-02 00:00:00-04:00,7.355046645320147
2007-05-03 00:00:00-04:00,7.441828433631719
2007-05-04 00:00:00-04:00,7.560354916032943
2007-05-07 00:00:00-04:00,7.515908775183878
2007-05-08 00:00:00-04:00,7.498975460748625
2007-05-09 00:00:00-04:00,8.14875496927016
2007-05-10 00:00:00-04:00,8.180504239403009
2007-05-11 00:00:00-04:00,8.487495139793113
2007-05-14 00:00:00-04:00,8.657246917220627
2007-05-15 00:00:00-04:00,8.529937016595694
2007-05-16 00:00:00-04:00,8.483253306039847
2007-05-17 00:00:00-04:00,8.871556600508601
2007-05-18 00:00:00-04:00,8.90126800285132
2007-05-21 00:00:00-04:00,8.848214897189749
2007-05-22 00:00:00-04:00,8.86943940144632
2007-05-23 00:00:00-04:00,9.08161853912389
2007-05-24 00:00:00-04:00,8.858824719504051
2007-05-25 00:00:00-04:00,8.897019700175816
2007-05-29 00:00:00-04:00,8.950066561822736
2007-05-30 00:00:00-04:00,8.945820529090811
2007-05-31 00:00:00-04:00,9.060403519331585
2007-06-01 00:00:00-04:00,9.230153921114473
2007-06-04 00:00:00-04:00,9.25561735051844
2007-06-05 00:00:00-04:00,9.342615149610864
2007-06-06 00:00:00-04:00,9.35746629070503
2007-06-07 00:00:00-04:00,9.325641611480162
2007-06-08 00:00:00-04:00,8.99674992242175
2007-06-11 00:00:00-04:00,9.230150642879423
2007-06-12 00:00:00-04:00,9.18771819059183
2007-06-13 00:00:00-04:00,9.094352822438893
2007-06-14 00:00:00-04:00,9.145278618757164
2007-06-15 00:00:00-04:00,9.4423380139801
2007-06-18 00:00:00-04:00,9.24712846146155
2007-06-19 00:00:00-04:00,9.217423468058001
2007-06-20 00:00:00-04:00,9.24925199930302
2007-06-21 00:00:00-04:00,9.196201749017366
2007-06-22 00:00:00-04:00,9.211058737751697
2007-06-25 00:00:00-04:00,9.14527628362976
2007-06-26 00:00:00-04:00,9.14315598055902
2007-06-27 00:00:00-04:00,9.26622393984315
2007-06-28 00:00:00-04:00,9.431730106240897
2007-06-29 00:00:00-04:00,9.33200403422578
2007-07-02 00:00:00-04:00,9.215300222915781
2007-07-03 00:00:00-04:00,9.187718159545446
2007-07-05 00:00:00-04:00,9.274714598324314
2007-07-06 00:00:00-04:00,9.225911348054131
2007-07-09 00:00:00-04:00,9.321394615851222
2007-07-10 00:00:00-04:00,9.219546522655117
2007-07-11 00:00:00-04:00,9.15801178747159
2007-07-12 00:00:00-04:00,9.124062503513365
2007-07-13 00:00:00-04:00,9.255618343638945
2007-07-16 00:00:00-04:00,9.208937847880929
2007-07-17 00:00:00-04:00,9.149524931670118
2007-07-18 00:00:00-04:00,9.068892452843146
2007-07-19 00:00:00-04:00,9.232273093718332
2007-07-20 00:00:00-04:00,9.079502540841792
2007-07-23 00:00:00-04:00,8.954309019014621
2007-07-24 00:00:00-04:00,9.452949627579331
2007-07-25 00:00:00-04:00,9.457197530980675
2007-07-26 00:00:00-04:00,9.208935630553906
2007-07-27 00:00:00-04:00,8.856708840781243
2007-07-30 00:00:00-04:00,8.555402859810465
2007-07-31 00:00:00-04:00,9.00099379467602
2007-08-01 00:00:00-04:00,8.81850893182285
2007-08-02 00:00:00-04:00,9.081623068586218
2007-08-03 00:00:00-04:00,9.051917632574007
2007-08-06 00:00:00-04:00,8.661492170551478
2007-08-07 00:00:00-04:00,8.372918946099674
2007-08-08 00:00:00-04:00,8.190435609114923
2007-08-09 00:00:00-04:00,8.604199408534978
2007-08-10 00:00:00-04:00,8.25409110316201
2007-08-13 00:00:00-04:00,9.03340777444512
2007-08-14 00:00:00-04:00,8.963215339867551
2007-08-15 00:00:00-04:00,8.765401347204923
2007-08-16 00:00:00-04:00,8.69946390597909
2007-08-17 00:00:00-04:00,9.271631052125795
2007-08-20 00:00:00-04:00,8.901532384157147
2007-08-21 00:00:00-04:00,8.818579186124142
2007-08-22 00:00:00-04:00,8.939815723046708
2007-08-23 00:00:00-04:00,9.122739560327666
2007-08-24 00:00:00-04:00,9.158900689340483
2007-08-27 00:00:00-04:00,9.275885148413453
2007-08-28 00:00:00-04:00,9.16740821559302
2007-08-29 00:00:00-04:00,9.010005276636008
2007-08-30 00:00:00-04:00,9.029154337884162
2007-08-31 00:00:00-04:00,9.114233251647178
2007-09-04 00:00:00-04:00,9.092960837259458
2007-09-05 00:00:00-04:00,9.158898580480631
2007-09-06 00:00:00-04:00,9.209950004875248
2007-09-07 00:00:00-04:00,8.914293551029207
2007-09-10 00:00:00-04:00,9.001499370457447
2007-09-11 00:00:00-04:00,8.948325366088394
2007-09-12 00:00:00-04:00,8.975975076719962
2007-09-13 00:00:00-04:00,9.024900667711277
2007-09-14 00:00:00-04:00,8.933439218931944
2007-09-17 00:00:00-04:00,8.984485199196943
2007-09-18 00:00:00-04:00,8.929182680292952
2007-09-19 00:00:00-04:00,9.401378928067835
2007-09-20 00:00:00-04:00,9.4481763017196
2007-09-21 00:00:00-04:00,9.53324866127239
2007-09-24 00:00:00-04:00,9.42264695736824
2007-09-25 00:00:00-04:00,9.254614985373786
2007-09-26 00:00:00-04:00,9.358839004298671
2007-09-27 00:00:00-04:00,9.460936327582203
2007-09-28 00:00:00-04:00,9.337568762392673
2007-10-01 00:00:00-04:00,9.28439079147651
2007-10-02 00:00:00-04:00,9.537507795858577
2007-10-03 00:00:00-04:00,9.57579279736264
2007-10-04 00:00:00-04:00,9.490710256991754
2007-10-05 00:00:00-04:00,9.57154087417338
2007-10-08 00:00:00-04:00,9.571536064302695
2007-10-09 00:00:00-04:00,9.484330673353778
2007-10-10 00:00:00-04:00,9.516235172653966
2007-10-11 00:00:00-04:00,9.507727163775233
2007-10-12 00:00:00-04:00,9.569411111489364
2007-10-15 00:00:00-04:00,9.716174088895013
2007-10-16 00:00:00-04:00,9.667254703927304
2007-10-17 00:00:00-04:00,9.822528110986102
2007-10-18 00:00:00-04:00,9.807639378760811
2007-10-19 00:00:00-04:00,9.886338342233676
2007-10-22 00:00:00-04:00,9.518364334759802
2007-10-23 00:00:00-04:00,9.9331319626936
2007-10-24 00:00:00-04:00,9.833162307739258
2007-10-25 00:00:00-04:00,9.875698545938105
2007-10-26 00:00:00-04:00,9.89271568798452
2007-10-29 00:00:00-04:00,9.907604035794739
2007-10-30 00:00:00-04:00,9.786368249307797
2007-10-31 00:00:00-04:00,10.09265430248231
2007-11-01 00:00:00-04:00,10.033100121764567
2007-11-02 00:00:00-04:00,10.037352801823388
2007-11-05 00:00:00-05:00,9.869319722598636
2007-11-06 00:00:00-05:00,10.013953528111816
2007-11-07 00:00:00-05:00,10.007576729244667
2007-11-08 00:00:00-05:00,9.843795032221037
2007-11-09 00:00:00-05:00,9.80976027093038
2007-11-12 00:00:00-05:00,9.675762720975177
2007-11-13 00:00:00-05:00,9.927013623745378
2007-11-14 00:00:00-05:00,10.03998742128568
2007-11-15 00:00:00-05:00,8.737561897858436
2007-11-16 00:00:00-05:00,8.528662342785143
2007-11-19 00:00:00-05:00,8.432736938100934
2007-11-20 00:00:00-05:00,8.360264946694498
2007-11-21 00:00:00-05:00,8.18546763773567
2007-11-23 00:00:00-05:00,8.206784943404346
2007-11-26 00:00:00-05:00,8.185467132269096
2007-11-27 00:00:00-05:00,8.100206682529382
2007-11-28 00:00:00-05:00,8.289918192289417
2007-11-29 00:00:00-05:00,8.345342396356914
2007-11-30 00:00:00-05:00,8.3922389915424
2007-12-03 00:00:00-05:00,8.313364108546114
2007-12-04 00:00:00-05:00,8.211044244796204
2007-12-05 00:00:00-05:00,8.390103968000984
2007-12-06 00:00:00-05:00,8.159890922826607
2007-12-07 00:00:00-05:00,8.217441221926173
2007-12-10 00:00:00-05:00,8.296309374729208
2007-12-11 00:00:00-05:00,8.4370013030085
2007-12-12 00:00:00-05:00,8.739690938572975
2007-12-13 00:00:00-05:00,8.311234145935455
2007-12-14 00:00:00-05:00,8.245152547385361
2007-12-17 00:00:00-05:00,8.18120799132744
2007-12-18 00:00:00-05:00,7.9914906141973345
2007-12-19 00:00:00-05:00,8.055440060028012
2007-12-20 00:00:00-05:00,8.11726021256236
2007-12-21 00:00:00-05:00,8.326154113245371
2007-12-24 00:00:00-05:00,8.179075652491544
2007-12-26 00:00:00-05:00,8.202520903151534
2007-12-27 00:00:00-05:00,8.174809455871582
2007-12-28 00:00:00-05:00,8.298442321048233
2007-12-31 00:00:00-05:00,8.174809344961567
2008-01-02 00:00:00-05:00,8.20252486279679
2008-01-03 00:00:00-05:00,8.07462633729351
2008-01-04 00:00:00-05:00,7.959516764048073
2008-01-07 00:00:00-05:00,8.055441771605713
2008-01-08 00:00:00-05:00,7.889175368178105
2008-01-09 00:00:00-05:00,7.782589991823711
2008-01-10 00:00:00-05:00,7.818827056907951
2008-01-11 00:00:00-05:00,7.899831744411532
2008-01-14 00:00:00-05:00,7.914749577205264
2008-01-15 00:00:00-05:00,7.857196087707472
2008-01-16 00:00:00-05:00,7.5950088388794414
2008-01-17 00:00:00-05:00,7.661084665614161
2008-01-18 00:00:00-05:00,7.3349463127217565
2008-01-22 00:00:00-05:00,7.20065624726259
2008-01-23 00:00:00-05:00,7.27952577481562
2008-01-24 00:00:00-05:00,7.441526108844911
2008-01-25 00:00:00-05:00,7.582213855338477
2008-01-28 00:00:00-05:00,7.452189347875136
2008-01-29 00:00:00-05:00,7.543847078414101
2008-01-30 00:00:00-05:00,7.580081825629617
2008-01-31 00:00:00-05:00,7.332815426329186
2008-02-01 00:00:00-05:00,7.571560442663714
2008-02-04 00:00:00-05:00,7.865720998096507
2008-02-05 00:00:00-05:00,7.7101110871044805
2008-02-06 00:00:00-05:00,7.65682214894583
2008-02-07 00:00:00-05:00,7.62271711574845
2008-02-08 00:00:00-05:00,7.567295631617357
2008-02-11 00:00:00-05:00,7.680271598655957
2008-02-12 00:00:00-05:00,7.791114811550169
2008-02-13 00:00:00-05:00,7.951291533169788
2008-02-14 00:00:00-05:00,8.036788358917931
2008-02-15 00:00:00-05:00,7.855105228325578
2008-02-19 00:00:00-05:00,7.987624258451428
2008-02-20 00:00:00-05:00,7.855106131343946
2008-02-21 00:00:00-05:00,8.062439531610314
2008-02-22 00:00:00-05:00,7.908544371728183
2008-02-25 00:00:00-05:00,7.872202773588605
2008-02-26 00:00:00-05:00,7.812357843721208
2008-02-27 00:00:00-05:00,8.000453882200697
2008-02-28 00:00:00-05:00,8.145798569955476
2008-02-29 00:00:00-05:00,7.983353427684202
2008-03-03 00:00:00-05:00,7.76319791270159
2008-03-04 00:00:00-05:00,7.842281578807433
2008-03-05 00:00:00-05:00,7.829458648748927
2008-03-06 00:00:00-05:00,7.844415904510111
2008-03-07 00:00:00-05:00,7.619987247186415
2008-03-10 00:00:00-04:00,7.823047983026436
2008-03-11 00:00:00-04:00,7.9128186387221415
2008-03-12 00:00:00-04:00,7.801670868319913
2008-03-13 00:00:00-04:00,7.6157121658750295
2008-03-14 00:00:00-04:00,8.01114074564987
2008-03-17 00:00:00-04:00,7.684109336148197
2008-03-18 00:00:00-04:00,7.9299137011067735
2008-03-19 00:00:00-04:00,8.056022182316374
2008-03-20 00:00:00-04:00,7.983349779457547
2008-03-24 00:00:00-04:00,7.994041192496373
2008-03-25 00:00:00-04:00,8.23557266854018
2008-03-26 00:00:00-04:00,8.034651836202222
2008-03-27 00:00:00-04:00,8.18640826022143
2008-03-28 00:00:00-04:00,7.994038703290488
2008-03-31 00:00:00-04:00,7.923505258850277
2008-04-01 00:00:00-04:00,7.865789515459615
2008-04-02 00:00:00-04:00,8.07953586500413
2008-04-03 00:00:00-04:00,7.959840984208468
2008-04-04 00:00:00-04:00,7.891440701780211
2008-04-07 00:00:00-04:00,8.011139533317325
2008-04-08 00:00:00-04:00,7.9427386534441045
2008-04-09 00:00:00-04:00,8.004726433192618
2008-04-10 00:00:00-04:00,7.743959498058979
2008-04-11 00:00:00-04:00,7.910680997629989
2008-04-14 00:00:00-04:00,7.923504239176825
2008-04-15 00:00:00-04:00,7.9384681174983225
2008-04-16 00:00:00-04:00,8.056023533178323
2008-04-17 00:00:00-04:00,8.16289933187806
2008-04-18 00:00:00-04:00,8.21847485798781
2008-04-21 00:00:00-04:00,8.13511043716407
2008-04-22 00:00:00-04:00,8.000452532507637
2008-04-23 00:00:00-04:00,8.100910607370123
2008-04-24 00:00:00-04:00,8.045342240885377
2008-04-25 00:00:00-04:00,8.177860546121174
2008-04-28 00:00:00-04:00,8.10946279184205
2008-04-29 00:00:00-04:00,8.145800590515137
2008-04-30 00:00:00-04:00,8.154349346569585
2008-05-01 00:00:00-04:00,8.118012350172267
2008-05-02 00:00:00-04:00,8.29969192572699
2008-05-05 00:00:00-04:00,8.143660416249814
2008-05-06 00:00:00-04:00,8.066713713238382
2008-05-07 00:00:00-04:00,8.068851109162619
2008-05-08 00:00:00-04:00,7.799532700935529
2008-05-09 00:00:00-04:00,7.880753906731761
2008-05-12 00:00:00-04:00,7.910680717237777
2008-05-13 00:00:00-04:00,8.20150302108749
2008-05-14 00:00:00-04:00,8.261507214439188
2008-05-15 00:00:00-04:00,8.231503264224092
2008-05-16 00:00:00-04:00,8.267934620144148
2008-05-19 00:00:00-04:00,8.015053749084473
2008-05-20 00:00:00-04:00,8.004339607678688
2008-05-21 00:00:00-04:00,7.967907660940832
2008-05-22 00:00:00-04:00,7.922902462091321
2008-05-23 00:00:00-04:00,7.995768284927842
2008-05-27 00:00:00-04:00,8.079348181557213
2008-05-28 00:00:00-04:00,8.072920131166693
2008-05-29 00:00:00-04:00,7.974334248978528
2008-05-30 00:00:00-04:00,7.940045171040676
2008-06-02 00:00:00-04:00,7.880042400498752
2008-06-03 00:00:00-04:00,7.762174713738785
2008-06-04 00:00:00-04:00,7.691453069001641
2008-06-05 00:00:00-04:00,7.736455184857098
2008-06-06 00:00:00-04:00,7.813602730405827
2008-06-09 00:00:00-04:00,7.687168104456344
2008-06-10 00:00:00-04:00,7.627159036511819
2008-06-11 00:00:00-04:00,7.622876918454708
2008-06-12 00:00:00-04:00,7.507148468519322
2008-06-13 00:00:00-04:00,7.717170633763126
2008-06-16 00:00:00-04:00,7.817893746012295
2008-06-17 00:00:00-04:00,7.877898513471872
2008-06-18 00:00:00-04:00,7.824321943333286
2008-06-19 00:00:00-04:00,7.845752678936375
2008-06-20 00:00:00-04:00,7.78574686357431
2008-06-23 00:00:00-04:00,7.805035819573618
2008-06-24 00:00:00-04:00,7.646446920695004
2008-06-25 00:00:00-04:00,7.622876182513367
2008-06-26 00:00:00-04:00,7.607874749088947
2008-06-27 00:00:00-04:00,7.507149225215853
2008-06-30 00:00:00-04:00,7.537149798646142
2008-07-01 00:00:00-04:00,7.363564176859877
2008-07-02 00:00:00-04:00,7.305701321192528
2008-07-03 00:00:00-04:00,7.350707294324195
2008-07-07 00:00:00-04:00,7.427855899673142
2008-07-08 00:00:00-04:00,7.3507061738525925
2008-07-09 00:00:00-04:00,7.412854090869284
2008-07-10 00:00:00-04:00,7.33141948446001
2008-07-11 00:00:00-04:00,7.271412564041068
2008-07-14 00:00:00-04:00,7.436430196318609
2008-07-15 00:00:00-04:00,7.217835990959429
2008-07-16 00:00:00-04:00,7.4064266024771515
2008-07-17 00:00:00-04:00,7.457858810733179
2008-07-18 00:00:00-04:00,7.505003667333924
2008-07-21 00:00:00-04:00,7.4664329667491245
2008-07-22 00:00:00-04:00,7.425711775873647
2008-07-23 00:00:00-04:00,7.7128852672810355
2008-07-24 00:00:00-04:00,7.689310165463656
2008-07-25 00:00:00-04:00,7.704315141082881
2008-07-28 00:00:00-04:00,7.700026269177629
2008-07-29 00:00:00-04:00,7.706453393447539
2008-07-30 00:00:00-04:00,7.959337485098574
2008-07-31 00:00:00-04:00,7.766457569925594
2008-08-01 00:00:00-04:00,7.955049658528132
2008-08-04 00:00:00-04:00,7.980765490003431
2008-08-05 00:00:00-04:00,8.012913260753894
2008-08-06 00:00:00-04:00,8.05577396544158
2008-08-07 00:00:00-04:00,7.753600409228929
2008-08-08 00:00:00-04:00,7.393569602821555
2008-08-11 00:00:00-04:00,7.487861227700451
2008-08-12 00:00:00-04:00,7.850038339800414
2008-08-13 00:00:00-04:00,7.841530324453496
2008-08-14 00:00:00-04:00,8.034936521716123
2008-08-15 00:00:00-04:00,8.084359497340918
2008-08-18 00:00:00-04:00,8.004851981954403
2008-08-19 00:00:00-04:00,7.912448613777992
2008-08-20 00:00:00-04:00,7.914597981551131
2008-08-21 00:00:00-04:00,7.890961016572376
2008-08-22 00:00:00-04:00,7.878062086789707
2008-08-25 00:00:00-04:00,7.912448951986639
2008-08-26 00:00:00-04:00,7.618041817343962
2008-08-27 00:00:00-04:00,7.734080476908348
2008-08-28 00:00:00-04:00,7.7749142832991405
2008-08-29 00:00:00-04:00,7.985507877139016
2008-09-02 00:00:00-04:00,8.075768118798953
2008-09-03 00:00:00-04:00,7.9575754297448364
2008-09-04 00:00:00-04:00,8.004851446084826
2008-09-05 00:00:00-04:00,7.815745013124566
2008-09-08 00:00:00-04:00,7.97476843127376
2008-09-09 00:00:00-04:00,8.017747938649288
2008-09-10 00:00:00-04:00,7.856573183462863
2008-09-11 00:00:00-04:00,7.865168621678381
2008-09-12 00:00:00-04:00,7.742681259964869
2008-09-15 00:00:00-04:00,7.7104476830558
2008-09-16 00:00:00-04:00,7.7362359494579085
2008-09-17 00:00:00-04:00,7.777065552517873
2008-09-18 00:00:00-04:00,7.858723487096541
2008-09-19 00:00:00-04:00,8.058575630187988
2008-09-22 00:00:00-04:00,8.133790266760794
2008-09-23 00:00:00-04:00,7.923191750200239
2008-09-24 00:00:00-04:00,8.27347104593895
2008-09-25 00:00:00-04:00,8.011296966919819
2008-09-26 00:00:00-04:00,8.097258871240669
2008-09-29 00:00:00-04:00,8.062871222166802
2008-09-30 00:00:00-04:00,7.762018860003174
2008-10-01 00:00:00-04:00,7.734086923917736
2008-10-02 00:00:00-04:00,7.826489585865952
2008-10-03 00:00:00-04:00,7.811445846986654
2008-10-06 00:00:00-04:00,7.392400282554888
2008-10-07 00:00:00-04:00,7.360164305977928
2008-10-08 00:00:00-04:00,6.833673102025239
2008-10-09 00:00:00-04:00,6.870203988439585
2008-10-10 00:00:00-04:00,6.352306383689624
2008-10-13 00:00:00-04:00,7.151720048307499
2008-10-14 00:00:00-04:00,7.113035981023007
2008-10-15 00:00:00-04:00,6.728373103011084
2008-10-16 00:00:00-04:00,6.4833917829224355
2008-10-17 00:00:00-04:00,6.687543938643844
2008-10-20 00:00:00-04:00,6.7778005285796095
2008-10-21 00:00:00-04:00,6.874504903686527
2008-10-22 00:00:00-04:00,6.726224464755569
2008-10-23 00:00:00-04:00,6.56075583631727
2008-10-24 00:00:00-04:00,6.425372535641872
2008-10-27 00:00:00-04:00,6.4103293790411895
2008-10-28 00:00:00-04:00,6.188984861561538
2008-10-29 00:00:00-04:00,6.231966943443107
2008-10-30 00:00:00-04:00,6.238412319166674
2008-10-31 00:00:00-04:00,6.541415947873879
2008-11-03 00:00:00-05:00,6.859460661295803
2008-11-04 00:00:00-05:00,6.97765402339216
2008-11-05 00:00:00-05:00,6.777800521918125
2008-11-06 00:00:00-05:00,6.468352163931194
2008-11-07 00:00:00-05:00,6.4124784483473976
2008-11-10 00:00:00-05:00,6.472647026629501
2008-11-11 00:00:00-05:00,6.242707706259438
2008-11-12 00:00:00-05:00,5.958696233961988
2008-11-13 00:00:00-05:00,6.4223657273511225
2008-11-14 00:00:00-05:00,6.597053352826893
2008-11-17 00:00:00-05:00,6.116129273570504
2008-11-18 00:00:00-05:00,6.355511832535503
2008-11-19 00:00:00-05:00,6.398643170635015
2008-11-20 00:00:00-05:00,5.969478312405172
2008-11-21 00:00:00-05:00,5.984576841345478
2008-11-24 00:00:00-05:00,6.47196971244677
2008-11-25 00:00:00-05:00,6.480595770552808
2008-11-26 00:00:00-05:00,6.489222602952637
2008-11-28 00:00:00-05:00,6.635870280684376
2008-12-01 00:00:00-05:00,6.752325056282135
2008-12-02 00:00:00-05:00,6.553918709086731
2008-12-03 00:00:00-05:00,6.523727019353419
2008-12-04 00:00:00-05:00,6.7760521046887465
2008-12-05 00:00:00-05:00,6.754481554250145
2008-12-08 00:00:00-05:00,7.274226000569613
2008-12-09 00:00:00-05:00,7.30010287777055
2008-12-10 00:00:00-05:00,7.285008443322726
2008-12-11 00:00:00-05:00,7.304417305840875
2008-12-12 00:00:00-05:00,7.164239107246889
2008-12-15 00:00:00-05:00,7.278536691599793
2008-12-16 00:00:00-05:00,7.412248531830839
2008-12-17 00:00:00-05:00,7.302261622484097
2008-12-18 00:00:00-05:00,7.386367987341737
2008-12-19 00:00:00-05:00,7.483415557340156
2008-12-22 00:00:00-05:00,7.552428639124152
2008-12-23 00:00:00-05:00,7.502826254402942
2008-12-24 00:00:00-05:00,7.4144039040748035
2008-12-26 00:00:00-05:00,7.425187790520226
2008-12-29 00:00:00-05:00,7.427344282124938
2008-12-30 00:00:00-05:00,7.4683199781516825
2008-12-31 00:00:00-05:00,7.522234680271031
2009-01-02 00:00:00-05:00,7.582623024502049
2009-01-05 00:00:00-05:00,7.763776781203338
2009-01-06 00:00:00-05:00,7.955713872016507
2009-01-07 00:00:00-05:00,7.908266114364931
2009-01-08 00:00:00-05:00,7.871605026878394
2009-01-09 00:00:00-05:00,7.923362734402855
2009-01-12 00:00:00-05:00,7.696918134001291
2009-01-13 00:00:00-05:00,7.789654996818456
2009-01-14 00:00:00-05:00,7.759461981753592
2009-01-15 00:00:00-05:00,7.586930502294054
2009-01-16 00:00:00-05:00,7.871603310042098
2009-01-20 00:00:00-05:00,7.7637759170567415
2009-01-21 00:00:00-05:00,7.692606490285289
2009-01-22 00:00:00-05:00,7.852195577779856
2009-01-23 00:00:00-05:00,7.677510576723104
2009-01-26 00:00:00-05:00,7.897485337055992
2009-01-27 00:00:00-05:00,8.070014627679068
2009-01-28 00:00:00-05:00,8.35899643413153
2009-01-29 00:00:00-05:00,8.227444963338227
2009-01-30 00:00:00-05:00,8.05707018131721
2009-02-02 00:00:00-05:00,7.975117879822394
2009-02-03 00:00:00-05:00,8.076483519351795
2009-02-04 00:00:00-05:00,8.087264419645962
2009-02-05 00:00:00-05:00,7.925516914643807
2009-02-06 00:00:00-05:00,8.15412099649208
2009-02-09 00:00:00-05:00,8.141179800133262
2009-02-10 00:00:00-05:00,8.255480837206512
2009-02-11 00:00:00-05:00,8.175966054846489
2009-02-12 00:00:00-05:00,7.987742694352762
2009-02-13 00:00:00-05:00,8.132699012756348
2009-02-17 00:00:00-05:00,7.790862869279072
2009-02-18 00:00:00-05:00,7.9336555753985545
2009-02-19 00:00:00-05:00,7.918510150657426
2009-02-20 00:00:00-05:00,7.734609627205355
2009-02-23 00:00:00-05:00,7.842784200450135
2009-02-24 00:00:00-05:00,7.782209385739487
2009-02-25 00:00:00-05:00,7.851437240219471
2009-02-26 00:00:00-05:00,7.831965827026516
2009-02-27 00:00:00-05:00,7.637251953361136
2009-03-02 00:00:00-05:00,7.866584495808429
2009-03-03 00:00:00-05:00,7.836296094958905
2009-03-04 00:00:00-05:00,7.384117865861786
2009-03-05 00:00:00-05:00,7.301904138396768
2009-03-06 00:00:00-05:00,7.301904292372562
2009-03-09 00:00:00-04:00,7.262959753062384
2009-03-10 00:00:00-04:00,7.308395227273822
2009-03-11 00:00:00-04:00,7.371136055291315
2009-03-12 00:00:00-04:00,7.247815430202356
2009-03-13 00:00:00-04:00,7.524748659172818
2009-03-16 00:00:00-04:00,7.572341671809803
2009-03-17 00:00:00-04:00,7.542055806379532
2009-03-18 00:00:00-04:00,7.866583636359024
2009-03-19 00:00:00-04:00,8.195443140505295
2009-03-20 00:00:00-04:00,8.011539127152233
2009-03-23 00:00:00-04:00,8.15000520201909
2009-03-24 00:00:00-04:00,8.201931896115806
2009-03-25 00:00:00-04:00,8.104571157866609
2009-03-26 00:00:00-04:00,8.448573566101201
2009-03-27 00:00:00-04:00,8.630312638085497
2009-03-30 00:00:00-04:00,8.3230889705664
2009-03-31 00:00:00-04:00,8.548094460460549
2009-04-01 00:00:00-04:00,8.504826200109534
2009-04-02 00:00:00-04:00,8.816373205688722
2009-04-03 00:00:00-04:00,8.636799776195499
2009-04-06 00:00:00-04:00,8.36635579285903
2009-04-07 00:00:00-04:00,8.563243021097712
2009-04-08 00:00:00-04:00,8.191111973754902
2009-04-09 00:00:00-04:00,8.394484992250785
2009-04-13 00:00:00-04:00,8.357706147018035
2009-04-14 00:00:00-04:00,8.34472477933142
2009-04-15 00:00:00-04:00,8.152169871152212
2009-04-16 00:00:00-04:00,8.323090941983113
2009-04-17 00:00:00-04:00,8.385833249237624
2009-04-20 00:00:00-04:00,8.364195086174215
2009-04-21 00:00:00-04:00,8.316602619272867
2009-04-22 00:00:00-04:00,8.478863028416903
2009-04-23 00:00:00-04:00,8.366357411990844
2009-04-24 00:00:00-04:00,8.439917341613658
2009-04-27 00:00:00-04:00,8.407463176747425
2009-04-28 00:00:00-04:00,8.489680102551523
2009-04-29 00:00:00-04:00,8.876953811124217
2009-04-30 00:00:00-04:00,8.978636159242274
2009-05-01 00:00:00-04:00,8.690889083435218
2009-05-04 00:00:00-04:00,8.883439691619786
2009-05-05 00:00:00-04:00,9.108450205203544
2009-05-06 00:00:00-04:00,9.060850139127469
2009-05-07 00:00:00-04:00,8.957000344176922
2009-05-08 00:00:00-04:00,9.335618830408286
2009-05-11 00:00:00-04:00,9.246912901091157
2009-05-12 00:00:00-04:00,9.378888707812907
2009-05-13 00:00:00-04:00,9.346296321824829
2009-05-14 00:00:00-04:00,9.307248112193431
2009-05-15 00:00:00-04:00,9.237823291751864
2009-05-18 00:00:00-04:00,9.333283389912378
2009-05-19 00:00:00-04:00,9.456943115685311
2009-05-20 00:00:00-04:00,9.300739235977538
2009-05-21 00:00:00-04:00,9.131520013082595
2009-05-22 00:00:00-04:00,9.101143811406368
2009-05-26 00:00:00-04:00,8.962298323403799
2009-05-27 00:00:00-04:00,9.036057917254467
2009-05-28 00:00:00-04:00,8.94276960039548
2009-05-29 00:00:00-04:00,8.751851720548457
2009-06-01 00:00:00-04:00,8.771377023347576
2009-06-02 00:00:00-04:00,8.621678233226934
2009-06-03 00:00:00-04:00,8.506694718443372
2009-06-04 00:00:00-04:00,8.526219181818295
2009-06-05 00:00:00-04:00,8.413405485686708
2009-06-08 00:00:00-04:00,8.487171725826585
2009-06-09 00:00:00-04:00,8.576120775729809
2009-06-10 00:00:00-04:00,8.55659659968942
2009-06-11 00:00:00-04:00,8.458967208862305
2009-06-12 00:00:00-04:00,8.422084659026991
2009-06-15 00:00:00-04:00,8.380864760107706
2009-06-16 00:00:00-04:00,8.378691312135357
2009-06-17 00:00:00-04:00,8.300591635683842
2009-06-18 00:00:00-04:00,8.36351091323453
2009-06-19 00:00:00-04:00,8.606493953347568
2009-06-22 00:00:00-04:00,8.383030319549546
2009-06-23 00:00:00-04:00,8.30059071807571
2009-06-24 00:00:00-04:00,8.309268627058001
2009-06-25 00:00:00-04:00,8.493676419496765
2009-06-26 00:00:00-04:00,8.660732002250047
2009-06-29 00:00:00-04:00,8.892873723009446
2009-06-30 00:00:00-04:00,8.929752147515396
2009-07-01 00:00:00-04:00,8.979649677312137
2009-07-02 00:00:00-04:00,9.029552179605291
2009-07-06 00:00:00-04:00,8.95361482758913
2009-07-07 00:00:00-04:00,8.901546771126341
2009-07-08 00:00:00-04:00,8.81693642138077
2009-07-09 00:00:00-04:00,8.73232439156781
2009-07-10 00:00:00-04:00,8.593475994588891
2009-07-13 00:00:00-04:00,8.632529902588322
2009-07-14 00:00:00-04:00,8.812593884576605
2009-07-15 00:00:00-04:00,8.884190984210154
2009-07-16 00:00:00-04:00,9.153211447673389
2009-07-17 00:00:00-04:00,9.272536454324676
2009-07-20 00:00:00-04:00,9.235659141994821
2009-07-21 00:00:00-04:00,9.2703674581978
2009-07-22 00:00:00-04:00,9.170567491056618
2009-07-23 00:00:00-04:00,9.179246060151977
2009-07-24 00:00:00-04:00,9.235656922936387
2009-07-27 00:00:00-04:00,9.294233132142452
2009-07-28 00:00:00-04:00,9.181416984285086
2009-07-29 00:00:00-04:00,9.155381780046644
2009-07-30 00:00:00-04:00,9.233482649506271
2009-07-31 00:00:00-04:00,9.2812132819599
2009-08-03 00:00:00-04:00,9.266025573988527
2009-08-04 00:00:00-04:00,9.285551712512596
2009-08-05 00:00:00-04:00,9.42439857519256
2009-08-06 00:00:00-04:00,8.48282983391693
2009-08-07 00:00:00-04:00,9.198772801675881
2009-08-10 00:00:00-04:00,9.309415356863765
2009-08-11 00:00:00-04:00,9.105481083552249
2009-08-12 00:00:00-04:00,9.04692712837637
2009-08-13 00:00:00-04:00,9.016460993315777
2009-08-14 00:00:00-04:00,9.04039415060201
2009-08-17 00:00:00-04:00,8.700976017078112
2009-08-18 00:00:00-04:00,8.735785875072278
2009-08-19 00:00:00-04:00,8.692267420955925
2009-08-20 00:00:00-04:00,8.80976366760283
2009-08-21 00:00:00-04:00,8.859809073921538
2009-08-24 00:00:00-04:00,9.057805359047544
2009-08-25 00:00:00-04:00,9.070860802592156
2009-08-26 00:00:00-04:00,9.073031761629414
2009-08-27 00:00:00-04:00,9.10131984882346
2009-08-28 00:00:00-04:00,9.214463527011862
2009-08-31 00:00:00-04:00,9.116549454398653
2009-09-01 00:00:00-04:00,9.038223756132915
2009-09-02 00:00:00-04:00,8.9947022274627
2009-09-03 00:00:00-04:00,8.944667066145245
2009-09-04 00:00:00-04:00,9.068681276968029
2009-09-08 00:00:00-04:00,9.186172228736401
2009-09-09 00:00:00-04:00,9.144834968737111
2009-09-10 00:00:00-04:00,9.170942340531267
2009-09-11 00:00:00-04:00,9.112199926951543
2009-09-14 00:00:00-04:00,9.138310660442503
2009-09-15 00:00:00-04:00,9.153541338043937
2009-09-16 00:00:00-04:00,9.223161562916006
2009-09-17 00:00:00-04:00,9.401580622998564
2009-09-18 00:00:00-04:00,9.708362672679248
2009-09-21 00:00:00-04:00,9.801924249953753
2009-09-22 00:00:00-04:00,9.917244886527525
2009-09-23 00:00:00-04:00,9.954226810157557
2009-09-24 00:00:00-04:00,10.25231149580749
2009-09-25 00:00:00-04:00,10.321936399993508
2009-09-28 00:00:00-04:00,10.276246085901752
2009-09-29 00:00:00-04:00,10.495999020666387
2009-09-30 00:00:00-04:00,10.38068126845233
2009-10-01 00:00:00-04:00,10.06301651391505
2009-10-02 00:00:00-04:00,10.104355399321076
2009-10-05 00:00:00-04:00,10.31758580912801
2009-10-06 00:00:00-04:00,10.226203781186213
2009-10-07 00:00:00-04:00,10.324112773987126
2009-10-08 00:00:00-04:00,10.40461175858712
2009-10-09 00:00:00-04:00,10.428550510540648
2009-10-12 00:00:00-04:00,10.552572018207874
2009-10-13 00:00:00-04:00,10.44595727540938
2009-10-14 00:00:00-04:00,10.530814242600723
2009-10-15 00:00:00-04:00,10.593909288442575
2009-10-16 00:00:00-04:00,10.43290395194072
2009-10-19 00:00:00-04:00,10.441601761600003
2009-10-20 00:00:00-04:00,10.380681148515643
2009-10-21 00:00:00-04:00,10.326288524604214
2009-10-22 00:00:00-04:00,10.29147729772064
2009-10-23 00:00:00-04:00,10.465536529887832
2009-10-26 00:00:00-04:00,10.271897184551369
2009-10-27 00:00:00-04:00,10.256662539498038
2009-10-28 00:00:00-04:00,10.106531422359282
2009-10-29 00:00:00-04:00,10.134819084464514
2009-10-30 00:00:00-04:00,10.036909485769913
2009-11-02 00:00:00-05:00,10.141350095444096
2009-11-03 00:00:00-05:00,10.078251233022517
2009-11-04 00:00:00-05:00,10.130465432341731
2009-11-05 00:00:00-05:00,10.154404407778898
2009-11-06 00:00:00-05:00,10.136995577813599
2009-11-09 00:00:00-05:00,10.282770952793435
2009-11-10 00:00:00-05:00,10.14777936314514
2009-11-11 00:00:00-05:00,10.158689773982355
2009-11-12 00:00:00-05:00,9.995079819038425
2009-11-13 00:00:00-05:00,9.731135656736177
2009-11-16 00:00:00-05:00,9.796574600730597
2009-11-17 00:00:00-05:00,10.005989859281959
2009-11-18 00:00:00-05:00,10.136871704450996
2009-11-19 00:00:00-05:00,10.226303856958861
2009-11-20 00:00:00-05:00,10.062705543335534
2009-11-23 00:00:00-05:00,10.250300976722388
2009-11-24 00:00:00-05:00,10.361558680753577
2009-11-25 00:00:00-05:00,10.326644994401345
2009-11-27 00:00:00-05:00,9.905642787963073
2009-11-30 00:00:00-05:00,10.008171046747961
2009-12-01 00:00:00-05:00,10.163046232279104
2009-12-02 00:00:00-05:00,10.187042253037557
2009-12-03 00:00:00-05:00,10.195767105775225
2009-12-04 00:00:00-05:00,10.10633248285165
2009-12-07 00:00:00-05:00,10.28520778755206
2009-12-08 00:00:00-05:00,10.256848997210584
2009-12-09 00:00:00-05:00,10.40081996699953
2009-12-10 00:00:00-05:00,10.365919062141632
2009-12-11 00:00:00-05:00,10.30047611362631
2009-12-14 00:00:00-05:00,10.32665282607083
2009-12-15 00:00:00-05:00,10.348466132920814
2009-12-16 00:00:00-05:00,10.335377381135293
2009-12-17 00:00:00-05:00,10.320104722627676
2009-12-18 00:00:00-05:00,10.26775267225804
2009-12-21 00:00:00-05:00,10.335374995929577
2009-12-22 00:00:00-05:00,10.834908500406268
2009-12-23 00:00:00-05:00,11.101038932800293
2009-12-24 00:00:00-05:00,11.135940253873924
2009-12-28 00:00:00-05:00,11.109764165302247
2009-12-29 00:00:00-05:00,11.125036808810675
2009-12-30 00:00:00-05:00,11.153395791890555
2009-12-31 00:00:00-05:00,11.118488706985953
2010-01-04 00:00:00-05:00,10.983242474294837
2010-01-05 00:00:00-05:00,11.029057714102045
2010-01-06 00:00:00-05:00,11.101043708780448
2010-01-07 00:00:00-05:00,11.146848250743659
2010-01-08 00:00:00-05:00,11.03996279000902
2010-01-11 00:00:00-05:00,11.015972693767498
2010-01-12 00:00:00-05:00,10.96143442365064
2010-01-13 00:00:00-05:00,11.033417471650148
2010-01-14 00:00:00-05:00,11.05304987064807
2010-01-15 00:00:00-05:00,11.046507592135928
2010-01-19 00:00:00-05:00,10.957071943623099
2010-01-20 00:00:00-05:00,10.898170726636344
2010-01-21 00:00:00-05:00,10.839276929922184
2010-01-22 00:00:00-05:00,10.797830428280461
2010-01-25 00:00:00-05:00,10.634224153246372
2010-01-26 00:00:00-05:00,10.55569571432382
2010-01-27 00:00:00-05:00,10.481527501933778
2010-01-28 00:00:00-05:00,10.599320291989736
2010-01-29 00:00:00-05:00,10.485894193984063
2010-02-01 00:00:00-05:00,10.446626604696478
2010-02-02 00:00:00-05:00,10.4684419631958
2010-02-03 00:00:00-05:00,10.468437818720767
2010-02-04 00:00:00-05:00,11.018150042524326
2010-02-05 00:00:00-05:00,11.358445519734266
2010-02-08 00:00:00-05:00,11.864523091362813
2010-02-09 00:00:00-05:00,11.86234055154989
2010-02-10 00:00:00-05:00,11.879749063091104
2010-02-11 00:00:00-05:00,11.989062959225292
2010-02-12 00:00:00-05:00,12.074319841905533
2010-02-16 00:00:00-05:00,12.292938709034617
2010-02-17 00:00:00-05:00,12.268890504774095
2010-02-18 00:00:00-05:00,12.524678465797567
2010-02-19 00:00:00-05:00,12.483139974629585
2010-02-22 00:00:00-05:00,12.46127674797744
2010-02-23 00:00:00-05:00,12.651475663818426
2010-02-24 00:00:00-05:00,12.679893852076082
2010-02-25 00:00:00-05:00,12.588078615104315
2010-02-26 00:00:00-05:00,12.64273131618425
2010-03-01 00:00:00-05:00,12.651472482925616
2010-03-02 00:00:00-05:00,13.055918108421638
2010-03-03 00:00:00-05:00,13.169602516684213
2010-03-04 00:00:00-05:00,13.132440084235718
2010-03-05 00:00:00-05:00,13.16960203443996
2010-03-08 00:00:00-05:00,13.195832339683465
2010-03-09 00:00:00-05:00,13.044991158916037
2010-03-10 00:00:00-05:00,13.405708909328158
2010-03-11 00:00:00-05:00,13.355426551666971
2010-03-12 00:00:00-05:00,13.552186040708268
2010-03-15 00:00:00-04:00,13.294219265929685
2010-03-16 00:00:00-04:00,13.259234429503314
2010-03-17 00:00:00-04:00,13.340125669372084
2010-03-18 00:00:00-04:00,13.366360564370746
2010-03-19 00:00:00-04:00,13.226442337036133
2010-03-22 00:00:00-04:00,13.176160316897816
2010-03-23 00:00:00-04:00,13.410084929929365
2010-03-24 00:00:00-04:00,13.475670023790153
2010-03-25 00:00:00-04:00,13.276725053122568
2010-03-26 00:00:00-04:00,13.324823956543527
2010-03-29 00:00:00-04:00,13.388220676367554
2010-03-30 00:00:00-04:00,13.200209470618672
2010-03-31 00:00:00-04:00,13.300774094469132
2010-04-01 00:00:00-04:00,13.276725645627648
2010-04-05 00:00:00-04:00,13.305148466228818
2010-04-06 00:00:00-04:00,13.276721495144834
2010-04-07 00:00:00-04:00,13.40571140346095
2010-04-08 00:00:00-04:00,13.525951386064975
2010-04-09 00:00:00-04:00,13.480039241435135
2010-04-12 00:00:00-04:00,13.587162971880167
2010-04-13 00:00:00-04:00,13.563115117482921
2010-04-14 00:00:00-04:00,13.698659171177193
2010-04-15 00:00:00-04:00,13.873555045285977
2010-04-16 00:00:00-04:00,14.033146986281613
2010-04-19 00:00:00-04:00,13.921649694322646
2010-04-20 00:00:00-04:00,13.917280197143555
2010-04-21 00:00:00-04:00,13.904163821210643
2010-04-22 00:00:00-04:00,13.912904383330764
2010-04-23 00:00:00-04:00,13.960995871579739
2010-04-26 00:00:00-04:00,14.199293011170054
2010-04-27 00:00:00-04:00,14.1555721829659
2010-04-28 00:00:00-04:00,13.92821085838761
2010-04-29 00:00:00-04:00,13.947886079553324
2010-04-30 00:00:00-04:00,14.151203664724022
2010-05-03 00:00:00-04:00,13.622141003964908
2010-05-04 00:00:00-04:00,13.556558150109348
2010-05-05 00:00:00-04:00,13.383852282690027
2010-05-06 00:00:00-04:00,13.252676960398817
2010-05-07 00:00:00-04:00,13.29421462807576
2010-05-10 00:00:00-04:00,13.232999802229445
2010-05-11 00:00:00-04:00,13.180533713507543
2010-05-12 00:00:00-04:00,13.549985021270132
2010-05-13 00:00:00-04:00,13.641983904099956
2010-05-14 00:00:00-04:00,13.644174400525078
2010-05-17 00:00:00-04:00,13.685793182994841
2010-05-18 00:00:00-04:00,13.87635726272023
2010-05-19 00:00:00-04:00,13.694552926226022
2010-05-20 00:00:00-04:00,13.45142141488052
2010-05-21 00:00:00-04:00,12.868761615050197
2010-05-24 00:00:00-04:00,13.083426698945694
2010-05-25 00:00:00-04:00,12.879714031678231
2010-05-26 00:00:00-04:00,13.142566175371737
2010-05-27 00:00:00-04:00,13.21704169988284
2010-05-28 00:00:00-04:00,13.335324510606549
2010-06-01 00:00:00-04:00,13.065901078654736
2010-06-02 00:00:00-04:00,12.951999908541378
2010-06-03 00:00:00-04:00,13.278370447085983
2010-06-04 00:00:00-04:00,13.317801729979012
2010-06-07 00:00:00-04:00,12.989236349265077
2010-06-08 00:00:00-04:00,12.691335678100586
2010-06-09 00:00:00-04:00,12.757052918219062
2010-06-10 00:00:00-04:00,12.897238360091254
2010-06-11 00:00:00-04:00,13.074662878302576
2010-06-14 00:00:00-04:00,13.355042094305682
2010-06-15 00:00:00-04:00,13.24113588501198
2010-06-16 00:00:00-04:00,13.230183625933963
2010-06-17 00:00:00-04:00,13.420755122101902
2010-06-18 00:00:00-04:00,13.442658445678454
2010-06-21 00:00:00-04:00,13.58941219265707
2010-06-22 00:00:00-04:00,13.600370981221165
2010-06-23 00:00:00-04:00,13.2608525906032
2010-06-24 00:00:00-04:00,13.188564520399007
2010-06-25 00:00:00-04:00,13.122854470862716
2010-06-28 00:00:00-04:00,13.089993923017985
2010-06-29 00:00:00-04:00,13.03523610062153
2010-06-30 00:00:00-04:00,12.820572599364466
2010-07-01 00:00:00-04:00,12.654105904667466
2010-07-02 00:00:00-04:00,12.630007450323784
2010-07-06 00:00:00-04:00,12.669432097576175
2010-07-07 00:00:00-04:00,12.46572568075331
2010-07-08 00:00:00-04:00,12.684766554866522
2010-07-09 00:00:00-04:00,12.776766564180773
2010-07-12 00:00:00-04:00,12.811812448956546
2010-07-13 00:00:00-04:00,12.958570425908153
2010-07-14 00:00:00-04:00,13.315613132976235
2010-07-15 00:00:00-04:00,13.252089790718445
2010-07-16 00:00:00-04:00,13.092185992046453
2010-07-19 00:00:00-04:00,12.700098051403852
2010-07-20 00:00:00-04:00,12.73514767618274
2010-07-21 00:00:00-04:00,13.098757495750519
2010-07-22 00:00:00-04:00,12.993612605006646
2010-07-23 00:00:00-04:00,13.026473767253862
2010-07-26 00:00:00-04:00,13.398849630821063
2010-07-27 00:00:00-04:00,13.578464069020708
2010-07-28 00:00:00-04:00,13.47989541171426
2010-07-29 00:00:00-04:00,13.361608432004548
2010-07-30 00:00:00-04:00,13.02866108039012
2010-08-02 00:00:00-04:00,13.337515632587927
2010-08-03 00:00:00-04:00,13.201706393377822
2010-08-04 00:00:00-04:00,13.09875939474845
2010-08-05 00:00:00-04:00,12.649722793916412
2010-08-06 00:00:00-04:00,12.778954276227383
2010-08-09 00:00:00-04:00,12.901619543911162
2010-08-10 00:00:00-04:00,12.910377197291513
2010-08-11 00:00:00-04:00,12.715434365750324
2010-08-12 00:00:00-04:00,12.171471301104631
2010-08-13 00:00:00-04:00,12.336097717285156
2010-08-16 00:00:00-04:00,12.270245743328141
2010-08-17 00:00:00-04:00,12.621454071424058
2010-08-18 00:00:00-04:00,12.79047226315749
2010-08-19 00:00:00-04:00,12.665351223098893
2010-08-20 00:00:00-04:00,12.491948296962361
2010-08-23 00:00:00-04:00,12.643399568089139
2010-08-24 00:00:00-04:00,12.28561497618526
2010-08-25 00:00:00-04:00,12.261463662988684
2010-08-26 00:00:00-04:00,12.364632089041873
2010-08-27 00:00:00-04:00,12.309757197861726
2010-08-30 00:00:00-04:00,12.191224825647375
2010-08-31 00:00:00-04:00,11.853190794384618
2010-09-01 00:00:00-04:00,11.947579130314926
2010-09-02 00:00:00-04:00,12.024401751703284
2010-09-03 00:00:00-04:00,12.257080275239728
2010-09-07 00:00:00-04:00,12.362437102587478
2010-09-08 00:00:00-04:00,12.39097273930248
2010-09-09 00:00:00-04:00,12.408531760375606
2010-09-10 00:00:00-04:00,12.318540009000964
2010-09-13 00:00:00-04:00,12.419503139929862
2010-09-14 00:00:00-04:00,12.472189778901619
2010-09-15 00:00:00-04:00,12.4656044669914
2010-09-16 00:00:00-04:00,12.566579639278482
2010-09-17 00:00:00-04:00,12.59511130093425
2010-09-20 00:00:00-04:00,12.65876663947059
2010-09-21 00:00:00-04:00,13.07363042905703
2010-09-22 00:00:00-04:00,12.963876948109565
2010-09-23 00:00:00-04:00,12.805835400915829
2010-09-24 00:00:00-04:00,12.902415289338759
2010-09-27 00:00:00-04:00,13.091191428385804
2010-09-28 00:00:00-04:00,13.15703782234835
2010-09-29 00:00:00-04:00,13.189966776672208
2010-09-30 00:00:00-04:00,13.536784279020114
2010-10-01 00:00:00-04:00,13.48849030715025
2010-10-04 00:00:00-04:00,13.339229659935036
2010-10-05 00:00:00-04:00,13.376543509622218
2010-10-06 00:00:00-04:00,13.413858135600432
2010-10-07 00:00:00-04:00,13.50166036807412
2010-10-08 00:00:00-04:00,13.585069498767826
2010-10-11 00:00:00-04:00,13.545561741804423
2010-10-12 00:00:00-04:00,13.473127388239236
2010-10-13 00:00:00-04:00,13.565316338592668
2010-10-14 00:00:00-04:00,13.578488040724206
2010-10-15 00:00:00-04:00,13.762869334867032
2010-10-18 00:00:00-04:00,13.872622268879347
2010-10-19 00:00:00-04:00,13.784821614911971
2010-10-20 00:00:00-04:00,13.587267667752988
2010-10-21 00:00:00-04:00,13.585071296200464
2010-10-22 00:00:00-04:00,13.427028356270963
2010-10-25 00:00:00-04:00,13.36557157658094
2010-10-26 00:00:00-04:00,13.301911117438758
2010-10-27 00:00:00-04:00,13.301917467223843
2010-10-28 00:00:00-04:00,13.38971363405884
2010-10-29 00:00:00-04:00,13.157040420938
2010-11-01 00:00:00-04:00,13.315080494821729
2010-11-02 00:00:00-04:00,13.146064943878688
2010-11-03 00:00:00-04:00,13.37654367463599
2010-11-04 00:00:00-04:00,13.664092241209879
2010-11-05 00:00:00-04:00,13.760672674589534
2010-11-08 00:00:00-05:00,13.679460188545377
2010-11-09 00:00:00-05:00,13.822133367722676
2010-11-10 00:00:00-05:00,13.495223912889166
2010-11-11 00:00:00-05:00,13.631583956295051
2010-11-12 00:00:00-05:00,12.848612769383426
2010-11-15 00:00:00-05:00,13.33247257568252
2010-11-16 00:00:00-05:00,13.215905065568165
2010-11-17 00:00:00-05:00,13.330270815578269
2010-11-18 00:00:00-05:00,13.31267558827776
2010-11-19 00:00:00-05:00,13.343467364193279
2010-11-22 00:00:00-05:00,13.314875934230729
2010-11-23 00:00:00-05:00,13.303877027897551
2010-11-24 00:00:00-05:00,13.407247528738122
2010-11-26 00:00:00-05:00,13.545807222069044
2010-11-29 00:00:00-05:00,13.501820463386437
2010-11-30 00:00:00-05:00,13.28848186280961
2010-12-01 00:00:00-05:00,13.591994710985379
2010-12-02 00:00:00-05:00,13.796531980334887
2010-12-03 00:00:00-05:00,14.012073417448851
2010-12-06 00:00:00-05:00,14.102248121784333
2010-12-07 00:00:00-05:00,14.295789105131291
2010-12-08 00:00:00-05:00,14.383762443790395
2010-12-09 00:00:00-05:00,14.619092658062417
2010-12-10 00:00:00-05:00,14.559709533994825
2010-12-13 00:00:00-05:00,14.680671738932016
2010-12-14 00:00:00-05:00,14.45634129211985
2010-12-15 00:00:00-05:00,14.597098581601623
2010-12-16 00:00:00-05:00,14.612493311619554
2010-12-17 00:00:00-05:00,14.748849645796962
2010-12-20 00:00:00-05:00,14.847824986071425
2010-12-21 00:00:00-05:00,14.874213791167676
2010-12-22 00:00:00-05:00,14.933600380189072
2010-12-23 00:00:00-05:00,14.786239877287757
2010-12-27 00:00:00-05:00,14.531119619502164
2010-12-28 00:00:00-05:00,14.817036217566384
2010-12-29 00:00:00-05:00,14.845624942309467
2010-12-30 00:00:00-05:00,14.68946617072044
2010-12-31 00:00:00-05:00,14.623488553082975
2011-01-03 00:00:00-05:00,14.531114315038138
2011-01-04 00:00:00-05:00,14.65647729548007
2011-01-05 00:00:00-05:00,14.275991590503468
2011-01-06 00:00:00-05:00,14.478336712962545
2011-01-07 00:00:00-05:00,14.240803725949226
2011-01-10 00:00:00-05:00,13.987876841032165
2011-01-11 00:00:00-05:00,14.19901373944331
2011-01-12 00:00:00-05:00,14.436543276214694
2011-01-13 00:00:00-05:00,14.280393529180573
2011-01-14 00:00:00-05:00,14.273795572529464
2011-01-18 00:00:00-05:00,14.603698149061012
2011-01-19 00:00:00-05:00,14.454138219656151
2011-01-20 00:00:00-05:00,14.108843422967922
2011-01-21 00:00:00-05:00,14.368366111929765
2011-01-24 00:00:00-05:00,14.271596915897959
2011-01-25 00:00:00-05:00,14.368371219184509
2011-01-26 00:00:00-05:00,14.489329134664082
2011-01-27 00:00:00-05:00,14.594901582552902
2011-01-28 00:00:00-05:00,14.883016153627498
2011-01-31 00:00:00-05:00,14.770851341817758
2011-02-01 00:00:00-05:00,14.966590674897681
2011-02-02 00:00:00-05:00,15.04796931627956
2011-02-03 00:00:00-05:00,15.067756998786033
2011-02-04 00:00:00-05:00,15.162332940392323
2011-02-07 00:00:00-05:00,15.26570415857461
2011-02-08 00:00:00-05:00,15.351479741764477
2011-02-09 00:00:00-05:00,15.441650623447867
2011-02-10 00:00:00-05:00,15.366866055043902
2011-02-11 00:00:00-05:00,15.428395262619567
2011-02-14 00:00:00-05:00,15.677460328169728
2011-02-15 00:00:00-05:00,15.668640404915353
2011-02-16 00:00:00-05:00,15.94634707008158
2011-02-17 00:00:00-05:00,16.005859050769804
2011-02-18 00:00:00-05:00,16.12708136598696
2011-02-22 00:00:00-05:00,16.420220637722796
2011-02-23 00:00:00-05:00,16.32545136786999
2011-02-24 00:00:00-05:00,16.087414273105107
2011-02-25 00:00:00-05:00,16.089613618263268
2011-02-28 00:00:00-05:00,16.354098997991674
2011-03-01 00:00:00-05:00,16.321036604316426
2011-03-02 00:00:00-05:00,15.997048141727646
2011-03-03 00:00:00-05:00,16.17336937663679
2011-03-04 00:00:00-05:00,16.65164588919078
2011-03-07 00:00:00-05:00,16.638417996747354
2011-03-08 00:00:00-05:00,16.3739365895919
2011-03-09 00:00:00-05:00,16.739814459616596
2011-03-10 00:00:00-05:00,16.5767097420475
2011-03-11 00:00:00-05:00,16.089614637522605
2011-03-14 00:00:00-04:00,16.067577135786582
2011-03-15 00:00:00-04:00,15.792073002567934
2011-03-16 00:00:00-04:00,15.906672856822688
2011-03-17 00:00:00-04:00,16.448869877087056
2011-03-18 00:00:00-04:00,16.354097261595975
2011-03-21 00:00:00-04:00,16.667074890240368
2011-03-22 00:00:00-04:00,17.094663643056325
2011-03-23 00:00:00-04:00,17.196048227034158
2011-03-24 00:00:00-04:00,17.27539732139707
2011-03-25 00:00:00-04:00,17.30405219004251
2011-03-28 00:00:00-04:00,17.46935583141198
2011-03-29 00:00:00-04:00,17.44510669157298
2011-03-30 00:00:00-04:00,17.65449391276272
2011-03-31 00:00:00-04:00,17.683147271637853
2011-04-01 00:00:00-04:00,17.91016357551581
2011-04-04 00:00:00-04:00,18.247388137605988
2011-04-05 00:00:00-04:00,17.758081243486593
2011-04-06 00:00:00-04:00,17.718407347682454
2011-04-07 00:00:00-04:00,17.707392686793476
2011-04-08 00:00:00-04:00,17.69857317108906
2011-04-11 00:00:00-04:00,17.442901777188574
2011-04-12 00:00:00-04:00,17.26437365478412
2011-04-13 00:00:00-04:00,17.28641233182243
2011-04-14 00:00:00-04:00,17.05278378027346
2011-04-15 00:00:00-04:00,17.187231353495218
2011-04-18 00:00:00-04:00,17.29303522321168
2011-04-19 00:00:00-04:00,17.147564908304638
2011-04-20 00:00:00-04:00,17.24454444617147
2011-04-21 00:00:00-04:00,17.52224892723332
2011-04-25 00:00:00-04:00,17.45391823711783
2011-04-26 00:00:00-04:00,17.47155616769612
2011-04-27 00:00:00-04:00,17.73384081310553
2011-04-28 00:00:00-04:00,17.75587671638641
2011-04-29 00:00:00-04:00,17.6765359245774
2011-05-02 00:00:00-04:00,17.69416646578253
2011-05-03 00:00:00-04:00,17.361349433253235
2011-05-04 00:00:00-04:00,17.143154540989972
2011-05-05 00:00:00-04:00,16.909521411151307
2011-05-06 00:00:00-04:00,17.63245506157142
2011-05-09 00:00:00-04:00,17.579550546042608
2011-05-10 00:00:00-04:00,18.417092785605
2011-05-11 00:00:00-04:00,18.663859719209885
2011-05-12 00:00:00-04:00,18.504886653992383
2011-05-13 00:00:00-04:00,18.606448468637208
2011-05-16 00:00:00-04:00,18.39228473742246
2011-05-17 00:00:00-04:00,17.875623664846703
2011-05-18 00:00:00-04:00,17.994846931452138
2011-05-19 00:00:00-04:00,18.226692151505613
2011-05-20 00:00:00-04:00,18.270839450772222
2011-05-23 00:00:00-04:00,17.99926647347838
2011-05-24 00:00:00-04:00,17.913149113868208
2011-05-25 00:00:00-04:00,17.674694832936726
2011-05-26 00:00:00-04:00,17.78729760569164
2011-05-27 00:00:00-04:00,18.065498154489458
2011-05-31 00:00:00-04:00,18.27967570229317
2011-06-01 00:00:00-04:00,18.478390146377038
2011-06-02 00:00:00-04:00,18.11408090761965
2011-06-03 00:00:00-04:00,17.63053592308456
2011-06-06 00:00:00-04:00,17.641575225320512
2011-06-07 00:00:00-04:00,17.374412111674395
2011-06-08 00:00:00-04:00,17.032177362720077
2011-06-09 00:00:00-04:00,16.96372823837311
2011-06-10 00:00:00-04:00,16.957114054830768
2011-06-13 00:00:00-04:00,16.7672251918551
2011-06-14 00:00:00-04:00,16.877621978160697
2011-06-15 00:00:00-04:00,17.03438363376298
2011-06-16 00:00:00-04:00,17.109457429305127
2011-06-17 00:00:00-04:00,17.261804617064367
2011-06-20 00:00:00-04:00,17.272850085712076
2011-06-21 00:00:00-04:00,17.54662999361568
2011-06-22 00:00:00-04:00,17.69898191356033
2011-06-23 00:00:00-04:00,17.53117168520782
2011-06-24 00:00:00-04:00,17.74755148222534
2011-06-27 00:00:00-04:00,17.67027818021809
2011-06-28 00:00:00-04:00,17.824839366648295
2011-06-29 00:00:00-04:00,18.237721775539494
2011-06-30 00:00:00-04:00,18.288507225648
2011-07-01 00:00:00-04:00,18.32162536702567
2011-07-05 00:00:00-04:00,18.348119208130154
2011-07-06 00:00:00-04:00,18.339295696146337
2011-07-07 00:00:00-04:00,18.643980325295544
2011-07-08 00:00:00-04:00,18.46734666024089
2011-07-11 00:00:00-04:00,18.56008100078668
2011-07-12 00:00:00-04:00,18.268639280095414
2011-07-13 00:00:00-04:00,18.242135481992044
2011-07-14 00:00:00-04:00,18.3392918621459
2011-07-15 00:00:00-04:00,18.087581397469684
2011-07-18 00:00:00-04:00,18.039002888111416
2011-07-19 00:00:00-04:00,17.959519870976465
2011-07-20 00:00:00-04:00,18.33928324753805
2011-07-21 00:00:00-04:00,18.003676422333434
2011-07-22 00:00:00-04:00,17.924204319067563
2011-07-25 00:00:00-04:00,17.796133942329458
2011-07-26 00:00:00-04:00,17.73430850391583
2011-07-27 00:00:00-04:00,17.52235170718258
2011-07-28 00:00:00-04:00,17.177905209609364
2011-07-29 00:00:00-04:00,16.84671021854665
2011-08-01 00:00:00-04:00,17.226481130791814
2011-08-02 00:00:00-04:00,17.067505853876543
2011-08-03 00:00:00-04:00,17.023342264841617
2011-08-04 00:00:00-04:00,16.820212171812926
2011-08-05 00:00:00-04:00,17.10284277792126
2011-08-08 00:00:00-04:00,16.79371601196786
2011-08-09 00:00:00-04:00,16.647993902559556
2011-08-10 00:00:00-04:00,16.859958699006754
2011-08-11 00:00:00-04:00,16.28584784415149
2011-08-12 00:00:00-04:00,17.038385089858465
2011-08-15 00:00:00-04:00,17.19774675076282
2011-08-16 00:00:00-04:00,17.149049550304543
2011-08-17 00:00:00-04:00,17.122493163609196
2011-08-18 00:00:00-04:00,16.586865278761763
2011-08-19 00:00:00-04:00,16.14861734461771
2011-08-22 00:00:00-04:00,16.54259571015757
2011-08-23 00:00:00-04:00,16.343391535375826
2011-08-24 00:00:00-04:00,16.648837771520284
2011-08-25 00:00:00-04:00,16.560305655220933
2011-08-26 00:00:00-04:00,16.091075062482968
2011-08-29 00:00:00-04:00,16.47176802590655
2011-08-30 00:00:00-04:00,16.414215392181944
2011-08-31 00:00:00-04:00,16.600143223880025
2011-09-01 00:00:00-04:00,16.47176170397353
2011-09-02 00:00:00-04:00,16.12648502034646
2011-09-06 00:00:00-04:00,15.674959853512886
2011-09-07 00:00:00-04:00,15.83432200662961
2011-09-08 00:00:00-04:00,15.750212774122659
2011-09-09 00:00:00-04:00,15.489043918836519
2011-09-12 00:00:00-04:00,14.988820434617809
2011-09-13 00:00:00-04:00,15.028663675804408
2011-09-14 00:00:00-04:00,15.148187935357962
2011-09-15 00:00:00-04:00,15.294259071350098
2011-09-16 00:00:00-04:00,15.400504219588425
2011-09-19 00:00:00-04:00,15.08178389399735
2011-09-20 00:00:00-04:00,15.117198225089759
2011-09-21 00:00:00-04:00,14.745350786416083
2011-09-22 00:00:00-04:00,13.890997368333357
2011-09-23 00:00:00-04:00,13.966250626483937
2011-09-26 00:00:00-04:00,14.315964257307348
2011-09-27 00:00:00-04:00,14.86044553014604
2011-09-28 00:00:00-04:00,15.095061840713663
2011-09-29 00:00:00-04:00,15.568717241490873
2011-09-30 00:00:00-04:00,15.54658315003749
2011-10-03 00:00:00-04:00,15.254424235215135
2011-10-04 00:00:00-04:00,14.944549221457384
2011-10-05 00:00:00-04:00,15.865305605763778
2011-10-06 00:00:00-04:00,15.714802847016577
2011-10-07 00:00:00-04:00,15.97155239998264
2011-10-10 00:00:00-04:00,15.89629625292088
2011-10-11 00:00:00-04:00,16.06451509865359
2011-10-12 00:00:00-04:00,16.28141424186022
2011-10-13 00:00:00-04:00,16.356670645637667
2011-10-14 00:00:00-04:00,16.790494671879813
2011-10-17 00:00:00-04:00,16.87459553869332
2011-10-18 00:00:00-04:00,16.41864600074728
2011-10-19 00:00:00-04:00,16.529313894963348
2011-10-20 00:00:00-04:00,16.343393652267803
2011-10-21 00:00:00-04:00,16.49832522018088
2011-10-24 00:00:00-04:00,16.85246771610242
2011-10-25 00:00:00-04:00,17.197748240212942
2011-10-26 00:00:00-04:00,17.268577874161913
2011-10-27 00:00:00-04:00,17.80421062259551
2011-10-28 00:00:00-04:00,18.260155748841814
2011-10-31 00:00:00-04:00,17.96799604225568
2011-11-01 00:00:00-04:00,17.44564632109542
2011-11-02 00:00:00-04:00,17.985701685412202
2011-11-03 00:00:00-04:00,17.94143743490849
2011-11-04 00:00:00-04:00,18.003405830826612
2011-11-07 00:00:00-05:00,18.047672671140678
2011-11-08 00:00:00-05:00,18.043251443753434
2011-11-09 00:00:00-05:00,17.844050727996805
2011-11-10 00:00:00-05:00,18.73570106403735
2011-11-11 00:00:00-05:00,18.60260183953833
2011-11-14 00:00:00-05:00,18.7623282867454
2011-11-15 00:00:00-05:00,18.438448965433704
2011-11-16 00:00:00-05:00,18.509438267716316
2011-11-17 00:00:00-05:00,18.03915776719472
2011-11-18 00:00:00-05:00,17.95485624395219
2011-11-21 00:00:00-05:00,17.475713417432893
2011-11-22 00:00:00-05:00,17.293816528609106
2011-11-23 00:00:00-05:00,17.094157368271038
2011-11-25 00:00:00-05:00,16.81909511592189
2011-11-28 00:00:00-05:00,17.178459537156677
2011-11-29 00:00:00-05:00,17.3869734446934
2011-11-30 00:00:00-05:00,18.40295727678807
2011-12-01 00:00:00-05:00,18.451751961421554
2011-12-02 00:00:00-05:00,18.72239414743113
2011-12-05 00:00:00-05:00,18.802251265400912
2011-12-06 00:00:00-05:00,18.64252892104079
2011-12-07 00:00:00-05:00,18.615914159937017
2011-12-08 00:00:00-05:00,18.367467959461475
2011-12-09 00:00:00-05:00,18.238805032778544
2011-12-12 00:00:00-05:00,18.380773264458067
2011-12-13 00:00:00-05:00,18.593723763264723
2011-12-14 00:00:00-05:00,17.950420761018606
2011-12-15 00:00:00-05:00,17.9282454157146
2011-12-16 00:00:00-05:00,18.021415108469693
2011-12-19 00:00:00-05:00,18.056905716379163
2011-12-20 00:00:00-05:00,18.110142473595513
2011-12-21 00:00:00-05:00,18.19000028587027
2011-12-22 00:00:00-05:00,18.327534653730016
2011-12-23 00:00:00-05:00,18.31422335760537
2011-12-27 00:00:00-05:00,18.18999972975398
2011-12-28 00:00:00-05:00,18.425142362818196
2011-12-29 00:00:00-05:00,18.283174026260525
2011-12-30 00:00:00-05:00,18.38964847439377
2012-01-03 00:00:00-05:00,18.664711772822734
2012-01-04 00:00:00-05:00,18.40739220951882
2012-01-05 00:00:00-05:00,18.57154740500408
2012-01-06 00:00:00-05:00,19.228164029111785
2012-01-09 00:00:00-05:00,19.383437964568135
2012-01-10 00:00:00-05:00,19.578651046738678
2012-01-11 00:00:00-05:00,19.720620484886698
2012-01-12 00:00:00-05:00,19.70287586281824
2012-01-13 00:00:00-05:00,19.623020099641725
2012-01-17 00:00:00-05:00,19.995685832467707
2012-01-18 00:00:00-05:00,19.738363541551276
2012-01-19 00:00:00-05:00,19.623011006030435
2012-01-20 00:00:00-05:00,19.45886493138161
2012-01-23 00:00:00-05:00,19.57865201212736
2012-01-24 00:00:00-05:00,19.764991737325506
2012-01-25 00:00:00-05:00,20.079985387590035
2012-01-26 00:00:00-05:00,20.266320328651577
2012-01-27 00:00:00-05:00,20.00456135119856
2012-01-30 00:00:00-05:00,20.084422197462
2012-01-31 00:00:00-05:00,20.008999382669856
2012-02-01 00:00:00-05:00,20.09329323599133
2012-02-02 00:00:00-05:00,20.221959551116015
2012-02-03 00:00:00-05:00,20.41716428570286
2012-02-06 00:00:00-05:00,19.964634823437148
2012-02-07 00:00:00-05:00,19.99568974814764
2012-02-08 00:00:00-05:00,20.057806314008346
2012-02-09 00:00:00-05:00,19.969068268876242
2012-02-10 00:00:00-05:00,19.68513528085863
2012-02-13 00:00:00-05:00,19.77417737524464
2012-02-14 00:00:00-05:00,19.760836570371396
2012-02-15 00:00:00-05:00,19.64969833570544
2012-02-16 00:00:00-05:00,19.28960309787878
2012-02-17 00:00:00-05:00,19.471875321249975
2012-02-21 00:00:00-05:00,19.520783239007866
2012-02-22 00:00:00-05:00,19.214032109053786
2012-02-23 00:00:00-05:00,19.00508421083642
2012-02-24 00:00:00-05:00,19.0762196646096
2012-02-27 00:00:00-05:00,18.893944429451267
2012-02-28 00:00:00-05:00,18.79613830428892
2012-02-29 00:00:00-05:00,18.67610279198138
2012-03-01 00:00:00-05:00,18.569414617944357
2012-03-02 00:00:00-05:00,18.39158510154712
2012-03-05 00:00:00-05:00,17.915903851651166
2012-03-06 00:00:00-05:00,18.11595748711998
2012-03-07 00:00:00-05:00,18.080394074021825
2012-03-08 00:00:00-05:00,18.080389433695224
2012-03-09 00:00:00-05:00,18.2226551312311
2012-03-12 00:00:00-04:00,18.449383189606618
2012-03-13 00:00:00-04:00,18.60497872764541
2012-03-14 00:00:00-04:00,18.9784090831133
2012-03-15 00:00:00-04:00,18.75613281990495
2012-03-16 00:00:00-04:00,18.933951566912555
2012-03-19 00:00:00-04:00,18.965073539520617
2012-03-20 00:00:00-04:00,18.805027747047685
2012-03-21 00:00:00-04:00,18.578304073745173
2012-03-22 00:00:00-04:00,18.267110326572187
2012-03-23 00:00:00-04:00,18.12929502729624
2012-03-26 00:00:00-04:00,18.298227989818887
2012-03-27 00:00:00-04:00,18.578309765761663
2012-03-28 00:00:00-04:00,18.4004758080995
2012-03-29 00:00:00-04:00,18.160411826632124
2012-03-30 00:00:00-04:00,18.413815390724764
2012-04-02 00:00:00-04:00,18.000374547273584
2012-04-03 00:00:00-04:00,18.31156502798294
2012-04-04 00:00:00-04:00,18.213770250121428
2012-04-05 00:00:00-04:00,18.062606500848457
2012-04-09 00:00:00-04:00,17.79142182514141
2012-04-10 00:00:00-04:00,17.813655998198527
2012-04-11 00:00:00-04:00,17.911457615253738
2012-04-12 00:00:00-04:00,17.880341917615777
2012-04-13 00:00:00-04:00,18.018154558153764
2012-04-16 00:00:00-04:00,17.960363031228127
2012-04-17 00:00:00-04:00,18.124843814156204
2012-04-18 00:00:00-04:00,18.427152456575655
2012-04-19 00:00:00-04:00,18.436038426754052
2012-04-20 00:00:00-04:00,18.73834020720929
2012-04-23 00:00:00-04:00,18.898389384146444
2012-04-24 00:00:00-04:00,19.17845975764155
2012-04-25 00:00:00-04:00,19.391849167197737
2012-04-26 00:00:00-04:00,19.294049724381882
2012-04-27 00:00:00-04:00,19.3118263594637
2012-04-30 00:00:00-04:00,19.80530091328711
2012-05-01 00:00:00-04:00,19.645252718018476
2012-05-02 00:00:00-04:00,19.44520430771792
2012-05-03 00:00:00-04:00,19.849752202057907
2012-05-04 00:00:00-04:00,20.34766921231906
2012-05-07 00:00:00-04:00,20.66331519090266
2012-05-08 00:00:00-04:00,20.752220733429258
2012-05-09 00:00:00-04:00,20.689980818311376
2012-05-10 00:00:00-04:00,20.79666956587189
2012-05-11 00:00:00-04:00,20.823211306661896
2012-05-14 00:00:00-04:00,20.734122718672424
2012-05-15 00:00:00-04:00,20.827664630907073
2012-05-16 00:00:00-04:00,21.02364882090112
2012-05-17 00:00:00-04:00,20.898934388095302
2012-05-18 00:00:00-04:00,20.573782346950853
2012-05-21 00:00:00-04:00,20.506966364558874
2012-05-22 00:00:00-04:00,20.627232952642157
2012-05-23 00:00:00-04:00,20.50250891672026
2012-05-24 00:00:00-04:00,20.73413262706223
2012-05-25 00:00:00-04:00,20.738587633858806
2012-05-29 00:00:00-04:00,20.59605463352209
2012-05-30 00:00:00-04:00,20.506965818593386
2012-05-31 00:00:00-04:00,20.34216154409248
2012-06-01 00:00:00-04:00,19.941289676214208
2012-06-04 00:00:00-04:00,19.89674186706543
2012-06-05 00:00:00-04:00,19.798751989337703
2012-06-06 00:00:00-04:00,19.927926217694434
2012-06-07 00:00:00-04:00,20.400069168317454
2012-06-08 00:00:00-04:00,20.12390847436789
2012-06-11 00:00:00-04:00,20.529240187056168
2012-06-12 00:00:00-04:00,20.257532815453416
2012-06-13 00:00:00-04:00,20.212991840259463
2012-06-14 00:00:00-04:00,20.0570943300529
2012-06-15 00:00:00-04:00,20.06155393382231
2012-06-18 00:00:00-04:00,20.132807985701376
2012-06-19 00:00:00-04:00,20.146182635496643
2012-06-20 00:00:00-04:00,20.159540628365985
2012-06-21 00:00:00-04:00,20.128361170602375
2012-06-22 00:00:00-04:00,19.812119941224672
2012-06-25 00:00:00-04:00,19.98137306001528
2012-06-26 00:00:00-04:00,20.132812767745563
2012-06-27 00:00:00-04:00,20.074912118353527
2012-06-28 00:00:00-04:00,19.776484487248528
2012-06-29 00:00:00-04:00,22.08819933514522
2012-07-02 00:00:00-04:00,23.085925890887054
2012-07-03 00:00:00-04:00,23.500159776114323
2012-07-05 00:00:00-04:00,23.61596749854901
2012-07-06 00:00:00-04:00,23.264097038861465
2012-07-09 00:00:00-04:00,23.166101718113485
2012-07-10 00:00:00-04:00,22.765226056846263
2012-07-11 00:00:00-04:00,22.591515103475047
2012-07-12 00:00:00-04:00,22.480164495780407
2012-07-13 00:00:00-04:00,22.747409214367675
2012-07-16 00:00:00-04:00,22.78304274189717
2012-07-17 00:00:00-04:00,23.188373714956313
2012-07-18 00:00:00-04:00,23.259637766683138
2012-07-19 00:00:00-04:00,23.183920908180465
2012-07-20 00:00:00-04:00,22.60041958442139
2012-07-23 00:00:00-04:00,21.967934106207792
2012-07-24 00:00:00-04:00,22.048109537629056
2012-07-25 00:00:00-04:00,21.856577528408177
2012-07-26 00:00:00-04:00,22.043651953178365
2012-07-27 00:00:00-04:00,22.33316936797342
2012-07-30 00:00:00-04:00,23.201741686702896
2012-07-31 00:00:00-04:00,22.57815495650267
2012-08-01 00:00:00-04:00,22.52915400999385
2012-08-02 00:00:00-04:00,22.27081667287324
2012-08-03 00:00:00-04:00,22.3866209985581
2012-08-06 00:00:00-04:00,22.622692984966008
2012-08-07 00:00:00-04:00,22.783046895057282
2012-08-08 00:00:00-04:00,23.60261063023985
2012-08-09 00:00:00-04:00,23.629340776566355
2012-08-10 00:00:00-04:00,23.656064849503142
2012-08-13 00:00:00-04:00,23.673779187343623
2012-08-14 00:00:00-04:00,23.557773397936124
2012-08-15 00:00:00-04:00,23.539928142100656
2012-08-16 00:00:00-04:00,23.56669690236363
2012-08-17 00:00:00-04:00,23.553319342751216
2012-08-20 00:00:00-04:00,23.58454719071392
2012-08-21 00:00:00-04:00,23.584549175731876
2012-08-22 00:00:00-04:00,23.624705653943064
2012-08-23 00:00:00-04:00,23.455150211764572
2012-08-24 00:00:00-04:00,23.473005540982637
2012-08-27 00:00:00-04:00,24.25826105658455
2012-08-28 00:00:00-04:00,23.914705150184435
2012-08-29 00:00:00-04:00,24.155643444347696
2012-08-30 00:00:00-04:00,24.29841566135027
2012-08-31 00:00:00-04:00,24.2270355570301
2012-09-04 00:00:00-04:00,24.343040381418724
2012-09-05 00:00:00-04:00,24.726740743217345
2012-09-06 00:00:00-04:00,25.030133505124137
2012-09-07 00:00:00-04:00,25.458462017023404
2012-09-10 00:00:00-04:00,25.342457775561787
2012-09-11 00:00:00-04:00,25.43169273813041
2012-09-12 00:00:00-04:00,25.320141353765
2012-09-13 00:00:00-04:00,25.06137129999331
2012-09-14 00:00:00-04:00,25.659234065205737
2012-09-17 00:00:00-04:00,25.614620980591774
2012-09-18 00:00:00-04:00,25.699391525133535
2012-09-19 00:00:00-04:00,26.145559492878668
2012-09-20 00:00:00-04:00,26.13217094383786
2012-09-21 00:00:00-04:00,26.35079957804145
2012-09-24 00:00:00-04:00,26.404340380800697
2012-09-25 00:00:00-04:00,26.31510690454176
2012-09-26 00:00:00-04:00,26.042935380261646
2012-09-27 00:00:00-04:00,25.87786179881985
2012-09-28 00:00:00-04:00,26.17678584712036
2012-10-01 00:00:00-04:00,26.810356518242823
2012-10-02 00:00:00-04:00,26.78804626477063
2012-10-03 00:00:00-04:00,26.788041082690235
2012-10-04 00:00:00-04:00,26.524807546092465
2012-10-05 00:00:00-04:00,26.0875554173649
2012-10-08 00:00:00-04:00,25.9403129410046
2012-10-09 00:00:00-04:00,25.944783551352646
2012-10-10 00:00:00-04:00,25.587844848632812
2012-10-11 00:00:00-04:00,25.77524246136944
2012-10-12 00:00:00-04:00,25.619081263399472
2012-10-15 00:00:00-04:00,25.43168668885476
2012-10-16 00:00:00-04:00,25.739546450973585
2012-10-17 00:00:00-04:00,25.78862507106896
2012-10-18 00:00:00-04:00,25.846620173200748
2012-10-19 00:00:00-04:00,25.364761183005495
2012-10-22 00:00:00-04:00,25.06582865329764
2012-10-23 00:00:00-04:00,25.0747565832197
2012-10-24 00:00:00-04:00,25.07475085201787
2012-10-25 00:00:00-04:00,25.02567966351133
2012-10-26 00:00:00-04:00,25.08367669862145
2012-10-31 00:00:00-04:00,24.55273705092156
2012-11-01 00:00:00-04:00,24.72227331728404
2012-11-02 00:00:00-04:00,24.829360285623604
2012-11-05 00:00:00-05:00,24.45011042536288
2012-11-06 00:00:00-05:00,24.57950793979311
2012-11-07 00:00:00-05:00,25.1595244532989
2012-11-08 00:00:00-05:00,26.346335513042412
2012-11-09 00:00:00-05:00,25.708312842402336
2012-11-12 00:00:00-05:00,25.76185081135517
2012-11-13 00:00:00-05:00,26.091940112207233
2012-11-14 00:00:00-05:00,26.01149968709267
2012-11-15 00:00:00-05:00,25.073111499790066
2012-11-16 00:00:00-05:00,25.573582870862356
2012-11-19 00:00:00-05:00,26.498578288788902
2012-11-20 00:00:00-05:00,26.31090031857199
2012-11-21 00:00:00-05:00,26.923087917378112
2012-11-23 00:00:00-05:00,27.200142031375194
2012-11-26 00:00:00-05:00,27.606779098510742
2012-11-27 00:00:00-05:00,27.633594261355615
2012-11-28 00:00:00-05:00,27.441445048476766
2012-11-29 00:00:00-05:00,27.932990658375235
2012-11-30 00:00:00-05:00,28.19662895235901
2012-12-03 00:00:00-05:00,28.259191639460344
2012-12-04 00:00:00-05:00,28.071505607644344
2012-12-05 00:00:00-05:00,28.21897730630281
2012-12-06 00:00:00-05:00,28.0581045196223
2012-12-07 00:00:00-05:00,28.451334515365016
2012-12-10 00:00:00-05:00,28.330689531281116
2012-12-11 00:00:00-05:00,28.51389107408539
2012-12-12 00:00:00-05:00,28.7775423590319
2012-12-13 00:00:00-05:00,28.3530269353587
2012-12-14 00:00:00-05:00,28.487084875318818
2012-12-17 00:00:00-05:00,28.165348623935103
2012-12-18 00:00:00-05:00,28.290466480279466
2012-12-19 00:00:00-05:00,28.38431489967481
2012-12-20 00:00:00-05:00,28.062573490677476
2012-12-21 00:00:00-05:00,27.937454280219246
2012-12-24 00:00:00-05:00,28.013418018447823
2012-12-26 00:00:00-05:00,28.06257072569346
2012-12-27 00:00:00-05:00,27.714020496728757
2012-12-28 00:00:00-05:00,27.55762341591281
2012-12-31 00:00:00-05:00,27.553155428575373
2013-01-02 00:00:00-05:00,28.84456809195517
2013-01-03 00:00:00-05:00,28.88031622404445
2013-01-04 00:00:00-05:00,28.737326074517657
2013-01-07 00:00:00-05:00,28.889264624379393
2013-01-08 00:00:00-05:00,28.688169438638287
2013-01-09 00:00:00-05:00,28.710513549378486
2013-01-10 00:00:00-05:00,29.121627698640797
2013-01-11 00:00:00-05:00,29.170781914618946
2013-01-14 00:00:00-05:00,29.742756373029145
2013-01-15 00:00:00-05:00,29.876802041050087
2013-01-16 00:00:00-05:00,30.16280528120532
2013-01-17 00:00:00-05:00,30.346004791837352
2013-01-18 00:00:00-05:00,30.73029704241915
2013-01-22 00:00:00-05:00,31.24418902432015
2013-01-23 00:00:00-05:00,31.21738542824243
2013-01-24 00:00:00-05:00,31.141411029511247
2013-01-25 00:00:00-05:00,31.556995170047333
2013-01-28 00:00:00-05:00,31.601679782108874
2013-01-29 00:00:00-05:00,30.83307395809522
2013-01-30 00:00:00-05:00,30.001921353390994
2013-01-31 00:00:00-05:00,30.337071593553798
2013-02-01 00:00:00-05:00,30.855431539834292
2013-02-04 00:00:00-05:00,30.788399982907816
2013-02-05 00:00:00-05:00,30.439852888170364
2013-02-06 00:00:00-05:00,30.372823693149147
2013-02-07 00:00:00-05:00,31.726802550089086
2013-02-08 00:00:00-05:00,32.02171863628225
2013-02-11 00:00:00-05:00,32.20044872955328
2013-02-12 00:00:00-05:00,31.950224334046123
2013-02-13 00:00:00-05:00,31.9502000075201
2013-02-14 00:00:00-05:00,32.169436103297706
2013-02-15 00:00:00-05:00,32.43340481424803
2013-02-19 00:00:00-05:00,32.30813862517396
2013-02-20 00:00:00-05:00,32.7600253516088
2013-02-21 00:00:00-05:00,31.87860511464095
2013-02-22 00:00:00-05:00,31.950197258447087
2013-02-25 00:00:00-05:00,32.478143105122925
2013-02-26 00:00:00-05:00,32.14257497604689
2013-02-27 00:00:00-05:00,32.65265761425934
2013-02-28 00:00:00-05:00,32.294720528347305
2013-03-01 00:00:00-05:00,32.24548110490811
2013-03-04 00:00:00-05:00,33.1090087890625
2013-03-05 00:00:00-05:00,33.24771482803299
2013-03-06 00:00:00-05:00,33.346131587361576
2013-03-07 00:00:00-05:00,33.592229264271346
2013-03-08 00:00:00-05:00,34.56758090313524
2013-03-11 00:00:00-04:00,33.99491819561732
2013-03-12 00:00:00-04:00,34.04410936693712
2013-03-13 00:00:00-04:00,34.08885205805978
2013-03-14 00:00:00-04:00,34.37966663096006
2013-03-15 00:00:00-04:00,34.28572297512418
2013-03-18 00:00:00-04:00,33.74433377355467
2013-03-19 00:00:00-04:00,34.334936154665364
2013-03-20 00:00:00-04:00,34.52731568718044
2013-03-21 00:00:00-04:00,34.254394537861764
2013-03-22 00:00:00-04:00,34.51391170942657
2013-03-25 00:00:00-04:00,35.22530696522775
2013-03-26 00:00:00-04:00,35.851694725017616
2013-03-27 00:00:00-04:00,35.39532732975015
2013-03-28 00:00:00-04:00,35.79352761751099
2013-04-01 00:00:00-04:00,35.68165793964138
2013-04-02 00:00:00-04:00,36.10670979226855
2013-04-03 00:00:00-04:00,35.90537663698196
2013-04-04 00:00:00-04:00,35.81142310280434
2013-04-05 00:00:00-04:00,35.51165077397153
2013-04-08 00:00:00-04:00,35.42215415355914
2013-04-09 00:00:00-04:00,35.932219425032635
2013-04-10 00:00:00-04:00,35.274514698648694
2013-04-11 00:00:00-04:00,35.672712821834196
2013-04-12 00:00:00-04:00,35.56982773421795
2013-04-15 00:00:00-04:00,35.07765899391018
2013-04-16 00:00:00-04:00,33.98594751531975
2013-04-17 00:00:00-04:00,33.963575123635906
2013-04-18 00:00:00-04:00,34.13807136921501
2013-04-19 00:00:00-04:00,33.493788544088154
2013-04-22 00:00:00-04:00,35.30582842878444
2013-04-23 00:00:00-04:00,35.31030321711512
2013-04-24 00:00:00-04:00,35.86512199936607
2013-04-25 00:00:00-04:00,35.73536129701566
2013-04-26 00:00:00-04:00,35.520596390749404
2013-04-29 00:00:00-04:00,35.11792548836643
2013-04-30 00:00:00-04:00,35.346103082700374
2013-05-01 00:00:00-04:00,35.65931623013708
2013-05-02 00:00:00-04:00,34.90762582515919
2013-05-03 00:00:00-04:00,34.62574905595555
2013-05-06 00:00:00-04:00,34.32599805482185
2013-05-07 00:00:00-04:00,34.42441298071168
2013-05-08 00:00:00-04:00,34.898704798658564
2013-05-09 00:00:00-04:00,34.634716262472274
2013-05-10 00:00:00-04:00,34.674971508638045
2013-05-13 00:00:00-04:00,34.352704205546225
2013-05-14 00:00:00-04:00,33.958513576164236
2013-05-15 00:00:00-04:00,34.28550838503945
2013-05-16 00:00:00-04:00,34.55875687380456
2013-05-17 00:00:00-04:00,34.84096375476607
2013-05-20 00:00:00-04:00,34.590105816693914
2013-05-21 00:00:00-04:00,33.78830244139821
2013-05-22 00:00:00-04:00,33.73455738851574
2013-05-23 00:00:00-04:00,32.51166885932731
2013-05-24 00:00:00-04:00,32.68189427983996
2013-05-28 00:00:00-04:00,33.13878884492767
2013-05-29 00:00:00-04:00,33.17911672108783
2013-05-30 00:00:00-04:00,33.05815864040538
2013-05-31 00:00:00-04:00,33.331410028946124
2013-06-03 00:00:00-04:00,33.43442015540811
2013-06-04 00:00:00-04:00,33.57777478382601
2013-06-05 00:00:00-04:00,33.03575893210493
2013-06-06 00:00:00-04:00,32.81627045626207
2013-06-07 00:00:00-04:00,33.246294447316046
2013-06-10 00:00:00-04:00,33.125344123778014
2013-06-11 00:00:00-04:00,32.57437156116961
2013-06-12 00:00:00-04:00,32.33248870388486
2013-06-13 00:00:00-04:00,31.875597230473762
2013-06-14 00:00:00-04:00,32.62365549168366
2013-06-17 00:00:00-04:00,33.26868342960862
2013-06-18 00:00:00-04:00,34.133216069153896
2013-06-19 00:00:00-04:00,34.39301260906803
2013-06-20 00:00:00-04:00,34.02570407921175
2013-06-21 00:00:00-04:00,34.491570863481144
2013-06-24 00:00:00-04:00,34.18250457481039
2013-06-25 00:00:00-04:00,34.101859941411085
2013-06-26 00:00:00-04:00,34.07050467562611
2013-06-27 00:00:00-04:00,33.37171580529833
2013-06-28 00:00:00-04:00,33.64943386582268
2013-07-01 00:00:00-04:00,33.801737261552745
2013-07-02 00:00:00-04:00,33.4792072857203
2013-07-03 00:00:00-04:00,31.49035646321758
2013-07-05 00:00:00-04:00,32.63707697340093
2013-07-08 00:00:00-04:00,32.404152556689965
2013-07-09 00:00:00-04:00,32.852103253927446
2013-07-10 00:00:00-04:00,31.91142795900833
2013-07-11 00:00:00-04:00,32.296648523626004
2013-07-12 00:00:00-04:00,31.669538036758762
2013-07-15 00:00:00-04:00,31.794961159676074
2013-07-16 00:00:00-04:00,32.242913295208226
2013-07-17 00:00:00-04:00,32.49374073947034
2013-07-18 00:00:00-04:00,32.87897042453413
2013-07-19 00:00:00-04:00,33.12086751269269
2013-07-22 00:00:00-04:00,33.59570076178132
2013-07-23 00:00:00-04:00,34.04364340971656
2013-07-24 00:00:00-04:00,33.81070006198935
2013-07-25 00:00:00-04:00,33.78381613783956
2013-07-26 00:00:00-04:00,33.98091216416553
2013-07-29 00:00:00-04:00,33.84653357371492
2013-07-30 00:00:00-04:00,33.67631262999385
2013-07-31 00:00:00-04:00,33.23733723610062
2013-08-01 00:00:00-04:00,33.86444911278197
2013-08-02 00:00:00-04:00,33.79278877273544
2013-08-05 00:00:00-04:00,33.16565630459231
2013-08-06 00:00:00-04:00,33.45235253857336
2013-08-07 00:00:00-04:00,33.4523526801824
2013-08-08 00:00:00-04:00,34.124273257134604
2013-08-09 00:00:00-04:00,33.92716876324088
2013-08-12 00:00:00-04:00,34.84095947534293
2013-08-13 00:00:00-04:00,35.43672556710839
2013-08-14 00:00:00-04:00,35.90311330530437
2013-08-15 00:00:00-04:00,35.19456201407282
2013-08-16 00:00:00-04:00,34.76405110035625
2013-08-19 00:00:00-04:00,34.80888987326891
2013-08-20 00:00:00-04:00,34.360439893441594
2013-08-21 00:00:00-04:00,34.77301425859211
2013-08-22 00:00:00-04:00,34.30662114847478
2013-08-23 00:00:00-04:00,34.23487050002405
2013-08-26 00:00:00-04:00,34.261777166122975
2013-08-27 00:00:00-04:00,33.83125228073233
2013-08-28 00:00:00-04:00,33.337966701230926
2013-08-29 00:00:00-04:00,33.60704077952274
2013-08-30 00:00:00-04:00,34.08240275292812
2013-09-03 00:00:00-04:00,34.00166875250676
2013-09-04 00:00:00-04:00,33.6339416737753
2013-09-05 00:00:00-04:00,34.01961278480934
2013-09-06 00:00:00-04:00,34.584679107292416
2013-09-09 00:00:00-04:00,34.48600667749095
2013-09-10 00:00:00-04:00,34.95239600845067
2013-09-11 00:00:00-04:00,35.48156898923379
2013-09-12 00:00:00-04:00,35.33806711625138
2013-09-13 00:00:00-04:00,35.1945665798649
2013-09-16 00:00:00-04:00,35.87620983218333
2013-09-17 00:00:00-04:00,36.47713910860225
2013-09-18 00:00:00-04:00,37.55341625082606
2013-09-19 00:00:00-04:00,38.13640106308594
2013-09-20 00:00:00-04:00,38.889804160535235
2013-09-23 00:00:00-04:00,38.36063686039467
2013-09-24 00:00:00-04:00,38.360637615225684
2013-09-25 00:00:00-04:00,39.302380529391165
2013-09-26 00:00:00-04:00,38.64764237098746
2013-09-27 00:00:00-04:00,40.2889757490182
2013-09-30 00:00:00-04:00,39.75980840127539
2013-10-01 00:00:00-04:00,40.405568374929196
2013-10-02 00:00:00-04:00,41.86755106925807
2013-10-03 00:00:00-04:00,41.750932995800994
2013-10-04 00:00:00-04:00,41.69714977539575
2013-10-07 00:00:00-04:00,41.688141630207646
2013-10-08 00:00:00-04:00,41.46392784150511
2013-10-09 00:00:00-04:00,40.70155186116109
2013-10-10 00:00:00-04:00,40.56702336955797
2013-10-11 00:00:00-04:00,41.750929568991616
2013-10-14 00:00:00-04:00,41.52671324412289
2013-10-15 00:00:00-04:00,42.190419451173604
2013-10-16 00:00:00-04:00,42.62990168472591
2013-10-17 00:00:00-04:00,42.73754992916915
2013-10-18 00:00:00-04:00,43.930421306976854
2013-10-21 00:00:00-04:00,44.17257812256371
2013-10-22 00:00:00-04:00,44.48649913590807
2013-10-23 00:00:00-04:00,44.86319530291421
2013-10-24 00:00:00-04:00,44.56720831195585
2013-10-25 00:00:00-04:00,44.60309582033532
2013-10-28 00:00:00-04:00,43.885571734028076
2013-10-29 00:00:00-04:00,44.06495145807175
2013-10-30 00:00:00-04:00,44.19948535046363
2013-10-31 00:00:00-04:00,43.55371917418154
2013-11-01 00:00:00-04:00,43.38329891201112
2013-11-04 00:00:00-05:00,42.97970137840483
2013-11-05 00:00:00-05:00,43.03352212581568
2013-11-06 00:00:00-05:00,43.22184695376879
2013-11-07 00:00:00-05:00,42.746501521069256
2013-11-08 00:00:00-05:00,41.56258950660513
2013-11-11 00:00:00-05:00,42.15454402818743
2013-11-12 00:00:00-05:00,42.0469227804572
2013-11-13 00:00:00-05:00,41.710243239456375
2013-11-14 00:00:00-05:00,42.033435821269016
2013-11-15 00:00:00-05:00,42.51822788301407
2013-11-18 00:00:00-05:00,40.27381537495061
2013-11-19 00:00:00-05:00,39.99550639101812
2013-11-20 00:00:00-05:00,40.21995177491599
2013-11-21 00:00:00-05:00,40.30074238480162
2013-11-22 00:00:00-05:00,41.58454154210949
2013-11-25 00:00:00-05:00,41.00998328024326
2013-11-26 00:00:00-05:00,40.749626166732206
2013-11-27 00:00:00-05:00,40.84838507233388
2013-11-29 00:00:00-05:00,41.09077843985134
2013-12-02 00:00:00-05:00,40.94713967379458
2013-12-03 00:00:00-05:00,40.74963432153193
2013-12-04 00:00:00-05:00,40.10322242338318
2013-12-05 00:00:00-05:00,39.51071539863347
2013-12-06 00:00:00-05:00,40.309718833179836
2013-12-09 00:00:00-05:00,40.28279128669623
2013-12-10 00:00:00-05:00,39.94163869672139
2013-12-11 00:00:00-05:00,39.89674791627633
2013-12-12 00:00:00-05:00,39.304230201994805
2013-12-13 00:00:00-05:00,38.90919504602762
2013-12-16 00:00:00-05:00,38.84636294026918
2013-12-17 00:00:00-05:00,39.061813427550085
2013-12-18 00:00:00-05:00,38.72966351079168
2013-12-19 00:00:00-05:00,39.070804899048376
2013-12-20 00:00:00-05:00,38.72964825068723
2013-12-23 00:00:00-05:00,39.42093273855822
2013-12-24 00:00:00-05:00,39.663326410450416
2013-12-26 00:00:00-05:00,39.52867525105764
2013-12-27 00:00:00-05:00,39.57355486814349
2013-12-30 00:00:00-05:00,39.23239535667095
2013-12-31 00:00:00-05:00,39.15160739047415
2014-01-02 00:00:00-05:00,39.268314790401654
2014-01-03 00:00:00-05:00,38.25382983706482
2014-01-06 00:00:00-05:00,38.23587448510863
2014-01-07 00:00:00-05:00,37.42789426400822
2014-01-08 00:00:00-05:00,37.984511726374635
2014-01-09 00:00:00-05:00,38.819434334662986
2014-01-10 00:00:00-05:00,39.932670678551474
2014-01-13 00:00:00-05:00,39.83390500958792
2014-01-14 00:00:00-05:00,39.22341545556868
2014-01-15 00:00:00-05:00,39.69025798789323
2014-01-16 00:00:00-05:00,39.6813009367412
2014-01-17 00:00:00-05:00,39.60048317432859
2014-01-21 00:00:00-05:00,39.60945528229677
2014-01-22 00:00:00-05:00,39.09773628592915
2014-01-23 00:00:00-05:00,38.819435323435634
2014-01-24 00:00:00-05:00,38.07428750405335
2014-01-27 00:00:00-05:00,37.8408742739424
2014-01-28 00:00:00-05:00,37.212432251109504
2014-01-29 00:00:00-05:00,37.61643981933594
2014-01-30 00:00:00-05:00,37.96654097499238
2014-01-31 00:00:00-05:00,37.32913524478903
2014-02-03 00:00:00-05:00,37.98450917712818
2014-02-04 00:00:00-05:00,36.862304525049765
2014-02-05 00:00:00-05:00,37.005938992379086
2014-02-06 00:00:00-05:00,40.97406225541292
2014-02-07 00:00:00-05:00,43.72123002061797
2014-02-10 00:00:00-05:00,42.320716627914926
2014-02-11 00:00:00-05:00,43.02995706402132
2014-02-12 00:00:00-05:00,42.56751871695944
2014-02-13 00:00:00-05:00,42.08227435103498
2014-02-14 00:00:00-05:00,42.603462751537954
2014-02-18 00:00:00-05:00,41.9474789220995
2014-02-19 00:00:00-05:00,41.87556981693362
2014-02-20 00:00:00-05:00,42.06429470319216
2014-02-21 00:00:00-05:00,42.639400071056265
2014-02-24 00:00:00-05:00,42.59447764803069
2014-02-25 00:00:00-05:00,43.133654834936635
2014-02-26 00:00:00-05:00,42.96291114101756
2014-02-27 00:00:00-05:00,43.11567083461733
2014-02-28 00:00:00-05:00,44.04123813418698
2014-03-03 00:00:00-05:00,42.60345884182439
2014-03-04 00:00:00-05:00,43.5020683145318
2014-03-05 00:00:00-05:00,44.21198988701458
2014-03-06 00:00:00-05:00,43.64586812334164
2014-03-07 00:00:00-05:00,43.735719371399405
2014-03-10 00:00:00-04:00,43.07972856999005
2014-03-11 00:00:00-04:00,43.09771071375672
2014-03-12 00:00:00-04:00,42.15414678602177
2014-03-13 00:00:00-04:00,42.603461381092174
2014-03-14 00:00:00-04:00,41.70485237411625
2014-03-17 00:00:00-04:00,41.65992564882258
2014-03-18 00:00:00-04:00,41.2016159193114
2014-03-19 00:00:00-04:00,41.929503248467476
2014-03-20 00:00:00-04:00,40.81521394250117
2014-03-21 00:00:00-04:00,40.63549730093091
2014-03-24 00:00:00-04:00,40.02444216756729
2014-03-25 00:00:00-04:00,39.70092352291119
2014-03-26 00:00:00-04:00,39.718912362950434
2014-03-27 00:00:00-04:00,38.820285852506125
2014-03-28 00:00:00-04:00,39.35046020731247
2014-03-31 00:00:00-04:00,40.096311494997806
2014-04-01 00:00:00-04:00,40.19514740267743
2014-04-02 00:00:00-04:00,40.61752034724767
2014-04-03 00:00:00-04:00,40.35690269137022
2014-04-04 00:00:00-04:00,40.12327468901297
2014-04-07 00:00:00-04:00,38.85623016815314
2014-04-08 00:00:00-04:00,38.1373257456023
2014-04-09 00:00:00-04:00,38.48780128190628
2014-04-10 00:00:00-04:00,38.99102433380542
2014-04-11 00:00:00-04:00,37.98456502092045
2014-04-14 00:00:00-04:00,38.352998437526864
2014-04-15 00:00:00-04:00,37.97557800514464
2014-04-16 00:00:00-04:00,38.34400909877668
2014-04-17 00:00:00-04:00,38.146321375016605
2014-04-21 00:00:00-04:00,38.20023973958296
2014-04-22 00:00:00-04:00,38.46082423273063
2014-04-23 00:00:00-04:00,38.703452402910195
2014-04-24 00:00:00-04:00,38.218212779271184
2014-04-25 00:00:00-04:00,37.499325505460355
2014-04-28 00:00:00-04:00,37.59816808654568
2014-04-29 00:00:00-04:00,37.193777083641976
2014-04-30 00:00:00-04:00,38.29908440354576
2014-05-01 00:00:00-04:00,38.09239097684486
2014-05-02 00:00:00-04:00,37.688028521659334
2014-05-05 00:00:00-04:00,37.750924941838036
2014-05-06 00:00:00-04:00,37.62511020160552
2014-05-07 00:00:00-04:00,37.625126258145926
2014-05-08 00:00:00-04:00,37.91267439773547
2014-05-09 00:00:00-04:00,39.15276408913839
2014-05-12 00:00:00-04:00,39.60208240891647
2014-05-13 00:00:00-04:00,39.85806598716627
2014-05-14 00:00:00-04:00,38.796619325552875
2014-05-15 00:00:00-04:00,38.06801508753205
2014-05-16 00:00:00-04:00,38.769641434349055
2014-05-19 00:00:00-04:00,38.16695251044567
2014-05-20 00:00:00-04:00,38.787628121944074
2014-05-21 00:00:00-04:00,38.21192256376814
2014-05-22 00:00:00-04:00,38.31087534572473
2014-05-23 00:00:00-04:00,38.34684595002763
2014-05-27 00:00:00-04:00,38.733649503036894
2014-05-28 00:00:00-04:00,39.12944841384888
2014-05-29 00:00:00-04:00,39.71414032006258
2014-05-30 00:00:00-04:00,40.460737324037225
2014-06-02 00:00:00-04:00,40.26283369680383
2014-06-03 00:00:00-04:00,39.534236967452934
2014-06-04 00:00:00-04:00,39.66916145928331
2014-06-05 00:00:00-04:00,39.72312140002754
2014-06-06 00:00:00-04:00,41.2343491204515
2014-06-09 00:00:00-04:00,39.71414650755512
2014-06-10 00:00:00-04:00,39.3543222196564
2014-06-11 00:00:00-04:00,39.048500441450855
2014-06-12 00:00:00-04:00,39.192408735732165
2014-06-13 00:00:00-04:00,38.22991688782379
2014-06-16 00:00:00-04:00,38.086005358952576
2014-06-17 00:00:00-04:00,37.7441761673069
2014-06-18 00:00:00-04:00,37.087515532139854
2014-06-19 00:00:00-04:00,37.321395572608736
2014-06-20 00:00:00-04:00,37.79815666766459
2014-06-23 00:00:00-04:00,38.382834486073776
2014-06-24 00:00:00-04:00,38.33786047995705
2014-06-25 00:00:00-04:00,38.00503167882596
2014-06-26 00:00:00-04:00,38.37382917759817
2014-06-27 00:00:00-04:00,37.89709776814374
2014-06-30 00:00:00-04:00,38.4997842382123
2014-07-01 00:00:00-04:00,38.73365358773938
2014-07-02 00:00:00-04:00,38.52676684599252
2014-07-03 00:00:00-04:00,38.193932954416425
2014-07-07 00:00:00-04:00,38.48177266924798
2014-07-08 00:00:00-04:00,37.9960425060151
2014-07-09 00:00:00-04:00,38.44579608046469
2014-07-10 00:00:00-04:00,37.48331452268347
2014-07-11 00:00:00-04:00,37.843112859235205
2014-07-14 00:00:00-04:00,38.05900436871667
2014-07-15 00:00:00-04:00,37.59125640742257
2014-07-16 00:00:00-04:00,37.366370749749265
2014-07-17 00:00:00-04:00,37.23143459628204
2014-07-18 00:00:00-04:00,36.80866328393863
2014-07-21 00:00:00-04:00,36.92559739717285
2014-07-22 00:00:00-04:00,37.519301513752865
2014-07-23 00:00:00-04:00,37.717184862025064
2014-07-24 00:00:00-04:00,38.43680365800915
2014-07-25 00:00:00-04:00,38.24791758442605
2014-07-28 00:00:00-04:00,38.778629274367105
2014-07-29 00:00:00-04:00,38.481781813494756
2014-07-30 00:00:00-04:00,38.58072984781505
2014-07-31 00:00:00-04:00,37.609240516806885
2014-08-01 00:00:00-04:00,37.303408241641435
2014-08-04 00:00:00-04:00,36.91661115801866
2014-08-05 00:00:00-04:00,36.808658740951365
2014-08-06 00:00:00-04:00,37.2134404794317
2014-08-07 00:00:00-04:00,37.8521221658039
2014-08-08 00:00:00-04:00,34.36194334449735
2014-08-11 00:00:00-04:00,35.91813362359967
2014-08-12 00:00:00-04:00,35.61228886387513
2014-08-13 00:00:00-04:00,35.25708359272141
2014-08-14 00:00:00-04:00,35.53625118336515
2014-08-15 00:00:00-04:00,35.97753134339254
2014-08-18 00:00:00-04:00,36.18467277286714
2014-08-19 00:00:00-04:00,36.833077285245814
2014-08-20 00:00:00-04:00,37.12125857099599
2014-08-21 00:00:00-04:00,37.32838302443191
2014-08-22 00:00:00-04:00,37.50850825470483
2014-08-25 00:00:00-04:00,37.52650378308735
2014-08-26 00:00:00-04:00,37.139266690021415
2014-08-27 00:00:00-04:00,37.256344192241116
2014-08-28 00:00:00-04:00,36.90512331265347
2014-08-29 00:00:00-04:00,36.96815878078491
2014-09-02 00:00:00-04:00,37.175292574373564
2014-09-03 00:00:00-04:00,37.80568210808387
2014-09-04 00:00:00-04:00,37.796680253463194
2014-09-05 00:00:00-04:00,37.517496631105715
2014-09-08 00:00:00-04:00,37.7696637460925
2014-09-09 00:00:00-04:00,37.553518940999695
2014-09-10 00:00:00-04:00,37.409455334683756
2014-09-11 00:00:00-04:00,37.36440889578799
2014-09-12 00:00:00-04:00,37.28335560957766
2014-09-15 00:00:00-04:00,37.220327924450594
2014-09-16 00:00:00-04:00,37.30136759265438
2014-09-17 00:00:00-04:00,37.09423689669451
2014-09-18 00:00:00-04:00,37.33739091243562
2014-09-19 00:00:00-04:00,37.62558393869568
2014-09-22 00:00:00-04:00,37.310388248211595
2014-09-23 00:00:00-04:00,36.977169036865234
2014-09-24 00:00:00-04:00,37.13926694229658
2014-09-25 00:00:00-04:00,36.860091269339485
2014-09-26 00:00:00-04:00,36.24769822175187
2014-09-29 00:00:00-04:00,36.28372288075608
2014-09-30 00:00:00-04:00,36.6439545405333
2014-10-01 00:00:00-04:00,36.00455018707278
2014-10-02 00:00:00-04:00,35.058956100227014
2014-10-03 00:00:00-04:00,35.59930655132338
2014-10-06 00:00:00-04:00,35.99554828214173
2014-10-07 00:00:00-04:00,35.70737171102909
2014-10-08 00:00:00-04:00,36.07659881320366
2014-10-09 00:00:00-04:00,36.202677474781524
2014-10-10 00:00:00-04:00,35.896499209189564
2014-10-13 00:00:00-04:00,36.15765375223418
2014-10-14 00:00:00-04:00,36.256716758736836
2014-10-15 00:00:00-04:00,35.95951555221634
2014-10-16 00:00:00-04:00,36.48186088491566
2014-10-17 00:00:00-04:00,37.400422774384964
2014-10-20 00:00:00-04:00,37.14826691560162
2014-10-21 00:00:00-04:00,38.021825597615155
2014-10-22 00:00:00-04:00,38.931392962941274
2014-10-23 00:00:00-04:00,38.83232509545928
2014-10-24 00:00:00-04:00,38.70624650222165
2014-10-27 00:00:00-04:00,39.10249554533991
2014-10-28 00:00:00-04:00,39.624826613079364
2014-10-29 00:00:00-04:00,42.092365843647315
2014-10-30 00:00:00-04:00,42.69574584561232
2014-10-31 00:00:00-04:00,43.54228335325133
2014-11-03 00:00:00-05:00,43.533271533679105
2014-11-04 00:00:00-05:00,43.776435467500086
2014-11-05 00:00:00-05:00,44.36178877754967
2014-11-06 00:00:00-05:00,44.39781691261821
2014-11-07 00:00:00-05:00,44.262743308673016
2014-11-10 00:00:00-05:00,44.29876308515308
2014-11-11 00:00:00-05:00,44.57792519140327
2014-11-12 00:00:00-05:00,44.50128860570104
2014-11-13 00:00:00-05:00,46.34012012872598
2014-11-14 00:00:00-05:00,45.41169478706431
2014-11-17 00:00:00-05:00,47.36768468375168
2014-11-18 00:00:00-05:00,46.998136091460836
2014-11-19 00:00:00-05:00,47.09727626866609
2014-11-20 00:00:00-05:00,46.65560426617653
2014-11-21 00:00:00-05:00,47.133350814134076
2014-11-24 00:00:00-05:00,47.18742769632108
2014-11-25 00:00:00-05:00,47.41276809490959
2014-11-26 00:00:00-05:00,47.21447041347452
2014-11-28 00:00:00-05:00,47.45784952350835
2014-12-01 00:00:00-05:00,47.241515990996824
2014-12-02 00:00:00-05:00,47.584042344227754
2014-12-03 00:00:00-05:00,48.53949391869577
2014-12-04 00:00:00-05:00,48.62062438107851
2014-12-05 00:00:00-05:00,48.1068338997846
2014-12-08 00:00:00-05:00,47.917553591875624
2014-12-09 00:00:00-05:00,47.32262661538121
2014-12-10 00:00:00-05:00,47.88148231040108
2014-12-11 00:00:00-05:00,47.052211058579125
2014-12-12 00:00:00-05:00,46.41223549061818
2014-12-15 00:00:00-05:00,46.313070803344544
2014-12-16 00:00:00-05:00,45.781272257108114
2014-12-17 00:00:00-05:00,46.295063486609884
2014-12-18 00:00:00-05:00,48.864005968607024
2014-12-19 00:00:00-05:00,48.25105728643915
2014-12-22 00:00:00-05:00,48.251058209905246
2014-12-23 00:00:00-05:00,49.17947221137324
2014-12-24 00:00:00-05:00,49.576083597280444
2014-12-26 00:00:00-05:00,49.819471000851905
2014-12-29 00:00:00-05:00,49.999738415833875
2014-12-30 00:00:00-05:00,49.90059340486429
2014-12-31 00:00:00-05:00,49.88256893964668
2015-01-02 00:00:00-05:00,49.67525571570737
2015-01-05 00:00:00-05:00,48.097826353594684
2015-01-06 00:00:00-05:00,48.169921768639654
2015-01-07 00:00:00-05:00,48.034728921537464
2015-01-08 00:00:00-05:00,48.22401629325912
2015-01-09 00:00:00-05:00,49.22454900396809
2015-01-12 00:00:00-05:00,48.79189125629318
2015-01-13 00:00:00-05:00,49.368770051202404
2015-01-14 00:00:00-05:00,49.69327806166602
2015-01-15 00:00:00-05:00,50.477474213266916
2015-01-16 00:00:00-05:00,49.639194360436186
2015-01-20 00:00:00-05:00,50.838021834726476
2015-01-21 00:00:00-05:00,50.576629133147
2015-01-22 00:00:00-05:00,50.36930812682223
2015-01-23 00:00:00-05:00,50.79295654628139
2015-01-26 00:00:00-05:00,51.360833421742086
2015-01-27 00:00:00-05:00,51.07238822607307
2015-01-28 00:00:00-05:00,51.622228438533064
2015-01-29 00:00:00-05:00,50.847035818596424
2015-01-30 00:00:00-05:00,50.91915187129915
2015-02-02 00:00:00-05:00,50.180025397703616
2015-02-03 00:00:00-05:00,50.77493617079561
2015-02-04 00:00:00-05:00,51.84758525510555
2015-02-05 00:00:00-05:00,52.68587329713941
2015-02-06 00:00:00-05:00,54.04695857340264
2015-02-09 00:00:00-05:00,53.10951276369828
2015-02-10 00:00:00-05:00,53.47907682840155
2015-02-11 00:00:00-05:00,52.22100158665725
2015-02-12 00:00:00-05:00,52.80736932400989
2015-02-13 00:00:00-05:00,53.20427834610147
2015-02-17 00:00:00-05:00,53.27643702739858
2015-02-18 00:00:00-05:00,53.366628009286295
2015-02-19 00:00:00-05:00,53.02386025079381
2015-02-20 00:00:00-05:00,53.709427109163144
2015-02-23 00:00:00-05:00,53.8447313341566
2015-02-24 00:00:00-05:00,52.96973204437353
2015-02-25 00:00:00-05:00,53.718457010123586
2015-02-26 00:00:00-05:00,53.628243735502984
2015-02-27 00:00:00-05:00,53.85376980945377
2015-03-02 00:00:00-05:00,53.35761175837324
2015-03-03 00:00:00-05:00,53.73649087917225
2015-03-04 00:00:00-05:00,54.81897766008894
2015-03-05 00:00:00-05:00,54.846044434586624
2015-03-06 00:00:00-05:00,54.41305049189946
2015-03-09 00:00:00-04:00,54.674637802596266
2015-03-10 00:00:00-04:00,56.668220806892144
2015-03-11 00:00:00-04:00,55.60378183695799
2015-03-12 00:00:00-04:00,56.740400577935915
2015-03-13 00:00:00-04:00,57.30870443369426
2015-03-16 00:00:00-04:00,56.8305848255409
2015-03-17 00:00:00-04:00,57.91308758320797
2015-03-18 00:00:00-04:00,57.91308989502171
2015-03-19 00:00:00-04:00,58.95948739331776
2015-03-20 00:00:00-04:00,59.52779931281249
2015-03-23 00:00:00-04:00,59.98785949801952
2015-03-24 00:00:00-04:00,59.762337116719074
2015-03-25 00:00:00-04:00,59.36542339251233
2015-03-26 00:00:00-04:00,57.55226147304667
2015-03-27 00:00:00-04:00,57.849946500509795
2015-03-30 00:00:00-04:00,58.995586140232156
2015-03-31 00:00:00-04:00,59.41954488423858
2015-04-01 00:00:00-04:00,60.005921676356266
2015-04-02 00:00:00-04:00,59.70821365572165
2015-04-06 00:00:00-04:00,59.73527297338701
2015-04-07 00:00:00-04:00,61.034265234387334
2015-04-08 00:00:00-04:00,60.15924925134758
2015-04-09 00:00:00-04:00,61.3770558568939
2015-04-10 00:00:00-04:00,61.088365778824716
2015-04-13 00:00:00-04:00,61.53038785742427
2015-04-14 00:00:00-04:00,60.53811840037182
2015-04-15 00:00:00-04:00,60.6643969997442
2015-04-16 00:00:00-04:00,60.222389221191406
2015-04-17 00:00:00-04:00,59.708203248224535
2015-04-20 00:00:00-04:00,59.302292482009975
2015-04-21 00:00:00-04:00,59.77137048138974
2015-04-22 00:00:00-04:00,60.36672500699691
2015-04-23 00:00:00-04:00,60.86285396911576
2015-04-24 00:00:00-04:00,61.00719377400532
2015-04-27 00:00:00-04:00,60.384755132382104
2015-04-28 00:00:00-04:00,59.45563164307481
2015-04-29 00:00:00-04:00,59.79841015059722
2015-04-30 00:00:00-04:00,58.9143861898616
2015-05-01 00:00:00-04:00,58.06644705606569
2015-05-04 00:00:00-04:00,58.40922965078619
2015-05-05 00:00:00-04:00,58.32805119386087
2015-05-06 00:00:00-04:00,57.7597439039844
2015-05-07 00:00:00-04:00,57.15535144102687
2015-05-08 00:00:00-04:00,59.72624806266079
2015-05-11 00:00:00-04:00,57.27261652188629
2015-05-12 00:00:00-04:00,57.34477702436176
2015-05-13 00:00:00-04:00,56.726930359208495
2015-05-14 00:00:00-04:00,57.36786433553605
2015-05-15 00:00:00-04:00,58.39695388378125
2015-05-18 00:00:00-04:00,58.225461437581785
2015-05-19 00:00:00-04:00,59.380930183557545
2015-05-20 00:00:00-04:00,59.877435391461866
2015-05-21 00:00:00-04:00,59.25455436511453
2015-05-22 00:00:00-04:00,59.08303631985682
2015-05-26 00:00:00-04:00,58.622638109930136
2015-05-27 00:00:00-04:00,58.424046989565696
2015-05-28 00:00:00-04:00,59.52537743141207
2015-05-29 00:00:00-04:00,59.07401243502125
2015-06-01 00:00:00-04:00,59.46218566291986
2015-06-02 00:00:00-04:00,58.56847981374127
2015-06-03 00:00:00-04:00,58.51432131170743
2015-06-04 00:00:00-04:00,58.541402170796154
2015-06-05 00:00:00-04:00,58.062963536537595
2015-06-08 00:00:00-04:00,58.297675510863016
2015-06-09 00:00:00-04:00,58.1351741548809
2015-06-10 00:00:00-04:00,57.710911759885406
2015-06-11 00:00:00-04:00,57.999765654691636
2015-06-12 00:00:00-04:00,57.77409686800932
2015-06-15 00:00:00-04:00,56.8713701305674
2015-06-16 00:00:00-04:00,56.53735557366674
2015-06-17 00:00:00-04:00,57.91853402389344
2015-06-18 00:00:00-04:00,58.20739973011026
2015-06-19 00:00:00-04:00,59.507305429157626
2015-06-22 00:00:00-04:00,59.35385828580377
2015-06-23 00:00:00-04:00,59.3628968589097
2015-06-24 00:00:00-04:00,59.417053442690694
2015-06-25 00:00:00-04:00,59.16428360135122
2015-06-26 00:00:00-04:00,60.816276243031346
2015-06-29 00:00:00-04:00,60.10311872963481
2015-06-30 00:00:00-04:00,59.80521163182561
2015-07-01 00:00:00-04:00,59.67882922665725
2015-07-02 00:00:00-04:00,59.949634789060525
2015-07-06 00:00:00-04:00,58.65875826369729
2015-07-07 00:00:00-04:00,59.76909533933463
2015-07-08 00:00:00-04:00,58.108092302051375
2015-07-09 00:00:00-04:00,58.72195121917773
2015-07-10 00:00:00-04:00,58.88445731828233
2015-07-13 00:00:00-04:00,59.42607888307569
2015-07-14 00:00:00-04:00,59.4983043094488
2015-07-15 00:00:00-04:00,59.78716649327404
2015-07-16 00:00:00-04:00,60.58153859328657
2015-07-17 00:00:00-04:00,60.96972023191219
2015-07-20 00:00:00-04:00,61.64677255157051
2015-07-21 00:00:00-04:00,62.0258788563835
2015-07-22 00:00:00-04:00,60.888479235768806
2015-07-23 00:00:00-04:00,62.107124113129515
2015-07-24 00:00:00-04:00,61.114150246645146
2015-07-27 00:00:00-04:00,60.37392331896338
2015-07-28 00:00:00-04:00,60.44614693896695
2015-07-29 00:00:00-04:00,60.888458937284575
2015-07-30 00:00:00-04:00,61.330803097651525
2015-07-31 00:00:00-04:00,61.583572129536954
2015-08-03 00:00:00-04:00,61.61064525865906
2015-08-04 00:00:00-04:00,61.53843847708577
2015-08-05 00:00:00-04:00,62.28771706078959
2015-08-06 00:00:00-04:00,61.29470380631688
2015-08-07 00:00:00-04:00,57.14219012415815
2015-08-10 00:00:00-04:00,54.199323345319975
2015-08-11 00:00:00-04:00,53.6035266141454
2015-08-12 00:00:00-04:00,53.86050545363864
2015-08-13 00:00:00-04:00,54.583218263072155
2015-08-14 00:00:00-04:00,54.93554253793513
2015-08-17 00:00:00-04:00,54.85424181819953
2015-08-18 00:00:00-04:00,55.90218417059335
2015-08-19 00:00:00-04:00,54.8090596826995
2015-08-20 00:00:00-04:00,55.369178212246894
2015-08-21 00:00:00-04:00,54.267031302971205
2015-08-24 00:00:00-04:00,50.662484600572135
2015-08-25 00:00:00-04:00,54.375432232671024
2015-08-26 00:00:00-04:00,54.88134261300717
2015-08-27 00:00:00-04:00,56.35388524726962
2015-08-28 00:00:00-04:00,55.730531065629
2015-08-31 00:00:00-04:00,55.75762868991381
2015-09-01 00:00:00-04:00,53.77920080378092
2015-09-02 00:00:00-04:00,54.85424439397957
2015-09-03 00:00:00-04:00,56.42615518886345
2015-09-04 00:00:00-04:00,55.21559829561752
2015-09-08 00:00:00-04:00,55.66729100428494
2015-09-09 00:00:00-04:00,56.209331468155604
2015-09-10 00:00:00-04:00,55.13428609629967
2015-09-11 00:00:00-04:00,54.91748499311866
2015-09-14 00:00:00-04:00,56.28159327190817
2015-09-15 00:00:00-04:00,56.60684056561625
2015-09-16 00:00:00-04:00,56.92301120291524
2015-09-17 00:00:00-04:00,57.61864277232664
2015-09-18 00:00:00-04:00,56.99530181084889
2015-09-21 00:00:00-04:00,56.489383697509766
2015-09-22 00:00:00-04:00,55.73054810731856
2015-09-23 00:00:00-04:00,56.02865345438016
2015-09-24 00:00:00-04:00,55.88411400898523
2015-09-25 00:00:00-04:00,57.067575782535094
2015-09-28 00:00:00-04:00,55.13428335009632
2015-09-29 00:00:00-04:00,53.19198358274926
2015-09-30 00:00:00-04:00,53.27330833186738
2015-10-01 00:00:00-04:00,53.67981879710323
2015-10-02 00:00:00-04:00,52.270523935959616
2015-10-05 00:00:00-04:00,53.15586701681359
2015-10-06 00:00:00-04:00,54.28509396423769
2015-10-07 00:00:00-04:00,54.02311757852488
2015-10-08 00:00:00-04:00,55.965417973437376
2015-10-09 00:00:00-04:00,57.772207840386194
2015-10-12 00:00:00-04:00,57.392789142455825
2015-10-13 00:00:00-04:00,57.74510445708588
2015-10-14 00:00:00-04:00,58.15165043108962
2015-10-15 00:00:00-04:00,57.61863299424044
2015-10-16 00:00:00-04:00,59.39832459256083
2015-10-19 00:00:00-04:00,60.03072184537769
2015-10-20 00:00:00-04:00,60.85279096036016
2015-10-21 00:00:00-04:00,60.274623769715035
2015-10-22 00:00:00-04:00,59.064081484819795
2015-10-23 00:00:00-04:00,59.37123499730002
2015-10-26 00:00:00-04:00,58.87435254932261
2015-10-27 00:00:00-04:00,59.89519280448922
2015-10-28 00:00:00-04:00,59.57900603105898
2015-10-29 00:00:00-04:00,61.28644498174673
2015-10-30 00:00:00-04:00,62.298224226640365
2015-11-02 00:00:00-05:00,61.65681989071882
2015-11-03 00:00:00-05:00,61.70198711190244
2015-11-04 00:00:00-05:00,61.972994320895424
2015-11-05 00:00:00-05:00,61.729110499043706
2015-11-06 00:00:00-05:00,61.7833018750638
2015-11-09 00:00:00-05:00,63.057087223371376
2015-11-10 00:00:00-05:00,61.74247903260449
2015-11-11 00:00:00-05:00,62.881496110948916
2015-11-12 00:00:00-05:00,52.43136789734117
2015-11-13 00:00:00-05:00,47.8752661151562
2015-11-16 00:00:00-05:00,46.691046486574976
2015-11-17 00:00:00-05:00,47.54983099095419
2015-11-18 00:00:00-05:00,46.31137273225458
2015-11-19 00:00:00-05:00,47.34191899954288
2015-11-20 00:00:00-05:00,47.251516800697786
2015-11-23 00:00:00-05:00,48.36342405480145
2015-11-24 00:00:00-05:00,48.77925442373685
2015-11-25 00:00:00-05:00,49.448208394112
2015-11-27 00:00:00-05:00,49.79173764974126
2015-11-30 00:00:00-05:00,50.37028374736267
2015-12-01 00:00:00-05:00,51.49121229230603
2015-12-02 00:00:00-05:00,51.35563399290524
2015-12-03 00:00:00-05:00,52.151136694359
2015-12-04 00:00:00-05:00,52.49466061564041
2015-12-07 00:00:00-05:00,52.892413869327214
2015-12-08 00:00:00-05:00,51.57257907293567
2015-12-09 00:00:00-05:00,51.55451321143338
2015-12-10 00:00:00-05:00,51.08443229792076
2015-12-11 00:00:00-05:00,50.92171715813667
2015-12-14 00:00:00-05:00,49.981575580258664
2015-12-15 00:00:00-05:00,50.39740043595958
2015-12-16 00:00:00-05:00,51.192921211041075
2015-12-17 00:00:00-05:00,51.102505288902414
2015-12-18 00:00:00-05:00,50.09003944555831
2015-12-21 00:00:00-05:00,49.92733049930787
2015-12-22 00:00:00-05:00,49.76461002707556
2015-12-23 00:00:00-05:00,50.43355582691573
2015-12-24 00:00:00-05:00,51.49122670586612
2015-12-28 00:00:00-05:00,50.56915668215423
2015-12-29 00:00:00-05:00,51.870897619676605
2015-12-30 00:00:00-05:00,51.89802449715998
2015-12-31 00:00:00-05:00,50.98499552000314
2016-01-04 00:00:00-05:00,50.27988817755153
2016-01-05 00:00:00-05:00,49.18605003912808
2016-01-06 00:00:00-05:00,49.03238193075347
2016-01-07 00:00:00-05:00,48.68886118309921
2016-01-08 00:00:00-05:00,49.11373717072483
2016-01-11 00:00:00-05:00,48.62558333955228
2016-01-12 00:00:00-05:00,48.688866637399485
2016-01-13 00:00:00-05:00,49.25836587203134
2016-01-14 00:00:00-05:00,47.49559790358604
2016-01-15 00:00:00-05:00,47.07977001972545
2016-01-19 00:00:00-05:00,47.81198190209142
2016-01-20 00:00:00-05:00,46.66392350285409
2016-01-21 00:00:00-05:00,48.128398072437356
2016-01-22 00:00:00-05:00,48.074148163097284
2016-01-25 00:00:00-05:00,48.07415379325258
2016-01-26 00:00:00-05:00,47.24248628906886
2016-01-27 00:00:00-05:00,47.30575608227408
2016-01-28 00:00:00-05:00,47.269606393210196
2016-01-29 00:00:00-05:00,47.19728313645612
2016-02-01 00:00:00-05:00,48.73406081074396
2016-02-02 00:00:00-05:00,47.94759256880022
2016-02-03 00:00:00-05:00,47.83911828646289
2016-02-04 00:00:00-05:00,46.82663556836922
2016-02-05 00:00:00-05:00,45.01866654674311
2016-02-08 00:00:00-05:00,41.81854451024928
2016-02-09 00:00:00-05:00,41.131507353418435
2016-02-10 00:00:00-05:00,42.16205567144096
2016-02-11 00:00:00-05:00,40.972767011762784
2016-02-12 00:00:00-05:00,42.248627349224805
2016-02-16 00:00:00-05:00,43.39783431055022
2016-02-17 00:00:00-05:00,43.6330889328246
2016-02-18 00:00:00-05:00,43.090167548638284
2016-02-19 00:00:00-05:00,42.339131745288626
2016-02-22 00:00:00-05:00,43.967921618159714
2016-02-23 00:00:00-05:00,43.072076951166984
2016-02-24 00:00:00-05:00,42.37532980701828
2016-02-25 00:00:00-05:00,43.66025666901229
2016-02-26 00:00:00-05:00,44.08553721554196
2016-02-29 00:00:00-05:00,44.2031692868299
2016-03-01 00:00:00-05:00,44.70085436307637
2016-03-02 00:00:00-05:00,45.433803434977506
2016-03-03 00:00:00-05:00,46.248196336368174
2016-03-04 00:00:00-05:00,45.69622417687017
2016-03-07 00:00:00-05:00,46.19389688055871
2016-03-08 00:00:00-05:00,47.59644448764806
2016-03-09 00:00:00-05:00,47.596447684511006
2016-03-10 00:00:00-05:00,47.451672973698216
2016-03-11 00:00:00-05:00,46.691570965760796
2016-03-14 00:00:00-04:00,47.06259313026528
2016-03-15 00:00:00-04:00,46.99924321698912
2016-03-16 00:00:00-04:00,46.528708188165915
2016-03-17 00:00:00-04:00,46.47440704022636
2016-03-18 00:00:00-04:00,45.97673133637198
2016-03-21 00:00:00-04:00,46.25724539458385
2016-03-22 00:00:00-04:00,46.221051170682294
2016-03-23 00:00:00-04:00,45.7414732898364
2016-03-24 00:00:00-04:00,45.089954886957564
2016-03-28 00:00:00-04:00,45.48810578178895
2016-03-29 00:00:00-04:00,45.469999930681254
2016-03-30 00:00:00-04:00,47.94030864819745
2016-03-31 00:00:00-04:00,47.60550330606306
2016-04-01 00:00:00-04:00,47.46978123345765
2016-04-04 00:00:00-04:00,48.039832711910165
2016-04-05 00:00:00-04:00,46.89971886318778
2016-04-06 00:00:00-04:00,47.18021627717712
2016-04-07 00:00:00-04:00,46.583006244371305
2016-04-08 00:00:00-04:00,43.64214535066229
2016-04-11 00:00:00-04:00,42.98157842690752
2016-04-12 00:00:00-04:00,42.55630763964651
2016-04-13 00:00:00-04:00,43.76883653338883
2016-04-14 00:00:00-04:00,45.37951625839208
2016-04-15 00:00:00-04:00,45.4971499560064
2016-04-18 00:00:00-04:00,46.03102371463898
2016-04-19 00:00:00-04:00,47.035449173954
2016-04-20 00:00:00-04:00,47.18926061212234
2016-04-21 00:00:00-04:00,47.261641557366474
2016-04-22 00:00:00-04:00,47.1892653795185
2016-04-25 00:00:00-04:00,47.24354705659332
2016-04-26 00:00:00-04:00,47.91316932620384
2016-04-27 00:00:00-04:00,48.030792863212255
2016-04-28 00:00:00-04:00,48.81804271408747
2016-04-29 00:00:00-04:00,48.49228283410198
2016-05-02 00:00:00-04:00,47.90411712529387
2016-05-03 00:00:00-04:00,47.45167876912437
2016-05-04 00:00:00-04:00,46.98113765521685
2016-05-05 00:00:00-04:00,46.99018996303354
2016-05-06 00:00:00-04:00,47.20735378010015
2016-05-09 00:00:00-04:00,48.84518077086465
2016-05-10 00:00:00-04:00,49.17997977897831
2016-05-11 00:00:00-04:00,49.19360824019491
2016-05-12 00:00:00-04:00,49.20267698921462
2016-05-13 00:00:00-04:00,48.65928439212811
2016-05-16 00:00:00-04:00,48.26081214947872
2016-05-17 00:00:00-04:00,49.32039166239625
2016-05-18 00:00:00-04:00,49.02153762706041
2016-05-19 00:00:00-04:00,48.958139013293376
2016-05-20 00:00:00-04:00,49.18455021088326
2016-05-23 00:00:00-04:00,49.99054805984369
2016-05-24 00:00:00-04:00,49.74604384693453
2016-05-25 00:00:00-04:00,51.53011851233386
2016-05-26 00:00:00-04:00,50.986746316102334
2016-05-27 00:00:00-04:00,50.63355977313107
2016-05-31 00:00:00-04:00,52.02820945339969
2016-06-01 00:00:00-04:00,51.94670284636854
2016-06-02 00:00:00-04:00,51.60256684039776
2016-06-03 00:00:00-04:00,51.99198089114644
2016-06-06 00:00:00-04:00,50.878058462713234
2016-06-07 00:00:00-04:00,51.439551028698034
2016-06-08 00:00:00-04:00,51.66595963845795
2016-06-09 00:00:00-04:00,51.919549096850176
2016-06-10 00:00:00-04:00,52.05537082726346
2016-06-13 00:00:00-04:00,51.276539580311024
2016-06-14 00:00:00-04:00,49.764137715055696
2016-06-15 00:00:00-04:00,50.4524255077648
2016-06-16 00:00:00-04:00,49.92716057184518
2016-06-17 00:00:00-04:00,50.42525781657541
2016-06-20 00:00:00-04:00,50.27129277495426
2016-06-21 00:00:00-04:00,51.91049884167294
2016-06-22 00:00:00-04:00,51.58444670200386
2016-06-23 00:00:00-04:00,52.26366517115086
2016-06-24 00:00:00-04:00,50.506764369029526
2016-06-27 00:00:00-04:00,48.35137284001761
2016-06-28 00:00:00-04:00,45.49865278757524
2016-06-29 00:00:00-04:00,46.8389759384648
2016-06-30 00:00:00-04:00,48.65928234241976
2016-07-01 00:00:00-04:00,49.87282201248466
2016-07-05 00:00:00-04:00,49.73697823743655
2016-07-06 00:00:00-04:00,49.51962864224286
2016-07-07 00:00:00-04:00,50.271281211596964
2016-07-08 00:00:00-04:00,51.44861859745721
2016-07-11 00:00:00-04:00,52.6440342133131
2016-07-12 00:00:00-04:00,53.37759615096993
2016-07-13 00:00:00-04:00,53.649279650849806
2016-07-14 00:00:00-04:00,53.712674404646265
2016-07-15 00:00:00-04:00,53.65834581179933
2016-07-18 00:00:00-04:00,52.82517525136961
2016-07-19 00:00:00-04:00,52.21839787993464
2016-07-20 00:00:00-04:00,52.82516628922878
2016-07-21 00:00:00-04:00,53.395705365955884
2016-07-22 00:00:00-04:00,52.90667063662296
2016-07-25 00:00:00-04:00,53.88475187337823
2016-07-26 00:00:00-04:00,53.721738481959086
2016-07-27 00:00:00-04:00,54.02059041892752
2016-07-28 00:00:00-04:00,53.83041764117332
2016-07-29 00:00:00-04:00,53.558724464283785
2016-08-01 00:00:00-04:00,53.35042457916839
2016-08-02 00:00:00-04:00,53.522491434635974
2016-08-03 00:00:00-04:00,52.20934357969508
2016-08-04 00:00:00-04:00,53.884760895139806
2016-08-05 00:00:00-04:00,52.06442883468429
2016-08-08 00:00:00-04:00,53.90285908676456
2016-08-09 00:00:00-04:00,54.065865982059826
2016-08-10 00:00:00-04:00,54.11115000861578
2016-08-11 00:00:00-04:00,54.514239852564195
2016-08-12 00:00:00-04:00,53.99766387993938
2016-08-15 00:00:00-04:00,54.07016195653202
2016-08-16 00:00:00-04:00,54.41454261798493
2016-08-17 00:00:00-04:00,53.51731179358541
2016-08-18 00:00:00-04:00,53.408553616073135
2016-08-19 00:00:00-04:00,55.900889785012076
2016-08-22 00:00:00-04:00,52.76508480410305
2016-08-23 00:00:00-04:00,52.97353256736335
2016-08-24 00:00:00-04:00,53.172913872292554
2016-08-25 00:00:00-04:00,52.8557063264084
2016-08-26 00:00:00-04:00,53.60793758856057
2016-08-29 00:00:00-04:00,53.046035314203614
2016-08-30 00:00:00-04:00,52.95541448881513
2016-08-31 00:00:00-04:00,53.399482255156066
2016-09-01 00:00:00-04:00,53.191036430860535
2016-09-02 00:00:00-04:00,53.30885314941406
2016-09-06 00:00:00-04:00,53.50825351933897
2016-09-07 00:00:00-04:00,53.109470629507584
2016-09-08 00:00:00-04:00,53.67138347934099
2016-09-09 00:00:00-04:00,52.81946602375021
2016-09-12 00:00:00-04:00,52.121608444038074
2016-09-13 00:00:00-04:00,52.81040349944552
2016-09-14 00:00:00-04:00,51.62313860979793
2016-09-15 00:00:00-04:00,51.10652629376963
2016-09-16 00:00:00-04:00,50.97060703921927
2016-09-19 00:00:00-04:00,50.807469813567714
2016-09-20 00:00:00-04:00,51.35123871325981
2016-09-21 00:00:00-04:00,51.65032415223571
2016-09-22 00:00:00-04:00,52.175973192371856
2016-09-23 00:00:00-04:00,52.5838182664631
2016-09-26 00:00:00-04:00,51.65937949393891
2016-09-27 00:00:00-04:00,51.06123269838416
2016-09-28 00:00:00-04:00,51.206232027938086
2016-09-29 00:00:00-04:00,51.450929598752566
2016-09-30 00:00:00-04:00,50.96153776059373
2016-10-03 00:00:00-04:00,51.043106234240135
2016-10-04 00:00:00-04:00,50.780260750225644
2016-10-05 00:00:00-04:00,49.79240592673531
2016-10-06 00:00:00-04:00,50.191172386137744
2016-10-07 00:00:00-04:00,49.81052713135585
2016-10-10 00:00:00-04:00,49.84677575858388
2016-10-11 00:00:00-04:00,50.635254754423066
2016-10-12 00:00:00-04:00,49.9464635223431
2016-10-13 00:00:00-04:00,49.611137499109155
2016-10-14 00:00:00-04:00,49.6020844561969
2016-10-17 00:00:00-04:00,49.5205015169694
2016-10-18 00:00:00-04:00,49.91022973952268
2016-10-19 00:00:00-04:00,49.1036025368647
2016-10-20 00:00:00-04:00,48.741086364892716
2016-10-21 00:00:00-04:00,47.79852520925676
2016-10-24 00:00:00-04:00,49.50238592999781
2016-10-25 00:00:00-04:00,49.29393464875395
2016-10-26 00:00:00-04:00,49.012982615000766
2016-10-27 00:00:00-04:00,48.686696451628
2016-10-28 00:00:00-04:00,48.09760487876513
2016-10-31 00:00:00-04:00,47.21848910492917
2016-11-01 00:00:00-04:00,47.35444495856286
2016-11-02 00:00:00-04:00,46.23062936297844
2016-11-03 00:00:00-04:00,46.60220614325128
2016-11-04 00:00:00-04:00,46.79253675098063
2016-11-07 00:00:00-05:00,48.73201983183123
2016-11-08 00:00:00-05:00,48.70483214773257
2016-11-09 00:00:00-05:00,47.94352513131974
2016-11-10 00:00:00-05:00,43.19214161473092
2016-11-11 00:00:00-05:00,44.38058694766308
2016-11-14 00:00:00-05:00,47.601168949828114
2016-11-15 00:00:00-05:00,49.333925879845886
2016-11-16 00:00:00-05:00,48.84404279458597
2016-11-17 00:00:00-05:00,49.415576970170825
2016-11-18 00:00:00-05:00,50.15948556684767
2016-11-21 00:00:00-05:00,50.43165776659516
2016-11-22 00:00:00-05:00,51.32071421846632
2016-11-23 00:00:00-05:00,51.7833879970409
2016-11-25 00:00:00-05:00,51.765250297075994
2016-11-28 00:00:00-05:00,51.837825933744966
2016-11-29 00:00:00-05:00,51.266268619288695
2016-11-30 00:00:00-05:00,51.25719690336832
2016-12-01 00:00:00-05:00,50.386290125119125
2016-12-02 00:00:00-05:00,49.07991531599207
2016-12-05 00:00:00-05:00,49.243215599671245
2016-12-06 00:00:00-05:00,49.19785316858306
2016-12-07 00:00:00-05:00,49.2432120808816
2016-12-08 00:00:00-05:00,49.67867117794564
2016-12-09 00:00:00-05:00,49.52444473900215
2016-12-12 00:00:00-05:00,49.99620327408648
2016-12-13 00:00:00-05:00,49.4700031778976
2016-12-14 00:00:00-05:00,49.50629616941173
2016-12-15 00:00:00-05:00,49.052700967063835
2016-12-16 00:00:00-05:00,49.8873240595592
2016-12-19 00:00:00-05:00,49.55166071590131
2016-12-20 00:00:00-05:00,50.12320615930875
2016-12-21 00:00:00-05:00,50.477006024143556
2016-12-22 00:00:00-05:00,50.20485386019438
2016-12-23 00:00:00-05:00,49.270431561060576
2016-12-27 00:00:00-05:00,49.76031261511485
2016-12-28 00:00:00-05:00,50.58587058606705
2016-12-29 00:00:00-05:00,50.30464085655241
2016-12-30 00:00:00-05:00,50.54959390782063
2017-01-03 00:00:00-05:00,51.03947043953276
2017-01-04 00:00:00-05:00,50.694745232015485
2017-01-05 00:00:00-05:00,51.02133190508533
2017-01-06 00:00:00-05:00,51.574731873654265
2017-01-09 00:00:00-05:00,51.692667855457834
2017-01-10 00:00:00-05:00,51.47494294662964
2017-01-11 00:00:00-05:00,51.34791509977019
2017-01-12 00:00:00-05:00,51.69267277988394
2017-01-13 00:00:00-05:00,52.50008698617945
2017-01-17 00:00:00-05:00,51.71081459694598
2017-01-18 00:00:00-05:00,52.19163616889937
2017-01-19 00:00:00-05:00,51.65638265296014
2017-01-20 00:00:00-05:00,51.057632780552765
2017-01-23 00:00:00-05:00,51.73803031731826
2017-01-24 00:00:00-05:00,51.493077405564485
2017-01-25 00:00:00-05:00,51.42050745401639
2017-01-26 00:00:00-05:00,51.81060468241555
2017-01-27 00:00:00-05:00,51.3569993009078
2017-01-30 00:00:00-05:00,50.87619006532074
2017-01-31 00:00:00-05:00,50.059692285364285
2017-02-01 00:00:00-05:00,50.295561866888946
2017-02-02 00:00:00-05:00,49.63331138833009
2017-02-03 00:00:00-05:00,50.549595604487095
2017-02-06 00:00:00-05:00,50.64031421531452
2017-02-07 00:00:00-05:00,50.10506644839967
2017-02-08 00:00:00-05:00,49.40649820281629
2017-02-09 00:00:00-05:00,48.08199415645598
2017-02-10 00:00:00-05:00,50.85803227179172
2017-02-13 00:00:00-05:00,51.21654893360073
2017-02-14 00:00:00-05:00,52.805443727075144
2017-02-15 00:00:00-05:00,53.56810285668368
2017-02-16 00:00:00-05:00,53.931278350482565
2017-02-17 00:00:00-05:00,53.513625196133084
2017-02-21 00:00:00-05:00,53.204916000975935
2017-02-22 00:00:00-05:00,54.46696179830124
2017-02-23 00:00:00-05:00,54.99356326368646
2017-02-24 00:00:00-05:00,54.403394952493635
2017-02-27 00:00:00-05:00,54.46695485976089
2017-02-28 00:00:00-05:00,54.821057915212464
2017-03-01 00:00:00-05:00,54.73025943019636
2017-03-02 00:00:00-05:00,55.23870532020349
2017-03-03 00:00:00-05:00,55.674510028973174
2017-03-06 00:00:00-05:00,55.0208014930544
2017-03-07 00:00:00-05:00,54.74842059119072
2017-03-08 00:00:00-05:00,55.26594384322225
2017-03-09 00:00:00-05:00,55.15698247245945
2017-03-10 00:00:00-05:00,54.8028931953071
2017-03-13 00:00:00-04:00,54.97539605761531
2017-03-14 00:00:00-04:00,55.38396627989341
2017-03-15 00:00:00-04:00,55.774394409303106
2017-03-16 00:00:00-04:00,56.300992868050464
2017-03-17 00:00:00-04:00,55.837939867325545
2017-03-20 00:00:00-04:00,56.25558022215492
2017-03-21 00:00:00-04:00,56.18294888233117
2017-03-22 00:00:00-04:00,55.07527531378728
2017-03-23 00:00:00-04:00,55.3567456964262
2017-03-24 00:00:00-04:00,55.719906192375966
2017-03-27 00:00:00-04:00,55.55648099258839
2017-03-28 00:00:00-04:00,55.8288585656192
2017-03-29 00:00:00-04:00,56.27375243746024
2017-03-30 00:00:00-04:00,56.65509491492449
2017-03-31 00:00:00-04:00,56.65507532214077
2017-04-03 00:00:00-04:00,56.60061321233483
2017-04-04 00:00:00-04:00,56.083083858799405
2017-04-05 00:00:00-04:00,56.59153210749041
2017-04-06 00:00:00-04:00,55.86517415675261
2017-04-07 00:00:00-04:00,53.60441943867049
2017-04-10 00:00:00-04:00,52.14263830988884
2017-04-11 00:00:00-04:00,52.30607040741982
2017-04-12 00:00:00-04:00,53.250330177374536
2017-04-13 00:00:00-04:00,52.76912971551603
2017-04-17 00:00:00-04:00,52.57846327971206
2017-04-18 00:00:00-04:00,53.041503328034764
2017-04-19 00:00:00-04:00,53.54994594139592
2017-04-20 00:00:00-04:00,54.55774688720703
2017-04-21 00:00:00-04:00,54.39433121242276
2017-04-24 00:00:00-04:00,55.692667370544946
2017-04-25 00:00:00-04:00,55.96505350700059
2017-04-26 00:00:00-04:00,55.955978865403964
2017-04-27 00:00:00-04:00,56.30098451031652
2017-04-28 00:00:00-04:00,56.40086771538586
2017-05-01 00:00:00-04:00,55.3839745705132
2017-05-02 00:00:00-04:00,55.483839613686754
2017-05-03 00:00:00-04:00,54.97540775440502
2017-05-04 00:00:00-04:00,57.19984583378384
2017-05-05 00:00:00-04:00,54.10378826966693
2017-05-08 00:00:00-04:00,55.247791634275195
2017-05-09 00:00:00-04:00,56.10124121713569
2017-05-10 00:00:00-04:00,57.47223659401153
2017-05-11 00:00:00-04:00,57.21331609659376
2017-05-12 00:00:00-04:00,57.36777306624907
2017-05-15 00:00:00-04:00,57.75846576137026
2017-05-16 00:00:00-04:00,57.88565922141884
2017-05-17 00:00:00-04:00,57.95834547581963
2017-05-18 00:00:00-04:00,56.450119145517704
2017-05-19 00:00:00-04:00,56.80445897028859
2017-05-22 00:00:00-04:00,56.94073550351304
2017-05-23 00:00:00-04:00,57.49498546073378
2017-05-24 00:00:00-04:00,57.4677211489868
2017-05-25 00:00:00-04:00,57.14971216225513
2017-05-26 00:00:00-04:00,56.686335380517406
2017-05-30 00:00:00-04:00,56.54096704566708
2017-05-31 00:00:00-04:00,56.45918713739498
2017-06-01 00:00:00-04:00,56.61363692703159
2017-06-02 00:00:00-04:00,56.96799671458801
2017-06-05 00:00:00-04:00,57.84023106717998
2017-06-06 00:00:00-04:00,56.96800137084595
2017-06-07 00:00:00-04:00,57.022516668488585
2017-06-08 00:00:00-04:00,56.967998124705076
2017-06-09 00:00:00-04:00,57.876582023426074
2017-06-12 00:00:00-04:00,57.967451335515946
2017-06-13 00:00:00-04:00,58.53984290438238
2017-06-14 00:00:00-04:00,58.59434557785357
2017-06-15 00:00:00-04:00,57.84023584999218
2017-06-16 00:00:00-04:00,57.54039730329854
2017-06-19 00:00:00-04:00,58.212753179195836
2017-06-20 00:00:00-04:00,58.38538519642757
2017-06-21 00:00:00-04:00,57.7948136696992
2017-06-22 00:00:00-04:00,57.49496564498947
2017-06-23 00:00:00-04:00,57.37686538696289
2017-06-26 00:00:00-04:00,57.54039480774507
2017-06-27 00:00:00-04:00,57.4313783303888
2017-06-28 00:00:00-04:00,57.32235113807467
2017-06-29 00:00:00-04:00,57.576741392330185
2017-06-30 00:00:00-04:00,57.24057753650716
2017-07-03 00:00:00-04:00,57.004342136925764
2017-07-05 00:00:00-04:00,56.80444778978097
2017-07-06 00:00:00-04:00,56.331986846838745
2017-07-07 00:00:00-04:00,55.423414691263254
2017-07-10 00:00:00-04:00,55.99581980663578
2017-07-11 00:00:00-04:00,55.80501095068194
2017-07-12 00:00:00-04:00,56.6590807179116
2017-07-13 00:00:00-04:00,56.01399488351612
2017-07-14 00:00:00-04:00,54.93278140747611
2017-07-17 00:00:00-04:00,54.714721143163175
2017-07-18 00:00:00-04:00,53.83339206242965
2017-07-19 00:00:00-04:00,53.760706945458374
2017-07-20 00:00:00-04:00,55.20535415880422
2017-07-21 00:00:00-04:00,55.38706976798907
2017-07-24 00:00:00-04:00,55.02363729587796
2017-07-25 00:00:00-04:00,55.2417010608189
2017-07-26 00:00:00-04:00,55.941296441667724
2017-07-27 00:00:00-04:00,55.96855851851333
2017-07-28 00:00:00-04:00,54.56026243062013
2017-07-31 00:00:00-04:00,55.05088821291904
2017-08-01 00:00:00-04:00,55.214440109362215
2017-08-02 00:00:00-04:00,55.55061321242141
2017-08-03 00:00:00-04:00,55.141760132423826
2017-08-04 00:00:00-04:00,55.67780969203375
2017-08-07 00:00:00-04:00,55.450670646675825
2017-08-08 00:00:00-04:00,55.877689220567795
2017-08-09 00:00:00-04:00,55.01455379886901
2017-08-10 00:00:00-04:00,54.55117512874632
2017-08-11 00:00:00-04:00,54.78288100565526
2017-08-14 00:00:00-04:00,55.73760094850951
2017-08-15 00:00:00-04:00,55.69214800659657
2017-08-16 00:00:00-04:00,54.95564621524253
2017-08-17 00:00:00-04:00,54.8465289675222
2017-08-18 00:00:00-04:00,53.546282631692605
2017-08-21 00:00:00-04:00,53.919090304677475
2017-08-22 00:00:00-04:00,54.164580498760444
2017-08-23 00:00:00-04:00,54.182774261593124
2017-08-24 00:00:00-04:00,54.54649159237052
2017-08-25 00:00:00-04:00,54.646494341481606
2017-08-28 00:00:00-04:00,54.21914931405855
2017-08-29 00:00:00-04:00,54.064566019141466
2017-08-30 00:00:00-04:00,54.237338081453686
2017-08-31 00:00:00-04:00,54.53739022660635
2017-09-01 00:00:00-04:00,55.264793617784726
2017-09-05 00:00:00-04:00,54.69196035284461
2017-09-06 00:00:00-04:00,54.96474776117327
2017-09-07 00:00:00-04:00,55.228428233849186
2017-09-08 00:00:00-04:00,55.31934666636371
2017-09-11 00:00:00-04:00,55.41027221412583
2017-09-12 00:00:00-04:00,57.22880022698693
2017-09-13 00:00:00-04:00,57.692512470541985
2017-09-14 00:00:00-04:00,57.592494170733275
2017-09-15 00:00:00-04:00,57.25605837263185
2017-09-18 00:00:00-04:00,57.91073310132946
2017-09-19 00:00:00-04:00,57.71071074443028
2017-09-20 00:00:00-04:00,57.05603832890697
2017-09-21 00:00:00-04:00,57.637944966908144
2017-09-22 00:00:00-04:00,57.70161174792953
2017-09-25 00:00:00-04:00,58.347191528926984
2017-09-26 00:00:00-04:00,58.76543805899183
2017-09-27 00:00:00-04:00,58.9382089220229
2017-09-28 00:00:00-04:00,59.09278579341941
2017-09-29 00:00:00-04:00,58.5017548304506
2017-10-02 00:00:00-04:00,57.70160176494771
2017-10-03 00:00:00-04:00,59.49284243099885
2017-10-04 00:00:00-04:00,59.58377928142108
2017-10-05 00:00:00-04:00,59.356448931078525
2017-10-06 00:00:00-04:00,59.5019369673271
2017-10-09 00:00:00-04:00,59.7019801334123
2017-10-10 00:00:00-04:00,59.711077378852124
2017-10-11 00:00:00-04:00,59.802007043872244
2017-10-12 00:00:00-04:00,59.46557833367259
2017-10-13 00:00:00-04:00,59.57468634187039
2017-10-16 00:00:00-04:00,59.39282948139948
2017-10-17 00:00:00-04:00,59.19279505824077
2017-10-18 00:00:00-04:00,59.28371116418416
2017-10-19 00:00:00-04:00,59.292806987397235
2017-10-20 00:00:00-04:00,59.95658307386309
2017-10-23 00:00:00-04:00,60.42029601411172
2017-10-24 00:00:00-04:00,60.38392543919643
2017-10-25 00:00:00-04:00,60.46575303905757
2017-10-26 00:00:00-04:00,60.02931848330528
2017-10-27 00:00:00-04:00,59.95657597537899
2017-10-30 00:00:00-04:00,59.638327150766656
2017-10-31 00:00:00-04:00,59.36556323930265
2017-11-01 00:00:00-04:00,60.7385397306766
2017-11-02 00:00:00-04:00,59.6747000880108
2017-11-03 00:00:00-04:00,59.53831498810681
2017-11-06 00:00:00-05:00,58.96548047162726
2017-11-07 00:00:00-05:00,59.00185370407612
2017-11-08 00:00:00-05:00,59.210980367609665
2017-11-09 00:00:00-05:00,59.265541731557654
2017-11-10 00:00:00-05:00,57.383374206952624
2017-11-13 00:00:00-05:00,57.04695648747049
2017-11-14 00:00:00-05:00,58.55161680174854
2017-11-15 00:00:00-05:00,58.46973015411375
2017-11-16 00:00:00-05:00,58.63349560028035
2017-11-17 00:00:00-05:00,59.38873402848392
2017-11-20 00:00:00-05:00,59.54340563014969
2017-11-21 00:00:00-05:00,60.71716419323003
2017-11-22 00:00:00-05:00,61.17211539279762
2017-11-24 00:00:00-05:00,61.108399955548755
2017-11-27 00:00:00-05:00,60.8900303803548
2017-11-28 00:00:00-05:00,61.090208382390195
2017-11-29 00:00:00-05:00,61.627067192667646
2017-11-30 00:00:00-05:00,62.1730068572111
2017-12-01 00:00:00-05:00,62.82810847961837
2017-12-04 00:00:00-05:00,63.692497332707184
2017-12-05 00:00:00-05:00,62.600643157958984
2017-12-06 00:00:00-05:00,62.60973062405694
2017-12-07 00:00:00-05:00,63.57424763391629
2017-12-08 00:00:00-05:00,64.2111558750868
2017-12-11 00:00:00-05:00,64.45681428153902
2017-12-12 00:00:00-05:00,64.71160874102317
2017-12-13 00:00:00-05:00,64.63879558966292
2017-12-14 00:00:00-05:00,64.55690411508849
2017-12-15 00:00:00-05:00,64.60239686223498
2017-12-18 00:00:00-05:00,65.39401637427054
2017-12-19 00:00:00-05:00,65.1028521080007
2017-12-20 00:00:00-05:00,65.66699343710248
2017-12-21 00:00:00-05:00,65.28482066153218
2017-12-22 00:00:00-05:00,65.02096165651152
2017-12-26 00:00:00-05:00,64.56601808569567
2017-12-27 00:00:00-05:00,65.29391484281507
2017-12-28 00:00:00-05:00,65.30301580500183
2017-12-29 00:00:00-05:00,65.60328351460036
2018-01-02 00:00:00-05:00,65.26661738342774
2018-01-03 00:00:00-05:00,65.12103297850834
2018-01-04 00:00:00-05:00,65.22113925403448
2018-01-05 00:00:00-05:00,64.90266653544612
2018-01-08 00:00:00-05:00,65.00274022172962
2018-01-09 00:00:00-05:00,65.13013621177683
2018-01-10 00:00:00-05:00,64.5569034992289
2018-01-11 00:00:00-05:00,64.12925997536692
2018-01-12 00:00:00-05:00,65.61237082646173
2018-01-16 00:00:00-05:00,65.6032797438264
2018-01-17 00:00:00-05:00,63.86540359004302
2018-01-18 00:00:00-05:00,63.8289794848534
2018-01-19 00:00:00-05:00,63.474135584528845
2018-01-22 00:00:00-05:00,63.774387618695
2018-01-23 00:00:00-05:00,63.41044454220097
2018-01-24 00:00:00-05:00,63.31945489879551
2018-01-25 00:00:00-05:00,63.77439628913836
2018-01-26 00:00:00-05:00,63.41953873958512
2018-01-29 00:00:00-05:00,63.601524597004754
2018-01-30 00:00:00-05:00,62.35497863828515
2018-01-31 00:00:00-05:00,62.50055019557244
2018-02-01 00:00:00-05:00,61.972800460078595
2018-02-02 00:00:00-05:00,62.32767045697575
2018-02-05 00:00:00-05:00,61.30859573155358
2018-02-06 00:00:00-05:00,58.369643761530185
2018-02-07 00:00:00-05:00,58.733598203907604
2018-02-08 00:00:00-05:00,60.68077434785512
2018-02-09 00:00:00-05:00,59.006552726672645
2018-02-12 00:00:00-05:00,58.24225281410773
2018-02-13 00:00:00-05:00,58.55161191513451
2018-02-14 00:00:00-05:00,59.1109691789855
2018-02-15 00:00:00-05:00,61.287102288295515
2018-02-16 00:00:00-05:00,60.504047455872715
2018-02-20 00:00:00-05:00,61.05948474742147
2018-02-21 00:00:00-05:00,61.22337256285017
2018-02-22 00:00:00-05:00,61.82429570954712
2018-02-23 00:00:00-05:00,62.297792115950806
2018-02-26 00:00:00-05:00,62.143006305368836
2018-02-27 00:00:00-05:00,62.370628824104934
2018-02-28 00:00:00-05:00,62.07925841667694
2018-03-01 00:00:00-05:00,60.87737525020889
2018-03-02 00:00:00-05:00,60.13075066173888
2018-03-05 00:00:00-05:00,60.5769045001428
2018-03-06 00:00:00-05:00,61.114116551072655
2018-03-07 00:00:00-05:00,61.14142965616179
2018-03-08 00:00:00-05:00,61.860736084883264
2018-03-09 00:00:00-05:00,62.11569253364713
2018-03-12 00:00:00-04:00,62.989774363879455
2018-03-13 00:00:00-04:00,62.39795063240913
2018-03-14 00:00:00-04:00,62.124800379761204
2018-03-15 00:00:00-04:00,61.915370396778016
2018-03-16 00:00:00-04:00,61.96090826772923
2018-03-19 00:00:00-04:00,61.97000116851944
2018-03-20 00:00:00-04:00,61.52384563889606
2018-03-21 00:00:00-04:00,61.49652331298807
2018-03-22 00:00:00-04:00,60.8409588385928
2018-03-23 00:00:00-04:00,60.121647787519656
2018-03-26 00:00:00-04:00,58.901556482145494
2018-03-27 00:00:00-04:00,59.3568120451293
2018-03-28 00:00:00-04:00,58.81961058803217
2018-03-29 00:00:00-04:00,59.548011053548194
2018-04-02 00:00:00-04:00,60.59511667263054
2018-04-03 00:00:00-04:00,59.26576012147464
2018-04-04 00:00:00-04:00,59.101871772178676
2018-04-05 00:00:00-04:00,60.822731018066406
2018-04-06 00:00:00-04:00,60.531369824450664
2018-04-09 00:00:00-04:00,60.00327290017792
2018-04-10 00:00:00-04:00,60.47674244091866
2018-04-11 00:00:00-04:00,60.64974271857831
2018-04-12 00:00:00-04:00,61.988218392383004
2018-04-13 00:00:00-04:00,61.96997526502029
2018-04-16 00:00:00-04:00,62.58914974455357
2018-04-17 00:00:00-04:00,63.681762999686846
2018-04-18 00:00:00-04:00,63.73639466954195
2018-04-19 00:00:00-04:00,64.29182818860703
2018-04-20 00:00:00-04:00,64.2189549761269
2018-04-23 00:00:00-04:00,63.73640113322934
2018-04-24 00:00:00-04:00,64.00046188498871
2018-04-25 00:00:00-04:00,63.390396478936516
2018-04-26 00:00:00-04:00,63.59982484807564
2018-04-27 00:00:00-04:00,63.29025400841709
2018-04-30 00:00:00-04:00,62.72572552789225
2018-05-01 00:00:00-04:00,61.56027711876641
2018-05-02 00:00:00-04:00,61.92447672141585
2018-05-03 00:00:00-04:00,61.077702692181255
2018-05-04 00:00:00-04:00,60.494950621242985
2018-05-07 00:00:00-04:00,61.241589517661986
2018-05-08 00:00:00-04:00,62.00640910512147
2018-05-09 00:00:00-04:00,62.30689155680347
2018-05-10 00:00:00-04:00,59.12917851774569
2018-05-11 00:00:00-04:00,56.115350319567675
2018-05-14 00:00:00-04:00,55.65556603410636
2018-05-15 00:00:00-04:00,55.828689792872176
2018-05-16 00:00:00-04:00,56.25695519480828
2018-05-17 00:00:00-04:00,56.0655972702251
2018-05-18 00:00:00-04:00,56.676106440991795
2018-05-21 00:00:00-04:00,57.06790627894864
2018-05-22 00:00:00-04:00,57.38682891513434
2018-05-23 00:00:00-04:00,56.5029760802336
2018-05-24 00:00:00-04:00,56.77632546719437
2018-05-25 00:00:00-04:00,56.430074880384815
2018-05-29 00:00:00-04:00,55.71935232616724
2018-05-30 00:00:00-04:00,55.99271105643859
2018-05-31 00:00:00-04:00,56.13849542133913
2018-06-01 00:00:00-04:00,55.883372816682694
2018-06-04 00:00:00-04:00,55.947140367474326
2018-06-05 00:00:00-04:00,56.86745574772754
2018-06-06 00:00:00-04:00,57.30482649302296
2018-06-07 00:00:00-04:00,57.86065061524282
2018-06-08 00:00:00-04:00,57.20459449087805
2018-06-11 00:00:00-04:00,57.086134030476174
2018-06-12 00:00:00-04:00,57.058798100239194
2018-06-13 00:00:00-04:00,56.81277968107167
2018-06-14 00:00:00-04:00,56.85833603048043
2018-06-15 00:00:00-04:00,56.76721072826436
2018-06-18 00:00:00-04:00,56.83100259589769
2018-06-19 00:00:00-04:00,57.13169767710634
2018-06-20 00:00:00-04:00,58.07933404526815
2018-06-21 00:00:00-04:00,57.79686680077152
2018-06-22 00:00:00-04:00,57.92442763091549
2018-06-25 00:00:00-04:00,57.541731015342414
2018-06-26 00:00:00-04:00,57.59640390247275
2018-06-27 00:00:00-04:00,58.024656286321665
2018-06-28 00:00:00-04:00,57.323048072602155
2018-06-29 00:00:00-04:00,57.46882840658255
2018-07-02 00:00:00-04:00,56.41184308468026
2018-07-03 00:00:00-04:00,57.414159624612104
2018-07-05 00:00:00-04:00,58.09756138698679
2018-07-06 00:00:00-04:00,58.32535659620528
2018-07-09 00:00:00-04:00,58.644270722427216
2018-07-10 00:00:00-04:00,59.04519565619534
2018-07-11 00:00:00-04:00,58.4164825083586
2018-07-12 00:00:00-04:00,58.88118441022461
2018-07-13 00:00:00-04:00,58.98142057942007
2018-07-16 00:00:00-04:00,58.908522655012376
2018-07-17 00:00:00-04:00,58.66249240460294
2018-07-18 00:00:00-04:00,59.072528017423494
2018-07-19 00:00:00-04:00,58.96319651693012
2018-07-20 00:00:00-04:00,59.801488457823226
2018-07-23 00:00:00-04:00,59.245655369382945
2018-07-24 00:00:00-04:00,59.40057483077428
2018-07-25 00:00:00-04:00,59.04520124803463
2018-07-26 00:00:00-04:00,58.68073203731155
2018-07-27 00:00:00-04:00,59.31855372434965
2018-07-30 00:00:00-04:00,58.82651290612952
2018-07-31 00:00:00-04:00,58.51670649922835
2018-08-01 00:00:00-04:00,59.036083673817
2018-08-02 00:00:00-04:00,58.544038260925284
2018-08-03 00:00:00-04:00,59.18186092177987
2018-08-06 00:00:00-04:00,58.93583615336726
2018-08-07 00:00:00-04:00,59.391443211897
2018-08-08 00:00:00-04:00,59.92906654748647
2018-08-09 00:00:00-04:00,60.284419919279856
2018-08-10 00:00:00-04:00,56.831006936230715
2018-08-13 00:00:00-04:00,57.751310438885895
2018-08-14 00:00:00-04:00,58.19342568574038
2018-08-15 00:00:00-04:00,58.19342235221183
2018-08-16 00:00:00-04:00,58.667583271029656
2018-08-17 00:00:00-04:00,58.44875044830538
2018-08-20 00:00:00-04:00,59.47000238582193
2018-08-21 00:00:00-04:00,59.36969532085463
2018-08-22 00:00:00-04:00,59.66150066003128
2018-08-23 00:00:00-04:00,59.77091113530649
2018-08-24 00:00:00-04:00,59.707079269462106
2018-08-27 00:00:00-04:00,60.071806604350236
2018-08-28 00:00:00-04:00,59.98063293239402
2018-08-29 00:00:00-04:00,59.679711333805486
2018-08-30 00:00:00-04:00,60.2815298798663
2018-08-31 00:00:00-04:00,60.108297900101554
2018-09-04 00:00:00-04:00,60.40919262118775
2018-09-05 00:00:00-04:00,59.944154622044266
2018-09-06 00:00:00-04:00,59.825614304128784
2018-09-07 00:00:00-04:00,59.533823669554266
2018-09-10 00:00:00-04:00,59.66148861375994
2018-09-11 00:00:00-04:00,59.5338345615114
2018-09-12 00:00:00-04:00,59.74355236967827
2018-09-13 00:00:00-04:00,59.843861249268805
2018-09-14 00:00:00-04:00,59.99886671238023
2018-09-17 00:00:00-04:00,60.500382834113985
2018-09-18 00:00:00-04:00,60.28153182070818
2018-09-19 00:00:00-04:00,60.21770008331374
2018-09-20 00:00:00-04:00,58.804358030235754
2018-09-21 00:00:00-04:00,59.36969939629931
2018-09-24 00:00:00-04:00,59.28763282776976
2018-09-25 00:00:00-04:00,59.32410127886132
2018-09-26 00:00:00-04:00,59.44265656903785
2018-09-27 00:00:00-04:00,58.8955490259539
2018-09-28 00:00:00-04:00,58.74052927105565
2018-10-01 00:00:00-04:00,58.330216032834784
2018-10-02 00:00:00-04:00,58.02929662184529
2018-10-03 00:00:00-04:00,58.1022445784342
2018-10-04 00:00:00-04:00,57.79222432314056
2018-10-05 00:00:00-04:00,57.29071181094748
2018-10-08 00:00:00-04:00,56.698016458241014
2018-10-09 00:00:00-04:00,57.03539562429074
2018-10-10 00:00:00-04:00,57.9016423885059
2018-10-11 00:00:00-04:00,57.78310783079895
2018-10-12 00:00:00-04:00,57.09921962146753
2018-10-15 00:00:00-04:00,56.48829427220411
2018-10-16 00:00:00-04:00,57.18129084470535
2018-10-17 00:00:00-04:00,58.384920553241614
2018-10-18 00:00:00-04:00,58.986738066638154
2018-10-19 00:00:00-04:00,58.74053641790721
2018-10-22 00:00:00-04:00,59.251159612084514
2018-10-23 00:00:00-04:00,59.16908532528318
2018-10-24 00:00:00-04:00,59.36058699168065
2018-10-25 00:00:00-04:00,59.07790561257955
2018-10-26 00:00:00-04:00,59.50648380038575
2018-10-29 00:00:00-04:00,60.637147931605824
2018-10-30 00:00:00-04:00,59.9259279801641
2018-10-31 00:00:00-04:00,60.60067752955523
2018-11-01 00:00:00-04:00,59.48823245462646
2018-11-02 00:00:00-04:00,59.014084746274655
2018-11-05 00:00:00-05:00,58.27549378732269
2018-11-06 00:00:00-05:00,58.50345125365197
2018-11-07 00:00:00-05:00,58.8317151847187
2018-11-08 00:00:00-05:00,60.11740453085461
2018-11-09 00:00:00-05:00,60.51861891669954
2018-11-12 00:00:00-05:00,61.238969396327256
2018-11-13 00:00:00-05:00,61.17512714774773
2018-11-14 00:00:00-05:00,61.01265464233818
2018-11-15 00:00:00-05:00,59.54819724794664
2018-11-16 00:00:00-05:00,60.326215912303226
2018-11-19 00:00:00-05:00,60.2712703274063
2018-11-20 00:00:00-05:00,55.273846869926174
2018-11-21 00:00:00-05:00,58.82513174037417
2018-11-23 00:00:00-05:00,60.225512657515935
2018-11-26 00:00:00-05:00,62.33067068412401
2018-11-27 00:00:00-05:00,62.33981618068
2018-11-28 00:00:00-05:00,62.467960929428486
2018-11-29 00:00:00-05:00,63.4107058816904
2018-11-30 00:00:00-05:00,63.74020599068509
2018-12-03 00:00:00-05:00,65.9734796137676
2018-12-04 00:00:00-05:00,65.66230622246849
2018-12-06 00:00:00-05:00,64.18869060589255
2018-12-07 00:00:00-05:00,64.26191743108171
2018-12-10 00:00:00-05:00,64.00564359594352
2018-12-11 00:00:00-05:00,64.34428901694959
2018-12-12 00:00:00-05:00,64.61886464665092
2018-12-13 00:00:00-05:00,64.68292945141191
2018-12-14 00:00:00-05:00,63.47475794959219
2018-12-17 00:00:00-05:00,63.25510783592521
2018-12-18 00:00:00-05:00,62.27575207283999
2018-12-19 00:00:00-05:00,60.3536573127871
2018-12-20 00:00:00-05:00,58.98988795645869
2018-12-21 00:00:00-05:00,58.73360852363191
2018-12-24 00:00:00-05:00,57.022026043934424
2018-12-26 00:00:00-05:00,57.40646046108569
2018-12-27 00:00:00-05:00,58.4041013794232
2018-12-28 00:00:00-05:00,59.090561015861674
2018-12-31 00:00:00-05:00,59.6214428375519
2019-01-02 00:00:00-05:00,58.70615869146915
2019-01-03 00:00:00-05:00,59.05396045914186
2019-01-04 00:00:00-05:00,60.22553591411875
2019-01-07 00:00:00-05:00,61.23232718520362
2019-01-08 00:00:00-05:00,61.15909483450449
2019-01-09 00:00:00-05:00,62.65100803753978
2019-01-10 00:00:00-05:00,62.715059968725825
2019-01-11 00:00:00-05:00,63.126958061386
2019-01-14 00:00:00-05:00,62.60525469641973
2019-01-15 00:00:00-05:00,62.7425483861451
2019-01-16 00:00:00-05:00,62.86152137369767
2019-01-17 00:00:00-05:00,63.17270848630921
2019-01-18 00:00:00-05:00,63.41983776185915
2019-01-22 00:00:00-05:00,63.21848728989007
2019-01-23 00:00:00-05:00,63.51136838578688
2019-01-24 00:00:00-05:00,63.3740807999258
2019-01-25 00:00:00-05:00,63.840888884022064
2019-01-28 00:00:00-05:00,62.84323132920015
2019-01-29 00:00:00-05:00,63.56629271564629
2019-01-30 00:00:00-05:00,63.0994987487793
2019-01-31 00:00:00-05:00,63.08120038945644
2019-02-01 00:00:00-05:00,64.20700886354136
2019-02-04 00:00:00-05:00,64.4083591749775
2019-02-05 00:00:00-05:00,65.19548841007398
2019-02-06 00:00:00-05:00,65.80872869586639
2019-02-07 00:00:00-05:00,66.14738064500452
2019-02-08 00:00:00-05:00,64.20699597896345
2019-02-11 00:00:00-05:00,63.94157210113346
2019-02-12 00:00:00-05:00,64.08801996823168
2019-02-13 00:00:00-05:00,64.10631862079678
2019-02-14 00:00:00-05:00,64.42669131599041
2019-02-15 00:00:00-05:00,66.40155105887287
2019-02-19 00:00:00-05:00,67.64159003968318
2019-02-20 00:00:00-05:00,67.11802837236851
2019-02-21 00:00:00-05:00,66.44748970533304
2019-02-22 00:00:00-05:00,66.1351700721764
2019-02-25 00:00:00-05:00,66.5944540727903
2019-02-26 00:00:00-05:00,66.67710598989457
2019-02-27 00:00:00-05:00,66.1260061444507
2019-02-28 00:00:00-05:00,65.32686830866042
2019-03-01 00:00:00-05:00,65.40034871678576
2019-03-04 00:00:00-05:00,65.68511264557401
2019-03-05 00:00:00-05:00,65.11560388867652
2019-03-06 00:00:00-05:00,64.46343730469006
2019-03-07 00:00:00-05:00,63.37955470420971
2019-03-08 00:00:00-05:00,63.71939801138134
2019-03-11 00:00:00-04:00,64.3532222085428
2019-03-12 00:00:00-04:00,65.46465639086436
2019-03-13 00:00:00-04:00,65.060484207169
2019-03-14 00:00:00-04:00,65.44627873902368
2019-03-15 00:00:00-04:00,65.52892791466002
2019-03-18 00:00:00-04:00,65.44628913702687
2019-03-19 00:00:00-04:00,65.2625792162757
2019-03-20 00:00:00-04:00,65.35442023103171
2019-03-21 00:00:00-04:00,65.07884341616207
2019-03-22 00:00:00-04:00,65.55651046967066
2019-03-25 00:00:00-04:00,64.27972021136266
2019-03-26 00:00:00-04:00,64.46344635735369
2019-03-27 00:00:00-04:00,64.88597268409382
2019-03-28 00:00:00-04:00,65.09724095208266
2019-03-29 00:00:00-04:00,65.85961866579878
2019-04-01 00:00:00-04:00,65.58407916027713
2019-04-02 00:00:00-04:00,65.7769651314039
2019-04-03 00:00:00-04:00,65.3544283422714
2019-04-04 00:00:00-04:00,65.88719333845593
2019-04-05 00:00:00-04:00,66.18112404182806
2019-04-08 00:00:00-04:00,65.56570060757768
2019-04-09 00:00:00-04:00,64.96865307902628
2019-04-10 00:00:00-04:00,64.62877488668079
2019-04-11 00:00:00-04:00,65.14315855176385
2019-04-12 00:00:00-04:00,64.86758141753684
2019-04-15 00:00:00-04:00,64.7757507882016
2019-04-16 00:00:00-04:00,65.34522955304593
2019-04-17 00:00:00-04:00,65.21665303479168
2019-04-18 00:00:00-04:00,64.86759023455454
2019-04-22 00:00:00-04:00,65.07885744155344
2019-04-23 00:00:00-04:00,64.95945401298002
2019-04-24 00:00:00-04:00,65.75856906319783
2019-04-25 00:00:00-04:00,66.3923786731469
2019-04-26 00:00:00-04:00,66.7138699203329
2019-04-29 00:00:00-04:00,67.41193830735068
2019-04-30 00:00:00-04:00,67.51299669662244
2019-05-01 00:00:00-04:00,67.97226655627149
2019-05-02 00:00:00-04:00,66.90676879882812
2019-05-03 00:00:00-04:00,67.29255180023183
2019-05-06 00:00:00-04:00,67.10884310552322
2019-05-07 00:00:00-04:00,67.31091580288151
2019-05-08 00:00:00-04:00,66.41076491063434
2019-05-09 00:00:00-04:00,65.79530625867119
2019-05-10 00:00:00-04:00,66.44748583032506
2019-05-13 00:00:00-04:00,66.04330812267594
2019-05-14 00:00:00-04:00,65.4457653756178
2019-05-15 00:00:00-04:00,65.27065745619522
2019-05-16 00:00:00-04:00,65.97117947441345
2019-05-17 00:00:00-04:00,66.07256922305966
2019-05-20 00:00:00-04:00,65.35359876953615
2019-05-21 00:00:00-04:00,66.97590770876542
2019-05-22 00:00:00-04:00,67.33537583797796
2019-05-23 00:00:00-04:00,66.45970809175405
2019-05-24 00:00:00-04:00,66.35830854296869
2019-05-28 00:00:00-04:00,66.02650165334963
2019-05-29 00:00:00-04:00,65.57480154254735
2019-05-30 00:00:00-04:00,65.2890968300192
2019-05-31 00:00:00-04:00,64.95721287865257
2019-06-03 00:00:00-04:00,65.62090578683441
2019-06-04 00:00:00-04:00,65.25219987214093
2019-06-05 00:00:00-04:00,67.34461919662814
2019-06-06 00:00:00-04:00,68.04516708892749
2019-06-07 00:00:00-04:00,68.65352393422836
2019-06-10 00:00:00-04:00,69.2342452945598
2019-06-11 00:00:00-04:00,69.09598199322926
2019-06-12 00:00:00-04:00,68.74572330779834
2019-06-13 00:00:00-04:00,69.93480285181766
2019-06-14 00:00:00-04:00,69.9624362339486
2019-06-17 00:00:00-04:00,70.07305273384516
2019-06-18 00:00:00-04:00,69.8702705322886
2019-06-19 00:00:00-04:00,69.78732249998913
2019-06-20 00:00:00-04:00,70.56159477199881
2019-06-21 00:00:00-04:00,70.05462163594804
2019-06-24 00:00:00-04:00,68.88397087109504
2019-06-25 00:00:00-04:00,67.89767597461925
2019-06-26 00:00:00-04:00,67.62114140157382
2019-06-27 00:00:00-04:00,66.10943479367319
2019-06-28 00:00:00-04:00,66.70858074347795
2019-07-01 00:00:00-04:00,67.19713173077488
2019-07-02 00:00:00-04:00,67.18789525993681
2019-07-03 00:00:00-04:00,67.1971260143126
2019-07-05 00:00:00-04:00,67.43678467722252
2019-07-08 00:00:00-04:00,68.11889602543317
2019-07-09 00:00:00-04:00,67.90687766621683
2019-07-10 00:00:00-04:00,68.65353166137318
2019-07-11 00:00:00-04:00,68.3770008990528
2019-07-12 00:00:00-04:00,68.10966726749459
2019-07-15 00:00:00-04:00,68.810225732007
2019-07-16 00:00:00-04:00,68.61664581903196
2019-07-17 00:00:00-04:00,68.29405354378243
2019-07-18 00:00:00-04:00,67.78706163022285
2019-07-19 00:00:00-04:00,68.16498079784961
2019-07-22 00:00:00-04:00,67.2063396247322
2019-07-23 00:00:00-04:00,67.30774507564108
2019-07-24 00:00:00-04:00,67.31696908821115
2019-07-25 00:00:00-04:00,67.98062903673033
2019-07-26 00:00:00-04:00,67.70410191277165
2019-07-29 00:00:00-04:00,68.73648770533536
2019-07-30 00:00:00-04:00,67.78706354250286
2019-07-31 00:00:00-04:00,68.10045790757125
2019-08-01 00:00:00-04:00,67.69487439487715
2019-08-02 00:00:00-04:00,66.89293545778524
2019-08-05 00:00:00-04:00,64.79129785090547
2019-08-06 00:00:00-04:00,63.546914266436964
2019-08-07 00:00:00-04:00,64.08152609588267
2019-08-08 00:00:00-04:00,70.32193430956232
2019-08-09 00:00:00-04:00,70.29427946224124
2019-08-12 00:00:00-04:00,69.5199825074364
2019-08-13 00:00:00-04:00,69.81493750900812
2019-08-14 00:00:00-04:00,69.37786920443801
2019-08-15 00:00:00-04:00,70.55234231615039
2019-08-16 00:00:00-04:00,70.73728841010399
2019-08-19 00:00:00-04:00,72.50364784049947
2019-08-20 00:00:00-04:00,72.1152412804565
2019-08-21 00:00:00-04:00,73.33597004815277
2019-08-22 00:00:00-04:00,72.98451458346908
2019-08-23 00:00:00-04:00,71.26444602941271
2019-08-26 00:00:00-04:00,70.40436334656388
2019-08-27 00:00:00-04:00,71.31067104172524
2019-08-28 00:00:00-04:00,69.88649757779825
2019-08-29 00:00:00-04:00,71.27369085052477
2019-08-30 00:00:00-04:00,71.44014073822868
2019-09-03 00:00:00-04:00,70.54309222809835
2019-09-04 00:00:00-04:00,71.77307293874438
2019-09-05 00:00:00-04:00,73.47469779876164
2019-09-06 00:00:00-04:00,73.02153093621678
2019-09-09 00:00:00-04:00,72.43890562400753
2019-09-10 00:00:00-04:00,72.65163301690293
2019-09-11 00:00:00-04:00,72.53140490575014
2019-09-12 00:00:00-04:00,74.37173391532589
2019-09-13 00:00:00-04:00,74.99132957746882
2019-09-16 00:00:00-04:00,74.82488224113236
2019-09-17 00:00:00-04:00,73.16025244357294
2019-09-18 00:00:00-04:00,74.50120565166894
2019-09-19 00:00:00-04:00,74.19602521308163
2019-09-20 00:00:00-04:00,74.04805155092315
2019-09-23 00:00:00-04:00,71.96727048387551
2019-09-24 00:00:00-04:00,72.383428457571
2019-09-25 00:00:00-04:00,71.91180389716054
2019-09-26 00:00:00-04:00,72.63312180237708
2019-09-27 00:00:00-04:00,72.38341405776542
2019-09-30 00:00:00-04:00,71.59735719915172
2019-10-01 00:00:00-04:00,71.63436042326146
2019-10-02 00:00:00-04:00,70.27490962133523
2019-10-03 00:00:00-04:00,69.1281728158545
2019-10-04 00:00:00-04:00,69.74778238927333
2019-10-07 00:00:00-04:00,69.77551875975774
2019-10-08 00:00:00-04:00,69.05418690195232
2019-10-09 00:00:00-04:00,69.01720263312656
2019-10-10 00:00:00-04:00,69.25763763152989
2019-10-11 00:00:00-04:00,68.7397621985258
2019-10-14 00:00:00-04:00,68.8137360118776
2019-10-15 00:00:00-04:00,68.83223427479703
2019-10-16 00:00:00-04:00,69.56281586932042
2019-10-17 00:00:00-04:00,69.96973248671803
2019-10-18 00:00:00-04:00,70.43211262675425
2019-10-21 00:00:00-04:00,72.22620575472068
2019-10-22 00:00:00-04:00,71.97653415925053
2019-10-23 00:00:00-04:00,70.56161107246166
2019-10-24 00:00:00-04:00,69.58131335412877
2019-10-25 00:00:00-04:00,68.90622388703834
2019-10-28 00:00:00-04:00,69.70152225427928
2019-10-29 00:00:00-04:00,68.94321855008721
2019-10-30 00:00:00-04:00,70.06221241208512
2019-10-31 00:00:00-04:00,71.08871799908401
2019-11-01 00:00:00-04:00,71.44015776943085
2019-11-04 00:00:00-05:00,70.58934980184534
2019-11-05 00:00:00-05:00,69.87726153791661
2019-11-06 00:00:00-05:00,70.1731887532265
2019-11-07 00:00:00-05:00,70.71879767947357
2019-11-08 00:00:00-05:00,70.14542534159865
2019-11-11 00:00:00-05:00,70.46912208210365
2019-11-12 00:00:00-05:00,70.36738764782214
2019-11-13 00:00:00-05:00,70.21017257540511
2019-11-14 00:00:00-05:00,70.44987992288823
2019-11-15 00:00:00-05:00,71.52657339150726
2019-11-18 00:00:00-05:00,72.11133628046326
2019-11-19 00:00:00-05:00,71.2388284725556
2019-11-20 00:00:00-05:00,70.31062385559082
2019-11-21 00:00:00-05:00,69.56809584026402
2019-11-22 00:00:00-05:00,69.83726145361493
2019-11-25 00:00:00-05:00,69.01116519467887
2019-11-26 00:00:00-05:00,70.10645027283898
2019-11-27 00:00:00-05:00,70.70974752734979
2019-11-29 00:00:00-05:00,69.9393672142565
2019-12-02 00:00:00-05:00,69.24319978496702
2019-12-03 00:00:00-05:00,68.22221339763823
2019-12-04 00:00:00-05:00,68.81624052028425
2019-12-05 00:00:00-05:00,68.94619932629118
2019-12-06 00:00:00-05:00,69.50308960875529
2019-12-09 00:00:00-05:00,69.11326230643901
2019-12-10 00:00:00-05:00,68.64917657186068
2019-12-11 00:00:00-05:00,68.20365142822266
2019-12-12 00:00:00-05:00,68.04585739381233
2019-12-13 00:00:00-05:00,67.82308327159164
2019-12-16 00:00:00-05:00,68.11082008868392
2019-12-17 00:00:00-05:00,68.5285134646369
2019-12-18 00:00:00-05:00,68.3428647295018
2019-12-19 00:00:00-05:00,68.35214654802431
2019-12-20 00:00:00-05:00,69.2432140317969
2019-12-23 00:00:00-05:00,69.77229531956769
2019-12-24 00:00:00-05:00,69.36388983625976
2019-12-26 00:00:00-05:00,68.86265694824345
2019-12-27 00:00:00-05:00,69.15039457905286
2019-12-30 00:00:00-05:00,68.95548450211074
2019-12-31 00:00:00-05:00,69.21535383694949
2020-01-02 00:00:00-05:00,69.54024189615822
2020-01-03 00:00:00-05:00,68.87194938866489
2020-01-06 00:00:00-05:00,68.96475536491909
2020-01-07 00:00:00-05:00,69.4938341758973
2020-01-08 00:00:00-05:00,68.85336935393973
2020-01-09 00:00:00-05:00,69.13183013247131
2020-01-10 00:00:00-05:00,69.41030359754349
2020-01-13 00:00:00-05:00,69.4566963551512
2020-01-14 00:00:00-05:00,70.01362350517871
2020-01-15 00:00:00-05:00,69.79085805844896
2020-01-16 00:00:00-05:00,70.19925372786028
2020-01-17 00:00:00-05:00,70.88612508823587
2020-01-21 00:00:00-05:00,69.62377270469638
2020-01-22 00:00:00-05:00,69.20611379271158
2020-01-23 00:00:00-05:00,69.28032816913087
2020-01-24 00:00:00-05:00,69.51240265882548
2020-01-27 00:00:00-05:00,67.60960116088141
2020-01-28 00:00:00-05:00,68.43569681186784
2020-01-29 00:00:00-05:00,68.76054347069021
2020-01-30 00:00:00-05:00,67.71170224950149
2020-01-31 00:00:00-05:00,67.62818050667164
2020-02-03 00:00:00-05:00,66.82991287916502
2020-02-04 00:00:00-05:00,68.38927722345565
2020-02-05 00:00:00-05:00,68.9554737952215
2020-02-06 00:00:00-05:00,69.6330484712514
2020-02-07 00:00:00-05:00,68.63989382823188
2020-02-10 00:00:00-05:00,69.24320161559422
2020-02-11 00:00:00-05:00,68.89978711954831
2020-02-12 00:00:00-05:00,69.10398289209962
2020-02-13 00:00:00-05:00,68.25873533144878
2020-02-14 00:00:00-05:00,68.84571537761619
2020-02-18 00:00:00-05:00,68.1003265177232
2020-02-19 00:00:00-05:00,68.30532482271937
2020-02-20 00:00:00-05:00,67.62514850393754
2020-02-21 00:00:00-05:00,66.8797722616202
2020-02-24 00:00:00-05:00,64.16842411097281
2020-02-25 00:00:00-05:00,64.62496762679072
2020-02-26 00:00:00-05:00,62.47266404736372
2020-02-27 00:00:00-05:00,60.925993124903435
2020-02-28 00:00:00-05:00,58.43826583147423
2020-03-02 00:00:00-05:00,58.69915355411145
2020-03-03 00:00:00-05:00,61.727284902758484
2020-03-04 00:00:00-05:00,60.79554906990431
2020-03-05 00:00:00-05:00,60.81417684467827
2020-03-06 00:00:00-05:00,59.04389005855597
2020-03-09 00:00:00-04:00,55.92259155786631
2020-03-10 00:00:00-04:00,58.02831607532924
2020-03-11 00:00:00-04:00,56.33256148995103
2020-03-12 00:00:00-04:00,53.5746281031248
2020-03-13 00:00:00-04:00,51.16144054615935
2020-03-16 00:00:00-04:00,43.325564966684844
2020-03-17 00:00:00-04:00,47.01522172050471
2020-03-18 00:00:00-04:00,49.84769654404947
2020-03-19 00:00:00-04:00,54.860410735889175
2020-03-20 00:00:00-04:00,54.67406663276503
2020-03-23 00:00:00-04:00,48.35692564830308
2020-03-24 00:00:00-04:00,52.19566405626735
2020-03-25 00:00:00-04:00,53.08080783553332
2020-03-26 00:00:00-04:00,51.804332328248826
2020-03-27 00:00:00-04:00,49.93155907512721
2020-03-30 00:00:00-04:00,51.74842388610731
2020-03-31 00:00:00-04:00,53.08080650515911
2020-04-01 00:00:00-04:00,52.68016940871224
2020-04-02 00:00:00-04:00,51.366416844265736
2020-04-03 00:00:00-04:00,51.72047730071161
2020-04-06 00:00:00-04:00,54.497035359465045
2020-04-07 00:00:00-04:00,55.661706076662114
2020-04-08 00:00:00-04:00,56.21142625607992
2020-04-09 00:00:00-04:00,58.19601176361443
2020-04-13 00:00:00-04:00,58.62462119300326
2020-04-14 00:00:00-04:00,59.58430503087915
2020-04-15 00:00:00-04:00,57.366774395895305
2020-04-16 00:00:00-04:00,57.40404480351221
2020-04-17 00:00:00-04:00,59.79860425167446
2020-04-20 00:00:00-04:00,59.38863963418428
2020-04-21 00:00:00-04:00,58.885508647596104
2020-04-22 00:00:00-04:00,59.67747284944756
2020-04-23 00:00:00-04:00,59.32340974459861
2020-04-24 00:00:00-04:00,59.97563316692351
2020-04-27 00:00:00-04:00,61.14029893459536
2020-04-28 00:00:00-04:00,63.85164719289566
2020-04-29 00:00:00-04:00,63.74912472387637
2020-04-30 00:00:00-04:00,63.1342116539103
2020-05-01 00:00:00-04:00,61.4198171969338
2020-05-04 00:00:00-04:00,61.00052896114873
2020-05-05 00:00:00-04:00,62.49130515984202
2020-05-06 00:00:00-04:00,61.4943461421113
2020-05-07 00:00:00-04:00,56.938193565148325
2020-05-08 00:00:00-04:00,62.593779701142005
2020-05-11 00:00:00-04:00,63.54414841353993
2020-05-12 00:00:00-04:00,64.16843152255181
2020-05-13 00:00:00-04:00,62.31427084083581
2020-05-14 00:00:00-04:00,59.122888134430674
2020-05-15 00:00:00-04:00,60.18969066100098
2020-05-18 00:00:00-04:00,62.828586129289455
2020-05-19 00:00:00-04:00,65.12127302848334
2020-05-20 00:00:00-04:00,64.44749561766031
2020-05-21 00:00:00-04:00,65.13061421986772
2020-05-22 00:00:00-04:00,65.54236634299298
2020-05-26 00:00:00-04:00,67.21741538070782
2020-05-27 00:00:00-04:00,67.6010892057571
2020-05-28 00:00:00-04:00,69.0234991629647
2020-05-29 00:00:00-04:00,68.04092709463512
2020-06-01 00:00:00-04:00,67.535586831229
2020-06-02 00:00:00-04:00,68.75212081370952
2020-06-03 00:00:00-04:00,68.57432615315469
2020-06-04 00:00:00-04:00,67.35779367116358
2020-06-05 00:00:00-04:00,69.65047362332525
2020-06-08 00:00:00-04:00,70.25872116098365
2020-06-09 00:00:00-04:00,68.34037301550059
2020-06-10 00:00:00-04:00,68.49944514061423
2020-06-11 00:00:00-04:00,66.35651488114917
2020-06-12 00:00:00-04:00,65.50493794482875
2020-06-15 00:00:00-04:00,62.32327252728605
2020-06-16 00:00:00-04:00,66.30034661688805
2020-06-17 00:00:00-04:00,65.29906935389585
2020-06-18 00:00:00-04:00,63.38071037323137
2020-06-19 00:00:00-04:00,64.03576725343956
2020-06-22 00:00:00-04:00,63.58656909808096
2020-06-23 00:00:00-04:00,64.83117690264756
2020-06-24 00:00:00-04:00,64.37263646227521
2020-06-25 00:00:00-04:00,65.50494968014608
2020-06-26 00:00:00-04:00,65.84180709046038
2020-06-29 00:00:00-04:00,65.97282370051255
2020-06-30 00:00:00-04:00,66.29100384594024
2020-07-01 00:00:00-04:00,65.94476043757145
2020-07-02 00:00:00-04:00,66.62787535176682
2020-07-06 00:00:00-04:00,66.59044386184645
2020-07-07 00:00:00-04:00,65.11191440268229
2020-07-08 00:00:00-04:00,67.99414138043043
2020-07-09 00:00:00-04:00,67.35779145455534
2020-07-10 00:00:00-04:00,67.09578594473777
2020-07-13 00:00:00-04:00,67.56365118238003
2020-07-14 00:00:00-04:00,65.54237640887106
2020-07-15 00:00:00-04:00,66.99283449987189
2020-07-16 00:00:00-04:00,67.37650833629414
2020-07-17 00:00:00-04:00,67.10511661125817
2020-07-20 00:00:00-04:00,67.35780431609454
2020-07-21 00:00:00-04:00,69.0234894883235
2020-07-22 00:00:00-04:00,67.91927469018826
2020-07-23 00:00:00-04:00,68.55559941718745
2020-07-24 00:00:00-04:00,68.00348990387468
2020-07-27 00:00:00-04:00,67.33907437265353
2020-07-28 00:00:00-04:00,68.00348033432184
2020-07-29 00:00:00-04:00,68.18129066905009
2020-07-30 00:00:00-04:00,68.12514195406564
2020-07-31 00:00:00-04:00,69.08899206112204
2020-08-03 00:00:00-04:00,70.17450766067617
2020-08-04 00:00:00-04:00,70.38036959018109
2020-08-05 00:00:00-04:00,71.80278230252911
2020-08-06 00:00:00-04:00,73.80535785316785
2020-08-07 00:00:00-04:00,71.31616998878862
2020-08-10 00:00:00-04:00,72.74790717385541
2020-08-11 00:00:00-04:00,72.2519445727165
2020-08-12 00:00:00-04:00,71.73728652371445
2020-08-13 00:00:00-04:00,71.13705736299605
2020-08-14 00:00:00-04:00,71.82271619289706
2020-08-17 00:00:00-04:00,73.25970972652814
2020-08-18 00:00:00-04:00,73.8889932591153
2020-08-19 00:00:00-04:00,73.88898401426192
2020-08-20 00:00:00-04:00,72.70555693990892
2020-08-21 00:00:00-04:00,72.72434435046834
2020-08-24 00:00:00-04:00,73.24091871926626
2020-08-25 00:00:00-04:00,73.74811235035172
2020-08-26 00:00:00-04:00,72.9685670007761
2020-08-27 00:00:00-04:00,73.60722631436659
2020-08-28 00:00:00-04:00,73.73871065161849
2020-08-31 00:00:00-04:00,73.35364495490788
2020-09-01 00:00:00-04:00,72.7525139849342
2020-09-02 00:00:00-04:00,73.15639754528004
2020-09-03 00:00:00-04:00,73.87021802223063
2020-09-04 00:00:00-04:00,72.70556793363758
2020-09-08 00:00:00-04:00,69.70942933042772
2020-09-09 00:00:00-04:00,69.66246230515719
2020-09-10 00:00:00-04:00,69.56855309984297
2020-09-11 00:00:00-04:00,67.62434064583326
2020-09-14 00:00:00-04:00,67.09839108812534
2020-09-15 00:00:00-04:00,68.22545062691144
2020-09-16 00:00:00-04:00,68.187874665065
2020-09-17 00:00:00-04:00,66.40335984013807
2020-09-18 00:00:00-04:00,66.92931955007738
2020-09-21 00:00:00-04:00,64.93817044888799
2020-09-22 00:00:00-04:00,64.64699209657525
2020-09-23 00:00:00-04:00,64.30888185531802
2020-09-24 00:00:00-04:00,62.496163565480906
2020-09-25 00:00:00-04:00,62.984554681192904
2020-09-28 00:00:00-04:00,64.34645637874237
2020-09-29 00:00:00-04:00,64.68457672011596
2020-09-30 00:00:00-04:00,64.83483381053911
2020-10-01 00:00:00-04:00,64.18676854576294
2020-10-02 00:00:00-04:00,63.76414257731237
2020-10-05 00:00:00-04:00,64.2431329007403
2020-10-06 00:00:00-04:00,64.84424600214459
2020-10-07 00:00:00-04:00,64.79727265862644
2020-10-08 00:00:00-04:00,65.65196757239659
2020-10-09 00:00:00-04:00,66.08401520329761
2020-10-12 00:00:00-04:00,66.30944342458028
2020-10-13 00:00:00-04:00,66.10279515270862
2020-10-14 00:00:00-04:00,64.51549270334546
2020-10-15 00:00:00-04:00,63.06909024734703
2020-10-16 00:00:00-04:00,64.52490805220229
2020-10-19 00:00:00-04:00,64.97573588430024
2020-10-20 00:00:00-04:00,62.70279597345661
2020-10-21 00:00:00-04:00,62.186221072024104
2020-10-22 00:00:00-04:00,62.99394785512506
2020-10-23 00:00:00-04:00,63.116055157104675
2020-10-26 00:00:00-04:00,62.29892970649507
2020-10-27 00:00:00-04:00,62.00777017217771
2020-10-28 00:00:00-04:00,60.392312117098854
2020-10-29 00:00:00-04:00,60.927662655010714
2020-10-30 00:00:00-04:00,61.30333853138773
2020-11-02 00:00:00-05:00,63.84864888969507
2020-11-03 00:00:00-05:00,64.48733376892892
2020-11-04 00:00:00-05:00,66.20609773611235
2020-11-05 00:00:00-05:00,67.08898104474531
2020-11-06 00:00:00-05:00,67.75584822718241
2020-11-09 00:00:00-05:00,69.85033934120581
2020-11-10 00:00:00-05:00,69.48402479418706
2020-11-11 00:00:00-05:00,70.13208524419163
2020-11-12 00:00:00-05:00,69.27639517439829
2020-11-13 00:00:00-05:00,69.11610385045873
2020-11-16 00:00:00-05:00,70.9734106489101
2020-11-17 00:00:00-05:00,70.59630331710753
2020-11-18 00:00:00-05:00,70.28518379206629
2020-11-19 00:00:00-05:00,68.46558940120293
2020-11-20 00:00:00-05:00,69.1821122901735
2020-11-23 00:00:00-05:00,68.6069921076472
2020-11-24 00:00:00-05:00,68.16389024659253
2020-11-25 00:00:00-05:00,69.70065399677324
2020-11-27 00:00:00-05:00,69.55922792000248
2020-11-30 00:00:00-05:00,69.21981588643126
2020-12-01 00:00:00-05:00,68.20159331633211
2020-12-02 00:00:00-05:00,67.93762067323193
2020-12-03 00:00:00-05:00,67.66420795478288
2020-12-04 00:00:00-05:00,64.38331651576826
2020-12-07 00:00:00-05:00,67.2682546529954
2020-12-08 00:00:00-05:00,66.4008937709968
2020-12-09 00:00:00-05:00,67.48508571263197
2020-12-10 00:00:00-05:00,67.71133876712813
2020-12-11 00:00:00-05:00,67.0231154104312
2020-12-14 00:00:00-05:00,69.3235243781817
2020-12-15 00:00:00-05:00,68.55044502914313
2020-12-16 00:00:00-05:00,70.22860505404348
2020-12-17 00:00:00-05:00,70.1060448277931
2020-12-18 00:00:00-05:00,69.45550181477074
2020-12-21 00:00:00-05:00,68.16389996919413
2020-12-22 00:00:00-05:00,68.08846925935319
2020-12-23 00:00:00-05:00,68.15445787750667
2020-12-24 00:00:00-05:00,68.82384676102649
2020-12-28 00:00:00-05:00,68.82386219455144
2020-12-29 00:00:00-05:00,69.80435996465043
2020-12-30 00:00:00-05:00,68.7672694108215
2020-12-31 00:00:00-05:00,68.40901923443843
2021-01-04 00:00:00-05:00,69.67236629300378
2021-01-05 00:00:00-05:00,69.17267628181435
2021-01-06 00:00:00-05:00,70.95455639227904
2021-01-07 00:00:00-05:00,73.5378097036478
2021-01-08 00:00:00-05:00,74.57486895463592
2021-01-11 00:00:00-05:00,72.19905482957216
2021-01-12 00:00:00-05:00,72.3970341559413
2021-01-13 00:00:00-05:00,72.24617598122815
2021-01-14 00:00:00-05:00,72.26504493576442
2021-01-15 00:00:00-05:00,71.18083694154684
2021-01-19 00:00:00-05:00,72.45359405546756
2021-01-20 00:00:00-05:00,72.43475183140247
2021-01-21 00:00:00-05:00,72.24618155274453
2021-01-22 00:00:00-05:00,71.08655524148293
2021-01-25 00:00:00-05:00,72.75528960803207
2021-01-26 00:00:00-05:00,75.10285563403842
2021-01-27 00:00:00-05:00,72.5195630718986
2021-01-28 00:00:00-05:00,72.59501160009809
2021-01-29 00:00:00-05:00,72.20847791971397
2021-02-01 00:00:00-05:00,71.19967980668328
2021-02-02 00:00:00-05:00,72.65158635045194
2021-02-03 00:00:00-05:00,71.7559393732645
2021-02-04 00:00:00-05:00,72.11419429660246
2021-02-05 00:00:00-05:00,76.63960711101501
2021-02-08 00:00:00-05:00,75.76279270012003
2021-02-09 00:00:00-05:00,77.72382022686821
2021-02-10 00:00:00-05:00,79.13800672451893
2021-02-11 00:00:00-05:00,79.66738970684715
2021-02-12 00:00:00-05:00,79.30792151845341
2021-02-16 00:00:00-05:00,78.90115336920489
2021-02-17 00:00:00-05:00,77.29305903884104
2021-02-18 00:00:00-05:00,77.51063893237581
2021-02-19 00:00:00-05:00,77.51064321387415
2021-02-22 00:00:00-05:00,77.2268524987434
2021-02-23 00:00:00-05:00,78.48497054007335
2021-02-24 00:00:00-05:00,79.07141553637868
2021-02-25 00:00:00-05:00,78.45657232022245
2021-02-26 00:00:00-05:00,78.5606156488305
2021-03-01 00:00:00-05:00,78.35250852367447
2021-03-02 00:00:00-05:00,79.21332940330866
2021-03-03 00:00:00-05:00,78.46602798320933
2021-03-04 00:00:00-05:00,78.17280082747816
2021-03-05 00:00:00-05:00,78.97683403858056
2021-03-08 00:00:00-05:00,79.97955134663918
2021-03-09 00:00:00-05:00,81.5687240873313
2021-03-10 00:00:00-05:00,79.79980595060618
2021-03-11 00:00:00-05:00,81.93764912646539
2021-03-12 00:00:00-05:00,82.36331344165121
2021-03-15 00:00:00-04:00,82.41059414296512
2021-03-16 00:00:00-04:00,82.20252639685391
2021-03-17 00:00:00-04:00,82.7322444658558
2021-03-18 00:00:00-04:00,81.25656229030993
2021-03-19 00:00:00-04:00,81.37953327539064
2021-03-22 00:00:00-04:00,82.11736048498977
2021-03-23 00:00:00-04:00,82.18358183844607
2021-03-24 00:00:00-04:00,83.25251244579667
2021-03-25 00:00:00-04:00,81.38899863873795
2021-03-26 00:00:00-04:00,83.02547797964202
2021-03-29 00:00:00-04:00,83.90521955739348
2021-03-30 00:00:00-04:00,83.82006952155433
2021-03-31 00:00:00-04:00,84.49170026855627
2021-04-01 00:00:00-04:00,84.43492870921038
2021-04-05 00:00:00-04:00,86.89439636646404
2021-04-06 00:00:00-04:00,87.44303207311884
2021-04-07 00:00:00-04:00,87.35788904743208
2021-04-08 00:00:00-04:00,86.58224229993344
2021-04-09 00:00:00-04:00,88.25654326982425
2021-04-12 00:00:00-04:00,89.04168222486814
2021-04-13 00:00:00-04:00,88.10518947467617
2021-04-14 00:00:00-04:00,87.77412316568234
2021-04-15 00:00:00-04:00,89.55248846002465
2021-04-16 00:00:00-04:00,90.36600062041028
2021-04-19 00:00:00-04:00,89.97817240262253
2021-04-20 00:00:00-04:00,90.55519267346806
2021-04-21 00:00:00-04:00,90.3376278362805
2021-04-22 00:00:00-04:00,88.75790619088316
2021-04-23 00:00:00-04:00,87.26331019599898
2021-04-26 00:00:00-04:00,88.0578879681837
2021-04-27 00:00:00-04:00,87.32006111519985
2021-04-28 00:00:00-04:00,87.98224613035349
2021-04-29 00:00:00-04:00,87.94438934326172
2021-04-30 00:00:00-04:00,87.42411422140238
2021-05-03 00:00:00-04:00,87.05518804891578
2021-05-04 00:00:00-04:00,87.22547175483605
2021-05-05 00:00:00-04:00,87.58491985923534
2021-05-06 00:00:00-04:00,87.64168154565492
2021-05-07 00:00:00-04:00,88.35115066862974
2021-05-10 00:00:00-04:00,86.08086150239018
2021-05-11 00:00:00-04:00,83.999802135828
2021-05-12 00:00:00-04:00,83.72548197230294
2021-05-13 00:00:00-04:00,82.46878408814679
2021-05-14 00:00:00-04:00,84.38578400206232
2021-05-17 00:00:00-04:00,84.64201061646882
2021-05-18 00:00:00-04:00,85.98960773099788
2021-05-19 00:00:00-04:00,84.30985477936119
2021-05-20 00:00:00-04:00,85.0310922777749
2021-05-21 00:00:00-04:00,86.07501286857004
2021-05-24 00:00:00-04:00,86.21736143270223
2021-05-25 00:00:00-04:00,86.3597167787462
2021-05-26 00:00:00-04:00,86.23633445603821
2021-05-27 00:00:00-04:00,87.10943577493543
2021-05-28 00:00:00-04:00,87.65036706844396
2021-06-01 00:00:00-04:00,88.9030735511118
2021-06-02 00:00:00-04:00,86.7677866113481
2021-06-03 00:00:00-04:00,85.63845395881383
2021-06-04 00:00:00-04:00,85.9706211789985
2021-06-07 00:00:00-04:00,86.14143345381477
2021-06-08 00:00:00-04:00,85.53407351209033
2021-06-09 00:00:00-04:00,86.41665649414062
2021-06-10 00:00:00-04:00,86.67287636231997
2021-06-11 00:00:00-04:00,87.62188956303368
2021-06-14 00:00:00-04:00,89.57684524259794
2021-06-15 00:00:00-04:00,88.903057571284
2021-06-16 00:00:00-04:00,88.21977327725584
2021-06-17 00:00:00-04:00,87.37513981057894
2021-06-18 00:00:00-04:00,85.10703489677685
2021-06-21 00:00:00-04:00,84.78435120722257
2021-06-22 00:00:00-04:00,86.67289441725445
2021-06-23 00:00:00-04:00,87.16637018633999
2021-06-24 00:00:00-04:00,86.9385995307532
2021-06-25 00:00:00-04:00,87.2897496067701
2021-06-28 00:00:00-04:00,85.72388598869841
2021-06-29 00:00:00-04:00,82.84839309134898
2021-06-30 00:00:00-04:00,83.10461782090472
2021-07-01 00:00:00-04:00,83.82587121849691
2021-07-02 00:00:00-04:00,83.85433037654388
2021-07-06 00:00:00-04:00,82.56367780702207
2021-07-07 00:00:00-04:00,81.98478937779593
2021-07-08 00:00:00-04:00,82.45928756256943
2021-07-09 00:00:00-04:00,84.2813938297095
2021-07-12 00:00:00-04:00,83.86381963144908
2021-07-13 00:00:00-04:00,83.74994927563095
2021-07-14 00:00:00-04:00,84.25290008747794
2021-07-15 00:00:00-04:00,84.33832481019618
2021-07-16 00:00:00-04:00,84.2624129428762
2021-07-19 00:00:00-04:00,81.61466237277475
2021-07-20 00:00:00-04:00,81.4628326120325
2021-07-21 00:00:00-04:00,82.87685483482431
2021-07-22 00:00:00-04:00,83.1425783476884
2021-07-23 00:00:00-04:00,83.2374823204009
2021-07-26 00:00:00-04:00,84.27188540226867
2021-07-27 00:00:00-04:00,83.8638304226867
2021-07-28 00:00:00-04:00,83.7309707335582
2021-07-29 00:00:00-04:00,84.35730855684699
2021-07-30 00:00:00-04:00,84.08210343844453
2021-08-02 00:00:00-04:00,85.04059862726089
2021-08-03 00:00:00-04:00,83.64555267979185
2021-08-04 00:00:00-04:00,82.66807447948936
2021-08-05 00:00:00-04:00,81.10222191525041
2021-08-06 00:00:00-04:00,80.42842428245856
2021-08-09 00:00:00-04:00,79.28959749206524
2021-08-10 00:00:00-04:00,76.92658471882334
2021-08-11 00:00:00-04:00,77.48650587498143
2021-08-12 00:00:00-04:00,77.65816134407501
2021-08-13 00:00:00-04:00,78.73423703922353
2021-08-16 00:00:00-04:00,78.30570729240299
2021-08-17 00:00:00-04:00,79.22941912499559
2021-08-18 00:00:00-04:00,81.99102378098887
2021-08-19 00:00:00-04:00,79.05801687458661
2021-08-20 00:00:00-04:00,80.01979829092127
2021-08-23 00:00:00-04:00,81.65773297685243
2021-08-24 00:00:00-04:00,82.81950766036613
2021-08-25 00:00:00-04:00,80.67688566834411
2021-08-26 00:00:00-04:00,81.09589438014414
2021-08-27 00:00:00-04:00,80.43881468667753
2021-08-30 00:00:00-04:00,82.49572567755916
2021-08-31 00:00:00-04:00,82.21956174490461
2021-09-01 00:00:00-04:00,83.27659160808159
2021-09-02 00:00:00-04:00,83.18137645942176
2021-09-03 00:00:00-04:00,83.32420957733763
2021-09-07 00:00:00-04:00,83.8193848263453
2021-09-08 00:00:00-04:00,82.10529864506584
2021-09-09 00:00:00-04:00,81.85770469275931
2021-09-10 00:00:00-04:00,80.60069373320052
2021-09-13 00:00:00-04:00,79.32464745105503
2021-09-14 00:00:00-04:00,80.70544552583222
2021-09-15 00:00:00-04:00,79.61032602786337
2021-09-16 00:00:00-04:00,80.18169267877623
2021-09-17 00:00:00-04:00,80.40072063543016
2021-09-20 00:00:00-04:00,78.4390281979769
2021-09-21 00:00:00-04:00,78.80088585640253
2021-09-22 00:00:00-04:00,78.21047810700493
2021-09-23 00:00:00-04:00,78.45808526998624
2021-09-24 00:00:00-04:00,79.1818034011314
2021-09-27 00:00:00-04:00,79.934104772474
2021-09-28 00:00:00-04:00,81.04827460231273
2021-09-29 00:00:00-04:00,79.86745638780893
2021-09-30 00:00:00-04:00,81.13396141729183
2021-10-01 00:00:00-04:00,79.65793380849809
2021-10-04 00:00:00-04:00,80.84828849303793
2021-10-05 00:00:00-04:00,80.74353649633407
2021-10-06 00:00:00-04:00,79.68650990309466
2021-10-07 00:00:00-04:00,80.22931045305188
2021-10-08 00:00:00-04:00,80.87684858038044
2021-10-11 00:00:00-04:00,80.64830559425472
2021-10-12 00:00:00-04:00,79.34368963519756
2021-10-13 00:00:00-04:00,79.74364305974287
2021-10-14 00:00:00-04:00,81.73390407180297
2021-10-15 00:00:00-04:00,83.58131160547215
2021-10-18 00:00:00-04:00,81.77200129329314
2021-10-19 00:00:00-04:00,81.40061609922138
2021-10-20 00:00:00-04:00,81.03872825907591
2021-10-21 00:00:00-04:00,80.73401847300052
2021-10-22 00:00:00-04:00,81.0006646242617
2021-10-25 00:00:00-04:00,80.29596749287029
2021-10-26 00:00:00-04:00,80.35308134946469
2021-10-27 00:00:00-04:00,80.05789906039332
2021-10-28 00:00:00-04:00,79.40083375301118
2021-10-29 00:00:00-04:00,79.8864863266109
2021-11-01 00:00:00-04:00,80.92447888247769
2021-11-02 00:00:00-04:00,82.41954029275689
2021-11-03 00:00:00-04:00,80.69591712258503
2021-11-04 00:00:00-04:00,81.35299034338203
2021-11-05 00:00:00-04:00,81.31490743844924
2021-11-08 00:00:00-05:00,82.58143912693468
2021-11-09 00:00:00-05:00,81.42917543677888
2021-11-10 00:00:00-05:00,81.86721533693935
2021-11-11 00:00:00-05:00,81.98150246769417
2021-11-12 00:00:00-05:00,81.86717611777799
2021-11-15 00:00:00-05:00,81.45634093553316
2021-11-16 00:00:00-05:00,79.631559744781
2021-11-17 00:00:00-05:00,80.48185686568989
2021-11-18 00:00:00-05:00,81.22705716024086
2021-11-19 00:00:00-05:00,75.50428534650652
2021-11-22 00:00:00-05:00,77.67301482044367
2021-11-23 00:00:00-05:00,77.83541736743145
2021-11-24 00:00:00-05:00,76.72717643711397
2021-11-26 00:00:00-05:00,75.86733323143834
2021-11-29 00:00:00-05:00,74.7113123804047
2021-11-30 00:00:00-05:00,73.78460368574731
2021-12-01 00:00:00-05:00,73.37376594570588
2021-12-02 00:00:00-05:00,71.52987198393399
2021-12-03 00:00:00-05:00,74.5202180422241
2021-12-06 00:00:00-05:00,75.85777154879288
2021-12-07 00:00:00-05:00,76.42145410480111
2021-12-08 00:00:00-05:00,75.322743033244
2021-12-09 00:00:00-05:00,75.08391243691743
2021-12-10 00:00:00-05:00,74.33870252378995
2021-12-13 00:00:00-05:00,73.07759985760612
2021-12-14 00:00:00-05:00,72.84830528478608
2021-12-15 00:00:00-05:00,72.67632676559896
2021-12-16 00:00:00-05:00,73.72727503706166
2021-12-17 00:00:00-05:00,72.14131639104124
2021-12-20 00:00:00-05:00,72.42792809979105
2021-12-21 00:00:00-05:00,72.22730752031636
2021-12-22 00:00:00-05:00,72.75276689448793
2021-12-23 00:00:00-05:00,75.16990640439496
2021-12-27 00:00:00-05:00,74.71132136577265
2021-12-28 00:00:00-05:00,75.04570486244032
2021-12-29 00:00:00-05:00,76.04884825012164
2021-12-30 00:00:00-05:00,77.24307864341067
2021-12-31 00:00:00-05:00,76.30680453539219
2022-01-03 00:00:00-05:00,76.50743747015187
2022-01-04 00:00:00-05:00,76.92780850730506
2022-01-05 00:00:00-05:00,77.69212139578356
2022-01-06 00:00:00-05:00,75.05524998527554
2022-01-07 00:00:00-05:00,74.86417995888092
2022-01-10 00:00:00-05:00,73.45018819502567
2022-01-11 00:00:00-05:00,75.25587894911436
2022-01-12 00:00:00-05:00,74.52023846431119
2022-01-13 00:00:00-05:00,74.03298170944667
2022-01-14 00:00:00-05:00,72.80053773798453
2022-01-18 00:00:00-05:00,73.46931004575912
2022-01-19 00:00:00-05:00,74.43424831267241
2022-01-20 00:00:00-05:00,73.67950627170383
2022-01-21 00:00:00-05:00,73.95656059774231
2022-01-24 00:00:00-05:00,72.45660384459686
2022-01-25 00:00:00-05:00,74.24316522712158
2022-01-26 00:00:00-05:00,73.68905907363649
2022-01-27 00:00:00-05:00,72.65723053503275
2022-01-28 00:00:00-05:00,71.85468862612598
2022-01-31 00:00:00-05:00,73.1158102596322
2022-02-01 00:00:00-05:00,73.90879433218036
2022-02-02 00:00:00-05:00,73.81323441522409
2022-02-03 00:00:00-05:00,73.56486200031482
2022-02-04 00:00:00-05:00,71.81649742462362
2022-02-07 00:00:00-05:00,71.1477159546466
2022-02-08 00:00:00-05:00,71.40566027682496
2022-02-09 00:00:00-05:00,74.2813943302875
2022-02-10 00:00:00-05:00,71.72094537276443
2022-02-11 00:00:00-05:00,71.75917313750777
2022-02-14 00:00:00-05:00,71.9116713451104
2022-02-15 00:00:00-05:00,72.77471408326838
2022-02-16 00:00:00-05:00,73.57065411288171
2022-02-17 00:00:00-05:00,73.95422470657111
2022-02-18 00:00:00-05:00,73.98300059537188
2022-02-22 00:00:00-05:00,73.32131301573193
2022-02-23 00:00:00-05:00,73.6090060859133
2022-02-24 00:00:00-05:00,70.45406368388913
2022-02-25 00:00:00-05:00,73.30215473409709
2022-02-28 00:00:00-05:00,73.848731675994
2022-03-01 00:00:00-05:00,75.15291639735632
2022-03-02 00:00:00-05:00,75.24881913476365
2022-03-03 00:00:00-05:00,76.30366877060457
2022-03-04 00:00:00-05:00,75.36388770809708
2022-03-07 00:00:00-05:00,75.38305855994734
2022-03-08 00:00:00-05:00,73.49393793365458
2022-03-09 00:00:00-05:00,72.68840501130632
2022-03-10 00:00:00-05:00,70.55955544851822
2022-03-11 00:00:00-05:00,71.73906670650825
2022-03-14 00:00:00-04:00,70.02252562031272
2022-03-15 00:00:00-04:00,70.97189246590456
2022-03-16 00:00:00-04:00,70.62667723210632
2022-03-17 00:00:00-04:00,71.86374099445548
2022-03-18 00:00:00-04:00,71.17327788380253
2022-03-21 00:00:00-04:00,71.50890413877187
2022-03-22 00:00:00-04:00,71.89250435137782
2022-03-23 00:00:00-04:00,71.23081821763473
2022-03-24 00:00:00-04:00,70.18555703916527
2022-03-25 00:00:00-04:00,71.20205044146122
2022-03-28 00:00:00-04:00,71.95960751141689
2022-03-29 00:00:00-04:00,72.7267634404994
2022-03-30 00:00:00-04:00,74.58714315992466
2022-03-31 00:00:00-04:00,73.42680805308508
2022-04-01 00:00:00-04:00,72.29525420463474
2022-04-04 00:00:00-04:00,71.15410022141239
2022-04-05 00:00:00-04:00,70.78968674697447
2022-04-06 00:00:00-04:00,72.67883303513524
2022-04-07 00:00:00-04:00,71.95962310608901
2022-04-08 00:00:00-04:00,71.34589429732073
2022-04-11 00:00:00-04:00,71.41302877119294
2022-04-12 00:00:00-04:00,73.043215673519
2022-04-13 00:00:00-04:00,72.87061201647637
2022-04-14 00:00:00-04:00,73.29255785061963
2022-04-18 00:00:00-04:00,72.32400750270783
2022-04-19 00:00:00-04:00,71.58561888786646
2022-04-20 00:00:00-04:00,72.96650605966934
2022-04-21 00:00:00-04:00,74.01177588036126
2022-04-22 00:00:00-04:00,74.02135613909923
2022-04-25 00:00:00-04:00,72.80349078119137
2022-04-26 00:00:00-04:00,72.85143423780582
2022-04-27 00:00:00-04:00,71.56644251279225
2022-04-28 00:00:00-04:00,71.74865782167883
2022-04-29 00:00:00-04:00,71.45138396873637
2022-05-02 00:00:00-04:00,69.93623352050781
2022-05-03 00:00:00-04:00,69.88828496691193
2022-05-04 00:00:00-04:00,69.51430119633214
2022-05-05 00:00:00-04:00,68.16218537066247
2022-05-06 00:00:00-04:00,64.88256742040069
2022-05-09 00:00:00-04:00,63.92360564950008
2022-05-10 00:00:00-04:00,64.97846431250814
2022-05-11 00:00:00-04:00,62.73452235721787
2022-05-12 00:00:00-04:00,60.98691527808356
2022-05-13 00:00:00-04:00,62.45090828031426
2022-05-16 00:00:00-04:00,61.574435065267274
2022-05-17 00:00:00-04:00,63.00953643939662
2022-05-18 00:00:00-04:00,63.46221664902696
2022-05-19 00:00:00-04:00,61.83448891614951
2022-05-20 00:00:00-04:00,61.718911616916984
2022-05-23 00:00:00-04:00,62.42201717157521
2022-05-24 00:00:00-04:00,61.80559239315617
2022-05-25 00:00:00-04:00,62.104173884810436
2022-05-26 00:00:00-04:00,61.699653981960694
2022-05-27 00:00:00-04:00,62.47018782069153
2022-05-31 00:00:00-04:00,62.57612712516695
2022-06-01 00:00:00-04:00,62.84580611928571
2022-06-02 00:00:00-04:00,61.324013606235425
2022-06-03 00:00:00-04:00,61.91154301232204
2022-06-06 00:00:00-04:00,62.11380368968303
2022-06-07 00:00:00-04:00,60.967655320965946
2022-06-08 00:00:00-04:00,60.88096145531322
2022-06-09 00:00:00-04:00,60.1971200462529
2022-06-10 00:00:00-04:00,58.43455708447534
2022-06-13 00:00:00-04:00,56.96093262948524
2022-06-14 00:00:00-04:00,55.44877897159623
2022-06-15 00:00:00-04:00,56.37340496030778
2022-06-16 00:00:00-04:00,58.203395808960266
2022-06-17 00:00:00-04:00,57.34619007250655
2022-06-21 00:00:00-04:00,57.63513351365512
2022-06-22 00:00:00-04:00,57.760347072417524
2022-06-23 00:00:00-04:00,58.367137178751506
2022-06-24 00:00:00-04:00,59.609603975453865
2022-06-27 00:00:00-04:00,61.641858621891295
2022-06-28 00:00:00-04:00,61.603330784476185
2022-06-29 00:00:00-04:00,59.619240740153465
2022-06-30 00:00:00-04:00,59.33029033363839
2022-07-01 00:00:00-04:00,59.956342858040834
2022-07-05 00:00:00-04:00,60.81354933037162
2022-07-06 00:00:00-04:00,61.38180908204142
2022-07-07 00:00:00-04:00,61.112125069649124
2022-07-08 00:00:00-04:00,60.071922108663564
2022-07-11 00:00:00-04:00,60.18750055798414
2022-07-12 00:00:00-04:00,60.3030675653968
2022-07-13 00:00:00-04:00,58.7331349029092
2022-07-14 00:00:00-04:00,57.83740352184164
2022-07-15 00:00:00-04:00,60.46681329837837
2022-07-18 00:00:00-04:00,60.726867176366945
2022-07-19 00:00:00-04:00,60.139345250181364
2022-07-20 00:00:00-04:00,61.82486343383789
2022-07-21 00:00:00-04:00,61.51664658203687
2022-07-22 00:00:00-04:00,62.12344155525423
2022-07-25 00:00:00-04:00,62.49906797701935
2022-07-26 00:00:00-04:00,61.40106664755662
2022-07-27 00:00:00-04:00,62.71097069139195
2022-07-28 00:00:00-04:00,63.32738044349985
2022-07-29 00:00:00-04:00,64.66617167576676
2022-08-01 00:00:00-04:00,64.17494749346945
2022-08-02 00:00:00-04:00,64.36758390981707
2022-08-03 00:00:00-04:00,63.9534249247125
2022-08-04 00:00:00-04:00,63.42369768975525
2022-08-05 00:00:00-04:00,61.77669611447913
2022-08-08 00:00:00-04:00,62.26791194368756
2022-08-09 00:00:00-04:00,62.19085655222247
2022-08-10 00:00:00-04:00,63.076959528495074
2022-08-11 00:00:00-04:00,62.19085028570464
2022-08-12 00:00:00-04:00,62.307997283628794
2022-08-15 00:00:00-04:00,62.03712846237348
2022-08-16 00:00:00-04:00,62.26930826760559
2022-08-17 00:00:00-04:00,62.269305827970406
2022-08-18 00:00:00-04:00,62.02746221836771
2022-08-19 00:00:00-04:00,61.969413598205726
2022-08-22 00:00:00-04:00,61.09878321704264
2022-08-23 00:00:00-04:00,60.28620132405277
2022-08-24 00:00:00-04:00,60.41195648545785
2022-08-25 00:00:00-04:00,60.01533588824737
2022-08-26 00:00:00-04:00,60.460330210738206
2022-08-29 00:00:00-04:00,59.1737269780775
2022-08-30 00:00:00-04:00,59.86056266132676
2022-08-31 00:00:00-04:00,59.5026298223469
2022-09-01 00:00:00-04:00,58.03223623958094
2022-09-02 00:00:00-04:00,60.1024092174078
2022-09-06 00:00:00-04:00,58.951239311300974
2022-09-07 00:00:00-04:00,58.12897529847758
2022-09-08 00:00:00-04:00,58.1676684595891
2022-09-09 00:00:00-04:00,58.28375422700823
2022-09-12 00:00:00-04:00,59.35753061529439
2022-09-13 00:00:00-04:00,58.71906464936415
2022-09-14 00:00:00-04:00,58.187016781254414
2022-09-15 00:00:00-04:00,57.96452511105225
2022-09-16 00:00:00-04:00,57.64529802320661
2022-09-19 00:00:00-04:00,57.480835113401334
2022-09-20 00:00:00-04:00,56.30065556958409
2022-09-21 00:00:00-04:00,57.38410204303095
2022-09-22 00:00:00-04:00,56.55216566256138
2022-09-23 00:00:00-04:00,55.83632817898173
2022-09-26 00:00:00-04:00,56.745648833821775
2022-09-27 00:00:00-04:00,55.8653455852485
2022-09-28 00:00:00-04:00,55.80729928393144
2022-09-29 00:00:00-04:00,55.691217034168176
2022-09-30 00:00:00-04:00,56.368373816856895
2022-10-03 00:00:00-04:00,56.25228655647802
2022-10-04 00:00:00-04:00,57.142262323927596
2022-10-05 00:00:00-04:00,57.345409942471136
2022-10-06 00:00:00-04:00,56.74564820355572
2022-10-07 00:00:00-04:00,56.19424667575368
2022-10-10 00:00:00-04:00,55.294599915643786
2022-10-11 00:00:00-04:00,55.836318659700815
2022-10-12 00:00:00-04:00,55.652520375694806
2022-10-13 00:00:00-04:00,53.01161151725938
2022-10-14 00:00:00-04:00,55.43002712811553
2022-10-17 00:00:00-04:00,55.033404766667665
2022-10-18 00:00:00-04:00,56.81335755875306
2022-10-19 00:00:00-04:00,55.913707078680936
2022-10-20 00:00:00-04:00,55.401008784504214
2022-10-21 00:00:00-04:00,54.48201386492909
2022-10-24 00:00:00-04:00,56.029794130616814
2022-10-25 00:00:00-04:00,54.72384915809401
2022-10-26 00:00:00-04:00,55.933052703796974
2022-10-27 00:00:00-04:00,56.76499351381765
2022-10-28 00:00:00-04:00,57.80974645196656
2022-10-31 00:00:00-04:00,59.90893051538888
2022-11-01 00:00:00-04:00,60.044360111670464
2022-11-02 00:00:00-04:00,58.93188647583623
2022-11-03 00:00:00-04:00,57.20030349727277
2022-11-04 00:00:00-04:00,56.97781595670483
2022-11-07 00:00:00-05:00,56.18456738261266
2022-11-08 00:00:00-05:00,57.31639001426748
2022-11-09 00:00:00-05:00,56.697279658394685
2022-11-10 00:00:00-05:00,59.46393742888796
2022-11-11 00:00:00-05:00,60.586084104840594
2022-11-14 00:00:00-05:00,60.27517435229861
2022-11-15 00:00:00-05:00,61.31491325040598
2022-11-16 00:00:00-05:00,60.71245136443926
2022-11-17 00:00:00-05:00,60.041971768366125
2022-11-18 00:00:00-05:00,60.984526130958784
2022-11-21 00:00:00-05:00,59.63385288188252
2022-11-22 00:00:00-05:00,64.07456404331752
2022-11-23 00:00:00-05:00,68.00998913109513
2022-11-25 00:00:00-05:00,67.82538470849529
2022-11-28 00:00:00-05:00,67.23262028582565
2022-11-29 00:00:00-05:00,66.02769811426157
2022-11-30 00:00:00-05:00,66.17345174172193
2022-12-01 00:00:00-05:00,68.80679615322491
2022-12-02 00:00:00-05:00,69.75906990529342
2022-12-05 00:00:00-05:00,70.48784215290033
2022-12-06 00:00:00-05:00,70.42954460326949
2022-12-07 00:00:00-05:00,69.4189785012453
2022-12-08 00:00:00-05:00,68.94283429515836
2022-12-09 00:00:00-05:00,68.97199719482727
2022-12-12 00:00:00-05:00,69.3218018047194
2022-12-13 00:00:00-05:00,71.45955708497915
2022-12-14 00:00:00-05:00,69.99228643592807
2022-12-15 00:00:00-05:00,69.9922771996597
2022-12-16 00:00:00-05:00,69.2635040220414
2022-12-19 00:00:00-05:00,69.52585132267949
2022-12-20 00:00:00-05:00,69.40926338908581
2022-12-21 00:00:00-05:00,69.5744439081545
2022-12-22 00:00:00-05:00,70.3323779758889
2022-12-23 00:00:00-05:00,70.79879835931587
2022-12-27 00:00:00-05:00,71.64420068023063
2022-12-28 00:00:00-05:00,71.53729506088338
2022-12-29 00:00:00-05:00,70.29351046755208
2022-12-30 00:00:00-05:00,70.68219556848587
2023-01-03 00:00:00-05:00,71.84825067141149
2023-01-04 00:00:00-05:00,72.56732024262027
2023-01-05 00:00:00-05:00,71.14861832892342
2023-01-06 00:00:00-05:00,71.13889920699519
2023-01-09 00:00:00-05:00,71.7024969223421
2023-01-10 00:00:00-05:00,70.71133765733424
2023-01-11 00:00:00-05:00,71.27494205976836
2023-01-12 00:00:00-05:00,71.74135923127122
2023-01-13 00:00:00-05:00,70.93483648489585
2023-01-17 00:00:00-05:00,71.18748832550202
2023-01-18 00:00:00-05:00,71.17775706103713
2023-01-19 00:00:00-05:00,71.24578600245022
2023-01-20 00:00:00-05:00,70.35182055790676
2023-01-23 00:00:00-05:00,70.14776943501968
2023-01-24 00:00:00-05:00,70.4489846550231
2023-01-25 00:00:00-05:00,69.13716985227057
2023-01-26 00:00:00-05:00,69.97285798375225
2023-01-27 00:00:00-05:00,69.68134152972215
2023-01-30 00:00:00-05:00,68.85537842803703
2023-01-31 00:00:00-05:00,69.98256419803823
2023-02-01 00:00:00-05:00,72.7908150209114
2023-02-02 00:00:00-05:00,73.84996630814756
2023-02-03 00:00:00-05:00,72.59647524940578
2023-02-06 00:00:00-05:00,72.61589907137524
2023-02-07 00:00:00-05:00,72.43127780762596
2023-02-08 00:00:00-05:00,72.82967423286202
2023-02-09 00:00:00-05:00,77.73681553636925
2023-02-10 00:00:00-05:00,79.98146153085365
2023-02-13 00:00:00-05:00,81.73055042870857
2023-02-14 00:00:00-05:00,81.58400858738123
2023-02-15 00:00:00-05:00,80.46281656977803
2023-02-16 00:00:00-05:00,81.13553003390629
2023-02-17 00:00:00-05:00,82.36396881414458
2023-02-21 00:00:00-05:00,81.65225313153812
2023-02-22 00:00:00-05:00,81.26227005428618
2023-02-23 00:00:00-05:00,81.17452009982713
2023-02-24 00:00:00-05:00,79.89733962731924
2023-02-27 00:00:00-05:00,81.1355345922239
2023-02-28 00:00:00-05:00,79.88759327257216
2023-03-01 00:00:00-05:00,79.89733372013501
2023-03-02 00:00:00-05:00,79.52685891302278
2023-03-03 00:00:00-05:00,80.42380134128464
2023-03-06 00:00:00-05:00,80.49204180698997
2023-03-07 00:00:00-05:00,80.18983463709081
2023-03-08 00:00:00-05:00,78.55190269585476
2023-03-09 00:00:00-05:00,77.70369312521221
2023-03-10 00:00:00-05:00,75.9000280103467
2023-03-13 00:00:00-04:00,73.80387738059463
2023-03-14 00:00:00-04:00,74.94457797047386
2023-03-15 00:00:00-04:00,72.69243603777198
2023-03-16 00:00:00-04:00,72.1367063721795
2023-03-17 00:00:00-04:00,73.1116658361005
2023-03-20 00:00:00-04:00,72.71194135903144
2023-03-21 00:00:00-04:00,75.76353440619016
2023-03-22 00:00:00-04:00,74.49611229674821
2023-03-23 00:00:00-04:00,73.04342161301643
2023-03-24 00:00:00-04:00,71.86373733686875
2023-03-27 00:00:00-04:00,73.96963256340004
2023-03-28 00:00:00-04:00,74.90558530498767
2023-03-29 00:00:00-04:00,75.81228891037304
2023-03-30 00:00:00-04:00,75.67580491952421
2023-03-31 00:00:00-04:00,75.74403295755026
2023-04-03 00:00:00-04:00,76.24126470235234
2023-04-04 00:00:00-04:00,77.65494537353516
2023-04-05 00:00:00-04:00,77.31371182761058
2023-04-06 00:00:00-04:00,77.50870857756382
2023-04-10 00:00:00-04:00,78.01567807777757
2023-04-11 00:00:00-04:00,79.55609893798828
2023-04-12 00:00:00-04:00,79.53660609897466
2023-04-13 00:00:00-04:00,80.6285520825446
2023-04-14 00:00:00-04:00,81.89599562137518
2023-04-17 00:00:00-04:00,81.73999748476642
2023-04-18 00:00:00-04:00,81.8374923618921
2023-04-19 00:00:00-04:00,80.67730369087684
2023-04-20 00:00:00-04:00,79.61460146261615
2023-04-21 00:00:00-04:00,80.40431231998859
2023-04-24 00:00:00-04:00,80.19957552876446
2023-04-25 00:00:00-04:00,79.65359497070312
2023-04-26 00:00:00-04:00,78.79565207063222
2023-04-27 00:00:00-04:00,79.46835901447803
2023-04-28 00:00:00-04:00,80.71630419609136
2023-05-01 00:00:00-04:00,81.43776181653172
2023-05-02 00:00:00-04:00,81.77899287531386
2023-05-03 00:00:00-04:00,80.90154291642247
2023-05-04 00:00:00-04:00,77.2747179246821
2023-05-05 00:00:00-04:00,77.05047680802575
2023-05-08 00:00:00-04:00,78.05467477582974
2023-05-09 00:00:00-04:00,77.4014573154213
2023-05-10 00:00:00-04:00,78.1424385182324
2023-05-11 00:00:00-04:00,77.36246136961476
2023-05-12 00:00:00-04:00,77.13793642284736
2023-05-15 00:00:00-04:00,77.81303782121122
2023-05-16 00:00:00-04:00,77.6760655756829
2023-05-17 00:00:00-04:00,78.28269347609118
2023-05-18 00:00:00-04:00,79.31980094017831
2023-05-19 00:00:00-04:00,80.97331636458821
2023-05-22 00:00:00-04:00,79.92642801596187
2023-05-23 00:00:00-04:00,79.53505367951847
2023-05-24 00:00:00-04:00,78.95778826603838
2023-05-25 00:00:00-04:00,78.82080435135896
2023-05-26 00:00:00-04:00,78.50771852266335
2023-05-30 00:00:00-04:00,78.57619997586269
2023-05-31 00:00:00-04:00,78.69361669665938
2023-06-01 00:00:00-04:00,79.2513092174966
2023-06-02 00:00:00-04:00,80.39605224833872
2023-06-05 00:00:00-04:00,80.47432272451104
2023-06-06 00:00:00-04:00,79.61332464515333
2023-06-07 00:00:00-04:00,81.02223455855767
2023-06-08 00:00:00-04:00,82.21589566704412
2023-06-09 00:00:00-04:00,82.33331098158399
2023-06-12 00:00:00-04:00,82.48985073851526
2023-06-13 00:00:00-04:00,83.38020906661981
2023-06-14 00:00:00-04:00,83.82048682226247
2023-06-15 00:00:00-04:00,82.97905664368437
2023-06-16 00:00:00-04:00,83.9672557816009
2023-06-20 00:00:00-04:00,83.79114676152366
2023-06-21 00:00:00-04:00,83.31171416526423
2023-06-22 00:00:00-04:00,83.84984056747433
2023-06-23 00:00:00-04:00,82.93014369054052
2023-06-26 00:00:00-04:00,81.73647077332187
2023-06-27 00:00:00-04:00,81.41359291977231
2023-06-28 00:00:00-04:00,81.98107356802369
2023-06-29 00:00:00-04:00,81.09072644799672
2023-06-30 00:00:00-04:00,82.76380647473331
2023-07-03 00:00:00-04:00,82.0104389311782
2023-07-05 00:00:00-04:00,82.2746039029585
2023-07-06 00:00:00-04:00,81.3744600364421
2023-07-07 00:00:00-04:00,81.24726750539287
2023-07-10 00:00:00-04:00,82.43115208740319
2023-07-11 00:00:00-04:00,84.17271644409122
2023-07-12 00:00:00-04:00,86.29586440484131
2023-07-13 00:00:00-04:00,84.6325735969547
2023-07-14 00:00:00-04:00,84.72063347578396
2023-07-17 00:00:00-04:00,84.84783162896152
2023-07-18 00:00:00-04:00,85.42507513670093
2023-07-19 00:00:00-04:00,84.45646742954773
2023-07-20 00:00:00-04:00,85.23919176569966
2023-07-21 00:00:00-04:00,85.95343491618296
2023-07-24 00:00:00-04:00,87.75371625286117
2023-07-25 00:00:00-04:00,85.13156401181884
2023-07-26 00:00:00-04:00,83.94769383606918
2023-07-27 00:00:00-04:00,82.36265718918871
2023-07-28 00:00:00-04:00,81.79518063087535
2023-07-31 00:00:00-04:00,82.31373620780458
2023-08-01 00:00:00-04:00,81.85389478487544
2023-08-02 00:00:00-04:00,80.86569061397073
2023-08-03 00:00:00-04:00,80.45475241371517
2023-08-04 00:00:00-04:00,77.97937571547025
2023-08-07 00:00:00-04:00,79.6720385541267
2023-08-08 00:00:00-04:00,79.73073094676
2023-08-09 00:00:00-04:00,78.04785205787091
2023-08-10 00:00:00-04:00,78.33160659591657
2023-08-11 00:00:00-04:00,78.08699384917726
2023-08-14 00:00:00-04:00,77.98831789880961
2023-08-15 00:00:00-04:00,80.60001500955694
2023-08-16 00:00:00-04:00,79.29416795925027
2023-08-17 00:00:00-04:00,78.26321964942473
2023-08-18 00:00:00-04:00,77.06536492903054
2023-08-21 00:00:00-04:00,77.87047553304818
2023-08-22 00:00:00-04:00,79.17633365073198
2023-08-23 00:00:00-04:00,79.21561774914632
2023-08-24 00:00:00-04:00,79.37270790088448
2023-08-25 00:00:00-04:00,79.60835810073804
2023-08-28 00:00:00-04:00,79.46107626186652
2023-08-29 00:00:00-04:00,79.72617980430924
2023-08-30 00:00:00-04:00,79.13706814046095
2023-08-31 00:00:00-04:00,79.17634752994373
2023-09-01 00:00:00-04:00,79.91273312325374
2023-09-05 00:00:00-04:00,78.4890573295069
2023-09-06 00:00:00-04:00,77.84102413529922
2023-09-07 00:00:00-04:00,78.29267553891708
2023-09-08 00:00:00-04:00,77.66429277021327
2023-09-11 00:00:00-04:00,77.63483315679265
2023-09-12 00:00:00-04:00,76.93772593352192
2023-09-13 00:00:00-04:00,77.35010633341736
2023-09-14 00:00:00-04:00,79.12725297378557
2023-09-15 00:00:00-04:00,79.28433268182552
2023-09-18 00:00:00-04:00,78.37122087808551
2023-09-19 00:00:00-04:00,77.48755464897921
2023-09-20 00:00:00-04:00,76.8297203350545
2023-09-21 00:00:00-04:00,76.73154250175791
2023-09-22 00:00:00-04:00,75.27840174141991
2023-09-25 00:00:00-04:00,74.73838170567215
2023-09-26 00:00:00-04:00,74.49292886233575
2023-09-27 00:00:00-04:00,73.71725975352588
2023-09-28 00:00:00-04:00,73.0005051349422
2023-09-29 00:00:00-04:00,73.88417017615748
2023-10-02 00:00:00-04:00,73.21651676911836
2023-10-03 00:00:00-04:00,72.44084669943952
2023-10-04 00:00:00-04:00,71.616102743449
2023-10-05 00:00:00-04:00,72.27394570073922
2023-10-06 00:00:00-04:00,72.57830957165731
2023-10-09 00:00:00-04:00,73.15760060589137
2023-10-10 00:00:00-04:00,75.97551118964759
2023-10-11 00:00:00-04:00,75.76932274877908
2023-10-12 00:00:00-04:00,75.85769248143502
2023-10-13 00:00:00-04:00,75.92642711347436
2023-10-16 00:00:00-04:00,76.05405653347388
2023-10-17 00:00:00-04:00,76.89845400217926
2023-10-18 00:00:00-04:00,76.09334021033015
2023-10-19 00:00:00-04:00,75.44530942171622
2023-10-20 00:00:00-04:00,76.63334976154685
2023-10-23 00:00:00-04:00,75.73986625593972
2023-10-24 00:00:00-04:00,75.5042256474834
2023-10-25 00:00:00-04:00,72.86305298064312
2023-10-26 00:00:00-04:00,73.27542054119243
2023-10-27 00:00:00-04:00,73.39325011167772
2023-10-30 00:00:00-04:00,72.62741105233403
2023-10-31 00:00:00-04:00,72.5390349825944
2023-11-01 00:00:00-04:00,73.13796995037578
2023-11-02 00:00:00-04:00,74.3554622282204
2023-11-03 00:00:00-04:00,75.84786612860293
2023-11-06 00:00:00-05:00,75.63186691184416
2023-11-07 00:00:00-05:00,75.58277503410633
2023-11-08 00:00:00-05:00,75.38639891907107
2023-11-09 00:00:00-05:00,75.52385984853699
2023-11-10 00:00:00-05:00,74.09035684263256
2023-11-13 00:00:00-05:00,74.4732818427531
2023-11-14 00:00:00-05:00,76.08080615401776
2023-11-15 00:00:00-05:00,77.48059085972228
2023-11-16 00:00:00-05:00,77.58901869676964
2023-11-17 00:00:00-05:00,82.09393530113448
2023-11-20 00:00:00-05:00,80.83216338091823
2023-11-21 00:00:00-05:00,80.59558158057705
2023-11-22 00:00:00-05:00,82.5178017191724
2023-11-24 00:00:00-05:00,81.58133983917942
2023-11-27 00:00:00-05:00,82.07421910806382
2023-11-28 00:00:00-05:00,83.05011424704503
2023-11-29 00:00:00-05:00,81.76863070889432
2023-11-30 00:00:00-05:00,81.19689721118519
2023-12-01 00:00:00-05:00,82.01507877412195
2023-12-04 00:00:00-05:00,83.99644780656047
2023-12-05 00:00:00-05:00,85.19906828359201
2023-12-06 00:00:00-05:00,84.54846948819888
2023-12-07 00:00:00-05:00,84.78505411884873
2023-12-08 00:00:00-05:00,83.65143340514936
2023-12-11 00:00:00-05:00,83.89786554881837
2023-12-12 00:00:00-05:00,84.27245584579639
2023-12-13 00:00:00-05:00,83.94716408501986
2023-12-14 00:00:00-05:00,84.03587791618035
2023-12-15 00:00:00-05:00,82.31080305205744
2023-12-18 00:00:00-05:00,80.9701642733815
2023-12-19 00:00:00-05:00,81.87705733405497
2023-12-20 00:00:00-05:00,81.86721763211374
2023-12-21 00:00:00-05:00,81.37434170775404
2023-12-22 00:00:00-05:00,83.03040570393621
2023-12-26 00:00:00-05:00,83.28669245275687
2023-12-27 00:00:00-05:00,83.40499361574034
2023-12-28 00:00:00-05:00,82.88255054448322
2023-12-29 00:00:00-05:00,82.98112224213467
2024-01-02 00:00:00-05:00,82.46852858876792
2024-01-03 00:00:00-05:00,80.88145795021765
2024-01-04 00:00:00-05:00,76.67227196389517
2024-01-05 00:00:00-05:00,77.23415359308424
2024-01-08 00:00:00-05:00,76.82012930562473
2024-01-09 00:00:00-05:00,76.2483851048077
2024-01-10 00:00:00-05:00,76.51454420408753
2024-01-11 00:00:00-05:00,76.58354025211963
2024-01-12 00:00:00-05:00,79.50139126869595
2024-01-16 00:00:00-05:00,79.64925885671092
2024-01-17 00:00:00-05:00,78.94936657033182
2024-01-18 00:00:00-05:00,79.79711197281162
2024-01-19 00:00:00-05:00,81.1870369261308
2024-01-22 00:00:00-05:00,81.13775172493403
2024-01-23 00:00:00-05:00,83.29656173309212
2024-01-24 00:00:00-05:00,82.50795459813283
2024-01-25 00:00:00-05:00,82.31080877633545
2024-01-26 00:00:00-05:00,82.58681223096391
2024-01-29 00:00:00-05:00,82.04465499806301
2024-01-30 00:00:00-05:00,82.1826580221213
2024-01-31 00:00:00-05:00,83.24726750818739
2024-02-01 00:00:00-05:00,80.06327823479538
2024-02-02 00:00:00-05:00,79.17608650910711
2024-02-05 00:00:00-05:00,78.81136283966939
2024-02-06 00:00:00-05:00,76.98770668655835
2024-02-07 00:00:00-05:00,77.6383104196643
2024-02-08 00:00:00-05:00,79.34366285904005
2024-02-09 00:00:00-05:00,79.31410028839738
2024-02-12 00:00:00-05:00,81.38418882255881
2024-02-13 00:00:00-05:00,81.64048971067791
2024-02-14 00:00:00-05:00,80.95341622262097
2024-02-15 00:00:00-05:00,81.6954669431025
2024-02-16 00:00:00-05:00,83.59512686723521
2024-02-20 00:00:00-05:00,81.84388149091738
2024-02-21 00:00:00-05:00,80.59721739236099
2024-02-22 00:00:00-05:00,81.21066593129491
2024-02-23 00:00:00-05:00,81.52726227073514
2024-02-26 00:00:00-05:00,82.73435386419574
2024-02-27 00:00:00-05:00,84.07005084294742
2024-02-28 00:00:00-05:00,82.39794523481157
2024-02-29 00:00:00-05:00,83.32799217287884
2024-03-01 00:00:00-05:00,82.64529686642246
2024-03-04 00:00:00-05:00,83.36757476949812
2024-03-05 00:00:00-05:00,84.1393023506517
2024-03-06 00:00:00-05:00,84.13930960920554
2024-03-07 00:00:00-05:00,84.73295013341163
2024-03-08 00:00:00-05:00,85.45521851291518
2024-03-11 00:00:00-04:00,84.25804634738941
2024-03-12 00:00:00-04:00,83.07074158890063
2024-03-13 00:00:00-04:00,83.6742827552159
2024-03-14 00:00:00-04:00,83.12021444913155
2024-03-15 00:00:00-04:00,81.18097732181859
2024-03-18 00:00:00-04:00,81.25023693598781
2024-03-19 00:00:00-04:00,81.08203434527489
2024-03-20 00:00:00-04:00,82.85307491061646
2024-03-21 00:00:00-04:00,82.80360540389069
2024-03-22 00:00:00-04:00,82.99158927725945
2024-03-25 00:00:00-04:00,81.84388418622875
2024-03-26 00:00:00-04:00,82.55625961399778
2024-03-27 00:00:00-04:00,82.1308086271651
2024-03-28 00:00:00-04:00,82.87285883985238
2024-04-01 00:00:00-04:00,82.81349681259194
2024-04-02 00:00:00-04:00,80.9731930022925
2024-04-03 00:00:00-04:00,79.21205231238918
2024-04-04 00:00:00-04:00,80.96330383520962
2024-04-05 00:00:00-04:00,79.24172666712553
2024-04-08 00:00:00-04:00,80.49827934294136
2024-04-09 00:00:00-04:00,80.43892574063828
2024-04-10 00:00:00-04:00,78.90533579780875
2024-04-11 00:00:00-04:00,79.23183758073164
2024-04-12 00:00:00-04:00,78.84597282589529
2024-04-15 00:00:00-04:00,79.32088025266165
2024-04-16 00:00:00-04:00,79.0834256409397
2024-04-17 00:00:00-04:00,80.0332569104642
2024-04-18 00:00:00-04:00,79.0438555660139
2024-04-19 00:00:00-04:00,79.35056626228484
2024-04-22 00:00:00-04:00,80.71595267436928
2024-04-23 00:00:00-04:00,80.23114245809595
2024-04-24 00:00:00-04:00,79.64739405955063
2024-04-25 00:00:00-04:00,79.6572844111473
2024-04-26 00:00:00-04:00,80.08273312030876
2024-04-29 00:00:00-04:00,80.13220310447493
2024-04-30 00:00:00-04:00,79.73643991459522
2024-05-01 00:00:00-04:00,79.71665189526827
2024-05-02 00:00:00-04:00,80.17178299695466
2024-05-03 00:00:00-04:00,81.78451711466468
2024-05-06 00:00:00-04:00,82.50677812200229
2024-05-07 00:00:00-04:00,83.61492199183148
2024-05-08 00:00:00-04:00,83.11031793949759
2024-05-09 00:00:00-04:00,86.69198186837218
2024-05-10 00:00:00-04:00,83.18947602703572
2024-05-13 00:00:00-04:00,84.4262367138118
2024-05-14 00:00:00-04:00,85.10161558392052
2024-05-15 00:00:00-04:00,86.35268031146828
2024-05-16 00:00:00-04:00,86.52146678411923
2024-05-17 00:00:00-04:00,86.36260501572922
2024-05-20 00:00:00-04:00,86.04487412290514
2024-05-21 00:00:00-04:00,85.70729218818681
2024-05-22 00:00:00-04:00,86.48175219984633
2024-05-23 00:00:00-04:00,85.12148164075862
2024-05-24 00:00:00-04:00,85.97537135226884
2024-05-28 00:00:00-04:00,85.5980707470672
2024-05-29 00:00:00-04:00,83.28460286787578
2024-05-30 00:00:00-04:00,84.14843333131459
2024-05-31 00:00:00-04:00,84.68459776906765
2024-06-03 00:00:00-04:00,86.07466636832704
2024-06-04 00:00:00-04:00,85.60800008794729
2024-06-05 00:00:00-04:00,86.38245963034942
2024-06-06 00:00:00-04:00,85.8165099277669
2024-06-07 00:00:00-04:00,84.99239509580792
2024-06-10 00:00:00-04:00,83.7413359411398
2024-06-11 00:00:00-04:00,83.48319072682668
2024-06-12 00:00:00-04:00,86.03495059207542
2024-06-13 00:00:00-04:00,87.0973547168917
2024-06-14 00:00:00-04:00,85.37962593159645
2024-06-17 00:00:00-04:00,85.2902722294629
2024-06-18 00:00:00-04:00,86.5711143646628
2024-06-20 00:00:00-04:00,86.33281196211428
2024-06-21 00:00:00-04:00,86.63068404767643
2024-06-24 00:00:00-04:00,88.04060067355181
2024-06-25 00:00:00-04:00,87.66330371465449
2024-06-26 00:00:00-04:00,86.66047216634487
2024-06-27 00:00:00-04:00,87.46472469563314
2024-06-28 00:00:00-04:00,87.61366180631724
2024-07-01 00:00:00-04:00,85.41934494192529
2024-07-02 00:00:00-04:00,84.57537627778744
2024-07-03 00:00:00-04:00,85.1711189674372
2024-07-05 00:00:00-04:00,84.3172237291829
2024-07-08 00:00:00-04:00,85.41934132616424
2024-07-09 00:00:00-04:00,84.14843488981569
2024-07-10 00:00:00-04:00,83.95977614371837
2024-07-11 00:00:00-04:00,86.1342369417193
2024-07-12 00:00:00-04:00,87.5143680311511
2024-07-15 00:00:00-04:00,87.40515265496357
2024-07-16 00:00:00-04:00,89.47038613417018
2024-07-17 00:00:00-04:00,90.71151335682583
2024-07-18 00:00:00-04:00,90.06612629447184
2024-07-19 00:00:00-04:00,90.28456999728864
2024-07-22 00:00:00-04:00,89.57960816120378
2024-07-23 00:00:00-04:00,90.62214801573104
2024-07-24 00:00:00-04:00,90.6221501189905
2024-07-25 00:00:00-04:00,89.85761210860228
2024-07-26 00:00:00-04:00,92.20086418061494
2024-07-29 00:00:00-04:00,92.05193440393202
2024-07-30 00:00:00-04:00,92.68738606747422
2024-07-31 00:00:00-04:00,92.20086601213148
2024-08-01 00:00:00-04:00,91.8831385360196
2024-08-02 00:00:00-04:00,88.12003986020625
2024-08-05 00:00:00-04:00,87.56401834623134
2024-08-06 00:00:00-04:00,86.91862915513084
2024-08-07 00:00:00-04:00,88.1597561125043
2024-08-08 00:00:00-04:00,90.06612770405467
2024-08-09 00:00:00-04:00,86.26330607492203
2024-08-12 00:00:00-04:00,86.31295957704273
2024-08-13 00:00:00-04:00,85.75693158468249
2024-08-14 00:00:00-04:00,87.00798287081646
2024-08-15 00:00:00-04:00,88.76031983760292
2024-08-16 00:00:00-04:00,88.34187349294733
2024-08-19 00:00:00-04:00,88.24224561583658
2024-08-20 00:00:00-04:00,88.90976916507678
2024-08-21 00:00:00-04:00,89.55736449284122
2024-08-22 00:00:00-04:00,90.66325169275875
2024-08-23 00:00:00-04:00,90.55365965264872
2024-08-26 00:00:00-04:00,91.97837006261359
2024-08-27 00:00:00-04:00,90.86251359692177
2024-08-28 00:00:00-04:00,92.05807265538094
2024-08-29 00:00:00-04:00,92.71562752392742
2024-08-30 00:00:00-04:00,92.23740989756075
2024-09-03 00:00:00-04:00,91.30088470379526
2024-09-04 00:00:00-04:00,89.7964705644005
2024-09-05 00:00:00-04:00,89.76658497699465
2024-09-06 00:00:00-04:00,89.10903389322807
2024-09-09 00:00:00-04:00,87.22602241011955
2024-09-10 00:00:00-04:00,86.20979648905494
2024-09-11 00:00:00-04:00,85.38286483558502
2024-09-12 00:00:00-04:00,85.53231181452982
2024-09-13 00:00:00-04:00,86.93709898448147
2024-09-16 00:00:00-04:00,88.71050619203709
2024-09-17 00:00:00-04:00,88.0828395303231
2024-09-18 00:00:00-04:00,88.10276414941994
2024-09-19 00:00:00-04:00,89.48761921112548
2024-09-20 00:00:00-04:00,90.24481188008845
2024-09-23 00:00:00-04:00,90.04554867961055
2024-09-24 00:00:00-04:00,90.28466292336338
2024-09-25 00:00:00-04:00,92.0481072412031
2024-09-26 00:00:00-04:00,93.06434136020289
2024-09-27 00:00:00-04:00,92.25733567778302
2024-09-30 00:00:00-04:00,92.2274412036581
2024-10-01 00:00:00-04:00,92.21747709535103
2024-10-02 00:00:00-04:00,92.07799822621831
2024-10-03 00:00:00-04:00,90.60347751863986
2024-10-04 00:00:00-04:00,91.33077459892718
2024-10-07 00:00:00-04:00,90.4340991783162
2024-10-08 00:00:00-04:00,90.66325752445907
2024-10-09 00:00:00-04:00,90.64332879951314
2024-10-10 00:00:00-04:00,89.7366923970486
2024-10-11 00:00:00-04:00,88.36180791634014
2024-10-14 00:00:00-04:00,89.5872533849716
2024-10-15 00:00:00-04:00,90.58355173752126
2024-10-16 00:00:00-04:00,90.44407083761878
2024-10-17 00:00:00-04:00,90.50384118615406
2024-10-18 00:00:00-04:00,89.84628784689338
2024-10-21 00:00:00-04:00,89.33817134114548
2024-10-22 00:00:00-04:00,87.31568744601128
2024-10-23 00:00:00-04:00,86.05038999902146
2024-10-24 00:00:00-04:00,86.7179063207328
2024-10-25 00:00:00-04:00,87.75406358027726
2024-10-28 00:00:00-04:00,87.28580266751942
2024-10-29 00:00:00-04:00,85.74153656048672
2024-10-30 00:00:00-04:00,86.83746627496309
2024-10-31 00:00:00-04:00,87.2260255152271
2024-11-01 00:00:00-04:00,86.4987251553995
2024-11-04 00:00:00-05:00,86.46883784071605
2024-11-05 00:00:00-05:00,86.53857798268918
2024-11-06 00:00:00-05:00,92.4565959179694
2024-11-07 00:00:00-05:00,89.32821885422028
2024-11-08 00:00:00-05:00,89.78651760290569
2024-11-11 00:00:00-05:00,91.6994089908602
2024-11-12 00:00:00-05:00,91.35070197975674
2024-11-13 00:00:00-05:00,90.31455557755243
2024-11-14 00:00:00-05:00,87.5548017804617
2024-11-15 00:00:00-05:00,81.11000061035156
2024-11-18 00:00:00-05:00,79.37000274658203
2024-11-19 00:00:00-05:00,78.81999969482422
2024-11-20 00:00:00-05:00,79.70999908447266
2024-11-21 00:00:00-05:00,75.52999877929688
2024-11-22 00:00:00-05:00,75.41000366210938
2024-11-25 00:00:00-05:00,73.38999938964844
2024-11-26 00:00:00-05:00,73.20999908447266
2024-11-27 00:00:00-05:00,76.0
2024-11-29 00:00:00-05:00,72.91000366210938
2024-12-02 00:00:00-05:00,74.5
2024-12-03 00:00:00-05:00,74.12000274658203
2024-12-04 00:00:00-05:00,74.69000244140625
2024-12-05 00:00:00-05:00,74.56999969482422
2024-12-06 00:00:00-05:00,74.29000091552734
2024-12-09 00:00:00-05:00,72.9000015258789
2024-12-10 00:00:00-05:00,71.33000183105469
2024-12-11 00:00:00-05:00,72.13999938964844
2024-12-12 00:00:00-05:00,71.0
2024-12-13 00:00:00-05:00,70.5
2024-12-16 00:00:00-05:00,70.80999755859375
2024-12-17 00:00:00-05:00,70.73999786376953
2024-12-18 00:00:00-05:00,70.41999816894531
2024-12-19 00:00:00-05:00,70.69000244140625
2024-12-20 00:00:00-05:00,71.9000015258789
2024-12-23 00:00:00-05:00,72.7300033569336
2024-12-24 00:00:00-05:00,72.68000030517578
2024-12-26 00:00:00-05:00,72.69000244140625
2024-12-27 00:00:00-05:00,73.0
2024-12-30 00:00:00-05:00,72.52999877929688
2024-12-31 00:00:00-05:00,74.73999786376953
2025-01-02 00:00:00-05:00,75.52999877929688
2025-01-03 00:00:00-05:00,75.58000183105469
2025-01-06 00:00:00-05:00,77.5199966430664
2025-01-07 00:00:00-05:00,77.2300033569336
2025-01-08 00:00:00-05:00,76.87999725341797
2025-01-10 00:00:00-05:00,76.58999633789062
2025-01-13 00:00:00-05:00,76.44999694824219
2025-01-14 00:00:00-05:00,77.2300033569336
