Date,Open
1996-11-07 00:00:00-05:00,12.482193946838379
1996-11-08 00:00:00-05:00,12.508414268493652
1996-11-11 00:00:00-05:00,12.665753364562988
1996-11-12 00:00:00-05:00,12.560863494873047
1996-11-13 00:00:00-05:00,12.534639358520508
1996-11-14 00:00:00-05:00,12.455972671508789
1996-11-15 00:00:00-05:00,12.560863494873047
1996-11-18 00:00:00-05:00,12.508414268493652
1996-11-19 00:00:00-05:00,12.403521537780762
1996-11-20 00:00:00-05:00,12.377302169799805
1996-11-21 00:00:00-05:00,12.35107707977295
1996-11-22 00:00:00-05:00,12.429746627807617
1996-11-25 00:00:00-05:00,12.32485580444336
1996-11-26 00:00:00-05:00,12.219961166381836
1996-11-27 00:00:00-05:00,12.272408485412598
1996-11-29 00:00:00-05:00,12.246184349060059
1996-12-02 00:00:00-05:00,12.167513847351074
1996-12-03 00:00:00-05:00,12.246184349060059
1996-12-04 00:00:00-05:00,12.115069389343262
1996-12-05 00:00:00-05:00,12.219961166381836
1996-12-06 00:00:00-05:00,12.010177612304688
1996-12-09 00:00:00-05:00,12.088847160339355
1996-12-10 00:00:00-05:00,12.219961166381836
1996-12-11 00:00:00-05:00,12.246184349060059
1996-12-12 00:00:00-05:00,12.246184349060059
1996-12-13 00:00:00-05:00,12.167513847351074
1996-12-16 00:00:00-05:00,12.219961166381836
1996-12-17 00:00:00-05:00,12.19373893737793
1996-12-18 00:00:00-05:00,12.115069389343262
1996-12-19 00:00:00-05:00,11.826618194580078
1996-12-20 00:00:00-05:00,11.826618194580078
1996-12-23 00:00:00-05:00,11.800395011901855
1996-12-24 00:00:00-05:00,11.721722602844238
1996-12-26 00:00:00-05:00,11.695499420166016
1996-12-27 00:00:00-05:00,11.747943878173828
1996-12-30 00:00:00-05:00,12.010177612304688
1996-12-31 00:00:00-05:00,12.0626220703125
1997-01-02 00:00:00-05:00,11.983954429626465
1997-01-03 00:00:00-05:00,11.905282974243164
1997-01-06 00:00:00-05:00,11.879063606262207
1997-01-07 00:00:00-05:00,11.905282974243164
1997-01-08 00:00:00-05:00,11.879063606262207
1997-01-09 00:00:00-05:00,11.957731246948242
1997-01-10 00:00:00-05:00,11.879063606262207
1997-01-13 00:00:00-05:00,11.957731246948242
1997-01-14 00:00:00-05:00,11.957731246948242
1997-01-15 00:00:00-05:00,11.905282974243164
1997-01-16 00:00:00-05:00,11.879063606262207
1997-01-17 00:00:00-05:00,11.721722602844238
1997-01-20 00:00:00-05:00,11.511940002441406
1997-01-21 00:00:00-05:00,11.459493637084961
1997-01-22 00:00:00-05:00,11.616829872131348
1997-01-23 00:00:00-05:00,11.721722602844238
1997-01-24 00:00:00-05:00,11.852838516235352
1997-01-27 00:00:00-05:00,11.852838516235352
1997-01-28 00:00:00-05:00,11.931509971618652
1997-01-29 00:00:00-05:00,11.905282974243164
1997-01-30 00:00:00-05:00,11.98067569732666
1997-01-31 00:00:00-05:00,12.088847160339355
1997-02-03 00:00:00-05:00,12.298630714416504
1997-02-04 00:00:00-05:00,12.272408485412598
1997-02-05 00:00:00-05:00,12.219961166381836
1997-02-06 00:00:00-05:00,12.377302169799805
1997-02-07 00:00:00-05:00,12.35107707977295
1997-02-10 00:00:00-05:00,12.587085723876953
1997-02-11 00:00:00-05:00,12.823092460632324
1997-02-12 00:00:00-05:00,12.744425773620605
1997-02-13 00:00:00-05:00,12.665753364562988
1997-02-14 00:00:00-05:00,12.639531135559082
1997-02-18 00:00:00-05:00,12.613306999206543
1997-02-19 00:00:00-05:00,12.665753364562988
1997-02-20 00:00:00-05:00,12.741145133972168
1997-02-21 00:00:00-05:00,12.80670166015625
1997-02-24 00:00:00-05:00,12.849316596984863
1997-02-25 00:00:00-05:00,12.849316596984863
1997-02-26 00:00:00-05:00,12.219961166381836
1997-02-27 00:00:00-05:00,12.19373893737793
1997-02-28 00:00:00-05:00,12.088847160339355
1997-03-03 00:00:00-05:00,12.010177612304688
1997-03-04 00:00:00-05:00,12.02328872680664
1997-03-05 00:00:00-05:00,12.219961166381836
1997-03-06 00:00:00-05:00,12.403521537780762
1997-03-07 00:00:00-05:00,12.613306999206543
1997-03-10 00:00:00-05:00,12.875541687011719
1997-03-11 00:00:00-05:00,12.79687213897705
1997-03-12 00:00:00-05:00,12.98043155670166
1997-03-13 00:00:00-05:00,12.587085723876953
1997-03-14 00:00:00-05:00,12.718202590942383
1997-03-17 00:00:00-05:00,12.560863494873047
1997-03-18 00:00:00-05:00,12.639531135559082
1997-03-19 00:00:00-05:00,12.744425773620605
1997-03-20 00:00:00-05:00,12.439579963684082
1997-03-21 00:00:00-05:00,12.403521537780762
1997-03-24 00:00:00-05:00,12.377302169799805
1997-03-25 00:00:00-05:00,12.639531135559082
1997-03-26 00:00:00-05:00,12.90176010131836
1997-03-27 00:00:00-05:00,12.98043155670166
1997-03-31 00:00:00-05:00,12.875541687011719
1997-04-01 00:00:00-05:00,12.718202590942383
1997-04-02 00:00:00-05:00,12.534639358520508
1997-04-03 00:00:00-05:00,12.560863494873047
1997-04-04 00:00:00-05:00,12.639531135559082
1997-04-07 00:00:00-04:00,12.718202590942383
1997-04-08 00:00:00-04:00,12.587085723876953
1997-04-09 00:00:00-04:00,12.613306999206543
1997-04-10 00:00:00-04:00,12.560863494873047
1997-04-11 00:00:00-04:00,12.587085723876953
1997-04-14 00:00:00-04:00,12.508414268493652
1997-04-15 00:00:00-04:00,12.691975593566895
1997-04-16 00:00:00-04:00,12.560863494873047
1997-04-17 00:00:00-04:00,12.927988052368164
1997-04-18 00:00:00-04:00,13.55733871459961
1997-04-21 00:00:00-04:00,13.504895210266113
1997-04-22 00:00:00-04:00,13.531113624572754
1997-04-23 00:00:00-04:00,13.478670120239258
1997-04-24 00:00:00-04:00,13.714681625366211
1997-04-25 00:00:00-04:00,13.504895210266113
1997-04-28 00:00:00-04:00,13.531113624572754
1997-04-29 00:00:00-04:00,13.767126083374023
1997-04-30 00:00:00-04:00,13.845795631408691
1997-05-01 00:00:00-04:00,13.924463272094727
1997-05-02 00:00:00-04:00,14.02935791015625
1997-05-05 00:00:00-04:00,14.370254516601562
1997-05-06 00:00:00-04:00,14.370254516601562
1997-05-07 00:00:00-04:00,14.239137649536133
1997-05-08 00:00:00-04:00,14.239137649536133
1997-05-09 00:00:00-04:00,14.475149154663086
1997-05-12 00:00:00-04:00,14.553815841674805
1997-05-13 00:00:00-04:00,14.73737907409668
1997-05-14 00:00:00-04:00,14.894720077514648
1997-05-15 00:00:00-04:00,14.852104187011719
1997-05-16 00:00:00-04:00,14.720989227294922
1997-05-19 00:00:00-04:00,14.658710479736328
1997-05-20 00:00:00-04:00,14.842272758483887
1997-05-21 00:00:00-04:00,14.999610900878906
1997-05-22 00:00:00-04:00,14.999610900878906
1997-05-23 00:00:00-04:00,15.078280448913574
1997-05-27 00:00:00-04:00,14.789824485778809
1997-05-28 00:00:00-04:00,14.580036163330078
1997-05-29 00:00:00-04:00,14.511204719543457
1997-05-30 00:00:00-04:00,14.370254516601562
1997-06-02 00:00:00-04:00,14.370254516601562
1997-06-03 00:00:00-04:00,14.606263160705566
1997-06-04 00:00:00-04:00,14.370254516601562
1997-06-05 00:00:00-04:00,14.475149154663086
1997-06-06 00:00:00-04:00,14.527594566345215
1997-06-09 00:00:00-04:00,14.947162628173828
1997-06-10 00:00:00-04:00,14.816049575805664
1997-06-11 00:00:00-04:00,14.694764137268066
1997-06-12 00:00:00-04:00,15.078280448913574
1997-06-13 00:00:00-04:00,15.235613822937012
1997-06-16 00:00:00-04:00,15.271676063537598
1997-06-17 00:00:00-04:00,15.445402145385742
1997-06-18 00:00:00-04:00,15.996087074279785
1997-06-19 00:00:00-04:00,16.572996139526367
1997-06-20 00:00:00-04:00,16.70410919189453
1997-06-23 00:00:00-04:00,16.572996139526367
1997-06-24 00:00:00-04:00,16.625442504882812
1997-06-25 00:00:00-04:00,17.202348709106445
1997-06-26 00:00:00-04:00,17.359689712524414
1997-06-27 00:00:00-04:00,17.254796981811523
1997-06-30 00:00:00-04:00,16.8614501953125
1997-07-01 00:00:00-04:00,16.83522605895996
1997-07-02 00:00:00-04:00,16.940120697021484
1997-07-03 00:00:00-04:00,17.517026901245117
1997-07-07 00:00:00-04:00,17.517026901245117
1997-07-08 00:00:00-04:00,17.49080078942288
1997-07-09 00:00:00-04:00,17.67436408996582
1997-07-10 00:00:00-04:00,17.464580535888672
1997-07-11 00:00:00-04:00,17.149900436401367
1997-07-14 00:00:00-04:00,17.22857666015625
1997-07-15 00:00:00-04:00,17.28101921081543
1997-07-16 00:00:00-04:00,17.412134170532227
1997-07-17 00:00:00-04:00,17.28101921081543
1997-07-18 00:00:00-04:00,16.83522605895996
1997-07-21 00:00:00-04:00,16.494325637817383
1997-07-22 00:00:00-04:00,16.520545959472656
1997-07-23 00:00:00-04:00,17.412134170532227
1997-07-24 00:00:00-04:00,16.782779693603516
1997-07-25 00:00:00-04:00,16.44188117980957
1997-07-28 00:00:00-04:00,16.599220275878906
1997-07-29 00:00:00-04:00,16.44188117980957
1997-07-30 00:00:00-04:00,16.809001922607422
1997-07-31 00:00:00-04:00,16.809001922607422
1997-08-01 00:00:00-04:00,16.809001922607422
1997-08-04 00:00:00-04:00,16.310760498046875
1997-08-05 00:00:00-04:00,15.996087074279785
1997-08-06 00:00:00-04:00,16.205875396728516
1997-08-07 00:00:00-04:00,16.36321258544922
1997-08-08 00:00:00-04:00,16.232097625732422
1997-08-11 00:00:00-04:00,15.969862937927246
1997-08-12 00:00:00-04:00,15.812525749206543
1997-08-13 00:00:00-04:00,15.733855247497559
1997-08-14 00:00:00-04:00,15.288064002990723
1997-08-15 00:00:00-04:00,15.183171272277832
1997-08-18 00:00:00-04:00,15.078280448913574
1997-08-19 00:00:00-04:00,15.7174654006958
1997-08-20 00:00:00-04:00,15.996087074279785
1997-08-21 00:00:00-04:00,15.707629203796385
1997-08-22 00:00:00-04:00,15.471624374389648
1997-08-25 00:00:00-04:00,15.419180870056152
1997-08-26 00:00:00-04:00,15.350343704223633
1997-08-27 00:00:00-04:00,15.445402145385742
1997-08-28 00:00:00-04:00,14.894720077514648
1997-08-29 00:00:00-04:00,14.956997871398926
1997-09-02 00:00:00-04:00,15.36673355102539
1997-09-03 00:00:00-04:00,15.576517105102539
1997-09-04 00:00:00-04:00,15.760079383850098
1997-09-05 00:00:00-04:00,16.022310256958008
1997-09-08 00:00:00-04:00,15.733855247497559
1997-09-09 00:00:00-04:00,15.524075508117676
1997-09-10 00:00:00-04:00,15.15694808959961
1997-09-11 00:00:00-04:00,14.711155891418457
1997-09-12 00:00:00-04:00,15.078280448913574
1997-09-15 00:00:00-04:00,15.261843681335451
1997-09-16 00:00:00-04:00,15.261843681335451
1997-09-17 00:00:00-04:00,16.205875396728516
1997-09-18 00:00:00-04:00,16.205875396728516
1997-09-19 00:00:00-04:00,16.12720489501953
1997-09-22 00:00:00-04:00,16.41565704345703
1997-09-23 00:00:00-04:00,16.41565704345703
1997-09-24 00:00:00-04:00,16.336990356445312
1997-09-25 00:00:00-04:00,16.258317947387695
1997-09-26 00:00:00-04:00,16.41565704345703
1997-09-29 00:00:00-04:00,16.333709716796875
1997-09-30 00:00:00-04:00,16.333709716796875
1997-10-01 00:00:00-04:00,16.333709716796875
1997-10-02 00:00:00-04:00,16.36321258544922
1997-10-03 00:00:00-04:00,16.70410919189453
1997-10-06 00:00:00-04:00,16.730329513549805
1997-10-07 00:00:00-04:00,16.572996139526367
1997-10-08 00:00:00-04:00,16.520545959472656
1997-10-09 00:00:00-04:00,16.100976943969727
1997-10-10 00:00:00-04:00,15.996087074279785
1997-10-13 00:00:00-04:00,15.996087074279785
1997-10-14 00:00:00-04:00,16.41565704345703
1997-10-15 00:00:00-04:00,16.389436721801758
1997-10-16 00:00:00-04:00,16.189483642578125
1997-10-17 00:00:00-04:00,15.733855247497559
1997-10-20 00:00:00-04:00,16.100976943969727
1997-10-21 00:00:00-04:00,16.36321258544922
1997-10-22 00:00:00-04:00,16.41565704345703
1997-10-23 00:00:00-04:00,16.232097625732422
1997-10-24 00:00:00-04:00,16.36321258544922
1997-10-27 00:00:00-05:00,15.419180870056152
1997-10-28 00:00:00-05:00,15.419180870056152
1997-10-29 00:00:00-05:00,16.258317947387695
1997-10-30 00:00:00-05:00,16.100976943969727
1997-10-31 00:00:00-05:00,16.520545959472656
1997-11-03 00:00:00-05:00,16.389436721801758
1997-11-04 00:00:00-05:00,16.468101501464844
1997-11-05 00:00:00-05:00,16.520545959472656
1997-11-06 00:00:00-05:00,16.258317947387695
1997-11-07 00:00:00-05:00,15.943641662597658
1997-11-10 00:00:00-05:00,16.137042999267578
1997-11-11 00:00:00-05:00,16.153430938720703
1997-11-12 00:00:00-05:00,15.733855247497559
1997-11-13 00:00:00-05:00,15.733855247497559
1997-11-14 00:00:00-05:00,15.812525749206543
1997-11-17 00:00:00-05:00,16.153430938720703
1997-11-18 00:00:00-05:00,16.232097625732422
1997-11-19 00:00:00-05:00,16.468101501464844
1997-11-20 00:00:00-05:00,16.71394157409668
1997-11-21 00:00:00-05:00,16.809001922607422
1997-11-24 00:00:00-05:00,16.70410919189453
1997-11-25 00:00:00-05:00,16.70410919189453
1997-11-26 00:00:00-05:00,16.730329513549805
1997-11-28 00:00:00-05:00,16.809001922607422
1997-12-01 00:00:00-05:00,17.12367820739746
1997-12-02 00:00:00-05:00,17.22857666015625
1997-12-03 00:00:00-05:00,17.045013427734375
1997-12-04 00:00:00-05:00,17.071231842041016
1997-12-05 00:00:00-05:00,17.12367820739746
1997-12-08 00:00:00-05:00,17.071231842041016
1997-12-09 00:00:00-05:00,16.782779693603516
1997-12-10 00:00:00-05:00,16.730329513549805
1997-12-11 00:00:00-05:00,16.677886962890625
1997-12-12 00:00:00-05:00,16.730329513549805
1997-12-15 00:00:00-05:00,16.572996139526367
1997-12-16 00:00:00-05:00,16.782779693603516
1997-12-17 00:00:00-05:00,16.83522605895996
1997-12-18 00:00:00-05:00,16.625442504882812
1997-12-19 00:00:00-05:00,16.310760498046875
1997-12-22 00:00:00-05:00,16.310760498046875
1997-12-23 00:00:00-05:00,16.36321258544922
1997-12-24 00:00:00-05:00,16.41565704345703
1997-12-26 00:00:00-05:00,16.41565704345703
1997-12-29 00:00:00-05:00,16.625442504882812
1997-12-30 00:00:00-05:00,17.149900436401367
1997-12-31 00:00:00-05:00,17.071231842041016
1998-01-02 00:00:00-05:00,17.28101921081543
1998-01-05 00:00:00-05:00,17.045013427734375
1998-01-06 00:00:00-05:00,16.8614501953125
1998-01-07 00:00:00-05:00,17.097455978393555
1998-01-08 00:00:00-05:00,16.992565155029297
1998-01-09 00:00:00-05:00,16.940120697021484
1998-01-12 00:00:00-05:00,16.520545959472656
1998-01-13 00:00:00-05:00,16.83522605895996
1998-01-14 00:00:00-05:00,16.546770095825195
1998-01-15 00:00:00-05:00,16.12720489501953
1998-01-16 00:00:00-05:00,16.940120697021484
1998-01-20 00:00:00-05:00,17.149900436401367
1998-01-21 00:00:00-05:00,17.28101921081543
1998-01-22 00:00:00-05:00,17.385910034179688
1998-01-23 00:00:00-05:00,17.910375595092773
1998-01-26 00:00:00-05:00,17.726808547973633
1998-01-27 00:00:00-05:00,17.831703186035156
1998-01-28 00:00:00-05:00,17.884151458740234
1998-01-29 00:00:00-05:00,17.85792350769043
1998-01-30 00:00:00-05:00,18.04149055480957
1998-02-02 00:00:00-05:00,18.644620895385742
1998-02-03 00:00:00-05:00,18.565950393676758
1998-02-04 00:00:00-05:00,18.723295211791992
1998-02-05 00:00:00-05:00,18.644620895385742
1998-02-06 00:00:00-05:00,18.539730072021484
1998-02-09 00:00:00-05:00,17.62192153930664
1998-02-10 00:00:00-05:00,18.19882583618164
1998-02-11 00:00:00-05:00,18.339771270751953
1998-02-12 00:00:00-05:00,18.234886169433594
1998-02-13 00:00:00-05:00,18.172611236572266
1998-02-17 00:00:00-05:00,18.434837341308594
1998-02-18 00:00:00-05:00,18.35616683959961
1998-02-19 00:00:00-05:00,18.067710876464844
1998-02-20 00:00:00-05:00,18.408613204956055
1998-02-23 00:00:00-05:00,18.67084312438965
1998-02-24 00:00:00-05:00,18.513505935668945
1998-02-25 00:00:00-05:00,18.880626678466797
1998-02-26 00:00:00-05:00,18.880626678466797
1998-02-27 00:00:00-05:00,19.195302963256836
1998-03-02 00:00:00-05:00,19.431310653686523
1998-03-03 00:00:00-05:00,19.50998306274414
1998-03-04 00:00:00-05:00,19.11663818359375
1998-03-05 00:00:00-05:00,18.906850814819336
1998-03-06 00:00:00-05:00,18.98552131652832
1998-03-09 00:00:00-05:00,18.77573585510254
1998-03-10 00:00:00-05:00,19.24774932861328
1998-03-11 00:00:00-05:00,19.037967681884766
1998-03-12 00:00:00-05:00,19.011751174926758
1998-03-13 00:00:00-05:00,19.352645874023438
1998-03-16 00:00:00-05:00,19.169078826904297
1998-03-17 00:00:00-05:00,18.77573585510254
1998-03-18 00:00:00-05:00,18.513505935668945
1998-03-19 00:00:00-05:00,18.146381378173828
1998-03-20 00:00:00-05:00,18.644620895385742
1998-03-23 00:00:00-05:00,18.434837341308594
1998-03-24 00:00:00-05:00,18.644620895385742
1998-03-25 00:00:00-05:00,18.880626678466797
1998-03-26 00:00:00-05:00,18.906850814819336
1998-03-27 00:00:00-05:00,18.880626678466797
1998-03-30 00:00:00-05:00,18.513505935668945
1998-03-31 00:00:00-05:00,18.67084312438965
1998-04-01 00:00:00-05:00,18.513505935668945
1998-04-02 00:00:00-05:00,18.48728370666504
1998-04-03 00:00:00-05:00,18.539730072021484
1998-04-06 00:00:00-04:00,18.644620895385742
1998-04-07 00:00:00-04:00,18.3037166595459
1998-04-08 00:00:00-04:00,18.04149055480957
1998-04-09 00:00:00-04:00,18.251272201538086
1998-04-13 00:00:00-04:00,18.22504997253418
1998-04-14 00:00:00-04:00,18.67084312438965
1998-04-15 00:00:00-04:00,18.251272201538086
1998-04-16 00:00:00-04:00,17.85792350769043
1998-04-17 00:00:00-04:00,17.700590133666992
1998-04-20 00:00:00-04:00,18.067710876464844
1998-04-21 00:00:00-04:00,17.490806579589844
1998-04-22 00:00:00-04:00,17.084347609266704
1998-04-23 00:00:00-04:00,16.818836212158203
1998-04-24 00:00:00-04:00,17.081069946289062
1998-04-27 00:00:00-04:00,17.081069946289062
1998-04-28 00:00:00-04:00,17.045013427734375
1998-04-29 00:00:00-04:00,17.045013427734375
1998-04-30 00:00:00-04:00,17.307239532470703
1998-05-01 00:00:00-04:00,17.56947135925293
1998-05-04 00:00:00-04:00,17.936601638793945
1998-05-05 00:00:00-04:00,17.936601638793945
1998-05-06 00:00:00-04:00,17.726808547973633
1998-05-07 00:00:00-04:00,17.67436408996582
1998-05-08 00:00:00-04:00,17.831703186035156
1998-05-11 00:00:00-04:00,17.884151458740234
1998-05-12 00:00:00-04:00,17.85792350769043
1998-05-13 00:00:00-04:00,17.517026901245117
1998-05-14 00:00:00-04:00,17.67436408996582
1998-05-15 00:00:00-04:00,17.254796981811523
1998-05-18 00:00:00-04:00,16.677886962890625
1998-05-19 00:00:00-04:00,17.28101921081543
1998-05-20 00:00:00-04:00,17.385910034179688
1998-05-21 00:00:00-04:00,17.412134170532227
1998-05-22 00:00:00-04:00,17.490806579589844
1998-05-26 00:00:00-04:00,18.067710876464844
1998-05-27 00:00:00-04:00,17.85792350769043
1998-05-28 00:00:00-04:00,17.753034591674805
1998-05-29 00:00:00-04:00,17.79237174987793
1998-06-01 00:00:00-04:00,17.753034591674805
1998-06-02 00:00:00-04:00,17.517026901245117
1998-06-03 00:00:00-04:00,17.85792350769043
1998-06-04 00:00:00-04:00,17.62192153930664
1998-06-05 00:00:00-04:00,17.831703186035156
1998-06-08 00:00:00-04:00,18.093935012817383
1998-06-09 00:00:00-04:00,17.884151458740234
1998-06-10 00:00:00-04:00,17.595693588256836
1998-06-11 00:00:00-04:00,17.274463653564453
1998-06-12 00:00:00-04:00,16.572996139526367
1998-06-15 00:00:00-04:00,16.100976943969727
1998-06-16 00:00:00-04:00,16.310760498046875
1998-06-17 00:00:00-04:00,16.782779693603516
1998-06-18 00:00:00-04:00,16.310760498046875
1998-06-19 00:00:00-04:00,16.336990356445312
1998-06-22 00:00:00-04:00,16.468101501464844
1998-06-23 00:00:00-04:00,17.097455978393555
1998-06-24 00:00:00-04:00,17.149900436401367
1998-06-25 00:00:00-04:00,17.202348709106445
1998-06-26 00:00:00-04:00,17.097455978393555
1998-06-29 00:00:00-04:00,17.438358306884766
1998-06-30 00:00:00-04:00,17.490806579589844
1998-07-01 00:00:00-04:00,17.359689712524414
1998-07-02 00:00:00-04:00,17.385910034179688
1998-07-06 00:00:00-04:00,17.67436408996582
1998-07-07 00:00:00-04:00,17.67436408996582
1998-07-08 00:00:00-04:00,17.67436408996582
1998-07-09 00:00:00-04:00,17.333465576171875
1998-07-10 00:00:00-04:00,16.887670516967773
1998-07-13 00:00:00-04:00,16.625442504882812
1998-07-14 00:00:00-04:00,16.913896560668945
1998-07-15 00:00:00-04:00,16.677886962890625
1998-07-16 00:00:00-04:00,16.992565155029297
1998-07-17 00:00:00-04:00,17.307239532470703
1998-07-20 00:00:00-04:00,17.67436408996582
1998-07-21 00:00:00-04:00,17.62192153930664
1998-07-22 00:00:00-04:00,17.438358306884766
1998-07-23 00:00:00-04:00,17.149900436401367
1998-07-24 00:00:00-04:00,17.412134170532227
1998-07-27 00:00:00-04:00,17.045013427734375
1998-07-28 00:00:00-04:00,17.045013427734375
1998-07-29 00:00:00-04:00,17.359689712524414
1998-07-30 00:00:00-04:00,17.517026901245117
1998-07-31 00:00:00-04:00,17.517026901245117
1998-08-03 00:00:00-04:00,17.464580535888672
1998-08-04 00:00:00-04:00,17.097455978393555
1998-08-05 00:00:00-04:00,17.045013427734375
1998-08-06 00:00:00-04:00,17.071231842041016
1998-08-07 00:00:00-04:00,16.992565155029297
1998-08-10 00:00:00-04:00,16.83522605895996
1998-08-11 00:00:00-04:00,16.572996139526367
1998-08-12 00:00:00-04:00,16.913896560668945
1998-08-13 00:00:00-04:00,16.940120697021484
1998-08-14 00:00:00-04:00,16.756555557250977
1998-08-17 00:00:00-04:00,16.782779693603516
1998-08-18 00:00:00-04:00,17.22857666015625
1998-08-19 00:00:00-04:00,17.28101921081543
1998-08-20 00:00:00-04:00,17.307239532470703
1998-08-21 00:00:00-04:00,16.83522605895996
1998-08-24 00:00:00-04:00,16.677886962890625
1998-08-25 00:00:00-04:00,16.8614501953125
1998-08-26 00:00:00-04:00,16.677886962890625
1998-08-27 00:00:00-04:00,16.153430938720703
1998-08-28 00:00:00-04:00,16.258317947387695
1998-08-31 00:00:00-04:00,15.524075508117676
1998-09-01 00:00:00-04:00,16.258317947387695
1998-09-02 00:00:00-04:00,16.36321258544922
1998-09-03 00:00:00-04:00,16.205875396728516
1998-09-04 00:00:00-04:00,16.520545959472656
1998-09-08 00:00:00-04:00,17.936601638793945
1998-09-09 00:00:00-04:00,17.438358306884766
1998-09-10 00:00:00-04:00,17.464580535888672
1998-09-11 00:00:00-04:00,17.779253005981445
1998-09-14 00:00:00-04:00,17.80548095703125
1998-09-15 00:00:00-04:00,17.910375595092773
1998-09-16 00:00:00-04:00,18.093935012817383
1998-09-17 00:00:00-04:00,17.62192153930664
1998-09-18 00:00:00-04:00,17.12367820739746
1998-09-21 00:00:00-04:00,16.310760498046875
1998-09-22 00:00:00-04:00,16.36321258544922
1998-09-23 00:00:00-04:00,16.8614501953125
1998-09-24 00:00:00-04:00,16.677886962890625
1998-09-25 00:00:00-04:00,16.8614501953125
1998-09-28 00:00:00-04:00,17.045013427734375
1998-09-29 00:00:00-04:00,16.940120697021484
1998-09-30 00:00:00-04:00,16.83522605895996
1998-10-01 00:00:00-04:00,15.943641662597658
1998-10-02 00:00:00-04:00,15.786299705505371
1998-10-05 00:00:00-04:00,15.15694808959961
1998-10-06 00:00:00-04:00,15.996087074279785
1998-10-07 00:00:00-04:00,15.707629203796385
1998-10-08 00:00:00-04:00,15.471624374389648
1998-10-09 00:00:00-04:00,15.760079383850098
1998-10-12 00:00:00-04:00,16.04853630065918
1998-10-13 00:00:00-04:00,16.41565704345703
1998-10-14 00:00:00-04:00,16.730329513549805
1998-10-15 00:00:00-04:00,17.438358306884766
1998-10-16 00:00:00-04:00,17.22857666015625
1998-10-19 00:00:00-04:00,16.887670516967773
1998-10-20 00:00:00-04:00,16.969615936279297
1998-10-21 00:00:00-04:00,16.572996139526367
1998-10-22 00:00:00-04:00,18.146381378173828
1998-10-23 00:00:00-04:00,18.77573585510254
1998-10-26 00:00:00-05:00,18.880626678466797
1998-10-27 00:00:00-05:00,18.749513626098633
1998-10-28 00:00:00-05:00,18.618398666381836
1998-10-29 00:00:00-05:00,18.98552131652832
1998-10-30 00:00:00-05:00,18.828182220458984
1998-11-02 00:00:00-05:00,19.405092239379883
1998-11-03 00:00:00-05:00,18.933073043823242
1998-11-04 00:00:00-05:00,19.090415954589844
1998-11-05 00:00:00-05:00,18.933073043823242
1998-11-06 00:00:00-05:00,19.090415954589844
1998-11-09 00:00:00-05:00,18.513505935668945
1998-11-10 00:00:00-05:00,18.828182220458984
1998-11-11 00:00:00-05:00,19.221527099609375
1998-11-12 00:00:00-05:00,19.719768524169922
1998-11-13 00:00:00-05:00,19.45753288269043
1998-11-16 00:00:00-05:00,19.87710952758789
1998-11-17 00:00:00-05:00,19.929553985595703
1998-11-18 00:00:00-05:00,20.03444480895996
1998-11-19 00:00:00-05:00,20.113115310668945
1998-11-20 00:00:00-05:00,19.929553985595703
1998-11-23 00:00:00-05:00,20.270450592041016
1998-11-24 00:00:00-05:00,19.719768524169922
1998-11-25 00:00:00-05:00,19.61487579345703
1998-11-27 00:00:00-05:00,19.981996536254883
1998-11-30 00:00:00-05:00,19.588651657104492
1998-12-01 00:00:00-05:00,19.431310653686523
1998-12-02 00:00:00-05:00,19.56243133544922
1998-12-03 00:00:00-05:00,19.405092239379883
1998-12-04 00:00:00-05:00,19.61487579345703
1998-12-07 00:00:00-05:00,19.719768524169922
1998-12-08 00:00:00-05:00,20.03444480895996
1998-12-09 00:00:00-05:00,20.113115310668945
1998-12-10 00:00:00-05:00,20.03444480895996
1998-12-11 00:00:00-05:00,20.03444480895996
1998-12-14 00:00:00-05:00,19.929553985595703
1998-12-15 00:00:00-05:00,20.454015731811523
1998-12-16 00:00:00-05:00,20.40157127380371
1998-12-17 00:00:00-05:00,20.97847557067871
1998-12-18 00:00:00-05:00,20.873586654663086
1998-12-21 00:00:00-05:00,21.135820388793945
1998-12-22 00:00:00-05:00,20.76869010925293
1998-12-23 00:00:00-05:00,20.97847557067871
1998-12-24 00:00:00-05:00,21.030921936035156
1998-12-28 00:00:00-05:00,21.135820388793945
1998-12-29 00:00:00-05:00,21.030921936035156
1998-12-30 00:00:00-05:00,20.55890464782715
1998-12-31 00:00:00-05:00,20.55890464782715
1999-01-04 00:00:00-05:00,21.71272087097168
1999-01-05 00:00:00-05:00,21.722549438476562
1999-01-06 00:00:00-05:00,21.817611694335938
1999-01-07 00:00:00-05:00,21.92250633239746
1999-01-08 00:00:00-05:00,21.817611694335938
1999-01-11 00:00:00-05:00,21.5029354095459
1999-01-12 00:00:00-05:00,21.60782814025879
1999-01-13 00:00:00-05:00,21.240705490112305
1999-01-14 00:00:00-05:00,21.345603942871094
1999-01-15 00:00:00-05:00,21.398054122924805
1999-01-19 00:00:00-05:00,21.817611694335938
1999-01-20 00:00:00-05:00,21.791391372680664
1999-01-21 00:00:00-05:00,20.34912109375
1999-01-22 00:00:00-05:00,19.929553985595703
1999-01-25 00:00:00-05:00,20.13933563232422
1999-01-26 00:00:00-05:00,20.13933563232422
1999-01-27 00:00:00-05:00,19.405092239379883
1999-01-28 00:00:00-05:00,19.50998306274414
1999-01-29 00:00:00-05:00,19.66731834411621
1999-02-01 00:00:00-05:00,19.719768524169922
1999-02-02 00:00:00-05:00,19.61487579345703
1999-02-03 00:00:00-05:00,19.824663162231445
1999-02-04 00:00:00-05:00,19.61487579345703
1999-02-05 00:00:00-05:00,19.483760833740234
1999-02-08 00:00:00-05:00,19.483760833740234
1999-02-09 00:00:00-05:00,18.723295211791992
1999-02-10 00:00:00-05:00,18.98552131652832
1999-02-11 00:00:00-05:00,18.67084312438965
1999-02-12 00:00:00-05:00,18.565950393676758
1999-02-16 00:00:00-05:00,18.565950393676758
1999-02-17 00:00:00-05:00,18.461057662963867
1999-02-18 00:00:00-05:00,18.22504997253418
1999-02-19 00:00:00-05:00,18.146381378173828
1999-02-22 00:00:00-05:00,18.35616683959961
1999-02-23 00:00:00-05:00,18.67084312438965
1999-02-24 00:00:00-05:00,18.933073043823242
1999-02-25 00:00:00-05:00,18.723295211791992
1999-02-26 00:00:00-05:00,18.277494430541992
1999-03-01 00:00:00-05:00,18.251272201538086
1999-03-02 00:00:00-05:00,18.0152645111084
1999-03-03 00:00:00-05:00,17.989046096801758
1999-03-04 00:00:00-05:00,18.146381378173828
1999-03-05 00:00:00-05:00,18.565950393676758
1999-03-08 00:00:00-05:00,18.565950393676758
1999-03-09 00:00:00-05:00,18.67084312438965
1999-03-10 00:00:00-05:00,18.67084312438965
1999-03-11 00:00:00-05:00,19.142858505249023
1999-03-12 00:00:00-05:00,18.77573585510254
1999-03-15 00:00:00-05:00,18.592172622680664
1999-03-16 00:00:00-05:00,18.04149055480957
1999-03-17 00:00:00-05:00,17.85792350769043
1999-03-18 00:00:00-05:00,17.726808547973633
1999-03-19 00:00:00-05:00,17.412134170532227
1999-03-22 00:00:00-05:00,17.202348709106445
1999-03-23 00:00:00-05:00,16.677886962890625
1999-03-24 00:00:00-05:00,16.992565155029297
1999-03-25 00:00:00-05:00,17.254796981811523
1999-03-26 00:00:00-05:00,16.83522605895996
1999-03-29 00:00:00-05:00,17.045013427734375
1999-03-30 00:00:00-05:00,16.572996139526367
1999-03-31 00:00:00-05:00,16.940120697021484
1999-04-01 00:00:00-05:00,16.992565155029297
1999-04-05 00:00:00-04:00,16.940120697021484
1999-04-06 00:00:00-04:00,16.83522605895996
1999-04-07 00:00:00-04:00,17.22857666015625
1999-04-08 00:00:00-04:00,17.831703186035156
1999-04-09 00:00:00-04:00,17.67436408996582
1999-04-12 00:00:00-04:00,17.910375595092773
1999-04-13 00:00:00-04:00,17.648141860961914
1999-04-14 00:00:00-04:00,17.517026901245117
1999-04-15 00:00:00-04:00,16.966341018676758
1999-04-16 00:00:00-04:00,16.36321258544922
1999-04-19 00:00:00-04:00,16.494325637817383
1999-04-20 00:00:00-04:00,16.41565704345703
1999-04-21 00:00:00-04:00,15.65518569946289
1999-04-22 00:00:00-04:00,15.104503631591797
1999-04-23 00:00:00-04:00,14.920941352844238
1999-04-26 00:00:00-04:00,15.419180870056152
1999-04-27 00:00:00-04:00,15.891197204589844
1999-04-28 00:00:00-04:00,15.524075508117676
1999-04-29 00:00:00-04:00,15.36673355102539
1999-04-30 00:00:00-04:00,15.36673355102539
1999-05-03 00:00:00-04:00,15.68140697479248
1999-05-04 00:00:00-04:00,15.524075508117676
1999-05-05 00:00:00-04:00,16.100976943969727
1999-05-06 00:00:00-04:00,16.153430938720703
1999-05-07 00:00:00-04:00,16.022310256958008
1999-05-10 00:00:00-04:00,16.04853630065918
1999-05-11 00:00:00-04:00,15.733855247497559
1999-05-12 00:00:00-04:00,15.524075508117676
1999-05-13 00:00:00-04:00,15.576517105102539
1999-05-14 00:00:00-04:00,15.419180870056152
1999-05-17 00:00:00-04:00,15.183171272277832
1999-05-18 00:00:00-04:00,15.55029582977295
1999-05-19 00:00:00-04:00,15.497848510742188
1999-05-20 00:00:00-04:00,15.733855247497559
1999-05-21 00:00:00-04:00,15.707629203796385
1999-05-24 00:00:00-04:00,15.524075508117676
1999-05-25 00:00:00-04:00,15.471624374389648
1999-05-26 00:00:00-04:00,15.261843681335451
1999-05-27 00:00:00-04:00,15.052057266235352
1999-05-28 00:00:00-04:00,15.15694808959961
1999-06-01 00:00:00-04:00,15.524075508117676
1999-06-02 00:00:00-04:00,15.36673355102539
1999-06-03 00:00:00-04:00,15.628963470458984
1999-06-04 00:00:00-04:00,16.100976943969727
1999-06-07 00:00:00-04:00,16.36321258544922
1999-06-08 00:00:00-04:00,16.36321258544922
1999-06-09 00:00:00-04:00,16.258317947387695
1999-06-10 00:00:00-04:00,15.838747024536133
1999-06-11 00:00:00-04:00,15.943641662597658
1999-06-14 00:00:00-04:00,15.996087074279785
1999-06-15 00:00:00-04:00,16.153430938720703
1999-06-16 00:00:00-04:00,16.04853630065918
1999-06-17 00:00:00-04:00,16.730329513549805
1999-06-18 00:00:00-04:00,16.232097625732422
1999-06-21 00:00:00-04:00,16.44188117980957
1999-06-22 00:00:00-04:00,16.310760498046875
1999-06-23 00:00:00-04:00,15.786299705505371
1999-06-24 00:00:00-04:00,15.786299705505371
1999-06-25 00:00:00-04:00,15.838747024536133
1999-06-28 00:00:00-04:00,15.524075508117676
1999-06-29 00:00:00-04:00,15.576517105102539
1999-06-30 00:00:00-04:00,15.524075508117676
1999-07-01 00:00:00-04:00,15.628963470458984
1999-07-02 00:00:00-04:00,15.969862937927246
1999-07-06 00:00:00-04:00,16.022310256958008
1999-07-07 00:00:00-04:00,15.68140697479248
1999-07-08 00:00:00-04:00,15.68140697479248
1999-07-09 00:00:00-04:00,15.209392547607422
1999-07-12 00:00:00-04:00,15.052057266235352
1999-07-13 00:00:00-04:00,14.868496894836426
1999-07-14 00:00:00-04:00,14.999610900878906
1999-07-15 00:00:00-04:00,14.973386764526367
1999-07-16 00:00:00-04:00,14.684931755065918
1999-07-19 00:00:00-04:00,14.842272758483887
1999-07-20 00:00:00-04:00,14.973386764526367
1999-07-21 00:00:00-04:00,14.842272758483887
1999-07-22 00:00:00-04:00,14.947162628173828
1999-07-23 00:00:00-04:00,14.73737907409668
1999-07-26 00:00:00-04:00,14.684931755065918
1999-07-27 00:00:00-04:00,14.920941352844238
1999-07-28 00:00:00-04:00,14.947162628173828
1999-07-29 00:00:00-04:00,14.894720077514648
1999-07-30 00:00:00-04:00,15.052057266235352
1999-08-02 00:00:00-04:00,15.288064002990723
1999-08-03 00:00:00-04:00,15.36673355102539
1999-08-04 00:00:00-04:00,15.36673355102539
1999-08-05 00:00:00-04:00,15.288064002990723
1999-08-06 00:00:00-04:00,15.183171272277832
1999-08-09 00:00:00-04:00,14.842272758483887
1999-08-10 00:00:00-04:00,14.842272758483887
1999-08-11 00:00:00-04:00,14.842272758483887
1999-08-12 00:00:00-04:00,15.078280448913574
1999-08-13 00:00:00-04:00,15.209392547607422
1999-08-16 00:00:00-04:00,15.524075508117676
1999-08-17 00:00:00-04:00,15.288064002990723
1999-08-18 00:00:00-04:00,15.261843681335451
1999-08-19 00:00:00-04:00,15.524075508117676
1999-08-20 00:00:00-04:00,15.786299705505371
1999-08-23 00:00:00-04:00,16.04853630065918
1999-08-24 00:00:00-04:00,15.786299705505371
1999-08-25 00:00:00-04:00,15.68140697479248
1999-08-26 00:00:00-04:00,14.999610900878906
1999-08-27 00:00:00-04:00,15.104503631591797
1999-08-30 00:00:00-04:00,15.261843681335451
1999-08-31 00:00:00-04:00,15.052057266235352
1999-09-01 00:00:00-04:00,15.15694808959961
1999-09-02 00:00:00-04:00,15.36673355102539
1999-09-03 00:00:00-04:00,15.760079383850098
1999-09-07 00:00:00-04:00,15.786299705505371
1999-09-08 00:00:00-04:00,15.838747024536133
1999-09-09 00:00:00-04:00,15.733855247497559
1999-09-10 00:00:00-04:00,15.419180870056152
1999-09-13 00:00:00-04:00,14.658710479736328
1999-09-14 00:00:00-04:00,15.052057266235352
1999-09-15 00:00:00-04:00,15.052057266235352
1999-09-16 00:00:00-04:00,14.711155891418457
1999-09-17 00:00:00-04:00,15.025834083557129
1999-09-20 00:00:00-04:00,14.999610900878906
1999-09-21 00:00:00-04:00,15.340511322021484
1999-09-22 00:00:00-04:00,15.838747024536133
1999-09-23 00:00:00-04:00,15.602739334106445
1999-09-24 00:00:00-04:00,15.419180870056152
1999-09-27 00:00:00-04:00,15.602739334106445
1999-09-28 00:00:00-04:00,15.288064002990723
1999-09-29 00:00:00-04:00,15.471624374389648
1999-09-30 00:00:00-04:00,15.471624374389648
1999-10-01 00:00:00-04:00,15.55029582977295
1999-10-04 00:00:00-04:00,15.733855247497559
1999-10-05 00:00:00-04:00,15.576517105102539
1999-10-06 00:00:00-04:00,15.733855247497559
1999-10-07 00:00:00-04:00,15.68140697479248
1999-10-08 00:00:00-04:00,15.733855247497559
1999-10-11 00:00:00-04:00,15.602739334106445
1999-10-12 00:00:00-04:00,15.471624374389648
1999-10-13 00:00:00-04:00,15.68140697479248
1999-10-14 00:00:00-04:00,15.917421340942383
1999-10-15 00:00:00-04:00,15.68140697479248
1999-10-18 00:00:00-04:00,15.524075508117676
1999-10-19 00:00:00-04:00,15.68140697479248
1999-10-20 00:00:00-04:00,15.707629203796385
1999-10-21 00:00:00-04:00,15.628963470458984
1999-10-22 00:00:00-04:00,15.786299705505371
1999-10-25 00:00:00-04:00,15.314285278320312
1999-10-26 00:00:00-04:00,15.209392547607422
1999-10-27 00:00:00-04:00,15.130722999572754
1999-10-28 00:00:00-04:00,15.419180870056152
1999-10-29 00:00:00-04:00,15.576517105102539
1999-11-01 00:00:00-05:00,15.445402145385742
1999-11-02 00:00:00-05:00,15.445402145385742
1999-11-03 00:00:00-05:00,15.86497688293457
1999-11-04 00:00:00-05:00,16.100976943969727
1999-11-05 00:00:00-05:00,16.310760498046875
1999-11-08 00:00:00-05:00,16.205875396728516
1999-11-09 00:00:00-05:00,16.310760498046875
1999-11-10 00:00:00-05:00,16.389436721801758
1999-11-11 00:00:00-05:00,16.572996139526367
1999-11-12 00:00:00-05:00,16.336990356445312
1999-11-15 00:00:00-05:00,16.232097625732422
1999-11-16 00:00:00-05:00,16.100976943969727
1999-11-17 00:00:00-05:00,16.100976943969727
1999-11-18 00:00:00-05:00,15.917421340942383
1999-11-19 00:00:00-05:00,15.943641662597658
1999-11-22 00:00:00-05:00,15.55029582977295
1999-11-23 00:00:00-05:00,15.419180870056152
1999-11-24 00:00:00-05:00,15.419180870056152
1999-11-26 00:00:00-05:00,15.838747024536133
1999-11-29 00:00:00-05:00,16.04853630065918
1999-11-30 00:00:00-05:00,16.153430938720703
1999-12-01 00:00:00-05:00,16.37632179260254
1999-12-02 00:00:00-05:00,16.572996139526367
1999-12-03 00:00:00-05:00,16.782779693603516
1999-12-06 00:00:00-05:00,16.44188117980957
1999-12-07 00:00:00-05:00,16.100976943969727
1999-12-08 00:00:00-05:00,16.04853630065918
1999-12-09 00:00:00-05:00,15.943641662597658
1999-12-10 00:00:00-05:00,15.707629203796385
1999-12-13 00:00:00-05:00,15.419180870056152
1999-12-14 00:00:00-05:00,15.238897323608398
1999-12-15 00:00:00-05:00,15.025834083557129
1999-12-16 00:00:00-05:00,15.15694808959961
1999-12-17 00:00:00-05:00,15.078280448913574
1999-12-20 00:00:00-05:00,15.130722999572754
1999-12-21 00:00:00-05:00,14.999610900878906
1999-12-22 00:00:00-05:00,14.894720077514648
1999-12-23 00:00:00-05:00,14.999610900878906
1999-12-27 00:00:00-05:00,15.209392547607422
1999-12-28 00:00:00-05:00,15.052057266235352
1999-12-29 00:00:00-05:00,15.130722999572754
1999-12-30 00:00:00-05:00,15.235613822937012
1999-12-31 00:00:00-05:00,15.36673355102539
2000-01-03 00:00:00-05:00,15.261843681335451
2000-01-04 00:00:00-05:00,14.973386764526367
2000-01-05 00:00:00-05:00,15.03894329071045
2000-01-06 00:00:00-05:00,15.36673355102539
2000-01-07 00:00:00-05:00,15.602739334106445
2000-01-10 00:00:00-05:00,15.628963470458984
2000-01-11 00:00:00-05:00,15.314285278320312
2000-01-12 00:00:00-05:00,15.235613822937012
2000-01-13 00:00:00-05:00,15.419180870056152
2000-01-14 00:00:00-05:00,15.36673355102539
2000-01-18 00:00:00-05:00,15.314285278320312
2000-01-19 00:00:00-05:00,14.973386764526367
2000-01-20 00:00:00-05:00,15.052057266235352
2000-01-21 00:00:00-05:00,14.789824485778809
2000-01-24 00:00:00-05:00,14.160472869873047
2000-01-25 00:00:00-05:00,14.108023643493652
2000-01-26 00:00:00-05:00,13.845795631408691
2000-01-27 00:00:00-05:00,13.767126083374023
2000-01-28 00:00:00-05:00,13.347555160522461
2000-01-31 00:00:00-05:00,12.98043155670166
2000-02-01 00:00:00-05:00,13.400003433227539
2000-02-02 00:00:00-05:00,13.347555160522461
2000-02-03 00:00:00-05:00,13.636008262634277
2000-02-04 00:00:00-05:00,13.373780250549316
2000-02-07 00:00:00-05:00,13.452448844909668
2000-02-08 00:00:00-05:00,13.531113624572754
2000-02-09 00:00:00-05:00,13.426224708557129
2000-02-10 00:00:00-05:00,13.190217018127441
2000-02-11 00:00:00-05:00,13.321331977844238
2000-02-14 00:00:00-05:00,13.006654739379883
2000-02-15 00:00:00-05:00,12.90176010131836
2000-02-16 00:00:00-05:00,13.2951078414917
2000-02-17 00:00:00-05:00,13.924463272094727
2000-02-18 00:00:00-05:00,13.898239135742188
2000-02-22 00:00:00-05:00,13.95068645477295
2000-02-23 00:00:00-05:00,14.055577278137207
2000-02-24 00:00:00-05:00,13.845795631408691
2000-02-25 00:00:00-05:00,13.426224708557129
2000-02-28 00:00:00-05:00,13.400003433227539
2000-02-29 00:00:00-05:00,13.478670120239258
2000-03-01 00:00:00-05:00,13.504895210266113
2000-03-02 00:00:00-05:00,13.426224708557129
2000-03-03 00:00:00-05:00,13.216440200805664
2000-03-06 00:00:00-05:00,13.216440200805664
2000-03-07 00:00:00-05:00,12.587085723876953
2000-03-08 00:00:00-05:00,12.79687213897705
2000-03-09 00:00:00-05:00,12.691975593566895
2000-03-10 00:00:00-05:00,12.79687213897705
2000-03-13 00:00:00-05:00,12.560863494873047
2000-03-14 00:00:00-05:00,12.691975593566895
2000-03-15 00:00:00-05:00,13.03287410736084
2000-03-16 00:00:00-05:00,13.2951078414917
2000-03-17 00:00:00-05:00,13.373780250549316
2000-03-20 00:00:00-05:00,13.400003433227539
2000-03-21 00:00:00-05:00,13.714681625366211
2000-03-22 00:00:00-05:00,13.531113624572754
2000-03-23 00:00:00-05:00,13.636008262634277
2000-03-24 00:00:00-05:00,14.003132820129395
2000-03-27 00:00:00-05:00,13.845795631408691
2000-03-28 00:00:00-05:00,13.819568634033203
2000-03-29 00:00:00-05:00,13.767126083374023
2000-03-30 00:00:00-05:00,13.845795631408691
2000-03-31 00:00:00-05:00,14.344033241271973
2000-04-03 00:00:00-04:00,14.527594566345215
2000-04-04 00:00:00-04:00,15.15694808959961
2000-04-05 00:00:00-04:00,14.999610900878906
2000-04-06 00:00:00-04:00,14.920941352844238
2000-04-07 00:00:00-04:00,14.973386764526367
2000-04-10 00:00:00-04:00,14.763601303100586
2000-04-11 00:00:00-04:00,15.104503631591797
2000-04-12 00:00:00-04:00,15.471624374389648
2000-04-13 00:00:00-04:00,15.314285278320312
2000-04-14 00:00:00-04:00,15.261843681335451
2000-04-17 00:00:00-04:00,14.999610900878906
2000-04-18 00:00:00-04:00,14.868496894836426
2000-04-19 00:00:00-04:00,14.684931755065918
2000-04-20 00:00:00-04:00,14.684931755065918
2000-04-24 00:00:00-04:00,14.580036163330078
2000-04-25 00:00:00-04:00,14.658710479736328
2000-04-26 00:00:00-04:00,14.763601303100586
2000-04-27 00:00:00-04:00,14.580036163330078
2000-04-28 00:00:00-04:00,14.711155891418457
2000-05-01 00:00:00-04:00,14.73737907409668
2000-05-02 00:00:00-04:00,15.052057266235352
2000-05-03 00:00:00-04:00,14.894720077514648
2000-05-04 00:00:00-04:00,14.658710479736328
2000-05-05 00:00:00-04:00,14.658710479736328
2000-05-08 00:00:00-04:00,14.59315299987793
2000-05-09 00:00:00-04:00,14.894720077514648
2000-05-10 00:00:00-04:00,15.104503631591797
2000-05-11 00:00:00-04:00,15.104503782348575
2000-05-12 00:00:00-04:00,15.261840532463825
2000-05-15 00:00:00-04:00,15.288066774306156
2000-05-16 00:00:00-04:00,14.973384495997134
2000-05-17 00:00:00-04:00,14.894716735877818
2000-05-18 00:00:00-04:00,14.763602162178017
2000-05-19 00:00:00-04:00,14.60626597204187
2000-05-22 00:00:00-04:00,14.947164721408647
2000-05-23 00:00:00-04:00,15.025833990614036
2000-05-24 00:00:00-04:00,15.130725097148666
2000-05-25 00:00:00-04:00,15.261841196222383
2000-05-26 00:00:00-04:00,15.314288021482065
2000-05-30 00:00:00-04:00,15.602744791575779
2000-05-31 00:00:00-04:00,15.471624374389648
2000-06-01 00:00:00-04:00,15.497847460494741
2000-06-02 00:00:00-04:00,15.786299705505371
2000-06-05 00:00:00-04:00,15.68140697479248
2000-06-06 00:00:00-04:00,15.471624758080868
2000-06-07 00:00:00-04:00,15.733861396737971
2000-06-08 00:00:00-04:00,15.996089571799116
2000-06-09 00:00:00-04:00,15.681412470171297
2000-06-12 00:00:00-04:00,15.891193679968906
2000-06-13 00:00:00-04:00,16.074759072711284
2000-06-14 00:00:00-04:00,16.179651441392043
2000-06-15 00:00:00-04:00,16.153425696275303
2000-06-16 00:00:00-04:00,16.04853077663557
2000-06-19 00:00:00-04:00,16.022307692968493
2000-06-20 00:00:00-04:00,16.048533249695836
2000-06-21 00:00:00-04:00,16.022310256958008
2000-06-22 00:00:00-04:00,16.022310454703355
2000-06-23 00:00:00-04:00,15.73385353895015
2000-06-26 00:00:00-04:00,15.786307589485814
2000-06-27 00:00:00-04:00,16.100981006130905
2000-06-28 00:00:00-04:00,16.33698999441318
2000-06-29 00:00:00-04:00,16.363207460548
2000-06-30 00:00:00-04:00,16.677887342845896
2000-07-03 00:00:00-04:00,16.572991025074888
2000-07-05 00:00:00-04:00,16.572995468556787
2000-07-06 00:00:00-04:00,16.86145142244887
2000-07-07 00:00:00-04:00,16.861448095307026
2000-07-10 00:00:00-04:00,16.86145142244887
2000-07-11 00:00:00-04:00,16.913894844190537
2000-07-12 00:00:00-04:00,16.861447901444194
2000-07-13 00:00:00-04:00,16.57299461452266
2000-07-14 00:00:00-04:00,16.33698541723957
2000-07-17 00:00:00-04:00,16.205868620932907
2000-07-18 00:00:00-04:00,16.17964619497096
2000-07-19 00:00:00-04:00,16.048531629904513
2000-07-20 00:00:00-04:00,16.074759072711284
2000-07-21 00:00:00-04:00,16.23209210254809
2000-07-24 00:00:00-04:00,16.336988818677675
2000-07-25 00:00:00-04:00,16.520545959472656
2000-07-26 00:00:00-04:00,16.389434999243623
2000-07-27 00:00:00-04:00,16.336990535723626
2000-07-28 00:00:00-04:00,16.127199373124416
2000-07-31 00:00:00-04:00,16.179645538330078
2000-08-01 00:00:00-04:00,16.284541035089315
2000-08-02 00:00:00-04:00,16.205875396728516
2000-08-03 00:00:00-04:00,16.022313207965922
2000-08-04 00:00:00-04:00,16.127205578738955
2000-08-07 00:00:00-04:00,16.310767442684558
2000-08-08 00:00:00-04:00,16.179652303161618
2000-08-09 00:00:00-04:00,16.127205030810707
2000-08-10 00:00:00-04:00,15.996087074279785
2000-08-11 00:00:00-04:00,16.022310929490157
2000-08-14 00:00:00-04:00,15.96986237472059
2000-08-15 00:00:00-04:00,16.07475992889402
2000-08-16 00:00:00-04:00,15.996089796200714
2000-08-17 00:00:00-04:00,16.258317947387695
2000-08-18 00:00:00-04:00,16.022312888370905
2000-08-21 00:00:00-04:00,16.048536835327123
2000-08-22 00:00:00-04:00,15.969867022579404
2000-08-23 00:00:00-04:00,16.23209485968608
2000-08-24 00:00:00-04:00,16.336986072093183
2000-08-25 00:00:00-04:00,16.363210866233157
2000-08-28 00:00:00-04:00,16.44188069200151
2000-08-29 00:00:00-04:00,16.153430938720703
2000-08-30 00:00:00-04:00,15.838749306740992
2000-08-31 00:00:00-04:00,15.917423075696714
2000-09-01 00:00:00-04:00,16.022307692968493
2000-09-05 00:00:00-04:00,15.550293163478807
2000-09-06 00:00:00-04:00,15.47162705134075
2000-09-07 00:00:00-04:00,15.288065416844661
2000-09-08 00:00:00-04:00,15.209390741610758
2000-09-11 00:00:00-04:00,15.261842234950391
2000-09-12 00:00:00-04:00,15.41917820217946
2000-09-13 00:00:00-04:00,15.550294018347122
2000-09-14 00:00:00-04:00,15.52407313980547
2000-09-15 00:00:00-04:00,15.314287373623886
2000-09-18 00:00:00-04:00,15.20939749539404
2000-09-19 00:00:00-04:00,15.445401288284554
2000-09-20 00:00:00-04:00,15.288064002990723
2000-09-21 00:00:00-04:00,15.445401288284554
2000-09-22 00:00:00-04:00,16.02230659743225
2000-09-25 00:00:00-04:00,16.10098180343801
2000-09-26 00:00:00-04:00,16.15342920959472
2000-09-27 00:00:00-04:00,16.284537416172817
2000-09-28 00:00:00-04:00,16.36321362876269
2000-09-29 00:00:00-04:00,16.33698999441318
2000-10-02 00:00:00-04:00,16.232091252424706
2000-10-03 00:00:00-04:00,16.20587177198446
2000-10-04 00:00:00-04:00,16.284537416172817
2000-10-05 00:00:00-04:00,16.31076690224299
2000-10-06 00:00:00-04:00,16.25831478613857
2000-10-09 00:00:00-04:00,16.17965403509462
2000-10-10 00:00:00-04:00,16.15342834922185
2000-10-11 00:00:00-04:00,16.441879561299025
2000-10-12 00:00:00-04:00,16.28454331134795
2000-10-13 00:00:00-04:00,16.336989627671688
2000-10-16 00:00:00-04:00,16.048534018454323
2000-10-17 00:00:00-04:00,15.86497688293457
2000-10-18 00:00:00-04:00,15.78630133602445
2000-10-19 00:00:00-04:00,15.891199979315642
2000-10-20 00:00:00-04:00,15.917423075696714
2000-10-23 00:00:00-04:00,15.838752060372908
2000-10-24 00:00:00-04:00,15.996090115272663
2000-10-25 00:00:00-04:00,15.943640898863736
2000-10-26 00:00:00-04:00,15.838748548031633
2000-10-27 00:00:00-04:00,16.048535620274972
2000-10-30 00:00:00-05:00,16.048535980541093
2000-10-31 00:00:00-05:00,16.127200027636803
2000-11-01 00:00:00-05:00,16.153430938720703
2000-11-02 00:00:00-05:00,16.100982164881472
2000-11-03 00:00:00-05:00,16.232096457545776
2000-11-06 00:00:00-05:00,16.363209454660783
2000-11-07 00:00:00-05:00,16.363211606893884
2000-11-08 00:00:00-05:00,16.62543966379101
2000-11-09 00:00:00-05:00,16.704108604764414
2000-11-10 00:00:00-05:00,16.54677467811647
2000-11-13 00:00:00-05:00,16.782779693603516
2000-11-14 00:00:00-05:00,16.951162003189722
2000-11-15 00:00:00-05:00,16.870309829711914
2000-11-16 00:00:00-05:00,16.708613465758887
2000-11-17 00:00:00-05:00,16.789466857910156
2000-11-20 00:00:00-05:00,16.600814676890533
2000-11-21 00:00:00-05:00,17.005057712195036
2000-11-22 00:00:00-05:00,16.870314995245227
2000-11-24 00:00:00-05:00,16.60081482243748
2000-11-27 00:00:00-05:00,16.870312549025623
2000-11-28 00:00:00-05:00,17.220653089656928
2000-11-29 00:00:00-05:00,17.274555206298828
2000-11-30 00:00:00-05:00,17.38234914564926
2000-12-01 00:00:00-05:00,17.490145887270028
2000-12-04 00:00:00-05:00,18.163886765116995
2000-12-05 00:00:00-05:00,18.460323909755356
2000-12-06 00:00:00-05:00,17.678792835833384
2000-12-07 00:00:00-05:00,17.678791320176465
2000-12-08 00:00:00-05:00,17.732693165804275
2000-12-11 00:00:00-05:00,17.46320152282715
2000-12-12 00:00:00-05:00,17.382353384625763
2000-12-13 00:00:00-05:00,17.43625080002971
2000-12-14 00:00:00-05:00,17.463195940319977
2000-12-15 00:00:00-05:00,17.732693165804275
2000-12-18 00:00:00-05:00,17.97523820366175
2000-12-19 00:00:00-05:00,18.24473674511525
2000-12-20 00:00:00-05:00,18.163882797569176
2000-12-21 00:00:00-05:00,18.16387939453125
2000-12-22 00:00:00-05:00,18.10998364011452
2000-12-26 00:00:00-05:00,18.32557856190299
2000-12-27 00:00:00-05:00,18.541176272515077
2000-12-28 00:00:00-05:00,18.99931202813527
2000-12-29 00:00:00-05:00,18.972362899508532
2001-01-02 00:00:00-05:00,19.187955567524167
2001-01-03 00:00:00-05:00,19.75389289714435
2001-01-04 00:00:00-05:00,19.18795762479913
2001-01-05 00:00:00-05:00,18.54117356061565
2001-01-08 00:00:00-05:00,17.948284290653426
2001-01-09 00:00:00-05:00,17.975234985351562
2001-01-10 00:00:00-05:00,17.786587497731617
2001-01-11 00:00:00-05:00,17.89438568943919
2001-01-12 00:00:00-05:00,17.732693729544163
2001-01-16 00:00:00-05:00,17.624892880592178
2001-01-17 00:00:00-05:00,17.786589111869844
2001-01-18 00:00:00-05:00,17.759638558561957
2001-01-19 00:00:00-05:00,17.570997686650287
2001-01-22 00:00:00-05:00,17.436250028358607
2001-01-23 00:00:00-05:00,17.894387825644444
2001-01-24 00:00:00-05:00,17.570995457868257
2001-01-25 00:00:00-05:00,17.705742209559766
2001-01-26 00:00:00-05:00,18.002183031252006
2001-01-29 00:00:00-05:00,18.036683778014222
2001-01-30 00:00:00-05:00,18.066864386372842
2001-01-31 00:00:00-05:00,18.28246142697956
2001-02-01 00:00:00-05:00,18.30401869704226
2001-02-02 00:00:00-05:00,18.239339528337915
2001-02-05 00:00:00-05:00,18.209157277829657
2001-02-06 00:00:00-05:00,18.174662048533648
2001-02-07 00:00:00-05:00,17.937505704719207
2001-02-08 00:00:00-05:00,17.967692245205217
2001-02-09 00:00:00-05:00,18.045303912857637
2001-02-12 00:00:00-05:00,18.131544512595188
2001-02-13 00:00:00-05:00,18.196222786293696
2001-02-14 00:00:00-05:00,18.00649625180116
2001-02-15 00:00:00-05:00,17.894389564584166
2001-02-16 00:00:00-05:00,18.02373962150896
2001-02-20 00:00:00-05:00,17.851263876828956
2001-02-21 00:00:00-05:00,18.153106094228615
2001-02-22 00:00:00-05:00,17.993557061214325
2001-02-23 00:00:00-05:00,17.747783253356868
2001-02-26 00:00:00-05:00,17.575311169670943
2001-02-27 00:00:00-05:00,17.75209482336733
2001-02-28 00:00:00-05:00,18.217782755580043
2001-03-01 00:00:00-05:00,18.62740992812032
2001-03-02 00:00:00-05:00,18.799888731650906
2001-03-05 00:00:00-05:00,18.851632253899876
2001-03-06 00:00:00-05:00,18.441998483233043
2001-03-07 00:00:00-05:00,18.355760056060955
2001-03-08 00:00:00-05:00,17.872827429874686
2001-03-09 00:00:00-05:00,17.980625954819434
2001-03-12 00:00:00-05:00,17.90301379861512
2001-03-13 00:00:00-05:00,17.66585968622976
2001-03-14 00:00:00-05:00,16.92420942921864
2001-03-15 00:00:00-05:00,17.2476067639575
2001-03-16 00:00:00-05:00,17.05356745584253
2001-03-19 00:00:00-05:00,16.99320373889377
2001-03-20 00:00:00-05:00,16.988890982926637
2001-03-21 00:00:00-05:00,16.514577425044948
2001-03-22 00:00:00-05:00,16.319691484700034
2001-03-23 00:00:00-05:00,16.341538799801846
2001-03-26 00:00:00-05:00,17.040644447207736
2001-03-27 00:00:00-05:00,17.193571090698242
2001-03-28 00:00:00-05:00,17.018796262229866
2001-03-29 00:00:00-05:00,17.040641745945674
2001-03-30 00:00:00-05:00,17.071227296218098
2001-04-02 00:00:00-04:00,16.909562444240965
2001-04-03 00:00:00-04:00,16.996950540992287
2001-04-04 00:00:00-04:00,17.040642683071674
2001-04-05 00:00:00-04:00,17.551865636031135
2001-04-06 00:00:00-04:00,17.44262846505528
2001-04-09 00:00:00-04:00,17.717899338921193
2001-04-10 00:00:00-04:00,17.87957183857239
2001-04-11 00:00:00-04:00,17.744116533644007
2001-04-12 00:00:00-04:00,17.630510566693737
2001-04-16 00:00:00-04:00,17.98006309738188
2001-04-17 00:00:00-04:00,17.54312665249972
2001-04-18 00:00:00-04:00,17.60866493318345
2001-04-19 00:00:00-04:00,17.586820476651436
2001-04-20 00:00:00-04:00,17.43389067365704
2001-04-23 00:00:00-04:00,17.189201621978448
2001-04-24 00:00:00-04:00,17.425148972461145
2001-04-25 00:00:00-04:00,17.363980661186055
2001-04-26 00:00:00-04:00,17.171725047633373
2001-04-27 00:00:00-04:00,16.922670152008777
2001-04-30 00:00:00-04:00,16.88771242440481
2001-05-01 00:00:00-04:00,17.149878880052775
2001-05-02 00:00:00-04:00,16.940146599662427
2001-05-03 00:00:00-04:00,16.761002468477535
2001-05-04 00:00:00-04:00,16.778481551990648
2001-05-07 00:00:00-04:00,17.071230821225896
2001-05-08 00:00:00-04:00,17.106186799862442
2001-05-09 00:00:00-04:00,16.97947298237461
2001-05-10 00:00:00-04:00,17.11492419380501
2001-05-11 00:00:00-04:00,17.54312035276922
2001-05-14 00:00:00-04:00,17.71789928199668
2001-05-15 00:00:00-04:00,17.79217763200695
2001-05-16 00:00:00-04:00,17.98006371682324
2001-05-17 00:00:00-04:00,18.001911382731212
2001-05-18 00:00:00-04:00,17.84898075056855
2001-05-21 00:00:00-04:00,17.870830667633932
2001-05-22 00:00:00-04:00,17.840243893311932
2001-05-23 00:00:00-04:00,17.827134861281397
2001-05-24 00:00:00-04:00,17.82713508605957
2001-05-25 00:00:00-04:00,17.77032885648735
2001-05-29 00:00:00-04:00,17.573706629178645
2001-05-30 00:00:00-04:00,17.696053034539084
2001-05-31 00:00:00-04:00,16.9751043107651
2001-06-01 00:00:00-04:00,16.69108761844939
2001-06-04 00:00:00-04:00,16.96198955281144
2001-06-05 00:00:00-04:00,17.04064400642365
2001-06-06 00:00:00-04:00,17.084338384718148
2001-06-07 00:00:00-04:00,17.040643611641674
2001-06-08 00:00:00-04:00,17.00131793664696
2001-06-11 00:00:00-04:00,16.83091783751233
2001-06-12 00:00:00-04:00,16.835280571337403
2001-06-13 00:00:00-04:00,16.844022086641075
2001-06-14 00:00:00-04:00,16.59059737362198
2001-06-15 00:00:00-04:00,16.625552865000998
2001-06-18 00:00:00-04:00,16.691092047986558
2001-06-19 00:00:00-04:00,15.533199789188519
2001-06-20 00:00:00-04:00,15.524461091068048
2001-06-21 00:00:00-04:00,15.79536235503677
2001-06-22 00:00:00-04:00,15.227346616372957
2001-06-25 00:00:00-04:00,15.480771420354287
2001-06-26 00:00:00-04:00,15.345317905315314
2001-06-27 00:00:00-04:00,15.205498893854006
2001-06-28 00:00:00-04:00,15.148691884542984
2001-06-29 00:00:00-04:00,15.533201821217322
2001-07-02 00:00:00-04:00,15.60747848771596
2001-07-03 00:00:00-04:00,15.751673839382693
2001-07-05 00:00:00-04:00,15.288516218118108
2001-07-06 00:00:00-04:00,15.078782424628645
2001-07-09 00:00:00-04:00,14.943333212444037
2001-07-10 00:00:00-04:00,14.419005976313397
2001-07-11 00:00:00-04:00,14.528241640009295
2001-07-12 00:00:00-04:00,14.550089482219521
2001-07-13 00:00:00-04:00,14.790403939410085
2001-07-16 00:00:00-04:00,14.681170201588131
2001-07-17 00:00:00-04:00,14.571936139458
2001-07-18 00:00:00-04:00,14.681171510371488
2001-07-19 00:00:00-04:00,15.249190758182076
2001-07-20 00:00:00-04:00,15.4895073754535
2001-07-23 00:00:00-04:00,15.336580255634152
2001-07-24 00:00:00-04:00,15.074417958082806
2001-07-25 00:00:00-04:00,14.978290291502294
2001-07-26 00:00:00-04:00,14.790403369590292
2001-07-27 00:00:00-04:00,14.943331946976697
2001-07-30 00:00:00-04:00,15.02198188618243
2001-07-31 00:00:00-04:00,15.218603417130266
2001-08-01 00:00:00-04:00,15.358428264315759
2001-08-02 00:00:00-04:00,15.533202420470023
2001-08-03 00:00:00-04:00,15.620589734068744
2001-08-06 00:00:00-04:00,15.336578748787101
2001-08-07 00:00:00-04:00,15.336580078319987
2001-08-08 00:00:00-04:00,15.358426412874657
2001-08-09 00:00:00-04:00,15.20549689241337
2001-08-10 00:00:00-04:00,14.834096134011453
2001-08-13 00:00:00-04:00,14.724861065698594
2001-08-14 00:00:00-04:00,14.855945013879845
2001-08-15 00:00:00-04:00,14.877792306204203
2001-08-16 00:00:00-04:00,15.3715327697868
2001-08-17 00:00:00-04:00,15.55504919110768
2001-08-20 00:00:00-04:00,15.402120672133725
2001-08-21 00:00:00-04:00,15.817211316616314
2001-08-22 00:00:00-04:00,16.03568200823566
2001-08-23 00:00:00-04:00,15.948295460444502
2001-08-24 00:00:00-04:00,15.991991919650777
2001-08-27 00:00:00-04:00,16.166765925959613
2001-08-28 00:00:00-04:00,16.08374574522818
2001-08-29 00:00:00-04:00,15.948295727027828
2001-08-30 00:00:00-04:00,15.686129564700762
2001-08-31 00:00:00-04:00,15.817213523915445
2001-09-04 00:00:00-04:00,15.598744310236404
2001-09-05 00:00:00-04:00,15.664284164176431
2001-09-06 00:00:00-04:00,15.423968268249967
2001-09-07 00:00:00-04:00,15.686132532750083
2001-09-10 00:00:00-04:00,15.20549468464828
2001-09-17 00:00:00-04:00,15.598737149778563
2001-09-18 00:00:00-04:00,15.904603195109477
2001-09-19 00:00:00-04:00,16.249783517574837
2001-09-20 00:00:00-04:00,15.904600286493874
2001-09-21 00:00:00-04:00,14.703017202067526
2001-09-24 00:00:00-04:00,15.546310761457542
2001-09-25 00:00:00-04:00,16.17550579418544
2001-09-26 00:00:00-04:00,16.363389264690362
2001-09-27 00:00:00-04:00,16.699831670889346
2001-09-28 00:00:00-04:00,16.857129527473056
2001-10-01 00:00:00-04:00,16.71294025459652
2001-10-02 00:00:00-04:00,16.82216947347099
2001-10-03 00:00:00-04:00,16.909560986020423
2001-10-04 00:00:00-04:00,17.040643514628883
2001-10-05 00:00:00-04:00,16.88771369357709
2001-10-08 00:00:00-04:00,16.865868106673034
2001-10-09 00:00:00-04:00,16.887712629946865
2001-10-10 00:00:00-04:00,16.581857594070105
2001-10-11 00:00:00-04:00,17.0843388718451
2001-10-12 00:00:00-04:00,16.92267369184885
2001-10-15 00:00:00-04:00,17.062489821838664
2001-10-16 00:00:00-04:00,17.193571891081966
2001-10-17 00:00:00-04:00,17.0843386517805
2001-10-18 00:00:00-04:00,17.32465407214236
2001-10-19 00:00:00-04:00,17.106187151546397
2001-10-22 00:00:00-04:00,17.11929476581001
2001-10-23 00:00:00-04:00,17.149874915744586
2001-10-24 00:00:00-04:00,16.86586832548384
2001-10-25 00:00:00-04:00,16.64739535725821
2001-10-26 00:00:00-04:00,16.393971885846987
2001-10-29 00:00:00-05:00,16.47262338493749
2001-10-30 00:00:00-05:00,16.38523661390995
2001-10-31 00:00:00-05:00,16.3983409873641
2001-11-01 00:00:00-05:00,16.538164890193233
2001-11-02 00:00:00-05:00,16.647395597021394
2001-11-05 00:00:00-05:00,16.564382061896954
2001-11-06 00:00:00-05:00,16.621179914612124
2001-11-07 00:00:00-05:00,16.734784317329197
2001-11-08 00:00:00-05:00,16.94888448670814
2001-11-09 00:00:00-05:00,16.822174604820063
2001-11-12 00:00:00-05:00,16.60370573769903
2001-11-13 00:00:00-05:00,16.40708173909047
2001-11-14 00:00:00-05:00,16.450775648937494
2001-11-15 00:00:00-05:00,16.6037021158624
2001-11-16 00:00:00-05:00,16.60370582782188
2001-11-19 00:00:00-05:00,16.538161831779668
2001-11-20 00:00:00-05:00,16.389604613586798
2001-11-21 00:00:00-05:00,16.232307923045994
2001-11-23 00:00:00-05:00,15.904597856325042
2001-11-26 00:00:00-05:00,15.839064276279636
2001-11-27 00:00:00-05:00,15.729825929939581
2001-11-28 00:00:00-05:00,15.524463611911296
2001-11-29 00:00:00-05:00,15.358426350374948
2001-11-30 00:00:00-05:00,15.32783974245567
2001-12-03 00:00:00-05:00,15.314732747135968
2001-12-04 00:00:00-05:00,15.371533563570752
2001-12-05 00:00:00-05:00,15.467660357700453
2001-12-06 00:00:00-05:00,15.292886969867038
2001-12-07 00:00:00-05:00,15.271038321889847
2001-12-10 00:00:00-05:00,15.096261314846672
2001-12-11 00:00:00-05:00,14.96081399145611
2001-12-12 00:00:00-05:00,15.096264261395866
2001-12-13 00:00:00-05:00,15.118108484685962
2001-12-14 00:00:00-05:00,15.04819864217042
2001-12-17 00:00:00-05:00,15.227342071222965
2001-12-18 00:00:00-05:00,15.148695526698305
2001-12-19 00:00:00-05:00,14.855946411843254
2001-12-20 00:00:00-05:00,15.271037417861471
2001-12-21 00:00:00-05:00,15.69049410981229
2001-12-24 00:00:00-05:00,15.467662412527934
2001-12-26 00:00:00-05:00,15.292886136808479
2001-12-27 00:00:00-05:00,15.620584487915039
2001-12-28 00:00:00-05:00,15.555047370430422
2001-12-31 00:00:00-05:00,15.81721242438699
2002-01-02 00:00:00-05:00,15.860907411100065
2002-01-03 00:00:00-05:00,15.336579592888858
2002-01-04 00:00:00-05:00,15.118109023991043
2002-01-07 00:00:00-05:00,15.271038453706938
2002-01-08 00:00:00-05:00,15.008874804572429
2002-01-09 00:00:00-05:00,15.205499878453901
2002-01-10 00:00:00-05:00,15.227346616372957
2002-01-11 00:00:00-05:00,15.489509958522689
2002-01-14 00:00:00-05:00,15.393380010579596
2002-01-15 00:00:00-05:00,15.271038809403612
2002-01-16 00:00:00-05:00,15.18365234931879
2002-01-17 00:00:00-05:00,15.10063080387242
2002-01-18 00:00:00-05:00,15.292886156340312
2002-01-22 00:00:00-05:00,15.205499697791518
2002-01-23 00:00:00-05:00,15.292884100978721
2002-01-24 00:00:00-05:00,15.46766180789139
2002-01-25 00:00:00-05:00,15.096261572974196
2002-01-28 00:00:00-05:00,14.96518060573324
2002-01-29 00:00:00-05:00,15.118108444715588
2002-01-30 00:00:00-05:00,14.877795341492467
2002-01-31 00:00:00-05:00,15.021984033284468
2002-02-01 00:00:00-05:00,15.205497638328005
2002-02-04 00:00:00-05:00,15.240453201062978
2002-02-05 00:00:00-05:00,15.118110501768516
2002-02-06 00:00:00-05:00,15.336583452917273
2002-02-07 00:00:00-05:00,15.742935822042458
2002-02-08 00:00:00-05:00,15.970140684969307
2002-02-11 00:00:00-05:00,16.114327795093793
2002-02-12 00:00:00-05:00,16.219197299062067
2002-02-13 00:00:00-05:00,16.197348918966153
2002-02-14 00:00:00-05:00,16.2759952545166
2002-02-15 00:00:00-05:00,16.254153274349648
2002-02-19 00:00:00-05:00,16.197350162943042
2002-02-20 00:00:00-05:00,16.123069469027506
2002-02-21 00:00:00-05:00,16.01820475852327
2002-02-22 00:00:00-05:00,16.131808629813072
2002-02-25 00:00:00-05:00,16.254151318870285
2002-02-26 00:00:00-05:00,16.12306744337878
2002-02-27 00:00:00-05:00,16.06626787123193
2002-02-28 00:00:00-05:00,16.29784613247073
2002-03-01 00:00:00-05:00,16.47699033856016
2002-03-04 00:00:00-05:00,16.276000267975796
2002-03-05 00:00:00-05:00,16.210459063592925
2002-03-06 00:00:00-05:00,16.136179456719976
2002-03-07 00:00:00-05:00,16.267260929643772
2002-03-08 00:00:00-05:00,16.31969335419069
2002-03-11 00:00:00-05:00,16.188608319529745
2002-03-12 00:00:00-05:00,16.297844839103025
2002-03-13 00:00:00-05:00,16.577485551552314
2002-03-14 00:00:00-05:00,16.975102144639145
2002-03-15 00:00:00-05:00,17.114921364086637
2002-03-18 00:00:00-05:00,17.280962788177217
2002-03-19 00:00:00-05:00,17.390195711970524
2002-03-20 00:00:00-05:00,17.3159156974955
2002-03-21 00:00:00-05:00,17.48641378014498
2002-03-22 00:00:00-05:00,17.4465660815854
2002-03-25 00:00:00-05:00,17.49084062445184
2002-03-26 00:00:00-05:00,17.428851531496775
2002-03-27 00:00:00-05:00,17.31372224704231
2002-03-28 00:00:00-05:00,17.437706721838207
2002-04-01 00:00:00-05:00,17.490844191290904
2002-04-02 00:00:00-05:00,17.570553394829012
2002-04-03 00:00:00-05:00,17.43770836205216
2002-04-04 00:00:00-05:00,17.269439896318048
2002-04-05 00:00:00-05:00,17.27829843909803
2002-04-08 00:00:00-04:00,17.003755931421562
2002-04-09 00:00:00-04:00,17.048038125763526
2002-04-10 00:00:00-04:00,17.225159594950625
2002-04-11 00:00:00-04:00,17.136601100992404
2002-04-12 00:00:00-04:00,17.19859538784373
2002-04-15 00:00:00-04:00,17.446562544050007
2002-04-16 00:00:00-04:00,17.490844191290904
2002-04-17 00:00:00-04:00,17.623688127576365
2002-04-18 00:00:00-04:00,17.955792838513954
2002-04-19 00:00:00-04:00,18.000070473146415
2002-04-22 00:00:00-04:00,18.066490823704527
2002-04-23 00:00:00-04:00,18.354319596254488
2002-04-24 00:00:00-04:00,18.50044314685058
2002-04-25 00:00:00-04:00,18.593431482507317
2002-04-26 00:00:00-04:00,18.611144962352004
2002-04-29 00:00:00-04:00,18.628853566880387
2002-04-30 00:00:00-04:00,18.575715568241975
2002-05-01 00:00:00-04:00,18.58900053093627
2002-05-02 00:00:00-04:00,18.59786132454254
2002-05-03 00:00:00-04:00,18.885687013617673
2002-05-06 00:00:00-04:00,18.841400152517572
2002-05-07 00:00:00-04:00,18.774981548058836
2002-05-08 00:00:00-04:00,18.819263182014748
2002-05-09 00:00:00-04:00,18.907825278369213
2002-05-10 00:00:00-04:00,18.86353579838735
2002-05-13 00:00:00-04:00,18.952096601055082
2002-05-14 00:00:00-04:00,18.686420066490303
2002-05-15 00:00:00-04:00,18.907828219195082
2002-05-16 00:00:00-04:00,19.018528526275325
2002-05-17 00:00:00-04:00,18.819264603162644
2002-05-20 00:00:00-04:00,18.850259525085498
2002-05-21 00:00:00-04:00,18.664279838055965
2002-05-22 00:00:00-04:00,19.129227412011993
2002-05-23 00:00:00-04:00,18.96538538446852
2002-05-24 00:00:00-04:00,19.05838062355707
2002-05-28 00:00:00-04:00,19.107088350215893
2002-05-29 00:00:00-04:00,19.06280779344383
2002-05-30 00:00:00-04:00,19.115944788418723
2002-05-31 00:00:00-04:00,19.235501058939857
2002-06-03 00:00:00-04:00,18.89896436527704
2002-06-04 00:00:00-04:00,18.67756589243533
2002-06-05 00:00:00-04:00,18.19933191558823
2002-06-06 00:00:00-04:00,18.301181371644685
2002-06-07 00:00:00-04:00,17.80080723479435
2002-06-10 00:00:00-04:00,18.000074095653407
2002-06-11 00:00:00-04:00,18.022211328277137
2002-06-12 00:00:00-04:00,17.393429642242598
2002-06-13 00:00:00-04:00,17.083461109083256
2002-06-14 00:00:00-04:00,16.91519718313123
2002-06-17 00:00:00-04:00,17.548410290500698
2002-06-18 00:00:00-04:00,17.645830730532413
2002-06-19 00:00:00-04:00,17.82294782999965
2002-06-20 00:00:00-04:00,17.827376976494293
2002-06-21 00:00:00-04:00,17.557267611917155
2002-06-24 00:00:00-04:00,17.588265161529232
2002-06-25 00:00:00-04:00,17.55726513152147
2002-06-26 00:00:00-04:00,17.468703762837958
2002-06-27 00:00:00-04:00,18.376459588161634
2002-06-28 00:00:00-04:00,18.974247538502212
2002-07-01 00:00:00-04:00,19.42590843658047
2002-07-02 00:00:00-04:00,19.04066541671315
2002-07-03 00:00:00-04:00,18.721850287495183
2002-07-05 00:00:00-04:00,18.881255561554994
2002-07-08 00:00:00-04:00,18.93881219788772
2002-07-09 00:00:00-04:00,19.160222471360868
2002-07-10 00:00:00-04:00,18.686422966591085
2002-07-11 00:00:00-04:00,17.66796903974465
2002-07-12 00:00:00-04:00,17.867227737236952
2002-07-15 00:00:00-04:00,17.911513243249015
2002-07-16 00:00:00-04:00,16.9594774724001
2002-07-17 00:00:00-04:00,17.198595016582008
2002-07-18 00:00:00-04:00,16.290840242287825
2002-07-19 00:00:00-04:00,15.675336720267666
2002-07-22 00:00:00-04:00,15.365372910566798
2002-07-23 00:00:00-04:00,15.657626894458605
2002-07-24 00:00:00-04:00,15.334380268571872
2002-07-25 00:00:00-04:00,16.60522920268006
2002-07-26 00:00:00-04:00,17.703392043161156
2002-07-29 00:00:00-04:00,17.694539882321013
2002-07-30 00:00:00-04:00,17.667965225569596
2002-07-31 00:00:00-04:00,17.977930437731395
2002-08-01 00:00:00-04:00,18.07977996885977
2002-08-02 00:00:00-04:00,17.951360802493408
2002-08-05 00:00:00-04:00,17.845090489584422
2002-08-06 00:00:00-04:00,17.880515325188895
2002-08-07 00:00:00-04:00,18.522583282008675
2002-08-08 00:00:00-04:00,18.6864201910742
2002-08-09 00:00:00-04:00,18.50930120941521
2002-08-12 00:00:00-04:00,18.730698648373835
2002-08-13 00:00:00-04:00,18.788270678232365
2002-08-14 00:00:00-04:00,19.06723600563354
2002-08-15 00:00:00-04:00,19.31077820955699
2002-08-16 00:00:00-04:00,18.76612996814337
2002-08-19 00:00:00-04:00,18.730702078809358
2002-08-20 00:00:00-04:00,18.42074069577202
2002-08-21 00:00:00-04:00,18.575718205532063
2002-08-22 00:00:00-04:00,18.22147377070593
2002-08-23 00:00:00-04:00,18.066489452257485
2002-08-26 00:00:00-04:00,18.26575653658195
2002-08-27 00:00:00-04:00,18.252472376695316
2002-08-28 00:00:00-04:00,17.889369037945837
2002-08-29 00:00:00-04:00,17.58826398765103
2002-08-30 00:00:00-04:00,17.80080896258958
2002-09-03 00:00:00-04:00,17.247303011259504
2002-09-04 00:00:00-04:00,17.136596715614356
2002-09-05 00:00:00-04:00,17.38014238998167
2002-09-06 00:00:00-04:00,17.725533386703646
2002-09-09 00:00:00-04:00,17.40228225412422
2002-09-10 00:00:00-04:00,17.721103481283063
2002-09-11 00:00:00-04:00,17.97792934752385
2002-09-12 00:00:00-04:00,18.02221125073103
2002-09-13 00:00:00-04:00,17.614830121755315
2002-09-16 00:00:00-04:00,17.388998024087492
2002-09-17 00:00:00-04:00,17.357999871719166
2002-09-18 00:00:00-04:00,17.025895347257844
2002-09-19 00:00:00-04:00,16.88862854593207
2002-09-20 00:00:00-04:00,17.31372355205202
2002-09-23 00:00:00-04:00,16.84877494511793
2002-09-24 00:00:00-04:00,16.162425432631746
2002-09-25 00:00:00-04:00,17.034756794782098
2002-09-26 00:00:00-04:00,17.402282976202773
2002-09-27 00:00:00-04:00,17.269439967948962
2002-09-30 00:00:00-04:00,17.22516361011457
2002-10-01 00:00:00-04:00,17.636972393252595
2002-10-02 00:00:00-04:00,17.64582508954997
2002-10-03 00:00:00-04:00,17.955791294551364
2002-10-04 00:00:00-04:00,17.82294863408265
2002-10-07 00:00:00-04:00,17.73438753400714
2002-10-08 00:00:00-04:00,17.734389893814544
2002-10-09 00:00:00-04:00,17.048040349492624
2002-10-10 00:00:00-04:00,16.981618302059847
2002-10-11 00:00:00-04:00,17.64582516152111
2002-10-14 00:00:00-04:00,17.535125449806134
2002-10-15 00:00:00-04:00,17.579407244974494
2002-10-16 00:00:00-04:00,17.512985229492188
2002-10-17 00:00:00-04:00,16.782356596968622
2002-10-18 00:00:00-04:00,16.450248625998196
2002-10-21 00:00:00-04:00,16.494532903032653
2002-10-22 00:00:00-04:00,16.29526789958888
2002-10-23 00:00:00-04:00,16.498958123472654
2002-10-24 00:00:00-04:00,16.738078288755865
2002-10-25 00:00:00-04:00,16.724789211132205
2002-10-28 00:00:00-05:00,16.782353382006615
2002-10-29 00:00:00-05:00,16.67165364109017
2002-10-30 00:00:00-05:00,16.36168888597567
2002-10-31 00:00:00-05:00,16.73807587281939
2002-11-01 00:00:00-05:00,16.85320399065751
2002-11-04 00:00:00-05:00,16.89305531311573
2002-11-05 00:00:00-05:00,17.003759277288644
2002-11-06 00:00:00-05:00,17.34471957081034
2002-11-07 00:00:00-05:00,17.048034657841797
2002-11-08 00:00:00-05:00,17.04803821762862
2002-11-11 00:00:00-05:00,16.782356649072412
2002-11-12 00:00:00-05:00,16.959477462649257
2002-11-13 00:00:00-05:00,16.893055864691657
2002-11-14 00:00:00-05:00,17.136600298195603
2002-11-15 00:00:00-05:00,16.90634142384665
2002-11-18 00:00:00-05:00,17.225160047332512
2002-11-19 00:00:00-05:00,17.025899178547046
2002-11-20 00:00:00-05:00,16.720364296002355
2002-11-21 00:00:00-05:00,17.02590115637416
2002-11-22 00:00:00-05:00,16.848777479689925
2002-11-25 00:00:00-05:00,16.63180169937655
2002-11-26 00:00:00-05:00,16.950626723448096
2002-11-27 00:00:00-05:00,16.795641060219996
2002-11-29 00:00:00-05:00,16.693791263058145
2002-12-02 00:00:00-05:00,16.636229935517754
2002-12-03 00:00:00-05:00,16.370545004038274
2002-12-04 00:00:00-05:00,16.242129918075356
2002-12-05 00:00:00-05:00,16.419255793482343
2002-12-06 00:00:00-05:00,16.00744105263445
2002-12-09 00:00:00-05:00,16.38382829675155
2002-12-10 00:00:00-05:00,16.428109922582767
2002-12-11 00:00:00-05:00,16.330694832924195
2002-12-12 00:00:00-05:00,16.211134488320614
2002-12-13 00:00:00-05:00,16.335120055360647
2002-12-16 00:00:00-05:00,16.242136894846055
2002-12-17 00:00:00-05:00,16.543238413835244
2002-12-18 00:00:00-05:00,16.463534334311817
2002-12-19 00:00:00-05:00,16.22884730392127
2002-12-20 00:00:00-05:00,16.025155030233986
2002-12-23 00:00:00-05:00,16.073866431312418
2002-12-24 00:00:00-05:00,16.118145644578757
2002-12-26 00:00:00-05:00,16.06500753591319
2002-12-27 00:00:00-05:00,15.96316716173078
2002-12-30 00:00:00-05:00,16.051723846926564
2002-12-31 00:00:00-05:00,16.11814417422951
2003-01-02 00:00:00-05:00,16.22884776333498
2003-01-03 00:00:00-05:00,16.826633998280673
2003-01-06 00:00:00-05:00,17.039179954923878
2003-01-07 00:00:00-05:00,16.955050876027336
2003-01-08 00:00:00-05:00,16.93291110007063
2003-01-09 00:00:00-05:00,17.00375729870314
2003-01-10 00:00:00-05:00,17.003761358195938
2003-01-13 00:00:00-05:00,17.1321739851648
2003-01-14 00:00:00-05:00,17.00375962947614
2003-01-15 00:00:00-05:00,16.959475643680136
2003-01-16 00:00:00-05:00,16.870920668409482
2003-01-17 00:00:00-05:00,16.69379334429416
2003-01-21 00:00:00-05:00,16.71593286076009
2003-01-22 00:00:00-05:00,16.326267424022983
2003-01-23 00:00:00-05:00,16.361688079488463
2003-01-24 00:00:00-05:00,16.436969933581302
2003-01-27 00:00:00-05:00,15.710760947761143
2003-01-28 00:00:00-05:00,15.232534085558799
2003-01-29 00:00:00-05:00,15.830322232807367
2003-01-30 00:00:00-05:00,16.4723898796924
2003-01-31 00:00:00-05:00,16.162426165784808
2003-02-03 00:00:00-05:00,16.171283088964408
2003-02-04 00:00:00-05:00,16.118146099133014
2003-02-05 00:00:00-05:00,16.082722343356338
2003-02-06 00:00:00-05:00,15.927739532796359
2003-02-07 00:00:00-05:00,15.81260904085311
2003-02-10 00:00:00-05:00,15.861321632326739
2003-02-11 00:00:00-05:00,16.118143813443595
2003-02-12 00:00:00-05:00,15.941023531604614
2003-02-13 00:00:00-05:00,15.719624593521994
2003-02-14 00:00:00-05:00,15.852462743050992
2003-02-18 00:00:00-05:00,15.83032045630476
2003-02-19 00:00:00-05:00,15.67533787931661
2003-02-20 00:00:00-05:00,15.830323580174825
2003-02-21 00:00:00-05:00,15.6222030421698
2003-02-24 00:00:00-05:00,15.608917236328125
2003-02-25 00:00:00-05:00,15.564637499682036
2003-02-26 00:00:00-05:00,15.755043083303837
2003-02-27 00:00:00-05:00,15.901170240253935
2003-02-28 00:00:00-05:00,16.025151975862183
2003-03-03 00:00:00-05:00,16.450249719301286
2003-03-04 00:00:00-05:00,16.50858155549011
2003-03-05 00:00:00-05:00,16.075331550326013
2003-03-06 00:00:00-05:00,16.102410749343324
2003-03-07 00:00:00-05:00,16.08887138157486
2003-03-10 00:00:00-05:00,16.24682785744356
2003-03-11 00:00:00-05:00,15.863223284553385
2003-03-12 00:00:00-05:00,15.5789011421879
2003-03-13 00:00:00-05:00,15.583416148050892
2003-03-14 00:00:00-05:00,15.781986727115779
2003-03-17 00:00:00-05:00,15.91286304882736
2003-03-18 00:00:00-05:00,16.3822159794479
2003-03-19 00:00:00-05:00,16.680072709564023
2003-03-20 00:00:00-05:00,17.149426019204537
2003-03-21 00:00:00-05:00,17.555600695609822
2003-03-24 00:00:00-05:00,17.131375498466305
2003-03-25 00:00:00-05:00,17.036600951857917
2003-03-26 00:00:00-05:00,16.9012094548188
2003-03-27 00:00:00-05:00,16.833517925886778
2003-03-28 00:00:00-05:00,16.946337469839385
2003-03-31 00:00:00-05:00,16.698125970783025
2003-04-01 00:00:00-05:00,16.549196965888164
2003-04-02 00:00:00-05:00,16.85156627105561
2003-04-03 00:00:00-05:00,17.05916522940975
2003-04-04 00:00:00-05:00,17.30737863124533
2003-04-07 00:00:00-04:00,17.551085904069552
2003-04-08 00:00:00-04:00,17.442768604750178
2003-04-09 00:00:00-04:00,17.69098594033162
2003-04-10 00:00:00-04:00,17.4111809554066
2003-04-11 00:00:00-04:00,17.44276973678738
2003-04-14 00:00:00-04:00,17.41569567553073
2003-04-15 00:00:00-04:00,17.40215304187656
2003-04-16 00:00:00-04:00,17.53303001082009
2003-04-17 00:00:00-04:00,17.55559801093082
2003-04-21 00:00:00-04:00,17.632320532859342
2003-04-22 00:00:00-04:00,17.569135248969335
2003-04-23 00:00:00-04:00,18.02945899963379
2003-04-24 00:00:00-04:00,17.92566505519568
2003-04-25 00:00:00-04:00,17.6909882678006
2003-04-28 00:00:00-04:00,17.73611560813252
2003-04-29 00:00:00-04:00,17.71355130773428
2003-04-30 00:00:00-04:00,17.713553305275735
2003-05-01 00:00:00-04:00,17.781251539154226
2003-05-02 00:00:00-04:00,17.749660093559243
2003-05-05 00:00:00-04:00,18.151312559500255
2003-05-06 00:00:00-04:00,18.458199121258968
2003-05-07 00:00:00-04:00,18.399531852877804
2003-05-08 00:00:00-04:00,18.345375882761893
2003-05-09 00:00:00-04:00,18.300245117786815
2003-05-12 00:00:00-04:00,18.20998406783146
2003-05-13 00:00:00-04:00,18.13326248513298
2003-05-14 00:00:00-04:00,18.246090594198836
2003-05-15 00:00:00-04:00,18.14229083552041
2003-05-16 00:00:00-04:00,18.32281060021809
2003-05-19 00:00:00-04:00,18.44466018179968
2003-05-20 00:00:00-04:00,17.70903943664107
2003-05-21 00:00:00-04:00,17.81284102479737
2003-05-22 00:00:00-04:00,17.984334989036324
2003-05-23 00:00:00-04:00,18.092644579230168
2003-05-27 00:00:00-04:00,17.984334543412587
2003-05-28 00:00:00-04:00,18.390500000524312
2003-05-29 00:00:00-04:00,18.471739703939694
2003-05-30 00:00:00-04:00,18.228033121962127
2003-06-02 00:00:00-04:00,18.390503463698824
2003-06-03 00:00:00-04:00,18.27316536142476
2003-06-04 00:00:00-04:00,17.97981917201655
2003-06-05 00:00:00-04:00,17.916637169118086
2003-06-06 00:00:00-04:00,18.088132804029783
2003-06-09 00:00:00-04:00,18.232548218534856
2003-06-10 00:00:00-04:00,18.30927058451809
2003-06-11 00:00:00-04:00,18.28670521910513
2003-06-12 00:00:00-04:00,18.30024413549441
2003-06-13 00:00:00-04:00,18.1603399863533
2003-06-16 00:00:00-04:00,18.11972612675604
2003-06-17 00:00:00-04:00,18.787647247314453
2003-06-18 00:00:00-04:00,18.787648381265463
2003-06-19 00:00:00-04:00,18.90950136714278
2003-06-20 00:00:00-04:00,18.787647453345787
2003-06-23 00:00:00-04:00,18.376961749681204
2003-06-24 00:00:00-04:00,18.449173696717786
2003-06-25 00:00:00-04:00,18.413071724688145
2003-06-26 00:00:00-04:00,18.38598896010559
2003-06-27 00:00:00-04:00,18.40403869042541
2003-06-30 00:00:00-04:00,17.984334222978244
2003-07-01 00:00:00-04:00,17.627807129984408
2003-07-02 00:00:00-04:00,17.6097532469184
2003-07-03 00:00:00-04:00,17.528518205855352
2003-07-07 00:00:00-04:00,17.465336110574157
2003-07-08 00:00:00-04:00,17.32994457424822
2003-07-09 00:00:00-04:00,17.40666521174694
2003-07-10 00:00:00-04:00,17.375074557951553
2003-07-11 00:00:00-04:00,17.284816806580196
2003-07-14 00:00:00-04:00,17.411185327409694
2003-07-15 00:00:00-04:00,17.429232737315377
2003-07-16 00:00:00-04:00,17.032086534605916
2003-07-17 00:00:00-04:00,17.22614840797407
2003-07-18 00:00:00-04:00,17.171995727723978
2003-07-21 00:00:00-04:00,17.424726367669646
2003-07-22 00:00:00-04:00,17.185528382738042
2003-07-23 00:00:00-04:00,17.632320379681847
2003-07-24 00:00:00-04:00,17.641344186574518
2003-07-25 00:00:00-04:00,17.862482333401132
2003-07-28 00:00:00-04:00,17.921147457387498
2003-07-29 00:00:00-04:00,17.58718635617821
2003-07-30 00:00:00-04:00,17.528520233066565
2003-07-31 00:00:00-04:00,17.492411848331024
2003-08-01 00:00:00-04:00,17.33446091884408
2003-08-04 00:00:00-04:00,17.26225234592124
2003-08-05 00:00:00-04:00,17.375075746828774
2003-08-06 00:00:00-04:00,17.43825796896225
2003-08-07 00:00:00-04:00,17.24420314749978
2003-08-08 00:00:00-04:00,17.16296666310283
2003-08-11 00:00:00-04:00,17.126859369420927
2003-08-12 00:00:00-04:00,17.077217224405878
2003-08-13 00:00:00-04:00,17.009521675752396
2003-08-14 00:00:00-04:00,16.90121284646889
2003-08-15 00:00:00-04:00,17.063679285586876
2003-08-18 00:00:00-04:00,17.185528822860395
2003-08-19 00:00:00-04:00,17.095272526769016
2003-08-20 00:00:00-04:00,17.023060435983833
2003-08-21 00:00:00-04:00,17.014037449672916
2003-08-22 00:00:00-04:00,16.90121301523788
2003-08-25 00:00:00-04:00,16.819980494954425
2003-08-26 00:00:00-04:00,16.675561972390987
2003-08-27 00:00:00-04:00,16.71166725323296
2003-08-28 00:00:00-04:00,16.675559083172256
2003-08-29 00:00:00-04:00,16.72069023145224
2003-09-02 00:00:00-04:00,16.652995011271592
2003-09-03 00:00:00-04:00,17.104293970460244
2003-09-04 00:00:00-04:00,17.11332931624029
2003-09-05 00:00:00-04:00,17.57365002639666
2003-09-08 00:00:00-04:00,17.718069000881425
2003-09-09 00:00:00-04:00,17.894070693361275
2003-09-10 00:00:00-04:00,17.93920030846791
2003-09-11 00:00:00-04:00,17.894073142411056
2003-09-12 00:00:00-04:00,17.871506716503266
2003-09-15 00:00:00-04:00,17.925662078807008
2003-09-16 00:00:00-04:00,18.029461600789407
2003-09-17 00:00:00-04:00,18.18741982348236
2003-09-18 00:00:00-04:00,18.097156069310262
2003-09-19 00:00:00-04:00,18.05202786623175
2003-09-22 00:00:00-04:00,17.970795031173516
2003-09-23 00:00:00-04:00,17.96176808459623
2003-09-24 00:00:00-04:00,17.514979056083007
2003-09-25 00:00:00-04:00,17.465333675524093
2003-09-26 00:00:00-04:00,17.171990447884653
2003-09-29 00:00:00-04:00,17.262252877663233
2003-09-30 00:00:00-04:00,17.42923088534507
2003-10-01 00:00:00-04:00,17.749654609697696
2003-10-02 00:00:00-04:00,17.50144372631361
2003-10-03 00:00:00-04:00,17.803813700613368
2003-10-06 00:00:00-04:00,17.58718822579603
2003-10-07 00:00:00-04:00,17.533030417556834
2003-10-08 00:00:00-04:00,17.916639435714163
2003-10-09 00:00:00-04:00,17.772223163253166
2003-10-10 00:00:00-04:00,18.24157597785284
2003-10-13 00:00:00-04:00,18.25511066560417
2003-10-14 00:00:00-04:00,18.024947886934203
2003-10-15 00:00:00-04:00,17.894073913585515
2003-10-16 00:00:00-04:00,17.812840781040617
2003-10-17 00:00:00-04:00,17.871510467620197
2003-10-20 00:00:00-04:00,17.794787603011947
2003-10-21 00:00:00-04:00,17.817348921858976
2003-10-22 00:00:00-04:00,17.781245522269458
2003-10-23 00:00:00-04:00,17.537543499763554
2003-10-24 00:00:00-04:00,17.600729682228405
2003-10-27 00:00:00-05:00,17.636831743777112
2003-10-28 00:00:00-05:00,17.49241414908907
2003-10-29 00:00:00-05:00,17.23517827713451
2003-10-30 00:00:00-05:00,17.352508586582903
2003-10-31 00:00:00-05:00,17.036600873305535
2003-11-03 00:00:00-05:00,17.469847363540126
2003-11-04 00:00:00-05:00,17.104296101105216
2003-11-05 00:00:00-05:00,16.76582069957185
2003-11-06 00:00:00-05:00,16.833515596010447
2003-11-07 00:00:00-05:00,16.819978908738015
2003-11-10 00:00:00-05:00,16.991474982731695
2003-11-11 00:00:00-05:00,16.892184889757942
2003-11-12 00:00:00-05:00,17.271274988846123
2003-11-13 00:00:00-05:00,17.465336675362714
2003-11-14 00:00:00-05:00,18.065569151716307
2003-11-17 00:00:00-05:00,18.440148418401574
2003-11-18 00:00:00-05:00,18.616152846464367
2003-11-19 00:00:00-05:00,18.32281135570204
2003-11-20 00:00:00-05:00,18.336349764303087
2003-11-21 00:00:00-05:00,18.719955386458693
2003-11-24 00:00:00-05:00,18.78313444529337
2003-11-25 00:00:00-05:00,18.79216069973749
2003-11-26 00:00:00-05:00,18.828266644137017
2003-11-28 00:00:00-05:00,18.999758624522865
2003-12-01 00:00:00-05:00,19.044892646688076
2003-12-02 00:00:00-05:00,19.090022799005943
2003-12-03 00:00:00-05:00,19.360800313539404
2003-12-04 00:00:00-05:00,19.52777982416598
2003-12-05 00:00:00-05:00,19.392393552092415
2003-12-08 00:00:00-05:00,19.49167771137692
2003-12-09 00:00:00-05:00,19.857230699306864
2003-12-10 00:00:00-05:00,19.766972606087815
2003-12-11 00:00:00-05:00,19.609017029766107
2003-12-12 00:00:00-05:00,19.78953388355473
2003-12-15 00:00:00-05:00,19.857231140136715
2003-12-16 00:00:00-05:00,19.87979492810743
2003-12-17 00:00:00-05:00,19.65414839849099
2003-12-18 00:00:00-05:00,19.721843170549015
2003-12-19 00:00:00-05:00,19.81210538100666
2003-12-22 00:00:00-05:00,19.821122690272997
2003-12-23 00:00:00-05:00,19.735379096261596
2003-12-24 00:00:00-05:00,19.879792249280705
2003-12-26 00:00:00-05:00,20.037753336965896
2003-12-29 00:00:00-05:00,20.08288862757581
2003-12-30 00:00:00-05:00,20.240835439524762
2003-12-31 00:00:00-05:00,20.48905637223488
2004-01-02 00:00:00-05:00,20.714702606201172
2004-01-05 00:00:00-05:00,20.917785707175764
2004-01-06 00:00:00-05:00,21.256262253636116
2004-01-07 00:00:00-05:00,21.233695285013454
2004-01-08 00:00:00-05:00,21.143436744141106
2004-01-09 00:00:00-05:00,20.93132835078745
2004-01-12 00:00:00-05:00,21.04415175264629
2004-01-13 00:00:00-05:00,21.16600466749693
2004-01-14 00:00:00-05:00,21.220158332660485
2004-01-15 00:00:00-05:00,20.985483549990825
2004-01-16 00:00:00-05:00,20.628954984261224
2004-01-20 00:00:00-05:00,20.90875947959557
2004-01-21 00:00:00-05:00,21.044149493888284
2004-01-22 00:00:00-05:00,21.24272876505533
2004-01-23 00:00:00-05:00,21.369086554009325
2004-01-26 00:00:00-05:00,21.202109142278207
2004-01-27 00:00:00-05:00,21.12989466552775
2004-01-28 00:00:00-05:00,21.179542083233898
2004-01-29 00:00:00-05:00,21.053178975217723
2004-01-30 00:00:00-05:00,20.45745999258114
2004-02-02 00:00:00-05:00,20.421356320107257
2004-02-03 00:00:00-05:00,20.54772340159918
2004-02-04 00:00:00-05:00,20.64249531271432
2004-02-05 00:00:00-05:00,21.08025440777807
2004-02-06 00:00:00-05:00,21.175028259515003
2004-02-09 00:00:00-05:00,21.391652813959087
2004-02-10 00:00:00-05:00,21.36006381076513
2004-02-11 00:00:00-05:00,21.34652658589965
2004-02-12 00:00:00-05:00,21.34653091430664
2004-02-13 00:00:00-05:00,21.301395583606585
2004-02-17 00:00:00-05:00,21.265294184773744
2004-02-18 00:00:00-05:00,21.098310764368417
2004-02-19 00:00:00-05:00,20.714697800284824
2004-02-20 00:00:00-05:00,20.534181966617172
2004-02-23 00:00:00-05:00,20.353658221727564
2004-02-24 00:00:00-05:00,20.516591556040396
2004-02-25 00:00:00-05:00,20.447663033811672
2004-02-26 00:00:00-05:00,20.080066755315173
2004-02-27 00:00:00-05:00,20.263865149133252
2004-03-01 00:00:00-05:00,20.56713516111317
2004-03-02 00:00:00-05:00,20.410905047097952
2004-03-03 00:00:00-05:00,19.988163278815733
2004-03-04 00:00:00-05:00,20.015735932622892
2004-03-05 00:00:00-05:00,20.217915809307065
2004-03-08 00:00:00-05:00,20.204128601545325
2004-03-09 00:00:00-05:00,20.227103125528593
2004-03-10 00:00:00-05:00,20.171964735131382
2004-03-11 00:00:00-05:00,19.887075412388516
2004-03-12 00:00:00-05:00,19.32189381394433
2004-03-15 00:00:00-05:00,19.52866818035695
2004-03-16 00:00:00-05:00,19.468931326750486
2004-03-17 00:00:00-05:00,19.482717389641813
2004-03-18 00:00:00-05:00,19.473530595635175
2004-03-19 00:00:00-05:00,19.597591529814775
2004-03-22 00:00:00-05:00,19.27594497522502
2004-03-23 00:00:00-05:00,19.335678263920553
2004-03-24 00:00:00-05:00,19.436765063658317
2004-03-25 00:00:00-05:00,19.528664271328115
2004-03-26 00:00:00-05:00,19.51488279258929
2004-03-29 00:00:00-05:00,19.298922277403047
2004-03-30 00:00:00-05:00,19.321890485516874
2004-03-31 00:00:00-05:00,19.501098418008638
2004-04-01 00:00:00-05:00,19.703273375094046
2004-04-02 00:00:00-05:00,19.54704437229114
2004-04-05 00:00:00-04:00,19.262161823998753
2004-04-06 00:00:00-04:00,19.597590177470394
2004-04-07 00:00:00-04:00,19.80436001838778
2004-04-08 00:00:00-04:00,20.034108785778738
2004-04-12 00:00:00-04:00,19.942215264503368
2004-04-13 00:00:00-04:00,19.40000678668983
2004-04-14 00:00:00-04:00,19.344870023668463
2004-04-15 00:00:00-04:00,19.827343685003523
2004-04-16 00:00:00-04:00,20.10304212923918
2004-04-19 00:00:00-04:00,20.263859489995244
2004-04-20 00:00:00-04:00,19.94221940961872
2004-04-21 00:00:00-04:00,20.103037312630644
2004-04-22 00:00:00-04:00,19.501099074348215
2004-04-23 00:00:00-04:00,19.48271293836792
2004-04-26 00:00:00-04:00,20.548755014037297
2004-04-27 00:00:00-04:00,20.236289150043458
2004-04-28 00:00:00-04:00,20.10763701357818
2004-04-29 00:00:00-04:00,20.28683789669376
2004-04-30 00:00:00-04:00,20.562534967637223
2004-05-03 00:00:00-04:00,20.557940344258178
2004-05-04 00:00:00-04:00,20.861209030202186
2004-05-05 00:00:00-04:00,21.022037931820318
2004-05-06 00:00:00-04:00,20.87040125221895
2004-05-07 00:00:00-04:00,20.700389106581415
2004-05-10 00:00:00-04:00,20.47063640584883
2004-05-11 00:00:00-04:00,20.2500792817654
2004-05-12 00:00:00-04:00,20.553344466094153
2004-05-13 00:00:00-04:00,20.374143978119037
2004-05-14 00:00:00-04:00,20.35576120980848
2004-05-17 00:00:00-04:00,20.617673304137597
2004-05-18 00:00:00-04:00,20.631461967304976
2004-05-19 00:00:00-04:00,20.567135367485623
2004-05-20 00:00:00-04:00,20.576316715429417
2004-05-21 00:00:00-04:00,20.571727170079434
2004-05-24 00:00:00-04:00,20.53037236914591
2004-05-25 00:00:00-04:00,20.59470218697574
2004-05-26 00:00:00-04:00,20.516586145300803
2004-05-27 00:00:00-04:00,20.815265157840596
2004-05-28 00:00:00-04:00,20.7003906622235
2004-06-01 00:00:00-04:00,20.704983884092286
2004-06-02 00:00:00-04:00,20.897969105970994
2004-06-03 00:00:00-04:00,20.861211480024085
2004-06-04 00:00:00-04:00,20.96689570778059
2004-06-07 00:00:00-04:00,21.283948298671568
2004-06-08 00:00:00-04:00,21.297735231693412
2004-06-09 00:00:00-04:00,21.293143424215643
2004-06-10 00:00:00-04:00,21.063395290356915
2004-06-14 00:00:00-04:00,20.613082280411643
2004-06-15 00:00:00-04:00,20.953106694419734
2004-06-16 00:00:00-04:00,20.916345030023027
2004-06-17 00:00:00-04:00,20.907161377213047
2004-06-18 00:00:00-04:00,20.99906554438757
2004-06-21 00:00:00-04:00,21.136915345253676
2004-06-22 00:00:00-04:00,20.994460166033477
2004-06-23 00:00:00-04:00,20.81985118427334
2004-06-24 00:00:00-04:00,20.930132494790463
2004-06-25 00:00:00-04:00,20.737140970559285
2004-06-28 00:00:00-04:00,20.732553311597254
2004-06-29 00:00:00-04:00,20.493610205336466
2004-06-30 00:00:00-04:00,20.470637592993416
2004-07-01 00:00:00-04:00,20.47063261704369
2004-07-02 00:00:00-04:00,20.608484268188477
2004-07-06 00:00:00-04:00,20.24088312709225
2004-07-07 00:00:00-04:00,20.351167678833008
2004-07-08 00:00:00-04:00,20.562536790038358
2004-07-09 00:00:00-04:00,20.53956077594697
2004-07-12 00:00:00-04:00,20.507396993777483
2004-07-13 00:00:00-04:00,20.309812673581952
2004-07-14 00:00:00-04:00,20.38792273430579
2004-07-15 00:00:00-04:00,20.40631380190785
2004-07-16 00:00:00-04:00,20.185748454792137
2004-07-19 00:00:00-04:00,20.116821955281758
2004-07-20 00:00:00-04:00,20.677409157604135
2004-07-21 00:00:00-04:00,20.939323376354338
2004-07-22 00:00:00-04:00,20.897970879675174
2004-07-23 00:00:00-04:00,20.750931893161486
2004-07-26 00:00:00-04:00,20.70038782992345
2004-07-27 00:00:00-04:00,20.562537382161874
2004-07-28 00:00:00-04:00,20.387929687443428
2004-07-29 00:00:00-04:00,20.424689521401323
2004-07-30 00:00:00-04:00,20.58551377765355
2004-08-02 00:00:00-04:00,20.668225220975266
2004-08-03 00:00:00-04:00,20.778499857481997
2004-08-04 00:00:00-04:00,20.75552234840396
2004-08-05 00:00:00-04:00,20.870403094190745
2004-08-06 00:00:00-04:00,20.838235045815644
2004-08-09 00:00:00-04:00,20.700390251412674
2004-08-10 00:00:00-04:00,20.718763605537816
2004-08-11 00:00:00-04:00,20.57632169656342
2004-08-12 00:00:00-04:00,20.884186387360845
2004-08-13 00:00:00-04:00,21.090957335395178
2004-08-16 00:00:00-04:00,20.999059722217208
2004-08-17 00:00:00-04:00,21.146099900065433
2004-08-18 00:00:00-04:00,21.11393449572369
2004-08-19 00:00:00-04:00,21.237997235693463
2004-08-20 00:00:00-04:00,21.182861231318427
2004-08-23 00:00:00-04:00,21.045014087328997
2004-08-24 00:00:00-04:00,20.801474841606815
2004-08-25 00:00:00-04:00,20.78309711487961
2004-08-26 00:00:00-04:00,20.815259089786345
2004-08-27 00:00:00-04:00,20.99446360324132
2004-08-30 00:00:00-04:00,20.953108165683712
2004-08-31 00:00:00-04:00,21.228808766126672
2004-09-01 00:00:00-04:00,21.573434196781122
2004-09-02 00:00:00-04:00,21.550453636263523
2004-09-03 00:00:00-04:00,21.495317556418442
2004-09-07 00:00:00-04:00,21.688311270134967
2004-09-08 00:00:00-04:00,21.54126885520304
2004-09-09 00:00:00-04:00,21.74803944997976
2004-09-10 00:00:00-04:00,21.766424179077152
2004-09-13 00:00:00-04:00,21.651550072075022
2004-09-14 00:00:00-04:00,21.578032709642596
2004-09-15 00:00:00-04:00,21.59181503333887
2004-09-16 00:00:00-04:00,21.320705979162483
2004-09-17 00:00:00-04:00,21.51828607484169
2004-09-20 00:00:00-04:00,21.26097389830452
2004-09-21 00:00:00-04:00,21.688306141662505
2004-09-22 00:00:00-04:00,21.619383623440644
2004-09-23 00:00:00-04:00,21.656139575816805
2004-09-24 00:00:00-04:00,21.573433182345983
2004-09-27 00:00:00-04:00,21.311521153832352
2004-09-28 00:00:00-04:00,21.48153385838462
2004-09-29 00:00:00-04:00,21.59640439094628
2004-09-30 00:00:00-04:00,21.642356274074277
2004-10-01 00:00:00-04:00,21.472341892500175
2004-10-04 00:00:00-04:00,21.564244213330486
2004-10-05 00:00:00-04:00,21.403417078345367
2004-10-06 00:00:00-04:00,21.4585557296203
2004-10-07 00:00:00-04:00,21.279351867328934
2004-10-08 00:00:00-04:00,21.13691212940337
2004-10-11 00:00:00-04:00,21.05419598686969
2004-10-12 00:00:00-04:00,20.79687665708052
2004-10-13 00:00:00-04:00,20.939322994448624
2004-10-14 00:00:00-04:00,21.049600923873022
2004-10-15 00:00:00-04:00,21.054198200183176
2004-10-18 00:00:00-04:00,21.334491145607775
2004-10-19 00:00:00-04:00,21.45855230102037
2004-10-20 00:00:00-04:00,21.633165389676574
2004-10-21 00:00:00-04:00,21.78020523294174
2004-10-22 00:00:00-04:00,21.688305229891515
2004-10-25 00:00:00-04:00,21.784803752067784
2004-10-26 00:00:00-04:00,21.637763203254035
2004-10-27 00:00:00-04:00,21.720477097227224
2004-10-28 00:00:00-04:00,21.890480874356783
2004-10-29 00:00:00-04:00,21.927246388768197
2004-11-01 00:00:00-05:00,22.055903372278934
2004-11-02 00:00:00-05:00,22.042121340347826
2004-11-03 00:00:00-05:00,22.616489213616614
2004-11-04 00:00:00-05:00,22.791104647168243
2004-11-05 00:00:00-05:00,22.95651962478892
2004-11-08 00:00:00-05:00,22.814075896929722
2004-11-09 00:00:00-05:00,22.607301760910282
2004-11-10 00:00:00-05:00,22.905976740939007
2004-11-11 00:00:00-05:00,22.860027104221885
2004-11-12 00:00:00-05:00,23.02084965419736
2004-11-15 00:00:00-05:00,22.91516719192909
2004-11-16 00:00:00-05:00,22.887589648244774
2004-11-17 00:00:00-05:00,22.984086544326352
2004-11-18 00:00:00-05:00,22.938143990125557
2004-11-19 00:00:00-05:00,22.78191095387818
2004-11-22 00:00:00-05:00,22.271870082739753
2004-11-23 00:00:00-05:00,22.51540619573192
2004-11-24 00:00:00-05:00,22.32241384529204
2004-11-26 00:00:00-05:00,22.349984266413852
2004-11-29 00:00:00-05:00,22.54297404550279
2004-11-30 00:00:00-05:00,22.26727374445381
2004-12-01 00:00:00-05:00,22.3545768754292
2004-12-02 00:00:00-05:00,22.372960749730108
2004-12-03 00:00:00-05:00,22.53837445139444
2004-12-06 00:00:00-05:00,22.561347454327105
2004-12-07 00:00:00-05:00,22.73136496433709
2004-12-08 00:00:00-05:00,22.322412583077863
2004-12-09 00:00:00-05:00,22.40512315793738
2004-12-10 00:00:00-05:00,22.21672509980293
2004-12-13 00:00:00-05:00,22.653254870574187
2004-12-14 00:00:00-05:00,22.515405632004107
2004-12-15 00:00:00-05:00,22.98868514982034
2004-12-16 00:00:00-05:00,22.74515525013962
2004-12-17 00:00:00-05:00,22.4280993622738
2004-12-20 00:00:00-05:00,22.76352939887332
2004-12-21 00:00:00-05:00,22.519998342655636
2004-12-22 00:00:00-05:00,22.37755168490639
2004-12-23 00:00:00-05:00,22.79569981799975
2004-12-27 00:00:00-05:00,22.933545097361826
2004-12-28 00:00:00-05:00,23.15409877900165
2004-12-29 00:00:00-05:00,23.158694580923402
2004-12-30 00:00:00-05:00,23.154102254159536
2004-12-31 00:00:00-05:00,23.20005861497775
2005-01-03 00:00:00-05:00,23.16788667836366
2005-01-04 00:00:00-05:00,22.76812863360766
2005-01-05 00:00:00-05:00,22.52459361054554
2005-01-06 00:00:00-05:00,22.354579497649038
2005-01-07 00:00:00-05:00,22.294844087880207
2005-01-10 00:00:00-05:00,22.05590884755539
2005-01-11 00:00:00-05:00,22.152397606702802
2005-01-12 00:00:00-05:00,22.051313400268555
2005-01-13 00:00:00-05:00,22.111043707401116
2005-01-14 00:00:00-05:00,22.02833889586883
2005-01-18 00:00:00-05:00,22.24889906743616
2005-01-19 00:00:00-05:00,22.377548709362927
2005-01-20 00:00:00-05:00,21.711283782399523
2005-01-21 00:00:00-05:00,21.844531569655658
2005-01-24 00:00:00-05:00,22.285659534511137
2005-01-25 00:00:00-05:00,22.193757378106664
2005-01-26 00:00:00-05:00,22.271870082739753
2005-01-27 00:00:00-05:00,22.088074685763203
2005-01-28 00:00:00-05:00,22.055904210213633
2005-01-31 00:00:00-05:00,21.982386573600902
2005-02-01 00:00:00-05:00,22.00076561074371
2005-02-02 00:00:00-05:00,22.129425384702245
2005-02-03 00:00:00-05:00,21.890480874356783
2005-02-04 00:00:00-05:00,21.895081449335684
2005-02-07 00:00:00-05:00,21.89507891321571
2005-02-08 00:00:00-05:00,21.775607170156686
2005-02-09 00:00:00-05:00,21.80318500546338
2005-02-10 00:00:00-05:00,21.964007686868438
2005-02-11 00:00:00-05:00,21.982387418025898
2005-02-14 00:00:00-05:00,22.1202320117937
2005-02-15 00:00:00-05:00,22.25349196695597
2005-02-16 00:00:00-05:00,22.354579883923357
2005-02-17 00:00:00-05:00,22.161584974513158
2005-02-18 00:00:00-05:00,22.170777176308523
2005-02-22 00:00:00-05:00,23.250600562063667
2005-02-23 00:00:00-05:00,23.039233870927948
2005-02-24 00:00:00-05:00,22.86002811990583
2005-02-25 00:00:00-05:00,22.92895256255473
2005-02-28 00:00:00-05:00,23.117344868111967
2005-03-01 00:00:00-05:00,22.690012526094264
2005-03-02 00:00:00-05:00,22.51540332948493
2005-03-03 00:00:00-05:00,22.676225996424137
2005-03-04 00:00:00-05:00,22.708392333222296
2005-03-07 00:00:00-05:00,22.414317005946273
2005-03-08 00:00:00-05:00,22.685415090966575
2005-03-09 00:00:00-05:00,22.423509086822072
2005-03-10 00:00:00-05:00,22.639464439776578
2005-03-11 00:00:00-05:00,22.515407051808005
2005-03-14 00:00:00-05:00,22.3637672930617
2005-03-15 00:00:00-05:00,22.372960718965842
2005-03-16 00:00:00-05:00,22.368362553647867
2005-03-17 00:00:00-05:00,22.552163825668433
2005-03-18 00:00:00-05:00,22.258080666694376
2005-03-21 00:00:00-05:00,21.58262312073762
2005-03-22 00:00:00-05:00,21.6791208807096
2005-03-23 00:00:00-05:00,21.45395996626503
2005-03-24 00:00:00-05:00,21.54127249609973
2005-03-28 00:00:00-05:00,21.872109051740612
2005-03-29 00:00:00-05:00,21.532077746055077
2005-03-30 00:00:00-05:00,21.550457425688435
2005-03-31 00:00:00-05:00,21.596408676773827
2005-04-01 00:00:00-05:00,21.55045703934824
2005-04-04 00:00:00-04:00,21.045010885870113
2005-04-05 00:00:00-04:00,21.481531014059232
2005-04-06 00:00:00-04:00,21.564243606184878
2005-04-07 00:00:00-04:00,21.58261845974137
2005-04-08 00:00:00-04:00,21.48153579845694
2005-04-11 00:00:00-04:00,21.66992581677417
2005-04-12 00:00:00-04:00,21.61937803480468
2005-04-13 00:00:00-04:00,21.412606352790437
2005-04-14 00:00:00-04:00,21.578023975959166
2005-04-15 00:00:00-04:00,21.771018433723846
2005-04-18 00:00:00-04:00,21.59640579158974
2005-04-19 00:00:00-04:00,22.22132110595703
2005-04-20 00:00:00-04:00,22.16159283496997
2005-04-21 00:00:00-04:00,22.37755838459668
2005-04-22 00:00:00-04:00,22.313221288699808
2005-04-25 00:00:00-04:00,22.042119217111694
2005-04-26 00:00:00-04:00,21.996170553239946
2005-04-27 00:00:00-04:00,22.009954277229422
2005-04-28 00:00:00-04:00,21.98698167281429
2005-04-29 00:00:00-04:00,22.354579794679974
2005-05-02 00:00:00-04:00,22.405126223996497
2005-05-03 00:00:00-04:00,22.5154042952625
2005-05-04 00:00:00-04:00,22.745157676283437
2005-05-05 00:00:00-04:00,22.76812634697243
2005-05-06 00:00:00-04:00,22.662443275812574
2005-05-09 00:00:00-04:00,22.53837936892648
2005-05-10 00:00:00-04:00,22.699199566130037
2005-05-11 00:00:00-04:00,22.368359321078376
2005-05-12 00:00:00-04:00,22.317821467386324
2005-05-13 00:00:00-04:00,22.267274986319215
2005-05-16 00:00:00-04:00,22.19375881180862
2005-05-17 00:00:00-04:00,22.235105260782206
2005-05-18 00:00:00-04:00,22.18916020059292
2005-05-19 00:00:00-04:00,22.170783521451167
2005-05-20 00:00:00-04:00,22.032929025296045
2005-05-23 00:00:00-04:00,22.11563776953091
2005-05-24 00:00:00-04:00,22.42809872659387
2005-05-25 00:00:00-04:00,22.951926716899436
2005-05-26 00:00:00-04:00,22.76353014750823
2005-05-27 00:00:00-04:00,22.795698288703015
2005-05-31 00:00:00-04:00,22.57513805345611
2005-06-01 00:00:00-04:00,22.48323750493999
2005-06-02 00:00:00-04:00,22.542977761932864
2005-06-03 00:00:00-04:00,22.5981068909634
2005-06-06 00:00:00-04:00,22.501619882349694
2005-06-07 00:00:00-04:00,22.6762271853607
2005-06-08 00:00:00-04:00,22.781908310740427
2005-06-09 00:00:00-04:00,22.58432736086118
2005-06-10 00:00:00-04:00,22.524594207117207
2005-06-13 00:00:00-04:00,22.216728130478387
2005-06-14 00:00:00-04:00,22.2488948811516
2005-06-15 00:00:00-04:00,22.16159049545424
2005-06-16 00:00:00-04:00,22.078883747987962
2005-06-17 00:00:00-04:00,22.124831804695265
2005-06-20 00:00:00-04:00,21.973195265721134
2005-06-21 00:00:00-04:00,22.170779009139533
2005-06-22 00:00:00-04:00,22.161591973684093
2005-06-23 00:00:00-04:00,22.11563876462905
2005-06-24 00:00:00-04:00,21.982386824525406
2005-06-27 00:00:00-04:00,22.055907539240955
2005-06-28 00:00:00-04:00,21.70668474988822
2005-06-29 00:00:00-04:00,21.81696815331687
2005-06-30 00:00:00-04:00,21.885891938696346
2005-07-01 00:00:00-04:00,21.849134077149493
2005-07-05 00:00:00-04:00,21.59640647802754
2005-07-06 00:00:00-04:00,21.64235759498245
2005-07-07 00:00:00-04:00,21.481529173049395
2005-07-08 00:00:00-04:00,21.601006001620647
2005-07-11 00:00:00-04:00,21.702094681219403
2005-07-12 00:00:00-04:00,21.904270044495853
2005-07-13 00:00:00-04:00,21.90886950205662
2005-07-14 00:00:00-04:00,22.2626843492321
2005-07-15 00:00:00-04:00,22.16159099801112
2005-07-18 00:00:00-04:00,22.515404381512422
2005-07-19 00:00:00-04:00,22.225918164895525
2005-07-20 00:00:00-04:00,22.44187901801568
2005-07-21 00:00:00-04:00,22.58432808213828
2005-07-22 00:00:00-04:00,22.510814779101697
2005-07-25 00:00:00-04:00,22.313226232166567
2005-07-26 00:00:00-04:00,22.216729224427873
2005-07-27 00:00:00-04:00,22.28565790515346
2005-07-28 00:00:00-04:00,22.23510823175243
2005-07-29 00:00:00-04:00,22.460262761368185
2005-08-01 00:00:00-04:00,22.64865557526731
2005-08-02 00:00:00-04:00,22.708390605011495
2005-08-03 00:00:00-04:00,22.96571209775238
2005-08-04 00:00:00-04:00,22.892190933227536
2005-08-05 00:00:00-04:00,22.74055488047514
2005-08-08 00:00:00-04:00,22.79110259124079
2005-08-09 00:00:00-04:00,22.9657140110611
2005-08-10 00:00:00-04:00,23.030038783510953
2005-08-11 00:00:00-04:00,23.12194243849934
2005-08-12 00:00:00-04:00,22.8738121935943
2005-08-15 00:00:00-04:00,22.699201709961134
2005-08-16 00:00:00-04:00,22.823267068388308
2005-08-17 00:00:00-04:00,22.86921959132428
2005-08-18 00:00:00-04:00,22.55216318777796
2005-08-19 00:00:00-04:00,22.648658887046526
2005-08-22 00:00:00-04:00,22.57054439227451
2005-08-23 00:00:00-04:00,22.340793824360137
2005-08-24 00:00:00-04:00,22.267274048333434
2005-08-25 00:00:00-04:00,22.166185552922393
2005-08-26 00:00:00-04:00,22.120235105446422
2005-08-29 00:00:00-04:00,22.03752314470435
2005-08-30 00:00:00-04:00,21.913460539114816
2005-08-31 00:00:00-04:00,22.074290404655493
2005-09-01 00:00:00-04:00,22.492429390400577
2005-09-02 00:00:00-04:00,22.690013342180666
2005-09-06 00:00:00-04:00,22.66703923717398
2005-09-07 00:00:00-04:00,22.538377859589122
2005-09-08 00:00:00-04:00,22.602707163583194
2005-09-09 00:00:00-04:00,22.74056019221952
2005-09-12 00:00:00-04:00,22.653256264879357
2005-09-13 00:00:00-04:00,22.621083187602267
2005-09-14 00:00:00-04:00,22.69461134542732
2005-09-15 00:00:00-04:00,22.607299100365214
2005-09-16 00:00:00-04:00,22.81867422068503
2005-09-19 00:00:00-04:00,22.648656920567642
2005-09-20 00:00:00-04:00,22.446478814440653
2005-09-21 00:00:00-04:00,22.7451515197285
2005-09-22 00:00:00-04:00,22.653254829380277
2005-09-23 00:00:00-04:00,22.768129135794617
2005-09-26 00:00:00-04:00,22.993281300390695
2005-09-27 00:00:00-04:00,22.896790982919764
2005-09-28 00:00:00-04:00,23.048417413301344
2005-09-29 00:00:00-04:00,23.007066122178724
2005-09-30 00:00:00-04:00,23.19086641812918
2005-10-03 00:00:00-04:00,23.627385532323547
2005-10-04 00:00:00-04:00,23.434401455214466
2005-10-05 00:00:00-04:00,23.558469279734616
2005-10-06 00:00:00-04:00,23.581435575476114
2005-10-07 00:00:00-04:00,23.792810987416644
2005-10-10 00:00:00-04:00,23.893897501152477
2005-10-11 00:00:00-04:00,23.751454929576425
2005-10-12 00:00:00-04:00,23.893898227433933
2005-10-13 00:00:00-04:00,23.374666016723705
2005-10-14 00:00:00-04:00,23.60441334697662
2005-10-17 00:00:00-04:00,23.314928335158406
2005-10-18 00:00:00-04:00,23.98579515892967
2005-10-19 00:00:00-04:00,24.28447055778484
2005-10-20 00:00:00-04:00,24.284472232195768
2005-10-21 00:00:00-04:00,24.472863493218593
2005-10-24 00:00:00-04:00,24.41772073257909
2005-10-25 00:00:00-04:00,24.743968455737285
2005-10-26 00:00:00-04:00,24.624500490974288
2005-10-27 00:00:00-04:00,24.812892357959786
2005-10-28 00:00:00-04:00,24.629090615615254
2005-10-31 00:00:00-05:00,24.527996415849223
2005-11-01 00:00:00-05:00,24.73477750087615
2005-11-02 00:00:00-05:00,24.83586824429337
2005-11-03 00:00:00-05:00,25.065618096691498
2005-11-04 00:00:00-05:00,24.927767898550385
2005-11-07 00:00:00-05:00,25.042645170026873
2005-11-08 00:00:00-05:00,24.982909267668227
2005-11-09 00:00:00-05:00,24.656658315129143
2005-11-10 00:00:00-05:00,24.799105909698838
2005-11-11 00:00:00-05:00,24.808301064782786
2005-11-14 00:00:00-05:00,24.74396546210885
2005-11-15 00:00:00-05:00,24.647469911853918
2005-11-16 00:00:00-05:00,24.41771996825375
2005-11-17 00:00:00-05:00,24.693423079195917
2005-11-18 00:00:00-05:00,24.900197982788082
2005-11-21 00:00:00-05:00,24.9691228225019
2005-11-22 00:00:00-05:00,24.808299290158644
2005-11-23 00:00:00-05:00,24.77612559556802
2005-11-25 00:00:00-05:00,24.523415258732193
2005-11-28 00:00:00-05:00,24.468270965063223
2005-11-29 00:00:00-05:00,24.33501620823737
2005-11-30 00:00:00-05:00,24.054720610205802
2005-12-01 00:00:00-05:00,24.23852380091264
2005-12-02 00:00:00-05:00,24.312039986438695
2005-12-05 00:00:00-05:00,24.330419111055384
2005-12-06 00:00:00-05:00,24.233923268986484
2005-12-07 00:00:00-05:00,23.981203834257144
2005-12-08 00:00:00-05:00,23.921468393869745
2005-12-09 00:00:00-05:00,24.256906774848343
2005-12-12 00:00:00-05:00,24.390161406526694
2005-12-13 00:00:00-05:00,24.28446957985694
2005-12-14 00:00:00-05:00,24.523406270022324
2005-12-15 00:00:00-05:00,24.10986132875701
2005-12-16 00:00:00-05:00,24.04093687227832
2005-12-19 00:00:00-05:00,24.160402478205636
2005-12-20 00:00:00-05:00,23.930656687411748
2005-12-21 00:00:00-05:00,23.788210369912406
2005-12-22 00:00:00-05:00,23.880114489167635
2005-12-23 00:00:00-05:00,23.700906045470617
2005-12-27 00:00:00-05:00,23.893897329735644
2005-12-28 00:00:00-05:00,24.137430988201416
2005-12-29 00:00:00-05:00,24.19257070229844
2005-12-30 00:00:00-05:00,24.07309875630319
2006-01-03 00:00:00-05:00,24.32582092231003
2006-01-04 00:00:00-05:00,24.78532387272723
2006-01-05 00:00:00-05:00,24.950738841637303
2006-01-06 00:00:00-05:00,25.10238243773797
2006-01-09 00:00:00-05:00,24.992095871072976
2006-01-10 00:00:00-05:00,24.468269013777608
2006-01-11 00:00:00-05:00,24.70720544298879
2006-01-12 00:00:00-05:00,24.84965570114435
2006-01-13 00:00:00-05:00,25.070218078325116
2006-01-17 00:00:00-05:00,25.662965223550163
2006-01-18 00:00:00-05:00,25.754863103261936
2006-01-19 00:00:00-05:00,25.162114650678582
2006-01-20 00:00:00-05:00,25.48375844587706
2006-01-23 00:00:00-05:00,25.731893641607094
2006-01-24 00:00:00-05:00,25.883524199426795
2006-01-25 00:00:00-05:00,25.805412946948522
2006-01-26 00:00:00-05:00,25.525116433508853
2006-01-27 00:00:00-05:00,25.53430549244789
2006-01-30 00:00:00-05:00,25.148328618260663
2006-01-31 00:00:00-05:00,25.194278039044065
2006-02-01 00:00:00-05:00,25.543496830821443
2006-02-02 00:00:00-05:00,25.249412036102523
2006-02-03 00:00:00-05:00,25.520519684743697
2006-02-06 00:00:00-05:00,25.226443575090318
2006-02-07 00:00:00-05:00,25.15751515853112
2006-02-08 00:00:00-05:00,25.27239415444429
2006-02-09 00:00:00-05:00,25.079403644922124
2006-02-10 00:00:00-05:00,25.042645582831295
2006-02-13 00:00:00-05:00,25.015070772723092
2006-02-14 00:00:00-05:00,24.881817706140062
2006-02-15 00:00:00-05:00,25.02885993277027
2006-02-16 00:00:00-05:00,24.78532492328968
2006-02-17 00:00:00-05:00,24.891012675910908
2006-02-21 00:00:00-05:00,25.047232243676206
2006-02-22 00:00:00-05:00,24.789916913224175
2006-02-23 00:00:00-05:00,24.97831433453515
2006-02-24 00:00:00-05:00,24.9185759230962
2006-02-27 00:00:00-05:00,24.93236044250553
2006-02-28 00:00:00-05:00,24.929294740663245
2006-03-01 00:00:00-05:00,25.148828715494528
2006-03-02 00:00:00-05:00,25.08343255921452
2006-03-03 00:00:00-05:00,25.377712211744814
2006-03-06 00:00:00-05:00,25.316982445141747
2006-03-07 00:00:00-05:00,24.784488175403055
2006-03-08 00:00:00-05:00,25.419744202645102
2006-03-09 00:00:00-05:00,25.499157340135874
2006-03-10 00:00:00-05:00,25.391717306544454
2006-03-13 00:00:00-05:00,25.980270278925584
2006-03-14 00:00:00-05:00,26.064344295692
2006-03-15 00:00:00-05:00,26.15777015686035
2006-03-16 00:00:00-05:00,26.045665496719643
2006-03-17 00:00:00-05:00,26.43802631891528
2006-03-20 00:00:00-05:00,26.246519016619008
2006-03-21 00:00:00-05:00,26.167116514723293
2006-03-22 00:00:00-05:00,26.1204030555082
2006-03-23 00:00:00-05:00,26.031646958632617
2006-03-24 00:00:00-05:00,26.022310269068573
2006-03-27 00:00:00-05:00,25.92889045150803
2006-03-28 00:00:00-05:00,26.157768678282086
2006-03-29 00:00:00-05:00,25.667310523384426
2006-03-30 00:00:00-05:00,26.14375477202746
2006-03-31 00:00:00-05:00,26.01763939492324
2006-04-03 00:00:00-04:00,26.008293014992958
2006-04-04 00:00:00-04:00,26.38665214622776
2006-04-05 00:00:00-04:00,26.3913230034678
2006-04-06 00:00:00-04:00,26.727632326972984
2006-04-07 00:00:00-04:00,26.722961750551406
2006-04-10 00:00:00-04:00,26.592172848190504
2006-04-11 00:00:00-04:00,26.372635040089058
2006-04-12 00:00:00-04:00,26.190468006862524
2006-04-13 00:00:00-04:00,25.947570585502127
2006-04-17 00:00:00-04:00,26.12040119481934
2006-04-18 00:00:00-04:00,26.213815489753898
2006-04-19 00:00:00-04:00,26.218493645743024
2006-04-20 00:00:00-04:00,26.335267753554447
2006-04-21 00:00:00-04:00,26.578161009785212
2006-04-24 00:00:00-04:00,26.694936557367228
2006-04-25 00:00:00-04:00,26.57816363243382
2006-04-26 00:00:00-04:00,26.274543926939227
2006-04-27 00:00:00-04:00,26.232507173776643
2006-04-28 00:00:00-04:00,26.596845115027907
2006-05-01 00:00:00-04:00,27.06861855069322
2006-05-02 00:00:00-04:00,27.17138140848947
2006-05-03 00:00:00-04:00,26.531448440905958
2006-05-04 00:00:00-04:00,26.325927274939026
2006-05-05 00:00:00-04:00,26.559478400445812
2006-05-08 00:00:00-04:00,26.78836070549245
2006-05-09 00:00:00-04:00,26.83507364636318
2006-05-10 00:00:00-04:00,26.69960988731637
2006-05-11 00:00:00-04:00,26.494079578568254
2006-05-12 00:00:00-04:00,27.03591969878157
2006-05-15 00:00:00-04:00,26.330600824969306
2006-05-16 00:00:00-04:00,26.844407760316574
2006-05-17 00:00:00-04:00,27.059277720791012
2006-05-18 00:00:00-04:00,26.779016952761808
2006-05-19 00:00:00-04:00,26.13908198913571
2006-05-22 00:00:00-04:00,26.232505576406243
2006-05-23 00:00:00-04:00,26.37263484111687
2006-05-24 00:00:00-04:00,26.204481333495416
2006-05-25 00:00:00-04:00,26.181123383473523
2006-05-26 00:00:00-04:00,26.195138955368968
2006-05-30 00:00:00-04:00,26.237175559810378
2006-05-31 00:00:00-04:00,26.05501205301003
2006-06-01 00:00:00-04:00,25.527182658735086
2006-06-02 00:00:00-04:00,26.43803230884607
2006-06-05 00:00:00-04:00,26.44736917335578
2006-06-06 00:00:00-04:00,25.919544529477132
2006-06-07 00:00:00-04:00,25.681320265996185
2006-06-08 00:00:00-04:00,25.312311184533097
2006-06-09 00:00:00-04:00,25.116130865086774
2006-06-12 00:00:00-04:00,24.929292948684843
2006-06-13 00:00:00-04:00,24.50422336042963
2006-06-14 00:00:00-04:00,24.550934174596954
2006-06-15 00:00:00-04:00,24.350084024895732
2006-06-16 00:00:00-04:00,24.382776075205957
2006-06-19 00:00:00-04:00,24.326728932163363
2006-06-20 00:00:00-04:00,24.251991123631875
2006-06-21 00:00:00-04:00,24.336070734237513
2006-06-22 00:00:00-04:00,24.40613741569895
2006-06-23 00:00:00-04:00,24.53224750153386
2006-06-26 00:00:00-04:00,24.606983065337236
2006-06-27 00:00:00-04:00,24.522909529608306
2006-06-28 00:00:00-04:00,24.312715579870957
2006-06-29 00:00:00-04:00,24.448170799502808
2006-06-30 00:00:00-04:00,25.050733399722866
2006-07-03 00:00:00-04:00,25.573892844475644
2006-07-05 00:00:00-04:00,25.39639119539567
2006-07-06 00:00:00-04:00,25.42908652298005
2006-07-07 00:00:00-04:00,25.326329994916268
2006-07-10 00:00:00-04:00,25.564550277345425
2006-07-11 00:00:00-04:00,26.06902105618532
2006-07-12 00:00:00-04:00,26.148432076319292
2006-07-13 00:00:00-04:00,25.924217545949944
2006-07-14 00:00:00-04:00,25.70000893604594
2006-07-17 00:00:00-04:00,25.181523847259324
2006-07-18 00:00:00-04:00,25.41507360551087
2006-07-19 00:00:00-04:00,24.88724423278515
2006-07-20 00:00:00-04:00,25.48981305715347
2006-07-21 00:00:00-04:00,25.72803485316005
2006-07-24 00:00:00-04:00,25.709355447213888
2006-07-25 00:00:00-04:00,25.98027251183962
2006-07-26 00:00:00-04:00,26.05033665360058
2006-07-27 00:00:00-04:00,26.08770381063313
2006-07-28 00:00:00-04:00,26.232503757062887
2006-07-31 00:00:00-04:00,26.582832980502378
2006-08-01 00:00:00-04:00,26.16244288408952
2006-08-02 00:00:00-04:00,26.171785509424424
2006-08-03 00:00:00-04:00,25.924217141653802
2006-08-04 00:00:00-04:00,26.23250775382606
2006-08-07 00:00:00-04:00,26.115724912646883
2006-08-08 00:00:00-04:00,25.840141320724303
2006-08-09 00:00:00-04:00,26.171779676553264
2006-08-10 00:00:00-04:00,25.891525224993316
2006-08-11 00:00:00-04:00,25.942897896698017
2006-08-14 00:00:00-04:00,26.017639184386073
2006-08-15 00:00:00-04:00,26.269874187724298
2006-08-16 00:00:00-04:00,26.643556511670067
2006-08-17 00:00:00-04:00,26.816381822638927
2006-08-18 00:00:00-04:00,26.736976647283157
2006-08-21 00:00:00-04:00,26.74631902156907
2006-08-22 00:00:00-04:00,26.46605854792083
2006-08-23 00:00:00-04:00,26.512769650020616
2006-08-24 00:00:00-04:00,26.694936833202505
2006-08-25 00:00:00-04:00,26.461387670147754
2006-08-28 00:00:00-04:00,26.540794263205782
2006-08-29 00:00:00-04:00,26.764999247514243
2006-08-30 00:00:00-04:00,26.956514404379256
2006-08-31 00:00:00-04:00,26.774341726303284
2006-09-01 00:00:00-04:00,26.620200777322964
2006-09-05 00:00:00-04:00,26.531451962779737
2006-09-06 00:00:00-04:00,26.25118430969459
2006-09-07 00:00:00-04:00,26.139087769765542
2006-09-08 00:00:00-04:00,26.129739511728285
2006-09-11 00:00:00-04:00,26.36329443866168
2006-09-12 00:00:00-04:00,26.62020102758839
2006-09-13 00:00:00-04:00,26.690263759379704
2006-09-14 00:00:00-04:00,26.713623141936214
2006-09-15 00:00:00-04:00,26.610858810198746
2006-09-18 00:00:00-04:00,26.522111348809524
2006-09-19 00:00:00-04:00,26.62487393186896
2006-09-20 00:00:00-04:00,26.905133881530638
2006-09-21 00:00:00-04:00,27.09197424666856
2006-09-22 00:00:00-04:00,27.2134169097238
2006-09-25 00:00:00-04:00,27.17605592614085
2006-09-26 00:00:00-04:00,27.171384604262933
2006-09-27 00:00:00-04:00,27.199407261950512
2006-09-28 00:00:00-04:00,27.460986923963407
2006-09-29 00:00:00-04:00,27.24611849808404
2006-10-02 00:00:00-04:00,27.489013914489075
2006-10-03 00:00:00-04:00,27.306846539738277
2006-10-04 00:00:00-04:00,27.12934077706698
2006-10-05 00:00:00-04:00,27.134008263502466
2006-10-06 00:00:00-04:00,26.970529374862757
2006-10-09 00:00:00-04:00,27.017238498323785
2006-10-10 00:00:00-04:00,27.0546056903761
2006-10-11 00:00:00-04:00,26.9518489653903
2006-10-12 00:00:00-04:00,26.788356496283104
2006-10-13 00:00:00-04:00,26.750991960062017
2006-10-16 00:00:00-04:00,26.85842890381197
2006-10-17 00:00:00-04:00,26.839736926971977
2006-10-18 00:00:00-04:00,27.021913503586607
2006-10-19 00:00:00-04:00,27.59177501813838
2006-10-20 00:00:00-04:00,28.19433762193513
2006-10-23 00:00:00-04:00,28.142955487364834
2006-10-24 00:00:00-04:00,28.133619278309872
2006-10-25 00:00:00-04:00,28.325124708073385
2006-10-26 00:00:00-04:00,28.437231180636466
2006-10-27 00:00:00-04:00,28.166312880173905
2006-10-30 00:00:00-05:00,28.194335891859325
2006-10-31 00:00:00-05:00,28.40453912801539
2006-11-01 00:00:00-05:00,28.451242753008966
2006-11-02 00:00:00-05:00,28.301770860610286
2006-11-03 00:00:00-05:00,28.441900332802437
2006-11-06 00:00:00-05:00,28.53532210785354
2006-11-07 00:00:00-05:00,28.596046424544106
2006-11-08 00:00:00-05:00,28.35315921161212
2006-11-09 00:00:00-05:00,28.082236143492196
2006-11-10 00:00:00-05:00,27.745925954682946
2006-11-13 00:00:00-05:00,27.185390446332526
2006-11-14 00:00:00-05:00,27.115329955801943
2006-11-15 00:00:00-05:00,27.00789039133274
2006-11-16 00:00:00-05:00,27.176048153378932
2006-11-17 00:00:00-05:00,27.012567143807445
2006-11-20 00:00:00-05:00,27.148029279184872
2006-11-21 00:00:00-05:00,27.17137712374251
2006-11-22 00:00:00-05:00,27.390916813337537
2006-11-24 00:00:00-05:00,27.451641035493957
2006-11-27 00:00:00-05:00,27.51703848501419
2006-11-28 00:00:00-05:00,27.110659050485655
2006-11-29 00:00:00-05:00,27.11532382270203
2006-11-30 00:00:00-05:00,27.353553870982893
2006-12-01 00:00:00-05:00,27.288164729598684
2006-12-04 00:00:00-05:00,26.648223437291016
2006-12-05 00:00:00-05:00,27.045267117196648
2006-12-06 00:00:00-05:00,26.970525798951087
2006-12-07 00:00:00-05:00,27.264803251043993
2006-12-08 00:00:00-05:00,26.99388134033381
2006-12-11 00:00:00-05:00,27.026580703714004
2006-12-12 00:00:00-05:00,27.208751570208854
2006-12-13 00:00:00-05:00,27.213419084778987
2006-12-14 00:00:00-05:00,27.232101136517745
2006-12-15 00:00:00-05:00,27.62914324032497
2006-12-18 00:00:00-05:00,27.493685134806164
2006-12-19 00:00:00-05:00,27.348884442301372
2006-12-20 00:00:00-05:00,27.302166146031137
2006-12-21 00:00:00-05:00,26.989211941967
2006-12-22 00:00:00-05:00,26.956514462673294
2006-12-26 00:00:00-05:00,27.021904202638744
2006-12-27 00:00:00-05:00,26.905130322781886
2006-12-28 00:00:00-05:00,27.03124824856152
2006-12-29 00:00:00-05:00,26.816387140031914
2007-01-03 00:00:00-05:00,27.218095859209157
2007-01-04 00:00:00-05:00,27.428285386349135
2007-01-05 00:00:00-05:00,27.675853729248043
2007-01-08 00:00:00-05:00,27.2694742289145
2007-01-09 00:00:00-05:00,27.087305441226626
2007-01-10 00:00:00-05:00,26.947177784726343
2007-01-11 00:00:00-05:00,26.984544549709184
2007-01-12 00:00:00-05:00,27.054610953173835
2007-01-16 00:00:00-05:00,27.55907451155914
2007-01-17 00:00:00-05:00,27.55908162948927
2007-01-18 00:00:00-05:00,27.227432443796094
2007-01-19 00:00:00-05:00,27.110663884886012
2007-01-22 00:00:00-05:00,27.176052715963575
2007-01-23 00:00:00-05:00,27.12934479566183
2007-01-24 00:00:00-05:00,27.152702140969875
2007-01-25 00:00:00-05:00,27.30216618908408
2007-01-26 00:00:00-05:00,26.979875765335287
2007-01-29 00:00:00-05:00,27.026580977133413
2007-01-30 00:00:00-05:00,26.96585287944449
2007-01-31 00:00:00-05:00,26.769672120163335
2007-02-01 00:00:00-05:00,27.16203857928431
2007-02-02 00:00:00-05:00,27.208747593249498
2007-02-05 00:00:00-05:00,27.292827663036082
2007-02-06 00:00:00-05:00,27.577760603702846
2007-02-07 00:00:00-05:00,27.727236022659064
2007-02-08 00:00:00-05:00,27.409601222547384
2007-02-09 00:00:00-05:00,27.344205940695822
2007-02-12 00:00:00-05:00,27.418943606488476
2007-02-13 00:00:00-05:00,27.503021390021566
2007-02-14 00:00:00-05:00,27.5730873161374
2007-02-15 00:00:00-05:00,27.92341423861286
2007-02-16 00:00:00-05:00,27.988817905597692
2007-02-20 00:00:00-05:00,27.358220918227822
2007-02-21 00:00:00-05:00,27.185398137956206
2007-02-22 00:00:00-05:00,26.95184692783139
2007-02-23 00:00:00-05:00,27.278812214568166
2007-02-26 00:00:00-05:00,26.8537485739977
2007-02-27 00:00:00-05:00,26.358622503249265
2007-02-28 00:00:00-05:00,26.12507091809675
2007-03-01 00:00:00-05:00,25.550532915645263
2007-03-02 00:00:00-05:00,25.690662403482087
2007-03-05 00:00:00-05:00,25.499153090906418
2007-03-06 00:00:00-05:00,26.78112832794932
2007-03-07 00:00:00-05:00,26.81924704772606
2007-03-08 00:00:00-05:00,26.928845523128043
2007-03-09 00:00:00-05:00,26.762062408880787
2007-03-12 00:00:00-04:00,26.8192468367496
2007-03-13 00:00:00-04:00,26.900250259196643
2007-03-14 00:00:00-04:00,26.895493310685765
2007-03-15 00:00:00-04:00,26.74300649154098
2007-03-16 00:00:00-04:00,27.210003958777197
2007-03-19 00:00:00-04:00,27.043216493339262
2007-03-20 00:00:00-04:00,26.914559963159107
2007-03-21 00:00:00-04:00,27.04322279580272
2007-03-22 00:00:00-04:00,27.295779851455816
2007-03-23 00:00:00-04:00,27.31483806712024
2007-03-26 00:00:00-04:00,27.138523850551536
2007-03-27 00:00:00-04:00,27.067046157518405
2007-03-28 00:00:00-04:00,27.024153561270968
2007-03-29 00:00:00-04:00,26.995571862974717
2007-03-30 00:00:00-04:00,27.16711649156216
2007-04-02 00:00:00-04:00,26.25217491573727
2007-04-03 00:00:00-04:00,26.342711210578805
2007-04-04 00:00:00-04:00,26.204525616986466
2007-04-05 00:00:00-04:00,26.5190317336724
2007-04-09 00:00:00-04:00,26.4713822497288
2007-04-10 00:00:00-04:00,26.552395198787707
2007-04-11 00:00:00-04:00,26.304587978355883
2007-04-12 00:00:00-04:00,26.304588452219324
2007-04-13 00:00:00-04:00,26.900261871137786
2007-04-16 00:00:00-04:00,27.052752275985526
2007-04-17 00:00:00-04:00,27.014626390526587
2007-04-18 00:00:00-04:00,27.210011069801393
2007-04-19 00:00:00-04:00,27.133760558210057
2007-04-20 00:00:00-04:00,27.41968375829137
2007-04-23 00:00:00-04:00,27.696071740781075
2007-04-24 00:00:00-04:00,27.738955175659026
2007-04-25 00:00:00-04:00,27.653180969797848
2007-04-26 00:00:00-04:00,27.85332364727944
2007-04-27 00:00:00-04:00,28.129714965820312
2007-04-30 00:00:00-04:00,27.920036493654287
2007-05-01 00:00:00-04:00,27.6150572995001
2007-05-02 00:00:00-04:00,27.60076050981336
2007-05-03 00:00:00-04:00,27.715129430396566
2007-05-04 00:00:00-04:00,28.024871911704146
2007-05-07 00:00:00-04:00,27.858095280228437
2007-05-08 00:00:00-04:00,27.662713996931124
2007-05-09 00:00:00-04:00,27.781846893295164
2007-05-10 00:00:00-04:00,27.4053829887551
2007-05-11 00:00:00-04:00,27.348198784774077
2007-05-14 00:00:00-04:00,27.381558619338776
2007-05-15 00:00:00-04:00,27.443501996527196
2007-05-16 00:00:00-04:00,27.338672420225485
2007-05-17 00:00:00-04:00,26.6953489967485
2007-05-18 00:00:00-04:00,27.128997392246536
2007-05-21 00:00:00-04:00,26.819243981720934
2007-05-22 00:00:00-04:00,26.357012967760568
2007-05-23 00:00:00-04:00,26.676289974760397
2007-05-24 00:00:00-04:00,26.70012049589929
2007-05-25 00:00:00-04:00,26.76683074996782
2007-05-29 00:00:00-04:00,26.80495420281833
2007-05-30 00:00:00-04:00,26.68581636205983
2007-05-31 00:00:00-04:00,26.747771789255825
2007-06-01 00:00:00-04:00,26.776356171610537
2007-06-04 00:00:00-04:00,26.90025592852569
2007-06-05 00:00:00-04:00,26.85260709812003
2007-06-06 00:00:00-04:00,27.028927411739378
2007-06-07 00:00:00-04:00,26.657227283806264
2007-06-08 00:00:00-04:00,26.26170137079987
2007-06-11 00:00:00-04:00,26.133043826742757
2007-06-12 00:00:00-04:00,26.004381502530652
2007-06-13 00:00:00-04:00,26.009144365462333
2007-06-14 00:00:00-04:00,26.037732773950722
2007-06-15 00:00:00-04:00,26.84784094183498
2007-06-18 00:00:00-04:00,26.55715624639404
2007-06-19 00:00:00-04:00,26.48090404483845
2007-06-20 00:00:00-04:00,26.604802512194393
2007-06-21 00:00:00-04:00,26.314124427977877
2007-06-22 00:00:00-04:00,26.423721313476562
2007-06-25 00:00:00-04:00,26.471384057883917
2007-06-26 00:00:00-04:00,26.480909866368744
2007-06-27 00:00:00-04:00,26.66199846648627
2007-06-28 00:00:00-04:00,26.63340664492774
2007-06-29 00:00:00-04:00,26.76682926695757
2007-07-02 00:00:00-04:00,26.986032571011602
2007-07-03 00:00:00-04:00,26.747769252662497
2007-07-05 00:00:00-04:00,26.595273831493202
2007-07-06 00:00:00-04:00,26.276002152581384
2007-07-09 00:00:00-04:00,26.333186987543172
2007-07-10 00:00:00-04:00,26.337945801419238
2007-07-11 00:00:00-04:00,26.614342380533053
2007-07-12 00:00:00-04:00,26.352244939601572
2007-07-13 00:00:00-04:00,26.29505652319169
2007-07-16 00:00:00-04:00,26.385600109568816
2007-07-17 00:00:00-04:00,25.756581198313583
2007-07-18 00:00:00-04:00,25.480193765618836
2007-07-19 00:00:00-04:00,26.066329744998264
2007-07-20 00:00:00-04:00,26.233111699017705
2007-07-23 00:00:00-04:00,26.1282715173631
2007-07-24 00:00:00-04:00,26.15687521692414
2007-07-25 00:00:00-04:00,25.961488604187974
2007-07-26 00:00:00-04:00,25.785170613240126
2007-07-27 00:00:00-04:00,25.64221938673461
2007-07-30 00:00:00-04:00,25.751816516690788
2007-07-31 00:00:00-04:00,25.65174242170559
2007-08-01 00:00:00-04:00,25.756580353829648
2007-08-02 00:00:00-04:00,25.646978379853547
2007-08-03 00:00:00-04:00,25.594558171329272
2007-08-06 00:00:00-04:00,26.214053786516146
2007-08-07 00:00:00-04:00,25.84712357313854
2007-08-08 00:00:00-04:00,26.542863934925784
2007-08-09 00:00:00-04:00,26.31412057222613
2007-08-10 00:00:00-04:00,26.123511093724797
2007-08-13 00:00:00-04:00,25.72798277467258
2007-08-14 00:00:00-04:00,25.48495037838782
2007-08-15 00:00:00-04:00,24.94647789948561
2007-08-16 00:00:00-04:00,24.651027157954047
2007-08-17 00:00:00-04:00,24.97506704094976
2007-08-20 00:00:00-04:00,24.836878354393583
2007-08-21 00:00:00-04:00,25.008423791914282
2007-08-22 00:00:00-04:00,24.879762854355818
2007-08-23 00:00:00-04:00,25.046541213989258
2007-08-24 00:00:00-04:00,25.079902859926264
2007-08-27 00:00:00-04:00,25.3372318371911
2007-08-28 00:00:00-04:00,25.17044530786789
2007-08-29 00:00:00-04:00,24.998897856523108
2007-08-30 00:00:00-04:00,24.655787202795413
2007-08-31 00:00:00-04:00,25.303872928284466
2007-09-04 00:00:00-04:00,25.103736628048733
2007-09-05 00:00:00-04:00,25.313409166136516
2007-09-06 00:00:00-04:00,25.437301938497946
2007-09-07 00:00:00-04:00,25.523077217838704
2007-09-10 00:00:00-04:00,25.361056432584842
2007-09-11 00:00:00-04:00,25.789937001293197
2007-09-12 00:00:00-04:00,26.023438865211677
2007-09-13 00:00:00-04:00,26.190224211274018
2007-09-14 00:00:00-04:00,25.870952177951878
2007-09-17 00:00:00-04:00,26.118740655474614
2007-09-18 00:00:00-04:00,25.91860255437253
2007-09-19 00:00:00-04:00,26.42372712980647
2007-09-20 00:00:00-04:00,26.49520746629361
2007-09-21 00:00:00-04:00,26.252173529759723
2007-09-24 00:00:00-04:00,26.333183166016354
2007-09-25 00:00:00-04:00,26.175924730881835
2007-09-26 00:00:00-04:00,26.26646953131986
2007-09-27 00:00:00-04:00,26.061567097357095
2007-09-28 00:00:00-04:00,26.314122185883594
2007-10-01 00:00:00-04:00,26.071093757859668
2007-10-02 00:00:00-04:00,26.07585327257305
2007-10-03 00:00:00-04:00,25.91383649317896
2007-10-04 00:00:00-04:00,26.009141709258657
2007-10-05 00:00:00-04:00,25.685099189318493
2007-10-08 00:00:00-04:00,25.68509695328227
2007-10-09 00:00:00-04:00,25.570731387489964
2007-10-10 00:00:00-04:00,25.75658352958607
2007-10-11 00:00:00-04:00,25.813762017657034
2007-10-12 00:00:00-04:00,25.308637456014583
2007-10-15 00:00:00-04:00,25.499253589973623
2007-10-16 00:00:00-04:00,25.203804215530166
2007-10-17 00:00:00-04:00,25.34676222474363
2007-10-18 00:00:00-04:00,25.37058597334864
2007-10-19 00:00:00-04:00,25.213335239703223
2007-10-22 00:00:00-04:00,24.894056837251853
2007-10-23 00:00:00-04:00,24.851167982232592
2007-10-24 00:00:00-04:00,24.808284345417455
2007-10-25 00:00:00-04:00,24.80828061280799
2007-10-26 00:00:00-04:00,24.85593393170396
2007-10-29 00:00:00-04:00,24.77492280933654
2007-10-30 00:00:00-04:00,24.941707025260353
2007-10-31 00:00:00-04:00,25.199036106962335
2007-11-01 00:00:00-04:00,25.51355289083684
2007-11-02 00:00:00-04:00,25.42300932188183
2007-11-05 00:00:00-05:00,25.09896159820308
2007-11-06 00:00:00-05:00,25.265750884530515
2007-11-07 00:00:00-05:00,25.50401917714425
2007-11-08 00:00:00-05:00,25.05608188555713
2007-11-09 00:00:00-05:00,25.00842431106059
2007-11-12 00:00:00-05:00,24.63196169977157
2007-11-13 00:00:00-05:00,25.118023975793545
2007-11-14 00:00:00-05:00,25.48019183834273
2007-11-15 00:00:00-05:00,25.14185079046022
2007-11-16 00:00:00-05:00,25.44683400418318
2007-11-19 00:00:00-05:00,25.11802594875731
2007-11-20 00:00:00-05:00,24.855933715834336
2007-11-21 00:00:00-05:00,25.399182946966942
2007-11-23 00:00:00-05:00,26.95267610771135
2007-11-26 00:00:00-05:00,26.709648031182855
2007-11-27 00:00:00-05:00,27.095640713968482
2007-11-28 00:00:00-05:00,26.85737082374286
2007-11-29 00:00:00-05:00,27.43873944437442
2007-11-30 00:00:00-05:00,27.14329050711382
2007-12-03 00:00:00-05:00,27.06227415180833
2007-12-04 00:00:00-05:00,27.019394885399283
2007-12-05 00:00:00-05:00,27.324373775395525
2007-12-06 00:00:00-05:00,26.995568706062247
2007-12-07 00:00:00-05:00,27.219535008140262
2007-12-10 00:00:00-05:00,27.338666827683706
2007-12-11 00:00:00-05:00,26.957439213381182
2007-12-12 00:00:00-05:00,26.73823496321529
2007-12-13 00:00:00-05:00,26.9669743619596
2007-12-14 00:00:00-05:00,26.275999276978883
2007-12-17 00:00:00-05:00,25.77087741291694
2007-12-18 00:00:00-05:00,25.718457116137323
2007-12-19 00:00:00-05:00,25.83282373589125
2007-12-20 00:00:00-05:00,25.828058757229694
2007-12-21 00:00:00-05:00,25.68033450990588
2007-12-24 00:00:00-05:00,25.699401513540984
2007-12-26 00:00:00-05:00,25.899540371859327
2007-12-27 00:00:00-05:00,26.04250400833558
2007-12-28 00:00:00-05:00,26.261709967411175
2007-12-31 00:00:00-05:00,26.090151647556457
2008-01-02 00:00:00-05:00,26.109214240166576
2008-01-03 00:00:00-05:00,26.21881442495761
2008-01-04 00:00:00-05:00,26.42373013406784
2008-01-07 00:00:00-05:00,26.404665205970616
2008-01-08 00:00:00-05:00,27.176648460485858
2008-01-09 00:00:00-05:00,27.90573925320225
2008-01-10 00:00:00-05:00,27.99628016174596
2008-01-11 00:00:00-05:00,27.88191463161382
2008-01-14 00:00:00-05:00,27.677006578745345
2008-01-15 00:00:00-05:00,27.157586824442856
2008-01-16 00:00:00-05:00,26.7573021947259
2008-01-17 00:00:00-05:00,25.780408404167613
2008-01-18 00:00:00-05:00,25.81376904460015
2008-01-22 00:00:00-05:00,24.29362419278499
2008-01-23 00:00:00-05:00,23.955292747118985
2008-01-24 00:00:00-05:00,24.41275850865807
2008-01-25 00:00:00-05:00,24.369872619847403
2008-01-28 00:00:00-05:00,23.588357019483226
2008-01-29 00:00:00-05:00,23.836160317712256
2008-01-30 00:00:00-05:00,23.93622652744984
2008-01-31 00:00:00-05:00,23.526411323832747
2008-02-01 00:00:00-05:00,24.026763068937836
2008-02-04 00:00:00-05:00,23.726555198390695
2008-02-05 00:00:00-05:00,23.46446196455025
2008-02-06 00:00:00-05:00,23.526408069264857
2008-02-07 00:00:00-05:00,23.39773962370166
2008-02-08 00:00:00-05:00,23.288140191835108
2008-02-11 00:00:00-05:00,23.440631958669652
2008-02-12 00:00:00-05:00,23.35009405039393
2008-02-13 00:00:00-05:00,23.688428486730682
2008-02-14 00:00:00-05:00,24.255502680855653
2008-02-15 00:00:00-05:00,24.03629736013422
2008-02-19 00:00:00-05:00,23.964825748433476
2008-02-20 00:00:00-05:00,23.640779914787334
2008-02-21 00:00:00-05:00,23.774204866537364
2008-02-22 00:00:00-05:00,23.97911762013275
2008-02-25 00:00:00-05:00,23.921930430713065
2008-02-26 00:00:00-05:00,24.411202843979492
2008-02-27 00:00:00-05:00,24.401387471711743
2008-02-28 00:00:00-05:00,24.862807394466017
2008-02-29 00:00:00-05:00,24.597736797918188
2008-03-03 00:00:00-05:00,24.160859538058773
2008-03-04 00:00:00-05:00,23.709257477207117
2008-03-05 00:00:00-05:00,23.88105956083606
2008-03-06 00:00:00-05:00,23.689620565663567
2008-03-07 00:00:00-05:00,23.38036809514063
2008-03-10 00:00:00-04:00,23.316555871118815
2008-03-11 00:00:00-04:00,23.62580653681332
2008-03-12 00:00:00-04:00,23.62580509663877
2008-03-13 00:00:00-04:00,23.522720375540164
2008-03-14 00:00:00-04:00,23.52763202211599
2008-03-17 00:00:00-04:00,22.91894824993903
2008-03-18 00:00:00-04:00,23.218381229860455
2008-03-19 00:00:00-04:00,23.728887073377983
2008-03-20 00:00:00-04:00,23.90069772664821
2008-03-24 00:00:00-04:00,24.111771769965507
2008-03-25 00:00:00-04:00,24.64682310459134
2008-03-26 00:00:00-04:00,24.440656066620246
2008-03-27 00:00:00-04:00,25.059161325193546
2008-03-28 00:00:00-04:00,25.2260577726832
2008-03-31 00:00:00-04:00,25.019886851069064
2008-04-01 00:00:00-04:00,24.916809896131877
2008-04-02 00:00:00-04:00,25.176972925586924
2008-04-03 00:00:00-04:00,25.08370537991527
2008-04-04 00:00:00-04:00,25.505855073703817
2008-04-07 00:00:00-04:00,24.695920561167014
2008-04-08 00:00:00-04:00,24.76954394440086
2008-04-09 00:00:00-04:00,24.396478231624165
2008-04-10 00:00:00-04:00,23.939966943443515
2008-04-11 00:00:00-04:00,23.429452745482145
2008-04-14 00:00:00-04:00,23.1349302328464
2008-04-15 00:00:00-04:00,23.13001946367065
2008-04-16 00:00:00-04:00,23.154566478722302
2008-04-17 00:00:00-04:00,22.796229261016446
2008-04-18 00:00:00-04:00,23.247832349538168
2008-04-21 00:00:00-04:00,24.35230203687074
2008-04-22 00:00:00-04:00,23.964511105941778
2008-04-23 00:00:00-04:00,24.288489900985265
2008-04-24 00:00:00-04:00,24.56828478070521
2008-04-25 00:00:00-04:00,25.029706581930967
2008-04-28 00:00:00-04:00,24.63701003534842
2008-04-29 00:00:00-04:00,24.833359250148057
2008-04-30 00:00:00-04:00,24.76954141636198
2008-05-01 00:00:00-04:00,24.5781033571911
2008-05-02 00:00:00-04:00,25.01007595457828
2008-05-05 00:00:00-04:00,25.005161680212762
2008-05-06 00:00:00-04:00,25.16224494291727
2008-05-07 00:00:00-04:00,24.803906709934886
2008-05-08 00:00:00-04:00,25.21623763917517
2008-05-09 00:00:00-04:00,25.019889537566602
2008-05-12 00:00:00-04:00,24.990436259631828
2008-05-13 00:00:00-04:00,24.94625820406234
2008-05-14 00:00:00-04:00,24.764635887550067
2008-05-15 00:00:00-04:00,25.024802448785383
2008-05-16 00:00:00-04:00,25.083704802262137
2008-05-19 00:00:00-04:00,26.16853603281158
2008-05-20 00:00:00-04:00,25.785656972195806
2008-05-21 00:00:00-04:00,26.22253152996343
2008-05-22 00:00:00-04:00,25.75129375263644
2008-05-23 00:00:00-04:00,26.099820877656633
2008-05-27 00:00:00-04:00,25.91819024524942
2008-05-28 00:00:00-04:00,25.422407044318703
2008-05-29 00:00:00-04:00,25.64821039577082
2008-05-30 00:00:00-04:00,25.535310623010858
2008-06-02 00:00:00-04:00,26.44833236923393
2008-06-03 00:00:00-04:00,26.1930822868151
2008-06-04 00:00:00-04:00,25.87891847608851
2008-06-05 00:00:00-04:00,25.65312041682375
2008-06-06 00:00:00-04:00,25.7512909790125
2008-06-09 00:00:00-04:00,25.62366402934358
2008-06-10 00:00:00-04:00,25.000255339136853
2008-06-11 00:00:00-04:00,24.857901320106052
2008-06-12 00:00:00-04:00,24.71555137634277
2008-06-13 00:00:00-04:00,24.489744529186265
2008-06-16 00:00:00-04:00,24.563378076010203
2008-06-17 00:00:00-04:00,24.489743709440486
2008-06-18 00:00:00-04:00,24.83826730171241
2008-06-19 00:00:00-04:00,24.838267289124165
2008-06-20 00:00:00-04:00,25.515674020581443
2008-06-23 00:00:00-04:00,25.40768204306907
2008-06-24 00:00:00-04:00,26.1292678619746
2008-06-25 00:00:00-04:00,25.97709540435874
2008-06-26 00:00:00-04:00,26.782131901224048
2008-06-27 00:00:00-04:00,26.29125571823638
2008-06-30 00:00:00-04:00,27.076661309067806
2008-07-01 00:00:00-04:00,26.99811784043507
2008-07-02 00:00:00-04:00,27.778608029936432
2008-07-03 00:00:00-04:00,28.112400874278737
2008-07-07 00:00:00-04:00,27.243555521790682
2008-07-08 00:00:00-04:00,28.220399889358927
2008-07-09 00:00:00-04:00,28.676907730400117
2008-07-10 00:00:00-04:00,28.721086765580814
2008-07-11 00:00:00-04:00,28.019137527716858
2008-07-14 00:00:00-04:00,27.896419133984224
2008-07-15 00:00:00-04:00,27.808063112951704
2008-07-16 00:00:00-04:00,27.83260595810896
2008-07-17 00:00:00-04:00,27.989681381898244
2008-07-18 00:00:00-04:00,28.019134278514777
2008-07-21 00:00:00-04:00,28.406924817713733
2008-07-22 00:00:00-04:00,28.519825896367227
2008-07-23 00:00:00-04:00,28.57382134421412
2008-07-24 00:00:00-04:00,29.148151487564164
2008-07-25 00:00:00-04:00,29.24632213314781
2008-07-28 00:00:00-04:00,28.97143122734212
2008-07-29 00:00:00-04:00,28.696547041226264
2008-07-30 00:00:00-04:00,29.207048084772513
2008-07-31 00:00:00-04:00,29.452488667628177
2008-08-01 00:00:00-04:00,29.084336839875213
2008-08-04 00:00:00-04:00,29.629212131267977
2008-08-05 00:00:00-04:00,29.496664052300464
2008-08-06 00:00:00-04:00,28.274394996034168
2008-08-07 00:00:00-04:00,28.377472166148227
2008-08-08 00:00:00-04:00,28.23021561858863
2008-08-11 00:00:00-04:00,28.249848242137393
2008-08-12 00:00:00-04:00,27.930786245540368
2008-08-13 00:00:00-04:00,28.112401995706595
2008-08-14 00:00:00-04:00,27.82278320135469
2008-08-15 00:00:00-04:00,27.70497643553619
2008-08-18 00:00:00-04:00,27.690251695893792
2008-08-19 00:00:00-04:00,27.415357966405505
2008-08-20 00:00:00-04:00,27.37608775086219
2008-08-21 00:00:00-04:00,27.214100307562912
2008-08-22 00:00:00-04:00,27.052110223905323
2008-08-25 00:00:00-04:00,27.415357550157445
2008-08-26 00:00:00-04:00,26.63977620947046
2008-08-27 00:00:00-04:00,26.95393828445073
2008-08-28 00:00:00-04:00,27.390811921108465
2008-08-29 00:00:00-04:00,27.56753186160227
2008-09-02 00:00:00-04:00,26.99811476905144
2008-09-03 00:00:00-04:00,26.90975638697262
2008-09-04 00:00:00-04:00,26.772309106048073
2008-09-05 00:00:00-04:00,26.148904879568917
2008-09-08 00:00:00-04:00,25.697296899134095
2008-09-09 00:00:00-04:00,26.031091797352143
2008-09-10 00:00:00-04:00,26.66432453198132
2008-09-11 00:00:00-04:00,26.05563989686361
2008-09-12 00:00:00-04:00,26.222537554445204
2008-09-15 00:00:00-04:00,26.070365155575388
2008-09-16 00:00:00-04:00,26.148903973954948
2008-09-17 00:00:00-04:00,26.399249367731098
2008-09-18 00:00:00-04:00,26.22253320663927
2008-09-19 00:00:00-04:00,25.6089372707171
2008-09-22 00:00:00-04:00,25.93291925196722
2008-09-23 00:00:00-04:00,26.629961348056284
2008-09-24 00:00:00-04:00,26.821403281765168
2008-09-25 00:00:00-04:00,26.914667783755906
2008-09-26 00:00:00-04:00,26.993206624499646
2008-09-29 00:00:00-04:00,26.399249333253604
2008-09-30 00:00:00-04:00,25.923097758587453
2008-10-01 00:00:00-04:00,25.918190958230095
2008-10-02 00:00:00-04:00,25.397862539098988
2008-10-03 00:00:00-04:00,25.81511215533416
2008-10-06 00:00:00-04:00,25.805289371888435
2008-10-07 00:00:00-04:00,26.50724059602507
2008-10-08 00:00:00-04:00,24.81863296071867
2008-10-09 00:00:00-04:00,23.84670295360784
2008-10-10 00:00:00-04:00,21.603401670689077
2008-10-13 00:00:00-04:00,22.486975031252356
2008-10-14 00:00:00-04:00,24.450475628789075
2008-10-15 00:00:00-04:00,24.24431014829156
2008-10-16 00:00:00-04:00,23.154568190801708
2008-10-17 00:00:00-04:00,24.622282550951603
2008-10-20 00:00:00-04:00,24.784269842298027
2008-10-21 00:00:00-04:00,24.862809365281798
2008-10-22 00:00:00-04:00,24.146131643735597
2008-10-23 00:00:00-04:00,24.151043889587896
2008-10-24 00:00:00-04:00,22.580243351339362
2008-10-27 00:00:00-04:00,23.095659988688194
2008-10-28 00:00:00-04:00,23.88596670916977
2008-10-29 00:00:00-04:00,24.209951147014877
2008-10-30 00:00:00-04:00,24.52901742940733
2008-10-31 00:00:00-04:00,23.728887755651847
2008-11-03 00:00:00-05:00,24.681187074605575
2008-11-04 00:00:00-05:00,25.412589438257864
2008-11-05 00:00:00-05:00,24.268854024052875
2008-11-06 00:00:00-05:00,23.93996650641249
2008-11-07 00:00:00-05:00,24.32775735761507
2008-11-10 00:00:00-05:00,24.54865170846938
2008-11-11 00:00:00-05:00,24.106861019142308
2008-11-12 00:00:00-05:00,23.964516212967887
2008-11-13 00:00:00-05:00,23.591446584267842
2008-11-14 00:00:00-05:00,24.28848151031627
2008-11-17 00:00:00-05:00,23.625806261956967
2008-11-18 00:00:00-05:00,23.615988859777005
2008-11-19 00:00:00-05:00,23.738705247295975
2008-11-20 00:00:00-05:00,23.007303734424337
2008-11-21 00:00:00-05:00,21.824298097025327
2008-11-24 00:00:00-05:00,22.03537375608069
2008-11-25 00:00:00-05:00,22.38880149821711
2008-11-26 00:00:00-05:00,21.647580013795217
2008-11-28 00:00:00-05:00,22.653873306137047
2008-12-01 00:00:00-05:00,22.717687698663923
2008-12-02 00:00:00-05:00,22.246449345855673
2008-12-03 00:00:00-05:00,22.32007986057142
2008-12-04 00:00:00-05:00,22.80604906273292
2008-12-05 00:00:00-05:00,22.7765950521845
2008-12-08 00:00:00-05:00,23.370549617850685
2008-12-09 00:00:00-05:00,23.134931028252286
2008-12-10 00:00:00-05:00,22.830589835747062
2008-12-11 00:00:00-05:00,22.290627851125084
2008-12-12 00:00:00-05:00,22.71768815322379
2008-12-15 00:00:00-05:00,22.801135967426283
2008-12-16 00:00:00-05:00,22.648962259095985
2008-12-17 00:00:00-05:00,23.63562300685023
2008-12-18 00:00:00-05:00,24.710642361083483
2008-12-19 00:00:00-05:00,23.213470965854068
2008-12-22 00:00:00-05:00,23.802521882010435
2008-12-23 00:00:00-05:00,23.542356172974863
2008-12-24 00:00:00-05:00,22.678415808927177
2008-12-26 00:00:00-05:00,23.414731375394414
2008-12-29 00:00:00-05:00,24.749907591711587
2008-12-30 00:00:00-05:00,24.548650741577152
2008-12-31 00:00:00-05:00,24.445569162190935
2009-01-02 00:00:00-05:00,25.221147999611524
2009-01-05 00:00:00-05:00,24.14122912590066
2009-01-06 00:00:00-05:00,23.993959989083095
2009-01-07 00:00:00-05:00,24.219760517876793
2009-01-08 00:00:00-05:00,24.111770897364607
2009-01-09 00:00:00-05:00,23.586536492103168
2009-01-12 00:00:00-05:00,23.454003182172336
2009-01-13 00:00:00-05:00,23.125111735611735
2009-01-14 00:00:00-05:00,23.15947964772663
2009-01-15 00:00:00-05:00,22.732408360600083
2009-01-16 00:00:00-05:00,23.365643650050497
2009-01-20 00:00:00-05:00,23.012213333957448
2009-01-21 00:00:00-05:00,22.54097376467424
2009-01-22 00:00:00-05:00,22.015738740879417
2009-01-23 00:00:00-05:00,21.62794373542576
2009-01-26 00:00:00-05:00,22.452616097018502
2009-01-27 00:00:00-05:00,22.270987686888144
2009-01-28 00:00:00-05:00,21.343237019076305
2009-01-29 00:00:00-05:00,20.27312958493718
2009-01-30 00:00:00-05:00,20.36639527583273
2009-02-02 00:00:00-05:00,20.00314854382029
2009-02-03 00:00:00-05:00,20.719825828677266
2009-02-04 00:00:00-05:00,20.739464157277865
2009-02-05 00:00:00-05:00,20.66092248416342
2009-02-06 00:00:00-05:00,20.386030086871948
2009-02-09 00:00:00-05:00,21.014351064678376
2009-02-10 00:00:00-05:00,21.04380545363807
2009-02-11 00:00:00-05:00,20.798370103925695
2009-02-12 00:00:00-05:00,20.744371461701014
2009-02-13 00:00:00-05:00,20.925996175569733
2009-02-17 00:00:00-05:00,20.62164879096139
2009-02-18 00:00:00-05:00,20.543113315237687
2009-02-19 00:00:00-05:00,20.174957959506376
2009-02-20 00:00:00-05:00,19.693901938882068
2009-02-23 00:00:00-05:00,20.425299319712998
2009-02-24 00:00:00-05:00,19.585672381475348
2009-02-25 00:00:00-05:00,19.39597130589566
2009-02-26 00:00:00-05:00,19.288303493672238
2009-02-27 00:00:00-05:00,18.74482785805397
2009-03-02 00:00:00-05:00,18.144950389512516
2009-03-03 00:00:00-05:00,17.955247181191602
2009-03-04 00:00:00-05:00,17.150286691207153
2009-03-05 00:00:00-05:00,17.914230130485333
2009-03-06 00:00:00-05:00,18.155204275700353
2009-03-09 00:00:00-04:00,17.90910234975613
2009-03-10 00:00:00-04:00,17.58609304554062
2009-03-11 00:00:00-04:00,17.847575667933626
2009-03-12 00:00:00-04:00,17.84244700546762
2009-03-13 00:00:00-04:00,17.878340216811473
2009-03-16 00:00:00-04:00,18.806353467114103
2009-03-17 00:00:00-04:00,18.83198651341761
2009-03-18 00:00:00-04:00,19.288305505093604
2009-03-19 00:00:00-04:00,19.590804559238148
2009-03-20 00:00:00-04:00,19.63181989622112
2009-03-23 00:00:00-04:00,19.206270600042444
2009-03-24 00:00:00-04:00,19.498516922677982
2009-03-25 00:00:00-04:00,19.46775508758215
2009-03-26 00:00:00-04:00,19.683097479142457
2009-03-27 00:00:00-04:00,19.267793139895936
2009-03-30 00:00:00-04:00,18.69868250150287
2009-03-31 00:00:00-04:00,19.267796616688585
2009-04-01 00:00:00-04:00,19.175507058634224
2009-04-02 00:00:00-04:00,20.057378654013494
2009-04-03 00:00:00-04:00,19.313938430874334
2009-04-06 00:00:00-04:00,19.02682248304675
2009-04-07 00:00:00-04:00,19.37546269250544
2009-04-08 00:00:00-04:00,18.996053689628713
2009-04-09 00:00:00-04:00,18.842243981904936
2009-04-13 00:00:00-04:00,18.914022402963678
2009-04-14 00:00:00-04:00,18.837114305949694
2009-04-15 00:00:00-04:00,18.76020781833645
2009-04-16 00:00:00-04:00,18.980673092118643
2009-04-17 00:00:00-04:00,19.026817621614526
2009-04-20 00:00:00-04:00,18.47821594658694
2009-04-21 00:00:00-04:00,18.09880742386901
2009-04-22 00:00:00-04:00,18.283384899304554
2009-04-23 00:00:00-04:00,18.524360853438893
2009-04-24 00:00:00-04:00,19.0678359823437
2009-04-27 00:00:00-04:00,18.796097916498624
2009-04-28 00:00:00-04:00,18.862750974703125
2009-04-29 00:00:00-04:00,19.124235621379093
2009-04-30 00:00:00-04:00,19.801017276903814
2009-05-01 00:00:00-04:00,19.457498283387693
2009-05-04 00:00:00-04:00,19.37033833779818
2009-05-05 00:00:00-04:00,19.3395718182259
2009-05-06 00:00:00-04:00,19.842033940723343
2009-05-07 00:00:00-04:00,19.590804770070186
2009-05-08 00:00:00-04:00,19.462626268165675
2009-05-11 00:00:00-04:00,19.34982761588637
2009-05-12 00:00:00-04:00,19.980464405826336
2009-05-13 00:00:00-04:00,20.50343569982687
2009-05-14 00:00:00-04:00,20.6059840249142
2009-05-15 00:00:00-04:00,20.267587974349343
2009-05-18 00:00:00-04:00,20.26246041588358
2009-05-19 00:00:00-04:00,20.380383880930143
2009-05-20 00:00:00-04:00,20.61110359818343
2009-05-21 00:00:00-04:00,20.23682479238045
2009-05-22 00:00:00-04:00,20.60598102630911
2009-05-26 00:00:00-04:00,20.436782518682282
2009-05-27 00:00:00-04:00,20.754665160138458
2009-05-28 00:00:00-04:00,20.3393663715508
2009-05-29 00:00:00-04:00,20.48292540804173
2009-06-01 00:00:00-04:00,20.688015258344656
2009-06-02 00:00:00-04:00,20.1291533394494
2009-06-03 00:00:00-04:00,20.36500195033172
2009-06-04 00:00:00-04:00,20.488054271508883
2009-06-05 00:00:00-04:00,20.3598731023159
2009-06-08 00:00:00-04:00,20.323986849533604
2009-06-09 00:00:00-04:00,20.621360512307024
2009-06-10 00:00:00-04:00,20.4419070706905
2009-06-11 00:00:00-04:00,20.503434831442707
2009-06-12 00:00:00-04:00,21.3083964335762
2009-06-15 00:00:00-04:00,21.354538811666764
2009-06-16 00:00:00-04:00,21.108441256510396
2009-06-17 00:00:00-04:00,21.128949711649017
2009-06-18 00:00:00-04:00,21.36992208065698
2009-06-19 00:00:00-04:00,21.426318838379252
2009-06-22 00:00:00-04:00,21.38530491962925
2009-06-23 00:00:00-04:00,21.739075812949892
2009-06-24 00:00:00-04:00,21.364795163141977
2009-06-25 00:00:00-04:00,20.657251230095376
2009-06-26 00:00:00-04:00,20.87771868169778
2009-06-29 00:00:00-04:00,20.836697962345617
2009-06-30 00:00:00-04:00,20.944371914551024
2009-07-01 00:00:00-04:00,21.103307995927736
2009-07-02 00:00:00-04:00,20.754667066616474
2009-07-06 00:00:00-04:00,20.56496207257945
2009-07-07 00:00:00-04:00,20.50856323042583
2009-07-08 00:00:00-04:00,20.59059965228978
2009-07-09 00:00:00-04:00,20.58546911761909
2009-07-10 00:00:00-04:00,20.016356589020006
2009-07-13 00:00:00-04:00,20.226568191260387
2009-07-14 00:00:00-04:00,20.46754347235909
2009-07-15 00:00:00-04:00,20.805936777980573
2009-07-16 00:00:00-04:00,21.5186091806925
2009-07-17 00:00:00-04:00,21.77496938617203
2009-07-20 00:00:00-04:00,22.46713153243765
2009-07-21 00:00:00-04:00,22.5850574149001
2009-07-22 00:00:00-04:00,22.472258134946642
2009-07-23 00:00:00-04:00,22.28255507514302
2009-07-24 00:00:00-04:00,22.53891177781189
2009-07-27 00:00:00-04:00,22.585056293323138
2009-07-28 00:00:00-04:00,22.569669983847728
2009-07-29 00:00:00-04:00,22.503018530136853
2009-07-30 00:00:00-04:00,22.656837940065667
2009-07-31 00:00:00-04:00,23.04649889683771
2009-08-03 00:00:00-04:00,23.246448272021915
2009-08-04 00:00:00-04:00,23.164421056802688
2009-08-05 00:00:00-04:00,23.420779917618763
2009-08-06 00:00:00-04:00,23.205437804352666
2009-08-07 00:00:00-04:00,23.067007090227513
2009-08-10 00:00:00-04:00,22.718360344399166
2009-08-11 00:00:00-04:00,22.86192514134815
2009-08-12 00:00:00-04:00,23.07213210774435
2009-08-13 00:00:00-04:00,23.09263855281575
2009-08-14 00:00:00-04:00,23.123404102685125
2009-08-17 00:00:00-04:00,22.610691820818452
2009-08-18 00:00:00-04:00,22.75937729698531
2009-08-19 00:00:00-04:00,22.810646006974405
2009-08-20 00:00:00-04:00,23.15416554114055
2009-08-21 00:00:00-04:00,23.292598991846173
2009-08-24 00:00:00-04:00,23.159290857741954
2009-08-25 00:00:00-04:00,23.615609874666177
2009-08-26 00:00:00-04:00,23.58484704342641
2009-08-27 00:00:00-04:00,23.728407422201837
2009-08-28 00:00:00-04:00,24.005269204982877
2009-08-31 00:00:00-04:00,23.73353493312392
2009-09-01 00:00:00-04:00,23.62586404465225
2009-09-02 00:00:00-04:00,23.379762590398986
2009-09-03 00:00:00-04:00,23.487429211775318
2009-09-04 00:00:00-04:00,23.328495144348736
2009-09-08 00:00:00-04:00,24.16420990425937
2009-09-09 00:00:00-04:00,24.230863569764967
2009-09-10 00:00:00-04:00,24.112942246654356
2009-09-11 00:00:00-04:00,24.512859362515403
2009-09-14 00:00:00-04:00,24.430822913965574
2009-09-15 00:00:00-04:00,24.46671485415125
2009-09-16 00:00:00-04:00,24.86150468337686
2009-09-17 00:00:00-04:00,24.83586748782502
2009-09-18 00:00:00-04:00,25.06658968747881
2009-09-21 00:00:00-04:00,24.53849889695524
2009-09-22 00:00:00-04:00,25.53828848449688
2009-09-23 00:00:00-04:00,25.404982766512042
2009-09-24 00:00:00-04:00,25.240913984352154
2009-09-25 00:00:00-04:00,24.882016274197277
2009-09-28 00:00:00-04:00,25.081973998205275
2009-09-29 00:00:00-04:00,25.487016985610662
2009-09-30 00:00:00-04:00,25.74337330937632
2009-10-01 00:00:00-04:00,25.574177099092758
2009-10-02 00:00:00-04:00,25.194770206457594
2009-10-05 00:00:00-04:00,25.34858047804239
2009-10-06 00:00:00-04:00,25.692102160813192
2009-10-07 00:00:00-04:00,25.37422369522238
2009-10-08 00:00:00-04:00,25.61006735405025
2009-10-09 00:00:00-04:00,25.584431220565417
2009-10-12 00:00:00-04:00,26.138158805256097
2009-10-13 00:00:00-04:00,25.886932115999162
2009-10-14 00:00:00-04:00,26.102273384475897
2009-10-15 00:00:00-04:00,26.27659818882803
2009-10-16 00:00:00-04:00,26.179177148995738
2009-10-19 00:00:00-04:00,26.502188247925744
2009-10-20 00:00:00-04:00,26.83032691391367
2009-10-21 00:00:00-04:00,26.630365656033344
2009-10-22 00:00:00-04:00,26.789306097545463
2009-10-23 00:00:00-04:00,26.891854777864307
2009-10-26 00:00:00-04:00,26.65087793112615
2009-10-27 00:00:00-04:00,26.83032884442267
2009-10-28 00:00:00-04:00,26.7636719104091
2009-10-29 00:00:00-04:00,26.609861030991297
2009-10-30 00:00:00-04:00,26.999522699237062
2009-11-02 00:00:00-05:00,26.54320765462524
2009-11-03 00:00:00-05:00,26.394519743140524
2009-11-04 00:00:00-05:00,26.66113413874472
2009-11-05 00:00:00-05:00,26.92261504430347
2009-11-06 00:00:00-05:00,26.83033280054452
2009-11-09 00:00:00-05:00,27.486599788114386
2009-11-10 00:00:00-05:00,27.450707567209147
2009-11-11 00:00:00-05:00,27.589145156284722
2009-11-12 00:00:00-05:00,27.24562951160543
2009-11-13 00:00:00-05:00,27.214866341390344
2009-11-16 00:00:00-05:00,27.625035948855068
2009-11-17 00:00:00-05:00,27.32766583278591
2009-11-18 00:00:00-05:00,27.65579771308749
2009-11-19 00:00:00-05:00,27.302021841134994
2009-11-20 00:00:00-05:00,27.06104684839254
2009-11-23 00:00:00-05:00,28.02495355990971
2009-11-24 00:00:00-05:00,28.31719779129423
2009-11-25 00:00:00-05:00,28.61456952515865
2009-11-27 00:00:00-05:00,28.15313440174562
2009-11-30 00:00:00-05:00,28.599184852846093
2009-12-01 00:00:00-05:00,28.788898193969512
2009-12-02 00:00:00-05:00,28.870930604426245
2009-12-03 00:00:00-05:00,28.896556826749624
2009-12-04 00:00:00-05:00,28.732493837935415
2009-12-07 00:00:00-05:00,28.476138254964642
2009-12-08 00:00:00-05:00,28.45050268200707
2009-12-09 00:00:00-05:00,28.17363687093658
2009-12-10 00:00:00-05:00,27.866008228192058
2009-12-11 00:00:00-05:00,27.860879921329875
2009-12-14 00:00:00-05:00,27.686558026916725
2009-12-15 00:00:00-05:00,27.604526802494696
2009-12-16 00:00:00-05:00,27.71732302137621
2009-12-17 00:00:00-05:00,27.86601511425015
2009-12-18 00:00:00-05:00,27.824990958928584
2009-12-21 00:00:00-05:00,27.594273161344358
2009-12-22 00:00:00-05:00,27.763469682931216
2009-12-23 00:00:00-05:00,28.060845808313033
2009-12-24 00:00:00-05:00,28.091604771211294
2009-12-28 00:00:00-05:00,28.0352058312057
2009-12-29 00:00:00-05:00,28.250541967210864
2009-12-30 00:00:00-05:00,27.881396384726457
2009-12-31 00:00:00-05:00,28.086475127227146
2010-01-04 00:00:00-05:00,27.558383288043245
2010-01-05 00:00:00-05:00,26.973889766919232
2010-01-06 00:00:00-05:00,27.10719304022081
2010-01-07 00:00:00-05:00,26.59960473953202
2010-01-08 00:00:00-05:00,26.87134361901496
2010-01-11 00:00:00-05:00,27.21998894712856
2010-01-12 00:00:00-05:00,26.825205056366492
2010-01-13 00:00:00-05:00,27.194349834434167
2010-01-14 00:00:00-05:00,27.296892698906603
2010-01-15 00:00:00-05:00,27.091814851933123
2010-01-19 00:00:00-05:00,27.527616227500502
2010-01-20 00:00:00-05:00,27.455841612794472
2010-01-21 00:00:00-05:00,27.74296336289908
2010-01-22 00:00:00-05:00,27.563502446249586
2010-01-25 00:00:00-05:00,27.47122330655417
2010-01-26 00:00:00-05:00,27.789101717906142
2010-01-27 00:00:00-05:00,27.783975556824345
2010-01-28 00:00:00-05:00,27.6199100768913
2010-01-29 00:00:00-05:00,27.563511203275954
2010-02-01 00:00:00-05:00,27.558383350739128
2010-02-02 00:00:00-05:00,27.855756173298406
2010-02-03 00:00:00-05:00,28.122363501544545
2010-02-04 00:00:00-05:00,27.937788313189916
2010-02-05 00:00:00-05:00,27.409690314590364
2010-02-08 00:00:00-05:00,27.189226690278424
2010-02-09 00:00:00-05:00,27.291767370383614
2010-02-10 00:00:00-05:00,27.404568021332786
2010-02-11 00:00:00-05:00,27.39943719364538
2010-02-12 00:00:00-05:00,27.50198172697059
2010-02-16 00:00:00-05:00,27.573762034173498
2010-02-17 00:00:00-05:00,28.071093447820612
2010-02-18 00:00:00-05:00,28.086478365206894
2010-02-19 00:00:00-05:00,28.26079966861983
2010-02-22 00:00:00-05:00,28.4607585698254
2010-02-23 00:00:00-05:00,27.953172153623708
2010-02-24 00:00:00-05:00,28.14800671308614
2010-02-25 00:00:00-05:00,27.958297139689577
2010-02-26 00:00:00-05:00,28.31207192202926
2010-03-01 00:00:00-05:00,28.5530461047219
2010-03-02 00:00:00-05:00,29.08111034182787
2010-03-03 00:00:00-05:00,28.94817339013236
2010-03-04 00:00:00-05:00,28.799290999581515
2010-03-05 00:00:00-05:00,28.6663527976077
2010-03-08 00:00:00-05:00,29.006668035939967
2010-03-09 00:00:00-05:00,29.05985280547016
2010-03-10 00:00:00-05:00,28.964128089669458
2010-03-11 00:00:00-05:00,28.868415777973926
2010-03-12 00:00:00-05:00,29.11301727288028
2010-03-15 00:00:00-04:00,29.192779263422683
2010-03-16 00:00:00-04:00,29.1130178060872
2010-03-17 00:00:00-04:00,29.128971708924034
2010-03-18 00:00:00-04:00,29.001347709234523
2010-03-19 00:00:00-04:00,29.150241851806637
2010-03-22 00:00:00-04:00,28.80460353747062
2010-03-23 00:00:00-04:00,29.240639560274147
2010-03-24 00:00:00-04:00,29.12365328609248
2010-03-25 00:00:00-04:00,29.1396045371685
2010-03-26 00:00:00-04:00,28.639764327208916
2010-03-29 00:00:00-04:00,28.379211498395726
2010-03-30 00:00:00-04:00,28.639765036931674
2010-03-31 00:00:00-04:00,28.809927324276845
2010-04-01 00:00:00-04:00,28.71420755536477
2010-04-05 00:00:00-04:00,28.53341823042368
2010-04-06 00:00:00-04:00,27.804927007256413
2010-04-07 00:00:00-04:00,27.719848910759417
2010-04-08 00:00:00-04:00,27.480563508533496
2010-04-09 00:00:00-04:00,28.16651176486584
2010-04-12 00:00:00-04:00,28.56532651482306
2010-04-13 00:00:00-04:00,28.629129330232338
2010-04-14 00:00:00-04:00,28.62912536759565
2010-04-15 00:00:00-04:00,28.496193215243242
2010-04-16 00:00:00-04:00,28.395163372268726
2010-04-19 00:00:00-04:00,28.08143019218821
2010-04-20 00:00:00-04:00,28.56000024009469
2010-04-21 00:00:00-04:00,28.30476536878093
2010-04-22 00:00:00-04:00,27.842148281788834
2010-04-23 00:00:00-04:00,27.496510816908774
2010-04-26 00:00:00-04:00,27.703894346575407
2010-04-27 00:00:00-04:00,27.469930006756087
2010-04-28 00:00:00-04:00,27.230638216210647
2010-04-29 00:00:00-04:00,27.166830960795476
2010-04-30 00:00:00-04:00,27.35825885527166
2010-05-03 00:00:00-04:00,26.9275417484424
2010-05-04 00:00:00-04:00,26.65636093116333
2010-05-05 00:00:00-04:00,25.90660156032998
2010-05-06 00:00:00-04:00,26.0395342800186
2010-05-07 00:00:00-04:00,25.539694773813576
2010-05-10 00:00:00-04:00,25.922553828999646
2010-05-11 00:00:00-04:00,25.71516679610124
2010-05-12 00:00:00-04:00,25.85874152794567
2010-05-13 00:00:00-04:00,25.94381869147949
2010-05-14 00:00:00-04:00,25.454610602572675
2010-05-17 00:00:00-04:00,25.119619791361114
2010-05-18 00:00:00-04:00,24.991997058975826
2010-05-19 00:00:00-04:00,24.396445505220882
2010-05-20 00:00:00-04:00,24.157161853727985
2010-05-21 00:00:00-04:00,23.492476050692982
2010-05-24 00:00:00-04:00,23.89660844240201
2010-05-25 00:00:00-04:00,23.348907258516164
2010-05-26 00:00:00-04:00,23.66263747328977
2010-05-27 00:00:00-04:00,23.614778595358924
2010-05-28 00:00:00-04:00,24.343269924854287
2010-06-01 00:00:00-04:00,23.89660629336698
2010-06-02 00:00:00-04:00,24.17842557744333
2010-06-03 00:00:00-04:00,24.61977783134166
2010-06-04 00:00:00-04:00,24.337953131272823
2010-06-07 00:00:00-04:00,24.077394867379514
2010-06-08 00:00:00-04:00,23.986999409546684
2010-06-09 00:00:00-04:00,24.32199804289395
2010-06-10 00:00:00-04:00,24.928186300684803
2010-06-11 00:00:00-04:00,25.677951204768018
2010-06-14 00:00:00-04:00,25.9916791911418
2010-06-15 00:00:00-04:00,25.92254896380361
2010-06-16 00:00:00-04:00,25.832156020584744
2010-06-17 00:00:00-04:00,26.03953597898347
2010-06-18 00:00:00-04:00,26.01294603865335
2010-06-21 00:00:00-04:00,26.066118154846148
2010-06-22 00:00:00-04:00,26.028899285304362
2010-06-23 00:00:00-04:00,25.800253369730143
2010-06-24 00:00:00-04:00,25.805571903519294
2010-06-25 00:00:00-04:00,25.77898277206169
2010-06-28 00:00:00-04:00,26.08739092762599
2010-06-29 00:00:00-04:00,25.778979595502367
2010-06-30 00:00:00-04:00,25.864058026877903
2010-07-01 00:00:00-04:00,25.826833975362618
2010-07-02 00:00:00-04:00,25.475884475984017
2010-07-06 00:00:00-04:00,25.454614106418287
2010-07-07 00:00:00-04:00,25.96508995856976
2010-07-08 00:00:00-04:00,26.246914032131357
2010-07-09 00:00:00-04:00,26.14056266023931
2010-07-12 00:00:00-04:00,26.119292065030425
2010-07-13 00:00:00-04:00,26.64572194492717
2010-07-14 00:00:00-04:00,26.762705886431316
2010-07-15 00:00:00-04:00,27.443345321815254
2010-07-16 00:00:00-04:00,26.96476907833322
2010-07-19 00:00:00-04:00,26.603180636504753
2010-07-20 00:00:00-04:00,26.135244973455798
2010-07-21 00:00:00-04:00,26.273505038432756
2010-07-22 00:00:00-04:00,26.257552019193906
2010-07-23 00:00:00-04:00,25.83215220376648
2010-07-26 00:00:00-04:00,25.943820295258877
2010-07-27 00:00:00-04:00,25.720486348870054
2010-07-28 00:00:00-04:00,26.08206907795997
2010-07-29 00:00:00-04:00,26.183108913457215
2010-07-30 00:00:00-04:00,25.794933363147543
2010-08-02 00:00:00-04:00,26.374530074860317
2010-08-03 00:00:00-04:00,26.576591645153144
2010-08-04 00:00:00-04:00,26.47024604558923
2010-08-05 00:00:00-04:00,26.651039352007423
2010-08-06 00:00:00-04:00,26.619136555095206
2010-08-09 00:00:00-04:00,26.81588439559034
2010-08-10 00:00:00-04:00,27.017941942811223
2010-08-11 00:00:00-04:00,26.932866164403176
2010-08-12 00:00:00-04:00,26.67230895949743
2010-08-13 00:00:00-04:00,26.666988985408512
2010-08-16 00:00:00-04:00,26.90095901489258
2010-08-17 00:00:00-04:00,27.044530868530273
2010-08-18 00:00:00-04:00,27.321036769116745
2010-08-19 00:00:00-04:00,27.46992715197504
2010-08-20 00:00:00-04:00,26.85842152614682
2010-08-23 00:00:00-04:00,26.80524507883162
2010-08-24 00:00:00-04:00,26.422393026665503
2010-08-25 00:00:00-04:00,26.863741528861176
2010-08-26 00:00:00-04:00,27.087077073990933
2010-08-27 00:00:00-04:00,27.698576352137433
2010-08-30 00:00:00-04:00,27.88469016796662
2010-08-31 00:00:00-04:00,28.001667878356724
2010-09-01 00:00:00-04:00,28.331358259219385
2010-09-02 00:00:00-04:00,28.14524185167443
2010-09-03 00:00:00-04:00,28.134606400542932
2010-09-07 00:00:00-04:00,28.320717316147
2010-09-08 00:00:00-04:00,28.464292070006838
2010-09-09 00:00:00-04:00,28.51746586892195
2010-09-10 00:00:00-04:00,28.528102656777815
2010-09-13 00:00:00-04:00,28.964128545799706
2010-09-14 00:00:00-04:00,29.45333721719259
2010-09-15 00:00:00-04:00,29.559681000409775
2010-09-16 00:00:00-04:00,29.272542008350342
2010-09-17 00:00:00-04:00,29.639448165893555
2010-09-20 00:00:00-04:00,30.00103018056522
2010-09-21 00:00:00-04:00,29.96912953274867
2010-09-22 00:00:00-04:00,30.155235871828225
2010-09-23 00:00:00-04:00,29.953172530803347
2010-09-24 00:00:00-04:00,30.5859492494427
2010-09-27 00:00:00-04:00,30.78801644182144
2010-09-28 00:00:00-04:00,30.894363250899733
2010-09-29 00:00:00-04:00,30.894361570803255
2010-09-30 00:00:00-04:00,30.745475035026544
2010-10-01 00:00:00-04:00,30.405154415743773
2010-10-04 00:00:00-04:00,30.28817540389345
2010-10-05 00:00:00-04:00,30.580631819697956
2010-10-06 00:00:00-04:00,30.745476073346378
2010-10-07 00:00:00-04:00,30.94222324742172
2010-10-08 00:00:00-04:00,30.947539826570267
2010-10-11 00:00:00-04:00,31.18150002530643
2010-10-12 00:00:00-04:00,31.388884428673503
2010-10-13 00:00:00-04:00,31.941903121324625
2010-10-14 00:00:00-04:00,31.862139887587652
2010-10-15 00:00:00-04:00,31.691980348856685
2010-10-18 00:00:00-04:00,31.68134822783973
2010-10-19 00:00:00-04:00,31.245314406002468
2010-10-20 00:00:00-04:00,31.442061096277065
2010-10-21 00:00:00-04:00,31.56435922457113
2010-10-22 00:00:00-04:00,31.101750748688165
2010-10-25 00:00:00-04:00,31.224051850470197
2010-10-26 00:00:00-04:00,30.692299193990596
2010-10-27 00:00:00-04:00,30.69229448016946
2010-10-28 00:00:00-04:00,30.995398382498642
2010-10-29 00:00:00-04:00,30.745474292717144
2010-11-01 00:00:00-04:00,30.70825382127234
2010-11-02 00:00:00-04:00,31.011344298290602
2010-11-03 00:00:00-04:00,30.984754558676435
2010-11-04 00:00:00-04:00,31.404842225069768
2010-11-05 00:00:00-04:00,31.218735438795875
2010-11-08 00:00:00-05:00,30.979439871515417
2010-11-09 00:00:00-05:00,30.76674217152615
2010-11-10 00:00:00-05:00,30.405154726931784
2010-11-11 00:00:00-05:00,30.10738253849082
2010-11-12 00:00:00-05:00,29.83087723382191
2010-11-15 00:00:00-05:00,29.937218478250117
2010-11-16 00:00:00-05:00,30.080796870487813
2010-11-17 00:00:00-05:00,29.639443230903986
2010-11-18 00:00:00-05:00,30.219048844962746
2010-11-19 00:00:00-05:00,30.139279349487918
2010-11-22 00:00:00-05:00,30.208414189422058
2010-11-23 00:00:00-05:00,29.612860404462225
2010-11-24 00:00:00-05:00,29.23531685156916
2010-11-26 00:00:00-05:00,29.139599921070975
2010-11-29 00:00:00-05:00,28.809923898489526
2010-11-30 00:00:00-05:00,28.41642906050351
2010-12-01 00:00:00-05:00,28.613181262092905
2010-12-02 00:00:00-05:00,28.825878852485488
2010-12-03 00:00:00-05:00,29.08111472799122
2010-12-06 00:00:00-05:00,28.87905444960845
2010-12-07 00:00:00-05:00,29.37888714534278
2010-12-08 00:00:00-05:00,28.91096403421094
2010-12-09 00:00:00-05:00,29.245951557249025
2010-12-10 00:00:00-05:00,29.049211472817642
2010-12-13 00:00:00-05:00,29.123655275884293
2010-12-14 00:00:00-05:00,29.458654037376167
2010-12-15 00:00:00-05:00,31.654759063013767
2010-12-16 00:00:00-05:00,31.0645177973526
2010-12-17 00:00:00-05:00,31.319758478875798
2010-12-20 00:00:00-05:00,31.13364591348225
2010-12-21 00:00:00-05:00,31.197456414433884
2010-12-22 00:00:00-05:00,31.213409308870396
2010-12-23 00:00:00-05:00,31.10705709988267
2010-12-27 00:00:00-05:00,31.123008046476162
2010-12-28 00:00:00-05:00,31.628171454253263
2010-12-29 00:00:00-05:00,31.420788727315536
2010-12-30 00:00:00-05:00,31.341030120849613
2010-12-31 00:00:00-05:00,31.239993292926755
2011-01-03 00:00:00-05:00,31.388879537975956
2011-01-04 00:00:00-05:00,31.261265768947887
2011-01-05 00:00:00-05:00,30.410472669846694
2011-01-06 00:00:00-05:00,30.84650657544417
2011-01-07 00:00:00-05:00,30.511507369429733
2011-01-10 00:00:00-05:00,30.112694839622073
2011-01-11 00:00:00-05:00,30.325395126385082
2011-01-12 00:00:00-05:00,30.68698315982157
2011-01-13 00:00:00-05:00,30.383888474548748
2011-01-14 00:00:00-05:00,30.133967186732374
2011-01-18 00:00:00-05:00,30.596583250038435
2011-01-19 00:00:00-05:00,30.437060264512827
2011-01-20 00:00:00-05:00,29.910633087158203
2011-01-21 00:00:00-05:00,30.118013474710445
2011-01-24 00:00:00-05:00,30.160552613231694
2011-01-25 00:00:00-05:00,30.814595428395833
2011-01-26 00:00:00-05:00,30.71888800946396
2011-01-27 00:00:00-05:00,29.963808898265274
2011-01-28 00:00:00-05:00,29.772385132284434
2011-01-31 00:00:00-05:00,29.761743414216955
2011-02-01 00:00:00-05:00,29.83087275779093
2011-02-02 00:00:00-05:00,30.070154955583558
2011-02-03 00:00:00-05:00,29.963811352151072
2011-02-04 00:00:00-05:00,29.942537083165284
2011-02-07 00:00:00-05:00,29.94785596688697
2011-02-08 00:00:00-05:00,30.06483798179812
2011-02-09 00:00:00-05:00,29.777700010309115
2011-02-10 00:00:00-05:00,29.554371905092484
2011-02-11 00:00:00-05:00,29.596902131358878
2011-02-14 00:00:00-05:00,29.60754316771014
2011-02-15 00:00:00-05:00,29.58095174984232
2011-02-16 00:00:00-05:00,29.565001823410057
2011-02-17 00:00:00-05:00,30.11801902736329
2011-02-18 00:00:00-05:00,30.298803024379676
2011-02-22 00:00:00-05:00,30.314761048681437
2011-02-23 00:00:00-05:00,30.298806057420656
2011-02-24 00:00:00-05:00,30.848623345799226
2011-02-25 00:00:00-05:00,30.532535086156443
2011-02-28 00:00:00-05:00,31.15915651011839
2011-03-01 00:00:00-05:00,31.63606071472168
2011-03-02 00:00:00-05:00,31.774692696136754
2011-03-03 00:00:00-05:00,31.74696334012392
2011-03-04 00:00:00-05:00,31.918869468981132
2011-03-07 00:00:00-05:00,31.30888444776731
2011-03-08 00:00:00-05:00,30.7820838627679
2011-03-09 00:00:00-05:00,30.660083506840156
2011-03-10 00:00:00-05:00,30.421639745268827
2011-03-11 00:00:00-05:00,30.227544077788306
2011-03-14 00:00:00-04:00,30.1499151334763
2011-03-15 00:00:00-04:00,29.207205841062965
2011-03-16 00:00:00-04:00,29.490019767084505
2011-03-17 00:00:00-04:00,29.928092666292205
2011-03-18 00:00:00-04:00,30.077827903069064
2011-03-21 00:00:00-04:00,30.08890892146475
2011-03-22 00:00:00-04:00,30.57690416555702
2011-03-23 00:00:00-04:00,30.29963101921135
2011-03-24 00:00:00-04:00,30.155456032374566
2011-03-25 00:00:00-04:00,30.876349226089086
2011-03-28 00:00:00-04:00,30.693351351549452
2011-03-29 00:00:00-04:00,30.249724068314883
2011-03-30 00:00:00-04:00,30.166553249333646
2011-03-31 00:00:00-04:00,30.255270069655612
2011-04-01 00:00:00-04:00,29.800559519730466
2011-04-04 00:00:00-04:00,30.100011415241074
2011-04-05 00:00:00-04:00,30.443816283044107
2011-04-06 00:00:00-04:00,30.648995748097445
2011-04-07 00:00:00-04:00,30.98171312720267
2011-04-08 00:00:00-04:00,31.148073940464712
2011-04-11 00:00:00-04:00,30.74325869332584
2011-04-12 00:00:00-04:00,30.804260628825457
2011-04-13 00:00:00-04:00,30.759898472189683
2011-04-14 00:00:00-04:00,30.737717507895866
2011-04-15 00:00:00-04:00,31.053797867790866
2011-04-18 00:00:00-04:00,30.277453120634704
2011-04-19 00:00:00-04:00,31.164706082604653
2011-04-20 00:00:00-04:00,32.018689909170284
2011-04-21 00:00:00-04:00,32.15731915068413
2011-04-25 00:00:00-04:00,31.62496658626646
2011-04-26 00:00:00-04:00,32.057506015717145
2011-04-27 00:00:00-04:00,32.1129575349514
2011-04-28 00:00:00-04:00,32.56766487554838
2011-04-29 00:00:00-04:00,32.928115914541
2011-05-02 00:00:00-04:00,32.90593569129274
2011-05-03 00:00:00-04:00,33.01129231415237
2011-05-04 00:00:00-04:00,33.599106280025104
2011-05-05 00:00:00-04:00,33.011294971274715
2011-05-06 00:00:00-04:00,33.40501701482766
2011-05-09 00:00:00-04:00,33.271926911760595
2011-05-10 00:00:00-04:00,33.216475128498004
2011-05-11 00:00:00-04:00,33.4937396948398
2011-05-12 00:00:00-04:00,33.632375710960105
2011-05-13 00:00:00-04:00,34.0039052188992
2011-05-16 00:00:00-04:00,33.8541841184175
2011-05-17 00:00:00-04:00,33.56028403980542
2011-05-18 00:00:00-04:00,33.92626994097283
2011-05-19 00:00:00-04:00,33.98727755402313
2011-05-20 00:00:00-04:00,34.2423662993487
2011-05-23 00:00:00-04:00,33.549199201772154
2011-05-24 00:00:00-04:00,33.75437306186141
2011-05-25 00:00:00-04:00,34.02054714109334
2011-05-26 00:00:00-04:00,34.39208709557902
2011-05-27 00:00:00-04:00,34.87452574374062
2011-05-31 00:00:00-04:00,35.517783552209785
2011-06-01 00:00:00-04:00,35.86713230057791
2011-06-02 00:00:00-04:00,35.307061477042346
2011-06-03 00:00:00-04:00,35.35696464227555
2011-06-06 00:00:00-04:00,35.19614958962095
2011-06-07 00:00:00-04:00,35.1074294273628
2011-06-08 00:00:00-04:00,34.78579955184333
2011-06-09 00:00:00-04:00,34.4253503193197
2011-06-10 00:00:00-04:00,33.90409590783138
2011-06-13 00:00:00-04:00,33.743284184624585
2011-06-14 00:00:00-04:00,33.9373712705843
2011-06-15 00:00:00-04:00,33.94846109745293
2011-06-16 00:00:00-04:00,33.782097525167856
2011-06-17 00:00:00-04:00,33.75991730280715
2011-06-20 00:00:00-04:00,33.47710233683885
2011-06-21 00:00:00-04:00,33.637922689445354
2011-06-22 00:00:00-04:00,33.51038129641161
2011-06-23 00:00:00-04:00,33.116655920152326
2011-06-24 00:00:00-04:00,33.066752205005464
2011-06-27 00:00:00-04:00,32.92257496465982
2011-06-28 00:00:00-04:00,33.27747525354218
2011-06-29 00:00:00-04:00,33.405013969897276
2011-06-30 00:00:00-04:00,33.33847596600138
2011-07-01 00:00:00-04:00,33.615739014195995
2011-07-05 00:00:00-04:00,33.89855096702967
2011-07-06 00:00:00-04:00,34.08154393904909
2011-07-07 00:00:00-04:00,34.36435642428991
2011-07-08 00:00:00-04:00,34.51408109324669
2011-07-11 00:00:00-04:00,34.31999221178251
2011-07-12 00:00:00-04:00,33.85972670011001
2011-07-13 00:00:00-04:00,33.987272356619734
2011-07-14 00:00:00-04:00,34.09817940013078
2011-07-15 00:00:00-04:00,34.07600152713925
2011-07-18 00:00:00-04:00,33.79319140131685
2011-07-19 00:00:00-04:00,34.59725843984839
2011-07-20 00:00:00-04:00,34.40317398232896
2011-07-21 00:00:00-04:00,34.50853801087935
2011-07-22 00:00:00-04:00,34.497438654948496
2011-07-25 00:00:00-04:00,34.73589290098846
2011-07-26 00:00:00-04:00,34.99652711112313
2011-07-27 00:00:00-04:00,34.86343520099528
2011-07-28 00:00:00-04:00,33.97618696346999
2011-07-29 00:00:00-04:00,33.8819085342761
2011-08-01 00:00:00-04:00,34.314445237228014
2011-08-02 00:00:00-04:00,33.23865582426175
2011-08-03 00:00:00-04:00,33.29965414069697
2011-08-04 00:00:00-04:00,32.75621059180113
2011-08-05 00:00:00-04:00,32.20168050591761
2011-08-08 00:00:00-04:00,30.915165234402124
2011-08-09 00:00:00-04:00,30.854171346756978
2011-08-10 00:00:00-04:00,31.49742379122651
2011-08-11 00:00:00-04:00,28.929943983549887
2011-08-12 00:00:00-04:00,30.7931670706729
2011-08-15 00:00:00-04:00,30.776530570195963
2011-08-16 00:00:00-04:00,30.892980692109628
2011-08-17 00:00:00-04:00,31.680427199745356
2011-08-18 00:00:00-04:00,30.748804205509984
2011-08-19 00:00:00-04:00,30.332905623566518
2011-08-22 00:00:00-04:00,31.525151466110387
2011-08-23 00:00:00-04:00,31.308889632729752
2011-08-24 00:00:00-04:00,31.88004759024152
2011-08-25 00:00:00-04:00,31.397611135933424
2011-08-26 00:00:00-04:00,31.070431552351323
2011-08-29 00:00:00-04:00,31.36988224995038
2011-08-30 00:00:00-04:00,31.491876995217893
2011-08-31 00:00:00-04:00,32.19613546080479
2011-09-01 00:00:00-04:00,32.6841246570743
2011-09-02 00:00:00-04:00,32.002054097161704
2011-09-06 00:00:00-04:00,30.260826709016502
2011-09-07 00:00:00-04:00,31.453059442707872
2011-09-08 00:00:00-04:00,31.070432662963864
2011-09-09 00:00:00-04:00,30.992800301788645
2011-09-12 00:00:00-04:00,29.833827575881084
2011-09-13 00:00:00-04:00,30.587991420787205
2011-09-14 00:00:00-04:00,30.84861738157746
2011-09-15 00:00:00-04:00,31.486333407272696
2011-09-16 00:00:00-04:00,31.02052624457037
2011-09-19 00:00:00-04:00,30.41608984152778
2011-09-20 00:00:00-04:00,30.66008081935616
2011-09-21 00:00:00-04:00,30.77098385212617
2011-09-22 00:00:00-04:00,29.673011701557275
2011-09-23 00:00:00-04:00,29.4012904102896
2011-09-26 00:00:00-04:00,30.18872503205742
2011-09-27 00:00:00-04:00,30.942893900828228
2011-09-28 00:00:00-04:00,31.2090672927577
2011-09-29 00:00:00-04:00,31.519613270216237
2011-09-30 00:00:00-04:00,31.064893008328692
2011-10-03 00:00:00-04:00,30.615718893827278
2011-10-04 00:00:00-04:00,30.15546072508385
2011-10-05 00:00:00-04:00,30.28300502209259
2011-10-06 00:00:00-04:00,30.648992894530856
2011-10-07 00:00:00-04:00,31.303337361039603
2011-10-10 00:00:00-04:00,31.957688798606828
2011-10-11 00:00:00-04:00,31.79132264668145
2011-10-12 00:00:00-04:00,32.16285902143758
2011-10-13 00:00:00-04:00,31.907779637636708
2011-10-14 00:00:00-04:00,32.61203310976427
2011-10-17 00:00:00-04:00,31.979866792782857
2011-10-18 00:00:00-04:00,31.58615082184942
2011-10-19 00:00:00-04:00,31.77469416785771
2011-10-20 00:00:00-04:00,32.12959606099886
2011-10-21 00:00:00-04:00,32.41240284747855
2011-10-24 00:00:00-04:00,32.379125543354256
2011-10-25 00:00:00-04:00,31.525147297490815
2011-10-26 00:00:00-04:00,31.552879547667068
2011-10-27 00:00:00-04:00,32.36804030125825
2011-10-28 00:00:00-04:00,32.146232155602604
2011-10-31 00:00:00-04:00,32.17394946822989
2011-11-01 00:00:00-04:00,30.327364348704563
2011-11-02 00:00:00-04:00,30.83199123836621
2011-11-03 00:00:00-04:00,30.95397988261486
2011-11-04 00:00:00-04:00,31.081525857801022
2011-11-07 00:00:00-05:00,30.770990735735683
2011-11-08 00:00:00-05:00,30.981713269020016
2011-11-09 00:00:00-05:00,30.709988952168402
2011-11-10 00:00:00-05:00,30.33291309658188
2011-11-11 00:00:00-05:00,30.765439111081
2011-11-14 00:00:00-05:00,30.75434801147017
2011-11-15 00:00:00-05:00,30.554721588257806
2011-11-16 00:00:00-05:00,30.48817247276556
2011-11-17 00:00:00-05:00,30.45490527224847
2011-11-18 00:00:00-05:00,30.59353599066439
2011-11-21 00:00:00-05:00,29.900369772021314
2011-11-22 00:00:00-05:00,29.783924453548916
2011-11-23 00:00:00-05:00,29.47892593986812
2011-11-25 00:00:00-05:00,28.70812554702971
2011-11-28 00:00:00-05:00,29.423471679944498
2011-11-29 00:00:00-05:00,29.29593507992654
2011-11-30 00:00:00-05:00,29.806100192313206
2011-12-01 00:00:00-05:00,30.504813155406985
2011-12-02 00:00:00-05:00,29.917003347831134
2011-12-05 00:00:00-05:00,30.07782053257912
2011-12-06 00:00:00-05:00,29.96691965983205
2011-12-07 00:00:00-05:00,30.033458434214747
2011-12-08 00:00:00-05:00,30.316269342010198
2011-12-09 00:00:00-05:00,30.427183457381343
2011-12-12 00:00:00-05:00,30.532534926159354
2011-12-13 00:00:00-05:00,30.1554538865219
2011-12-14 00:00:00-05:00,30.088909500252882
2011-12-15 00:00:00-05:00,30.8985269033389
2011-12-16 00:00:00-05:00,30.770985180597936
2011-12-19 00:00:00-05:00,31.159159243001213
2011-12-20 00:00:00-05:00,31.25343387400378
2011-12-21 00:00:00-05:00,31.11479922860952
2011-12-22 00:00:00-05:00,31.192432378268975
2011-12-23 00:00:00-05:00,31.486332860037773
2011-12-27 00:00:00-05:00,31.608327576929298
2011-12-28 00:00:00-05:00,31.674874411450396
2011-12-29 00:00:00-05:00,31.203519859152273
2011-12-30 00:00:00-05:00,31.72478168292159
2012-01-03 00:00:00-05:00,32.2959525422233
2012-01-04 00:00:00-05:00,32.10741770846631
2012-01-05 00:00:00-05:00,31.563967584218897
2012-01-06 00:00:00-05:00,31.813511594461378
2012-01-09 00:00:00-05:00,31.67488047744782
2012-01-10 00:00:00-05:00,31.530693517639033
2012-01-11 00:00:00-05:00,31.136982089158273
2012-01-12 00:00:00-05:00,31.364335135377914
2012-01-13 00:00:00-05:00,30.665626084260875
2012-01-17 00:00:00-05:00,31.20352097690474
2012-01-18 00:00:00-05:00,31.54178816121761
2012-01-19 00:00:00-05:00,32.01314315740778
2012-01-20 00:00:00-05:00,31.364339376284846
2012-01-23 00:00:00-05:00,30.90962485243682
2012-01-24 00:00:00-05:00,30.970617698656163
2012-01-25 00:00:00-05:00,29.867098326389158
2012-01-26 00:00:00-05:00,30.282998563633075
2012-01-27 00:00:00-05:00,30.194281730531195
2012-01-30 00:00:00-05:00,30.138822500870226
2012-01-31 00:00:00-05:00,30.233093399863225
2012-02-01 00:00:00-05:00,30.71553260123787
2012-02-02 00:00:00-05:00,30.859707581432538
2012-02-03 00:00:00-05:00,30.898534774780273
2012-02-06 00:00:00-05:00,30.820893412381537
2012-02-07 00:00:00-05:00,31.319975410121945
2012-02-08 00:00:00-05:00,31.236797068438527
2012-02-09 00:00:00-05:00,31.331065514560354
2012-02-10 00:00:00-05:00,30.898529621609285
2012-02-13 00:00:00-05:00,31.286707883145265
2012-02-14 00:00:00-05:00,31.22016490110806
2012-02-15 00:00:00-05:00,31.23124701602967
2012-02-16 00:00:00-05:00,31.07043006518353
2012-02-17 00:00:00-05:00,31.375424587463925
2012-02-21 00:00:00-05:00,31.780242316786925
2012-02-22 00:00:00-05:00,31.636058110388834
2012-02-23 00:00:00-05:00,31.813506317083675
2012-02-24 00:00:00-05:00,31.852326351960006
2012-02-27 00:00:00-05:00,31.804239784540076
2012-02-28 00:00:00-05:00,31.833210943056052
2012-02-29 00:00:00-05:00,31.786865373545393
2012-03-01 00:00:00-05:00,31.555141145237492
2012-03-02 00:00:00-05:00,31.190173359709263
2012-03-05 00:00:00-05:00,31.578316690720463
2012-03-06 00:00:00-05:00,31.155416994885233
2012-03-07 00:00:00-05:00,30.865764553200062
2012-03-08 00:00:00-05:00,31.22493121461302
2012-03-09 00:00:00-05:00,31.485625772489342
2012-03-12 00:00:00-04:00,31.63624588353394
2012-03-13 00:00:00-04:00,31.659414158603315
2012-03-14 00:00:00-04:00,31.659423308193546
2012-03-15 00:00:00-04:00,31.45086549411763
2012-03-16 00:00:00-04:00,31.57830898421683
2012-03-19 00:00:00-04:00,31.786866008485013
2012-03-20 00:00:00-04:00,32.03597304380199
2012-03-21 00:00:00-04:00,32.07073332292627
2012-03-22 00:00:00-04:00,31.804243544559494
2012-03-23 00:00:00-04:00,31.908522808306273
2012-03-26 00:00:00-04:00,32.15183437936816
2012-03-27 00:00:00-04:00,32.01858807694656
2012-03-28 00:00:00-04:00,32.203968643629686
2012-03-29 00:00:00-04:00,31.711554886812806
2012-03-30 00:00:00-04:00,32.012795001261594
2012-04-02 00:00:00-04:00,32.27348888845082
2012-04-03 00:00:00-04:00,32.62687046622007
2012-04-04 00:00:00-04:00,31.983829136643415
2012-04-05 00:00:00-04:00,31.763690346686055
2012-04-09 00:00:00-04:00,31.781067684417245
2012-04-10 00:00:00-04:00,31.699968835478803
2012-04-11 00:00:00-04:00,31.398726709752342
2012-04-12 00:00:00-04:00,31.58410535886127
2012-04-13 00:00:00-04:00,31.46245073015696
2012-04-16 00:00:00-04:00,31.613075188999282
2012-04-17 00:00:00-04:00,31.954860874441213
2012-04-18 00:00:00-04:00,31.920109799099063
2012-04-19 00:00:00-04:00,32.059147228108266
2012-04-20 00:00:00-04:00,32.60369271189566
2012-04-23 00:00:00-04:00,32.215554589147594
2012-04-24 00:00:00-04:00,31.757898932818154
2012-04-25 00:00:00-04:00,31.624660638554904
2012-04-26 00:00:00-04:00,31.821627251382814
2012-04-27 00:00:00-04:00,31.966453099903916
2012-04-30 00:00:00-04:00,32.05334807929347
2012-05-01 00:00:00-04:00,32.02438334433482
2012-05-02 00:00:00-04:00,31.68837761503551
2012-05-03 00:00:00-04:00,31.508802024699623
2012-05-04 00:00:00-04:00,31.584107751501143
2012-05-07 00:00:00-04:00,31.34659019253619
2012-05-08 00:00:00-04:00,31.300239358182715
2012-05-09 00:00:00-04:00,30.703553945888775
2012-05-10 00:00:00-04:00,30.70354722824716
2012-05-11 00:00:00-04:00,30.72672231804002
2012-05-14 00:00:00-04:00,30.518176935689617
2012-05-15 00:00:00-04:00,30.33279268390691
2012-05-16 00:00:00-04:00,30.170584427824313
2012-05-17 00:00:00-04:00,30.234307770963166
2012-05-18 00:00:00-04:00,30.106854609861255
2012-05-21 00:00:00-04:00,29.962040155806868
2012-05-22 00:00:00-04:00,30.28644863109522
2012-05-23 00:00:00-04:00,30.14161993041428
2012-05-24 00:00:00-04:00,29.956236588918816
2012-05-25 00:00:00-04:00,30.07210048834458
2012-05-29 00:00:00-04:00,30.396517453694557
2012-05-30 00:00:00-04:00,30.408103745891893
2012-05-31 00:00:00-04:00,30.29803512300661
2012-06-01 00:00:00-04:00,29.956240097270573
2012-06-04 00:00:00-04:00,29.90989083033627
2012-06-05 00:00:00-04:00,29.799819447615885
2012-06-06 00:00:00-04:00,29.92727127177785
2012-06-07 00:00:00-04:00,30.466035192205585
2012-06-08 00:00:00-04:00,30.1763774645975
2012-06-11 00:00:00-04:00,30.471831271894246
2012-06-12 00:00:00-04:00,30.512377544192834
2012-06-13 00:00:00-04:00,30.888930532428624
2012-06-14 00:00:00-04:00,31.039550179458818
2012-06-15 00:00:00-04:00,31.010588747960774
2012-06-18 00:00:00-04:00,31.219145206460336
2012-06-19 00:00:00-04:00,31.856386576808923
2012-06-20 00:00:00-04:00,31.885352133242964
2012-06-21 00:00:00-04:00,31.90272629543453
2012-06-22 00:00:00-04:00,31.93749163040051
2012-06-25 00:00:00-04:00,31.398726658861005
2012-06-26 00:00:00-04:00,31.41610697205375
2012-06-27 00:00:00-04:00,31.699966733542894
2012-06-28 00:00:00-04:00,31.60728247001773
2012-06-29 00:00:00-04:00,32.412526283307706
2012-07-02 00:00:00-04:00,32.31404227879918
2012-07-03 00:00:00-04:00,32.482046256418194
2012-07-05 00:00:00-04:00,32.1692130925044
2012-07-06 00:00:00-04:00,32.192386627197266
2012-07-09 00:00:00-04:00,32.302451187114535
2012-07-10 00:00:00-04:00,32.09390712158254
2012-07-11 00:00:00-04:00,32.209764078630066
2012-07-12 00:00:00-04:00,31.954866655871463
2012-07-13 00:00:00-04:00,31.99541765296934
2012-07-16 00:00:00-04:00,32.302460633724536
2012-07-17 00:00:00-04:00,32.464657238371345
2012-07-18 00:00:00-04:00,32.40094504152336
2012-07-19 00:00:00-04:00,33.0150043796517
2012-07-20 00:00:00-04:00,33.02080184207667
2012-07-23 00:00:00-04:00,32.61528341456334
2012-07-24 00:00:00-04:00,32.83541854301709
2012-07-25 00:00:00-04:00,32.881760055455224
2012-07-26 00:00:00-04:00,33.41473765732862
2012-07-27 00:00:00-04:00,33.7739089573
2012-07-30 00:00:00-04:00,33.58852056468833
2012-07-31 00:00:00-04:00,33.912943785848505
2012-08-01 00:00:00-04:00,34.16783564352661
2012-08-02 00:00:00-04:00,33.94190440776191
2012-08-03 00:00:00-04:00,34.24315222242021
2012-08-06 00:00:00-04:00,34.46907844314337
2012-08-07 00:00:00-04:00,34.3879745224353
2012-08-08 00:00:00-04:00,34.13307868759138
2012-08-09 00:00:00-04:00,34.02880594038803
2012-08-10 00:00:00-04:00,33.77970486925267
2012-08-13 00:00:00-04:00,34.04039272213349
2012-08-14 00:00:00-04:00,34.370600092791456
2012-08-15 00:00:00-04:00,34.799292016070275
2012-08-16 00:00:00-04:00,34.938323329695734
2012-08-17 00:00:00-04:00,34.7935012280388
2012-08-20 00:00:00-04:00,34.64288031784423
2012-08-21 00:00:00-04:00,34.93253412005966
2012-08-22 00:00:00-04:00,34.78190933947586
2012-08-23 00:00:00-04:00,34.68343121866958
2012-08-24 00:00:00-04:00,34.660253482868356
2012-08-27 00:00:00-04:00,34.5385989580108
2012-08-28 00:00:00-04:00,34.3242519781234
2012-08-29 00:00:00-04:00,34.19101464050862
2012-08-30 00:00:00-04:00,34.3358418468751
2012-08-31 00:00:00-04:00,34.364810011223035
2012-09-04 00:00:00-04:00,33.94190577334228
2012-09-05 00:00:00-04:00,34.30687427214797
2012-09-06 00:00:00-04:00,34.53280844857718
2012-09-07 00:00:00-04:00,34.67184829711914
2012-09-10 00:00:00-04:00,34.38219083522527
2012-09-11 00:00:00-04:00,34.49225114584073
2012-09-12 00:00:00-04:00,34.370595735888706
2012-09-13 00:00:00-04:00,34.55598187692483
2012-09-14 00:00:00-04:00,34.78770774075186
2012-09-17 00:00:00-04:00,34.96149901428052
2012-09-18 00:00:00-04:00,34.77032640547192
2012-09-19 00:00:00-04:00,34.96149565017775
2012-09-20 00:00:00-04:00,34.949912469753066
2012-09-21 00:00:00-04:00,35.436537642316566
2012-09-24 00:00:00-04:00,35.58136468647175
2012-09-25 00:00:00-04:00,35.59294640409563
2012-09-26 00:00:00-04:00,35.44811663282293
2012-09-27 00:00:00-04:00,35.66246524731578
2012-09-28 00:00:00-04:00,35.70302086943635
2012-10-01 00:00:00-04:00,35.83625381278363
2012-10-02 00:00:00-04:00,36.12012436768622
2012-10-03 00:00:00-04:00,35.911574827737134
2012-10-04 00:00:00-04:00,36.03323139234496
2012-10-05 00:00:00-04:00,36.45033581961274
2012-10-08 00:00:00-04:00,36.247569790101934
2012-10-09 00:00:00-04:00,36.230198856288425
2012-10-10 00:00:00-04:00,35.81309063882873
2012-10-11 00:00:00-04:00,35.87101608626491
2012-10-12 00:00:00-04:00,35.73777871785611
2012-10-15 00:00:00-04:00,36.056404263838445
2012-10-16 00:00:00-04:00,36.67626154688869
2012-10-17 00:00:00-04:00,36.81530114143113
2012-10-18 00:00:00-04:00,37.02964215055028
2012-10-19 00:00:00-04:00,36.91957676860353
2012-10-22 00:00:00-04:00,36.73419264188761
2012-10-23 00:00:00-04:00,35.95212455860235
2012-10-24 00:00:00-04:00,35.69722169387274
2012-10-25 00:00:00-04:00,35.32066526810658
2012-10-26 00:00:00-04:00,35.15266846248244
2012-10-31 00:00:00-04:00,35.117911836373004
2012-11-01 00:00:00-04:00,34.94412506881008
2012-11-02 00:00:00-04:00,35.22218920017889
2012-11-05 00:00:00-05:00,35.00784071041782
2012-11-06 00:00:00-05:00,34.72398364915433
2012-11-07 00:00:00-05:00,34.863015226461094
2012-11-08 00:00:00-05:00,34.920949999547666
2012-11-09 00:00:00-05:00,34.8977725958946
2012-11-12 00:00:00-05:00,35.04839803829101
2012-11-13 00:00:00-05:00,34.74715664806492
2012-11-14 00:00:00-05:00,34.85142736260938
2012-11-15 00:00:00-05:00,34.38218194204745
2012-11-16 00:00:00-05:00,34.27211716049359
2012-11-19 00:00:00-05:00,34.45749166748883
2012-11-20 00:00:00-05:00,34.04038976752765
2012-11-21 00:00:00-05:00,34.41694641113281
2012-11-23 00:00:00-05:00,35.019426208880226
2012-11-26 00:00:00-05:00,34.9730871416181
2012-11-27 00:00:00-05:00,35.15846332718945
2012-11-28 00:00:00-05:00,35.22797917524394
2012-11-29 00:00:00-05:00,35.83046501505081
2012-11-30 00:00:00-05:00,35.92315051637033
2012-12-03 00:00:00-05:00,36.10274144188111
2012-12-04 00:00:00-05:00,36.10853940799598
2012-12-05 00:00:00-05:00,36.06219016503485
2012-12-06 00:00:00-05:00,36.25335672744109
2012-12-07 00:00:00-05:00,36.0042589652527
2012-12-10 00:00:00-05:00,36.23019153883089
2012-12-11 00:00:00-05:00,36.64151112031831
2012-12-12 00:00:00-05:00,36.72839690561361
2012-12-13 00:00:00-05:00,36.595159835668014
2012-12-14 00:00:00-05:00,36.47350506676762
2012-12-17 00:00:00-05:00,36.624124878093205
2012-12-18 00:00:00-05:00,36.879020345865264
2012-12-19 00:00:00-05:00,37.24977772355272
2012-12-20 00:00:00-05:00,37.018055766796195
2012-12-21 00:00:00-05:00,36.403986419950535
2012-12-24 00:00:00-05:00,36.450331789285755
2012-12-26 00:00:00-05:00,36.537227630615234
2012-12-27 00:00:00-05:00,36.803712902492975
2012-12-28 00:00:00-05:00,36.61833095206335
2012-12-31 00:00:00-05:00,36.37502564634462
2013-01-02 00:00:00-05:00,36.96012372217608
2013-01-03 00:00:00-05:00,36.93694801472093
2013-01-04 00:00:00-05:00,36.97750353200545
2013-01-07 00:00:00-05:00,37.1339236027076
2013-01-08 00:00:00-05:00,37.38881452376222
2013-01-09 00:00:00-05:00,37.16867210413458
2013-01-10 00:00:00-05:00,37.66688713615709
2013-01-11 00:00:00-05:00,37.99130194049498
2013-01-14 00:00:00-05:00,37.85805682203695
2013-01-15 00:00:00-05:00,37.40039779055035
2013-01-16 00:00:00-05:00,37.86385421120748
2013-01-17 00:00:00-05:00,38.182470226970935
2013-01-18 00:00:00-05:00,37.99709590814592
2013-01-22 00:00:00-05:00,37.6147403483705
2013-01-23 00:00:00-05:00,39.49751276454573
2013-01-24 00:00:00-05:00,38.92398911425916
2013-01-25 00:00:00-05:00,38.98192379570916
2013-01-28 00:00:00-05:00,39.17309946293161
2013-01-29 00:00:00-05:00,39.39323993181215
2013-01-30 00:00:00-05:00,39.32951579001347
2013-01-31 00:00:00-05:00,39.33530661606438
2013-02-01 00:00:00-05:00,39.69448059824114
2013-02-04 00:00:00-05:00,39.50910026512133
2013-02-05 00:00:00-05:00,39.67130761646644
2013-02-06 00:00:00-05:00,39.70026782886064
2013-02-07 00:00:00-05:00,39.682891629272824
2013-02-08 00:00:00-05:00,39.30633561937025
2013-02-11 00:00:00-05:00,39.48593048400186
2013-02-12 00:00:00-05:00,39.520689247021195
2013-02-13 00:00:00-05:00,39.8566811058968
2013-02-14 00:00:00-05:00,39.659718221743475
2013-02-15 00:00:00-05:00,40.204271358474415
2013-02-19 00:00:00-05:00,40.18110360407357
2013-02-20 00:00:00-05:00,40.63296286633538
2013-02-21 00:00:00-05:00,39.83351757907736
2013-02-22 00:00:00-05:00,39.827719454311605
2013-02-25 00:00:00-05:00,40.27379741473039
2013-02-26 00:00:00-05:00,40.42736302681881
2013-02-27 00:00:00-05:00,40.21087954406389
2013-02-28 00:00:00-05:00,40.722011572106936
2013-03-01 00:00:00-05:00,40.66788810050006
2013-03-04 00:00:00-05:00,41.173005031556684
2013-03-05 00:00:00-05:00,41.66008403952386
2013-03-06 00:00:00-05:00,41.41353891269353
2013-03-07 00:00:00-05:00,41.41954879623623
2013-03-08 00:00:00-05:00,41.38346956110303
2013-03-11 00:00:00-04:00,41.3293492540185
2013-03-12 00:00:00-04:00,41.94270925207639
2013-03-13 00:00:00-04:00,41.425561992945205
2013-03-14 00:00:00-04:00,41.11888498095385
2013-03-15 00:00:00-04:00,41.93068189573073
2013-03-18 00:00:00-04:00,41.624004370814056
2013-03-19 00:00:00-04:00,42.27945089212153
2013-03-20 00:00:00-04:00,42.946926407687194
2013-03-21 00:00:00-04:00,42.26741880735269
2013-03-22 00:00:00-04:00,42.532010088623984
2013-03-25 00:00:00-04:00,42.45383621801865
2013-03-26 00:00:00-04:00,42.44782487422333
2013-03-27 00:00:00-04:00,42.03290097597264
2013-03-28 00:00:00-04:00,42.357620415127855
2013-04-01 00:00:00-04:00,42.69436932204913
2013-04-02 00:00:00-04:00,43.013071163801236
2013-04-03 00:00:00-04:00,43.23555903896588
2013-04-04 00:00:00-04:00,42.423768465266754
2013-04-05 00:00:00-04:00,42.00884817936678
2013-04-08 00:00:00-04:00,42.89281101270831
2013-04-09 00:00:00-04:00,43.13935066481546
2013-04-10 00:00:00-04:00,43.26563130498045
2013-04-11 00:00:00-04:00,43.626426578464006
2013-04-12 00:00:00-04:00,44.041348634136476
2013-04-15 00:00:00-04:00,44.32396774009605
2013-04-16 00:00:00-04:00,44.19769305923889
2013-04-17 00:00:00-04:00,43.76473667201864
2013-04-18 00:00:00-04:00,43.409956754812065
2013-04-19 00:00:00-04:00,43.21752796403882
2013-04-22 00:00:00-04:00,43.42197553518034
2013-04-23 00:00:00-04:00,44.09546182882259
2013-04-24 00:00:00-04:00,43.77675492965152
2013-04-25 00:00:00-04:00,43.909050174298294
2013-04-26 00:00:00-04:00,44.04736291789349
2013-04-29 00:00:00-04:00,44.36005193043191
2013-04-30 00:00:00-04:00,44.29991514903198
2013-05-01 00:00:00-04:00,44.287887398813446
2013-05-02 00:00:00-04:00,44.10748692895263
2013-05-03 00:00:00-04:00,44.19768792540655
2013-05-06 00:00:00-04:00,44.137553570158765
2013-05-07 00:00:00-04:00,44.10749071397356
2013-05-08 00:00:00-04:00,44.97340490636952
2013-05-09 00:00:00-04:00,44.77496203301591
2013-05-10 00:00:00-04:00,45.19589324723839
2013-05-13 00:00:00-04:00,44.90726011320732
2013-05-14 00:00:00-04:00,44.853145599365234
2013-05-15 00:00:00-04:00,44.97942900394626
2013-05-16 00:00:00-04:00,45.13576203147898
2013-05-17 00:00:00-04:00,44.21572672942602
2013-05-20 00:00:00-04:00,44.60658931316172
2013-05-21 00:00:00-04:00,44.402143118948
2013-05-22 00:00:00-04:00,45.02151756564654
2013-05-23 00:00:00-04:00,44.720847842512306
2013-05-24 00:00:00-04:00,44.71482467651367
2013-05-28 00:00:00-04:00,44.2097242489051
2013-05-29 00:00:00-04:00,43.56027798393785
2013-05-30 00:00:00-04:00,43.82486459502034
2013-05-31 00:00:00-04:00,43.373866453352655
2013-06-03 00:00:00-04:00,42.604175345062444
2013-06-04 00:00:00-04:00,43.319750765165786
2013-06-05 00:00:00-04:00,43.15137913891528
2013-06-06 00:00:00-04:00,42.736456645794426
2013-06-07 00:00:00-04:00,42.85071952772211
2013-06-10 00:00:00-04:00,43.325759361436276
2013-06-11 00:00:00-04:00,43.361841011929236
2013-06-12 00:00:00-04:00,43.96918942561693
2013-06-13 00:00:00-04:00,43.524200661739194
2013-06-14 00:00:00-04:00,43.48811726961157
2013-06-17 00:00:00-04:00,44.17363241560435
2013-06-18 00:00:00-04:00,43.7947990680802
2013-06-19 00:00:00-04:00,43.656493690160744
2013-06-20 00:00:00-04:00,42.55004531074733
2013-06-21 00:00:00-04:00,42.18323617346279
2013-06-24 00:00:00-04:00,40.81220526781218
2013-06-25 00:00:00-04:00,41.34738941849451
2013-06-26 00:00:00-04:00,41.95472839689675
2013-06-27 00:00:00-04:00,42.273438166859535
2013-06-28 00:00:00-04:00,42.61619183472804
2013-07-01 00:00:00-04:00,42.640253064017934
2013-07-02 00:00:00-04:00,42.261413956943244
2013-07-03 00:00:00-04:00,42.10507114734402
2013-07-05 00:00:00-04:00,42.519987583574526
2013-07-08 00:00:00-04:00,42.80862121787377
2013-07-09 00:00:00-04:00,43.01908088098203
2013-07-10 00:00:00-04:00,43.2115053648848
2013-07-11 00:00:00-04:00,44.15559691637791
2013-07-12 00:00:00-04:00,44.11952151569571
2013-07-15 00:00:00-04:00,44.26985663264735
2013-07-16 00:00:00-04:00,44.08944972370685
2013-07-17 00:00:00-04:00,44.04134937844976
2013-07-18 00:00:00-04:00,43.614400874825854
2013-07-19 00:00:00-04:00,43.36183971309952
2013-07-22 00:00:00-04:00,43.56629810096988
2013-07-23 00:00:00-04:00,43.63243773038394
2013-07-24 00:00:00-04:00,43.88500002441586
2013-07-25 00:00:00-04:00,43.24758552753745
2013-07-26 00:00:00-04:00,42.72443481718629
2013-07-29 00:00:00-04:00,42.97097997717584
2013-07-30 00:00:00-04:00,42.91085559307271
2013-07-31 00:00:00-04:00,42.97699773795299
2013-08-01 00:00:00-04:00,43.51217996344254
2013-08-02 00:00:00-04:00,43.626428981903814
2013-08-05 00:00:00-04:00,43.48811724387152
2013-08-06 00:00:00-04:00,44.50437042293333
2013-08-07 00:00:00-04:00,44.408159246111275
2013-08-08 00:00:00-04:00,44.4322116835323
2013-08-09 00:00:00-04:00,44.28188036002465
2013-08-12 00:00:00-04:00,43.999246604443066
2013-08-13 00:00:00-04:00,44.09546209415249
2013-08-14 00:00:00-04:00,44.3660659612966
2013-08-15 00:00:00-04:00,43.85493336862678
2013-08-16 00:00:00-04:00,44.09547310784524
2013-08-19 00:00:00-04:00,43.915067831666356
2013-08-20 00:00:00-04:00,45.08164593610697
2013-08-21 00:00:00-04:00,44.75692268720579
2013-08-22 00:00:00-04:00,44.90124399647802
2013-08-23 00:00:00-04:00,45.033535618626914
2013-08-26 00:00:00-04:00,45.43041508817814
2013-08-27 00:00:00-04:00,44.79901961350743
2013-08-28 00:00:00-04:00,44.107499124862706
2013-08-29 00:00:00-04:00,43.46407468703736
2013-08-30 00:00:00-04:00,43.76473940359923
2013-09-03 00:00:00-04:00,45.346231992589615
2013-09-04 00:00:00-04:00,44.79301012127405
2013-09-05 00:00:00-04:00,44.967392165754596
2013-09-06 00:00:00-04:00,45.25001870358281
2013-09-09 00:00:00-04:00,45.49656773125686
2013-09-10 00:00:00-04:00,45.62885113773181
2013-09-11 00:00:00-04:00,45.773172773940686
2013-09-12 00:00:00-04:00,45.89944819325564
2013-09-13 00:00:00-04:00,45.701017391525106
2013-09-16 00:00:00-04:00,45.707025842408235
2013-09-17 00:00:00-04:00,45.111710569943845
2013-09-18 00:00:00-04:00,45.35224047636687
2013-09-19 00:00:00-04:00,45.827288611942016
2013-09-20 00:00:00-04:00,46.21214541626932
2013-09-23 00:00:00-04:00,46.290312378662165
2013-09-24 00:00:00-04:00,46.055793378982784
2013-09-25 00:00:00-04:00,46.12795426906807
2013-09-26 00:00:00-04:00,46.33241346387022
2013-09-27 00:00:00-04:00,46.314368255381666
2013-09-30 00:00:00-04:00,46.1640367439704
2013-10-01 00:00:00-04:00,46.12194156978163
2013-10-02 00:00:00-04:00,45.97161365465638
2013-10-03 00:00:00-04:00,45.79121342896157
2013-10-04 00:00:00-04:00,45.43042201714376
2013-10-07 00:00:00-04:00,45.21995182299931
2013-10-08 00:00:00-04:00,44.780982728882464
2013-10-09 00:00:00-04:00,43.921073897980676
2013-10-10 00:00:00-04:00,43.76473923160004
2013-10-11 00:00:00-04:00,44.91326242885477
2013-10-14 00:00:00-04:00,44.87118396074487
2013-10-15 00:00:00-04:00,44.672746464905245
2013-10-16 00:00:00-04:00,44.21573315506635
2013-10-17 00:00:00-04:00,45.15379985663292
2013-10-18 00:00:00-04:00,44.82306431449325
2013-10-21 00:00:00-04:00,44.98542906309805
2013-10-22 00:00:00-04:00,46.15200871525026
2013-10-23 00:00:00-04:00,46.79543343713241
2013-10-24 00:00:00-04:00,47.150211097015216
2013-10-25 00:00:00-04:00,47.577154715622285
2013-10-28 00:00:00-04:00,47.57114714834305
2013-10-29 00:00:00-04:00,47.715464206621746
2013-10-30 00:00:00-04:00,47.84174284447077
2013-10-31 00:00:00-04:00,46.96380460515042
2013-11-01 00:00:00-04:00,46.45267105102539
2013-11-04 00:00:00-05:00,46.326397173203574
2013-11-05 00:00:00-05:00,46.320380381482074
2013-11-06 00:00:00-05:00,46.85556298668927
2013-11-07 00:00:00-05:00,46.33240888092348
2013-11-08 00:00:00-05:00,45.95958316132897
2013-11-11 00:00:00-05:00,46.91569497964411
2013-11-12 00:00:00-05:00,47.041970995520046
2013-11-13 00:00:00-05:00,46.89765727572211
2013-11-14 00:00:00-05:00,47.1081245547146
2013-11-15 00:00:00-05:00,47.37270777570152
2013-11-18 00:00:00-05:00,47.511011805509575
2013-11-19 00:00:00-05:00,47.11413957056926
2013-11-20 00:00:00-05:00,47.408794010543836
2013-11-21 00:00:00-05:00,47.529055782629236
2013-11-22 00:00:00-05:00,48.32280606639645
2013-11-25 00:00:00-05:00,48.08829172121123
2013-11-26 00:00:00-05:00,47.77560310531085
2013-11-27 00:00:00-05:00,47.64932209156927
2013-11-29 00:00:00-05:00,47.625263200140715
2013-12-02 00:00:00-05:00,47.69743268677546
2013-12-03 00:00:00-05:00,47.60121380467131
2013-12-04 00:00:00-05:00,46.79543705574832
2013-12-05 00:00:00-05:00,47.02994802443464
2013-12-06 00:00:00-05:00,47.04198207356237
2013-12-09 00:00:00-05:00,47.078060156027426
2013-12-10 00:00:00-05:00,46.9698158447946
2013-12-11 00:00:00-05:00,47.306560457724416
2013-12-12 00:00:00-05:00,46.482740116803974
2013-12-13 00:00:00-05:00,46.278282744780775
2013-12-16 00:00:00-05:00,46.212146765129354
2013-12-17 00:00:00-05:00,46.20613591414489
2013-12-18 00:00:00-05:00,46.308360494737144
2013-12-19 00:00:00-05:00,46.95177579825112
2013-12-20 00:00:00-05:00,47.31858768789074
2013-12-23 00:00:00-05:00,47.474930535215144
2013-12-24 00:00:00-05:00,47.28852368902132
2013-12-26 00:00:00-05:00,47.43885440219031
2013-12-27 00:00:00-05:00,48.25666714306895
2013-12-30 00:00:00-05:00,48.250653274920076
2013-12-31 00:00:00-05:00,48.23862839646941
2014-01-02 00:00:00-05:00,47.52905138314787
2014-01-03 00:00:00-05:00,47.45689091081685
2014-01-06 00:00:00-05:00,47.6793813533186
2014-01-07 00:00:00-05:00,47.93796042398896
2014-01-08 00:00:00-05:00,47.98606125590308
2014-01-09 00:00:00-05:00,47.98606685316392
2014-01-10 00:00:00-05:00,48.48517380284229
2014-01-13 00:00:00-05:00,48.671583578682146
2014-01-14 00:00:00-05:00,48.425029019873435
2014-01-15 00:00:00-05:00,48.56333924508421
2014-01-16 00:00:00-05:00,49.11656285573604
2014-01-17 00:00:00-05:00,49.056429464334926
2014-01-21 00:00:00-05:00,48.93616503036442
2014-01-22 00:00:00-05:00,48.61144845773886
2014-01-23 00:00:00-05:00,49.206766125993354
2014-01-24 00:00:00-05:00,48.35287223180545
2014-01-27 00:00:00-05:00,47.78161162015843
2014-01-28 00:00:00-05:00,47.733502411992056
2014-01-29 00:00:00-05:00,47.583172220161536
2014-01-30 00:00:00-05:00,47.91991920990468
2014-01-31 00:00:00-05:00,47.39075185647181
2014-02-03 00:00:00-05:00,48.028158128279564
2014-02-04 00:00:00-05:00,47.16224650804108
2014-02-05 00:00:00-05:00,47.222386360421204
2014-02-06 00:00:00-05:00,47.8357379844721
2014-02-07 00:00:00-05:00,47.91991775551613
2014-02-10 00:00:00-05:00,48.244628200088755
2014-02-11 00:00:00-05:00,48.17849200842275
2014-02-12 00:00:00-05:00,48.59340654355969
2014-02-13 00:00:00-05:00,49.25487442356275
2014-02-14 00:00:00-05:00,49.64572947131542
2014-02-18 00:00:00-05:00,49.66977884724359
2014-02-19 00:00:00-05:00,49.44128378708145
2014-02-20 00:00:00-05:00,49.224810019010235
2014-02-21 00:00:00-05:00,49.92835576166333
2014-02-24 00:00:00-05:00,50.03659460266228
2014-02-25 00:00:00-05:00,50.46955948753127
2014-02-26 00:00:00-05:00,50.39739091118538
2014-02-27 00:00:00-05:00,51.13835980797706
2014-02-28 00:00:00-05:00,51.97750972220995
2014-03-03 00:00:00-05:00,51.026474202690515
2014-03-04 00:00:00-05:00,51.30618601758671
2014-03-05 00:00:00-05:00,51.71022464894936
2014-03-06 00:00:00-05:00,52.40018565580209
2014-03-07 00:00:00-05:00,52.027226277618944
2014-03-10 00:00:00-04:00,51.672926494654725
2014-03-11 00:00:00-04:00,51.7102300205555
2014-03-12 00:00:00-04:00,51.31240593147644
2014-03-13 00:00:00-04:00,51.585903522108445
2014-03-14 00:00:00-04:00,50.641079279005794
2014-03-17 00:00:00-04:00,50.80269355300949
2014-03-18 00:00:00-04:00,51.275105669113785
2014-03-19 00:00:00-04:00,51.014034231860435
2014-03-20 00:00:00-04:00,50.17488861338279
2014-03-21 00:00:00-04:00,51.157006857811126
2014-03-24 00:00:00-04:00,50.82755692867386
2014-03-25 00:00:00-04:00,50.76540956596542
2014-03-26 00:00:00-04:00,50.87728768637151
2014-03-27 00:00:00-04:00,50.5913581315358
2014-03-28 00:00:00-04:00,50.97052048994285
2014-03-31 00:00:00-04:00,52.67368921174386
2014-04-01 00:00:00-04:00,52.54937280859779
2014-04-02 00:00:00-04:00,52.29452017575899
2014-04-03 00:00:00-04:00,52.15154820334965
2014-04-04 00:00:00-04:00,51.536172204381245
2014-04-07 00:00:00-04:00,51.38077889192845
2014-04-08 00:00:00-04:00,51.7599407769479
2014-04-09 00:00:00-04:00,51.6480690854331
2014-04-10 00:00:00-04:00,52.49965046415198
2014-04-11 00:00:00-04:00,51.52995544143465
2014-04-14 00:00:00-04:00,51.76617035246506
2014-04-15 00:00:00-04:00,52.30072996578664
2014-04-16 00:00:00-04:00,52.49342716905488
2014-04-17 00:00:00-04:00,52.431267642477266
2014-04-21 00:00:00-04:00,52.65504496357646
2014-04-22 00:00:00-04:00,53.72417178324176
2014-04-23 00:00:00-04:00,54.028766259988956
2014-04-24 00:00:00-04:00,52.5990973861774
2014-04-25 00:00:00-04:00,52.74827393478687
2014-04-28 00:00:00-04:00,53.27042151614769
2014-04-29 00:00:00-04:00,53.301495652775586
2014-04-30 00:00:00-04:00,53.73662004412945
2014-05-01 00:00:00-04:00,54.02254202721031
2014-05-02 00:00:00-04:00,54.43900472848441
2014-05-05 00:00:00-04:00,54.19037245342589
2014-05-06 00:00:00-04:00,54.861694363472225
2014-05-07 00:00:00-04:00,54.76223884469868
2014-05-08 00:00:00-04:00,55.03574512739588
2014-05-09 00:00:00-04:00,55.00465371181855
2014-05-12 00:00:00-04:00,55.13519952757291
2014-05-13 00:00:00-04:00,55.07924613827618
2014-05-14 00:00:00-04:00,55.45841603966808
2014-05-15 00:00:00-04:00,55.55787267287815
2014-05-16 00:00:00-04:00,55.943256044927715
2014-05-19 00:00:00-04:00,55.56409414701899
2014-05-20 00:00:00-04:00,55.303017702113394
2014-05-21 00:00:00-04:00,55.50815324606106
2014-05-22 00:00:00-04:00,55.688409685620094
2014-05-23 00:00:00-04:00,55.9681255903319
2014-05-27 00:00:00-04:00,56.092445480089864
2014-05-28 00:00:00-04:00,56.04272316881356
2014-05-29 00:00:00-04:00,56.098667647409755
2014-05-30 00:00:00-04:00,55.60760572357016
2014-06-02 00:00:00-04:00,55.358964869029386
2014-06-03 00:00:00-04:00,55.32788740279317
2014-06-04 00:00:00-04:00,55.08546633623839
2014-06-05 00:00:00-04:00,54.89899239971886
2014-06-06 00:00:00-04:00,55.414912805416684
2014-06-09 00:00:00-04:00,55.390045166015625
2014-06-10 00:00:00-04:00,56.10487512255147
2014-06-11 00:00:00-04:00,55.92461122753784
2014-06-12 00:00:00-04:00,55.52679284812488
2014-06-13 00:00:00-04:00,55.41490680473491
2014-06-16 00:00:00-04:00,56.03028247945147
2014-06-17 00:00:00-04:00,55.812732140189745
2014-06-18 00:00:00-04:00,55.98054979185044
2014-06-19 00:00:00-04:00,56.409456094162955
2014-06-20 00:00:00-04:00,56.41566527849339
2014-06-23 00:00:00-04:00,56.26649535736474
2014-06-24 00:00:00-04:00,56.49026321201421
2014-06-25 00:00:00-04:00,55.9681304807621
2014-06-26 00:00:00-04:00,55.94946720961201
2014-06-27 00:00:00-04:00,56.01784967131923
2014-06-30 00:00:00-04:00,56.272705078125
2014-07-01 00:00:00-04:00,56.726464626690756
2014-07-02 00:00:00-04:00,56.682955172648455
2014-07-03 00:00:00-04:00,56.60214787673287
2014-07-07 00:00:00-04:00,56.20432935262189
2014-07-08 00:00:00-04:00,56.191904516304675
2014-07-09 00:00:00-04:00,55.48329212875687
2014-07-10 00:00:00-04:00,55.371391690182705
2014-07-11 00:00:00-04:00,55.24086625121983
2014-07-14 00:00:00-04:00,56.086235099000156
2014-07-15 00:00:00-04:00,56.30999174726873
2014-07-16 00:00:00-04:00,56.216763804682756
2014-07-17 00:00:00-04:00,54.94250143851055
2014-07-18 00:00:00-04:00,55.066815785863675
2014-07-21 00:00:00-04:00,54.9797901160882
2014-07-22 00:00:00-04:00,55.32788228012354
2014-07-23 00:00:00-04:00,55.32788396226427
2014-07-24 00:00:00-04:00,55.452193987844
2014-07-25 00:00:00-04:00,55.178702323300655
2014-07-28 00:00:00-04:00,54.79953205778412
2014-07-29 00:00:00-04:00,55.023304755282915
2014-07-30 00:00:00-04:00,55.05438886934519
2014-07-31 00:00:00-04:00,54.56955130413179
2014-08-01 00:00:00-04:00,53.51284083327429
2014-08-04 00:00:00-04:00,54.25874492146222
2014-08-05 00:00:00-04:00,54.233893884692876
2014-08-06 00:00:00-04:00,53.01556463074454
2014-08-07 00:00:00-04:00,53.15852972849816
2014-08-08 00:00:00-04:00,52.62396264618675
2014-08-11 00:00:00-04:00,53.52526652762622
2014-08-12 00:00:00-04:00,53.28285111349896
2014-08-13 00:00:00-04:00,53.717965581915216
2014-08-14 00:00:00-04:00,54.19036908818841
2014-08-15 00:00:00-04:00,54.532253476202634
2014-08-18 00:00:00-04:00,54.22144318329075
2014-08-19 00:00:00-04:00,54.843043035606264
2014-08-20 00:00:00-04:00,54.97979088098429
2014-08-21 00:00:00-04:00,55.30923909166071
2014-08-22 00:00:00-04:00,55.47085037561933
2014-08-25 00:00:00-04:00,55.215996543872905
2014-08-26 00:00:00-04:00,55.62624800121665
2014-08-27 00:00:00-04:00,56.098650443159976
2014-08-28 00:00:00-04:00,55.50193290475912
2014-08-29 00:00:00-04:00,55.81272065033959
2014-09-02 00:00:00-04:00,57.77695058836932
2014-09-03 00:00:00-04:00,58.81501055421756
2014-09-04 00:00:00-04:00,58.31151827838016
2014-09-05 00:00:00-04:00,57.71479529118248
2014-09-08 00:00:00-04:00,57.96964650842766
2014-09-09 00:00:00-04:00,58.35502918162382
2014-09-10 00:00:00-04:00,58.18720881959491
2014-09-11 00:00:00-04:00,58.516655545878564
2014-09-12 00:00:00-04:00,58.28666376732537
2014-09-15 00:00:00-04:00,58.20585163587605
2014-09-16 00:00:00-04:00,58.39233283802195
2014-09-17 00:00:00-04:00,59.08230047004803
2014-09-18 00:00:00-04:00,58.54151846368652
2014-09-19 00:00:00-04:00,58.330173654117075
2014-09-22 00:00:00-04:00,58.68448324511392
2014-09-23 00:00:00-04:00,58.069107767797774
2014-09-24 00:00:00-04:00,58.056672234202665
2014-09-25 00:00:00-04:00,58.12505355689795
2014-09-26 00:00:00-04:00,57.932357735094726
2014-09-29 00:00:00-04:00,58.131267654790314
2014-09-30 00:00:00-04:00,58.45449545644075
2014-10-01 00:00:00-04:00,58.74042247424543
2014-10-02 00:00:00-04:00,58.40475674345495
2014-10-03 00:00:00-04:00,57.161586252210405
2014-10-06 00:00:00-04:00,57.42886786992484
2014-10-07 00:00:00-04:00,56.229194264553435
2014-10-08 00:00:00-04:00,55.29058328722705
2014-10-09 00:00:00-04:00,56.15459857798802
2014-10-10 00:00:00-04:00,54.96114693191421
2014-10-13 00:00:00-04:00,55.07303297459557
2014-10-14 00:00:00-04:00,54.30847266491836
2014-10-15 00:00:00-04:00,53.699305274216115
2014-10-16 00:00:00-04:00,52.38153880940687
2014-10-17 00:00:00-04:00,53.761482602181935
2014-10-20 00:00:00-04:00,53.81741602157184
2014-10-21 00:00:00-04:00,54.457666230864554
2014-10-22 00:00:00-04:00,55.09168053108909
2014-10-23 00:00:00-04:00,55.4149065325118
2014-10-24 00:00:00-04:00,55.82515047471543
2014-10-27 00:00:00-04:00,55.86866923784868
2014-10-28 00:00:00-04:00,57.6029043838399
2014-10-29 00:00:00-04:00,56.9937543233492
2014-10-30 00:00:00-04:00,56.384590332117575
2014-10-31 00:00:00-04:00,57.44751884842119
2014-11-03 00:00:00-05:00,57.018620196522846
2014-11-04 00:00:00-05:00,57.22995338426046
2014-11-05 00:00:00-05:00,57.74587866196948
2014-11-06 00:00:00-05:00,57.27345934522138
2014-11-07 00:00:00-05:00,56.987529973748984
2014-11-10 00:00:00-05:00,57.379141284871324
2014-11-11 00:00:00-05:00,57.50967167803294
2014-11-12 00:00:00-05:00,57.578049525359376
2014-11-13 00:00:00-05:00,58.22450288658627
2014-11-14 00:00:00-05:00,58.29287839268684
2014-11-17 00:00:00-05:00,58.49178389971751
2014-11-18 00:00:00-05:00,59.09472110028646
2014-11-19 00:00:00-05:00,59.4117519267098
2014-11-20 00:00:00-05:00,59.293638335255125
2014-11-21 00:00:00-05:00,58.964203196819
2014-11-24 00:00:00-05:00,58.95175840576887
2014-11-25 00:00:00-05:00,58.88338629652538
2014-11-26 00:00:00-05:00,59.11337934702105
2014-11-28 00:00:00-05:00,59.98982276455629
2014-12-01 00:00:00-05:00,60.201157668062145
2014-12-02 00:00:00-05:00,59.119599099861325
2014-12-03 00:00:00-05:00,59.39308652473441
2014-12-04 00:00:00-05:00,59.54227823564235
2014-12-05 00:00:00-05:00,59.299852383428735
2014-12-08 00:00:00-05:00,59.48011801446183
2014-12-09 00:00:00-05:00,59.05744154996355
2014-12-10 00:00:00-05:00,59.05744513107484
2014-12-11 00:00:00-05:00,58.597466437856426
2014-12-12 00:00:00-05:00,58.858528935694444
2014-12-15 00:00:00-05:00,57.87019273425718
2014-12-16 00:00:00-05:00,56.682959400155234
2014-12-17 00:00:00-05:00,56.99375081805416
2014-12-18 00:00:00-05:00,58.23693995139748
2014-12-19 00:00:00-05:00,58.68447929805063
2014-12-22 00:00:00-05:00,59.21905599413505
2014-12-23 00:00:00-05:00,58.85230490875177
2014-12-24 00:00:00-05:00,57.98828976151766
2014-12-26 00:00:00-05:00,58.57258261515295
2014-12-29 00:00:00-05:00,58.4855599838548
2014-12-30 00:00:00-05:00,58.06910192699125
2014-12-31 00:00:00-05:00,57.98830171065183
2015-01-02 00:00:00-05:00,57.70236663668892
2015-01-05 00:00:00-05:00,58.07533098146642
2015-01-06 00:00:00-05:00,57.42264905887231
2015-01-07 00:00:00-05:00,56.78240547593521
2015-01-08 00:00:00-05:00,58.53529950171469
2015-01-09 00:00:00-05:00,59.95874695436915
2015-01-12 00:00:00-05:00,59.67280668600086
2015-01-13 00:00:00-05:00,60.05198146383701
2015-01-14 00:00:00-05:00,59.96495150203973
2015-01-15 00:00:00-05:00,61.363546156522666
2015-01-16 00:00:00-05:00,61.873246603173875
2015-01-20 00:00:00-05:00,63.73179344350696
2015-01-21 00:00:00-05:00,61.91053696502125
2015-01-22 00:00:00-05:00,59.734975030771615
2015-01-23 00:00:00-05:00,60.92221082763835
2015-01-26 00:00:00-05:00,60.92842070907802
2015-01-27 00:00:00-05:00,61.21435510730311
2015-01-28 00:00:00-05:00,61.183280624517
2015-01-29 00:00:00-05:00,61.046525061396565
2015-01-30 00:00:00-05:00,60.85383705270951
2015-02-02 00:00:00-05:00,60.44358247832062
2015-02-03 00:00:00-05:00,60.630070128291976
2015-02-04 00:00:00-05:00,61.53138221750854
2015-02-05 00:00:00-05:00,60.57411287255443
2015-02-06 00:00:00-05:00,61.79864857774704
2015-02-09 00:00:00-05:00,63.563965400330034
2015-02-10 00:00:00-05:00,63.389928438294724
2015-02-11 00:00:00-05:00,63.04183725914248
2015-02-12 00:00:00-05:00,62.4389033511834
2015-02-13 00:00:00-05:00,63.396129466032605
2015-02-17 00:00:00-05:00,63.47694126223154
2015-02-18 00:00:00-05:00,63.520461981665676
2015-02-19 00:00:00-05:00,63.588824345279875
2015-02-20 00:00:00-05:00,62.97968166301916
2015-02-23 00:00:00-05:00,64.19799198328225
2015-02-24 00:00:00-05:00,63.53911017463728
2015-02-25 00:00:00-05:00,63.793956045479064
2015-02-26 00:00:00-05:00,63.57640040277755
2015-02-27 00:00:00-05:00,63.97423268641224
2015-03-02 00:00:00-05:00,63.802478854004384
2015-03-03 00:00:00-05:00,63.91754315429239
2015-03-04 00:00:00-05:00,62.888467722086475
2015-03-05 00:00:00-05:00,63.36785082460036
2015-03-06 00:00:00-05:00,62.58167013215742
2015-03-09 00:00:00-04:00,62.262059551085166
2015-03-10 00:00:00-04:00,61.680418530757194
2015-03-11 00:00:00-04:00,61.399182116775926
2015-03-12 00:00:00-04:00,61.757117238248036
2015-03-13 00:00:00-04:00,61.60371259840796
2015-03-16 00:00:00-04:00,62.1789785257542
2015-03-17 00:00:00-04:00,62.35794314882445
2015-03-18 00:00:00-04:00,62.81176070425247
2015-03-19 00:00:00-04:00,63.50207842080626
2015-03-20 00:00:00-04:00,65.1958900111093
2015-03-23 00:00:00-04:00,65.394038286703
2015-03-24 00:00:00-04:00,65.74557673849894
2015-03-25 00:00:00-04:00,65.40681392345859
2015-03-26 00:00:00-04:00,63.904755674139786
2015-03-27 00:00:00-04:00,63.86000951027339
2015-03-30 00:00:00-04:00,64.16041743825588
2015-03-31 00:00:00-04:00,63.16330196714588
2015-04-01 00:00:00-04:00,63.93670379544127
2015-04-02 00:00:00-04:00,64.11568241346406
2015-04-06 00:00:00-04:00,63.751349353820544
2015-04-07 00:00:00-04:00,65.05525822056727
2015-04-08 00:00:00-04:00,65.13836641586002
2015-04-09 00:00:00-04:00,65.57938948426201
2015-04-10 00:00:00-04:00,66.03959165835897
2015-04-13 00:00:00-04:00,65.62413670570403
2015-04-14 00:00:00-04:00,65.77114869839147
2015-04-15 00:00:00-04:00,66.0651635421409
2015-04-16 00:00:00-04:00,65.82866358966098
2015-04-17 00:00:00-04:00,65.58577386119428
2015-04-20 00:00:00-04:00,65.49629902548112
2015-04-21 00:00:00-04:00,66.66598437560006
2015-04-22 00:00:00-04:00,66.07795017382905
2015-04-23 00:00:00-04:00,67.17733727094682
2015-04-24 00:00:00-04:00,66.81299202889195
2015-04-27 00:00:00-04:00,67.10701995339234
2015-04-28 00:00:00-04:00,66.09712857095944
2015-04-29 00:00:00-04:00,66.1226883860977
2015-04-30 00:00:00-04:00,65.47073106370026
2015-05-01 00:00:00-04:00,65.25340570641805
2015-05-04 00:00:00-04:00,66.00764249063522
2015-05-05 00:00:00-04:00,66.60846032301606
2015-05-06 00:00:00-04:00,65.2342360202164
2015-05-07 00:00:00-04:00,65.05526211564867
2015-05-08 00:00:00-04:00,65.63691783720706
2015-05-11 00:00:00-04:00,65.13835587497661
2015-05-12 00:00:00-04:00,65.34290205214702
2015-05-13 00:00:00-04:00,65.75196746007622
2015-05-14 00:00:00-04:00,66.57650484409561
2015-05-15 00:00:00-04:00,66.00123183838375
2015-05-18 00:00:00-04:00,66.70432358192215
2015-05-19 00:00:00-04:00,66.4103236426686
2015-05-20 00:00:00-04:00,65.95011372759377
2015-05-21 00:00:00-04:00,66.79381815717937
2015-05-22 00:00:00-04:00,66.44227553721713
2015-05-26 00:00:00-04:00,65.89898412006816
2015-05-27 00:00:00-04:00,65.72640113371908
2015-05-28 00:00:00-04:00,66.39754466723424
2015-05-29 00:00:00-04:00,66.5317522173718
2015-06-01 00:00:00-04:00,66.36558009181196
2015-06-02 00:00:00-04:00,65.89258233962316
2015-06-03 00:00:00-04:00,66.2952632014316
2015-06-04 00:00:00-04:00,65.90537081904986
2015-06-05 00:00:00-04:00,64.44165724914654
2015-06-08 00:00:00-04:00,64.75486018554375
2015-06-09 00:00:00-04:00,64.24351700769286
2015-06-10 00:00:00-04:00,65.25980369502925
2015-06-11 00:00:00-04:00,65.70723095899105
2015-06-12 00:00:00-04:00,65.2598055392492
2015-06-15 00:00:00-04:00,63.4189675599002
2015-06-16 00:00:00-04:00,64.75485183137845
2015-06-17 00:00:00-04:00,64.43526711865819
2015-06-18 00:00:00-04:00,64.36494781098749
2015-06-19 00:00:00-04:00,64.54392741700126
2015-06-22 00:00:00-04:00,65.08722938934297
2015-06-23 00:00:00-04:00,65.62413499895405
2015-06-24 00:00:00-04:00,64.83794610145779
2015-06-25 00:00:00-04:00,64.7676325339163
2015-06-26 00:00:00-04:00,64.23711264994377
2015-06-29 00:00:00-04:00,63.74495580114635
2015-06-30 00:00:00-04:00,63.57876533028054
2015-07-01 00:00:00-04:00,62.89485528661078
2015-07-02 00:00:00-04:00,63.80888167405176
2015-07-06 00:00:00-04:00,62.338772006726195
2015-07-07 00:00:00-04:00,63.05464499432771
2015-07-08 00:00:00-04:00,63.54681479820166
2015-07-09 00:00:00-04:00,64.5631052171026
2015-07-10 00:00:00-04:00,66.39114572441594
2015-07-13 00:00:00-04:00,66.84495512366277
2015-07-14 00:00:00-04:00,67.20928902983987
2015-07-15 00:00:00-04:00,67.20928644911446
2015-07-16 00:00:00-04:00,67.4777336813315
2015-07-17 00:00:00-04:00,67.21567889087346
2015-07-20 00:00:00-04:00,68.21918765957727
2015-07-21 00:00:00-04:00,68.21918881846743
2015-07-22 00:00:00-04:00,65.64968985780209
2015-07-23 00:00:00-04:00,66.22495842459867
2015-07-24 00:00:00-04:00,66.02680932650563
2015-07-27 00:00:00-04:00,65.5026871009407
2015-07-28 00:00:00-04:00,65.33650283124236
2015-07-29 00:00:00-04:00,66.21216629846619
2015-07-30 00:00:00-04:00,65.87341668424413
2015-07-31 00:00:00-04:00,66.79381154219153
2015-08-03 00:00:00-04:00,66.77464362604233
2015-08-04 00:00:00-04:00,66.58289278637979
2015-08-05 00:00:00-04:00,65.7519649093107
2015-08-06 00:00:00-04:00,66.03959518514397
2015-08-07 00:00:00-04:00,65.03609610099736
2015-08-10 00:00:00-04:00,65.31732756877533
2015-08-11 00:00:00-04:00,65.86062779251843
2015-08-12 00:00:00-04:00,64.99134594525133
2015-08-13 00:00:00-04:00,65.29815025760087
2015-08-14 00:00:00-04:00,65.48990182617425
2015-08-17 00:00:00-04:00,65.534640328668
2015-08-18 00:00:00-04:00,66.07155812409006
2015-08-19 00:00:00-04:00,65.79031981604794
2015-08-20 00:00:00-04:00,65.16392349424243
2015-08-21 00:00:00-04:00,63.50207232479345
2015-08-24 00:00:00-04:00,60.606601236323385
2015-08-25 00:00:00-04:00,62.98433413635097
2015-08-26 00:00:00-04:00,62.33877217554225
2015-08-27 00:00:00-04:00,62.581660399903946
2015-08-28 00:00:00-04:00,62.287637733290026
2015-08-31 00:00:00-04:00,62.63279395691218
2015-09-01 00:00:00-04:00,60.868662310502465
2015-09-02 00:00:00-04:00,60.51711568111723
2015-09-03 00:00:00-04:00,61.514236034745146
2015-09-04 00:00:00-04:00,60.44681234703144
2015-09-08 00:00:00-04:00,61.348042092667306
2015-09-09 00:00:00-04:00,62.64557346565595
2015-09-10 00:00:00-04:00,61.68679685429211
2015-09-11 00:00:00-04:00,60.804747787462794
2015-09-14 00:00:00-04:00,61.18185978719987
2015-09-15 00:00:00-04:00,61.232999126952954
2015-09-16 00:00:00-04:00,62.031965060703854
2015-09-17 00:00:00-04:00,62.02557286570138
2015-09-18 00:00:00-04:00,62.063929540781714
2015-09-21 00:00:00-04:00,62.28764158804897
2015-09-22 00:00:00-04:00,59.69257376239242
2015-09-23 00:00:00-04:00,59.3410437535174
2015-09-24 00:00:00-04:00,58.995891498132195
2015-09-25 00:00:00-04:00,60.01856558755725
2015-09-28 00:00:00-04:00,59.20042119009312
2015-09-29 00:00:00-04:00,56.97609577342363
2015-09-30 00:00:00-04:00,58.778561978421834
2015-10-01 00:00:00-04:00,59.00866801102991
2015-10-02 00:00:00-04:00,58.299181409511206
2015-10-05 00:00:00-04:00,59.92907168124174
2015-10-06 00:00:00-04:00,60.235874132679
2015-10-07 00:00:00-04:00,58.67630295750776
2015-10-08 00:00:00-04:00,58.59320671980993
2015-10-09 00:00:00-04:00,59.002278871373484
2015-10-12 00:00:00-04:00,58.56762901020586
2015-10-13 00:00:00-04:00,58.82330633033711
2015-10-14 00:00:00-04:00,58.60598768486485
2015-10-15 00:00:00-04:00,59.04700967349565
2015-10-16 00:00:00-04:00,60.40207661393297
2015-10-19 00:00:00-04:00,60.43402916924939
2015-10-20 00:00:00-04:00,59.90350776930618
2015-10-21 00:00:00-04:00,58.93836223400765
2015-10-22 00:00:00-04:00,58.22248642346545
2015-10-23 00:00:00-04:00,59.0725917568738
2015-10-26 00:00:00-04:00,59.04061661039313
2015-10-27 00:00:00-04:00,57.58330068431843
2015-10-28 00:00:00-04:00,58.682690642800566
2015-10-29 00:00:00-04:00,57.73670454710707
2015-10-30 00:00:00-04:00,58.15857511918711
2015-11-02 00:00:00-05:00,57.96041807212228
2015-11-03 00:00:00-05:00,57.64082917424258
2015-11-04 00:00:00-05:00,57.985995024511375
2015-11-05 00:00:00-05:00,58.14578413273912
2015-11-06 00:00:00-05:00,57.55774027743812
2015-11-09 00:00:00-05:00,56.66289541307754
2015-11-10 00:00:00-05:00,56.0812464606326
2015-11-11 00:00:00-05:00,56.79072910148684
2015-11-12 00:00:00-05:00,55.61464349457082
2015-11-13 00:00:00-05:00,54.866808179812836
2015-11-16 00:00:00-05:00,55.35896899853805
2015-11-17 00:00:00-05:00,55.89588947697799
2015-11-18 00:00:00-05:00,56.375262606195044
2015-11-19 00:00:00-05:00,56.89299177393649
2015-11-20 00:00:00-05:00,56.854648029888885
2015-11-23 00:00:00-05:00,55.806396289045196
2015-11-24 00:00:00-05:00,54.90515913774768
2015-11-25 00:00:00-05:00,55.429275927601054
2015-11-27 00:00:00-05:00,55.25670900718883
2015-11-30 00:00:00-05:00,54.80928138771769
2015-12-01 00:00:00-05:00,55.045769793161035
2015-12-02 00:00:00-05:00,54.61753299006857
2015-12-03 00:00:00-05:00,54.969079567484265
2015-12-04 00:00:00-05:00,54.44494906579458
2015-12-07 00:00:00-05:00,55.096908626011384
2015-12-08 00:00:00-05:00,54.38103008932734
2015-12-09 00:00:00-05:00,54.21485187855794
2015-12-10 00:00:00-05:00,54.45774032501068
2015-12-11 00:00:00-05:00,54.36824918977032
2015-12-14 00:00:00-05:00,54.12537023991169
2015-12-15 00:00:00-05:00,54.18288323210289
2015-12-16 00:00:00-05:00,55.2247476474206
2015-12-17 00:00:00-05:00,54.98186680397374
2015-12-18 00:00:00-05:00,54.53444530423822
2015-12-21 00:00:00-05:00,54.528045261700036
2015-12-22 00:00:00-05:00,54.45134347195656
2015-12-23 00:00:00-05:00,54.50247586802803
2015-12-24 00:00:00-05:00,55.154435800497
2015-12-28 00:00:00-05:00,55.77443797089092
2015-12-29 00:00:00-05:00,56.164327323002006
2015-12-30 00:00:00-05:00,56.541452548736416
2015-12-31 00:00:00-05:00,55.24392401067734
2016-01-04 00:00:00-05:00,54.70701825457439
2016-01-05 00:00:00-05:00,54.489692663112784
2016-01-06 00:00:00-05:00,54.0358844763874
2016-01-07 00:00:00-05:00,53.639590547723465
2016-01-08 00:00:00-05:00,53.29444012792719
2016-01-11 00:00:00-05:00,52.43155754054165
2016-01-12 00:00:00-05:00,52.65527051043339
2016-01-13 00:00:00-05:00,52.83423741001067
2016-01-14 00:00:00-05:00,52.316498460676485
2016-01-15 00:00:00-05:00,51.20434329889114
2016-01-19 00:00:00-05:00,52.175888855070255
2016-01-20 00:00:00-05:00,51.17877475364691
2016-01-21 00:00:00-05:00,51.13402482598652
2016-01-22 00:00:00-05:00,52.11835961610493
2016-01-25 00:00:00-05:00,52.13114346192066
2016-01-26 00:00:00-05:00,52.52103455063899
2016-01-27 00:00:00-05:00,50.935882252063784
2016-01-28 00:00:00-05:00,49.3251606101051
2016-01-29 00:00:00-05:00,48.628455738669516
2016-02-01 00:00:00-05:00,49.42103825656337
2016-02-02 00:00:00-05:00,48.730729644245585
2016-02-03 00:00:00-05:00,48.743507461975774
2016-02-04 00:00:00-05:00,47.77196356409276
2016-02-05 00:00:00-05:00,47.91257816493432
2016-02-08 00:00:00-05:00,46.621448096454586
2016-02-09 00:00:00-05:00,46.18681434200381
2016-02-10 00:00:00-05:00,46.94103744312542
2016-02-11 00:00:00-05:00,46.218768133149005
2016-02-12 00:00:00-05:00,46.244335696919116
2016-02-16 00:00:00-05:00,46.442478588700325
2016-02-17 00:00:00-05:00,46.82598956372044
2016-02-18 00:00:00-05:00,47.55464720172008
2016-02-19 00:00:00-05:00,47.151968110460004
2016-02-22 00:00:00-05:00,47.27340637185448
2016-02-23 00:00:00-05:00,47.42041902556699
2016-02-24 00:00:00-05:00,46.983620059403044
2016-02-25 00:00:00-05:00,47.74731092057886
2016-02-26 00:00:00-05:00,48.21216801985883
2016-02-29 00:00:00-05:00,47.45511663611494
2016-03-01 00:00:00-05:00,47.893409972709996
2016-03-02 00:00:00-05:00,48.18560491999838
2016-03-03 00:00:00-05:00,48.34497892503612
2016-03-04 00:00:00-05:00,47.91333347372663
2016-03-07 00:00:00-05:00,47.62777549831702
2016-03-08 00:00:00-05:00,48.15240176314741
2016-03-09 00:00:00-05:00,48.03286315736433
2016-03-10 00:00:00-05:00,48.88288300626944
2016-03-11 00:00:00-05:00,48.88288767059626
2016-03-14 00:00:00-04:00,49.22820221616194
2016-03-15 00:00:00-04:00,48.72351197764178
2016-03-16 00:00:00-04:00,48.17232020480111
2016-03-17 00:00:00-04:00,48.431315027119894
2016-03-18 00:00:00-04:00,47.840284600248644
2016-03-21 00:00:00-04:00,48.51100045119761
2016-03-22 00:00:00-04:00,48.823117167429416
2016-03-23 00:00:00-04:00,49.71298326482315
2016-03-24 00:00:00-04:00,48.67038110845126
2016-03-28 00:00:00-04:00,48.80983957230966
2016-03-29 00:00:00-04:00,47.548090227769286
2016-03-30 00:00:00-04:00,48.1258392750752
2016-03-31 00:00:00-04:00,48.19889157673611
2016-04-01 00:00:00-04:00,46.42579095614788
2016-04-04 00:00:00-04:00,48.1789694020626
2016-04-05 00:00:00-04:00,47.98638069761089
2016-04-06 00:00:00-04:00,48.59069599813809
2016-04-07 00:00:00-04:00,49.91885032685257
2016-04-08 00:00:00-04:00,49.905571527927194
2016-04-11 00:00:00-04:00,50.16456540023695
2016-04-12 00:00:00-04:00,49.586815050385255
2016-04-13 00:00:00-04:00,49.8325192436518
2016-04-14 00:00:00-04:00,50.32394278718594
2016-04-15 00:00:00-04:00,50.05830822382509
2016-04-18 00:00:00-04:00,50.35714219419611
2016-04-19 00:00:00-04:00,51.08099176423067
2016-04-20 00:00:00-04:00,50.954811972690074
2016-04-21 00:00:00-04:00,50.76886789998395
2016-04-22 00:00:00-04:00,50.629419380887676
2016-04-25 00:00:00-04:00,51.18060707042507
2016-04-26 00:00:00-04:00,51.16067642901623
2016-04-27 00:00:00-04:00,50.86184184670965
2016-04-28 00:00:00-04:00,51.001304120849476
2016-04-29 00:00:00-04:00,50.93489668908388
2016-05-02 00:00:00-04:00,50.76223392643377
2016-05-03 00:00:00-04:00,50.7688778203496
2016-05-04 00:00:00-04:00,49.79931321574837
2016-05-05 00:00:00-04:00,49.26141067893418
2016-05-06 00:00:00-04:00,48.35826357510657
2016-05-09 00:00:00-04:00,49.14187926643041
2016-05-10 00:00:00-04:00,49.80595979010418
2016-05-11 00:00:00-04:00,49.89892578125
2016-05-12 00:00:00-04:00,50.1512811106164
2016-05-13 00:00:00-04:00,49.600088142471144
2016-05-16 00:00:00-04:00,49.53368982174653
2016-05-17 00:00:00-04:00,49.865723855519754
2016-05-18 00:00:00-04:00,50.27745822728737
2016-05-19 00:00:00-04:00,49.66650290279535
2016-05-20 00:00:00-04:00,50.171209376630884
2016-05-23 00:00:00-04:00,51.67866006143192
2016-05-24 00:00:00-04:00,51.76499238699127
2016-05-25 00:00:00-04:00,52.85408455369146
2016-05-26 00:00:00-04:00,53.14627888218457
2016-05-27 00:00:00-04:00,53.36542931417713
2016-05-31 00:00:00-04:00,53.19940541680707
2016-06-01 00:00:00-04:00,52.98689458600212
2016-06-02 00:00:00-04:00,53.285732904546165
2016-06-03 00:00:00-04:00,53.524799982997735
2016-06-06 00:00:00-04:00,53.82363803759258
2016-06-07 00:00:00-04:00,54.42793785749685
2016-06-08 00:00:00-04:00,53.9697399686528
2016-06-09 00:00:00-04:00,53.611124927872076
2016-06-10 00:00:00-04:00,52.37594080647989
2016-06-13 00:00:00-04:00,51.625534339089555
2016-06-14 00:00:00-04:00,50.95480967051977
2016-06-15 00:00:00-04:00,51.03451283260131
2016-06-16 00:00:00-04:00,50.47667729943343
2016-06-17 00:00:00-04:00,51.904442189960946
2016-06-20 00:00:00-04:00,52.97361423415859
2016-06-21 00:00:00-04:00,52.661497140770464
2016-06-22 00:00:00-04:00,52.641571233477514
2016-06-23 00:00:00-04:00,53.37205992749294
2016-06-24 00:00:00-04:00,51.37982500280343
2016-06-27 00:00:00-04:00,51.71186374777269
2016-06-28 00:00:00-04:00,52.27633746857254
2016-06-29 00:00:00-04:00,53.92325877288653
2016-06-30 00:00:00-04:00,54.215439731282814
2016-07-01 00:00:00-04:00,54.7932014689526
2016-07-05 00:00:00-04:00,54.30841919717853
2016-07-06 00:00:00-04:00,53.87676603986773
2016-07-07 00:00:00-04:00,54.26193387885116
2016-07-08 00:00:00-04:00,54.208808132803355
2016-07-11 00:00:00-04:00,54.81311168525541
2016-07-12 00:00:00-04:00,54.30177353427242
2016-07-13 00:00:00-04:00,54.51427933137154
2016-07-14 00:00:00-04:00,54.341618129930424
2016-07-15 00:00:00-04:00,54.30176349781311
2016-07-18 00:00:00-04:00,54.40138245313779
2016-07-19 00:00:00-04:00,53.949819189466645
2016-07-20 00:00:00-04:00,54.454512983805095
2016-07-21 00:00:00-04:00,55.14515964882847
2016-07-22 00:00:00-04:00,55.42406803379957
2016-07-25 00:00:00-04:00,55.35103274115633
2016-07-26 00:00:00-04:00,55.2248467680814
2016-07-27 00:00:00-04:00,54.70686595644421
2016-07-28 00:00:00-04:00,54.799838885552944
2016-07-29 00:00:00-04:00,54.932656471835465
2016-08-01 00:00:00-04:00,54.79319973577011
2016-08-02 00:00:00-04:00,55.33109651175492
2016-08-03 00:00:00-04:00,54.31505755101245
2016-08-04 00:00:00-04:00,54.700223683852755
2016-08-05 00:00:00-04:00,54.97249519715677
2016-08-08 00:00:00-04:00,54.67365885533234
2016-08-09 00:00:00-04:00,54.58732623379547
2016-08-10 00:00:00-04:00,54.826396862221124
2016-08-11 00:00:00-04:00,54.726793900967124
2016-08-12 00:00:00-04:00,54.63381904990431
2016-08-15 00:00:00-04:00,54.49436010797859
2016-08-16 00:00:00-04:00,54.57403971183552
2016-08-17 00:00:00-04:00,54.268572838410954
2016-08-18 00:00:00-04:00,54.11582536006401
2016-08-19 00:00:00-04:00,54.10255285704293
2016-08-22 00:00:00-04:00,53.61113051764027
2016-08-23 00:00:00-04:00,54.39474803297448
2016-08-24 00:00:00-04:00,54.14239400761209
2016-08-25 00:00:00-04:00,52.907203675043995
2016-08-26 00:00:00-04:00,52.7079858472363
2016-08-29 00:00:00-04:00,52.76111275427338
2016-08-30 00:00:00-04:00,52.8075952253989
2016-08-31 00:00:00-04:00,52.276334278200245
2016-09-01 00:00:00-04:00,51.87124641291677
2016-09-02 00:00:00-04:00,52.49548488647125
2016-09-06 00:00:00-04:00,52.993540371752054
2016-09-07 00:00:00-04:00,53.41854670149602
2016-09-08 00:00:00-04:00,53.47831519444332
2016-09-09 00:00:00-04:00,52.90720033599383
2016-09-12 00:00:00-04:00,52.42243526390999
2016-09-13 00:00:00-04:00,52.840807259764404
2016-09-14 00:00:00-04:00,52.522046099432615
2016-09-15 00:00:00-04:00,52.46227116438713
2016-09-16 00:00:00-04:00,52.827520769926686
2016-09-19 00:00:00-04:00,53.00682067709304
2016-09-20 00:00:00-04:00,53.92324534701823
2016-09-21 00:00:00-04:00,53.823631955620876
2016-09-22 00:00:00-04:00,54.41466292313692
2016-09-23 00:00:00-04:00,53.870121134313585
2016-09-26 00:00:00-04:00,53.81699883926821
2016-09-27 00:00:00-04:00,53.02673818706834
2016-09-28 00:00:00-04:00,53.92989114834468
2016-09-29 00:00:00-04:00,53.478324446171854
2016-09-30 00:00:00-04:00,52.070469563968
2016-10-03 00:00:00-04:00,52.422434833689316
2016-10-04 00:00:00-04:00,52.442345992840615
2016-10-05 00:00:00-04:00,52.54195551139643
2016-10-06 00:00:00-04:00,52.243124908012824
2016-10-07 00:00:00-04:00,52.16344343398073
2016-10-10 00:00:00-04:00,51.20052504342605
2016-10-11 00:00:00-04:00,51.27357278458709
2016-10-12 00:00:00-04:00,50.370422588985974
2016-10-13 00:00:00-04:00,49.59345328678044
2016-10-14 00:00:00-04:00,50.94817663775581
2016-10-17 00:00:00-04:00,50.230969397526145
2016-10-18 00:00:00-04:00,50.39698712556273
2016-10-19 00:00:00-04:00,50.39699161134943
2016-10-20 00:00:00-04:00,50.17784131165567
2016-10-21 00:00:00-04:00,49.8922841082186
2016-10-24 00:00:00-04:00,49.69970113045545
2016-10-25 00:00:00-04:00,48.35162248291738
2016-10-26 00:00:00-04:00,47.35550684048608
2016-10-27 00:00:00-04:00,47.900050931561324
2016-10-28 00:00:00-04:00,47.57465099968764
2016-10-31 00:00:00-04:00,47.62777966228018
2016-11-01 00:00:00-04:00,47.162925366012594
2016-11-02 00:00:00-04:00,47.78715873061932
2016-11-03 00:00:00-04:00,47.29573383365321
2016-11-04 00:00:00-04:00,46.664870253906514
2016-11-07 00:00:00-05:00,47.03674936383767
2016-11-08 00:00:00-05:00,47.28245929648371
2016-11-09 00:00:00-05:00,48.90944889200946
2016-11-10 00:00:00-05:00,48.99578629743711
2016-11-11 00:00:00-05:00,48.97586149310757
2016-11-14 00:00:00-05:00,47.62113537609294
2016-11-15 00:00:00-05:00,47.2758147997077
2016-11-16 00:00:00-05:00,47.461757920286516
2016-11-17 00:00:00-05:00,48.10590845324063
2016-11-18 00:00:00-05:00,47.342225295440805
2016-11-21 00:00:00-05:00,46.445718379657784
2016-11-22 00:00:00-05:00,45.62889840077697
2016-11-23 00:00:00-05:00,44.77887777989022
2016-11-25 00:00:00-05:00,46.58517294470721
2016-11-28 00:00:00-05:00,46.173446024648094
2016-11-29 00:00:00-05:00,45.81484459433809
2016-11-30 00:00:00-05:00,46.12031961355248
2016-12-01 00:00:00-05:00,45.31678133350127
2016-12-02 00:00:00-05:00,44.931617435202625
2016-12-05 00:00:00-05:00,45.59569039296649
2016-12-06 00:00:00-05:00,45.728515637660365
2016-12-07 00:00:00-05:00,45.64218372925181
2016-12-08 00:00:00-05:00,44.52652758492593
2016-12-09 00:00:00-05:00,45.92109274719872
2016-12-12 00:00:00-05:00,45.90781651129659
2016-12-13 00:00:00-05:00,47.18948655109029
2016-12-14 00:00:00-05:00,47.554726828331745
2016-12-15 00:00:00-05:00,47.28245731615462
2016-12-16 00:00:00-05:00,47.48168569374352
2016-12-19 00:00:00-05:00,47.727393990376484
2016-12-20 00:00:00-05:00,47.85356802925
2016-12-21 00:00:00-05:00,47.88012817462666
2016-12-22 00:00:00-05:00,47.893412930732126
2016-12-23 00:00:00-05:00,47.767238578121656
2016-12-27 00:00:00-05:00,48.178965808576145
2016-12-28 00:00:00-05:00,48.13912504309168
2016-12-29 00:00:00-05:00,48.30514608240327
2016-12-30 00:00:00-05:00,48.53092562429367
2017-01-03 00:00:00-05:00,48.40475174645567
2017-01-04 00:00:00-05:00,47.93989628269742
2017-01-05 00:00:00-05:00,48.94265904759986
2017-01-06 00:00:00-05:00,48.85632517916402
2017-01-09 00:00:00-05:00,48.92937626881424
2017-01-10 00:00:00-05:00,49.34111154317762
2017-01-11 00:00:00-05:00,48.73014714970059
2017-01-12 00:00:00-05:00,47.627781750179054
2017-01-13 00:00:00-05:00,48.31842596069696
2017-01-17 00:00:00-05:00,47.49496336905575
2017-01-18 00:00:00-05:00,47.70082762926376
2017-01-19 00:00:00-05:00,46.81760069070017
2017-01-20 00:00:00-05:00,46.75782789933451
2017-01-23 00:00:00-05:00,46.61173770374871
2017-01-24 00:00:00-05:00,46.4457173792518
2017-01-25 00:00:00-05:00,47.30237949784696
2017-01-26 00:00:00-05:00,47.96645535102315
2017-01-27 00:00:00-05:00,47.61449687988451
2017-01-30 00:00:00-05:00,47.780520032192165
2017-01-31 00:00:00-05:00,48.13911921597814
2017-02-01 00:00:00-05:00,48.55084480177904
2017-02-02 00:00:00-05:00,48.318426215724934
2017-02-03 00:00:00-05:00,48.88953076018609
2017-02-06 00:00:00-05:00,48.90945497895501
2017-02-07 00:00:00-05:00,49.40086783339563
2017-02-08 00:00:00-05:00,49.10867099579825
2017-02-09 00:00:00-05:00,49.54032537770629
2017-02-10 00:00:00-05:00,49.67314682605155
2017-02-13 00:00:00-05:00,50.091514587402344
2017-02-14 00:00:00-05:00,49.79931979761731
2017-02-15 00:00:00-05:00,49.739547643696575
2017-02-16 00:00:00-05:00,50.76223146480136
2017-02-17 00:00:00-05:00,50.64934521928677
2017-02-21 00:00:00-05:00,50.82200114892157
2017-02-22 00:00:00-05:00,50.80207886057436
2017-02-23 00:00:00-05:00,51.37317809158677
2017-02-24 00:00:00-05:00,51.43295330179484
2017-02-27 00:00:00-05:00,51.36654908823698
2017-02-28 00:00:00-05:00,51.62553277450294
2017-03-01 00:00:00-05:00,51.9014526176942
2017-03-02 00:00:00-05:00,51.24072217754622
2017-03-03 00:00:00-05:00,51.84639089393847
2017-03-06 00:00:00-05:00,52.10792363118252
2017-03-07 00:00:00-05:00,50.76583017439479
2017-03-08 00:00:00-05:00,50.992946278169896
2017-03-09 00:00:00-05:00,51.233845701821565
2017-03-10 00:00:00-05:00,51.77756255002699
2017-03-13 00:00:00-04:00,52.066631384563735
2017-03-14 00:00:00-04:00,51.591737575129315
2017-03-15 00:00:00-04:00,51.44031979835967
2017-03-16 00:00:00-04:00,51.93586511225327
2017-03-17 00:00:00-04:00,52.13545436673433
2017-03-20 00:00:00-04:00,52.30064438146374
2017-03-21 00:00:00-04:00,52.2318174855356
2017-03-22 00:00:00-04:00,51.19942889052737
2017-03-23 00:00:00-04:00,51.24072841243162
2017-03-24 00:00:00-04:00,51.10995853263062
2017-03-27 00:00:00-04:00,51.48849256546812
2017-03-28 00:00:00-04:00,51.750029056472506
2017-03-29 00:00:00-04:00,51.52290529718673
2017-03-30 00:00:00-04:00,51.639915849441635
2017-03-31 00:00:00-04:00,51.36460731652444
2017-04-03 00:00:00-04:00,51.24073044137244
2017-04-04 00:00:00-04:00,51.171901126566596
2017-04-05 00:00:00-04:00,51.08242675295444
2017-04-06 00:00:00-04:00,50.99984039519911
2017-04-07 00:00:00-04:00,50.69700421656477
2017-04-10 00:00:00-04:00,50.80711968090381
2017-04-11 00:00:00-04:00,50.98607274628712
2017-04-12 00:00:00-04:00,50.95853803628616
2017-04-13 00:00:00-04:00,50.586884082403216
2017-04-17 00:00:00-04:00,50.297811164556435
2017-04-18 00:00:00-04:00,50.366640442892965
2017-04-19 00:00:00-04:00,50.2221034259005
2017-04-20 00:00:00-04:00,50.855308942822454
2017-04-21 00:00:00-04:00,50.70388451525115
2017-04-24 00:00:00-04:00,51.22008106479861
2017-04-25 00:00:00-04:00,52.50711633235347
2017-04-26 00:00:00-04:00,52.05975053121832
2017-04-27 00:00:00-04:00,53.023313487686
2017-04-28 00:00:00-04:00,52.754891690922975
2017-05-01 00:00:00-04:00,52.9889011902393
2017-05-02 00:00:00-04:00,53.39497516467946
2017-05-03 00:00:00-04:00,53.5670263839628
2017-05-04 00:00:00-04:00,53.367438881641036
2017-05-05 00:00:00-04:00,53.608326004303926
2017-05-08 00:00:00-04:00,53.842337152413435
2017-05-09 00:00:00-04:00,54.06946570737837
2017-05-10 00:00:00-04:00,54.22776024694669
2017-05-11 00:00:00-04:00,53.86299066613972
2017-05-12 00:00:00-04:00,55.122495206624144
2017-05-15 00:00:00-04:00,55.31521004604187
2017-05-16 00:00:00-04:00,56.38888695774725
2017-05-17 00:00:00-04:00,55.65245580453798
2017-05-18 00:00:00-04:00,54.96419882989211
2017-05-19 00:00:00-04:00,55.501028413158195
2017-05-22 00:00:00-04:00,56.058525358064415
2017-05-23 00:00:00-04:00,55.83139620255129
2017-05-24 00:00:00-04:00,55.893334963606115
2017-05-25 00:00:00-04:00,56.02411285439882
2017-05-26 00:00:00-04:00,55.65245469605863
2017-05-30 00:00:00-04:00,55.356508078618155
2017-05-31 00:00:00-04:00,56.203052410966635
2017-06-01 00:00:00-04:00,56.28565202335457
2017-06-02 00:00:00-04:00,56.57471849304003
2017-06-05 00:00:00-04:00,56.32694252934995
2017-06-06 00:00:00-04:00,56.347595198013266
2017-06-07 00:00:00-04:00,56.45083349198471
2017-06-08 00:00:00-04:00,55.852049042266735
2017-06-09 00:00:00-04:00,55.48039175887582
2017-06-12 00:00:00-04:00,55.838285873263864
2017-06-13 00:00:00-04:00,56.037874101761005
2017-06-14 00:00:00-04:00,56.017231194876906
2017-06-15 00:00:00-04:00,54.86784258071878
2017-06-16 00:00:00-04:00,55.501037341433715
2017-06-19 00:00:00-04:00,55.735041927358154
2017-06-20 00:00:00-04:00,56.74678163191557
2017-06-21 00:00:00-04:00,56.354479844457614
2017-06-22 00:00:00-04:00,58.563789375020434
2017-06-23 00:00:00-04:00,58.89415241904616
2017-06-26 00:00:00-04:00,59.0455569518365
2017-06-27 00:00:00-04:00,59.196976762458924
2017-06-28 00:00:00-04:00,58.956083918487934
2017-06-29 00:00:00-04:00,58.13706050297952
2017-06-30 00:00:00-04:00,57.90305426025544
2017-07-03 00:00:00-04:00,57.46257192457597
2017-07-05 00:00:00-04:00,56.53342100005264
2017-07-06 00:00:00-04:00,56.38201330188882
2017-07-07 00:00:00-04:00,56.416415655583656
2017-07-10 00:00:00-04:00,56.437063048207406
2017-07-11 00:00:00-04:00,56.505893829375395
2017-07-12 00:00:00-04:00,57.221675824846805
2017-07-13 00:00:00-04:00,57.07714896463793
2017-07-14 00:00:00-04:00,57.201032622861746
2017-07-17 00:00:00-04:00,57.703463522729464
2017-07-18 00:00:00-04:00,58.247184651677834
2017-07-19 00:00:00-04:00,58.41925791374396
2017-07-20 00:00:00-04:00,58.66013312046075
2017-07-21 00:00:00-04:00,58.58442512267841
2017-07-24 00:00:00-04:00,58.0131721496582
2017-07-25 00:00:00-04:00,58.247185424824046
2017-07-26 00:00:00-04:00,58.24029890030702
2017-07-27 00:00:00-04:00,58.64636650793917
2017-07-28 00:00:00-04:00,58.13018007566181
2017-07-31 00:00:00-04:00,58.7977832107674
2017-08-01 00:00:00-04:00,58.8184435106461
2017-08-02 00:00:00-04:00,58.839083092857905
2017-08-03 00:00:00-04:00,58.7083136452274
2017-08-04 00:00:00-04:00,58.426120628538506
2017-08-07 00:00:00-04:00,58.192121761332665
2017-08-08 00:00:00-04:00,58.17146920056305
2017-08-09 00:00:00-04:00,57.985641529444365
2017-08-10 00:00:00-04:00,57.84111337662572
2017-08-11 00:00:00-04:00,57.2010361744164
2017-08-14 00:00:00-04:00,57.82734503272053
2017-08-15 00:00:00-04:00,57.875520758642956
2017-08-16 00:00:00-04:00,57.99251927100039
2017-08-17 00:00:00-04:00,57.84111337662572
2017-08-18 00:00:00-04:00,57.194153295758376
2017-08-21 00:00:00-04:00,57.249210632883475
2017-08-22 00:00:00-04:00,57.33180398046526
2017-08-23 00:00:00-04:00,57.20104003378426
2017-08-24 00:00:00-04:00,57.717220766092815
2017-08-25 00:00:00-04:00,57.56581128137177
2017-08-28 00:00:00-04:00,57.359325494190834
2017-08-29 00:00:00-04:00,57.29050015534511
2017-08-30 00:00:00-04:00,57.06338333043443
2017-08-31 00:00:00-04:00,57.31115004836774
2017-09-01 00:00:00-04:00,57.98564017487932
2017-09-05 00:00:00-04:00,57.62087235745716
2017-09-06 00:00:00-04:00,57.627750103157474
2017-09-07 00:00:00-04:00,58.31601048893151
2017-09-08 00:00:00-04:00,58.85284784931344
2017-09-11 00:00:00-04:00,58.70142505633856
2017-09-12 00:00:00-04:00,58.997379302978516
2017-09-13 00:00:00-04:00,59.148800576160916
2017-09-14 00:00:00-04:00,58.87349467299984
2017-09-15 00:00:00-04:00,59.07308422214581
2017-09-18 00:00:00-04:00,59.03179061470038
2017-09-19 00:00:00-04:00,58.94231577781662
2017-09-20 00:00:00-04:00,59.334629718681796
2017-09-21 00:00:00-04:00,58.78401813770338
2017-09-22 00:00:00-04:00,59.362154089957734
2017-09-25 00:00:00-04:00,59.1832080660048
2017-09-26 00:00:00-04:00,58.969847317553615
2017-09-27 00:00:00-04:00,58.03382265916558
2017-09-28 00:00:00-04:00,58.508718930181885
2017-09-29 00:00:00-04:00,58.72895550256846
2017-10-02 00:00:00-04:00,59.43787578360283
2017-10-03 00:00:00-04:00,59.52734347056738
2017-10-04 00:00:00-04:00,59.355283974316265
2017-10-05 00:00:00-04:00,58.83219501389526
2017-10-06 00:00:00-04:00,58.77713735234298
2017-10-09 00:00:00-04:00,59.03179017871969
2017-10-10 00:00:00-04:00,58.81843343727146
2017-10-11 00:00:00-04:00,59.210736775570744
2017-10-12 00:00:00-04:00,59.27956604489108
2017-10-13 00:00:00-04:00,59.38280123358288
2017-10-16 00:00:00-04:00,59.43097492793489
2017-10-17 00:00:00-04:00,59.08686175302019
2017-10-18 00:00:00-04:00,59.27268232526366
2017-10-19 00:00:00-04:00,59.57551437733901
2017-10-20 00:00:00-04:00,59.224503006367726
2017-10-23 00:00:00-04:00,59.34151123547998
2017-10-24 00:00:00-04:00,57.60710219896543
2017-10-25 00:00:00-04:00,56.93261538889209
2017-10-26 00:00:00-04:00,55.996584639136266
2017-10-27 00:00:00-04:00,55.852055283966536
2017-10-30 00:00:00-04:00,56.03099582450524
2017-10-31 00:00:00-04:00,56.90507714642187
2017-11-01 00:00:00-04:00,56.987672925854746
2017-11-02 00:00:00-04:00,57.18037831844499
2017-11-03 00:00:00-04:00,57.18727026959299
2017-11-06 00:00:00-05:00,57.68969782073448
2017-11-07 00:00:00-05:00,56.82937079769067
2017-11-08 00:00:00-05:00,56.753655743085815
2017-11-09 00:00:00-05:00,56.457713530336896
2017-11-10 00:00:00-05:00,56.53342396221236
2017-11-13 00:00:00-05:00,56.76742902391658
2017-11-14 00:00:00-05:00,56.96014745013807
2017-11-15 00:00:00-05:00,56.9532510612068
2017-11-16 00:00:00-05:00,57.145973291793396
2017-11-17 00:00:00-05:00,57.57269251593918
2017-11-20 00:00:00-05:00,57.81357486388337
2017-11-21 00:00:00-05:00,57.74476188779244
2017-11-22 00:00:00-05:00,58.536250058052595
2017-11-24 00:00:00-05:00,58.625726875049786
2017-11-27 00:00:00-05:00,58.56378072776129
2017-11-28 00:00:00-05:00,58.51559777813243
2017-11-29 00:00:00-05:00,58.50872206344009
2017-11-30 00:00:00-05:00,58.894141835247964
2017-12-01 00:00:00-05:00,58.90102313922308
2017-12-04 00:00:00-05:00,59.190093612742416
2017-12-05 00:00:00-05:00,57.68281352287018
2017-12-06 00:00:00-05:00,57.40751300118107
2017-12-07 00:00:00-05:00,56.85689889059074
2017-12-08 00:00:00-05:00,57.276734371258534
2017-12-11 00:00:00-05:00,57.69657896300419
2017-12-12 00:00:00-05:00,57.689698197926575
2017-12-13 00:00:00-05:00,58.45365562456459
2017-12-14 00:00:00-05:00,58.37794544668754
2017-12-15 00:00:00-05:00,58.10952694087363
2017-12-18 00:00:00-05:00,58.508722201547045
2017-12-19 00:00:00-05:00,58.77713880527401
2017-12-20 00:00:00-05:00,57.65527434922238
2017-12-21 00:00:00-05:00,57.29050600412777
2017-12-22 00:00:00-05:00,57.166614647666385
2017-12-26 00:00:00-05:00,57.01520498862439
2017-12-27 00:00:00-05:00,57.841112348875235
2017-12-28 00:00:00-05:00,58.23342578465515
2017-12-29 00:00:00-05:00,58.22652716935603
2018-01-02 00:00:00-05:00,57.88927773194539
2018-01-03 00:00:00-05:00,58.17836257405994
2018-01-04 00:00:00-05:00,58.85972216275862
2018-01-05 00:00:00-05:00,59.02491501892925
2018-01-08 00:00:00-05:00,59.37590981514183
2018-01-09 00:00:00-05:00,59.252031010853315
2018-01-10 00:00:00-05:00,59.307095016150306
2018-01-11 00:00:00-05:00,58.76337581302691
2018-01-12 00:00:00-05:00,59.100622860290656
2018-01-16 00:00:00-05:00,59.75446518720087
2018-01-17 00:00:00-05:00,59.713176512910934
2018-01-18 00:00:00-05:00,59.40345174883992
2018-01-19 00:00:00-05:00,59.857704145156255
2018-01-22 00:00:00-05:00,59.38281150621732
2018-01-23 00:00:00-05:00,60.16053984076174
2018-01-24 00:00:00-05:00,62.42489515843292
2018-01-25 00:00:00-05:00,64.06982916237973
2018-01-26 00:00:00-05:00,64.78562010402179
2018-01-29 00:00:00-05:00,63.939071515378735
2018-01-30 00:00:00-05:00,63.4022203675232
2018-01-31 00:00:00-05:00,63.009926236848216
2018-02-01 00:00:00-05:00,61.91558951253638
2018-02-02 00:00:00-05:00,61.17915415270215
2018-02-05 00:00:00-05:00,60.126127194314144
2018-02-06 00:00:00-05:00,58.48806575292923
2018-02-07 00:00:00-05:00,58.41925250098691
2018-02-08 00:00:00-05:00,57.98564200507907
2018-02-09 00:00:00-05:00,57.32491309171686
2018-02-12 00:00:00-05:00,57.67593163731631
2018-02-13 00:00:00-05:00,57.77228411990358
2018-02-14 00:00:00-05:00,57.724111031807965
2018-02-15 00:00:00-05:00,59.3552717013465
2018-02-16 00:00:00-05:00,59.637458509012696
2018-02-20 00:00:00-05:00,58.99737982196523
2018-02-21 00:00:00-05:00,58.88725177892877
2018-02-22 00:00:00-05:00,58.90102054286994
2018-02-23 00:00:00-05:00,58.2609435299976
2018-02-26 00:00:00-05:00,58.63260538069933
2018-02-27 00:00:00-05:00,58.68766499112751
2018-02-28 00:00:00-05:00,58.199004976257804
2018-03-01 00:00:00-05:00,57.15974138027171
2018-03-02 00:00:00-05:00,57.015199383831586
2018-03-05 00:00:00-05:00,57.049613896539284
2018-03-06 00:00:00-05:00,58.25360542695411
2018-03-07 00:00:00-05:00,58.13946155175003
2018-03-08 00:00:00-05:00,58.324954275240955
2018-03-09 00:00:00-05:00,58.66741674701796
2018-03-12 00:00:00-04:00,59.081214481204256
2018-03-13 00:00:00-04:00,59.316654932006735
2018-03-14 00:00:00-04:00,59.10262328004929
2018-03-15 00:00:00-04:00,58.58893145806952
2018-03-16 00:00:00-04:00,58.38202911632945
2018-03-19 00:00:00-04:00,58.46764298444218
2018-03-20 00:00:00-04:00,57.4331339146281
2018-03-21 00:00:00-04:00,57.97536698488814
2018-03-22 00:00:00-04:00,57.79700546544932
2018-03-23 00:00:00-04:00,57.033596616502045
2018-03-26 00:00:00-04:00,57.31185090016242
2018-03-27 00:00:00-04:00,57.276181978587985
2018-03-28 00:00:00-04:00,57.44027009732949
2018-03-29 00:00:00-04:00,57.51874406613788
2018-04-02 00:00:00-04:00,57.44027114223212
2018-04-03 00:00:00-04:00,57.33325755923575
2018-04-04 00:00:00-04:00,56.96226232926988
2018-04-05 00:00:00-04:00,57.90401501089248
2018-04-06 00:00:00-04:00,57.91828655262322
2018-04-09 00:00:00-04:00,57.66857350876142
2018-04-10 00:00:00-04:00,58.63173616356889
2018-04-11 00:00:00-04:00,57.84693714995499
2018-04-12 00:00:00-04:00,58.07525385725455
2018-04-13 00:00:00-04:00,57.896878114557474
2018-04-16 00:00:00-04:00,57.86120841286658
2018-04-17 00:00:00-04:00,57.932550637302434
2018-04-18 00:00:00-04:00,58.353488934889256
2018-04-19 00:00:00-04:00,56.9051782553274
2018-04-20 00:00:00-04:00,55.75651399546889
2018-04-23 00:00:00-04:00,55.54961811178431
2018-04-24 00:00:00-04:00,55.34271028345786
2018-04-25 00:00:00-04:00,54.39382167893761
2018-04-26 00:00:00-04:00,54.93603997628629
2018-04-27 00:00:00-04:00,54.90037016803954
2018-04-30 00:00:00-04:00,55.228556829046006
2018-05-01 00:00:00-04:00,54.49370010226831
2018-05-02 00:00:00-04:00,54.65778853275919
2018-05-03 00:00:00-04:00,54.600722268662565
2018-05-04 00:00:00-04:00,54.34386985440653
2018-05-07 00:00:00-04:00,55.04305753385701
2018-05-08 00:00:00-04:00,55.23569152520035
2018-05-09 00:00:00-04:00,54.80048480705219
2018-05-10 00:00:00-04:00,55.06446635357646
2018-05-11 00:00:00-04:00,55.2142907022573
2018-05-14 00:00:00-04:00,55.899206627834644
2018-05-15 00:00:00-04:00,55.54247990994226
2018-05-16 00:00:00-04:00,55.58528842890074
2018-05-17 00:00:00-04:00,55.09300603698552
2018-05-18 00:00:00-04:00,55.20715695956533
2018-05-21 00:00:00-04:00,55.128678697958
2018-05-22 00:00:00-04:00,54.80048854868844
2018-05-23 00:00:00-04:00,54.92177094002973
2018-05-24 00:00:00-04:00,54.672060845346074
2018-05-25 00:00:00-04:00,54.70773870227561
2018-05-29 00:00:00-04:00,53.551941344831704
2018-05-30 00:00:00-04:00,53.887269468326544
2018-05-31 00:00:00-04:00,53.765975785137286
2018-06-01 00:00:00-04:00,53.72317601795025
2018-06-04 00:00:00-04:00,54.215451649467525
2018-06-05 00:00:00-04:00,53.75884325612594
2018-06-06 00:00:00-04:00,53.345038986119945
2018-06-07 00:00:00-04:00,54.21545395832234
2018-06-08 00:00:00-04:00,53.40924798771217
2018-06-11 00:00:00-04:00,53.58048173887767
2018-06-12 00:00:00-04:00,54.05136147736733
2018-06-13 00:00:00-04:00,53.93006431580058
2018-06-14 00:00:00-04:00,54.258258717008566
2018-06-15 00:00:00-04:00,54.27252241350788
2018-06-18 00:00:00-04:00,52.99544795233513
2018-06-19 00:00:00-04:00,52.239187224175446
2018-06-20 00:00:00-04:00,53.25942029474388
2018-06-21 00:00:00-04:00,53.34503627017701
2018-06-22 00:00:00-04:00,53.537667762437295
2018-06-25 00:00:00-04:00,53.07393117932481
2018-06-26 00:00:00-04:00,52.54596525146099
2018-06-27 00:00:00-04:00,52.26058506650918
2018-06-28 00:00:00-04:00,51.803969067236146
2018-06-29 00:00:00-04:00,54.27966003957116
2018-07-02 00:00:00-04:00,52.88842220804437
2018-07-03 00:00:00-04:00,53.88012644337001
2018-07-05 00:00:00-04:00,54.864693197392256
2018-07-06 00:00:00-04:00,54.900374393968754
2018-07-09 00:00:00-04:00,55.13581369964655
2018-07-10 00:00:00-04:00,55.27849622000101
2018-07-11 00:00:00-04:00,54.72200811071396
2018-07-12 00:00:00-04:00,55.97055109884501
2018-07-13 00:00:00-04:00,56.106108263525186
2018-07-16 00:00:00-04:00,56.384357820528535
2018-07-17 00:00:00-04:00,55.713716126077216
2018-07-18 00:00:00-04:00,57.533018633818415
2018-07-19 00:00:00-04:00,57.811273053659576
2018-07-20 00:00:00-04:00,58.710207449172515
2018-07-23 00:00:00-04:00,58.94566052101513
2018-07-24 00:00:00-04:00,58.66740909421329
2018-07-25 00:00:00-04:00,58.68167469763571
2018-07-26 00:00:00-04:00,59.35233583479645
2018-07-27 00:00:00-04:00,59.352337851526094
2018-07-30 00:00:00-04:00,59.77326583862305
2018-07-31 00:00:00-04:00,60.10145179513929
2018-08-01 00:00:00-04:00,59.65197793820909
2018-08-02 00:00:00-04:00,59.78039282008766
2018-08-03 00:00:00-04:00,58.97419566534282
2018-08-06 00:00:00-04:00,59.25958069903613
2018-08-07 00:00:00-04:00,59.65197228086351
2018-08-08 00:00:00-04:00,59.27385433883704
2018-08-09 00:00:00-04:00,59.36659394917603
2018-08-10 00:00:00-04:00,58.96706509869376
2018-08-13 00:00:00-04:00,58.660275107421896
2018-08-14 00:00:00-04:00,58.546121641506204
2018-08-15 00:00:00-04:00,57.96822944022996
2018-08-16 00:00:00-04:00,58.496182902614166
2018-08-17 00:00:00-04:00,59.06694419618583
2018-08-20 00:00:00-04:00,59.402272257671406
2018-08-21 00:00:00-04:00,60.237013616117764
2018-08-22 00:00:00-04:00,60.04437568510457
2018-08-23 00:00:00-04:00,59.830348906782056
2018-08-24 00:00:00-04:00,59.51643415120113
2018-08-27 00:00:00-04:00,59.7946754124838
2018-08-28 00:00:00-04:00,59.79467010498047
2018-08-29 00:00:00-04:00,59.352331770854555
2018-08-30 00:00:00-04:00,59.51643225551714
2018-08-31 00:00:00-04:00,59.33093213560577
2018-09-04 00:00:00-04:00,58.6816755500878
2018-09-05 00:00:00-04:00,58.29641214012888
2018-09-06 00:00:00-04:00,58.581798302429306
2018-09-07 00:00:00-04:00,57.989627999450676
2018-09-10 00:00:00-04:00,58.94565965259427
2018-09-11 00:00:00-04:00,59.86601308419235
2018-09-12 00:00:00-04:00,60.21560616852102
2018-09-13 00:00:00-04:00,60.67221418349816
2018-09-14 00:00:00-04:00,60.764965979359
2018-09-17 00:00:00-04:00,60.5223948128082
2018-09-18 00:00:00-04:00,60.00156583141805
2018-09-19 00:00:00-04:00,60.0515162695009
2018-09-20 00:00:00-04:00,60.42251192310445
2018-09-21 00:00:00-04:00,60.75783411965793
2018-09-24 00:00:00-04:00,60.86484764844683
2018-09-25 00:00:00-04:00,61.40709113300294
2018-09-26 00:00:00-04:00,61.26438824154378
2018-09-27 00:00:00-04:00,61.27152877102346
2018-09-28 00:00:00-04:00,61.67106519678543
2018-10-01 00:00:00-04:00,61.67818347976197
2018-10-02 00:00:00-04:00,61.27865144201874
2018-10-03 00:00:00-04:00,62.27036858896265
2018-10-04 00:00:00-04:00,61.76380847093789
2018-10-05 00:00:00-04:00,61.23584502957391
2018-10-08 00:00:00-04:00,60.37256503625159
2018-10-09 00:00:00-04:00,60.237011602470446
2018-10-10 00:00:00-04:00,61.48556576106456
2018-10-11 00:00:00-04:00,59.6305777236665
2018-10-12 00:00:00-04:00,59.330933532093525
2018-10-15 00:00:00-04:00,59.537833199381026
2018-10-16 00:00:00-04:00,60.279818438697546
2018-10-17 00:00:00-04:00,60.92906850379248
2018-10-18 00:00:00-04:00,61.32860138825726
2018-10-19 00:00:00-04:00,62.284628392815264
2018-10-22 00:00:00-04:00,61.842287159668395
2018-10-23 00:00:00-04:00,61.84228744624761
2018-10-24 00:00:00-04:00,62.156214140415585
2018-10-25 00:00:00-04:00,59.93735801102248
2018-10-26 00:00:00-04:00,60.68648393150216
2018-10-29 00:00:00-04:00,62.06346062090996
2018-10-30 00:00:00-04:00,61.849425761840415
2018-10-31 00:00:00-04:00,62.08486672000592
2018-11-01 00:00:00-04:00,62.69843535070273
2018-11-02 00:00:00-04:00,62.726981445920885
2018-11-05 00:00:00-05:00,62.784052690590556
2018-11-06 00:00:00-05:00,62.92673536734529
2018-11-07 00:00:00-05:00,63.097973925305276
2018-11-08 00:00:00-05:00,63.68300103074111
2018-11-09 00:00:00-05:00,63.511773571978196
2018-11-12 00:00:00-05:00,63.26919789564394
2018-11-13 00:00:00-05:00,62.96242036733712
2018-11-14 00:00:00-05:00,62.91247586417545
2018-11-15 00:00:00-05:00,61.949306629430296
2018-11-16 00:00:00-05:00,61.98497364577136
2018-11-19 00:00:00-05:00,62.96242036733712
2018-11-20 00:00:00-05:00,62.93387609483769
2018-11-21 00:00:00-05:00,62.74124550634693
2018-11-23 00:00:00-05:00,62.498658849315404
2018-11-26 00:00:00-05:00,63.226383907159324
2018-11-27 00:00:00-05:00,62.819721418311794
2018-11-28 00:00:00-05:00,63.155038762761826
2018-11-29 00:00:00-05:00,64.11821158800744
2018-11-30 00:00:00-05:00,64.95295389210595
2018-12-03 00:00:00-05:00,65.53084940735175
2018-12-04 00:00:00-05:00,65.68780381282457
2018-12-06 00:00:00-05:00,63.5759882635455
2018-12-07 00:00:00-05:00,61.89937069119339
2018-12-10 00:00:00-05:00,62.29175705341992
2018-12-11 00:00:00-05:00,62.71984518777397
2018-12-12 00:00:00-05:00,62.86965520037572
2018-12-13 00:00:00-05:00,63.03375872704153
2018-12-14 00:00:00-05:00,62.19187832172529
2018-12-17 00:00:00-05:00,61.7994826547305
2018-12-18 00:00:00-05:00,61.207305321285425
2018-12-19 00:00:00-05:00,60.85771577371447
2018-12-20 00:00:00-05:00,60.77209911992252
2018-12-21 00:00:00-05:00,59.858887941223145
2018-12-24 00:00:00-05:00,59.42367442339421
2018-12-26 00:00:00-05:00,58.83864362553403
2018-12-27 00:00:00-05:00,59.09547666949835
2018-12-28 00:00:00-05:00,60.97900289399181
2018-12-31 00:00:00-05:00,61.100286524768364
2019-01-02 00:00:00-05:00,60.21561271041453
2019-01-03 00:00:00-05:00,60.650812527700175
2019-01-04 00:00:00-05:00,60.672225671957044
2019-01-07 00:00:00-05:00,60.10858991449702
2019-01-08 00:00:00-05:00,61.449894042608356
2019-01-09 00:00:00-05:00,62.056334009763496
2019-01-10 00:00:00-05:00,62.79118304744815
2019-01-11 00:00:00-05:00,62.80545460074587
2019-01-14 00:00:00-05:00,62.22754992869321
2019-01-15 00:00:00-05:00,62.66989846303397
2019-01-16 00:00:00-05:00,62.76978198841586
2019-01-17 00:00:00-05:00,63.08370308568628
2019-01-18 00:00:00-05:00,63.61878431602523
2019-01-22 00:00:00-05:00,62.98381330814376
2019-01-23 00:00:00-05:00,63.19070609737608
2019-01-24 00:00:00-05:00,62.05632956238448
2019-01-25 00:00:00-05:00,61.55690946186933
2019-01-28 00:00:00-05:00,60.81491864289531
2019-01-29 00:00:00-05:00,61.271519894601404
2019-01-30 00:00:00-05:00,60.65794972885723
2019-01-31 00:00:00-05:00,61.68533245731544
2019-02-01 00:00:00-05:00,62.199003883109135
2019-02-04 00:00:00-05:00,62.96241665291141
2019-02-05 00:00:00-05:00,63.24066218492065
2019-02-06 00:00:00-05:00,63.56171036742093
2019-02-07 00:00:00-05:00,63.411887457533894
2019-02-08 00:00:00-05:00,62.926739366912
2019-02-11 00:00:00-05:00,63.02662599896454
2019-02-12 00:00:00-05:00,63.31200551484952
2019-02-13 00:00:00-05:00,63.21212629628719
2019-02-14 00:00:00-05:00,63.30487735824675
2019-02-15 00:00:00-05:00,63.57598280552817
2019-02-19 00:00:00-05:00,63.88990981423486
2019-02-20 00:00:00-05:00,64.68184474688518
2019-02-21 00:00:00-05:00,64.7389082154431
2019-02-22 00:00:00-05:00,64.41785869901942
2019-02-25 00:00:00-05:00,64.8887410311321
2019-02-26 00:00:00-05:00,65.24546339400673
2019-02-27 00:00:00-05:00,65.32395785841452
2019-02-28 00:00:00-05:00,65.17411857735578
2019-03-01 00:00:00-05:00,65.18839366949284
2019-03-04 00:00:00-05:00,65.70695743664163
2019-03-05 00:00:00-05:00,65.39761416728554
2019-03-06 00:00:00-05:00,66.3109297250327
2019-03-07 00:00:00-05:00,66.17098002994481
2019-03-08 00:00:00-05:00,65.71432972290961
2019-03-11 00:00:00-04:00,65.97211426525094
2019-03-12 00:00:00-04:00,66.29619214385393
2019-03-13 00:00:00-04:00,66.86332530987725
2019-03-14 00:00:00-04:00,67.38627849834083
2019-03-15 00:00:00-04:00,68.11545893131198
2019-03-18 00:00:00-04:00,68.5279234794673
2019-03-19 00:00:00-04:00,68.96247772842366
2019-03-20 00:00:00-04:00,68.5058273030146
2019-03-21 00:00:00-04:00,68.82253755370616
2019-03-22 00:00:00-04:00,68.73414480785041
2019-03-25 00:00:00-04:00,68.91828939696383
2019-03-26 00:00:00-04:00,69.71375253857957
2019-03-27 00:00:00-04:00,70.08202109417458
2019-03-28 00:00:00-04:00,70.33982075254845
2019-03-29 00:00:00-04:00,70.35454388558983
2019-04-01 00:00:00-04:00,70.93641059518029
2019-04-02 00:00:00-04:00,69.83897015355828
2019-04-03 00:00:00-04:00,69.49278857349353
2019-04-04 00:00:00-04:00,69.33810930156251
2019-04-05 00:00:00-04:00,69.2570928107559
2019-04-08 00:00:00-04:00,69.95681379187664
2019-04-09 00:00:00-04:00,69.67115139524468
2019-04-10 00:00:00-04:00,67.52577710723384
2019-04-11 00:00:00-04:00,67.6244036766774
2019-04-12 00:00:00-04:00,66.21061382324983
2019-04-15 00:00:00-04:00,66.49008422548124
2019-04-16 00:00:00-04:00,66.35034956308029
2019-04-17 00:00:00-04:00,64.92832150948605
2019-04-18 00:00:00-04:00,63.498063296113955
2019-04-22 00:00:00-04:00,62.141799337468946
2019-04-23 00:00:00-04:00,62.29797494076737
2019-04-24 00:00:00-04:00,64.50911314467673
2019-04-25 00:00:00-04:00,65.34753057035026
2019-04-26 00:00:00-04:00,66.45720430007503
2019-04-29 00:00:00-04:00,66.56407045209028
2019-04-30 00:00:00-04:00,67.31206052120898
2019-05-01 00:00:00-04:00,67.48468633459137
2019-05-02 00:00:00-04:00,67.3202817455388
2019-05-03 00:00:00-04:00,67.93677252978183
2019-05-06 00:00:00-04:00,67.44358659023598
2019-05-07 00:00:00-04:00,67.45179854820607
2019-05-08 00:00:00-04:00,66.9503792128364
2019-05-09 00:00:00-04:00,66.68735623278423
2019-05-10 00:00:00-04:00,67.13944685137483
2019-05-13 00:00:00-04:00,65.90647896648755
2019-05-14 00:00:00-04:00,66.12841380958821
2019-05-15 00:00:00-04:00,66.29280063569713
2019-05-16 00:00:00-04:00,67.90388942955349
2019-05-17 00:00:00-04:00,68.21623485640772
2019-05-20 00:00:00-04:00,67.70661941247376
2019-05-21 00:00:00-04:00,67.96142835794964
2019-05-22 00:00:00-04:00,68.04362247604487
2019-05-23 00:00:00-04:00,69.25194071136602
2019-05-24 00:00:00-04:00,71.09316430081807
2019-05-28 00:00:00-04:00,72.09599854016325
2019-05-29 00:00:00-04:00,71.33155618087869
2019-05-30 00:00:00-04:00,70.50956546561257
2019-05-31 00:00:00-04:00,70.41915917597905
2019-06-03 00:00:00-04:00,71.72610726961095
2019-06-04 00:00:00-04:00,72.02202029973549
2019-06-05 00:00:00-04:00,71.97269755168223
2019-06-06 00:00:00-04:00,72.40834714680565
2019-06-07 00:00:00-04:00,72.34260219260065
2019-06-10 00:00:00-04:00,72.42478692102966
2019-06-11 00:00:00-04:00,73.04949417372862
2019-06-12 00:00:00-04:00,72.64672155717415
2019-06-13 00:00:00-04:00,74.08519003564118
2019-06-14 00:00:00-04:00,73.81393080734698
2019-06-17 00:00:00-04:00,73.3043009224242
2019-06-18 00:00:00-04:00,75.05512844665931
2019-06-19 00:00:00-04:00,74.8085399620158
2019-06-20 00:00:00-04:00,76.64977887806688
2019-06-21 00:00:00-04:00,76.08260101169122
2019-06-24 00:00:00-04:00,75.97574133222668
2019-06-25 00:00:00-04:00,76.93747116384749
2019-06-26 00:00:00-04:00,75.26884947818215
2019-06-27 00:00:00-04:00,74.88251322935635
2019-06-28 00:00:00-04:00,75.15376240473951
2019-07-01 00:00:00-04:00,75.47434502235672
2019-07-02 00:00:00-04:00,75.50722447811005
2019-07-03 00:00:00-04:00,75.9099885718551
2019-07-05 00:00:00-04:00,74.67702076302022
2019-07-08 00:00:00-04:00,74.1180720424737
2019-07-09 00:00:00-04:00,74.7592137978389
2019-07-10 00:00:00-04:00,75.45790317692658
2019-07-11 00:00:00-04:00,75.638734026034
2019-07-12 00:00:00-04:00,73.67420397564202
2019-07-15 00:00:00-04:00,72.95908220490627
2019-07-16 00:00:00-04:00,73.45226610319276
2019-07-17 00:00:00-04:00,74.7016718409856
2019-07-18 00:00:00-04:00,77.9402881169472
2019-07-19 00:00:00-04:00,77.92384063223771
2019-07-22 00:00:00-04:00,77.64436399124615
2019-07-23 00:00:00-04:00,77.53751646356834
2019-07-24 00:00:00-04:00,76.0908274109224
2019-07-25 00:00:00-04:00,76.37029473023983
2019-07-26 00:00:00-04:00,76.55935465524566
2019-07-29 00:00:00-04:00,75.91821500635886
2019-07-30 00:00:00-04:00,75.26883941930556
2019-07-31 00:00:00-04:00,74.81674759351614
2019-08-01 00:00:00-04:00,75.37569652622919
2019-08-02 00:00:00-04:00,76.04151144658896
2019-08-05 00:00:00-04:00,75.3017306224662
2019-08-06 00:00:00-04:00,74.8660728599081
2019-08-07 00:00:00-04:00,72.91797702323416
2019-08-08 00:00:00-04:00,74.06052917891022
2019-08-09 00:00:00-04:00,75.11265896204392
2019-08-12 00:00:00-04:00,75.25241039904128
2019-08-13 00:00:00-04:00,74.54550400410625
2019-08-14 00:00:00-04:00,74.42220433694759
2019-08-15 00:00:00-04:00,72.5316421227396
2019-08-16 00:00:00-04:00,73.03305567023064
2019-08-19 00:00:00-04:00,74.11808163603436
2019-08-20 00:00:00-04:00,73.7317314041355
2019-08-21 00:00:00-04:00,74.04410057580893
2019-08-22 00:00:00-04:00,73.36185219582546
2019-08-23 00:00:00-04:00,73.52624942732777
2019-08-26 00:00:00-04:00,72.34258143515368
2019-08-27 00:00:00-04:00,73.3454180772866
2019-08-28 00:00:00-04:00,73.0248322886151
2019-08-29 00:00:00-04:00,73.45226593467845
2019-08-30 00:00:00-04:00,74.55371451624598
2019-09-03 00:00:00-04:00,73.049495310332
2019-09-04 00:00:00-04:00,73.95367664309705
2019-09-05 00:00:00-04:00,73.67420740252187
2019-09-06 00:00:00-04:00,73.81394131293656
2019-09-09 00:00:00-04:00,73.47691899116641
2019-09-10 00:00:00-04:00,72.07956098574104
2019-09-11 00:00:00-04:00,72.3672473350489
2019-09-12 00:00:00-04:00,72.90975406275302
2019-09-13 00:00:00-04:00,72.04668411199684
2019-09-16 00:00:00-04:00,71.22470092322386
2019-09-17 00:00:00-04:00,71.00276200261851
2019-09-18 00:00:00-04:00,70.92877668479517
2019-09-19 00:00:00-04:00,71.07673603862703
2019-09-20 00:00:00-04:00,72.03846024801584
2019-09-23 00:00:00-04:00,71.28223670402855
2019-09-24 00:00:00-04:00,71.38908894505909
2019-09-25 00:00:00-04:00,70.55888467868814
2019-09-26 00:00:00-04:00,71.20003902240036
2019-09-27 00:00:00-04:00,71.49595578810658
2019-09-30 00:00:00-04:00,71.12605563831731
2019-10-01 00:00:00-04:00,71.01097410201322
2019-10-02 00:00:00-04:00,69.40811091999477
2019-10-03 00:00:00-04:00,69.46565713604855
2019-10-04 00:00:00-04:00,70.44381032260104
2019-10-07 00:00:00-04:00,70.93699872688534
2019-10-08 00:00:00-04:00,70.26298214879442
2019-10-09 00:00:00-04:00,70.41914951043825
2019-10-10 00:00:00-04:00,69.88485223111554
2019-10-11 00:00:00-04:00,71.28224142359362
2019-10-14 00:00:00-04:00,70.5424398253759
2019-10-15 00:00:00-04:00,70.71506675214226
2019-10-16 00:00:00-04:00,71.12605783028592
2019-10-17 00:00:00-04:00,72.0055833258954
2019-10-18 00:00:00-04:00,71.13427899801405
2019-10-21 00:00:00-04:00,71.10961575052224
2019-10-22 00:00:00-04:00,70.63287042253961
2019-10-23 00:00:00-04:00,71.33977199752229
2019-10-24 00:00:00-04:00,71.43841426569468
2019-10-25 00:00:00-04:00,71.65212737391802
2019-10-28 00:00:00-04:00,71.68500777917414
2019-10-29 00:00:00-04:00,71.7507594297636
2019-10-30 00:00:00-04:00,71.57815237186234
2019-10-31 00:00:00-04:00,71.80008761284299
2019-11-01 00:00:00-04:00,71.93981682545754
2019-11-04 00:00:00-05:00,73.131686362064
2019-11-05 00:00:00-05:00,71.84940808687269
2019-11-06 00:00:00-05:00,71.44662457440401
2019-11-07 00:00:00-05:00,71.6356933369954
2019-11-08 00:00:00-05:00,72.17819772638319
2019-11-11 00:00:00-05:00,72.74536328977644
2019-11-12 00:00:00-05:00,73.37007117240904
2019-11-13 00:00:00-05:00,73.70707986945449
2019-11-14 00:00:00-05:00,73.42761222528291
2019-11-15 00:00:00-05:00,73.4851399750902
2019-11-18 00:00:00-05:00,74.12628953741559
2019-11-19 00:00:00-05:00,73.89613815596236
2019-11-20 00:00:00-05:00,74.2084984338176
2019-11-21 00:00:00-05:00,74.04410462100108
2019-11-22 00:00:00-05:00,74.75922035237399
2019-11-25 00:00:00-05:00,74.21671007947685
2019-11-26 00:00:00-05:00,75.29350573532281
2019-11-27 00:00:00-05:00,75.68805443797817
2019-11-29 00:00:00-05:00,75.63873639192022
2019-12-02 00:00:00-05:00,75.36747974632361
2019-12-03 00:00:00-05:00,74.3317911024987
2019-12-04 00:00:00-05:00,75.03046631286425
2019-12-05 00:00:00-05:00,75.59763324609597
2019-12-06 00:00:00-05:00,75.87711390142073
2019-12-09 00:00:00-05:00,75.6962713938999
2019-12-10 00:00:00-05:00,76.04150134956137
2019-12-11 00:00:00-05:00,75.96752681792685
2019-12-12 00:00:00-05:00,76.23056510005216
2019-12-13 00:00:00-05:00,76.22233976132705
2019-12-16 00:00:00-05:00,76.40317576104164
2019-12-17 00:00:00-05:00,77.10186482729944
2019-12-18 00:00:00-05:00,77.30736033339178
2019-12-19 00:00:00-05:00,77.48819732666016
2019-12-20 00:00:00-05:00,77.47175103220148
2019-12-23 00:00:00-05:00,78.09646118138824
2019-12-24 00:00:00-05:00,77.84986626329247
2019-12-26 00:00:00-05:00,78.08823872594178
2019-12-27 00:00:00-05:00,78.49101352948594
2019-12-30 00:00:00-05:00,78.50745475830828
2019-12-31 00:00:00-05:00,77.76766740648245
2020-01-02 00:00:00-05:00,77.83343135104211
2020-01-03 00:00:00-05:00,77.35667885941801
2020-01-06 00:00:00-05:00,77.81698846013052
2020-01-07 00:00:00-05:00,78.16222298590867
2020-01-08 00:00:00-05:00,77.66903530758745
2020-01-09 00:00:00-05:00,77.97316677782447
2020-01-10 00:00:00-05:00,77.64437172772521
2020-01-13 00:00:00-05:00,77.20050844556361
2020-01-14 00:00:00-05:00,77.34023028293102
2020-01-15 00:00:00-05:00,77.94850368636598
2020-01-16 00:00:00-05:00,78.14577460483247
2020-01-17 00:00:00-05:00,78.68006866188067
2020-01-21 00:00:00-05:00,78.61431208818952
2020-01-22 00:00:00-05:00,78.35127509368992
2020-01-23 00:00:00-05:00,78.16221153495121
2020-01-24 00:00:00-05:00,78.08823772045044
2020-01-27 00:00:00-05:00,76.48537801313171
2020-01-28 00:00:00-05:00,77.66902905063299
2020-01-29 00:00:00-05:00,79.09928578191013
2020-01-30 00:00:00-05:00,78.58964728983544
2020-01-31 00:00:00-05:00,78.21153822080312
2020-02-03 00:00:00-05:00,77.54573130588336
2020-02-04 00:00:00-05:00,77.64436542887411
2020-02-05 00:00:00-05:00,79.42807378280834
2020-02-06 00:00:00-05:00,79.1157194485276
2020-02-07 00:00:00-05:00,79.43628790103372
2020-02-10 00:00:00-05:00,79.04995392066594
2020-02-11 00:00:00-05:00,80.40622495274602
2020-02-12 00:00:00-05:00,80.83365182417698
2020-02-13 00:00:00-05:00,80.46376759997202
2020-02-14 00:00:00-05:00,80.31581343234487
2020-02-18 00:00:00-05:00,79.70754658392717
2020-02-19 00:00:00-05:00,80.02810942578193
2020-02-20 00:00:00-05:00,79.77330540004397
2020-02-21 00:00:00-05:00,79.06640577395808
2020-02-24 00:00:00-05:00,76.21412078996877
2020-02-25 00:00:00-05:00,74.44685996128912
2020-02-26 00:00:00-05:00,72.81933515057199
2020-02-27 00:00:00-05:00,71.3068974181656
2020-02-28 00:00:00-05:00,68.98891424887064
2020-03-02 00:00:00-05:00,70.36161285403138
2020-03-03 00:00:00-05:00,73.03419629331675
2020-03-04 00:00:00-05:00,73.85192466906932
2020-03-05 00:00:00-05:00,72.77014077915966
2020-03-06 00:00:00-05:00,71.83315056466775
2020-03-09 00:00:00-04:00,70.65763809495748
2020-03-10 00:00:00-04:00,72.3697793804131
2020-03-11 00:00:00-04:00,70.9387371545546
2020-03-12 00:00:00-04:00,64.89940644710532
2020-03-13 00:00:00-04:00,67.47187385944703
2020-03-16 00:00:00-04:00,59.68632017712473
2020-03-17 00:00:00-04:00,62.87210030002303
2020-03-18 00:00:00-04:00,62.778402020377506
2020-03-19 00:00:00-04:00,64.00500380570882
2020-03-20 00:00:00-04:00,64.69497615363939
2020-03-23 00:00:00-04:00,62.803953578567295
2020-03-24 00:00:00-04:00,62.94876415232291
2020-03-25 00:00:00-04:00,64.34573936260391
2020-03-26 00:00:00-04:00,65.4956748484893
2020-03-27 00:00:00-04:00,66.04934659583294
2020-03-30 00:00:00-04:00,68.62182328326836
2020-03-31 00:00:00-04:00,69.24364648408516
2020-04-01 00:00:00-04:00,69.00513519548726
2020-04-02 00:00:00-04:00,69.83139084622128
2020-04-03 00:00:00-04:00,71.29650600380084
2020-04-06 00:00:00-04:00,72.48903603586037
2020-04-07 00:00:00-04:00,73.69009070360997
2020-04-08 00:00:00-04:00,72.15683362833853
2020-04-09 00:00:00-04:00,72.40385771327306
2020-04-13 00:00:00-04:00,72.40385512775974
2020-04-14 00:00:00-04:00,73.53676145181969
2020-04-15 00:00:00-04:00,72.16534390805663
2020-04-16 00:00:00-04:00,74.56744384765625
2020-04-17 00:00:00-04:00,75.6492566293148
2020-04-20 00:00:00-04:00,76.43292303788458
2020-04-21 00:00:00-04:00,75.60666929360877
2020-04-22 00:00:00-04:00,76.05811860396942
2020-04-23 00:00:00-04:00,75.18927026012909
2020-04-24 00:00:00-04:00,75.13816724622279
2020-04-27 00:00:00-04:00,76.64587156813573
2020-04-28 00:00:00-04:00,77.07178116264721
2020-04-29 00:00:00-04:00,74.39708447601605
2020-04-30 00:00:00-04:00,73.19603570237336
2020-05-01 00:00:00-04:00,71.5520414140457
2020-05-04 00:00:00-04:00,71.62018645990368
2020-05-05 00:00:00-04:00,72.08016974153547
2020-05-06 00:00:00-04:00,72.72754148252362
2020-05-07 00:00:00-04:00,72.65087385491319
2020-05-08 00:00:00-04:00,72.52310234127658
2020-05-11 00:00:00-04:00,72.28460430945462
2020-05-12 00:00:00-04:00,73.6304595359518
2020-05-13 00:00:00-04:00,72.81273103971425
2020-05-14 00:00:00-04:00,70.58098235753178
2020-05-15 00:00:00-04:00,71.75647578626567
2020-05-18 00:00:00-04:00,72.21645845350204
2020-05-19 00:00:00-04:00,72.39533811984464
2020-05-20 00:00:00-04:00,73.0341943936366
2020-05-21 00:00:00-04:00,73.42602168869027
2020-05-22 00:00:00-04:00,71.42427114482076
2020-05-26 00:00:00-04:00,72.51458150994378
2020-05-27 00:00:00-04:00,71.75648441987221
2020-05-28 00:00:00-04:00,72.46348174695038
2020-05-29 00:00:00-04:00,74.38857517533961
2020-06-01 00:00:00-04:00,74.20969842684349
2020-06-02 00:00:00-04:00,73.11936691812997
2020-06-03 00:00:00-04:00,72.87235575592425
2020-06-04 00:00:00-04:00,72.82975847392036
2020-06-05 00:00:00-04:00,72.9745651663578
2020-06-08 00:00:00-04:00,73.03419004068971
2020-06-09 00:00:00-04:00,74.97631629027597
2020-06-10 00:00:00-04:00,75.43629345399941
2020-06-11 00:00:00-04:00,74.58448521378294
2020-06-12 00:00:00-04:00,72.52310464644029
2020-06-15 00:00:00-04:00,72.74457846325126
2020-06-16 00:00:00-04:00,74.34597636906025
2020-06-17 00:00:00-04:00,75.97293836926634
2020-06-18 00:00:00-04:00,76.5692113337209
2020-06-19 00:00:00-04:00,77.40397899696835
2020-06-22 00:00:00-04:00,77.2336113811295
2020-06-23 00:00:00-04:00,77.39546624569597
2020-06-24 00:00:00-04:00,76.62883577704017
2020-06-25 00:00:00-04:00,75.63221761798052
2020-06-26 00:00:00-04:00,75.44481934165364
2020-06-29 00:00:00-04:00,74.97631720397662
2020-06-30 00:00:00-04:00,73.6730574051963
2020-07-01 00:00:00-04:00,74.5078269680249
2020-07-02 00:00:00-04:00,74.49930269832787
2020-07-06 00:00:00-04:00,75.30001346918681
2020-07-07 00:00:00-04:00,74.98483019416837
2020-07-08 00:00:00-04:00,74.70373540541978
2020-07-09 00:00:00-04:00,75.12965196901649
2020-07-10 00:00:00-04:00,74.25228354867767
2020-07-13 00:00:00-04:00,73.8434113854546
2020-07-14 00:00:00-04:00,73.38343872790908
2020-07-15 00:00:00-04:00,74.83151667707178
2020-07-16 00:00:00-04:00,74.20968854000877
2020-07-17 00:00:00-04:00,74.54189659631776
2020-07-20 00:00:00-04:00,75.52148178464077
2020-07-21 00:00:00-04:00,74.30339332545799
2020-07-22 00:00:00-04:00,73.93711758410758
2020-07-23 00:00:00-04:00,73.5623196437554
2020-07-24 00:00:00-04:00,72.20793252965119
2020-07-27 00:00:00-04:00,71.84166536640485
2020-07-28 00:00:00-04:00,71.86721426318063
2020-07-29 00:00:00-04:00,71.55203805423604
2020-07-30 00:00:00-04:00,70.76838010012605
2020-07-31 00:00:00-04:00,70.76837775072386
2020-08-03 00:00:00-04:00,71.44981890641398
2020-08-04 00:00:00-04:00,71.25391217356355
2020-08-05 00:00:00-04:00,71.7309217302978
2020-08-06 00:00:00-04:00,71.1005831449309
2020-08-07 00:00:00-04:00,70.41062079392401
2020-08-10 00:00:00-04:00,70.15508028175613
2020-08-11 00:00:00-04:00,71.10910962054993
2020-08-12 00:00:00-04:00,71.97794446523046
2020-08-13 00:00:00-04:00,72.91493732593305
2020-08-14 00:00:00-04:00,72.46347917380564
2020-08-17 00:00:00-04:00,72.77864985556018
2020-08-18 00:00:00-04:00,73.38343557875531
2020-08-19 00:00:00-04:00,73.69009781238742
2020-08-20 00:00:00-04:00,73.22159418561968
2020-08-21 00:00:00-04:00,73.45159123580514
2020-08-24 00:00:00-04:00,73.8945254058051
2020-08-25 00:00:00-04:00,74.03081539712558
2020-08-26 00:00:00-04:00,73.62194140306882
2020-08-27 00:00:00-04:00,75.0870581503239
2020-08-28 00:00:00-04:00,73.78379399189852
2020-08-31 00:00:00-04:00,73.57934927890098
2020-09-01 00:00:00-04:00,74.86558565022742
2020-09-02 00:00:00-04:00,74.78891701893589
2020-09-03 00:00:00-04:00,76.007017119956
2020-09-04 00:00:00-04:00,74.36302450515745
2020-09-08 00:00:00-04:00,74.02229411404538
2020-09-09 00:00:00-04:00,75.30000880634972
2020-09-10 00:00:00-04:00,76.42438989140992
2020-09-11 00:00:00-04:00,77.02066240644893
2020-09-14 00:00:00-04:00,76.30514177176431
2020-09-15 00:00:00-04:00,78.13654131849314
2020-09-16 00:00:00-04:00,78.59651216806009
2020-09-17 00:00:00-04:00,76.86734202390159
2020-09-18 00:00:00-04:00,78.24727147196207
2020-09-21 00:00:00-04:00,76.33069149839598
2020-09-22 00:00:00-04:00,76.06664242773827
2020-09-23 00:00:00-04:00,75.4533331737766
2020-09-24 00:00:00-04:00,73.81786736995448
2020-09-25 00:00:00-04:00,73.24714983774025
2020-09-28 00:00:00-04:00,74.41412923606718
2020-09-29 00:00:00-04:00,75.0444647377339
2020-09-30 00:00:00-04:00,74.35450128568883
2020-10-01 00:00:00-04:00,75.21482420540302
2020-10-02 00:00:00-04:00,74.00524953637857
2020-10-05 00:00:00-04:00,75.1296511995133
2020-10-06 00:00:00-04:00,74.84003235420427
2020-10-07 00:00:00-04:00,73.281219112873
2020-10-08 00:00:00-04:00,73.98821282135647
2020-10-09 00:00:00-04:00,75.28296872742872
2020-10-12 00:00:00-04:00,75.67479525072633
2020-10-13 00:00:00-04:00,75.36815805826562
2020-10-14 00:00:00-04:00,74.8229936330899
2020-10-15 00:00:00-04:00,72.74457338623525
2020-10-16 00:00:00-04:00,73.24714507543327
2020-10-19 00:00:00-04:00,73.89452677878322
2020-10-20 00:00:00-04:00,72.8212417511325
2020-10-21 00:00:00-04:00,72.34422586733375
2020-10-22 00:00:00-04:00,71.73091736951629
2020-10-23 00:00:00-04:00,72.0886867528032
2020-10-26 00:00:00-04:00,71.63722168039783
2020-10-27 00:00:00-04:00,69.83990855591841
2020-10-28 00:00:00-04:00,67.62519652702616
2020-10-29 00:00:00-04:00,66.15156998324193
2020-10-30 00:00:00-04:00,66.19415868914345
2020-11-02 00:00:00-05:00,67.47187152069745
2020-11-03 00:00:00-05:00,69.36289293936682
2020-11-04 00:00:00-05:00,71.0750315219171
2020-11-05 00:00:00-05:00,71.95239554280283
2020-11-06 00:00:00-05:00,72.13127105842662
2020-11-09 00:00:00-05:00,72.55718666688516
2020-11-10 00:00:00-05:00,72.20793777270221
2020-11-11 00:00:00-05:00,73.2045544896513
2020-11-12 00:00:00-05:00,73.62194805714466
2020-11-13 00:00:00-05:00,73.01715772480064
2020-11-16 00:00:00-05:00,73.50268463668937
2020-11-17 00:00:00-05:00,74.06487934106434
2020-11-18 00:00:00-05:00,73.80934982673062
2020-11-19 00:00:00-05:00,73.56231472532924
2020-11-20 00:00:00-05:00,74.12450241498597
2020-11-23 00:00:00-05:00,74.23525002099872
2020-11-24 00:00:00-05:00,74.75485029367137
2020-11-25 00:00:00-05:00,75.82812378368833
2020-11-27 00:00:00-05:00,75.94738846664958
2020-11-30 00:00:00-05:00,76.5606877178621
2020-12-01 00:00:00-05:00,76.06663828718773
2020-12-02 00:00:00-05:00,77.88098574977339
2020-12-03 00:00:00-05:00,77.3613914958548
2020-12-04 00:00:00-05:00,77.56581342078024
2020-12-07 00:00:00-05:00,77.93210050210807
2020-12-08 00:00:00-05:00,76.67141887034309
2020-12-09 00:00:00-05:00,78.24727717335689
2020-12-10 00:00:00-05:00,78.0343219186326
2020-12-11 00:00:00-05:00,78.29837478293953
2020-12-14 00:00:00-05:00,77.82136510889788
2020-12-15 00:00:00-05:00,76.71401177557618
2020-12-16 00:00:00-05:00,77.51471952309785
2020-12-17 00:00:00-05:00,78.74132679560866
2020-12-18 00:00:00-05:00,78.2472739165727
2020-12-21 00:00:00-05:00,75.18927399794397
2020-12-22 00:00:00-05:00,75.31704245397022
2020-12-23 00:00:00-05:00,75.572593056325
2020-12-24 00:00:00-05:00,75.41074793924969
2020-12-28 00:00:00-05:00,77.3358351118977
2020-12-29 00:00:00-05:00,79.09908673173632
2020-12-30 00:00:00-05:00,80.18087374632495
2020-12-31 00:00:00-05:00,80.22347174029268
2021-01-04 00:00:00-05:00,80.93048052231805
2021-01-05 00:00:00-05:00,80.57271235633853
2021-01-06 00:00:00-05:00,79.43980323511872
2021-01-07 00:00:00-05:00,79.46535951863643
2021-01-08 00:00:00-05:00,80.03607116588603
2021-01-11 00:00:00-05:00,79.78904709382512
2021-01-12 00:00:00-05:00,79.88274111339908
2021-01-13 00:00:00-05:00,79.66127832939104
2021-01-14 00:00:00-05:00,80.12124857017835
2021-01-15 00:00:00-05:00,81.44156193381882
2021-01-19 00:00:00-05:00,82.09744571048417
2021-01-20 00:00:00-05:00,82.45521340838332
2021-01-21 00:00:00-05:00,82.52335357666016
2021-01-22 00:00:00-05:00,82.57447082693008
2021-01-25 00:00:00-05:00,82.78742309868521
2021-01-26 00:00:00-05:00,80.35976250692016
2021-01-27 00:00:00-05:00,80.7175230532363
2021-01-28 00:00:00-05:00,79.91681555574097
2021-01-29 00:00:00-05:00,77.72766610103284
2021-02-01 00:00:00-05:00,77.27621008759233
2021-02-02 00:00:00-05:00,77.06324767227909
2021-02-03 00:00:00-05:00,76.10922792811617
2021-02-04 00:00:00-05:00,76.95252110577967
2021-02-05 00:00:00-05:00,77.15696536066476
2021-02-08 00:00:00-05:00,77.87247577511863
2021-02-09 00:00:00-05:00,77.51470720303803
2021-02-10 00:00:00-05:00,78.36652021209834
2021-02-11 00:00:00-05:00,78.55391934909561
2021-02-12 00:00:00-05:00,77.85544419262521
2021-02-16 00:00:00-05:00,78.6646656858417
2021-02-17 00:00:00-05:00,77.05474270175016
2021-02-18 00:00:00-05:00,76.30514126750462
2021-02-19 00:00:00-05:00,75.82812320563387
2021-02-22 00:00:00-05:00,75.13816087113479
2021-02-23 00:00:00-05:00,74.01377737192799
2021-02-24 00:00:00-05:00,74.24376902275618
2021-02-25 00:00:00-05:00,74.56745466583578
2021-02-26 00:00:00-05:00,74.22672352425971
2021-03-01 00:00:00-05:00,73.72415987201055
2021-03-02 00:00:00-05:00,75.02742804728693
2021-03-03 00:00:00-05:00,74.95927875905403
2021-03-04 00:00:00-05:00,74.9636980349987
2021-03-05 00:00:00-05:00,73.85620294412051
2021-03-08 00:00:00-05:00,74.41437376309133
2021-03-09 00:00:00-05:00,74.29034107127171
2021-03-10 00:00:00-05:00,74.8751000970048
2021-03-11 00:00:00-05:00,75.02571538568688
2021-03-12 00:00:00-05:00,74.32578568001924
2021-03-15 00:00:00-04:00,74.72446672717604
2021-03-16 00:00:00-04:00,75.6724930660826
2021-03-17 00:00:00-04:00,75.44213279487363
2021-03-18 00:00:00-04:00,75.45099500766223
2021-03-19 00:00:00-04:00,75.85855011245626
2021-03-22 00:00:00-04:00,75.76994355476553
2021-03-23 00:00:00-04:00,76.3812806334582
2021-03-24 00:00:00-04:00,76.18636538188045
2021-03-25 00:00:00-04:00,77.05463700561384
2021-03-26 00:00:00-04:00,76.91287328151134
2021-03-29 00:00:00-04:00,77.36472537055825
2021-03-30 00:00:00-04:00,76.93059667301075
2021-03-31 00:00:00-04:00,75.9028383732931
2021-04-01 00:00:00-04:00,75.89399106025455
2021-04-05 00:00:00-04:00,76.51417869443492
2021-04-06 00:00:00-04:00,77.001473118647
2021-04-07 00:00:00-04:00,76.53189556181712
2021-04-08 00:00:00-04:00,76.84199677211735
2021-04-09 00:00:00-04:00,77.22298362149782
2021-04-12 00:00:00-04:00,77.27613170124424
2021-04-13 00:00:00-04:00,76.3635574432724
2021-04-14 00:00:00-04:00,76.60278012470465
2021-04-15 00:00:00-04:00,76.95716631684071
2021-04-16 00:00:00-04:00,77.47104709804962
2021-04-19 00:00:00-04:00,78.40133833076075
2021-04-20 00:00:00-04:00,77.77227947761077
2021-04-21 00:00:00-04:00,78.2507233569198
2021-04-22 00:00:00-04:00,78.0646610162926
2021-04-23 00:00:00-04:00,77.83429871571859
2021-04-26 00:00:00-04:00,78.07352041765303
2021-04-27 00:00:00-04:00,77.13436737191124
2021-04-28 00:00:00-04:00,76.47873458935068
2021-04-29 00:00:00-04:00,76.4875940955625
2021-04-30 00:00:00-04:00,75.85854672810684
2021-05-03 00:00:00-04:00,76.39013938914691
2021-05-04 00:00:00-04:00,75.91170337350543
2021-05-05 00:00:00-04:00,76.34584308750631
2021-05-06 00:00:00-04:00,76.95717036637465
2021-05-07 00:00:00-04:00,77.81658630593256
2021-05-10 00:00:00-04:00,77.9672026233739
2021-05-11 00:00:00-04:00,77.311573270329
2021-05-12 00:00:00-04:00,77.93176334759858
2021-05-13 00:00:00-04:00,77.66596288734304
2021-05-14 00:00:00-04:00,78.95951081090102
2021-05-17 00:00:00-04:00,78.5962609657322
2021-05-18 00:00:00-04:00,78.53423742031569
2021-05-19 00:00:00-04:00,77.6393844421152
2021-05-20 00:00:00-04:00,77.3115731175969
2021-05-21 00:00:00-04:00,78.06466674804688
2021-05-24 00:00:00-04:00,78.25957846478755
2021-05-25 00:00:00-04:00,78.65827216098052
2021-05-26 00:00:00-04:00,78.7823142736425
2021-05-27 00:00:00-04:00,78.67599576459901
2021-05-28 00:00:00-04:00,77.8963237528291
2021-06-01 00:00:00-04:00,78.85319407293379
2021-06-02 00:00:00-04:00,78.73801283170467
2021-06-03 00:00:00-04:00,78.80004105238946
2021-06-04 00:00:00-04:00,79.5619888305664
2021-06-07 00:00:00-04:00,79.65058875659854
2021-06-08 00:00:00-04:00,80.11130055683883
2021-06-09 00:00:00-04:00,80.98843067117184
2021-06-10 00:00:00-04:00,81.99846782876592
2021-06-11 00:00:00-04:00,82.62751977060138
2021-06-14 00:00:00-04:00,82.57435542105581
2021-06-15 00:00:00-04:00,83.56666769831497
2021-06-16 00:00:00-04:00,83.58438263958469
2021-06-17 00:00:00-04:00,83.0084987242451
2021-06-18 00:00:00-04:00,82.76927389694346
2021-06-21 00:00:00-04:00,82.71611718153825
2021-06-22 00:00:00-04:00,82.66296033336798
2021-06-23 00:00:00-04:00,83.02621251527864
2021-06-24 00:00:00-04:00,81.90986225770095
2021-06-25 00:00:00-04:00,82.05162622297979
2021-06-28 00:00:00-04:00,81.74152945942654
2021-06-29 00:00:00-04:00,81.41371485465895
2021-06-30 00:00:00-04:00,80.78465703583906
2021-07-01 00:00:00-04:00,80.88210780764068
2021-07-02 00:00:00-04:00,80.74034867379838
2021-07-06 00:00:00-04:00,81.36055108364998
2021-07-07 00:00:00-04:00,81.20106963308551
2021-07-08 00:00:00-04:00,81.55547293436155
2021-07-09 00:00:00-04:00,81.59976776716802
2021-07-12 00:00:00-04:00,82.57436028318696
2021-07-13 00:00:00-04:00,81.89214616298266
2021-07-14 00:00:00-04:00,81.59090496857206
2021-07-15 00:00:00-04:00,81.17449113441798
2021-07-16 00:00:00-04:00,81.52888579653275
2021-07-19 00:00:00-04:00,80.04041479435035
2021-07-20 00:00:00-04:00,79.85436082956349
2021-07-21 00:00:00-04:00,79.16328519010524
2021-07-22 00:00:00-04:00,80.97956936803271
2021-07-23 00:00:00-04:00,81.38712616532524
2021-07-26 00:00:00-04:00,80.67833468259245
2021-07-27 00:00:00-04:00,80.55429368255838
2021-07-28 00:00:00-04:00,80.9795778553391
2021-07-29 00:00:00-04:00,82.01617850786788
2021-07-30 00:00:00-04:00,82.104781100571
2021-08-02 00:00:00-04:00,81.88328910510569
2021-08-03 00:00:00-04:00,81.99847322047036
2021-08-04 00:00:00-04:00,81.53774926824235
2021-08-05 00:00:00-04:00,81.53774692299889
2021-08-06 00:00:00-04:00,81.04159139758116
2021-08-09 00:00:00-04:00,81.35169627565595
2021-08-10 00:00:00-04:00,81.62635089608882
2021-08-11 00:00:00-04:00,82.16680261837087
2021-08-12 00:00:00-04:00,82.1756610738313
2021-08-13 00:00:00-04:00,82.78699429201365
2021-08-16 00:00:00-04:00,83.05278978001988
2021-08-17 00:00:00-04:00,83.61982732696569
2021-08-18 00:00:00-04:00,83.92993178340694
2021-08-19 00:00:00-04:00,82.34400329273824
2021-08-20 00:00:00-04:00,82.11364157848936
2021-08-23 00:00:00-04:00,83.15911268432065
2021-08-24 00:00:00-04:00,82.50347814378148
2021-08-25 00:00:00-04:00,81.13019799666523
2021-08-26 00:00:00-04:00,81.09475161392089
2021-08-27 00:00:00-04:00,81.34282759787708
2021-08-30 00:00:00-04:00,81.00614598940197
2021-08-31 00:00:00-04:00,82.3971597413058
2021-09-01 00:00:00-04:00,82.0870590209961
2021-09-02 00:00:00-04:00,81.71494675389668
2021-09-03 00:00:00-04:00,81.14790979883887
2021-09-07 00:00:00-04:00,80.01383447543064
2021-09-08 00:00:00-04:00,77.92290154539533
2021-09-09 00:00:00-04:00,77.33814415749896
2021-09-10 00:00:00-04:00,76.31039940693134
2021-09-13 00:00:00-04:00,75.95600574874945
2021-09-14 00:00:00-04:00,75.94715021794678
2021-09-15 00:00:00-04:00,75.45099259267711
2021-09-16 00:00:00-04:00,75.02571821695643
2021-09-17 00:00:00-04:00,74.3346466431174
2021-09-20 00:00:00-04:00,72.70441584039
2021-09-21 00:00:00-04:00,73.8473438255822
2021-09-22 00:00:00-04:00,73.70558994891967
2021-09-23 00:00:00-04:00,74.03339741463098
2021-09-24 00:00:00-04:00,73.85621139136023
2021-09-27 00:00:00-04:00,73.09425240244185
2021-09-28 00:00:00-04:00,73.28917544387498
2021-09-29 00:00:00-04:00,73.32461242906898
2021-09-30 00:00:00-04:00,72.82845921095586
2021-10-01 00:00:00-04:00,72.34116082728121
2021-10-04 00:00:00-04:00,72.94363506027433
2021-10-05 00:00:00-04:00,72.64239590578715
2021-10-06 00:00:00-04:00,72.10194278882558
2021-10-07 00:00:00-04:00,72.91705182841487
2021-10-08 00:00:00-04:00,73.30689212312167
2021-10-11 00:00:00-04:00,73.42207264296702
2021-10-12 00:00:00-04:00,72.87275951689685
2021-10-13 00:00:00-04:00,72.97021509585139
2021-10-14 00:00:00-04:00,73.30689189533847
2021-10-15 00:00:00-04:00,73.31575161391035
2021-10-18 00:00:00-04:00,73.19171310271194
2021-10-19 00:00:00-04:00,73.67901255924684
2021-10-20 00:00:00-04:00,74.5561361952065
2021-10-21 00:00:00-04:00,74.97255784004486
2021-10-22 00:00:00-04:00,74.91053758890463
2021-10-25 00:00:00-04:00,74.1308561848627
2021-10-26 00:00:00-04:00,74.37008635079239
2021-10-27 00:00:00-04:00,74.18402562280684
2021-10-28 00:00:00-04:00,73.7853262598891
2021-10-29 00:00:00-04:00,73.1917154794538
2021-11-01 00:00:00-04:00,74.27261784915248
2021-11-02 00:00:00-04:00,74.50297776618278
2021-11-03 00:00:00-04:00,73.76761041555194
2021-11-04 00:00:00-04:00,74.01569008394164
2021-11-05 00:00:00-04:00,73.83848213136466
2021-11-08 00:00:00-05:00,73.84734649841471
2021-11-09 00:00:00-05:00,74.14858146028897
2021-11-10 00:00:00-05:00,74.13972349131767
2021-11-11 00:00:00-05:00,73.45751077820866
2021-11-12 00:00:00-05:00,73.29803852021874
2021-11-15 00:00:00-05:00,73.21829506656461
2021-11-16 00:00:00-05:00,73.17398526781506
2021-11-17 00:00:00-05:00,72.58923886427534
2021-11-18 00:00:00-05:00,72.59810091834728
2021-11-19 00:00:00-05:00,72.90819320529877
2021-11-22 00:00:00-05:00,72.40318774041167
2021-11-23 00:00:00-05:00,72.81959357469276
2021-11-24 00:00:00-05:00,72.49177524826867
2021-11-26 00:00:00-05:00,71.90702772200108
2021-11-29 00:00:00-05:00,71.00331573391087
2021-11-30 00:00:00-05:00,71.10077736545223
2021-12-01 00:00:00-05:00,71.43745341867235
2021-12-02 00:00:00-05:00,70.68435935188256
2021-12-03 00:00:00-05:00,71.42858925595647
2021-12-06 00:00:00-05:00,71.11849451253012
2021-12-07 00:00:00-05:00,71.22481230029554
2021-12-08 00:00:00-05:00,72.21712087447544
2021-12-09 00:00:00-05:00,71.68553612041859
2021-12-10 00:00:00-05:00,71.2691186154134
2021-12-13 00:00:00-05:00,71.53491044571578
2021-12-14 00:00:00-05:00,71.71211029958299
2021-12-15 00:00:00-05:00,71.6057841118003
2021-12-16 00:00:00-05:00,75.79652797864799
2021-12-17 00:00:00-05:00,76.46101850573544
2021-12-20 00:00:00-05:00,75.73450687628826
2021-12-21 00:00:00-05:00,76.04460817701182
2021-12-22 00:00:00-05:00,75.76994546660083
2021-12-23 00:00:00-05:00,76.89515227654547
2021-12-27 00:00:00-05:00,77.24955138611259
2021-12-28 00:00:00-05:00,78.09123637431995
2021-12-29 00:00:00-05:00,77.70140314107239
2021-12-30 00:00:00-05:00,77.86974591925512
2021-12-31 00:00:00-05:00,77.59508680077525
2022-01-03 00:00:00-05:00,77.56851105696164
2022-01-04 00:00:00-05:00,77.9849182110988
2022-01-05 00:00:00-05:00,78.37475842134592
2022-01-06 00:00:00-05:00,78.5785340598345
2022-01-07 00:00:00-05:00,78.4190646551523
2022-01-10 00:00:00-05:00,78.41019890291884
2022-01-11 00:00:00-05:00,79.1101393915791
2022-01-12 00:00:00-05:00,79.04811651404061
2022-01-13 00:00:00-05:00,80.06700019943679
2022-01-14 00:00:00-05:00,80.11130305214894
2022-01-18 00:00:00-05:00,79.28733226789437
2022-01-19 00:00:00-05:00,78.75573921813483
2022-01-20 00:00:00-05:00,78.77345838697536
2022-01-21 00:00:00-05:00,77.80772171843883
2022-01-24 00:00:00-05:00,74.92825518466117
2022-01-25 00:00:00-05:00,74.46754629511607
2022-01-26 00:00:00-05:00,75.39782460568786
2022-01-27 00:00:00-05:00,75.1497488646566
2022-01-28 00:00:00-05:00,74.93712406452833
2022-01-31 00:00:00-05:00,76.14206021739
2022-02-01 00:00:00-05:00,78.06465937367622
2022-02-02 00:00:00-05:00,75.34467913329685
2022-02-03 00:00:00-05:00,76.43442942424777
2022-02-04 00:00:00-05:00,76.39014104573
2022-02-07 00:00:00-05:00,77.0989324990952
2022-02-08 00:00:00-05:00,77.18753268161002
2022-02-09 00:00:00-05:00,77.72798079524681
2022-02-10 00:00:00-05:00,77.20525511550147
2022-02-11 00:00:00-05:00,76.3458403621257
2022-02-14 00:00:00-05:00,76.54076136497106
2022-02-15 00:00:00-05:00,76.38127213508112
2022-02-16 00:00:00-05:00,77.08121357515118
2022-02-17 00:00:00-05:00,77.12551180698411
2022-02-18 00:00:00-05:00,76.79769440752132
2022-02-22 00:00:00-05:00,76.04460906982422
2022-02-23 00:00:00-05:00,77.42675178669766
2022-02-24 00:00:00-05:00,75.43326909199106
2022-02-25 00:00:00-05:00,76.69137893674075
2022-02-28 00:00:00-05:00,77.07235269324735
2022-03-01 00:00:00-05:00,78.05579782407204
2022-03-02 00:00:00-05:00,76.88629211084326
2022-03-03 00:00:00-05:00,77.32042698034566
2022-03-04 00:00:00-05:00,74.71561989902887
2022-03-07 00:00:00-05:00,74.27262422618266
2022-03-08 00:00:00-05:00,73.26521507458125
2022-03-09 00:00:00-05:00,74.75138324456938
2022-03-10 00:00:00-05:00,76.49601083469588
2022-03-11 00:00:00-05:00,76.84678139502229
2022-03-14 00:00:00-04:00,77.38216807254827
2022-03-15 00:00:00-04:00,77.71448519220793
2022-03-16 00:00:00-04:00,78.30526349996043
2022-03-17 00:00:00-04:00,78.39756052867509
2022-03-18 00:00:00-04:00,79.31141592933167
2022-03-21 00:00:00-04:00,79.9391149076644
2022-03-22 00:00:00-04:00,79.24680282909779
2022-03-23 00:00:00-04:00,78.77602521440855
2022-03-24 00:00:00-04:00,79.32987977471902
2022-03-25 00:00:00-04:00,80.24373092472764
2022-03-28 00:00:00-04:00,80.14219536846322
2022-03-29 00:00:00-04:00,80.76988858259523
2022-03-30 00:00:00-04:00,81.24988659510495
2022-03-31 00:00:00-04:00,81.47143881774954
2022-04-01 00:00:00-04:00,80.48373214696392
2022-04-04 00:00:00-04:00,81.43451305961122
2022-04-05 00:00:00-04:00,81.07451371873728
2022-04-06 00:00:00-04:00,82.02528270665903
2022-04-07 00:00:00-04:00,84.00068364048323
2022-04-08 00:00:00-04:00,85.06223505128884
2022-04-11 00:00:00-04:00,86.862247468438
2022-04-12 00:00:00-04:00,86.12378405272051
2022-04-13 00:00:00-04:00,85.64377649218642
2022-04-14 00:00:00-04:00,85.66224000924139
2022-04-18 00:00:00-04:00,84.88684443340313
2022-04-19 00:00:00-04:00,84.53607632168962
2022-04-20 00:00:00-04:00,84.09299773547744
2022-04-21 00:00:00-04:00,84.00068991103082
2022-04-22 00:00:00-04:00,83.53914561042983
2022-04-25 00:00:00-04:00,83.10529662202725
2022-04-26 00:00:00-04:00,83.31760446039362
2022-04-27 00:00:00-04:00,82.47759964234619
2022-04-28 00:00:00-04:00,82.22836964926472
2022-04-29 00:00:00-04:00,82.37605611929322
2022-05-02 00:00:00-04:00,80.96373852781477
2022-05-03 00:00:00-04:00,80.79758432515055
2022-05-04 00:00:00-04:00,80.73296335066917
2022-05-05 00:00:00-04:00,80.4375780078095
2022-05-06 00:00:00-04:00,79.3668054765227
2022-05-09 00:00:00-04:00,78.10217250882202
2022-05-10 00:00:00-04:00,78.12063191677318
2022-05-11 00:00:00-04:00,78.2406412287506
2022-05-12 00:00:00-04:00,78.08371255212226
2022-05-13 00:00:00-04:00,79.48680392176205
2022-05-16 00:00:00-04:00,80.01296261033923
2022-05-17 00:00:00-04:00,81.3514320381877
2022-05-18 00:00:00-04:00,81.09297309209578
2022-05-19 00:00:00-04:00,81.27759448530139
2022-05-20 00:00:00-04:00,81.73913444055559
2022-05-23 00:00:00-04:00,83.02222211391997
2022-05-24 00:00:00-04:00,83.991452111166
2022-05-25 00:00:00-04:00,84.25915197945928
2022-05-26 00:00:00-04:00,84.26837591452889
2022-05-27 00:00:00-04:00,84.01914879053444
2022-05-31 00:00:00-04:00,83.45607122298388
2022-06-01 00:00:00-04:00,83.4099146195187
2022-06-02 00:00:00-04:00,82.80066965558962
2022-06-03 00:00:00-04:00,82.41297915755578
2022-06-06 00:00:00-04:00,82.70836043215583
2022-06-07 00:00:00-04:00,81.13912809174823
2022-06-08 00:00:00-04:00,80.63142395019531
2022-06-09 00:00:00-04:00,81.02835794299521
2022-06-10 00:00:00-04:00,78.23140893376473
2022-06-13 00:00:00-04:00,76.7729329153404
2022-06-14 00:00:00-04:00,75.84062436693831
2022-06-15 00:00:00-04:00,74.99137729619342
2022-06-16 00:00:00-04:00,75.12984821518702
2022-06-17 00:00:00-04:00,75.17600244035897
2022-06-21 00:00:00-04:00,76.25600986847765
2022-06-22 00:00:00-04:00,75.04677656416384
2022-06-23 00:00:00-04:00,75.3329266896924
2022-06-24 00:00:00-04:00,77.09600671092511
2022-06-27 00:00:00-04:00,78.53602801377676
2022-06-28 00:00:00-04:00,78.87756134212756
2022-06-29 00:00:00-04:00,78.32371875082642
2022-06-30 00:00:00-04:00,77.87140527458656
2022-07-01 00:00:00-04:00,76.86524081941118
2022-07-05 00:00:00-04:00,77.17909671188343
2022-07-06 00:00:00-04:00,77.16985810147061
2022-07-07 00:00:00-04:00,77.87140859977984
2022-07-08 00:00:00-04:00,77.74217016901812
2022-07-11 00:00:00-04:00,77.82525380607368
2022-07-12 00:00:00-04:00,77.88986361306664
2022-07-13 00:00:00-04:00,76.64370273136737
2022-07-14 00:00:00-04:00,75.83138758824532
2022-07-15 00:00:00-04:00,77.04063514028613
2022-07-18 00:00:00-04:00,78.21294815030033
2022-07-19 00:00:00-04:00,79.56064983219623
2022-07-20 00:00:00-04:00,78.73910512121233
2022-07-21 00:00:00-04:00,77.81602853401496
2022-07-22 00:00:00-04:00,79.57911175957963
2022-07-25 00:00:00-04:00,79.3114171768274
2022-07-26 00:00:00-04:00,80.22527483455116
2022-07-27 00:00:00-04:00,79.81911316554812
2022-07-28 00:00:00-04:00,80.09603862879025
2022-07-29 00:00:00-04:00,79.78218941121605
2022-08-01 00:00:00-04:00,78.98833361903111
2022-08-02 00:00:00-04:00,79.02526214239836
2022-08-03 00:00:00-04:00,78.60064976769193
2022-08-04 00:00:00-04:00,78.48987076417396
2022-08-05 00:00:00-04:00,78.54525861575443
2022-08-08 00:00:00-04:00,79.42218679708063
2022-08-09 00:00:00-04:00,80.345268012669
2022-08-10 00:00:00-04:00,81.24989295283906
2022-08-11 00:00:00-04:00,79.2283373277628
2022-08-12 00:00:00-04:00,78.51755938548115
2022-08-15 00:00:00-04:00,78.70218450425295
2022-08-16 00:00:00-04:00,78.38833115372091
2022-08-17 00:00:00-04:00,78.6652603149414
2022-08-18 00:00:00-04:00,78.81294654735765
2022-08-19 00:00:00-04:00,78.72986838757842
2022-08-22 00:00:00-04:00,78.73910383043139
2022-08-23 00:00:00-04:00,77.18832091466386
2022-08-24 00:00:00-04:00,76.88371326137606
2022-08-25 00:00:00-04:00,76.9667778694689
2022-08-26 00:00:00-04:00,77.96370676379097
2022-08-29 00:00:00-04:00,76.61601178479413
2022-08-30 00:00:00-04:00,75.69292443583718
2022-08-31 00:00:00-04:00,74.90830706886854
2022-09-01 00:00:00-04:00,74.0036779259359
2022-09-02 00:00:00-04:00,74.30830226532719
2022-09-06 00:00:00-04:00,74.46522262326782
2022-09-07 00:00:00-04:00,74.12368118989347
2022-09-08 00:00:00-04:00,74.1513731268961
2022-09-09 00:00:00-04:00,76.20062277000314
2022-09-12 00:00:00-04:00,77.24370928819431
2022-09-13 00:00:00-04:00,76.61601586392771
2022-09-14 00:00:00-04:00,75.23138403301978
2022-09-15 00:00:00-04:00,74.59445419357814
2022-09-16 00:00:00-04:00,74.60368475078742
2022-09-19 00:00:00-04:00,74.0590723750126
2022-09-20 00:00:00-04:00,73.91137774433737
2022-09-21 00:00:00-04:00,72.92366827267027
2022-09-22 00:00:00-04:00,70.43134614829248
2022-09-23 00:00:00-04:00,70.44981209702688
2022-09-26 00:00:00-04:00,68.73286618746043
2022-09-27 00:00:00-04:00,69.75749254600196
2022-09-28 00:00:00-04:00,69.91441553250107
2022-09-29 00:00:00-04:00,70.56980746343186
2022-09-30 00:00:00-04:00,70.74519886932269
2022-10-03 00:00:00-04:00,70.96673508693253
2022-10-04 00:00:00-04:00,71.74212322189071
2022-10-05 00:00:00-04:00,71.72365700250913
2022-10-06 00:00:00-04:00,70.40365070294557
2022-10-07 00:00:00-04:00,70.30211967661104
2022-10-10 00:00:00-04:00,69.68364670129127
2022-10-11 00:00:00-04:00,69.93288521724402
2022-10-12 00:00:00-04:00,69.97902878993851
2022-10-13 00:00:00-04:00,68.56671878267495
2022-10-14 00:00:00-04:00,70.28364992370108
2022-10-17 00:00:00-04:00,71.40057726336205
2022-10-18 00:00:00-04:00,71.91751651478059
2022-10-19 00:00:00-04:00,71.16057434450464
2022-10-20 00:00:00-04:00,70.04364909168774
2022-10-21 00:00:00-04:00,69.75748939709156
2022-10-24 00:00:00-04:00,71.59443081539817
2022-10-25 00:00:00-04:00,72.1390558951792
2022-10-26 00:00:00-04:00,72.81290060787596
2022-10-27 00:00:00-04:00,73.5329147042169
2022-10-28 00:00:00-04:00,73.59752584591975
2022-10-31 00:00:00-04:00,74.26214146232019
2022-11-01 00:00:00-04:00,75.24061807237244
2022-11-02 00:00:00-04:00,75.29599854326224
2022-11-03 00:00:00-04:00,73.78213984191842
2022-11-04 00:00:00-04:00,75.03753689987938
2022-11-07 00:00:00-05:00,74.85291801749331
2022-11-08 00:00:00-05:00,75.1113851059604
2022-11-09 00:00:00-05:00,76.17292564344017
2022-11-10 00:00:00-05:00,78.73911356101607
2022-11-11 00:00:00-05:00,77.88063369839931
2022-11-14 00:00:00-05:00,77.01293636812792
2022-11-15 00:00:00-05:00,77.62217617180362
2022-11-16 00:00:00-05:00,77.61294427681202
2022-11-17 00:00:00-05:00,75.92369519846345
2022-11-18 00:00:00-05:00,78.2960255923612
2022-11-21 00:00:00-05:00,79.68988394226348
2022-11-22 00:00:00-05:00,80.73296761756527
2022-11-23 00:00:00-05:00,80.67758202780794
2022-11-25 00:00:00-05:00,80.2252741421797
2022-11-28 00:00:00-05:00,81.19451295197388
2022-11-29 00:00:00-05:00,81.00066554152893
2022-11-30 00:00:00-05:00,81.62835724350016
2022-12-01 00:00:00-05:00,82.81913858052246
2022-12-02 00:00:00-05:00,82.01605130340452
2022-12-05 00:00:00-05:00,83.84376193330525
2022-12-06 00:00:00-05:00,83.9914522652054
2022-12-07 00:00:00-05:00,84.62838824550812
2022-12-08 00:00:00-05:00,83.68683581217681
2022-12-09 00:00:00-05:00,84.73915623354785
2022-12-12 00:00:00-05:00,83.90838109985206
2022-12-13 00:00:00-05:00,84.96069610788321
2022-12-14 00:00:00-05:00,85.034541056308
2022-12-15 00:00:00-05:00,84.80377291430558
2022-12-16 00:00:00-05:00,83.50221765591904
2022-12-19 00:00:00-05:00,83.52068606445032
2022-12-20 00:00:00-05:00,83.10529130389506
2022-12-21 00:00:00-05:00,83.48376059570388
2022-12-22 00:00:00-05:00,83.80683874733614
2022-12-23 00:00:00-05:00,83.96375811640674
2022-12-27 00:00:00-05:00,84.38837709311574
2022-12-28 00:00:00-05:00,84.13915016911639
2022-12-29 00:00:00-05:00,84.32376379769718
2022-12-30 00:00:00-05:00,84.54530464206701
2023-01-03 00:00:00-05:00,84.09299046176554
2023-01-04 00:00:00-05:00,85.84685094734421
2023-01-05 00:00:00-05:00,84.05607509330925
2023-01-06 00:00:00-05:00,84.11146013655271
2023-01-09 00:00:00-05:00,85.83762610309806
2023-01-10 00:00:00-05:00,83.28991774804781
2023-01-11 00:00:00-05:00,83.91761113477496
2023-01-12 00:00:00-05:00,83.1237601844173
2023-01-13 00:00:00-05:00,83.72375745240657
2023-01-17 00:00:00-05:00,86.02223930151244
2023-01-18 00:00:00-05:00,86.06839037166391
2023-01-19 00:00:00-05:00,84.98838861159307
2023-01-20 00:00:00-05:00,84.90531383849621
2023-01-23 00:00:00-05:00,84.739153790595
2023-01-24 00:00:00-05:00,84.63761009841947
2023-01-25 00:00:00-05:00,85.07147134799393
2023-01-26 00:00:00-05:00,83.9822238436895
2023-01-27 00:00:00-05:00,82.4683627039928
2023-01-30 00:00:00-05:00,83.14221927378685
2023-01-31 00:00:00-05:00,82.67144327075773
2023-02-01 00:00:00-05:00,81.41604239657784
2023-02-02 00:00:00-05:00,79.92065321393936
2023-02-03 00:00:00-05:00,79.45910816857389
2023-02-06 00:00:00-05:00,78.9883412832592
2023-02-07 00:00:00-05:00,79.12680405867705
2023-02-08 00:00:00-05:00,80.27142562953111
2023-02-09 00:00:00-05:00,80.90835407094492
2023-02-10 00:00:00-05:00,79.62526654683867
2023-02-13 00:00:00-05:00,80.14219335981693
2023-02-14 00:00:00-05:00,80.98220315373808
2023-02-15 00:00:00-05:00,80.64989850847208
2023-02-16 00:00:00-05:00,79.28372726211262
2023-02-17 00:00:00-05:00,79.15449479562251
2023-02-21 00:00:00-05:00,80.22527132422027
2023-02-22 00:00:00-05:00,80.8714311822575
2023-02-23 00:00:00-05:00,79.90218661735157
2023-02-24 00:00:00-05:00,79.68065647708754
2023-02-27 00:00:00-05:00,79.54218701399769
2023-02-28 00:00:00-05:00,78.59140720948835
2023-03-01 00:00:00-05:00,77.78832525832094
2023-03-02 00:00:00-05:00,77.54832794998181
2023-03-03 00:00:00-05:00,78.13910241573396
2023-03-06 00:00:00-05:00,78.43448559103933
2023-03-07 00:00:00-05:00,78.47141339713436
2023-03-08 00:00:00-05:00,77.20678329005096
2023-03-09 00:00:00-05:00,77.78815466686763
2023-03-10 00:00:00-05:00,77.69183506819562
2023-03-13 00:00:00-04:00,78.40460113172074
2023-03-14 00:00:00-04:00,78.82840586696479
2023-03-15 00:00:00-04:00,78.27938314953023
2023-03-16 00:00:00-04:00,79.22332244100076
2023-03-17 00:00:00-04:00,79.71455186116263
2023-03-20 00:00:00-04:00,79.78198199802863
2023-03-21 00:00:00-04:00,80.56216958508702
2023-03-22 00:00:00-04:00,79.87829922844627
2023-03-23 00:00:00-04:00,79.6471314403449
2023-03-24 00:00:00-04:00,80.12873285822947
2023-03-27 00:00:00-04:00,85.75382290869808
2023-03-28 00:00:00-04:00,86.6303440914104
2023-03-29 00:00:00-04:00,86.89040032160898
2023-03-30 00:00:00-04:00,87.68022771271302
2023-03-31 00:00:00-04:00,88.40262697814235
2023-04-03 00:00:00-04:00,88.9323913145372
2023-04-04 00:00:00-04:00,89.23098414834142
2023-04-05 00:00:00-04:00,91.20554980656875
2023-04-06 00:00:00-04:00,92.79482396836684
2023-04-10 00:00:00-04:00,92.44807782130037
2023-04-11 00:00:00-04:00,92.19764609803887
2023-04-12 00:00:00-04:00,92.9681996080499
2023-04-13 00:00:00-04:00,94.12405110877926
2023-04-14 00:00:00-04:00,94.45153665901483
2023-04-17 00:00:00-04:00,94.72122510185824
2023-04-18 00:00:00-04:00,94.53822853860436
2023-04-19 00:00:00-04:00,94.78865733690542
2023-04-20 00:00:00-04:00,94.7308640587859
2023-04-21 00:00:00-04:00,96.01192042917239
2023-04-24 00:00:00-04:00,97.08108007296825
2023-04-25 00:00:00-04:00,100.99167000564168
2023-04-26 00:00:00-04:00,100.82792837763964
2023-04-27 00:00:00-04:00,98.38140006784246
2023-04-28 00:00:00-04:00,98.09243009628615
2023-05-01 00:00:00-04:00,98.96894927970526
2023-05-02 00:00:00-04:00,98.20802119727955
2023-05-03 00:00:00-04:00,100.27890693004049
2023-05-04 00:00:00-04:00,100.62565990966385
2023-05-05 00:00:00-04:00,99.9899382481487
2023-05-08 00:00:00-04:00,100.7508715435816
2023-05-09 00:00:00-04:00,100.66418757491587
2023-05-10 00:00:00-04:00,99.80693974353396
2023-05-11 00:00:00-04:00,99.42165860165098
2023-05-12 00:00:00-04:00,99.29643385088502
2023-05-15 00:00:00-04:00,99.54687249840335
2023-05-16 00:00:00-04:00,99.36386742209392
2023-05-17 00:00:00-04:00,98.52587980134258
2023-05-18 00:00:00-04:00,97.0136518939611
2023-05-19 00:00:00-04:00,96.31050928589187
2023-05-22 00:00:00-04:00,97.7264194363147
2023-05-23 00:00:00-04:00,97.75531132213837
2023-05-24 00:00:00-04:00,96.50316056704291
2023-05-25 00:00:00-04:00,95.02946098984589
2023-05-26 00:00:00-04:00,94.57675412088237
2023-05-30 00:00:00-04:00,93.23790118712272
2023-05-31 00:00:00-04:00,92.65034777805113
2023-06-01 00:00:00-04:00,93.44017272083468
2023-06-02 00:00:00-04:00,94.49969953420053
2023-06-05 00:00:00-04:00,96.17566572222489
2023-06-06 00:00:00-04:00,96.58020664919617
2023-06-07 00:00:00-04:00,96.25272169742593
2023-06-08 00:00:00-04:00,96.06971117493327
2023-06-09 00:00:00-04:00,96.65726849359518
2023-06-12 00:00:00-04:00,97.06180653374759
2023-06-13 00:00:00-04:00,96.0697116119395
2023-06-14 00:00:00-04:00,96.06971448144198
2023-06-15 00:00:00-04:00,97.01365335996908
2023-06-16 00:00:00-04:00,98.6607288722651
2023-06-20 00:00:00-04:00,97.70715763850113
2023-06-21 00:00:00-04:00,97.27371343469979
2023-06-22 00:00:00-04:00,96.45499656000193
2023-06-23 00:00:00-04:00,97.00401726534663
2023-06-26 00:00:00-04:00,96.72469221603478
2023-06-27 00:00:00-04:00,95.8385433810464
2023-06-28 00:00:00-04:00,95.2606224329855
2023-06-29 00:00:00-04:00,94.9812961129783
2023-06-30 00:00:00-04:00,96.41646472277782
2023-07-03 00:00:00-04:00,96.0215574364994
2023-07-05 00:00:00-04:00,95.30878448486328
2023-07-06 00:00:00-04:00,94.19146822898682
2023-07-07 00:00:00-04:00,94.24926350945081
2023-07-10 00:00:00-04:00,92.55402170630961
2023-07-11 00:00:00-04:00,93.20900043806601
2023-07-12 00:00:00-04:00,93.85435344147064
2023-07-13 00:00:00-04:00,95.03908622613949
2023-07-14 00:00:00-04:00,95.01018853431978
2023-07-17 00:00:00-04:00,94.56712101110575
2023-07-18 00:00:00-04:00,98.082808632401
2023-07-19 00:00:00-04:00,100.2596342966785
2023-07-20 00:00:00-04:00,100.92424875340575
2023-07-21 00:00:00-04:00,101.15541682393363
2023-07-24 00:00:00-04:00,101.09762383666893
2023-07-25 00:00:00-04:00,99.61429267782168
2023-07-26 00:00:00-04:00,100.06700134277344
2023-07-27 00:00:00-04:00,100.77013870929098
2023-07-28 00:00:00-04:00,100.36558953121322
2023-07-31 00:00:00-04:00,101.0301989967756
2023-08-01 00:00:00-04:00,100.8182953587101
2023-08-02 00:00:00-04:00,99.05563296686286
2023-08-03 00:00:00-04:00,97.60120778670917
2023-08-04 00:00:00-04:00,97.90942761636751
2023-08-07 00:00:00-04:00,98.82446803132218
2023-08-08 00:00:00-04:00,98.69925308128069
2023-08-09 00:00:00-04:00,99.19048754087902
2023-08-10 00:00:00-04:00,99.67209297026872
2023-08-11 00:00:00-04:00,99.21938675013342
2023-08-14 00:00:00-04:00,99.20011795717348
2023-08-15 00:00:00-04:00,99.24827966240728
2023-08-16 00:00:00-04:00,98.61256207433304
2023-08-17 00:00:00-04:00,98.47771579878462
2023-08-18 00:00:00-04:00,97.28335150808937
2023-08-21 00:00:00-04:00,98.76667972382592
2023-08-22 00:00:00-04:00,99.2868086027774
2023-08-23 00:00:00-04:00,99.363863486005
2023-08-24 00:00:00-04:00,98.1887618274046
2023-08-25 00:00:00-04:00,97.7842106391118
2023-08-28 00:00:00-04:00,99.07490452789172
2023-08-29 00:00:00-04:00,98.40066547040998
2023-08-30 00:00:00-04:00,99.22901321482497
2023-08-31 00:00:00-04:00,97.86126689429081
2023-09-01 00:00:00-04:00,97.5819343018871
2023-09-05 00:00:00-04:00,95.87707717236317
2023-09-06 00:00:00-04:00,94.1529407773799
2023-09-07 00:00:00-04:00,94.60564910125531
2023-09-08 00:00:00-04:00,94.93313505357075
2023-09-11 00:00:00-04:00,95.01982653717984
2023-09-12 00:00:00-04:00,96.97512474872376
2023-09-13 00:00:00-04:00,97.148499530617
2023-09-14 00:00:00-04:00,97.34114018602004
2023-09-15 00:00:00-04:00,99.5661374073997
2023-09-18 00:00:00-04:00,98.91116002230675
2023-09-19 00:00:00-04:00,98.71851954874113
2023-09-20 00:00:00-04:00,100.11516284506224
2023-09-21 00:00:00-04:00,99.07490595768813
2023-09-22 00:00:00-04:00,97.78421155072485
2023-09-25 00:00:00-04:00,97.11960428877113
2023-09-26 00:00:00-04:00,97.99611326855629
2023-09-27 00:00:00-04:00,97.5626758474932
2023-09-28 00:00:00-04:00,97.95758572457305
2023-09-29 00:00:00-04:00,99.72988072299367
2023-10-02 00:00:00-04:00,98.29470921490869
2023-10-03 00:00:00-04:00,96.24309010947066
2023-10-04 00:00:00-04:00,92.67924969949213
2023-10-05 00:00:00-04:00,91.55230387435404
2023-10-06 00:00:00-04:00,93.48833365815527
2023-10-09 00:00:00-04:00,93.5750214363999
2023-10-10 00:00:00-04:00,94.18183943363874
2023-10-11 00:00:00-04:00,95.81928538115805
2023-10-12 00:00:00-04:00,95.27988894741506
2023-10-13 00:00:00-04:00,93.7483969671045
2023-10-16 00:00:00-04:00,92.97783811405611
2023-10-17 00:00:00-04:00,93.45943784428924
2023-10-18 00:00:00-04:00,93.1319523557698
2023-10-19 00:00:00-04:00,92.3902834889411
2023-10-20 00:00:00-04:00,91.70641082407776
2023-10-23 00:00:00-04:00,91.04180130971598
2023-10-24 00:00:00-04:00,91.05143630868241
2023-10-25 00:00:00-04:00,92.00500431004741
2023-10-26 00:00:00-04:00,91.85089386779482
2023-10-27 00:00:00-04:00,90.61799528493172
2023-10-30 00:00:00-04:00,90.37719248331696
2023-10-31 00:00:00-04:00,90.23271699589506
2023-11-01 00:00:00-04:00,90.2808785943043
2023-11-02 00:00:00-04:00,89.79927643465282
2023-11-03 00:00:00-04:00,89.34657287597656
2023-11-06 00:00:00-05:00,89.8281737754172
2023-11-07 00:00:00-05:00,90.22307965055269
2023-11-08 00:00:00-05:00,90.97437571311109
2023-11-09 00:00:00-05:00,90.66615372245452
2023-11-10 00:00:00-05:00,90.08822817177492
2023-11-13 00:00:00-05:00,89.8667018027273
2023-11-14 00:00:00-05:00,91.3789286388605
2023-11-15 00:00:00-05:00,90.89732164057249
2023-11-16 00:00:00-05:00,90.43498188542752
2023-11-17 00:00:00-05:00,91.4270843045097
2023-11-20 00:00:00-05:00,91.25370689503558
2023-11-21 00:00:00-05:00,92.5829240545924
2023-11-22 00:00:00-05:00,94.02773012469191
2023-11-24 00:00:00-05:00,94.34557671883832
2023-11-27 00:00:00-05:00,94.3359552519577
2023-11-28 00:00:00-05:00,93.632813417756
2023-11-29 00:00:00-05:00,93.59428633345567
2023-11-30 00:00:00-05:00,93.31495471287543
2023-12-01 00:00:00-05:00,94.06626052047511
2023-12-04 00:00:00-05:00,94.55748800361847
2023-12-05 00:00:00-05:00,93.57502603689818
2023-12-06 00:00:00-05:00,93.88324921686433
2023-12-07 00:00:00-05:00,92.57329416163176
2023-12-08 00:00:00-05:00,92.5732912541872
2023-12-11 00:00:00-05:00,93.44979903132234
2023-12-12 00:00:00-05:00,94.12404976143458
2023-12-13 00:00:00-05:00,95.23173155692325
2023-12-14 00:00:00-05:00,94.43226865312889
2023-12-15 00:00:00-05:00,93.97956890532735
2023-12-18 00:00:00-05:00,95.01019471901333
2023-12-19 00:00:00-05:00,93.96993251254665
2023-12-20 00:00:00-05:00,94.52859302424588
2023-12-21 00:00:00-05:00,94.22999774599327
2023-12-22 00:00:00-05:00,95.21246094729433
2023-12-26 00:00:00-05:00,94.83681573694213
2023-12-27 00:00:00-05:00,95.36657917422642
2023-12-28 00:00:00-05:00,96.84027668021064
2023-12-29 00:00:00-05:00,96.64763392491513
2024-01-02 00:00:00-05:00,96.41646529421139
2024-01-03 00:00:00-05:00,99.33496337413143
2024-01-04 00:00:00-05:00,101.12652203806294
2024-01-05 00:00:00-05:00,102.0126668965804
2024-01-08 00:00:00-05:00,103.31299448308808
2024-01-09 00:00:00-05:00,102.6676434623781
2024-01-10 00:00:00-05:00,103.12034501737226
2024-01-11 00:00:00-05:00,103.25519037032919
2024-01-12 00:00:00-05:00,103.47673377195713
2024-01-16 00:00:00-05:00,103.65974141544568
2024-01-17 00:00:00-05:00,104.23766277133844
2024-01-18 00:00:00-05:00,103.46709589257661
2024-01-19 00:00:00-05:00,103.59232189536907
2024-01-22 00:00:00-05:00,104.37250947208817
2024-01-23 00:00:00-05:00,103.47673029504276
2024-01-24 00:00:00-05:00,103.99686616579427
2024-01-25 00:00:00-05:00,103.13961706504995
2024-01-26 00:00:00-05:00,103.35152242488506
2024-01-29 00:00:00-05:00,103.54415475988715
2024-01-30 00:00:00-05:00,103.36114688944548
2024-01-31 00:00:00-05:00,101.66592120974488
2024-02-01 00:00:00-05:00,101.20357557633614
2024-02-02 00:00:00-05:00,100.94351864562387
2024-02-05 00:00:00-05:00,99.72988413816638
2024-02-06 00:00:00-05:00,99.50833895375177
2024-02-07 00:00:00-05:00,100.0092115955499
2024-02-08 00:00:00-05:00,98.09243666703475
2024-02-09 00:00:00-05:00,97.26408493762715
2024-02-12 00:00:00-05:00,95.8963360975775
2024-02-13 00:00:00-05:00,96.50315623520986
2024-02-14 00:00:00-05:00,95.39547151879809
2024-02-15 00:00:00-05:00,95.65553619770637
2024-02-16 00:00:00-05:00,96.32014793669012
2024-02-20 00:00:00-05:00,99.31570383133486
2024-02-21 00:00:00-05:00,98.29471461067598
2024-02-22 00:00:00-05:00,98.72814935533845
2024-02-23 00:00:00-05:00,99.90326070421013
2024-02-26 00:00:00-05:00,100.73161364008152
2024-02-27 00:00:00-05:00,99.29643570298958
2024-02-28 00:00:00-05:00,99.40239129617731
2024-02-29 00:00:00-05:00,98.60293912137696
2024-03-01 00:00:00-05:00,98.25618088507065
2024-03-04 00:00:00-05:00,97.71678250643822
2024-03-05 00:00:00-05:00,98.53550968631576
2024-03-06 00:00:00-05:00,98.53551398773376
2024-03-07 00:00:00-05:00,100.5
2024-03-08 00:00:00-05:00,100.01000213623047
2024-03-11 00:00:00-04:00,101.05000305175781
2024-03-12 00:00:00-04:00,99.80000305175781
2024-03-13 00:00:00-04:00,99.69999694824219
2024-03-14 00:00:00-04:00,98.41000366210938
2024-03-15 00:00:00-04:00,98.18000030517578
2024-03-18 00:00:00-04:00,96.94999694824219
2024-03-19 00:00:00-04:00,96.18000030517578
2024-03-20 00:00:00-04:00,95.72000122070312
2024-03-21 00:00:00-04:00,96.4000015258789
2024-03-22 00:00:00-04:00,96.23999786376953
2024-03-25 00:00:00-04:00,96.1500015258789
2024-03-26 00:00:00-04:00,95.5
2024-03-27 00:00:00-04:00,95.5
2024-03-28 00:00:00-04:00,96.27999877929688
2024-04-01 00:00:00-04:00,96.83000183105469
2024-04-02 00:00:00-04:00,94.63999938964844
2024-04-03 00:00:00-04:00,94.44999694824219
2024-04-04 00:00:00-04:00,97.25
2024-04-05 00:00:00-04:00,95.30000305175781
2024-04-08 00:00:00-04:00,95.73999786376953
2024-04-09 00:00:00-04:00,95.66999816894531
2024-04-10 00:00:00-04:00,94.56999969482422
2024-04-11 00:00:00-04:00,94.87000274658203
2024-04-12 00:00:00-04:00,94.98999786376953
2024-04-15 00:00:00-04:00,94.19999694824219
2024-04-16 00:00:00-04:00,92.8499984741211
2024-04-17 00:00:00-04:00,93.62999725341797
2024-04-18 00:00:00-04:00,92.8499984741211
2024-04-19 00:00:00-04:00,93.19999694824219
2024-04-22 00:00:00-04:00,94.76000213623047
2024-04-23 00:00:00-04:00,98.73999786376953
2024-04-24 00:00:00-04:00,98.5
2024-04-25 00:00:00-04:00,98.62999725341797
2024-04-26 00:00:00-04:00,97.76000213623047
2024-04-29 00:00:00-04:00,97.76000213623047
2024-04-30 00:00:00-04:00,97.08000183105469
2024-05-01 00:00:00-04:00,96.97000122070312
2024-05-02 00:00:00-04:00,97.20999908447266
2024-05-03 00:00:00-04:00,97.75
2024-05-06 00:00:00-04:00,97.5
2024-05-07 00:00:00-04:00,98.5999984741211
2024-05-08 00:00:00-04:00,99.6500015258789
2024-05-09 00:00:00-04:00,99.72000122070312
2024-05-10 00:00:00-04:00,101.12999725341797
2024-05-13 00:00:00-04:00,102.44000244140625
2024-05-14 00:00:00-04:00,102.7699966430664
2024-05-15 00:00:00-04:00,103.25
2024-05-16 00:00:00-04:00,102.5
2024-05-17 00:00:00-04:00,102.87000274658203
2024-05-20 00:00:00-04:00,102.69999694824219
2024-05-21 00:00:00-04:00,102.80000305175781
2024-05-22 00:00:00-04:00,101.80999755859375
2024-05-23 00:00:00-04:00,101.93000030517578
2024-05-24 00:00:00-04:00,100.29000091552734
2024-05-28 00:00:00-04:00,100.26000213623047
2024-05-29 00:00:00-04:00,99.3499984741211
2024-05-30 00:00:00-04:00,100.33999633789062
2024-05-31 00:00:00-04:00,102.13999938964844
2024-06-03 00:00:00-04:00,103.2300033569336
2024-06-04 00:00:00-04:00,103.81999969482422
2024-06-05 00:00:00-04:00,105.47000122070312
2024-06-06 00:00:00-04:00,105.68000030517578
2024-06-07 00:00:00-04:00,106.19999694824219
2024-06-10 00:00:00-04:00,105.06999969482422
2024-06-11 00:00:00-04:00,104.9800033569336
2024-06-12 00:00:00-04:00,106.33000183105469
2024-06-13 00:00:00-04:00,105.77999877929688
2024-06-14 00:00:00-04:00,106.66000366210938
2024-06-17 00:00:00-04:00,104.44000244140625
2024-06-18 00:00:00-04:00,105.33000183105469
2024-06-20 00:00:00-04:00,104.66000366210938
2024-06-21 00:00:00-04:00,105.38999938964844
2024-06-24 00:00:00-04:00,107.47000122070312
2024-06-25 00:00:00-04:00,107.22000122070312
2024-06-26 00:00:00-04:00,106.76000213623047
2024-06-27 00:00:00-04:00,106.6500015258789
2024-06-28 00:00:00-04:00,106.75
2024-07-01 00:00:00-04:00,106.58000183105469
2024-07-02 00:00:00-04:00,106.31999969482422
2024-07-03 00:00:00-04:00,106.56999969482422
2024-07-05 00:00:00-04:00,108.18000030517578
2024-07-08 00:00:00-04:00,108.68000030517578
2024-07-09 00:00:00-04:00,108.87999725341797
2024-07-10 00:00:00-04:00,108.29000091552734
2024-07-11 00:00:00-04:00,111.30000305175781
2024-07-12 00:00:00-04:00,112.2300033569336
2024-07-15 00:00:00-04:00,112.04000091552734
2024-07-16 00:00:00-04:00,110.02999877929688
2024-07-17 00:00:00-04:00,111.18000030517578
2024-07-18 00:00:00-04:00,107.80999755859375
2024-07-19 00:00:00-04:00,106.3499984741211
2024-07-22 00:00:00-04:00,107.95999908447266
2024-07-23 00:00:00-04:00,108.12000274658203
2024-07-24 00:00:00-04:00,108.25
2024-07-25 00:00:00-04:00,109.37999725341797
2024-07-26 00:00:00-04:00,110.04000091552734
2024-07-29 00:00:00-04:00,110.98999786376953
2024-07-30 00:00:00-04:00,111.11000061035156
2024-07-31 00:00:00-04:00,112.19999694824219
2024-08-01 00:00:00-04:00,112.0
2024-08-02 00:00:00-04:00,112.30000305175781
2024-08-05 00:00:00-04:00,111.02999877929688
2024-08-06 00:00:00-04:00,108.52999877929688
2024-08-07 00:00:00-04:00,111.2699966430664
2024-08-08 00:00:00-04:00,110.5999984741211
2024-08-09 00:00:00-04:00,111.55999755859375
2024-08-12 00:00:00-04:00,111.45999908447266
2024-08-13 00:00:00-04:00,111.5999984741211
2024-08-14 00:00:00-04:00,112.80999755859375
2024-08-15 00:00:00-04:00,113.55000305175781
2024-08-16 00:00:00-04:00,114.62999725341797
2024-08-19 00:00:00-04:00,115.06999969482422
2024-08-20 00:00:00-04:00,116.58000183105469
2024-08-21 00:00:00-04:00,117.27999877929688
2024-08-22 00:00:00-04:00,117.95999908447266
2024-08-23 00:00:00-04:00,117.94000244140625
2024-08-26 00:00:00-04:00,118.69000244140625
2024-08-27 00:00:00-04:00,119.44999694824219
2024-08-28 00:00:00-04:00,120.04000091552734
2024-08-29 00:00:00-04:00,120.08999633789062
2024-08-30 00:00:00-04:00,120.37000274658203
2024-09-03 00:00:00-04:00,119.12999725341797
2024-09-04 00:00:00-04:00,118.29000091552734
2024-09-05 00:00:00-04:00,117.73999786376953
2024-09-06 00:00:00-04:00,117.23999786376953
2024-09-09 00:00:00-04:00,116.87999725341797
2024-09-10 00:00:00-04:00,117.04000091552734
2024-09-11 00:00:00-04:00,114.9800033569336
2024-09-12 00:00:00-04:00,115.3499984741211
2024-09-13 00:00:00-04:00,115.80999755859375
2024-09-16 00:00:00-04:00,116.41000366210938
2024-09-17 00:00:00-04:00,116.0999984741211
2024-09-18 00:00:00-04:00,116.30000305175781
2024-09-19 00:00:00-04:00,116.20999908447266
2024-09-20 00:00:00-04:00,116.63999938964844
2024-09-23 00:00:00-04:00,116.33999633789062
2024-09-24 00:00:00-04:00,115.83999633789062
2024-09-25 00:00:00-04:00,116.83999633789062
2024-09-26 00:00:00-04:00,115.11000061035156
2024-09-27 00:00:00-04:00,115.86000061035156
2024-09-30 00:00:00-04:00,115.41999816894531
2024-10-01 00:00:00-04:00,115.0
2024-10-02 00:00:00-04:00,114.27999877929688
2024-10-03 00:00:00-04:00,115.05000305175781
2024-10-04 00:00:00-04:00,112.87999725341797
2024-10-07 00:00:00-04:00,114.58999633789062
2024-10-08 00:00:00-04:00,114.12000274658203
2024-10-09 00:00:00-04:00,115.13999938964844
2024-10-10 00:00:00-04:00,115.63999938964844
2024-10-11 00:00:00-04:00,115.69999694824219
2024-10-14 00:00:00-04:00,115.91999816894531
2024-10-15 00:00:00-04:00,116.02999877929688
2024-10-16 00:00:00-04:00,116.38999938964844
2024-10-17 00:00:00-04:00,116.51000213623047
2024-10-18 00:00:00-04:00,116.62000274658203
2024-10-21 00:00:00-04:00,116.7699966430664
2024-10-22 00:00:00-04:00,114.16000366210938
2024-10-23 00:00:00-04:00,113.9800033569336
2024-10-24 00:00:00-04:00,114.08000183105469
2024-10-25 00:00:00-04:00,113.6500015258789
2024-10-28 00:00:00-04:00,114.27999877929688
2024-10-29 00:00:00-04:00,111.80999755859375
2024-10-30 00:00:00-04:00,110.62999725341797
2024-10-31 00:00:00-04:00,108.45999908447266
2024-11-01 00:00:00-04:00,109.86000061035156
2024-11-04 00:00:00-05:00,110.9000015258789
2024-11-05 00:00:00-05:00,108.97000122070312
2024-11-06 00:00:00-05:00,107.80999755859375
2024-11-07 00:00:00-05:00,106.56999969482422
2024-11-08 00:00:00-05:00,106.61000061035156
2024-11-11 00:00:00-05:00,106.2300033569336
2024-11-12 00:00:00-05:00,105.16000366210938
2024-11-13 00:00:00-05:00,104.02999877929688
2024-11-14 00:00:00-05:00,104.12999725341797
2024-11-15 00:00:00-05:00,102.91999816894531
2024-11-18 00:00:00-05:00,102.4800033569336
2024-11-19 00:00:00-05:00,102.58000183105469
2024-11-20 00:00:00-05:00,102.80000305175781
2024-11-21 00:00:00-05:00,103.16000366210938
2024-11-22 00:00:00-05:00,104.44000244140625
2024-11-25 00:00:00-05:00,103.94999694824219
2024-11-26 00:00:00-05:00,104.06999969482422
2024-11-27 00:00:00-05:00,104.63999938964844
2024-11-29 00:00:00-05:00,105.2300033569336
2024-12-02 00:00:00-05:00,105.33000183105469
2024-12-03 00:00:00-05:00,105.27999877929688
2024-12-04 00:00:00-05:00,102.19999694824219
2024-12-05 00:00:00-05:00,102.77999877929688
2024-12-06 00:00:00-05:00,102.79000091552734
2024-12-09 00:00:00-05:00,101.55000305175781
2024-12-10 00:00:00-05:00,101.55000305175781
2024-12-11 00:00:00-05:00,99.80000305175781
2024-12-12 00:00:00-05:00,98.9800033569336
2024-12-13 00:00:00-05:00,98.52999877929688
2024-12-16 00:00:00-05:00,98.06999969482422
2024-12-17 00:00:00-05:00,98.41000366210938
2024-12-18 00:00:00-05:00,98.37000274658203
2024-12-19 00:00:00-05:00,97.0199966430664
2024-12-20 00:00:00-05:00,96.16000366210938
2024-12-23 00:00:00-05:00,97.72000122070312
2024-12-24 00:00:00-05:00,98.20999908447266
2024-12-26 00:00:00-05:00,98.12999725341797
2024-12-27 00:00:00-05:00,97.80000305175781
2024-12-30 00:00:00-05:00,98.08999633789062
2024-12-31 00:00:00-05:00,97.33000183105469
2025-01-02 00:00:00-05:00,97.51000213623047
2025-01-03 00:00:00-05:00,97.38999938964844
2025-01-06 00:00:00-05:00,97.83000183105469
2025-01-07 00:00:00-05:00,98.80000305175781
2025-01-08 00:00:00-05:00,99.16000366210938
2025-01-10 00:00:00-05:00,99.47000122070312
2025-01-13 00:00:00-05:00,98.55999755859375
2025-01-14 00:00:00-05:00,98.75
