Date,Open
1993-07-01 00:00:00-04:00,13.063066637193835
1993-07-02 00:00:00-04:00,12.829797744750977
1993-07-06 00:00:00-04:00,13.06306679465554
1993-07-07 00:00:00-04:00,12.829797744750977
1993-07-08 00:00:00-04:00,12.829797590101087
1993-07-09 00:00:00-04:00,12.829797438212802
1993-07-12 00:00:00-04:00,13.06306679465554
1993-07-13 00:00:00-04:00,12.94643274661714
1993-07-14 00:00:00-04:00,13.063066482543945
1993-07-15 00:00:00-04:00,13.179701160740208
1993-07-16 00:00:00-04:00,12.829797902238479
1993-07-19 00:00:00-04:00,12.713163534800213
1993-07-20 00:00:00-04:00,12.596529006958008
1993-07-21 00:00:00-04:00,12.596528849470506
1993-07-22 00:00:00-04:00,12.71316369671688
1993-07-23 00:00:00-04:00,12.479894479115805
1993-07-26 00:00:00-04:00,12.596529006958008
1993-07-27 00:00:00-04:00,12.713163534800213
1993-07-28 00:00:00-04:00,12.829798226044558
1993-07-29 00:00:00-04:00,12.479894638061523
1993-07-30 00:00:00-04:00,12.479894638061523
1993-08-02 00:00:00-04:00,12.71316369671688
1993-08-03 00:00:00-04:00,12.479893837334975
1993-08-04 00:00:00-04:00,12.596529167389201
1993-08-05 00:00:00-04:00,12.596528359179228
1993-08-06 00:00:00-04:00,12.479894479115805
1993-08-09 00:00:00-04:00,12.479893837334975
1993-08-10 00:00:00-04:00,12.363259315490723
1993-08-11 00:00:00-04:00,12.363259315490723
1993-08-12 00:00:00-04:00,12.246624946594238
1993-08-13 00:00:00-04:00,12.363259796702533
1993-08-16 00:00:00-04:00,12.596528849470506
1993-08-17 00:00:00-04:00,12.596529006958008
1993-08-18 00:00:00-04:00,12.829797761193637
1993-08-19 00:00:00-04:00,13.762874442990086
1993-08-20 00:00:00-04:00,14.112777248505623
1993-08-23 00:00:00-04:00,14.462681610107422
1993-08-24 00:00:00-04:00,14.579315368945782
1993-08-25 00:00:00-04:00,15.279122352600098
1993-08-26 00:00:00-04:00,15.27912283655423
1993-08-27 00:00:00-04:00,15.629025953529524
1993-08-30 00:00:00-04:00,15.978929673924167
1993-08-31 00:00:00-04:00,15.862295150756836
1993-09-01 00:00:00-04:00,15.862295786539715
1993-09-02 00:00:00-04:00,15.27912283655423
1993-09-03 00:00:00-04:00,15.629026412963867
1993-09-07 00:00:00-04:00,15.629026412963867
1993-09-08 00:00:00-04:00,15.862295463903626
1993-09-09 00:00:00-04:00,15.512392203013103
1993-09-10 00:00:00-04:00,15.395757675170898
1993-09-13 00:00:00-04:00,15.395757029606747
1993-09-14 00:00:00-04:00,15.162488138952922
1993-09-15 00:00:00-04:00,15.045853614807129
1993-09-16 00:00:00-04:00,15.162487830824524
1993-09-17 00:00:00-04:00,15.045853614807129
1993-09-20 00:00:00-04:00,15.162487983703613
1993-09-21 00:00:00-04:00,15.162488296627998
1993-09-22 00:00:00-04:00,14.929219245910645
1993-09-23 00:00:00-04:00,14.929219090661338
1993-09-24 00:00:00-04:00,15.279122663098713
1993-09-27 00:00:00-04:00,14.929219245910645
1993-09-28 00:00:00-04:00,14.929219245910645
1993-09-29 00:00:00-04:00,15.045853614807129
1993-09-30 00:00:00-04:00,15.045853460752047
1993-10-01 00:00:00-04:00,15.162487830824524
1993-10-04 00:00:00-04:00,15.162488464126014
1993-10-05 00:00:00-04:00,15.745661097361628
1993-10-06 00:00:00-04:00,15.745660781860352
1993-10-07 00:00:00-04:00,15.97892951965332
1993-10-08 00:00:00-04:00,16.212198107583184
1993-10-11 00:00:00-04:00,16.56210311142715
1993-10-12 00:00:00-04:00,16.795372009277344
1993-10-13 00:00:00-04:00,17.028640437770534
1993-10-14 00:00:00-04:00,17.49517837626822
1993-10-15 00:00:00-04:00,17.26190948486328
1993-10-18 00:00:00-04:00,17.378544008409655
1993-10-19 00:00:00-04:00,17.261908776419503
1993-10-20 00:00:00-04:00,16.32883437136386
1993-10-21 00:00:00-04:00,16.678737170075717
1993-10-22 00:00:00-04:00,17.26190948486328
1993-10-25 00:00:00-04:00,17.495179643817977
1993-10-26 00:00:00-04:00,18.194986503354965
1993-10-27 00:00:00-04:00,17.961715999402497
1993-10-28 00:00:00-04:00,17.61181337539464
1993-10-29 00:00:00-04:00,17.028640904919854
1993-11-01 00:00:00-05:00,16.678737481435142
1993-11-02 00:00:00-05:00,16.795372169334573
1993-11-03 00:00:00-05:00,16.795372169334573
1993-11-04 00:00:00-05:00,16.32883389790853
1993-11-05 00:00:00-05:00,16.562103271484375
1993-11-08 00:00:00-05:00,16.328832626342773
1993-11-09 00:00:00-05:00,16.562102289760816
1993-11-10 00:00:00-05:00,15.86229563745959
1993-11-11 00:00:00-05:00,17.0286402862344
1993-11-12 00:00:00-05:00,17.378543701171875
1993-11-15 00:00:00-05:00,17.378544165163625
1993-11-16 00:00:00-05:00,17.261910272413683
1993-11-17 00:00:00-05:00,18.078351815541588
1993-11-18 00:00:00-05:00,18.66152397491647
1993-11-19 00:00:00-05:00,18.428255081176758
1993-11-22 00:00:00-05:00,18.428254925230014
1993-11-23 00:00:00-05:00,18.661523362610236
1993-11-24 00:00:00-05:00,19.244696938779935
1993-11-26 00:00:00-05:00,20.061138153076172
1993-11-29 00:00:00-05:00,20.177773316701256
1993-11-30 00:00:00-05:00,20.877579661463038
1993-12-01 00:00:00-05:00,20.411041413230457
1993-12-02 00:00:00-05:00,20.0611376953125
1993-12-03 00:00:00-05:00,20.52767629208772
1993-12-06 00:00:00-05:00,21.69402099609375
1993-12-07 00:00:00-05:00,23.560174457767467
1993-12-08 00:00:00-05:00,22.74373214256945
1993-12-09 00:00:00-05:00,22.977002294936984
1993-12-10 00:00:00-05:00,23.56017333984375
1993-12-13 00:00:00-05:00,23.326905883184754
1993-12-14 00:00:00-05:00,23.443539285417742
1993-12-15 00:00:00-05:00,23.210269927978516
1993-12-16 00:00:00-05:00,23.210269927978516
1993-12-17 00:00:00-05:00,23.326905421947007
1993-12-20 00:00:00-05:00,25.19305831774146
1993-12-21 00:00:00-05:00,26.709305575915746
1993-12-22 00:00:00-05:00,26.359402371267986
1993-12-23 00:00:00-05:00,27.52574888598017
1993-12-27 00:00:00-05:00,27.875652154286705
1993-12-28 00:00:00-05:00,29.39190039038658
1993-12-29 00:00:00-05:00,30.09170676921976
1993-12-30 00:00:00-05:00,30.32497739610563
1993-12-31 00:00:00-05:00,30.674880822499595
1994-01-03 00:00:00-05:00,30.79151421624261
1994-01-04 00:00:00-05:00,30.208341291581075
1994-01-05 00:00:00-05:00,30.674880198578336
1994-01-06 00:00:00-05:00,31.258052825927734
1994-01-07 00:00:00-05:00,31.024784406026207
1994-01-10 00:00:00-05:00,30.558244858665027
1994-01-11 00:00:00-05:00,30.324976593255997
1994-01-12 00:00:00-05:00,29.85843864889706
1994-01-13 00:00:00-05:00,29.85843849182129
1994-01-14 00:00:00-05:00,29.741804122924805
1994-01-17 00:00:00-05:00,29.858438966773715
1994-01-18 00:00:00-05:00,29.508534608885302
1994-01-19 00:00:00-05:00,30.091707229614258
1994-01-20 00:00:00-05:00,30.091706618097902
1994-01-21 00:00:00-05:00,30.791513748751342
1994-01-24 00:00:00-05:00,30.324976122057116
1994-01-25 00:00:00-05:00,30.091708021201633
1994-01-26 00:00:00-05:00,29.27526520144555
1994-01-27 00:00:00-05:00,28.925363220214845
1994-01-28 00:00:00-05:00,29.39190101623535
1994-01-31 00:00:00-05:00,29.39190101623535
1994-02-01 00:00:00-05:00,29.62517007191976
1994-02-02 00:00:00-05:00,29.3918995684888
1994-02-03 00:00:00-05:00,28.92536163330078
1994-02-04 00:00:00-05:00,29.041996311079636
1994-02-07 00:00:00-05:00,28.575458526611328
1994-02-08 00:00:00-05:00,29.858438181322676
1994-02-09 00:00:00-05:00,30.208341139873475
1994-02-10 00:00:00-05:00,30.791515350341797
1994-02-11 00:00:00-05:00,30.791515350341797
1994-02-14 00:00:00-05:00,30.908148942170317
1994-02-15 00:00:00-05:00,31.258052825927734
1994-02-16 00:00:00-05:00,31.37468719482422
1994-02-17 00:00:00-05:00,31.374687828207914
1994-02-18 00:00:00-05:00,30.791513748751342
1994-02-22 00:00:00-05:00,30.324977075629555
1994-02-23 00:00:00-05:00,29.275265800541845
1994-02-24 00:00:00-05:00,26.709306214072488
1994-02-25 00:00:00-05:00,26.592671689120206
1994-02-28 00:00:00-05:00,25.659595489501953
1994-03-01 00:00:00-05:00,26.009498750841296
1994-03-02 00:00:00-05:00,25.54296096454967
1994-03-03 00:00:00-05:00,25.54296096454967
1994-03-04 00:00:00-05:00,25.776230653127037
1994-03-07 00:00:00-05:00,26.59267249965269
1994-03-08 00:00:00-05:00,27.992286682128906
1994-03-09 00:00:00-05:00,27.759016656468056
1994-03-10 00:00:00-05:00,27.175844506267865
1994-03-11 00:00:00-05:00,26.82593994140625
1994-03-14 00:00:00-05:00,26.24276748725346
1994-03-15 00:00:00-05:00,24.95978864617304
1994-03-16 00:00:00-05:00,25.426326133109427
1994-03-17 00:00:00-05:00,25.776229703748548
1994-03-18 00:00:00-05:00,25.776229858398438
1994-03-21 00:00:00-05:00,26.009498442922318
1994-03-22 00:00:00-05:00,26.24276860832647
1994-03-23 00:00:00-05:00,26.942575454711914
1994-03-24 00:00:00-05:00,25.19305678776332
1994-03-25 00:00:00-05:00,25.89286392075675
1994-03-28 00:00:00-05:00,26.009498596191406
1994-03-29 00:00:00-05:00,25.776230014454235
1994-03-30 00:00:00-05:00,25.77623049125144
1994-03-31 00:00:00-05:00,25.076423805450723
1994-04-04 00:00:00-04:00,24.609884416489372
1994-04-05 00:00:00-04:00,24.493250048331667
1994-04-06 00:00:00-04:00,24.14334726333618
1994-04-07 00:00:00-04:00,23.5601749420166
1994-04-08 00:00:00-04:00,23.56017349473196
1994-04-11 00:00:00-04:00,22.97700065247556
1994-04-12 00:00:00-04:00,21.577387168759206
1994-04-13 00:00:00-04:00,21.110848388671876
1994-04-14 00:00:00-04:00,20.29440689086914
1994-04-15 00:00:00-04:00,20.061138153076172
1994-04-18 00:00:00-04:00,19.827868894020224
1994-04-19 00:00:00-04:00,18.54488960700699
1994-04-20 00:00:00-04:00,18.54489025512299
1994-04-21 00:00:00-04:00,17.72844792619536
1994-04-22 00:00:00-04:00,18.544888841593924
1994-04-25 00:00:00-04:00,18.894792556762695
1994-04-26 00:00:00-04:00,18.894792556762695
1994-04-28 00:00:00-04:00,18.661523512852046
1994-04-29 00:00:00-04:00,18.77815818786621
1994-05-02 00:00:00-04:00,18.894792254378157
1994-05-03 00:00:00-04:00,18.894792404642864
1994-05-04 00:00:00-04:00,19.01142692565918
1994-05-05 00:00:00-04:00,19.24469757080078
1994-05-06 00:00:00-04:00,19.011427233678212
1994-05-09 00:00:00-04:00,18.77815818786621
1994-05-10 00:00:00-04:00,18.77815818786621
1994-05-11 00:00:00-04:00,18.77815818786621
1994-05-12 00:00:00-04:00,18.77815818786621
1994-05-13 00:00:00-04:00,18.428255081176758
1994-05-16 00:00:00-04:00,18.428255081176758
1994-05-17 00:00:00-04:00,18.661523362610236
1994-05-18 00:00:00-04:00,19.36133131139419
1994-05-19 00:00:00-04:00,19.827869733174644
1994-05-20 00:00:00-04:00,21.227482984410248
1994-05-23 00:00:00-04:00,22.04392514910017
1994-05-24 00:00:00-04:00,22.8603662109375
1994-05-25 00:00:00-04:00,23.326905883184754
1994-05-26 00:00:00-04:00,23.79344400084845
1994-05-27 00:00:00-04:00,23.676807861328125
1994-05-31 00:00:00-04:00,23.56017333984375
1994-06-01 00:00:00-04:00,23.560173186496716
1994-06-02 00:00:00-04:00,23.210270237801645
1994-06-03 00:00:00-04:00,22.627097618761404
1994-06-06 00:00:00-04:00,22.97700088347622
1994-06-07 00:00:00-04:00,23.326904296875
1994-06-08 00:00:00-04:00,23.326904296875
1994-06-09 00:00:00-04:00,23.210270082107698
1994-06-10 00:00:00-04:00,22.860367295655564
1994-06-13 00:00:00-04:00,22.277195299743976
1994-06-14 00:00:00-04:00,21.460752487182617
1994-06-15 00:00:00-04:00,21.22748374938965
1994-06-16 00:00:00-04:00,20.99421501159668
1994-06-17 00:00:00-04:00,20.994214346242508
1994-06-20 00:00:00-04:00,19.827869573288417
1994-06-21 00:00:00-04:00,19.47796630859375
1994-06-22 00:00:00-04:00,19.361331939697266
1994-06-23 00:00:00-04:00,19.361331939697266
1994-06-24 00:00:00-04:00,19.128061756584213
1994-06-27 00:00:00-04:00,18.661523818969727
1994-06-28 00:00:00-04:00,18.428255239110083
1994-06-29 00:00:00-04:00,17.72844696044922
1994-06-30 00:00:00-04:00,17.728448387884324
1994-07-01 00:00:00-04:00,18.311620712280273
1994-07-05 00:00:00-04:00,18.311619799561296
1994-07-06 00:00:00-04:00,18.778158658667458
1994-07-07 00:00:00-04:00,18.544889142054206
1994-07-08 00:00:00-04:00,18.77815818786621
1994-07-11 00:00:00-04:00,19.011426774466912
1994-07-12 00:00:00-04:00,19.128061294555664
1994-07-13 00:00:00-04:00,19.01142692565918
1994-07-14 00:00:00-04:00,19.01142692565918
1994-07-15 00:00:00-04:00,19.244697093963623
1994-07-18 00:00:00-04:00,19.827869573288417
1994-07-19 00:00:00-04:00,19.827869573288417
1994-07-20 00:00:00-04:00,19.94450362893038
1994-07-21 00:00:00-04:00,20.177773470319185
1994-07-22 00:00:00-04:00,21.11084906781306
1994-07-25 00:00:00-04:00,21.460751878454328
1994-07-26 00:00:00-04:00,22.627097926995692
1994-07-27 00:00:00-04:00,22.860367135903267
1994-07-28 00:00:00-04:00,22.627098083496094
1994-07-29 00:00:00-04:00,22.627098083496094
1994-08-01 00:00:00-04:00,22.627098083496094
1994-08-02 00:00:00-04:00,22.86036745707194
1994-08-03 00:00:00-04:00,24.026712887786157
1994-08-04 00:00:00-04:00,25.309692069275737
1994-08-05 00:00:00-04:00,25.892864572590796
1994-08-08 00:00:00-04:00,27.059210138735562
1994-08-09 00:00:00-04:00,26.709306875864666
1994-08-10 00:00:00-04:00,26.59267250766838
1994-08-11 00:00:00-04:00,26.59267250766838
1994-08-12 00:00:00-04:00,26.476037979125977
1994-08-15 00:00:00-04:00,26.59267250766838
1994-08-16 00:00:00-04:00,26.476037198099597
1994-08-17 00:00:00-04:00,27.0592093609749
1994-08-18 00:00:00-04:00,27.175844506267865
1994-08-19 00:00:00-04:00,27.175844192504883
1994-08-22 00:00:00-04:00,27.40911339891368
1994-08-23 00:00:00-04:00,27.05920998048989
1994-08-24 00:00:00-04:00,26.942575454711914
1994-08-25 00:00:00-04:00,27.175844192504883
1994-08-26 00:00:00-04:00,27.175844037634693
1994-08-29 00:00:00-04:00,27.0592098236084
1994-08-30 00:00:00-04:00,26.82593994140625
1994-08-31 00:00:00-04:00,26.12613296508789
1994-09-01 00:00:00-04:00,26.12613296508789
1994-09-02 00:00:00-04:00,26.12613296508789
1994-09-06 00:00:00-04:00,26.12613296508789
1994-09-07 00:00:00-04:00,26.24276764189716
1994-09-08 00:00:00-04:00,26.242767333984375
1994-09-09 00:00:00-04:00,26.12613296508789
1994-09-12 00:00:00-04:00,26.12613296508789
1994-09-13 00:00:00-04:00,26.12613347262272
1994-09-14 00:00:00-04:00,27.175844987233482
1994-09-15 00:00:00-04:00,26.35940313547459
1994-09-16 00:00:00-04:00,26.942576093295596
1994-09-19 00:00:00-04:00,26.592672189770827
1994-09-20 00:00:00-04:00,26.476037979125977
1994-09-21 00:00:00-04:00,26.24276860832647
1994-09-22 00:00:00-04:00,26.709306716918945
1994-09-23 00:00:00-04:00,26.94257514364218
1994-09-26 00:00:00-04:00,26.942575612275498
1994-09-27 00:00:00-04:00,26.94257577121518
1994-09-28 00:00:00-04:00,26.942576256473508
1994-09-29 00:00:00-04:00,26.476038139478295
1994-09-30 00:00:00-04:00,26.12613296508789
1994-10-03 00:00:00-04:00,26.12613296508789
1994-10-04 00:00:00-04:00,26.12613296508789
1994-10-05 00:00:00-04:00,25.77622916888743
1994-10-06 00:00:00-04:00,24.726518630981445
1994-10-07 00:00:00-04:00,24.726518630981445
1994-10-10 00:00:00-04:00,24.376615524291992
1994-10-11 00:00:00-04:00,24.259981155395508
1994-10-12 00:00:00-04:00,24.259980846586682
1994-10-13 00:00:00-04:00,24.376615996499662
1994-10-14 00:00:00-04:00,24.259981155395508
1994-10-17 00:00:00-04:00,24.143346476212642
1994-10-18 00:00:00-04:00,24.376615524291992
1994-10-19 00:00:00-04:00,24.376615524291992
1994-10-20 00:00:00-04:00,24.493249893188477
1994-10-21 00:00:00-04:00,24.259981155395508
1994-10-24 00:00:00-04:00,24.259981155395508
1994-10-25 00:00:00-04:00,23.79344400084845
1994-10-26 00:00:00-04:00,23.67680915196737
1994-10-27 00:00:00-04:00,23.79344367980957
1994-10-28 00:00:00-04:00,23.560174624125164
1994-10-31 00:00:00-05:00,23.676808174210365
1994-11-01 00:00:00-05:00,23.09363555908203
1994-11-02 00:00:00-05:00,23.09363555908203
1994-11-03 00:00:00-05:00,23.09363555908203
1994-11-04 00:00:00-05:00,23.09363555908203
1994-11-07 00:00:00-05:00,23.09363555908203
1994-11-08 00:00:00-05:00,23.09363555908203
1994-11-09 00:00:00-05:00,23.09363555908203
1994-11-10 00:00:00-05:00,22.86036697778946
1994-11-11 00:00:00-05:00,22.743732452392578
1994-11-14 00:00:00-05:00,22.51046387354533
1994-11-15 00:00:00-05:00,22.393829345703125
1994-11-16 00:00:00-05:00,22.160560607910156
1994-11-17 00:00:00-05:00,22.27719497680664
1994-11-18 00:00:00-05:00,22.393829345703125
1994-11-21 00:00:00-05:00,22.160560607910156
1994-11-22 00:00:00-05:00,21.927290115764432
1994-11-23 00:00:00-05:00,21.694021224975586
1994-11-25 00:00:00-05:00,21.694021224975586
1994-11-28 00:00:00-05:00,21.460752487182617
1994-11-29 00:00:00-05:00,21.5773868560791
1994-11-30 00:00:00-05:00,21.577387011569478
1994-12-01 00:00:00-05:00,21.22748374938965
1994-12-02 00:00:00-05:00,21.110849380493164
1994-12-05 00:00:00-05:00,21.110849380493164
1994-12-06 00:00:00-05:00,20.877579502675726
1994-12-07 00:00:00-05:00,20.06113830923337
1994-12-08 00:00:00-05:00,19.594600677490234
1994-12-09 00:00:00-05:00,19.594600363338696
1994-12-12 00:00:00-05:00,19.827869415283203
1994-12-13 00:00:00-05:00,19.711233894999435
1994-12-14 00:00:00-05:00,19.36133033473317
1994-12-15 00:00:00-05:00,19.36133146568163
1994-12-16 00:00:00-05:00,19.82787022446141
1994-12-19 00:00:00-05:00,19.01142707871802
1994-12-20 00:00:00-05:00,18.661523275817466
1994-12-21 00:00:00-05:00,17.261909798400044
1994-12-22 00:00:00-05:00,15.862294846686764
1994-12-23 00:00:00-05:00,15.862294961477964
1994-12-27 00:00:00-05:00,14.92921883719308
1994-12-28 00:00:00-05:00,13.412970402201669
1994-12-29 00:00:00-05:00,14.69595019519329
1994-12-30 00:00:00-05:00,14.929219395661157
1995-01-03 00:00:00-05:00,14.346046587516522
1995-01-04 00:00:00-05:00,13.529605229695639
1995-01-05 00:00:00-05:00,12.829797744750977
1995-01-06 00:00:00-05:00,12.596528840296477
1995-01-09 00:00:00-05:00,11.780087312062582
1995-01-10 00:00:00-05:00,11.1969138697574
1995-01-11 00:00:00-05:00,8.630955202033721
1995-01-12 00:00:00-05:00,9.913934866587322
1995-01-13 00:00:00-05:00,9.330761788905352
1995-01-16 00:00:00-05:00,10.263838296408181
1995-01-17 00:00:00-05:00,10.613741567057948
1995-01-18 00:00:00-05:00,10.847011089324951
1995-01-19 00:00:00-05:00,10.613741376183249
1995-01-20 00:00:00-05:00,9.91393436620265
1995-01-23 00:00:00-05:00,9.097493171691895
1995-01-24 00:00:00-05:00,10.030568773096258
1995-01-25 00:00:00-05:00,10.263838285558364
1995-01-26 00:00:00-05:00,9.91393425247886
1995-01-27 00:00:00-05:00,10.263837814331055
1995-01-30 00:00:00-05:00,9.797300004959107
1995-01-31 00:00:00-05:00,8.980858249049033
1995-02-01 00:00:00-05:00,11.196914505172561
1995-02-02 00:00:00-05:00,10.380472977956137
1995-02-03 00:00:00-05:00,9.680665810902914
1995-02-06 00:00:00-05:00,9.564031440091421
1995-02-07 00:00:00-05:00,9.797300028246504
1995-02-08 00:00:00-05:00,10.263838607273744
1995-02-09 00:00:00-05:00,10.497107666529965
1995-02-10 00:00:00-05:00,10.263837814331055
1995-02-13 00:00:00-05:00,10.263837814331055
1995-02-14 00:00:00-05:00,10.03056957350374
1995-02-15 00:00:00-05:00,10.015990257263184
1995-02-16 00:00:00-05:00,6.531533154574308
1995-02-17 00:00:00-05:00,5.831726053927807
1995-02-21 00:00:00-05:00,5.715091510252519
1995-02-22 00:00:00-05:00,5.131918907165527
1995-02-23 00:00:00-05:00,5.248553427782926
1995-02-24 00:00:00-05:00,5.015284512494062
1995-02-27 00:00:00-05:00,4.315477320126124
1995-02-28 00:00:00-05:00,3.1491321846842766
1995-03-01 00:00:00-05:00,3.732304890950521
1995-03-02 00:00:00-05:00,4.31547753016154
1995-03-03 00:00:00-05:00,4.198842847669447
1995-03-06 00:00:00-05:00,4.31547753016154
1995-03-07 00:00:00-05:00,4.198842912912369
1995-03-08 00:00:00-05:00,3.732304811477661
1995-03-09 00:00:00-05:00,3.6156702861189842
1995-03-10 00:00:00-05:00,3.8489391427291064
1995-03-13 00:00:00-05:00,4.198842834023869
1995-03-14 00:00:00-05:00,4.082208156585693
1995-03-15 00:00:00-05:00,4.198842912912369
1995-03-16 00:00:00-05:00,3.8489394187927246
1995-03-17 00:00:00-05:00,3.965573787689209
1995-03-20 00:00:00-05:00,3.965573862195015
1995-03-21 00:00:00-05:00,3.848939336836338
1995-03-22 00:00:00-05:00,3.6156702041625977
1995-03-23 00:00:00-05:00,3.732304890950521
1995-03-24 00:00:00-05:00,3.9655738005766996
1995-03-27 00:00:00-05:00,4.432112058003744
1995-03-28 00:00:00-05:00,5.015284386548129
1995-03-29 00:00:00-05:00,5.131918883905178
1995-03-30 00:00:00-05:00,4.898650014123252
1995-03-31 00:00:00-05:00,5.015284538269043
1995-04-03 00:00:00-04:00,5.1319189453125
1995-04-04 00:00:00-04:00,6.181629690073304
1995-04-05 00:00:00-04:00,6.998071125575475
1995-04-06 00:00:00-04:00,8.397685507069463
1995-04-07 00:00:00-04:00,8.047781982421876
1995-04-10 00:00:00-04:00,8.98085880279541
1995-04-11 00:00:00-04:00,8.864224116007488
1995-04-12 00:00:00-04:00,7.931147893269857
1995-04-13 00:00:00-04:00,8.047782575580435
1995-04-17 00:00:00-04:00,8.281051144880408
1995-04-18 00:00:00-04:00,8.047782257421693
1995-04-19 00:00:00-04:00,7.581244148313999
1995-04-20 00:00:00-04:00,7.347975254058838
1995-04-21 00:00:00-04:00,7.697878529043759
1995-04-24 00:00:00-04:00,8.164416503906251
1995-04-25 00:00:00-04:00,9.097492519177889
1995-04-26 00:00:00-04:00,8.63095506032308
1995-04-27 00:00:00-04:00,9.214127385616303
1995-04-28 00:00:00-04:00,9.214127385616303
1995-05-01 00:00:00-04:00,9.214127850819784
1995-05-02 00:00:00-04:00,9.680665322291999
1995-05-03 00:00:00-04:00,9.564031440091421
1995-05-04 00:00:00-04:00,9.680665481090546
1995-05-05 00:00:00-04:00,9.330762227376303
1995-05-08 00:00:00-04:00,9.214127862608278
1995-05-09 00:00:00-04:00,8.980858643849691
1995-05-10 00:00:00-04:00,9.33076171875
1995-05-11 00:00:00-04:00,8.864223950529752
1995-05-12 00:00:00-04:00,8.630954388209751
1995-05-15 00:00:00-04:00,8.39768584787029
1995-05-16 00:00:00-04:00,8.514320532480877
1995-05-17 00:00:00-04:00,9.330762227376303
1995-05-18 00:00:00-04:00,9.097492836617134
1995-05-19 00:00:00-04:00,8.514320373535156
1995-05-22 00:00:00-04:00,8.63095506032308
1995-05-23 00:00:00-04:00,9.2141276995341
1995-05-24 00:00:00-04:00,9.097492566922815
1995-05-25 00:00:00-04:00,9.330762392514712
1995-05-26 00:00:00-04:00,9.097493332701845
1995-05-30 00:00:00-04:00,8.980857999701248
1995-05-31 00:00:00-04:00,8.630955213076108
1995-06-01 00:00:00-04:00,9.09749267578125
1995-06-02 00:00:00-04:00,8.63095474243164
1995-06-05 00:00:00-04:00,8.63095458984375
1995-06-06 00:00:00-04:00,8.8642236328125
1995-06-07 00:00:00-04:00,8.864224286146566
1995-06-08 00:00:00-04:00,8.164416313171387
1995-06-09 00:00:00-04:00,8.164416313171387
1995-06-12 00:00:00-04:00,8.047782098545747
1995-06-13 00:00:00-04:00,7.931147275652204
1995-06-14 00:00:00-04:00,7.931147731951813
1995-06-15 00:00:00-04:00,7.697878837585449
1995-06-16 00:00:00-04:00,7.814513206481934
1995-06-19 00:00:00-04:00,7.697878673672676
1995-06-20 00:00:00-04:00,7.581244309743246
1995-06-21 00:00:00-04:00,7.2313405722379684
1995-06-22 00:00:00-04:00,7.464609630072295
1995-06-23 00:00:00-04:00,7.931147893269857
1995-06-26 00:00:00-04:00,8.281051476796469
1995-06-27 00:00:00-04:00,8.397685546875
1995-06-28 00:00:00-04:00,8.86422366860472
1995-06-29 00:00:00-04:00,9.680665481090546
1995-06-30 00:00:00-04:00,9.447396592248845
1995-07-03 00:00:00-04:00,9.330761909484863
1995-07-05 00:00:00-04:00,9.330761756426023
1995-07-06 00:00:00-04:00,9.680665322291999
1995-07-07 00:00:00-04:00,9.564030957221986
1995-07-10 00:00:00-04:00,9.564030647277832
1995-07-11 00:00:00-04:00,9.447396433353424
1995-07-12 00:00:00-04:00,9.56403097995492
1995-07-13 00:00:00-04:00,10.147203770312634
1995-07-14 00:00:00-04:00,10.380473136901855
1995-07-17 00:00:00-04:00,10.380473136901855
1995-07-18 00:00:00-04:00,10.380472334948452
1995-07-19 00:00:00-04:00,10.380472977956137
1995-07-20 00:00:00-04:00,9.680665322291999
1995-07-21 00:00:00-04:00,9.564030690626664
1995-07-24 00:00:00-04:00,10.263837814331055
1995-07-25 00:00:00-04:00,10.147203600683879
1995-07-26 00:00:00-04:00,10.147204088877483
1995-07-27 00:00:00-04:00,9.447396910334207
1995-07-28 00:00:00-04:00,9.564030647277832
1995-07-31 00:00:00-04:00,9.797300181669348
1995-08-01 00:00:00-04:00,9.913934207544095
1995-08-02 00:00:00-04:00,9.79729968745534
1995-08-03 00:00:00-04:00,9.447396910334207
1995-08-04 00:00:00-04:00,9.797300338745117
1995-08-07 00:00:00-04:00,9.797300499605846
1995-08-08 00:00:00-04:00,9.564030957221986
1995-08-09 00:00:00-04:00,9.680665322291999
1995-08-10 00:00:00-04:00,9.564030800336672
1995-08-11 00:00:00-04:00,9.447396433353424
1995-08-14 00:00:00-04:00,9.330761909484863
1995-08-15 00:00:00-04:00,9.097493171691895
1995-08-16 00:00:00-04:00,9.097492519177889
1995-08-17 00:00:00-04:00,8.74758896074797
1995-08-18 00:00:00-04:00,8.980857999701248
1995-08-21 00:00:00-04:00,8.74758896074797
1995-08-22 00:00:00-04:00,8.747589111328125
1995-08-23 00:00:00-04:00,8.63095474243164
1995-08-24 00:00:00-04:00,8.747589265978014
1995-08-25 00:00:00-04:00,8.514320373535156
1995-08-28 00:00:00-04:00,8.397685695338893
1995-08-29 00:00:00-04:00,8.514320218885267
1995-08-30 00:00:00-04:00,8.864224272888977
1995-08-31 00:00:00-04:00,9.09749332106257
1995-09-01 00:00:00-04:00,9.564030957221986
1995-09-05 00:00:00-04:00,9.564030833627985
1995-09-06 00:00:00-04:00,10.030569233613857
1995-09-07 00:00:00-04:00,9.797300028246504
1995-09-08 00:00:00-04:00,9.913934707641602
1995-09-11 00:00:00-04:00,9.913934707641602
1995-09-12 00:00:00-04:00,9.680665810902914
1995-09-13 00:00:00-04:00,9.797299844247323
1995-09-14 00:00:00-04:00,9.447396127189078
1995-09-15 00:00:00-04:00,9.564030647277832
1995-09-18 00:00:00-04:00,9.330761756426023
1995-09-19 00:00:00-04:00,9.330762066418611
1995-09-20 00:00:00-04:00,9.097493014758147
1995-09-21 00:00:00-04:00,9.097493171691895
1995-09-22 00:00:00-04:00,8.980858337879182
1995-09-25 00:00:00-04:00,9.2141276995341
1995-09-26 00:00:00-04:00,9.097493332701845
1995-09-27 00:00:00-04:00,8.864223950529752
1995-09-28 00:00:00-04:00,8.63095444127133
1995-09-29 00:00:00-04:00,8.980858313070762
1995-10-02 00:00:00-04:00,8.514320218885267
1995-10-03 00:00:00-04:00,8.514320218885267
1995-10-04 00:00:00-04:00,8.514320218885267
1995-10-05 00:00:00-04:00,8.63095474243164
1995-10-06 00:00:00-04:00,8.63095474243164
1995-10-09 00:00:00-04:00,8.514320695903939
1995-10-10 00:00:00-04:00,8.047781944274902
1995-10-11 00:00:00-04:00,7.931147560706505
1995-10-12 00:00:00-04:00,7.697878837585449
1995-10-13 00:00:00-04:00,7.581243976469962
1995-10-16 00:00:00-04:00,7.464609622955322
1995-10-17 00:00:00-04:00,7.347974931040118
1995-10-18 00:00:00-04:00,7.464609781901042
1995-10-19 00:00:00-04:00,7.231340422997108
1995-10-20 00:00:00-04:00,7.6978785148033735
1995-10-23 00:00:00-04:00,7.697878837585449
1995-10-24 00:00:00-04:00,7.231340408325195
1995-10-25 00:00:00-04:00,7.231340374265398
1995-10-26 00:00:00-04:00,6.414898681640625
1995-10-27 00:00:00-04:00,5.831726092212605
1995-10-30 00:00:00-05:00,6.531533241271973
1995-10-31 00:00:00-05:00,6.531533387991098
1995-11-01 00:00:00-05:00,6.298264503479004
1995-11-02 00:00:00-05:00,6.29826419694083
1995-11-03 00:00:00-05:00,6.298264160156251
1995-11-06 00:00:00-05:00,5.715091864267985
1995-11-07 00:00:00-05:00,5.715091552734375
1995-11-08 00:00:00-05:00,5.715091864267985
1995-11-09 00:00:00-05:00,5.715091705322266
1995-11-10 00:00:00-05:00,5.83172607421875
1995-11-13 00:00:00-05:00,5.831726030869917
1995-11-14 00:00:00-05:00,5.13191907302193
1995-11-15 00:00:00-05:00,5.365188121795654
1995-11-16 00:00:00-05:00,5.248553448535026
1995-11-17 00:00:00-05:00,5.481822490692139
1995-11-20 00:00:00-05:00,5.481822469017723
1995-11-21 00:00:00-05:00,4.898650024248206
1995-11-22 00:00:00-05:00,5.5984571897066555
1995-11-24 00:00:00-05:00,6.181629975636801
1995-11-27 00:00:00-05:00,6.181629813634433
1995-11-28 00:00:00-05:00,5.831726239277766
1995-11-29 00:00:00-05:00,5.948360919952393
1995-11-30 00:00:00-05:00,6.414899031321208
1995-12-01 00:00:00-05:00,6.414899031321208
1995-12-04 00:00:00-05:00,6.181629975636801
1995-12-05 00:00:00-05:00,5.831726053927807
1995-12-06 00:00:00-05:00,5.598457011770694
1995-12-07 00:00:00-05:00,5.365188280741374
1995-12-08 00:00:00-05:00,5.131919225056967
1995-12-11 00:00:00-05:00,5.365187969613582
1995-12-12 00:00:00-05:00,5.481822646182517
1995-12-13 00:00:00-05:00,5.481822646182517
1995-12-14 00:00:00-05:00,5.365188121795654
1995-12-15 00:00:00-05:00,5.598457336425781
1995-12-18 00:00:00-05:00,5.715091946250514
1995-12-19 00:00:00-05:00,5.656774452099434
1995-12-20 00:00:00-05:00,6.298264503479004
1995-12-21 00:00:00-05:00,6.181629813634433
1995-12-22 00:00:00-05:00,6.064995447794597
1995-12-26 00:00:00-05:00,5.83172607421875
1995-12-27 00:00:00-05:00,5.59845703125
1995-12-28 00:00:00-05:00,5.715091552734375
1995-12-29 00:00:00-05:00,5.715091552734375
1996-01-02 00:00:00-05:00,5.831726092212605
1996-01-03 00:00:00-05:00,6.414898872375488
1996-01-04 00:00:00-05:00,6.531533223278117
1996-01-05 00:00:00-05:00,6.064995297518643
1996-01-08 00:00:00-05:00,6.531533241271973
1996-01-09 00:00:00-05:00,6.531533559163412
1996-01-10 00:00:00-05:00,6.298264503479004
1996-01-11 00:00:00-05:00,6.064995297518643
1996-01-12 00:00:00-05:00,6.064995288848877
1996-01-15 00:00:00-05:00,6.06499513590111
1996-01-16 00:00:00-05:00,6.06499513590111
1996-01-17 00:00:00-05:00,6.064995288848877
1996-01-18 00:00:00-05:00,6.298264503479004
1996-01-19 00:00:00-05:00,6.18162967477526
1996-01-22 00:00:00-05:00,6.531533559163412
1996-01-23 00:00:00-05:00,6.764802614847819
1996-01-24 00:00:00-05:00,7.347975254058838
1996-01-25 00:00:00-05:00,6.998071670532227
1996-01-26 00:00:00-05:00,6.998071347252797
1996-01-29 00:00:00-05:00,6.998071670532227
1996-01-30 00:00:00-05:00,7.11470586970701
1996-01-31 00:00:00-05:00,6.881437142690023
1996-02-01 00:00:00-05:00,6.764802285603114
1996-02-02 00:00:00-05:00,6.531533559163412
1996-02-05 00:00:00-05:00,6.648168087005615
1996-02-06 00:00:00-05:00,6.531533241271973
1996-02-07 00:00:00-05:00,6.531533559163412
1996-02-08 00:00:00-05:00,6.181629975636801
1996-02-09 00:00:00-05:00,6.18162980371592
1996-02-12 00:00:00-05:00,5.715091864267985
1996-02-13 00:00:00-05:00,5.13191907302193
1996-02-14 00:00:00-05:00,5.481822646182517
1996-02-15 00:00:00-05:00,5.365188280741374
1996-02-16 00:00:00-05:00,5.24855375289917
1996-02-20 00:00:00-05:00,5.131919225056967
1996-02-21 00:00:00-05:00,5.131918907165527
1996-02-22 00:00:00-05:00,5.131918907165527
1996-02-23 00:00:00-05:00,5.131919062414835
1996-02-26 00:00:00-05:00,5.131919062414835
1996-02-27 00:00:00-05:00,4.898650169372559
1996-02-28 00:00:00-05:00,4.782015641530355
1996-02-29 00:00:00-05:00,4.665380803550162
1996-03-01 00:00:00-05:00,4.782015641530355
1996-03-04 00:00:00-05:00,4.898650169372559
1996-03-05 00:00:00-05:00,4.782015478610993
1996-03-06 00:00:00-05:00,4.665380941854941
1996-03-07 00:00:00-05:00,4.198842834023869
1996-03-08 00:00:00-05:00,3.965573862195015
1996-03-11 00:00:00-05:00,3.8489392495924424
1996-03-12 00:00:00-05:00,3.73230472687752
1996-03-13 00:00:00-05:00,3.73230474135455
1996-03-14 00:00:00-05:00,3.965573772307365
1996-03-15 00:00:00-05:00,3.8489394187927246
1996-03-18 00:00:00-05:00,3.4990358352661133
1996-03-19 00:00:00-05:00,3.7323048150361475
1996-03-20 00:00:00-05:00,3.9655739466349287
1996-03-21 00:00:00-05:00,3.8489394187927246
1996-03-22 00:00:00-05:00,4.082208474477133
1996-03-25 00:00:00-05:00,3.8489392645218796
1996-03-26 00:00:00-05:00,3.8489392645218796
1996-03-27 00:00:00-05:00,4.023891128710846
1996-03-28 00:00:00-05:00,4.02389121055603
1996-03-29 00:00:00-05:00,4.198842847669447
1996-04-01 00:00:00-05:00,4.315477220635665
1996-04-02 00:00:00-05:00,4.432111712864467
1996-04-03 00:00:00-05:00,4.082208324123073
1996-04-04 00:00:00-05:00,4.198843002319336
1996-04-08 00:00:00-04:00,4.198843002319336
1996-04-09 00:00:00-04:00,4.1988426753452845
1996-04-10 00:00:00-04:00,4.082208310856539
1996-04-11 00:00:00-04:00,3.9655739466349287
1996-04-12 00:00:00-04:00,4.082208474477133
1996-04-15 00:00:00-04:00,4.31547753016154
1996-04-16 00:00:00-04:00,4.432111740112305
1996-04-17 00:00:00-04:00,4.432111917540085
1996-04-18 00:00:00-04:00,5.13191907302193
1996-04-19 00:00:00-04:00,5.1319189274564705
1996-04-22 00:00:00-04:00,5.598457011770694
1996-04-23 00:00:00-04:00,5.248553427782926
1996-04-24 00:00:00-04:00,5.248553597408792
1996-04-25 00:00:00-04:00,5.365188280741374
1996-04-26 00:00:00-04:00,5.248553586560627
1996-04-29 00:00:00-04:00,4.898650014123252
1996-04-30 00:00:00-04:00,5.13191907302193
1996-05-01 00:00:00-04:00,5.481822808583578
1996-05-02 00:00:00-04:00,5.598457336425781
1996-05-03 00:00:00-04:00,5.24855375289917
1996-05-06 00:00:00-04:00,5.015284386548129
1996-05-07 00:00:00-04:00,5.131919225056967
1996-05-08 00:00:00-04:00,5.13191907302193
1996-05-09 00:00:00-04:00,5.598457170569378
1996-05-10 00:00:00-04:00,5.248553448535026
1996-05-13 00:00:00-04:00,5.481822808583578
1996-05-14 00:00:00-04:00,5.598457011770694
1996-05-15 00:00:00-04:00,5.481822490692139
1996-05-16 00:00:00-04:00,5.481822646182517
1996-05-17 00:00:00-04:00,5.248553448535026
1996-05-20 00:00:00-04:00,5.481822490692139
1996-05-21 00:00:00-04:00,5.598457336425781
1996-05-22 00:00:00-04:00,5.715091864267985
1996-05-23 00:00:00-04:00,5.598457170569378
1996-05-24 00:00:00-04:00,5.248553448535026
1996-05-28 00:00:00-04:00,5.365188121795654
1996-05-29 00:00:00-04:00,5.365187948400324
1996-05-30 00:00:00-04:00,5.24855375289917
1996-05-31 00:00:00-04:00,5.598457011770694
1996-06-03 00:00:00-04:00,5.248553448535026
1996-06-04 00:00:00-04:00,5.365188280741374
1996-06-05 00:00:00-04:00,5.248553448535026
1996-06-06 00:00:00-04:00,5.481822808583578
1996-06-07 00:00:00-04:00,5.131918907165527
1996-06-10 00:00:00-04:00,5.131919225056967
1996-06-11 00:00:00-04:00,5.131919062414835
1996-06-12 00:00:00-04:00,5.015284697214763
1996-06-13 00:00:00-04:00,5.015284697214763
1996-06-14 00:00:00-04:00,4.8986498659307305
1996-06-17 00:00:00-04:00,5.015284386548129
1996-06-18 00:00:00-04:00,5.131918907165527
1996-06-19 00:00:00-04:00,5.131919062414835
1996-06-20 00:00:00-04:00,5.015284697214763
1996-06-21 00:00:00-04:00,5.015284697214763
1996-06-24 00:00:00-04:00,4.782015478610993
1996-06-25 00:00:00-04:00,4.665380954742432
1996-06-26 00:00:00-04:00,4.6653807790655835
1996-06-27 00:00:00-04:00,4.432112058003744
1996-06-28 00:00:00-04:00,4.548746430873871
1996-07-01 00:00:00-04:00,4.5487462595889445
1996-07-02 00:00:00-04:00,4.432112058003744
1996-07-03 00:00:00-04:00,4.432112058003744
1996-07-05 00:00:00-04:00,4.31547753016154
1996-07-08 00:00:00-04:00,4.082208156585693
1996-07-09 00:00:00-04:00,4.198842847669447
1996-07-10 00:00:00-04:00,4.315477220635665
1996-07-11 00:00:00-04:00,4.5487462595889445
1996-07-12 00:00:00-04:00,4.31547737121582
1996-07-15 00:00:00-04:00,4.315477194104876
1996-07-16 00:00:00-04:00,3.9655739466349287
1996-07-17 00:00:00-04:00,4.31547737121582
1996-07-18 00:00:00-04:00,4.432111917540085
1996-07-19 00:00:00-04:00,5.015284363816424
1996-07-22 00:00:00-04:00,4.782015478610993
1996-07-23 00:00:00-04:00,4.782015641530355
1996-07-24 00:00:00-04:00,4.43211190700531
1996-07-25 00:00:00-04:00,4.5487462595889445
1996-07-26 00:00:00-04:00,4.548746418308567
1996-07-29 00:00:00-04:00,4.1988426753452845
1996-07-30 00:00:00-04:00,4.023890897205898
1996-07-31 00:00:00-04:00,3.965573787689209
1996-08-01 00:00:00-04:00,4.082208474477133
1996-08-02 00:00:00-04:00,4.432111740112305
1996-08-05 00:00:00-04:00,4.315477220635665
1996-08-06 00:00:00-04:00,4.432111740112305
1996-08-07 00:00:00-04:00,4.432111740112305
1996-08-08 00:00:00-04:00,4.31547753016154
1996-08-09 00:00:00-04:00,4.5487462595889445
1996-08-12 00:00:00-04:00,4.31547737121582
1996-08-13 00:00:00-04:00,4.31547737121582
1996-08-14 00:00:00-04:00,4.198842847669447
1996-08-15 00:00:00-04:00,4.198843002319336
1996-08-16 00:00:00-04:00,4.31547753016154
1996-08-19 00:00:00-04:00,4.198843002319336
1996-08-20 00:00:00-04:00,4.198843002319336
1996-08-21 00:00:00-04:00,4.198842847669447
1996-08-22 00:00:00-04:00,4.432111740112305
1996-08-23 00:00:00-04:00,4.432111740112305
1996-08-26 00:00:00-04:00,4.432111740112305
1996-08-27 00:00:00-04:00,4.315477220635665
1996-08-28 00:00:00-04:00,4.548746585845947
1996-08-29 00:00:00-04:00,4.548746418308567
1996-08-30 00:00:00-04:00,4.548746418308567
1996-09-03 00:00:00-04:00,4.31547737121582
1996-09-04 00:00:00-04:00,4.31547737121582
1996-09-05 00:00:00-04:00,4.198843002319336
1996-09-06 00:00:00-04:00,4.198843002319336
1996-09-09 00:00:00-04:00,4.31547753016154
1996-09-10 00:00:00-04:00,4.198843002319336
1996-09-11 00:00:00-04:00,4.198843002319336
1996-09-12 00:00:00-04:00,4.198843002319336
1996-09-13 00:00:00-04:00,4.31547753016154
1996-09-16 00:00:00-04:00,4.5487462595889445
1996-09-17 00:00:00-04:00,4.548746585845947
1996-09-18 00:00:00-04:00,4.432111740112305
1996-09-19 00:00:00-04:00,4.432111740112305
1996-09-20 00:00:00-04:00,4.432111894762194
1996-09-23 00:00:00-04:00,4.198843002319336
1996-09-24 00:00:00-04:00,4.1988426753452845
1996-09-25 00:00:00-04:00,4.082208156585693
1996-09-26 00:00:00-04:00,4.082208474477133
1996-09-27 00:00:00-04:00,4.198842834023869
1996-09-30 00:00:00-04:00,3.965573787689209
1996-10-01 00:00:00-04:00,3.965573787689209
1996-10-02 00:00:00-04:00,3.9655739466349287
1996-10-03 00:00:00-04:00,4.315477220635665
1996-10-04 00:00:00-04:00,4.5487462595889445
1996-10-07 00:00:00-04:00,4.432111740112305
1996-10-08 00:00:00-04:00,4.31547737121582
1996-10-09 00:00:00-04:00,4.31547737121582
1996-10-10 00:00:00-04:00,4.31547753016154
1996-10-11 00:00:00-04:00,4.31547737121582
1996-10-14 00:00:00-04:00,4.198843002319336
1996-10-15 00:00:00-04:00,4.198843082911532
1996-10-16 00:00:00-04:00,4.140525817871094
1996-10-17 00:00:00-04:00,4.0822085528306555
1996-10-18 00:00:00-04:00,4.082208156585693
1996-10-21 00:00:00-04:00,4.082208310856539
1996-10-22 00:00:00-04:00,4.082208474477133
1996-10-23 00:00:00-04:00,3.732304811477661
1996-10-24 00:00:00-04:00,3.732304811477661
1996-10-25 00:00:00-04:00,3.732304811477661
1996-10-28 00:00:00-05:00,3.732304811477661
1996-10-29 00:00:00-05:00,3.615670187132699
1996-10-30 00:00:00-05:00,3.3824012187811046
1996-10-31 00:00:00-05:00,3.0324976444244385
1996-11-01 00:00:00-05:00,3.149132098470415
1996-11-04 00:00:00-05:00,3.149132251739502
1996-11-05 00:00:00-05:00,3.149132098470415
1996-11-06 00:00:00-05:00,3.149132251739502
1996-11-07 00:00:00-05:00,3.49903575305281
1996-11-08 00:00:00-05:00,3.4990356950198906
1996-11-11 00:00:00-05:00,3.848939336836338
1996-11-12 00:00:00-05:00,3.8489392645218796
1996-11-13 00:00:00-05:00,3.8489394187927246
1996-11-14 00:00:00-05:00,3.732304811477661
1996-11-15 00:00:00-05:00,3.6156703631083174
1996-11-18 00:00:00-05:00,3.49903575305281
1996-11-19 00:00:00-05:00,3.38240122795105
1996-11-20 00:00:00-05:00,3.38240122795105
1996-11-21 00:00:00-05:00,3.38240122795105
1996-11-22 00:00:00-05:00,3.382401142801557
1996-11-25 00:00:00-05:00,3.2657666206359863
1996-11-26 00:00:00-05:00,3.3824013074239097
1996-11-27 00:00:00-05:00,3.2657667028492896
1996-11-29 00:00:00-05:00,3.3824011587327525
1996-12-02 00:00:00-05:00,3.6156703631083174
1996-12-03 00:00:00-05:00,3.499035681447675
1996-12-04 00:00:00-05:00,3.4990358352661133
1996-12-05 00:00:00-05:00,3.4990358352661133
1996-12-06 00:00:00-05:00,3.149132098470415
1996-12-09 00:00:00-05:00,3.2657667028492896
1996-12-10 00:00:00-05:00,3.149132251739502
1996-12-11 00:00:00-05:00,3.0324977238972983
1996-12-12 00:00:00-05:00,3.149132251739502
1996-12-13 00:00:00-05:00,3.149132251739502
1996-12-16 00:00:00-05:00,3.149132251739502
1996-12-17 00:00:00-05:00,3.149132177747529
1996-12-18 00:00:00-05:00,3.382401142801557
1996-12-19 00:00:00-05:00,3.149132251739502
1996-12-20 00:00:00-05:00,3.149132251739502
1996-12-23 00:00:00-05:00,3.149132169209994
1996-12-24 00:00:00-05:00,3.0324976444244385
1996-12-26 00:00:00-05:00,3.03249755859375
1996-12-27 00:00:00-05:00,3.03249755859375
1996-12-30 00:00:00-05:00,2.9158631960550947
1996-12-31 00:00:00-05:00,2.799228515625
1997-01-02 00:00:00-05:00,2.915863037109375
1997-01-03 00:00:00-05:00,2.915863119638883
1997-01-06 00:00:00-05:00,2.915863119638883
1997-01-07 00:00:00-05:00,3.0324975763048445
1997-01-08 00:00:00-05:00,3.2657666206359863
1997-01-09 00:00:00-05:00,3.2657666206359863
1997-01-10 00:00:00-05:00,3.149132251739502
1997-01-13 00:00:00-05:00,3.149132251739502
1997-01-14 00:00:00-05:00,3.149132251739502
1997-01-15 00:00:00-05:00,3.2657666206359863
1997-01-16 00:00:00-05:00,3.382401142801557
1997-01-17 00:00:00-05:00,3.2657666206359863
1997-01-20 00:00:00-05:00,3.38240122795105
1997-01-21 00:00:00-05:00,3.3824013074239097
1997-01-22 00:00:00-05:00,3.4990358352661133
1997-01-23 00:00:00-05:00,3.848939119066511
1997-01-24 00:00:00-05:00,4.082208310856539
1997-01-27 00:00:00-05:00,3.965573787689209
1997-01-28 00:00:00-05:00,3.9655739466349287
1997-01-29 00:00:00-05:00,3.8489394187927246
1997-01-30 00:00:00-05:00,3.965573787689209
1997-01-31 00:00:00-05:00,3.8489392645218796
1997-02-03 00:00:00-05:00,4.082208310856539
1997-02-04 00:00:00-05:00,3.965573787689209
1997-02-05 00:00:00-05:00,3.965573787689209
1997-02-06 00:00:00-05:00,3.965573637826102
1997-02-07 00:00:00-05:00,4.082208156585693
1997-02-10 00:00:00-05:00,4.082208156585693
1997-02-11 00:00:00-05:00,4.082208156585693
1997-02-12 00:00:00-05:00,4.082208474477133
1997-02-13 00:00:00-05:00,4.665380941854941
1997-02-14 00:00:00-05:00,4.31547737121582
1997-02-18 00:00:00-05:00,4.432111763372654
1997-02-19 00:00:00-05:00,4.782015323638916
1997-02-20 00:00:00-05:00,4.89864984372767
1997-02-21 00:00:00-05:00,4.782015323638916
1997-02-24 00:00:00-05:00,4.782015323638916
1997-02-25 00:00:00-05:00,4.782015478610993
1997-02-26 00:00:00-05:00,4.665380941854941
1997-02-27 00:00:00-05:00,4.198843002319336
1997-02-28 00:00:00-05:00,4.198843002319336
1997-03-03 00:00:00-05:00,4.198843002319336
1997-03-04 00:00:00-05:00,4.082208474477133
1997-03-05 00:00:00-05:00,4.31547737121582
1997-03-06 00:00:00-05:00,4.432111740112305
1997-03-07 00:00:00-05:00,4.31547737121582
1997-03-10 00:00:00-05:00,4.432111963629723
1997-03-11 00:00:00-05:00,3.732304811477661
1997-03-12 00:00:00-05:00,3.6156702781545706
1997-03-13 00:00:00-05:00,3.38240122795105
1997-03-14 00:00:00-05:00,3.38240122795105
1997-03-17 00:00:00-05:00,3.2657666206359863
1997-03-18 00:00:00-05:00,3.265766779581706
1997-03-19 00:00:00-05:00,3.2657667028492896
1997-03-20 00:00:00-05:00,3.38240122795105
1997-03-21 00:00:00-05:00,3.2657666206359863
1997-03-24 00:00:00-05:00,3.2657666206359863
1997-03-25 00:00:00-05:00,3.2657666206359863
1997-03-26 00:00:00-05:00,3.149132251739502
1997-03-27 00:00:00-05:00,3.149132251739502
1997-03-31 00:00:00-05:00,3.149132251739502
1997-04-01 00:00:00-05:00,3.149132251739502
1997-04-02 00:00:00-05:00,3.149132251739502
1997-04-03 00:00:00-05:00,3.2657667028492896
1997-04-04 00:00:00-05:00,3.2657666206359863
1997-04-07 00:00:00-04:00,3.149132177747529
1997-04-08 00:00:00-04:00,3.265766779581706
1997-04-09 00:00:00-04:00,3.149132251739502
1997-04-10 00:00:00-04:00,3.2657666206359863
1997-04-11 00:00:00-04:00,3.2657666206359863
1997-04-14 00:00:00-04:00,3.2657666206359863
1997-04-15 00:00:00-04:00,3.2657667028492896
1997-04-16 00:00:00-04:00,3.2657666206359863
1997-04-17 00:00:00-04:00,3.2657666206359863
1997-04-18 00:00:00-04:00,3.2657666206359863
1997-04-21 00:00:00-04:00,3.49903575305281
1997-04-22 00:00:00-04:00,3.2657666206359863
1997-04-23 00:00:00-04:00,3.382401142801557
1997-04-24 00:00:00-04:00,3.2657666206359863
1997-04-25 00:00:00-04:00,3.2657667028492896
1997-04-28 00:00:00-04:00,3.38240122795105
1997-04-29 00:00:00-04:00,3.265766779581706
1997-04-30 00:00:00-04:00,3.0324976444244385
1997-05-01 00:00:00-04:00,3.0324976444244385
1997-05-02 00:00:00-04:00,3.0324976444244385
1997-05-05 00:00:00-04:00,3.149132251739502
1997-05-06 00:00:00-04:00,3.149132251739502
1997-05-07 00:00:00-04:00,3.149132251739502
1997-05-08 00:00:00-04:00,3.207449436187744
1997-05-09 00:00:00-04:00,3.2657666206359863
1997-05-12 00:00:00-04:00,3.2074493595532005
1997-05-13 00:00:00-04:00,3.2657666206359863
1997-05-14 00:00:00-04:00,3.38240122795105
1997-05-15 00:00:00-04:00,3.2657666206359863
1997-05-16 00:00:00-04:00,3.265766698663885
1997-05-19 00:00:00-04:00,3.2657666206359863
1997-05-20 00:00:00-04:00,3.2657666206359863
1997-05-21 00:00:00-04:00,3.149132089794807
1997-05-22 00:00:00-04:00,3.265766779581706
1997-05-23 00:00:00-04:00,2.915863037109375
1997-05-27 00:00:00-04:00,3.0324977238972983
1997-05-28 00:00:00-04:00,3.09081483738763
1997-05-29 00:00:00-04:00,3.265766779581706
1997-05-30 00:00:00-04:00,3.149132177747529
1997-06-02 00:00:00-04:00,3.2657666206359863
1997-06-03 00:00:00-04:00,3.2657666206359863
1997-06-04 00:00:00-04:00,3.265766698663885
1997-06-05 00:00:00-04:00,3.2074493595532005
1997-06-06 00:00:00-04:00,3.2657666206359863
1997-06-09 00:00:00-04:00,3.0908149112354626
1997-06-10 00:00:00-04:00,3.149132251739502
1997-06-11 00:00:00-04:00,3.2074493595532005
1997-06-12 00:00:00-04:00,3.3824013074239097
1997-06-13 00:00:00-04:00,3.499035681447675
1997-06-16 00:00:00-04:00,3.6156703631083174
1997-06-17 00:00:00-04:00,3.6156702041625977
1997-06-18 00:00:00-04:00,3.6156702041625977
1997-06-19 00:00:00-04:00,3.4990358352661133
1997-06-20 00:00:00-04:00,3.4990356736263983
1997-06-23 00:00:00-04:00,3.207449515660604
1997-06-24 00:00:00-04:00,3.4990358352661133
1997-06-25 00:00:00-04:00,3.49903575305281
1997-06-26 00:00:00-04:00,3.2657667028492896
1997-06-27 00:00:00-04:00,3.49903575305281
1997-06-30 00:00:00-04:00,3.38240122795105
1997-07-01 00:00:00-04:00,3.207449436187744
1997-07-02 00:00:00-04:00,3.2074493595532005
1997-07-03 00:00:00-04:00,3.2657666206359863
1997-07-07 00:00:00-04:00,3.149132251739502
1997-07-08 00:00:00-04:00,3.615670289566268
1997-07-09 00:00:00-04:00,4.082208474477133
1997-07-10 00:00:00-04:00,3.9655737803532527
1997-07-11 00:00:00-04:00,3.790622154871623
1997-07-14 00:00:00-04:00,3.848939340506027
1997-07-15 00:00:00-04:00,3.848939336836338
1997-07-16 00:00:00-04:00,3.7323047344501203
1997-07-17 00:00:00-04:00,3.8489392574016867
1997-07-18 00:00:00-04:00,3.7906220741569996
1997-07-21 00:00:00-04:00,3.6156702861189842
1997-07-22 00:00:00-04:00,3.732304811477661
1997-07-23 00:00:00-04:00,3.732304890950521
1997-07-24 00:00:00-04:00,3.732304890950521
1997-07-25 00:00:00-04:00,3.673987465520059
1997-07-28 00:00:00-04:00,3.848939336836338
1997-07-29 00:00:00-04:00,3.6156703631083174
1997-07-30 00:00:00-04:00,3.8489394187927246
1997-07-31 00:00:00-04:00,3.732304811477661
1997-08-01 00:00:00-04:00,3.732304811477661
1997-08-04 00:00:00-04:00,3.6156702041625977
1997-08-05 00:00:00-04:00,3.61567021818722
1997-08-06 00:00:00-04:00,4.082208474477133
1997-08-07 00:00:00-04:00,3.965573787689209
1997-08-08 00:00:00-04:00,3.9655739466349287
1997-08-11 00:00:00-04:00,3.8489394187927246
1997-08-12 00:00:00-04:00,3.965573862195015
1997-08-13 00:00:00-04:00,3.6156702041625977
1997-08-14 00:00:00-04:00,3.673987627029419
1997-08-15 00:00:00-04:00,3.499035681447675
1997-08-18 00:00:00-04:00,3.6156702041625977
1997-08-19 00:00:00-04:00,3.73230472687752
1997-08-20 00:00:00-04:00,3.732304811477661
1997-08-21 00:00:00-04:00,3.732304811477661
1997-08-22 00:00:00-04:00,3.499035681447675
1997-08-25 00:00:00-04:00,3.4990358352661133
1997-08-26 00:00:00-04:00,3.38240122795105
1997-08-27 00:00:00-04:00,3.38240122795105
1997-08-28 00:00:00-04:00,3.38240122795105
1997-08-29 00:00:00-04:00,3.38240122795105
1997-09-02 00:00:00-04:00,3.38240122795105
1997-09-03 00:00:00-04:00,3.38240122795105
1997-09-04 00:00:00-04:00,3.61567021818722
1997-09-05 00:00:00-04:00,3.9655738005766996
1997-09-08 00:00:00-04:00,4.432112058003744
1997-09-09 00:00:00-04:00,4.665380954742432
1997-09-10 00:00:00-04:00,4.782015641530355
1997-09-11 00:00:00-04:00,5.481822646182517
1997-09-12 00:00:00-04:00,5.481822646182517
1997-09-15 00:00:00-04:00,5.365188280741374
1997-09-16 00:00:00-04:00,5.948360595703125
1997-09-17 00:00:00-04:00,5.831726239277766
1997-09-18 00:00:00-04:00,6.2982644288436225
1997-09-19 00:00:00-04:00,6.589850650383876
1997-09-22 00:00:00-04:00,6.298264338419988
1997-09-23 00:00:00-04:00,6.064995288848877
1997-09-24 00:00:00-04:00,6.064995152609689
1997-09-25 00:00:00-04:00,6.4148991086841685
1997-09-26 00:00:00-04:00,6.648168087005615
1997-09-29 00:00:00-04:00,6.531533559163412
1997-09-30 00:00:00-04:00,6.064995152609689
1997-10-01 00:00:00-04:00,6.53153339732777
1997-10-02 00:00:00-04:00,6.298264503479004
1997-10-03 00:00:00-04:00,6.181629975636801
1997-10-06 00:00:00-04:00,5.83172622992068
1997-10-07 00:00:00-04:00,5.715091864267985
1997-10-08 00:00:00-04:00,5.598457180723852
1997-10-09 00:00:00-04:00,5.83172622992068
1997-10-10 00:00:00-04:00,5.598457336425781
1997-10-13 00:00:00-04:00,6.29826419694083
1997-10-14 00:00:00-04:00,6.29826419694083
1997-10-15 00:00:00-04:00,6.589850902557373
1997-10-16 00:00:00-04:00,6.356581767400106
1997-10-17 00:00:00-04:00,6.181629657745361
1997-10-20 00:00:00-04:00,6.181629822470925
1997-10-21 00:00:00-04:00,6.531533405698579
1997-10-22 00:00:00-04:00,6.881436807768686
1997-10-23 00:00:00-04:00,6.298264338419988
1997-10-24 00:00:00-04:00,6.064995447794597
1997-10-27 00:00:00-05:00,5.8317262193431025
1997-10-28 00:00:00-05:00,4.082208474477133
1997-10-29 00:00:00-05:00,5.365188280741374
1997-10-30 00:00:00-05:00,5.24855375289917
1997-10-31 00:00:00-05:00,4.956967353820801
1997-11-03 00:00:00-05:00,4.898649954026745
1997-11-04 00:00:00-05:00,5.306870783528974
1997-11-05 00:00:00-05:00,5.365188121795654
1997-11-06 00:00:00-05:00,5.365188280741374
1997-11-07 00:00:00-05:00,4.898650014123252
1997-11-10 00:00:00-05:00,5.131919062414835
1997-11-11 00:00:00-05:00,5.015284697214763
1997-11-12 00:00:00-05:00,4.782015323638916
1997-11-13 00:00:00-05:00,4.665381196257356
1997-11-14 00:00:00-05:00,4.43211198154884
1997-11-17 00:00:00-05:00,4.665380954742432
1997-11-18 00:00:00-05:00,4.43211190700531
1997-11-19 00:00:00-05:00,4.548746585845947
1997-11-20 00:00:00-05:00,4.548746585845947
1997-11-21 00:00:00-05:00,4.782015323638916
1997-11-24 00:00:00-05:00,4.665380954742432
1997-11-25 00:00:00-05:00,4.548746585845947
1997-11-26 00:00:00-05:00,4.6653807790655835
1997-11-28 00:00:00-05:00,4.665380954742432
1997-12-01 00:00:00-05:00,4.782015364220801
1997-12-02 00:00:00-05:00,5.481822490692139
1997-12-03 00:00:00-05:00,5.248553427782926
1997-12-04 00:00:00-05:00,5.131919225056967
1997-12-05 00:00:00-05:00,5.131919062414835
1997-12-08 00:00:00-05:00,4.898650169372559
1997-12-09 00:00:00-05:00,4.898650169372559
1997-12-10 00:00:00-05:00,4.782015323638916
1997-12-11 00:00:00-05:00,4.782015400168336
1997-12-12 00:00:00-05:00,4.782015478610993
1997-12-15 00:00:00-05:00,4.665380954742432
1997-12-16 00:00:00-05:00,4.607063543505785
1997-12-17 00:00:00-05:00,4.782015323638916
1997-12-18 00:00:00-05:00,4.782015478610993
1997-12-19 00:00:00-05:00,4.432112058003744
1997-12-22 00:00:00-05:00,4.548746418308567
1997-12-23 00:00:00-05:00,4.198843002319336
1997-12-24 00:00:00-05:00,4.198843002319336
1997-12-26 00:00:00-05:00,4.198843002319336
1997-12-29 00:00:00-05:00,4.198843002319336
1997-12-30 00:00:00-05:00,4.198842701159025
1997-12-31 00:00:00-05:00,4.432111894762194
1998-01-02 00:00:00-05:00,4.3154773831367494
1998-01-05 00:00:00-05:00,4.548746666350922
1998-01-06 00:00:00-05:00,4.31547737121582
1998-01-07 00:00:00-05:00,4.082208474477133
1998-01-08 00:00:00-05:00,4.198843002319336
1998-01-09 00:00:00-05:00,4.082208387553692
1998-01-12 00:00:00-05:00,3.38240122795105
1998-01-13 00:00:00-05:00,3.38240122795105
1998-01-14 00:00:00-05:00,3.38240122795105
1998-01-15 00:00:00-05:00,3.38240122795105
1998-01-16 00:00:00-05:00,3.38240122795105
1998-01-20 00:00:00-05:00,3.7323046698086504
1998-01-21 00:00:00-05:00,4.023891116010732
1998-01-22 00:00:00-05:00,3.499035681447675
1998-01-23 00:00:00-05:00,3.4990358352661133
1998-01-26 00:00:00-05:00,3.382401151172185
1998-01-27 00:00:00-05:00,3.6156703631083174
1998-01-28 00:00:00-05:00,3.4990358352661133
1998-01-29 00:00:00-05:00,3.4990356736263983
1998-01-30 00:00:00-05:00,3.4990358352661133
1998-02-02 00:00:00-05:00,3.499035681447675
1998-02-03 00:00:00-05:00,3.4990358352661133
1998-02-04 00:00:00-05:00,3.4990358352661133
1998-02-05 00:00:00-05:00,3.38240122795105
1998-02-06 00:00:00-05:00,3.2657666206359863
1998-02-09 00:00:00-05:00,3.149132251739502
1998-02-10 00:00:00-05:00,3.149132251739502
1998-02-11 00:00:00-05:00,3.149132098470415
1998-02-12 00:00:00-05:00,3.149132251739502
1998-02-13 00:00:00-05:00,3.0324976526457688
1998-02-17 00:00:00-05:00,3.4407185713450117
1998-02-18 00:00:00-05:00,3.1491320800781253
1998-02-19 00:00:00-05:00,2.915863119638883
1998-02-20 00:00:00-05:00,2.9158631960550947
1998-02-23 00:00:00-05:00,3.265766693995549
1998-02-24 00:00:00-05:00,2.915863119638883
1998-02-25 00:00:00-05:00,2.915863119638883
1998-02-26 00:00:00-05:00,3.0324977238972983
1998-02-27 00:00:00-05:00,2.9741804599761963
1998-03-02 00:00:00-05:00,2.799228585284689
1998-03-03 00:00:00-05:00,2.5659596125284834
1998-03-04 00:00:00-05:00,2.56595947265625
1998-03-05 00:00:00-05:00,3.0324975480424596
1998-03-06 00:00:00-05:00,2.799228590361926
1998-03-09 00:00:00-05:00,2.7992284948175605
1998-03-10 00:00:00-05:00,2.682594055353209
1998-03-11 00:00:00-05:00,2.4493249329653652
1998-03-12 00:00:00-05:00,2.5659594535827637
1998-03-13 00:00:00-05:00,2.5659596125284834
1998-03-16 00:00:00-05:00,2.857545852661133
1998-03-17 00:00:00-05:00,2.799228585284689
1998-03-18 00:00:00-05:00,2.7992286682128906
1998-03-19 00:00:00-05:00,2.9158631339669228
1998-03-20 00:00:00-05:00,3.7323046875
1998-03-23 00:00:00-05:00,4.373794453484671
1998-03-24 00:00:00-05:00,4.082208474477133
1998-03-25 00:00:00-05:00,4.198843002319336
1998-03-26 00:00:00-05:00,4.198843002319336
1998-03-27 00:00:00-05:00,4.432111740112305
1998-03-30 00:00:00-05:00,4.31547753016154
1998-03-31 00:00:00-05:00,4.198842929888375
1998-04-01 00:00:00-05:00,4.315477606538054
1998-04-02 00:00:00-05:00,4.432111740112305
1998-04-03 00:00:00-05:00,4.432111740112305
1998-04-06 00:00:00-04:00,4.432111740112305
1998-04-07 00:00:00-04:00,4.198842847669447
1998-04-08 00:00:00-04:00,4.198843002319336
1998-04-09 00:00:00-04:00,4.198843002319336
1998-04-13 00:00:00-04:00,4.082208324123073
1998-04-14 00:00:00-04:00,4.198842923935145
1998-04-15 00:00:00-04:00,4.373794718633724
1998-04-16 00:00:00-04:00,4.43211181640625
1998-04-17 00:00:00-04:00,4.432111740112305
1998-04-20 00:00:00-04:00,4.432111740112305
1998-04-21 00:00:00-04:00,4.548746507379073
1998-04-22 00:00:00-04:00,4.5487462595889445
1998-04-23 00:00:00-04:00,4.432111894762194
1998-04-24 00:00:00-04:00,4.31547737121582
1998-04-27 00:00:00-04:00,4.198842847669447
1998-04-28 00:00:00-04:00,4.198843002319336
1998-04-29 00:00:00-04:00,4.198843002319336
1998-04-30 00:00:00-04:00,4.198843002319336
1998-05-01 00:00:00-04:00,4.082208310856539
1998-05-04 00:00:00-04:00,4.082208474477133
1998-05-05 00:00:00-04:00,4.0822085528306555
1998-05-06 00:00:00-04:00,4.082208310856539
1998-05-07 00:00:00-04:00,4.1988426753452845
1998-05-08 00:00:00-04:00,4.082208474477133
1998-05-11 00:00:00-04:00,4.082208156585693
1998-05-12 00:00:00-04:00,3.8489394187927246
1998-05-13 00:00:00-04:00,3.732304811477661
1998-05-14 00:00:00-04:00,3.732304890950521
1998-05-15 00:00:00-04:00,3.8489394187927246
1998-05-18 00:00:00-04:00,3.8489394187927246
1998-05-19 00:00:00-04:00,3.73230472687752
1998-05-20 00:00:00-04:00,3.732304811477661
1998-05-21 00:00:00-04:00,3.6156702041625977
1998-05-22 00:00:00-04:00,3.6156702041625977
1998-05-26 00:00:00-04:00,3.6156702683522153
1998-05-27 00:00:00-04:00,3.0324976444244385
1998-05-28 00:00:00-04:00,2.915863119638883
1998-05-29 00:00:00-04:00,2.799228505885347
1998-06-01 00:00:00-04:00,2.682594140370687
1998-06-02 00:00:00-04:00,2.7992286682128906
1998-06-03 00:00:00-04:00,2.9158630678730626
1998-06-04 00:00:00-04:00,3.73230472687752
1998-06-05 00:00:00-04:00,3.4990358352661133
1998-06-08 00:00:00-04:00,3.38240122795105
1998-06-09 00:00:00-04:00,3.499035664967128
1998-06-10 00:00:00-04:00,3.3240840435028076
1998-06-11 00:00:00-04:00,3.3240840435028076
1998-06-12 00:00:00-04:00,3.149132251739502
1998-06-15 00:00:00-04:00,3.149132251739502
1998-06-16 00:00:00-04:00,3.03249755859375
1998-06-17 00:00:00-04:00,3.149132169209994
1998-06-18 00:00:00-04:00,3.0324976444244385
1998-06-19 00:00:00-04:00,3.0324976444244385
1998-06-22 00:00:00-04:00,3.0324976444244385
1998-06-23 00:00:00-04:00,2.915863037109375
1998-06-24 00:00:00-04:00,2.7992286682128906
1998-06-25 00:00:00-04:00,3.03249755859375
1998-06-26 00:00:00-04:00,2.915863037109375
1998-06-29 00:00:00-04:00,2.7992286682128906
1998-06-30 00:00:00-04:00,2.799228505885347
1998-07-01 00:00:00-04:00,2.7992286682128906
1998-07-02 00:00:00-04:00,2.7992286682128906
1998-07-06 00:00:00-04:00,2.7409112453460693
1998-07-07 00:00:00-04:00,2.7992286682128906
1998-07-08 00:00:00-04:00,2.7409113324605503
1998-07-09 00:00:00-04:00,3.0324977238972983
1998-07-10 00:00:00-04:00,2.7992286682128906
1998-07-13 00:00:00-04:00,2.7992286682128906
1998-07-14 00:00:00-04:00,2.857545852661133
1998-07-15 00:00:00-04:00,2.799228505885347
1998-07-16 00:00:00-04:00,2.682594140370687
1998-07-17 00:00:00-04:00,2.91586311496034
1998-07-20 00:00:00-04:00,2.7992286682128906
1998-07-21 00:00:00-04:00,2.9158630461063026
1998-07-22 00:00:00-04:00,3.03249755859375
1998-07-23 00:00:00-04:00,2.974180382031661
1998-07-24 00:00:00-04:00,3.0324976444244385
1998-07-27 00:00:00-04:00,3.149132169209994
1998-07-28 00:00:00-04:00,3.0324977238972983
1998-07-29 00:00:00-04:00,3.0324976444244385
1998-07-30 00:00:00-04:00,2.915863119638883
1998-07-31 00:00:00-04:00,3.0324976444244385
1998-08-03 00:00:00-04:00,3.0324976444244385
1998-08-04 00:00:00-04:00,3.1491321584452754
1998-08-05 00:00:00-04:00,2.6825940657635123
1998-08-06 00:00:00-04:00,2.682594060897827
1998-08-07 00:00:00-04:00,2.682594140370687
1998-08-10 00:00:00-04:00,2.682594060897827
1998-08-11 00:00:00-04:00,2.5659594535827637
1998-08-12 00:00:00-04:00,2.5659594535827637
1998-08-13 00:00:00-04:00,2.5659594535827637
1998-08-14 00:00:00-04:00,2.5659596125284834
1998-08-17 00:00:00-04:00,2.332690477371216
1998-08-18 00:00:00-04:00,2.4493249329653652
1998-08-19 00:00:00-04:00,2.799228579499001
1998-08-20 00:00:00-04:00,2.4493250846862793
1998-08-21 00:00:00-04:00,2.3326905568440757
1998-08-24 00:00:00-04:00,2.099421501159668
1998-08-25 00:00:00-04:00,2.099421501159668
1998-08-26 00:00:00-04:00,2.0994214170119343
1998-08-27 00:00:00-04:00,1.866152354649135
1998-08-28 00:00:00-04:00,1.632883318008915
1998-08-31 00:00:00-04:00,1.749517832483564
1998-09-01 00:00:00-04:00,1.6328833469977746
1998-09-02 00:00:00-04:00,1.5162488619486492
1998-09-03 00:00:00-04:00,1.6328833103179932
1998-09-04 00:00:00-04:00,1.6328833103179932
1998-09-08 00:00:00-04:00,1.6328833103179932
1998-09-09 00:00:00-04:00,1.6328833103179932
1998-09-10 00:00:00-04:00,1.6328833103179932
1998-09-11 00:00:00-04:00,1.5162488222122192
1998-09-14 00:00:00-04:00,1.5162488222122192
1998-09-15 00:00:00-04:00,1.6328833243426155
1998-09-16 00:00:00-04:00,2.0411040782928467
1998-09-17 00:00:00-04:00,1.8661524454752605
1998-09-18 00:00:00-04:00,1.7495179176330566
1998-09-21 00:00:00-04:00,1.6328833469977746
1998-09-22 00:00:00-04:00,1.5162488222122192
1998-09-23 00:00:00-04:00,1.632883389790853
1998-09-24 00:00:00-04:00,1.7495178407238374
1998-09-25 00:00:00-04:00,1.6328833103179932
1998-09-28 00:00:00-04:00,1.6328833103179932
1998-09-29 00:00:00-04:00,1.574566084604997
1998-09-30 00:00:00-04:00,1.3996143341064453
1998-10-01 00:00:00-04:00,1.3996143341064453
1998-10-02 00:00:00-04:00,1.2829798062642417
1998-10-05 00:00:00-04:00,1.3996143341064453
1998-10-06 00:00:00-04:00,1.3996142926423445
1998-10-07 00:00:00-04:00,1.3412970701853435
1998-10-08 00:00:00-04:00,1.1663452784220378
1998-10-09 00:00:00-04:00,1.2246625423431396
1998-10-12 00:00:00-04:00,1.2246625423431396
1998-10-13 00:00:00-04:00,1.3412970244884492
1998-10-14 00:00:00-04:00,1.2829798062642417
1998-10-15 00:00:00-04:00,1.2246625423431396
1998-10-16 00:00:00-04:00,1.1663452061739834
1998-10-19 00:00:00-04:00,1.1663452061739834
1998-10-20 00:00:00-04:00,1.341296987100081
1998-10-21 00:00:00-04:00,1.341296987100081
1998-10-22 00:00:00-04:00,1.1663452061739834
1998-10-23 00:00:00-04:00,1.3996142659868513
1998-10-26 00:00:00-05:00,1.5162488222122192
1998-10-27 00:00:00-05:00,1.5162488222122192
1998-10-28 00:00:00-05:00,1.3996142974266639
1998-10-29 00:00:00-05:00,1.5162488222122192
1998-10-30 00:00:00-05:00,1.5162488222122192
1998-11-02 00:00:00-05:00,1.3996143341064453
1998-11-03 00:00:00-05:00,1.3996143341064453
1998-11-04 00:00:00-05:00,1.5162487881524223
1998-11-05 00:00:00-05:00,1.5162488222122192
1998-11-06 00:00:00-05:00,1.3996143341064453
1998-11-09 00:00:00-05:00,1.632883389790853
1998-11-10 00:00:00-05:00,1.8661524057388306
1998-11-11 00:00:00-05:00,1.7495179176330566
1998-11-12 00:00:00-05:00,1.632883389790853
1998-11-13 00:00:00-05:00,1.6328833103179932
1998-11-16 00:00:00-05:00,1.574566084604997
1998-11-17 00:00:00-05:00,1.6328833469977746
1998-11-18 00:00:00-05:00,1.5162488222122192
1998-11-19 00:00:00-05:00,1.4579315185546875
1998-11-20 00:00:00-05:00,1.574566125869751
1998-11-23 00:00:00-05:00,1.5162488222122192
1998-11-24 00:00:00-05:00,1.3996143341064453
1998-11-25 00:00:00-05:00,1.3996143341064453
1998-11-27 00:00:00-05:00,1.3996142926423445
1998-11-30 00:00:00-05:00,1.3412970304489136
1998-12-01 00:00:00-05:00,1.3412970304489136
1998-12-02 00:00:00-05:00,1.3412970304489136
1998-12-03 00:00:00-05:00,1.3996143341064453
1998-12-04 00:00:00-05:00,1.3412970304489136
1998-12-07 00:00:00-05:00,1.5162488222122192
1998-12-08 00:00:00-05:00,1.3412970304489136
1998-12-09 00:00:00-05:00,1.3412970304489136
1998-12-10 00:00:00-05:00,1.3412970304489136
1998-12-11 00:00:00-05:00,1.341296987100081
1998-12-14 00:00:00-05:00,1.166345238685608
1998-12-15 00:00:00-05:00,1.166345238685608
1998-12-16 00:00:00-05:00,1.1663452784220378
1998-12-17 00:00:00-05:00,1.166345238685608
1998-12-18 00:00:00-05:00,1.1663452784220378
1998-12-21 00:00:00-05:00,1.2829798062642417
1998-12-22 00:00:00-05:00,1.1080279767513275
1998-12-23 00:00:00-05:00,1.1080279350280762
1998-12-24 00:00:00-05:00,1.1080279458652842
1998-12-28 00:00:00-05:00,1.166345238685608
1998-12-29 00:00:00-05:00,1.166345238685608
1998-12-30 00:00:00-05:00,1.1663451947663959
1998-12-31 00:00:00-05:00,1.049710750579834
1999-01-04 00:00:00-05:00,1.1080279767513275
1999-01-05 00:00:00-05:00,1.166345238685608
1999-01-06 00:00:00-05:00,1.2829797267913818
1999-01-07 00:00:00-05:00,1.108028014500936
1999-01-08 00:00:00-05:00,1.0497106752897563
1999-01-11 00:00:00-05:00,1.1080279350280762
1999-01-12 00:00:00-05:00,1.1080279350280762
1999-01-13 00:00:00-05:00,0.9913934469223022
1999-01-14 00:00:00-05:00,0.9913934469223022
1999-01-15 00:00:00-05:00,1.049710750579834
1999-01-19 00:00:00-05:00,1.049710750579834
1999-01-20 00:00:00-05:00,1.1080279350280762
1999-01-21 00:00:00-05:00,1.0497106752897563
1999-01-22 00:00:00-05:00,1.049710750579834
1999-01-25 00:00:00-05:00,1.049710750579834
1999-01-26 00:00:00-05:00,1.049710750579834
1999-01-27 00:00:00-05:00,0.9913934469223022
1999-01-28 00:00:00-05:00,0.9913934528827668
1999-01-29 00:00:00-05:00,1.1663452784220378
1999-02-01 00:00:00-05:00,0.9330762227376302
1999-02-02 00:00:00-05:00,0.9913934469223022
1999-02-03 00:00:00-05:00,0.9913934469223022
1999-02-04 00:00:00-05:00,0.9913934469223022
1999-02-05 00:00:00-05:00,0.9913934655487537
1999-02-08 00:00:00-05:00,0.9330762028694153
1999-02-09 00:00:00-05:00,0.9330762028694153
1999-02-10 00:00:00-05:00,0.9913934866587322
1999-02-11 00:00:00-05:00,0.9330762028694153
1999-02-12 00:00:00-05:00,1.0497107282280922
1999-02-16 00:00:00-05:00,0.8747589237549727
1999-02-17 00:00:00-05:00,0.9913934866587322
1999-02-18 00:00:00-05:00,1.049710750579834
1999-02-19 00:00:00-05:00,1.0497107085059671
1999-02-22 00:00:00-05:00,0.9913934469223022
1999-02-23 00:00:00-05:00,0.9913934469223022
1999-02-24 00:00:00-05:00,0.9330762028694153
1999-02-25 00:00:00-05:00,0.9330762028694153
1999-02-26 00:00:00-05:00,0.9330762028694153
1999-03-01 00:00:00-05:00,0.8747589588165283
1999-03-02 00:00:00-05:00,0.8164416551589966
1999-03-03 00:00:00-05:00,0.8747589588165283
1999-03-04 00:00:00-05:00,0.8747589588165283
1999-03-05 00:00:00-05:00,0.8747589588165283
1999-03-08 00:00:00-05:00,0.7581244111061096
1999-03-09 00:00:00-05:00,0.8747589588165283
1999-03-10 00:00:00-05:00,0.8747589401900768
1999-03-11 00:00:00-05:00,0.9330762028694153
1999-03-12 00:00:00-05:00,0.9330761853386375
1999-03-15 00:00:00-05:00,1.0497107148170473
1999-03-16 00:00:00-05:00,1.1663452784220378
1999-03-17 00:00:00-05:00,1.2829798062642417
1999-03-18 00:00:00-05:00,1.2829797726411087
1999-03-19 00:00:00-05:00,1.5745660400390626
1999-03-22 00:00:00-05:00,1.2829798062642417
1999-03-23 00:00:00-05:00,1.2829797682554824
1999-03-24 00:00:00-05:00,1.2829797682554824
1999-03-25 00:00:00-05:00,1.2829798062642417
1999-03-26 00:00:00-05:00,1.632883389790853
1999-03-29 00:00:00-05:00,1.8078351020812988
1999-03-30 00:00:00-05:00,1.8661524454752605
1999-03-31 00:00:00-05:00,2.3326903895327917
1999-04-01 00:00:00-05:00,2.099421501159668
1999-04-05 00:00:00-04:00,2.216056029001872
1999-04-06 00:00:00-04:00,2.3326905568440757
1999-04-07 00:00:00-04:00,2.3910077393054965
1999-04-08 00:00:00-04:00,2.216055953502655
1999-04-09 00:00:00-04:00,2.216055953502655
1999-04-12 00:00:00-04:00,2.2743731297944723
1999-04-13 00:00:00-04:00,2.0994214564561844
1999-04-14 00:00:00-04:00,1.8661524454752605
1999-04-15 00:00:00-04:00,2.0994214238347233
1999-04-16 00:00:00-04:00,2.0994213505795125
1999-04-19 00:00:00-04:00,2.2743732929229736
1999-04-20 00:00:00-04:00,1.9827868938446045
1999-04-21 00:00:00-04:00,2.0994214170119343
1999-04-22 00:00:00-04:00,1.9827868938446045
1999-04-23 00:00:00-04:00,1.982786818913051
1999-04-26 00:00:00-04:00,2.0411040782928467
1999-04-27 00:00:00-04:00,1.9827869310975075
1999-04-28 00:00:00-04:00,1.7495178803801537
1999-04-29 00:00:00-04:00,1.8661524057388306
1999-04-30 00:00:00-04:00,1.7495179176330566
1999-05-03 00:00:00-04:00,1.6328833103179932
1999-05-04 00:00:00-04:00,1.632883318008915
1999-05-05 00:00:00-04:00,1.8661524057388306
1999-05-06 00:00:00-04:00,1.866152370677275
1999-05-07 00:00:00-04:00,1.9827868938446045
1999-05-10 00:00:00-04:00,1.8661524057388306
1999-05-11 00:00:00-04:00,1.866152370677275
1999-05-12 00:00:00-04:00,1.9827868938446045
1999-05-13 00:00:00-04:00,1.9827868938446045
1999-05-14 00:00:00-04:00,1.8661524057388306
1999-05-17 00:00:00-04:00,1.8661524454752605
1999-05-18 00:00:00-04:00,1.7495179176330566
1999-05-19 00:00:00-04:00,1.7495179176330566
1999-05-20 00:00:00-04:00,1.7495179176330566
1999-05-21 00:00:00-04:00,1.7495179176330566
1999-05-24 00:00:00-04:00,1.7495179176330566
1999-05-25 00:00:00-04:00,1.6328833103179932
1999-05-26 00:00:00-04:00,1.6328833469977746
1999-05-27 00:00:00-04:00,1.5162488222122192
1999-05-28 00:00:00-04:00,1.5162488222122192
1999-06-01 00:00:00-04:00,1.5162488222122192
1999-06-02 00:00:00-04:00,1.5162488222122192
1999-06-03 00:00:00-04:00,1.5162488222122192
1999-06-04 00:00:00-04:00,1.5162488222122192
1999-06-07 00:00:00-04:00,1.5162488222122192
1999-06-08 00:00:00-04:00,1.3996143341064453
1999-06-09 00:00:00-04:00,1.3996143341064453
1999-06-10 00:00:00-04:00,1.3996143341064453
1999-06-11 00:00:00-04:00,1.3996143341064453
1999-06-14 00:00:00-04:00,1.6328833103179932
1999-06-15 00:00:00-04:00,1.5162488222122192
1999-06-16 00:00:00-04:00,1.632883389790853
1999-06-17 00:00:00-04:00,1.8661524057388306
1999-06-18 00:00:00-04:00,1.8661524057388306
1999-06-21 00:00:00-04:00,1.9827868938446045
1999-06-22 00:00:00-04:00,1.9827869733174643
1999-06-23 00:00:00-04:00,1.9827869733174643
1999-06-24 00:00:00-04:00,2.0994214170119343
1999-06-25 00:00:00-04:00,1.86615230015346
1999-06-28 00:00:00-04:00,2.216056029001872
1999-06-29 00:00:00-04:00,2.0994213505795125
1999-06-30 00:00:00-04:00,2.2160558700561523
1999-07-01 00:00:00-04:00,2.2160558700561523
1999-07-02 00:00:00-04:00,2.0994213505795125
1999-07-06 00:00:00-04:00,2.099421501159668
1999-07-07 00:00:00-04:00,2.216056029001872
1999-07-08 00:00:00-04:00,2.2743732929229736
1999-07-09 00:00:00-04:00,2.2743732929229736
1999-07-12 00:00:00-04:00,2.2743732929229736
1999-07-13 00:00:00-04:00,2.1577386103178324
1999-07-14 00:00:00-04:00,2.2160558700561523
1999-07-15 00:00:00-04:00,1.9827869733174643
1999-07-16 00:00:00-04:00,2.099421501159668
1999-07-19 00:00:00-04:00,2.099421501159668
1999-07-20 00:00:00-04:00,1.9827869733174643
1999-07-21 00:00:00-04:00,1.9827869310975075
1999-07-22 00:00:00-04:00,1.9244697093963623
1999-07-23 00:00:00-04:00,1.866152354649135
1999-07-26 00:00:00-04:00,1.632883389790853
1999-07-27 00:00:00-04:00,1.7495179176330566
1999-07-28 00:00:00-04:00,1.6328833550214767
1999-07-29 00:00:00-04:00,1.7495179176330566
1999-07-30 00:00:00-04:00,1.7495179176330566
1999-08-02 00:00:00-04:00,1.7495179176330566
1999-08-03 00:00:00-04:00,1.7495179176330566
1999-08-04 00:00:00-04:00,1.7495179176330566
1999-08-05 00:00:00-04:00,1.7495179176330566
1999-08-06 00:00:00-04:00,1.7495179176330566
1999-08-09 00:00:00-04:00,1.6328833103179932
1999-08-10 00:00:00-04:00,1.5162488222122192
1999-08-11 00:00:00-04:00,1.3996142974266639
1999-08-12 00:00:00-04:00,1.632883389790853
1999-08-13 00:00:00-04:00,1.7495179176330566
1999-08-16 00:00:00-04:00,1.7495179176330566
1999-08-17 00:00:00-04:00,1.7495179176330566
1999-08-18 00:00:00-04:00,1.6328833469977746
1999-08-19 00:00:00-04:00,1.5162488222122192
1999-08-20 00:00:00-04:00,1.5162488222122192
1999-08-23 00:00:00-04:00,1.5162488222122192
1999-08-24 00:00:00-04:00,1.3996143341064453
1999-08-25 00:00:00-04:00,1.5162488222122192
1999-08-26 00:00:00-04:00,1.3996142659868513
1999-08-27 00:00:00-04:00,1.691200613975525
1999-08-30 00:00:00-04:00,1.574566125869751
1999-08-31 00:00:00-04:00,1.574566125869751
1999-09-01 00:00:00-04:00,1.574566125869751
1999-09-02 00:00:00-04:00,1.6328833103179932
1999-09-03 00:00:00-04:00,1.6328833103179932
1999-09-07 00:00:00-04:00,1.6328833103179932
1999-09-08 00:00:00-04:00,1.6328833103179932
1999-09-09 00:00:00-04:00,1.6328833103179932
1999-09-10 00:00:00-04:00,1.574566125869751
1999-09-13 00:00:00-04:00,1.574566125869751
1999-09-14 00:00:00-04:00,1.749517832483564
1999-09-15 00:00:00-04:00,1.6328833103179932
1999-09-16 00:00:00-04:00,1.6328833103179932
1999-09-17 00:00:00-04:00,1.6328833103179932
1999-09-20 00:00:00-04:00,1.6328833103179932
1999-09-21 00:00:00-04:00,1.574566084604997
1999-09-22 00:00:00-04:00,1.5162488222122192
1999-09-23 00:00:00-04:00,1.5162488222122192
1999-09-24 00:00:00-04:00,1.3996143341064453
1999-09-27 00:00:00-04:00,1.3996143341064453
1999-09-28 00:00:00-04:00,1.3996143341064453
1999-09-29 00:00:00-04:00,1.3996143341064453
1999-09-30 00:00:00-04:00,1.2829797267913818
1999-10-01 00:00:00-04:00,1.2829797267913818
1999-10-04 00:00:00-04:00,1.2829797267913818
1999-10-05 00:00:00-04:00,1.2829797267913818
1999-10-06 00:00:00-04:00,1.3996142474087803
1999-10-07 00:00:00-04:00,1.166345238685608
1999-10-08 00:00:00-04:00,1.2829797267913818
1999-10-11 00:00:00-04:00,1.166345238685608
1999-10-12 00:00:00-04:00,1.166345238685608
1999-10-13 00:00:00-04:00,1.166345238685608
1999-10-14 00:00:00-04:00,1.1663452784220378
1999-10-15 00:00:00-04:00,1.3996143341064453
1999-10-18 00:00:00-04:00,1.2829797267913818
1999-10-19 00:00:00-04:00,1.166345238685608
1999-10-20 00:00:00-04:00,1.166345238685608
1999-10-21 00:00:00-04:00,1.3996142659868513
1999-10-22 00:00:00-04:00,1.5162488619486492
1999-10-25 00:00:00-04:00,1.3996143341064453
1999-10-26 00:00:00-04:00,1.5162487881524223
1999-10-27 00:00:00-04:00,1.7495179176330566
1999-10-28 00:00:00-04:00,2.099421501159668
1999-10-29 00:00:00-04:00,1.8661523818969727
1999-11-01 00:00:00-05:00,2.3326905568440757
1999-11-02 00:00:00-05:00,2.2743732929229736
1999-11-03 00:00:00-05:00,2.391007661819458
1999-11-04 00:00:00-05:00,2.3326903895327917
1999-11-05 00:00:00-05:00,2.332690477371216
1999-11-08 00:00:00-05:00,2.27437322554381
1999-11-09 00:00:00-05:00,2.682594070067773
1999-11-10 00:00:00-05:00,3.0324975763048445
1999-11-11 00:00:00-05:00,3.3824012187811046
1999-11-12 00:00:00-05:00,3.0324977238972983
1999-11-15 00:00:00-05:00,2.5659594535827637
1999-11-16 00:00:00-05:00,2.5659594535827637
1999-11-17 00:00:00-05:00,2.6825940657635123
1999-11-18 00:00:00-05:00,2.7992286024422484
1999-11-19 00:00:00-05:00,3.4990358352661133
1999-11-22 00:00:00-05:00,4.198843002319336
1999-11-23 00:00:00-05:00,3.965573637826102
1999-11-24 00:00:00-05:00,4.198842701159025
1999-11-26 00:00:00-05:00,4.548746507379073
1999-11-29 00:00:00-05:00,4.665381113688151
1999-11-30 00:00:00-05:00,4.432111740112305
1999-12-01 00:00:00-05:00,4.31547737121582
1999-12-02 00:00:00-05:00,4.315477294921875
1999-12-03 00:00:00-05:00,4.31547737121582
1999-12-06 00:00:00-05:00,4.315477357191198
1999-12-07 00:00:00-05:00,3.7906220029382145
1999-12-08 00:00:00-05:00,3.965573872605415
1999-12-09 00:00:00-05:00,4.1988426753452845
1999-12-10 00:00:00-05:00,3.965573787689209
1999-12-13 00:00:00-05:00,3.8489392645218796
1999-12-14 00:00:00-05:00,3.8489392645218796
1999-12-15 00:00:00-05:00,4.082208324123073
1999-12-16 00:00:00-05:00,4.198843002319336
1999-12-17 00:00:00-05:00,4.082208156585693
1999-12-20 00:00:00-05:00,3.965573787689209
1999-12-21 00:00:00-05:00,3.8489392645218796
1999-12-22 00:00:00-05:00,3.8489392770303263
1999-12-23 00:00:00-05:00,4.19884307663162
1999-12-27 00:00:00-05:00,4.490429401397705
1999-12-28 00:00:00-05:00,4.31547737121582
1999-12-29 00:00:00-05:00,4.432111740112305
1999-12-30 00:00:00-05:00,4.31547737121582
1999-12-31 00:00:00-05:00,4.198842847669447
2000-01-03 00:00:00-05:00,4.432111740112305
2000-01-04 00:00:00-05:00,4.4321117953977724
2000-01-05 00:00:00-05:00,3.9072563784463066
2000-01-06 00:00:00-05:00,4.082208156585693
2000-01-07 00:00:00-05:00,3.8489392645218796
2000-01-10 00:00:00-05:00,4.023890897205898
2000-01-11 00:00:00-05:00,3.965573787689209
2000-01-12 00:00:00-05:00,3.965573787689209
2000-01-13 00:00:00-05:00,3.965573787689209
2000-01-14 00:00:00-05:00,3.965573787689209
2000-01-18 00:00:00-05:00,3.848939340506027
2000-01-19 00:00:00-05:00,3.848939340506027
2000-01-20 00:00:00-05:00,3.8489394187927246
2000-01-21 00:00:00-05:00,3.8489394187927246
2000-01-24 00:00:00-05:00,3.732304811477661
2000-01-25 00:00:00-05:00,3.732304890950521
2000-01-26 00:00:00-05:00,3.732304890950521
2000-01-27 00:00:00-05:00,3.38240122795105
2000-01-28 00:00:00-05:00,3.38240122795105
2000-01-31 00:00:00-05:00,3.38240122795105
2000-02-01 00:00:00-05:00,3.265766779581706
2000-02-02 00:00:00-05:00,3.4990358352661133
2000-02-03 00:00:00-05:00,3.6156702861189842
2000-02-04 00:00:00-05:00,3.6156702861189842
2000-02-07 00:00:00-05:00,3.732304811477661
2000-02-08 00:00:00-05:00,3.732304811477661
2000-02-09 00:00:00-05:00,3.6156702041625977
2000-02-10 00:00:00-05:00,3.499035681447675
2000-02-11 00:00:00-05:00,3.6156702041625977
2000-02-14 00:00:00-05:00,3.6156702041625977
2000-02-15 00:00:00-05:00,3.49903575305281
2000-02-16 00:00:00-05:00,3.3824013074239097
2000-02-17 00:00:00-05:00,3.3824013074239097
2000-02-18 00:00:00-05:00,3.732304811477661
2000-02-22 00:00:00-05:00,3.732304811477661
2000-02-23 00:00:00-05:00,3.6156702041625977
2000-02-24 00:00:00-05:00,3.6156702041625977
2000-02-25 00:00:00-05:00,3.6156702041625977
2000-02-28 00:00:00-05:00,3.732304811477661
2000-02-29 00:00:00-05:00,3.6156702041625977
2000-03-01 00:00:00-05:00,3.3824011587327525
2000-03-02 00:00:00-05:00,3.4990358352661133
2000-03-03 00:00:00-05:00,3.6156702041625977
2000-03-06 00:00:00-05:00,3.49903575305281
2000-03-07 00:00:00-05:00,3.26576663601783
2000-03-08 00:00:00-05:00,3.6156702041625977
2000-03-09 00:00:00-05:00,3.6156702041625977
2000-03-10 00:00:00-05:00,3.4990358352661133
2000-03-13 00:00:00-05:00,3.4990358352661133
2000-03-14 00:00:00-05:00,3.4990358352661133
2000-03-15 00:00:00-05:00,3.382401367286583
2000-03-16 00:00:00-05:00,4.432111894762194
2000-03-17 00:00:00-05:00,4.082208474477133
2000-03-20 00:00:00-05:00,4.1988426753452845
2000-03-21 00:00:00-05:00,4.31547753016154
2000-03-22 00:00:00-05:00,4.082208310856539
2000-03-23 00:00:00-05:00,3.8489394187927246
2000-03-24 00:00:00-05:00,3.848939119066511
2000-03-27 00:00:00-05:00,3.965573787689209
2000-03-28 00:00:00-05:00,3.8489392645218796
2000-03-29 00:00:00-05:00,4.082208324123073
2000-03-30 00:00:00-05:00,4.315477606538054
2000-03-31 00:00:00-05:00,4.665380954742432
2000-04-03 00:00:00-04:00,4.5487462595889445
2000-04-04 00:00:00-04:00,4.432112058003744
2000-04-05 00:00:00-04:00,4.198843002319336
2000-04-06 00:00:00-04:00,4.082208156585693
2000-04-07 00:00:00-04:00,4.082208156585693
2000-04-10 00:00:00-04:00,3.965573787689209
2000-04-11 00:00:00-04:00,3.848939340506027
2000-04-12 00:00:00-04:00,3.848939336836338
2000-04-13 00:00:00-04:00,3.732304811477661
2000-04-14 00:00:00-04:00,3.6156702041625977
2000-04-17 00:00:00-04:00,3.6156703631083174
2000-04-18 00:00:00-04:00,3.73230474135455
2000-04-19 00:00:00-04:00,3.8489394187927246
2000-04-20 00:00:00-04:00,3.8489394187927246
2000-04-24 00:00:00-04:00,3.732304811477661
2000-04-25 00:00:00-04:00,3.732304811477661
2000-04-26 00:00:00-04:00,3.6156702041625977
2000-04-27 00:00:00-04:00,3.6156702041625977
2000-04-28 00:00:00-04:00,3.4990358352661133
2000-05-01 00:00:00-04:00,3.38240122795105
2000-05-02 00:00:00-04:00,3.4990357607603073
2000-05-03 00:00:00-04:00,3.732304811477661
2000-05-04 00:00:00-04:00,3.499035681447675
2000-05-05 00:00:00-04:00,3.6156702041625977
2000-05-08 00:00:00-04:00,3.732304890950521
2000-05-09 00:00:00-04:00,3.8489394187927246
2000-05-10 00:00:00-04:00,3.732304811477661
2000-05-11 00:00:00-04:00,3.6156702041625977
2000-05-12 00:00:00-04:00,3.6156702041625977
2000-05-15 00:00:00-04:00,3.6156702041625977
2000-05-16 00:00:00-04:00,3.6156702041625977
2000-05-17 00:00:00-04:00,3.6156702041625977
2000-05-18 00:00:00-04:00,3.6156702041625977
2000-05-19 00:00:00-04:00,3.6156702041625977
2000-05-22 00:00:00-04:00,3.6156702041625977
2000-05-23 00:00:00-04:00,3.6156702041625977
2000-05-24 00:00:00-04:00,3.6156702041625977
2000-05-25 00:00:00-04:00,3.4990358352661133
2000-05-26 00:00:00-04:00,3.4990358352661133
2000-05-30 00:00:00-04:00,3.4990358352661133
2000-05-31 00:00:00-04:00,3.4990358352661133
2000-06-01 00:00:00-04:00,3.4990358352661133
2000-06-02 00:00:00-04:00,3.4990358352661133
2000-06-05 00:00:00-04:00,3.4990358352661133
2000-06-06 00:00:00-04:00,3.4990358352661133
2000-06-07 00:00:00-04:00,3.4990358352661133
2000-06-08 00:00:00-04:00,3.4990358352661133
2000-06-09 00:00:00-04:00,3.4990358352661133
2000-06-12 00:00:00-04:00,3.4990358352661133
2000-06-13 00:00:00-04:00,3.38240122795105
2000-06-14 00:00:00-04:00,3.38240122795105
2000-06-15 00:00:00-04:00,3.38240122795105
2000-06-16 00:00:00-04:00,3.265766779581706
2000-06-19 00:00:00-04:00,3.149132251739502
2000-06-20 00:00:00-04:00,3.0324976444244385
2000-06-21 00:00:00-04:00,2.915863037109375
2000-06-22 00:00:00-04:00,3.149132098470415
2000-06-23 00:00:00-04:00,3.149132251739502
2000-06-26 00:00:00-04:00,3.4990358352661133
2000-06-27 00:00:00-04:00,3.38240122795105
2000-06-28 00:00:00-04:00,3.38240122795105
2000-06-29 00:00:00-04:00,3.38240122795105
2000-06-30 00:00:00-04:00,3.38240122795105
2000-07-03 00:00:00-04:00,3.38240122795105
2000-07-05 00:00:00-04:00,3.38240122795105
2000-07-06 00:00:00-04:00,3.38240122795105
2000-07-07 00:00:00-04:00,3.2657666206359863
2000-07-10 00:00:00-04:00,3.38240122795105
2000-07-11 00:00:00-04:00,3.38240122795105
2000-07-12 00:00:00-04:00,3.38240122795105
2000-07-13 00:00:00-04:00,3.38240122795105
2000-07-14 00:00:00-04:00,3.38240122795105
2000-07-17 00:00:00-04:00,3.38240122795105
2000-07-18 00:00:00-04:00,3.38240122795105
2000-07-19 00:00:00-04:00,3.38240122795105
2000-07-20 00:00:00-04:00,3.38240122795105
2000-07-21 00:00:00-04:00,3.38240122795105
2000-07-24 00:00:00-04:00,3.265766779581706
2000-07-25 00:00:00-04:00,3.149132251739502
2000-07-26 00:00:00-04:00,3.149132251739502
2000-07-27 00:00:00-04:00,3.149132251739502
2000-07-28 00:00:00-04:00,3.0324976444244385
2000-07-31 00:00:00-04:00,2.915863037109375
2000-08-01 00:00:00-04:00,2.9741804599761963
2000-08-02 00:00:00-04:00,2.7992286682128906
2000-08-03 00:00:00-04:00,2.682594140370687
2000-08-04 00:00:00-04:00,2.7992286682128906
2000-08-07 00:00:00-04:00,2.682593994140625
2000-08-08 00:00:00-04:00,2.915863037109375
2000-08-09 00:00:00-04:00,2.915863037109375
2000-08-10 00:00:00-04:00,2.7992286682128906
2000-08-11 00:00:00-04:00,2.9158631960550947
2000-08-14 00:00:00-04:00,3.149132251739502
2000-08-15 00:00:00-04:00,3.149132251739502
2000-08-16 00:00:00-04:00,3.0324976444244385
2000-08-17 00:00:00-04:00,3.0324976444244385
2000-08-18 00:00:00-04:00,3.0324976444244385
2000-08-21 00:00:00-04:00,3.0324976444244385
2000-08-22 00:00:00-04:00,3.0324976444244385
2000-08-23 00:00:00-04:00,2.915863037109375
2000-08-24 00:00:00-04:00,2.915863037109375
2000-08-25 00:00:00-04:00,2.7992285319737027
2000-08-28 00:00:00-04:00,3.382401133483311
2000-08-29 00:00:00-04:00,3.207449436187744
2000-08-30 00:00:00-04:00,3.0908148288726807
2000-08-31 00:00:00-04:00,3.0908148288726807
2000-09-01 00:00:00-04:00,3.0908148288726807
2000-09-05 00:00:00-04:00,2.9741804599761963
2000-09-06 00:00:00-04:00,2.9741804599761963
2000-09-07 00:00:00-04:00,3.0324976444244385
2000-09-08 00:00:00-04:00,2.915863119638883
2000-09-11 00:00:00-04:00,3.149132251739502
2000-09-12 00:00:00-04:00,3.149132251739502
2000-09-13 00:00:00-04:00,3.149132251739502
2000-09-14 00:00:00-04:00,3.0324976444244385
2000-09-15 00:00:00-04:00,3.0324976444244385
2000-09-18 00:00:00-04:00,3.0324976444244385
2000-09-19 00:00:00-04:00,2.915863037109375
2000-09-20 00:00:00-04:00,2.9741804599761963
2000-09-21 00:00:00-04:00,3.032497567950555
2000-09-22 00:00:00-04:00,3.0908148288726807
2000-09-25 00:00:00-04:00,3.0908148288726807
2000-09-26 00:00:00-04:00,3.0908148288726807
2000-09-27 00:00:00-04:00,3.0908148288726807
2000-09-28 00:00:00-04:00,3.0908148288726807
2000-09-29 00:00:00-04:00,3.0908148288726807
2000-10-02 00:00:00-04:00,3.0908148288726807
2000-10-03 00:00:00-04:00,3.0908148288726807
2000-10-04 00:00:00-04:00,2.9741804599761963
2000-10-05 00:00:00-04:00,2.9741804599761963
2000-10-06 00:00:00-04:00,2.9741804599761963
2000-10-09 00:00:00-04:00,2.9741804599761963
2000-10-10 00:00:00-04:00,2.9741804599761963
2000-10-11 00:00:00-04:00,2.9158631960550947
2000-10-12 00:00:00-04:00,2.7992286682128906
2000-10-13 00:00:00-04:00,2.7992286682128906
2000-10-16 00:00:00-04:00,2.7992286682128906
2000-10-17 00:00:00-04:00,2.7992286682128906
2000-10-18 00:00:00-04:00,2.7992286682128906
2000-10-19 00:00:00-04:00,2.7992286682128906
2000-10-20 00:00:00-04:00,2.7992286682128906
2000-10-23 00:00:00-04:00,2.7992286682128906
2000-10-24 00:00:00-04:00,2.7992286682128906
2000-10-25 00:00:00-04:00,2.7992286682128906
2000-10-26 00:00:00-04:00,2.7992286682128906
2000-10-27 00:00:00-04:00,2.7992286682128906
2000-10-30 00:00:00-05:00,2.7992286682128906
2000-10-31 00:00:00-05:00,2.682594060897827
2000-11-01 00:00:00-05:00,2.565959536510965
2000-11-02 00:00:00-05:00,2.682594060897827
2000-11-03 00:00:00-05:00,2.682594060897827
2000-11-06 00:00:00-05:00,2.682594060897827
2000-11-07 00:00:00-05:00,2.682594060897827
2000-11-08 00:00:00-05:00,2.682594060897827
2000-11-09 00:00:00-05:00,2.682594060897827
2000-11-10 00:00:00-05:00,2.682594060897827
2000-11-13 00:00:00-05:00,2.5659594535827637
2000-11-14 00:00:00-05:00,2.5659594535827637
2000-11-15 00:00:00-05:00,2.5659594535827637
2000-11-16 00:00:00-05:00,2.5076422691345215
2000-11-17 00:00:00-05:00,2.5076422691345215
2000-11-20 00:00:00-05:00,2.5076422691345215
2000-11-21 00:00:00-05:00,2.682593974200162
2000-11-22 00:00:00-05:00,2.5659594535827637
2000-11-24 00:00:00-05:00,2.5659594535827637
2000-11-27 00:00:00-05:00,2.4493250846862793
2000-11-28 00:00:00-05:00,2.4493250846862793
2000-11-29 00:00:00-05:00,2.4493250846862793
2000-11-30 00:00:00-05:00,2.4493249329653652
2000-12-01 00:00:00-05:00,2.5659595251083376
2000-12-04 00:00:00-05:00,2.332690477371216
2000-12-05 00:00:00-05:00,2.332690477371216
2000-12-06 00:00:00-05:00,2.332690477371216
2000-12-07 00:00:00-05:00,2.4493250846862793
2000-12-08 00:00:00-05:00,2.4493250846862793
2000-12-11 00:00:00-05:00,2.4493250846862793
2000-12-12 00:00:00-05:00,2.4493250846862793
2000-12-13 00:00:00-05:00,2.5659594535827637
2000-12-14 00:00:00-05:00,2.5659594535827637
2000-12-15 00:00:00-05:00,2.4493250846862793
2000-12-18 00:00:00-05:00,2.4493250846862793
2000-12-19 00:00:00-05:00,2.332690477371216
2000-12-20 00:00:00-05:00,2.332690477371216
2000-12-21 00:00:00-05:00,2.332690477371216
2000-12-22 00:00:00-05:00,2.3326903895327917
2000-12-26 00:00:00-05:00,2.0994214170119343
2000-12-27 00:00:00-05:00,1.9827868938446045
2000-12-28 00:00:00-05:00,1.9827868938446045
2000-12-29 00:00:00-05:00,1.9827869310975075
2001-01-02 00:00:00-05:00,2.0994214296340945
2001-01-03 00:00:00-05:00,2.332690477371216
2001-01-04 00:00:00-05:00,2.332690477371216
2001-01-05 00:00:00-05:00,2.332690477371216
2001-01-08 00:00:00-05:00,2.099421501159668
2001-01-09 00:00:00-05:00,2.099421501159668
2001-01-10 00:00:00-05:00,2.099421501159668
2001-01-11 00:00:00-05:00,2.099421501159668
2001-01-12 00:00:00-05:00,1.7495179176330566
2001-01-16 00:00:00-05:00,1.7495178803801537
2001-01-17 00:00:00-05:00,1.7495178803801537
2001-01-18 00:00:00-05:00,1.8661524057388306
2001-01-19 00:00:00-05:00,1.8661524057388306
2001-01-22 00:00:00-05:00,1.8661524057388306
2001-01-23 00:00:00-05:00,1.8661524057388306
2001-01-24 00:00:00-05:00,1.8661524057388306
2001-01-25 00:00:00-05:00,1.8661524057388306
2001-01-26 00:00:00-05:00,1.8661524057388306
2001-01-29 00:00:00-05:00,1.8661524057388306
2001-01-30 00:00:00-05:00,1.8661524057388306
2001-01-31 00:00:00-05:00,1.8381601572036743
2001-02-01 00:00:00-05:00,1.8381601572036743
2001-02-02 00:00:00-05:00,1.8381601572036743
2001-02-05 00:00:00-05:00,1.8381601572036743
2001-02-06 00:00:00-05:00,1.8381601572036743
2001-02-07 00:00:00-05:00,1.8381601572036743
2001-02-08 00:00:00-05:00,1.8381601572036743
2001-02-09 00:00:00-05:00,1.7448525428771973
2001-02-12 00:00:00-05:00,1.7448525428771973
2001-02-13 00:00:00-05:00,1.7448525428771973
2001-02-14 00:00:00-05:00,1.7448525428771973
2001-02-15 00:00:00-05:00,1.7448525428771973
2001-02-16 00:00:00-05:00,1.7448525428771973
2001-02-20 00:00:00-05:00,1.8661524057388306
2001-02-21 00:00:00-05:00,1.8661524057388306
2001-02-22 00:00:00-05:00,1.8194986581802368
2001-02-23 00:00:00-05:00,1.7261910438537598
2001-02-26 00:00:00-05:00,1.7261910438537598
2001-02-27 00:00:00-05:00,1.7261910438537598
2001-02-28 00:00:00-05:00,1.7261910147192128
2001-03-01 00:00:00-05:00,1.8194986581802368
2001-03-02 00:00:00-05:00,1.8194986581802368
2001-03-05 00:00:00-05:00,1.8194986581802368
2001-03-06 00:00:00-05:00,1.8194986581802368
2001-03-07 00:00:00-05:00,1.8194986581802368
2001-03-08 00:00:00-05:00,1.8194986581802368
2001-03-09 00:00:00-05:00,1.8194986581802368
2001-03-12 00:00:00-05:00,1.8194986581802368
2001-03-13 00:00:00-05:00,1.8194986581802368
2001-03-14 00:00:00-05:00,1.8194986581802368
2001-03-15 00:00:00-05:00,1.8194986581802368
2001-03-16 00:00:00-05:00,1.8194986581802368
2001-03-19 00:00:00-05:00,1.7728447914123535
2001-03-20 00:00:00-05:00,1.7728447914123535
2001-03-21 00:00:00-05:00,1.7728447914123535
2001-03-22 00:00:00-05:00,1.7728447914123535
2001-03-23 00:00:00-05:00,1.6795371770858765
2001-03-26 00:00:00-05:00,1.6795371770858765
2001-03-27 00:00:00-05:00,1.7728447914123535
2001-03-28 00:00:00-05:00,1.7728447914123535
2001-03-29 00:00:00-05:00,1.6795371770858765
2001-03-30 00:00:00-05:00,1.6795371770858765
2001-04-02 00:00:00-04:00,1.6795371770858765
2001-04-03 00:00:00-04:00,1.5862295627593994
2001-04-04 00:00:00-04:00,1.3063066654939488
2001-04-05 00:00:00-04:00,1.2596528618575007
2001-04-06 00:00:00-04:00,1.2129989862442017
2001-04-09 00:00:00-04:00,1.2129989862442017
2001-04-10 00:00:00-04:00,1.2129989862442017
2001-04-11 00:00:00-04:00,1.2129989862442017
2001-04-12 00:00:00-04:00,1.2129989862442017
2001-04-16 00:00:00-04:00,1.2129989862442017
2001-04-17 00:00:00-04:00,1.1196914911270142
2001-04-18 00:00:00-04:00,1.1196914911270142
2001-04-19 00:00:00-04:00,1.1196914911270142
2001-04-20 00:00:00-04:00,1.1196914911270142
2001-04-23 00:00:00-04:00,1.1196914911270142
2001-04-24 00:00:00-04:00,1.2129989777263943
2001-04-25 00:00:00-04:00,1.259652853012085
2001-04-26 00:00:00-04:00,1.166345238685608
2001-04-27 00:00:00-04:00,1.166345238685608
2001-04-30 00:00:00-04:00,1.166345238685608
2001-05-01 00:00:00-04:00,1.259652853012085
2001-05-02 00:00:00-04:00,1.3996143341064453
2001-05-03 00:00:00-04:00,1.3996143341064453
2001-05-04 00:00:00-04:00,1.3996143341064453
2001-05-07 00:00:00-04:00,1.4929219484329224
2001-05-08 00:00:00-04:00,1.5395756959915161
2001-05-09 00:00:00-04:00,1.5395756959915161
2001-05-10 00:00:00-04:00,1.6795371770858765
2001-05-11 00:00:00-04:00,1.5395756959915161
2001-05-14 00:00:00-04:00,1.5395756959915161
2001-05-15 00:00:00-04:00,1.5395756959915161
2001-05-16 00:00:00-04:00,1.446268081665039
2001-05-17 00:00:00-04:00,1.446268081665039
2001-05-18 00:00:00-04:00,1.446268081665039
2001-05-21 00:00:00-04:00,1.446268081665039
2001-05-22 00:00:00-04:00,1.446268081665039
2001-05-23 00:00:00-04:00,1.446268081665039
2001-05-24 00:00:00-04:00,1.446268081665039
2001-05-25 00:00:00-04:00,1.446268081665039
2001-05-29 00:00:00-04:00,1.446268081665039
2001-05-30 00:00:00-04:00,1.446268081665039
2001-05-31 00:00:00-04:00,1.446268081665039
2001-06-01 00:00:00-04:00,1.474260471968743
2001-06-04 00:00:00-04:00,1.3996143341064453
2001-06-05 00:00:00-04:00,1.3996143341064453
2001-06-06 00:00:00-04:00,1.3996143341064453
2001-06-07 00:00:00-04:00,1.4835911989212036
2001-06-08 00:00:00-04:00,1.483591177810281
2001-06-11 00:00:00-04:00,1.5395756959915161
2001-06-12 00:00:00-04:00,1.5395756959915161
2001-06-13 00:00:00-04:00,1.4835911989212036
2001-06-14 00:00:00-04:00,1.4835911989212036
2001-06-15 00:00:00-04:00,1.4835911989212036
2001-06-18 00:00:00-04:00,1.4835911989212036
2001-06-19 00:00:00-04:00,1.4835911989212036
2001-06-20 00:00:00-04:00,1.4835911989212036
2001-06-21 00:00:00-04:00,1.4835911989212036
2001-06-22 00:00:00-04:00,1.446268081665039
2001-06-25 00:00:00-04:00,1.446268081665039
2001-06-26 00:00:00-04:00,1.4742604457582247
2001-06-27 00:00:00-04:00,1.4929219484329224
2001-06-28 00:00:00-04:00,1.3996143341064453
2001-06-29 00:00:00-04:00,1.3996143341064453
2001-07-02 00:00:00-04:00,1.3996143341064453
2001-07-03 00:00:00-04:00,1.3996143341064453
2001-07-05 00:00:00-04:00,1.3996143341064453
2001-07-06 00:00:00-04:00,1.3996143341064453
2001-07-09 00:00:00-04:00,1.3996143341064453
2001-07-10 00:00:00-04:00,1.3996143341064453
2001-07-11 00:00:00-04:00,1.3996143341064453
2001-07-12 00:00:00-04:00,1.3996143341064453
2001-07-13 00:00:00-04:00,1.3996143341064453
2001-07-16 00:00:00-04:00,1.3996143341064453
2001-07-17 00:00:00-04:00,1.3996143341064453
2001-07-18 00:00:00-04:00,1.3996143341064453
2001-07-19 00:00:00-04:00,1.3996143341064453
2001-07-20 00:00:00-04:00,1.3063067197799683
2001-07-23 00:00:00-04:00,1.3063067197799683
2001-07-24 00:00:00-04:00,1.3063067197799683
2001-07-25 00:00:00-04:00,1.3063067197799683
2001-07-26 00:00:00-04:00,1.3063067197799683
2001-07-27 00:00:00-04:00,1.3063067197799683
2001-07-30 00:00:00-04:00,1.3063067197799683
2001-07-31 00:00:00-04:00,1.3063067197799683
2001-08-01 00:00:00-04:00,1.2129990731032514
2001-08-02 00:00:00-04:00,1.3063067197799683
2001-08-03 00:00:00-04:00,1.3063067197799683
2001-08-06 00:00:00-04:00,1.1663452136720514
2001-08-07 00:00:00-04:00,1.259652853012085
2001-08-08 00:00:00-04:00,1.259652853012085
2001-08-09 00:00:00-04:00,1.259652853012085
2001-08-10 00:00:00-04:00,1.259652853012085
2001-08-13 00:00:00-04:00,1.259652853012085
2001-08-14 00:00:00-04:00,1.2129990621777356
2001-08-15 00:00:00-04:00,1.3529605865478516
2001-08-16 00:00:00-04:00,1.3529605865478516
2001-08-17 00:00:00-04:00,1.3529605865478516
2001-08-20 00:00:00-04:00,1.3529605865478516
2001-08-21 00:00:00-04:00,1.3529605865478516
2001-08-22 00:00:00-04:00,1.3529605865478516
2001-08-23 00:00:00-04:00,1.3996143341064453
2001-08-24 00:00:00-04:00,1.3996143341064453
2001-08-27 00:00:00-04:00,1.3996143341064453
2001-08-28 00:00:00-04:00,1.3996143341064453
2001-08-29 00:00:00-04:00,1.3996143341064453
2001-08-30 00:00:00-04:00,1.3996143341064453
2001-08-31 00:00:00-04:00,1.3996143341064453
2001-09-04 00:00:00-04:00,1.3996143341064453
2001-09-05 00:00:00-04:00,1.3996143341064453
2001-09-06 00:00:00-04:00,1.3996143341064453
2001-09-07 00:00:00-04:00,1.1663452892662116
2001-09-10 00:00:00-04:00,1.026383876800537
2001-09-17 00:00:00-04:00,1.026383876800537
2001-09-18 00:00:00-04:00,1.026383876800537
2001-09-19 00:00:00-04:00,1.026383876800537
2001-09-20 00:00:00-04:00,1.026383876800537
2001-09-21 00:00:00-04:00,1.026383876800537
2001-09-24 00:00:00-04:00,1.026383876800537
2001-09-25 00:00:00-04:00,1.026383876800537
2001-09-26 00:00:00-04:00,1.026383876800537
2001-09-27 00:00:00-04:00,1.026383876800537
2001-09-28 00:00:00-04:00,1.026383876800537
2001-10-01 00:00:00-04:00,1.026383876800537
2001-10-02 00:00:00-04:00,1.026383876800537
2001-10-03 00:00:00-04:00,0.979729950428009
2001-10-04 00:00:00-04:00,0.9890607216505316
2001-10-05 00:00:00-04:00,0.9330762028694153
2001-10-08 00:00:00-04:00,0.9330762028694153
2001-10-09 00:00:00-04:00,0.9330762028694153
2001-10-10 00:00:00-04:00,0.9237454644364229
2001-10-11 00:00:00-04:00,0.8397685885429382
2001-10-12 00:00:00-04:00,0.8397685885429382
2001-10-15 00:00:00-04:00,0.8397685885429382
2001-10-16 00:00:00-04:00,0.8397685885429382
2001-10-17 00:00:00-04:00,0.8397685885429382
2001-10-18 00:00:00-04:00,0.8397685885429382
2001-10-19 00:00:00-04:00,0.8397685885429382
2001-10-22 00:00:00-04:00,0.8397685885429382
2001-10-23 00:00:00-04:00,0.8397685885429382
2001-10-24 00:00:00-04:00,0.8397685885429382
2001-10-25 00:00:00-04:00,0.839768557202122
2001-10-26 00:00:00-04:00,0.7931147813796997
2001-10-29 00:00:00-05:00,0.8864223816028094
2001-10-30 00:00:00-05:00,0.9330762028694153
2001-10-31 00:00:00-05:00,0.9330762028694153
2001-11-01 00:00:00-05:00,0.8397685885429382
2001-11-02 00:00:00-05:00,0.8397685885429382
2001-11-05 00:00:00-05:00,0.9330762028694153
2001-11-06 00:00:00-05:00,0.9330762028694153
2001-11-07 00:00:00-05:00,1.0263838581296978
2001-11-08 00:00:00-05:00,1.0730376243591309
2001-11-09 00:00:00-05:00,0.9330762028694153
2001-11-12 00:00:00-05:00,1.0263838581296978
2001-11-13 00:00:00-05:00,1.0730376243591309
2001-11-14 00:00:00-05:00,1.0730376243591309
2001-11-15 00:00:00-05:00,1.0730376243591309
2001-11-16 00:00:00-05:00,0.979729950428009
2001-11-19 00:00:00-05:00,0.979729950428009
2001-11-20 00:00:00-05:00,0.979729950428009
2001-11-21 00:00:00-05:00,0.979729950428009
2001-11-23 00:00:00-05:00,0.979729950428009
2001-11-26 00:00:00-05:00,0.979729950428009
2001-11-27 00:00:00-05:00,0.979729950428009
2001-11-28 00:00:00-05:00,0.979729950428009
2001-11-29 00:00:00-05:00,1.026383848327871
2001-11-30 00:00:00-05:00,1.166345221862251
2001-12-03 00:00:00-05:00,1.2129989862442017
2001-12-04 00:00:00-05:00,1.2129989862442017
2001-12-05 00:00:00-05:00,1.2129989862442017
2001-12-06 00:00:00-05:00,1.2129989862442017
2001-12-07 00:00:00-05:00,1.0730376243591309
2001-12-10 00:00:00-05:00,1.0730376243591309
2001-12-11 00:00:00-05:00,1.3529605865478516
2001-12-12 00:00:00-05:00,1.3529605865478516
2001-12-13 00:00:00-05:00,1.3529605865478516
2001-12-14 00:00:00-05:00,1.3529605865478516
2001-12-17 00:00:00-05:00,1.3063067197799683
2001-12-18 00:00:00-05:00,1.3996142808236995
2001-12-19 00:00:00-05:00,1.5395756959915161
2001-12-20 00:00:00-05:00,1.5395756959915161
2001-12-21 00:00:00-05:00,1.5395756959915161
2001-12-24 00:00:00-05:00,1.446268081665039
2001-12-26 00:00:00-05:00,1.446268081665039
2001-12-27 00:00:00-05:00,1.399614282256946
2001-12-28 00:00:00-05:00,1.1850067377090454
2001-12-31 00:00:00-05:00,1.3063066411935464
2002-01-02 00:00:00-05:00,1.1756759881973267
2002-01-03 00:00:00-05:00,1.1756759881973267
2002-01-04 00:00:00-05:00,1.1756759881973267
2002-01-07 00:00:00-05:00,1.1756759881973267
2002-01-08 00:00:00-05:00,1.1756759881973267
2002-01-09 00:00:00-05:00,1.1756759881973267
2002-01-10 00:00:00-05:00,1.1756759881973267
2002-01-11 00:00:00-05:00,1.1756759881973267
2002-01-14 00:00:00-05:00,1.1756759881973267
2002-01-15 00:00:00-05:00,1.1756759881973267
2002-01-16 00:00:00-05:00,1.1756759881973267
2002-01-17 00:00:00-05:00,1.1756759881973267
2002-01-18 00:00:00-05:00,1.1756759881973267
2002-01-22 00:00:00-05:00,1.1756759881973267
2002-01-23 00:00:00-05:00,1.1756759881973267
2002-01-24 00:00:00-05:00,1.1196914911270142
2002-01-25 00:00:00-05:00,1.1196914911270142
2002-01-28 00:00:00-05:00,1.1196914911270142
2002-01-29 00:00:00-05:00,1.1196914911270142
2002-01-30 00:00:00-05:00,1.1196914911270142
2002-01-31 00:00:00-05:00,1.026383876800537
2002-02-01 00:00:00-05:00,1.026383876800537
2002-02-04 00:00:00-05:00,1.026383876800537
2002-02-05 00:00:00-05:00,1.026383876800537
2002-02-06 00:00:00-05:00,1.026383876800537
2002-02-07 00:00:00-05:00,0.9330762144394794
2002-02-08 00:00:00-05:00,1.0730376243591309
2002-02-11 00:00:00-05:00,1.0730376243591309
2002-02-12 00:00:00-05:00,1.026383832289605
2002-02-13 00:00:00-05:00,1.166345238685608
2002-02-14 00:00:00-05:00,1.0730376438786438
2002-02-15 00:00:00-05:00,1.026383876800537
2002-02-19 00:00:00-05:00,1.026383876800537
2002-02-20 00:00:00-05:00,1.1196914911270142
2002-02-21 00:00:00-05:00,1.1196914911270142
2002-02-22 00:00:00-05:00,1.1196914911270142
2002-02-25 00:00:00-05:00,1.1196914911270142
2002-02-26 00:00:00-05:00,1.1196914911270142
2002-02-27 00:00:00-05:00,1.1196914911270142
2002-02-28 00:00:00-05:00,1.1196914911270142
2002-03-01 00:00:00-05:00,1.1196914911270142
2002-03-04 00:00:00-05:00,1.1196914911270142
2002-03-05 00:00:00-05:00,1.1196914911270142
2002-03-06 00:00:00-05:00,1.1196914911270142
2002-03-07 00:00:00-05:00,1.1196914911270142
2002-03-08 00:00:00-05:00,1.1196914911270142
2002-03-11 00:00:00-05:00,1.1196914911270142
2002-03-12 00:00:00-05:00,1.1196914911270142
2002-03-13 00:00:00-05:00,1.1196914911270142
2002-03-14 00:00:00-05:00,1.1196914911270142
2002-03-15 00:00:00-05:00,1.203668236732483
2002-03-18 00:00:00-05:00,1.203668236732483
2002-03-19 00:00:00-05:00,1.203668236732483
2002-03-20 00:00:00-05:00,1.203668236732483
2002-03-21 00:00:00-05:00,1.2129989862442017
2002-03-22 00:00:00-05:00,1.2129989862442017
2002-03-25 00:00:00-05:00,1.2129989862442017
2002-03-26 00:00:00-05:00,1.2129989862442017
2002-03-27 00:00:00-05:00,1.2129989862442017
2002-03-28 00:00:00-05:00,1.2129989862442017
2002-04-01 00:00:00-05:00,1.166345238685608
2002-04-02 00:00:00-05:00,1.2503221002012164
2002-04-03 00:00:00-05:00,1.259652853012085
2002-04-04 00:00:00-05:00,1.259652853012085
2002-04-05 00:00:00-05:00,1.259652853012085
2002-04-08 00:00:00-04:00,1.259652853012085
2002-04-09 00:00:00-04:00,1.259652853012085
2002-04-10 00:00:00-04:00,1.259652853012085
2002-04-11 00:00:00-04:00,1.259652853012085
2002-04-12 00:00:00-04:00,1.259652853012085
2002-04-15 00:00:00-04:00,1.259652853012085
2002-04-16 00:00:00-04:00,1.259652853012085
2002-04-17 00:00:00-04:00,1.259652853012085
2002-04-18 00:00:00-04:00,1.3529605865478516
2002-04-19 00:00:00-04:00,1.3529605865478516
2002-04-22 00:00:00-04:00,1.3529605865478516
2002-04-23 00:00:00-04:00,1.3529605865478516
2002-04-24 00:00:00-04:00,1.3529605865478516
2002-04-25 00:00:00-04:00,1.3529605865478516
2002-04-26 00:00:00-04:00,1.3529605865478516
2002-04-29 00:00:00-04:00,1.3249682188034058
2002-04-30 00:00:00-04:00,1.3249682188034058
2002-05-01 00:00:00-04:00,1.2689836025238037
2002-05-02 00:00:00-04:00,1.2689836025238037
2002-05-03 00:00:00-04:00,1.2689836025238037
2002-05-06 00:00:00-04:00,1.2689836025238037
2002-05-07 00:00:00-04:00,1.3529605865478516
2002-05-08 00:00:00-04:00,1.4929219786264791
2002-05-09 00:00:00-04:00,1.4929219308404869
2002-05-10 00:00:00-04:00,1.5395756959915161
2002-05-13 00:00:00-04:00,1.5395756959915161
2002-05-14 00:00:00-04:00,1.5395756959915161
2002-05-15 00:00:00-04:00,1.6235525642081723
2002-05-16 00:00:00-04:00,1.6235525642081723
2002-05-17 00:00:00-04:00,1.5862295627593994
2002-05-20 00:00:00-04:00,1.5862295627593994
2002-05-21 00:00:00-04:00,1.5862295627593994
2002-05-22 00:00:00-04:00,1.5862295627593994
2002-05-23 00:00:00-04:00,1.5862295627593994
2002-05-24 00:00:00-04:00,1.5862295627593994
2002-05-28 00:00:00-04:00,1.5862295627593994
2002-05-29 00:00:00-04:00,1.5862295627593994
2002-05-30 00:00:00-04:00,1.5862295627593994
2002-05-31 00:00:00-04:00,1.5862295627593994
2002-06-03 00:00:00-04:00,1.5862295627593994
2002-06-04 00:00:00-04:00,1.5862295627593994
2002-06-05 00:00:00-04:00,1.5862295627593994
2002-06-06 00:00:00-04:00,1.5862295627593994
2002-06-07 00:00:00-04:00,1.5862295627593994
2002-06-10 00:00:00-04:00,1.5862295627593994
2002-06-11 00:00:00-04:00,1.5862295627593994
2002-06-12 00:00:00-04:00,1.5862295627593994
2002-06-13 00:00:00-04:00,1.5862295627593994
2002-06-14 00:00:00-04:00,1.5862295627593994
2002-06-17 00:00:00-04:00,1.5862295910658584
2002-06-18 00:00:00-04:00,1.4089450589401449
2002-06-19 00:00:00-04:00,1.4929219484329224
2002-06-20 00:00:00-04:00,1.4929219484329224
2002-06-21 00:00:00-04:00,1.4929219484329224
2002-06-24 00:00:00-04:00,1.408945083618164
2002-06-25 00:00:00-04:00,1.5862295627593994
2002-06-26 00:00:00-04:00,1.5395756959915161
2002-06-27 00:00:00-04:00,1.446268081665039
2002-06-28 00:00:00-04:00,1.446268081665039
2002-07-01 00:00:00-04:00,1.446268081665039
2002-07-02 00:00:00-04:00,1.446268081665039
2002-07-03 00:00:00-04:00,1.446268081665039
2002-07-05 00:00:00-04:00,1.446268081665039
2002-07-08 00:00:00-04:00,1.3996143341064453
2002-07-09 00:00:00-04:00,1.3996143341064453
2002-07-10 00:00:00-04:00,1.3996143341064453
2002-07-11 00:00:00-04:00,1.3996143341064453
2002-07-12 00:00:00-04:00,1.3996143341064453
2002-07-15 00:00:00-04:00,1.3996143341064453
2002-07-16 00:00:00-04:00,1.3996143341064453
2002-07-17 00:00:00-04:00,1.3996143341064453
2002-07-18 00:00:00-04:00,1.3996143341064453
2002-07-19 00:00:00-04:00,1.3996143341064453
2002-07-22 00:00:00-04:00,1.3996143341064453
2002-07-23 00:00:00-04:00,1.3063066654939488
2002-07-24 00:00:00-04:00,1.1196914911270142
2002-07-25 00:00:00-04:00,1.026383876800537
2002-07-26 00:00:00-04:00,0.9330762028694153
2002-07-29 00:00:00-04:00,0.9330762028694153
2002-07-30 00:00:00-04:00,0.9330762028694153
2002-07-31 00:00:00-04:00,0.9330762028694153
2002-08-01 00:00:00-04:00,0.9330762028694153
2002-08-02 00:00:00-04:00,0.9330762028694153
2002-08-05 00:00:00-04:00,0.9330762028694153
2002-08-06 00:00:00-04:00,0.9330762028694153
2002-08-07 00:00:00-04:00,1.026383876800537
2002-08-08 00:00:00-04:00,1.026383876800537
2002-08-09 00:00:00-04:00,1.026383876800537
2002-08-12 00:00:00-04:00,1.026383876800537
2002-08-13 00:00:00-04:00,1.026383876800537
2002-08-14 00:00:00-04:00,1.026383876800537
2002-08-15 00:00:00-04:00,1.026383876800537
2002-08-16 00:00:00-04:00,0.9330762314129692
2002-08-19 00:00:00-04:00,1.026383876800537
2002-08-20 00:00:00-04:00,1.026383876800537
2002-08-21 00:00:00-04:00,1.026383876800537
2002-08-22 00:00:00-04:00,1.026383876800537
2002-08-23 00:00:00-04:00,0.9330762177150653
2002-08-26 00:00:00-04:00,0.8864223957061768
2002-08-27 00:00:00-04:00,0.8864223957061768
2002-08-28 00:00:00-04:00,0.7931147813796997
2002-08-29 00:00:00-04:00,0.8864223957061768
2002-08-30 00:00:00-04:00,0.8864223957061768
2002-09-03 00:00:00-04:00,0.8864223957061768
2002-09-04 00:00:00-04:00,0.8864223957061768
2002-09-05 00:00:00-04:00,0.8864223957061768
2002-09-06 00:00:00-04:00,0.7931147779580234
2002-09-09 00:00:00-04:00,0.8024455308914185
2002-09-10 00:00:00-04:00,0.7931147813796997
2002-09-11 00:00:00-04:00,0.7931147813796997
2002-09-12 00:00:00-04:00,0.7931147813796997
2002-09-13 00:00:00-04:00,0.7931147813796997
2002-09-16 00:00:00-04:00,0.7931147813796997
2002-09-17 00:00:00-04:00,0.7931147813796997
2002-09-18 00:00:00-04:00,0.7931147813796997
2002-09-19 00:00:00-04:00,0.7931147813796997
2002-09-20 00:00:00-04:00,0.7931147813796997
2002-09-23 00:00:00-04:00,0.7931147813796997
2002-09-24 00:00:00-04:00,0.8864223957061768
2002-09-25 00:00:00-04:00,0.8864223957061768
2002-09-26 00:00:00-04:00,0.8864223957061768
2002-09-27 00:00:00-04:00,0.9144147038459778
2002-09-30 00:00:00-04:00,0.9144147038459778
2002-10-01 00:00:00-04:00,0.9144147038459778
2002-10-02 00:00:00-04:00,0.9144147038459778
2002-10-03 00:00:00-04:00,0.8864223816028094
2002-10-04 00:00:00-04:00,0.9330762028694153
2002-10-07 00:00:00-04:00,0.9330762028694153
2002-10-08 00:00:00-04:00,0.9330762028694153
2002-10-09 00:00:00-04:00,0.9330762028694153
2002-10-10 00:00:00-04:00,0.8397685885429382
2002-10-11 00:00:00-04:00,0.7464609742164612
2002-10-14 00:00:00-04:00,0.9330762177150653
2002-10-15 00:00:00-04:00,0.8864223957061768
2002-10-16 00:00:00-04:00,0.8864223957061768
2002-10-17 00:00:00-04:00,0.8864223957061768
2002-10-18 00:00:00-04:00,0.8864223957061768
2002-10-21 00:00:00-04:00,0.8864223957061768
2002-10-22 00:00:00-04:00,0.8864223957061768
2002-10-23 00:00:00-04:00,0.8864223957061768
2002-10-24 00:00:00-04:00,0.8864223957061768
2002-10-25 00:00:00-04:00,0.8864223957061768
2002-10-28 00:00:00-05:00,0.8864223957061768
2002-10-29 00:00:00-05:00,0.8864223957061768
2002-10-30 00:00:00-05:00,0.8864223957061768
2002-10-31 00:00:00-05:00,0.8864223957061768
2002-11-01 00:00:00-05:00,0.8864223957061768
2002-11-04 00:00:00-05:00,0.8864223957061768
2002-11-05 00:00:00-05:00,0.8864223957061768
2002-11-06 00:00:00-05:00,0.8864223957061768
2002-11-07 00:00:00-05:00,0.8864223957061768
2002-11-08 00:00:00-05:00,0.8864223957061768
2002-11-11 00:00:00-05:00,0.8864223957061768
2002-11-12 00:00:00-05:00,0.8864223957061768
2002-11-13 00:00:00-05:00,0.8864223957061768
2002-11-14 00:00:00-05:00,0.8864223957061768
2002-11-15 00:00:00-05:00,0.8864223957061768
2002-11-18 00:00:00-05:00,0.8864223957061768
2002-11-19 00:00:00-05:00,0.8864223957061768
2002-11-20 00:00:00-05:00,0.8864223957061768
2002-11-21 00:00:00-05:00,0.8864223957061768
2002-11-22 00:00:00-05:00,0.8864223957061768
2002-11-25 00:00:00-05:00,0.8864223957061768
2002-11-26 00:00:00-05:00,0.8864223957061768
2002-11-27 00:00:00-05:00,0.8864223957061768
2002-11-29 00:00:00-05:00,0.8864223957061768
2002-12-02 00:00:00-05:00,0.8864223957061768
2002-12-03 00:00:00-05:00,0.8864223957061768
2002-12-04 00:00:00-05:00,0.8864223957061768
2002-12-05 00:00:00-05:00,0.8864223957061768
2002-12-06 00:00:00-05:00,0.9330762028694153
2002-12-09 00:00:00-05:00,0.9330762028694153
2002-12-10 00:00:00-05:00,0.9330762028694153
2002-12-11 00:00:00-05:00,0.9330762102540423
2002-12-12 00:00:00-05:00,0.8957531452178955
2002-12-13 00:00:00-05:00,0.8957531452178955
2002-12-16 00:00:00-05:00,0.8957531452178955
2002-12-17 00:00:00-05:00,0.8957531452178955
2002-12-18 00:00:00-05:00,0.8957531452178955
2002-12-19 00:00:00-05:00,0.8957531452178955
2002-12-20 00:00:00-05:00,0.8864223957061768
2002-12-23 00:00:00-05:00,0.8864223957061768
2002-12-24 00:00:00-05:00,0.8864223957061768
2002-12-26 00:00:00-05:00,0.8864224113765853
2002-12-27 00:00:00-05:00,0.8397685885429382
2002-12-30 00:00:00-05:00,0.8397685885429382
2002-12-31 00:00:00-05:00,0.8397685885429382
2003-01-02 00:00:00-05:00,0.8397685885429382
2003-01-03 00:00:00-05:00,0.8397685885429382
2003-01-06 00:00:00-05:00,0.8397685885429382
2003-01-07 00:00:00-05:00,0.8397685885429382
2003-01-08 00:00:00-05:00,0.8397685885429382
2003-01-09 00:00:00-05:00,0.8397685885429382
2003-01-10 00:00:00-05:00,0.8397685885429382
2003-01-13 00:00:00-05:00,0.8397685885429382
2003-01-14 00:00:00-05:00,0.8397685885429382
2003-01-15 00:00:00-05:00,0.8397685885429382
2003-01-16 00:00:00-05:00,0.8397685885429382
2003-01-17 00:00:00-05:00,0.8397685885429382
2003-01-21 00:00:00-05:00,0.8397685885429382
2003-01-22 00:00:00-05:00,0.8397685885429382
2003-01-23 00:00:00-05:00,0.8397685885429382
2003-01-24 00:00:00-05:00,0.8397685885429382
2003-01-27 00:00:00-05:00,0.8397685885429382
2003-01-28 00:00:00-05:00,0.8397685885429382
2003-01-29 00:00:00-05:00,0.8397685885429382
2003-01-30 00:00:00-05:00,0.8397685885429382
2003-01-31 00:00:00-05:00,0.8397685885429382
2003-02-03 00:00:00-05:00,0.8397685885429382
2003-02-04 00:00:00-05:00,0.8397685885429382
2003-02-05 00:00:00-05:00,0.8397685885429382
2003-02-06 00:00:00-05:00,0.8397685885429382
2003-02-07 00:00:00-05:00,0.8397685885429382
2003-02-10 00:00:00-05:00,0.8397685885429382
2003-02-11 00:00:00-05:00,0.7931147946852732
2003-02-12 00:00:00-05:00,0.9330762028694153
2003-02-13 00:00:00-05:00,0.9330762028694153
2003-02-14 00:00:00-05:00,0.9330762028694153
2003-02-18 00:00:00-05:00,0.9330762028694153
2003-02-19 00:00:00-05:00,0.9330762028694153
2003-02-20 00:00:00-05:00,1.1196915376578906
2003-02-21 00:00:00-05:00,1.3996143341064453
2003-02-24 00:00:00-05:00,1.3996143341064453
2003-02-25 00:00:00-05:00,1.446268081665039
2003-02-26 00:00:00-05:00,1.446268081665039
2003-02-27 00:00:00-05:00,1.446268081665039
2003-02-28 00:00:00-05:00,1.446268081665039
2003-03-03 00:00:00-05:00,1.446268081665039
2003-03-04 00:00:00-05:00,1.446268081665039
2003-03-05 00:00:00-05:00,1.446268081665039
2003-03-06 00:00:00-05:00,1.446268081665039
2003-03-07 00:00:00-05:00,1.4462681341793655
2003-03-10 00:00:00-05:00,1.3063067197799683
2003-03-11 00:00:00-05:00,1.3063067197799683
2003-03-12 00:00:00-05:00,1.2129990290589778
2003-03-13 00:00:00-05:00,1.446268081665039
2003-03-14 00:00:00-05:00,1.446268081665039
2003-03-17 00:00:00-05:00,1.446268081665039
2003-03-18 00:00:00-05:00,1.3529605865478516
2003-03-19 00:00:00-05:00,1.3529605865478516
2003-03-20 00:00:00-05:00,1.4929219484329224
2003-03-21 00:00:00-05:00,1.4929219484329224
2003-03-24 00:00:00-05:00,1.4929219484329224
2003-03-25 00:00:00-05:00,1.3063067197799683
2003-03-26 00:00:00-05:00,1.3063067197799683
2003-03-27 00:00:00-05:00,1.3063067197799683
2003-03-28 00:00:00-05:00,1.3063067197799683
2003-03-31 00:00:00-05:00,1.3063067197799683
2003-04-01 00:00:00-05:00,1.2129989862442017
2003-04-02 00:00:00-05:00,1.2129989862442017
2003-04-03 00:00:00-05:00,1.2129989862442017
2003-04-04 00:00:00-05:00,1.2129989862442017
2003-04-07 00:00:00-04:00,1.2129989862442017
2003-04-08 00:00:00-04:00,1.2129989862442017
2003-04-09 00:00:00-04:00,1.2129989862442017
2003-04-10 00:00:00-04:00,1.2129989862442017
2003-04-11 00:00:00-04:00,1.2129989862442017
2003-04-14 00:00:00-04:00,1.2129989862442017
2003-04-15 00:00:00-04:00,1.2129989862442017
2003-04-16 00:00:00-04:00,1.2129989862442017
2003-04-17 00:00:00-04:00,1.2129989862442017
2003-04-21 00:00:00-04:00,1.2129989862442017
2003-04-22 00:00:00-04:00,1.2129989862442017
2003-04-23 00:00:00-04:00,1.2129989862442017
2003-04-24 00:00:00-04:00,1.3063067197799683
2003-04-25 00:00:00-04:00,1.3063067197799683
2003-04-28 00:00:00-04:00,1.3063067197799683
2003-04-29 00:00:00-04:00,1.3063067197799683
2003-04-30 00:00:00-04:00,1.259652853012085
2003-05-01 00:00:00-04:00,1.259652853012085
2003-05-02 00:00:00-04:00,1.259652853012085
2003-05-05 00:00:00-04:00,1.259652853012085
2003-05-06 00:00:00-04:00,1.259652853012085
2003-05-07 00:00:00-04:00,1.259652853012085
2003-05-08 00:00:00-04:00,1.1756759916965849
2003-05-09 00:00:00-04:00,1.166345238685608
2003-05-12 00:00:00-04:00,1.166345238685608
2003-05-13 00:00:00-04:00,1.166345238685608
2003-05-14 00:00:00-04:00,1.166345238685608
2003-05-15 00:00:00-04:00,1.166345238685608
2003-05-16 00:00:00-04:00,1.166345238685608
2003-05-19 00:00:00-04:00,1.166345238685608
2003-05-20 00:00:00-04:00,1.166345238685608
2003-05-21 00:00:00-04:00,1.166345238685608
2003-05-22 00:00:00-04:00,1.166345238685608
2003-05-23 00:00:00-04:00,1.166345238685608
2003-05-27 00:00:00-04:00,1.166345238685608
2003-05-28 00:00:00-04:00,1.166345238685608
2003-05-29 00:00:00-04:00,1.166345238685608
2003-05-30 00:00:00-04:00,1.166345238685608
2003-06-02 00:00:00-04:00,1.166345238685608
2003-06-03 00:00:00-04:00,1.166345238685608
2003-06-04 00:00:00-04:00,1.166345238685608
2003-06-05 00:00:00-04:00,1.166345238685608
2003-06-06 00:00:00-04:00,1.166345238685608
2003-06-09 00:00:00-04:00,1.166345238685608
2003-06-10 00:00:00-04:00,1.166345238685608
2003-06-11 00:00:00-04:00,1.166345238685608
2003-06-12 00:00:00-04:00,1.166345238685608
2003-06-13 00:00:00-04:00,1.166345238685608
2003-06-16 00:00:00-04:00,1.166345238685608
2003-06-17 00:00:00-04:00,1.166345238685608
2003-06-18 00:00:00-04:00,1.166345238685608
2003-06-19 00:00:00-04:00,1.166345238685608
2003-06-20 00:00:00-04:00,1.166345238685608
2003-06-23 00:00:00-04:00,1.166345238685608
2003-06-24 00:00:00-04:00,1.166345238685608
2003-06-25 00:00:00-04:00,1.166345238685608
2003-06-26 00:00:00-04:00,1.166345238685608
2003-06-27 00:00:00-04:00,1.166345238685608
2003-06-30 00:00:00-04:00,1.166345238685608
2003-07-01 00:00:00-04:00,1.166345238685608
2003-07-02 00:00:00-04:00,1.1663452422130858
2003-07-03 00:00:00-04:00,1.0823683503554662
2003-07-07 00:00:00-04:00,1.166345238685608
2003-07-08 00:00:00-04:00,1.166345238685608
2003-07-09 00:00:00-04:00,1.166345238685608
2003-07-10 00:00:00-04:00,1.166345238685608
2003-07-11 00:00:00-04:00,1.166345238685608
2003-07-14 00:00:00-04:00,1.166345238685608
2003-07-15 00:00:00-04:00,1.166345238685608
2003-07-16 00:00:00-04:00,1.166345238685608
2003-07-17 00:00:00-04:00,1.166345238685608
2003-07-18 00:00:00-04:00,1.166345238685608
2003-07-21 00:00:00-04:00,1.166345238685608
2003-07-22 00:00:00-04:00,1.1196914911270142
2003-07-23 00:00:00-04:00,1.1196914911270142
2003-07-24 00:00:00-04:00,1.1196915018199163
2003-07-25 00:00:00-04:00,1.0730376243591309
2003-07-28 00:00:00-04:00,1.2036682695380265
2003-07-29 00:00:00-04:00,1.129022255065803
2003-07-30 00:00:00-04:00,1.0730376243591309
2003-07-31 00:00:00-04:00,1.0730376243591309
2003-08-01 00:00:00-04:00,1.0730376243591309
2003-08-04 00:00:00-04:00,1.203668236732483
2003-08-05 00:00:00-04:00,1.203668236732483
2003-08-06 00:00:00-04:00,1.203668236732483
2003-08-07 00:00:00-04:00,0.9424069709937077
2003-08-08 00:00:00-04:00,1.063706874847412
2003-08-11 00:00:00-04:00,1.0730376243591309
2003-08-12 00:00:00-04:00,1.0730376243591309
2003-08-13 00:00:00-04:00,1.1663452320482723
2003-08-14 00:00:00-04:00,0.979729950428009
2003-08-15 00:00:00-04:00,0.979729950428009
2003-08-18 00:00:00-04:00,0.979729950428009
2003-08-19 00:00:00-04:00,0.942406952381134
2003-08-20 00:00:00-04:00,0.942406952381134
2003-08-21 00:00:00-04:00,0.942406952381134
2003-08-22 00:00:00-04:00,0.942406952381134
2003-08-25 00:00:00-04:00,0.942406952381134
2003-08-26 00:00:00-04:00,0.942406952381134
2003-08-27 00:00:00-04:00,0.942406952381134
2003-08-28 00:00:00-04:00,0.942406952381134
2003-08-29 00:00:00-04:00,0.942406952381134
2003-09-02 00:00:00-04:00,0.942406952381134
2003-09-03 00:00:00-04:00,0.979729950428009
2003-09-04 00:00:00-04:00,0.979729950428009
2003-09-05 00:00:00-04:00,0.979729950428009
2003-09-08 00:00:00-04:00,0.979729950428009
2003-09-09 00:00:00-04:00,0.979729950428009
2003-09-10 00:00:00-04:00,0.979729950428009
2003-09-11 00:00:00-04:00,0.979729950428009
2003-09-12 00:00:00-04:00,1.2036682939357788
2003-09-15 00:00:00-04:00,1.0450453758239746
2003-09-16 00:00:00-04:00,1.0450453758239746
2003-09-17 00:00:00-04:00,1.2129989862442017
2003-09-18 00:00:00-04:00,1.2129989862442017
2003-09-19 00:00:00-04:00,1.2129990205341143
2003-09-22 00:00:00-04:00,1.4929219484329224
2003-09-23 00:00:00-04:00,1.4929219484329224
2003-09-24 00:00:00-04:00,1.212999058661703
2003-09-25 00:00:00-04:00,1.4369373676922952
2003-09-26 00:00:00-04:00,1.3529605865478516
2003-09-29 00:00:00-04:00,1.4369373284593048
2003-09-30 00:00:00-04:00,1.446268081665039
2003-10-01 00:00:00-04:00,1.446268081665039
2003-10-02 00:00:00-04:00,1.446268081665039
2003-10-03 00:00:00-04:00,1.446268081665039
2003-10-06 00:00:00-04:00,1.3063067080140278
2003-10-07 00:00:00-04:00,1.3529605865478516
2003-10-08 00:00:00-04:00,1.3529605865478516
2003-10-09 00:00:00-04:00,1.3529605865478516
2003-10-10 00:00:00-04:00,1.2129989862442017
2003-10-13 00:00:00-04:00,1.2129989862442017
2003-10-14 00:00:00-04:00,1.2129989862442017
2003-10-15 00:00:00-04:00,1.2129989862442017
2003-10-16 00:00:00-04:00,1.352960586466343
2003-10-17 00:00:00-04:00,1.4462681007507854
2003-10-20 00:00:00-04:00,1.3622913360595703
2003-10-21 00:00:00-04:00,1.3622913360595703
2003-10-22 00:00:00-04:00,1.3622913360595703
2003-10-23 00:00:00-04:00,1.3622913360595703
2003-10-24 00:00:00-04:00,1.1196914574803003
2003-10-27 00:00:00-05:00,1.2503221035003662
2003-10-28 00:00:00-05:00,1.2503221035003662
2003-10-29 00:00:00-05:00,1.129022240638733
2003-10-30 00:00:00-05:00,1.129022240638733
2003-10-31 00:00:00-05:00,1.129022240638733
2003-11-03 00:00:00-05:00,1.2129989862442017
2003-11-04 00:00:00-05:00,1.2129989862442017
2003-11-05 00:00:00-05:00,1.2223297719052801
2003-11-06 00:00:00-05:00,1.1196914911270142
2003-11-07 00:00:00-05:00,1.1196914911270142
2003-11-10 00:00:00-05:00,1.1196914911270142
2003-11-11 00:00:00-05:00,1.1196914911270142
2003-11-12 00:00:00-05:00,1.3809527804007757
2003-11-13 00:00:00-05:00,1.166345238685608
2003-11-14 00:00:00-05:00,1.166345238685608
2003-11-17 00:00:00-05:00,1.166345238685608
2003-11-18 00:00:00-05:00,1.166345238685608
2003-11-19 00:00:00-05:00,1.166345238685608
2003-11-20 00:00:00-05:00,1.166345238685608
2003-11-21 00:00:00-05:00,1.1196914911270142
2003-11-24 00:00:00-05:00,1.0730376243591309
2003-11-25 00:00:00-05:00,1.0730376243591309
2003-11-26 00:00:00-05:00,1.0730376243591309
2003-11-28 00:00:00-05:00,1.0730376243591309
2003-12-01 00:00:00-05:00,1.0730376243591309
2003-12-02 00:00:00-05:00,1.2503221499402022
2003-12-03 00:00:00-05:00,1.1476837292477116
2003-12-04 00:00:00-05:00,1.2503221035003662
2003-12-05 00:00:00-05:00,1.2503221035003662
2003-12-08 00:00:00-05:00,1.2503221035003662
2003-12-09 00:00:00-05:00,1.2503221035003662
2003-12-10 00:00:00-05:00,1.2503221035003662
2003-12-11 00:00:00-05:00,1.1663452136720514
2003-12-12 00:00:00-05:00,1.259652853012085
2003-12-15 00:00:00-05:00,1.2596528800267266
2003-12-16 00:00:00-05:00,1.166345238685608
2003-12-17 00:00:00-05:00,1.2316606044769287
2003-12-18 00:00:00-05:00,1.2503221035003662
2003-12-19 00:00:00-05:00,1.3436297258699519
2003-12-22 00:00:00-05:00,1.3156374733245044
2003-12-23 00:00:00-05:00,1.343629833087358
2003-12-24 00:00:00-05:00,1.3996143341064453
2003-12-26 00:00:00-05:00,1.4369373321533203
2003-12-29 00:00:00-05:00,1.4462680680075606
2003-12-30 00:00:00-05:00,3.452381942525765
2003-12-31 00:00:00-05:00,3.359074249029677
2004-01-02 00:00:00-05:00,2.9765132459127317
2004-01-05 00:00:00-05:00,2.5193057994201062
2004-01-06 00:00:00-05:00,2.286036750403922
2004-01-07 00:00:00-05:00,2.2393829959139677
2004-01-08 00:00:00-05:00,2.4259980260484757
2004-01-09 00:00:00-05:00,2.239382930794349
2004-01-12 00:00:00-05:00,2.2860367698692654
2004-01-13 00:00:00-05:00,2.1554059476999554
2004-01-14 00:00:00-05:00,2.332690508525728
2004-01-15 00:00:00-05:00,2.174067504689423
2004-01-16 00:00:00-05:00,2.2953675191385057
2004-01-20 00:00:00-05:00,2.1927290149476946
2004-01-21 00:00:00-05:00,2.146075230444674
2004-01-22 00:00:00-05:00,2.099421541106577
2004-01-23 00:00:00-05:00,2.099421464612493
2004-01-26 00:00:00-05:00,2.220721403094905
2004-01-27 00:00:00-05:00,2.5846209938497324
2004-01-28 00:00:00-05:00,2.3793442249298096
2004-01-29 00:00:00-05:00,2.463321231033392
2004-01-30 00:00:00-05:00,2.202059719414718
2004-02-02 00:00:00-05:00,2.3326904844261716
2004-02-03 00:00:00-05:00,2.3046982684098363
2004-02-04 00:00:00-05:00,2.164736774461744
2004-02-05 00:00:00-05:00,2.1180829619149426
2004-02-06 00:00:00-05:00,2.0620984623910488
2004-02-09 00:00:00-05:00,2.164736747741699
2004-02-10 00:00:00-05:00,2.0620984916102225
2004-02-11 00:00:00-05:00,2.0620984565819187
2004-02-12 00:00:00-05:00,2.323359727859497
2004-02-13 00:00:00-05:00,2.323359724360239
2004-02-17 00:00:00-05:00,2.332690477371216
2004-02-18 00:00:00-05:00,2.3793442532638833
2004-02-19 00:00:00-05:00,2.20205971275484
2004-02-20 00:00:00-05:00,2.23938301548389
2004-02-23 00:00:00-05:00,2.127413761146272
2004-02-24 00:00:00-05:00,2.080760009908706
2004-02-25 00:00:00-05:00,2.062098503112793
2004-02-26 00:00:00-05:00,2.052767749714836
2004-02-27 00:00:00-05:00,2.04343698118646
2004-03-01 00:00:00-05:00,2.2393829675141266
2004-03-02 00:00:00-05:00,3.19112062581337
2004-03-03 00:00:00-05:00,3.191120643559271
2004-03-04 00:00:00-05:00,3.1911206042481557
2004-03-05 00:00:00-05:00,3.2284437446148617
2004-03-08 00:00:00-05:00,2.9391901347479945
2004-03-09 00:00:00-05:00,2.976513199878673
2004-03-10 00:00:00-05:00,2.7712362471755565
2004-03-11 00:00:00-05:00,2.659266971129424
2004-03-12 00:00:00-05:00,2.6126134236558682
2004-03-15 00:00:00-05:00,2.6499364258034435
2004-03-16 00:00:00-05:00,2.7432442116461537
2004-03-17 00:00:00-05:00,2.7059211770581415
2004-03-18 00:00:00-05:00,2.6592671458171635
2004-03-19 00:00:00-05:00,2.80855946941517
2004-03-22 00:00:00-05:00,2.6592671833305244
2004-03-23 00:00:00-05:00,2.799228591565643
2004-03-24 00:00:00-05:00,3.0418283868562748
2004-03-25 00:00:00-05:00,3.079151378077634
2004-03-26 00:00:00-05:00,3.2004513571422213
2004-03-29 00:00:00-05:00,3.2564359220196435
2004-03-30 00:00:00-05:00,3.069820656761784
2004-03-31 00:00:00-05:00,2.9858438685463145
2004-04-01 00:00:00-05:00,3.0604899109332897
2004-04-02 00:00:00-05:00,2.9858438616809737
2004-04-05 00:00:00-04:00,3.097813035288413
2004-04-06 00:00:00-04:00,3.35907426426617
2004-04-07 00:00:00-04:00,2.9951745978539495
2004-04-08 00:00:00-04:00,3.1258051314057043
2004-04-12 00:00:00-04:00,3.247105121612549
2004-04-13 00:00:00-04:00,3.153797642302117
2004-04-14 00:00:00-04:00,3.079151455046009
2004-04-15 00:00:00-04:00,2.845882397301407
2004-04-16 00:00:00-04:00,2.752574865244064
2004-04-19 00:00:00-04:00,2.9578516162757604
2004-04-20 00:00:00-04:00,3.0791514420932042
2004-04-21 00:00:00-04:00,2.967182379868712
2004-04-22 00:00:00-04:00,3.0324976151089094
2004-04-23 00:00:00-04:00,3.2097821201539154
2004-04-26 00:00:00-04:00,3.247105131847824
2004-04-27 00:00:00-04:00,3.2937589532485583
2004-04-28 00:00:00-04:00,3.079151449907468
2004-04-29 00:00:00-04:00,2.752574948434617
2004-04-30 00:00:00-04:00,2.4259979966927583
2004-05-03 00:00:00-04:00,2.2487137070734016
2004-05-04 00:00:00-04:00,2.425998117323406
2004-05-05 00:00:00-04:00,2.8925361608557836
2004-05-06 00:00:00-04:00,2.985843999373225
2004-05-07 00:00:00-04:00,2.7898977316151243
2004-05-10 00:00:00-04:00,2.6126132634762724
2004-05-11 00:00:00-04:00,2.509975026252689
2004-05-12 00:00:00-04:00,2.332690430410227
2004-05-13 00:00:00-04:00,2.472652013923128
2004-05-14 00:00:00-04:00,2.248713724565628
2004-05-17 00:00:00-04:00,2.239383011501239
2004-05-18 00:00:00-04:00,2.1180829518668967
2004-05-19 00:00:00-04:00,2.360682743543762
2004-05-20 00:00:00-04:00,2.360682754471744
2004-05-21 00:00:00-04:00,2.6126132561163855
2004-05-24 00:00:00-04:00,2.332690477371216
2004-05-25 00:00:00-04:00,2.3326904602179894
2004-05-26 00:00:00-04:00,2.2860367123163314
2004-05-27 00:00:00-04:00,2.323359724360239
2004-05-28 00:00:00-04:00,2.332690491595842
2004-06-01 00:00:00-04:00,2.25804446356867
2004-06-02 00:00:00-04:00,2.3793442424261
2004-06-03 00:00:00-04:00,2.3046982288360596
2004-06-04 00:00:00-04:00,2.258044481277466
2004-06-07 00:00:00-04:00,2.3326904469722543
2004-06-08 00:00:00-04:00,2.41666721549124
2004-06-09 00:00:00-04:00,2.4259979716372966
2004-06-10 00:00:00-04:00,2.444659471511841
2004-06-14 00:00:00-04:00,2.4259979896416297
2004-06-15 00:00:00-04:00,2.3420211534424995
2004-06-16 00:00:00-04:00,2.6499363924882955
2004-06-17 00:00:00-04:00,2.8925362421313174
2004-06-18 00:00:00-04:00,2.6965904235839844
2004-06-21 00:00:00-04:00,2.733913376575982
2004-06-22 00:00:00-04:00,2.7432441482396825
2004-06-23 00:00:00-04:00,2.7898979035837486
2004-06-24 00:00:00-04:00,2.8458824387509782
2004-06-25 00:00:00-04:00,2.873874658075878
2004-06-28 00:00:00-04:00,2.967182408900509
2004-06-29 00:00:00-04:00,2.892536157239738
2004-06-30 00:00:00-04:00,2.9765131620982617
2004-07-01 00:00:00-04:00,2.948520902505004
2004-07-02 00:00:00-04:00,2.976513147354126
2004-07-06 00:00:00-04:00,3.0324976625666373
2004-07-07 00:00:00-04:00,3.0324976812847777
2004-07-08 00:00:00-04:00,2.9391902109883135
2004-07-09 00:00:00-04:00,2.7712364044598634
2004-07-12 00:00:00-04:00,2.78989787451552
2004-07-13 00:00:00-04:00,2.9485209241634007
2004-07-14 00:00:00-04:00,2.8832054673515497
2004-07-15 00:00:00-04:00,3.4990358785236415
2004-07-16 00:00:00-04:00,3.4057283478500215
2004-07-19 00:00:00-04:00,3.275097532910574
2004-07-20 00:00:00-04:00,3.638997341950091
2004-07-21 00:00:00-04:00,3.536358868131579
2004-07-22 00:00:00-04:00,3.499035874483399
2004-07-23 00:00:00-04:00,3.499035839093469
2004-07-26 00:00:00-04:00,3.4990357394570535
2004-07-27 00:00:00-04:00,3.163128379489496
2004-07-28 00:00:00-04:00,3.1537976059653037
2004-07-29 00:00:00-04:00,3.2657666639555205
2004-07-30 00:00:00-04:00,3.172459144747791
2004-08-02 00:00:00-04:00,3.0791513919830322
2004-08-03 00:00:00-04:00,2.985843843583099
2004-08-04 00:00:00-04:00,3.1724591483839175
2004-08-05 00:00:00-04:00,3.0698206389528266
2004-08-06 00:00:00-04:00,2.9111977449928275
2004-08-09 00:00:00-04:00,2.7059211275932613
2004-08-10 00:00:00-04:00,2.845882397301407
2004-08-11 00:00:00-04:00,2.84588239486702
2004-08-12 00:00:00-04:00,2.9858439178501253
2004-08-13 00:00:00-04:00,2.9391901419816944
2004-08-16 00:00:00-04:00,2.985843910272657
2004-08-17 00:00:00-04:00,2.9111976697415467
2004-08-18 00:00:00-04:00,2.761905666310309
2004-08-19 00:00:00-04:00,2.7245826415819465
2004-08-20 00:00:00-04:00,2.8458824309893553
2004-08-23 00:00:00-04:00,2.8552132201874034
2004-08-24 00:00:00-04:00,2.70592115368647
2004-08-25 00:00:00-04:00,2.6312749191223954
2004-08-26 00:00:00-04:00,2.6592671794631677
2004-08-27 00:00:00-04:00,2.705921181048097
2004-08-30 00:00:00-04:00,2.6685978639297514
2004-08-31 00:00:00-04:00,2.8925361936650393
2004-09-01 00:00:00-04:00,2.799228653145196
2004-09-02 00:00:00-04:00,2.892536139497457
2004-09-03 00:00:00-04:00,2.9391901567264247
2004-09-07 00:00:00-04:00,2.939190127604434
2004-09-08 00:00:00-04:00,2.985843882531268
2004-09-09 00:00:00-04:00,3.0231668360268484
2004-09-10 00:00:00-04:00,3.3497435929295776
2004-09-13 00:00:00-04:00,3.452382111070402
2004-09-14 00:00:00-04:00,3.2844281263854618
2004-09-15 00:00:00-04:00,3.2657666376947785
2004-09-16 00:00:00-04:00,3.1258051247024206
2004-09-17 00:00:00-04:00,3.2937588592521254
2004-09-20 00:00:00-04:00,3.284428143541733
2004-09-21 00:00:00-04:00,3.172459125518799
2004-09-22 00:00:00-04:00,3.032497626832003
2004-09-23 00:00:00-04:00,2.939190078714849
2004-09-24 00:00:00-04:00,3.275097370147705
2004-09-27 00:00:00-04:00,3.172459256759403
2004-09-28 00:00:00-04:00,3.471043543000774
2004-09-29 00:00:00-04:00,3.6296666203423644
2004-09-30 00:00:00-04:00,3.424389769769524
2004-10-01 00:00:00-04:00,3.6856509649232585
2004-10-04 00:00:00-04:00,4.105535539011725
2004-10-05 00:00:00-04:00,4.096204358056012
2004-10-06 00:00:00-04:00,3.872266258140425
2004-10-07 00:00:00-04:00,4.058881332957133
2004-10-08 00:00:00-04:00,3.918919801712036
2004-10-11 00:00:00-04:00,3.918919837014157
2004-10-12 00:00:00-04:00,3.82561248944883
2004-10-13 00:00:00-04:00,4.105535393641684
2004-10-14 00:00:00-04:00,3.7043126724819504
2004-10-15 00:00:00-04:00,3.3124204919540845
2004-10-18 00:00:00-04:00,3.6389973616422906
2004-10-19 00:00:00-04:00,3.5363588761003264
2004-10-20 00:00:00-04:00,3.3404128322066056
2004-10-21 00:00:00-04:00,3.4057283246320593
2004-10-22 00:00:00-04:00,3.471043614183057
2004-10-25 00:00:00-04:00,3.4523819818536055
2004-10-26 00:00:00-04:00,3.825612380819817
2004-10-27 00:00:00-04:00,3.6483281189934185
2004-10-28 00:00:00-04:00,3.5456894113415602
2004-10-29 00:00:00-04:00,3.4057281189309894
2004-11-01 00:00:00-05:00,3.321751137884413
2004-11-02 00:00:00-05:00,3.181789831805272
2004-11-03 00:00:00-05:00,3.35907430558034
2004-11-04 00:00:00-05:00,3.5923433685547934
2004-11-05 00:00:00-05:00,3.629666577123292
2004-11-08 00:00:00-05:00,3.629666558290457
2004-11-09 00:00:00-05:00,3.722974076623025
2004-11-10 00:00:00-05:00,3.6949818025481775
2004-11-11 00:00:00-05:00,3.825612380819817
2004-11-12 00:00:00-05:00,3.5923433266749303
2004-11-15 00:00:00-05:00,3.601674043156123
2004-11-16 00:00:00-05:00,3.9189199090629816
2004-11-17 00:00:00-05:00,3.732304852406339
2004-11-18 00:00:00-05:00,3.6576588369000533
2004-11-19 00:00:00-05:00,3.583012599755896
2004-11-22 00:00:00-05:00,3.4990358585414136
2004-11-23 00:00:00-05:00,3.405728320805264
2004-11-24 00:00:00-05:00,3.452382015497695
2004-11-26 00:00:00-05:00,3.7789586592282123
2004-11-29 00:00:00-05:00,4.460104330378123
2004-11-30 00:00:00-05:00,5.309203769073933
2004-12-01 00:00:00-05:00,5.122587986754019
2004-12-02 00:00:00-05:00,5.02928062322073
2004-12-03 00:00:00-05:00,4.478765823733299
2004-12-06 00:00:00-05:00,4.94530418186792
2004-12-07 00:00:00-05:00,4.851996059706578
2004-12-08 00:00:00-05:00,4.4787657517573845
2004-12-09 00:00:00-05:00,4.357465750449758
2004-12-10 00:00:00-05:00,4.385458029895389
2004-12-13 00:00:00-05:00,4.3667966111821315
2004-12-14 00:00:00-05:00,4.833334719860014
2004-12-15 00:00:00-05:00,4.693373368540871
2004-12-16 00:00:00-05:00,4.879988426068674
2004-12-17 00:00:00-05:00,4.935972957124776
2004-12-20 00:00:00-05:00,4.833334712001625
2004-12-21 00:00:00-05:00,4.777350084508571
2004-12-22 00:00:00-05:00,6.037003010045655
2004-12-23 00:00:00-05:00,6.3262568053208055
2004-12-27 00:00:00-05:00,6.4755488597889155
2004-12-28 00:00:00-05:00,6.998071521520615
2004-12-29 00:00:00-05:00,7.931147312180035
2004-12-30 00:00:00-05:00,7.473940841460742
2004-12-31 00:00:00-05:00,6.671495010669221
2005-01-03 00:00:00-05:00,8.117762867713402
2005-01-04 00:00:00-05:00,7.417955439420901
2005-01-05 00:00:00-05:00,6.111649069624116
2005-01-06 00:00:00-05:00,6.046333941136861
2005-01-07 00:00:00-05:00,6.326256911452708
2005-01-10 00:00:00-05:00,6.158303073961373
2005-01-11 00:00:00-05:00,5.794403238156809
2005-01-12 00:00:00-05:00,5.318533968921619
2005-01-13 00:00:00-05:00,5.122588249265391
2005-01-14 00:00:00-05:00,5.645111360260278
2005-01-18 00:00:00-05:00,6.16763380252786
2005-01-19 00:00:00-05:00,6.158302834292411
2005-01-20 00:00:00-05:00,5.850387579859235
2005-01-21 00:00:00-05:00,5.83172607421875
2005-01-24 00:00:00-05:00,5.831726474376334
2005-01-25 00:00:00-05:00,5.542472567986723
2005-01-26 00:00:00-05:00,5.598457113055108
2005-01-27 00:00:00-05:00,5.458495777422967
2005-01-28 00:00:00-05:00,5.76641058201436
2005-01-31 00:00:00-05:00,5.85038797070114
2005-02-01 00:00:00-05:00,6.7368100327326434
2005-02-02 00:00:00-05:00,6.578187636873678
2005-02-03 00:00:00-05:00,6.624841016737174
2005-02-04 00:00:00-05:00,6.494210625697251
2005-02-07 00:00:00-05:00,6.820787012074765
2005-02-08 00:00:00-05:00,7.567247767907557
2005-02-09 00:00:00-05:00,7.277994521285482
2005-02-10 00:00:00-05:00,6.811456436687443
2005-02-11 00:00:00-05:00,6.783464084991508
2005-02-14 00:00:00-05:00,7.231340428926492
2005-02-15 00:00:00-05:00,7.222009557879471
2005-02-16 00:00:00-05:00,6.886102401331303
2005-02-17 00:00:00-05:00,7.166024935846917
2005-02-18 00:00:00-05:00,7.250002283254103
2005-02-22 00:00:00-05:00,7.651224830039154
2005-02-23 00:00:00-05:00,6.3355876021300555
2005-02-24 00:00:00-05:00,6.71814858245971
2005-02-25 00:00:00-05:00,7.1566944541980595
2005-02-28 00:00:00-05:00,6.99807150610562
2005-03-01 00:00:00-05:00,6.774133673930489
2005-03-02 00:00:00-05:00,6.624840743039198
2005-03-03 00:00:00-05:00,6.606179500491748
2005-03-04 00:00:00-05:00,6.578187194714999
2005-03-07 00:00:00-05:00,6.7181485935492935
2005-03-08 00:00:00-05:00,6.3915721498683995
2005-03-09 00:00:00-05:00,5.785072157828357
2005-03-10 00:00:00-05:00,5.57046493255709
2005-03-11 00:00:00-05:00,5.5051495675774555
2005-03-14 00:00:00-05:00,5.757080202548795
2005-03-15 00:00:00-05:00,5.365188372090485
2005-03-16 00:00:00-05:00,5.271880675960226
2005-03-17 00:00:00-05:00,5.066603838607095
2005-03-18 00:00:00-05:00,5.28121136055266
2005-03-21 00:00:00-05:00,5.43983421786819
2005-03-22 00:00:00-05:00,5.103926673392827
2005-03-23 00:00:00-05:00,5.029280472090916
2005-03-24 00:00:00-05:00,4.814672933471246
2005-03-28 00:00:00-05:00,4.879988758349265
2005-03-29 00:00:00-05:00,4.665381072197397
2005-03-30 00:00:00-05:00,4.226835500276887
2005-03-31 00:00:00-05:00,4.198842987185263
2005-04-01 00:00:00-05:00,4.329473289995669
2005-04-04 00:00:00-04:00,4.19884277654122
2005-04-05 00:00:00-04:00,4.217504256076631
2005-04-06 00:00:00-04:00,4.264158467613599
2005-04-07 00:00:00-04:00,4.2734889617097265
2005-04-08 00:00:00-04:00,4.366796287215039
2005-04-11 00:00:00-04:00,4.236165736279725
2005-04-12 00:00:00-04:00,4.348134788261656
2005-04-13 00:00:00-04:00,4.320143018057328
2005-04-14 00:00:00-04:00,4.152188893225835
2005-04-15 00:00:00-04:00,3.778958763847895
2005-04-18 00:00:00-04:00,3.6763203776914057
2005-04-19 00:00:00-04:00,4.08687389122775
2005-04-20 00:00:00-04:00,4.385457813474297
2005-04-21 00:00:00-04:00,4.152189051817546
2005-04-22 00:00:00-04:00,4.058881325715537
2005-04-25 00:00:00-04:00,3.9002583765004317
2005-04-26 00:00:00-04:00,4.217504508977072
2005-04-27 00:00:00-04:00,4.152188797923715
2005-04-28 00:00:00-04:00,4.012227810602413
2005-04-29 00:00:00-04:00,3.8256123189902818
2005-05-02 00:00:00-04:00,3.8629353259268258
2005-05-03 00:00:00-04:00,3.7789587553442487
2005-05-04 00:00:00-04:00,3.9095892712168565
2005-05-05 00:00:00-04:00,3.9749048057252674
2005-05-06 00:00:00-04:00,3.918919801712036
2005-05-09 00:00:00-04:00,3.94691231687479
2005-05-10 00:00:00-04:00,3.8442738617157346
2005-05-11 00:00:00-04:00,3.7416357707851167
2005-05-12 00:00:00-04:00,3.7416358466016097
2005-05-13 00:00:00-04:00,3.499035839093469
2005-05-16 00:00:00-04:00,3.4430513343270683
2005-05-17 00:00:00-04:00,3.4057282633235895
2005-05-18 00:00:00-04:00,3.6296665180867684
2005-05-19 00:00:00-04:00,3.8256123208548187
2005-05-20 00:00:00-04:00,3.732304823784303
2005-05-23 00:00:00-04:00,3.601674059300721
2005-05-24 00:00:00-04:00,3.7509663550360797
2005-05-25 00:00:00-04:00,3.6016740810059003
2005-05-26 00:00:00-04:00,3.685651090031717
2005-05-27 00:00:00-04:00,3.6296665249935582
2005-05-31 00:00:00-04:00,3.778958803264174
2005-06-01 00:00:00-04:00,3.638997320081262
2005-06-02 00:00:00-04:00,3.6016740700704664
2005-06-03 00:00:00-04:00,3.620335791687142
2005-06-06 00:00:00-04:00,3.6389973163604736
2005-06-07 00:00:00-04:00,3.6296665733173876
2005-06-08 00:00:00-04:00,3.5643510501685016
2005-06-09 00:00:00-04:00,3.638997341950091
2005-06-10 00:00:00-04:00,3.5456895980526966
2005-06-13 00:00:00-04:00,3.4430512894821805
2005-06-14 00:00:00-04:00,3.5363588220713833
2005-06-15 00:00:00-04:00,3.601674083613022
2005-06-16 00:00:00-04:00,3.6576587705162487
2005-06-17 00:00:00-04:00,3.8722662189025843
2005-06-20 00:00:00-04:00,4.0775428173213575
2005-06-21 00:00:00-04:00,3.9189198718657945
2005-06-22 00:00:00-04:00,3.825612304920091
2005-06-23 00:00:00-04:00,3.909589366502291
2005-06-24 00:00:00-04:00,3.592343330383301
2005-06-27 00:00:00-04:00,3.592343330383301
2005-06-28 00:00:00-04:00,3.6389972801758006
2005-06-29 00:00:00-04:00,3.7602972508578407
2005-06-30 00:00:00-04:00,3.8442738126787104
2005-07-01 00:00:00-04:00,3.797620276974876
2005-07-05 00:00:00-04:00,3.8162818172884503
2005-07-06 00:00:00-04:00,3.760297271780541
2005-07-07 00:00:00-04:00,3.7323048022654803
2005-07-08 00:00:00-04:00,3.7416357365435884
2005-07-11 00:00:00-04:00,3.918919801712036
2005-07-12 00:00:00-04:00,3.853604740042568
2005-07-13 00:00:00-04:00,3.965573794608088
2005-07-14 00:00:00-04:00,3.9189198004521186
2005-07-15 00:00:00-04:00,3.993566277357666
2005-07-18 00:00:00-04:00,3.9002583656159726
2005-07-19 00:00:00-04:00,3.797620222490364
2005-07-20 00:00:00-04:00,3.9655737540491423
2005-07-21 00:00:00-04:00,4.04955101808423
2005-07-22 00:00:00-04:00,4.077542775163123
2005-07-25 00:00:00-04:00,4.1428582530792815
2005-07-26 00:00:00-04:00,4.301481436518488
2005-07-27 00:00:00-04:00,4.432111752810859
2005-07-28 00:00:00-04:00,4.4041196392452395
2005-07-29 00:00:00-04:00,4.665381165977865
2005-08-01 00:00:00-04:00,4.842665641880942
2005-08-02 00:00:00-04:00,4.945303896988531
2005-08-03 00:00:00-04:00,4.945303905053307
2005-08-04 00:00:00-04:00,4.87998870147927
2005-08-05 00:00:00-04:00,4.786681215032618
2005-08-08 00:00:00-04:00,4.656049979268755
2005-08-09 00:00:00-04:00,4.646719521330081
2005-08-10 00:00:00-04:00,4.469434996193946
2005-08-11 00:00:00-04:00,4.460104472836001
2005-08-12 00:00:00-04:00,4.385458109670788
2005-08-15 00:00:00-04:00,4.105535235445343
2005-08-16 00:00:00-04:00,4.292150460889348
2005-08-17 00:00:00-04:00,4.292150460889348
2005-08-18 00:00:00-04:00,4.338804277857858
2005-08-19 00:00:00-04:00,4.198842979717794
2005-08-22 00:00:00-04:00,4.3388042927210595
2005-08-23 00:00:00-04:00,4.049550718657386
2005-08-24 00:00:00-04:00,4.2641584601615685
2005-08-25 00:00:00-04:00,4.264158229524416
2005-08-26 00:00:00-04:00,4.413450559406327
2005-08-29 00:00:00-04:00,4.08687396237292
2005-08-30 00:00:00-04:00,4.189511823066552
2005-08-31 00:00:00-04:00,4.105535439693613
2005-09-01 00:00:00-04:00,4.273488954556476
2005-09-02 00:00:00-04:00,4.432111785521342
2005-09-06 00:00:00-04:00,4.376127447385314
2005-09-07 00:00:00-04:00,4.432112129811499
2005-09-08 00:00:00-04:00,4.758688740325487
2005-09-09 00:00:00-04:00,4.693373436238062
2005-09-12 00:00:00-04:00,4.712035008252249
2005-09-13 00:00:00-04:00,4.516088955354812
2005-09-14 00:00:00-04:00,4.5347504834487316
2005-09-15 00:00:00-04:00,4.488096487927137
2005-09-16 00:00:00-04:00,4.5720736465191685
2005-09-19 00:00:00-04:00,4.7027039810091305
2005-09-20 00:00:00-04:00,4.6187268406257695
2005-09-21 00:00:00-04:00,4.2641585058717855
2005-09-22 00:00:00-04:00,4.105535248269827
2005-09-23 00:00:00-04:00,4.24549674987793
2005-09-26 00:00:00-04:00,4.198842763425271
2005-09-27 00:00:00-04:00,4.264158256450531
2005-09-28 00:00:00-04:00,4.152188777923584
2005-09-29 00:00:00-04:00,4.152188789942828
2005-09-30 00:00:00-04:00,4.114865766723065
2005-10-03 00:00:00-04:00,4.152189043956747
2005-10-04 00:00:00-04:00,4.1055354542328955
2005-10-05 00:00:00-04:00,4.142858482346128
2005-10-06 00:00:00-04:00,4.124196755169361
2005-10-07 00:00:00-04:00,4.142858520864634
2005-10-10 00:00:00-04:00,4.105535305794998
2005-10-11 00:00:00-04:00,3.8349432680809556
2005-10-12 00:00:00-04:00,3.778958797454834
2005-10-13 00:00:00-04:00,3.7509663361509933
2005-10-14 00:00:00-04:00,3.713643316100035
2005-10-17 00:00:00-04:00,3.760297284049649
2005-10-18 00:00:00-04:00,3.8442738490398938
2005-10-19 00:00:00-04:00,3.685651045826731
2005-10-20 00:00:00-04:00,3.704312570271046
2005-10-21 00:00:00-04:00,3.6483280333059867
2005-10-24 00:00:00-04:00,3.7136433088266876
2005-10-25 00:00:00-04:00,3.7136433031177556
2005-10-26 00:00:00-04:00,3.872266259385343
2005-10-27 00:00:00-04:00,3.8722662801122456
2005-10-28 00:00:00-04:00,3.7509663361509933
2005-10-31 00:00:00-05:00,3.657658784368291
2005-11-01 00:00:00-05:00,3.825612340616686
2005-11-02 00:00:00-05:00,3.825612304920091
2005-11-03 00:00:00-05:00,3.8722662855535908
2005-11-04 00:00:00-05:00,3.8722662786021615
2005-11-07 00:00:00-05:00,3.9655737889641256
2005-11-08 00:00:00-05:00,3.9189198086373325
2005-11-09 00:00:00-05:00,3.918919837014157
2005-11-10 00:00:00-05:00,3.778958797454834
2005-11-11 00:00:00-05:00,3.7789587902639603
2005-11-14 00:00:00-05:00,3.7882893302587775
2005-11-15 00:00:00-05:00,3.7323048165401667
2005-11-16 00:00:00-05:00,3.6856510639190674
2005-11-17 00:00:00-05:00,3.685651056627446
2005-11-18 00:00:00-05:00,3.6669895685879434
2005-11-21 00:00:00-05:00,3.657658777408235
2005-11-22 00:00:00-05:00,3.825612340616686
2005-11-23 00:00:00-05:00,3.7789587500340205
2005-11-25 00:00:00-05:00,3.8349432945251465
2005-11-28 00:00:00-05:00,3.7789587779339637
2005-11-29 00:00:00-05:00,3.7229740706233505
2005-11-30 00:00:00-05:00,3.778958792300352
2005-12-01 00:00:00-05:00,3.80695069585308
2005-12-02 00:00:00-05:00,4.208173738685958
2005-12-05 00:00:00-05:00,4.292150512504218
2005-12-06 00:00:00-05:00,4.292150504937472
2005-12-07 00:00:00-05:00,4.208174001374889
2005-12-08 00:00:00-05:00,4.133527353889075
2005-12-09 00:00:00-05:00,3.965574022090201
2005-12-12 00:00:00-05:00,4.021558519435379
2005-12-13 00:00:00-05:00,4.1335272789001465
2005-12-14 00:00:00-05:00,4.1055353173990214
2005-12-15 00:00:00-05:00,4.021558543128659
2005-12-16 00:00:00-05:00,4.021558543128659
2005-12-19 00:00:00-05:00,4.012227827314446
2005-12-20 00:00:00-05:00,3.8256123261285815
2005-12-21 00:00:00-05:00,3.7696277866930146
2005-12-22 00:00:00-05:00,3.9655738246865115
2005-12-23 00:00:00-05:00,3.741635758619461
2005-12-27 00:00:00-05:00,3.732304811477661
2005-12-28 00:00:00-05:00,3.7789587569074286
2005-12-29 00:00:00-05:00,3.8256123065948486
2005-12-30 00:00:00-05:00,3.778958814394115
2006-01-03 00:00:00-05:00,3.7323048260977307
2006-01-04 00:00:00-05:00,3.732304762532208
2006-01-05 00:00:00-05:00,3.8722663234221892
2006-01-06 00:00:00-05:00,3.7976202682692533
2006-01-09 00:00:00-05:00,3.7789587831434126
2006-01-10 00:00:00-05:00,3.7789587779339637
2006-01-11 00:00:00-05:00,3.797620227937622
2006-01-12 00:00:00-05:00,4.040219790573413
2006-01-13 00:00:00-05:00,4.09620430113054
2006-01-17 00:00:00-05:00,4.0588812828063965
2006-01-18 00:00:00-05:00,4.068212517071021
2006-01-19 00:00:00-05:00,4.012227943069539
2006-01-20 00:00:00-05:00,4.1988427778090145
2006-01-23 00:00:00-05:00,4.058881450919942
2006-01-24 00:00:00-05:00,4.292150435746725
2006-01-25 00:00:00-05:00,4.5720737106689935
2006-01-26 00:00:00-05:00,4.5720736543120175
2006-01-27 00:00:00-05:00,4.66538088581226
2006-01-30 00:00:00-05:00,5.113257710460719
2006-01-31 00:00:00-05:00,4.851995943274593
2006-02-01 00:00:00-05:00,4.963965410754719
2006-02-02 00:00:00-05:00,4.8146732449559355
2006-02-03 00:00:00-05:00,4.618726933261461
2006-02-06 00:00:00-05:00,4.758688401702131
2006-02-07 00:00:00-05:00,5.038611447430003
2006-02-08 00:00:00-05:00,4.758688477742154
2006-02-09 00:00:00-05:00,4.777350239074164
2006-02-10 00:00:00-05:00,4.665380940856487
2006-02-13 00:00:00-05:00,4.618727199247856
2006-02-14 00:00:00-05:00,4.618726946685724
2006-02-15 00:00:00-05:00,4.768019684082772
2006-02-16 00:00:00-05:00,4.665381197164573
2006-02-17 00:00:00-05:00,4.6280579020196475
2006-02-21 00:00:00-05:00,4.712035140225498
2006-02-22 00:00:00-05:00,4.805342599339356
2006-02-23 00:00:00-05:00,4.963965429451112
2006-02-24 00:00:00-05:00,4.92664262157114
2006-02-27 00:00:00-05:00,4.926642424681635
2006-02-28 00:00:00-05:00,4.991957742315118
2006-03-01 00:00:00-05:00,4.758688421037036
2006-03-02 00:00:00-05:00,4.87998842435664
2006-03-03 00:00:00-05:00,5.038611354579276
2006-03-06 00:00:00-05:00,5.271880829330846
2006-03-07 00:00:00-05:00,5.31853396218321
2006-03-08 00:00:00-05:00,5.0852651620660225
2006-03-09 00:00:00-05:00,4.991957613385833
2006-03-10 00:00:00-05:00,5.13191907302193
2006-03-13 00:00:00-05:00,5.458495898806546
2006-03-14 00:00:00-05:00,5.318534382291615
2006-03-15 00:00:00-05:00,5.467826858563453
2006-03-16 00:00:00-05:00,5.430503861064598
2006-03-17 00:00:00-05:00,5.393180846952761
2006-03-20 00:00:00-05:00,5.3371956687511934
2006-03-21 00:00:00-05:00,5.2718804971468325
2006-03-22 00:00:00-05:00,4.9266423466460765
2006-03-23 00:00:00-05:00,5.178573074512866
2006-03-24 00:00:00-05:00,5.327865342584253
2006-03-27 00:00:00-05:00,5.411842353900331
2006-03-28 00:00:00-05:00,5.3558573270815515
2006-03-29 00:00:00-05:00,5.598457093191049
2006-03-30 00:00:00-05:00,6.624840902039546
2006-03-31 00:00:00-05:00,6.979410084107224
2006-04-03 00:00:00-04:00,6.690156509457274
2006-04-04 00:00:00-04:00,6.5128719684079055
2006-04-05 00:00:00-04:00,6.5781874708290085
2006-04-06 00:00:00-04:00,6.531533497293553
2006-04-07 00:00:00-04:00,6.447556314077465
2006-04-10 00:00:00-04:00,6.335587241533839
2006-04-11 00:00:00-04:00,6.503541061040739
2006-04-12 00:00:00-04:00,6.335587555769578
2006-04-13 00:00:00-04:00,6.1583030266818
2006-04-17 00:00:00-04:00,6.176964415022945
2006-04-18 00:00:00-04:00,6.531533566307809
2006-04-19 00:00:00-04:00,7.184686455561416
2006-04-20 00:00:00-04:00,7.305986713520896
2006-04-21 00:00:00-04:00,7.175356286665007
2006-04-24 00:00:00-04:00,6.998071430583438
2006-04-25 00:00:00-04:00,7.082048696319394
2006-04-26 00:00:00-04:00,7.035394431617778
2006-04-27 00:00:00-04:00,6.942087063386773
2006-04-28 00:00:00-04:00,6.550194990959355
2006-05-01 00:00:00-04:00,6.998071439581645
2006-05-02 00:00:00-04:00,7.884493928968662
2006-05-03 00:00:00-04:00,7.744532657407885
2006-05-04 00:00:00-04:00,7.595240592956543
2006-05-05 00:00:00-04:00,7.75386360760745
2006-05-08 00:00:00-04:00,7.725870875109346
2006-05-09 00:00:00-04:00,7.809847434977592
2006-05-10 00:00:00-04:00,8.518985944614546
2006-05-11 00:00:00-04:00,8.546978223286585
2006-05-12 00:00:00-04:00,8.416347956221824
2006-05-15 00:00:00-04:00,7.4646098399880945
2006-05-16 00:00:00-04:00,6.783463862257505
2006-05-17 00:00:00-04:00,7.184686826856297
2006-05-18 00:00:00-04:00,5.8410574259178
2006-05-19 00:00:00-04:00,6.148972348486505
2006-05-22 00:00:00-04:00,5.69176485429419
2006-05-23 00:00:00-04:00,6.04633397833254
2006-05-24 00:00:00-04:00,6.615510635732748
2006-05-25 00:00:00-04:00,6.223618193336016
2006-05-26 00:00:00-04:00,6.568856446398549
2006-05-30 00:00:00-04:00,6.876771568442161
2006-05-31 00:00:00-04:00,6.540864196574196
2006-06-01 00:00:00-04:00,6.540864176876657
2006-06-02 00:00:00-04:00,6.699487090157303
2006-06-05 00:00:00-04:00,7.184686721516988
2006-06-06 00:00:00-04:00,7.1660253101966696
2006-06-07 00:00:00-04:00,6.503541164311888
2006-06-08 00:00:00-04:00,6.624840825872999
2006-06-09 00:00:00-04:00,6.242279983505796
2006-06-12 00:00:00-04:00,6.111649175390508
2006-06-13 00:00:00-04:00,5.551803417116315
2006-06-14 00:00:00-04:00,5.327865304368142
2006-06-15 00:00:00-04:00,5.598457377878985
2006-06-16 00:00:00-04:00,6.410233437372421
2006-06-19 00:00:00-04:00,6.037002843250096
2006-06-20 00:00:00-04:00,5.673103093190382
2006-06-21 00:00:00-04:00,5.785072049012122
2006-06-22 00:00:00-04:00,6.046334016663964
2006-06-23 00:00:00-04:00,6.1583027493063405
2006-06-26 00:00:00-04:00,6.279602730667724
2006-06-27 00:00:00-04:00,6.484879531327624
2006-06-28 00:00:00-04:00,6.298264415012881
2006-06-29 00:00:00-04:00,6.53153337143273
2006-06-30 00:00:00-04:00,6.811456517551173
2006-07-03 00:00:00-04:00,7.277994361528654
2006-07-05 00:00:00-04:00,7.324647972472436
2006-07-06 00:00:00-04:00,7.016733102631616
2006-07-07 00:00:00-04:00,7.072717443595161
2006-07-10 00:00:00-04:00,6.858109872770965
2006-07-11 00:00:00-04:00,7.119371386787429
2006-07-12 00:00:00-04:00,7.296656034853349
2006-07-13 00:00:00-04:00,7.679216555676799
2006-07-14 00:00:00-04:00,7.156694763405929
2006-07-17 00:00:00-04:00,6.38224145284924
2006-07-18 00:00:00-04:00,6.522202252578003
2006-07-19 00:00:00-04:00,6.5688565987924505
2006-07-20 00:00:00-04:00,7.679216491705378
2006-07-21 00:00:00-04:00,7.464609489383455
2006-07-24 00:00:00-04:00,7.259332665550432
2006-07-25 00:00:00-04:00,8.267054568577098
2006-07-26 00:00:00-04:00,8.630954466000095
2006-07-27 00:00:00-04:00,9.004184920839252
2006-07-28 00:00:00-04:00,8.70560097949798
2006-07-31 00:00:00-04:00,8.770916001090534
2006-08-01 00:00:00-04:00,9.85328524314228
2006-08-02 00:00:00-04:00,10.916991846928171
2006-08-03 00:00:00-04:00,10.683722119593229
2006-08-04 00:00:00-04:00,11.290222100722339
2006-08-07 00:00:00-04:00,11.383529693320783
2006-08-08 00:00:00-04:00,11.448845508242332
2006-08-09 00:00:00-04:00,10.002577373762412
2006-08-10 00:00:00-04:00,8.910877489107094
2006-08-11 00:00:00-04:00,9.73198520787988
2006-08-14 00:00:00-04:00,9.321430737079588
2006-08-15 00:00:00-04:00,9.106824077847248
2006-08-16 00:00:00-04:00,10.478445175817543
2006-08-17 00:00:00-04:00,11.3462061371274
2006-08-18 00:00:00-04:00,10.721045425504613
2006-08-21 00:00:00-04:00,11.103606219525664
2006-08-22 00:00:00-04:00,11.42085291917361
2006-08-23 00:00:00-04:00,11.635460248827194
2006-08-24 00:00:00-04:00,11.150260206636435
2006-08-25 00:00:00-04:00,11.056953625739116
2006-08-28 00:00:00-04:00,10.93565325567041
2006-08-29 00:00:00-04:00,10.823684773224109
2006-08-30 00:00:00-04:00,10.627738571018298
2006-08-31 00:00:00-04:00,11.075614521301137
2006-09-01 00:00:00-04:00,10.982307495098093
2006-09-05 00:00:00-04:00,11.644790265882225
2006-09-06 00:00:00-04:00,13.296335673583746
2006-09-07 00:00:00-04:00,11.924713714694837
2006-09-08 00:00:00-04:00,12.213967164017397
2006-09-11 00:00:00-04:00,11.850067611517632
2006-09-12 00:00:00-04:00,11.206245422002752
2006-09-13 00:00:00-04:00,11.710106261551879
2006-09-14 00:00:00-04:00,12.38192191790982
2006-09-15 00:00:00-04:00,12.792474625287175
2006-09-18 00:00:00-04:00,12.50322042020889
2006-09-19 00:00:00-04:00,13.063066964542388
2006-09-20 00:00:00-04:00,13.044405268250793
2006-09-21 00:00:00-04:00,13.968150853409941
2006-09-22 00:00:00-04:00,14.136104249991822
2006-09-25 00:00:00-04:00,13.772204494160917
2006-09-26 00:00:00-04:00,12.409913910473085
2006-09-27 00:00:00-04:00,12.876452067403745
2006-09-28 00:00:00-04:00,12.745820861124983
2006-09-29 00:00:00-04:00,12.708497376622223
2006-10-02 00:00:00-04:00,13.305666642219837
2006-10-03 00:00:00-04:00,13.548267048889937
2006-10-04 00:00:00-04:00,13.902835460281658
2006-10-05 00:00:00-04:00,12.839128909011462
2006-10-06 00:00:00-04:00,13.520274420142067
2006-10-09 00:00:00-04:00,13.538936118263846
2006-10-10 00:00:00-04:00,14.742604270370553
2006-10-11 00:00:00-04:00,14.835910864390469
2006-10-12 00:00:00-04:00,14.882565172504568
2006-10-13 00:00:00-04:00,15.339774046018936
2006-10-16 00:00:00-04:00,16.31017204046826
2006-10-17 00:00:00-04:00,15.87162649901254
2006-10-18 00:00:00-04:00,15.535718735128388
2006-10-19 00:00:00-04:00,15.89028836992568
2006-10-20 00:00:00-04:00,15.629026572496787
2006-10-23 00:00:00-04:00,15.489065573930848
2006-10-24 00:00:00-04:00,14.929218765543162
2006-10-25 00:00:00-04:00,16.599426524668242
2006-10-26 00:00:00-04:00,16.51544956683226
2006-10-27 00:00:00-04:00,17.54183278297347
2006-10-30 00:00:00-05:00,16.98198849380547
2006-10-31 00:00:00-05:00,16.160879725732578
2006-11-01 00:00:00-05:00,16.14221800070606
2006-11-02 00:00:00-05:00,16.655409865005776
2006-11-03 00:00:00-05:00,17.14061040088823
2006-11-06 00:00:00-05:00,16.5061178887644
2006-11-07 00:00:00-05:00,17.59781759749029
2006-11-08 00:00:00-05:00,16.935332097105054
2006-11-09 00:00:00-05:00,17.289902725252194
2006-11-10 00:00:00-05:00,16.944663411281294
2006-11-13 00:00:00-05:00,17.58848737339409
2006-11-14 00:00:00-05:00,18.232309261912874
2006-11-15 00:00:00-05:00,19.202707420552116
2006-11-16 00:00:00-05:00,19.48263005172628
2006-11-17 00:00:00-05:00,17.999040129066515
2006-11-20 00:00:00-05:00,18.045694136880957
2006-11-21 00:00:00-05:00,19.473300257087054
2006-11-22 00:00:00-05:00,19.575937915020987
2006-11-24 00:00:00-05:00,19.17471431468846
2006-11-27 00:00:00-05:00,20.04247623055842
2006-11-28 00:00:00-05:00,19.072077223229492
2006-11-29 00:00:00-05:00,19.53861539953746
2006-11-30 00:00:00-05:00,19.92117763515247
2006-12-01 00:00:00-05:00,19.324008031721327
2006-12-04 00:00:00-05:00,19.165386577256047
2006-12-05 00:00:00-05:00,18.194985610609702
2006-12-06 00:00:00-05:00,18.605539467094268
2006-12-07 00:00:00-05:00,18.820146642267183
2006-12-08 00:00:00-05:00,18.362940226942854
2006-12-11 00:00:00-05:00,18.586877145967406
2006-12-12 00:00:00-05:00,18.848139709052816
2006-12-13 00:00:00-05:00,18.017701959966235
2006-12-14 00:00:00-05:00,15.778318732888629
2006-12-15 00:00:00-05:00,14.16409737549179
2006-12-18 00:00:00-05:00,14.89189608496907
2006-12-19 00:00:00-05:00,13.902834661603245
2006-12-20 00:00:00-05:00,14.929219706666146
2006-12-21 00:00:00-05:00,14.014805426761246
2006-12-22 00:00:00-05:00,14.322720568659618
2006-12-26 00:00:00-05:00,13.576259048324705
2006-12-27 00:00:00-05:00,12.792474962646832
2006-12-28 00:00:00-05:00,13.46429036094375
2006-12-29 00:00:00-05:00,13.212359126452316
2007-01-03 00:00:00-05:00,13.007082354507986
2007-01-04 00:00:00-05:00,12.400582814877506
2007-01-05 00:00:00-05:00,12.185976012707568
2007-01-08 00:00:00-05:00,12.24195968794845
2007-01-09 00:00:00-05:00,11.66345213524562
2007-01-10 00:00:00-05:00,11.850067417981721
2007-01-11 00:00:00-05:00,12.139321343966781
2007-01-12 00:00:00-05:00,12.652513602426232
2007-01-16 00:00:00-05:00,12.988420513665378
2007-01-17 00:00:00-05:00,12.895113192809605
2007-01-18 00:00:00-05:00,12.409913940380648
2007-01-19 00:00:00-05:00,12.325936864345657
2007-01-22 00:00:00-05:00,13.016413314838005
2007-01-23 00:00:00-05:00,12.829797989997704
2007-01-24 00:00:00-05:00,13.576259218802686
2007-01-25 00:00:00-05:00,14.36004327507223
2007-01-26 00:00:00-05:00,13.650904783383448
2007-01-29 00:00:00-05:00,13.949488693862785
2007-01-30 00:00:00-05:00,13.809527935369582
2007-01-31 00:00:00-05:00,13.66023611353588
2007-02-01 00:00:00-05:00,13.6229126882245
2007-02-02 00:00:00-05:00,13.352320839426243
2007-02-05 00:00:00-05:00,13.482951256115067
2007-02-06 00:00:00-05:00,13.203028367054086
2007-02-07 00:00:00-05:00,12.736490281324956
2007-02-08 00:00:00-05:00,12.428575156452933
2007-02-09 00:00:00-05:00,12.083337001315874
2007-02-12 00:00:00-05:00,11.663452319222923
2007-02-13 00:00:00-05:00,11.812744822368861
2007-02-14 00:00:00-05:00,11.980699023017426
2007-02-15 00:00:00-05:00,12.148652616281765
2007-02-16 00:00:00-05:00,11.850068060488114
2007-02-20 00:00:00-05:00,11.943375813731297
2007-02-21 00:00:00-05:00,11.794083730762749
2007-02-22 00:00:00-05:00,12.046013893166673
2007-02-23 00:00:00-05:00,11.943376040353321
2007-02-26 00:00:00-05:00,11.980698904614448
2007-02-27 00:00:00-05:00,11.663452348207782
2007-02-28 00:00:00-05:00,10.739707506251982
2007-03-01 00:00:00-05:00,10.478445584916413
2007-03-02 00:00:00-05:00,10.291830251860898
2007-03-05 00:00:00-05:00,10.263838082067053
2007-03-06 00:00:00-05:00,10.030569322753795
2007-03-07 00:00:00-05:00,10.683722112587908
2007-03-08 00:00:00-05:00,10.534430263429115
2007-03-09 00:00:00-05:00,10.571753058503688
2007-03-12 00:00:00-04:00,11.103606050738234
2007-03-13 00:00:00-04:00,10.777030783110474
2007-03-14 00:00:00-04:00,10.357146413316386
2007-03-15 00:00:00-04:00,10.31982317859433
2007-03-16 00:00:00-04:00,10.469114780556357
2007-03-19 00:00:00-04:00,10.039899748309836
2007-03-20 00:00:00-04:00,10.263838450113933
2007-03-21 00:00:00-04:00,10.525099123385381
2007-03-22 00:00:00-04:00,10.935653445547068
2007-03-23 00:00:00-04:00,10.833014049937391
2007-03-26 00:00:00-04:00,10.916991489577482
2007-03-27 00:00:00-04:00,10.739707386423197
2007-03-28 00:00:00-04:00,10.795691278295987
2007-03-29 00:00:00-04:00,10.916991554845934
2007-03-30 00:00:00-04:00,11.430183382368023
2007-04-02 00:00:00-04:00,11.43951437198075
2007-04-03 00:00:00-04:00,11.467506649865628
2007-04-04 00:00:00-04:00,11.336875884109245
2007-04-05 00:00:00-04:00,11.299552933397758
2007-04-09 00:00:00-04:00,11.196914127056553
2007-04-10 00:00:00-04:00,11.486168345571118
2007-04-11 00:00:00-04:00,11.467506909533128
2007-04-12 00:00:00-04:00,11.486168896685669
2007-04-13 00:00:00-04:00,11.859398959509768
2007-04-16 00:00:00-04:00,12.353928421690503
2007-04-17 00:00:00-04:00,12.129991062075328
2007-04-18 00:00:00-04:00,12.03668273318876
2007-04-19 00:00:00-04:00,11.672783335918325
2007-04-20 00:00:00-04:00,11.822075813273841
2007-04-23 00:00:00-04:00,11.887390390187813
2007-04-24 00:00:00-04:00,11.616798840266307
2007-04-25 00:00:00-04:00,11.896721388053875
2007-04-26 00:00:00-04:00,11.990029546666966
2007-04-27 00:00:00-04:00,11.924713187198643
2007-04-30 00:00:00-04:00,12.2139671774855
2007-05-01 00:00:00-04:00,11.915383806828611
2007-05-02 00:00:00-04:00,11.812744459375613
2007-05-03 00:00:00-04:00,12.493890360602027
2007-05-04 00:00:00-04:00,12.876451732702051
2007-05-07 00:00:00-04:00,13.147043722558434
2007-05-08 00:00:00-04:00,12.969758733244113
2007-05-09 00:00:00-04:00,13.15637493133545
2007-05-10 00:00:00-04:00,13.156374941658017
2007-05-11 00:00:00-04:00,12.969758677849407
2007-05-14 00:00:00-04:00,13.249682105774957
2007-05-15 00:00:00-04:00,12.689836728166073
2007-05-16 00:00:00-04:00,12.587197663643142
2007-05-17 00:00:00-04:00,12.951097940764734
2007-05-18 00:00:00-04:00,12.699166519375412
2007-05-21 00:00:00-04:00,12.503220583108769
2007-05-22 00:00:00-04:00,13.072397568094004
2007-05-23 00:00:00-04:00,12.783143477855361
2007-05-24 00:00:00-04:00,12.596528359179228
2007-05-25 00:00:00-04:00,12.139321961265132
2007-05-29 00:00:00-04:00,12.40991357169366
2007-05-30 00:00:00-04:00,11.980698149981484
2007-05-31 00:00:00-04:00,12.587197834549276
2007-06-01 00:00:00-04:00,12.50322119171213
2007-06-04 00:00:00-04:00,12.839128494262695
2007-06-05 00:00:00-04:00,12.783144223581765
2007-06-06 00:00:00-04:00,12.549874545517659
2007-06-07 00:00:00-04:00,12.26995210949154
2007-06-08 00:00:00-04:00,11.92471350940564
2007-06-11 00:00:00-04:00,12.0646755285701
2007-06-12 00:00:00-04:00,12.120659645388265
2007-06-13 00:00:00-04:00,11.859398515789298
2007-06-14 00:00:00-04:00,12.0553445388641
2007-06-15 00:00:00-04:00,12.176644703965898
2007-06-18 00:00:00-04:00,12.344597647266085
2007-06-19 00:00:00-04:00,12.139322007438608
2007-06-20 00:00:00-04:00,12.26062133750993
2007-06-21 00:00:00-04:00,12.148652316230692
2007-06-22 00:00:00-04:00,11.915383311398633
2007-06-25 00:00:00-04:00,11.896721628395861
2007-06-26 00:00:00-04:00,11.980698202888826
2007-06-27 00:00:00-04:00,11.52349130183713
2007-06-28 00:00:00-04:00,11.682114099003375
2007-06-29 00:00:00-04:00,11.616798612330602
2007-07-02 00:00:00-04:00,11.150260808716931
2007-07-03 00:00:00-04:00,12.046013563328021
2007-07-05 00:00:00-04:00,12.288613240257096
2007-07-06 00:00:00-04:00,12.241959687600389
2007-07-09 00:00:00-04:00,12.689836238666702
2007-07-10 00:00:00-04:00,12.605859845645712
2007-07-11 00:00:00-04:00,12.587198225755124
2007-07-12 00:00:00-04:00,12.867120999113379
2007-07-13 00:00:00-04:00,12.736489624897143
2007-07-16 00:00:00-04:00,13.426966667175293
2007-07-17 00:00:00-04:00,13.520274224561627
2007-07-18 00:00:00-04:00,14.080120166681974
2007-07-19 00:00:00-04:00,13.15637435000002
2007-07-20 00:00:00-04:00,12.419244766235352
2007-07-23 00:00:00-04:00,12.363260088743145
2007-07-24 00:00:00-04:00,11.97136717360525
2007-07-25 00:00:00-04:00,11.75676073244471
2007-07-26 00:00:00-04:00,11.990029319645103
2007-07-27 00:00:00-04:00,11.374198687356941
2007-07-30 00:00:00-04:00,11.383529480275248
2007-07-31 00:00:00-04:00,11.486168521816085
2007-08-01 00:00:00-04:00,10.916991703756116
2007-08-02 00:00:00-04:00,10.916991703756116
2007-08-03 00:00:00-04:00,11.103606159882837
2007-08-06 00:00:00-04:00,10.655730685168505
2007-08-07 00:00:00-04:00,10.749038208858632
2007-08-08 00:00:00-04:00,10.590415408336197
2007-08-09 00:00:00-04:00,10.450453026639197
2007-08-10 00:00:00-04:00,10.497107567753872
2007-08-13 00:00:00-04:00,10.357146129393426
2007-08-14 00:00:00-04:00,10.077223415187406
2007-08-15 00:00:00-04:00,9.36808539213707
2007-08-16 00:00:00-04:00,9.050838995109663
2007-08-17 00:00:00-04:00,8.714932000471057
2007-08-20 00:00:00-04:00,8.52831699616824
2007-08-21 00:00:00-04:00,8.295047468535316
2007-08-22 00:00:00-04:00,8.696269950775484
2007-08-23 00:00:00-04:00,9.041508054817523
2007-08-24 00:00:00-04:00,8.957531610469422
2007-08-27 00:00:00-04:00,9.284107853697439
2007-08-28 00:00:00-04:00,9.564031091166612
2007-08-29 00:00:00-04:00,9.797300242456664
2007-08-30 00:00:00-04:00,9.32143096220279
2007-08-31 00:00:00-04:00,9.405408121830407
2007-09-04 00:00:00-04:00,9.648007644117857
2007-09-05 00:00:00-04:00,9.424070083077712
2007-09-06 00:00:00-04:00,9.293439318221942
2007-09-07 00:00:00-04:00,9.508046270871205
2007-09-10 00:00:00-04:00,9.153478332133863
2007-09-11 00:00:00-04:00,9.26544688889301
2007-09-12 00:00:00-04:00,9.25611595623917
2007-09-13 00:00:00-04:00,9.22812367816274
2007-09-14 00:00:00-04:00,9.116154955144061
2007-09-17 00:00:00-04:00,9.041507597318043
2007-09-18 00:00:00-04:00,8.761586239024105
2007-09-19 00:00:00-04:00,9.162808023957625
2007-09-20 00:00:00-04:00,9.871946502421025
2007-09-21 00:00:00-04:00,8.826901178315536
2007-09-24 00:00:00-04:00,8.864223952522915
2007-09-25 00:00:00-04:00,8.864223895755583
2007-09-26 00:00:00-04:00,9.069500633568378
2007-09-27 00:00:00-04:00,9.106823566638045
2007-09-28 00:00:00-04:00,9.47072283249633
2007-10-01 00:00:00-04:00,9.71332283855512
2007-10-02 00:00:00-04:00,9.66666911001727
2007-10-03 00:00:00-04:00,9.75064644294616
2007-10-04 00:00:00-04:00,9.517377125834269
2007-10-05 00:00:00-04:00,9.526708063973995
2007-10-08 00:00:00-04:00,9.722654505079037
2007-10-09 00:00:00-04:00,9.95592329166964
2007-10-10 00:00:00-04:00,10.021238633857411
2007-10-11 00:00:00-04:00,9.843953847034026
2007-10-12 00:00:00-04:00,9.713322848730055
2007-10-15 00:00:00-04:00,9.983914864185616
2007-10-16 00:00:00-04:00,9.983915436680247
2007-10-17 00:00:00-04:00,10.263838588170882
2007-10-18 00:00:00-04:00,10.011907043031332
2007-10-19 00:00:00-04:00,10.077223306480098
2007-10-22 00:00:00-04:00,9.797300055969153
2007-10-23 00:00:00-04:00,10.263837893804999
2007-10-24 00:00:00-04:00,10.039899839344887
2007-10-25 00:00:00-04:00,10.189192330336013
2007-10-26 00:00:00-04:00,10.161200190915062
2007-10-29 00:00:00-04:00,9.424070039119222
2007-10-30 00:00:00-04:00,9.564030859528685
2007-10-31 00:00:00-04:00,9.70399212241692
2007-11-01 00:00:00-04:00,9.787969210398966
2007-11-02 00:00:00-04:00,9.573361661303917
2007-11-05 00:00:00-05:00,9.340093338823488
2007-11-06 00:00:00-05:00,9.526708314800837
2007-11-07 00:00:00-05:00,9.330762076946769
2007-11-08 00:00:00-05:00,9.508045951949176
2007-11-09 00:00:00-05:00,9.377416124321543
2007-11-12 00:00:00-05:00,9.37741621648335
2007-11-13 00:00:00-05:00,8.864224368570843
2007-11-14 00:00:00-05:00,9.200131205216346
2007-11-15 00:00:00-05:00,9.097493281732202
2007-11-16 00:00:00-05:00,8.836231886987411
2007-11-19 00:00:00-05:00,9.517377530920248
2007-11-20 00:00:00-05:00,8.976192918842061
2007-11-21 00:00:00-05:00,8.29504778231474
2007-11-23 00:00:00-05:00,8.808239211227967
2007-11-26 00:00:00-05:00,9.190800980398295
2007-11-27 00:00:00-05:00,8.91087747869683
2007-11-28 00:00:00-05:00,8.948201373386071
2007-11-29 00:00:00-05:00,9.069500470832512
2007-11-30 00:00:00-05:00,9.312099816900645
2007-12-03 00:00:00-05:00,8.99485512269558
2007-12-04 00:00:00-05:00,9.13481550408111
2007-12-05 00:00:00-05:00,8.957531871651227
2007-12-06 00:00:00-05:00,9.144147340174797
2007-12-07 00:00:00-05:00,9.237454158375956
2007-12-10 00:00:00-05:00,9.433400144502855
2007-12-11 00:00:00-05:00,9.703991889953613
2007-12-12 00:00:00-05:00,9.843954282348294
2007-12-13 00:00:00-05:00,9.853285381913832
2007-12-14 00:00:00-05:00,9.424069566560254
2007-12-17 00:00:00-05:00,9.703991889953613
2007-12-18 00:00:00-05:00,9.778638118915737
2007-12-19 00:00:00-05:00,10.245176420190038
2007-12-20 00:00:00-05:00,10.002577507263286
2007-12-21 00:00:00-05:00,10.011906926807656
2007-12-24 00:00:00-05:00,9.937260904024154
2007-12-26 00:00:00-05:00,9.937261267031431
2007-12-27 00:00:00-05:00,10.254507178350186
2007-12-28 00:00:00-05:00,9.862614694850436
2007-12-31 00:00:00-05:00,9.676000157482427
2008-01-02 00:00:00-05:00,9.358753811064481
2008-01-03 00:00:00-05:00,9.797300501623754
2008-01-04 00:00:00-05:00,9.899938449720713
2008-01-07 00:00:00-05:00,9.358754400826843
2008-01-08 00:00:00-05:00,9.573361714565257
2008-01-09 00:00:00-05:00,9.237454249162209
2008-01-10 00:00:00-05:00,8.929538697482686
2008-01-11 00:00:00-05:00,9.31210055806079
2008-01-14 00:00:00-05:00,8.976192904878705
2008-01-15 00:00:00-05:00,9.004185208652048
2008-01-16 00:00:00-05:00,8.808238519341485
2008-01-17 00:00:00-05:00,8.957532250990065
2008-01-18 00:00:00-05:00,8.640285914752237
2008-01-22 00:00:00-05:00,8.229731926603947
2008-01-23 00:00:00-05:00,8.313708656373858
2008-01-24 00:00:00-05:00,9.265447440532112
2008-01-25 00:00:00-05:00,9.153478380878195
2008-01-28 00:00:00-05:00,9.116155302101795
2008-01-29 00:00:00-05:00,9.312100229476862
2008-01-30 00:00:00-05:00,9.144146849265326
2008-01-31 00:00:00-05:00,9.321431101305627
2008-02-01 00:00:00-05:00,9.564031048380937
2008-02-04 00:00:00-05:00,9.56403128306071
2008-02-05 00:00:00-05:00,9.769308143721496
2008-02-06 00:00:00-05:00,9.424069591761363
2008-02-07 00:00:00-05:00,9.536039336791235
2008-02-08 00:00:00-05:00,9.592023320584607
2008-02-11 00:00:00-05:00,9.797299860205746
2008-02-12 00:00:00-05:00,9.955922881511425
2008-02-13 00:00:00-05:00,9.983915539614236
2008-02-14 00:00:00-05:00,9.96525449388381
2008-02-15 00:00:00-05:00,10.077223232251383
2008-02-19 00:00:00-05:00,10.3571458401377
2008-02-20 00:00:00-05:00,11.04762246441354
2008-02-21 00:00:00-05:00,10.87033700858112
2008-02-22 00:00:00-05:00,10.870337345811482
2008-02-25 00:00:00-05:00,10.553091989302597
2008-02-26 00:00:00-05:00,10.543761087441933
2008-02-27 00:00:00-05:00,11.420852671134078
2008-02-28 00:00:00-05:00,10.739707051503357
2008-02-29 00:00:00-05:00,10.5064383544739
2008-03-03 00:00:00-05:00,9.94659194210967
2008-03-04 00:00:00-05:00,10.543761541410817
2008-03-05 00:00:00-05:00,10.375807016753091
2008-03-06 00:00:00-05:00,10.62773802619047
2008-03-07 00:00:00-05:00,10.52509906725827
2008-03-10 00:00:00-04:00,10.28250004715565
2008-03-11 00:00:00-04:00,10.357146505016457
2008-03-12 00:00:00-04:00,10.329153102398504
2008-03-13 00:00:00-04:00,10.086554434013006
2008-03-14 00:00:00-04:00,10.431791769692639
2008-03-17 00:00:00-04:00,10.217184382880186
2008-03-18 00:00:00-04:00,10.217184094632954
2008-03-19 00:00:00-04:00,10.18919230020529
2008-03-20 00:00:00-04:00,9.80663146194891
2008-03-24 00:00:00-04:00,9.806630962884622
2008-03-25 00:00:00-04:00,10.21718382811394
2008-03-26 00:00:00-04:00,10.263838315690071
2008-03-27 00:00:00-04:00,10.357145786765283
2008-03-28 00:00:00-04:00,10.207853623263606
2008-03-31 00:00:00-04:00,10.142538479111694
2008-04-01 00:00:00-04:00,10.422461626193453
2008-04-02 00:00:00-04:00,11.019630503322485
2008-04-03 00:00:00-04:00,10.721045118155939
2008-04-04 00:00:00-04:00,11.271560787945168
2008-04-07 00:00:00-04:00,12.05534469955709
2008-04-08 00:00:00-04:00,11.75676017561704
2008-04-09 00:00:00-04:00,11.626129617480128
2008-04-10 00:00:00-04:00,11.458175810596297
2008-04-11 00:00:00-04:00,11.794083821592004
2008-04-14 00:00:00-04:00,11.560814765000911
2008-04-15 00:00:00-04:00,11.756760081925949
2008-04-16 00:00:00-04:00,11.747429326849119
2008-04-17 00:00:00-04:00,12.036682587791942
2008-04-18 00:00:00-04:00,12.213967820843395
2008-04-21 00:00:00-04:00,11.999359828247211
2008-04-22 00:00:00-04:00,12.120659403780085
2008-04-23 00:00:00-04:00,12.018022036397523
2008-04-24 00:00:00-04:00,11.943375352854433
2008-04-25 00:00:00-04:00,11.672783281057354
2008-04-28 00:00:00-04:00,11.896721713492695
2008-04-29 00:00:00-04:00,11.318214218045835
2008-04-30 00:00:00-04:00,11.20624516913952
2008-05-01 00:00:00-04:00,11.215576162983425
2008-05-02 00:00:00-04:00,11.075614196655712
2008-05-05 00:00:00-04:00,11.327545138940966
2008-05-06 00:00:00-04:00,11.262229723690933
2008-05-07 00:00:00-04:00,11.756760510417736
2008-05-08 00:00:00-04:00,11.980698984735621
2008-05-09 00:00:00-04:00,11.710106121756759
2008-05-12 00:00:00-04:00,11.812744837482267
2008-05-13 00:00:00-04:00,12.008690236524922
2008-05-14 00:00:00-04:00,12.437905874514644
2008-05-15 00:00:00-04:00,12.951097915752616
2008-05-16 00:00:00-04:00,12.997751585053024
2008-05-19 00:00:00-04:00,13.59492038632605
2008-05-20 00:00:00-04:00,13.72555077998206
2008-05-21 00:00:00-04:00,13.9961427257907
2008-05-22 00:00:00-04:00,14.462681575136184
2008-05-23 00:00:00-04:00,14.416026940556351
2008-05-27 00:00:00-04:00,14.080119930750083
2008-05-28 00:00:00-04:00,14.49067332549301
2008-05-29 00:00:00-04:00,14.658627197219134
2008-05-30 00:00:00-04:00,14.080119860710004
2008-06-02 00:00:00-04:00,13.744212216352283
2008-06-03 00:00:00-04:00,14.43468936804326
2008-06-04 00:00:00-04:00,14.005474139195833
2008-06-05 00:00:00-04:00,14.574650886724378
2008-06-06 00:00:00-04:00,16.608756065919366
2008-06-09 00:00:00-04:00,15.843633563952263
2008-06-10 00:00:00-04:00,15.787649216699304
2008-06-11 00:00:00-04:00,15.330442009353996
2008-06-12 00:00:00-04:00,15.031857914807858
2008-06-13 00:00:00-04:00,15.050518411643433
2008-06-16 00:00:00-04:00,15.405088170484772
2008-06-17 00:00:00-04:00,15.685010437263786
2008-06-18 00:00:00-04:00,15.629026463521846
2008-06-19 00:00:00-04:00,16.179540782906578
2008-06-20 00:00:00-04:00,16.1422173822009
2008-06-23 00:00:00-04:00,16.160878935519207
2008-06-24 00:00:00-04:00,16.272849871836865
2008-06-25 00:00:00-04:00,16.263519060706948
2008-06-26 00:00:00-04:00,16.263518195204703
2008-06-27 00:00:00-04:00,15.740995603185164
2008-06-30 00:00:00-04:00,16.552771290691016
2008-07-01 00:00:00-04:00,15.72233393833018
2008-07-02 00:00:00-04:00,15.386426278607436
2008-07-03 00:00:00-04:00,14.164097269666955
2008-07-07 00:00:00-04:00,13.921497432544962
2008-07-08 00:00:00-04:00,14.41602751088667
2008-07-09 00:00:00-04:00,14.108112208139996
2008-07-10 00:00:00-04:00,13.88417370105932
2008-07-11 00:00:00-04:00,12.829798220390696
2008-07-14 00:00:00-04:00,13.370981718218589
2008-07-15 00:00:00-04:00,13.072398170244037
2008-07-16 00:00:00-04:00,13.203028121039127
2008-07-17 00:00:00-04:00,13.706888568773175
2008-07-18 00:00:00-04:00,14.098781252245223
2008-07-21 00:00:00-04:00,12.755152049963458
2008-07-22 00:00:00-04:00,14.360043494605897
2008-07-23 00:00:00-04:00,14.88256496285275
2008-07-24 00:00:00-04:00,14.453349752676637
2008-07-25 00:00:00-04:00,13.940157926016582
2008-07-28 00:00:00-04:00,13.81885910756883
2008-07-29 00:00:00-04:00,14.341381131320816
2008-07-30 00:00:00-04:00,14.798588354901325
2008-07-31 00:00:00-04:00,15.80631087145022
2008-08-01 00:00:00-04:00,14.705281483909252
2008-08-04 00:00:00-04:00,14.45334980896192
2008-08-05 00:00:00-04:00,13.716220128204096
2008-08-06 00:00:00-04:00,13.529604840824941
2008-08-07 00:00:00-04:00,13.585589978537723
2008-08-08 00:00:00-04:00,13.249681595246644
2008-08-11 00:00:00-04:00,12.70849783354338
2008-08-12 00:00:00-04:00,12.503220306202353
2008-08-13 00:00:00-04:00,12.176644218088235
2008-08-14 00:00:00-04:00,12.988420656346912
2008-08-15 00:00:00-04:00,13.165705103853963
2008-08-18 00:00:00-04:00,12.895112436466643
2008-08-19 00:00:00-04:00,12.316605859784959
2008-08-20 00:00:00-04:00,12.969758456050876
2008-08-21 00:00:00-04:00,12.876451579256496
2008-08-22 00:00:00-04:00,13.203028044900506
2008-08-25 00:00:00-04:00,13.20302836788671
2008-08-26 00:00:00-04:00,12.960429054171982
2008-08-27 00:00:00-04:00,12.689836507571123
2008-08-28 00:00:00-04:00,12.503221105660902
2008-08-29 00:00:00-04:00,12.456568006117685
2008-09-02 00:00:00-04:00,12.717829022696
2008-09-03 00:00:00-04:00,11.887390489537408
2008-09-04 00:00:00-04:00,11.430183230075855
2008-09-05 00:00:00-04:00,10.954314231872559
2008-09-08 00:00:00-04:00,11.18758387126199
2008-09-09 00:00:00-04:00,10.60907612208239
2008-09-10 00:00:00-04:00,10.263838526111472
2008-09-11 00:00:00-04:00,10.26383826655702
2008-09-12 00:00:00-04:00,10.385138596414464
2008-09-15 00:00:00-04:00,10.179861431886822
2008-09-16 00:00:00-04:00,9.825291723118426
2008-09-17 00:00:00-04:00,9.49871623222134
2008-09-18 00:00:00-04:00,8.68693985092569
2008-09-19 00:00:00-04:00,8.873554816321349
2008-09-22 00:00:00-04:00,9.153477838525237
2008-09-23 00:00:00-04:00,9.330762070538578
2008-09-24 00:00:00-04:00,9.07883137900012
2008-09-25 00:00:00-04:00,8.677608489990234
2008-09-26 00:00:00-04:00,8.686939691344405
2008-09-29 00:00:00-04:00,8.435009096379208
2008-09-30 00:00:00-04:00,8.015124940002258
2008-10-01 00:00:00-04:00,8.024455690989178
2008-10-02 00:00:00-04:00,8.201739978616992
2008-10-03 00:00:00-04:00,7.632563580481618
2008-10-06 00:00:00-04:00,6.839448384065892
2008-10-07 00:00:00-04:00,6.251610431872279
2008-10-08 00:00:00-04:00,5.607788116884189
2008-10-09 00:00:00-04:00,5.617118546069137
2008-10-10 00:00:00-04:00,4.516089133433759
2008-10-13 00:00:00-04:00,4.973296126118971
2008-10-14 00:00:00-04:00,6.942086820327828
2008-10-15 00:00:00-04:00,5.598456989635121
2008-10-16 00:00:00-04:00,5.365188136057758
2008-10-17 00:00:00-04:00,5.103926604969507
2008-10-20 00:00:00-04:00,5.225226809414671
2008-10-21 00:00:00-04:00,5.458495688980637
2008-10-22 00:00:00-04:00,5.09459609321048
2008-10-23 00:00:00-04:00,4.4414427821156925
2008-10-24 00:00:00-04:00,4.068212212412305
2008-10-27 00:00:00-04:00,4.1615197531864085
2008-10-28 00:00:00-04:00,4.198842915346311
2008-10-29 00:00:00-04:00,4.5534121475147575
2008-10-30 00:00:00-04:00,4.712035020982448
2008-10-31 00:00:00-04:00,5.309203691234368
2008-11-03 00:00:00-05:00,5.27188045478275
2008-11-04 00:00:00-05:00,5.262549838244791
2008-11-05 00:00:00-05:00,5.533141562906557
2008-11-06 00:00:00-05:00,4.945304272831318
2008-11-07 00:00:00-05:00,4.562742694112782
2008-11-10 00:00:00-05:00,4.758688528736337
2008-11-11 00:00:00-05:00,4.385457988014859
2008-11-12 00:00:00-05:00,4.898649890662816
2008-11-13 00:00:00-05:00,4.18018148059479
2008-11-14 00:00:00-05:00,4.180181299614609
2008-11-17 00:00:00-05:00,3.9282508728728702
2008-11-18 00:00:00-05:00,3.592343285131273
2008-11-19 00:00:00-05:00,3.8256123615589086
2008-11-20 00:00:00-05:00,3.4990356997063974
2008-11-21 00:00:00-05:00,3.312420398811661
2008-11-24 00:00:00-05:00,3.228443723073019
2008-11-25 00:00:00-05:00,3.480374289107327
2008-11-26 00:00:00-05:00,3.918919950434064
2008-11-28 00:00:00-05:00,4.385458029895389
2008-12-01 00:00:00-05:00,4.170850471245873
2008-12-02 00:00:00-05:00,3.5363587977080067
2008-12-03 00:00:00-05:00,3.937581370622904
2008-12-04 00:00:00-05:00,3.9655739097573415
2008-12-05 00:00:00-05:00,4.1055353792894165
2008-12-08 00:00:00-05:00,3.9655737540491423
2008-12-09 00:00:00-05:00,4.105535484093846
2008-12-10 00:00:00-05:00,3.778958598366917
2008-12-11 00:00:00-05:00,4.51608899196046
2008-12-12 00:00:00-05:00,4.058881573778311
2008-12-15 00:00:00-05:00,4.712035028654409
2008-12-16 00:00:00-05:00,4.656050205230713
2008-12-17 00:00:00-05:00,4.94530396079073
2008-12-18 00:00:00-05:00,4.982627032424848
2008-12-19 00:00:00-05:00,4.991957742315118
2008-12-22 00:00:00-05:00,5.066603873652076
2008-12-23 00:00:00-05:00,4.749358184794194
2008-12-24 00:00:00-05:00,5.122588332260036
2008-12-26 00:00:00-05:00,4.8146732449559355
2008-12-29 00:00:00-05:00,4.562742535434806
2008-12-30 00:00:00-05:00,4.432112137268996
2008-12-31 00:00:00-05:00,4.7120351870666815
2009-01-02 00:00:00-05:00,4.5720733779305
2009-01-05 00:00:00-05:00,4.842665421305447
2009-01-06 00:00:00-05:00,4.982626895183128
2009-01-07 00:00:00-05:00,4.907980920880054
2009-01-08 00:00:00-05:00,4.665380990449147
2009-01-09 00:00:00-05:00,4.656049979268755
2009-01-12 00:00:00-05:00,4.702703776455277
2009-01-13 00:00:00-05:00,4.329473495483398
2009-01-14 00:00:00-05:00,4.3014815847206656
2009-01-15 00:00:00-05:00,4.012227776216215
2009-01-16 00:00:00-05:00,3.9655738015927042
2009-01-20 00:00:00-05:00,3.8349433371976014
2009-01-21 00:00:00-05:00,3.5456895438165232
2009-01-22 00:00:00-05:00,3.704312583974512
2009-01-23 00:00:00-05:00,3.555020277531569
2009-01-26 00:00:00-05:00,3.5923432384810168
2009-01-27 00:00:00-05:00,3.9189198059733537
2009-01-28 00:00:00-05:00,3.9935664218553018
2009-01-29 00:00:00-05:00,4.086873743849535
2009-01-30 00:00:00-05:00,3.9655739113677875
2009-02-02 00:00:00-05:00,4.562742331729224
2009-02-03 00:00:00-05:00,4.26415857434564
2009-02-04 00:00:00-05:00,4.544081179217901
2009-02-05 00:00:00-05:00,4.572073654474841
2009-02-06 00:00:00-05:00,4.721365508943488
2009-02-09 00:00:00-05:00,4.656050159916893
2009-02-10 00:00:00-05:00,4.79601153360261
2009-02-11 00:00:00-05:00,4.562742513060372
2009-02-12 00:00:00-05:00,4.478765914923428
2009-02-13 00:00:00-05:00,4.609396700299366
2009-02-17 00:00:00-05:00,4.478766015106743
2009-02-18 00:00:00-05:00,4.226835439855173
2009-02-19 00:00:00-05:00,4.366796531035016
2009-02-20 00:00:00-05:00,4.124196939010565
2009-02-23 00:00:00-05:00,4.282819761069901
2009-02-24 00:00:00-05:00,4.282819916029366
2009-02-25 00:00:00-05:00,4.357465750449758
2009-02-26 00:00:00-05:00,4.329473495483398
2009-02-27 00:00:00-05:00,4.2454967433341455
2009-03-02 00:00:00-05:00,3.9749049181017546
2009-03-03 00:00:00-05:00,3.452381998464848
2009-03-04 00:00:00-05:00,3.7323048165401667
2009-03-05 00:00:00-05:00,3.6856510639190674
2009-03-06 00:00:00-05:00,3.657658793564008
2009-03-09 00:00:00-04:00,3.5736818313598633
2009-03-10 00:00:00-04:00,3.396397509053056
2009-03-11 00:00:00-04:00,3.6669895722991432
2009-03-12 00:00:00-04:00,3.527027986790362
2009-03-13 00:00:00-04:00,3.750966227995394
2009-03-16 00:00:00-04:00,4.021558318078063
2009-03-17 00:00:00-04:00,3.965573794608088
2009-03-18 00:00:00-04:00,3.9469122154167704
2009-03-19 00:00:00-04:00,4.656049851646655
2009-03-20 00:00:00-04:00,4.329473495483398
2009-03-23 00:00:00-04:00,4.29215022775526
2009-03-24 00:00:00-04:00,4.292150527838597
2009-03-25 00:00:00-04:00,4.133527277804085
2009-03-26 00:00:00-04:00,4.2641585058717855
2009-03-27 00:00:00-04:00,4.161519981470906
2009-03-30 00:00:00-04:00,4.040219839930407
2009-03-31 00:00:00-04:00,3.9935665050721414
2009-04-01 00:00:00-04:00,3.9189197345600975
2009-04-02 00:00:00-04:00,4.254827229307378
2009-04-03 00:00:00-04:00,4.376127662717078
2009-04-06 00:00:00-04:00,4.544080811760734
2009-04-07 00:00:00-04:00,4.264158423852743
2009-04-08 00:00:00-04:00,4.394789005603981
2009-04-09 00:00:00-04:00,4.329473656720052
2009-04-13 00:00:00-04:00,4.534750412588756
2009-04-14 00:00:00-04:00,4.796011698389675
2009-04-15 00:00:00-04:00,4.917311668395996
2009-04-16 00:00:00-04:00,4.87065743732227
2009-04-17 00:00:00-04:00,4.907981145164134
2009-04-20 00:00:00-04:00,4.870657597092781
2009-04-21 00:00:00-04:00,4.525419457728117
2009-04-22 00:00:00-04:00,4.55341217101508
2009-04-23 00:00:00-04:00,4.637388473246801
2009-04-24 00:00:00-04:00,4.6840426962353465
2009-04-27 00:00:00-04:00,4.674712173083713
2009-04-28 00:00:00-04:00,4.413450512095754
2009-04-29 00:00:00-04:00,4.2921502717303275
2009-04-30 00:00:00-04:00,4.36679656223896
2009-05-01 00:00:00-04:00,4.413450517598126
2009-05-04 00:00:00-04:00,5.113257434535289
2009-05-05 00:00:00-04:00,5.03861161139806
2009-05-06 00:00:00-04:00,5.197234553226969
2009-05-07 00:00:00-04:00,5.458495719256873
2009-05-08 00:00:00-04:00,5.32786503508245
2009-05-11 00:00:00-04:00,5.757080210227432
2009-05-12 00:00:00-04:00,5.411842354116283
2009-05-13 00:00:00-04:00,5.374519364283386
2009-05-14 00:00:00-04:00,5.094596060812166
2009-05-15 00:00:00-04:00,5.570464688949355
2009-05-18 00:00:00-04:00,5.327865048217351
2009-05-19 00:00:00-04:00,5.570464787602545
2009-05-20 00:00:00-04:00,5.7477491368102935
2009-05-21 00:00:00-04:00,5.626449622891898
2009-05-22 00:00:00-04:00,5.5144804117941275
2009-05-26 00:00:00-04:00,5.514480409690418
2009-05-27 00:00:00-04:00,5.83172627416661
2009-05-28 00:00:00-04:00,5.971687815708359
2009-05-29 00:00:00-04:00,6.018341097017333
2009-06-01 00:00:00-04:00,6.139641542693434
2009-06-02 00:00:00-04:00,6.064995447794597
2009-06-03 00:00:00-04:00,6.643502334426145
2009-06-04 00:00:00-04:00,5.934364781171055
2009-06-05 00:00:00-04:00,5.981018519645288
2009-06-08 00:00:00-04:00,6.186295105455488
2009-06-09 00:00:00-04:00,5.878380027957934
2009-06-10 00:00:00-04:00,6.092987844625518
2009-06-11 00:00:00-04:00,6.037002728950518
2009-06-12 00:00:00-04:00,6.522202239372389
2009-06-15 00:00:00-04:00,6.531533512490843
2009-06-16 00:00:00-04:00,6.260941528679429
2009-06-17 00:00:00-04:00,6.158303065607005
2009-06-18 00:00:00-04:00,5.925033702401362
2009-06-19 00:00:00-04:00,6.167633759458971
2009-06-22 00:00:00-04:00,6.335587427767088
2009-06-23 00:00:00-04:00,5.794403302328595
2009-06-24 00:00:00-04:00,5.831726302872619
2009-06-25 00:00:00-04:00,5.943695276289803
2009-06-26 00:00:00-04:00,6.1676337247467306
2009-06-29 00:00:00-04:00,6.288933444695216
2009-06-30 00:00:00-04:00,5.99034934594244
2009-07-01 00:00:00-04:00,6.578187345253044
2009-07-02 00:00:00-04:00,5.915703282102121
2009-07-06 00:00:00-04:00,5.747749082916573
2009-07-07 00:00:00-04:00,5.859718602750254
2009-07-08 00:00:00-04:00,5.654441637883196
2009-07-09 00:00:00-04:00,5.533141613006592
2009-07-10 00:00:00-04:00,5.495818614959717
2009-07-13 00:00:00-04:00,5.41184230737294
2009-07-14 00:00:00-04:00,5.551803116507934
2009-07-15 00:00:00-04:00,5.6544417015715505
2009-07-16 00:00:00-04:00,6.0836567737125495
2009-07-17 00:00:00-04:00,6.167633745448608
2009-07-20 00:00:00-04:00,6.2236183847744675
2009-07-21 00:00:00-04:00,6.755471539114297
2009-07-22 00:00:00-04:00,6.606179466202536
2009-07-23 00:00:00-04:00,6.71814853137691
2009-07-24 00:00:00-04:00,6.5222023209228475
2009-07-27 00:00:00-04:00,6.298264429332937
2009-07-28 00:00:00-04:00,6.494210491864916
2009-07-29 00:00:00-04:00,6.559525791894247
2009-07-30 00:00:00-04:00,6.335587241533839
2009-07-31 00:00:00-04:00,6.559525949476892
2009-08-03 00:00:00-04:00,6.531533566307809
2009-08-04 00:00:00-04:00,6.886102653304006
2009-08-05 00:00:00-04:00,7.110040710478643
2009-08-06 00:00:00-04:00,7.026063912072947
2009-08-07 00:00:00-04:00,7.082048578204311
2009-08-10 00:00:00-04:00,7.455278478373657
2009-08-11 00:00:00-04:00,7.259333185096563
2009-08-12 00:00:00-04:00,7.128702141388273
2009-08-13 00:00:00-04:00,7.389963444404609
2009-08-14 00:00:00-04:00,7.259333139062611
2009-08-17 00:00:00-04:00,7.072717776434377
2009-08-18 00:00:00-04:00,6.811456436687443
2009-08-19 00:00:00-04:00,6.764802343228751
2009-08-20 00:00:00-04:00,7.147363527158328
2009-08-21 00:00:00-04:00,7.744532974052209
2009-08-24 00:00:00-04:00,8.304377977718302
2009-08-25 00:00:00-04:00,7.847170749630367
2009-08-26 00:00:00-04:00,7.436617320608441
2009-08-27 00:00:00-04:00,7.539255658223071
2009-08-28 00:00:00-04:00,7.5672476558694495
2009-08-31 00:00:00-04:00,7.5672476662469705
2009-09-01 00:00:00-04:00,7.380632685854799
2009-09-02 00:00:00-04:00,7.0353946090910595
2009-09-03 00:00:00-04:00,7.166025156447023
2009-09-04 00:00:00-04:00,7.240671767404071
2009-09-08 00:00:00-04:00,7.455278814771403
2009-09-09 00:00:00-04:00,7.800516644307387
2009-09-10 00:00:00-04:00,7.772524759842194
2009-09-11 00:00:00-04:00,7.903155794235842
2009-09-14 00:00:00-04:00,7.8285095567046765
2009-09-15 00:00:00-04:00,7.856501814880726
2009-09-16 00:00:00-04:00,7.679216323370655
2009-09-17 00:00:00-04:00,8.043116667777076
2009-09-18 00:00:00-04:00,7.977801875967221
2009-09-21 00:00:00-04:00,7.949809925653287
2009-09-22 00:00:00-04:00,7.529924587352376
2009-09-23 00:00:00-04:00,7.679216948133593
2009-09-24 00:00:00-04:00,7.595240453929956
2009-09-25 00:00:00-04:00,6.9980715817613115
2009-09-28 00:00:00-04:00,7.324648176373079
2009-09-29 00:00:00-04:00,7.250001887115686
2009-09-30 00:00:00-04:00,7.25933321464151
2009-10-01 00:00:00-04:00,7.604570586735576
2009-10-02 00:00:00-04:00,6.9420871131911355
2009-10-05 00:00:00-04:00,7.054055815610806
2009-10-06 00:00:00-04:00,7.417955868188615
2009-10-07 00:00:00-04:00,7.501932564518804
2009-10-08 00:00:00-04:00,7.6512248547765545
2009-10-09 00:00:00-04:00,7.604570850406506
2009-10-12 00:00:00-04:00,7.679216901308091
2009-10-13 00:00:00-04:00,7.697878801574207
2009-10-14 00:00:00-04:00,7.903155773916116
2009-10-15 00:00:00-04:00,7.921816588641374
2009-10-16 00:00:00-04:00,7.837839659633274
2009-10-19 00:00:00-04:00,7.716540548493206
2009-10-20 00:00:00-04:00,7.744532842128472
2009-10-21 00:00:00-04:00,7.641893881565582
2009-10-22 00:00:00-04:00,7.809847578128421
2009-10-23 00:00:00-04:00,7.707209559023444
2009-10-26 00:00:00-04:00,7.8285096882338685
2009-10-27 00:00:00-04:00,7.520594714328714
2009-10-28 00:00:00-04:00,7.0540560474618
2009-10-29 00:00:00-04:00,6.764802622247373
2009-10-30 00:00:00-04:00,6.914094745603062
2009-11-02 00:00:00-05:00,6.624840881636603
2009-11-03 00:00:00-05:00,6.8674409265426695
2009-11-04 00:00:00-05:00,7.082048469401046
2009-11-05 00:00:00-05:00,6.904763931658578
2009-11-06 00:00:00-05:00,6.718148603928491
2009-11-09 00:00:00-05:00,7.026063850751742
2009-11-10 00:00:00-05:00,7.231340641913012
2009-11-11 00:00:00-05:00,7.203348167226044
2009-11-12 00:00:00-05:00,7.26866353815804
2009-11-13 00:00:00-05:00,6.8674411090239795
2009-11-16 00:00:00-05:00,7.240671323695835
2009-11-17 00:00:00-05:00,7.511263469417254
2009-11-18 00:00:00-05:00,7.166025161743164
2009-11-19 00:00:00-05:00,7.0913789748293174
2009-11-20 00:00:00-05:00,6.942086936736223
2009-11-23 00:00:00-05:00,7.175356152453596
2009-11-24 00:00:00-05:00,7.110040695048045
2009-11-25 00:00:00-05:00,7.016732882024755
2009-11-27 00:00:00-05:00,6.886102321399197
2009-11-30 00:00:00-05:00,7.22200939273554
2009-12-01 00:00:00-05:00,7.408625085888027
2009-12-02 00:00:00-05:00,7.651224685559043
2009-12-03 00:00:00-05:00,7.557917672711854
2009-12-04 00:00:00-05:00,7.501932443382185
2009-12-07 00:00:00-05:00,7.8005167541732705
2009-12-08 00:00:00-05:00,8.08977086902837
2009-12-09 00:00:00-05:00,7.968470814434219
2009-12-10 00:00:00-05:00,7.9778018147262735
2009-12-11 00:00:00-05:00,8.04311702336374
2009-12-14 00:00:00-05:00,8.173747514305719
2009-12-15 00:00:00-05:00,8.099102148302563
2009-12-16 00:00:00-05:00,8.621624333906666
2009-12-17 00:00:00-05:00,8.351031982721555
2009-12-18 00:00:00-05:00,7.725870578925299
2009-12-21 00:00:00-05:00,7.865832527156967
2009-12-22 00:00:00-05:00,7.884493615784747
2009-12-23 00:00:00-05:00,7.884493769299067
2009-12-24 00:00:00-05:00,8.099101478181195
2009-12-28 00:00:00-05:00,8.33237078120616
2009-12-29 00:00:00-05:00,7.9591395181169995
2009-12-30 00:00:00-05:00,8.19240881678413
2009-12-31 00:00:00-05:00,8.10843166166524
2010-01-04 00:00:00-05:00,7.921816545951741
2010-01-05 00:00:00-05:00,8.127093475107396
2010-01-06 00:00:00-05:00,8.351031666376793
2010-01-07 00:00:00-05:00,7.959139955834454
2010-01-08 00:00:00-05:00,7.8471706038343765
2010-01-11 00:00:00-05:00,7.809847619791021
2010-01-12 00:00:00-05:00,7.903155713521489
2010-01-13 00:00:00-05:00,7.48327180892295
2010-01-14 00:00:00-05:00,7.501932810168952
2010-01-15 00:00:00-05:00,7.6605556029017015
2010-01-19 00:00:00-05:00,7.61390184143036
2010-01-20 00:00:00-05:00,7.371302149992016
2010-01-21 00:00:00-05:00,7.315317477812681
2010-01-22 00:00:00-05:00,6.88610262309364
2010-01-25 00:00:00-05:00,7.044725509186805
2010-01-26 00:00:00-05:00,6.7274792265603045
2010-01-27 00:00:00-05:00,6.662163774677289
2010-01-28 00:00:00-05:00,6.550194726957657
2010-01-29 00:00:00-05:00,6.568856226018772
2010-02-01 00:00:00-05:00,6.699487194171064
2010-02-02 00:00:00-05:00,6.792795119707491
2010-02-03 00:00:00-05:00,6.998071447839806
2010-02-04 00:00:00-05:00,6.867440984668659
2010-02-05 00:00:00-05:00,6.680825491482162
2010-02-08 00:00:00-05:00,6.6808255210395675
2010-02-09 00:00:00-05:00,6.74614119905551
2010-02-10 00:00:00-05:00,6.587518144796705
2010-02-11 00:00:00-05:00,6.7274796237272225
2010-02-12 00:00:00-05:00,6.970079188082916
2010-02-16 00:00:00-05:00,7.05405612287032
2010-02-17 00:00:00-05:00,7.268663692704401
2010-02-18 00:00:00-05:00,7.166024942722968
2010-02-19 00:00:00-05:00,7.203347954539854
2010-02-22 00:00:00-05:00,7.11004042499764
2010-02-23 00:00:00-05:00,7.147363489092532
2010-02-24 00:00:00-05:00,6.96074861974842
2010-02-25 00:00:00-05:00,7.007402371722909
2010-02-26 00:00:00-05:00,7.203347982551573
2010-03-01 00:00:00-05:00,7.222009432943811
2010-03-02 00:00:00-05:00,7.231340456900218
2010-03-03 00:00:00-05:00,7.128702141388273
2010-03-04 00:00:00-05:00,7.240671404334458
2010-03-05 00:00:00-05:00,7.184686655565866
2010-03-08 00:00:00-05:00,7.352640606939833
2010-03-09 00:00:00-05:00,7.4179556712553785
2010-03-10 00:00:00-05:00,7.277994348227859
2010-03-11 00:00:00-05:00,7.380632387227666
2010-03-12 00:00:00-05:00,7.445948320203971
2010-03-15 00:00:00-04:00,7.595240369774203
2010-03-16 00:00:00-04:00,7.483271555670676
2010-03-17 00:00:00-04:00,7.669886791019704
2010-03-18 00:00:00-04:00,7.688547892592707
2010-03-19 00:00:00-04:00,7.427286624908447
2010-03-22 00:00:00-04:00,7.548586799368988
2010-03-23 00:00:00-04:00,7.697878792436371
2010-03-24 00:00:00-04:00,7.753863549798229
2010-03-25 00:00:00-04:00,7.791186815799544
2010-03-26 00:00:00-04:00,7.7165407981340834
2010-03-29 00:00:00-04:00,7.744532585144044
2010-03-30 00:00:00-04:00,7.856501551739391
2010-03-31 00:00:00-04:00,7.856501718012792
2010-04-01 00:00:00-04:00,8.080439488644052
2010-04-05 00:00:00-04:00,8.472331832239012
2010-04-06 00:00:00-04:00,7.856501472129123
2010-04-07 00:00:00-04:00,8.117762806278666
2010-04-08 00:00:00-04:00,8.01512446712711
2010-04-09 00:00:00-04:00,8.369694029087317
2010-04-12 00:00:00-04:00,8.360363037541655
2010-04-13 00:00:00-04:00,8.257724472373402
2010-04-14 00:00:00-04:00,8.276386228290043
2010-04-15 00:00:00-04:00,8.313709002216154
2010-04-16 00:00:00-04:00,8.42567816923669
2010-04-19 00:00:00-04:00,7.949809225782103
2010-04-20 00:00:00-04:00,8.257724499010147
2010-04-21 00:00:00-04:00,8.220401778570391
2010-04-22 00:00:00-04:00,8.155085563659668
2010-04-23 00:00:00-04:00,8.099101292171104
2010-04-26 00:00:00-04:00,8.164417072088106
2010-04-27 00:00:00-04:00,8.071108689888057
2010-04-28 00:00:00-04:00,7.865832820799503
2010-04-29 00:00:00-04:00,7.85650196984202
2010-04-30 00:00:00-04:00,8.164416638765607
2010-05-03 00:00:00-04:00,7.763193593479729
2010-05-04 00:00:00-04:00,7.707209416128179
2010-05-05 00:00:00-04:00,7.333979142264969
2010-05-06 00:00:00-04:00,7.156694457348854
2010-05-07 00:00:00-04:00,6.87677163986989
2010-05-10 00:00:00-04:00,7.175356077116372
2010-05-11 00:00:00-04:00,7.3992940861757335
2010-05-12 00:00:00-04:00,7.6045706931461154
2010-05-13 00:00:00-04:00,7.455278509688366
2010-05-14 00:00:00-04:00,7.707209403769916
2010-05-17 00:00:00-04:00,7.352640404945494
2010-05-18 00:00:00-04:00,7.305986459498987
2010-05-19 00:00:00-04:00,7.072717681813573
2010-05-20 00:00:00-04:00,6.7088179807825945
2010-05-21 00:00:00-04:00,6.634171919443636
2010-05-24 00:00:00-04:00,6.690156654899994
2010-05-25 00:00:00-04:00,6.522202648982997
2010-05-26 00:00:00-04:00,6.830118195051299
2010-05-27 00:00:00-04:00,6.848779362201625
2010-05-28 00:00:00-04:00,7.100710234867792
2010-06-01 00:00:00-04:00,6.587517989027224
2010-06-02 00:00:00-04:00,6.1956260496486015
2010-06-03 00:00:00-04:00,6.848779655132333
2010-06-04 00:00:00-04:00,6.9047642302455055
2010-06-07 00:00:00-04:00,6.662163747698646
2010-06-08 00:00:00-04:00,6.6528332307280795
2010-06-09 00:00:00-04:00,6.5688562527709236
2010-06-10 00:00:00-04:00,6.671494889805655
2010-06-11 00:00:00-04:00,6.904764175415039
2010-06-14 00:00:00-04:00,7.016732968271187
2010-06-15 00:00:00-04:00,6.970078914944627
2010-06-16 00:00:00-04:00,7.100709887692737
2010-06-17 00:00:00-04:00,7.184686660766602
2010-06-18 00:00:00-04:00,7.22200959664508
2010-06-21 00:00:00-04:00,7.473940360482818
2010-06-22 00:00:00-04:00,7.455278742403936
2010-06-23 00:00:00-04:00,7.1193714211238595
2010-06-24 00:00:00-04:00,7.091379219376045
2010-06-25 00:00:00-04:00,6.9887404551118015
2010-06-28 00:00:00-04:00,6.98874062974933
2010-06-29 00:00:00-04:00,7.128702305266381
2010-06-30 00:00:00-04:00,6.718148489508741
2010-07-01 00:00:00-04:00,6.4848794863200485
2010-07-02 00:00:00-04:00,6.503540794156428
2010-07-06 00:00:00-04:00,6.4662181429037595
2010-07-07 00:00:00-04:00,6.671494924805772
2010-07-08 00:00:00-04:00,6.820786967324476
2010-07-09 00:00:00-04:00,6.83944866404304
2010-07-12 00:00:00-04:00,6.839448679289172
2010-07-13 00:00:00-04:00,6.914094653104362
2010-07-14 00:00:00-04:00,6.951417375839223
2010-07-15 00:00:00-04:00,7.16602502448448
2010-07-16 00:00:00-04:00,6.820787041520789
2010-07-19 00:00:00-04:00,6.690156283452054
2010-07-20 00:00:00-04:00,6.363579650870864
2010-07-21 00:00:00-04:00,6.671495163588246
2010-07-22 00:00:00-04:00,6.624840922778342
2010-07-23 00:00:00-04:00,6.858110186050075
2010-07-26 00:00:00-04:00,6.783464174292164
2010-07-27 00:00:00-04:00,6.802125461125006
2010-07-28 00:00:00-04:00,6.7461407591896485
2010-07-29 00:00:00-04:00,6.6714947500051425
2010-07-30 00:00:00-04:00,6.540864558953388
2010-08-02 00:00:00-04:00,6.484879241155483
2010-08-03 00:00:00-04:00,6.550194700730479
2010-08-04 00:00:00-04:00,6.718148708795224
2010-08-05 00:00:00-04:00,6.746140928331601
2010-08-06 00:00:00-04:00,6.783464212873694
2010-08-09 00:00:00-04:00,6.764802485006564
2010-08-10 00:00:00-04:00,6.55019474029541
2010-08-11 00:00:00-04:00,6.531533512490843
2010-08-12 00:00:00-04:00,6.195625718671563
2010-08-13 00:00:00-04:00,6.438225945029503
2010-08-16 00:00:00-04:00,6.568856226018772
2010-08-17 00:00:00-04:00,6.5968488316407825
2010-08-18 00:00:00-04:00,6.951417443076055
2010-08-19 00:00:00-04:00,7.0540559627190635
2010-08-20 00:00:00-04:00,6.979409931513556
2010-08-23 00:00:00-04:00,7.072717501217675
2010-08-24 00:00:00-04:00,7.063386772602362
2010-08-25 00:00:00-04:00,6.652833432818477
2010-08-26 00:00:00-04:00,6.736809783880796
2010-08-27 00:00:00-04:00,6.466218063398628
2010-08-30 00:00:00-04:00,6.802125283172288
2010-08-31 00:00:00-04:00,6.531533631847492
2010-09-01 00:00:00-04:00,6.680825462578861
2010-09-02 00:00:00-04:00,6.690156496703507
2010-09-03 00:00:00-04:00,6.596848713651138
2010-09-07 00:00:00-04:00,6.419564200183219
2010-09-08 00:00:00-04:00,6.606179466202536
2010-09-09 00:00:00-04:00,6.708817973424725
2010-09-10 00:00:00-04:00,6.70881813950112
2010-09-13 00:00:00-04:00,6.895433153949649
2010-09-14 00:00:00-04:00,6.979410089712731
2010-09-15 00:00:00-04:00,7.184686462527751
2010-09-16 00:00:00-04:00,7.054055927791617
2010-09-17 00:00:00-04:00,7.147363820063707
2010-09-20 00:00:00-04:00,6.764802592884063
2010-09-21 00:00:00-04:00,7.119371459717792
2010-09-22 00:00:00-04:00,6.867441154218337
2010-09-23 00:00:00-04:00,6.876771450042725
2010-09-24 00:00:00-04:00,6.970079266203746
2010-09-27 00:00:00-04:00,6.811456656959304
2010-09-28 00:00:00-04:00,6.839448694701025
2010-09-29 00:00:00-04:00,6.904764206703147
2010-09-30 00:00:00-04:00,6.774133674385971
2010-10-01 00:00:00-04:00,6.88610263058581
2010-10-04 00:00:00-04:00,6.998071670532227
2010-10-05 00:00:00-04:00,7.063387105940204
2010-10-06 00:00:00-04:00,7.184686421269068
2010-10-07 00:00:00-04:00,7.2033479967800425
2010-10-08 00:00:00-04:00,7.026063877649352
2010-10-11 00:00:00-04:00,7.1193716862702185
2010-10-12 00:00:00-04:00,6.998071396296989
2010-10-13 00:00:00-04:00,7.212679150402888
2010-10-14 00:00:00-04:00,7.110040695048045
2010-10-15 00:00:00-04:00,6.988740725565931
2010-10-18 00:00:00-04:00,6.9327559331452315
2010-10-19 00:00:00-04:00,6.914094737024895
2010-10-20 00:00:00-04:00,6.764802399578479
2010-10-21 00:00:00-04:00,6.858109943940623
2010-10-22 00:00:00-04:00,6.9047641676984295
2010-10-25 00:00:00-04:00,6.979410194658616
2010-10-26 00:00:00-04:00,6.848779463656804
2010-10-27 00:00:00-04:00,6.736809966964161
2010-10-28 00:00:00-04:00,6.802125461125006
2010-10-29 00:00:00-04:00,6.802125695962444
2010-11-01 00:00:00-04:00,6.6248411820446815
2010-11-02 00:00:00-04:00,6.764802362906656
2010-11-03 00:00:00-04:00,7.063386934353008
2010-11-04 00:00:00-04:00,6.951417439152571
2010-11-05 00:00:00-04:00,6.960748687918569
2010-11-08 00:00:00-05:00,6.811456603954866
2010-11-09 00:00:00-05:00,7.026064002927619
2010-11-10 00:00:00-05:00,6.7181484822629285
2010-11-11 00:00:00-05:00,6.7181484326463625
2010-11-12 00:00:00-05:00,6.830118001990772
2010-11-15 00:00:00-05:00,6.6341717183386315
2010-11-16 00:00:00-05:00,6.531533482271194
2010-11-17 00:00:00-05:00,6.512871985459704
2010-11-18 00:00:00-05:00,6.662163963485368
2010-11-19 00:00:00-05:00,6.680825233459473
2010-11-22 00:00:00-05:00,6.484879202205459
2010-11-23 00:00:00-05:00,6.596848754413925
2010-11-24 00:00:00-05:00,6.475548684687558
2010-11-26 00:00:00-05:00,6.671494756855736
2010-11-29 00:00:00-05:00,6.484879417687713
2010-11-30 00:00:00-05:00,6.8021257201534295
2010-12-01 00:00:00-05:00,6.886102432664033
2010-12-02 00:00:00-05:00,6.895432938787782
2010-12-03 00:00:00-05:00,7.00740262357238
2010-12-06 00:00:00-05:00,6.979409843972426
2010-12-07 00:00:00-05:00,7.2033479967800425
2010-12-08 00:00:00-05:00,7.128702163696289
2010-12-09 00:00:00-05:00,7.212679115798274
2010-12-10 00:00:00-05:00,7.324647896732346
2010-12-13 00:00:00-05:00,7.464609849319453
2010-12-14 00:00:00-05:00,7.557917358442299
2010-12-15 00:00:00-05:00,7.343309436447797
2010-12-16 00:00:00-05:00,7.240671336794927
2010-12-17 00:00:00-05:00,7.361970881561714
2010-12-20 00:00:00-05:00,7.455278669209955
2010-12-21 00:00:00-05:00,7.3339790649828895
2010-12-22 00:00:00-05:00,7.520594814723718
2010-12-23 00:00:00-05:00,7.333979286260172
2010-12-27 00:00:00-05:00,7.679216939364613
2010-12-28 00:00:00-05:00,7.483271574141099
2010-12-29 00:00:00-05:00,7.408625140542092
2010-12-30 00:00:00-05:00,7.41795570860275
2010-12-31 00:00:00-05:00,7.277994368230012
2011-01-03 00:00:00-05:00,7.567247699671284
2011-01-04 00:00:00-05:00,7.576578690196296
2011-01-05 00:00:00-05:00,7.455278661890852
2011-01-06 00:00:00-05:00,7.473940605812352
2011-01-07 00:00:00-05:00,7.511263625706474
2011-01-10 00:00:00-05:00,7.455278851126472
2011-01-11 00:00:00-05:00,7.60457065386338
2011-01-12 00:00:00-05:00,7.595240803855671
2011-01-13 00:00:00-05:00,7.688547625357421
2011-01-14 00:00:00-05:00,7.613901615142821
2011-01-18 00:00:00-05:00,7.5672476519882945
2011-01-19 00:00:00-05:00,7.688547679102696
2011-01-20 00:00:00-05:00,7.567247846055883
2011-01-21 00:00:00-05:00,7.725870875109346
2011-01-24 00:00:00-05:00,7.604570584020379
2011-01-25 00:00:00-05:00,7.76319357726521
2011-01-26 00:00:00-05:00,7.903155538976481
2011-01-27 00:00:00-05:00,7.9124858895597
2011-01-28 00:00:00-05:00,7.903155846429116
2011-01-31 00:00:00-05:00,7.7165405626147905
2011-02-01 00:00:00-05:00,7.744532790463004
2011-02-02 00:00:00-05:00,7.931147862109454
2011-02-03 00:00:00-05:00,7.7725245937541745
2011-02-04 00:00:00-05:00,7.865832775729339
2011-02-07 00:00:00-05:00,7.996462569081849
2011-02-08 00:00:00-05:00,8.108431633413234
2011-02-09 00:00:00-05:00,7.93114766041529
2011-02-10 00:00:00-05:00,7.669886574877482
2011-02-11 00:00:00-05:00,7.7072095343096345
2011-02-14 00:00:00-05:00,7.809847871257123
2011-02-15 00:00:00-05:00,7.875162654337497
2011-02-16 00:00:00-05:00,7.837839642320762
2011-02-17 00:00:00-05:00,7.791186506022776
2011-02-18 00:00:00-05:00,7.903155794235842
2011-02-22 00:00:00-05:00,7.893824460429439
2011-02-23 00:00:00-05:00,7.380632665907862
2011-02-24 00:00:00-05:00,7.371302127838135
2011-02-25 00:00:00-05:00,7.445948145861989
2011-02-28 00:00:00-05:00,7.3806323938534275
2011-03-01 00:00:00-05:00,7.380632680733344
2011-03-02 00:00:00-05:00,6.652833455177618
2011-03-03 00:00:00-05:00,7.604570664346591
2011-03-04 00:00:00-05:00,7.641893637685066
2011-03-07 00:00:00-05:00,7.6512244541151615
2011-03-08 00:00:00-05:00,7.473940594322769
2011-03-09 00:00:00-05:00,7.557917570163195
2011-03-10 00:00:00-05:00,7.455278436866668
2011-03-11 00:00:00-05:00,7.389963597913834
2011-03-14 00:00:00-04:00,7.501932831876666
2011-03-15 00:00:00-04:00,7.371301870125619
2011-03-16 00:00:00-04:00,7.343309690327374
2011-03-17 00:00:00-04:00,7.361970894813152
2011-03-18 00:00:00-04:00,7.4646094053925145
2011-03-21 00:00:00-04:00,7.445948102329095
2011-03-22 00:00:00-04:00,7.473940650173519
2011-03-23 00:00:00-04:00,7.333978845525481
2011-03-24 00:00:00-04:00,7.41795539855957
2011-03-25 00:00:00-04:00,7.464609647568606
2011-03-28 00:00:00-04:00,7.557917624103538
2011-03-29 00:00:00-04:00,7.417955649297375
2011-03-30 00:00:00-04:00,7.455278881266028
2011-03-31 00:00:00-04:00,7.3899634590700725
2011-04-01 00:00:00-04:00,7.912485669439898
2011-04-04 00:00:00-04:00,7.697878846529251
2011-04-05 00:00:00-04:00,7.800516591592559
2011-04-06 00:00:00-04:00,7.781855583190918
2011-04-07 00:00:00-04:00,7.791186547726304
2011-04-08 00:00:00-04:00,7.688547556098021
2011-04-11 00:00:00-04:00,7.8191785562513285
2011-04-12 00:00:00-04:00,7.735201844686153
2011-04-13 00:00:00-04:00,7.91248609224216
2011-04-14 00:00:00-04:00,7.90315580368042
2011-04-15 00:00:00-04:00,7.921816865289803
2011-04-18 00:00:00-04:00,7.91248561086739
2011-04-19 00:00:00-04:00,7.259333111183197
2011-04-20 00:00:00-04:00,7.9591395311300515
2011-04-21 00:00:00-04:00,8.0711088180542
2011-04-25 00:00:00-04:00,8.099101491423083
2011-04-26 00:00:00-04:00,8.155085618236559
2011-04-27 00:00:00-04:00,7.959139908906176
2011-04-28 00:00:00-04:00,7.847170592711731
2011-04-29 00:00:00-04:00,7.809847575505333
2011-05-02 00:00:00-04:00,7.912485835433024
2011-05-03 00:00:00-04:00,7.837839939714834
2011-05-04 00:00:00-04:00,7.632563591003418
2011-05-05 00:00:00-04:00,7.417955868188615
2011-05-06 00:00:00-04:00,7.492601616942845
2011-05-09 00:00:00-04:00,7.651224695937179
2011-05-10 00:00:00-04:00,7.51126356802167
2011-05-11 00:00:00-04:00,7.48327158141431
2011-05-12 00:00:00-04:00,7.41795541191178
2011-05-13 00:00:00-04:00,7.380632407205724
2011-05-16 00:00:00-04:00,7.3526406562368765
2011-05-17 00:00:00-04:00,7.1473636573276895
2011-05-18 00:00:00-04:00,7.2593328491278815
2011-05-19 00:00:00-04:00,7.194017330568144
2011-05-20 00:00:00-04:00,7.408624874840181
2011-05-23 00:00:00-04:00,7.33397889914311
2011-05-24 00:00:00-04:00,7.315317623401985
2011-05-25 00:00:00-04:00,7.324648146796124
2011-05-26 00:00:00-04:00,7.3433096531667035
2011-05-27 00:00:00-04:00,7.455278647362434
2011-05-31 00:00:00-04:00,7.473940623192262
2011-06-01 00:00:00-04:00,7.399294172278441
2011-06-02 00:00:00-04:00,7.343309660523192
2011-06-03 00:00:00-04:00,7.296656131744385
2011-06-06 00:00:00-04:00,7.166024956583215
2011-06-07 00:00:00-04:00,7.119371610621257
2011-06-08 00:00:00-04:00,7.14736345760525
2011-06-09 00:00:00-04:00,7.110040657178448
2011-06-10 00:00:00-04:00,7.016732950608809
2011-06-13 00:00:00-04:00,7.05405612287032
2011-06-14 00:00:00-04:00,7.194017658971437
2011-06-15 00:00:00-04:00,7.147363474692345
2011-06-16 00:00:00-04:00,6.988740702385156
2011-06-17 00:00:00-04:00,6.970078959202914
2011-06-20 00:00:00-04:00,6.876771428978221
2011-06-21 00:00:00-04:00,6.970078959202914
2011-06-22 00:00:00-04:00,6.951417446136475
2011-06-23 00:00:00-04:00,6.876771685125652
2011-06-24 00:00:00-04:00,6.9327562287157924
2011-06-27 00:00:00-04:00,6.867440919454374
2011-06-28 00:00:00-04:00,6.9980716478111
2011-06-29 00:00:00-04:00,7.119371618008851
2011-06-30 00:00:00-04:00,7.063387150967662
2011-07-01 00:00:00-04:00,6.9514176366413025
2011-07-05 00:00:00-04:00,7.119371640404313
2011-07-06 00:00:00-04:00,7.184686645971449
2011-07-07 00:00:00-04:00,7.212679123060763
2011-07-08 00:00:00-04:00,7.277994632720947
2011-07-11 00:00:00-04:00,7.100709922118707
2011-07-12 00:00:00-04:00,7.0167331544082465
2011-07-13 00:00:00-04:00,7.026064092943657
2011-07-14 00:00:00-04:00,7.044725425103834
2011-07-15 00:00:00-04:00,7.016732932640963
2011-07-18 00:00:00-04:00,6.970078945159912
2011-07-19 00:00:00-04:00,7.1007101796124825
2011-07-20 00:00:00-04:00,6.970079258199564
2011-07-21 00:00:00-04:00,6.951417712085838
2011-07-22 00:00:00-04:00,6.942087173461914
2011-07-25 00:00:00-04:00,6.904763924570334
2011-07-26 00:00:00-04:00,6.895432977613223
2011-07-27 00:00:00-04:00,6.736809750256993
2011-07-28 00:00:00-04:00,6.596848935505286
2011-07-29 00:00:00-04:00,6.671494756855736
2011-08-01 00:00:00-04:00,6.690156670925269
2011-08-02 00:00:00-04:00,6.783463954925537
2011-08-03 00:00:00-04:00,6.7648026980241855
2011-08-04 00:00:00-04:00,6.634171855894663
2011-08-05 00:00:00-04:00,6.326256684561056
2011-08-08 00:00:00-04:00,6.139641350254542
2011-08-09 00:00:00-04:00,6.027672255402589
2011-08-10 00:00:00-04:00,6.139641574892525
2011-08-11 00:00:00-04:00,6.1583026750334415
2011-08-12 00:00:00-04:00,6.671494756855736
2011-08-15 00:00:00-04:00,6.783464204911373
2011-08-16 00:00:00-04:00,6.6901566626661415
2011-08-17 00:00:00-04:00,6.848779701939741
2011-08-18 00:00:00-04:00,6.615510529886266
2011-08-19 00:00:00-04:00,6.326256948146894
2011-08-22 00:00:00-04:00,6.438226010358778
2011-08-23 00:00:00-04:00,6.382241475319618
2011-08-24 00:00:00-04:00,6.37291052240799
2011-08-25 00:00:00-04:00,6.35424877727577
2011-08-26 00:00:00-04:00,6.251610537309086
2011-08-29 00:00:00-04:00,6.4662180478152145
2011-08-30 00:00:00-04:00,6.363580006980179
2011-08-31 00:00:00-04:00,6.232948963175256
2011-09-01 00:00:00-04:00,6.307595211930607
2011-09-02 00:00:00-04:00,6.0649952061592085
2011-09-06 00:00:00-04:00,6.270272036321044
2011-09-07 00:00:00-04:00,6.288933566375526
2011-09-08 00:00:00-04:00,6.2516102763756995
2011-09-09 00:00:00-04:00,6.186295105455488
2011-09-12 00:00:00-04:00,5.81306479398768
2011-09-13 00:00:00-04:00,5.83172606762281
2011-09-14 00:00:00-04:00,5.673103273794156
2011-09-15 00:00:00-04:00,5.738418952723023
2011-09-16 00:00:00-04:00,5.943695094659243
2011-09-19 00:00:00-04:00,5.7384187926705605
2011-09-20 00:00:00-04:00,5.757080304305707
2011-09-21 00:00:00-04:00,5.682434263859784
2011-09-22 00:00:00-04:00,5.645111143495409
2011-09-23 00:00:00-04:00,5.318534066231702
2011-09-26 00:00:00-04:00,5.598457103675386
2011-09-27 00:00:00-04:00,5.327865192558981
2011-09-28 00:00:00-04:00,5.990349136206092
2011-09-29 00:00:00-04:00,5.757080342160619
2011-09-30 00:00:00-04:00,5.4864882524698775
2011-10-03 00:00:00-04:00,5.579795600194117
2011-10-04 00:00:00-04:00,5.3558571462805125
2011-10-05 00:00:00-04:00,5.402511257825216
2011-10-06 00:00:00-04:00,5.729087577254846
2011-10-07 00:00:00-04:00,5.869049366065219
2011-10-10 00:00:00-04:00,5.738418785404969
2011-10-11 00:00:00-04:00,5.766410960463274
2011-10-12 00:00:00-04:00,6.0183415651838414
2011-10-13 00:00:00-04:00,5.859718782360657
2011-10-14 00:00:00-04:00,5.822395098935813
2011-10-17 00:00:00-04:00,5.673103086520591
2011-10-18 00:00:00-04:00,5.738418533076793
2011-10-19 00:00:00-04:00,5.878380313452849
2011-10-20 00:00:00-04:00,5.76641059518452
2011-10-21 00:00:00-04:00,5.859718797231439
2011-10-24 00:00:00-04:00,5.77574189332815
2011-10-25 00:00:00-04:00,6.372910355609716
2011-10-26 00:00:00-04:00,6.13031064519555
2011-10-27 00:00:00-04:00,6.932755873561773
2011-10-28 00:00:00-04:00,6.438225935442693
2011-10-31 00:00:00-04:00,6.419564350979062
2011-11-01 00:00:00-04:00,6.037003056393964
2011-11-02 00:00:00-04:00,6.232948955902929
2011-11-03 00:00:00-04:00,6.447556548948721
2011-11-04 00:00:00-04:00,6.288933284041441
2011-11-07 00:00:00-05:00,6.260941467596949
2011-11-08 00:00:00-05:00,6.372910462392728
2011-11-09 00:00:00-05:00,6.270271799027424
2011-11-10 00:00:00-05:00,6.3169258007458415
2011-11-11 00:00:00-05:00,6.270271935259845
2011-11-14 00:00:00-05:00,6.59684900009199
2011-11-15 00:00:00-05:00,6.372910428759255
2011-11-16 00:00:00-05:00,6.484879333200358
2011-11-17 00:00:00-05:00,6.298264503479004
2011-11-18 00:00:00-05:00,6.298264273438992
2011-11-21 00:00:00-05:00,6.074326308140883
2011-11-22 00:00:00-05:00,5.934364990691159
2011-11-23 00:00:00-05:00,5.850387836602921
2011-11-25 00:00:00-05:00,5.701095608488546
2011-11-28 00:00:00-05:00,5.869049072265625
2011-11-29 00:00:00-05:00,5.878380485236876
2011-11-30 00:00:00-05:00,6.186295344794997
2011-12-01 00:00:00-05:00,6.680825266803854
2011-12-02 00:00:00-05:00,6.736810040246974
2011-12-05 00:00:00-05:00,6.708818025811496
2011-12-06 00:00:00-05:00,6.568856653246002
2011-12-07 00:00:00-05:00,6.718148533844506
2011-12-08 00:00:00-05:00,6.662163788398519
2011-12-09 00:00:00-05:00,6.512871728834784
2011-12-12 00:00:00-05:00,6.288933490128909
2011-12-13 00:00:00-05:00,6.3635797668181695
2011-12-14 00:00:00-05:00,6.1583030266818
2011-12-15 00:00:00-05:00,6.288933550761496
2011-12-16 00:00:00-05:00,6.382241585624579
2011-12-19 00:00:00-05:00,5.971687588985078
2011-12-20 00:00:00-05:00,5.962356789504471
2011-12-21 00:00:00-05:00,6.027672255402589
2011-12-22 00:00:00-05:00,6.176964269042346
2011-12-23 00:00:00-05:00,6.270272021029693
2011-12-27 00:00:00-05:00,6.120979960370316
2011-12-28 00:00:00-05:00,6.4288950192777
2011-12-29 00:00:00-05:00,6.4475564757785
2011-12-30 00:00:00-05:00,6.587517725079675
2012-01-03 00:00:00-05:00,6.671495125937378
2012-01-04 00:00:00-05:00,6.904764183173473
2012-01-05 00:00:00-05:00,6.802125482891972
2012-01-06 00:00:00-05:00,6.7274796842498095
2012-01-09 00:00:00-05:00,6.764802706333211
2012-01-10 00:00:00-05:00,6.858110240883758
2012-01-11 00:00:00-05:00,6.7461409354096284
2012-01-12 00:00:00-05:00,6.802125673410474
2012-01-13 00:00:00-05:00,6.876771478668104
2012-01-17 00:00:00-05:00,6.90476419881718
2012-01-18 00:00:00-05:00,6.820787157323737
2012-01-19 00:00:00-05:00,6.95141768142518
2012-01-20 00:00:00-05:00,6.970078921702876
2012-01-23 00:00:00-05:00,7.0447254866435145
2012-01-24 00:00:00-05:00,6.848779647478291
2012-01-25 00:00:00-05:00,6.914094403869265
2012-01-26 00:00:00-05:00,7.0913791807968325
2012-01-27 00:00:00-05:00,7.026063877649352
2012-01-30 00:00:00-05:00,6.876771385312413
2012-01-31 00:00:00-05:00,7.184686675716272
2012-02-01 00:00:00-05:00,7.203348159790039
2012-02-02 00:00:00-05:00,7.1100406202873945
2012-02-03 00:00:00-05:00,7.259332875933576
2012-02-06 00:00:00-05:00,7.166024908696689
2012-02-07 00:00:00-05:00,7.2593331262750125
2012-02-08 00:00:00-05:00,7.250002121313808
2012-02-09 00:00:00-05:00,7.371301910747878
2012-02-10 00:00:00-05:00,7.175356139516686
2012-02-13 00:00:00-05:00,7.2873248919412426
2012-02-14 00:00:00-05:00,7.324648103539829
2012-02-15 00:00:00-05:00,7.492601421223379
2012-02-16 00:00:00-05:00,7.445948043007569
2012-02-17 00:00:00-05:00,7.6792166784770695
2012-02-21 00:00:00-05:00,7.576578883148325
2012-02-22 00:00:00-05:00,7.473940608685878
2012-02-23 00:00:00-05:00,7.464609580175413
2012-02-24 00:00:00-05:00,7.567247883035215
2012-02-27 00:00:00-05:00,7.529924657876046
2012-02-28 00:00:00-05:00,7.4926015752532
2012-02-29 00:00:00-05:00,7.6325638084602465
2012-03-01 00:00:00-05:00,7.632563591003418
2012-03-02 00:00:00-05:00,7.669886560841275
2012-03-05 00:00:00-05:00,7.744532518770686
2012-03-06 00:00:00-05:00,7.548586609025818
2012-03-07 00:00:00-05:00,7.4832716895938125
2012-03-08 00:00:00-05:00,7.921816349460254
2012-03-09 00:00:00-05:00,8.089770529448312
2012-03-12 00:00:00-04:00,8.220401487629852
2012-03-13 00:00:00-04:00,8.201739471757756
2012-03-14 00:00:00-04:00,8.39768555308244
2012-03-15 00:00:00-04:00,8.537647215610038
2012-03-16 00:00:00-04:00,8.733593062070032
2012-03-19 00:00:00-04:00,8.537646648594354
2012-03-20 00:00:00-04:00,9.013516278293926
2012-03-21 00:00:00-04:00,8.86422397653472
2012-03-22 00:00:00-04:00,8.705601024746159
2012-03-23 00:00:00-04:00,8.602962916610034
2012-03-26 00:00:00-04:00,8.780246960736562
2012-03-27 00:00:00-04:00,8.761586173483295
2012-03-28 00:00:00-04:00,8.770916323586013
2012-03-29 00:00:00-04:00,8.61229294990177
2012-03-30 00:00:00-04:00,8.817569760098007
2012-04-02 00:00:00-04:00,8.836231817688942
2012-04-03 00:00:00-04:00,9.302770324385751
2012-04-04 00:00:00-04:00,9.312100442333612
2012-04-05 00:00:00-04:00,9.237453879894334
2012-04-09 00:00:00-04:00,9.349424411744291
2012-04-10 00:00:00-04:00,9.069500470832512
2012-04-11 00:00:00-04:00,9.022847008270807
2012-04-12 00:00:00-04:00,8.910878090220244
2012-04-13 00:00:00-04:00,9.134815704853201
2012-04-16 00:00:00-04:00,9.162808038687363
2012-04-17 00:00:00-04:00,9.088162135873626
2012-04-18 00:00:00-04:00,9.0695013762145
2012-04-19 00:00:00-04:00,9.15347830029413
2012-04-20 00:00:00-04:00,9.31210052431413
2012-04-23 00:00:00-04:00,8.994854747531463
2012-04-24 00:00:00-04:00,8.668277553849814
2012-04-25 00:00:00-04:00,8.724262515391327
2012-04-26 00:00:00-04:00,8.546977532439769
2012-04-27 00:00:00-04:00,8.602962733878115
2012-04-30 00:00:00-04:00,8.602962678478484
2012-05-01 00:00:00-04:00,8.733592826931545
2012-05-02 00:00:00-04:00,9.321431386387943
2012-05-03 00:00:00-04:00,9.228123667347635
2012-05-04 00:00:00-04:00,9.097492737114413
2012-05-07 00:00:00-04:00,8.733592668042215
2012-05-08 00:00:00-04:00,8.948200677470146
2012-05-09 00:00:00-04:00,8.780247128381827
2012-05-10 00:00:00-04:00,9.209461968364518
2012-05-11 00:00:00-04:00,9.190801181011611
2012-05-14 00:00:00-04:00,8.910878212897607
2012-05-15 00:00:00-04:00,8.929539339491871
2012-05-16 00:00:00-04:00,8.649617027703094
2012-05-17 00:00:00-04:00,8.435009064585264
2012-05-18 00:00:00-04:00,8.229732205897653
2012-05-21 00:00:00-04:00,8.425677718326718
2012-05-22 00:00:00-04:00,8.733593062070032
2012-05-23 00:00:00-04:00,8.518985989671311
2012-05-24 00:00:00-04:00,8.45367116506416
2012-05-25 00:00:00-04:00,8.46300082769134
2012-05-29 00:00:00-04:00,8.612292819505521
2012-05-30 00:00:00-04:00,8.444339526433787
2012-05-31 00:00:00-04:00,8.416348034473385
2012-06-01 00:00:00-04:00,8.043116911097759
2012-06-04 00:00:00-04:00,7.912485859760258
2012-06-05 00:00:00-04:00,8.024455508630545
2012-06-06 00:00:00-04:00,8.155086096155804
2012-06-07 00:00:00-04:00,8.276385586962821
2012-06-08 00:00:00-04:00,8.201739727660803
2012-06-11 00:00:00-04:00,8.630955361345364
2012-06-12 00:00:00-04:00,8.304377720561476
2012-06-13 00:00:00-04:00,8.565639707846602
2012-06-14 00:00:00-04:00,8.668278241232306
2012-06-15 00:00:00-04:00,8.72426247608953
2012-06-18 00:00:00-04:00,8.770915990365937
2012-06-19 00:00:00-04:00,9.02284671404923
2012-06-20 00:00:00-04:00,8.892215969341848
2012-06-21 00:00:00-04:00,8.686940193316024
2012-06-22 00:00:00-04:00,8.69626972235136
2012-06-25 00:00:00-04:00,8.65894702084014
2012-06-26 00:00:00-04:00,8.630954674432234
2012-06-27 00:00:00-04:00,8.668277540720341
2012-06-28 00:00:00-04:00,8.537647021101273
2012-06-29 00:00:00-04:00,8.808238983154297
2012-07-02 00:00:00-04:00,8.677608889387333
2012-07-03 00:00:00-04:00,8.957532155359656
2012-07-05 00:00:00-04:00,9.004184522289023
2012-07-06 00:00:00-04:00,8.705600935405071
2012-07-09 00:00:00-04:00,8.593631442891695
2012-07-10 00:00:00-04:00,8.966861929348127
2012-07-11 00:00:00-04:00,9.181470252775668
2012-07-12 00:00:00-04:00,8.95753234944351
2012-07-13 00:00:00-04:00,9.097493382055886
2012-07-16 00:00:00-04:00,8.910877623881927
2012-07-17 00:00:00-04:00,9.377416124321543
2012-07-18 00:00:00-04:00,9.190800601599218
2012-07-19 00:00:00-04:00,9.368084993227855
2012-07-20 00:00:00-04:00,9.09749344745438
2012-07-23 00:00:00-04:00,8.854893005972022
2012-07-24 00:00:00-04:00,8.81756995876795
2012-07-25 00:00:00-04:00,8.8922164068923
2012-07-26 00:00:00-04:00,9.08816219590032
2012-07-27 00:00:00-04:00,9.228123549768497
2012-07-30 00:00:00-04:00,9.703992224158098
2012-07-31 00:00:00-04:00,9.685331042954525
2012-08-01 00:00:00-04:00,9.190800563704398
2012-08-02 00:00:00-04:00,9.340093370287677
2012-08-03 00:00:00-04:00,9.554699659381187
2012-08-06 00:00:00-04:00,9.601354341784813
2012-08-07 00:00:00-04:00,9.685331298798701
2012-08-08 00:00:00-04:00,9.620015768163093
2012-08-09 00:00:00-04:00,9.703992568937203
2012-08-10 00:00:00-04:00,9.648008091429624
2012-08-13 00:00:00-04:00,9.741314687656958
2012-08-14 00:00:00-04:00,9.843954086303711
2012-08-15 00:00:00-04:00,9.862614894497733
2012-08-16 00:00:00-04:00,9.899938203360803
2012-08-17 00:00:00-04:00,10.50643832894171
2012-08-20 00:00:00-04:00,10.422461636356543
2012-08-21 00:00:00-04:00,10.12387695480388
2012-08-22 00:00:00-04:00,10.35714621957357
2012-08-23 00:00:00-04:00,10.478444878874562
2012-08-24 00:00:00-04:00,10.217184039316109
2012-08-27 00:00:00-04:00,10.394468758828923
2012-08-28 00:00:00-04:00,10.4317923033953
2012-08-29 00:00:00-04:00,10.357146233986025
2012-08-30 00:00:00-04:00,10.497107378795219
2012-08-31 00:00:00-04:00,10.105215031146418
2012-09-04 00:00:00-04:00,10.142538287014846
2012-09-05 00:00:00-04:00,10.38513805113229
2012-09-06 00:00:00-04:00,10.375807651622175
2012-09-07 00:00:00-04:00,10.92632267961239
2012-09-10 00:00:00-04:00,11.05695292793466
2012-09-11 00:00:00-04:00,11.150260909269477
2012-09-12 00:00:00-04:00,11.243568434925116
2012-09-13 00:00:00-04:00,11.271560190065449
2012-09-14 00:00:00-04:00,11.430183621916896
2012-09-17 00:00:00-04:00,11.476837749153713
2012-09-18 00:00:00-04:00,11.019630674066866
2012-09-19 00:00:00-04:00,11.028960653016922
2012-09-20 00:00:00-04:00,11.243568646677332
2012-09-21 00:00:00-04:00,11.336875704402704
2012-09-24 00:00:00-04:00,11.374198249581573
2012-09-25 00:00:00-04:00,11.33687597962131
2012-09-26 00:00:00-04:00,11.187583245629817
2012-09-27 00:00:00-04:00,11.299552494255229
2012-09-28 00:00:00-04:00,11.224906454832944
2012-10-01 00:00:00-04:00,11.39286085064149
2012-10-02 00:00:00-04:00,11.626129348506304
2012-10-03 00:00:00-04:00,11.476837792465226
2012-10-04 00:00:00-04:00,11.710106788403813
2012-10-05 00:00:00-04:00,11.831406325984782
2012-10-08 00:00:00-04:00,12.027352333068848
2012-10-09 00:00:00-04:00,12.083336860391626
2012-10-10 00:00:00-04:00,12.055344807836551
2012-10-11 00:00:00-04:00,12.1299902981561
2012-10-12 00:00:00-04:00,12.167313816940457
2012-10-15 00:00:00-04:00,12.213968003840874
2012-10-16 00:00:00-04:00,12.447236894052462
2012-10-17 00:00:00-04:00,12.82979777360651
2012-10-18 00:00:00-04:00,12.839128976912496
2012-10-19 00:00:00-04:00,12.615190540377931
2012-10-22 00:00:00-04:00,12.335267735566946
2012-10-23 00:00:00-04:00,12.325937044757458
2012-10-24 00:00:00-04:00,12.260621705142
2012-10-25 00:00:00-04:00,12.325936501551867
2012-10-26 00:00:00-04:00,12.353928511986998
2012-10-31 00:00:00-04:00,11.626129259402926
2012-11-01 00:00:00-04:00,11.224906679964661
2012-11-02 00:00:00-04:00,10.870337360411964
2012-11-05 00:00:00-05:00,10.68372278846447
2012-11-06 00:00:00-05:00,11.36486823791376
2012-11-07 00:00:00-05:00,11.532821630632123
2012-11-08 00:00:00-05:00,11.691444224618857
2012-11-09 00:00:00-05:00,11.635460597834
2012-11-12 00:00:00-05:00,11.654121659327574
2012-11-13 00:00:00-05:00,11.448845514459741
2012-11-14 00:00:00-05:00,11.719437027909729
2012-11-15 00:00:00-05:00,10.982307196048344
2012-11-16 00:00:00-05:00,11.560814528799638
2012-11-19 00:00:00-05:00,11.934044149207262
2012-11-20 00:00:00-05:00,11.766090759443575
2012-11-21 00:00:00-05:00,12.129990679933035
2012-11-23 00:00:00-05:00,12.11132898844245
2012-11-26 00:00:00-05:00,12.40991375618804
2012-11-27 00:00:00-05:00,12.344598075631627
2012-11-28 00:00:00-05:00,12.447237061546465
2012-11-29 00:00:00-05:00,12.260621594871479
2012-11-30 00:00:00-05:00,12.167313446776362
2012-12-03 00:00:00-05:00,12.148652755349183
2012-12-04 00:00:00-05:00,12.139322037994972
2012-12-05 00:00:00-05:00,12.074006080627441
2012-12-06 00:00:00-05:00,12.092667537041677
2012-12-07 00:00:00-05:00,12.260621537091819
2012-12-10 00:00:00-05:00,12.241959843007205
2012-12-11 00:00:00-05:00,12.139321667575537
2012-12-12 00:00:00-05:00,12.568536309564768
2012-12-13 00:00:00-05:00,12.4658975449512
2012-12-14 00:00:00-05:00,13.16570530620881
2012-12-17 00:00:00-05:00,13.044405150978903
2012-12-18 00:00:00-05:00,12.923105411885574
2012-12-19 00:00:00-05:00,13.156374415917648
2012-12-20 00:00:00-05:00,13.21235870067873
2012-12-21 00:00:00-05:00,13.072398094118398
2012-12-24 00:00:00-05:00,12.596528946598985
2012-12-26 00:00:00-05:00,12.727159513969795
2012-12-27 00:00:00-05:00,12.643182769115237
2012-12-28 00:00:00-05:00,12.587198092927562
2012-12-31 00:00:00-05:00,12.43790575274085
2013-01-02 00:00:00-05:00,13.790866460362308
2013-01-03 00:00:00-05:00,13.464290194361256
2013-01-04 00:00:00-05:00,13.19369777194274
2013-01-07 00:00:00-05:00,13.61358161666585
2013-01-08 00:00:00-05:00,13.669566443415276
2013-01-09 00:00:00-05:00,13.501613266812484
2013-01-10 00:00:00-05:00,13.940158539081322
2013-01-11 00:00:00-05:00,14.0521284634597
2013-01-14 00:00:00-05:00,13.669565609330249
2013-01-15 00:00:00-05:00,13.856182401703531
2013-01-16 00:00:00-05:00,13.51094311702326
2013-01-17 00:00:00-05:00,13.884173632551429
2013-01-18 00:00:00-05:00,13.818858571440165
2013-01-22 00:00:00-05:00,13.996143341064453
2013-01-23 00:00:00-05:00,14.070788891433152
2013-01-24 00:00:00-05:00,13.902834706956732
2013-01-25 00:00:00-05:00,13.725550863394998
2013-01-28 00:00:00-05:00,13.818859326673238
2013-01-29 00:00:00-05:00,13.809527663877946
2013-01-30 00:00:00-05:00,13.74421216992643
2013-01-31 00:00:00-05:00,13.790866353154593
2013-02-01 00:00:00-05:00,13.98681188569524
2013-02-04 00:00:00-05:00,14.005473814737835
2013-02-05 00:00:00-05:00,14.052128035136246
2013-02-06 00:00:00-05:00,14.117442677003199
2013-02-07 00:00:00-05:00,13.958819869376168
2013-02-08 00:00:00-05:00,13.76287437692956
2013-02-11 00:00:00-05:00,13.706888714410612
2013-02-12 00:00:00-05:00,13.660235900264462
2013-02-13 00:00:00-05:00,13.529604502524853
2013-02-14 00:00:00-05:00,13.175036346153485
2013-02-15 00:00:00-05:00,12.68983660082885
2013-02-19 00:00:00-05:00,12.596528292427454
2013-02-20 00:00:00-05:00,13.08172891590584
2013-02-21 00:00:00-05:00,12.839128453557567
2013-02-22 00:00:00-05:00,12.969758987426758
2013-02-25 00:00:00-05:00,12.969758987426758
2013-02-26 00:00:00-05:00,12.979090316551353
2013-02-27 00:00:00-05:00,12.540543875740182
2013-02-28 00:00:00-05:00,12.335267866698223
2013-03-01 00:00:00-05:00,9.470723354084503
2013-03-04 00:00:00-05:00,11.626129245463135
2013-03-05 00:00:00-05:00,10.982307112171597
2013-03-06 00:00:00-05:00,11.196914836576562
2013-03-07 00:00:00-05:00,11.392860081301954
2013-03-08 00:00:00-05:00,11.672783628883698
2013-03-11 00:00:00-04:00,12.027352239056446
2013-03-12 00:00:00-04:00,12.353928960551729
2013-03-13 00:00:00-04:00,12.689836354523932
2013-03-14 00:00:00-04:00,13.19369745416778
2013-03-15 00:00:00-04:00,13.11905223822651
2013-03-18 00:00:00-04:00,12.73649016278033
2013-03-19 00:00:00-04:00,12.717828721839007
2013-03-20 00:00:00-04:00,12.78314350464042
2013-03-21 00:00:00-04:00,12.923105346283016
2013-03-22 00:00:00-04:00,13.184366749105271
2013-03-25 00:00:00-04:00,12.969759185172919
2013-03-26 00:00:00-04:00,13.156374641554766
2013-03-27 00:00:00-04:00,12.951097801787
2013-03-28 00:00:00-04:00,13.380312963641806
2013-04-01 00:00:00-04:00,13.231021200221223
2013-04-02 00:00:00-04:00,13.063066442530687
2013-04-03 00:00:00-04:00,13.119051700172983
2013-04-04 00:00:00-04:00,12.857789696810228
2013-04-05 00:00:00-04:00,12.77381242401669
2013-04-08 00:00:00-04:00,13.277673535529601
2013-04-09 00:00:00-04:00,13.17503618870268
2013-04-10 00:00:00-04:00,13.081728833091136
2013-04-11 00:00:00-04:00,13.342989849611545
2013-04-12 00:00:00-04:00,13.342989659538576
2013-04-15 00:00:00-04:00,13.025744180865305
2013-04-16 00:00:00-04:00,13.091059325655316
2013-04-17 00:00:00-04:00,12.605859502849645
2013-04-18 00:00:00-04:00,12.47522916851159
2013-04-19 00:00:00-04:00,12.643182599441316
2013-04-22 00:00:00-04:00,13.025744274790185
2013-04-23 00:00:00-04:00,12.92310619354248
2013-04-24 00:00:00-04:00,12.820466712516517
2013-04-25 00:00:00-04:00,13.025744196295982
2013-04-26 00:00:00-04:00,13.156374595683095
2013-04-29 00:00:00-04:00,12.596528902249556
2013-04-30 00:00:00-04:00,12.829797532583235
2013-05-01 00:00:00-04:00,12.736489676754093
2013-05-02 00:00:00-04:00,12.755152036011472
2013-05-03 00:00:00-04:00,12.801805441942316
2013-05-06 00:00:00-04:00,12.969758987426758
2013-05-07 00:00:00-04:00,12.941767255495282
2013-05-08 00:00:00-04:00,13.081729069909974
2013-05-09 00:00:00-04:00,13.305666967797137
2013-05-10 00:00:00-04:00,13.249681754985652
2013-05-13 00:00:00-04:00,13.035074380211473
2013-05-14 00:00:00-04:00,13.1843668383483
2013-05-15 00:00:00-04:00,13.454959157099522
2013-05-16 00:00:00-04:00,13.436297220795181
2013-05-17 00:00:00-04:00,13.34298996571912
2013-05-20 00:00:00-04:00,13.268344151766676
2013-05-21 00:00:00-04:00,13.147043646405418
2013-05-22 00:00:00-04:00,13.510942958493333
2013-05-23 00:00:00-04:00,12.773813172130655
2013-05-24 00:00:00-04:00,13.156374800147725
2013-05-28 00:00:00-04:00,12.867120800678281
2013-05-29 00:00:00-04:00,12.699166601559535
2013-05-30 00:00:00-04:00,12.577866844206957
2013-05-31 00:00:00-04:00,12.540543759539934
2013-06-03 00:00:00-04:00,12.764483147142835
2013-06-04 00:00:00-04:00,13.00708183114409
2013-06-05 00:00:00-04:00,12.57786690352295
2013-06-06 00:00:00-04:00,12.344597543247373
2013-06-07 00:00:00-04:00,12.671174556690342
2013-06-10 00:00:00-04:00,12.587197889765946
2013-06-11 00:00:00-04:00,12.129990577697754
2013-06-12 00:00:00-04:00,12.223298539110296
2013-06-13 00:00:00-04:00,12.241959215377484
2013-06-14 00:00:00-04:00,12.661843448049561
2013-06-17 00:00:00-04:00,12.391252142673979
2013-06-18 00:00:00-04:00,11.990029348829749
2013-06-19 00:00:00-04:00,11.775421264016584
2013-06-20 00:00:00-04:00,11.32754584076248
2013-06-21 00:00:00-04:00,10.823684645482686
2013-06-24 00:00:00-04:00,10.749038680439309
2013-06-25 00:00:00-04:00,10.879668063481638
2013-06-26 00:00:00-04:00,10.711714518367748
2013-06-27 00:00:00-04:00,10.786361729148643
2013-06-28 00:00:00-04:00,11.32754521308056
2013-07-01 00:00:00-04:00,12.587197999058347
2013-07-02 00:00:00-04:00,12.4472370020769
2013-07-03 00:00:00-04:00,11.7287671957165
2013-07-05 00:00:00-04:00,11.77542111652676
2013-07-08 00:00:00-04:00,12.046013971699574
2013-07-09 00:00:00-04:00,11.794083650428465
2013-07-10 00:00:00-04:00,11.52349119976374
2013-07-11 00:00:00-04:00,11.467506649865628
2013-07-12 00:00:00-04:00,11.476837625582355
2013-07-15 00:00:00-04:00,11.448845069066914
2013-07-16 00:00:00-04:00,11.62612983134866
2013-07-17 00:00:00-04:00,11.82207597553379
2013-07-18 00:00:00-04:00,12.08333646747237
2013-07-19 00:00:00-04:00,11.504829207888617
2013-07-22 00:00:00-04:00,11.439514568021957
2013-07-23 00:00:00-04:00,11.616798932204095
2013-07-24 00:00:00-04:00,11.355537581243446
2013-07-25 00:00:00-04:00,11.532821929775446
2013-07-26 00:00:00-04:00,11.551483140977538
2013-07-29 00:00:00-04:00,11.532821928790556
2013-07-30 00:00:00-04:00,11.383529755003913
2013-07-31 00:00:00-04:00,11.12226870770767
2013-08-01 00:00:00-04:00,11.122268309378011
2013-08-02 00:00:00-04:00,11.570144980024821
2013-08-05 00:00:00-04:00,12.008690401089828
2013-08-06 00:00:00-04:00,11.831406622811025
2013-08-07 00:00:00-04:00,11.73809814453125
2013-08-08 00:00:00-04:00,11.86872915540822
2013-08-09 00:00:00-04:00,11.794083566065797
2013-08-12 00:00:00-04:00,11.766090302592673
2013-08-13 00:00:00-04:00,11.4021915551512
2013-08-14 00:00:00-04:00,11.45817512850708
2013-08-15 00:00:00-04:00,11.476837901314157
2013-08-16 00:00:00-04:00,11.476837884888067
2013-08-19 00:00:00-04:00,11.252899464479677
2013-08-20 00:00:00-04:00,10.90766082211185
2013-08-21 00:00:00-04:00,10.777030646694588
2013-08-22 00:00:00-04:00,10.245176335111331
2013-08-23 00:00:00-04:00,10.375807020749056
2013-08-26 00:00:00-04:00,10.459784175731976
2013-08-27 00:00:00-04:00,9.881277325826607
2013-08-28 00:00:00-04:00,9.825292376269015
2013-08-29 00:00:00-04:00,9.909269559362833
2013-08-30 00:00:00-04:00,10.123876771277699
2013-09-03 00:00:00-04:00,10.32915326261668
2013-09-04 00:00:00-04:00,9.750646153520071
2013-09-05 00:00:00-04:00,9.82529233085141
2013-09-06 00:00:00-04:00,9.946591852893082
2013-09-09 00:00:00-04:00,10.151869150036422
2013-09-10 00:00:00-04:00,10.618407655031543
2013-09-11 00:00:00-04:00,10.879668768220355
2013-09-12 00:00:00-04:00,10.823684262351184
2013-09-13 00:00:00-04:00,10.562422689429075
2013-09-16 00:00:00-04:00,10.758368294535329
2013-09-17 00:00:00-04:00,10.72104500281615
2013-09-18 00:00:00-04:00,10.805022138905432
2013-09-19 00:00:00-04:00,11.290222035627812
2013-09-20 00:00:00-04:00,11.728767740978244
2013-09-23 00:00:00-04:00,11.280891178961163
2013-09-24 00:00:00-04:00,11.22490671037546
2013-09-25 00:00:00-04:00,11.196914672851562
2013-09-26 00:00:00-04:00,11.290222620477904
2013-09-27 00:00:00-04:00,11.196914198319707
2013-09-30 00:00:00-04:00,10.935653387346193
2013-10-01 00:00:00-04:00,11.140929468609505
2013-10-02 00:00:00-04:00,11.178252554250575
2013-10-03 00:00:00-04:00,10.926322480224872
2013-10-04 00:00:00-04:00,10.814353201147005
2013-10-07 00:00:00-04:00,10.646399229653298
2013-10-08 00:00:00-04:00,10.739706927358055
2013-10-09 00:00:00-04:00,10.99163780974628
2013-10-10 00:00:00-04:00,11.047622005527211
2013-10-11 00:00:00-04:00,10.851676316350492
2013-10-14 00:00:00-04:00,11.168922590088776
2013-10-15 00:00:00-04:00,11.150260281086279
2013-10-16 00:00:00-04:00,11.010299543112255
2013-10-17 00:00:00-04:00,10.711714478549412
2013-10-18 00:00:00-04:00,11.075614749582062
2013-10-21 00:00:00-04:00,10.95431464137558
2013-10-22 00:00:00-04:00,10.55309215805763
2013-10-23 00:00:00-04:00,10.655730025258835
2013-10-24 00:00:00-04:00,10.422461007745882
2013-10-25 00:00:00-04:00,10.36647675387621
2013-10-28 00:00:00-04:00,10.31982317859433
2013-10-29 00:00:00-04:00,10.51576923090067
2013-10-30 00:00:00-04:00,10.56242258758498
2013-10-31 00:00:00-04:00,10.254507519551973
2013-11-01 00:00:00-04:00,10.329153144803266
2013-11-04 00:00:00-05:00,10.254507037462195
2013-11-05 00:00:00-05:00,10.254507612253798
2013-11-06 00:00:00-05:00,9.97458457996527
2013-11-07 00:00:00-05:00,10.08655401154295
2013-11-08 00:00:00-05:00,10.123876771277699
2013-11-11 00:00:00-05:00,10.198523275883971
2013-11-12 00:00:00-05:00,10.254507474322358
2013-11-13 00:00:00-05:00,9.759976975450522
2013-11-14 00:00:00-05:00,10.217183867234008
2013-11-15 00:00:00-05:00,10.142537988902774
2013-11-18 00:00:00-05:00,10.422461494381512
2013-11-19 00:00:00-05:00,10.385138309944132
2013-11-20 00:00:00-05:00,10.133207123262968
2013-11-21 00:00:00-05:00,10.039899839344887
2013-11-22 00:00:00-05:00,9.918600012488978
2013-11-25 00:00:00-05:00,10.06789175886471
2013-11-26 00:00:00-05:00,10.329153316228306
2013-11-27 00:00:00-05:00,10.207853591803193
2013-11-29 00:00:00-05:00,10.170530309671056
2013-12-02 00:00:00-05:00,10.291829889526888
2013-12-03 00:00:00-05:00,10.133206805494492
2013-12-04 00:00:00-05:00,10.366476068134075
2013-12-05 00:00:00-05:00,10.487776396968755
2013-12-06 00:00:00-05:00,10.916991138657687
2013-12-09 00:00:00-05:00,11.206245241499696
2013-12-10 00:00:00-05:00,11.66345228515334
2013-12-11 00:00:00-05:00,11.2528991426688
2013-12-12 00:00:00-05:00,11.20624499879186
2013-12-13 00:00:00-05:00,11.290222113996101
2013-12-16 00:00:00-05:00,11.476837356003887
2013-12-17 00:00:00-05:00,11.607467973120407
2013-12-18 00:00:00-05:00,11.476837287054723
2013-12-19 00:00:00-05:00,11.691444439113996
2013-12-20 00:00:00-05:00,11.616799030074484
2013-12-23 00:00:00-05:00,11.495498916016336
2013-12-24 00:00:00-05:00,11.626129893348487
2013-12-26 00:00:00-05:00,11.747429611120804
2013-12-27 00:00:00-05:00,11.364868542280444
2013-12-30 00:00:00-05:00,11.47683710509681
2013-12-31 00:00:00-05:00,11.52349115858403
2014-01-02 00:00:00-05:00,11.327545184313054
2014-01-03 00:00:00-05:00,11.467506773336519
2014-01-06 00:00:00-05:00,11.178252510080881
2014-01-07 00:00:00-05:00,11.271560344311727
2014-01-08 00:00:00-05:00,11.448845573325972
2014-01-09 00:00:00-05:00,11.54215241892341
2014-01-10 00:00:00-05:00,11.542152586874163
2014-01-13 00:00:00-05:00,11.635460496728909
2014-01-14 00:00:00-05:00,11.318214642745968
2014-01-15 00:00:00-05:00,11.299552706393373
2014-01-16 00:00:00-05:00,11.131599411706068
2014-01-17 00:00:00-05:00,11.056952889214564
2014-01-21 00:00:00-05:00,11.075614471703593
2014-01-22 00:00:00-05:00,11.010299713883938
2014-01-23 00:00:00-05:00,10.954314764151826
2014-01-24 00:00:00-05:00,10.805022085334699
2014-01-27 00:00:00-05:00,10.38513839164254
2014-01-28 00:00:00-05:00,10.62773781236528
2014-01-29 00:00:00-05:00,10.207853251362218
2014-01-30 00:00:00-05:00,10.543761297061732
2014-01-31 00:00:00-05:00,10.357146489457488
2014-02-03 00:00:00-05:00,10.329153350880873
2014-02-04 00:00:00-05:00,10.403799112119403
2014-02-05 00:00:00-05:00,10.24517632996212
2014-02-06 00:00:00-05:00,10.282499790908835
2014-02-07 00:00:00-05:00,10.254507648918308
2014-02-10 00:00:00-05:00,10.478445357597126
2014-02-11 00:00:00-05:00,10.497107100137828
2014-02-12 00:00:00-05:00,11.056953108920686
2014-02-13 00:00:00-05:00,11.336875026277598
2014-02-14 00:00:00-05:00,11.252899269472337
2014-02-18 00:00:00-05:00,11.70077600458446
2014-02-19 00:00:00-05:00,11.747429227824254
2014-02-20 00:00:00-05:00,11.280891462147423
2014-02-21 00:00:00-05:00,11.08494546222077
2014-02-24 00:00:00-05:00,10.954314487510059
2014-02-25 00:00:00-05:00,10.944983840394967
2014-02-26 00:00:00-05:00,11.196914198319707
2014-02-27 00:00:00-05:00,10.888999124607222
2014-02-28 00:00:00-05:00,11.1969145977601
2014-03-03 00:00:00-05:00,10.879668849479792
2014-03-04 00:00:00-05:00,10.459784565008704
2014-03-05 00:00:00-05:00,11.112937484394264
2014-03-06 00:00:00-05:00,11.010299180781393
2014-03-07 00:00:00-05:00,10.89833048845127
2014-03-10 00:00:00-04:00,10.562422021449283
2014-03-11 00:00:00-04:00,10.55309199336684
2014-03-12 00:00:00-04:00,10.34781549817762
2014-03-13 00:00:00-04:00,10.254507092577681
2014-03-14 00:00:00-04:00,10.282499936606191
2014-03-17 00:00:00-04:00,10.375807034341708
2014-03-18 00:00:00-04:00,10.403799409869565
2014-03-19 00:00:00-04:00,10.80502229673347
2014-03-20 00:00:00-04:00,10.599745798648835
2014-03-21 00:00:00-04:00,10.581084462535927
2014-03-24 00:00:00-04:00,10.693053148430927
2014-03-25 00:00:00-04:00,11.094276088453892
2014-03-26 00:00:00-04:00,10.786361677891017
2014-03-27 00:00:00-04:00,10.618407023608384
2014-03-28 00:00:00-04:00,11.252899829561935
2014-03-31 00:00:00-04:00,10.767699056221025
2014-04-01 00:00:00-04:00,10.646399482983943
2014-04-02 00:00:00-04:00,10.683722541515076
2014-04-03 00:00:00-04:00,10.562421862790263
2014-04-04 00:00:00-04:00,10.450453179696417
2014-04-07 00:00:00-04:00,10.62773812713743
2014-04-08 00:00:00-04:00,11.028960698287532
2014-04-09 00:00:00-04:00,11.08494501676815
2014-04-10 00:00:00-04:00,10.95431449232742
2014-04-11 00:00:00-04:00,11.075614797246232
2014-04-14 00:00:00-04:00,10.93565322700218
2014-04-15 00:00:00-04:00,10.805022724822724
2014-04-16 00:00:00-04:00,10.944983030883336
2014-04-17 00:00:00-04:00,10.683722723087277
2014-04-21 00:00:00-04:00,10.95431398012473
2014-04-22 00:00:00-04:00,10.9449838199811
2014-04-23 00:00:00-04:00,10.767699758339472
2014-04-24 00:00:00-04:00,10.590414934259803
2014-04-25 00:00:00-04:00,10.851676328618217
2014-04-28 00:00:00-04:00,10.487776041989857
2014-04-29 00:00:00-04:00,10.693053019725706
2014-04-30 00:00:00-04:00,10.63706879652471
2014-05-01 00:00:00-04:00,10.310492661675829
2014-05-02 00:00:00-04:00,10.48777641134192
2014-05-05 00:00:00-04:00,10.870337576594023
2014-05-06 00:00:00-04:00,10.62773812713743
2014-05-07 00:00:00-04:00,10.469115398063925
2014-05-08 00:00:00-04:00,11.318214204294897
2014-05-09 00:00:00-04:00,11.234237686167035
2014-05-12 00:00:00-04:00,11.262229135501304
2014-05-13 00:00:00-04:00,11.588806565860425
2014-05-14 00:00:00-04:00,11.878059240840376
2014-05-15 00:00:00-04:00,11.663452954767251
2014-05-16 00:00:00-04:00,11.46750635268348
2014-05-19 00:00:00-04:00,11.579475561724745
2014-05-20 00:00:00-04:00,11.691444501614276
2014-05-21 00:00:00-04:00,12.21396801932639
2014-05-22 00:00:00-04:00,12.223298539110296
2014-05-23 00:00:00-04:00,12.129991062075328
2014-05-27 00:00:00-04:00,11.96203660561402
2014-05-28 00:00:00-04:00,12.008690999126975
2014-05-29 00:00:00-04:00,12.344597835969985
2014-05-30 00:00:00-04:00,12.335267518917941
2014-06-02 00:00:00-04:00,11.840736370905903
2014-06-03 00:00:00-04:00,11.915383191641787
2014-06-04 00:00:00-04:00,12.335268050907999
2014-06-05 00:00:00-04:00,12.111328501647634
2014-06-06 00:00:00-04:00,12.48455949713652
2014-06-09 00:00:00-04:00,12.484559863233882
2014-06-10 00:00:00-04:00,12.857789527949352
2014-06-11 00:00:00-04:00,12.87645167578048
2014-06-12 00:00:00-04:00,12.895113006291357
2014-06-13 00:00:00-04:00,12.820466726562454
2014-06-16 00:00:00-04:00,13.035074897710814
2014-06-17 00:00:00-04:00,12.997751461806958
2014-06-18 00:00:00-04:00,13.016412482341716
2014-06-19 00:00:00-04:00,13.035074987657813
2014-06-20 00:00:00-04:00,12.820467269048759
2014-06-23 00:00:00-04:00,12.81113629375018
2014-06-24 00:00:00-04:00,12.82979734754317
2014-06-25 00:00:00-04:00,13.333659296655101
2014-06-26 00:00:00-04:00,12.951098231397102
2014-06-27 00:00:00-04:00,12.93243565224999
2014-06-30 00:00:00-04:00,13.165704783725559
2014-07-01 00:00:00-04:00,12.96042843676915
2014-07-02 00:00:00-04:00,13.063066783758861
2014-07-03 00:00:00-04:00,13.800197374986919
2014-07-07 00:00:00-04:00,13.772205337308273
2014-07-08 00:00:00-04:00,13.874843417620784
2014-07-09 00:00:00-04:00,13.71621995944683
2014-07-10 00:00:00-04:00,13.38964360047532
2014-07-11 00:00:00-04:00,13.594919679415076
2014-07-14 00:00:00-04:00,13.734881586478423
2014-07-15 00:00:00-04:00,13.725551118753264
2014-07-16 00:00:00-04:00,13.716220403007956
2014-07-17 00:00:00-04:00,13.77220541553086
2014-07-18 00:00:00-04:00,13.622913360595703
2014-07-21 00:00:00-04:00,13.529605078573
2014-07-22 00:00:00-04:00,13.800196959807145
2014-07-23 00:00:00-04:00,13.57625935537528
2014-07-24 00:00:00-04:00,13.585589607440019
2014-07-25 00:00:00-04:00,13.622912788311227
2014-07-28 00:00:00-04:00,13.70688950584975
2014-07-29 00:00:00-04:00,13.548267316319082
2014-07-30 00:00:00-04:00,13.59492004933603
2014-07-31 00:00:00-04:00,13.296336083917023
2014-08-01 00:00:00-04:00,13.398974103100125
2014-08-04 00:00:00-04:00,13.54826643826964
2014-08-05 00:00:00-04:00,13.85618234019504
2014-08-06 00:00:00-04:00,13.734882094440614
2014-08-07 00:00:00-04:00,13.632242779354034
2014-08-08 00:00:00-04:00,13.221689670343142
2014-08-11 00:00:00-04:00,13.51094281889285
2014-08-12 00:00:00-04:00,13.464290117697113
2014-08-13 00:00:00-04:00,13.408304506765631
2014-08-14 00:00:00-04:00,13.259012674164964
2014-08-15 00:00:00-04:00,13.342990256626173
2014-08-18 00:00:00-04:00,13.063066939639633
2014-08-19 00:00:00-04:00,13.15637471239869
2014-08-20 00:00:00-04:00,12.96042920629932
2014-08-21 00:00:00-04:00,12.773813172130655
2014-08-22 00:00:00-04:00,13.147044212884044
2014-08-25 00:00:00-04:00,13.025744290762644
2014-08-26 00:00:00-04:00,13.06306728859213
2014-08-27 00:00:00-04:00,13.063067040312092
2014-08-28 00:00:00-04:00,12.811135793630225
2014-08-29 00:00:00-04:00,12.988420904078334
2014-09-02 00:00:00-04:00,12.493890300302567
2014-09-03 00:00:00-04:00,12.353929066955427
2014-09-04 00:00:00-04:00,12.49389095799236
2014-09-05 00:00:00-04:00,12.596528500082261
2014-09-08 00:00:00-04:00,12.73649016278033
2014-09-09 00:00:00-04:00,12.409913785953005
2014-09-10 00:00:00-04:00,12.335267490897216
2014-09-11 00:00:00-04:00,12.260621398643517
2014-09-12 00:00:00-04:00,12.503220701071209
2014-09-15 00:00:00-04:00,12.25129059025683
2014-09-16 00:00:00-04:00,12.176644944442923
2014-09-17 00:00:00-04:00,12.325936225661538
2014-09-18 00:00:00-04:00,12.633851793491155
2014-09-19 00:00:00-04:00,12.40058234031695
2014-09-22 00:00:00-04:00,12.223298232059525
2014-09-23 00:00:00-04:00,12.372591097591785
2014-09-24 00:00:00-04:00,12.44723652700534
2014-09-25 00:00:00-04:00,12.129990392970777
2014-09-26 00:00:00-04:00,11.952706229205033
2014-09-29 00:00:00-04:00,12.111328308140891
2014-09-30 00:00:00-04:00,12.40991377579393
2014-10-01 00:00:00-04:00,12.503220544343876
2014-10-02 00:00:00-04:00,12.559205739282163
2014-10-03 00:00:00-04:00,12.400582727675502
2014-10-06 00:00:00-04:00,12.671175197947216
2014-10-07 00:00:00-04:00,12.531213540739047
2014-10-08 00:00:00-04:00,12.23262862479557
2014-10-09 00:00:00-04:00,11.962036422550664
2014-10-10 00:00:00-04:00,11.850067506523335
2014-10-13 00:00:00-04:00,11.514160883520825
2014-10-14 00:00:00-04:00,11.448845863342285
2014-10-15 00:00:00-04:00,11.234237533310145
2014-10-16 00:00:00-04:00,10.991637654691052
2014-10-17 00:00:00-04:00,11.196914193747206
2014-10-20 00:00:00-04:00,11.150259997562161
2014-10-21 00:00:00-04:00,11.150260487673709
2014-10-22 00:00:00-04:00,11.178252189525203
2014-10-23 00:00:00-04:00,11.495498839139948
2014-10-24 00:00:00-04:00,11.691444806786063
2014-10-27 00:00:00-04:00,11.588806551554857
2014-10-28 00:00:00-04:00,11.812744985039846
2014-10-29 00:00:00-04:00,12.31660561054133
2014-10-30 00:00:00-04:00,12.12065933611124
2014-10-31 00:00:00-04:00,12.213967256757842
2014-11-03 00:00:00-05:00,12.279282454099716
2014-11-04 00:00:00-05:00,11.980698644114705
2014-11-05 00:00:00-05:00,11.78475238586523
2014-11-06 00:00:00-05:00,11.66345228515334
2014-11-07 00:00:00-05:00,11.430183107106973
2014-11-10 00:00:00-05:00,10.935653426039853
2014-11-11 00:00:00-05:00,10.861007405233721
2014-11-12 00:00:00-05:00,11.028960041663348
2014-11-13 00:00:00-05:00,10.805022724822724
2014-11-14 00:00:00-05:00,10.777030504058844
2014-11-17 00:00:00-05:00,11.178252220153809
2014-11-18 00:00:00-05:00,10.66506151064338
2014-11-19 00:00:00-05:00,10.515769145847868
2014-11-20 00:00:00-05:00,10.581084523666524
2014-11-21 00:00:00-05:00,10.63706873268127
2014-11-24 00:00:00-05:00,10.73037669638564
2014-11-25 00:00:00-05:00,10.71171410759621
2014-11-26 00:00:00-05:00,10.702384063367917
2014-11-28 00:00:00-05:00,10.609076079780642
2014-12-01 00:00:00-05:00,10.254507001543752
2014-12-02 00:00:00-05:00,9.825292376269015
2014-12-03 00:00:00-05:00,9.797300597782492
2014-12-04 00:00:00-05:00,9.610685137106103
2014-12-05 00:00:00-05:00,9.536039383443612
2014-12-08 00:00:00-05:00,9.31210032326374
2014-12-09 00:00:00-05:00,9.00418472290039
2014-12-10 00:00:00-05:00,8.836231796265505
2014-12-11 00:00:00-05:00,8.509655044585088
2014-12-12 00:00:00-05:00,8.425677844227952
2014-12-15 00:00:00-05:00,8.332370549142567
2014-12-16 00:00:00-05:00,8.108432106345132
2014-12-17 00:00:00-05:00,8.173747409957443
2014-12-18 00:00:00-05:00,8.58430128387113
2014-12-19 00:00:00-05:00,9.610685337763815
2014-12-22 00:00:00-05:00,8.808238664929844
2014-12-23 00:00:00-05:00,9.078830769401927
2014-12-24 00:00:00-05:00,9.386747055537153
2014-12-26 00:00:00-05:00,9.452062076148655
2014-12-29 00:00:00-05:00,9.601353898663213
2014-12-30 00:00:00-05:00,9.517376886050261
2014-12-31 00:00:00-05:00,9.58269295181798
2015-01-02 00:00:00-05:00,9.209462041786447
2015-01-05 00:00:00-05:00,8.882885813497673
2015-01-06 00:00:00-05:00,8.416347896080882
2015-01-07 00:00:00-05:00,8.696269499831276
2015-01-08 00:00:00-05:00,8.714931925621844
2015-01-09 00:00:00-05:00,8.882885430469239
2015-01-12 00:00:00-05:00,8.742923750347064
2015-01-13 00:00:00-05:00,8.808239135164666
2015-01-14 00:00:00-05:00,8.360362517573336
2015-01-15 00:00:00-05:00,8.31370924268506
2015-01-16 00:00:00-05:00,8.407016325755519
2015-01-20 00:00:00-05:00,8.201739812673251
2015-01-21 00:00:00-05:00,8.183078263301287
2015-01-22 00:00:00-05:00,8.285716508355634
2015-01-23 00:00:00-05:00,8.267054557800293
2015-01-26 00:00:00-05:00,8.267054394599706
2015-01-27 00:00:00-05:00,8.043116319113746
2015-01-28 00:00:00-05:00,8.164416635957828
2015-01-29 00:00:00-05:00,7.996462612173739
2015-01-30 00:00:00-05:00,7.837839659633274
2015-02-02 00:00:00-05:00,7.641893720331634
2015-02-03 00:00:00-05:00,7.697878515738809
2015-02-04 00:00:00-05:00,7.912485904671517
2015-02-05 00:00:00-05:00,7.875162303243339
2015-02-06 00:00:00-05:00,8.313708668991133
2015-02-09 00:00:00-05:00,8.08043965098689
2015-02-10 00:00:00-05:00,7.819178567334298
2015-02-11 00:00:00-05:00,7.6978786693206285
2015-02-12 00:00:00-05:00,7.5019328714646605
2015-02-13 00:00:00-05:00,7.753863787178637
2015-02-17 00:00:00-05:00,7.632563810759321
2015-02-18 00:00:00-05:00,7.7072098071847455
2015-02-19 00:00:00-05:00,7.753863521727406
2015-02-20 00:00:00-05:00,7.697878572722679
2015-02-23 00:00:00-05:00,7.679216910162317
2015-02-24 00:00:00-05:00,7.725870809595055
2015-02-25 00:00:00-05:00,7.949809767877589
2015-02-26 00:00:00-05:00,7.809847787215145
2015-02-27 00:00:00-05:00,7.884493457378631
2015-03-02 00:00:00-05:00,8.332370605424686
2015-03-03 00:00:00-05:00,7.968470906585329
2015-03-04 00:00:00-05:00,7.688547664615459
2015-03-05 00:00:00-05:00,7.688547668558827
2015-03-06 00:00:00-05:00,7.539255428258377
2015-03-09 00:00:00-04:00,7.352640599721493
2015-03-10 00:00:00-04:00,7.399293912922189
2015-03-11 00:00:00-04:00,7.473940360482818
2015-03-12 00:00:00-04:00,7.51126380771384
2015-03-13 00:00:00-04:00,7.417955606359695
2015-03-16 00:00:00-04:00,7.781855919101197
2015-03-17 00:00:00-04:00,7.529924657876046
2015-03-18 00:00:00-04:00,7.483271742178652
2015-03-19 00:00:00-04:00,7.744532889352252
2015-03-20 00:00:00-04:00,7.492601789987524
2015-03-23 00:00:00-04:00,7.679216567235788
2015-03-24 00:00:00-04:00,7.875162852118598
2015-03-25 00:00:00-04:00,7.88449362980438
2015-03-26 00:00:00-04:00,7.7352016096434975
2015-03-27 00:00:00-04:00,7.753863574834478
2015-03-30 00:00:00-04:00,7.707209835303553
2015-03-31 00:00:00-04:00,7.576578641816828
2015-04-01 00:00:00-04:00,7.632563591003418
2015-04-02 00:00:00-04:00,7.651224848478402
2015-04-06 00:00:00-04:00,7.81917877761288
2015-04-07 00:00:00-04:00,7.903155779222278
2015-04-08 00:00:00-04:00,7.9124859353295
2015-04-09 00:00:00-04:00,7.921816855822925
2015-04-10 00:00:00-04:00,7.744532585144044
2015-04-13 00:00:00-04:00,7.80051673564202
2015-04-14 00:00:00-04:00,7.529924832740411
2015-04-15 00:00:00-04:00,7.781855833755716
2015-04-16 00:00:00-04:00,7.865832421847803
2015-04-17 00:00:00-04:00,8.136424596774276
2015-04-20 00:00:00-04:00,8.173747571278899
2015-04-21 00:00:00-04:00,8.06177853617449
2015-04-22 00:00:00-04:00,7.884493588141328
2015-04-23 00:00:00-04:00,7.912486076559301
2015-04-24 00:00:00-04:00,8.071109124313836
2015-04-27 00:00:00-04:00,8.033785935331844
2015-04-28 00:00:00-04:00,7.82850982282528
2015-04-29 00:00:00-04:00,7.6978786115795454
2015-04-30 00:00:00-04:00,7.604570704836515
2015-05-01 00:00:00-04:00,7.445948198347662
2015-05-04 00:00:00-04:00,7.361971116060573
2015-05-05 00:00:00-04:00,7.483271150743739
2015-05-06 00:00:00-04:00,7.987132236191143
2015-05-07 00:00:00-04:00,8.099101559493207
2015-05-08 00:00:00-04:00,7.996462944109226
2015-05-11 00:00:00-04:00,8.08043955410989
2015-05-12 00:00:00-04:00,8.052447517945412
2015-05-13 00:00:00-04:00,8.108431563638183
2015-05-14 00:00:00-04:00,8.295047745617955
2015-05-15 00:00:00-04:00,8.276385988900682
2015-05-18 00:00:00-04:00,8.444340221535796
2015-05-19 00:00:00-04:00,8.267054833244078
2015-05-20 00:00:00-04:00,8.2017402319014
2015-05-21 00:00:00-04:00,8.267054557800293
2015-05-22 00:00:00-04:00,8.117762499844572
2015-05-26 00:00:00-04:00,8.295048017607598
2015-05-27 00:00:00-04:00,8.285716495172297
2015-05-28 00:00:00-04:00,8.117763019954362
2015-05-29 00:00:00-04:00,8.267054568577098
2015-06-01 00:00:00-04:00,8.313708844940773
2015-06-02 00:00:00-04:00,7.9404790987348886
2015-06-03 00:00:00-04:00,8.360363249581429
2015-06-04 00:00:00-04:00,8.285716778320914
2015-06-05 00:00:00-04:00,8.136424277827297
2015-06-08 00:00:00-04:00,8.164416512406417
2015-06-09 00:00:00-04:00,8.295047481433759
2015-06-10 00:00:00-04:00,8.500324248854234
2015-06-11 00:00:00-04:00,8.668277646473065
2015-06-12 00:00:00-04:00,8.929539011399543
2015-06-15 00:00:00-04:00,8.761585701183298
2015-06-16 00:00:00-04:00,8.770915572338053
2015-06-17 00:00:00-04:00,8.593631940933633
2015-06-18 00:00:00-04:00,8.621623753164586
2015-06-19 00:00:00-04:00,8.584300980001036
2015-06-22 00:00:00-04:00,8.668277768387068
2015-06-23 00:00:00-04:00,8.546977799105829
2015-06-24 00:00:00-04:00,8.500323854488892
2015-06-25 00:00:00-04:00,8.472331803231766
2015-06-26 00:00:00-04:00,8.397686231170235
2015-06-29 00:00:00-04:00,8.267054557800293
2015-06-30 00:00:00-04:00,8.201740070007896
2015-07-01 00:00:00-04:00,8.173748016357422
2015-07-02 00:00:00-04:00,8.117762797441852
2015-07-06 00:00:00-04:00,8.127093302762349
2015-07-07 00:00:00-04:00,8.14575462903275
2015-07-08 00:00:00-04:00,8.052447544888686
2015-07-09 00:00:00-04:00,8.117762327697399
2015-07-10 00:00:00-04:00,8.1737481137983
2015-07-13 00:00:00-04:00,8.472332015933459
2015-07-14 00:00:00-04:00,8.472332031269616
2015-07-15 00:00:00-04:00,8.341700634630204
2015-07-16 00:00:00-04:00,8.304378072333531
2015-07-17 00:00:00-04:00,8.295047537639665
2015-07-20 00:00:00-04:00,8.11776237777927
2015-07-21 00:00:00-04:00,8.19240837355349
2015-07-22 00:00:00-04:00,8.183078300989415
2015-07-23 00:00:00-04:00,8.00579334586137
2015-07-24 00:00:00-04:00,7.921816588641374
2015-07-27 00:00:00-04:00,7.884493615784747
2015-07-28 00:00:00-04:00,7.763193646294335
2015-07-29 00:00:00-04:00,7.725870814979034
2015-07-30 00:00:00-04:00,7.83783986342052
2015-07-31 00:00:00-04:00,7.968470799579847
2015-08-03 00:00:00-04:00,7.875162629172133
2015-08-04 00:00:00-04:00,7.987132721549105
2015-08-05 00:00:00-04:00,8.155085838955092
2015-08-06 00:00:00-04:00,8.015124480112835
2015-08-07 00:00:00-04:00,8.173747474575924
2015-08-10 00:00:00-04:00,8.285716519156768
2015-08-11 00:00:00-04:00,8.248393510338722
2015-08-12 00:00:00-04:00,8.183078449853594
2015-08-13 00:00:00-04:00,8.295047774531671
2015-08-14 00:00:00-04:00,8.267054847716977
2015-08-17 00:00:00-04:00,8.229731844106896
2015-08-18 00:00:00-04:00,8.080439594854363
2015-08-19 00:00:00-04:00,8.015124905004772
2015-08-20 00:00:00-04:00,7.725870829796091
2015-08-21 00:00:00-04:00,7.735201681820272
2015-08-24 00:00:00-04:00,7.175355857437822
2015-08-25 00:00:00-04:00,7.576578510364113
2015-08-26 00:00:00-04:00,7.455278647362434
2015-08-27 00:00:00-04:00,7.557917566286825
2015-08-28 00:00:00-04:00,7.641893637685066
2015-08-31 00:00:00-04:00,7.6792168617248535
2015-09-01 00:00:00-04:00,7.445948206000213
2015-09-02 00:00:00-04:00,7.473940436197176
2015-09-03 00:00:00-04:00,7.119371442162313
2015-09-04 00:00:00-04:00,7.0820486729547465
2015-09-08 00:00:00-04:00,7.044725636766673
2015-09-09 00:00:00-04:00,7.0820483954286795
2015-09-10 00:00:00-04:00,7.361970921722205
2015-09-11 00:00:00-04:00,7.408625104174206
2015-09-14 00:00:00-04:00,7.48327180892295
2015-09-15 00:00:00-04:00,7.427286421245886
2015-09-16 00:00:00-04:00,7.35264058539309
2015-09-17 00:00:00-04:00,7.38063241393277
2015-09-18 00:00:00-04:00,7.417955656579837
2015-09-21 00:00:00-04:00,7.333979167095046
2015-09-22 00:00:00-04:00,7.194017444974765
2015-09-23 00:00:00-04:00,7.0913789926795925
2015-09-24 00:00:00-04:00,6.774133635700377
2015-09-25 00:00:00-04:00,6.858109866190368
2015-09-28 00:00:00-04:00,7.016733239762086
2015-09-29 00:00:00-04:00,6.867441154218337
2015-09-30 00:00:00-04:00,6.9327562208835705
2015-10-01 00:00:00-04:00,6.970079250238999
2015-10-02 00:00:00-04:00,7.026063830941082
2015-10-05 00:00:00-04:00,7.315317645612816
2015-10-06 00:00:00-04:00,7.2873248919412426
2015-10-07 00:00:00-04:00,7.483271369710319
2015-10-08 00:00:00-04:00,7.408625270535565
2015-10-09 00:00:00-04:00,7.837839547467673
2015-10-12 00:00:00-04:00,7.940478525682017
2015-10-13 00:00:00-04:00,7.968470900183143
2015-10-14 00:00:00-04:00,7.8938248130158675
2015-10-15 00:00:00-04:00,7.968471058206041
2015-10-16 00:00:00-04:00,7.987132707071135
2015-10-19 00:00:00-04:00,8.043116795639294
2015-10-20 00:00:00-04:00,8.295047860165585
2015-10-21 00:00:00-04:00,7.772524788957568
2015-10-22 00:00:00-04:00,7.828509723989017
2015-10-23 00:00:00-04:00,7.837839617274665
2015-10-26 00:00:00-04:00,7.819178847041202
2015-10-27 00:00:00-04:00,7.781855569221058
2015-10-28 00:00:00-04:00,7.772524654169584
2015-10-29 00:00:00-04:00,7.464609622955322
2015-10-30 00:00:00-04:00,7.55791752769579
2015-11-02 00:00:00-05:00,7.75386381149292
2015-11-03 00:00:00-05:00,7.4366169311331936
2015-11-04 00:00:00-05:00,7.250002201571732
2015-11-05 00:00:00-05:00,7.100709915161133
2015-11-06 00:00:00-05:00,7.175356182946698
2015-11-09 00:00:00-05:00,7.026064239842657
2015-11-10 00:00:00-05:00,6.848779685534509
2015-11-11 00:00:00-05:00,6.792795180817677
2015-11-12 00:00:00-05:00,6.746140986064537
2015-11-13 00:00:00-05:00,6.624841052887478
2015-11-16 00:00:00-05:00,6.503540801069206
2015-11-17 00:00:00-05:00,6.550194809330991
2015-11-18 00:00:00-05:00,6.494210522440574
2015-11-19 00:00:00-05:00,6.503540780450402
2015-11-20 00:00:00-05:00,6.587518001585327
2015-11-23 00:00:00-05:00,6.42889502691121
2015-11-24 00:00:00-05:00,6.419564253994652
2015-11-25 00:00:00-05:00,6.475548704188402
2015-11-27 00:00:00-05:00,6.6341719924221065
2015-11-30 00:00:00-05:00,6.531533455290079
2015-12-01 00:00:00-05:00,6.708818162363061
2015-12-02 00:00:00-05:00,6.6528334838985685
2015-12-03 00:00:00-05:00,6.410233251412273
2015-12-04 00:00:00-05:00,6.578187228108358
2015-12-07 00:00:00-05:00,6.596848796611178
2015-12-08 00:00:00-05:00,6.260941528679429
2015-12-09 00:00:00-05:00,6.204957008361816
2015-12-10 00:00:00-05:00,6.2702720753591
2015-12-11 00:00:00-05:00,6.064995531037664
2015-12-14 00:00:00-05:00,5.990349129163319
2015-12-15 00:00:00-05:00,5.8783802271621495
2015-12-16 00:00:00-05:00,6.06499528172556
2015-12-17 00:00:00-05:00,6.083656831413591
2015-12-18 00:00:00-05:00,6.055664101454359
2015-12-21 00:00:00-05:00,6.055664579159755
2015-12-22 00:00:00-05:00,5.869049293881753
2015-12-23 00:00:00-05:00,6.195625839351247
2015-12-24 00:00:00-05:00,6.07432624312359
2015-12-28 00:00:00-05:00,6.102318265784829
2015-12-29 00:00:00-05:00,6.279603067203223
2015-12-30 00:00:00-05:00,6.064995531386071
2015-12-31 00:00:00-05:00,6.186295237582172
2016-01-04 00:00:00-05:00,6.130311028051072
2016-01-05 00:00:00-05:00,6.10231852896296
2016-01-06 00:00:00-05:00,5.981018085944775
2016-01-07 00:00:00-05:00,5.831726121599404
2016-01-08 00:00:00-05:00,5.831726101030123
2016-01-11 00:00:00-05:00,5.719757093659912
2016-01-12 00:00:00-05:00,5.729087590424182
2016-01-13 00:00:00-05:00,5.747749116270456
2016-01-14 00:00:00-05:00,5.663772510683174
2016-01-15 00:00:00-05:00,5.663772536390131
2016-01-19 00:00:00-05:00,5.831726479821149
2016-01-20 00:00:00-05:00,5.766410822570739
2016-01-21 00:00:00-05:00,5.81306479398768
2016-01-22 00:00:00-05:00,6.0090108062923235
2016-01-25 00:00:00-05:00,5.803733599901753
2016-01-26 00:00:00-05:00,5.9250336024211725
2016-01-27 00:00:00-05:00,5.747749150730604
2016-01-28 00:00:00-05:00,5.598457090116643
2016-01-29 00:00:00-05:00,5.710426071593119
2016-02-01 00:00:00-05:00,5.85038755364193
2016-02-02 00:00:00-05:00,5.803733893937257
2016-02-03 00:00:00-05:00,5.757080282177015
2016-02-04 00:00:00-05:00,5.831726035264392
2016-02-05 00:00:00-05:00,5.878380040962974
2016-02-08 00:00:00-05:00,5.8130645751953125
2016-02-09 00:00:00-05:00,5.673103297658717
2016-02-10 00:00:00-05:00,5.76641059518452
2016-02-11 00:00:00-05:00,5.607788259908732
2016-02-12 00:00:00-05:00,5.766410960463274
2016-02-16 00:00:00-05:00,6.102318498650153
2016-02-17 00:00:00-05:00,6.326256758978992
2016-02-18 00:00:00-05:00,6.4475564808372905
2016-02-19 00:00:00-05:00,6.494210250009286
2016-02-22 00:00:00-05:00,6.559525959244322
2016-02-23 00:00:00-05:00,6.550194988709238
2016-02-24 00:00:00-05:00,6.4475562495952214
2016-02-25 00:00:00-05:00,6.475548724023546
2016-02-26 00:00:00-05:00,6.531533275389557
2016-02-29 00:00:00-05:00,6.447556488230498
2016-03-01 00:00:00-05:00,6.60617925748635
2016-03-02 00:00:00-05:00,6.522202501472109
2016-03-03 00:00:00-05:00,6.615510471093631
2016-03-04 00:00:00-05:00,6.708817923050064
2016-03-07 00:00:00-05:00,6.8674409265426695
2016-03-08 00:00:00-05:00,6.820786989151158
2016-03-09 00:00:00-05:00,6.764802477669729
2016-03-10 00:00:00-05:00,6.76480269012776
2016-03-11 00:00:00-05:00,6.53153338502657
2016-03-14 00:00:00-04:00,6.83944845199585
2016-03-15 00:00:00-04:00,6.914094729766546
2016-03-16 00:00:00-04:00,6.8674411314398975
2016-03-17 00:00:00-04:00,7.035394381216545
2016-03-18 00:00:00-04:00,7.361970949186798
2016-03-21 00:00:00-04:00,7.333979142264969
2016-03-22 00:00:00-04:00,7.259333089726263
2016-03-23 00:00:00-04:00,7.268663654793369
2016-03-24 00:00:00-04:00,7.259332875933576
2016-03-28 00:00:00-04:00,7.287325091019085
2016-03-29 00:00:00-04:00,7.287325319653267
2016-03-30 00:00:00-04:00,7.464609788045581
2016-03-31 00:00:00-04:00,7.61390184143036
2016-04-01 00:00:00-04:00,7.5392558540560675
2016-04-04 00:00:00-04:00,7.529924444629276
2016-04-05 00:00:00-04:00,7.417955686080289
2016-04-06 00:00:00-04:00,7.361970901489258
2016-04-07 00:00:00-04:00,7.315317386535741
2016-04-08 00:00:00-04:00,7.408624874840181
2016-04-11 00:00:00-04:00,7.464609432815934
2016-04-12 00:00:00-04:00,7.035394493721294
2016-04-13 00:00:00-04:00,7.60457085326154
2016-04-14 00:00:00-04:00,7.856501576471106
2016-04-15 00:00:00-04:00,7.847170884542608
2016-04-18 00:00:00-04:00,7.8378400332642455
2016-04-19 00:00:00-04:00,8.24839374342366
2016-04-20 00:00:00-04:00,8.397686198870648
2016-04-21 00:00:00-04:00,8.435008834434967
2016-04-22 00:00:00-04:00,8.40701673994941
2016-04-25 00:00:00-04:00,8.435009080410303
2016-04-26 00:00:00-04:00,8.379023785440081
2016-04-27 00:00:00-04:00,8.574969480388207
2016-04-28 00:00:00-04:00,8.948201118430006
2016-04-29 00:00:00-04:00,9.284107935950258
2016-05-02 00:00:00-04:00,9.246785328591995
2016-05-03 00:00:00-04:00,9.377416169842192
2016-05-04 00:00:00-04:00,9.069501327917365
2016-05-05 00:00:00-04:00,9.162808467067942
2016-05-06 00:00:00-04:00,8.733593199302035
2016-05-09 00:00:00-04:00,8.910877504444894
2016-05-10 00:00:00-04:00,8.752255181925491
2016-05-11 00:00:00-04:00,8.845562194361522
2016-05-12 00:00:00-04:00,8.938870007121414
2016-05-13 00:00:00-04:00,8.798909202754459
2016-05-16 00:00:00-04:00,8.584300825664023
2016-05-17 00:00:00-04:00,8.332371047188737
2016-05-18 00:00:00-04:00,8.173747852054037
2016-05-19 00:00:00-04:00,8.640285531206064
2016-05-20 00:00:00-04:00,8.565639548896339
2016-05-23 00:00:00-04:00,8.407017026906619
2016-05-24 00:00:00-04:00,8.248393537188354
2016-05-25 00:00:00-04:00,8.341700553894043
2016-05-26 00:00:00-04:00,8.108431537483007
2016-05-27 00:00:00-04:00,8.192409110034173
2016-05-31 00:00:00-04:00,8.07110851153271
2016-06-01 00:00:00-04:00,8.164417233705075
2016-06-02 00:00:00-04:00,8.080439838022675
2016-06-03 00:00:00-04:00,7.931147772118791
2016-06-06 00:00:00-04:00,8.089770690917236
2016-06-07 00:00:00-04:00,8.397685830692621
2016-06-08 00:00:00-04:00,8.369694209203013
2016-06-09 00:00:00-04:00,8.248393550798342
2016-06-10 00:00:00-04:00,8.17374789890496
2016-06-13 00:00:00-04:00,7.8005168710931185
2016-06-14 00:00:00-04:00,7.679216635749078
2016-06-15 00:00:00-04:00,7.651224681233372
2016-06-16 00:00:00-04:00,7.557917594909668
2016-06-17 00:00:00-04:00,7.212679112852921
2016-06-20 00:00:00-04:00,7.016733223864698
2016-06-21 00:00:00-04:00,6.951417735518746
2016-06-22 00:00:00-04:00,6.932755961232051
2016-06-23 00:00:00-04:00,6.876771405421166
2016-06-24 00:00:00-04:00,7.2313408240113635
2016-06-27 00:00:00-04:00,6.970079150564357
2016-06-28 00:00:00-04:00,7.072717443595161
2016-06-29 00:00:00-04:00,6.98874044418335
2016-06-30 00:00:00-04:00,6.830117865742168
2016-07-01 00:00:00-04:00,6.98874073337639
2016-07-05 00:00:00-04:00,6.923425452091836
2016-07-06 00:00:00-04:00,6.8767717474191565
2016-07-07 00:00:00-04:00,6.662164188129895
2016-07-08 00:00:00-04:00,6.736810177211217
2016-07-11 00:00:00-04:00,6.78346387830774
2016-07-12 00:00:00-04:00,6.998071732937935
2016-07-13 00:00:00-04:00,6.802125453948975
2016-07-14 00:00:00-04:00,6.802125695962444
2016-07-15 00:00:00-04:00,6.6435023742433055
2016-07-18 00:00:00-04:00,6.998071717082827
2016-07-19 00:00:00-04:00,6.68082554365035
2016-07-20 00:00:00-04:00,6.652833656701058
2016-07-21 00:00:00-04:00,6.718148708343506
2016-07-22 00:00:00-04:00,6.690156431025038
2016-07-25 00:00:00-04:00,6.876771264713486
2016-07-26 00:00:00-04:00,6.615510199421119
2016-07-27 00:00:00-04:00,6.643502248712673
2016-07-28 00:00:00-04:00,6.615510627294187
2016-07-29 00:00:00-04:00,6.186295230702113
2016-08-01 00:00:00-04:00,6.20495678584683
2016-08-02 00:00:00-04:00,6.139641284942627
2016-08-03 00:00:00-04:00,6.158302996101568
2016-08-04 00:00:00-04:00,6.503540889787985
2016-08-05 00:00:00-04:00,6.755471480329765
2016-08-08 00:00:00-04:00,6.7648026980241855
2016-08-09 00:00:00-04:00,6.727479350981203
2016-08-10 00:00:00-04:00,7.054056261466863
2016-08-11 00:00:00-04:00,6.904764222140804
2016-08-12 00:00:00-04:00,6.811456394155614
2016-08-15 00:00:00-04:00,6.886102262388877
2016-08-16 00:00:00-04:00,8.229731806462148
2016-08-17 00:00:00-04:00,8.341700553894043
2016-08-18 00:00:00-04:00,8.397686214948903
2016-08-19 00:00:00-04:00,8.388354538660488
2016-08-22 00:00:00-04:00,8.490994245146291
2016-08-23 00:00:00-04:00,8.323040087339285
2016-08-24 00:00:00-04:00,8.071109252236674
2016-08-25 00:00:00-04:00,8.341701185598115
2016-08-26 00:00:00-04:00,8.52831651094783
2016-08-29 00:00:00-04:00,8.48166275024414
2016-08-30 00:00:00-04:00,8.379023757990053
2016-08-31 00:00:00-04:00,8.593631544825316
2016-09-01 00:00:00-04:00,8.416347687414305
2016-09-02 00:00:00-04:00,8.509654998779297
2016-09-06 00:00:00-04:00,8.612293291172469
2016-09-07 00:00:00-04:00,8.73359253575881
2016-09-08 00:00:00-04:00,8.742923473186812
2016-09-09 00:00:00-04:00,8.78024702028789
2016-09-12 00:00:00-04:00,8.481662447735692
2016-09-13 00:00:00-04:00,8.528316709754076
2016-09-14 00:00:00-04:00,8.4536711173532
2016-09-15 00:00:00-04:00,8.39768580736164
2016-09-16 00:00:00-04:00,8.36969419289124
2016-09-19 00:00:00-04:00,8.360362530875442
2016-09-20 00:00:00-04:00,8.323039317327497
2016-09-21 00:00:00-04:00,8.164416779840048
2016-09-22 00:00:00-04:00,8.2763860192667
2016-09-23 00:00:00-04:00,8.08977104433137
2016-09-26 00:00:00-04:00,8.089770502873426
2016-09-27 00:00:00-04:00,8.257725133973429
2016-09-28 00:00:00-04:00,8.44434017262054
2016-09-29 00:00:00-04:00,8.397685929955315
2016-09-30 00:00:00-04:00,8.58430053057071
2016-10-03 00:00:00-04:00,8.630954701283654
2016-10-04 00:00:00-04:00,8.798909235287512
2016-10-05 00:00:00-04:00,8.761585411037803
2016-10-06 00:00:00-04:00,8.985524208727986
2016-10-07 00:00:00-04:00,9.022847129979507
2016-10-10 00:00:00-04:00,9.097492603846236
2016-10-11 00:00:00-04:00,9.480054098668747
2016-10-12 00:00:00-04:00,9.49871582511773
2016-10-13 00:00:00-04:00,9.256115857847334
2016-10-14 00:00:00-04:00,9.442730717171537
2016-10-17 00:00:00-04:00,9.265446922368492
2016-10-18 00:00:00-04:00,10.077223551068887
2016-10-19 00:00:00-04:00,9.750646110379185
2016-10-20 00:00:00-04:00,9.8999383571373
2016-10-21 00:00:00-04:00,9.713322848730055
2016-10-24 00:00:00-04:00,9.871946108801525
2016-10-25 00:00:00-04:00,9.918600487896327
2016-10-26 00:00:00-04:00,9.974583969658001
2016-10-27 00:00:00-04:00,9.899938567484936
2016-10-28 00:00:00-04:00,9.946592654991612
2016-10-31 00:00:00-04:00,9.638677516695106
2016-11-01 00:00:00-04:00,9.834623398572443
2016-11-02 00:00:00-04:00,9.694662133367071
2016-11-03 00:00:00-04:00,9.424070265247199
2016-11-04 00:00:00-04:00,9.722653854168419
2016-11-07 00:00:00-05:00,9.666669054482355
2016-11-08 00:00:00-05:00,10.03056896710952
2016-11-09 00:00:00-05:00,10.067892300765667
2016-11-10 00:00:00-05:00,10.058560736606834
2016-11-11 00:00:00-05:00,9.871946120084994
2016-11-14 00:00:00-05:00,8.677608507792717
2016-11-15 00:00:00-05:00,9.648007663664664
2016-11-16 00:00:00-05:00,10.4411227144818
2016-11-17 00:00:00-05:00,10.319823161787346
2016-11-18 00:00:00-05:00,9.806630951244527
2016-11-21 00:00:00-05:00,9.424069617360512
2016-11-22 00:00:00-05:00,9.4987156135303
2016-11-23 00:00:00-05:00,9.442731086069688
2016-11-25 00:00:00-05:00,9.480053766811038
2016-11-28 00:00:00-05:00,10.170530593713341
2016-11-29 00:00:00-05:00,10.217183802504655
2016-11-30 00:00:00-05:00,10.60907657682872
2016-12-01 00:00:00-05:00,10.571752851074915
2016-12-02 00:00:00-05:00,10.450453374498839
2016-12-05 00:00:00-05:00,11.215576807962556
2016-12-06 00:00:00-05:00,12.223299032352134
2016-12-07 00:00:00-05:00,12.801805311579477
2016-12-08 00:00:00-05:00,13.342989613290754
2016-12-09 00:00:00-05:00,13.3523211542859
2016-12-12 00:00:00-05:00,13.259012877526285
2016-12-13 00:00:00-05:00,13.352321303980585
2016-12-14 00:00:00-05:00,13.856182279550415
2016-12-15 00:00:00-05:00,13.22169007251661
2016-12-16 00:00:00-05:00,13.370981442181227
2016-12-19 00:00:00-05:00,13.716220481767516
2016-12-20 00:00:00-05:00,13.54826672079056
2016-12-21 00:00:00-05:00,13.296335947890059
2016-12-22 00:00:00-05:00,13.361651286921942
2016-12-23 00:00:00-05:00,13.333658430982881
2016-12-27 00:00:00-05:00,13.324327689577267
2016-12-28 00:00:00-05:00,13.445627998613045
2016-12-29 00:00:00-05:00,13.380313356656465
2016-12-30 00:00:00-05:00,13.389643669128418
2017-01-03 00:00:00-05:00,13.305666571714916
2017-01-04 00:00:00-05:00,12.829798260981521
2017-01-05 00:00:00-05:00,12.745821164728357
2017-01-06 00:00:00-05:00,12.932435537670301
2017-01-09 00:00:00-05:00,12.876451321092423
2017-01-10 00:00:00-05:00,12.37259038633659
2017-01-11 00:00:00-05:00,11.971367940180878
2017-01-12 00:00:00-05:00,12.512551833779552
2017-01-13 00:00:00-05:00,12.493890733045129
2017-01-17 00:00:00-05:00,12.531213745733991
2017-01-18 00:00:00-05:00,12.689836346338307
2017-01-19 00:00:00-05:00,12.409913501001137
2017-01-20 00:00:00-05:00,12.577866815074268
2017-01-23 00:00:00-05:00,12.38192137806364
2017-01-24 00:00:00-05:00,12.904444240743555
2017-01-25 00:00:00-05:00,12.67117516793941
2017-01-26 00:00:00-05:00,13.035075266050745
2017-01-27 00:00:00-05:00,12.86712118146094
2017-01-30 00:00:00-05:00,13.762874447987844
2017-01-31 00:00:00-05:00,12.960428491083563
2017-02-01 00:00:00-05:00,13.053735561597998
2017-02-02 00:00:00-05:00,13.11905217516398
2017-02-03 00:00:00-05:00,13.268344213754041
2017-02-06 00:00:00-05:00,13.091058933220545
2017-02-07 00:00:00-05:00,13.007082045307033
2017-02-08 00:00:00-05:00,12.923106162303787
2017-02-09 00:00:00-05:00,13.11905223822651
2017-02-10 00:00:00-05:00,12.885782894889907
2017-02-13 00:00:00-05:00,13.016412995223888
2017-02-14 00:00:00-05:00,12.717829081776475
2017-02-15 00:00:00-05:00,13.035074927348026
2017-02-16 00:00:00-05:00,13.035074671885312
2017-02-17 00:00:00-05:00,13.240351381688653
2017-02-21 00:00:00-05:00,12.69916722115299
2017-02-22 00:00:00-05:00,13.20302833578675
2017-02-23 00:00:00-05:00,12.913775233384353
2017-02-24 00:00:00-05:00,12.923105649448123
2017-02-27 00:00:00-05:00,13.072398079148975
2017-02-28 00:00:00-05:00,13.342989709607151
2017-03-01 00:00:00-05:00,13.398973853049998
2017-03-02 00:00:00-05:00,13.772204548689398
2017-03-03 00:00:00-05:00,13.147044120749342
2017-03-06 00:00:00-05:00,13.240350954981938
2017-03-07 00:00:00-05:00,13.55759659344619
2017-03-08 00:00:00-05:00,12.96042896156027
2017-03-09 00:00:00-05:00,12.876451624926059
2017-03-10 00:00:00-05:00,12.363259767773448
2017-03-13 00:00:00-04:00,12.23262911165071
2017-03-14 00:00:00-04:00,12.03668273318876
2017-03-15 00:00:00-04:00,11.859398268564497
2017-03-16 00:00:00-04:00,12.335267213801433
2017-03-17 00:00:00-04:00,12.624520887383715
2017-03-20 00:00:00-04:00,12.279282330685463
2017-03-21 00:00:00-04:00,12.241959798013415
2017-03-22 00:00:00-04:00,12.157982443249091
2017-03-23 00:00:00-04:00,11.915383731075854
2017-03-24 00:00:00-04:00,12.148653014612503
2017-03-27 00:00:00-04:00,12.111328612378962
2017-03-28 00:00:00-04:00,12.101998356606758
2017-03-29 00:00:00-04:00,11.943375724018253
2017-03-30 00:00:00-04:00,12.204636588038138
2017-03-31 00:00:00-04:00,11.803413580341536
2017-04-03 00:00:00-04:00,11.980698991105474
2017-04-04 00:00:00-04:00,11.924713650794164
2017-04-05 00:00:00-04:00,12.148652334641895
2017-04-06 00:00:00-04:00,11.738098918674305
2017-04-07 00:00:00-04:00,11.710106818843077
2017-04-10 00:00:00-04:00,11.710106623509933
2017-04-11 00:00:00-04:00,11.794083375499074
2017-04-12 00:00:00-04:00,11.616798917458642
2017-04-13 00:00:00-04:00,11.598137498814813
2017-04-17 00:00:00-04:00,11.78475238586523
2017-04-18 00:00:00-04:00,11.504829723997743
2017-04-19 00:00:00-04:00,11.280891626567659
2017-04-20 00:00:00-04:00,10.506438377212563
2017-04-21 00:00:00-04:00,10.74903819462159
2017-04-24 00:00:00-04:00,10.907660528852873
2017-04-25 00:00:00-04:00,10.739707020045236
2017-04-26 00:00:00-04:00,10.42246132269929
2017-04-27 00:00:00-04:00,10.030568993869236
2017-04-28 00:00:00-04:00,10.31982273710149
2017-05-01 00:00:00-04:00,10.637068829130468
2017-05-02 00:00:00-04:00,10.35714652068848
2017-05-03 00:00:00-04:00,10.142538029344287
2017-05-04 00:00:00-04:00,10.095883941738832
2017-05-05 00:00:00-04:00,9.731985077700644
2017-05-08 00:00:00-04:00,9.73198531847225
2017-05-09 00:00:00-04:00,9.638677159463933
2017-05-10 00:00:00-04:00,9.638677548466347
2017-05-11 00:00:00-04:00,9.638677115825725
2017-05-12 00:00:00-04:00,9.610685102400128
2017-05-15 00:00:00-04:00,9.6106852872028
2017-05-16 00:00:00-04:00,9.86261517655785
2017-05-17 00:00:00-04:00,9.536039465992507
2017-05-18 00:00:00-04:00,9.386746606374661
2017-05-19 00:00:00-04:00,9.358754432353896
2017-05-22 00:00:00-04:00,9.442731388751556
2017-05-23 00:00:00-04:00,9.358753642763409
2017-05-24 00:00:00-04:00,9.666668851838896
2017-05-25 00:00:00-04:00,9.806631146777326
2017-05-26 00:00:00-04:00,9.70399212241692
2017-05-30 00:00:00-04:00,9.843953686674324
2017-05-31 00:00:00-04:00,9.452062412237526
2017-06-01 00:00:00-04:00,9.35875415802002
2017-06-02 00:00:00-04:00,9.246784923850138
2017-06-05 00:00:00-04:00,9.162807688688924
2017-06-06 00:00:00-04:00,9.321430748180166
2017-06-07 00:00:00-04:00,9.172138742983869
2017-06-08 00:00:00-04:00,9.312099944624126
2017-06-09 00:00:00-04:00,9.564030673054003
2017-06-12 00:00:00-04:00,9.657339110756219
2017-06-13 00:00:00-04:00,9.675999837288137
2017-06-14 00:00:00-04:00,10.002576984539559
2017-06-15 00:00:00-04:00,10.207853147423775
2017-06-16 00:00:00-04:00,10.067892005694253
2017-06-19 00:00:00-04:00,10.347815039307275
2017-06-20 00:00:00-04:00,10.095884695369778
2017-06-21 00:00:00-04:00,9.722654569177932
2017-06-22 00:00:00-04:00,9.862614897688667
2017-06-23 00:00:00-04:00,9.993245826336167
2017-06-26 00:00:00-04:00,9.909269229927768
2017-06-27 00:00:00-04:00,9.871946561303915
2017-06-28 00:00:00-04:00,9.759976865725942
2017-06-29 00:00:00-04:00,9.601353840509411
2017-06-30 00:00:00-04:00,9.5920234496051
2017-07-03 00:00:00-04:00,9.85328483581543
2017-07-05 00:00:00-04:00,9.778638402459757
2017-07-06 00:00:00-04:00,9.825292587280273
2017-07-07 00:00:00-04:00,9.610685227742177
2017-07-10 00:00:00-04:00,10.021237929160545
2017-07-11 00:00:00-04:00,9.974584383423192
2017-07-12 00:00:00-04:00,10.217183802504655
2017-07-13 00:00:00-04:00,10.31049186683109
2017-07-14 00:00:00-04:00,10.273169271678661
2017-07-17 00:00:00-04:00,10.179861633296298
2017-07-18 00:00:00-04:00,10.04923152923584
2017-07-19 00:00:00-04:00,10.198523231473507
2017-07-20 00:00:00-04:00,10.32915360880777
2017-07-21 00:00:00-04:00,10.105215298798798
2017-07-24 00:00:00-04:00,9.834622898640518
2017-07-25 00:00:00-04:00,10.021238187406214
2017-07-26 00:00:00-04:00,9.806631088256836
2017-07-27 00:00:00-04:00,10.030568785804663
2017-07-28 00:00:00-04:00,10.09588391143243
2017-07-31 00:00:00-04:00,10.011907366289345
2017-08-01 00:00:00-04:00,10.095884597029134
2017-08-02 00:00:00-04:00,9.862614829190715
2017-08-03 00:00:00-04:00,10.03990026353921
2017-08-04 00:00:00-04:00,10.058561325073242
2017-08-07 00:00:00-04:00,10.02123834200957
2017-08-08 00:00:00-04:00,10.067892285934892
2017-08-09 00:00:00-04:00,10.105214820803083
2017-08-10 00:00:00-04:00,10.161199980182191
2017-08-11 00:00:00-04:00,10.254507064819336
2017-08-14 00:00:00-04:00,10.170529854782556
2017-08-15 00:00:00-04:00,10.22651481628418
2017-08-16 00:00:00-04:00,10.329153060913086
2017-08-17 00:00:00-04:00,10.319823192751874
2017-08-18 00:00:00-04:00,10.506438305708162
2017-08-21 00:00:00-04:00,10.777030370178228
2017-08-22 00:00:00-04:00,10.73970770450244
2017-08-23 00:00:00-04:00,10.84234536791479
2017-08-24 00:00:00-04:00,10.534430263429115
2017-08-25 00:00:00-04:00,9.918600100329291
2017-08-28 00:00:00-04:00,10.273169262039545
2017-08-29 00:00:00-04:00,10.347814785614995
2017-08-30 00:00:00-04:00,10.422461556339444
2017-08-31 00:00:00-04:00,10.189192345570332
2017-09-01 00:00:00-04:00,10.02123795661409
2017-09-05 00:00:00-04:00,9.582692837703881
2017-09-06 00:00:00-04:00,9.536038823244384
2017-09-07 00:00:00-04:00,9.703992469293624
2017-09-08 00:00:00-04:00,9.573361701090299
2017-09-11 00:00:00-04:00,9.330762096248485
2017-09-12 00:00:00-04:00,9.51737743218415
2017-09-13 00:00:00-04:00,9.461393356323242
2017-09-14 00:00:00-04:00,9.750646068208663
2017-09-15 00:00:00-04:00,9.955923517951508
2017-09-18 00:00:00-04:00,9.918600082397461
2017-09-19 00:00:00-04:00,10.011907097635008
2017-09-20 00:00:00-04:00,10.086554222543441
2017-09-21 00:00:00-04:00,9.899938372276175
2017-09-22 00:00:00-04:00,9.741315551428892
2017-09-25 00:00:00-04:00,9.927931527313667
2017-09-26 00:00:00-04:00,9.68533113311438
2017-09-27 00:00:00-04:00,9.825292407128577
2017-09-28 00:00:00-04:00,10.011906777290278
2017-09-29 00:00:00-04:00,9.750646212609503
2017-10-02 00:00:00-04:00,9.797300338745117
2017-10-03 00:00:00-04:00,9.843954086303711
2017-10-04 00:00:00-04:00,9.797299904883044
2017-10-05 00:00:00-04:00,9.82529248639115
2017-10-06 00:00:00-04:00,9.741314956345375
2017-10-09 00:00:00-04:00,9.480053688913902
2017-10-10 00:00:00-04:00,9.433399715683517
2017-10-11 00:00:00-04:00,9.470723474303744
2017-10-12 00:00:00-04:00,9.405407919519881
2017-10-13 00:00:00-04:00,9.461392628346363
2017-10-16 00:00:00-04:00,9.536039077087766
2017-10-17 00:00:00-04:00,9.52670807813138
2017-10-18 00:00:00-04:00,9.750646411362185
2017-10-19 00:00:00-04:00,9.50804637835048
2017-10-20 00:00:00-04:00,9.57336210964256
2017-10-23 00:00:00-04:00,9.489385209231699
2017-10-24 00:00:00-04:00,9.162807980489866
2017-10-25 00:00:00-04:00,9.27477741241455
2017-10-26 00:00:00-04:00,9.405407759629927
2017-10-27 00:00:00-04:00,9.190801314277099
2017-10-30 00:00:00-04:00,9.153477909151436
2017-10-31 00:00:00-04:00,9.18146969150797
2017-11-01 00:00:00-04:00,9.097492960029372
2017-11-02 00:00:00-04:00,9.069500923156738
2017-11-03 00:00:00-04:00,9.022846964025248
2017-11-06 00:00:00-05:00,8.966861685227961
2017-11-07 00:00:00-05:00,9.1628077542261
2017-11-08 00:00:00-05:00,9.284108269690668
2017-11-09 00:00:00-05:00,8.910878105114534
2017-11-10 00:00:00-05:00,9.069500952196224
2017-11-13 00:00:00-05:00,8.938869675474521
2017-11-14 00:00:00-05:00,9.022847402143864
2017-11-15 00:00:00-05:00,8.929538513748067
2017-11-16 00:00:00-05:00,8.98552368894637
2017-11-17 00:00:00-05:00,8.938869838098435
2017-11-20 00:00:00-05:00,9.330761736922607
2017-11-21 00:00:00-05:00,9.31210014014277
2017-11-22 00:00:00-05:00,9.43340015411377
2017-11-24 00:00:00-05:00,9.43340015411377
2017-11-27 00:00:00-05:00,9.53603908240639
2017-11-28 00:00:00-05:00,9.610685137106103
2017-11-29 00:00:00-05:00,9.564031504163529
2017-11-30 00:00:00-05:00,9.871946626387052
2017-12-01 00:00:00-05:00,9.713323576946465
2017-12-04 00:00:00-05:00,9.937261678953329
2017-12-05 00:00:00-05:00,9.620016324376438
2017-12-06 00:00:00-05:00,9.452061906967758
2017-12-07 00:00:00-05:00,9.35875415802002
2017-12-08 00:00:00-05:00,9.330761937704686
2017-12-11 00:00:00-05:00,9.20946216583252
2017-12-12 00:00:00-05:00,9.20946216583252
2017-12-13 00:00:00-05:00,8.602963037297274
2017-12-14 00:00:00-05:00,9.190800683226266
2017-12-15 00:00:00-05:00,8.892215728759766
2017-12-18 00:00:00-05:00,8.854892664397678
2017-12-19 00:00:00-05:00,8.873555344628281
2017-12-20 00:00:00-05:00,8.948200451414387
2017-12-21 00:00:00-05:00,8.84556152997998
2017-12-22 00:00:00-05:00,8.817569532520558
2017-12-26 00:00:00-05:00,8.65894676504557
2017-12-27 00:00:00-05:00,8.565639903755251
2017-12-28 00:00:00-05:00,8.369693465230476
2017-12-29 00:00:00-05:00,8.584301221452487
2018-01-02 00:00:00-05:00,8.817570249308273
2018-01-03 00:00:00-05:00,8.85489295679947
2018-01-04 00:00:00-05:00,8.71493215271954
2018-01-05 00:00:00-05:00,8.929538713433187
2018-01-08 00:00:00-05:00,9.013516442486356
2018-01-09 00:00:00-05:00,8.994854801089696
2018-01-10 00:00:00-05:00,9.442731436278994
2018-01-11 00:00:00-05:00,9.405408406390862
2018-01-12 00:00:00-05:00,9.368084825836993
2018-01-16 00:00:00-05:00,9.564031268212217
2018-01-17 00:00:00-05:00,9.965254070224702
2018-01-18 00:00:00-05:00,10.039899907336842
2018-01-19 00:00:00-05:00,9.797300338745117
2018-01-22 00:00:00-05:00,9.694661827623037
2018-01-23 00:00:00-05:00,9.815961837768555
2018-01-24 00:00:00-05:00,9.713323291422572
2018-01-25 00:00:00-05:00,9.918599897191323
2018-01-26 00:00:00-05:00,9.722654087772016
2018-01-29 00:00:00-05:00,9.806630838981995
2018-01-30 00:00:00-05:00,9.741314928689539
2018-01-31 00:00:00-05:00,9.536038611614746
2018-02-01 00:00:00-05:00,9.648008346557617
2018-02-02 00:00:00-05:00,9.638676896589478
2018-02-05 00:00:00-05:00,9.582692879647606
2018-02-06 00:00:00-05:00,9.31209977289251
2018-02-07 00:00:00-05:00,9.13481616973877
2018-02-08 00:00:00-05:00,9.13481616973877
2018-02-09 00:00:00-05:00,9.144147223210727
2018-02-12 00:00:00-05:00,8.901546661430137
2018-02-13 00:00:00-05:00,9.181470370255747
2018-02-14 00:00:00-05:00,9.06950114945232
2018-02-15 00:00:00-05:00,9.153477866432594
2018-02-16 00:00:00-05:00,9.368085225033274
2018-02-20 00:00:00-05:00,9.04150774769417
2018-02-21 00:00:00-05:00,9.041507720947266
2018-02-22 00:00:00-05:00,8.957531610469422
2018-02-23 00:00:00-05:00,9.228123664855957
2018-02-26 00:00:00-05:00,9.25611613960934
2018-02-27 00:00:00-05:00,9.172138956034958
2018-02-28 00:00:00-05:00,9.144146919250488
2018-03-01 00:00:00-05:00,9.13481616973877
2018-03-02 00:00:00-05:00,9.06950110397252
2018-03-05 00:00:00-05:00,9.00418472290039
2018-03-06 00:00:00-05:00,9.07883147878678
2018-03-07 00:00:00-05:00,9.097492696238017
2018-03-08 00:00:00-05:00,9.0041851934778
2018-03-09 00:00:00-05:00,9.097493126443013
2018-03-12 00:00:00-04:00,9.20946216583252
2018-03-13 00:00:00-04:00,9.330762394250518
2018-03-14 00:00:00-04:00,9.162808418273926
2018-03-15 00:00:00-04:00,9.162808418273926
2018-03-16 00:00:00-04:00,9.106823507291134
2018-03-19 00:00:00-04:00,8.686939650283119
2018-03-20 00:00:00-04:00,8.724262388214317
2018-03-21 00:00:00-04:00,8.845562030321908
2018-03-22 00:00:00-04:00,8.780247204233229
2018-03-23 00:00:00-04:00,8.780246560598824
2018-03-26 00:00:00-04:00,8.6776088839664
2018-03-27 00:00:00-04:00,8.714931911034212
2018-03-28 00:00:00-04:00,8.649616693327442
2018-03-29 00:00:00-04:00,8.556308546879114
2018-04-02 00:00:00-04:00,8.556309215354842
2018-04-03 00:00:00-04:00,8.584300505122037
2018-04-04 00:00:00-04:00,8.808238837858804
2018-04-05 00:00:00-04:00,9.088161819445096
2018-04-06 00:00:00-04:00,9.256116000149577
2018-04-09 00:00:00-04:00,8.93886947631836
2018-04-10 00:00:00-04:00,8.76158618927002
2018-04-11 00:00:00-04:00,8.994854637447254
2018-04-12 00:00:00-04:00,9.050839391870044
2018-04-13 00:00:00-04:00,9.256115510777173
2018-04-16 00:00:00-04:00,9.07883071899414
2018-04-17 00:00:00-04:00,9.078831430041209
2018-04-18 00:00:00-04:00,9.153477668762207
2018-04-19 00:00:00-04:00,8.966862256984951
2018-04-20 00:00:00-04:00,8.79890845927991
2018-04-23 00:00:00-04:00,8.901546623231525
2018-04-24 00:00:00-04:00,10.077222980698869
2018-04-25 00:00:00-04:00,10.170529922639613
2018-04-26 00:00:00-04:00,9.797299809641213
2018-04-27 00:00:00-04:00,9.134816139572848
2018-04-30 00:00:00-04:00,9.041508464407883
2018-05-01 00:00:00-04:00,8.686939610255903
2018-05-02 00:00:00-04:00,9.004184696483353
2018-05-03 00:00:00-04:00,9.050839152451502
2018-05-04 00:00:00-04:00,9.190801362427568
2018-05-07 00:00:00-04:00,9.657338685135203
2018-05-08 00:00:00-04:00,9.228124324725657
2018-05-09 00:00:00-04:00,8.948200760291671
2018-05-10 00:00:00-04:00,8.957531940987524
2018-05-11 00:00:00-04:00,9.797300196026772
2018-05-14 00:00:00-04:00,9.797300338745117
2018-05-15 00:00:00-04:00,9.00418538583184
2018-05-16 00:00:00-04:00,9.470723540651596
2018-05-17 00:00:00-04:00,9.106823668800653
2018-05-18 00:00:00-04:00,9.022847008270807
2018-05-21 00:00:00-04:00,9.032177910709624
2018-05-22 00:00:00-04:00,8.938870219221235
2018-05-23 00:00:00-04:00,8.901546582063569
2018-05-24 00:00:00-04:00,8.60296306665478
2018-05-25 00:00:00-04:00,8.938870142638432
2018-05-29 00:00:00-04:00,9.041508284255416
2018-05-30 00:00:00-04:00,9.106823494300203
2018-05-31 00:00:00-04:00,9.022846987989311
2018-06-01 00:00:00-04:00,9.144147304216434
2018-06-04 00:00:00-04:00,8.705600684355156
2018-06-05 00:00:00-04:00,8.696270279437309
2018-06-06 00:00:00-04:00,8.52831699616824
2018-06-07 00:00:00-04:00,8.304378171630034
2018-06-08 00:00:00-04:00,8.57497006451732
2018-06-11 00:00:00-04:00,8.752254796525104
2018-06-12 00:00:00-04:00,8.864223613705736
2018-06-13 00:00:00-04:00,8.58430113477761
2018-06-14 00:00:00-04:00,8.630954872540736
2018-06-15 00:00:00-04:00,8.444339655284828
2018-06-18 00:00:00-04:00,7.707209477943387
2018-06-19 00:00:00-04:00,7.931147589216176
2018-06-20 00:00:00-04:00,7.763193319640449
2018-06-21 00:00:00-04:00,8.117762340045369
2018-06-22 00:00:00-04:00,7.884493302171359
2018-06-25 00:00:00-04:00,8.033786078588394
2018-06-26 00:00:00-04:00,8.19240925580307
2018-06-27 00:00:00-04:00,8.304377367225726
2018-06-28 00:00:00-04:00,8.43500914985027
2018-06-29 00:00:00-04:00,8.714931659715212
2018-07-02 00:00:00-04:00,8.854893076941245
2018-07-03 00:00:00-04:00,8.332371178568962
2018-07-05 00:00:00-04:00,8.546977770859685
2018-07-06 00:00:00-04:00,8.612292987770703
2018-07-09 00:00:00-04:00,8.73359278880754
2018-07-10 00:00:00-04:00,8.733592694093762
2018-07-11 00:00:00-04:00,9.050838764020114
2018-07-12 00:00:00-04:00,8.94820135723926
2018-07-13 00:00:00-04:00,8.864223719687159
2018-07-16 00:00:00-04:00,8.68693943964741
2018-07-17 00:00:00-04:00,8.854892611948813
2018-07-18 00:00:00-04:00,9.218792915344238
2018-07-19 00:00:00-04:00,9.097493171691895
2018-07-20 00:00:00-04:00,9.05083872301195
2018-07-23 00:00:00-04:00,9.526708238027561
2018-07-24 00:00:00-04:00,9.218792915344238
2018-07-25 00:00:00-04:00,9.125485341185305
2018-07-26 00:00:00-04:00,9.43339997014291
2018-07-27 00:00:00-04:00,9.330761657794062
2018-07-30 00:00:00-04:00,9.349424147832016
2018-07-31 00:00:00-04:00,9.256116169928577
2018-08-01 00:00:00-04:00,9.256115985392308
2018-08-02 00:00:00-04:00,9.050839344452834
2018-08-03 00:00:00-04:00,9.097493171691895
2018-08-06 00:00:00-04:00,9.097492764942084
2018-08-07 00:00:00-04:00,8.985523966023747
2018-08-08 00:00:00-04:00,9.116154940367199
2018-08-09 00:00:00-04:00,9.116154868284937
2018-08-10 00:00:00-04:00,9.218793172020924
2018-08-13 00:00:00-04:00,9.032177925109863
2018-08-14 00:00:00-04:00,9.032178151421299
2018-08-15 00:00:00-04:00,8.873554982269907
2018-08-16 00:00:00-04:00,8.658947035972488
2018-08-17 00:00:00-04:00,8.658946565502426
2018-08-20 00:00:00-04:00,8.66827825725701
2018-08-21 00:00:00-04:00,8.099102069676604
2018-08-22 00:00:00-04:00,8.7335926007726
2018-08-23 00:00:00-04:00,8.602962520071621
2018-08-24 00:00:00-04:00,8.518985522556429
2018-08-27 00:00:00-04:00,8.537647036152519
2018-08-28 00:00:00-04:00,8.500324084317722
2018-08-29 00:00:00-04:00,8.388355287970022
2018-08-30 00:00:00-04:00,8.295047940483832
2018-08-31 00:00:00-04:00,8.220401598710174
2018-09-04 00:00:00-04:00,7.931147589216176
2018-09-05 00:00:00-04:00,8.033785805444788
2018-09-06 00:00:00-04:00,8.117762881245564
2018-09-07 00:00:00-04:00,7.9311475080982845
2018-09-10 00:00:00-04:00,7.977801576534665
2018-09-11 00:00:00-04:00,7.931147826014845
2018-09-12 00:00:00-04:00,7.83783990875853
2018-09-13 00:00:00-04:00,7.9591393476530445
2018-09-14 00:00:00-04:00,8.071109124313836
2018-09-17 00:00:00-04:00,8.164417088121159
2018-09-18 00:00:00-04:00,7.931147951995229
2018-09-19 00:00:00-04:00,8.061779102269734
2018-09-20 00:00:00-04:00,8.31370879261635
2018-09-21 00:00:00-04:00,8.220402151622945
2018-09-24 00:00:00-04:00,8.360362557843265
2018-09-25 00:00:00-04:00,8.099101413741272
2018-09-26 00:00:00-04:00,8.351032131462853
2018-09-27 00:00:00-04:00,8.854892799883437
2018-09-28 00:00:00-04:00,8.518986233724712
2018-10-01 00:00:00-04:00,8.546977937848757
2018-10-02 00:00:00-04:00,8.537646976726052
2018-10-03 00:00:00-04:00,8.500324202113234
2018-10-04 00:00:00-04:00,8.574969821550749
2018-10-05 00:00:00-04:00,8.649616905141215
2018-10-08 00:00:00-04:00,8.71493148803711
2018-10-09 00:00:00-04:00,8.593632016033206
2018-10-10 00:00:00-04:00,8.565639903755251
2018-10-11 00:00:00-04:00,8.677609250136506
2018-10-12 00:00:00-04:00,8.649616367147628
2018-10-15 00:00:00-04:00,8.93886947631836
2018-10-16 00:00:00-04:00,8.836231924660586
2018-10-17 00:00:00-04:00,8.892215515740789
2018-10-18 00:00:00-04:00,8.733592802806163
2018-10-19 00:00:00-04:00,8.546978239365156
2018-10-22 00:00:00-04:00,8.46300108652875
2018-10-23 00:00:00-04:00,8.46300100992338
2018-10-24 00:00:00-04:00,8.360362794922953
2018-10-25 00:00:00-04:00,8.276385543866933
2018-10-26 00:00:00-04:00,8.360363117412255
2018-10-29 00:00:00-04:00,7.987132874087992
2018-10-30 00:00:00-04:00,7.529924584237595
2018-10-31 00:00:00-04:00,7.660555870526502
2018-11-01 00:00:00-04:00,7.679216948133593
2018-11-02 00:00:00-04:00,7.548586821211701
2018-11-05 00:00:00-05:00,7.6885478111421595
2018-11-06 00:00:00-05:00,7.875163001591092
2018-11-07 00:00:00-05:00,8.211071014404297
2018-11-08 00:00:00-05:00,8.248394012451172
2018-11-09 00:00:00-05:00,8.080439540777032
2018-11-12 00:00:00-05:00,8.024455575113022
2018-11-13 00:00:00-05:00,7.940478927855894
2018-11-14 00:00:00-05:00,8.229731814681566
2018-11-15 00:00:00-05:00,8.332370787100453
2018-11-16 00:00:00-05:00,8.239062482841096
2018-11-19 00:00:00-05:00,8.397686004638672
2018-11-20 00:00:00-05:00,8.397686004638672
2018-11-21 00:00:00-05:00,7.837839987928607
2018-11-23 00:00:00-05:00,8.397686004638672
2018-11-26 00:00:00-05:00,8.28571682296562
2018-11-27 00:00:00-05:00,8.117762499844572
2018-11-28 00:00:00-05:00,8.136424450370221
2018-11-29 00:00:00-05:00,8.304377555847168
2018-11-30 00:00:00-05:00,8.481663007061192
2018-12-03 00:00:00-05:00,8.267054480137368
2018-12-04 00:00:00-05:00,8.490993739969786
2018-12-06 00:00:00-05:00,8.145754939163757
2018-12-07 00:00:00-05:00,8.602962638159863
2018-12-10 00:00:00-05:00,8.630954466000095
2018-12-11 00:00:00-05:00,8.976193363566301
2018-12-12 00:00:00-05:00,8.285716964692256
2018-12-13 00:00:00-05:00,8.528316752217641
2018-12-14 00:00:00-05:00,8.332371146520591
2018-12-17 00:00:00-05:00,8.565639846154998
2018-12-18 00:00:00-05:00,8.668278289464004
2018-12-19 00:00:00-05:00,8.929539243349717
2018-12-20 00:00:00-05:00,8.798909156009048
2018-12-21 00:00:00-05:00,8.742924159942802
2018-12-24 00:00:00-05:00,8.761585820409787
2018-12-26 00:00:00-05:00,8.976192999694428
2018-12-27 00:00:00-05:00,8.845562001283952
2018-12-28 00:00:00-05:00,8.88288590376188
2018-12-31 00:00:00-05:00,8.873554928142397
2019-01-02 00:00:00-05:00,8.864223923904673
2019-01-03 00:00:00-05:00,9.032177485907663
2019-01-04 00:00:00-05:00,8.929539389177268
2019-01-07 00:00:00-05:00,9.069501296369742
2019-01-08 00:00:00-05:00,9.190800666809082
2019-01-09 00:00:00-05:00,9.330761895543596
2019-01-10 00:00:00-05:00,9.927931006990836
2019-01-11 00:00:00-05:00,9.293438911437988
2019-01-14 00:00:00-05:00,9.28410792196728
2019-01-15 00:00:00-05:00,9.256116366284582
2019-01-16 00:00:00-05:00,9.18146969150797
2019-01-17 00:00:00-05:00,9.274776974544107
2019-01-18 00:00:00-05:00,9.190800656037718
2019-01-22 00:00:00-05:00,8.873554455346923
2019-01-23 00:00:00-05:00,9.022847385862354
2019-01-24 00:00:00-05:00,8.892215960821936
2019-01-25 00:00:00-05:00,9.032177925109863
2019-01-28 00:00:00-05:00,9.022847175598145
2019-01-29 00:00:00-05:00,9.022847175598145
2019-01-30 00:00:00-05:00,9.022846978650865
2019-01-31 00:00:00-05:00,8.98552417755127
2019-02-01 00:00:00-05:00,8.966862304642673
2019-02-04 00:00:00-05:00,8.724262412792948
2019-02-05 00:00:00-05:00,8.98552417755127
2019-02-06 00:00:00-05:00,9.069500923156738
2019-02-07 00:00:00-05:00,8.882886159298554
2019-02-08 00:00:00-05:00,8.985524224513043
2019-02-11 00:00:00-05:00,8.90154698926294
2019-02-12 00:00:00-05:00,8.733592987060547
2019-02-13 00:00:00-05:00,8.724263191223145
2019-02-14 00:00:00-05:00,8.593631649586856
2019-02-15 00:00:00-05:00,9.041507532822369
2019-02-19 00:00:00-05:00,8.91087754390116
2019-02-20 00:00:00-05:00,8.50032352078307
2019-02-21 00:00:00-05:00,8.70560073852539
2019-02-22 00:00:00-05:00,8.733592987060547
2019-02-25 00:00:00-05:00,8.733592972441677
2019-02-26 00:00:00-05:00,8.714931741761157
2019-02-27 00:00:00-05:00,8.69627000382158
2019-02-28 00:00:00-05:00,8.696269989013672
2019-03-01 00:00:00-05:00,8.612292632133428
2019-03-04 00:00:00-05:00,8.463001267424012
2019-03-05 00:00:00-05:00,8.351032077365986
2019-03-06 00:00:00-05:00,8.239062548394608
2019-03-07 00:00:00-05:00,8.145754943707345
2019-03-08 00:00:00-05:00,7.837839547467673
2019-03-11 00:00:00-04:00,8.192408629927657
2019-03-12 00:00:00-04:00,8.155085590696027
2019-03-13 00:00:00-04:00,8.071108823526343
2019-03-14 00:00:00-04:00,8.360362818150241
2019-03-15 00:00:00-04:00,8.108431364966226
2019-03-18 00:00:00-04:00,8.248393981640103
2019-03-19 00:00:00-04:00,8.528316610531016
2019-03-20 00:00:00-04:00,8.108431816101074
2019-03-21 00:00:00-04:00,8.061779006385303
2019-03-22 00:00:00-04:00,7.931147772118791
2019-03-25 00:00:00-04:00,7.996463096262558
2019-03-26 00:00:00-04:00,8.024456024169922
2019-03-27 00:00:00-04:00,7.959139653837851
2019-03-28 00:00:00-04:00,7.7818554620866776
2019-03-29 00:00:00-04:00,8.033785381378154
2019-04-01 00:00:00-04:00,8.117762565612793
2019-04-02 00:00:00-04:00,8.117763066482253
2019-04-03 00:00:00-04:00,8.089771012993685
2019-04-04 00:00:00-04:00,8.07110834222341
2019-04-05 00:00:00-04:00,8.192408986478162
2019-04-08 00:00:00-04:00,8.397686004638672
2019-04-09 00:00:00-04:00,8.304378218498412
2019-04-10 00:00:00-04:00,8.518985458589887
2019-04-11 00:00:00-04:00,8.472332195211223
2019-04-12 00:00:00-04:00,8.537647247314453
2019-04-15 00:00:00-04:00,8.537647247314453
2019-04-16 00:00:00-04:00,8.49099349975586
2019-04-17 00:00:00-04:00,8.472332195211223
2019-04-18 00:00:00-04:00,8.518985748291016
2019-04-22 00:00:00-04:00,8.518985509540144
2019-04-23 00:00:00-04:00,8.490994163128741
2019-04-24 00:00:00-04:00,8.500324249267578
2019-04-25 00:00:00-04:00,8.500324249267578
2019-04-26 00:00:00-04:00,8.509655209248905
2019-04-29 00:00:00-04:00,8.537647247314453
2019-04-30 00:00:00-04:00,8.444339500287542
2019-05-01 00:00:00-04:00,8.537646742653036
2019-05-02 00:00:00-04:00,7.74453260516187
2019-05-03 00:00:00-04:00,8.304377555847168
2019-05-06 00:00:00-04:00,8.397686135951188
2019-05-07 00:00:00-04:00,8.612293243408203
2019-05-08 00:00:00-04:00,8.714931500899516
2019-05-09 00:00:00-04:00,8.556309199258717
2019-05-10 00:00:00-04:00,8.537647247314453
2019-05-13 00:00:00-04:00,8.425678152842382
2019-05-14 00:00:00-04:00,8.136425018310547
2019-05-15 00:00:00-04:00,8.22040143507171
2019-05-16 00:00:00-04:00,8.379023551940918
2019-05-17 00:00:00-04:00,8.397686004638672
2019-05-20 00:00:00-04:00,8.472332031269616
2019-05-21 00:00:00-04:00,8.435008693759663
2019-05-22 00:00:00-04:00,8.621623920135292
2019-05-23 00:00:00-04:00,8.677608972257323
2019-05-24 00:00:00-04:00,8.584300755042932
2019-05-28 00:00:00-04:00,8.463001062444413
2019-05-29 00:00:00-04:00,7.931147886897658
2019-05-30 00:00:00-04:00,7.501932789189163
2019-05-31 00:00:00-04:00,7.567247506285789
2019-06-03 00:00:00-04:00,7.361971330109141
2019-06-04 00:00:00-04:00,7.138033139417915
2019-06-05 00:00:00-04:00,7.128702163696289
2019-06-06 00:00:00-04:00,7.016733177189963
2019-06-07 00:00:00-04:00,6.932756115526882
2019-06-10 00:00:00-04:00,7.212679277915512
2019-06-11 00:00:00-04:00,7.632563562657794
2019-06-12 00:00:00-04:00,7.735201850900921
2019-06-13 00:00:00-04:00,7.772524803722974
2019-06-14 00:00:00-04:00,7.875162903474316
2019-06-17 00:00:00-04:00,7.6792168617248535
2019-06-18 00:00:00-04:00,7.772524639612531
2019-06-19 00:00:00-04:00,7.67921690784919
2019-06-20 00:00:00-04:00,7.576578712851823
2019-06-21 00:00:00-04:00,7.399294346002745
2019-06-24 00:00:00-04:00,7.427286581916756
2019-06-25 00:00:00-04:00,7.33397912979126
2019-06-26 00:00:00-04:00,7.2873248919412426
2019-06-27 00:00:00-04:00,7.277994695309248
2019-06-28 00:00:00-04:00,7.67921690784919
2019-07-01 00:00:00-04:00,7.604570668246888
2019-07-02 00:00:00-04:00,7.557917751205285
2019-07-03 00:00:00-04:00,7.65122457143815
2019-07-05 00:00:00-04:00,7.781855583190918
2019-07-08 00:00:00-04:00,7.82850980758667
2019-07-09 00:00:00-04:00,7.847170649532945
2019-07-10 00:00:00-04:00,7.735201850900921
2019-07-11 00:00:00-04:00,7.735201835632324
2019-07-12 00:00:00-04:00,7.819178553562278
2019-07-15 00:00:00-04:00,7.921816825866699
2019-07-16 00:00:00-04:00,7.949809551239015
2019-07-17 00:00:00-04:00,7.856501579284668
2019-07-18 00:00:00-04:00,7.91248609224216
2019-07-19 00:00:00-04:00,7.847170829772949
2019-07-22 00:00:00-04:00,7.893824577331543
2019-07-23 00:00:00-04:00,7.847170578844649
2019-07-24 00:00:00-04:00,7.85650185113088
2019-07-25 00:00:00-04:00,7.7818555034880745
2019-07-26 00:00:00-04:00,7.707209587097168
2019-07-29 00:00:00-04:00,7.856501718012792
2019-07-30 00:00:00-04:00,8.080440052676506
2019-07-31 00:00:00-04:00,8.164416800038536
2019-08-01 00:00:00-04:00,8.052448030453
2019-08-02 00:00:00-04:00,8.145754928296265
2019-08-05 00:00:00-04:00,7.949809600382285
2019-08-06 00:00:00-04:00,7.903155252329645
2019-08-07 00:00:00-04:00,8.024455930900213
2019-08-08 00:00:00-04:00,8.323039978007728
2019-08-09 00:00:00-04:00,8.453671133117805
2019-08-12 00:00:00-04:00,8.565640190928006
2019-08-13 00:00:00-04:00,8.668277595184813
2019-08-14 00:00:00-04:00,8.668277595184813
2019-08-15 00:00:00-04:00,8.677609169894984
2019-08-16 00:00:00-04:00,8.630954887150358
2019-08-19 00:00:00-04:00,9.088162406102475
2019-08-20 00:00:00-04:00,8.761585486998811
2019-08-21 00:00:00-04:00,8.761585890261047
2019-08-22 00:00:00-04:00,8.770915496296155
2019-08-23 00:00:00-04:00,8.724262463213352
2019-08-26 00:00:00-04:00,8.640285760154837
2019-08-27 00:00:00-04:00,8.63095521123887
2019-08-28 00:00:00-04:00,8.500324281674194
2019-08-29 00:00:00-04:00,8.612293243408203
2019-08-30 00:00:00-04:00,8.565640067946996
2019-09-03 00:00:00-04:00,8.640285929464815
2019-09-04 00:00:00-04:00,8.593632181790777
2019-09-05 00:00:00-04:00,8.798909187316895
2019-09-06 00:00:00-04:00,8.593631744384766
2019-09-09 00:00:00-04:00,8.71493148803711
2019-09-10 00:00:00-04:00,8.71493148803711
2019-09-11 00:00:00-04:00,8.808238983154297
2019-09-12 00:00:00-04:00,8.808238983154297
2019-09-13 00:00:00-04:00,8.677608702121832
2019-09-16 00:00:00-04:00,8.70560073852539
2019-09-17 00:00:00-04:00,8.658947156947113
2019-09-18 00:00:00-04:00,8.640285848864961
2019-09-19 00:00:00-04:00,9.116154979838308
2019-09-20 00:00:00-04:00,8.733592987060547
2019-09-23 00:00:00-04:00,8.677608912893627
2019-09-24 00:00:00-04:00,8.612292963978716
2019-09-25 00:00:00-04:00,8.68694019317627
2019-09-26 00:00:00-04:00,8.85489273071289
2019-09-27 00:00:00-04:00,8.929539026346399
2019-09-30 00:00:00-04:00,8.817570297380628
2019-10-01 00:00:00-04:00,8.714932183728584
2019-10-02 00:00:00-04:00,8.854892771860877
2019-10-03 00:00:00-04:00,8.789577446514388
2019-10-04 00:00:00-04:00,8.929538917076627
2019-10-07 00:00:00-04:00,8.920208668382491
2019-10-08 00:00:00-04:00,9.28410806704068
2019-10-09 00:00:00-04:00,8.966861779253042
2019-10-10 00:00:00-04:00,8.901547399145942
2019-10-11 00:00:00-04:00,9.050839440465321
2019-10-14 00:00:00-04:00,9.050838986437768
2019-10-15 00:00:00-04:00,8.901546503561205
2019-10-16 00:00:00-04:00,8.780246654711027
2019-10-17 00:00:00-04:00,8.798909049240809
2019-10-18 00:00:00-04:00,8.518986169470018
2019-10-21 00:00:00-04:00,8.742923948070816
2019-10-22 00:00:00-04:00,8.686939917995998
2019-10-23 00:00:00-04:00,8.593631744384766
2019-10-24 00:00:00-04:00,8.62162376698374
2019-10-25 00:00:00-04:00,8.63095474243164
2019-10-28 00:00:00-04:00,8.63095474243164
2019-10-29 00:00:00-04:00,8.714932215268265
2019-10-30 00:00:00-04:00,8.649616454270967
2019-10-31 00:00:00-04:00,8.770915828927532
2019-11-01 00:00:00-04:00,8.798908446621624
2019-11-04 00:00:00-05:00,8.920208641325674
2019-11-05 00:00:00-05:00,8.86422348022461
2019-11-06 00:00:00-05:00,8.86422348022461
2019-11-07 00:00:00-05:00,8.85489273071289
2019-11-08 00:00:00-05:00,8.901546704105609
2019-11-11 00:00:00-05:00,8.892215728759766
2019-11-12 00:00:00-05:00,8.276386260986328
2019-11-13 00:00:00-05:00,8.285716430517395
2019-11-14 00:00:00-05:00,8.677608489990234
2019-11-15 00:00:00-05:00,8.752254486083984
2019-11-18 00:00:00-05:00,8.752254486083984
2019-11-19 00:00:00-05:00,8.752254486083984
2019-11-20 00:00:00-05:00,8.752254486083984
2019-11-21 00:00:00-05:00,8.817569732666016
2019-11-22 00:00:00-05:00,8.658946990966797
2019-11-25 00:00:00-05:00,8.658946990966797
2019-11-26 00:00:00-05:00,8.658946990966797
2019-11-27 00:00:00-05:00,8.658946990966797
2019-11-29 00:00:00-05:00,8.658946990966797
2019-12-02 00:00:00-05:00,7.651225010552818
2019-12-03 00:00:00-05:00,8.453670501708984
2019-12-04 00:00:00-05:00,8.528316682057119
2019-12-05 00:00:00-05:00,8.677609018153044
2019-12-06 00:00:00-05:00,8.537646583198262
2019-12-09 00:00:00-05:00,8.509655162718364
2019-12-10 00:00:00-05:00,8.68694019317627
2019-12-11 00:00:00-05:00,8.677608898368467
2019-12-12 00:00:00-05:00,8.770915985107422
2019-12-13 00:00:00-05:00,8.85489273071289
2019-12-16 00:00:00-05:00,8.826900469586116
2019-12-17 00:00:00-05:00,8.929538604458195
2019-12-18 00:00:00-05:00,8.966862180162328
2019-12-19 00:00:00-05:00,9.050839182584848
2019-12-20 00:00:00-05:00,8.98552351057777
2019-12-23 00:00:00-05:00,9.424069956647598
2019-12-24 00:00:00-05:00,9.144146919250488
2019-12-26 00:00:00-05:00,9.041507720947266
2019-12-27 00:00:00-05:00,8.71493148803711
2019-12-30 00:00:00-05:00,8.817570054393785
2019-12-31 00:00:00-05:00,9.293438842554954
2020-01-02 00:00:00-05:00,9.59202286879169
2020-01-03 00:00:00-05:00,9.610684595179956
2020-01-06 00:00:00-05:00,9.853284769587143
2020-01-07 00:00:00-05:00,10.263838620748695
2020-01-08 00:00:00-05:00,10.394469026551244
2020-01-09 00:00:00-05:00,10.282500589145183
2020-01-10 00:00:00-05:00,9.209462360847267
2020-01-13 00:00:00-05:00,9.461393372196536
2020-01-14 00:00:00-05:00,9.330761670719705
2020-01-15 00:00:00-05:00,9.246785163879395
2020-01-16 00:00:00-05:00,9.797300004959107
2020-01-17 00:00:00-05:00,9.330762227376303
2020-01-21 00:00:00-05:00,9.69466236736263
2020-01-22 00:00:00-05:00,9.573362350463867
2020-01-23 00:00:00-05:00,9.536039062492739
2020-01-24 00:00:00-05:00,9.545369148254395
2020-01-27 00:00:00-05:00,9.526707649230957
2020-01-28 00:00:00-05:00,9.526707649230957
2020-01-29 00:00:00-05:00,9.582692810285414
2020-01-30 00:00:00-05:00,9.545369148254395
2020-01-31 00:00:00-05:00,9.545369148254395
2020-02-03 00:00:00-05:00,9.545369148254395
2020-02-04 00:00:00-05:00,9.545369148254395
2020-02-05 00:00:00-05:00,9.545369148254395
2020-02-06 00:00:00-05:00,9.545369148254395
2020-02-07 00:00:00-05:00,8.882886181820144
2020-02-10 00:00:00-05:00,9.750646591186523
2020-02-11 00:00:00-05:00,9.750645973405218
2020-02-12 00:00:00-05:00,10.133206784964674
2020-02-13 00:00:00-05:00,9.564030647277832
2020-02-14 00:00:00-05:00,10.217184066772461
2020-02-18 00:00:00-05:00,9.517376899719238
2020-02-19 00:00:00-05:00,9.6106853957564
2020-02-20 00:00:00-05:00,9.134816348377225
2020-02-21 00:00:00-05:00,9.190800666809082
2020-02-24 00:00:00-05:00,9.190800666809082
2020-02-25 00:00:00-05:00,8.574969583857067
2020-02-26 00:00:00-05:00,9.377415657043457
2020-02-27 00:00:00-05:00,9.377415657043457
2020-02-28 00:00:00-05:00,8.91087818145752
2020-03-02 00:00:00-05:00,8.864224099961948
2020-03-03 00:00:00-05:00,9.032178136073949
2020-03-04 00:00:00-05:00,9.592022842184509
2020-03-05 00:00:00-05:00,9.060169947582258
2020-03-06 00:00:00-05:00,9.17213855222673
2020-03-09 00:00:00-04:00,9.649999618530273
2020-03-10 00:00:00-04:00,8.819999694824219
2020-03-11 00:00:00-04:00,8.649999618530273
2020-03-12 00:00:00-04:00,8.510000228881836
2020-03-13 00:00:00-04:00,7.679999828338623
2020-03-16 00:00:00-04:00,7.789999961853027
2020-03-17 00:00:00-04:00,7.789999961853027
2020-03-18 00:00:00-04:00,6.96999979019165
2020-03-19 00:00:00-04:00,7.010000228881836
2020-03-20 00:00:00-04:00,6.769999980926514
2020-03-23 00:00:00-04:00,7.400000095367432
2020-03-24 00:00:00-04:00,7.309999942779541
2020-03-25 00:00:00-04:00,7.489999771118164
2020-03-26 00:00:00-04:00,7.199999809265137
2020-03-27 00:00:00-04:00,7.210000038146973
2020-03-30 00:00:00-04:00,7.210000038146973
2020-03-31 00:00:00-04:00,7.150000095367432
2020-04-01 00:00:00-04:00,6.599999904632568
2020-04-02 00:00:00-04:00,6.659999847412109
2020-04-03 00:00:00-04:00,6.170000076293945
2020-04-06 00:00:00-04:00,6.25
2020-04-07 00:00:00-04:00,7.0
2020-04-08 00:00:00-04:00,7.550000190734863
2020-04-09 00:00:00-04:00,7.389999866485596
2020-04-13 00:00:00-04:00,6.699999809265137
2020-04-14 00:00:00-04:00,6.869999885559082
2020-04-15 00:00:00-04:00,6.889999866485596
2020-04-16 00:00:00-04:00,6.239999771118164
2020-04-17 00:00:00-04:00,6.239999771118164
2020-04-20 00:00:00-04:00,6.239999771118164
2020-04-21 00:00:00-04:00,6.239999771118164
2020-04-22 00:00:00-04:00,6.239999771118164
2020-04-23 00:00:00-04:00,6.239999771118164
2020-04-24 00:00:00-04:00,5.989999771118164
2020-04-27 00:00:00-04:00,6.199999809265137
2020-04-28 00:00:00-04:00,6.300000190734863
2020-04-29 00:00:00-04:00,6.110000133514404
2020-04-30 00:00:00-04:00,6.25
2020-05-01 00:00:00-04:00,6.25
2020-05-04 00:00:00-04:00,6.25
2020-05-05 00:00:00-04:00,6.0
2020-05-06 00:00:00-04:00,5.820000171661377
2020-05-07 00:00:00-04:00,6.260000228881836
2020-05-08 00:00:00-04:00,6.260000228881836
2020-05-11 00:00:00-04:00,6.260000228881836
2020-05-12 00:00:00-04:00,5.840000152587891
2020-05-13 00:00:00-04:00,6.0
2020-05-14 00:00:00-04:00,6.989999771118164
2020-05-15 00:00:00-04:00,5.980000019073486
2020-05-18 00:00:00-04:00,6.369999885559082
2020-05-19 00:00:00-04:00,6.5
2020-05-20 00:00:00-04:00,6.5
2020-05-21 00:00:00-04:00,6.849999904632568
2020-05-22 00:00:00-04:00,6.849999904632568
2020-05-26 00:00:00-04:00,6.820000171661377
2020-05-27 00:00:00-04:00,6.869999885559082
2020-05-28 00:00:00-04:00,7.360000133514404
2020-05-29 00:00:00-04:00,6.630000114440918
2020-06-01 00:00:00-04:00,6.980000019073486
2020-06-02 00:00:00-04:00,7.0
2020-06-03 00:00:00-04:00,7.099999904632568
2020-06-04 00:00:00-04:00,7.269999980926514
2020-06-05 00:00:00-04:00,7.300000190734863
2020-06-08 00:00:00-04:00,7.889999866485596
2020-06-09 00:00:00-04:00,7.980000019073486
2020-06-10 00:00:00-04:00,7.21999979019165
2020-06-11 00:00:00-04:00,7.199999809265137
2020-06-12 00:00:00-04:00,7.019999980926514
2020-06-15 00:00:00-04:00,6.53000020980835
2020-06-16 00:00:00-04:00,7.0
2020-06-17 00:00:00-04:00,7.0
2020-06-18 00:00:00-04:00,7.0
2020-06-19 00:00:00-04:00,6.519999980926514
2020-06-22 00:00:00-04:00,6.78000020980835
2020-06-23 00:00:00-04:00,6.730000019073486
2020-06-24 00:00:00-04:00,7.0
2020-06-25 00:00:00-04:00,7.0
2020-06-26 00:00:00-04:00,6.360000133514404
2020-06-29 00:00:00-04:00,6.130000114440918
2020-06-30 00:00:00-04:00,6.0
2020-07-01 00:00:00-04:00,6.199999809265137
2020-07-02 00:00:00-04:00,6.199999809265137
2020-07-06 00:00:00-04:00,6.550000190734863
2020-07-07 00:00:00-04:00,6.039999961853027
2020-07-08 00:00:00-04:00,5.670000076293945
2020-07-09 00:00:00-04:00,5.659999847412109
2020-07-10 00:00:00-04:00,5.75
2020-07-13 00:00:00-04:00,5.800000190734863
2020-07-14 00:00:00-04:00,5.949999809265137
2020-07-15 00:00:00-04:00,5.949999809265137
2020-07-16 00:00:00-04:00,5.869999885559082
2020-07-17 00:00:00-04:00,6.179999828338623
2020-07-20 00:00:00-04:00,6.639999866485596
2020-07-21 00:00:00-04:00,6.670000076293945
2020-07-22 00:00:00-04:00,6.570000171661377
2020-07-23 00:00:00-04:00,6.650000095367432
2020-07-24 00:00:00-04:00,6.75
2020-07-27 00:00:00-04:00,6.75
2020-07-28 00:00:00-04:00,7.050000190734863
2020-07-29 00:00:00-04:00,6.360000133514404
2020-07-30 00:00:00-04:00,6.03000020980835
2020-07-31 00:00:00-04:00,6.150000095367432
2020-08-03 00:00:00-04:00,5.900000095367432
2020-08-04 00:00:00-04:00,6.090000152587891
2020-08-05 00:00:00-04:00,6.0
2020-08-06 00:00:00-04:00,6.090000152587891
2020-08-07 00:00:00-04:00,6.519999980926514
2020-08-10 00:00:00-04:00,6.199999809265137
2020-08-11 00:00:00-04:00,6.449999809265137
2020-08-12 00:00:00-04:00,6.360000133514404
2020-08-13 00:00:00-04:00,6.489999771118164
2020-08-14 00:00:00-04:00,6.940000057220459
2020-08-17 00:00:00-04:00,6.21999979019165
2020-08-18 00:00:00-04:00,6.21999979019165
2020-08-19 00:00:00-04:00,6.21999979019165
2020-08-20 00:00:00-04:00,6.059999942779541
2020-08-21 00:00:00-04:00,6.059999942779541
2020-08-24 00:00:00-04:00,6.5
2020-08-25 00:00:00-04:00,6.5
2020-08-26 00:00:00-04:00,6.400000095367432
2020-08-27 00:00:00-04:00,6.130000114440918
2020-08-28 00:00:00-04:00,6.130000114440918
2020-08-31 00:00:00-04:00,6.03000020980835
2020-09-01 00:00:00-04:00,6.0
2020-09-02 00:00:00-04:00,6.0
2020-09-03 00:00:00-04:00,6.03000020980835
2020-09-04 00:00:00-04:00,6.25
2020-09-08 00:00:00-04:00,6.659999847412109
2020-09-09 00:00:00-04:00,6.949999809265137
2020-09-10 00:00:00-04:00,6.159999847412109
2020-09-11 00:00:00-04:00,6.039999961853027
2020-09-14 00:00:00-04:00,6.050000190734863
2020-09-15 00:00:00-04:00,6.199999809265137
2020-09-16 00:00:00-04:00,6.429999828338623
2020-09-17 00:00:00-04:00,6.679999828338623
2020-09-18 00:00:00-04:00,6.670000076293945
2020-09-21 00:00:00-04:00,6.369999885559082
2020-09-22 00:00:00-04:00,6.510000228881836
2020-09-23 00:00:00-04:00,5.980000019073486
2020-09-24 00:00:00-04:00,6.46999979019165
2020-09-25 00:00:00-04:00,6.46999979019165
2020-09-28 00:00:00-04:00,6.039999961853027
2020-09-29 00:00:00-04:00,6.340000152587891
2020-09-30 00:00:00-04:00,6.090000152587891
2020-10-01 00:00:00-04:00,6.96999979019165
2020-10-02 00:00:00-04:00,6.800000190734863
2020-10-05 00:00:00-04:00,6.420000076293945
2020-10-06 00:00:00-04:00,6.940000057220459
2020-10-07 00:00:00-04:00,6.489999771118164
2020-10-08 00:00:00-04:00,7.489999771118164
2020-10-09 00:00:00-04:00,7.5
2020-10-12 00:00:00-04:00,6.75
2020-10-13 00:00:00-04:00,7.940000057220459
2020-10-14 00:00:00-04:00,7.559999942779541
2020-10-15 00:00:00-04:00,7.699999809265137
2020-10-16 00:00:00-04:00,8.0
2020-10-19 00:00:00-04:00,7.949999809265137
2020-10-20 00:00:00-04:00,8.0
2020-10-21 00:00:00-04:00,8.0
2020-10-22 00:00:00-04:00,8.270000457763672
2020-10-23 00:00:00-04:00,8.079999923706055
2020-10-26 00:00:00-04:00,9.489999771118164
2020-10-27 00:00:00-04:00,9.050000190734863
2020-10-28 00:00:00-04:00,8.09000015258789
2020-10-29 00:00:00-04:00,8.699999809265137
2020-10-30 00:00:00-04:00,8.869999885559082
2020-11-02 00:00:00-05:00,8.5
2020-11-03 00:00:00-05:00,8.779999732971191
2020-11-04 00:00:00-05:00,8.319999694824219
2020-11-05 00:00:00-05:00,8.9399995803833
2020-11-06 00:00:00-05:00,9.550000190734863
2020-11-09 00:00:00-05:00,9.050000190734863
2020-11-10 00:00:00-05:00,9.229999542236328
2020-11-11 00:00:00-05:00,9.1899995803833
2020-11-12 00:00:00-05:00,8.829999923706055
2020-11-13 00:00:00-05:00,8.989999771118164
2020-11-16 00:00:00-05:00,8.220000267028809
2020-11-17 00:00:00-05:00,8.199999809265137
2020-11-18 00:00:00-05:00,8.699999809265137
2020-11-19 00:00:00-05:00,9.489999771118164
2020-11-20 00:00:00-05:00,9.630000114440918
2020-11-23 00:00:00-05:00,9.630000114440918
2020-11-24 00:00:00-05:00,9.529999732971191
2020-11-25 00:00:00-05:00,9.359999656677246
2020-11-27 00:00:00-05:00,9.359999656677246
2020-11-30 00:00:00-05:00,9.34000015258789
2020-12-01 00:00:00-05:00,9.229999542236328
2020-12-02 00:00:00-05:00,9.989999771118164
2020-12-03 00:00:00-05:00,9.90999984741211
2020-12-04 00:00:00-05:00,9.90999984741211
2020-12-07 00:00:00-05:00,9.619999885559082
2020-12-08 00:00:00-05:00,9.609999656677246
2020-12-09 00:00:00-05:00,9.3100004196167
2020-12-10 00:00:00-05:00,9.380000114440918
2020-12-11 00:00:00-05:00,9.380000114440918
2020-12-14 00:00:00-05:00,9.380000114440918
2020-12-15 00:00:00-05:00,9.5600004196167
2020-12-16 00:00:00-05:00,9.380000114440918
2020-12-17 00:00:00-05:00,9.380000114440918
2020-12-18 00:00:00-05:00,9.930000305175781
2020-12-21 00:00:00-05:00,10.0
2020-12-22 00:00:00-05:00,9.619999885559082
2020-12-23 00:00:00-05:00,9.899999618530273
2020-12-24 00:00:00-05:00,10.25
2020-12-28 00:00:00-05:00,11.0
2020-12-29 00:00:00-05:00,10.520000457763672
2020-12-30 00:00:00-05:00,12.489999771118164
2020-12-31 00:00:00-05:00,12.199999809265137
2021-01-04 00:00:00-05:00,12.119999885559082
2021-01-05 00:00:00-05:00,12.09000015258789
2021-01-06 00:00:00-05:00,13.359999656677246
2021-01-07 00:00:00-05:00,12.4399995803833
2021-01-08 00:00:00-05:00,12.430000305175781
2021-01-11 00:00:00-05:00,12.630000114440918
2021-01-12 00:00:00-05:00,13.470000267028809
2021-01-13 00:00:00-05:00,13.369999885559082
2021-01-14 00:00:00-05:00,13.09000015258789
2021-01-15 00:00:00-05:00,12.819999694824219
2021-01-19 00:00:00-05:00,11.819999694824219
2021-01-20 00:00:00-05:00,12.9399995803833
2021-01-21 00:00:00-05:00,12.970000267028809
2021-01-22 00:00:00-05:00,12.649999618530273
2021-01-25 00:00:00-05:00,13.520000457763672
2021-01-26 00:00:00-05:00,12.699999809265137
2021-01-27 00:00:00-05:00,12.819999694824219
2021-01-28 00:00:00-05:00,13.079999923706055
2021-01-29 00:00:00-05:00,12.5600004196167
2021-02-01 00:00:00-05:00,11.479999542236328
2021-02-02 00:00:00-05:00,11.699999809265137
2021-02-03 00:00:00-05:00,12.850000381469727
2021-02-04 00:00:00-05:00,12.270000457763672
2021-02-05 00:00:00-05:00,12.270000457763672
2021-02-08 00:00:00-05:00,12.600000381469727
2021-02-09 00:00:00-05:00,11.699999809265137
2021-02-10 00:00:00-05:00,13.739999771118164
2021-02-11 00:00:00-05:00,14.0
2021-02-12 00:00:00-05:00,13.0
2021-02-16 00:00:00-05:00,13.699999809265137
2021-02-17 00:00:00-05:00,13.960000038146973
2021-02-18 00:00:00-05:00,13.050000190734863
2021-02-19 00:00:00-05:00,12.770000457763672
2021-02-22 00:00:00-05:00,12.550000190734863
2021-02-23 00:00:00-05:00,12.470000267028809
2021-02-24 00:00:00-05:00,13.100000381469727
2021-02-25 00:00:00-05:00,13.100000381469727
2021-02-26 00:00:00-05:00,13.100000381469727
2021-03-01 00:00:00-05:00,13.050000190734863
2021-03-02 00:00:00-05:00,13.149999618530273
2021-03-03 00:00:00-05:00,13.149999618530273
2021-03-04 00:00:00-05:00,13.149999618530273
2021-03-05 00:00:00-05:00,12.609999656677246
2021-03-08 00:00:00-05:00,12.710000038146973
2021-03-09 00:00:00-05:00,12.600000381469727
2021-03-10 00:00:00-05:00,12.579999923706055
2021-03-11 00:00:00-05:00,12.75
2021-03-12 00:00:00-05:00,12.569999694824219
2021-03-15 00:00:00-04:00,13.850000381469727
2021-03-16 00:00:00-04:00,12.550000190734863
2021-03-17 00:00:00-04:00,12.270000457763672
2021-03-18 00:00:00-04:00,12.319999694824219
2021-03-19 00:00:00-04:00,11.539999961853027
2021-03-22 00:00:00-04:00,11.430000305175781
2021-03-23 00:00:00-04:00,11.5
2021-03-24 00:00:00-04:00,12.420000076293945
2021-03-25 00:00:00-04:00,12.619999885559082
2021-03-26 00:00:00-04:00,12.300000190734863
2021-03-29 00:00:00-04:00,12.649999618530273
2021-03-30 00:00:00-04:00,12.600000381469727
2021-03-31 00:00:00-04:00,11.520000457763672
2021-04-01 00:00:00-04:00,12.779999732971191
2021-04-05 00:00:00-04:00,12.5600004196167
2021-04-06 00:00:00-04:00,12.770000457763672
2021-04-07 00:00:00-04:00,12.779999732971191
2021-04-08 00:00:00-04:00,14.539999961853027
2021-04-09 00:00:00-04:00,13.720000267028809
2021-04-12 00:00:00-04:00,13.25
2021-04-13 00:00:00-04:00,12.170000076293945
2021-04-14 00:00:00-04:00,13.25
2021-04-15 00:00:00-04:00,14.510000228881836
2021-04-16 00:00:00-04:00,13.149999618530273
2021-04-19 00:00:00-04:00,14.670000076293945
2021-04-20 00:00:00-04:00,13.850000381469727
2021-04-21 00:00:00-04:00,13.75
2021-04-22 00:00:00-04:00,13.829999923706055
2021-04-23 00:00:00-04:00,14.729999542236328
2021-04-26 00:00:00-04:00,14.0
2021-04-27 00:00:00-04:00,14.5
2021-04-28 00:00:00-04:00,13.770000457763672
2021-04-29 00:00:00-04:00,13.880000114440918
2021-04-30 00:00:00-04:00,14.5
2021-05-03 00:00:00-04:00,14.649999618530273
2021-05-04 00:00:00-04:00,14.779999732971191
2021-05-05 00:00:00-04:00,14.739999771118164
2021-05-06 00:00:00-04:00,14.850000381469727
2021-05-07 00:00:00-04:00,15.149999618530273
2021-05-10 00:00:00-04:00,15.699999809265137
2021-05-11 00:00:00-04:00,17.020000457763672
2021-05-12 00:00:00-04:00,20.739999771118164
2021-05-13 00:00:00-04:00,17.280000686645508
2021-05-14 00:00:00-04:00,22.059999465942383
2021-05-17 00:00:00-04:00,23.030000686645508
2021-05-18 00:00:00-04:00,22.65999984741211
2021-05-19 00:00:00-04:00,19.959999084472656
2021-05-20 00:00:00-04:00,20.84000015258789
2021-05-21 00:00:00-04:00,21.100000381469727
2021-05-24 00:00:00-04:00,19.280000686645508
2021-05-25 00:00:00-04:00,20.780000686645508
2021-05-26 00:00:00-04:00,22.559999465942383
2021-05-27 00:00:00-04:00,21.729999542236328
2021-05-28 00:00:00-04:00,21.200000762939453
2021-06-01 00:00:00-04:00,22.0
2021-06-02 00:00:00-04:00,22.700000762939453
2021-06-03 00:00:00-04:00,22.5
2021-06-04 00:00:00-04:00,22.149999618530273
2021-06-07 00:00:00-04:00,22.0
2021-06-08 00:00:00-04:00,22.350000381469727
2021-06-09 00:00:00-04:00,24.579999923706055
2021-06-10 00:00:00-04:00,26.260000228881836
2021-06-11 00:00:00-04:00,27.59000015258789
2021-06-14 00:00:00-04:00,25.219999313354492
2021-06-15 00:00:00-04:00,27.510000228881836
2021-06-16 00:00:00-04:00,26.06999969482422
2021-06-17 00:00:00-04:00,25.450000762939453
2021-06-18 00:00:00-04:00,26.200000762939453
2021-06-21 00:00:00-04:00,26.799999237060547
2021-06-22 00:00:00-04:00,26.040000915527344
2021-06-23 00:00:00-04:00,26.209999084472656
2021-06-24 00:00:00-04:00,27.059999465942383
2021-06-25 00:00:00-04:00,27.889999389648438
2021-06-28 00:00:00-04:00,31.729999542236328
2021-06-29 00:00:00-04:00,29.0
2021-06-30 00:00:00-04:00,30.5
2021-07-01 00:00:00-04:00,28.260000228881836
2021-07-02 00:00:00-04:00,29.149999618530273
2021-07-06 00:00:00-04:00,28.110000610351562
2021-07-07 00:00:00-04:00,26.309999465942383
2021-07-08 00:00:00-04:00,23.719999313354492
2021-07-09 00:00:00-04:00,22.059999465942383
2021-07-12 00:00:00-04:00,23.649999618530273
2021-07-13 00:00:00-04:00,24.850000381469727
2021-07-14 00:00:00-04:00,25.020000457763672
2021-07-15 00:00:00-04:00,23.610000610351562
2021-07-16 00:00:00-04:00,26.729999542236328
2021-07-19 00:00:00-04:00,23.809999465942383
2021-07-20 00:00:00-04:00,21.010000228881836
2021-07-21 00:00:00-04:00,23.489999771118164
2021-07-22 00:00:00-04:00,23.399999618530273
2021-07-23 00:00:00-04:00,23.979999542236328
2021-07-26 00:00:00-04:00,22.299999237060547
2021-07-27 00:00:00-04:00,22.489999771118164
2021-07-28 00:00:00-04:00,23.719999313354492
2021-07-29 00:00:00-04:00,25.31999969482422
2021-07-30 00:00:00-04:00,24.3700008392334
2021-08-02 00:00:00-04:00,25.170000076293945
2021-08-03 00:00:00-04:00,24.1299991607666
2021-08-04 00:00:00-04:00,24.309999465942383
2021-08-05 00:00:00-04:00,24.309999465942383
2021-08-06 00:00:00-04:00,24.25
2021-08-09 00:00:00-04:00,24.350000381469727
2021-08-10 00:00:00-04:00,24.0
2021-08-11 00:00:00-04:00,24.149999618530273
2021-08-12 00:00:00-04:00,24.149999618530273
2021-08-13 00:00:00-04:00,24.739999771118164
2021-08-16 00:00:00-04:00,24.709999084472656
2021-08-17 00:00:00-04:00,24.6200008392334
2021-08-18 00:00:00-04:00,24.610000610351562
2021-08-19 00:00:00-04:00,23.0
2021-08-20 00:00:00-04:00,24.09000015258789
2021-08-23 00:00:00-04:00,24.100000381469727
2021-08-24 00:00:00-04:00,23.329999923706055
2021-08-25 00:00:00-04:00,23.530000686645508
2021-08-26 00:00:00-04:00,23.399999618530273
2021-08-27 00:00:00-04:00,23.399999618530273
2021-08-30 00:00:00-04:00,23.610000610351562
2021-08-31 00:00:00-04:00,24.799999237060547
2021-09-01 00:00:00-04:00,24.790000915527344
2021-09-02 00:00:00-04:00,24.790000915527344
2021-09-03 00:00:00-04:00,23.690000534057617
2021-09-07 00:00:00-04:00,24.100000381469727
2021-09-08 00:00:00-04:00,23.600000381469727
2021-09-09 00:00:00-04:00,23.15999984741211
2021-09-10 00:00:00-04:00,24.889999389648438
2021-09-13 00:00:00-04:00,22.600000381469727
2021-09-14 00:00:00-04:00,23.5
2021-09-15 00:00:00-04:00,23.200000762939453
2021-09-16 00:00:00-04:00,22.670000076293945
2021-09-17 00:00:00-04:00,23.899999618530273
2021-09-20 00:00:00-04:00,22.5
2021-09-21 00:00:00-04:00,23.920000076293945
2021-09-22 00:00:00-04:00,23.829999923706055
2021-09-23 00:00:00-04:00,23.100000381469727
2021-09-24 00:00:00-04:00,23.100000381469727
2021-09-27 00:00:00-04:00,23.290000915527344
2021-09-28 00:00:00-04:00,23.209999084472656
2021-09-29 00:00:00-04:00,23.969999313354492
2021-09-30 00:00:00-04:00,24.040000915527344
2021-10-01 00:00:00-04:00,22.760000228881836
2021-10-04 00:00:00-04:00,23.059999465942383
2021-10-05 00:00:00-04:00,23.110000610351562
2021-10-06 00:00:00-04:00,23.829999923706055
2021-10-07 00:00:00-04:00,23.75
2021-10-08 00:00:00-04:00,23.950000762939453
2021-10-11 00:00:00-04:00,23.950000762939453
2021-10-12 00:00:00-04:00,23.81999969482422
2021-10-13 00:00:00-04:00,23.649999618530273
2021-10-14 00:00:00-04:00,24.0
2021-10-15 00:00:00-04:00,24.170000076293945
2021-10-18 00:00:00-04:00,22.030000686645508
2021-10-19 00:00:00-04:00,22.350000381469727
2021-10-20 00:00:00-04:00,22.350000381469727
2021-10-21 00:00:00-04:00,22.350000381469727
2021-10-22 00:00:00-04:00,24.0
2021-10-25 00:00:00-04:00,24.0
2021-10-26 00:00:00-04:00,24.760000228881836
2021-10-27 00:00:00-04:00,25.90999984741211
2021-10-28 00:00:00-04:00,25.739999771118164
2021-10-29 00:00:00-04:00,26.489999771118164
2021-11-01 00:00:00-04:00,26.489999771118164
2021-11-02 00:00:00-04:00,23.690000534057617
2021-11-03 00:00:00-04:00,24.010000228881836
2021-11-04 00:00:00-04:00,24.270000457763672
2021-11-05 00:00:00-04:00,25.739999771118164
2021-11-08 00:00:00-05:00,26.899999618530273
2021-11-09 00:00:00-05:00,24.5
2021-11-10 00:00:00-05:00,23.549999237060547
2021-11-11 00:00:00-05:00,24.0
2021-11-12 00:00:00-05:00,24.0
2021-11-15 00:00:00-05:00,23.989999771118164
2021-11-16 00:00:00-05:00,23.459999084472656
2021-11-17 00:00:00-05:00,24.0
2021-11-18 00:00:00-05:00,23.15999984741211
2021-11-19 00:00:00-05:00,23.899999618530273
2021-11-22 00:00:00-05:00,23.899999618530273
2021-11-23 00:00:00-05:00,23.899999618530273
2021-11-24 00:00:00-05:00,23.100000381469727
2021-11-26 00:00:00-05:00,23.5
2021-11-29 00:00:00-05:00,23.489999771118164
2021-11-30 00:00:00-05:00,22.799999237060547
2021-12-01 00:00:00-05:00,24.280000686645508
2021-12-02 00:00:00-05:00,21.760000228881836
2021-12-03 00:00:00-05:00,22.389999389648438
2021-12-06 00:00:00-05:00,23.31999969482422
2021-12-07 00:00:00-05:00,23.709999084472656
2021-12-08 00:00:00-05:00,23.549999237060547
2021-12-09 00:00:00-05:00,23.31999969482422
2021-12-10 00:00:00-05:00,23.15999984741211
2021-12-13 00:00:00-05:00,24.209999084472656
2021-12-14 00:00:00-05:00,23.989999771118164
2021-12-15 00:00:00-05:00,23.75
2021-12-16 00:00:00-05:00,24.010000228881836
2021-12-17 00:00:00-05:00,23.399999618530273
2021-12-20 00:00:00-05:00,23.5
2021-12-21 00:00:00-05:00,24.5
2021-12-22 00:00:00-05:00,24.290000915527344
2021-12-23 00:00:00-05:00,27.100000381469727
2021-12-27 00:00:00-05:00,30.479999542236328
2021-12-28 00:00:00-05:00,28.0
2021-12-29 00:00:00-05:00,27.56999969482422
2021-12-30 00:00:00-05:00,26.969999313354492
2021-12-31 00:00:00-05:00,26.229999542236328
2022-01-03 00:00:00-05:00,26.100000381469727
2022-01-04 00:00:00-05:00,27.809999465942383
2022-01-05 00:00:00-05:00,26.0
2022-01-06 00:00:00-05:00,22.969999313354492
2022-01-07 00:00:00-05:00,23.8799991607666
2022-01-10 00:00:00-05:00,24.5
2022-01-11 00:00:00-05:00,24.5
2022-01-12 00:00:00-05:00,25.010000228881836
2022-01-13 00:00:00-05:00,26.299999237060547
2022-01-14 00:00:00-05:00,26.510000228881836
2022-01-18 00:00:00-05:00,25.989999771118164
2022-01-19 00:00:00-05:00,27.0
2022-01-20 00:00:00-05:00,25.510000228881836
2022-01-21 00:00:00-05:00,26.700000762939453
2022-01-24 00:00:00-05:00,26.200000762939453
2022-01-25 00:00:00-05:00,26.100000381469727
2022-01-26 00:00:00-05:00,25.90999984741211
2022-01-27 00:00:00-05:00,25.799999237060547
2022-01-28 00:00:00-05:00,25.299999237060547
2022-01-31 00:00:00-05:00,26.450000762939453
2022-02-01 00:00:00-05:00,26.0
2022-02-02 00:00:00-05:00,25.0
2022-02-03 00:00:00-05:00,25.18000030517578
2022-02-04 00:00:00-05:00,24.75
2022-02-07 00:00:00-05:00,25.010000228881836
2022-02-08 00:00:00-05:00,25.700000762939453
2022-02-09 00:00:00-05:00,26.469999313354492
2022-02-10 00:00:00-05:00,25.670000076293945
2022-02-11 00:00:00-05:00,25.56999969482422
2022-02-14 00:00:00-05:00,26.0
2022-02-15 00:00:00-05:00,26.5
2022-02-16 00:00:00-05:00,28.75
2022-02-17 00:00:00-05:00,26.950000762939453
2022-02-18 00:00:00-05:00,28.399999618530273
2022-02-22 00:00:00-05:00,27.850000381469727
2022-02-23 00:00:00-05:00,29.75
2022-02-24 00:00:00-05:00,30.399999618530273
2022-02-25 00:00:00-05:00,28.6299991607666
2022-02-28 00:00:00-05:00,28.600000381469727
2022-03-01 00:00:00-05:00,28.549999237060547
2022-03-02 00:00:00-05:00,28.5
2022-03-03 00:00:00-05:00,28.450000762939453
2022-03-04 00:00:00-05:00,30.389999389648438
2022-03-07 00:00:00-05:00,29.899999618530273
2022-03-08 00:00:00-05:00,30.0
2022-03-09 00:00:00-05:00,30.90999984741211
2022-03-10 00:00:00-05:00,30.0
2022-03-11 00:00:00-05:00,29.0
2022-03-14 00:00:00-04:00,28.5
2022-03-15 00:00:00-04:00,27.6200008392334
2022-03-16 00:00:00-04:00,28.0
2022-03-17 00:00:00-04:00,27.5
2022-03-18 00:00:00-04:00,27.549999237060547
2022-03-21 00:00:00-04:00,29.010000228881836
2022-03-22 00:00:00-04:00,28.760000228881836
2022-03-23 00:00:00-04:00,28.75
2022-03-24 00:00:00-04:00,28.5
2022-03-25 00:00:00-04:00,29.270000457763672
2022-03-28 00:00:00-04:00,30.389999389648438
2022-03-29 00:00:00-04:00,30.0
2022-03-30 00:00:00-04:00,29.75
2022-03-31 00:00:00-04:00,29.0
2022-04-01 00:00:00-04:00,28.899999618530273
2022-04-04 00:00:00-04:00,29.3700008392334
2022-04-05 00:00:00-04:00,30.049999237060547
2022-04-06 00:00:00-04:00,30.0
2022-04-07 00:00:00-04:00,32.599998474121094
2022-04-08 00:00:00-04:00,36.25
2022-04-11 00:00:00-04:00,33.9900016784668
2022-04-12 00:00:00-04:00,33.70000076293945
2022-04-13 00:00:00-04:00,34.470001220703125
2022-04-14 00:00:00-04:00,31.0
2022-04-18 00:00:00-04:00,31.280000686645508
2022-04-19 00:00:00-04:00,32.0
2022-04-20 00:00:00-04:00,30.770000457763672
2022-04-21 00:00:00-04:00,31.0
2022-04-22 00:00:00-04:00,31.0
2022-04-25 00:00:00-04:00,29.360000610351562
2022-04-26 00:00:00-04:00,29.399999618530273
2022-04-27 00:00:00-04:00,29.190000534057617
2022-04-28 00:00:00-04:00,28.280000686645508
2022-04-29 00:00:00-04:00,26.780000686645508
2022-05-02 00:00:00-04:00,27.989999771118164
2022-05-03 00:00:00-04:00,26.06999969482422
2022-05-04 00:00:00-04:00,28.520000457763672
2022-05-05 00:00:00-04:00,29.739999771118164
2022-05-06 00:00:00-04:00,29.950000762939453
2022-05-09 00:00:00-04:00,28.5
2022-05-10 00:00:00-04:00,30.0
2022-05-11 00:00:00-04:00,28.1200008392334
2022-05-12 00:00:00-04:00,27.799999237060547
2022-05-13 00:00:00-04:00,28.799999237060547
2022-05-16 00:00:00-04:00,31.0
2022-05-17 00:00:00-04:00,29.43000030517578
2022-05-18 00:00:00-04:00,29.530000686645508
2022-05-19 00:00:00-04:00,29.75
2022-05-20 00:00:00-04:00,27.0
2022-05-23 00:00:00-04:00,28.770000457763672
2022-05-24 00:00:00-04:00,28.5
2022-05-25 00:00:00-04:00,29.200000762939453
2022-05-26 00:00:00-04:00,30.0
2022-05-27 00:00:00-04:00,29.389999389648438
2022-05-31 00:00:00-04:00,29.719999313354492
2022-06-01 00:00:00-04:00,29.719999313354492
2022-06-02 00:00:00-04:00,29.719999313354492
2022-06-03 00:00:00-04:00,30.0
2022-06-06 00:00:00-04:00,30.010000228881836
2022-06-07 00:00:00-04:00,31.0
2022-06-08 00:00:00-04:00,32.5
2022-06-09 00:00:00-04:00,35.08000183105469
2022-06-10 00:00:00-04:00,33.0099983215332
2022-06-13 00:00:00-04:00,32.0099983215332
2022-06-14 00:00:00-04:00,33.66999816894531
2022-06-15 00:00:00-04:00,29.75
2022-06-16 00:00:00-04:00,29.860000610351562
2022-06-17 00:00:00-04:00,27.809999465942383
2022-06-21 00:00:00-04:00,29.649999618530273
2022-06-22 00:00:00-04:00,29.5
2022-06-23 00:00:00-04:00,29.510000228881836
2022-06-24 00:00:00-04:00,31.0
2022-06-27 00:00:00-04:00,31.149999618530273
2022-06-28 00:00:00-04:00,29.030000686645508
2022-06-29 00:00:00-04:00,29.850000381469727
2022-06-30 00:00:00-04:00,29.75
2022-07-01 00:00:00-04:00,30.549999237060547
2022-07-05 00:00:00-04:00,30.18000030517578
2022-07-06 00:00:00-04:00,29.709999084472656
2022-07-07 00:00:00-04:00,28.969999313354492
2022-07-08 00:00:00-04:00,30.25
2022-07-11 00:00:00-04:00,30.489999771118164
2022-07-12 00:00:00-04:00,29.5
2022-07-13 00:00:00-04:00,29.0
2022-07-14 00:00:00-04:00,29.639999389648438
2022-07-15 00:00:00-04:00,30.020000457763672
2022-07-18 00:00:00-04:00,30.299999237060547
2022-07-19 00:00:00-04:00,30.469999313354492
2022-07-20 00:00:00-04:00,29.950000762939453
2022-07-21 00:00:00-04:00,30.049999237060547
2022-07-22 00:00:00-04:00,29.65999984741211
2022-07-25 00:00:00-04:00,30.059999465942383
2022-07-26 00:00:00-04:00,30.149999618530273
2022-07-27 00:00:00-04:00,30.149999618530273
2022-07-28 00:00:00-04:00,30.100000381469727
2022-07-29 00:00:00-04:00,30.100000381469727
2022-08-01 00:00:00-04:00,30.100000381469727
2022-08-02 00:00:00-04:00,30.40999984741211
2022-08-03 00:00:00-04:00,30.40999984741211
2022-08-04 00:00:00-04:00,30.40999984741211
2022-08-05 00:00:00-04:00,29.079999923706055
2022-08-08 00:00:00-04:00,29.459999084472656
2022-08-09 00:00:00-04:00,28.200000762939453
2022-08-10 00:00:00-04:00,29.0
2022-08-11 00:00:00-04:00,29.5
2022-08-12 00:00:00-04:00,30.5
2022-08-15 00:00:00-04:00,29.649999618530273
2022-08-16 00:00:00-04:00,29.790000915527344
2022-08-17 00:00:00-04:00,29.850000381469727
2022-08-18 00:00:00-04:00,29.8700008392334
2022-08-19 00:00:00-04:00,29.15999984741211
2022-08-22 00:00:00-04:00,29.200000762939453
2022-08-23 00:00:00-04:00,29.450000762939453
2022-08-24 00:00:00-04:00,28.860000610351562
2022-08-25 00:00:00-04:00,28.860000610351562
2022-08-26 00:00:00-04:00,30.0
2022-08-29 00:00:00-04:00,29.649999618530273
2022-08-30 00:00:00-04:00,29.690000534057617
2022-08-31 00:00:00-04:00,29.59000015258789
2022-09-01 00:00:00-04:00,29.1200008392334
2022-09-02 00:00:00-04:00,28.5
2022-09-06 00:00:00-04:00,28.350000381469727
2022-09-07 00:00:00-04:00,28.700000762939453
2022-09-08 00:00:00-04:00,31.15999984741211
2022-09-09 00:00:00-04:00,28.479999542236328
2022-09-12 00:00:00-04:00,29.780000686645508
2022-09-13 00:00:00-04:00,31.75
2022-09-14 00:00:00-04:00,32.29999923706055
2022-09-15 00:00:00-04:00,30.799999237060547
2022-09-16 00:00:00-04:00,32.29999923706055
2022-09-19 00:00:00-04:00,30.780000686645508
2022-09-20 00:00:00-04:00,30.5
2022-09-21 00:00:00-04:00,30.010000228881836
2022-09-22 00:00:00-04:00,30.0
2022-09-23 00:00:00-04:00,29.25
2022-09-26 00:00:00-04:00,29.489999771118164
2022-09-27 00:00:00-04:00,29.5
2022-09-28 00:00:00-04:00,29.0
2022-09-29 00:00:00-04:00,29.450000762939453
2022-09-30 00:00:00-04:00,29.450000762939453
2022-10-03 00:00:00-04:00,29.450000762939453
2022-10-04 00:00:00-04:00,29.450000762939453
2022-10-05 00:00:00-04:00,29.450000762939453
2022-10-06 00:00:00-04:00,29.450000762939453
2022-10-07 00:00:00-04:00,29.450000762939453
2022-10-10 00:00:00-04:00,29.459999084472656
2022-10-11 00:00:00-04:00,29.600000381469727
2022-10-12 00:00:00-04:00,32.0
2022-10-13 00:00:00-04:00,31.290000915527344
2022-10-14 00:00:00-04:00,30.579999923706055
2022-10-17 00:00:00-04:00,30.850000381469727
2022-10-18 00:00:00-04:00,31.709999084472656
2022-10-19 00:00:00-04:00,31.719999313354492
2022-10-20 00:00:00-04:00,30.360000610351562
2022-10-21 00:00:00-04:00,31.219999313354492
2022-10-24 00:00:00-04:00,30.360000610351562
2022-10-25 00:00:00-04:00,31.399999618530273
2022-10-26 00:00:00-04:00,31.399999618530273
2022-10-27 00:00:00-04:00,30.110000610351562
2022-10-28 00:00:00-04:00,30.110000610351562
2022-10-31 00:00:00-04:00,30.110000610351562
2022-11-01 00:00:00-04:00,29.209999084472656
2022-11-02 00:00:00-04:00,29.0
2022-11-03 00:00:00-04:00,26.209999084472656
2022-11-04 00:00:00-04:00,27.09000015258789
2022-11-07 00:00:00-05:00,31.719999313354492
2022-11-08 00:00:00-05:00,30.010000228881836
2022-11-09 00:00:00-05:00,29.780000686645508
2022-11-10 00:00:00-05:00,30.75
2022-11-11 00:00:00-05:00,30.0
2022-11-14 00:00:00-05:00,30.0
2022-11-15 00:00:00-05:00,30.1299991607666
2022-11-16 00:00:00-05:00,31.5
2022-11-17 00:00:00-05:00,32.0
2022-11-18 00:00:00-05:00,31.59000015258789
2022-11-21 00:00:00-05:00,31.610000610351562
2022-11-22 00:00:00-05:00,31.309999465942383
2022-11-23 00:00:00-05:00,30.649999618530273
2022-11-25 00:00:00-05:00,31.389999389648438
2022-11-28 00:00:00-05:00,31.260000228881836
2022-11-29 00:00:00-05:00,31.260000228881836
2022-11-30 00:00:00-05:00,31.260000228881836
2022-12-01 00:00:00-05:00,31.260000228881836
2022-12-02 00:00:00-05:00,31.260000228881836
2022-12-05 00:00:00-05:00,31.010000228881836
2022-12-06 00:00:00-05:00,31.010000228881836
2022-12-07 00:00:00-05:00,31.010000228881836
2022-12-08 00:00:00-05:00,31.010000228881836
2022-12-09 00:00:00-05:00,31.010000228881836
2022-12-12 00:00:00-05:00,31.010000228881836
2022-12-13 00:00:00-05:00,31.010000228881836
2022-12-14 00:00:00-05:00,30.0
2022-12-15 00:00:00-05:00,32.5099983215332
2022-12-16 00:00:00-05:00,32.630001068115234
2022-12-19 00:00:00-05:00,30.34000015258789
2022-12-20 00:00:00-05:00,31.15999984741211
2022-12-21 00:00:00-05:00,34.15999984741211
2022-12-22 00:00:00-05:00,30.739999771118164
2022-12-23 00:00:00-05:00,30.739999771118164
2022-12-27 00:00:00-05:00,30.739999771118164
2022-12-28 00:00:00-05:00,30.739999771118164
2022-12-29 00:00:00-05:00,33.70000076293945
2022-12-30 00:00:00-05:00,33.79999923706055
2023-01-03 00:00:00-05:00,34.9900016784668
2023-01-04 00:00:00-05:00,36.959999084472656
2023-01-05 00:00:00-05:00,36.959999084472656
2023-01-06 00:00:00-05:00,36.959999084472656
2023-01-09 00:00:00-05:00,34.189998626708984
2023-01-10 00:00:00-05:00,33.81999969482422
2023-01-11 00:00:00-05:00,32.33000183105469
2023-01-12 00:00:00-05:00,32.33000183105469
2023-01-13 00:00:00-05:00,33.689998626708984
2023-01-17 00:00:00-05:00,32.11000061035156
2023-01-18 00:00:00-05:00,32.41999816894531
2023-01-19 00:00:00-05:00,32.41999816894531
2023-01-20 00:00:00-05:00,35.33000183105469
2023-01-23 00:00:00-05:00,32.33000183105469
2023-01-24 00:00:00-05:00,32.630001068115234
2023-01-25 00:00:00-05:00,32.630001068115234
2023-01-26 00:00:00-05:00,33.5
2023-01-27 00:00:00-05:00,31.75
2023-01-30 00:00:00-05:00,31.75
2023-01-31 00:00:00-05:00,33.22999954223633
2023-02-01 00:00:00-05:00,33.22999954223633
2023-02-02 00:00:00-05:00,33.79999923706055
2023-02-03 00:00:00-05:00,33.099998474121094
2023-02-06 00:00:00-05:00,33.099998474121094
2023-02-07 00:00:00-05:00,33.099998474121094
2023-02-08 00:00:00-05:00,33.099998474121094
2023-02-09 00:00:00-05:00,33.099998474121094
2023-02-10 00:00:00-05:00,35.91999816894531
2023-02-13 00:00:00-05:00,36.95000076293945
2023-02-14 00:00:00-05:00,36.0
2023-02-15 00:00:00-05:00,36.0
2023-02-16 00:00:00-05:00,36.0
2023-02-17 00:00:00-05:00,36.0
2023-02-21 00:00:00-05:00,36.0
2023-02-22 00:00:00-05:00,36.0
2023-02-23 00:00:00-05:00,34.43000030517578
2023-02-24 00:00:00-05:00,34.529998779296875
2023-02-27 00:00:00-05:00,34.529998779296875
2023-02-28 00:00:00-05:00,35.95000076293945
2023-03-01 00:00:00-05:00,34.04999923706055
2023-03-02 00:00:00-05:00,34.04999923706055
2023-03-03 00:00:00-05:00,34.060001373291016
2023-03-06 00:00:00-05:00,35.720001220703125
2023-03-07 00:00:00-05:00,35.720001220703125
2023-03-08 00:00:00-05:00,35.72999954223633
2023-03-09 00:00:00-05:00,35.72999954223633
2023-03-10 00:00:00-05:00,35.72999954223633
2023-03-13 00:00:00-04:00,34.2400016784668
2023-03-14 00:00:00-04:00,34.2400016784668
2023-03-15 00:00:00-04:00,34.2400016784668
2023-03-16 00:00:00-04:00,34.2400016784668
2023-03-17 00:00:00-04:00,34.2400016784668
2023-03-20 00:00:00-04:00,34.2400016784668
2023-03-21 00:00:00-04:00,34.810001373291016
2023-03-22 00:00:00-04:00,34.810001373291016
2023-03-23 00:00:00-04:00,34.810001373291016
2023-03-24 00:00:00-04:00,34.810001373291016
2023-03-27 00:00:00-04:00,34.810001373291016
2023-03-28 00:00:00-04:00,34.810001373291016
2023-03-29 00:00:00-04:00,34.810001373291016
2023-03-30 00:00:00-04:00,34.810001373291016
2023-03-31 00:00:00-04:00,34.810001373291016
2023-04-03 00:00:00-04:00,34.810001373291016
2023-04-04 00:00:00-04:00,35.959999084472656
2023-04-05 00:00:00-04:00,33.5099983215332
2023-04-06 00:00:00-04:00,33.5099983215332
2023-04-10 00:00:00-04:00,36.5099983215332
2023-04-11 00:00:00-04:00,35.54999923706055
2023-04-12 00:00:00-04:00,35.220001220703125
2023-04-13 00:00:00-04:00,38.220001220703125
2023-04-14 00:00:00-04:00,36.2400016784668
2023-04-17 00:00:00-04:00,36.2400016784668
2023-04-18 00:00:00-04:00,36.27000045776367
2023-04-19 00:00:00-04:00,35.0099983215332
2023-04-20 00:00:00-04:00,34.72999954223633
2023-04-21 00:00:00-04:00,34.72999954223633
2023-04-24 00:00:00-04:00,34.72999954223633
2023-04-25 00:00:00-04:00,34.72999954223633
2023-04-26 00:00:00-04:00,34.72999954223633
2023-04-27 00:00:00-04:00,32.38999938964844
2023-04-28 00:00:00-04:00,32.38999938964844
2023-05-01 00:00:00-04:00,33.849998474121094
2023-05-02 00:00:00-04:00,37.119998931884766
2023-05-03 00:00:00-04:00,35.77000045776367
2023-05-04 00:00:00-04:00,32.189998626708984
2023-05-05 00:00:00-04:00,32.189998626708984
2023-05-08 00:00:00-04:00,32.0
2023-05-09 00:00:00-04:00,33.0
2023-05-10 00:00:00-04:00,31.760000228881836
2023-05-11 00:00:00-04:00,31.760000228881836
2023-05-12 00:00:00-04:00,31.760000228881836
2023-05-15 00:00:00-04:00,31.520000457763672
2023-05-16 00:00:00-04:00,31.729999542236328
2023-05-17 00:00:00-04:00,31.290000915527344
2023-05-18 00:00:00-04:00,31.290000915527344
2023-05-19 00:00:00-04:00,32.04999923706055
2023-05-22 00:00:00-04:00,31.760000228881836
2023-05-23 00:00:00-04:00,31.600000381469727
2023-05-24 00:00:00-04:00,31.850000381469727
2023-05-25 00:00:00-04:00,31.040000915527344
2023-05-26 00:00:00-04:00,32.5
2023-05-30 00:00:00-04:00,33.0
2023-05-31 00:00:00-04:00,32.0
2023-06-01 00:00:00-04:00,32.93000030517578
2023-06-02 00:00:00-04:00,33.209999084472656
2023-06-05 00:00:00-04:00,33.0
2023-06-06 00:00:00-04:00,34.72999954223633
2023-06-07 00:00:00-04:00,33.61000061035156
2023-06-08 00:00:00-04:00,33.119998931884766
2023-06-09 00:00:00-04:00,30.200000762939453
2023-06-12 00:00:00-04:00,33.20000076293945
2023-06-13 00:00:00-04:00,32.5099983215332
2023-06-14 00:00:00-04:00,32.52000045776367
2023-06-15 00:00:00-04:00,31.049999237060547
2023-06-16 00:00:00-04:00,31.049999237060547
2023-06-20 00:00:00-04:00,33.0
2023-06-21 00:00:00-04:00,33.650001525878906
2023-06-22 00:00:00-04:00,32.65999984741211
2023-06-23 00:00:00-04:00,33.0
2023-06-26 00:00:00-04:00,32.630001068115234
2023-06-27 00:00:00-04:00,33.380001068115234
2023-06-28 00:00:00-04:00,33.34000015258789
2023-06-29 00:00:00-04:00,35.0
2023-06-30 00:00:00-04:00,35.0
2023-07-03 00:00:00-04:00,35.0
2023-07-05 00:00:00-04:00,35.0
2023-07-06 00:00:00-04:00,35.0
2023-07-07 00:00:00-04:00,33.2400016784668
2023-07-10 00:00:00-04:00,34.65999984741211
2023-07-11 00:00:00-04:00,35.0
2023-07-12 00:00:00-04:00,34.95000076293945
2023-07-13 00:00:00-04:00,34.970001220703125
2023-07-14 00:00:00-04:00,34.970001220703125
2023-07-17 00:00:00-04:00,34.970001220703125
2023-07-18 00:00:00-04:00,34.970001220703125
2023-07-19 00:00:00-04:00,34.970001220703125
2023-07-20 00:00:00-04:00,35.0
2023-07-21 00:00:00-04:00,35.0
2023-07-24 00:00:00-04:00,35.0
2023-07-25 00:00:00-04:00,34.95000076293945
2023-07-26 00:00:00-04:00,34.95000076293945
2023-07-27 00:00:00-04:00,34.08000183105469
2023-07-28 00:00:00-04:00,34.08000183105469
2023-07-31 00:00:00-04:00,34.08000183105469
2023-08-01 00:00:00-04:00,31.520000457763672
2023-08-02 00:00:00-04:00,31.520000457763672
2023-08-03 00:00:00-04:00,31.520000457763672
2023-08-04 00:00:00-04:00,31.520000457763672
2023-08-07 00:00:00-04:00,31.520000457763672
2023-08-08 00:00:00-04:00,31.520000457763672
2023-08-09 00:00:00-04:00,37.0
2023-08-10 00:00:00-04:00,37.0
2023-08-11 00:00:00-04:00,37.0
2023-08-14 00:00:00-04:00,37.0
2023-08-15 00:00:00-04:00,37.0
2023-08-16 00:00:00-04:00,35.5
2023-08-17 00:00:00-04:00,35.5
2023-08-18 00:00:00-04:00,35.5
2023-08-21 00:00:00-04:00,34.0099983215332
2023-08-22 00:00:00-04:00,34.08000183105469
2023-08-23 00:00:00-04:00,35.119998931884766
2023-08-24 00:00:00-04:00,35.119998931884766
2023-08-25 00:00:00-04:00,35.7599983215332
2023-08-28 00:00:00-04:00,35.7599983215332
2023-08-29 00:00:00-04:00,35.7599983215332
2023-08-30 00:00:00-04:00,35.7599983215332
2023-08-31 00:00:00-04:00,35.7599983215332
2023-09-01 00:00:00-04:00,35.7599983215332
2023-09-05 00:00:00-04:00,35.7599983215332
2023-09-06 00:00:00-04:00,35.7599983215332
2023-09-07 00:00:00-04:00,35.7599983215332
2023-09-08 00:00:00-04:00,35.7599983215332
2023-09-11 00:00:00-04:00,35.7599983215332
2023-09-12 00:00:00-04:00,35.7599983215332
2023-09-13 00:00:00-04:00,32.779998779296875
2023-09-14 00:00:00-04:00,32.779998779296875
2023-09-15 00:00:00-04:00,32.779998779296875
2023-09-18 00:00:00-04:00,33.0
2023-09-19 00:00:00-04:00,33.65999984741211
2023-09-20 00:00:00-04:00,33.65999984741211
2023-09-21 00:00:00-04:00,33.65999984741211
2023-09-22 00:00:00-04:00,33.65999984741211
2023-09-25 00:00:00-04:00,34.91999816894531
2023-09-26 00:00:00-04:00,32.790000915527344
2023-09-27 00:00:00-04:00,34.5
2023-09-28 00:00:00-04:00,34.5
2023-09-29 00:00:00-04:00,32.25
2023-10-02 00:00:00-04:00,32.25
2023-10-03 00:00:00-04:00,32.25
2023-10-04 00:00:00-04:00,32.25
2023-10-05 00:00:00-04:00,32.25
2023-10-06 00:00:00-04:00,32.29999923706055
2023-10-09 00:00:00-04:00,32.29999923706055
2023-10-10 00:00:00-04:00,32.29999923706055
2023-10-11 00:00:00-04:00,32.29999923706055
2023-10-12 00:00:00-04:00,33.5
2023-10-13 00:00:00-04:00,31.100000381469727
2023-10-16 00:00:00-04:00,31.100000381469727
2023-10-17 00:00:00-04:00,31.100000381469727
2023-10-18 00:00:00-04:00,33.72999954223633
2023-10-19 00:00:00-04:00,31.0
2023-10-20 00:00:00-04:00,32.95000076293945
2023-10-23 00:00:00-04:00,31.0
2023-10-24 00:00:00-04:00,31.0
2023-10-25 00:00:00-04:00,31.0
2023-10-26 00:00:00-04:00,31.0
2023-10-27 00:00:00-04:00,30.760000228881836
2023-10-30 00:00:00-04:00,30.760000228881836
2023-10-31 00:00:00-04:00,30.760000228881836
2023-11-01 00:00:00-04:00,28.399999618530273
2023-11-02 00:00:00-04:00,28.399999618530273
2023-11-03 00:00:00-04:00,29.579999923706055
2023-11-06 00:00:00-05:00,33.380001068115234
2023-11-07 00:00:00-05:00,33.9900016784668
2023-11-08 00:00:00-05:00,32.400001525878906
2023-11-09 00:00:00-05:00,32.400001525878906
2023-11-10 00:00:00-05:00,32.400001525878906
2023-11-13 00:00:00-05:00,32.400001525878906
2023-11-14 00:00:00-05:00,34.25
2023-11-15 00:00:00-05:00,33.439998626708984
2023-11-16 00:00:00-05:00,34.290000915527344
2023-11-17 00:00:00-05:00,34.290000915527344
2023-11-20 00:00:00-05:00,33.400001525878906
2023-11-21 00:00:00-05:00,31.18000030517578
2023-11-22 00:00:00-05:00,29.18000030517578
2023-11-24 00:00:00-05:00,30.760000228881836
2023-11-27 00:00:00-05:00,30.760000228881836
2023-11-28 00:00:00-05:00,29.1299991607666
2023-11-29 00:00:00-05:00,30.149999618530273
2023-11-30 00:00:00-05:00,29.940000534057617
2023-12-01 00:00:00-05:00,30.780000686645508
2023-12-04 00:00:00-05:00,31.75
2023-12-05 00:00:00-05:00,30.399999618530273
2023-12-06 00:00:00-05:00,29.75
2023-12-07 00:00:00-05:00,29.75
2023-12-08 00:00:00-05:00,29.75
2023-12-11 00:00:00-05:00,30.18000030517578
2023-12-12 00:00:00-05:00,30.18000030517578
2023-12-13 00:00:00-05:00,30.18000030517578
2023-12-14 00:00:00-05:00,31.5
2023-12-15 00:00:00-05:00,31.799999237060547
2023-12-18 00:00:00-05:00,31.799999237060547
2023-12-19 00:00:00-05:00,31.799999237060547
2023-12-20 00:00:00-05:00,31.799999237060547
2023-12-21 00:00:00-05:00,31.799999237060547
2023-12-22 00:00:00-05:00,31.799999237060547
2023-12-26 00:00:00-05:00,31.799999237060547
2023-12-27 00:00:00-05:00,34.0
2023-12-28 00:00:00-05:00,31.329999923706055
2023-12-29 00:00:00-05:00,31.299999237060547
2024-01-02 00:00:00-05:00,31.149999618530273
2024-01-03 00:00:00-05:00,31.149999618530273
2024-01-04 00:00:00-05:00,31.149999618530273
2024-01-05 00:00:00-05:00,31.149999618530273
2024-01-08 00:00:00-05:00,31.399999618530273
2024-01-09 00:00:00-05:00,31.399999618530273
2024-01-10 00:00:00-05:00,31.399999618530273
2024-01-11 00:00:00-05:00,31.399999618530273
2024-01-12 00:00:00-05:00,31.399999618530273
2024-01-16 00:00:00-05:00,31.399999618530273
2024-01-17 00:00:00-05:00,31.399999618530273
2024-01-18 00:00:00-05:00,31.399999618530273
2024-01-19 00:00:00-05:00,30.25
2024-01-22 00:00:00-05:00,30.25
2024-01-23 00:00:00-05:00,30.25
2024-01-24 00:00:00-05:00,30.899999618530273
2024-01-25 00:00:00-05:00,30.5
2024-01-26 00:00:00-05:00,30.5
2024-01-29 00:00:00-05:00,30.5
2024-01-30 00:00:00-05:00,30.5
2024-01-31 00:00:00-05:00,30.729999542236328
2024-02-01 00:00:00-05:00,30.780000686645508
2024-02-02 00:00:00-05:00,31.09000015258789
2024-02-05 00:00:00-05:00,31.09000015258789
2024-02-06 00:00:00-05:00,31.09000015258789
2024-02-07 00:00:00-05:00,31.09000015258789
2024-02-08 00:00:00-05:00,31.09000015258789
2024-02-09 00:00:00-05:00,31.09000015258789
2024-02-12 00:00:00-05:00,31.09000015258789
2024-02-13 00:00:00-05:00,30.43000030517578
2024-02-14 00:00:00-05:00,30.43000030517578
2024-02-15 00:00:00-05:00,30.959999084472656
2024-02-16 00:00:00-05:00,31.40999984741211
2024-02-20 00:00:00-05:00,31.40999984741211
2024-02-21 00:00:00-05:00,31.399999618530273
2024-02-22 00:00:00-05:00,32.439998626708984
2024-02-23 00:00:00-05:00,31.020000457763672
2024-02-26 00:00:00-05:00,30.6299991607666
2024-02-27 00:00:00-05:00,30.360000610351562
2024-02-28 00:00:00-05:00,30.360000610351562
2024-02-29 00:00:00-05:00,30.5
2024-03-01 00:00:00-05:00,30.5
2024-03-04 00:00:00-05:00,30.729999542236328
2024-03-05 00:00:00-05:00,30.729999542236328
2024-03-06 00:00:00-05:00,30.729999542236328
2024-03-07 00:00:00-05:00,31.799999237060547
2024-03-08 00:00:00-05:00,31.799999237060547
2024-03-11 00:00:00-04:00,31.799999237060547
2024-03-12 00:00:00-04:00,31.799999237060547
2024-03-13 00:00:00-04:00,31.799999237060547
2024-03-14 00:00:00-04:00,31.899999618530273
2024-03-15 00:00:00-04:00,31.920000076293945
2024-03-18 00:00:00-04:00,32.810001373291016
2024-03-19 00:00:00-04:00,32.810001373291016
2024-03-20 00:00:00-04:00,32.810001373291016
2024-03-21 00:00:00-04:00,32.810001373291016
2024-03-22 00:00:00-04:00,32.810001373291016
2024-03-25 00:00:00-04:00,32.20000076293945
2024-03-26 00:00:00-04:00,32.25
2024-03-27 00:00:00-04:00,32.25
2024-03-28 00:00:00-04:00,32.25
2024-04-01 00:00:00-04:00,32.25
2024-04-02 00:00:00-04:00,32.5
2024-04-03 00:00:00-04:00,32.5
2024-04-04 00:00:00-04:00,32.5
2024-04-05 00:00:00-04:00,32.5
2024-04-08 00:00:00-04:00,32.5
2024-04-09 00:00:00-04:00,32.5
2024-04-10 00:00:00-04:00,32.5
2024-04-11 00:00:00-04:00,31.0
2024-04-12 00:00:00-04:00,33.0
2024-04-15 00:00:00-04:00,33.0
2024-04-16 00:00:00-04:00,33.0
2024-04-17 00:00:00-04:00,33.0
2024-04-18 00:00:00-04:00,31.0
2024-04-19 00:00:00-04:00,31.0
2024-04-22 00:00:00-04:00,31.0
2024-04-23 00:00:00-04:00,31.0
2024-04-24 00:00:00-04:00,31.0
2024-04-25 00:00:00-04:00,31.0
2024-04-26 00:00:00-04:00,31.0
2024-04-29 00:00:00-04:00,31.0
2024-04-30 00:00:00-04:00,31.0
2024-05-01 00:00:00-04:00,31.0
2024-05-02 00:00:00-04:00,31.0
2024-05-03 00:00:00-04:00,31.0
2024-05-06 00:00:00-04:00,31.0
2024-05-07 00:00:00-04:00,31.0
2024-05-08 00:00:00-04:00,31.0
2024-05-09 00:00:00-04:00,31.0
2024-05-10 00:00:00-04:00,31.0
2024-05-13 00:00:00-04:00,31.0
2024-05-14 00:00:00-04:00,31.0
2024-05-15 00:00:00-04:00,31.0
2024-05-16 00:00:00-04:00,32.380001068115234
2024-05-17 00:00:00-04:00,32.400001525878906
2024-05-20 00:00:00-04:00,32.400001525878906
2024-05-21 00:00:00-04:00,32.52000045776367
2024-05-22 00:00:00-04:00,32.61000061035156
2024-05-23 00:00:00-04:00,32.61000061035156
2024-05-24 00:00:00-04:00,32.75
2024-05-28 00:00:00-04:00,32.75
2024-05-29 00:00:00-04:00,32.75
2024-05-30 00:00:00-04:00,32.75
2024-05-31 00:00:00-04:00,31.530000686645508
2024-06-03 00:00:00-04:00,31.530000686645508
2024-06-04 00:00:00-04:00,31.530000686645508
2024-06-05 00:00:00-04:00,31.530000686645508
2024-06-06 00:00:00-04:00,31.530000686645508
2024-06-07 00:00:00-04:00,31.530000686645508
2024-06-10 00:00:00-04:00,31.75
2024-06-11 00:00:00-04:00,30.0
2024-06-12 00:00:00-04:00,31.0
2024-06-13 00:00:00-04:00,30.299999237060547
2024-06-14 00:00:00-04:00,30.0
2024-06-17 00:00:00-04:00,30.0
2024-06-18 00:00:00-04:00,30.969999313354492
2024-06-20 00:00:00-04:00,31.489999771118164
2024-06-21 00:00:00-04:00,31.489999771118164
2024-06-24 00:00:00-04:00,33.0
2024-06-25 00:00:00-04:00,30.899999618530273
2024-06-26 00:00:00-04:00,30.299999237060547
2024-06-27 00:00:00-04:00,30.399999618530273
2024-06-28 00:00:00-04:00,30.399999618530273
2024-07-01 00:00:00-04:00,30.0
2024-07-02 00:00:00-04:00,30.0
2024-07-03 00:00:00-04:00,30.469999313354492
2024-07-05 00:00:00-04:00,30.059999465942383
2024-07-08 00:00:00-04:00,30.0
2024-07-09 00:00:00-04:00,30.0
2024-07-10 00:00:00-04:00,30.0
2024-07-11 00:00:00-04:00,30.0
2024-07-12 00:00:00-04:00,30.0
2024-07-15 00:00:00-04:00,30.0
2024-07-16 00:00:00-04:00,30.100000381469727
2024-07-17 00:00:00-04:00,30.100000381469727
2024-07-18 00:00:00-04:00,30.100000381469727
2024-07-19 00:00:00-04:00,30.100000381469727
2024-07-22 00:00:00-04:00,30.100000381469727
2024-07-23 00:00:00-04:00,29.209999084472656
2024-07-24 00:00:00-04:00,29.209999084472656
2024-07-25 00:00:00-04:00,29.8799991607666
2024-07-26 00:00:00-04:00,28.200000762939453
2024-07-29 00:00:00-04:00,28.959999084472656
2024-07-30 00:00:00-04:00,28.59000015258789
2024-07-31 00:00:00-04:00,29.15999984741211
2024-08-01 00:00:00-04:00,27.510000228881836
2024-08-02 00:00:00-04:00,27.0
2024-08-05 00:00:00-04:00,28.0
2024-08-06 00:00:00-04:00,28.5
2024-08-07 00:00:00-04:00,28.719999313354492
2024-08-08 00:00:00-04:00,28.600000381469727
2024-08-09 00:00:00-04:00,29.25
2024-08-12 00:00:00-04:00,28.5
2024-08-13 00:00:00-04:00,28.799999237060547
2024-08-14 00:00:00-04:00,29.100000381469727
2024-08-15 00:00:00-04:00,28.899999618530273
2024-08-16 00:00:00-04:00,29.6200008392334
2024-08-19 00:00:00-04:00,28.829999923706055
2024-08-20 00:00:00-04:00,28.899999618530273
2024-08-21 00:00:00-04:00,28.899999618530273
2024-08-22 00:00:00-04:00,28.899999618530273
2024-08-23 00:00:00-04:00,28.25
2024-08-26 00:00:00-04:00,28.100000381469727
2024-08-27 00:00:00-04:00,27.8700008392334
2024-08-28 00:00:00-04:00,28.100000381469727
2024-08-29 00:00:00-04:00,27.25
2024-08-30 00:00:00-04:00,27.25
2024-09-03 00:00:00-04:00,27.149999618530273
2024-09-04 00:00:00-04:00,27.690000534057617
2024-09-05 00:00:00-04:00,27.329999923706055
2024-09-06 00:00:00-04:00,27.610000610351562
2024-09-09 00:00:00-04:00,27.65999984741211
2024-09-10 00:00:00-04:00,27.360000610351562
2024-09-11 00:00:00-04:00,27.260000228881836
2024-09-12 00:00:00-04:00,27.709999084472656
2024-09-13 00:00:00-04:00,27.709999084472656
2024-09-16 00:00:00-04:00,27.709999084472656
2024-09-17 00:00:00-04:00,27.709999084472656
2024-09-18 00:00:00-04:00,27.709999084472656
2024-09-19 00:00:00-04:00,28.65999984741211
2024-09-20 00:00:00-04:00,28.549999237060547
2024-09-23 00:00:00-04:00,28.549999237060547
2024-09-24 00:00:00-04:00,28.549999237060547
2024-09-25 00:00:00-04:00,28.399999618530273
2024-09-26 00:00:00-04:00,28.399999618530273
2024-09-27 00:00:00-04:00,27.600000381469727
2024-09-30 00:00:00-04:00,27.670000076293945
2024-10-01 00:00:00-04:00,27.670000076293945
2024-10-02 00:00:00-04:00,27.670000076293945
2024-10-03 00:00:00-04:00,27.670000076293945
2024-10-04 00:00:00-04:00,27.670000076293945
2024-10-07 00:00:00-04:00,27.670000076293945
2024-10-08 00:00:00-04:00,27.670000076293945
2024-10-09 00:00:00-04:00,27.670000076293945
2024-10-10 00:00:00-04:00,27.670000076293945
2024-10-11 00:00:00-04:00,27.670000076293945
2024-10-14 00:00:00-04:00,27.670000076293945
2024-10-15 00:00:00-04:00,28.84000015258789
2024-10-16 00:00:00-04:00,30.0
2024-10-17 00:00:00-04:00,27.270000457763672
2024-10-18 00:00:00-04:00,27.270000457763672
2024-10-21 00:00:00-04:00,27.030000686645508
2024-10-22 00:00:00-04:00,27.100000381469727
2024-10-23 00:00:00-04:00,27.959999084472656
2024-10-24 00:00:00-04:00,27.229999542236328
2024-10-25 00:00:00-04:00,27.770000457763672
2024-10-28 00:00:00-04:00,27.790000915527344
2024-10-29 00:00:00-04:00,27.290000915527344
2024-10-30 00:00:00-04:00,25.030000686645508
2024-10-31 00:00:00-04:00,26.0
2024-11-01 00:00:00-04:00,26.0
2024-11-04 00:00:00-05:00,26.200000762939453
2024-11-05 00:00:00-05:00,26.309999465942383
2024-11-06 00:00:00-05:00,26.81999969482422
2024-11-07 00:00:00-05:00,26.93000030517578
2024-11-08 00:00:00-05:00,27.850000381469727
2024-11-11 00:00:00-05:00,25.18000030517578
2024-11-12 00:00:00-05:00,26.5
2024-11-13 00:00:00-05:00,26.25
2024-11-14 00:00:00-05:00,25.899999618530273
2024-11-15 00:00:00-05:00,27.0
2024-11-18 00:00:00-05:00,27.0
2024-11-19 00:00:00-05:00,25.309999465942383
2024-11-20 00:00:00-05:00,27.450000762939453
2024-11-21 00:00:00-05:00,26.100000381469727
2024-11-22 00:00:00-05:00,25.329999923706055
2024-11-25 00:00:00-05:00,25.770000457763672
2024-11-26 00:00:00-05:00,25.770000457763672
2024-11-27 00:00:00-05:00,25.770000457763672
2024-11-29 00:00:00-05:00,26.889999389648438
2024-12-02 00:00:00-05:00,28.489999771118164
2024-12-03 00:00:00-05:00,26.889999389648438
2024-12-04 00:00:00-05:00,27.25
2024-12-05 00:00:00-05:00,26.90999984741211
2024-12-06 00:00:00-05:00,26.219999313354492
2024-12-09 00:00:00-05:00,26.219999313354492
2024-12-10 00:00:00-05:00,27.559999465942383
2024-12-11 00:00:00-05:00,27.559999465942383
2024-12-12 00:00:00-05:00,30.0
2024-12-13 00:00:00-05:00,27.0
2024-12-16 00:00:00-05:00,26.889999389648438
2024-12-17 00:00:00-05:00,26.889999389648438
2024-12-18 00:00:00-05:00,26.889999389648438
2024-12-19 00:00:00-05:00,26.479999542236328
2024-12-20 00:00:00-05:00,26.520000457763672
2024-12-23 00:00:00-05:00,26.200000762939453
2024-12-24 00:00:00-05:00,26.200000762939453
2024-12-26 00:00:00-05:00,26.43000030517578
2024-12-27 00:00:00-05:00,27.149999618530273
2024-12-30 00:00:00-05:00,27.149999618530273
2024-12-31 00:00:00-05:00,27.149999618530273
2025-01-02 00:00:00-05:00,25.5
2025-01-03 00:00:00-05:00,26.709999084472656
2025-01-06 00:00:00-05:00,25.0
2025-01-07 00:00:00-05:00,27.200000762939453
2025-01-08 00:00:00-05:00,26.209999084472656
2025-01-10 00:00:00-05:00,27.149999618530273
2025-01-13 00:00:00-05:00,26.75
2025-01-14 00:00:00-05:00,25.0
